0.0298874,0.0299177,0.0299471,0.0299755,0.030003,0.0300296,0.0300552,0.0300798,0.0301034,0.0301262,0.0301479,0.0301687,0.0301885,0.0302073,0.0302252,0.0302421,0.0302579,0.0302728,0.0302868,0.0302998,0.0303116,0.0303227,0.0303326,0.0303416,0.0303496,0.0303565,0.0303626,0.0303675,0.0303714,0.0303745,0.0303766,0.0303775,0.0303775,0.0303766,0.0303745,0.0303714,0.0303675,0.0303625,0.0303566,0.0303495,0.0303416,0.0303326,0.0303227,0.0303117,0.0302998,0.0302868,0.0302727,0.0302581,0.030242,0.0302253,0.0302074,0.0301884,0.0301688,0.0301478,0.0301262,0.0301034,0.0300798,0.030055,0.0300298,0.0300028,0.0299757,0.029947,0.0299177,0.0298874,0
0.0298874,0.0299177,0.0299471,0.0299755,0.030003,0.0300296,0.0300552,0.0300798,0.0301034,0.0301262,0.0301479,0.0301687,0.0301885,0.0302073,0.0302252,0.0302421,0.0302579,0.0302728,0.0302868,0.0302998,0.0303116,0.0303227,0.0303326,0.0303416,0.0303496,0.0303565,0.0303626,0.0303675,0.0303714,0.0303745,0.0303766,0.0303775,0.0303775,0.0303766,0.0303745,0.0303714,0.0303675,0.0303625,0.0303566,0.0303495,0.0303416,0.0303326,0.0303227,0.0303117,0.0302998,0.0302868,0.0302727,0.0302581,0.030242,0.0302253,0.0302074,0.0301884,0.0301688,0.0301478,0.0301262,0.0301034,0.0300798,0.030055,0.0300298,0.0300028,0.0299757,0.029947,0.0299177,0.0298874,0
0.0298874,0.0299177,0.0299471,0.0299755,0.030003,0.0300296,0.0300552,0.0300798,0.0301034,0.0301262,0.0301479,0.0301687,0.0301885,0.0302073,0.0302252,0.0302421,0.0302579,0.0302728,0.0302868,0.0302998,0.0303116,0.0303227,0.0303326,0.0303416,0.0303496,0.0303565,0.0303626,0.0303675,0.0303714,0.0303745,0.0303766,0.0303775,0.0303775,0.0303766,0.0303745,0.0303714,0.0303675,0.0303625,0.0303566,0.0303495,0.0303416,0.0303326,0.0303227,0.0303117,0.0302998,0.0302868,0.0302727,0.0302581,0.030242,0.0302253,0.0302074,0.0301884,0.0301688,0.0301478,0.0301262,0.0301034,0.0300798,0.030055,0.0300298,0.0300028,0.0299757,0.029947,0.0299177,0.0298874,0
0.0298874,0.0299177,0.0299471,0.0299755,0.030003,0.0300296,0.0300552,0.0300798,0.0301034,0.0301262,0.0301479,0.0301687,0.0301885,0.0302073,0.0302252,0.0302421,0.0302579,0.0302728,0.0302868,0.0302998,0.0303116,0.0303227,0.0303326,0.0303416,0.0303496,0.0303565,0.0303626,0.0303675,0.0303714,0.0303745,0.0303766,0.0303775,0.0303775,0.0303766,0.0303745,0.0303714,0.0303675,0.0303625,0.0303566,0.0303495,0.0303416,0.0303326,0.0303227,0.0303117,0.0302998,0.0302868,0.0302727,0.0302581,0.030242,0.0302253,0.0302074,0.0301884,0.0301688,0.0301478,0.0301262,0.0301034,0.0300798,0.030055,0.0300298,0.0300028,0.0299757,0.029947,0.0299177,0.0298874,0
0.0298874,0.0299177,0.0299471,0.0299755,0.030003,0.0300296,0.0300552,0.0300798,0.0301034,0.0301262,0.0301479,0.0301687,0.0301885,0.0302073,0.0302252,0.0302421,0.0302579,0.0302728,0.0302868,0.0302998,0.0303116,0.0303227,0.0303326,0.0303416,0.0303496,0.0303565,0.0303626,0.0303675,0.0303714,0.0303745,0.0303766,0.0303775,0.0303775,0.0303766,0.0303745,0.0303714,0.0303675,0.0303625,0.0303566,0.0303495,0.0303416,0.0303326,0.0303227,0.0303117,0.0302998,0.0302868,0.0302727,0.0302581,0.030242,0.0302253,0.0302074,0.0301884,0.0301688,0.0301478,0.0301262,0.0301034,0.0300798,0.030055,0.0300298,0.0300028,0.0299757,0.029947,0.0299177,0.0298874,0
0.0298874,0.0299177,0.0299471,0.0299755,0.030003,0.0300296,0.0300552,0.0300798,0.0301034,0.0301262,0.0301479,0.0301687,0.0301885,0.0302073,0.0302252,0.0302421,0.0302579,0.0302728,0.0302868,0.0302998,0.0303116,0.0303227,0.0303326,0.0303416,0.0303496,0.0303565,0.0303626,0.0303675,0.0303714,0.0303745,0.0303766,0.0303775,0.0303775,0.0303766,0.0303745,0.0303714,0.0303675,0.0303625,0.0303566,0.0303495,0.0303416,0.0303326,0.0303227,0.0303117,0.0302998,0.0302868,0.0302727,0.0302581,0.030242,0.0302253,0.0302074,0.0301884,0.0301688,0.0301478,0.0301262,0.0301034,0.0300798,0.030055,0.0300298,0.0300028,0.0299757,0.029947,0.0299177,0.0298874,0
0.0298874,0.0299177,0.0299471,0.0299755,0.030003,0.0300296,0.0300552,0.0300798,0.0301034,0.0301262,0.0301479,0.0301687,0.0301885,0.0302073,0.0302252,0.0302421,0.0302579,0.0302728,0.0302868,0.0302998,0.0303116,0.0303227,0.0303326,0.0303416,0.0303496,0.0303565,0.0303626,0.0303675,0.0303714,0.0303745,0.0303766,0.0303775,0.0303775,0.0303766,0.0303745,0.0303714,0.0303675,0.0303625,0.0303566,0.0303495,0.0303416,0.0303326,0.0303227,0.0303117,0.0302998,0.0302868,0.0302727,0.0302581,0.030242,0.0302253,0.0302074,0.0301884,0.0301688,0.0301478,0.0301262,0.0301034,0.0300798,0.030055,0.0300298,0.0300028,0.0299757,0.029947,0.0299177,0.0298874,0
0.0298874,0.0299177,0.0299471,0.0299755,0.030003,0.0300296,0.0300552,0.0300798,0.0301034,0.0301262,0.0301479,0.0301687,0.0301885,0.0302073,0.0302252,0.0302421,0.0302579,0.0302728,0.0302868,0.0302998,0.0303116,0.0303227,0.0303326,0.0303416,0.0303496,0.0303565,0.0303626,0.0303675,0.0303714,0.0303745,0.0303766,0.0303775,0.0303775,0.0303766,0.0303745,0.0303714,0.0303675,0.0303625,0.0303566,0.0303495,0.0303416,0.0303326,0.0303227,0.0303117,0.0302998,0.0302868,0.0302727,0.0302581,0.030242,0.0302253,0.0302074,0.0301884,0.0301688,0.0301478,0.0301262,0.0301034,0.0300798,0.030055,0.0300298,0.0300028,0.0299757,0.029947,0.0299177,0.0298874,0
0.0298874,0.0299177,0.0299471,0.0299755,0.030003,0.0300296,0.0300552,0.0300798,0.0301034,0.0301262,0.0301479,0.0301687,0.0301885,0.0302073,0.0302252,0.0302421,0.0302579,0.0302728,0.0302868,0.0302998,0.0303116,0.0303227,0.0303326,0.0303416,0.0303496,0.0303565,0.0303626,0.0303675,0.0303714,0.0303745,0.0303766,0.0303775,0.0303775,0.0303766,0.0303745,0.0303714,0.0303675,0.0303625,0.0303566,0.0303495,0.0303416,0.0303326,0.0303227,0.0303117,0.0302998,0.0302868,0.0302727,0.0302581,0.030242,0.0302253,0.0302074,0.0301884,0.0301688,0.0301478,0.0301262,0.0301034,0.0300798,0.030055,0.0300298,0.0300028,0.0299757,0.029947,0.0299177,0.0298874,0
0.0298874,0.0299177,0.0299471,0.0299755,0.030003,0.0300296,0.0300552,0.0300798,0.0301034,0.0301262,0.0301479,0.0301687,0.0301885,0.0302073,0.0302252,0.0302421,0.0302579,0.0302728,0.0302868,0.0302998,0.0303116,0.0303227,0.0303326,0.0303416,0.0303496,0.0303565,0.0303626,0.0303675,0.0303714,0.0303745,0.0303766,0.0303775,0.0303775,0.0303766,0.0303745,0.0303714,0.0303675,0.0303625,0.0303566,0.0303495,0.0303416,0.0303326,0.0303227,0.0303117,0.0302998,0.0302868,0.0302727,0.0302581,0.030242,0.0302253,0.0302074,0.0301884,0.0301688,0.0301478,0.0301262,0.0301034,0.0300798,0.030055,0.0300298,0.0300028,0.0299757,0.029947,0.0299177,0.0298874,0
0.0298874,0.0299177,0.0299471,0.0299755,0.030003,0.0300296,0.0300552,0.0300798,0.0301034,0.0301262,0.0301479,0.0301687,0.0301885,0.0302073,0.0302252,0.0302421,0.0302579,0.0302728,0.0302868,0.0302998,0.0303116,0.0303227,0.0303326,0.0303416,0.0303496,0.0303565,0.0303626,0.0303675,0.0303714,0.0303745,0.0303766,0.0303775,0.0303775,0.0303766,0.0303745,0.0303714,0.0303675,0.0303625,0.0303566,0.0303495,0.0303416,0.0303326,0.0303227,0.0303117,0.0302998,0.0302868,0.0302727,0.0302581,0.030242,0.0302253,0.0302074,0.0301884,0.0301688,0.0301478,0.0301262,0.0301034,0.0300798,0.030055,0.0300298,0.0300028,0.0299757,0.029947,0.0299177,0.0298874,0
0.0298874,0.0299177,0.0299471,0.0299755,0.030003,0.0300296,0.0300552,0.0300798,0.0301034,0.0301262,0.0301479,0.0301687,0.0301885,0.0302073,0.0302252,0.0302421,0.0302579,0.0302728,0.0302868,0.0302998,0.0303116,0.0303227,0.0303326,0.0303416,0.0303496,0.0303565,0.0303626,0.0303675,0.0303714,0.0303745,0.0303766,0.0303775,0.0303775,0.0303766,0.0303745,0.0303714,0.0303675,0.0303625,0.0303566,0.0303495,0.0303416,0.0303326,0.0303227,0.0303117,0.0302998,0.0302868,0.0302727,0.0302581,0.030242,0.0302253,0.0302074,0.0301884,0.0301688,0.0301478,0.0301262,0.0301034,0.0300798,0.030055,0.0300298,0.0300028,0.0299757,0.029947,0.0299177,0.0298874,0
0.0298874,0.0299177,0.0299471,0.0299755,0.030003,0.0300296,0.0300552,0.0300798,0.0301034,0.0301262,0.0301479,0.0301687,0.0301885,0.0302073,0.0302252,0.0302421,0.0302579,0.0302728,0.0302868,0.0302998,0.0303116,0.0303227,0.0303326,0.0303416,0.0303496,0.0303565,0.0303626,0.0303675,0.0303714,0.0303745,0.0303766,0.0303775,0.0303775,0.0303766,0.0303745,0.0303714,0.0303675,0.0303625,0.0303566,0.0303495,0.0303416,0.0303326,0.0303227,0.0303117,0.0302998,0.0302868,0.0302727,0.0302581,0.030242,0.0302253,0.0302074,0.0301884,0.0301688,0.0301478,0.0301262,0.0301034,0.0300798,0.030055,0.0300298,0.0300028,0.0299757,0.029947,0.0299177,0.0298874,0
0.0298874,0.0299177,0.0299471,0.0299755,0.030003,0.0300296,0.0300552,0.0300798,0.0301034,0.0301262,0.0301479,0.0301687,0.0301885,0.0302073,0.0302252,0.0302421,0.0302579,0.0302728,0.0302868,0.0302998,0.0303116,0.0303227,0.0303326,0.0303416,0.0303496,0.0303565,0.0303626,0.0303675,0.0303714,0.0303745,0.0303766,0.0303775,0.0303775,0.0303766,0.0303745,0.0303714,0.0303675,0.0303625,0.0303566,0.0303495,0.0303416,0.0303326,0.0303227,0.0303117,0.0302998,0.0302868,0.0302727,0.0302581,0.030242,0.0302253,0.0302074,0.0301884,0.0301688,0.0301478,0.0301262,0.0301034,0.0300798,0.030055,0.0300298,0.0300028,0.0299757,0.029947,0.0299177,0.0298874,0
0.0298874,0.0299177,0.0299471,0.0299755,0.030003,0.0300296,0.0300552,0.0300798,0.0301034,0.0301262,0.0301479,0.0301687,0.0301885,0.0302073,0.0302252,0.0302421,0.0302579,0.0302728,0.0302868,0.0302998,0.0303116,0.0303227,0.0303326,0.0303416,0.0303496,0.0303565,0.0303626,0.0303675,0.0303714,0.0303745,0.0303766,0.0303775,0.0303775,0.0303766,0.0303745,0.0303714,0.0303675,0.0303625,0.0303566,0.0303495,0.0303416,0.0303326,0.0303227,0.0303117,0.0302998,0.0302868,0.0302727,0.0302581,0.030242,0.0302253,0.0302074,0.0301884,0.0301688,0.0301478,0.0301262,0.0301034,0.0300798,0.030055,0.0300298,0.0300028,0.0299757,0.029947,0.0299177,0.0298874,0
0.0298874,0.0299177,0.0299471,0.0299755,0.030003,0.0300296,0.0300552,0.0300798,0.0301034,0.0301262,0.0301479,0.0301687,0.0301885,0.0302073,0.0302252,0.0302421,0.0302579,0.0302728,0.0302868,0.0302998,0.0303116,0.0303227,0.0303326,0.0303416,0.0303496,0.0303565,0.0303626,0.0303675,0.0303714,0.0303745,0.0303766,0.0303775,0.0303775,0.0303766,0.0303745,0.0303714,0.0303675,0.0303625,0.0303566,0.0303495,0.0303416,0.0303326,0.0303227,0.0303117,0.0302998,0.0302868,0.0302727,0.0302581,0.030242,0.0302253,0.0302074,0.0301884,0.0301688,0.0301478,0.0301262,0.0301034,0.0300798,0.030055,0.0300298,0.0300028,0.0299757,0.029947,0.0299177,0.0298874,0
0.0298874,0.0299177,0.0299471,0.0299755,0.030003,0.0300296,0.0300552,0.0300798,0.0301034,0.0301262,0.0301479,0.0301687,0.0301885,0.0302073,0.0302252,0.0302421,0.0302579,0.0302728,0.0302868,0.0302998,0.0303116,0.0303227,0.0303326,0.0303416,0.0303496,0.0303565,0.0303626,0.0303675,0.0303714,0.0303745,0.0303766,0.0303775,0.0303775,0.0303766,0.0303745,0.0303714,0.0303675,0.0303625,0.0303566,0.0303495,0.0303416,0.0303326,0.0303227,0.0303117,0.0302998,0.0302868,0.0302727,0.0302581,0.030242,0.0302253,0.0302074,0.0301884,0.0301688,0.0301478,0.0301262,0.0301034,0.0300798,0.030055,0.0300298,0.0300028,0.0299757,0.029947,0.0299177,0.0298874,0
0.0298874,0.0299177,0.0299471,0.0299755,0.030003,0.0300296,0.0300552,0.0300798,0.0301034,0.0301262,0.0301479,0.0301687,0.0301885,0.0302073,0.0302252,0.0302421,0.0302579,0.0302728,0.0302868,0.0302998,0.0303116,0.0303227,0.0303326,0.0303416,0.0303496,0.0303565,0.0303626,0.0303675,0.0303714,0.0303745,0.0303766,0.0303775,0.0303775,0.0303766,0.0303745,0.0303714,0.0303675,0.0303625,0.0303566,0.0303495,0.0303416,0.0303326,0.0303227,0.0303117,0.0302998,0.0302868,0.0302727,0.0302581,0.030242,0.0302253,0.0302074,0.0301884,0.0301688,0.0301478,0.0301262,0.0301034,0.0300798,0.030055,0.0300298,0.0300028,0.0299757,0.029947,0.0299177,0.0298874,0
0.0298874,0.0299177,0.0299471,0.0299755,0.030003,0.0300296,0.0300552,0.0300798,0.0301034,0.0301262,0.0301479,0.0301687,0.0301885,0.0302073,0.0302252,0.0302421,0.0302579,0.0302728,0.0302868,0.0302998,0.0303116,0.0303227,0.0303326,0.0303416,0.0303496,0.0303565,0.0303626,0.0303675,0.0303714,0.0303745,0.0303766,0.0303775,0.0303775,0.0303766,0.0303745,0.0303714,0.0303675,0.0303625,0.0303566,0.0303495,0.0303416,0.0303326,0.0303227,0.0303117,0.0302998,0.0302868,0.0302727,0.0302581,0.030242,0.0302253,0.0302074,0.0301884,0.0301688,0.0301478,0.0301262,0.0301034,0.0300798,0.030055,0.0300298,0.0300028,0.0299757,0.029947,0.0299177,0.0298874,0
0.0298874,0.0299177,0.0299471,0.0299755,0.030003,0.0300296,0.0300552,0.0300798,0.0301034,0.0301262,0.0301479,0.0301687,0.0301885,0.0302073,0.0302252,0.0302421,0.0302579,0.0302728,0.0302868,0.0302998,0.0303116,0.0303227,0.0303326,0.0303416,0.0303496,0.0303565,0.0303626,0.0303675,0.0303714,0.0303745,0.0303766,0.0303775,0.0303775,0.0303766,0.0303745,0.0303714,0.0303675,0.0303625,0.0303566,0.0303495,0.0303416,0.0303326,0.0303227,0.0303117,0.0302998,0.0302868,0.0302727,0.0302581,0.030242,0.0302253,0.0302074,0.0301884,0.0301688,0.0301478,0.0301262,0.0301034,0.0300798,0.030055,0.0300298,0.0300028,0.0299757,0.029947,0.0299177,0.0298874,0
0.0298874,0.0299177,0.0299471,0.0299755,0.030003,0.0300296,0.0300552,0.0300798,0.0301034,0.0301262,0.0301479,0.0301687,0.0301885,0.0302073,0.0302252,0.0302421,0.0302579,0.0302728,0.0302868,0.0302998,0.0303116,0.0303227,0.0303326,0.0303416,0.0303496,0.0303565,0.0303626,0.0303675,0.0303714,0.0303745,0.0303766,0.0303775,0.0303775,0.0303766,0.0303745,0.0303714,0.0303675,0.0303625,0.0303566,0.0303495,0.0303416,0.0303326,0.0303227,0.0303117,0.0302998,0.0302868,0.0302727,0.0302581,0.030242,0.0302253,0.0302074,0.0301884,0.0301688,0.0301478,0.0301262,0.0301034,0.0300798,0.030055,0.0300298,0.0300028,0.0299757,0.029947,0.0299177,0.0298874,0
0.0298874,0.0299177,0.0299471,0.0299755,0.030003,0.0300296,0.0300552,0.0300798,0.0301034,0.0301262,0.0301479,0.0301687,0.0301885,0.0302073,0.0302252,0.0302421,0.0302579,0.0302728,0.0302868,0.0302998,0.0303116,0.0303227,0.0303326,0.0303416,0.0303496,0.0303565,0.0303626,0.0303675,0.0303714,0.0303745,0.0303766,0.0303775,0.0303775,0.0303766,0.0303745,0.0303714,0.0303675,0.0303625,0.0303566,0.0303495,0.0303416,0.0303326,0.0303227,0.0303117,0.0302998,0.0302868,0.0302727,0.0302581,0.030242,0.0302253,0.0302074,0.0301884,0.0301688,0.0301478,0.0301262,0.0301034,0.0300798,0.030055,0.0300298,0.0300028,0.0299757,0.029947,0.0299177,0.0298874,0
0.0298874,0.0299177,0.0299471,0.0299755,0.030003,0.0300296,0.0300552,0.0300798,0.0301034,0.0301262,0.0301479,0.0301687,0.0301885,0.0302073,0.0302252,0.0302421,0.0302579,0.0302728,0.0302868,0.0302998,0.0303116,0.0303227,0.0303326,0.0303416,0.0303496,0.0303565,0.0303626,0.0303675,0.0303714,0.0303745,0.0303766,0.0303775,0.0303775,0.0303766,0.0303745,0.0303714,0.0303675,0.0303625,0.0303566,0.0303495,0.0303416,0.0303326,0.0303227,0.0303117,0.0302998,0.0302868,0.0302727,0.0302581,0.030242,0.0302253,0.0302074,0.0301884,0.0301688,0.0301478,0.0301262,0.0301034,0.0300798,0.030055,0.0300298,0.0300028,0.0299757,0.029947,0.0299177,0.0298874,0
0.0298874,0.0299177,0.0299471,0.0299755,0.030003,0.0300296,0.0300552,0.0300798,0.0301034,0.0301262,0.0301479,0.0301687,0.0301885,0.0302073,0.0302252,0.0302421,0.0302579,0.0302728,0.0302868,0.0302998,0.0303116,0.0303227,0.0303326,0.0303416,0.0303496,0.0303565,0.0303626,0.0303675,0.0303714,0.0303745,0.0303766,0.0303775,0.0303775,0.0303766,0.0303745,0.0303714,0.0303675,0.0303625,0.0303566,0.0303495,0.0303416,0.0303326,0.0303227,0.0303117,0.0302998,0.0302868,0.0302727,0.0302581,0.030242,0.0302253,0.0302074,0.0301884,0.0301688,0.0301478,0.0301262,0.0301034,0.0300798,0.030055,0.0300298,0.0300028,0.0299757,0.029947,0.0299177,0.0298874,0
0.0298874,0.0299177,0.0299471,0.0299755,0.030003,0.0300296,0.0300552,0.0300798,0.0301034,0.0301262,0.0301479,0.0301687,0.0301885,0.0302073,0.0302252,0.0302421,0.0302579,0.0302728,0.0302868,0.0302998,0.0303116,0.0303227,0.0303326,0.0303416,0.0303496,0.0303565,0.0303626,0.0303675,0.0303714,0.0303745,0.0303766,0.0303775,0.0303775,0.0303766,0.0303745,0.0303714,0.0303675,0.0303625,0.0303566,0.0303495,0.0303416,0.0303326,0.0303227,0.0303117,0.0302998,0.0302868,0.0302727,0.0302581,0.030242,0.0302253,0.0302074,0.0301884,0.0301688,0.0301478,0.0301262,0.0301034,0.0300798,0.030055,0.0300298,0.0300028,0.0299757,0.029947,0.0299177,0.0298874,0
0.0298874,0.0299177,0.0299471,0.0299755,0.030003,0.0300296,0.0300552,0.0300798,0.0301034,0.0301262,0.0301479,0.0301687,0.0301885,0.0302073,0.0302252,0.0302421,0.0302579,0.0302728,0.0302868,0.0302998,0.0303116,0.0303227,0.0303326,0.0303416,0.0303496,0.0303565,0.0303626,0.0303675,0.0303714,0.0303745,0.0303766,0.0303775,0.0303775,0.0303766,0.0303745,0.0303714,0.0303675,0.0303625,0.0303566,0.0303495,0.0303416,0.0303326,0.0303227,0.0303117,0.0302998,0.0302868,0.0302727,0.0302581,0.030242,0.0302253,0.0302074,0.0301884,0.0301688,0.0301478,0.0301262,0.0301034,0.0300798,0.030055,0.0300298,0.0300028,0.0299757,0.029947,0.0299177,0.0298874,0
0.0298874,0.0299177,0.0299471,0.0299755,0.030003,0.0300296,0.0300552,0.0300798,0.0301034,0.0301262,0.0301479,0.0301687,0.0301885,0.0302073,0.0302252,0.0302421,0.0302579,0.0302728,0.0302868,0.0302998,0.0303116,0.0303227,0.0303326,0.0303416,0.0303496,0.0303565,0.0303626,0.0303675,0.0303714,0.0303745,0.0303766,0.0303775,0.0303775,0.0303766,0.0303745,0.0303714,0.0303675,0.0303625,0.0303566,0.0303495,0.0303416,0.0303326,0.0303227,0.0303117,0.0302998,0.0302868,0.0302727,0.0302581,0.030242,0.0302253,0.0302074,0.0301884,0.0301688,0.0301478,0.0301262,0.0301034,0.0300798,0.030055,0.0300298,0.0300028,0.0299757,0.029947,0.0299177,0.0298874,0
0.0298874,0.0299177,0.0299471,0.0299755,0.030003,0.0300296,0.0300552,0.0300798,0.0301034,0.0301262,0.0301479,0.0301687,0.0301885,0.0302073,0.0302252,0.0302421,0.0302579,0.0302728,0.0302868,0.0302998,0.0303116,0.0303227,0.0303326,0.0303416,0.0303496,0.0303565,0.0303626,0.0303675,0.0303714,0.0303745,0.0303766,0.0303775,0.0303775,0.0303766,0.0303745,0.0303714,0.0303675,0.0303625,0.0303566,0.0303495,0.0303416,0.0303326,0.0303227,0.0303117,0.0302998,0.0302868,0.0302727,0.0302581,0.030242,0.0302253,0.0302074,0.0301884,0.0301688,0.0301478,0.0301262,0.0301034,0.0300798,0.030055,0.0300298,0.0300028,0.0299757,0.029947,0.0299177,0.0298874,0
0.0298874,0.0299177,0.0299471,0.0299755,0.030003,0.0300296,0.0300552,0.0300798,0.0301034,0.0301262,0.0301479,0.0301687,0.0301885,0.0302073,0.0302252,0.0302421,0.0302579,0.0302728,0.0302868,0.0302998,0.0303116,0.0303227,0.0303326,0.0303416,0.0303496,0.0303565,0.0303626,0.0303675,0.0303714,0.0303745,0.0303766,0.0303775,0.0303775,0.0303766,0.0303745,0.0303714,0.0303675,0.0303625,0.0303566,0.0303495,0.0303416,0.0303326,0.0303227,0.0303117,0.0302998,0.0302868,0.0302727,0.0302581,0.030242,0.0302253,0.0302074,0.0301884,0.0301688,0.0301478,0.0301262,0.0301034,0.0300798,0.030055,0.0300298,0.0300028,0.0299757,0.029947,0.0299177,0.0298874,0
0.0298874,0.0299177,0.0299471,0.0299755,0.030003,0.0300296,0.0300552,0.0300798,0.0301034,0.0301262,0.0301479,0.0301687,0.0301885,0.0302073,0.0302252,0.0302421,0.0302579,0.0302728,0.0302868,0.0302998,0.0303116,0.0303227,0.0303326,0.0303416,0.0303496,0.0303565,0.0303626,0.0303675,0.0303714,0.0303745,0.0303766,0.0303775,0.0303775,0.0303766,0.0303745,0.0303714,0.0303675,0.0303625,0.0303566,0.0303495,0.0303416,0.0303326,0.0303227,0.0303117,0.0302998,0.0302868,0.0302727,0.0302581,0.030242,0.0302253,0.0302074,0.0301884,0.0301688,0.0301478,0.0301262,0.0301034,0.0300798,0.030055,0.0300298,0.0300028,0.0299757,0.029947,0.0299177,0.0298874,0
0.0298874,0.0299177,0.0299471,0.0299755,0.030003,0.0300296,0.0300552,0.0300798,0.0301034,0.0301262,0.0301479,0.0301687,0.0301885,0.0302073,0.0302252,0.0302421,0.0302579,0.0302728,0.0302868,0.0302998,0.0303116,0.0303227,0.0303326,0.0303416,0.0303496,0.0303565,0.0303626,0.0303675,0.0303714,0.0303745,0.0303766,0.0303775,0.0303775,0.0303766,0.0303745,0.0303714,0.0303675,0.0303625,0.0303566,0.0303495,0.0303416,0.0303326,0.0303227,0.0303117,0.0302998,0.0302868,0.0302727,0.0302581,0.030242,0.0302253,0.0302074,0.0301884,0.0301688,0.0301478,0.0301262,0.0301034,0.0300798,0.030055,0.0300298,0.0300028,0.0299757,0.029947,0.0299177,0.0298874,0
0.0298874,0.0299177,0.0299471,0.0299755,0.030003,0.0300296,0.0300552,0.0300798,0.0301034,0.0301262,0.0301479,0.0301687,0.0301885,0.0302073,0.0302252,0.0302421,0.0302579,0.0302728,0.0302868,0.0302998,0.0303116,0.0303227,0.0303326,0.0303416,0.0303496,0.0303565,0.0303626,0.0303675,0.0303714,0.0303745,0.0303766,0.0303775,0.0303775,0.0303766,0.0303745,0.0303714,0.0303675,0.0303625,0.0303566,0.0303495,0.0303416,0.0303326,0.0303227,0.0303117,0.0302998,0.0302868,0.0302727,0.0302581,0.030242,0.0302253,0.0302074,0.0301884,0.0301688,0.0301478,0.0301262,0.0301034,0.0300798,0.030055,0.0300298,0.0300028,0.0299757,0.029947,0.0299177,0.0298874,0
0.0298874,0.0299177,0.0299471,0.0299755,0.030003,0.0300296,0.0300552,0.0300798,0.0301034,0.0301262,0.0301479,0.0301687,0.0301885,0.0302073,0.0302252,0.0302421,0.0302579,0.0302728,0.0302868,0.0302998,0.0303116,0.0303227,0.0303326,0.0303416,0.0303496,0.0303565,0.0303626,0.0303675,0.0303714,0.0303745,0.0303766,0.0303775,0.0303775,0.0303766,0.0303745,0.0303714,0.0303675,0.0303625,0.0303566,0.0303495,0.0303416,0.0303326,0.0303227,0.0303117,0.0302998,0.0302868,0.0302727,0.0302581,0.030242,0.0302253,0.0302074,0.0301884,0.0301688,0.0301478,0.0301262,0.0301034,0.0300798,0.030055,0.0300298,0.0300028,0.0299757,0.029947,0.0299177,0.0298874,0
0.0298874,0.0299177,0.0299471,0.0299755,0.030003,0.0300296,0.0300552,0.0300798,0.0301034,0.0301262,0.0301479,0.0301687,0.0301885,0.0302073,0.0302252,0.0302421,0.0302579,0.0302728,0.0302868,0.0302998,0.0303116,0.0303227,0.0303326,0.0303416,0.0303496,0.0303565,0.0303626,0.0303675,0.0303714,0.0303745,0.0303766,0.0303775,0.0303775,0.0303766,0.0303745,0.0303714,0.0303675,0.0303625,0.0303566,0.0303495,0.0303416,0.0303326,0.0303227,0.0303117,0.0302998,0.0302868,0.0302727,0.0302581,0.030242,0.0302253,0.0302074,0.0301884,0.0301688,0.0301478,0.0301262,0.0301034,0.0300798,0.030055,0.0300298,0.0300028,0.0299757,0.029947,0.0299177,0.0298874,0
0.0298874,0.0299177,0.0299471,0.0299755,0.030003,0.0300296,0.0300552,0.0300798,0.0301034,0.0301262,0.0301479,0.0301687,0.0301885,0.0302073,0.0302252,0.0302421,0.0302579,0.0302728,0.0302868,0.0302998,0.0303116,0.0303227,0.0303326,0.0303416,0.0303496,0.0303565,0.0303626,0.0303675,0.0303714,0.0303745,0.0303766,0.0303775,0.0303775,0.0303766,0.0303745,0.0303714,0.0303675,0.0303625,0.0303566,0.0303495,0.0303416,0.0303326,0.0303227,0.0303117,0.0302998,0.0302868,0.0302727,0.0302581,0.030242,0.0302253,0.0302074,0.0301884,0.0301688,0.0301478,0.0301262,0.0301034,0.0300798,0.030055,0.0300298,0.0300028,0.0299757,0.029947,0.0299177,0.0298874,0
0.0298874,0.0299177,0.0299471,0.0299755,0.030003,0.0300296,0.0300552,0.0300798,0.0301034,0.0301262,0.0301479,0.0301687,0.0301885,0.0302073,0.0302252,0.0302421,0.0302579,0.0302728,0.0302868,0.0302998,0.0303116,0.0303227,0.0303326,0.0303416,0.0303496,0.0303565,0.0303626,0.0303675,0.0303714,0.0303745,0.0303766,0.0303775,0.0303775,0.0303766,0.0303745,0.0303714,0.0303675,0.0303625,0.0303566,0.0303495,0.0303416,0.0303326,0.0303227,0.0303117,0.0302998,0.0302868,0.0302727,0.0302581,0.030242,0.0302253,0.0302074,0.0301884,0.0301688,0.0301478,0.0301262,0.0301034,0.0300798,0.030055,0.0300298,0.0300028,0.0299757,0.029947,0.0299177,0.0298874,0
0.0298874,0.0299177,0.0299471,0.0299755,0.030003,0.0300296,0.0300552,0.0300798,0.0301034,0.0301262,0.0301479,0.0301687,0.0301885,0.0302073,0.0302252,0.0302421,0.0302579,0.0302728,0.0302868,0.0302998,0.0303116,0.0303227,0.0303326,0.0303416,0.0303496,0.0303565,0.0303626,0.0303675,0.0303714,0.0303745,0.0303766,0.0303775,0.0303775,0.0303766,0.0303745,0.0303714,0.0303675,0.0303625,0.0303566,0.0303495,0.0303416,0.0303326,0.0303227,0.0303117,0.0302998,0.0302868,0.0302727,0.0302581,0.030242,0.0302253,0.0302074,0.0301884,0.0301688,0.0301478,0.0301262,0.0301034,0.0300798,0.030055,0.0300298,0.0300028,0.0299757,0.029947,0.0299177,0.0298874,0
0.0298874,0.0299177,0.0299471,0.0299755,0.030003,0.0300296,0.0300552,0.0300798,0.0301034,0.0301262,0.0301479,0.0301687,0.0301885,0.0302073,0.0302252,0.0302421,0.0302579,0.0302728,0.0302868,0.0302998,0.0303116,0.0303227,0.0303326,0.0303416,0.0303496,0.0303565,0.0303626,0.0303675,0.0303714,0.0303745,0.0303766,0.0303775,0.0303775,0.0303766,0.0303745,0.0303714,0.0303675,0.0303625,0.0303566,0.0303495,0.0303416,0.0303326,0.0303227,0.0303117,0.0302998,0.0302868,0.0302727,0.0302581,0.030242,0.0302253,0.0302074,0.0301884,0.0301688,0.0301478,0.0301262,0.0301034,0.0300798,0.030055,0.0300298,0.0300028,0.0299757,0.029947,0.0299177,0.0298874,0
0.0298874,0.0299177,0.0299471,0.0299755,0.030003,0.0300296,0.0300552,0.0300798,0.0301034,0.0301262,0.0301479,0.0301687,0.0301885,0.0302073,0.0302252,0.0302421,0.0302579,0.0302728,0.0302868,0.0302998,0.0303116,0.0303227,0.0303326,0.0303416,0.0303496,0.0303565,0.0303626,0.0303675,0.0303714,0.0303745,0.0303766,0.0303775,0.0303775,0.0303766,0.0303745,0.0303714,0.0303675,0.0303625,0.0303566,0.0303495,0.0303416,0.0303326,0.0303227,0.0303117,0.0302998,0.0302868,0.0302727,0.0302581,0.030242,0.0302253,0.0302074,0.0301884,0.0301688,0.0301478,0.0301262,0.0301034,0.0300798,0.030055,0.0300298,0.0300028,0.0299757,0.029947,0.0299177,0.0298874,0
0.0298874,0.0299177,0.0299471,0.0299755,0.030003,0.0300296,0.0300552,0.0300798,0.0301034,0.0301262,0.0301479,0.0301687,0.0301885,0.0302073,0.0302252,0.0302421,0.0302579,0.0302728,0.0302868,0.0302998,0.0303116,0.0303227,0.0303326,0.0303416,0.0303496,0.0303565,0.0303626,0.0303675,0.0303714,0.0303745,0.0303766,0.0303775,0.0303775,0.0303766,0.0303745,0.0303714,0.0303675,0.0303625,0.0303566,0.0303495,0.0303416,0.0303326,0.0303227,0.0303117,0.0302998,0.0302868,0.0302727,0.0302581,0.030242,0.0302253,0.0302074,0.0301884,0.0301688,0.0301478,0.0301262,0.0301034,0.0300798,0.030055,0.0300298,0.0300028,0.0299757,0.029947,0.0299177,0.0298874,0
0.0298874,0.0299177,0.0299471,0.0299755,0.030003,0.0300296,0.0300552,0.0300798,0.0301034,0.0301262,0.0301479,0.0301687,0.0301885,0.0302073,0.0302252,0.0302421,0.0302579,0.0302728,0.0302868,0.0302998,0.0303116,0.0303227,0.0303326,0.0303416,0.0303496,0.0303565,0.0303626,0.0303675,0.0303714,0.0303745,0.0303766,0.0303775,0.0303775,0.0303766,0.0303745,0.0303714,0.0303675,0.0303625,0.0303566,0.0303495,0.0303416,0.0303326,0.0303227,0.0303117,0.0302998,0.0302868,0.0302727,0.0302581,0.030242,0.0302253,0.0302074,0.0301884,0.0301688,0.0301478,0.0301262,0.0301034,0.0300798,0.030055,0.0300298,0.0300028,0.0299757,0.029947,0.0299177,0.0298874,0
0.0298874,0.0299177,0.0299471,0.0299755,0.030003,0.0300296,0.0300552,0.0300798,0.0301034,0.0301262,0.0301479,0.0301687,0.0301885,0.0302073,0.0302252,0.0302421,0.0302579,0.0302728,0.0302868,0.0302998,0.0303116,0.0303227,0.0303326,0.0303416,0.0303496,0.0303565,0.0303626,0.0303675,0.0303714,0.0303745,0.0303766,0.0303775,0.0303775,0.0303766,0.0303745,0.0303714,0.0303675,0.0303625,0.0303566,0.0303495,0.0303416,0.0303326,0.0303227,0.0303117,0.0302998,0.0302868,0.0302727,0.0302581,0.030242,0.0302253,0.0302074,0.0301884,0.0301688,0.0301478,0.0301262,0.0301034,0.0300798,0.030055,0.0300298,0.0300028,0.0299757,0.029947,0.0299177,0.0298874,0
0.0298874,0.0299177,0.0299471,0.0299755,0.030003,0.0300296,0.0300552,0.0300798,0.0301034,0.0301262,0.0301479,0.0301687,0.0301885,0.0302073,0.0302252,0.0302421,0.0302579,0.0302728,0.0302868,0.0302998,0.0303116,0.0303227,0.0303326,0.0303416,0.0303496,0.0303565,0.0303626,0.0303675,0.0303714,0.0303745,0.0303766,0.0303775,0.0303775,0.0303766,0.0303745,0.0303714,0.0303675,0.0303625,0.0303566,0.0303495,0.0303416,0.0303326,0.0303227,0.0303117,0.0302998,0.0302868,0.0302727,0.0302581,0.030242,0.0302253,0.0302074,0.0301884,0.0301688,0.0301478,0.0301262,0.0301034,0.0300798,0.030055,0.0300298,0.0300028,0.0299757,0.029947,0.0299177,0.0298874,0
0.0298874,0.0299177,0.0299471,0.0299755,0.030003,0.0300296,0.0300552,0.0300798,0.0301034,0.0301262,0.0301479,0.0301687,0.0301885,0.0302073,0.0302252,0.0302421,0.0302579,0.0302728,0.0302868,0.0302998,0.0303116,0.0303227,0.0303326,0.0303416,0.0303496,0.0303565,0.0303626,0.0303675,0.0303714,0.0303745,0.0303766,0.0303775,0.0303775,0.0303766,0.0303745,0.0303714,0.0303675,0.0303625,0.0303566,0.0303495,0.0303416,0.0303326,0.0303227,0.0303117,0.0302998,0.0302868,0.0302727,0.0302581,0.030242,0.0302253,0.0302074,0.0301884,0.0301688,0.0301478,0.0301262,0.0301034,0.0300798,0.030055,0.0300298,0.0300028,0.0299757,0.029947,0.0299177,0.0298874,0
0.0298874,0.0299177,0.0299471,0.0299755,0.030003,0.0300296,0.0300552,0.0300798,0.0301034,0.0301262,0.0301479,0.0301687,0.0301885,0.0302073,0.0302252,0.0302421,0.0302579,0.0302728,0.0302868,0.0302998,0.0303116,0.0303227,0.0303326,0.0303416,0.0303496,0.0303565,0.0303626,0.0303675,0.0303714,0.0303745,0.0303766,0.0303775,0.0303775,0.0303766,0.0303745,0.0303714,0.0303675,0.0303625,0.0303566,0.0303495,0.0303416,0.0303326,0.0303227,0.0303117,0.0302998,0.0302868,0.0302727,0.0302581,0.030242,0.0302253,0.0302074,0.0301884,0.0301688,0.0301478,0.0301262,0.0301034,0.0300798,0.030055,0.0300298,0.0300028,0.0299757,0.029947,0.0299177,0.0298874,0
0.0298874,0.0299177,0.0299471,0.0299755,0.030003,0.0300296,0.0300552,0.0300798,0.0301034,0.0301262,0.0301479,0.0301687,0.0301885,0.0302073,0.0302252,0.0302421,0.0302579,0.0302728,0.0302868,0.0302998,0.0303116,0.0303227,0.0303326,0.0303416,0.0303496,0.0303565,0.0303626,0.0303675,0.0303714,0.0303745,0.0303766,0.0303775,0.0303775,0.0303766,0.0303745,0.0303714,0.0303675,0.0303625,0.0303566,0.0303495,0.0303416,0.0303326,0.0303227,0.0303117,0.0302998,0.0302868,0.0302727,0.0302581,0.030242,0.0302253,0.0302074,0.0301884,0.0301688,0.0301478,0.0301262,0.0301034,0.0300798,0.030055,0.0300298,0.0300028,0.0299757,0.029947,0.0299177,0.0298874,0
0.0298874,0.0299177,0.0299471,0.0299755,0.030003,0.0300296,0.0300552,0.0300798,0.0301034,0.0301262,0.0301479,0.0301687,0.0301885,0.0302073,0.0302252,0.0302421,0.0302579,0.0302728,0.0302868,0.0302998,0.0303116,0.0303227,0.0303326,0.0303416,0.0303496,0.0303565,0.0303626,0.0303675,0.0303714,0.0303745,0.0303766,0.0303775,0.0303775,0.0303766,0.0303745,0.0303714,0.0303675,0.0303625,0.0303566,0.0303495,0.0303416,0.0303326,0.0303227,0.0303117,0.0302998,0.0302868,0.0302727,0.0302581,0.030242,0.0302253,0.0302074,0.0301884,0.0301688,0.0301478,0.0301262,0.0301034,0.0300798,0.030055,0.0300298,0.0300028,0.0299757,0.029947,0.0299177,0.0298874,0
0.0298874,0.0299177,0.0299471,0.0299755,0.030003,0.0300296,0.0300552,0.0300798,0.0301034,0.0301262,0.0301479,0.0301687,0.0301885,0.0302073,0.0302252,0.0302421,0.0302579,0.0302728,0.0302868,0.0302998,0.0303116,0.0303227,0.0303326,0.0303416,0.0303496,0.0303565,0.0303626,0.0303675,0.0303714,0.0303745,0.0303766,0.0303775,0.0303775,0.0303766,0.0303745,0.0303714,0.0303675,0.0303625,0.0303566,0.0303495,0.0303416,0.0303326,0.0303227,0.0303117,0.0302998,0.0302868,0.0302727,0.0302581,0.030242,0.0302253,0.0302074,0.0301884,0.0301688,0.0301478,0.0301262,0.0301034,0.0300798,0.030055,0.0300298,0.0300028,0.0299757,0.029947,0.0299177,0.0298874,0
0.0298874,0.0299177,0.0299471,0.0299755,0.030003,0.0300296,0.0300552,0.0300798,0.0301034,0.0301262,0.0301479,0.0301687,0.0301885,0.0302073,0.0302252,0.0302421,0.0302579,0.0302728,0.0302868,0.0302998,0.0303116,0.0303227,0.0303326,0.0303416,0.0303496,0.0303565,0.0303626,0.0303675,0.0303714,0.0303745,0.0303766,0.0303775,0.0303775,0.0303766,0.0303745,0.0303714,0.0303675,0.0303625,0.0303566,0.0303495,0.0303416,0.0303326,0.0303227,0.0303117,0.0302998,0.0302868,0.0302727,0.0302581,0.030242,0.0302253,0.0302074,0.0301884,0.0301688,0.0301478,0.0301262,0.0301034,0.0300798,0.030055,0.0300298,0.0300028,0.0299757,0.029947,0.0299177,0.0298874,0
0.0298874,0.0299177,0.0299471,0.0299755,0.030003,0.0300296,0.0300552,0.0300798,0.0301034,0.0301262,0.0301479,0.0301687,0.0301885,0.0302073,0.0302252,0.0302421,0.0302579,0.0302728,0.0302868,0.0302998,0.0303116,0.0303227,0.0303326,0.0303416,0.0303496,0.0303565,0.0303626,0.0303675,0.0303714,0.0303745,0.0303766,0.0303775,0.0303775,0.0303766,0.0303745,0.0303714,0.0303675,0.0303625,0.0303566,0.0303495,0.0303416,0.0303326,0.0303227,0.0303117,0.0302998,0.0302868,0.0302727,0.0302581,0.030242,0.0302253,0.0302074,0.0301884,0.0301688,0.0301478,0.0301262,0.0301034,0.0300798,0.030055,0.0300298,0.0300028,0.0299757,0.029947,0.0299177,0.0298874,0
0.0298874,0.0299177,0.0299471,0.0299755,0.030003,0.0300296,0.0300552,0.0300798,0.0301034,0.0301262,0.0301479,0.0301687,0.0301885,0.0302073,0.0302252,0.0302421,0.0302579,0.0302728,0.0302868,0.0302998,0.0303116,0.0303227,0.0303326,0.0303416,0.0303496,0.0303565,0.0303626,0.0303675,0.0303714,0.0303745,0.0303766,0.0303775,0.0303775,0.0303766,0.0303745,0.0303714,0.0303675,0.0303625,0.0303566,0.0303495,0.0303416,0.0303326,0.0303227,0.0303117,0.0302998,0.0302868,0.0302727,0.0302581,0.030242,0.0302253,0.0302074,0.0301884,0.0301688,0.0301478,0.0301262,0.0301034,0.0300798,0.030055,0.0300298,0.0300028,0.0299757,0.029947,0.0299177,0.0298874,0
0.0298874,0.0299177,0.0299471,0.0299755,0.030003,0.0300296,0.0300552,0.0300798,0.0301034,0.0301262,0.0301479,0.0301687,0.0301885,0.0302073,0.0302252,0.0302421,0.0302579,0.0302728,0.0302868,0.0302998,0.0303116,0.0303227,0.0303326,0.0303416,0.0303496,0.0303565,0.0303626,0.0303675,0.0303714,0.0303745,0.0303766,0.0303775,0.0303775,0.0303766,0.0303745,0.0303714,0.0303675,0.0303625,0.0303566,0.0303495,0.0303416,0.0303326,0.0303227,0.0303117,0.0302998,0.0302868,0.0302727,0.0302581,0.030242,0.0302253,0.0302074,0.0301884,0.0301688,0.0301478,0.0301262,0.0301034,0.0300798,0.030055,0.0300298,0.0300028,0.0299757,0.029947,0.0299177,0.0298874,0
0.0298874,0.0299177,0.0299471,0.0299755,0.030003,0.0300296,0.0300552,0.0300798,0.0301034,0.0301262,0.0301479,0.0301687,0.0301885,0.0302073,0.0302252,0.0302421,0.0302579,0.0302728,0.0302868,0.0302998,0.0303116,0.0303227,0.0303326,0.0303416,0.0303496,0.0303565,0.0303626,0.0303675,0.0303714,0.0303745,0.0303766,0.0303775,0.0303775,0.0303766,0.0303745,0.0303714,0.0303675,0.0303625,0.0303566,0.0303495,0.0303416,0.0303326,0.0303227,0.0303117,0.0302998,0.0302868,0.0302727,0.0302581,0.030242,0.0302253,0.0302074,0.0301884,0.0301688,0.0301478,0.0301262,0.0301034,0.0300798,0.030055,0.0300298,0.0300028,0.0299757,0.029947,0.0299177,0.0298874,0
0.0298874,0.0299177,0.0299471,0.0299755,0.030003,0.0300296,0.0300552,0.0300798,0.0301034,0.0301262,0.0301479,0.0301687,0.0301885,0.0302073,0.0302252,0.0302421,0.0302579,0.0302728,0.0302868,0.0302998,0.0303116,0.0303227,0.0303326,0.0303416,0.0303496,0.0303565,0.0303626,0.0303675,0.0303714,0.0303745,0.0303766,0.0303775,0.0303775,0.0303766,0.0303745,0.0303714,0.0303675,0.0303625,0.0303566,0.0303495,0.0303416,0.0303326,0.0303227,0.0303117,0.0302998,0.0302868,0.0302727,0.0302581,0.030242,0.0302253,0.0302074,0.0301884,0.0301688,0.0301478,0.0301262,0.0301034,0.0300798,0.030055,0.0300298,0.0300028,0.0299757,0.029947,0.0299177,0.0298874,0
0.0298874,0.0299177,0.0299471,0.0299755,0.030003,0.0300296,0.0300552,0.0300798,0.0301034,0.0301262,0.0301479,0.0301687,0.0301885,0.0302073,0.0302252,0.0302421,0.0302579,0.0302728,0.0302868,0.0302998,0.0303116,0.0303227,0.0303326,0.0303416,0.0303496,0.0303565,0.0303626,0.0303675,0.0303714,0.0303745,0.0303766,0.0303775,0.0303775,0.0303766,0.0303745,0.0303714,0.0303675,0.0303625,0.0303566,0.0303495,0.0303416,0.0303326,0.0303227,0.0303117,0.0302998,0.0302868,0.0302727,0.0302581,0.030242,0.0302253,0.0302074,0.0301884,0.0301688,0.0301478,0.0301262,0.0301034,0.0300798,0.030055,0.0300298,0.0300028,0.0299757,0.029947,0.0299177,0.0298874,0
0.0298874,0.0299177,0.0299471,0.0299755,0.030003,0.0300296,0.0300552,0.0300798,0.0301034,0.0301262,0.0301479,0.0301687,0.0301885,0.0302073,0.0302252,0.0302421,0.0302579,0.0302728,0.0302868,0.0302998,0.0303116,0.0303227,0.0303326,0.0303416,0.0303496,0.0303565,0.0303626,0.0303675,0.0303714,0.0303745,0.0303766,0.0303775,0.0303775,0.0303766,0.0303745,0.0303714,0.0303675,0.0303625,0.0303566,0.0303495,0.0303416,0.0303326,0.0303227,0.0303117,0.0302998,0.0302868,0.0302727,0.0302581,0.030242,0.0302253,0.0302074,0.0301884,0.0301688,0.0301478,0.0301262,0.0301034,0.0300798,0.030055,0.0300298,0.0300028,0.0299757,0.029947,0.0299177,0.0298874,0
0.0298874,0.0299177,0.0299471,0.0299755,0.030003,0.0300296,0.0300552,0.0300798,0.0301034,0.0301262,0.0301479,0.0301687,0.0301885,0.0302073,0.0302252,0.0302421,0.0302579,0.0302728,0.0302868,0.0302998,0.0303116,0.0303227,0.0303326,0.0303416,0.0303496,0.0303565,0.0303626,0.0303675,0.0303714,0.0303745,0.0303766,0.0303775,0.0303775,0.0303766,0.0303745,0.0303714,0.0303675,0.0303625,0.0303566,0.0303495,0.0303416,0.0303326,0.0303227,0.0303117,0.0302998,0.0302868,0.0302727,0.0302581,0.030242,0.0302253,0.0302074,0.0301884,0.0301688,0.0301478,0.0301262,0.0301034,0.0300798,0.030055,0.0300298,0.0300028,0.0299757,0.029947,0.0299177,0.0298874,0
0.0298874,0.0299177,0.0299471,0.0299755,0.030003,0.0300296,0.0300552,0.0300798,0.0301034,0.0301262,0.0301479,0.0301687,0.0301885,0.0302073,0.0302252,0.0302421,0.0302579,0.0302728,0.0302868,0.0302998,0.0303116,0.0303227,0.0303326,0.0303416,0.0303496,0.0303565,0.0303626,0.0303675,0.0303714,0.0303745,0.0303766,0.0303775,0.0303775,0.0303766,0.0303745,0.0303714,0.0303675,0.0303625,0.0303566,0.0303495,0.0303416,0.0303326,0.0303227,0.0303117,0.0302998,0.0302868,0.0302727,0.0302581,0.030242,0.0302253,0.0302074,0.0301884,0.0301688,0.0301478,0.0301262,0.0301034,0.0300798,0.030055,0.0300298,0.0300028,0.0299757,0.029947,0.0299177,0.0298874,0
0.0298874,0.0299177,0.0299471,0.0299755,0.030003,0.0300296,0.0300552,0.0300798,0.0301034,0.0301262,0.0301479,0.0301687,0.0301885,0.0302073,0.0302252,0.0302421,0.0302579,0.0302728,0.0302868,0.0302998,0.0303116,0.0303227,0.0303326,0.0303416,0.0303496,0.0303565,0.0303626,0.0303675,0.0303714,0.0303745,0.0303766,0.0303775,0.0303775,0.0303766,0.0303745,0.0303714,0.0303675,0.0303625,0.0303566,0.0303495,0.0303416,0.0303326,0.0303227,0.0303117,0.0302998,0.0302868,0.0302727,0.0302581,0.030242,0.0302253,0.0302074,0.0301884,0.0301688,0.0301478,0.0301262,0.0301034,0.0300798,0.030055,0.0300298,0.0300028,0.0299757,0.029947,0.0299177,0.0298874,0
0.0298874,0.0299177,0.0299471,0.0299755,0.030003,0.0300296,0.0300552,0.0300798,0.0301034,0.0301262,0.0301479,0.0301687,0.0301885,0.0302073,0.0302252,0.0302421,0.0302579,0.0302728,0.0302868,0.0302998,0.0303116,0.0303227,0.0303326,0.0303416,0.0303496,0.0303565,0.0303626,0.0303675,0.0303714,0.0303745,0.0303766,0.0303775,0.0303775,0.0303766,0.0303745,0.0303714,0.0303675,0.0303625,0.0303566,0.0303495,0.0303416,0.0303326,0.0303227,0.0303117,0.0302998,0.0302868,0.0302727,0.0302581,0.030242,0.0302253,0.0302074,0.0301884,0.0301688,0.0301478,0.0301262,0.0301034,0.0300798,0.030055,0.0300298,0.0300028,0.0299757,0.029947,0.0299177,0.0298874,0
0.0298874,0.0299177,0.0299471,0.0299755,0.030003,0.0300296,0.0300552,0.0300798,0.0301034,0.0301262,0.0301479,0.0301687,0.0301885,0.0302073,0.0302252,0.0302421,0.0302579,0.0302728,0.0302868,0.0302998,0.0303116,0.0303227,0.0303326,0.0303416,0.0303496,0.0303565,0.0303626,0.0303675,0.0303714,0.0303745,0.0303766,0.0303775,0.0303775,0.0303766,0.0303745,0.0303714,0.0303675,0.0303625,0.0303566,0.0303495,0.0303416,0.0303326,0.0303227,0.0303117,0.0302998,0.0302868,0.0302727,0.0302581,0.030242,0.0302253,0.0302074,0.0301884,0.0301688,0.0301478,0.0301262,0.0301034,0.0300798,0.030055,0.0300298,0.0300028,0.0299757,0.029947,0.0299177,0.0298874,0
0.0298874,0.0299177,0.0299471,0.0299755,0.030003,0.0300296,0.0300552,0.0300798,0.0301034,0.0301262,0.0301479,0.0301687,0.0301885,0.0302073,0.0302252,0.0302421,0.0302579,0.0302728,0.0302868,0.0302998,0.0303116,0.0303227,0.0303326,0.0303416,0.0303496,0.0303565,0.0303626,0.0303675,0.0303714,0.0303745,0.0303766,0.0303775,0.0303775,0.0303766,0.0303745,0.0303714,0.0303675,0.0303625,0.0303566,0.0303495,0.0303416,0.0303326,0.0303227,0.0303117,0.0302998,0.0302868,0.0302727,0.0302581,0.030242,0.0302253,0.0302074,0.0301884,0.0301688,0.0301478,0.0301262,0.0301034,0.0300798,0.030055,0.0300298,0.0300028,0.0299757,0.029947,0.0299177,0.0298874,0
0.0298874,0.0299177,0.0299471,0.0299755,0.030003,0.0300296,0.0300552,0.0300798,0.0301034,0.0301262,0.0301479,0.0301687,0.0301885,0.0302073,0.0302252,0.0302421,0.0302579,0.0302728,0.0302868,0.0302998,0.0303116,0.0303227,0.0303326,0.0303416,0.0303496,0.0303565,0.0303626,0.0303675,0.0303714,0.0303745,0.0303766,0.0303775,0.0303775,0.0303766,0.0303745,0.0303714,0.0303675,0.0303625,0.0303566,0.0303495,0.0303416,0.0303326,0.0303227,0.0303117,0.0302998,0.0302868,0.0302727,0.0302581,0.030242,0.0302253,0.0302074,0.0301884,0.0301688,0.0301478,0.0301262,0.0301034,0.0300798,0.030055,0.0300298,0.0300028,0.0299757,0.029947,0.0299177,0.0298874,0
0.0298874,0.0299177,0.0299471,0.0299755,0.030003,0.0300296,0.0300552,0.0300798,0.0301034,0.0301262,0.0301479,0.0301687,0.0301885,0.0302073,0.0302252,0.0302421,0.0302579,0.0302728,0.0302868,0.0302998,0.0303116,0.0303227,0.0303326,0.0303416,0.0303496,0.0303565,0.0303626,0.0303675,0.0303714,0.0303745,0.0303766,0.0303775,0.0303775,0.0303766,0.0303745,0.0303714,0.0303675,0.0303625,0.0303566,0.0303495,0.0303416,0.0303326,0.0303227,0.0303117,0.0302998,0.0302868,0.0302727,0.0302581,0.030242,0.0302253,0.0302074,0.0301884,0.0301688,0.0301478,0.0301262,0.0301034,0.0300798,0.030055,0.0300298,0.0300028,0.0299757,0.029947,0.0299177,0.0298874,0
0.0298874,0.0299177,0.0299471,0.0299755,0.030003,0.0300296,0.0300552,0.0300798,0.0301034,0.0301262,0.0301479,0.0301687,0.0301885,0.0302073,0.0302252,0.0302421,0.0302579,0.0302728,0.0302868,0.0302998,0.0303116,0.0303227,0.0303326,0.0303416,0.0303496,0.0303565,0.0303626,0.0303675,0.0303714,0.0303745,0.0303766,0.0303775,0.0303775,0.0303766,0.0303745,0.0303714,0.0303675,0.0303625,0.0303566,0.0303495,0.0303416,0.0303326,0.0303227,0.0303117,0.0302998,0.0302868,0.0302727,0.0302581,0.030242,0.0302253,0.0302074,0.0301884,0.0301688,0.0301478,0.0301262,0.0301034,0.0300798,0.030055,0.0300298,0.0300028,0.0299757,0.029947,0.0299177,0.0298874,0
0.0298874,0.0299177,0.0299471,0.0299755,0.030003,0.0300296,0.0300552,0.0300798,0.0301034,0.0301262,0.0301479,0.0301687,0.0301885,0.0302073,0.0302252,0.0302421,0.0302579,0.0302728,0.0302868,0.0302998,0.0303116,0.0303227,0.0303326,0.0303416,0.0303496,0.0303565,0.0303626,0.0303675,0.0303714,0.0303745,0.0303766,0.0303775,0.0303775,0.0303766,0.0303745,0.0303714,0.0303675,0.0303625,0.0303566,0.0303495,0.0303416,0.0303326,0.0303227,0.0303117,0.0302998,0.0302868,0.0302727,0.0302581,0.030242,0.0302253,0.0302074,0.0301884,0.0301688,0.0301478,0.0301262,0.0301034,0.0300798,0.030055,0.0300298,0.0300028,0.0299757,0.029947,0.0299177,0.0298874,0
0.0298874,0.0299177,0.0299471,0.0299755,0.030003,0.0300296,0.0300552,0.0300798,0.0301034,0.0301262,0.0301479,0.0301687,0.0301885,0.0302073,0.0302252,0.0302421,0.0302579,0.0302728,0.0302868,0.0302998,0.0303116,0.0303227,0.0303326,0.0303416,0.0303496,0.0303565,0.0303626,0.0303675,0.0303714,0.0303745,0.0303766,0.0303775,0.0303775,0.0303766,0.0303745,0.0303714,0.0303675,0.0303625,0.0303566,0.0303495,0.0303416,0.0303326,0.0303227,0.0303117,0.0302998,0.0302868,0.0302727,0.0302581,0.030242,0.0302253,0.0302074,0.0301884,0.0301688,0.0301478,0.0301262,0.0301034,0.0300798,0.030055,0.0300298,0.0300028,0.0299757,0.029947,0.0299177,0.0298874,0
0.0298874,0.0299177,0.0299471,0.0299755,0.030003,0.0300296,0.0300552,0.0300798,0.0301034,0.0301262,0.0301479,0.0301687,0.0301885,0.0302073,0.0302252,0.0302421,0.0302579,0.0302728,0.0302868,0.0302998,0.0303116,0.0303227,0.0303326,0.0303416,0.0303496,0.0303565,0.0303626,0.0303675,0.0303714,0.0303745,0.0303766,0.0303775,0.0303775,0.0303766,0.0303745,0.0303714,0.0303675,0.0303625,0.0303566,0.0303495,0.0303416,0.0303326,0.0303227,0.0303117,0.0302998,0.0302868,0.0302727,0.0302581,0.030242,0.0302253,0.0302074,0.0301884,0.0301688,0.0301478,0.0301262,0.0301034,0.0300798,0.030055,0.0300298,0.0300028,0.0299757,0.029947,0.0299177,0.0298874,0
0.0298874,0.0299177,0.0299471,0.0299755,0.030003,0.0300296,0.0300552,0.0300798,0.0301034,0.0301262,0.0301479,0.0301687,0.0301885,0.0302073,0.0302252,0.0302421,0.0302579,0.0302728,0.0302868,0.0302998,0.0303116,0.0303227,0.0303326,0.0303416,0.0303496,0.0303565,0.0303626,0.0303675,0.0303714,0.0303745,0.0303766,0.0303775,0.0303775,0.0303766,0.0303745,0.0303714,0.0303675,0.0303625,0.0303566,0.0303495,0.0303416,0.0303326,0.0303227,0.0303117,0.0302998,0.0302868,0.0302727,0.0302581,0.030242,0.0302253,0.0302074,0.0301884,0.0301688,0.0301478,0.0301262,0.0301034,0.0300798,0.030055,0.0300298,0.0300028,0.0299757,0.029947,0.0299177,0.0298874,0
0.0298874,0.0299177,0.0299471,0.0299755,0.030003,0.0300296,0.0300552,0.0300798,0.0301034,0.0301262,0.0301479,0.0301687,0.0301885,0.0302073,0.0302252,0.0302421,0.0302579,0.0302728,0.0302868,0.0302998,0.0303116,0.0303227,0.0303326,0.0303416,0.0303496,0.0303565,0.0303626,0.0303675,0.0303714,0.0303745,0.0303766,0.0303775,0.0303775,0.0303766,0.0303745,0.0303714,0.0303675,0.0303625,0.0303566,0.0303495,0.0303416,0.0303326,0.0303227,0.0303117,0.0302998,0.0302868,0.0302727,0.0302581,0.030242,0.0302253,0.0302074,0.0301884,0.0301688,0.0301478,0.0301262,0.0301034,0.0300798,0.030055,0.0300298,0.0300028,0.0299757,0.029947,0.0299177,0.0298874,0
0.0298874,0.0299177,0.0299471,0.0299755,0.030003,0.0300296,0.0300552,0.0300798,0.0301034,0.0301262,0.0301479,0.0301687,0.0301885,0.0302073,0.0302252,0.0302421,0.0302579,0.0302728,0.0302868,0.0302998,0.0303116,0.0303227,0.0303326,0.0303416,0.0303496,0.0303565,0.0303626,0.0303675,0.0303714,0.0303745,0.0303766,0.0303775,0.0303775,0.0303766,0.0303745,0.0303714,0.0303675,0.0303625,0.0303566,0.0303495,0.0303416,0.0303326,0.0303227,0.0303117,0.0302998,0.0302868,0.0302727,0.0302581,0.030242,0.0302253,0.0302074,0.0301884,0.0301688,0.0301478,0.0301262,0.0301034,0.0300798,0.030055,0.0300298,0.0300028,0.0299757,0.029947,0.0299177,0.0298874,0
0.0298874,0.0299177,0.0299471,0.0299755,0.030003,0.0300296,0.0300552,0.0300798,0.0301034,0.0301262,0.0301479,0.0301687,0.0301885,0.0302073,0.0302252,0.0302421,0.0302579,0.0302728,0.0302868,0.0302998,0.0303116,0.0303227,0.0303326,0.0303416,0.0303496,0.0303565,0.0303626,0.0303675,0.0303714,0.0303745,0.0303766,0.0303775,0.0303775,0.0303766,0.0303745,0.0303714,0.0303675,0.0303625,0.0303566,0.0303495,0.0303416,0.0303326,0.0303227,0.0303117,0.0302998,0.0302868,0.0302727,0.0302581,0.030242,0.0302253,0.0302074,0.0301884,0.0301688,0.0301478,0.0301262,0.0301034,0.0300798,0.030055,0.0300298,0.0300028,0.0299757,0.029947,0.0299177,0.0298874,0
0.0298874,0.0299177,0.0299471,0.0299755,0.030003,0.0300296,0.0300552,0.0300798,0.0301034,0.0301262,0.0301479,0.0301687,0.0301885,0.0302073,0.0302252,0.0302421,0.0302579,0.0302728,0.0302868,0.0302998,0.0303116,0.0303227,0.0303326,0.0303416,0.0303496,0.0303565,0.0303626,0.0303675,0.0303714,0.0303745,0.0303766,0.0303775,0.0303775,0.0303766,0.0303745,0.0303714,0.0303675,0.0303625,0.0303566,0.0303495,0.0303416,0.0303326,0.0303227,0.0303117,0.0302998,0.0302868,0.0302727,0.0302581,0.030242,0.0302253,0.0302074,0.0301884,0.0301688,0.0301478,0.0301262,0.0301034,0.0300798,0.030055,0.0300298,0.0300028,0.0299757,0.029947,0.0299177,0.0298874,0
0.0298874,0.0299177,0.0299471,0.0299755,0.030003,0.0300296,0.0300552,0.0300798,0.0301034,0.0301262,0.0301479,0.0301687,0.0301885,0.0302073,0.0302252,0.0302421,0.0302579,0.0302728,0.0302868,0.0302998,0.0303116,0.0303227,0.0303326,0.0303416,0.0303496,0.0303565,0.0303626,0.0303675,0.0303714,0.0303745,0.0303766,0.0303775,0.0303775,0.0303766,0.0303745,0.0303714,0.0303675,0.0303625,0.0303566,0.0303495,0.0303416,0.0303326,0.0303227,0.0303117,0.0302998,0.0302868,0.0302727,0.0302581,0.030242,0.0302253,0.0302074,0.0301884,0.0301688,0.0301478,0.0301262,0.0301034,0.0300798,0.030055,0.0300298,0.0300028,0.0299757,0.029947,0.0299177,0.0298874,0
0.0298874,0.0299177,0.0299471,0.0299755,0.030003,0.0300296,0.0300552,0.0300798,0.0301034,0.0301262,0.0301479,0.0301687,0.0301885,0.0302073,0.0302252,0.0302421,0.0302579,0.0302728,0.0302868,0.0302998,0.0303116,0.0303227,0.0303326,0.0303416,0.0303496,0.0303565,0.0303626,0.0303675,0.0303714,0.0303745,0.0303766,0.0303775,0.0303775,0.0303766,0.0303745,0.0303714,0.0303675,0.0303625,0.0303566,0.0303495,0.0303416,0.0303326,0.0303227,0.0303117,0.0302998,0.0302868,0.0302727,0.0302581,0.030242,0.0302253,0.0302074,0.0301884,0.0301688,0.0301478,0.0301262,0.0301034,0.0300798,0.030055,0.0300298,0.0300028,0.0299757,0.029947,0.0299177,0.0298874,0
0.0298874,0.0299177,0.0299471,0.0299755,0.030003,0.0300296,0.0300552,0.0300798,0.0301034,0.0301262,0.0301479,0.0301687,0.0301885,0.0302073,0.0302252,0.0302421,0.0302579,0.0302728,0.0302868,0.0302998,0.0303116,0.0303227,0.0303326,0.0303416,0.0303496,0.0303565,0.0303626,0.0303675,0.0303714,0.0303745,0.0303766,0.0303775,0.0303775,0.0303766,0.0303745,0.0303714,0.0303675,0.0303625,0.0303566,0.0303495,0.0303416,0.0303326,0.0303227,0.0303117,0.0302998,0.0302868,0.0302727,0.0302581,0.030242,0.0302253,0.0302074,0.0301884,0.0301688,0.0301478,0.0301262,0.0301034,0.0300798,0.030055,0.0300298,0.0300028,0.0299757,0.029947,0.0299177,0.0298874,0
0.0298874,0.0299177,0.0299471,0.0299755,0.030003,0.0300296,0.0300552,0.0300798,0.0301034,0.0301262,0.0301479,0.0301687,0.0301885,0.0302073,0.0302252,0.0302421,0.0302579,0.0302728,0.0302868,0.0302998,0.0303116,0.0303227,0.0303326,0.0303416,0.0303496,0.0303565,0.0303626,0.0303675,0.0303714,0.0303745,0.0303766,0.0303775,0.0303775,0.0303766,0.0303745,0.0303714,0.0303675,0.0303625,0.0303566,0.0303495,0.0303416,0.0303326,0.0303227,0.0303117,0.0302998,0.0302868,0.0302727,0.0302581,0.030242,0.0302253,0.0302074,0.0301884,0.0301688,0.0301478,0.0301262,0.0301034,0.0300798,0.030055,0.0300298,0.0300028,0.0299757,0.029947,0.0299177,0.0298874,0
0.0298874,0.0299177,0.0299471,0.0299755,0.030003,0.0300296,0.0300552,0.0300798,0.0301034,0.0301262,0.0301479,0.0301687,0.0301885,0.0302073,0.0302252,0.0302421,0.0302579,0.0302728,0.0302868,0.0302998,0.0303116,0.0303227,0.0303326,0.0303416,0.0303496,0.0303565,0.0303626,0.0303675,0.0303714,0.0303745,0.0303766,0.0303775,0.0303775,0.0303766,0.0303745,0.0303714,0.0303675,0.0303625,0.0303566,0.0303495,0.0303416,0.0303326,0.0303227,0.0303117,0.0302998,0.0302868,0.0302727,0.0302581,0.030242,0.0302253,0.0302074,0.0301884,0.0301688,0.0301478,0.0301262,0.0301034,0.0300798,0.030055,0.0300298,0.0300028,0.0299757,0.029947,0.0299177,0.0298874,0
0.0298874,0.0299177,0.0299471,0.0299755,0.030003,0.0300296,0.0300552,0.0300798,0.0301034,0.0301262,0.0301479,0.0301687,0.0301885,0.0302073,0.0302252,0.0302421,0.0302579,0.0302728,0.0302868,0.0302998,0.0303116,0.0303227,0.0303326,0.0303416,0.0303496,0.0303565,0.0303626,0.0303675,0.0303714,0.0303745,0.0303766,0.0303775,0.0303775,0.0303766,0.0303745,0.0303714,0.0303675,0.0303625,0.0303566,0.0303495,0.0303416,0.0303326,0.0303227,0.0303117,0.0302998,0.0302868,0.0302727,0.0302581,0.030242,0.0302253,0.0302074,0.0301884,0.0301688,0.0301478,0.0301262,0.0301034,0.0300798,0.030055,0.0300298,0.0300028,0.0299757,0.029947,0.0299177,0.0298874,0
0.0298874,0.0299177,0.0299471,0.0299755,0.030003,0.0300296,0.0300552,0.0300798,0.0301034,0.0301262,0.0301479,0.0301687,0.0301885,0.0302073,0.0302252,0.0302421,0.0302579,0.0302728,0.0302868,0.0302998,0.0303116,0.0303227,0.0303326,0.0303416,0.0303496,0.0303565,0.0303626,0.0303675,0.0303714,0.0303745,0.0303766,0.0303775,0.0303775,0.0303766,0.0303745,0.0303714,0.0303675,0.0303625,0.0303566,0.0303495,0.0303416,0.0303326,0.0303227,0.0303117,0.0302998,0.0302868,0.0302727,0.0302581,0.030242,0.0302253,0.0302074,0.0301884,0.0301688,0.0301478,0.0301262,0.0301034,0.0300798,0.030055,0.0300298,0.0300028,0.0299757,0.029947,0.0299177,0.0298874,0
0.0298874,0.0299177,0.0299471,0.0299755,0.030003,0.0300296,0.0300552,0.0300798,0.0301034,0.0301262,0.0301479,0.0301687,0.0301885,0.0302073,0.0302252,0.0302421,0.0302579,0.0302728,0.0302868,0.0302998,0.0303116,0.0303227,0.0303326,0.0303416,0.0303496,0.0303565,0.0303626,0.0303675,0.0303714,0.0303745,0.0303766,0.0303775,0.0303775,0.0303766,0.0303745,0.0303714,0.0303675,0.0303625,0.0303566,0.0303495,0.0303416,0.0303326,0.0303227,0.0303117,0.0302998,0.0302868,0.0302727,0.0302581,0.030242,0.0302253,0.0302074,0.0301884,0.0301688,0.0301478,0.0301262,0.0301034,0.0300798,0.030055,0.0300298,0.0300028,0.0299757,0.029947,0.0299177,0.0298874,0
0.0298874,0.0299177,0.0299471,0.0299755,0.030003,0.0300296,0.0300552,0.0300798,0.0301034,0.0301262,0.0301479,0.0301687,0.0301885,0.0302073,0.0302252,0.0302421,0.0302579,0.0302728,0.0302868,0.0302998,0.0303116,0.0303227,0.0303326,0.0303416,0.0303496,0.0303565,0.0303626,0.0303675,0.0303714,0.0303745,0.0303766,0.0303775,0.0303775,0.0303766,0.0303745,0.0303714,0.0303675,0.0303625,0.0303566,0.0303495,0.0303416,0.0303326,0.0303227,0.0303117,0.0302998,0.0302868,0.0302727,0.0302581,0.030242,0.0302253,0.0302074,0.0301884,0.0301688,0.0301478,0.0301262,0.0301034,0.0300798,0.030055,0.0300298,0.0300028,0.0299757,0.029947,0.0299177,0.0298874,0
0.0298874,0.0299177,0.0299471,0.0299755,0.030003,0.0300296,0.0300552,0.0300798,0.0301034,0.0301262,0.0301479,0.0301687,0.0301885,0.0302073,0.0302252,0.0302421,0.0302579,0.0302728,0.0302868,0.0302998,0.0303116,0.0303227,0.0303326,0.0303416,0.0303496,0.0303565,0.0303626,0.0303675,0.0303714,0.0303745,0.0303766,0.0303775,0.0303775,0.0303766,0.0303745,0.0303714,0.0303675,0.0303625,0.0303566,0.0303495,0.0303416,0.0303326,0.0303227,0.0303117,0.0302998,0.0302868,0.0302727,0.0302581,0.030242,0.0302253,0.0302074,0.0301884,0.0301688,0.0301478,0.0301262,0.0301034,0.0300798,0.030055,0.0300298,0.0300028,0.0299757,0.029947,0.0299177,0.0298874,0
0.0298874,0.0299177,0.0299471,0.0299755,0.030003,0.0300296,0.0300552,0.0300798,0.0301034,0.0301262,0.0301479,0.0301687,0.0301885,0.0302073,0.0302252,0.0302421,0.0302579,0.0302728,0.0302868,0.0302998,0.0303116,0.0303227,0.0303326,0.0303416,0.0303496,0.0303565,0.0303626,0.0303675,0.0303714,0.0303745,0.0303766,0.0303775,0.0303775,0.0303766,0.0303745,0.0303714,0.0303675,0.0303625,0.0303566,0.0303495,0.0303416,0.0303326,0.0303227,0.0303117,0.0302998,0.0302868,0.0302727,0.0302581,0.030242,0.0302253,0.0302074,0.0301884,0.0301688,0.0301478,0.0301262,0.0301034,0.0300798,0.030055,0.0300298,0.0300028,0.0299757,0.029947,0.0299177,0.0298874,0
0.0298874,0.0299177,0.0299471,0.0299755,0.030003,0.0300296,0.0300552,0.0300798,0.0301034,0.0301262,0.0301479,0.0301687,0.0301885,0.0302073,0.0302252,0.0302421,0.0302579,0.0302728,0.0302868,0.0302998,0.0303116,0.0303227,0.0303326,0.0303416,0.0303496,0.0303565,0.0303626,0.0303675,0.0303714,0.0303745,0.0303766,0.0303775,0.0303775,0.0303766,0.0303745,0.0303714,0.0303675,0.0303625,0.0303566,0.0303495,0.0303416,0.0303326,0.0303227,0.0303117,0.0302998,0.0302868,0.0302727,0.0302581,0.030242,0.0302253,0.0302074,0.0301884,0.0301688,0.0301478,0.0301262,0.0301034,0.0300798,0.030055,0.0300298,0.0300028,0.0299757,0.029947,0.0299177,0.0298874,0
0.0298874,0.0299177,0.0299471,0.0299755,0.030003,0.0300296,0.0300552,0.0300798,0.0301034,0.0301262,0.0301479,0.0301687,0.0301885,0.0302073,0.0302252,0.0302421,0.0302579,0.0302728,0.0302868,0.0302998,0.0303116,0.0303227,0.0303326,0.0303416,0.0303496,0.0303565,0.0303626,0.0303675,0.0303714,0.0303745,0.0303766,0.0303775,0.0303775,0.0303766,0.0303745,0.0303714,0.0303675,0.0303625,0.0303566,0.0303495,0.0303416,0.0303326,0.0303227,0.0303117,0.0302998,0.0302868,0.0302727,0.0302581,0.030242,0.0302253,0.0302074,0.0301884,0.0301688,0.0301478,0.0301262,0.0301034,0.0300798,0.030055,0.0300298,0.0300028,0.0299757,0.029947,0.0299177,0.0298874,0
0.0296436,0.0296737,0.0297028,0.029731,0.0297583,0.0297846,0.02981,0.0298345,0.0298579,0.0298804,0.029902,0.0299226,0.0299423,0.029961,0.0299786,0.0299954,0.0300112,0.0300259,0.0300398,0.0300526,0.0300644,0.0300753,0.0300852,0.0300941,0.030102,0.0301089,0.0301149,0.0301198,0.0301238,0.0301268,0.0301287,0.0301298,0.0301297,0.0301288,0.0301267,0.0301238,0.0301198,0.0301149,0.0301089,0.030102,0.0300941,0.0300852,0.0300753,0.0300643,0.0300527,0.0300398,0.0300258,0.0300112,0.0299953,0.0299788,0.0299609,0.0299423,0.0299226,0.0299021,0.0298804,0.0298579,0.0298345,0.0298101,0.0297847,0.0297582,0.029731,0.0297029,0.0296736,0.0296438,0
0.0293998,0.0294296,0.0294586,0.0294865,0.0295136,0.0295397,0.0295649,0.0295891,0.0296124,0.0296348,0.0296561,0.0296766,0.029696,0.0297145,0.0297322,0.0297487,0.0297644,0.029779,0.0297927,0.0298054,0.0298172,0.029828,0.0298378,0.0298465,0.0298545,0.0298612,0.0298673,0.0298722,0.029876,0.029879,0.029881,0.029882,0.029882,0.029881,0.029879,0.029876,0.0298722,0.0298673,0.0298612,0.0298544,0.0298467,0.0298377,0.0298281,0.0298171,0.0298054,0.0297928,0.029779,0.0297644,0.0297487,0.0297321,0.0297146,0.029696,0.0296766,0.0296561,0.0296348,0.0296123,0.0295891,0.029565,0.0295397,0.0295136,0.0294864,0.0294585,0.0294297,0.0293999,0
0.029156,0.0291856,0.0292143,0.029242,0.0292688,0.0292948,0.0293197,0.0293438,0.0293668,0.029389,0.0294102,0.0294304,0.0294498,0.0294681,0.0294856,0.029502,0.0295175,0.0295321,0.0295456,0.0295583,0.0295699,0.0295807,0.0295903,0.0295991,0.0296069,0.0296137,0.0296196,0.0296243,0.0296283,0.0296314,0.0296332,0.0296341,0.0296341,0.0296333,0.0296311,0.0296283,0.0296245,0.0296196,0.0296137,0.0296069,0.0295991,0.0295902,0.0295806,0.02957,0.0295583,0.0295457,0.0295321,0.0295175,0.029502,0.0294856,0.0294681,0.0294498,0.0294305,0.0294101,0.0293889,0.029367,0.0293437,0.0293196,0.0292946,0.029269,0.029242,0.0292141,0.0291855,0.0291562,0
0.0289122,0.0289415,0.02897,0.0289975,0.0290241,0.0290498,0.0290745,0.0290984,0.0291212,0.0291433,0.0291643,0.0291843,0.0292035,0.0292217,0.029239,0.0292553,0.0292707,0.0292851,0.0292985,0.0293111,0.0293227,0.0293333,0.0293429,0.0293516,0.0293593,0.029366,0.029372,0.0293766,0.0293806,0.0293835,0.0293853,0.0293863,0.0293864,0.0293854,0.0293834,0.0293806,0.0293767,0.0293717,0.0293661,0.0293593,0.0293516,0.0293429,0.0293332,0.0293227,0.0293111,0.0292987,0.0292851,0.0292706,0.0292554,0.0292389,0.0292218,0.0292035,0.0291843,0.0291643,0.0291432,0.0291213,0.0290983,0.0290745,0.0290498,0.0290241,0.0289974,0.02897,0.0289416,0.0289121,0
0.0286684,0.0286975,0.0287257,0.028753,0.0287793,0.0288048,0.0288294,0.028853,0.0288756,0.0288975,0.0289183,0.0289383,0.0289572,0.0289753,0.0289924,0.0290086,0.0290238,0.0290382,0.0290515,0.0290639,0.0290754,0.0290859,0.0290955,0.0291041,0.0291117,0.0291184,0.0291243,0.0291289,0.0291327,0.0291357,0.0291376,0.0291384,0.0291387,0.0291376,0.0291356,0.0291327,0.029129,0.0291243,0.0291184,0.0291116,0.0291041,0.0290955,0.0290859,0.0290754,0.0290639,0.0290514,0.0290383,0.0290239,0.0290085,0.0289924,0.0289754,0.0289572,0.0289382,0.0289185,0.0288974,0.0288756,0.0288531,0.0288293,0.0288048,0.0287794,0.0287528,0.0287259,0.0286975,0.0286684,0
0.0284246,0.0284534,0.0284814,0.0285084,0.0285346,0.0285598,0.0285842,0.0286076,0.0286301,0.0286517,0.0286723,0.0286921,0.028711,0.0287288,0.0287459,0.0287619,0.0287771,0.0287912,0.0288044,0.0288168,0.0288281,0.0288385,0.028848,0.0288566,0.0288641,0.0288707,0.0288765,0.0288813,0.028885,0.0288879,0.0288897,0.0288908,0.0288907,0.0288898,0.0288877,0.0288851,0.0288812,0.0288765,0.0288707,0.0288641,0.0288565,0.0288482,0.0288384,0.0288281,0.0288168,0.0288044,0.0287912,0.028777,0.0287619,0.0287459,0.028729,0.0287108,0.0286922,0.0286722,0.0286517,0.0286301,0.0286076,0.0285842,0.0285598,0.0285344,0.0285084,0.0284815,0.0284534,0.0284245,0
0.0281807,0.0282093,0.0282371,0.0282639,0.0282898,0.0283148,0.0283389,0.0283622,0.0283845,0.028406,0.0284264,0.028446,0.0284647,0.0284824,0.0284992,0.0285152,0.0285302,0.0285442,0.0285574,0.0285695,0.0285808,0.0285912,0.0286006,0.028609,0.0286165,0.0286231,0.0286288,0.0286335,0.0286373,0.02864,0.0286419,0.0286429,0.0286429,0.0286421,0.0286399,0.0286373,0.0286336,0.0286287,0.0286231,0.0286165,0.028609,0.0286006,0.028591,0.0285809,0.0285696,0.0285574,0.0285442,0.0285301,0.0285151,0.0284994,0.0284823,0.0284648,0.028446,0.0284265,0.0284059,0.0283844,0.0283623,0.0283388,0.0283148,0.0282898,0.0282639,0.0282371,0.0282092,0.0281808,0
0.0279369,0.0279653,0.0279927,0.0280193,0.028045,0.0280698,0.0280938,0.0281168,0.0281389,0.0281602,0.0281805,0.0281999,0.0282184,0.028236,0.0282527,0.0282685,0.0282834,0.0282972,0.0283103,0.0283223,0.0283335,0.0283437,0.0283531,0.0283615,0.0283689,0.0283754,0.0283811,0.0283858,0.0283893,0.0283923,0.0283941,0.0283951,0.0283951,0.0283942,0.0283922,0.0283895,0.0283858,0.0283811,0.0283754,0.0283689,0.0283614,0.0283531,0.0283438,0.0283334,0.0283225,0.0283102,0.0282973,0.0282834,0.0282683,0.0282527,0.028236,0.0282184,0.0281998,0.0281805,0.0281601,0.0281389,0.0281168,0.0280937,0.02807,0.0280449,0.0280193,0.0279926,0.0279653,0.0279369,0
0.0276931,0.0277212,0.0277484,0.0277748,0.0278002,0.0278248,0.0278485,0.0278714,0.0278933,0.0279143,0.0279345,0.0279537,0.027972,0.0279896,0.0280061,0.0280217,0.0280364,0.0280502,0.0280632,0.0280752,0.0280862,0.0280964,0.0281056,0.0281139,0.0281213,0.0281278,0.0281334,0.0281379,0.0281416,0.0281445,0.0281463,0.0281472,0.0281472,0.0281463,0.0281445,0.0281416,0.0281379,0.0281334,0.0281278,0.0281214,0.0281138,0.0281056,0.0280964,0.0280862,0.0280751,0.0280632,0.0280502,0.0280366,0.0280217,0.028006,0.0279896,0.0279721,0.0279536,0.0279346,0.0279143,0.0278933,0.0278714,0.0278486,0.0278248,0.0278002,0.0277748,0.0277483,0.0277212,0.027693,0
0.0274492,0.0274771,0.0275041,0.0275302,0.0275554,0.0275798,0.0276033,0.0276259,0.0276477,0.0276685,0.0276885,0.0277076,0.0277258,0.027743,0.0277595,0.0277749,0.0277896,0.0278032,0.027816,0.0278279,0.0278389,0.027849,0.0278581,0.0278664,0.0278737,0.0278801,0.0278856,0.0278901,0.0278939,0.0278966,0.0278984,0.0278994,0.0278994,0.0278984,0.0278965,0.0278939,0.0278901,0.0278857,0.0278802,0.0278735,0.0278665,0.027858,0.0278491,0.0278388,0.027828,0.0278159,0.0278033,0.0277895,0.027775,0.0277596,0.027743,0.0277258,0.0277076,0.0276885,0.0276685,0.0276477,0.0276259,0.0276033,0.0275798,0.0275553,0.0275302,0.0275042,0.0274769,0.0274491,0
0.0272053,0.0272329,0.0272597,0.0272856,0.0273106,0.0273348,0.0273581,0.0273805,0.027402,0.0274227,0.0274425,0.0274614,0.0274794,0.0274966,0.0275128,0.0275282,0.0275427,0.0275562,0.0275689,0.0275807,0.0275916,0.0276015,0.0276106,0.0276188,0.027626,0.0276324,0.0276378,0.0276424,0.0276462,0.0276488,0.0276505,0.0276515,0.0276514,0.0276506,0.0276488,0.0276461,0.0276424,0.0276378,0.0276325,0.027626,0.0276188,0.0276107,0.0276015,0.0275916,0.0275807,0.0275689,0.0275562,0.0275427,0.0275282,0.0275128,0.0274966,0.0274795,0.0274614,0.0274425,0.0274228,0.027402,0.0273805,0.0273581,0.0273348,0.0273106,0.0272856,0.0272597,0.027233,0.0272053,0
0.0269614,0.0269889,0.0270153,0.027041,0.0270658,0.0270897,0.0271128,0.0271351,0.0271564,0.0271769,0.0271965,0.0272152,0.0272331,0.0272501,0.0272662,0.0272815,0.0272958,0.0273092,0.0273218,0.0273334,0.0273442,0.0273541,0.0273631,0.0273712,0.0273784,0.0273848,0.0273901,0.0273945,0.0273982,0.027401,0.0274028,0.0274036,0.0274036,0.0274026,0.0274011,0.0273981,0.0273947,0.0273901,0.0273846,0.0273784,0.0273712,0.0273631,0.0273542,0.0273442,0.0273335,0.0273217,0.0273093,0.0272957,0.0272815,0.0272661,0.0272502,0.027233,0.0272154,0.0271965,0.0271769,0.0271564,0.027135,0.027113,0.0270897,0.0270658,0.027041,0.0270153,0.0269889,0.0269613,0
0.0267176,0.0267447,0.0267709,0.0267964,0.026821,0.0268447,0.0268676,0.0268896,0.0269108,0.0269311,0.0269505,0.0269691,0.0269868,0.0270036,0.0270196,0.0270346,0.0270489,0.0270622,0.0270746,0.0270862,0.0270969,0.0271066,0.0271156,0.0271236,0.0271308,0.027137,0.0271423,0.0271468,0.0271504,0.0271531,0.0271548,0.0271558,0.0271558,0.0271549,0.027153,0.0271504,0.0271467,0.0271424,0.027137,0.0271307,0.0271237,0.0271156,0.0271068,0.0270967,0.0270863,0.0270747,0.0270622,0.0270488,0.0270346,0.0270196,0.0270036,0.0269867,0.0269691,0.0269506,0.0269309,0.0269108,0.0268897,0.0268675,0.0268447,0.0268209,0.0267965,0.0267709,0.0267447,0.0267175,0
0.0264737,0.0265006,0.0265266,0.0265518,0.0265761,0.0265997,0.0266223,0.0266441,0.0266651,0.0266852,0.0267045,0.0267229,0.0267404,0.0267571,0.0267729,0.0267879,0.0268019,0.0268152,0.0268275,0.0268389,0.0268496,0.0268592,0.0268681,0.026876,0.0268831,0.0268893,0.0268946,0.026899,0.0269026,0.0269052,0.026907,0.0269079,0.0269078,0.026907,0.0269052,0.0269026,0.026899,0.0268947,0.0268892,0.026883,0.0268762,0.026868,0.0268593,0.0268495,0.026839,0.0268275,0.0268151,0.0268021,0.0267878,0.026773,0.0267571,0.0267404,0.0267229,0.0267044,0.0266852,0.0266651,0.0266442,0.0266223,0.0265996,0.0265762,0.0265518,0.0265266,0.0265005,0.0264738,0
0.0262298,0.0262564,0.0262822,0.0263072,0.0263313,0.0263546,0.0263771,0.0263987,0.0264194,0.0264394,0.0264584,0.0264767,0.0264941,0.0265106,0.0265263,0.0265411,0.026555,0.0265681,0.0265803,0.0265917,0.0266021,0.0266118,0.0266206,0.0266284,0.0266355,0.0266415,0.0266468,0.0266511,0.0266547,0.0266573,0.0266591,0.0266598,0.02666,0.0266591,0.0266573,0.0266547,0.0266511,0.0266469,0.0266415,0.0266355,0.0266284,0.0266205,0.0266118,0.0266021,0.0265917,0.0265803,0.0265682,0.0265551,0.026541,0.0265263,0.0265106,0.026494,0.0264767,0.0264585,0.0264393,0.0264195,0.0263987,0.026377,0.0263547,0.0263313,0.0263071,0.0262823,0.0262563,0.0262299,0
0.0259859,0.0260122,0.0260378,0.0260625,0.0260864,0.0261095,0.0261318,0.0261532,0.0261738,0.0261935,0.0262125,0.0262305,0.0262477,0.0262641,0.0262796,0.0262943,0.0263081,0.0263211,0.0263332,0.0263444,0.0263548,0.0263643,0.026373,0.0263808,0.0263878,0.0263938,0.026399,0.0264034,0.0264068,0.0264095,0.0264111,0.0264121,0.026412,0.0264112,0.0264095,0.0264068,0.0264034,0.026399,0.0263938,0.0263878,0.0263808,0.026373,0.0263643,0.0263548,0.0263444,0.0263332,0.0263211,0.0263082,0.0262941,0.0262797,0.0262641,0.0262476,0.0262306,0.0262125,0.0261935,0.0261738,0.0261532,0.0261316,0.0261097,0.0260863,0.0260625,0.0260379,0.0260122,0.025986,0
0.025742,0.0257681,0.0257934,0.0258179,0.0258416,0.0258644,0.0258865,0.0259077,0.0259281,0.0259477,0.0259664,0.0259843,0.0260013,0.0260175,0.0260329,0.0260475,0.0260612,0.026074,0.026086,0.0260972,0.0261074,0.0261168,0.0261254,0.0261332,0.0261401,0.0261461,0.0261512,0.0261555,0.0261589,0.0261616,0.0261633,0.0261642,0.0261641,0.0261633,0.0261614,0.026159,0.0261555,0.0261513,0.0261461,0.0261401,0.0261332,0.0261253,0.026117,0.0261074,0.0260972,0.026086,0.0260741,0.0260611,0.0260475,0.0260329,0.0260175,0.0260013,0.0259843,0.0259664,0.0259477,0.0259281,0.0259078,0.0258864,0.0258645,0.0258416,0.0258179,0.0257934,0.025768,0.0257421,0
0.0254981,0.0255239,0.025549,0.0255733,0.0255967,0.0256194,0.0256412,0.0256622,0.0256824,0.0257018,0.0257204,0.0257381,0.0257549,0.025771,0.0257863,0.0258006,0.0258142,0.0258269,0.0258388,0.0258498,0.0258601,0.0258694,0.0258779,0.0258856,0.0258923,0.0258983,0.0259035,0.0259076,0.0259111,0.0259136,0.0259155,0.0259161,0.0259162,0.0259154,0.0259136,0.0259111,0.0259078,0.0259035,0.0258982,0.0258924,0.0258857,0.0258778,0.0258694,0.0258601,0.0258498,0.0258387,0.0258271,0.0258142,0.0258006,0.0257863,0.025771,0.025755,0.025738,0.0257204,0.0257018,0.0256824,0.0256622,0.0256412,0.0256193,0.0255969,0.0255731,0.0255491,0.025524,0.0254979,0
0.0252541,0.0252797,0.0253046,0.0253286,0.0253519,0.0253743,0.0253959,0.0254167,0.0254367,0.0254559,0.0254743,0.0254918,0.0255086,0.0255245,0.0255395,0.0255538,0.0255673,0.0255799,0.0255916,0.0256025,0.0256127,0.0256219,0.0256304,0.0256379,0.0256447,0.0256506,0.0256556,0.0256599,0.0256632,0.0256658,0.0256674,0.0256683,0.0256683,0.0256674,0.0256658,0.0256633,0.0256598,0.0256556,0.0256505,0.0256448,0.0256379,0.0256304,0.0256219,0.0256127,0.0256025,0.0255916,0.0255798,0.0255673,0.0255538,0.0255395,0.0255245,0.0255086,0.0254918,0.0254743,0.0254558,0.0254368,0.0254166,0.025396,0.0253743,0.0253518,0.0253286,0.0253046,0.0252798,0.0252541,0
0.0250102,0.0250356,0.0250601,0.025084,0.025107,0.0251292,0.0251506,0.0251712,0.025191,0.02521,0.0252282,0.0252456,0.0252622,0.0252779,0.0252929,0.025307,0.0253203,0.0253327,0.0253444,0.0253552,0.0253652,0.0253744,0.0253828,0.0253903,0.0253969,0.0254028,0.0254078,0.025412,0.0254153,0.0254178,0.0254196,0.0254203,0.0254202,0.0254196,0.0254179,0.0254152,0.0254121,0.0254078,0.0254027,0.0253971,0.0253903,0.0253826,0.0253744,0.0253654,0.0253552,0.0253444,0.0253328,0.0253203,0.0253069,0.0252929,0.025278,0.0252621,0.0252455,0.0252283,0.0252101,0.0251909,0.0251712,0.0251507,0.0251291,0.025107,0.0250839,0.0250602,0.0250355,0.0250102,0
0.0247662,0.0247914,0.0248157,0.0248393,0.0248621,0.024884,0.0249053,0.0249257,0.0249453,0.0249642,0.0249821,0.0249994,0.0250158,0.0250313,0.0250462,0.0250602,0.0250733,0.0250857,0.0250972,0.0251079,0.0251178,0.0251269,0.0251352,0.0251426,0.0251492,0.025155,0.02516,0.0251641,0.0251675,0.02517,0.0251714,0.0251725,0.0251724,0.0251715,0.0251698,0.0251676,0.025164,0.02516,0.0251549,0.0251493,0.0251426,0.0251352,0.0251271,0.0251178,0.0251079,0.0250973,0.0250857,0.0250733,0.0250602,0.0250461,0.0250314,0.0250157,0.0249994,0.0249821,0.0249642,0.0249451,0.0249257,0.0249053,0.0248841,0.0248619,0.0248394,0.0248157,0.0247914,0.0247662,0
0.0245223,0.0245472,0.0245713,0.0245946,0.0246172,0.0246389,0.02466,0.0246801,0.0246996,0.0247182,0.024736,0.0247531,0.0247694,0.0247848,0.0247994,0.0248133,0.0248263,0.0248386,0.02485,0.0248606,0.0248704,0.0248794,0.0248876,0.024895,0.0249015,0.0249072,0.0249122,0.0249162,0.0249195,0.024922,0.0249236,0.0249244,0.0249244,0.0249238,0.0249219,0.0249195,0.0249163,0.024912,0.0249072,0.0249015,0.0248951,0.0248874,0.0248795,0.0248704,0.0248606,0.0248499,0.0248387,0.0248263,0.0248133,0.0247995,0.0247848,0.0247693,0.0247531,0.024736,0.0247183,0.0246996,0.0246801,0.0246599,0.024639,0.0246172,0.0245945,0.0245713,0.0245471,0.0245223,0
0.0242783,0.0243029,0.0243268,0.0243499,0.0243722,0.0243938,0.0244146,0.0244346,0.0244538,0.0244723,0.0244899,0.0245069,0.0245229,0.0245382,0.0245528,0.0245664,0.0245793,0.0245914,0.0246028,0.0246133,0.024623,0.0246319,0.02464,0.0246472,0.0246538,0.0246594,0.0246643,0.0246683,0.0246716,0.0246741,0.0246756,0.0246764,0.0246764,0.0246757,0.0246739,0.0246717,0.0246682,0.0246644,0.0246594,0.0246538,0.0246472,0.0246401,0.0246317,0.024623,0.0246133,0.0246028,0.0245914,0.0245794,0.0245664,0.0245527,0.0245382,0.024523,0.0245068,0.0244899,0.0244724,0.0244539,0.0244346,0.0244147,0.0243938,0.0243722,0.0243499,0.0243268,0.024303,0.0242783,0
0.0240343,0.0240587,0.0240824,0.0241052,0.0241273,0.0241487,0.0241693,0.0241891,0.0242081,0.0242264,0.0242438,0.0242606,0.0242765,0.0242916,0.0243059,0.0243196,0.0243323,0.0243443,0.0243555,0.024366,0.0243755,0.0243844,0.0243924,0.0243996,0.024406,0.0244116,0.0244164,0.0244204,0.0244237,0.0244261,0.0244277,0.0244285,0.0244284,0.0244278,0.0244261,0.0244236,0.0244205,0.0244164,0.0244116,0.0244061,0.0243995,0.0243924,0.0243844,0.0243756,0.0243659,0.0243555,0.0243443,0.0243324,0.0243195,0.0243059,0.0242918,0.0242764,0.0242606,0.0242438,0.0242263,0.0242081,0.0241891,0.0241693,0.0241487,0.0241272,0.0241053,0.0240823,0.0240587,0.0240344,0
0.0237903,0.0238145,0.0238379,0.0238605,0.0238824,0.0239035,0.0239239,0.0239435,0.0239623,0.0239805,0.0239977,0.0240143,0.02403,0.0240451,0.0240592,0.0240727,0.0240853,0.0240972,0.0241083,0.0241185,0.0241281,0.0241368,0.0241448,0.0241519,0.0241582,0.0241638,0.0241686,0.0241725,0.0241757,0.0241781,0.0241797,0.0241805,0.0241805,0.0241797,0.024178,0.0241758,0.0241725,0.0241685,0.024164,0.0241581,0.0241519,0.0241449,0.0241368,0.0241281,0.0241185,0.0241083,0.0240972,0.0240854,0.0240726,0.0240592,0.024045,0.0240301,0.0240144,0.0239977,0.0239805,0.0239624,0.0239435,0.0239239,0.0239035,0.0238824,0.0238606,0.0238379,0.0238144,0.0237904,0
0.0235463,0.0235703,0.0235934,0.0236158,0.0236375,0.0236584,0.0236786,0.0236979,0.0237166,0.0237345,0.0237517,0.023768,0.0237836,0.0237985,0.0238125,0.0238258,0.0238383,0.0238501,0.0238611,0.0238712,0.0238807,0.0238893,0.0238971,0.0239042,0.0239105,0.023916,0.0239207,0.0239246,0.0239277,0.0239301,0.0239317,0.0239325,0.0239326,0.0239316,0.0239302,0.0239278,0.0239246,0.0239208,0.023916,0.0239105,0.0239042,0.0238971,0.0238893,0.0238806,0.0238713,0.0238611,0.0238501,0.0238383,0.0238258,0.0238125,0.0237983,0.0237837,0.0237679,0.0237516,0.0237345,0.0237167,0.023698,0.0236785,0.0236583,0.0236375,0.0236158,0.0235934,0.0235703,0.0235463,0
0.0233023,0.023326,0.0233489,0.0233711,0.0233925,0.0234132,0.0234331,0.0234524,0.0234708,0.0234886,0.0235055,0.0235217,0.0235372,0.0235518,0.0235658,0.0235789,0.0235913,0.023603,0.0236138,0.0236239,0.0236332,0.0236417,0.0236495,0.0236565,0.0236627,0.0236682,0.0236728,0.0236767,0.0236799,0.0236822,0.0236837,0.0236845,0.0236845,0.0236837,0.0236822,0.0236799,0.0236766,0.0236729,0.0236681,0.0236627,0.0236566,0.0236495,0.0236418,0.0236331,0.0236238,0.0236138,0.023603,0.0235913,0.0235789,0.0235656,0.0235519,0.023537,0.0235218,0.0235054,0.0234886,0.0234708,0.0234524,0.0234332,0.0234132,0.0233926,0.0233711,0.0233489,0.0233259,0.0233024,0
0.0230584,0.0230817,0.0231044,0.0231264,0.0231476,0.0231681,0.0231878,0.0232068,0.0232251,0.0232426,0.0232594,0.0232754,0.0232906,0.0233052,0.0233189,0.023332,0.0233443,0.0233558,0.0233665,0.0233765,0.0233857,0.0233942,0.0234019,0.0234088,0.0234149,0.0234203,0.0234249,0.0234288,0.0234319,0.0234342,0.0234358,0.0234364,0.0234365,0.0234357,0.0234342,0.0234319,0.0234288,0.023425,0.0234202,0.0234151,0.0234087,0.0234019,0.0233942,0.0233858,0.0233765,0.0233665,0.0233557,0.0233443,0.023332,0.023319,0.0233052,0.0232906,0.0232754,0.0232594,0.0232426,0.0232252,0.0232067,0.0231879,0.023168,0.0231476,0.0231264,0.0231044,0.0230818,0.0230583,0
0.0228143,0.0228375,0.0228599,0.0228816,0.0229026,0.0229229,0.0229424,0.0229612,0.0229793,0.0229966,0.0230132,0.0230291,0.0230442,0.0230585,0.0230722,0.0230851,0.0230972,0.0231086,0.0231193,0.023129,0.0231383,0.0231466,0.0231542,0.0231611,0.0231671,0.0231725,0.023177,0.0231808,0.0231839,0.0231862,0.0231877,0.0231884,0.0231885,0.0231878,0.0231862,0.0231839,0.0231808,0.023177,0.0231725,0.0231671,0.0231611,0.0231541,0.0231466,0.0231382,0.0231291,0.0231193,0.0231086,0.0230973,0.023085,0.0230722,0.0230585,0.0230441,0.0230292,0.0230132,0.0229967,0.0229793,0.0229611,0.0229424,0.0229229,0.0229026,0.0228816,0.0228601,0.0228375,0.0228143,0
0.0225703,0.0225932,0.0226154,0.0226369,0.0226577,0.0226777,0.022697,0.0227156,0.0227335,0.0227506,0.0227671,0.0227827,0.0227977,0.0228119,0.0228254,0.0228382,0.0228502,0.0228614,0.022872,0.0228817,0.0228907,0.022899,0.0229065,0.0229133,0.0229193,0.0229247,0.0229291,0.0229329,0.0229359,0.0229382,0.0229397,0.0229405,0.0229405,0.0229397,0.0229383,0.0229359,0.0229329,0.0229291,0.0229248,0.0229193,0.0229132,0.0229067,0.022899,0.0228907,0.0228816,0.0228721,0.0228614,0.0228502,0.0228381,0.0228255,0.022812,0.0227976,0.0227828,0.0227672,0.0227506,0.0227334,0.0227156,0.0226971,0.0226778,0.0226575,0.0226369,0.0226154,0.0225933,0.0225703,0
0.0223263,0.0223489,0.0223709,0.0223921,0.0224127,0.0224325,0.0224516,0.02247,0.0224877,0.0225047,0.0225209,0.0225364,0.0225512,0.0225653,0.0225786,0.0225913,0.0226031,0.0226142,0.0226247,0.0226343,0.0226433,0.0226514,0.0226589,0.0226656,0.0226715,0.0226768,0.0226812,0.0226849,0.022688,0.0226902,0.0226917,0.0226924,0.0226923,0.0226917,0.0226902,0.0226879,0.0226851,0.0226812,0.0226767,0.0226716,0.0226656,0.0226588,0.0226514,0.0226432,0.0226344,0.0226246,0.0226142,0.0226032,0.0225912,0.0225786,0.0225652,0.0225513,0.0225364,0.0225209,0.0225047,0.0224878,0.02247,0.0224515,0.0224326,0.0224127,0.0223922,0.0223708,0.022349,0.0223264,0
0.0220822,0.0221047,0.0221263,0.0221474,0.0221677,0.0221873,0.0222062,0.0222244,0.0222419,0.0222587,0.0222748,0.0222901,0.0223047,0.0223187,0.0223318,0.0223443,0.022356,0.0223671,0.0223774,0.0223869,0.0223957,0.0224038,0.0224112,0.0224178,0.0224237,0.0224289,0.0224333,0.022437,0.02244,0.0224422,0.0224437,0.0224444,0.0224443,0.0224438,0.0224421,0.02244,0.022437,0.0224333,0.0224289,0.0224237,0.0224178,0.0224112,0.022404,0.0223956,0.0223869,0.0223774,0.022367,0.0223562,0.0223444,0.0223317,0.0223186,0.0223049,0.02229,0.0222747,0.0222588,0.0222418,0.0222244,0.0222062,0.0221874,0.0221677,0.0221474,0.0221263,0.0221046,0.0220822,0
0.0218382,0.0218604,0.0218818,0.0219026,0.0219227,0.0219421,0.0219608,0.0219788,0.0219961,0.0220127,0.0220286,0.0220438,0.0220582,0.022072,0.022085,0.0220973,0.022109,0.0221199,0.02213,0.0221395,0.0221483,0.0221562,0.0221635,0.0221701,0.0221758,0.022181,0.0221854,0.022189,0.0221919,0.0221941,0.0221956,0.0221964,0.0221964,0.0221956,0.0221941,0.0221919,0.0221891,0.0221853,0.022181,0.0221759,0.0221699,0.0221635,0.0221564,0.0221481,0.0221395,0.02213,0.0221199,0.022109,0.0220972,0.0220851,0.022072,0.0220582,0.0220438,0.0220286,0.0220126,0.0219961,0.0219787,0.0219609,0.021942,0.0219227,0.0219027,0.0218817,0.0218605,0.0218382,0
0.0215941,0.021616,0.0216373,0.0216578,0.0216777,0.0216969,0.0217153,0.0217332,0.0217503,0.0217667,0.0217824,0.0217974,0.0218117,0.0218253,0.0218382,0.0218504,0.0218619,0.0218727,0.0218827,0.0218921,0.0219007,0.0219086,0.0219159,0.0219223,0.0219281,0.0219331,0.0219374,0.0219411,0.0219439,0.0219461,0.0219476,0.0219483,0.0219483,0.0219476,0.0219461,0.0219439,0.0219409,0.0219375,0.0219331,0.0219282,0.0219222,0.0219158,0.0219086,0.0219007,0.0218921,0.0218828,0.0218726,0.0218619,0.0218505,0.0218382,0.0218253,0.0218116,0.0217974,0.0217824,0.0217667,0.0217503,0.0217332,0.0217153,0.0216969,0.0216777,0.0216577,0.0216373,0.0216161,0.0215942,0
0.0213501,0.0213718,0.0213927,0.021413,0.0214327,0.0214517,0.0214699,0.0214875,0.0215044,0.0215206,0.0215362,0.021551,0.0215652,0.0215786,0.0215914,0.0216034,0.0216148,0.0216254,0.0216354,0.0216447,0.0216532,0.021661,0.0216681,0.0216745,0.0216802,0.0216852,0.0216895,0.0216931,0.0216959,0.0216981,0.0216995,0.0217002,0.0217002,0.0216995,0.021698,0.0216961,0.021693,0.0216894,0.0216852,0.0216804,0.0216744,0.0216682,0.0216609,0.0216532,0.0216447,0.0216353,0.0216255,0.0216148,0.0216035,0.0215914,0.0215786,0.0215652,0.021551,0.0215362,0.0215206,0.0215044,0.0214876,0.02147,0.0214516,0.0214328,0.0214131,0.0213927,0.0213716,0.0213501,0
0.021106,0.0211274,0.0211482,0.0211683,0.0211876,0.0212064,0.0212245,0.0212419,0.0212586,0.0212746,0.02129,0.0213046,0.0213187,0.021332,0.0213445,0.0213565,0.0213677,0.0213782,0.0213881,0.0213972,0.0214056,0.0214134,0.0214204,0.0214268,0.0214323,0.0214373,0.0214415,0.0214451,0.0214479,0.02145,0.0214514,0.0214521,0.0214521,0.0214514,0.02145,0.0214479,0.0214452,0.0214415,0.0214373,0.0214324,0.0214268,0.0214205,0.0214133,0.0214056,0.0213972,0.0213881,0.0213783,0.0213677,0.0213565,0.0213445,0.0213319,0.0213187,0.0213047,0.0212899,0.0212747,0.0212586,0.0212419,0.0212245,0.0212064,0.0211875,0.0211684,0.0211482,0.0211273,0.021106,0
0.0208619,0.0208831,0.0209036,0.0209235,0.0209426,0.0209612,0.020979,0.0209962,0.0210128,0.0210286,0.0210438,0.0210583,0.0210721,0.0210853,0.0210977,0.0211095,0.0211206,0.021131,0.0211408,0.0211497,0.0211581,0.0211657,0.0211727,0.021179,0.0211846,0.0211894,0.0211936,0.0211971,0.0211998,0.021202,0.0212033,0.0212041,0.0212041,0.0212033,0.0212018,0.0211999,0.021197,0.0211936,0.0211895,0.0211846,0.021179,0.0211726,0.0211658,0.021158,0.0211498,0.0211407,0.021131,0.0211205,0.0211096,0.0210977,0.0210853,0.0210721,0.0210582,0.0210438,0.0210286,0.0210128,0.0209962,0.0209789,0.0209613,0.0209427,0.0209234,0.0209036,0.0208831,0.020862,0
0.0206178,0.0206388,0.020659,0.0206786,0.0206976,0.0207159,0.0207336,0.0207506,0.0207669,0.0207826,0.0207976,0.0208119,0.0208256,0.0208386,0.0208508,0.0208625,0.0208735,0.0208837,0.0208934,0.0209023,0.0209106,0.0209181,0.020925,0.0209311,0.0209367,0.0209415,0.0209456,0.0209491,0.0209518,0.0209539,0.0209553,0.0209559,0.0209559,0.0209553,0.0209539,0.0209518,0.0209491,0.0209455,0.0209415,0.0209367,0.0209311,0.0209249,0.0209181,0.0209105,0.0209023,0.0208935,0.0208837,0.0208734,0.0208626,0.0208509,0.0208385,0.0208256,0.0208118,0.0207976,0.0207826,0.0207669,0.0207506,0.0207336,0.0207158,0.0206976,0.0206786,0.020659,0.0206388,0.0206178,0
0.0203737,0.0203944,0.0204144,0.0204338,0.0204526,0.0204706,0.0204881,0.0205049,0.020521,0.0205365,0.0205513,0.0205655,0.020579,0.0205918,0.020604,0.0206155,0.0206264,0.0206365,0.020646,0.0206548,0.020663,0.0206705,0.0206772,0.0206833,0.0206888,0.0206936,0.0206976,0.0207011,0.0207038,0.0207058,0.0207072,0.0207078,0.0207078,0.0207072,0.0207058,0.0207038,0.0207011,0.0206976,0.0206937,0.0206887,0.0206834,0.0206772,0.0206705,0.0206629,0.0206548,0.0206461,0.0206364,0.0206263,0.0206155,0.020604,0.020592,0.020579,0.0205655,0.0205513,0.0205365,0.020521,0.0205048,0.0204881,0.0204707,0.0204525,0.0204338,0.0204145,0.0203944,0.0203737,0
0.0201296,0.02015,0.0201699,0.020189,0.0202075,0.0202254,0.0202426,0.0202592,0.0202752,0.0202905,0.0203051,0.0203191,0.0203325,0.0203452,0.0203571,0.0203685,0.0203792,0.0203893,0.0203987,0.0204073,0.0204154,0.0204228,0.0204295,0.0204355,0.0204409,0.0204456,0.0204496,0.020453,0.0204557,0.0204577,0.0204591,0.0204597,0.0204598,0.0204591,0.0204577,0.0204557,0.020453,0.0204498,0.0204456,0.0204409,0.0204355,0.0204295,0.0204228,0.0204154,0.0204073,0.0203986,0.0203892,0.0203793,0.0203686,0.020357,0.0203451,0.0203326,0.0203191,0.020305,0.0202904,0.0202752,0.0202593,0.0202427,0.0202254,0.0202074,0.020189,0.0201699,0.0201501,0.0201296,0
0.0198855,0.0199057,0.0199252,0.0199442,0.0199625,0.0199801,0.0199971,0.0200135,0.0200293,0.0200444,0.0200589,0.0200727,0.0200859,0.0200984,0.0201103,0.0201215,0.0201321,0.020142,0.0201513,0.0201599,0.0201678,0.0201752,0.0201817,0.0201877,0.020193,0.0201977,0.0202017,0.020205,0.0202076,0.0202096,0.020211,0.0202116,0.0202116,0.020211,0.0202096,0.0202076,0.020205,0.0202016,0.0201977,0.020193,0.0201877,0.0201818,0.0201751,0.0201678,0.0201598,0.0201513,0.020142,0.0201321,0.0201216,0.0201102,0.0200984,0.0200857,0.0200728,0.0200589,0.0200443,0.0200293,0.0200136,0.0199971,0.0199802,0.0199623,0.0199442,0.0199252,0.0199057,0.0198855,0
0.0196414,0.0196613,0.0196806,0.0196993,0.0197174,0.0197348,0.0197517,0.0197678,0.0197834,0.0197983,0.0198126,0.0198263,0.0198393,0.0198517,0.0198634,0.0198745,0.0198849,0.0198947,0.0199039,0.0199124,0.0199202,0.0199274,0.019934,0.0199399,0.0199451,0.0199497,0.0199537,0.0199569,0.0199595,0.0199615,0.0199628,0.0199635,0.0199635,0.0199628,0.0199615,0.0199596,0.0199569,0.0199537,0.0199497,0.0199451,0.0199399,0.0199339,0.0199274,0.0199202,0.0199124,0.0199039,0.0198947,0.0198849,0.0198745,0.0198634,0.0198518,0.0198393,0.0198262,0.0198126,0.0197984,0.0197834,0.0197679,0.0197517,0.0197347,0.0197175,0.0196993,0.0196806,0.0196613,0.0196414,0
0.0193973,0.0194169,0.019436,0.0194544,0.0194723,0.0194895,0.0195062,0.0195221,0.0195375,0.0195522,0.0195664,0.0195799,0.0195927,0.0196049,0.0196165,0.0196275,0.0196378,0.0196475,0.0196565,0.0196648,0.0196727,0.0196797,0.0196862,0.0196921,0.0196972,0.0197018,0.0197056,0.0197089,0.0197114,0.0197134,0.0197148,0.0197153,0.0197154,0.0197147,0.0197135,0.0197114,0.0197089,0.0197057,0.0197018,0.0196972,0.0196919,0.0196862,0.0196798,0.0196726,0.0196649,0.0196565,0.0196474,0.0196378,0.0196275,0.0196165,0.0196049,0.0195928,0.0195798,0.0195664,0.0195522,0.0195374,0.0195222,0.0195061,0.0194896,0.0194722,0.0194545,0.019436,0.0194169,0.0193973,0
0.0191531,0.0191725,0.0191914,0.0192096,0.0192272,0.0192442,0.0192607,0.0192764,0.0192916,0.0193062,0.0193201,0.0193334,0.0193461,0.0193582,0.0193696,0.0193805,0.0193906,0.0194002,0.0194091,0.0194174,0.019425,0.0194321,0.0194384,0.0194442,0.0194493,0.0194538,0.0194576,0.0194609,0.0194634,0.0194653,0.0194666,0.0194672,0.0194672,0.0194666,0.0194653,0.0194634,0.0194608,0.0194576,0.0194538,0.0194494,0.0194441,0.0194385,0.0194321,0.019425,0.0194173,0.0194092,0.0194001,0.0193907,0.0193803,0.0193696,0.0193582,0.0193461,0.0193335,0.01932,0.0193062,0.0192915,0.0192765,0.0192606,0.0192442,0.0192273,0.0192096,0.0191914,0.0191725,0.0191532,0
0.018909,0.0189281,0.0189468,0.0189648,0.0189821,0.018999,0.0190151,0.0190307,0.0190457,0.01906,0.0190738,0.019087,0.0190995,0.0191114,0.0191227,0.0191334,0.0191434,0.0191529,0.0191617,0.0191698,0.0191774,0.0191844,0.0191907,0.0191963,0.0192014,0.0192058,0.0192096,0.0192128,0.0192153,0.0192172,0.0192184,0.019219,0.0192191,0.0192184,0.0192172,0.0192153,0.0192128,0.0192096,0.0192059,0.0192014,0.0191963,0.0191907,0.0191844,0.0191774,0.0191698,0.0191617,0.0191529,0.0191435,0.0191333,0.0191227,0.0191114,0.0190995,0.019087,0.0190738,0.01906,0.0190457,0.0190307,0.0190152,0.0189989,0.0189822,0.0189648,0.0189468,0.0189282,0.018909,0
0.0186648,0.0186838,0.0187021,0.0187199,0.018737,0.0187536,0.0187696,0.018785,0.0187998,0.0188139,0.0188275,0.0188405,0.0188529,0.0188646,0.0188758,0.0188863,0.0188962,0.0189056,0.0189142,0.0189223,0.0189298,0.0189366,0.0189429,0.0189484,0.0189534,0.0189579,0.0189615,0.0189647,0.0189672,0.0189691,0.0189703,0.0189709,0.018971,0.0189703,0.0189691,0.0189672,0.0189647,0.0189615,0.0189578,0.0189536,0.0189483,0.018943,0.0189366,0.0189298,0.0189223,0.0189142,0.0189055,0.0188963,0.0188863,0.0188757,0.0188646,0.0188529,0.0188404,0.0188276,0.018814,0.0187998,0.0187849,0.0187697,0.0187536,0.018737,0.0187199,0.018702,0.0186839,0.0186647,0
0.0184206,0.0184394,0.0184574,0.018475,0.018492,0.0185083,0.0185241,0.0185392,0.0185539,0.0185678,0.0185812,0.0185941,0.0186063,0.0186179,0.0186288,0.0186393,0.018649,0.0186583,0.0186668,0.0186749,0.0186822,0.0186889,0.0186951,0.0187006,0.0187055,0.0187098,0.0187135,0.0187166,0.0187191,0.0187209,0.0187222,0.0187227,0.0187228,0.0187221,0.0187209,0.018719,0.0187166,0.0187135,0.0187098,0.0187055,0.0187006,0.0186951,0.0186889,0.0186821,0.0186749,0.0186669,0.0186583,0.0186491,0.0186392,0.0186288,0.0186179,0.0186062,0.0185941,0.0185812,0.0185679,0.0185539,0.0185393,0.0185239,0.0185083,0.018492,0.0184751,0.0184574,0.0184394,0.0184206,0
0.0181765,0.0181949,0.0182128,0.0182301,0.0182468,0.018263,0.0182785,0.0182935,0.0183079,0.0183217,0.0183349,0.0183476,0.0183596,0.0183711,0.018382,0.0183922,0.0184019,0.0184109,0.0184194,0.0184273,0.0184345,0.0184412,0.0184473,0.0184528,0.0184575,0.0184618,0.0184655,0.0184685,0.0184709,0.0184727,0.018474,0.0184746,0.0184746,0.018474,0.0184727,0.0184709,0.0184685,0.0184655,0.0184618,0.0184576,0.0184526,0.0184473,0.0184412,0.0184345,0.0184274,0.0184194,0.0184109,0.0184019,0.0183922,0.0183818,0.0183711,0.0183597,0.0183476,0.018335,0.0183216,0.0183079,0.0182935,0.0182785,0.018263,0.0182469,0.0182301,0.0182128,0.018195,0.0181764,0
0.0179323,0.0179505,0.0179681,0.0179852,0.0180017,0.0180176,0.018033,0.0180478,0.018062,0.0180756,0.0180886,0.0181011,0.018113,0.0181243,0.018135,0.0181451,0.0181546,0.0181636,0.018172,0.0181797,0.0181869,0.0181934,0.0181994,0.0182049,0.0182096,0.0182138,0.0182174,0.0182204,0.0182227,0.0182246,0.0182258,0.0182264,0.0182264,0.0182258,0.0182246,0.0182228,0.0182204,0.0182174,0.0182138,0.0182096,0.0182049,0.0181994,0.0181935,0.0181869,0.0181797,0.018172,0.0181636,0.0181546,0.0181452,0.018135,0.0181242,0.018113,0.0181011,0.0180887,0.0180756,0.0180619,0.0180478,0.018033,0.0180176,0.0180017,0.0179852,0.0179682,0.0179504,0.0179323,0
0.0176881,0.0177061,0.0177235,0.0177403,0.0177566,0.0177723,0.0177874,0.017802,0.017816,0.0178294,0.0178423,0.0178546,0.0178663,0.0178775,0.0178881,0.017898,0.0179074,0.0179163,0.0179245,0.0179321,0.0179393,0.0179457,0.0179517,0.0179569,0.0179617,0.0179658,0.0179693,0.0179723,0.0179747,0.0179764,0.0179776,0.0179783,0.0179782,0.0179776,0.0179765,0.0179746,0.0179723,0.0179694,0.0179658,0.0179616,0.0179569,0.0179516,0.0179459,0.0179391,0.0179323,0.0179244,0.0179162,0.0179075,0.0178981,0.0178881,0.0178775,0.0178664,0.0178546,0.0178424,0.0178294,0.0178159,0.017802,0.0177875,0.0177722,0.0177567,0.0177402,0.0177234,0.0177062,0.0176882,0
0.0174439,0.0174616,0.0174788,0.0174954,0.0175114,0.0175269,0.0175419,0.0175563,0.01757,0.0175833,0.017596,0.0176081,0.0176197,0.0176307,0.0176411,0.017651,0.0176602,0.017669,0.0176771,0.0176846,0.0176916,0.0176979,0.0177038,0.017709,0.0177137,0.0177178,0.0177213,0.0177242,0.0177265,0.0177283,0.0177294,0.01773,0.0177301,0.0177294,0.0177283,0.0177265,0.0177242,0.0177212,0.0177178,0.0177137,0.017709,0.0177038,0.017698,0.0176915,0.0176847,0.0176771,0.0176688,0.0176603,0.017651,0.0176411,0.0176307,0.0176197,0.017608,0.017596,0.0175834,0.01757,0.0175562,0.017542,0.0175269,0.0175114,0.0174954,0.0174788,0.0174617,0.0174439,0
0.0171997,0.0172172,0.0172341,0.0172505,0.0172663,0.0172816,0.0172963,0.0173104,0.0173241,0.0173372,0.0173497,0.0173616,0.017373,0.0173838,0.0173942,0.0174038,0.017413,0.0174216,0.0174296,0.017437,0.0174439,0.0174502,0.017456,0.0174611,0.0174657,0.0174697,0.0174732,0.0174761,0.0174783,0.0174801,0.0174812,0.0174818,0.0174818,0.0174812,0.0174801,0.0174783,0.0174761,0.0174732,0.0174697,0.0174658,0.0174611,0.0174559,0.0174502,0.017444,0.017437,0.0174296,0.0174216,0.017413,0.0174038,0.0173941,0.0173839,0.017373,0.0173618,0.0173496,0.0173371,0.0173242,0.0173105,0.0172962,0.0172815,0.0172663,0.0172505,0.0172341,0.0172172,0.0171998,0
0.0169555,0.0169727,0.0169894,0.0170055,0.0170211,0.0170362,0.0170507,0.0170647,0.0170781,0.017091,0.0171033,0.0171151,0.0171264,0.017137,0.0171472,0.0171568,0.0171657,0.0171742,0.0171821,0.0171894,0.0171962,0.0172024,0.0172082,0.0172132,0.0172178,0.0172217,0.0172251,0.0172279,0.0172302,0.0172319,0.017233,0.0172336,0.0172336,0.017233,0.0172319,0.0172302,0.0172279,0.0172251,0.0172217,0.0172178,0.0172132,0.0172081,0.0172026,0.0171962,0.0171895,0.0171821,0.0171741,0.0171658,0.0171567,0.0171472,0.0171371,0.0171264,0.017115,0.0171033,0.017091,0.0170782,0.0170647,0.0170506,0.0170362,0.0170212,0.0170056,0.0169894,0.0169728,0.0169556,0
0.0167113,0.0167283,0.0167447,0.0167606,0.016776,0.0167908,0.0168051,0.0168189,0.0168321,0.0168448,0.016857,0.0168686,0.0168797,0.0168902,0.0169002,0.0169096,0.0169185,0.0169268,0.0169346,0.0169419,0.0169485,0.0169547,0.0169602,0.0169653,0.0169697,0.0169737,0.016977,0.0169798,0.016982,0.0169837,0.0169848,0.0169854,0.0169854,0.0169848,0.0169837,0.016982,0.0169798,0.016977,0.0169737,0.0169697,0.0169653,0.0169603,0.0169547,0.0169485,0.0169419,0.0169346,0.0169269,0.0169184,0.0169096,0.0169003,0.0168902,0.0168797,0.0168686,0.016857,0.0168447,0.0168322,0.0168189,0.0168052,0.0167907,0.016776,0.0167606,0.0167447,0.0167282,0.0167114,0
0.0164671,0.0164838,0.0165,0.0165156,0.0165308,0.0165454,0.0165595,0.0165731,0.0165862,0.0165986,0.0166107,0.0166221,0.016633,0.0166434,0.0166532,0.0166625,0.0166712,0.0166795,0.0166872,0.0166943,0.0167009,0.0167069,0.0167124,0.0167174,0.0167217,0.0167255,0.0167289,0.0167317,0.0167338,0.0167355,0.0167366,0.0167371,0.0167372,0.0167366,0.0167355,0.0167338,0.0167316,0.0167289,0.0167256,0.0167217,0.0167173,0.0167124,0.0167069,0.0167009,0.0166944,0.016687,0.0166795,0.0166712,0.0166625,0.0166532,0.0166434,0.016633,0.0166221,0.0166106,0.0165987,0.0165861,0.0165732,0.0165596,0.0165454,0.0165308,0.0165156,0.0165,0.0164838,0.0164671,0
0.0162228,0.0162393,0.0162553,0.0162707,0.0162856,0.0163001,0.0163139,0.0163273,0.0163401,0.0163525,0.0163643,0.0163756,0.0163863,0.0163965,0.0164062,0.0164154,0.016424,0.0164321,0.0164397,0.0164467,0.0164531,0.0164591,0.0164645,0.0164694,0.0164737,0.0164775,0.0164807,0.0164835,0.0164856,0.0164872,0.0164884,0.0164889,0.0164889,0.0164883,0.0164873,0.0164856,0.0164835,0.0164807,0.0164775,0.0164737,0.0164694,0.0164645,0.0164591,0.0164531,0.0164467,0.0164396,0.0164322,0.0164239,0.0164155,0.0164062,0.0163965,0.0163863,0.0163755,0.0163642,0.0163525,0.0163401,0.0163274,0.0163139,0.0163,0.0162855,0.0162708,0.0162553,0.0162393,0.016223,0
0.0159786,0.0159948,0.0160106,0.0160257,0.0160404,0.0160546,0.0160683,0.0160815,0.0160941,0.0161063,0.0161179,0.016129,0.0161396,0.0161497,0.0161592,0.0161682,0.0161767,0.0161847,0.0161921,0.0161991,0.0162054,0.0162113,0.0162166,0.0162214,0.0162258,0.0162294,0.0162327,0.0162353,0.0162374,0.016239,0.0162401,0.0162407,0.0162407,0.0162401,0.016239,0.0162374,0.0162354,0.0162326,0.0162295,0.0162257,0.0162215,0.0162166,0.0162113,0.0162055,0.0161991,0.0161922,0.0161847,0.0161767,0.0161682,0.0161592,0.0161496,0.0161396,0.016129,0.0161179,0.0161062,0.0160942,0.0160815,0.0160682,0.0160547,0.0160404,0.0160258,0.0160105,0.0159948,0.0159786,0
0.0157343,0.0157503,0.0157658,0.0157808,0.0157952,0.0158092,0.0158227,0.0158357,0.0158481,0.0158601,0.0158715,0.0158825,0.0158929,0.0159028,0.0159122,0.0159211,0.0159295,0.0159373,0.0159447,0.0159515,0.0159577,0.0159635,0.0159688,0.0159734,0.0159777,0.0159814,0.0159845,0.0159872,0.0159892,0.0159908,0.0159919,0.0159924,0.0159924,0.0159919,0.0159909,0.0159892,0.0159871,0.0159845,0.0159814,0.0159777,0.0159734,0.0159688,0.0159635,0.0159577,0.0159515,0.0159446,0.0159374,0.0159293,0.0159211,0.0159122,0.0159029,0.0158929,0.0158825,0.0158715,0.0158601,0.0158482,0.0158356,0.0158228,0.0158092,0.0157951,0.0157808,0.0157659,0.0157503,0.0157343,0
0.0155931,0.0156089,0.0156243,0.0156391,0.0156535,0.0156673,0.0156806,0.0156935,0.0157059,0.0157177,0.015729,0.0157399,0.0157502,0.01576,0.0157694,0.0157782,0.0157864,0.0157943,0.0158015,0.0158082,0.0158145,0.0158202,0.0158254,0.01583,0.0158343,0.0158378,0.015841,0.0158436,0.0158457,0.0158473,0.0158483,0.0158488,0.0158488,0.0158483,0.0158473,0.0158457,0.0158436,0.015841,0.0158378,0.0158343,0.01583,0.0158254,0.0158202,0.0158145,0.0158082,0.0158015,0.0157942,0.0157865,0.0157781,0.0157695,0.0157599,0.0157502,0.0157399,0.0157291,0.0157176,0.0157059,0.0156935,0.0156806,0.0156673,0.0156535,0.0156391,0.0156242,0.0156089,0.0155933,0
0.0154518,0.0154675,0.0154827,0.0154974,0.0155116,0.0155253,0.0155386,0.0155513,0.0155636,0.0155753,0.0155865,0.0155973,0.0156075,0.0156173,0.0156265,0.0156352,0.0156434,0.0156512,0.0156583,0.0156651,0.0156712,0.0156769,0.015682,0.0156867,0.0156907,0.0156944,0.0156975,0.0157001,0.0157021,0.0157037,0.0157048,0.0157052,0.0157053,0.0157047,0.0157037,0.0157022,0.0157,0.0156975,0.0156944,0.0156908,0.0156866,0.015682,0.0156769,0.0156712,0.015665,0.0156584,0.0156511,0.0156435,0.0156351,0.0156265,0.0156173,0.0156075,0.0155973,0.0155865,0.0155753,0.0155636,0.0155513,0.0155386,0.0155255,0.0155115,0.0154974,0.0154827,0.0154676,0.0154518,0
0.0153106,0.0153261,0.0153412,0.0153557,0.0153698,0.0153834,0.0153965,0.0154091,0.0154213,0.0154329,0.0154441,0.0154547,0.0154648,0.0154745,0.0154836,0.0154923,0.0155004,0.0155081,0.0155152,0.0155218,0.0155279,0.0155336,0.0155386,0.0155433,0.0155473,0.0155509,0.015554,0.0155565,0.0155586,0.0155602,0.0155611,0.0155617,0.0155616,0.0155612,0.0155601,0.0155586,0.0155566,0.015554,0.0155509,0.0155474,0.0155432,0.0155386,0.0155336,0.015528,0.0155218,0.0155151,0.0155081,0.0155004,0.0154923,0.0154836,0.0154744,0.0154648,0.0154548,0.015444,0.015433,0.0154213,0.0154091,0.0153965,0.0153835,0.0153698,0.0153557,0.0153413,0.015326,0.0153106,0
0.0151693,0.0151847,0.0151996,0.0152141,0.015228,0.0152415,0.0152544,0.015267,0.015279,0.0152905,0.0153016,0.0153121,0.0153221,0.0153317,0.0153408,0.0153493,0.0153574,0.015365,0.015372,0.0153786,0.0153846,0.0153903,0.0153952,0.0153999,0.0154039,0.0154074,0.0154105,0.015413,0.015415,0.0154166,0.0154176,0.0154181,0.0154181,0.0154176,0.0154165,0.0154151,0.015413,0.0154105,0.0154074,0.0154039,0.0153998,0.0153953,0.0153902,0.0153847,0.0153786,0.015372,0.0153649,0.0153574,0.0153493,0.0153408,0.0153316,0.0153222,0.0153121,0.0153016,0.0152905,0.0152789,0.0152669,0.0152546,0.0152414,0.015228,0.015214,0.0151997,0.0151846,0.0151694,0
0.015028,0.0150433,0.0150581,0.0150723,0.0150862,0.0150996,0.0151124,0.0151248,0.0151367,0.0151481,0.015159,0.0151695,0.0151795,0.0151889,0.0151979,0.0152064,0.0152144,0.0152219,0.0152289,0.0152354,0.0152414,0.0152469,0.0152519,0.0152564,0.0152605,0.0152639,0.015267,0.0152695,0.0152715,0.015273,0.015274,0.0152745,0.0152745,0.015274,0.015273,0.0152715,0.0152695,0.015267,0.0152639,0.0152604,0.0152565,0.0152519,0.0152469,0.0152414,0.0152354,0.0152289,0.0152219,0.0152143,0.0152064,0.0151979,0.0151889,0.0151795,0.0151695,0.015159,0.015148,0.0151367,0.0151248,0.0151124,0.0150995,0.0150862,0.0150722,0.0150582,0.0150433,0.015028,0
0.0148868,0.0149019,0.0149165,0.0149306,0.0149444,0.0149576,0.0149703,0.0149826,0.0149944,0.0150057,0.0150165,0.0150269,0.0150367,0.0150461,0.015055,0.0150634,0.0150714,0.0150788,0.0150857,0.0150921,0.0150981,0.0151035,0.0151085,0.015113,0.0151169,0.0151204,0.0151234,0.0151259,0.0151279,0.0151294,0.0151304,0.0151309,0.0151309,0.0151304,0.0151294,0.0151279,0.0151259,0.0151234,0.0151204,0.015117,0.0151129,0.0151085,0.0151036,0.0150981,0.0150921,0.0150857,0.0150787,0.0150714,0.0150634,0.015055,0.0150461,0.0150367,0.0150268,0.0150167,0.0150057,0.0149944,0.0149826,0.0149703,0.0149575,0.0149443,0.0149307,0.0149165,0.0149018,0.0148869,0
0.0147455,0.0147604,0.0147749,0.0147889,0.0148025,0.0148156,0.0148282,0.0148404,0.0148521,0.0148633,0.014874,0.0148843,0.014894,0.0149033,0.0149121,0.0149205,0.0149283,0.0149356,0.0149425,0.0149489,0.0149548,0.0149602,0.0149651,0.0149696,0.0149735,0.014977,0.0149798,0.0149824,0.0149843,0.0149858,0.0149868,0.0149873,0.0149872,0.0149868,0.0149858,0.0149843,0.0149824,0.0149798,0.014977,0.0149735,0.0149696,0.0149651,0.0149602,0.0149547,0.014949,0.0149425,0.0149357,0.0149283,0.0149205,0.0149121,0.0149033,0.0148941,0.0148843,0.014874,0.0148633,0.0148522,0.0148404,0.0148282,0.0148156,0.0148026,0.014789,0.0147749,0.0147605,0.0147454,0
0.0146042,0.014619,0.0146333,0.0146473,0.0146607,0.0146737,0.0146862,0.0146982,0.0147098,0.0147209,0.0147315,0.0147417,0.0147513,0.0147605,0.0147693,0.0147775,0.0147853,0.0147925,0.0147994,0.0148056,0.0148115,0.0148169,0.0148217,0.0148262,0.01483,0.0148335,0.0148363,0.0148388,0.0148407,0.0148422,0.0148432,0.0148436,0.0148437,0.0148432,0.0148422,0.0148408,0.0148388,0.0148363,0.0148335,0.01483,0.0148261,0.0148218,0.0148169,0.0148115,0.0148057,0.0147994,0.0147926,0.0147852,0.0147775,0.0147693,0.0147606,0.0147513,0.0147417,0.0147315,0.0147208,0.0147097,0.0146983,0.0146862,0.0146736,0.0146606,0.0146474,0.0146333,0.014619,0.0146042,0
0.0144629,0.0144776,0.0144918,0.0145056,0.0145188,0.0145317,0.0145441,0.014556,0.0145674,0.0145785,0.014589,0.014599,0.0146086,0.0146177,0.0146264,0.0146345,0.0146422,0.0146494,0.0146562,0.0146624,0.0146682,0.0146735,0.0146783,0.0146827,0.0146865,0.0146899,0.0146928,0.0146952,0.0146971,0.0146986,0.0146996,0.0147001,0.0147001,0.0146996,0.0146986,0.0146971,0.0146952,0.0146928,0.0146899,0.0146865,0.0146827,0.0146783,0.0146735,0.0146682,0.0146624,0.0146562,0.0146495,0.0146422,0.0146345,0.0146263,0.0146177,0.0146086,0.014599,0.014589,0.0145784,0.0145675,0.0145559,0.0145441,0.0145317,0.0145187,0.0145056,0.0144918,0.0144775,0.0144629,0
0.0143216,0.0143361,0.0143502,0.0143638,0.014377,0.0143897,0.014402,0.0144138,0.0144251,0.014436,0.0144464,0.0144564,0.0144659,0.0144749,0.0144835,0.0144915,0.0144992,0.0145063,0.014513,0.0145192,0.0145249,0.0145302,0.0145349,0.0145392,0.0145431,0.0145464,0.0145493,0.0145516,0.0145536,0.014555,0.014556,0.0145565,0.0145565,0.0145559,0.014555,0.0145536,0.0145516,0.0145493,0.0145464,0.0145431,0.0145392,0.014535,0.0145302,0.0145249,0.0145192,0.014513,0.0145063,0.0144992,0.0144916,0.0144835,0.0144749,0.0144659,0.0144564,0.0144464,0.014436,0.0144252,0.0144137,0.014402,0.0143898,0.014377,0.0143638,0.0143502,0.0143361,0.0143216,0
0.0141803,0.0141947,0.0142086,0.0142221,0.0142351,0.0142477,0.0142599,0.0142716,0.0142828,0.0142936,0.0143039,0.0143138,0.0143231,0.0143321,0.0143405,0.0143486,0.0143561,0.0143632,0.0143698,0.0143759,0.0143816,0.0143868,0.0143915,0.0143958,0.0143996,0.0144029,0.0144057,0.0144081,0.01441,0.0144114,0.0144123,0.0144128,0.0144128,0.0144124,0.0144114,0.01441,0.0144081,0.0144057,0.0144029,0.0143995,0.0143958,0.0143915,0.0143868,0.0143816,0.0143759,0.0143698,0.0143632,0.0143561,0.0143486,0.0143405,0.0143321,0.0143232,0.0143138,0.0143039,0.0142936,0.0142828,0.0142715,0.0142599,0.0142478,0.0142351,0.0142221,0.0142087,0.0141946,0.0141803,0
0.014039,0.0140532,0.014067,0.0140804,0.0140933,0.0141058,0.0141178,0.0141294,0.0141405,0.0141512,0.0141613,0.0141711,0.0141804,0.0141893,0.0141977,0.0142056,0.0142131,0.0142201,0.0142266,0.0142327,0.0142383,0.0142434,0.0142481,0.0142524,0.0142561,0.0142593,0.0142622,0.0142645,0.0142664,0.0142678,0.0142688,0.0142692,0.0142692,0.0142688,0.0142678,0.0142664,0.0142645,0.0142622,0.0142593,0.0142561,0.0142523,0.0142481,0.0142434,0.0142383,0.0142326,0.0142266,0.0142201,0.014213,0.0142056,0.0141976,0.0141892,0.0141804,0.0141711,0.0141614,0.0141512,0.0141405,0.0141293,0.0141178,0.0141058,0.0140933,0.0140804,0.0140669,0.0140533,0.014039,0
0.0138977,0.0139118,0.0139254,0.0139387,0.0139515,0.0139638,0.0139757,0.0139872,0.0139982,0.0140087,0.0140188,0.0140285,0.0140377,0.0140465,0.0140547,0.0140626,0.01407,0.0140769,0.0140834,0.0140894,0.0140949,0.0141001,0.0141047,0.0141088,0.0141126,0.0141159,0.0141186,0.0141209,0.0141228,0.0141242,0.0141252,0.0141256,0.0141255,0.0141252,0.0141242,0.0141228,0.0141209,0.0141187,0.0141158,0.0141126,0.0141088,0.0141047,0.0141001,0.0140949,0.0140894,0.0140834,0.0140769,0.01407,0.0140626,0.0140548,0.0140464,0.0140377,0.0140285,0.0140188,0.0140087,0.0139982,0.0139871,0.0139757,0.0139638,0.0139514,0.0139387,0.0139254,0.0139117,0.0138978,0
0.0137563,0.0137703,0.0137838,0.0137969,0.0138096,0.0138218,0.0138336,0.0138449,0.0138558,0.0138663,0.0138763,0.0138858,0.0138949,0.0139036,0.0139118,0.0139196,0.0139269,0.0139338,0.0139402,0.0139462,0.0139516,0.0139567,0.0139613,0.0139654,0.0139691,0.0139723,0.0139751,0.0139773,0.0139792,0.0139806,0.0139815,0.0139819,0.013982,0.0139815,0.0139806,0.0139792,0.0139773,0.0139751,0.0139723,0.0139691,0.0139654,0.0139613,0.0139567,0.0139517,0.0139461,0.0139402,0.0139338,0.0139269,0.0139196,0.0139118,0.0139036,0.013895,0.0138859,0.0138763,0.0138662,0.0138558,0.013845,0.0138335,0.0138218,0.0138096,0.0137969,0.0137839,0.0137702,0.0137563,0
0.013615,0.0136288,0.0136422,0.0136552,0.0136677,0.0136798,0.0136915,0.0137027,0.0137135,0.0137238,0.0137337,0.0137432,0.0137522,0.0137608,0.0137689,0.0137766,0.0137838,0.0137906,0.013797,0.0138029,0.0138083,0.0138133,0.0138178,0.013822,0.0138256,0.0138288,0.0138314,0.0138338,0.0138356,0.0138369,0.0138379,0.0138384,0.0138383,0.0138379,0.0138369,0.0138356,0.0138338,0.0138315,0.0138288,0.0138256,0.0138219,0.0138178,0.0138133,0.0138084,0.0138029,0.0137969,0.0137907,0.0137839,0.0137766,0.0137689,0.0137608,0.0137522,0.0137432,0.0137337,0.0137238,0.0137135,0.0137027,0.0136915,0.0136798,0.0136677,0.0136552,0.0136422,0.013629,0.013615,0
0.0134737,0.0134874,0.0135006,0.0135135,0.0135258,0.0135378,0.0135493,0.0135605,0.0135711,0.0135814,0.0135912,0.0136005,0.0136095,0.0136179,0.013626,0.0136336,0.0136408,0.0136475,0.0136538,0.0136596,0.013665,0.0136699,0.0136744,0.0136785,0.0136821,0.0136852,0.0136879,0.0136902,0.013692,0.0136933,0.0136942,0.0136946,0.0136946,0.0136943,0.0136933,0.013692,0.0136902,0.013688,0.0136852,0.0136821,0.0136784,0.0136744,0.0136699,0.013665,0.0136596,0.0136538,0.0136475,0.0136408,0.0136336,0.013626,0.0136179,0.0136095,0.0136005,0.0135912,0.0135814,0.0135711,0.0135604,0.0135494,0.0135378,0.0135258,0.0135134,0.0135006,0.0134875,0.0134736,0
0.0133324,0.0133459,0.013359,0.0133717,0.013384,0.0133958,0.0134072,0.0134182,0.0134288,0.0134389,0.0134486,0.0134579,0.0134667,0.0134751,0.0134831,0.0134906,0.0134977,0.0135044,0.0135106,0.0135163,0.0135216,0.0135266,0.013531,0.013535,0.0135386,0.0135416,0.0135444,0.0135465,0.0135484,0.0135497,0.0135506,0.0135511,0.013551,0.0135506,0.0135497,0.0135484,0.0135466,0.0135443,0.0135417,0.0135385,0.013535,0.013531,0.0135266,0.0135217,0.0135163,0.0135106,0.0135043,0.0134977,0.0134906,0.0134831,0.0134751,0.0134667,0.0134578,0.0134487,0.0134389,0.0134288,0.0134182,0.0134072,0.0133958,0.013384,0.0133717,0.013359,0.013346,0.0133324,0
0.0131911,0.0132044,0.0132174,0.01323,0.0132421,0.0132538,0.0132651,0.013276,0.0132864,0.0132965,0.0133061,0.0133152,0.013324,0.0133323,0.0133401,0.0133476,0.0133546,0.0133612,0.0133673,0.013373,0.0133783,0.0133832,0.0133876,0.0133915,0.013395,0.0133981,0.0134008,0.013403,0.0134047,0.013406,0.0134069,0.0134074,0.0134073,0.0134069,0.013406,0.0134048,0.0134029,0.0134008,0.0133981,0.013395,0.0133916,0.0133876,0.0133832,0.0133783,0.013373,0.0133674,0.0133612,0.0133547,0.0133476,0.0133402,0.0133322,0.013324,0.0133152,0.013306,0.0132965,0.0132864,0.013276,0.0132651,0.0132539,0.0132421,0.01323,0.0132174,0.0132045,0.013191,0
0.0132941,0.0133076,0.0133207,0.0133333,0.0133455,0.0133574,0.0133687,0.0133797,0.0133902,0.0134003,0.01341,0.0134192,0.0134281,0.0134364,0.0134444,0.0134519,0.0134589,0.0134656,0.0134718,0.0134775,0.0134828,0.0134877,0.0134922,0.0134961,0.0134997,0.0135028,0.0135055,0.0135077,0.0135095,0.0135108,0.0135117,0.0135121,0.0135121,0.0135117,0.0135108,0.0135095,0.0135077,0.0135055,0.0135028,0.0134997,0.0134962,0.0134922,0.0134877,0.0134828,0.0134776,0.0134717,0.0134656,0.013459,0.0134519,0.0134444,0.0134364,0.013428,0.0134193,0.01341,0.0134003,0.0133902,0.0133797,0.0133687,0.0133574,0.0133455,0.0133333,0.0133206,0.0133076,0.0132941,0
0.0133972,0.0134108,0.0134239,0.0134367,0.013449,0.0134609,0.0134724,0.0134834,0.013494,0.0135042,0.013514,0.0135233,0.0135321,0.0135406,0.0135486,0.0135562,0.0135633,0.01357,0.0135762,0.013582,0.0135874,0.0135923,0.0135967,0.0136008,0.0136043,0.0136075,0.0136102,0.0136124,0.0136142,0.0136155,0.0136164,0.0136169,0.0136169,0.0136164,0.0136155,0.0136142,0.0136124,0.0136102,0.0136074,0.0136043,0.0136008,0.0135968,0.0135922,0.0135874,0.013582,0.0135762,0.01357,0.0135633,0.0135561,0.0135486,0.0135406,0.0135322,0.0135233,0.0135139,0.0135042,0.0134941,0.0134834,0.0134724,0.0134609,0.013449,0.0134367,0.013424,0.0134107,0.0133972,0
0.0135002,0.0135139,0.0135272,0.01354,0.0135525,0.0135645,0.013576,0.0135871,0.0135978,0.0136081,0.0136179,0.0136273,0.0136362,0.0136448,0.0136528,0.0136604,0.0136676,0.0136743,0.0136807,0.0136865,0.0136919,0.0136968,0.0137013,0.0137054,0.013709,0.0137122,0.0137148,0.0137171,0.0137189,0.0137203,0.0137212,0.0137216,0.0137216,0.0137212,0.0137203,0.0137189,0.0137171,0.0137148,0.0137122,0.013709,0.0137054,0.0137013,0.0136968,0.0136919,0.0136865,0.0136806,0.0136744,0.0136676,0.0136604,0.0136529,0.0136448,0.0136362,0.0136273,0.0136179,0.0136081,0.0135978,0.0135871,0.013576,0.0135645,0.0135525,0.01354,0.0135272,0.0135139,0.0135002,0
0.0136033,0.0136171,0.0136305,0.0136434,0.0136559,0.013668,0.0136797,0.0136909,0.0137016,0.013712,0.0137219,0.0137313,0.0137404,0.0137489,0.0137571,0.0137647,0.013772,0.0137787,0.0137851,0.013791,0.0137964,0.0138014,0.013806,0.01381,0.0138137,0.0138168,0.0138195,0.0138218,0.0138236,0.0138251,0.0138259,0.0138264,0.0138264,0.013826,0.013825,0.0138237,0.0138218,0.0138196,0.0138168,0.0138137,0.01381,0.0138059,0.0138014,0.0137964,0.013791,0.0137851,0.0137787,0.013772,0.0137647,0.0137571,0.0137489,0.0137404,0.0137313,0.0137219,0.013712,0.0137017,0.0136908,0.0136797,0.013668,0.013656,0.0136434,0.0136305,0.013617,0.0136033,0
0.0137064,0.0137203,0.0137338,0.0137468,0.0137594,0.0137716,0.0137833,0.0137946,0.0138054,0.0138159,0.0138258,0.0138354,0.0138445,0.0138531,0.0138613,0.013869,0.0138763,0.0138831,0.0138895,0.0138955,0.0139009,0.013906,0.0139106,0.0139146,0.0139183,0.0139215,0.0139243,0.0139266,0.0139284,0.0139298,0.0139307,0.0139312,0.0139312,0.0139307,0.0139297,0.0139284,0.0139266,0.0139242,0.0139215,0.0139183,0.0139146,0.0139105,0.013906,0.0139009,0.0138955,0.0138896,0.0138832,0.0138763,0.013869,0.0138613,0.0138531,0.0138445,0.0138354,0.0138258,0.0138159,0.0138054,0.0137946,0.0137833,0.0137715,0.0137594,0.0137467,0.0137337,0.0137203,0.0137064,0
0.0138094,0.0138234,0.013837,0.0138502,0.0138629,0.0138751,0.013887,0.0138983,0.0139093,0.0139198,0.0139298,0.0139394,0.0139486,0.0139573,0.0139655,0.0139733,0.0139807,0.0139875,0.013994,0.014,0.0140055,0.0140105,0.0140151,0.0140193,0.014023,0.0140262,0.014029,0.0140313,0.0140331,0.0140345,0.0140354,0.0140359,0.0140359,0.0140355,0.0140345,0.0140331,0.0140313,0.014029,0.0140262,0.014023,0.0140193,0.0140151,0.0140105,0.0140055,0.0139999,0.013994,0.0139875,0.0139807,0.0139733,0.0139655,0.0139573,0.0139486,0.0139394,0.0139298,0.0139198,0.0139093,0.0138983,0.013887,0.0138751,0.0138628,0.0138502,0.013837,0.0138234,0.0138094,0
0.0139125,0.0139266,0.0139403,0.0139536,0.0139663,0.0139787,0.0139906,0.0140021,0.0140131,0.0140237,0.0140338,0.0140435,0.0140527,0.0140615,0.0140697,0.0140776,0.014085,0.0140919,0.0140984,0.0141045,0.01411,0.0141151,0.0141197,0.0141239,0.0141276,0.0141309,0.0141337,0.014136,0.0141379,0.0141393,0.0141402,0.0141407,0.0141407,0.0141402,0.0141392,0.0141379,0.0141361,0.0141337,0.0141309,0.0141276,0.014124,0.0141197,0.0141151,0.01411,0.0141045,0.0140984,0.014092,0.014085,0.0140776,0.0140698,0.0140614,0.0140527,0.0140435,0.0140338,0.0140237,0.0140131,0.0140021,0.0139906,0.0139787,0.0139664,0.0139535,0.0139403,0.0139266,0.0139125,0
0.0140156,0.0140298,0.0140436,0.0140569,0.0140698,0.0140823,0.0140942,0.0141058,0.0141169,0.0141276,0.0141378,0.0141475,0.0141568,0.0141656,0.014174,0.0141819,0.0141894,0.0141964,0.0142029,0.0142089,0.0142146,0.0142197,0.0142244,0.0142286,0.0142323,0.0142356,0.0142384,0.0142407,0.0142426,0.014244,0.0142449,0.0142455,0.0142455,0.014245,0.014244,0.0142426,0.0142407,0.0142384,0.0142356,0.0142323,0.0142286,0.0142244,0.0142197,0.0142146,0.0142089,0.0142029,0.0141964,0.0141894,0.0141819,0.014174,0.0141656,0.0141568,0.0141475,0.0141378,0.0141276,0.0141169,0.0141058,0.0140942,0.0140823,0.0140698,0.0140569,0.0140436,0.0140298,0.0140156,0
0.0141187,0.014133,0.0141469,0.0141603,0.0141733,0.0141858,0.0141979,0.0142096,0.0142208,0.0142315,0.0142418,0.0142516,0.0142609,0.0142698,0.0142783,0.0142862,0.0142937,0.0143008,0.0143073,0.0143135,0.0143191,0.0143243,0.014329,0.0143332,0.014337,0.0143403,0.0143431,0.0143455,0.0143473,0.0143488,0.0143498,0.0143502,0.0143502,0.0143498,0.0143488,0.0143474,0.0143455,0.0143431,0.0143403,0.014337,0.0143332,0.014329,0.0143242,0.0143191,0.0143135,0.0143074,0.0143008,0.0142937,0.0142862,0.0142783,0.0142698,0.0142609,0.0142515,0.0142418,0.0142315,0.0142207,0.0142096,0.0141979,0.0141858,0.0141733,0.0141603,0.0141469,0.014133,0.0141187,0
0.0142218,0.0142362,0.0142502,0.0142637,0.0142768,0.0142894,0.0143016,0.0143133,0.0143246,0.0143354,0.0143457,0.0143556,0.014365,0.014374,0.0143825,0.0143905,0.0143981,0.0144052,0.0144118,0.0144179,0.0144236,0.0144289,0.0144336,0.0144379,0.0144417,0.014445,0.0144478,0.0144502,0.0144521,0.0144535,0.0144545,0.014455,0.014455,0.0144545,0.0144535,0.0144521,0.0144503,0.0144479,0.0144449,0.0144417,0.0144379,0.0144336,0.0144289,0.0144237,0.0144179,0.0144118,0.0144052,0.014398,0.0143905,0.0143825,0.014374,0.0143651,0.0143556,0.0143457,0.0143354,0.0143245,0.0143133,0.0143016,0.0142894,0.0142768,0.0142637,0.0142502,0.0142362,0.0142217,0
0.0143248,0.0143394,0.0143535,0.0143671,0.0143803,0.014393,0.0144053,0.0144171,0.0144284,0.0144393,0.0144497,0.0144597,0.0144692,0.0144782,0.0144868,0.0144948,0.0145024,0.0145096,0.0145163,0.0145225,0.0145282,0.0145334,0.0145382,0.0145425,0.0145463,0.0145497,0.0145526,0.0145549,0.0145569,0.0145583,0.0145593,0.0145597,0.0145598,0.0145593,0.0145583,0.0145569,0.014555,0.0145525,0.0145497,0.0145463,0.0145425,0.0145382,0.0145335,0.0145282,0.0145225,0.0145162,0.0145096,0.0145025,0.0144948,0.0144867,0.0144782,0.0144691,0.0144597,0.0144497,0.0144393,0.0144284,0.0144171,0.0144053,0.014393,0.0143803,0.014367,0.0143535,0.0143394,0.0143248,0
0.0144279,0.0144426,0.0144568,0.0144705,0.0144837,0.0144966,0.0145089,0.0145208,0.0145323,0.0145432,0.0145537,0.0145637,0.0145733,0.0145824,0.014591,0.0145991,0.0146068,0.014614,0.0146207,0.014627,0.0146328,0.014638,0.0146429,0.0146472,0.014651,0.0146544,0.0146573,0.0146597,0.0146616,0.0146631,0.0146641,0.0146645,0.0146645,0.0146641,0.0146631,0.0146617,0.0146597,0.0146573,0.0146544,0.014651,0.0146472,0.0146429,0.014638,0.0146328,0.014627,0.0146208,0.014614,0.0146068,0.0145991,0.014591,0.0145824,0.0145733,0.0145637,0.0145537,0.0145432,0.0145323,0.0145208,0.0145089,0.0144966,0.0144837,0.0144705,0.0144568,0.0144426,0.0144279,0
0.014531,0.0145458,0.0145601,0.0145739,0.0145872,0.0146002,0.0146126,0.0146246,0.0146361,0.0146471,0.0146577,0.0146678,0.0146774,0.0146866,0.0146953,0.0147035,0.0147112,0.0147184,0.0147252,0.0147315,0.0147373,0.0147426,0.0147475,0.0147519,0.0147557,0.0147591,0.014762,0.0147645,0.0147664,0.0147678,0.0147688,0.0147693,0.0147693,0.0147688,0.0147679,0.0147664,0.0147645,0.014762,0.0147591,0.0147557,0.0147519,0.0147475,0.0147427,0.0147373,0.0147315,0.0147252,0.0147185,0.0147111,0.0147035,0.0146952,0.0146866,0.0146774,0.0146678,0.0146577,0.0146471,0.0146361,0.0146245,0.0146126,0.0146002,0.0145872,0.0145739,0.0145601,0.0145457,0.014531,0
0.0146341,0.014649,0.0146633,0.0146773,0.0146907,0.0147037,0.0147163,0.0147283,0.0147399,0.014751,0.0147617,0.0147719,0.0147815,0.0147908,0.0147995,0.0148078,0.0148155,0.0148229,0.0148297,0.014836,0.0148419,0.0148472,0.0148521,0.0148565,0.0148604,0.0148638,0.0148668,0.0148692,0.0148712,0.0148726,0.0148736,0.0148741,0.0148741,0.0148736,0.0148726,0.0148712,0.0148692,0.0148668,0.0148638,0.0148604,0.0148565,0.0148521,0.0148473,0.0148419,0.014836,0.0148297,0.0148228,0.0148156,0.0148078,0.0147995,0.0147908,0.0147816,0.0147718,0.0147617,0.0147511,0.0147399,0.0147283,0.0147163,0.0147038,0.0146907,0.0146773,0.0146633,0.014649,0.0146341,0
0.0147372,0.0147522,0.0147667,0.0147807,0.0147942,0.0148073,0.0148199,0.0148321,0.0148438,0.014855,0.0148657,0.0148759,0.0148857,0.014895,0.0149038,0.0149121,0.0149199,0.0149273,0.0149342,0.0149405,0.0149464,0.0149518,0.0149567,0.0149612,0.0149651,0.0149685,0.0149715,0.014974,0.0149759,0.0149774,0.0149784,0.0149789,0.0149789,0.0149784,0.0149774,0.014976,0.0149739,0.0149715,0.0149686,0.0149651,0.0149612,0.0149567,0.0149519,0.0149464,0.0149406,0.0149341,0.0149273,0.0149199,0.0149121,0.0149038,0.014895,0.0148857,0.0148759,0.0148657,0.014855,0.0148438,0.0148321,0.0148199,0.0148073,0.0147942,0.0147807,0.0147666,0.0147521,0.0147372,0
0.0148403,0.0148554,0.01487,0.0148841,0.0148977,0.0149109,0.0149236,0.0149359,0.0149476,0.0149589,0.0149697,0.01498,0.0149898,0.0149992,0.015008,0.0150164,0.0150243,0.0150318,0.0150386,0.015045,0.015051,0.0150564,0.0150614,0.0150658,0.0150698,0.0150733,0.0150762,0.0150787,0.0150807,0.0150822,0.0150832,0.0150837,0.0150837,0.0150832,0.0150822,0.0150807,0.0150787,0.0150762,0.0150733,0.0150698,0.0150658,0.0150614,0.0150564,0.015051,0.0150451,0.0150386,0.0150317,0.0150244,0.0150164,0.015008,0.0149992,0.0149898,0.01498,0.0149697,0.0149589,0.0149477,0.0149359,0.0149236,0.0149109,0.0148978,0.0148841,0.01487,0.0148554,0.0148403,0
0.0149434,0.0149586,0.0149733,0.0149875,0.0150012,0.0150145,0.0150273,0.0150396,0.0150515,0.0150628,0.0150737,0.0150841,0.015094,0.0151034,0.0151123,0.0151207,0.0151287,0.0151362,0.0151431,0.0151496,0.0151556,0.0151611,0.015166,0.0151705,0.0151745,0.015178,0.015181,0.0151835,0.0151855,0.015187,0.015188,0.0151885,0.0151885,0.015188,0.015187,0.0151855,0.0151834,0.015181,0.015178,0.0151745,0.0151706,0.015166,0.015161,0.0151556,0.0151497,0.0151431,0.0151362,0.0151287,0.0151207,0.0151123,0.0151034,0.015094,0.0150841,0.0150737,0.0150628,0.0150515,0.0150396,0.0150273,0.0150145,0.0150012,0.0149875,0.0149733,0.0149586,0.0149434,0
0.0150465,0.0150618,0.0150766,0.0150909,0.0151047,0.0151181,0.015131,0.0151434,0.0151553,0.0151668,0.0151777,0.0151881,0.0151981,0.0152076,0.0152166,0.0152251,0.0152331,0.0152406,0.0152476,0.0152541,0.0152602,0.0152656,0.0152707,0.0152752,0.0152792,0.0152827,0.0152858,0.0152882,0.0152903,0.0152918,0.0152928,0.0152932,0.0152933,0.0152928,0.0152918,0.0152903,0.0152882,0.0152857,0.0152828,0.0152792,0.0152752,0.0152707,0.0152656,0.0152602,0.0152541,0.0152476,0.0152406,0.015233,0.0152251,0.0152166,0.0152076,0.0151982,0.0151882,0.0151777,0.0151668,0.0151553,0.0151434,0.015131,0.0151181,0.0151048,0.0150909,0.0150766,0.0150618,0.0150465,0
0.0151496,0.015165,0.0151799,0.0151943,0.0152083,0.0152217,0.0152347,0.0152472,0.0152592,0.0152707,0.0152817,0.0152922,0.0153023,0.0153118,0.0153209,0.0153294,0.0153375,0.015345,0.0153521,0.0153587,0.0153647,0.0153703,0.0153753,0.0153799,0.0153839,0.0153874,0.0153905,0.015393,0.015395,0.0153966,0.0153976,0.0153981,0.0153981,0.0153975,0.0153966,0.015395,0.015393,0.0153905,0.0153875,0.0153839,0.0153798,0.0153754,0.0153702,0.0153647,0.0153586,0.0153521,0.015345,0.0153375,0.0153294,0.0153209,0.0153118,0.0153023,0.0152922,0.0152817,0.0152707,0.0152592,0.0152472,0.0152346,0.0152217,0.0152083,0.0151943,0.0151799,0.015165,0.0151497,0
0.0152528,0.0152682,0.0152832,0.0152977,0.0153118,0.0153253,0.0153384,0.0153509,0.015363,0.0153746,0.0153857,0.0153963,0.0154064,0.015416,0.0154252,0.0154337,0.0154419,0.0154495,0.0154566,0.0154632,0.0154693,0.0154749,0.01548,0.0154846,0.0154886,0.0154922,0.0154952,0.0154978,0.0154998,0.0155014,0.0155024,0.0155029,0.0155029,0.0155024,0.0155013,0.0154998,0.0154978,0.0154952,0.0154922,0.0154886,0.0154845,0.01548,0.0154749,0.0154693,0.0154632,0.0154566,0.0154495,0.0154419,0.0154337,0.0154251,0.0154161,0.0154064,0.0153963,0.0153857,0.0153746,0.015363,0.0153509,0.0153384,0.0153254,0.0153117,0.0152978,0.0152832,0.0152682,0.0152528,0
0.0153559,0.0153715,0.0153865,0.0154012,0.0154153,0.0154289,0.0154421,0.0154547,0.0154669,0.0154786,0.0154897,0.0155004,0.0155106,0.0155203,0.0155294,0.0155381,0.0155463,0.0155539,0.0155611,0.0155677,0.0155739,0.0155795,0.0155846,0.0155892,0.0155933,0.0155969,0.0156,0.0156026,0.0156046,0.0156062,0.0156072,0.0156077,0.0156077,0.0156072,0.0156062,0.0156046,0.0156026,0.0156,0.0155969,0.0155933,0.0155892,0.0155846,0.0155795,0.0155739,0.0155677,0.0155611,0.015554,0.0155463,0.0155381,0.0155295,0.0155202,0.0155106,0.0155004,0.0154898,0.0154786,0.0154669,0.0154547,0.0154421,0.0154289,0.0154153,0.0154012,0.0153865,0.0153714,0.0153559,0
0.015459,0.0154747,0.0154899,0.0155046,0.0155188,0.0155325,0.0155458,0.0155585,0.0155708,0.0155825,0.0155938,0.0156045,0.0156147,0.0156245,0.0156337,0.0156424,0.0156507,0.0156584,0.0156656,0.0156723,0.0156785,0.0156841,0.0156893,0.0156939,0.015698,0.0157017,0.0157048,0.0157073,0.0157094,0.0157109,0.015712,0.0157125,0.0157125,0.015712,0.015711,0.0157094,0.0157073,0.0157048,0.0157017,0.015698,0.0156939,0.0156893,0.0156841,0.0156784,0.0156723,0.0156656,0.0156584,0.0156507,0.0156425,0.0156337,0.0156245,0.0156147,0.0156045,0.0155938,0.0155825,0.0155708,0.0155585,0.0155457,0.0155326,0.0155188,0.0155046,0.0154899,0.0154747,0.015459,0
0.015459,0.0154747,0.0154899,0.0155046,0.0155188,0.0155325,0.0155458,0.0155585,0.0155708,0.0155825,0.0155938,0.0156045,0.0156147,0.0156245,0.0156337,0.0156424,0.0156507,0.0156584,0.0156656,0.0156723,0.0156785,0.0156841,0.0156893,0.0156939,0.015698,0.0157017,0.0157048,0.0157073,0.0157094,0.0157109,0.015712,0.0157125,0.0157125,0.015712,0.015711,0.0157094,0.0157073,0.0157048,0.0157017,0.015698,0.0156939,0.0156893,0.0156841,0.0156784,0.0156723,0.0156656,0.0156584,0.0156507,0.0156425,0.0156337,0.0156245,0.0156147,0.0156045,0.0155938,0.0155825,0.0155708,0.0155585,0.0155457,0.0155326,0.0155188,0.0155046,0.0154899,0.0154747,0.015459,0
0.015459,0.0154747,0.0154899,0.0155046,0.0155188,0.0155325,0.0155458,0.0155585,0.0155708,0.0155825,0.0155938,0.0156045,0.0156147,0.0156245,0.0156337,0.0156424,0.0156507,0.0156584,0.0156656,0.0156723,0.0156785,0.0156841,0.0156893,0.0156939,0.015698,0.0157017,0.0157048,0.0157073,0.0157094,0.0157109,0.015712,0.0157125,0.0157125,0.015712,0.015711,0.0157094,0.0157073,0.0157048,0.0157017,0.015698,0.0156939,0.0156893,0.0156841,0.0156784,0.0156723,0.0156656,0.0156584,0.0156507,0.0156425,0.0156337,0.0156245,0.0156147,0.0156045,0.0155938,0.0155825,0.0155708,0.0155585,0.0155457,0.0155326,0.0155188,0.0155046,0.0154899,0.0154747,0.015459,0
0.015459,0.0154747,0.0154899,0.0155046,0.0155188,0.0155325,0.0155458,0.0155585,0.0155708,0.0155825,0.0155938,0.0156045,0.0156147,0.0156245,0.0156337,0.0156424,0.0156507,0.0156584,0.0156656,0.0156723,0.0156785,0.0156841,0.0156893,0.0156939,0.015698,0.0157017,0.0157048,0.0157073,0.0157094,0.0157109,0.015712,0.0157125,0.0157125,0.015712,0.015711,0.0157094,0.0157073,0.0157048,0.0157017,0.015698,0.0156939,0.0156893,0.0156841,0.0156784,0.0156723,0.0156656,0.0156584,0.0156507,0.0156425,0.0156337,0.0156245,0.0156147,0.0156045,0.0155938,0.0155825,0.0155708,0.0155585,0.0155457,0.0155326,0.0155188,0.0155046,0.0154899,0.0154747,0.015459,0
0.015459,0.0154747,0.0154899,0.0155046,0.0155188,0.0155325,0.0155458,0.0155585,0.0155708,0.0155825,0.0155938,0.0156045,0.0156147,0.0156245,0.0156337,0.0156424,0.0156507,0.0156584,0.0156656,0.0156723,0.0156785,0.0156841,0.0156893,0.0156939,0.015698,0.0157017,0.0157048,0.0157073,0.0157094,0.0157109,0.015712,0.0157125,0.0157125,0.015712,0.015711,0.0157094,0.0157073,0.0157048,0.0157017,0.015698,0.0156939,0.0156893,0.0156841,0.0156784,0.0156723,0.0156656,0.0156584,0.0156507,0.0156425,0.0156337,0.0156245,0.0156147,0.0156045,0.0155938,0.0155825,0.0155708,0.0155585,0.0155457,0.0155326,0.0155188,0.0155046,0.0154899,0.0154747,0.015459,0
0.015459,0.0154747,0.0154899,0.0155046,0.0155188,0.0155325,0.0155458,0.0155585,0.0155708,0.0155825,0.0155938,0.0156045,0.0156147,0.0156245,0.0156337,0.0156424,0.0156507,0.0156584,0.0156656,0.0156723,0.0156785,0.0156841,0.0156893,0.0156939,0.015698,0.0157017,0.0157048,0.0157073,0.0157094,0.0157109,0.015712,0.0157125,0.0157125,0.015712,0.015711,0.0157094,0.0157073,0.0157048,0.0157017,0.015698,0.0156939,0.0156893,0.0156841,0.0156784,0.0156723,0.0156656,0.0156584,0.0156507,0.0156425,0.0156337,0.0156245,0.0156147,0.0156045,0.0155938,0.0155825,0.0155708,0.0155585,0.0155457,0.0155326,0.0155188,0.0155046,0.0154899,0.0154747,0.015459,0
0.015459,0.0154747,0.0154899,0.0155046,0.0155188,0.0155325,0.0155458,0.0155585,0.0155708,0.0155825,0.0155938,0.0156045,0.0156147,0.0156245,0.0156337,0.0156424,0.0156507,0.0156584,0.0156656,0.0156723,0.0156785,0.0156841,0.0156893,0.0156939,0.015698,0.0157017,0.0157048,0.0157073,0.0157094,0.0157109,0.015712,0.0157125,0.0157125,0.015712,0.015711,0.0157094,0.0157073,0.0157048,0.0157017,0.015698,0.0156939,0.0156893,0.0156841,0.0156784,0.0156723,0.0156656,0.0156584,0.0156507,0.0156425,0.0156337,0.0156245,0.0156147,0.0156045,0.0155938,0.0155825,0.0155708,0.0155585,0.0155457,0.0155326,0.0155188,0.0155046,0.0154899,0.0154747,0.015459,0
0.015459,0.0154747,0.0154899,0.0155046,0.0155188,0.0155325,0.0155458,0.0155585,0.0155708,0.0155825,0.0155938,0.0156045,0.0156147,0.0156245,0.0156337,0.0156424,0.0156507,0.0156584,0.0156656,0.0156723,0.0156785,0.0156841,0.0156893,0.0156939,0.015698,0.0157017,0.0157048,0.0157073,0.0157094,0.0157109,0.015712,0.0157125,0.0157125,0.015712,0.015711,0.0157094,0.0157073,0.0157048,0.0157017,0.015698,0.0156939,0.0156893,0.0156841,0.0156784,0.0156723,0.0156656,0.0156584,0.0156507,0.0156425,0.0156337,0.0156245,0.0156147,0.0156045,0.0155938,0.0155825,0.0155708,0.0155585,0.0155457,0.0155326,0.0155188,0.0155046,0.0154899,0.0154747,0.015459,0
0.015459,0.0154747,0.0154899,0.0155046,0.0155188,0.0155325,0.0155458,0.0155585,0.0155708,0.0155825,0.0155938,0.0156045,0.0156147,0.0156245,0.0156337,0.0156424,0.0156507,0.0156584,0.0156656,0.0156723,0.0156785,0.0156841,0.0156893,0.0156939,0.015698,0.0157017,0.0157048,0.0157073,0.0157094,0.0157109,0.015712,0.0157125,0.0157125,0.015712,0.015711,0.0157094,0.0157073,0.0157048,0.0157017,0.015698,0.0156939,0.0156893,0.0156841,0.0156784,0.0156723,0.0156656,0.0156584,0.0156507,0.0156425,0.0156337,0.0156245,0.0156147,0.0156045,0.0155938,0.0155825,0.0155708,0.0155585,0.0155457,0.0155326,0.0155188,0.0155046,0.0154899,0.0154747,0.015459,0
0.015459,0.0154747,0.0154899,0.0155046,0.0155188,0.0155325,0.0155458,0.0155585,0.0155708,0.0155825,0.0155938,0.0156045,0.0156147,0.0156245,0.0156337,0.0156424,0.0156507,0.0156584,0.0156656,0.0156723,0.0156785,0.0156841,0.0156893,0.0156939,0.015698,0.0157017,0.0157048,0.0157073,0.0157094,0.0157109,0.015712,0.0157125,0.0157125,0.015712,0.015711,0.0157094,0.0157073,0.0157048,0.0157017,0.015698,0.0156939,0.0156893,0.0156841,0.0156784,0.0156723,0.0156656,0.0156584,0.0156507,0.0156425,0.0156337,0.0156245,0.0156147,0.0156045,0.0155938,0.0155825,0.0155708,0.0155585,0.0155457,0.0155326,0.0155188,0.0155046,0.0154899,0.0154747,0.015459,0
0.015459,0.0154747,0.0154899,0.0155046,0.0155188,0.0155325,0.0155458,0.0155585,0.0155708,0.0155825,0.0155938,0.0156045,0.0156147,0.0156245,0.0156337,0.0156424,0.0156507,0.0156584,0.0156656,0.0156723,0.0156785,0.0156841,0.0156893,0.0156939,0.015698,0.0157017,0.0157048,0.0157073,0.0157094,0.0157109,0.015712,0.0157125,0.0157125,0.015712,0.015711,0.0157094,0.0157073,0.0157048,0.0157017,0.015698,0.0156939,0.0156893,0.0156841,0.0156784,0.0156723,0.0156656,0.0156584,0.0156507,0.0156425,0.0156337,0.0156245,0.0156147,0.0156045,0.0155938,0.0155825,0.0155708,0.0155585,0.0155457,0.0155326,0.0155188,0.0155046,0.0154899,0.0154747,0.015459,0
0.015459,0.0154747,0.0154899,0.0155046,0.0155188,0.0155325,0.0155458,0.0155585,0.0155708,0.0155825,0.0155938,0.0156045,0.0156147,0.0156245,0.0156337,0.0156424,0.0156507,0.0156584,0.0156656,0.0156723,0.0156785,0.0156841,0.0156893,0.0156939,0.015698,0.0157017,0.0157048,0.0157073,0.0157094,0.0157109,0.015712,0.0157125,0.0157125,0.015712,0.015711,0.0157094,0.0157073,0.0157048,0.0157017,0.015698,0.0156939,0.0156893,0.0156841,0.0156784,0.0156723,0.0156656,0.0156584,0.0156507,0.0156425,0.0156337,0.0156245,0.0156147,0.0156045,0.0155938,0.0155825,0.0155708,0.0155585,0.0155457,0.0155326,0.0155188,0.0155046,0.0154899,0.0154747,0.015459,0
0.015459,0.0154747,0.0154899,0.0155046,0.0155188,0.0155325,0.0155458,0.0155585,0.0155708,0.0155825,0.0155938,0.0156045,0.0156147,0.0156245,0.0156337,0.0156424,0.0156507,0.0156584,0.0156656,0.0156723,0.0156785,0.0156841,0.0156893,0.0156939,0.015698,0.0157017,0.0157048,0.0157073,0.0157094,0.0157109,0.015712,0.0157125,0.0157125,0.015712,0.015711,0.0157094,0.0157073,0.0157048,0.0157017,0.015698,0.0156939,0.0156893,0.0156841,0.0156784,0.0156723,0.0156656,0.0156584,0.0156507,0.0156425,0.0156337,0.0156245,0.0156147,0.0156045,0.0155938,0.0155825,0.0155708,0.0155585,0.0155457,0.0155326,0.0155188,0.0155046,0.0154899,0.0154747,0.015459,0
0.015459,0.0154747,0.0154899,0.0155046,0.0155188,0.0155325,0.0155458,0.0155585,0.0155708,0.0155825,0.0155938,0.0156045,0.0156147,0.0156245,0.0156337,0.0156424,0.0156507,0.0156584,0.0156656,0.0156723,0.0156785,0.0156841,0.0156893,0.0156939,0.015698,0.0157017,0.0157048,0.0157073,0.0157094,0.0157109,0.015712,0.0157125,0.0157125,0.015712,0.015711,0.0157094,0.0157073,0.0157048,0.0157017,0.015698,0.0156939,0.0156893,0.0156841,0.0156784,0.0156723,0.0156656,0.0156584,0.0156507,0.0156425,0.0156337,0.0156245,0.0156147,0.0156045,0.0155938,0.0155825,0.0155708,0.0155585,0.0155457,0.0155326,0.0155188,0.0155046,0.0154899,0.0154747,0.015459,0
0.015459,0.0154747,0.0154899,0.0155046,0.0155188,0.0155325,0.0155458,0.0155585,0.0155708,0.0155825,0.0155938,0.0156045,0.0156147,0.0156245,0.0156337,0.0156424,0.0156507,0.0156584,0.0156656,0.0156723,0.0156785,0.0156841,0.0156893,0.0156939,0.015698,0.0157017,0.0157048,0.0157073,0.0157094,0.0157109,0.015712,0.0157125,0.0157125,0.015712,0.015711,0.0157094,0.0157073,0.0157048,0.0157017,0.015698,0.0156939,0.0156893,0.0156841,0.0156784,0.0156723,0.0156656,0.0156584,0.0156507,0.0156425,0.0156337,0.0156245,0.0156147,0.0156045,0.0155938,0.0155825,0.0155708,0.0155585,0.0155457,0.0155326,0.0155188,0.0155046,0.0154899,0.0154747,0.015459,0
0.015459,0.0154747,0.0154899,0.0155046,0.0155188,0.0155325,0.0155458,0.0155585,0.0155708,0.0155825,0.0155938,0.0156045,0.0156147,0.0156245,0.0156337,0.0156424,0.0156507,0.0156584,0.0156656,0.0156723,0.0156785,0.0156841,0.0156893,0.0156939,0.015698,0.0157017,0.0157048,0.0157073,0.0157094,0.0157109,0.015712,0.0157125,0.0157125,0.015712,0.015711,0.0157094,0.0157073,0.0157048,0.0157017,0.015698,0.0156939,0.0156893,0.0156841,0.0156784,0.0156723,0.0156656,0.0156584,0.0156507,0.0156425,0.0156337,0.0156245,0.0156147,0.0156045,0.0155938,0.0155825,0.0155708,0.0155585,0.0155457,0.0155326,0.0155188,0.0155046,0.0154899,0.0154747,0.015459,0
0.015459,0.0154747,0.0154899,0.0155046,0.0155188,0.0155325,0.0155458,0.0155585,0.0155708,0.0155825,0.0155938,0.0156045,0.0156147,0.0156245,0.0156337,0.0156424,0.0156507,0.0156584,0.0156656,0.0156723,0.0156785,0.0156841,0.0156893,0.0156939,0.015698,0.0157017,0.0157048,0.0157073,0.0157094,0.0157109,0.015712,0.0157125,0.0157125,0.015712,0.015711,0.0157094,0.0157073,0.0157048,0.0157017,0.015698,0.0156939,0.0156893,0.0156841,0.0156784,0.0156723,0.0156656,0.0156584,0.0156507,0.0156425,0.0156337,0.0156245,0.0156147,0.0156045,0.0155938,0.0155825,0.0155708,0.0155585,0.0155457,0.0155326,0.0155188,0.0155046,0.0154899,0.0154747,0.015459,0
0.015459,0.0154747,0.0154899,0.0155046,0.0155188,0.0155325,0.0155458,0.0155585,0.0155708,0.0155825,0.0155938,0.0156045,0.0156147,0.0156245,0.0156337,0.0156424,0.0156507,0.0156584,0.0156656,0.0156723,0.0156785,0.0156841,0.0156893,0.0156939,0.015698,0.0157017,0.0157048,0.0157073,0.0157094,0.0157109,0.015712,0.0157125,0.0157125,0.015712,0.015711,0.0157094,0.0157073,0.0157048,0.0157017,0.015698,0.0156939,0.0156893,0.0156841,0.0156784,0.0156723,0.0156656,0.0156584,0.0156507,0.0156425,0.0156337,0.0156245,0.0156147,0.0156045,0.0155938,0.0155825,0.0155708,0.0155585,0.0155457,0.0155326,0.0155188,0.0155046,0.0154899,0.0154747,0.015459,0
0.015459,0.0154747,0.0154899,0.0155046,0.0155188,0.0155325,0.0155458,0.0155585,0.0155708,0.0155825,0.0155938,0.0156045,0.0156147,0.0156245,0.0156337,0.0156424,0.0156507,0.0156584,0.0156656,0.0156723,0.0156785,0.0156841,0.0156893,0.0156939,0.015698,0.0157017,0.0157048,0.0157073,0.0157094,0.0157109,0.015712,0.0157125,0.0157125,0.015712,0.015711,0.0157094,0.0157073,0.0157048,0.0157017,0.015698,0.0156939,0.0156893,0.0156841,0.0156784,0.0156723,0.0156656,0.0156584,0.0156507,0.0156425,0.0156337,0.0156245,0.0156147,0.0156045,0.0155938,0.0155825,0.0155708,0.0155585,0.0155457,0.0155326,0.0155188,0.0155046,0.0154899,0.0154747,0.015459,0
0.015459,0.0154747,0.0154899,0.0155046,0.0155188,0.0155325,0.0155458,0.0155585,0.0155708,0.0155825,0.0155938,0.0156045,0.0156147,0.0156245,0.0156337,0.0156424,0.0156507,0.0156584,0.0156656,0.0156723,0.0156785,0.0156841,0.0156893,0.0156939,0.015698,0.0157017,0.0157048,0.0157073,0.0157094,0.0157109,0.015712,0.0157125,0.0157125,0.015712,0.015711,0.0157094,0.0157073,0.0157048,0.0157017,0.015698,0.0156939,0.0156893,0.0156841,0.0156784,0.0156723,0.0156656,0.0156584,0.0156507,0.0156425,0.0156337,0.0156245,0.0156147,0.0156045,0.0155938,0.0155825,0.0155708,0.0155585,0.0155457,0.0155326,0.0155188,0.0155046,0.0154899,0.0154747,0.015459,0
0.015459,0.0154747,0.0154899,0.0155046,0.0155188,0.0155325,0.0155458,0.0155585,0.0155708,0.0155825,0.0155938,0.0156045,0.0156147,0.0156245,0.0156337,0.0156424,0.0156507,0.0156584,0.0156656,0.0156723,0.0156785,0.0156841,0.0156893,0.0156939,0.015698,0.0157017,0.0157048,0.0157073,0.0157094,0.0157109,0.015712,0.0157125,0.0157125,0.015712,0.015711,0.0157094,0.0157073,0.0157048,0.0157017,0.015698,0.0156939,0.0156893,0.0156841,0.0156784,0.0156723,0.0156656,0.0156584,0.0156507,0.0156425,0.0156337,0.0156245,0.0156147,0.0156045,0.0155938,0.0155825,0.0155708,0.0155585,0.0155457,0.0155326,0.0155188,0.0155046,0.0154899,0.0154747,0.015459,0
0.015459,0.0154747,0.0154899,0.0155046,0.0155188,0.0155325,0.0155458,0.0155585,0.0155708,0.0155825,0.0155938,0.0156045,0.0156147,0.0156245,0.0156337,0.0156424,0.0156507,0.0156584,0.0156656,0.0156723,0.0156785,0.0156841,0.0156893,0.0156939,0.015698,0.0157017,0.0157048,0.0157073,0.0157094,0.0157109,0.015712,0.0157125,0.0157125,0.015712,0.015711,0.0157094,0.0157073,0.0157048,0.0157017,0.015698,0.0156939,0.0156893,0.0156841,0.0156784,0.0156723,0.0156656,0.0156584,0.0156507,0.0156425,0.0156337,0.0156245,0.0156147,0.0156045,0.0155938,0.0155825,0.0155708,0.0155585,0.0155457,0.0155326,0.0155188,0.0155046,0.0154899,0.0154747,0.015459,0
0.015459,0.0154747,0.0154899,0.0155046,0.0155188,0.0155325,0.0155458,0.0155585,0.0155708,0.0155825,0.0155938,0.0156045,0.0156147,0.0156245,0.0156337,0.0156424,0.0156507,0.0156584,0.0156656,0.0156723,0.0156785,0.0156841,0.0156893,0.0156939,0.015698,0.0157017,0.0157048,0.0157073,0.0157094,0.0157109,0.015712,0.0157125,0.0157125,0.015712,0.015711,0.0157094,0.0157073,0.0157048,0.0157017,0.015698,0.0156939,0.0156893,0.0156841,0.0156784,0.0156723,0.0156656,0.0156584,0.0156507,0.0156425,0.0156337,0.0156245,0.0156147,0.0156045,0.0155938,0.0155825,0.0155708,0.0155585,0.0155457,0.0155326,0.0155188,0.0155046,0.0154899,0.0154747,0.015459,0
0.015459,0.0154747,0.0154899,0.0155046,0.0155188,0.0155325,0.0155458,0.0155585,0.0155708,0.0155825,0.0155938,0.0156045,0.0156147,0.0156245,0.0156337,0.0156424,0.0156507,0.0156584,0.0156656,0.0156723,0.0156785,0.0156841,0.0156893,0.0156939,0.015698,0.0157017,0.0157048,0.0157073,0.0157094,0.0157109,0.015712,0.0157125,0.0157125,0.015712,0.015711,0.0157094,0.0157073,0.0157048,0.0157017,0.015698,0.0156939,0.0156893,0.0156841,0.0156784,0.0156723,0.0156656,0.0156584,0.0156507,0.0156425,0.0156337,0.0156245,0.0156147,0.0156045,0.0155938,0.0155825,0.0155708,0.0155585,0.0155457,0.0155326,0.0155188,0.0155046,0.0154899,0.0154747,0.015459,0
0.015459,0.0154747,0.0154899,0.0155046,0.0155188,0.0155325,0.0155458,0.0155585,0.0155708,0.0155825,0.0155938,0.0156045,0.0156147,0.0156245,0.0156337,0.0156424,0.0156507,0.0156584,0.0156656,0.0156723,0.0156785,0.0156841,0.0156893,0.0156939,0.015698,0.0157017,0.0157048,0.0157073,0.0157094,0.0157109,0.015712,0.0157125,0.0157125,0.015712,0.015711,0.0157094,0.0157073,0.0157048,0.0157017,0.015698,0.0156939,0.0156893,0.0156841,0.0156784,0.0156723,0.0156656,0.0156584,0.0156507,0.0156425,0.0156337,0.0156245,0.0156147,0.0156045,0.0155938,0.0155825,0.0155708,0.0155585,0.0155457,0.0155326,0.0155188,0.0155046,0.0154899,0.0154747,0.015459,0
0.015459,0.0154747,0.0154899,0.0155046,0.0155188,0.0155325,0.0155458,0.0155585,0.0155708,0.0155825,0.0155938,0.0156045,0.0156147,0.0156245,0.0156337,0.0156424,0.0156507,0.0156584,0.0156656,0.0156723,0.0156785,0.0156841,0.0156893,0.0156939,0.015698,0.0157017,0.0157048,0.0157073,0.0157094,0.0157109,0.015712,0.0157125,0.0157125,0.015712,0.015711,0.0157094,0.0157073,0.0157048,0.0157017,0.015698,0.0156939,0.0156893,0.0156841,0.0156784,0.0156723,0.0156656,0.0156584,0.0156507,0.0156425,0.0156337,0.0156245,0.0156147,0.0156045,0.0155938,0.0155825,0.0155708,0.0155585,0.0155457,0.0155326,0.0155188,0.0155046,0.0154899,0.0154747,0.015459,0
0.015459,0.0154747,0.0154899,0.0155046,0.0155188,0.0155325,0.0155458,0.0155585,0.0155708,0.0155825,0.0155938,0.0156045,0.0156147,0.0156245,0.0156337,0.0156424,0.0156507,0.0156584,0.0156656,0.0156723,0.0156785,0.0156841,0.0156893,0.0156939,0.015698,0.0157017,0.0157048,0.0157073,0.0157094,0.0157109,0.015712,0.0157125,0.0157125,0.015712,0.015711,0.0157094,0.0157073,0.0157048,0.0157017,0.015698,0.0156939,0.0156893,0.0156841,0.0156784,0.0156723,0.0156656,0.0156584,0.0156507,0.0156425,0.0156337,0.0156245,0.0156147,0.0156045,0.0155938,0.0155825,0.0155708,0.0155585,0.0155457,0.0155326,0.0155188,0.0155046,0.0154899,0.0154747,0.015459,0
0.015459,0.0154747,0.0154899,0.0155046,0.0155188,0.0155325,0.0155458,0.0155585,0.0155708,0.0155825,0.0155938,0.0156045,0.0156147,0.0156245,0.0156337,0.0156424,0.0156507,0.0156584,0.0156656,0.0156723,0.0156785,0.0156841,0.0156893,0.0156939,0.015698,0.0157017,0.0157048,0.0157073,0.0157094,0.0157109,0.015712,0.0157125,0.0157125,0.015712,0.015711,0.0157094,0.0157073,0.0157048,0.0157017,0.015698,0.0156939,0.0156893,0.0156841,0.0156784,0.0156723,0.0156656,0.0156584,0.0156507,0.0156425,0.0156337,0.0156245,0.0156147,0.0156045,0.0155938,0.0155825,0.0155708,0.0155585,0.0155457,0.0155326,0.0155188,0.0155046,0.0154899,0.0154747,0.015459,0
0.015459,0.0154747,0.0154899,0.0155046,0.0155188,0.0155325,0.0155458,0.0155585,0.0155708,0.0155825,0.0155938,0.0156045,0.0156147,0.0156245,0.0156337,0.0156424,0.0156507,0.0156584,0.0156656,0.0156723,0.0156785,0.0156841,0.0156893,0.0156939,0.015698,0.0157017,0.0157048,0.0157073,0.0157094,0.0157109,0.015712,0.0157125,0.0157125,0.015712,0.015711,0.0157094,0.0157073,0.0157048,0.0157017,0.015698,0.0156939,0.0156893,0.0156841,0.0156784,0.0156723,0.0156656,0.0156584,0.0156507,0.0156425,0.0156337,0.0156245,0.0156147,0.0156045,0.0155938,0.0155825,0.0155708,0.0155585,0.0155457,0.0155326,0.0155188,0.0155046,0.0154899,0.0154747,0.015459,0
0.015459,0.0154747,0.0154899,0.0155046,0.0155188,0.0155325,0.0155458,0.0155585,0.0155708,0.0155825,0.0155938,0.0156045,0.0156147,0.0156245,0.0156337,0.0156424,0.0156507,0.0156584,0.0156656,0.0156723,0.0156785,0.0156841,0.0156893,0.0156939,0.015698,0.0157017,0.0157048,0.0157073,0.0157094,0.0157109,0.015712,0.0157125,0.0157125,0.015712,0.015711,0.0157094,0.0157073,0.0157048,0.0157017,0.015698,0.0156939,0.0156893,0.0156841,0.0156784,0.0156723,0.0156656,0.0156584,0.0156507,0.0156425,0.0156337,0.0156245,0.0156147,0.0156045,0.0155938,0.0155825,0.0155708,0.0155585,0.0155457,0.0155326,0.0155188,0.0155046,0.0154899,0.0154747,0.015459,0
0.015459,0.0154747,0.0154899,0.0155046,0.0155188,0.0155325,0.0155458,0.0155585,0.0155708,0.0155825,0.0155938,0.0156045,0.0156147,0.0156245,0.0156337,0.0156424,0.0156507,0.0156584,0.0156656,0.0156723,0.0156785,0.0156841,0.0156893,0.0156939,0.015698,0.0157017,0.0157048,0.0157073,0.0157094,0.0157109,0.015712,0.0157125,0.0157125,0.015712,0.015711,0.0157094,0.0157073,0.0157048,0.0157017,0.015698,0.0156939,0.0156893,0.0156841,0.0156784,0.0156723,0.0156656,0.0156584,0.0156507,0.0156425,0.0156337,0.0156245,0.0156147,0.0156045,0.0155938,0.0155825,0.0155708,0.0155585,0.0155457,0.0155326,0.0155188,0.0155046,0.0154899,0.0154747,0.015459,0
0.015459,0.0154747,0.0154899,0.0155046,0.0155188,0.0155325,0.0155458,0.0155585,0.0155708,0.0155825,0.0155938,0.0156045,0.0156147,0.0156245,0.0156337,0.0156424,0.0156507,0.0156584,0.0156656,0.0156723,0.0156785,0.0156841,0.0156893,0.0156939,0.015698,0.0157017,0.0157048,0.0157073,0.0157094,0.0157109,0.015712,0.0157125,0.0157125,0.015712,0.015711,0.0157094,0.0157073,0.0157048,0.0157017,0.015698,0.0156939,0.0156893,0.0156841,0.0156784,0.0156723,0.0156656,0.0156584,0.0156507,0.0156425,0.0156337,0.0156245,0.0156147,0.0156045,0.0155938,0.0155825,0.0155708,0.0155585,0.0155457,0.0155326,0.0155188,0.0155046,0.0154899,0.0154747,0.015459,0
0.015459,0.0154747,0.0154899,0.0155046,0.0155188,0.0155325,0.0155458,0.0155585,0.0155708,0.0155825,0.0155938,0.0156045,0.0156147,0.0156245,0.0156337,0.0156424,0.0156507,0.0156584,0.0156656,0.0156723,0.0156785,0.0156841,0.0156893,0.0156939,0.015698,0.0157017,0.0157048,0.0157073,0.0157094,0.0157109,0.015712,0.0157125,0.0157125,0.015712,0.015711,0.0157094,0.0157073,0.0157048,0.0157017,0.015698,0.0156939,0.0156893,0.0156841,0.0156784,0.0156723,0.0156656,0.0156584,0.0156507,0.0156425,0.0156337,0.0156245,0.0156147,0.0156045,0.0155938,0.0155825,0.0155708,0.0155585,0.0155457,0.0155326,0.0155188,0.0155046,0.0154899,0.0154747,0.015459,0
0.015459,0.0154747,0.0154899,0.0155046,0.0155188,0.0155325,0.0155458,0.0155585,0.0155708,0.0155825,0.0155938,0.0156045,0.0156147,0.0156245,0.0156337,0.0156424,0.0156507,0.0156584,0.0156656,0.0156723,0.0156785,0.0156841,0.0156893,0.0156939,0.015698,0.0157017,0.0157048,0.0157073,0.0157094,0.0157109,0.015712,0.0157125,0.0157125,0.015712,0.015711,0.0157094,0.0157073,0.0157048,0.0157017,0.015698,0.0156939,0.0156893,0.0156841,0.0156784,0.0156723,0.0156656,0.0156584,0.0156507,0.0156425,0.0156337,0.0156245,0.0156147,0.0156045,0.0155938,0.0155825,0.0155708,0.0155585,0.0155457,0.0155326,0.0155188,0.0155046,0.0154899,0.0154747,0.015459,0
0.015459,0.0154747,0.0154899,0.0155046,0.0155188,0.0155325,0.0155458,0.0155585,0.0155708,0.0155825,0.0155938,0.0156045,0.0156147,0.0156245,0.0156337,0.0156424,0.0156507,0.0156584,0.0156656,0.0156723,0.0156785,0.0156841,0.0156893,0.0156939,0.015698,0.0157017,0.0157048,0.0157073,0.0157094,0.0157109,0.015712,0.0157125,0.0157125,0.015712,0.015711,0.0157094,0.0157073,0.0157048,0.0157017,0.015698,0.0156939,0.0156893,0.0156841,0.0156784,0.0156723,0.0156656,0.0156584,0.0156507,0.0156425,0.0156337,0.0156245,0.0156147,0.0156045,0.0155938,0.0155825,0.0155708,0.0155585,0.0155457,0.0155326,0.0155188,0.0155046,0.0154899,0.0154747,0.015459,0
0.015459,0.0154747,0.0154899,0.0155046,0.0155188,0.0155325,0.0155458,0.0155585,0.0155708,0.0155825,0.0155938,0.0156045,0.0156147,0.0156245,0.0156337,0.0156424,0.0156507,0.0156584,0.0156656,0.0156723,0.0156785,0.0156841,0.0156893,0.0156939,0.015698,0.0157017,0.0157048,0.0157073,0.0157094,0.0157109,0.015712,0.0157125,0.0157125,0.015712,0.015711,0.0157094,0.0157073,0.0157048,0.0157017,0.015698,0.0156939,0.0156893,0.0156841,0.0156784,0.0156723,0.0156656,0.0156584,0.0156507,0.0156425,0.0156337,0.0156245,0.0156147,0.0156045,0.0155938,0.0155825,0.0155708,0.0155585,0.0155457,0.0155326,0.0155188,0.0155046,0.0154899,0.0154747,0.015459,0
0.015459,0.0154747,0.0154899,0.0155046,0.0155188,0.0155325,0.0155458,0.0155585,0.0155708,0.0155825,0.0155938,0.0156045,0.0156147,0.0156245,0.0156337,0.0156424,0.0156507,0.0156584,0.0156656,0.0156723,0.0156785,0.0156841,0.0156893,0.0156939,0.015698,0.0157017,0.0157048,0.0157073,0.0157094,0.0157109,0.015712,0.0157125,0.0157125,0.015712,0.015711,0.0157094,0.0157073,0.0157048,0.0157017,0.015698,0.0156939,0.0156893,0.0156841,0.0156784,0.0156723,0.0156656,0.0156584,0.0156507,0.0156425,0.0156337,0.0156245,0.0156147,0.0156045,0.0155938,0.0155825,0.0155708,0.0155585,0.0155457,0.0155326,0.0155188,0.0155046,0.0154899,0.0154747,0.015459,0
0.015459,0.0154747,0.0154899,0.0155046,0.0155188,0.0155325,0.0155458,0.0155585,0.0155708,0.0155825,0.0155938,0.0156045,0.0156147,0.0156245,0.0156337,0.0156424,0.0156507,0.0156584,0.0156656,0.0156723,0.0156785,0.0156841,0.0156893,0.0156939,0.015698,0.0157017,0.0157048,0.0157073,0.0157094,0.0157109,0.015712,0.0157125,0.0157125,0.015712,0.015711,0.0157094,0.0157073,0.0157048,0.0157017,0.015698,0.0156939,0.0156893,0.0156841,0.0156784,0.0156723,0.0156656,0.0156584,0.0156507,0.0156425,0.0156337,0.0156245,0.0156147,0.0156045,0.0155938,0.0155825,0.0155708,0.0155585,0.0155457,0.0155326,0.0155188,0.0155046,0.0154899,0.0154747,0.015459,0
0.015459,0.0154747,0.0154899,0.0155046,0.0155188,0.0155325,0.0155458,0.0155585,0.0155708,0.0155825,0.0155938,0.0156045,0.0156147,0.0156245,0.0156337,0.0156424,0.0156507,0.0156584,0.0156656,0.0156723,0.0156785,0.0156841,0.0156893,0.0156939,0.015698,0.0157017,0.0157048,0.0157073,0.0157094,0.0157109,0.015712,0.0157125,0.0157125,0.015712,0.015711,0.0157094,0.0157073,0.0157048,0.0157017,0.015698,0.0156939,0.0156893,0.0156841,0.0156784,0.0156723,0.0156656,0.0156584,0.0156507,0.0156425,0.0156337,0.0156245,0.0156147,0.0156045,0.0155938,0.0155825,0.0155708,0.0155585,0.0155457,0.0155326,0.0155188,0.0155046,0.0154899,0.0154747,0.015459,0
0.015459,0.0154747,0.0154899,0.0155046,0.0155188,0.0155325,0.0155458,0.0155585,0.0155708,0.0155825,0.0155938,0.0156045,0.0156147,0.0156245,0.0156337,0.0156424,0.0156507,0.0156584,0.0156656,0.0156723,0.0156785,0.0156841,0.0156893,0.0156939,0.015698,0.0157017,0.0157048,0.0157073,0.0157094,0.0157109,0.015712,0.0157125,0.0157125,0.015712,0.015711,0.0157094,0.0157073,0.0157048,0.0157017,0.015698,0.0156939,0.0156893,0.0156841,0.0156784,0.0156723,0.0156656,0.0156584,0.0156507,0.0156425,0.0156337,0.0156245,0.0156147,0.0156045,0.0155938,0.0155825,0.0155708,0.0155585,0.0155457,0.0155326,0.0155188,0.0155046,0.0154899,0.0154747,0.015459,0
0.015459,0.0154747,0.0154899,0.0155046,0.0155188,0.0155325,0.0155458,0.0155585,0.0155708,0.0155825,0.0155938,0.0156045,0.0156147,0.0156245,0.0156337,0.0156424,0.0156507,0.0156584,0.0156656,0.0156723,0.0156785,0.0156841,0.0156893,0.0156939,0.015698,0.0157017,0.0157048,0.0157073,0.0157094,0.0157109,0.015712,0.0157125,0.0157125,0.015712,0.015711,0.0157094,0.0157073,0.0157048,0.0157017,0.015698,0.0156939,0.0156893,0.0156841,0.0156784,0.0156723,0.0156656,0.0156584,0.0156507,0.0156425,0.0156337,0.0156245,0.0156147,0.0156045,0.0155938,0.0155825,0.0155708,0.0155585,0.0155457,0.0155326,0.0155188,0.0155046,0.0154899,0.0154747,0.015459,0
0.015459,0.0154747,0.0154899,0.0155046,0.0155188,0.0155325,0.0155458,0.0155585,0.0155708,0.0155825,0.0155938,0.0156045,0.0156147,0.0156245,0.0156337,0.0156424,0.0156507,0.0156584,0.0156656,0.0156723,0.0156785,0.0156841,0.0156893,0.0156939,0.015698,0.0157017,0.0157048,0.0157073,0.0157094,0.0157109,0.015712,0.0157125,0.0157125,0.015712,0.015711,0.0157094,0.0157073,0.0157048,0.0157017,0.015698,0.0156939,0.0156893,0.0156841,0.0156784,0.0156723,0.0156656,0.0156584,0.0156507,0.0156425,0.0156337,0.0156245,0.0156147,0.0156045,0.0155938,0.0155825,0.0155708,0.0155585,0.0155457,0.0155326,0.0155188,0.0155046,0.0154899,0.0154747,0.015459,0
0.015459,0.0154747,0.0154899,0.0155046,0.0155188,0.0155325,0.0155458,0.0155585,0.0155708,0.0155825,0.0155938,0.0156045,0.0156147,0.0156245,0.0156337,0.0156424,0.0156507,0.0156584,0.0156656,0.0156723,0.0156785,0.0156841,0.0156893,0.0156939,0.015698,0.0157017,0.0157048,0.0157073,0.0157094,0.0157109,0.015712,0.0157125,0.0157125,0.015712,0.015711,0.0157094,0.0157073,0.0157048,0.0157017,0.015698,0.0156939,0.0156893,0.0156841,0.0156784,0.0156723,0.0156656,0.0156584,0.0156507,0.0156425,0.0156337,0.0156245,0.0156147,0.0156045,0.0155938,0.0155825,0.0155708,0.0155585,0.0155457,0.0155326,0.0155188,0.0155046,0.0154899,0.0154747,0.015459,0
0.015459,0.0154747,0.0154899,0.0155046,0.0155188,0.0155325,0.0155458,0.0155585,0.0155708,0.0155825,0.0155938,0.0156045,0.0156147,0.0156245,0.0156337,0.0156424,0.0156507,0.0156584,0.0156656,0.0156723,0.0156785,0.0156841,0.0156893,0.0156939,0.015698,0.0157017,0.0157048,0.0157073,0.0157094,0.0157109,0.015712,0.0157125,0.0157125,0.015712,0.015711,0.0157094,0.0157073,0.0157048,0.0157017,0.015698,0.0156939,0.0156893,0.0156841,0.0156784,0.0156723,0.0156656,0.0156584,0.0156507,0.0156425,0.0156337,0.0156245,0.0156147,0.0156045,0.0155938,0.0155825,0.0155708,0.0155585,0.0155457,0.0155326,0.0155188,0.0155046,0.0154899,0.0154747,0.015459,0
0.015459,0.0154747,0.0154899,0.0155046,0.0155188,0.0155325,0.0155458,0.0155585,0.0155708,0.0155825,0.0155938,0.0156045,0.0156147,0.0156245,0.0156337,0.0156424,0.0156507,0.0156584,0.0156656,0.0156723,0.0156785,0.0156841,0.0156893,0.0156939,0.015698,0.0157017,0.0157048,0.0157073,0.0157094,0.0157109,0.015712,0.0157125,0.0157125,0.015712,0.015711,0.0157094,0.0157073,0.0157048,0.0157017,0.015698,0.0156939,0.0156893,0.0156841,0.0156784,0.0156723,0.0156656,0.0156584,0.0156507,0.0156425,0.0156337,0.0156245,0.0156147,0.0156045,0.0155938,0.0155825,0.0155708,0.0155585,0.0155457,0.0155326,0.0155188,0.0155046,0.0154899,0.0154747,0.015459,0
0.015459,0.0154747,0.0154899,0.0155046,0.0155188,0.0155325,0.0155458,0.0155585,0.0155708,0.0155825,0.0155938,0.0156045,0.0156147,0.0156245,0.0156337,0.0156424,0.0156507,0.0156584,0.0156656,0.0156723,0.0156785,0.0156841,0.0156893,0.0156939,0.015698,0.0157017,0.0157048,0.0157073,0.0157094,0.0157109,0.015712,0.0157125,0.0157125,0.015712,0.015711,0.0157094,0.0157073,0.0157048,0.0157017,0.015698,0.0156939,0.0156893,0.0156841,0.0156784,0.0156723,0.0156656,0.0156584,0.0156507,0.0156425,0.0156337,0.0156245,0.0156147,0.0156045,0.0155938,0.0155825,0.0155708,0.0155585,0.0155457,0.0155326,0.0155188,0.0155046,0.0154899,0.0154747,0.015459,0
0.015459,0.0154747,0.0154899,0.0155046,0.0155188,0.0155325,0.0155458,0.0155585,0.0155708,0.0155825,0.0155938,0.0156045,0.0156147,0.0156245,0.0156337,0.0156424,0.0156507,0.0156584,0.0156656,0.0156723,0.0156785,0.0156841,0.0156893,0.0156939,0.015698,0.0157017,0.0157048,0.0157073,0.0157094,0.0157109,0.015712,0.0157125,0.0157125,0.015712,0.015711,0.0157094,0.0157073,0.0157048,0.0157017,0.015698,0.0156939,0.0156893,0.0156841,0.0156784,0.0156723,0.0156656,0.0156584,0.0156507,0.0156425,0.0156337,0.0156245,0.0156147,0.0156045,0.0155938,0.0155825,0.0155708,0.0155585,0.0155457,0.0155326,0.0155188,0.0155046,0.0154899,0.0154747,0.015459,0
0.015459,0.0154747,0.0154899,0.0155046,0.0155188,0.0155325,0.0155458,0.0155585,0.0155708,0.0155825,0.0155938,0.0156045,0.0156147,0.0156245,0.0156337,0.0156424,0.0156507,0.0156584,0.0156656,0.0156723,0.0156785,0.0156841,0.0156893,0.0156939,0.015698,0.0157017,0.0157048,0.0157073,0.0157094,0.0157109,0.015712,0.0157125,0.0157125,0.015712,0.015711,0.0157094,0.0157073,0.0157048,0.0157017,0.015698,0.0156939,0.0156893,0.0156841,0.0156784,0.0156723,0.0156656,0.0156584,0.0156507,0.0156425,0.0156337,0.0156245,0.0156147,0.0156045,0.0155938,0.0155825,0.0155708,0.0155585,0.0155457,0.0155326,0.0155188,0.0155046,0.0154899,0.0154747,0.015459,0
0.015459,0.0154747,0.0154899,0.0155046,0.0155188,0.0155325,0.0155458,0.0155585,0.0155708,0.0155825,0.0155938,0.0156045,0.0156147,0.0156245,0.0156337,0.0156424,0.0156507,0.0156584,0.0156656,0.0156723,0.0156785,0.0156841,0.0156893,0.0156939,0.015698,0.0157017,0.0157048,0.0157073,0.0157094,0.0157109,0.015712,0.0157125,0.0157125,0.015712,0.015711,0.0157094,0.0157073,0.0157048,0.0157017,0.015698,0.0156939,0.0156893,0.0156841,0.0156784,0.0156723,0.0156656,0.0156584,0.0156507,0.0156425,0.0156337,0.0156245,0.0156147,0.0156045,0.0155938,0.0155825,0.0155708,0.0155585,0.0155457,0.0155326,0.0155188,0.0155046,0.0154899,0.0154747,0.015459,0
0.015459,0.0154747,0.0154899,0.0155046,0.0155188,0.0155325,0.0155458,0.0155585,0.0155708,0.0155825,0.0155938,0.0156045,0.0156147,0.0156245,0.0156337,0.0156424,0.0156507,0.0156584,0.0156656,0.0156723,0.0156785,0.0156841,0.0156893,0.0156939,0.015698,0.0157017,0.0157048,0.0157073,0.0157094,0.0157109,0.015712,0.0157125,0.0157125,0.015712,0.015711,0.0157094,0.0157073,0.0157048,0.0157017,0.015698,0.0156939,0.0156893,0.0156841,0.0156784,0.0156723,0.0156656,0.0156584,0.0156507,0.0156425,0.0156337,0.0156245,0.0156147,0.0156045,0.0155938,0.0155825,0.0155708,0.0155585,0.0155457,0.0155326,0.0155188,0.0155046,0.0154899,0.0154747,0.015459,0
0.015459,0.0154747,0.0154899,0.0155046,0.0155188,0.0155325,0.0155458,0.0155585,0.0155708,0.0155825,0.0155938,0.0156045,0.0156147,0.0156245,0.0156337,0.0156424,0.0156507,0.0156584,0.0156656,0.0156723,0.0156785,0.0156841,0.0156893,0.0156939,0.015698,0.0157017,0.0157048,0.0157073,0.0157094,0.0157109,0.015712,0.0157125,0.0157125,0.015712,0.015711,0.0157094,0.0157073,0.0157048,0.0157017,0.015698,0.0156939,0.0156893,0.0156841,0.0156784,0.0156723,0.0156656,0.0156584,0.0156507,0.0156425,0.0156337,0.0156245,0.0156147,0.0156045,0.0155938,0.0155825,0.0155708,0.0155585,0.0155457,0.0155326,0.0155188,0.0155046,0.0154899,0.0154747,0.015459,0
0.015459,0.0154747,0.0154899,0.0155046,0.0155188,0.0155325,0.0155458,0.0155585,0.0155708,0.0155825,0.0155938,0.0156045,0.0156147,0.0156245,0.0156337,0.0156424,0.0156507,0.0156584,0.0156656,0.0156723,0.0156785,0.0156841,0.0156893,0.0156939,0.015698,0.0157017,0.0157048,0.0157073,0.0157094,0.0157109,0.015712,0.0157125,0.0157125,0.015712,0.015711,0.0157094,0.0157073,0.0157048,0.0157017,0.015698,0.0156939,0.0156893,0.0156841,0.0156784,0.0156723,0.0156656,0.0156584,0.0156507,0.0156425,0.0156337,0.0156245,0.0156147,0.0156045,0.0155938,0.0155825,0.0155708,0.0155585,0.0155457,0.0155326,0.0155188,0.0155046,0.0154899,0.0154747,0.015459,0
0.015459,0.0154747,0.0154899,0.0155046,0.0155188,0.0155325,0.0155458,0.0155585,0.0155708,0.0155825,0.0155938,0.0156045,0.0156147,0.0156245,0.0156337,0.0156424,0.0156507,0.0156584,0.0156656,0.0156723,0.0156785,0.0156841,0.0156893,0.0156939,0.015698,0.0157017,0.0157048,0.0157073,0.0157094,0.0157109,0.015712,0.0157125,0.0157125,0.015712,0.015711,0.0157094,0.0157073,0.0157048,0.0157017,0.015698,0.0156939,0.0156893,0.0156841,0.0156784,0.0156723,0.0156656,0.0156584,0.0156507,0.0156425,0.0156337,0.0156245,0.0156147,0.0156045,0.0155938,0.0155825,0.0155708,0.0155585,0.0155457,0.0155326,0.0155188,0.0155046,0.0154899,0.0154747,0.015459,0
0.015459,0.0154747,0.0154899,0.0155046,0.0155188,0.0155325,0.0155458,0.0155585,0.0155708,0.0155825,0.0155938,0.0156045,0.0156147,0.0156245,0.0156337,0.0156424,0.0156507,0.0156584,0.0156656,0.0156723,0.0156785,0.0156841,0.0156893,0.0156939,0.015698,0.0157017,0.0157048,0.0157073,0.0157094,0.0157109,0.015712,0.0157125,0.0157125,0.015712,0.015711,0.0157094,0.0157073,0.0157048,0.0157017,0.015698,0.0156939,0.0156893,0.0156841,0.0156784,0.0156723,0.0156656,0.0156584,0.0156507,0.0156425,0.0156337,0.0156245,0.0156147,0.0156045,0.0155938,0.0155825,0.0155708,0.0155585,0.0155457,0.0155326,0.0155188,0.0155046,0.0154899,0.0154747,0.015459,0
0.015459,0.0154747,0.0154899,0.0155046,0.0155188,0.0155325,0.0155458,0.0155585,0.0155708,0.0155825,0.0155938,0.0156045,0.0156147,0.0156245,0.0156337,0.0156424,0.0156507,0.0156584,0.0156656,0.0156723,0.0156785,0.0156841,0.0156893,0.0156939,0.015698,0.0157017,0.0157048,0.0157073,0.0157094,0.0157109,0.015712,0.0157125,0.0157125,0.015712,0.015711,0.0157094,0.0157073,0.0157048,0.0157017,0.015698,0.0156939,0.0156893,0.0156841,0.0156784,0.0156723,0.0156656,0.0156584,0.0156507,0.0156425,0.0156337,0.0156245,0.0156147,0.0156045,0.0155938,0.0155825,0.0155708,0.0155585,0.0155457,0.0155326,0.0155188,0.0155046,0.0154899,0.0154747,0.015459,0
0.015459,0.0154747,0.0154899,0.0155046,0.0155188,0.0155325,0.0155458,0.0155585,0.0155708,0.0155825,0.0155938,0.0156045,0.0156147,0.0156245,0.0156337,0.0156424,0.0156507,0.0156584,0.0156656,0.0156723,0.0156785,0.0156841,0.0156893,0.0156939,0.015698,0.0157017,0.0157048,0.0157073,0.0157094,0.0157109,0.015712,0.0157125,0.0157125,0.015712,0.015711,0.0157094,0.0157073,0.0157048,0.0157017,0.015698,0.0156939,0.0156893,0.0156841,0.0156784,0.0156723,0.0156656,0.0156584,0.0156507,0.0156425,0.0156337,0.0156245,0.0156147,0.0156045,0.0155938,0.0155825,0.0155708,0.0155585,0.0155457,0.0155326,0.0155188,0.0155046,0.0154899,0.0154747,0.015459,0
0.015459,0.0154747,0.0154899,0.0155046,0.0155188,0.0155325,0.0155458,0.0155585,0.0155708,0.0155825,0.0155938,0.0156045,0.0156147,0.0156245,0.0156337,0.0156424,0.0156507,0.0156584,0.0156656,0.0156723,0.0156785,0.0156841,0.0156893,0.0156939,0.015698,0.0157017,0.0157048,0.0157073,0.0157094,0.0157109,0.015712,0.0157125,0.0157125,0.015712,0.015711,0.0157094,0.0157073,0.0157048,0.0157017,0.015698,0.0156939,0.0156893,0.0156841,0.0156784,0.0156723,0.0156656,0.0156584,0.0156507,0.0156425,0.0156337,0.0156245,0.0156147,0.0156045,0.0155938,0.0155825,0.0155708,0.0155585,0.0155457,0.0155326,0.0155188,0.0155046,0.0154899,0.0154747,0.015459,0
0.015459,0.0154747,0.0154899,0.0155046,0.0155188,0.0155325,0.0155458,0.0155585,0.0155708,0.0155825,0.0155938,0.0156045,0.0156147,0.0156245,0.0156337,0.0156424,0.0156507,0.0156584,0.0156656,0.0156723,0.0156785,0.0156841,0.0156893,0.0156939,0.015698,0.0157017,0.0157048,0.0157073,0.0157094,0.0157109,0.015712,0.0157125,0.0157125,0.015712,0.015711,0.0157094,0.0157073,0.0157048,0.0157017,0.015698,0.0156939,0.0156893,0.0156841,0.0156784,0.0156723,0.0156656,0.0156584,0.0156507,0.0156425,0.0156337,0.0156245,0.0156147,0.0156045,0.0155938,0.0155825,0.0155708,0.0155585,0.0155457,0.0155326,0.0155188,0.0155046,0.0154899,0.0154747,0.015459,0
0.015459,0.0154747,0.0154899,0.0155046,0.0155188,0.0155325,0.0155458,0.0155585,0.0155708,0.0155825,0.0155938,0.0156045,0.0156147,0.0156245,0.0156337,0.0156424,0.0156507,0.0156584,0.0156656,0.0156723,0.0156785,0.0156841,0.0156893,0.0156939,0.015698,0.0157017,0.0157048,0.0157073,0.0157094,0.0157109,0.015712,0.0157125,0.0157125,0.015712,0.015711,0.0157094,0.0157073,0.0157048,0.0157017,0.015698,0.0156939,0.0156893,0.0156841,0.0156784,0.0156723,0.0156656,0.0156584,0.0156507,0.0156425,0.0156337,0.0156245,0.0156147,0.0156045,0.0155938,0.0155825,0.0155708,0.0155585,0.0155457,0.0155326,0.0155188,0.0155046,0.0154899,0.0154747,0.015459,0
0.015459,0.0154747,0.0154899,0.0155046,0.0155188,0.0155325,0.0155458,0.0155585,0.0155708,0.0155825,0.0155938,0.0156045,0.0156147,0.0156245,0.0156337,0.0156424,0.0156507,0.0156584,0.0156656,0.0156723,0.0156785,0.0156841,0.0156893,0.0156939,0.015698,0.0157017,0.0157048,0.0157073,0.0157094,0.0157109,0.015712,0.0157125,0.0157125,0.015712,0.015711,0.0157094,0.0157073,0.0157048,0.0157017,0.015698,0.0156939,0.0156893,0.0156841,0.0156784,0.0156723,0.0156656,0.0156584,0.0156507,0.0156425,0.0156337,0.0156245,0.0156147,0.0156045,0.0155938,0.0155825,0.0155708,0.0155585,0.0155457,0.0155326,0.0155188,0.0155046,0.0154899,0.0154747,0.015459,0
0.015459,0.0154747,0.0154899,0.0155046,0.0155188,0.0155325,0.0155458,0.0155585,0.0155708,0.0155825,0.0155938,0.0156045,0.0156147,0.0156245,0.0156337,0.0156424,0.0156507,0.0156584,0.0156656,0.0156723,0.0156785,0.0156841,0.0156893,0.0156939,0.015698,0.0157017,0.0157048,0.0157073,0.0157094,0.0157109,0.015712,0.0157125,0.0157125,0.015712,0.015711,0.0157094,0.0157073,0.0157048,0.0157017,0.015698,0.0156939,0.0156893,0.0156841,0.0156784,0.0156723,0.0156656,0.0156584,0.0156507,0.0156425,0.0156337,0.0156245,0.0156147,0.0156045,0.0155938,0.0155825,0.0155708,0.0155585,0.0155457,0.0155326,0.0155188,0.0155046,0.0154899,0.0154747,0.015459,0
0.015459,0.0154747,0.0154899,0.0155046,0.0155188,0.0155325,0.0155458,0.0155585,0.0155708,0.0155825,0.0155938,0.0156045,0.0156147,0.0156245,0.0156337,0.0156424,0.0156507,0.0156584,0.0156656,0.0156723,0.0156785,0.0156841,0.0156893,0.0156939,0.015698,0.0157017,0.0157048,0.0157073,0.0157094,0.0157109,0.015712,0.0157125,0.0157125,0.015712,0.015711,0.0157094,0.0157073,0.0157048,0.0157017,0.015698,0.0156939,0.0156893,0.0156841,0.0156784,0.0156723,0.0156656,0.0156584,0.0156507,0.0156425,0.0156337,0.0156245,0.0156147,0.0156045,0.0155938,0.0155825,0.0155708,0.0155585,0.0155457,0.0155326,0.0155188,0.0155046,0.0154899,0.0154747,0.015459,0
0.015459,0.0154747,0.0154899,0.0155046,0.0155188,0.0155325,0.0155458,0.0155585,0.0155708,0.0155825,0.0155938,0.0156045,0.0156147,0.0156245,0.0156337,0.0156424,0.0156507,0.0156584,0.0156656,0.0156723,0.0156785,0.0156841,0.0156893,0.0156939,0.015698,0.0157017,0.0157048,0.0157073,0.0157094,0.0157109,0.015712,0.0157125,0.0157125,0.015712,0.015711,0.0157094,0.0157073,0.0157048,0.0157017,0.015698,0.0156939,0.0156893,0.0156841,0.0156784,0.0156723,0.0156656,0.0156584,0.0156507,0.0156425,0.0156337,0.0156245,0.0156147,0.0156045,0.0155938,0.0155825,0.0155708,0.0155585,0.0155457,0.0155326,0.0155188,0.0155046,0.0154899,0.0154747,0.015459,0
0.015459,0.0154747,0.0154899,0.0155046,0.0155188,0.0155325,0.0155458,0.0155585,0.0155708,0.0155825,0.0155938,0.0156045,0.0156147,0.0156245,0.0156337,0.0156424,0.0156507,0.0156584,0.0156656,0.0156723,0.0156785,0.0156841,0.0156893,0.0156939,0.015698,0.0157017,0.0157048,0.0157073,0.0157094,0.0157109,0.015712,0.0157125,0.0157125,0.015712,0.015711,0.0157094,0.0157073,0.0157048,0.0157017,0.015698,0.0156939,0.0156893,0.0156841,0.0156784,0.0156723,0.0156656,0.0156584,0.0156507,0.0156425,0.0156337,0.0156245,0.0156147,0.0156045,0.0155938,0.0155825,0.0155708,0.0155585,0.0155457,0.0155326,0.0155188,0.0155046,0.0154899,0.0154747,0.015459,0
0.015459,0.0154747,0.0154899,0.0155046,0.0155188,0.0155325,0.0155458,0.0155585,0.0155708,0.0155825,0.0155938,0.0156045,0.0156147,0.0156245,0.0156337,0.0156424,0.0156507,0.0156584,0.0156656,0.0156723,0.0156785,0.0156841,0.0156893,0.0156939,0.015698,0.0157017,0.0157048,0.0157073,0.0157094,0.0157109,0.015712,0.0157125,0.0157125,0.015712,0.015711,0.0157094,0.0157073,0.0157048,0.0157017,0.015698,0.0156939,0.0156893,0.0156841,0.0156784,0.0156723,0.0156656,0.0156584,0.0156507,0.0156425,0.0156337,0.0156245,0.0156147,0.0156045,0.0155938,0.0155825,0.0155708,0.0155585,0.0155457,0.0155326,0.0155188,0.0155046,0.0154899,0.0154747,0.015459,0
0.015459,0.0154747,0.0154899,0.0155046,0.0155188,0.0155325,0.0155458,0.0155585,0.0155708,0.0155825,0.0155938,0.0156045,0.0156147,0.0156245,0.0156337,0.0156424,0.0156507,0.0156584,0.0156656,0.0156723,0.0156785,0.0156841,0.0156893,0.0156939,0.015698,0.0157017,0.0157048,0.0157073,0.0157094,0.0157109,0.015712,0.0157125,0.0157125,0.015712,0.015711,0.0157094,0.0157073,0.0157048,0.0157017,0.015698,0.0156939,0.0156893,0.0156841,0.0156784,0.0156723,0.0156656,0.0156584,0.0156507,0.0156425,0.0156337,0.0156245,0.0156147,0.0156045,0.0155938,0.0155825,0.0155708,0.0155585,0.0155457,0.0155326,0.0155188,0.0155046,0.0154899,0.0154747,0.015459,0
0.015459,0.0154747,0.0154899,0.0155046,0.0155188,0.0155325,0.0155458,0.0155585,0.0155708,0.0155825,0.0155938,0.0156045,0.0156147,0.0156245,0.0156337,0.0156424,0.0156507,0.0156584,0.0156656,0.0156723,0.0156785,0.0156841,0.0156893,0.0156939,0.015698,0.0157017,0.0157048,0.0157073,0.0157094,0.0157109,0.015712,0.0157125,0.0157125,0.015712,0.015711,0.0157094,0.0157073,0.0157048,0.0157017,0.015698,0.0156939,0.0156893,0.0156841,0.0156784,0.0156723,0.0156656,0.0156584,0.0156507,0.0156425,0.0156337,0.0156245,0.0156147,0.0156045,0.0155938,0.0155825,0.0155708,0.0155585,0.0155457,0.0155326,0.0155188,0.0155046,0.0154899,0.0154747,0.015459,0
0.015459,0.0154747,0.0154899,0.0155046,0.0155188,0.0155325,0.0155458,0.0155585,0.0155708,0.0155825,0.0155938,0.0156045,0.0156147,0.0156245,0.0156337,0.0156424,0.0156507,0.0156584,0.0156656,0.0156723,0.0156785,0.0156841,0.0156893,0.0156939,0.015698,0.0157017,0.0157048,0.0157073,0.0157094,0.0157109,0.015712,0.0157125,0.0157125,0.015712,0.015711,0.0157094,0.0157073,0.0157048,0.0157017,0.015698,0.0156939,0.0156893,0.0156841,0.0156784,0.0156723,0.0156656,0.0156584,0.0156507,0.0156425,0.0156337,0.0156245,0.0156147,0.0156045,0.0155938,0.0155825,0.0155708,0.0155585,0.0155457,0.0155326,0.0155188,0.0155046,0.0154899,0.0154747,0.015459,0
0.015459,0.0154747,0.0154899,0.0155046,0.0155188,0.0155325,0.0155458,0.0155585,0.0155708,0.0155825,0.0155938,0.0156045,0.0156147,0.0156245,0.0156337,0.0156424,0.0156507,0.0156584,0.0156656,0.0156723,0.0156785,0.0156841,0.0156893,0.0156939,0.015698,0.0157017,0.0157048,0.0157073,0.0157094,0.0157109,0.015712,0.0157125,0.0157125,0.015712,0.015711,0.0157094,0.0157073,0.0157048,0.0157017,0.015698,0.0156939,0.0156893,0.0156841,0.0156784,0.0156723,0.0156656,0.0156584,0.0156507,0.0156425,0.0156337,0.0156245,0.0156147,0.0156045,0.0155938,0.0155825,0.0155708,0.0155585,0.0155457,0.0155326,0.0155188,0.0155046,0.0154899,0.0154747,0.015459,0
0.015459,0.0154747,0.0154899,0.0155046,0.0155188,0.0155325,0.0155458,0.0155585,0.0155708,0.0155825,0.0155938,0.0156045,0.0156147,0.0156245,0.0156337,0.0156424,0.0156507,0.0156584,0.0156656,0.0156723,0.0156785,0.0156841,0.0156893,0.0156939,0.015698,0.0157017,0.0157048,0.0157073,0.0157094,0.0157109,0.015712,0.0157125,0.0157125,0.015712,0.015711,0.0157094,0.0157073,0.0157048,0.0157017,0.015698,0.0156939,0.0156893,0.0156841,0.0156784,0.0156723,0.0156656,0.0156584,0.0156507,0.0156425,0.0156337,0.0156245,0.0156147,0.0156045,0.0155938,0.0155825,0.0155708,0.0155585,0.0155457,0.0155326,0.0155188,0.0155046,0.0154899,0.0154747,0.015459,0
0.015459,0.0154747,0.0154899,0.0155046,0.0155188,0.0155325,0.0155458,0.0155585,0.0155708,0.0155825,0.0155938,0.0156045,0.0156147,0.0156245,0.0156337,0.0156424,0.0156507,0.0156584,0.0156656,0.0156723,0.0156785,0.0156841,0.0156893,0.0156939,0.015698,0.0157017,0.0157048,0.0157073,0.0157094,0.0157109,0.015712,0.0157125,0.0157125,0.015712,0.015711,0.0157094,0.0157073,0.0157048,0.0157017,0.015698,0.0156939,0.0156893,0.0156841,0.0156784,0.0156723,0.0156656,0.0156584,0.0156507,0.0156425,0.0156337,0.0156245,0.0156147,0.0156045,0.0155938,0.0155825,0.0155708,0.0155585,0.0155457,0.0155326,0.0155188,0.0155046,0.0154899,0.0154747,0.015459,0
0.015459,0.0154747,0.0154899,0.0155046,0.0155188,0.0155325,0.0155458,0.0155585,0.0155708,0.0155825,0.0155938,0.0156045,0.0156147,0.0156245,0.0156337,0.0156424,0.0156507,0.0156584,0.0156656,0.0156723,0.0156785,0.0156841,0.0156893,0.0156939,0.015698,0.0157017,0.0157048,0.0157073,0.0157094,0.0157109,0.015712,0.0157125,0.0157125,0.015712,0.015711,0.0157094,0.0157073,0.0157048,0.0157017,0.015698,0.0156939,0.0156893,0.0156841,0.0156784,0.0156723,0.0156656,0.0156584,0.0156507,0.0156425,0.0156337,0.0156245,0.0156147,0.0156045,0.0155938,0.0155825,0.0155708,0.0155585,0.0155457,0.0155326,0.0155188,0.0155046,0.0154899,0.0154747,0.015459,0
0.015459,0.0154747,0.0154899,0.0155046,0.0155188,0.0155325,0.0155458,0.0155585,0.0155708,0.0155825,0.0155938,0.0156045,0.0156147,0.0156245,0.0156337,0.0156424,0.0156507,0.0156584,0.0156656,0.0156723,0.0156785,0.0156841,0.0156893,0.0156939,0.015698,0.0157017,0.0157048,0.0157073,0.0157094,0.0157109,0.015712,0.0157125,0.0157125,0.015712,0.015711,0.0157094,0.0157073,0.0157048,0.0157017,0.015698,0.0156939,0.0156893,0.0156841,0.0156784,0.0156723,0.0156656,0.0156584,0.0156507,0.0156425,0.0156337,0.0156245,0.0156147,0.0156045,0.0155938,0.0155825,0.0155708,0.0155585,0.0155457,0.0155326,0.0155188,0.0155046,0.0154899,0.0154747,0.015459,0
0.015459,0.0154747,0.0154899,0.0155046,0.0155188,0.0155325,0.0155458,0.0155585,0.0155708,0.0155825,0.0155938,0.0156045,0.0156147,0.0156245,0.0156337,0.0156424,0.0156507,0.0156584,0.0156656,0.0156723,0.0156785,0.0156841,0.0156893,0.0156939,0.015698,0.0157017,0.0157048,0.0157073,0.0157094,0.0157109,0.015712,0.0157125,0.0157125,0.015712,0.015711,0.0157094,0.0157073,0.0157048,0.0157017,0.015698,0.0156939,0.0156893,0.0156841,0.0156784,0.0156723,0.0156656,0.0156584,0.0156507,0.0156425,0.0156337,0.0156245,0.0156147,0.0156045,0.0155938,0.0155825,0.0155708,0.0155585,0.0155457,0.0155326,0.0155188,0.0155046,0.0154899,0.0154747,0.015459,0
0.015459,0.0154747,0.0154899,0.0155046,0.0155188,0.0155325,0.0155458,0.0155585,0.0155708,0.0155825,0.0155938,0.0156045,0.0156147,0.0156245,0.0156337,0.0156424,0.0156507,0.0156584,0.0156656,0.0156723,0.0156785,0.0156841,0.0156893,0.0156939,0.015698,0.0157017,0.0157048,0.0157073,0.0157094,0.0157109,0.015712,0.0157125,0.0157125,0.015712,0.015711,0.0157094,0.0157073,0.0157048,0.0157017,0.015698,0.0156939,0.0156893,0.0156841,0.0156784,0.0156723,0.0156656,0.0156584,0.0156507,0.0156425,0.0156337,0.0156245,0.0156147,0.0156045,0.0155938,0.0155825,0.0155708,0.0155585,0.0155457,0.0155326,0.0155188,0.0155046,0.0154899,0.0154747,0.015459,0
0.015459,0.0154747,0.0154899,0.0155046,0.0155188,0.0155325,0.0155458,0.0155585,0.0155708,0.0155825,0.0155938,0.0156045,0.0156147,0.0156245,0.0156337,0.0156424,0.0156507,0.0156584,0.0156656,0.0156723,0.0156785,0.0156841,0.0156893,0.0156939,0.015698,0.0157017,0.0157048,0.0157073,0.0157094,0.0157109,0.015712,0.0157125,0.0157125,0.015712,0.015711,0.0157094,0.0157073,0.0157048,0.0157017,0.015698,0.0156939,0.0156893,0.0156841,0.0156784,0.0156723,0.0156656,0.0156584,0.0156507,0.0156425,0.0156337,0.0156245,0.0156147,0.0156045,0.0155938,0.0155825,0.0155708,0.0155585,0.0155457,0.0155326,0.0155188,0.0155046,0.0154899,0.0154747,0.015459,0
0.015459,0.0154747,0.0154899,0.0155046,0.0155188,0.0155325,0.0155458,0.0155585,0.0155708,0.0155825,0.0155938,0.0156045,0.0156147,0.0156245,0.0156337,0.0156424,0.0156507,0.0156584,0.0156656,0.0156723,0.0156785,0.0156841,0.0156893,0.0156939,0.015698,0.0157017,0.0157048,0.0157073,0.0157094,0.0157109,0.015712,0.0157125,0.0157125,0.015712,0.015711,0.0157094,0.0157073,0.0157048,0.0157017,0.015698,0.0156939,0.0156893,0.0156841,0.0156784,0.0156723,0.0156656,0.0156584,0.0156507,0.0156425,0.0156337,0.0156245,0.0156147,0.0156045,0.0155938,0.0155825,0.0155708,0.0155585,0.0155457,0.0155326,0.0155188,0.0155046,0.0154899,0.0154747,0.015459,0
0.015459,0.0154747,0.0154899,0.0155046,0.0155188,0.0155325,0.0155458,0.0155585,0.0155708,0.0155825,0.0155938,0.0156045,0.0156147,0.0156245,0.0156337,0.0156424,0.0156507,0.0156584,0.0156656,0.0156723,0.0156785,0.0156841,0.0156893,0.0156939,0.015698,0.0157017,0.0157048,0.0157073,0.0157094,0.0157109,0.015712,0.0157125,0.0157125,0.015712,0.015711,0.0157094,0.0157073,0.0157048,0.0157017,0.015698,0.0156939,0.0156893,0.0156841,0.0156784,0.0156723,0.0156656,0.0156584,0.0156507,0.0156425,0.0156337,0.0156245,0.0156147,0.0156045,0.0155938,0.0155825,0.0155708,0.0155585,0.0155457,0.0155326,0.0155188,0.0155046,0.0154899,0.0154747,0.015459,0
0.015459,0.0154747,0.0154899,0.0155046,0.0155188,0.0155325,0.0155458,0.0155585,0.0155708,0.0155825,0.0155938,0.0156045,0.0156147,0.0156245,0.0156337,0.0156424,0.0156507,0.0156584,0.0156656,0.0156723,0.0156785,0.0156841,0.0156893,0.0156939,0.015698,0.0157017,0.0157048,0.0157073,0.0157094,0.0157109,0.015712,0.0157125,0.0157125,0.015712,0.015711,0.0157094,0.0157073,0.0157048,0.0157017,0.015698,0.0156939,0.0156893,0.0156841,0.0156784,0.0156723,0.0156656,0.0156584,0.0156507,0.0156425,0.0156337,0.0156245,0.0156147,0.0156045,0.0155938,0.0155825,0.0155708,0.0155585,0.0155457,0.0155326,0.0155188,0.0155046,0.0154899,0.0154747,0.015459,0
0.015459,0.0154747,0.0154899,0.0155046,0.0155188,0.0155325,0.0155458,0.0155585,0.0155708,0.0155825,0.0155938,0.0156045,0.0156147,0.0156245,0.0156337,0.0156424,0.0156507,0.0156584,0.0156656,0.0156723,0.0156785,0.0156841,0.0156893,0.0156939,0.015698,0.0157017,0.0157048,0.0157073,0.0157094,0.0157109,0.015712,0.0157125,0.0157125,0.015712,0.015711,0.0157094,0.0157073,0.0157048,0.0157017,0.015698,0.0156939,0.0156893,0.0156841,0.0156784,0.0156723,0.0156656,0.0156584,0.0156507,0.0156425,0.0156337,0.0156245,0.0156147,0.0156045,0.0155938,0.0155825,0.0155708,0.0155585,0.0155457,0.0155326,0.0155188,0.0155046,0.0154899,0.0154747,0.015459,0
0.015459,0.0154747,0.0154899,0.0155046,0.0155188,0.0155325,0.0155458,0.0155585,0.0155708,0.0155825,0.0155938,0.0156045,0.0156147,0.0156245,0.0156337,0.0156424,0.0156507,0.0156584,0.0156656,0.0156723,0.0156785,0.0156841,0.0156893,0.0156939,0.015698,0.0157017,0.0157048,0.0157073,0.0157094,0.0157109,0.015712,0.0157125,0.0157125,0.015712,0.015711,0.0157094,0.0157073,0.0157048,0.0157017,0.015698,0.0156939,0.0156893,0.0156841,0.0156784,0.0156723,0.0156656,0.0156584,0.0156507,0.0156425,0.0156337,0.0156245,0.0156147,0.0156045,0.0155938,0.0155825,0.0155708,0.0155585,0.0155457,0.0155326,0.0155188,0.0155046,0.0154899,0.0154747,0.015459,0
0.015459,0.0154747,0.0154899,0.0155046,0.0155188,0.0155325,0.0155458,0.0155585,0.0155708,0.0155825,0.0155938,0.0156045,0.0156147,0.0156245,0.0156337,0.0156424,0.0156507,0.0156584,0.0156656,0.0156723,0.0156785,0.0156841,0.0156893,0.0156939,0.015698,0.0157017,0.0157048,0.0157073,0.0157094,0.0157109,0.015712,0.0157125,0.0157125,0.015712,0.015711,0.0157094,0.0157073,0.0157048,0.0157017,0.015698,0.0156939,0.0156893,0.0156841,0.0156784,0.0156723,0.0156656,0.0156584,0.0156507,0.0156425,0.0156337,0.0156245,0.0156147,0.0156045,0.0155938,0.0155825,0.0155708,0.0155585,0.0155457,0.0155326,0.0155188,0.0155046,0.0154899,0.0154747,0.015459,0
0.015459,0.0154747,0.0154899,0.0155046,0.0155188,0.0155325,0.0155458,0.0155585,0.0155708,0.0155825,0.0155938,0.0156045,0.0156147,0.0156245,0.0156337,0.0156424,0.0156507,0.0156584,0.0156656,0.0156723,0.0156785,0.0156841,0.0156893,0.0156939,0.015698,0.0157017,0.0157048,0.0157073,0.0157094,0.0157109,0.015712,0.0157125,0.0157125,0.015712,0.015711,0.0157094,0.0157073,0.0157048,0.0157017,0.015698,0.0156939,0.0156893,0.0156841,0.0156784,0.0156723,0.0156656,0.0156584,0.0156507,0.0156425,0.0156337,0.0156245,0.0156147,0.0156045,0.0155938,0.0155825,0.0155708,0.0155585,0.0155457,0.0155326,0.0155188,0.0155046,0.0154899,0.0154747,0.015459,0
0.015459,0.0154747,0.0154899,0.0155046,0.0155188,0.0155325,0.0155458,0.0155585,0.0155708,0.0155825,0.0155938,0.0156045,0.0156147,0.0156245,0.0156337,0.0156424,0.0156507,0.0156584,0.0156656,0.0156723,0.0156785,0.0156841,0.0156893,0.0156939,0.015698,0.0157017,0.0157048,0.0157073,0.0157094,0.0157109,0.015712,0.0157125,0.0157125,0.015712,0.015711,0.0157094,0.0157073,0.0157048,0.0157017,0.015698,0.0156939,0.0156893,0.0156841,0.0156784,0.0156723,0.0156656,0.0156584,0.0156507,0.0156425,0.0156337,0.0156245,0.0156147,0.0156045,0.0155938,0.0155825,0.0155708,0.0155585,0.0155457,0.0155326,0.0155188,0.0155046,0.0154899,0.0154747,0.015459,0
0.015459,0.0154747,0.0154899,0.0155046,0.0155188,0.0155325,0.0155458,0.0155585,0.0155708,0.0155825,0.0155938,0.0156045,0.0156147,0.0156245,0.0156337,0.0156424,0.0156507,0.0156584,0.0156656,0.0156723,0.0156785,0.0156841,0.0156893,0.0156939,0.015698,0.0157017,0.0157048,0.0157073,0.0157094,0.0157109,0.015712,0.0157125,0.0157125,0.015712,0.015711,0.0157094,0.0157073,0.0157048,0.0157017,0.015698,0.0156939,0.0156893,0.0156841,0.0156784,0.0156723,0.0156656,0.0156584,0.0156507,0.0156425,0.0156337,0.0156245,0.0156147,0.0156045,0.0155938,0.0155825,0.0155708,0.0155585,0.0155457,0.0155326,0.0155188,0.0155046,0.0154899,0.0154747,0.015459,0
0.015459,0.0154747,0.0154899,0.0155046,0.0155188,0.0155325,0.0155458,0.0155585,0.0155708,0.0155825,0.0155938,0.0156045,0.0156147,0.0156245,0.0156337,0.0156424,0.0156507,0.0156584,0.0156656,0.0156723,0.0156785,0.0156841,0.0156893,0.0156939,0.015698,0.0157017,0.0157048,0.0157073,0.0157094,0.0157109,0.015712,0.0157125,0.0157125,0.015712,0.015711,0.0157094,0.0157073,0.0157048,0.0157017,0.015698,0.0156939,0.0156893,0.0156841,0.0156784,0.0156723,0.0156656,0.0156584,0.0156507,0.0156425,0.0156337,0.0156245,0.0156147,0.0156045,0.0155938,0.0155825,0.0155708,0.0155585,0.0155457,0.0155326,0.0155188,0.0155046,0.0154899,0.0154747,0.015459,0
0.015459,0.0154747,0.0154899,0.0155046,0.0155188,0.0155325,0.0155458,0.0155585,0.0155708,0.0155825,0.0155938,0.0156045,0.0156147,0.0156245,0.0156337,0.0156424,0.0156507,0.0156584,0.0156656,0.0156723,0.0156785,0.0156841,0.0156893,0.0156939,0.015698,0.0157017,0.0157048,0.0157073,0.0157094,0.0157109,0.015712,0.0157125,0.0157125,0.015712,0.015711,0.0157094,0.0157073,0.0157048,0.0157017,0.015698,0.0156939,0.0156893,0.0156841,0.0156784,0.0156723,0.0156656,0.0156584,0.0156507,0.0156425,0.0156337,0.0156245,0.0156147,0.0156045,0.0155938,0.0155825,0.0155708,0.0155585,0.0155457,0.0155326,0.0155188,0.0155046,0.0154899,0.0154747,0.015459,0
0.015459,0.0154747,0.0154899,0.0155046,0.0155188,0.0155325,0.0155458,0.0155585,0.0155708,0.0155825,0.0155938,0.0156045,0.0156147,0.0156245,0.0156337,0.0156424,0.0156507,0.0156584,0.0156656,0.0156723,0.0156785,0.0156841,0.0156893,0.0156939,0.015698,0.0157017,0.0157048,0.0157073,0.0157094,0.0157109,0.015712,0.0157125,0.0157125,0.015712,0.015711,0.0157094,0.0157073,0.0157048,0.0157017,0.015698,0.0156939,0.0156893,0.0156841,0.0156784,0.0156723,0.0156656,0.0156584,0.0156507,0.0156425,0.0156337,0.0156245,0.0156147,0.0156045,0.0155938,0.0155825,0.0155708,0.0155585,0.0155457,0.0155326,0.0155188,0.0155046,0.0154899,0.0154747,0.015459,0
0.015459,0.0154747,0.0154899,0.0155046,0.0155188,0.0155325,0.0155458,0.0155585,0.0155708,0.0155825,0.0155938,0.0156045,0.0156147,0.0156245,0.0156337,0.0156424,0.0156507,0.0156584,0.0156656,0.0156723,0.0156785,0.0156841,0.0156893,0.0156939,0.015698,0.0157017,0.0157048,0.0157073,0.0157094,0.0157109,0.015712,0.0157125,0.0157125,0.015712,0.015711,0.0157094,0.0157073,0.0157048,0.0157017,0.015698,0.0156939,0.0156893,0.0156841,0.0156784,0.0156723,0.0156656,0.0156584,0.0156507,0.0156425,0.0156337,0.0156245,0.0156147,0.0156045,0.0155938,0.0155825,0.0155708,0.0155585,0.0155457,0.0155326,0.0155188,0.0155046,0.0154899,0.0154747,0.015459,0
0.015459,0.0154747,0.0154899,0.0155046,0.0155188,0.0155325,0.0155458,0.0155585,0.0155708,0.0155825,0.0155938,0.0156045,0.0156147,0.0156245,0.0156337,0.0156424,0.0156507,0.0156584,0.0156656,0.0156723,0.0156785,0.0156841,0.0156893,0.0156939,0.015698,0.0157017,0.0157048,0.0157073,0.0157094,0.0157109,0.015712,0.0157125,0.0157125,0.015712,0.015711,0.0157094,0.0157073,0.0157048,0.0157017,0.015698,0.0156939,0.0156893,0.0156841,0.0156784,0.0156723,0.0156656,0.0156584,0.0156507,0.0156425,0.0156337,0.0156245,0.0156147,0.0156045,0.0155938,0.0155825,0.0155708,0.0155585,0.0155457,0.0155326,0.0155188,0.0155046,0.0154899,0.0154747,0.015459,0
0.015459,0.0154747,0.0154899,0.0155046,0.0155188,0.0155325,0.0155458,0.0155585,0.0155708,0.0155825,0.0155938,0.0156045,0.0156147,0.0156245,0.0156337,0.0156424,0.0156507,0.0156584,0.0156656,0.0156723,0.0156785,0.0156841,0.0156893,0.0156939,0.015698,0.0157017,0.0157048,0.0157073,0.0157094,0.0157109,0.015712,0.0157125,0.0157125,0.015712,0.015711,0.0157094,0.0157073,0.0157048,0.0157017,0.015698,0.0156939,0.0156893,0.0156841,0.0156784,0.0156723,0.0156656,0.0156584,0.0156507,0.0156425,0.0156337,0.0156245,0.0156147,0.0156045,0.0155938,0.0155825,0.0155708,0.0155585,0.0155457,0.0155326,0.0155188,0.0155046,0.0154899,0.0154747,0.015459,0
0.015459,0.0154747,0.0154899,0.0155046,0.0155188,0.0155325,0.0155458,0.0155585,0.0155708,0.0155825,0.0155938,0.0156045,0.0156147,0.0156245,0.0156337,0.0156424,0.0156507,0.0156584,0.0156656,0.0156723,0.0156785,0.0156841,0.0156893,0.0156939,0.015698,0.0157017,0.0157048,0.0157073,0.0157094,0.0157109,0.015712,0.0157125,0.0157125,0.015712,0.015711,0.0157094,0.0157073,0.0157048,0.0157017,0.015698,0.0156939,0.0156893,0.0156841,0.0156784,0.0156723,0.0156656,0.0156584,0.0156507,0.0156425,0.0156337,0.0156245,0.0156147,0.0156045,0.0155938,0.0155825,0.0155708,0.0155585,0.0155457,0.0155326,0.0155188,0.0155046,0.0154899,0.0154747,0.015459,0
0.015459,0.0154747,0.0154899,0.0155046,0.0155188,0.0155325,0.0155458,0.0155585,0.0155708,0.0155825,0.0155938,0.0156045,0.0156147,0.0156245,0.0156337,0.0156424,0.0156507,0.0156584,0.0156656,0.0156723,0.0156785,0.0156841,0.0156893,0.0156939,0.015698,0.0157017,0.0157048,0.0157073,0.0157094,0.0157109,0.015712,0.0157125,0.0157125,0.015712,0.015711,0.0157094,0.0157073,0.0157048,0.0157017,0.015698,0.0156939,0.0156893,0.0156841,0.0156784,0.0156723,0.0156656,0.0156584,0.0156507,0.0156425,0.0156337,0.0156245,0.0156147,0.0156045,0.0155938,0.0155825,0.0155708,0.0155585,0.0155457,0.0155326,0.0155188,0.0155046,0.0154899,0.0154747,0.015459,0
0.015459,0.0154747,0.0154899,0.0155046,0.0155188,0.0155325,0.0155458,0.0155585,0.0155708,0.0155825,0.0155938,0.0156045,0.0156147,0.0156245,0.0156337,0.0156424,0.0156507,0.0156584,0.0156656,0.0156723,0.0156785,0.0156841,0.0156893,0.0156939,0.015698,0.0157017,0.0157048,0.0157073,0.0157094,0.0157109,0.015712,0.0157125,0.0157125,0.015712,0.015711,0.0157094,0.0157073,0.0157048,0.0157017,0.015698,0.0156939,0.0156893,0.0156841,0.0156784,0.0156723,0.0156656,0.0156584,0.0156507,0.0156425,0.0156337,0.0156245,0.0156147,0.0156045,0.0155938,0.0155825,0.0155708,0.0155585,0.0155457,0.0155326,0.0155188,0.0155046,0.0154899,0.0154747,0.015459,0
0.015459,0.0154747,0.0154899,0.0155046,0.0155188,0.0155325,0.0155458,0.0155585,0.0155708,0.0155825,0.0155938,0.0156045,0.0156147,0.0156245,0.0156337,0.0156424,0.0156507,0.0156584,0.0156656,0.0156723,0.0156785,0.0156841,0.0156893,0.0156939,0.015698,0.0157017,0.0157048,0.0157073,0.0157094,0.0157109,0.015712,0.0157125,0.0157125,0.015712,0.015711,0.0157094,0.0157073,0.0157048,0.0157017,0.015698,0.0156939,0.0156893,0.0156841,0.0156784,0.0156723,0.0156656,0.0156584,0.0156507,0.0156425,0.0156337,0.0156245,0.0156147,0.0156045,0.0155938,0.0155825,0.0155708,0.0155585,0.0155457,0.0155326,0.0155188,0.0155046,0.0154899,0.0154747,0.015459,0
0.015459,0.0154747,0.0154899,0.0155046,0.0155188,0.0155325,0.0155458,0.0155585,0.0155708,0.0155825,0.0155938,0.0156045,0.0156147,0.0156245,0.0156337,0.0156424,0.0156507,0.0156584,0.0156656,0.0156723,0.0156785,0.0156841,0.0156893,0.0156939,0.015698,0.0157017,0.0157048,0.0157073,0.0157094,0.0157109,0.015712,0.0157125,0.0157125,0.015712,0.015711,0.0157094,0.0157073,0.0157048,0.0157017,0.015698,0.0156939,0.0156893,0.0156841,0.0156784,0.0156723,0.0156656,0.0156584,0.0156507,0.0156425,0.0156337,0.0156245,0.0156147,0.0156045,0.0155938,0.0155825,0.0155708,0.0155585,0.0155457,0.0155326,0.0155188,0.0155046,0.0154899,0.0154747,0.015459,0
0.015459,0.0154747,0.0154899,0.0155046,0.0155188,0.0155325,0.0155458,0.0155585,0.0155708,0.0155825,0.0155938,0.0156045,0.0156147,0.0156245,0.0156337,0.0156424,0.0156507,0.0156584,0.0156656,0.0156723,0.0156785,0.0156841,0.0156893,0.0156939,0.015698,0.0157017,0.0157048,0.0157073,0.0157094,0.0157109,0.015712,0.0157125,0.0157125,0.015712,0.015711,0.0157094,0.0157073,0.0157048,0.0157017,0.015698,0.0156939,0.0156893,0.0156841,0.0156784,0.0156723,0.0156656,0.0156584,0.0156507,0.0156425,0.0156337,0.0156245,0.0156147,0.0156045,0.0155938,0.0155825,0.0155708,0.0155585,0.0155457,0.0155326,0.0155188,0.0155046,0.0154899,0.0154747,0.015459,0
0.015459,0.0154747,0.0154899,0.0155046,0.0155188,0.0155325,0.0155458,0.0155585,0.0155708,0.0155825,0.0155938,0.0156045,0.0156147,0.0156245,0.0156337,0.0156424,0.0156507,0.0156584,0.0156656,0.0156723,0.0156785,0.0156841,0.0156893,0.0156939,0.015698,0.0157017,0.0157048,0.0157073,0.0157094,0.0157109,0.015712,0.0157125,0.0157125,0.015712,0.015711,0.0157094,0.0157073,0.0157048,0.0157017,0.015698,0.0156939,0.0156893,0.0156841,0.0156784,0.0156723,0.0156656,0.0156584,0.0156507,0.0156425,0.0156337,0.0156245,0.0156147,0.0156045,0.0155938,0.0155825,0.0155708,0.0155585,0.0155457,0.0155326,0.0155188,0.0155046,0.0154899,0.0154747,0.015459,0
0.015459,0.0154747,0.0154899,0.0155046,0.0155188,0.0155325,0.0155458,0.0155585,0.0155708,0.0155825,0.0155938,0.0156045,0.0156147,0.0156245,0.0156337,0.0156424,0.0156507,0.0156584,0.0156656,0.0156723,0.0156785,0.0156841,0.0156893,0.0156939,0.015698,0.0157017,0.0157048,0.0157073,0.0157094,0.0157109,0.015712,0.0157125,0.0157125,0.015712,0.015711,0.0157094,0.0157073,0.0157048,0.0157017,0.015698,0.0156939,0.0156893,0.0156841,0.0156784,0.0156723,0.0156656,0.0156584,0.0156507,0.0156425,0.0156337,0.0156245,0.0156147,0.0156045,0.0155938,0.0155825,0.0155708,0.0155585,0.0155457,0.0155326,0.0155188,0.0155046,0.0154899,0.0154747,0.015459,0
0.015459,0.0154747,0.0154899,0.0155046,0.0155188,0.0155325,0.0155458,0.0155585,0.0155708,0.0155825,0.0155938,0.0156045,0.0156147,0.0156245,0.0156337,0.0156424,0.0156507,0.0156584,0.0156656,0.0156723,0.0156785,0.0156841,0.0156893,0.0156939,0.015698,0.0157017,0.0157048,0.0157073,0.0157094,0.0157109,0.015712,0.0157125,0.0157125,0.015712,0.015711,0.0157094,0.0157073,0.0157048,0.0157017,0.015698,0.0156939,0.0156893,0.0156841,0.0156784,0.0156723,0.0156656,0.0156584,0.0156507,0.0156425,0.0156337,0.0156245,0.0156147,0.0156045,0.0155938,0.0155825,0.0155708,0.0155585,0.0155457,0.0155326,0.0155188,0.0155046,0.0154899,0.0154747,0.015459,0
0.015459,0.0154747,0.0154899,0.0155046,0.0155188,0.0155325,0.0155458,0.0155585,0.0155708,0.0155825,0.0155938,0.0156045,0.0156147,0.0156245,0.0156337,0.0156424,0.0156507,0.0156584,0.0156656,0.0156723,0.0156785,0.0156841,0.0156893,0.0156939,0.015698,0.0157017,0.0157048,0.0157073,0.0157094,0.0157109,0.015712,0.0157125,0.0157125,0.015712,0.015711,0.0157094,0.0157073,0.0157048,0.0157017,0.015698,0.0156939,0.0156893,0.0156841,0.0156784,0.0156723,0.0156656,0.0156584,0.0156507,0.0156425,0.0156337,0.0156245,0.0156147,0.0156045,0.0155938,0.0155825,0.0155708,0.0155585,0.0155457,0.0155326,0.0155188,0.0155046,0.0154899,0.0154747,0.015459,0
0.015459,0.0154747,0.0154899,0.0155046,0.0155188,0.0155325,0.0155458,0.0155585,0.0155708,0.0155825,0.0155938,0.0156045,0.0156147,0.0156245,0.0156337,0.0156424,0.0156507,0.0156584,0.0156656,0.0156723,0.0156785,0.0156841,0.0156893,0.0156939,0.015698,0.0157017,0.0157048,0.0157073,0.0157094,0.0157109,0.015712,0.0157125,0.0157125,0.015712,0.015711,0.0157094,0.0157073,0.0157048,0.0157017,0.015698,0.0156939,0.0156893,0.0156841,0.0156784,0.0156723,0.0156656,0.0156584,0.0156507,0.0156425,0.0156337,0.0156245,0.0156147,0.0156045,0.0155938,0.0155825,0.0155708,0.0155585,0.0155457,0.0155326,0.0155188,0.0155046,0.0154899,0.0154747,0.015459,0
0.015459,0.0154747,0.0154899,0.0155046,0.0155188,0.0155325,0.0155458,0.0155585,0.0155708,0.0155825,0.0155938,0.0156045,0.0156147,0.0156245,0.0156337,0.0156424,0.0156507,0.0156584,0.0156656,0.0156723,0.0156785,0.0156841,0.0156893,0.0156939,0.015698,0.0157017,0.0157048,0.0157073,0.0157094,0.0157109,0.015712,0.0157125,0.0157125,0.015712,0.015711,0.0157094,0.0157073,0.0157048,0.0157017,0.015698,0.0156939,0.0156893,0.0156841,0.0156784,0.0156723,0.0156656,0.0156584,0.0156507,0.0156425,0.0156337,0.0156245,0.0156147,0.0156045,0.0155938,0.0155825,0.0155708,0.0155585,0.0155457,0.0155326,0.0155188,0.0155046,0.0154899,0.0154747,0.015459,0
0.015459,0.0154747,0.0154899,0.0155046,0.0155188,0.0155325,0.0155458,0.0155585,0.0155708,0.0155825,0.0155938,0.0156045,0.0156147,0.0156245,0.0156337,0.0156424,0.0156507,0.0156584,0.0156656,0.0156723,0.0156785,0.0156841,0.0156893,0.0156939,0.015698,0.0157017,0.0157048,0.0157073,0.0157094,0.0157109,0.015712,0.0157125,0.0157125,0.015712,0.015711,0.0157094,0.0157073,0.0157048,0.0157017,0.015698,0.0156939,0.0156893,0.0156841,0.0156784,0.0156723,0.0156656,0.0156584,0.0156507,0.0156425,0.0156337,0.0156245,0.0156147,0.0156045,0.0155938,0.0155825,0.0155708,0.0155585,0.0155457,0.0155326,0.0155188,0.0155046,0.0154899,0.0154747,0.015459,0
0.015459,0.0154747,0.0154899,0.0155046,0.0155188,0.0155325,0.0155458,0.0155585,0.0155708,0.0155825,0.0155938,0.0156045,0.0156147,0.0156245,0.0156337,0.0156424,0.0156507,0.0156584,0.0156656,0.0156723,0.0156785,0.0156841,0.0156893,0.0156939,0.015698,0.0157017,0.0157048,0.0157073,0.0157094,0.0157109,0.015712,0.0157125,0.0157125,0.015712,0.015711,0.0157094,0.0157073,0.0157048,0.0157017,0.015698,0.0156939,0.0156893,0.0156841,0.0156784,0.0156723,0.0156656,0.0156584,0.0156507,0.0156425,0.0156337,0.0156245,0.0156147,0.0156045,0.0155938,0.0155825,0.0155708,0.0155585,0.0155457,0.0155326,0.0155188,0.0155046,0.0154899,0.0154747,0.015459,0
0.015459,0.0154747,0.0154899,0.0155046,0.0155188,0.0155325,0.0155458,0.0155585,0.0155708,0.0155825,0.0155938,0.0156045,0.0156147,0.0156245,0.0156337,0.0156424,0.0156507,0.0156584,0.0156656,0.0156723,0.0156785,0.0156841,0.0156893,0.0156939,0.015698,0.0157017,0.0157048,0.0157073,0.0157094,0.0157109,0.015712,0.0157125,0.0157125,0.015712,0.015711,0.0157094,0.0157073,0.0157048,0.0157017,0.015698,0.0156939,0.0156893,0.0156841,0.0156784,0.0156723,0.0156656,0.0156584,0.0156507,0.0156425,0.0156337,0.0156245,0.0156147,0.0156045,0.0155938,0.0155825,0.0155708,0.0155585,0.0155457,0.0155326,0.0155188,0.0155046,0.0154899,0.0154747,0.015459,0
0.015459,0.0154747,0.0154899,0.0155046,0.0155188,0.0155325,0.0155458,0.0155585,0.0155708,0.0155825,0.0155938,0.0156045,0.0156147,0.0156245,0.0156337,0.0156424,0.0156507,0.0156584,0.0156656,0.0156723,0.0156785,0.0156841,0.0156893,0.0156939,0.015698,0.0157017,0.0157048,0.0157073,0.0157094,0.0157109,0.015712,0.0157125,0.0157125,0.015712,0.015711,0.0157094,0.0157073,0.0157048,0.0157017,0.015698,0.0156939,0.0156893,0.0156841,0.0156784,0.0156723,0.0156656,0.0156584,0.0156507,0.0156425,0.0156337,0.0156245,0.0156147,0.0156045,0.0155938,0.0155825,0.0155708,0.0155585,0.0155457,0.0155326,0.0155188,0.0155046,0.0154899,0.0154747,0.015459,0
0.015459,0.0154747,0.0154899,0.0155046,0.0155188,0.0155325,0.0155458,0.0155585,0.0155708,0.0155825,0.0155938,0.0156045,0.0156147,0.0156245,0.0156337,0.0156424,0.0156507,0.0156584,0.0156656,0.0156723,0.0156785,0.0156841,0.0156893,0.0156939,0.015698,0.0157017,0.0157048,0.0157073,0.0157094,0.0157109,0.015712,0.0157125,0.0157125,0.015712,0.015711,0.0157094,0.0157073,0.0157048,0.0157017,0.015698,0.0156939,0.0156893,0.0156841,0.0156784,0.0156723,0.0156656,0.0156584,0.0156507,0.0156425,0.0156337,0.0156245,0.0156147,0.0156045,0.0155938,0.0155825,0.0155708,0.0155585,0.0155457,0.0155326,0.0155188,0.0155046,0.0154899,0.0154747,0.015459,0
0.015459,0.0154747,0.0154899,0.0155046,0.0155188,0.0155325,0.0155458,0.0155585,0.0155708,0.0155825,0.0155938,0.0156045,0.0156147,0.0156245,0.0156337,0.0156424,0.0156507,0.0156584,0.0156656,0.0156723,0.0156785,0.0156841,0.0156893,0.0156939,0.015698,0.0157017,0.0157048,0.0157073,0.0157094,0.0157109,0.015712,0.0157125,0.0157125,0.015712,0.015711,0.0157094,0.0157073,0.0157048,0.0157017,0.015698,0.0156939,0.0156893,0.0156841,0.0156784,0.0156723,0.0156656,0.0156584,0.0156507,0.0156425,0.0156337,0.0156245,0.0156147,0.0156045,0.0155938,0.0155825,0.0155708,0.0155585,0.0155457,0.0155326,0.0155188,0.0155046,0.0154899,0.0154747,0.015459,0
0.015459,0.0154747,0.0154899,0.0155046,0.0155188,0.0155325,0.0155458,0.0155585,0.0155708,0.0155825,0.0155938,0.0156045,0.0156147,0.0156245,0.0156337,0.0156424,0.0156507,0.0156584,0.0156656,0.0156723,0.0156785,0.0156841,0.0156893,0.0156939,0.015698,0.0157017,0.0157048,0.0157073,0.0157094,0.0157109,0.015712,0.0157125,0.0157125,0.015712,0.015711,0.0157094,0.0157073,0.0157048,0.0157017,0.015698,0.0156939,0.0156893,0.0156841,0.0156784,0.0156723,0.0156656,0.0156584,0.0156507,0.0156425,0.0156337,0.0156245,0.0156147,0.0156045,0.0155938,0.0155825,0.0155708,0.0155585,0.0155457,0.0155326,0.0155188,0.0155046,0.0154899,0.0154747,0.015459,0
0.015459,0.0154747,0.0154899,0.0155046,0.0155188,0.0155325,0.0155458,0.0155585,0.0155708,0.0155825,0.0155938,0.0156045,0.0156147,0.0156245,0.0156337,0.0156424,0.0156507,0.0156584,0.0156656,0.0156723,0.0156785,0.0156841,0.0156893,0.0156939,0.015698,0.0157017,0.0157048,0.0157073,0.0157094,0.0157109,0.015712,0.0157125,0.0157125,0.015712,0.015711,0.0157094,0.0157073,0.0157048,0.0157017,0.015698,0.0156939,0.0156893,0.0156841,0.0156784,0.0156723,0.0156656,0.0156584,0.0156507,0.0156425,0.0156337,0.0156245,0.0156147,0.0156045,0.0155938,0.0155825,0.0155708,0.0155585,0.0155457,0.0155326,0.0155188,0.0155046,0.0154899,0.0154747,0.015459,0
0.0155354,0.0155512,0.0155664,0.0155812,0.0155955,0.0156093,0.0156226,0.0156354,0.0156477,0.0156595,0.0156708,0.0156816,0.0156919,0.0157017,0.015711,0.0157198,0.015728,0.0157358,0.015743,0.0157498,0.015756,0.0157616,0.0157668,0.0157715,0.0157757,0.0157793,0.0157824,0.0157849,0.0157871,0.0157886,0.0157897,0.0157902,0.0157902,0.0157896,0.0157886,0.0157871,0.015785,0.0157824,0.0157793,0.0157757,0.0157714,0.0157669,0.0157616,0.015756,0.0157498,0.015743,0.0157357,0.0157281,0.0157198,0.0157109,0.0157017,0.0156919,0.0156816,0.0156708,0.0156595,0.0156477,0.0156354,0.0156226,0.0156093,0.0155955,0.0155812,0.0155665,0.0155511,0.0155354,0
0.0156118,0.0156276,0.015643,0.0156579,0.0156722,0.0156861,0.0156995,0.0157123,0.0157247,0.0157366,0.0157479,0.0157588,0.0157691,0.0157789,0.0157883,0.0157971,0.0158054,0.0158132,0.0158204,0.0158272,0.0158334,0.0158392,0.0158444,0.0158491,0.0158532,0.0158569,0.01586,0.0158626,0.0158647,0.0158663,0.0158673,0.0158679,0.0158678,0.0158673,0.0158663,0.0158647,0.0158626,0.01586,0.0158569,0.0158532,0.0158491,0.0158443,0.0158392,0.0158334,0.0158272,0.0158204,0.0158132,0.0158054,0.0157971,0.0157883,0.015779,0.0157691,0.0157588,0.0157479,0.0157366,0.0157247,0.0157123,0.0156994,0.0156861,0.0156722,0.0156578,0.015643,0.0156277,0.0156118,0
0.0156882,0.0157041,0.0157196,0.0157345,0.0157489,0.0157629,0.0157763,0.0157892,0.0158017,0.0158136,0.015825,0.0158359,0.0158463,0.0158562,0.0158655,0.0158744,0.0158827,0.0158906,0.0158979,0.0159046,0.015911,0.0159167,0.0159219,0.0159267,0.0159308,0.0159345,0.0159376,0.0159402,0.0159424,0.0159439,0.015945,0.0159455,0.0159455,0.015945,0.0159439,0.0159423,0.0159402,0.0159377,0.0159345,0.0159308,0.0159266,0.015922,0.0159166,0.015911,0.0159047,0.0158979,0.0158905,0.0158827,0.0158744,0.0158655,0.0158561,0.0158463,0.0158359,0.015825,0.0158136,0.0158016,0.0157893,0.0157763,0.0157629,0.0157489,0.0157345,0.0157195,0.0157042,0.0156882,0
0.0157646,0.0157806,0.0157961,0.0158111,0.0158256,0.0158396,0.0158531,0.0158661,0.0158786,0.0158906,0.0159021,0.015913,0.0159235,0.0159334,0.0159428,0.0159517,0.0159601,0.015968,0.0159753,0.0159822,0.0159884,0.0159942,0.0159995,0.0160042,0.0160084,0.0160121,0.0160153,0.0160179,0.01602,0.0160216,0.0160226,0.0160232,0.0160232,0.0160226,0.0160215,0.01602,0.0160179,0.0160153,0.0160121,0.0160084,0.0160042,0.0159994,0.0159943,0.0159884,0.0159822,0.0159753,0.015968,0.0159601,0.0159518,0.0159428,0.0159335,0.0159234,0.015913,0.015902,0.0158906,0.0158786,0.0158662,0.0158531,0.0158396,0.0158256,0.0158111,0.0157961,0.0157806,0.0157647,0
0.015841,0.0158571,0.0158727,0.0158878,0.0159023,0.0159164,0.01593,0.015943,0.0159556,0.0159676,0.0159792,0.0159902,0.0160006,0.0160106,0.0160201,0.016029,0.0160375,0.0160454,0.0160528,0.0160596,0.016066,0.0160717,0.016077,0.0160818,0.016086,0.0160897,0.0160929,0.0160955,0.0160977,0.0160992,0.0161003,0.0161008,0.0161008,0.0161003,0.0160993,0.0160977,0.0160955,0.0160929,0.0160897,0.016086,0.0160818,0.016077,0.0160717,0.016066,0.0160596,0.0160528,0.0160453,0.0160375,0.0160291,0.0160201,0.0160106,0.0160006,0.0159902,0.0159791,0.0159676,0.0159556,0.0159431,0.01593,0.0159164,0.0159023,0.0158877,0.0158727,0.0158572,0.015841,0
0.0159175,0.0159336,0.0159493,0.0159644,0.0159791,0.0159932,0.0160068,0.0160199,0.0160325,0.0160446,0.0160562,0.0160673,0.0160778,0.0160879,0.0160974,0.0161064,0.0161148,0.0161228,0.0161302,0.0161371,0.0161434,0.0161493,0.0161546,0.0161594,0.0161636,0.0161673,0.0161705,0.0161732,0.0161753,0.0161769,0.016178,0.0161785,0.0161785,0.016178,0.0161769,0.0161753,0.0161732,0.0161706,0.0161673,0.0161636,0.0161594,0.0161546,0.0161493,0.0161434,0.0161371,0.0161301,0.0161228,0.0161148,0.0161064,0.0160974,0.0160879,0.0160778,0.0160673,0.0160562,0.0160447,0.0160325,0.0160199,0.0160068,0.0159932,0.0159791,0.0159644,0.0159492,0.0159336,0.0159174,0
0.0159939,0.0160101,0.0160258,0.0160411,0.0160558,0.01607,0.0160837,0.0160968,0.0161095,0.0161217,0.0161333,0.0161444,0.016155,0.0161651,0.0161746,0.0161837,0.0161922,0.0162002,0.0162076,0.0162145,0.0162209,0.0162268,0.0162321,0.0162369,0.0162412,0.0162449,0.0162481,0.0162508,0.016253,0.0162545,0.0162556,0.0162562,0.0162562,0.0162557,0.0162545,0.0162529,0.0162508,0.0162482,0.0162449,0.0162412,0.016237,0.0162321,0.0162268,0.016221,0.0162145,0.0162076,0.0162002,0.0161922,0.0161837,0.0161747,0.0161651,0.016155,0.0161445,0.0161333,0.0161217,0.0161095,0.0160969,0.0160837,0.0160699,0.0160558,0.0160411,0.0160258,0.01601,0.015994,0
0.0160703,0.0160866,0.0161024,0.0161177,0.0161325,0.0161468,0.0161605,0.0161738,0.0161865,0.0161987,0.0162104,0.0162216,0.0162322,0.0162423,0.0162519,0.016261,0.0162695,0.0162776,0.0162851,0.016292,0.0162984,0.0163043,0.0163097,0.0163145,0.0163188,0.0163226,0.0163258,0.0163285,0.0163306,0.0163322,0.0163333,0.0163338,0.0163338,0.0163333,0.0163322,0.0163306,0.0163285,0.0163258,0.0163226,0.0163188,0.0163146,0.0163097,0.0163043,0.0162985,0.016292,0.0162851,0.0162776,0.0162696,0.016261,0.0162519,0.0162423,0.0162323,0.0162216,0.0162104,0.0161987,0.0161865,0.0161738,0.0161605,0.0161468,0.0161325,0.0161177,0.0161024,0.0160867,0.0160702,0
0.0161467,0.0161631,0.016179,0.0161943,0.0162092,0.0162235,0.0162374,0.0162507,0.0162635,0.0162757,0.0162875,0.0162987,0.0163094,0.0163196,0.0163292,0.0163383,0.0163469,0.016355,0.0163625,0.0163695,0.0163759,0.0163819,0.0163873,0.0163921,0.0163964,0.0164002,0.0164034,0.0164061,0.0164083,0.0164099,0.016411,0.0164115,0.0164115,0.016411,0.0164099,0.0164083,0.0164061,0.0164034,0.0164002,0.0163965,0.0163921,0.0163873,0.0163819,0.016376,0.0163695,0.0163625,0.016355,0.0163469,0.0163383,0.0163292,0.0163196,0.0163094,0.0162987,0.0162874,0.0162758,0.0162634,0.0162507,0.0162374,0.0162235,0.0162092,0.0161943,0.016179,0.0161631,0.0161467,0
0.0162231,0.0162396,0.0162556,0.016271,0.0162859,0.0163003,0.0163142,0.0163276,0.0163404,0.0163528,0.0163646,0.0163758,0.0163866,0.0163968,0.0164065,0.0164157,0.0164243,0.0164324,0.0164399,0.016447,0.0164534,0.0164594,0.0164648,0.0164697,0.016474,0.0164778,0.0164811,0.0164838,0.016486,0.0164876,0.0164886,0.0164892,0.0164892,0.0164886,0.0164876,0.0164859,0.0164838,0.016481,0.0164778,0.016474,0.0164697,0.0164648,0.0164594,0.0164534,0.016447,0.0164399,0.0164324,0.0164243,0.0164157,0.0164065,0.0163968,0.0163866,0.0163758,0.0163646,0.0163528,0.0163404,0.0163276,0.0163142,0.0163003,0.016286,0.0162711,0.0162555,0.0162395,0.0162232,0
0.0162996,0.0163161,0.0163321,0.0163476,0.0163626,0.0163771,0.0163911,0.0164045,0.0164174,0.0164298,0.0164417,0.016453,0.0164638,0.0164741,0.0164838,0.016493,0.0165017,0.0165098,0.0165174,0.0165244,0.016531,0.016537,0.0165424,0.0165473,0.0165516,0.0165554,0.0165587,0.0165614,0.0165636,0.0165652,0.0165664,0.0165669,0.0165668,0.0165663,0.0165653,0.0165636,0.0165614,0.0165587,0.0165554,0.0165516,0.0165473,0.0165424,0.0165369,0.016531,0.0165244,0.0165174,0.0165098,0.0165017,0.016493,0.0164838,0.0164741,0.0164638,0.016453,0.0164416,0.0164298,0.0164174,0.0164045,0.016391,0.0163772,0.0163626,0.0163476,0.0163323,0.0163161,0.0162995,0
0.016376,0.0163926,0.0164087,0.0164243,0.0164394,0.0164539,0.0164679,0.0164814,0.0164944,0.0165068,0.0165188,0.0165301,0.016541,0.0165513,0.0165611,0.0165703,0.016579,0.0165872,0.0165948,0.0166019,0.0166085,0.0166145,0.0166199,0.0166249,0.0166292,0.0166331,0.0166363,0.0166391,0.0166413,0.0166429,0.016644,0.0166446,0.0166445,0.016644,0.0166429,0.0166413,0.0166391,0.0166363,0.0166331,0.0166292,0.0166249,0.0166199,0.0166145,0.0166085,0.0166019,0.0165948,0.0165872,0.016579,0.0165703,0.0165611,0.0165513,0.016541,0.0165301,0.0165188,0.0165068,0.0164944,0.0164815,0.0164679,0.0164539,0.0164394,0.0164244,0.0164087,0.0163926,0.016376,0
0.0164524,0.0164691,0.0164853,0.0165009,0.0165161,0.0165307,0.0165448,0.0165583,0.0165714,0.0165839,0.0165958,0.0166073,0.0166182,0.0166285,0.0166384,0.0166477,0.0166564,0.0166646,0.0166723,0.0166794,0.016686,0.016692,0.0166975,0.0167024,0.0167068,0.0167107,0.016714,0.0167167,0.016719,0.0167206,0.0167217,0.0167223,0.0167222,0.0167217,0.0167206,0.0167189,0.0167167,0.016714,0.0167107,0.0167068,0.0167025,0.0166975,0.016692,0.016686,0.0166795,0.0166723,0.0166646,0.0166564,0.0166477,0.0166383,0.0166286,0.0166182,0.0166073,0.0165958,0.0165839,0.0165713,0.0165583,0.0165448,0.0165307,0.016516,0.0165009,0.0164853,0.0164691,0.0164523,0
0.0165288,0.0165456,0.0165619,0.0165776,0.0165928,0.0166075,0.0166216,0.0166353,0.0166484,0.0166609,0.0166729,0.0166844,0.0166954,0.0167058,0.0167157,0.016725,0.0167338,0.0167421,0.0167497,0.0167569,0.0167635,0.0167696,0.0167751,0.01678,0.0167845,0.0167883,0.0167916,0.0167944,0.0167966,0.0167982,0.0167994,0.0167999,0.0167999,0.0167994,0.0167982,0.0167966,0.0167944,0.0167916,0.0167883,0.0167845,0.01678,0.0167751,0.0167695,0.0167635,0.0167569,0.0167497,0.0167421,0.0167338,0.016725,0.0167157,0.0167058,0.0166954,0.0166845,0.0166729,0.0166609,0.0166484,0.0166352,0.0166216,0.0166075,0.0165927,0.0165776,0.016562,0.0165455,0.016529,0
0.0166053,0.0166221,0.0166385,0.0166543,0.0166695,0.0166843,0.0166985,0.0167122,0.0167253,0.016738,0.01675,0.0167616,0.0167726,0.016783,0.016793,0.0168023,0.0168112,0.0168194,0.0168272,0.0168344,0.016841,0.0168471,0.0168526,0.0168576,0.0168621,0.0168659,0.0168692,0.016872,0.0168743,0.0168759,0.0168771,0.0168776,0.0168776,0.0168771,0.0168759,0.0168743,0.016872,0.0168692,0.016866,0.016862,0.0168576,0.0168527,0.0168471,0.016841,0.0168344,0.0168272,0.0168194,0.0168112,0.0168023,0.016793,0.0167831,0.0167726,0.0167616,0.01675,0.0167379,0.0167254,0.0167122,0.0166985,0.0166843,0.0166695,0.0166541,0.0166385,0.0166222,0.0166053,0
0.0166817,0.0166986,0.016715,0.0167309,0.0167463,0.0167611,0.0167753,0.0167891,0.0168023,0.016815,0.0168271,0.0168387,0.0168498,0.0168603,0.0168703,0.0168797,0.0168885,0.0168969,0.0169047,0.0169119,0.0169185,0.0169246,0.0169302,0.0169352,0.0169397,0.0169435,0.0169469,0.0169497,0.0169519,0.0169536,0.0169547,0.0169553,0.0169553,0.0169547,0.0169536,0.0169519,0.0169497,0.0169469,0.0169436,0.0169397,0.0169352,0.0169302,0.0169247,0.0169185,0.0169119,0.0169046,0.0168969,0.0168886,0.0168797,0.0168702,0.0168603,0.0168498,0.0168387,0.0168271,0.016815,0.0168023,0.0167891,0.0167754,0.0167611,0.0167463,0.0167309,0.016715,0.0166986,0.0166817,0
0.0167581,0.0167751,0.0167916,0.0168076,0.016823,0.0168379,0.0168522,0.016866,0.0168793,0.016892,0.0169042,0.0169159,0.016927,0.0169376,0.0169476,0.016957,0.0169659,0.0169743,0.0169821,0.0169894,0.0169961,0.0170022,0.0170078,0.0170128,0.0170173,0.0170212,0.0170245,0.0170274,0.0170296,0.0170313,0.0170324,0.017033,0.0170329,0.0170324,0.0170313,0.0170296,0.0170273,0.0170246,0.0170212,0.0170173,0.0170128,0.0170078,0.0170022,0.016996,0.0169894,0.0169821,0.0169743,0.0169659,0.016957,0.0169476,0.0169375,0.016927,0.0169159,0.0169042,0.016892,0.0168793,0.016866,0.0168522,0.0168378,0.0168231,0.0168076,0.0167916,0.0167751,0.0167582,0
0.0168346,0.0168517,0.0168682,0.0168842,0.0168997,0.0169147,0.0169291,0.016943,0.0169563,0.0169691,0.0169813,0.016993,0.0170042,0.0170148,0.0170249,0.0170344,0.0170433,0.0170517,0.0170595,0.0170668,0.0170736,0.0170797,0.0170854,0.0170904,0.0170949,0.0170988,0.0171022,0.017105,0.0171072,0.017109,0.0171101,0.0171106,0.0171106,0.01711,0.017109,0.0171073,0.017105,0.0171022,0.0170988,0.0170949,0.0170904,0.0170854,0.0170797,0.0170736,0.0170668,0.0170596,0.0170517,0.0170434,0.0170344,0.0170248,0.0170148,0.0170042,0.016993,0.0169813,0.0169691,0.0169563,0.0169429,0.0169291,0.0169147,0.0168997,0.0168843,0.0168681,0.0168517,0.0168346,0
0.016911,0.0169282,0.0169448,0.0169609,0.0169764,0.0169915,0.017006,0.0170199,0.0170333,0.0170461,0.0170584,0.0170702,0.0170814,0.017092,0.0171021,0.0171117,0.0171207,0.0171291,0.017137,0.0171443,0.0171511,0.0171573,0.0171629,0.017168,0.0171725,0.0171765,0.0171799,0.0171827,0.0171849,0.0171866,0.0171878,0.0171884,0.0171883,0.0171878,0.0171866,0.017185,0.0171826,0.0171799,0.0171764,0.0171725,0.017168,0.0171629,0.0171573,0.0171511,0.0171443,0.017137,0.0171291,0.0171207,0.0171117,0.0171021,0.017092,0.0170814,0.0170702,0.0170584,0.0170461,0.0170333,0.0170199,0.017006,0.0169915,0.0169765,0.0169609,0.0169448,0.0169282,0.0169109,0
0.0169875,0.0170047,0.0170214,0.0170376,0.0170532,0.0170683,0.0170828,0.0170968,0.0171103,0.0171232,0.0171355,0.0171473,0.0171586,0.0171693,0.0171795,0.017189,0.0171981,0.0172065,0.0172144,0.0172218,0.0172286,0.0172349,0.0172405,0.0172456,0.0172502,0.0172541,0.0172575,0.0172603,0.0172626,0.0172643,0.0172654,0.017266,0.017266,0.0172655,0.0172643,0.0172626,0.0172603,0.0172575,0.0172541,0.0172502,0.0172456,0.0172405,0.0172348,0.0172287,0.0172218,0.0172145,0.0172065,0.017198,0.0171891,0.0171794,0.0171693,0.0171586,0.0171474,0.0171355,0.0171232,0.0171103,0.0170968,0.0170828,0.0170683,0.0170532,0.0170375,0.0170213,0.0170047,0.0169876,0
0.0170639,0.0170812,0.017098,0.0171142,0.0171299,0.0171451,0.0171597,0.0171737,0.0171873,0.0172002,0.0172126,0.0172245,0.0172358,0.0172466,0.0172568,0.0172664,0.0172755,0.017284,0.0172919,0.0172993,0.0173061,0.0173124,0.0173181,0.0173232,0.0173278,0.0173317,0.0173351,0.017338,0.0173403,0.017342,0.0173432,0.0173438,0.0173437,0.0173432,0.017342,0.0173403,0.017338,0.0173352,0.0173318,0.0173277,0.0173233,0.0173181,0.0173124,0.0173061,0.0172994,0.0172919,0.017284,0.0172755,0.0172664,0.0172568,0.0172465,0.0172358,0.0172245,0.0172126,0.0172002,0.0171872,0.0171738,0.0171597,0.017145,0.0171299,0.0171143,0.0170979,0.0170813,0.0170639,0
0.0171403,0.0171577,0.0171746,0.0171909,0.0172067,0.0172219,0.0172366,0.0172507,0.0172643,0.0172773,0.0172897,0.0173017,0.017313,0.0173238,0.017334,0.0173437,0.0173529,0.0173614,0.0173694,0.0173768,0.0173837,0.0173899,0.0173957,0.0174008,0.0174054,0.0174094,0.0174128,0.0174157,0.017418,0.0174197,0.0174208,0.0174214,0.0174214,0.0174208,0.0174197,0.017418,0.0174157,0.0174128,0.0174094,0.0174054,0.0174008,0.0173957,0.01739,0.0173836,0.0173768,0.0173694,0.0173614,0.0173528,0.0173438,0.017334,0.0173238,0.0173131,0.0173017,0.0172897,0.0172773,0.0172642,0.0172507,0.0172366,0.0172218,0.0172067,0.0171909,0.0171745,0.0171578,0.0171403,0
0.0172168,0.0172342,0.0172512,0.0172676,0.0172834,0.0172987,0.0173134,0.0173276,0.0173413,0.0173543,0.0173669,0.0173788,0.0173902,0.0174011,0.0174114,0.0174211,0.0174302,0.0174389,0.0174468,0.0174543,0.0174612,0.0174675,0.0174733,0.0174784,0.017483,0.017487,0.0174905,0.0174933,0.0174956,0.0174974,0.0174986,0.0174991,0.0174991,0.0174986,0.0174974,0.0174956,0.0174934,0.0174905,0.017487,0.0174831,0.0174784,0.0174732,0.0174675,0.0174612,0.0174543,0.0174468,0.0174388,0.0174302,0.0174211,0.0174114,0.0174011,0.0173902,0.0173789,0.0173668,0.0173543,0.0173413,0.0173276,0.0173135,0.0172987,0.0172833,0.0172676,0.0172511,0.0172342,0.0172168,0
0.0172932,0.0173108,0.0173278,0.0173442,0.0173601,0.0173755,0.0173903,0.0174045,0.0174183,0.0174314,0.017444,0.017456,0.0174674,0.0174783,0.0174887,0.0174984,0.0175076,0.0175163,0.0175243,0.0175318,0.0175387,0.017545,0.0175508,0.017556,0.0175606,0.0175647,0.0175681,0.017571,0.0175734,0.0175751,0.0175762,0.0175768,0.0175768,0.0175762,0.0175751,0.0175734,0.017571,0.0175681,0.0175647,0.0175607,0.017556,0.0175508,0.017545,0.0175387,0.0175318,0.0175243,0.0175163,0.0175077,0.0174984,0.0174887,0.0174783,0.0174674,0.017456,0.017444,0.0174314,0.0174183,0.0174046,0.0173902,0.0173756,0.0173601,0.0173442,0.0173277,0.0173109,0.0172932,0
0.0173697,0.0173873,0.0174044,0.0174209,0.0174369,0.0174523,0.0174672,0.0174815,0.0174952,0.0175084,0.0175211,0.0175332,0.0175447,0.0175556,0.017566,0.0175758,0.017585,0.0175937,0.0176018,0.0176093,0.0176163,0.0176226,0.0176284,0.0176336,0.0176383,0.0176423,0.0176458,0.0176487,0.017651,0.0176528,0.0176539,0.0176545,0.0176545,0.0176539,0.0176528,0.017651,0.0176487,0.0176458,0.0176423,0.0176383,0.0176336,0.0176284,0.0176226,0.0176162,0.0176093,0.0176018,0.0175937,0.017585,0.0175758,0.017566,0.0175556,0.0175447,0.0175331,0.0175211,0.0175084,0.0174953,0.0174814,0.0174671,0.0174522,0.017437,0.0174209,0.0174044,0.0173872,0.0173697,0
0.0174461,0.0174638,0.017481,0.0174976,0.0175136,0.0175291,0.017544,0.0175584,0.0175722,0.0175855,0.0175982,0.0176103,0.0176219,0.0176329,0.0176433,0.0176531,0.0176624,0.0176711,0.0176792,0.0176868,0.0176938,0.0177002,0.017706,0.0177113,0.0177159,0.01772,0.0177235,0.0177264,0.0177287,0.0177305,0.0177316,0.0177322,0.0177322,0.0177316,0.0177305,0.0177287,0.0177264,0.0177234,0.01772,0.0177159,0.0177112,0.017706,0.0177002,0.0176938,0.0176868,0.0176792,0.0176712,0.0176624,0.0176531,0.0176433,0.0176328,0.0176219,0.0176103,0.0175982,0.0175855,0.0175722,0.0175585,0.0175439,0.0175291,0.0175138,0.0174974,0.0174811,0.0174638,0.017446,0
0.0175226,0.0175403,0.0175576,0.0175742,0.0175904,0.0176059,0.0176209,0.0176354,0.0176492,0.0176626,0.0176753,0.0176875,0.0176991,0.0177101,0.0177206,0.0177305,0.0177398,0.0177485,0.0177567,0.0177643,0.0177713,0.0177777,0.0177836,0.0177888,0.0177935,0.0177976,0.0178011,0.017804,0.0178064,0.0178082,0.0178093,0.0178099,0.0178099,0.0178093,0.0178081,0.0178064,0.017804,0.0178011,0.0177976,0.0177935,0.0177889,0.0177836,0.0177777,0.0177713,0.0177643,0.0177568,0.0177485,0.0177398,0.0177305,0.0177206,0.0177101,0.0176991,0.0176874,0.0176753,0.0176625,0.0176493,0.0176353,0.0176209,0.0176059,0.0175904,0.0175742,0.0175575,0.0175403,0.0175226,0
0.017599,0.0176169,0.0176342,0.0176509,0.0176671,0.0176827,0.0176978,0.0177123,0.0177262,0.0177396,0.0177524,0.0177647,0.0177763,0.0177874,0.0177979,0.0178078,0.0178172,0.017826,0.0178342,0.0178418,0.0178488,0.0178553,0.0178612,0.0178665,0.0178711,0.0178753,0.0178788,0.0178817,0.0178841,0.0178858,0.0178871,0.0178876,0.0178876,0.0178871,0.0178859,0.0178841,0.0178817,0.0178788,0.0178753,0.0178711,0.0178664,0.0178612,0.0178553,0.0178488,0.0178418,0.0178342,0.017826,0.0178172,0.0178078,0.0177979,0.0177874,0.0177764,0.0177646,0.0177524,0.0177396,0.0177262,0.0177124,0.0176978,0.0176827,0.0176671,0.017651,0.0176342,0.0176169,0.017599,0
0.0176755,0.0176934,0.0177108,0.0177276,0.0177438,0.0177595,0.0177747,0.0177893,0.0178032,0.0178167,0.0178295,0.0178418,0.0178535,0.0178647,0.0178752,0.0178852,0.0178946,0.0179034,0.0179117,0.0179193,0.0179264,0.0179329,0.0179388,0.0179441,0.0179488,0.0179529,0.0179565,0.0179594,0.0179618,0.0179635,0.0179647,0.0179653,0.0179653,0.0179647,0.0179635,0.0179618,0.0179594,0.0179564,0.0179529,0.0179487,0.0179441,0.0179387,0.0179329,0.0179263,0.0179194,0.0179117,0.0179034,0.0178946,0.0178852,0.0178753,0.0178646,0.0178536,0.0178418,0.0178295,0.0178167,0.0178032,0.0177894,0.0177746,0.0177596,0.0177438,0.0177276,0.0177108,0.0176934,0.0176754,0
0.0177519,0.0177699,0.0177874,0.0178043,0.0178206,0.0178363,0.0178516,0.0178662,0.0178802,0.0178937,0.0179067,0.017919,0.0179307,0.017942,0.0179525,0.0179626,0.017972,0.0179809,0.0179891,0.0179968,0.0180039,0.0180104,0.0180163,0.0180217,0.0180264,0.0180306,0.0180341,0.0180371,0.0180395,0.0180413,0.0180424,0.018043,0.018043,0.0180424,0.0180412,0.0180395,0.0180371,0.0180341,0.0180306,0.0180264,0.0180216,0.0180164,0.0180104,0.0180039,0.0179968,0.0179892,0.0179809,0.017972,0.0179626,0.0179526,0.017942,0.0179307,0.017919,0.0179067,0.0178937,0.0178802,0.0178663,0.0178516,0.0178362,0.0178206,0.0178044,0.0177873,0.0177699,0.0177519,0
0.0178284,0.0178464,0.017864,0.0178809,0.0178973,0.0179132,0.0179284,0.0179431,0.0179573,0.0179708,0.0179838,0.0179961,0.018008,0.0180192,0.0180299,0.0180399,0.0180494,0.0180583,0.0180666,0.0180743,0.0180815,0.018088,0.0180939,0.0180993,0.018104,0.0181082,0.0181118,0.0181147,0.0181172,0.0181189,0.0181201,0.0181208,0.0181207,0.0181201,0.018119,0.0181171,0.0181148,0.0181118,0.0181082,0.0181041,0.0180993,0.0180939,0.018088,0.0180814,0.0180743,0.0180666,0.0180583,0.0180494,0.0180399,0.0180299,0.0180192,0.0180079,0.0179962,0.0179838,0.0179708,0.0179573,0.0179431,0.0179284,0.0179132,0.0178974,0.0178808,0.0178641,0.0178465,0.0178282,0
0.0179048,0.017923,0.0179406,0.0179576,0.0179741,0.01799,0.0180053,0.0180201,0.0180342,0.0180479,0.0180609,0.0180734,0.0180852,0.0180965,0.0181072,0.0181173,0.0181268,0.0181358,0.0181441,0.0181518,0.018159,0.0181656,0.0181715,0.0181769,0.0181817,0.0181859,0.0181895,0.0181925,0.0181949,0.0181966,0.0181978,0.0181984,0.0181984,0.0181978,0.0181966,0.0181949,0.0181924,0.0181895,0.0181859,0.0181817,0.0181769,0.0181715,0.0181656,0.018159,0.0181518,0.0181441,0.0181357,0.0181268,0.0181173,0.0181072,0.0180965,0.0180852,0.0180734,0.0180609,0.0180479,0.0180343,0.0180202,0.0180053,0.01799,0.0179741,0.0179576,0.0179406,0.017923,0.0179048,0
0.0179813,0.0179995,0.0180172,0.0180343,0.0180508,0.0180668,0.0180822,0.018097,0.0181113,0.0181249,0.018138,0.0181505,0.0181624,0.0181738,0.0181845,0.0181946,0.0182042,0.0182132,0.0182216,0.0182294,0.0182365,0.0182431,0.0182492,0.0182545,0.0182593,0.0182635,0.0182671,0.0182701,0.0182725,0.0182744,0.0182756,0.0182762,0.0182761,0.0182756,0.0182744,0.0182725,0.0182701,0.0182672,0.0182635,0.0182593,0.0182545,0.0182491,0.0182431,0.0182366,0.0182293,0.0182216,0.0182132,0.0182042,0.0181947,0.0181845,0.0181738,0.0181624,0.0181505,0.0181381,0.018125,0.0181111,0.0180972,0.0180821,0.0180669,0.0180508,0.0180343,0.0180172,0.0179994,0.0179814,0
0.0180577,0.018076,0.0180938,0.018111,0.0181276,0.0181436,0.0181591,0.018174,0.0181883,0.018202,0.0182151,0.0182277,0.0182396,0.018251,0.0182618,0.018272,0.0182816,0.0182906,0.0182991,0.0183069,0.0183141,0.0183207,0.0183267,0.0183322,0.018337,0.0183412,0.0183448,0.0183478,0.0183502,0.018352,0.0183533,0.0183538,0.0183539,0.0183532,0.0183521,0.0183502,0.0183479,0.0183448,0.0183412,0.018337,0.0183321,0.0183268,0.0183207,0.0183141,0.0183069,0.018299,0.0182906,0.0182816,0.018272,0.0182618,0.0182511,0.0182397,0.0182277,0.0182151,0.018202,0.0181884,0.0181738,0.0181592,0.0181437,0.0181277,0.018111,0.0180938,0.0180759,0.0180577,0
0.0181342,0.0181526,0.0181704,0.0181877,0.0182044,0.0182205,0.018236,0.0182509,0.0182653,0.0182791,0.0182923,0.0183049,0.0183169,0.0183283,0.0183391,0.0183494,0.018359,0.0183681,0.0183766,0.0183844,0.0183916,0.0183983,0.0184043,0.0184098,0.0184146,0.0184189,0.0184225,0.0184255,0.018428,0.0184298,0.0184309,0.0184315,0.0184316,0.0184309,0.0184298,0.018428,0.0184255,0.0184225,0.0184188,0.0184146,0.0184098,0.0184043,0.0183983,0.0183916,0.0183844,0.0183765,0.0183681,0.018359,0.0183494,0.0183392,0.0183283,0.0183169,0.0183049,0.0182922,0.0182791,0.0182654,0.0182508,0.018236,0.0182204,0.0182043,0.0181878,0.0181704,0.0181526,0.0181341,0
0.0182106,0.0182291,0.018247,0.0182644,0.0182811,0.0182973,0.0183129,0.0183279,0.0183423,0.0183561,0.0183694,0.0183821,0.0183941,0.0184056,0.0184165,0.0184267,0.0184365,0.0184455,0.018454,0.0184619,0.0184692,0.0184759,0.0184819,0.0184874,0.0184923,0.0184965,0.0185001,0.0185032,0.0185056,0.0185074,0.0185087,0.0185093,0.0185093,0.0185087,0.0185075,0.0185056,0.0185032,0.0185001,0.0184965,0.0184922,0.0184874,0.0184819,0.0184759,0.0184692,0.0184619,0.018454,0.0184455,0.0184364,0.0184268,0.0184165,0.0184056,0.0183941,0.0183821,0.0183694,0.0183561,0.0183424,0.0183277,0.0183129,0.0182973,0.0182811,0.0182644,0.018247,0.0182291,0.0182105,0
0.0182871,0.0183057,0.0183236,0.018341,0.0183579,0.0183741,0.0183898,0.0184048,0.0184193,0.0184332,0.0184465,0.0184592,0.0184713,0.0184829,0.0184938,0.0185041,0.0185139,0.0185229,0.0185315,0.0185394,0.0185467,0.0185534,0.0185595,0.018565,0.0185699,0.0185741,0.0185778,0.0185809,0.0185833,0.0185851,0.0185864,0.018587,0.0185871,0.0185863,0.0185852,0.0185833,0.0185809,0.0185778,0.0185742,0.0185699,0.0185651,0.0185595,0.0185534,0.0185468,0.0185394,0.0185315,0.018523,0.0185139,0.0185041,0.0184938,0.0184829,0.0184714,0.0184592,0.0184466,0.0184332,0.0184194,0.0184048,0.0183897,0.0183741,0.018358,0.0183409,0.0183237,0.0183057,0.0182871,0
0.0183636,0.0183822,0.0184003,0.0184177,0.0184346,0.0184509,0.0184667,0.0184818,0.0184963,0.0185103,0.0185237,0.0185364,0.0185486,0.0185602,0.0185711,0.0185815,0.0185913,0.0186004,0.018609,0.0186169,0.0186243,0.018631,0.0186372,0.0186426,0.0186475,0.0186518,0.0186555,0.0186586,0.018661,0.0186629,0.0186641,0.0186647,0.0186647,0.0186641,0.0186629,0.018661,0.0186586,0.0186555,0.0186518,0.0186476,0.0186427,0.0186371,0.018631,0.0186243,0.0186169,0.018609,0.0186004,0.0185912,0.0185815,0.0185711,0.0185602,0.0185485,0.0185364,0.0185236,0.0185102,0.0184964,0.0184819,0.0184666,0.0184509,0.0184348,0.0184177,0.0184003,0.0183822,0.0183635,0
0.01844,0.0184587,0.0184769,0.0184944,0.0185114,0.0185278,0.0185436,0.0185587,0.0185734,0.0185874,0.0186008,0.0186136,0.0186258,0.0186374,0.0186484,0.0186589,0.0186687,0.0186779,0.0186864,0.0186945,0.0187018,0.0187086,0.0187148,0.0187202,0.0187252,0.0187295,0.0187332,0.0187362,0.0187387,0.0187406,0.0187418,0.0187424,0.0187424,0.0187418,0.0187406,0.0187387,0.0187363,0.0187332,0.0187295,0.0187252,0.0187203,0.0187147,0.0187086,0.0187018,0.0186945,0.0186865,0.0186779,0.0186687,0.0186589,0.0186484,0.0186374,0.0186258,0.0186136,0.0186008,0.0185874,0.0185734,0.0185587,0.0185436,0.0185276,0.0185114,0.0184944,0.018477,0.0184587,0.01844,0
0.0185165,0.0185353,0.0185535,0.0185711,0.0185881,0.0186046,0.0186204,0.0186357,0.0186504,0.0186644,0.0186779,0.0186908,0.0187031,0.0187147,0.0187258,0.0187362,0.0187461,0.0187553,0.018764,0.0187719,0.0187794,0.0187861,0.0187923,0.0187979,0.0188028,0.0188072,0.0188109,0.018814,0.0188165,0.0188183,0.0188196,0.0188201,0.0188202,0.0188196,0.0188183,0.0188165,0.018814,0.0188109,0.0188072,0.0188028,0.0187979,0.0187923,0.0187862,0.0187793,0.018772,0.0187639,0.0187554,0.0187461,0.0187362,0.0187258,0.0187147,0.018703,0.0186908,0.0186779,0.0186645,0.0186503,0.0186357,0.0186204,0.0186046,0.0185882,0.0185711,0.0185535,0.0185353,0.0185165,0
0.018593,0.0186118,0.0186301,0.0186478,0.0186649,0.0186814,0.0186973,0.0187127,0.0187274,0.0187415,0.018755,0.018768,0.0187803,0.018792,0.0188031,0.0188136,0.0188235,0.0188328,0.0188414,0.0188495,0.0188569,0.0188637,0.0188699,0.0188755,0.0188805,0.0188849,0.0188885,0.0188917,0.0188941,0.018896,0.0188973,0.0188978,0.0188979,0.0188972,0.018896,0.0188941,0.0188917,0.0188885,0.0188848,0.0188805,0.0188755,0.01887,0.0188637,0.0188569,0.0188495,0.0188414,0.0188328,0.0188234,0.0188136,0.0188031,0.018792,0.0187803,0.018768,0.018755,0.0187416,0.0187274,0.0187125,0.0186975,0.0186814,0.0186648,0.0186478,0.0186301,0.0186118,0.018593,0
0.0186694,0.0186884,0.0187067,0.0187245,0.0187417,0.0187583,0.0187742,0.0187896,0.0188044,0.0188186,0.0188322,0.0188452,0.0188575,0.0188693,0.0188805,0.018891,0.0189009,0.0189102,0.0189189,0.018927,0.0189345,0.0189413,0.0189475,0.0189531,0.0189582,0.0189625,0.0189663,0.0189694,0.0189719,0.0189737,0.018975,0.0189756,0.0189756,0.018975,0.0189737,0.0189719,0.0189694,0.0189663,0.0189625,0.0189581,0.0189532,0.0189475,0.0189413,0.0189345,0.018927,0.0189189,0.0189102,0.0189009,0.018891,0.0188804,0.0188693,0.0188575,0.0188452,0.0188321,0.0188186,0.0188044,0.0187896,0.0187743,0.0187582,0.0187417,0.0187244,0.0187068,0.0186883,0.0186694,0
0.0187459,0.0187649,0.0187834,0.0188012,0.0188184,0.0188351,0.0188511,0.0188666,0.0188814,0.0188957,0.0189093,0.0189224,0.0189348,0.0189466,0.0189578,0.0189684,0.0189783,0.0189877,0.0189964,0.0190045,0.019012,0.0190189,0.0190251,0.0190308,0.0190358,0.0190402,0.0190439,0.019047,0.0190496,0.0190514,0.0190527,0.0190533,0.0190533,0.0190527,0.0190514,0.0190496,0.0190471,0.0190439,0.0190402,0.0190358,0.0190308,0.0190251,0.0190189,0.019012,0.0190045,0.0189964,0.0189877,0.0189783,0.0189684,0.0189578,0.0189465,0.0189348,0.0189223,0.0189093,0.0188957,0.0188813,0.0188667,0.0188512,0.0188351,0.0188185,0.0188011,0.0187833,0.018765,0.0187459,0
0.0188224,0.0188415,0.01886,0.0188779,0.0188952,0.0189119,0.018928,0.0189435,0.0189585,0.0189728,0.0189865,0.0189995,0.019012,0.0190239,0.0190351,0.0190457,0.0190558,0.0190651,0.0190739,0.0190821,0.0190896,0.0190965,0.0191028,0.0191084,0.0191134,0.0191178,0.0191216,0.0191247,0.0191272,0.0191292,0.0191304,0.0191311,0.0191311,0.0191304,0.0191292,0.0191273,0.0191247,0.0191216,0.0191178,0.0191135,0.0191084,0.0191028,0.0190965,0.0190896,0.0190821,0.0190739,0.0190651,0.0190558,0.0190457,0.0190351,0.0190239,0.019012,0.0189996,0.0189863,0.0189729,0.0189583,0.0189437,0.0189279,0.0189121,0.0188951,0.0188779,0.01886,0.0188415,0.0188223,0
0.0188988,0.018918,0.0189366,0.0189546,0.018972,0.0189888,0.0190049,0.0190205,0.0190355,0.0190498,0.0190636,0.0190767,0.0190893,0.0191012,0.0191125,0.0191231,0.0191332,0.0191426,0.0191514,0.0191596,0.0191672,0.0191741,0.0191804,0.019186,0.0191911,0.0191955,0.0191993,0.0192025,0.019205,0.0192069,0.0192081,0.0192088,0.0192088,0.0192081,0.0192069,0.019205,0.0192025,0.0191993,0.0191955,0.0191911,0.0191861,0.0191804,0.0191741,0.0191671,0.0191596,0.0191514,0.0191426,0.0191332,0.0191231,0.0191124,0.0191012,0.0190892,0.0190767,0.0190636,0.0190499,0.0190355,0.0190206,0.0190049,0.0189887,0.018972,0.0189545,0.0189366,0.018918,0.0188988,0
0.0189753,0.0189946,0.0190132,0.0190313,0.0190487,0.0190656,0.0190818,0.0190975,0.0191125,0.0191269,0.0191407,0.0191539,0.0191665,0.0191785,0.0191898,0.0192005,0.0192106,0.0192201,0.0192289,0.0192371,0.0192447,0.0192517,0.019258,0.0192637,0.0192688,0.0192732,0.019277,0.0192802,0.0192826,0.0192846,0.0192859,0.0192865,0.0192865,0.0192859,0.0192846,0.0192827,0.0192802,0.019277,0.0192732,0.0192688,0.0192637,0.019258,0.0192516,0.0192447,0.0192371,0.0192289,0.0192201,0.0192106,0.0192005,0.0191898,0.0191785,0.0191665,0.019154,0.0191407,0.0191269,0.0191126,0.0190974,0.0190818,0.0190656,0.0190488,0.0190312,0.0190133,0.0189946,0.0189754,0
0.0190518,0.0190711,0.0190899,0.019108,0.0191255,0.0191424,0.0191588,0.0191744,0.0191896,0.019204,0.0192179,0.0192311,0.0192437,0.0192557,0.0192671,0.0192779,0.019288,0.0192975,0.0193064,0.0193146,0.0193223,0.0193292,0.0193356,0.0193413,0.0193464,0.0193509,0.0193547,0.0193579,0.0193604,0.0193623,0.0193636,0.0193642,0.0193642,0.0193636,0.0193623,0.0193604,0.0193579,0.0193547,0.0193509,0.0193464,0.0193413,0.0193356,0.0193292,0.0193223,0.0193146,0.0193064,0.0192975,0.019288,0.0192779,0.0192671,0.0192557,0.0192438,0.0192311,0.0192178,0.019204,0.0191895,0.0191746,0.0191587,0.0191425,0.0191255,0.0191079,0.0190898,0.0190711,0.0190518,0
0.0191283,0.0191477,0.0191665,0.0191847,0.0192023,0.0192193,0.0192357,0.0192514,0.0192666,0.0192811,0.019295,0.0193083,0.019321,0.0193331,0.0193444,0.0193553,0.0193655,0.019375,0.0193839,0.0193922,0.0193998,0.0194069,0.0194132,0.019419,0.0194241,0.0194286,0.0194324,0.0194356,0.0194381,0.0194401,0.0194413,0.019442,0.019442,0.0194413,0.0194401,0.0194381,0.0194356,0.0194324,0.0194286,0.0194241,0.019419,0.0194132,0.0194068,0.0193999,0.0193921,0.0193839,0.019375,0.0193654,0.0193552,0.0193445,0.0193331,0.0193209,0.0193083,0.019295,0.0192813,0.0192665,0.0192513,0.0192357,0.0192193,0.0192024,0.0191847,0.0191664,0.0191478,0.0191283,0
0.0192048,0.0192242,0.0192431,0.0192614,0.0192791,0.0192961,0.0193126,0.0193284,0.0193436,0.0193582,0.0193722,0.0193855,0.0193982,0.0194103,0.0194218,0.0194327,0.0194429,0.0194525,0.0194614,0.0194697,0.0194774,0.0194844,0.0194908,0.0194966,0.0195017,0.0195062,0.0195101,0.0195132,0.0195159,0.0195178,0.019519,0.0195197,0.0195197,0.0195191,0.0195177,0.0195159,0.0195132,0.0195101,0.0195062,0.0195017,0.0194966,0.0194908,0.0194844,0.0194774,0.0194697,0.0194614,0.0194525,0.0194429,0.0194327,0.0194218,0.0194104,0.0193982,0.0193855,0.0193722,0.0193582,0.0193436,0.0193285,0.0193126,0.0192961,0.019279,0.0192614,0.0192431,0.0192243,0.0192047,0
0.0192812,0.0193008,0.0193198,0.0193381,0.0193558,0.019373,0.0193895,0.0194054,0.0194206,0.0194353,0.0194493,0.0194627,0.0194755,0.0194876,0.0194992,0.01951,0.0195203,0.0195299,0.0195389,0.0195473,0.019555,0.019562,0.0195685,0.0195742,0.0195794,0.0195839,0.0195878,0.019591,0.0195935,0.0195955,0.0195968,0.0195975,0.0195974,0.0195968,0.0195955,0.0195935,0.019591,0.0195878,0.0195839,0.0195794,0.0195742,0.0195684,0.0195621,0.0195549,0.0195473,0.0195389,0.0195299,0.0195203,0.01951,0.0194992,0.0194876,0.0194755,0.0194627,0.0194494,0.0194353,0.0194207,0.0194052,0.0193895,0.0193729,0.0193559,0.019338,0.0193198,0.0193008,0.0192813,0
0.0193577,0.0193774,0.0193964,0.0194148,0.0194326,0.0194498,0.0194664,0.0194823,0.0194977,0.0195124,0.0195265,0.0195399,0.0195528,0.0195649,0.0195765,0.0195874,0.0195977,0.0196074,0.0196164,0.0196248,0.0196325,0.0196396,0.0196461,0.0196519,0.019657,0.0196616,0.0196655,0.0196686,0.0196713,0.0196732,0.0196745,0.0196752,0.0196751,0.0196745,0.0196732,0.0196713,0.0196687,0.0196654,0.0196616,0.0196571,0.0196519,0.019646,0.0196396,0.0196325,0.0196248,0.0196164,0.0196074,0.0195978,0.0195874,0.0195765,0.0195649,0.0195527,0.01954,0.0195265,0.0195123,0.0194978,0.0194823,0.0194664,0.0194498,0.0194325,0.0194148,0.0193964,0.0193775,0.0193577,0
0.0194342,0.0194539,0.019473,0.0194915,0.0195094,0.0195267,0.0195433,0.0195593,0.0195747,0.0195895,0.0196036,0.0196171,0.01963,0.0196423,0.0196538,0.0196648,0.0196752,0.0196849,0.0196939,0.0197023,0.0197101,0.0197172,0.0197237,0.0197296,0.0197347,0.0197393,0.0197431,0.0197464,0.019749,0.019751,0.0197523,0.0197529,0.0197529,0.0197523,0.019751,0.019749,0.0197464,0.0197431,0.0197393,0.0197347,0.0197296,0.0197237,0.0197172,0.0197101,0.0197023,0.0196939,0.0196849,0.0196751,0.0196649,0.0196538,0.0196422,0.0196301,0.0196171,0.0196036,0.0195894,0.0195748,0.0195593,0.0195433,0.0195266,0.0195094,0.0194914,0.0194732,0.0194539,0.0194342,0
0.0195107,0.0195305,0.0195497,0.0195682,0.0195862,0.0196035,0.0196202,0.0196363,0.0196517,0.0196666,0.0196808,0.0196943,0.0197073,0.0197195,0.0197312,0.0197422,0.0197526,0.0197623,0.0197714,0.0197799,0.0197877,0.0197948,0.0198013,0.0198072,0.0198124,0.019817,0.0198208,0.0198241,0.0198267,0.0198287,0.01983,0.0198306,0.0198306,0.01983,0.0198287,0.0198267,0.0198241,0.0198209,0.0198169,0.0198124,0.0198072,0.0198013,0.0197948,0.0197877,0.0197799,0.0197714,0.0197623,0.0197526,0.0197423,0.0197312,0.0197195,0.0197073,0.0196942,0.0196809,0.0196664,0.0196519,0.0196363,0.0196202,0.0196035,0.0195861,0.0195682,0.0195497,0.0195305,0.0195105,0
0.0195872,0.019607,0.0196263,0.0196449,0.0196629,0.0196803,0.0196971,0.0197133,0.0197288,0.0197437,0.0197579,0.0197715,0.0197845,0.0197968,0.0198085,0.0198196,0.01983,0.0198398,0.0198489,0.0198574,0.0198652,0.0198724,0.019879,0.0198848,0.0198901,0.0198946,0.0198985,0.0199019,0.0199044,0.0199064,0.0199077,0.0199084,0.0199084,0.0199077,0.0199064,0.0199044,0.0199019,0.0198985,0.0198947,0.01989,0.0198848,0.019879,0.0198724,0.0198653,0.0198574,0.0198489,0.0198398,0.01983,0.0198196,0.0198085,0.0197969,0.0197845,0.0197716,0.0197579,0.0197437,0.0197287,0.0197134,0.0196971,0.0196803,0.019663,0.019645,0.0196263,0.0196071,0.0195872,0
0.0196636,0.0196836,0.0197029,0.0197216,0.0197397,0.0197572,0.019774,0.0197902,0.0198058,0.0198207,0.0198351,0.0198487,0.0198618,0.0198742,0.0198859,0.019897,0.0199075,0.0199172,0.0199264,0.0199349,0.0199428,0.01995,0.0199566,0.0199625,0.0199677,0.0199723,0.0199763,0.0199795,0.0199822,0.0199841,0.0199854,0.0199862,0.0199861,0.0199855,0.0199841,0.0199822,0.0199795,0.0199763,0.0199723,0.0199677,0.0199624,0.0199566,0.01995,0.0199428,0.019935,0.0199264,0.0199172,0.0199075,0.019897,0.0198859,0.0198741,0.0198618,0.0198487,0.0198351,0.0198207,0.0198058,0.0197903,0.0197741,0.0197572,0.0197397,0.0197216,0.0197029,0.0196836,0.0196637,0
0.0197401,0.0197602,0.0197796,0.0197983,0.0198165,0.019834,0.019851,0.0198672,0.0198829,0.0198978,0.0199122,0.0199259,0.019939,0.0199515,0.0199632,0.0199744,0.0199849,0.0199947,0.0200039,0.0200125,0.0200204,0.0200276,0.0200342,0.0200401,0.0200454,0.02005,0.020054,0.0200573,0.0200599,0.0200619,0.0200632,0.0200638,0.0200639,0.0200632,0.0200619,0.0200599,0.0200573,0.020054,0.02005,0.0200454,0.0200401,0.0200342,0.0200276,0.0200204,0.0200125,0.0200039,0.0199947,0.0199849,0.0199744,0.0199632,0.0199515,0.0199391,0.0199258,0.0199122,0.0198979,0.0198828,0.0198673,0.0198509,0.0198342,0.0198164,0.0197984,0.0197796,0.0197601,0.0197402,0
0.0198166,0.0198367,0.0198562,0.0198751,0.0198933,0.0199109,0.0199279,0.0199442,0.0199599,0.0199749,0.0199894,0.0200031,0.0200163,0.0200287,0.0200406,0.0200518,0.0200623,0.0200722,0.0200815,0.02009,0.0200979,0.0201052,0.0201118,0.0201178,0.0201231,0.0201277,0.0201316,0.020135,0.0201376,0.0201396,0.0201409,0.0201416,0.0201415,0.0201409,0.0201396,0.0201376,0.020135,0.0201316,0.0201277,0.0201231,0.0201178,0.0201119,0.0201052,0.020098,0.02009,0.0200815,0.0200722,0.0200623,0.0200518,0.0200406,0.0200287,0.0200163,0.0200032,0.0199894,0.0199748,0.0199599,0.0199442,0.019928,0.0199108,0.0198933,0.019875,0.0198562,0.0198368,0.0198166,0
0.0198931,0.0199133,0.0199329,0.0199518,0.0199701,0.0199877,0.0200048,0.0200212,0.020037,0.020052,0.0200665,0.0200804,0.0200935,0.020106,0.020118,0.0201292,0.0201398,0.0201497,0.0201589,0.0201676,0.0201755,0.0201828,0.0201894,0.0201954,0.0202007,0.0202054,0.0202094,0.0202127,0.0202153,0.0202174,0.0202187,0.0202193,0.0202194,0.0202187,0.0202174,0.0202153,0.0202127,0.0202094,0.0202054,0.0202007,0.0201954,0.0201895,0.0201828,0.0201755,0.0201676,0.0201589,0.0201497,0.0201398,0.0201292,0.0201179,0.0201061,0.0200936,0.0200803,0.0200665,0.0200521,0.0200369,0.0200212,0.0200047,0.0199878,0.0199699,0.0199518,0.0199329,0.0199133,0.0198932,0
0.0199696,0.0199899,0.0200095,0.0200285,0.0200469,0.0200646,0.0200817,0.0200982,0.020114,0.0201291,0.0201437,0.0201576,0.0201708,0.0201834,0.0201953,0.0202066,0.0202172,0.0202271,0.0202365,0.0202451,0.0202531,0.0202604,0.0202671,0.0202731,0.0202784,0.020283,0.0202871,0.0202904,0.0202931,0.0202951,0.0202964,0.0202971,0.0202971,0.0202964,0.0202951,0.0202931,0.0202904,0.0202871,0.020283,0.0202785,0.020273,0.0202671,0.0202604,0.0202531,0.0202451,0.0202365,0.0202272,0.0202172,0.0202066,0.0201954,0.0201833,0.0201708,0.0201576,0.0201436,0.0201292,0.0201141,0.0200981,0.0200816,0.0200646,0.0200469,0.0200285,0.0200095,0.0199898,0.0199696,0
0.0200461,0.0200664,0.0200861,0.0201052,0.0201237,0.0201415,0.0201586,0.0201751,0.020191,0.0202063,0.0202208,0.0202348,0.0202481,0.0202607,0.0202726,0.020284,0.0202946,0.0203047,0.020314,0.0203227,0.0203307,0.020338,0.0203447,0.0203507,0.0203561,0.0203608,0.0203648,0.0203682,0.0203708,0.0203728,0.0203742,0.0203748,0.0203748,0.0203742,0.0203728,0.0203708,0.0203681,0.0203648,0.0203608,0.0203561,0.0203508,0.0203447,0.020338,0.0203307,0.0203227,0.020314,0.0203046,0.0202947,0.020284,0.0202727,0.0202607,0.0202481,0.0202347,0.020221,0.0202061,0.0201911,0.0201752,0.0201585,0.0201415,0.0201236,0.0201054,0.0200861,0.0200664,0.0200461,0
0.0201226,0.020143,0.0201628,0.0201819,0.0202004,0.0202183,0.0202355,0.0202521,0.0202681,0.0202834,0.020298,0.020312,0.0203253,0.020338,0.02035,0.0203614,0.0203721,0.0203821,0.0203915,0.0204002,0.0204082,0.0204156,0.0204223,0.0204284,0.0204338,0.0204384,0.0204425,0.0204459,0.0204486,0.0204505,0.0204519,0.0204526,0.0204526,0.0204519,0.0204505,0.0204486,0.0204459,0.0204425,0.0204384,0.0204338,0.0204284,0.0204223,0.0204157,0.0204083,0.0204002,0.0203915,0.0203821,0.0203721,0.0203614,0.02035,0.0203381,0.0203254,0.020312,0.020298,0.0202833,0.0202681,0.0202521,0.0202355,0.0202184,0.0202004,0.020182,0.0201628,0.0201429,0.0201226,0
0.0201991,0.0202196,0.0202394,0.0202587,0.0202772,0.0202952,0.0203125,0.0203291,0.0203451,0.0203605,0.0203752,0.0203892,0.0204026,0.0204153,0.0204274,0.0204388,0.0204495,0.0204596,0.020469,0.0204778,0.0204858,0.0204932,0.0205,0.020506,0.0205114,0.0205162,0.0205202,0.0205235,0.0205263,0.0205283,0.0205296,0.0205303,0.0205303,0.0205296,0.0205283,0.0205263,0.0205235,0.0205202,0.0205162,0.0205114,0.020506,0.0205,0.0204933,0.0204858,0.0204778,0.020469,0.0204596,0.0204495,0.0204388,0.0204273,0.0204153,0.0204027,0.0203892,0.020375,0.0203606,0.0203451,0.020329,0.0203125,0.0202953,0.0202771,0.0202587,0.0202395,0.0202196,0.0201991,0
0.0202756,0.0202961,0.0203161,0.0203354,0.020354,0.020372,0.0203894,0.0204061,0.0204222,0.0204376,0.0204523,0.0204664,0.0204798,0.0204926,0.0205047,0.0205162,0.020527,0.0205371,0.0205466,0.0205553,0.0205634,0.0205709,0.0205776,0.0205837,0.0205891,0.0205938,0.0205979,0.0206013,0.020604,0.020606,0.0206074,0.0206081,0.0206081,0.0206074,0.0206061,0.020604,0.0206013,0.0205979,0.0205938,0.0205891,0.0205837,0.0205776,0.0205708,0.0205634,0.0205553,0.0205466,0.0205371,0.0205269,0.0205162,0.0205047,0.0204928,0.0204798,0.0204663,0.0204524,0.0204376,0.0204221,0.0204061,0.0203894,0.020372,0.020354,0.0203354,0.020316,0.0202962,0.0202756,0
0.0203521,0.0203727,0.0203927,0.0204121,0.0204308,0.0204489,0.0204663,0.0204831,0.0204992,0.0205147,0.0205295,0.0205436,0.0205571,0.02057,0.0205821,0.0205936,0.0206044,0.0206146,0.020624,0.0206329,0.020641,0.0206484,0.0206553,0.0206614,0.0206668,0.0206715,0.0206756,0.0206791,0.0206817,0.0206838,0.0206851,0.0206858,0.0206859,0.0206851,0.0206838,0.0206817,0.020679,0.0206757,0.0206715,0.0206668,0.0206614,0.0206553,0.0206485,0.020641,0.0206329,0.020624,0.0206146,0.0206044,0.0205936,0.0205821,0.0205699,0.0205572,0.0205436,0.0205295,0.0205147,0.0204992,0.0204831,0.0204662,0.0204489,0.0204308,0.0204121,0.0203928,0.0203727,0.020352,0
0.0204286,0.0204493,0.0204694,0.0204888,0.0205076,0.0205258,0.0205432,0.0205601,0.0205763,0.0205918,0.0206067,0.0206209,0.0206344,0.0206473,0.0206594,0.020671,0.0206819,0.0206921,0.0207016,0.0207104,0.0207186,0.0207261,0.0207329,0.020739,0.0207444,0.0207493,0.0207534,0.0207567,0.0207595,0.0207615,0.0207629,0.0207636,0.0207636,0.0207629,0.0207615,0.0207595,0.0207568,0.0207533,0.0207493,0.0207444,0.020739,0.0207329,0.0207261,0.0207186,0.0207104,0.0207016,0.0206921,0.0206819,0.020671,0.0206594,0.0206472,0.0206344,0.0206209,0.0206066,0.0205917,0.0205764,0.02056,0.0205433,0.0205257,0.0205076,0.0204889,0.0204693,0.0204494,0.0204285,0
0.0205051,0.0205259,0.020546,0.0205655,0.0205844,0.0206026,0.0206202,0.0206371,0.0206533,0.0206689,0.0206838,0.0206981,0.0207117,0.0207246,0.0207368,0.0207484,0.0207593,0.0207696,0.0207791,0.020788,0.0207962,0.0208037,0.0208105,0.0208167,0.0208222,0.0208269,0.020831,0.0208345,0.0208372,0.0208393,0.0208406,0.0208413,0.0208414,0.0208406,0.0208393,0.0208372,0.0208345,0.020831,0.0208269,0.0208222,0.0208167,0.0208105,0.0208037,0.0207961,0.020788,0.0207791,0.0207695,0.0207593,0.0207484,0.0207368,0.0207245,0.0207118,0.0206981,0.0206838,0.020669,0.0206532,0.020637,0.0206202,0.0206026,0.0205845,0.0205656,0.020546,0.0205259,0.020505,0
0.0205816,0.0206025,0.0206227,0.0206423,0.0206612,0.0206795,0.0206971,0.0207141,0.0207304,0.020746,0.020761,0.0207753,0.0207889,0.0208019,0.0208142,0.0208258,0.0208368,0.020847,0.0208566,0.0208655,0.0208738,0.0208813,0.0208882,0.0208943,0.0208999,0.0209046,0.0209088,0.0209122,0.020915,0.0209171,0.0209184,0.0209191,0.0209191,0.0209184,0.0209171,0.020915,0.0209122,0.0209088,0.0209047,0.0208998,0.0208943,0.0208882,0.0208813,0.0208737,0.0208656,0.0208566,0.020847,0.0208368,0.0208258,0.0208142,0.0208019,0.0207889,0.0207753,0.020761,0.020746,0.0207304,0.0207142,0.0206971,0.0206795,0.0206611,0.0206423,0.0206227,0.0206025,0.0205816,0
0.0206581,0.020679,0.0206993,0.020719,0.020738,0.0207564,0.020774,0.0207911,0.0208074,0.0208231,0.0208382,0.0208525,0.0208662,0.0208792,0.0208916,0.0209032,0.0209142,0.0209245,0.0209342,0.0209431,0.0209513,0.0209589,0.0209658,0.020972,0.0209776,0.0209823,0.0209865,0.02099,0.0209927,0.0209948,0.0209962,0.0209969,0.0209969,0.0209962,0.0209948,0.0209927,0.02099,0.0209865,0.0209823,0.0209776,0.020972,0.0209658,0.0209589,0.0209513,0.0209431,0.0209341,0.0209246,0.0209143,0.0209031,0.0208917,0.0208791,0.0208663,0.0208524,0.0208383,0.020823,0.0208074,0.0207912,0.020774,0.0207564,0.020738,0.0207191,0.0206993,0.0206791,0.020658,0
0.0207346,0.0207556,0.020776,0.0207957,0.0208148,0.0208332,0.020851,0.0208681,0.0208845,0.0209002,0.0209153,0.0209297,0.0209435,0.0209565,0.0209689,0.0209807,0.0209917,0.021002,0.0210117,0.0210207,0.0210289,0.0210365,0.0210434,0.0210497,0.0210552,0.02106,0.0210642,0.0210677,0.0210704,0.0210726,0.0210739,0.0210746,0.0210746,0.0210739,0.0210725,0.0210705,0.0210677,0.0210642,0.02106,0.0210552,0.0210497,0.0210434,0.0210366,0.0210289,0.0210207,0.0210117,0.021002,0.0209917,0.0209806,0.0209689,0.0209566,0.0209434,0.0209298,0.0209153,0.0209004,0.0208844,0.0208681,0.020851,0.0208331,0.0208148,0.0207957,0.020776,0.0207556,0.0207345,0
0.0208111,0.0208322,0.0208527,0.0208725,0.0208916,0.0209101,0.0209279,0.0209451,0.0209615,0.0209774,0.0209925,0.021007,0.0210207,0.0210339,0.0210463,0.021058,0.0210691,0.0210795,0.0210892,0.0210982,0.0211065,0.0211141,0.0211211,0.0211274,0.0211329,0.0211378,0.0211419,0.0211454,0.0211482,0.0211502,0.0211517,0.0211523,0.0211524,0.0211517,0.0211503,0.0211482,0.0211454,0.0211419,0.0211378,0.0211329,0.0211273,0.0211211,0.0211142,0.0211065,0.0210982,0.0210891,0.0210795,0.0210691,0.021058,0.0210464,0.0210339,0.0210207,0.0210071,0.0209925,0.0209774,0.0209615,0.0209451,0.0209279,0.02091,0.0208917,0.0208724,0.0208527,0.0208322,0.0208112,0
0.0208876,0.0209088,0.0209293,0.0209492,0.0209684,0.020987,0.0210048,0.0210221,0.0210386,0.0210545,0.0210697,0.0210842,0.021098,0.0211112,0.0211237,0.0211355,0.0211466,0.021157,0.0211667,0.0211758,0.0211841,0.0211918,0.0211987,0.021205,0.0212106,0.0212154,0.0212197,0.0212232,0.0212259,0.021228,0.0212294,0.0212302,0.0212301,0.0212294,0.021228,0.0212259,0.0212232,0.0212196,0.0212155,0.0212106,0.021205,0.0211987,0.0211917,0.0211841,0.0211757,0.0211667,0.021157,0.0211467,0.0211353,0.0211238,0.0211111,0.021098,0.0210842,0.0210698,0.0210545,0.0210385,0.0210221,0.0210048,0.0209869,0.0209684,0.0209492,0.0209292,0.0209088,0.0208876,0
0.0209641,0.0209854,0.021006,0.0210259,0.0210452,0.0210638,0.0210818,0.0210991,0.0211157,0.0211316,0.0211468,0.0211614,0.0211753,0.0211885,0.021201,0.0212129,0.021224,0.0212345,0.0212442,0.0212533,0.0212617,0.0212694,0.0212764,0.0212827,0.0212883,0.0212932,0.0212974,0.0213009,0.0213037,0.0213058,0.0213072,0.0213079,0.0213079,0.0213072,0.0213058,0.0213037,0.0213009,0.0212974,0.0212932,0.0212883,0.0212827,0.0212764,0.0212694,0.0212617,0.0212533,0.0212442,0.0212345,0.021224,0.0212129,0.021201,0.0211885,0.0211754,0.0211614,0.0211468,0.0211316,0.0211157,0.021099,0.0210818,0.0210638,0.0210452,0.021026,0.0210059,0.0209855,0.020964,0
0.0210406,0.0210619,0.0210826,0.0211027,0.021122,0.0211407,0.0211587,0.0211761,0.0211927,0.0212087,0.021224,0.0212387,0.0212526,0.0212658,0.0212784,0.0212903,0.0213015,0.021312,0.0213218,0.0213309,0.0213393,0.021347,0.021354,0.0213604,0.0213659,0.0213709,0.0213751,0.0213786,0.0213814,0.0213835,0.021385,0.0213857,0.0213857,0.021385,0.0213835,0.0213814,0.0213786,0.0213751,0.0213709,0.021366,0.0213603,0.021354,0.021347,0.0213393,0.0213309,0.0213218,0.0213119,0.0213015,0.0212903,0.0212784,0.0212659,0.0212526,0.0212386,0.021224,0.0212088,0.0211928,0.021176,0.0211587,0.0211407,0.021122,0.0211027,0.0210826,0.021062,0.0210406,0
0.0211171,0.0211385,0.0211593,0.0211794,0.0211988,0.0212176,0.0212356,0.0212531,0.0212698,0.0212858,0.0213012,0.0213159,0.0213299,0.0213432,0.0213558,0.0213677,0.0213789,0.0213895,0.0213993,0.0214085,0.0214169,0.0214247,0.0214317,0.021438,0.0214437,0.0214486,0.0214528,0.0214564,0.0214592,0.0214613,0.0214627,0.0214634,0.0214635,0.0214627,0.0214613,0.0214592,0.0214564,0.0214528,0.0214486,0.0214437,0.021438,0.0214317,0.0214247,0.0214169,0.0214084,0.0213993,0.0213894,0.021379,0.0213677,0.0213559,0.0213431,0.0213299,0.0213159,0.0213012,0.0212858,0.0212698,0.0212531,0.0212356,0.0212176,0.0211989,0.0211794,0.0211593,0.0211384,0.0211171,0
0.0211936,0.0212151,0.021236,0.0212561,0.0212756,0.0212944,0.0213126,0.0213301,0.0213469,0.0213629,0.0213784,0.0213931,0.0214072,0.0214205,0.0214331,0.0214451,0.0214564,0.021467,0.0214768,0.021486,0.0214945,0.0215023,0.0215093,0.0215157,0.0215213,0.0215263,0.0215305,0.0215341,0.0215369,0.0215391,0.0215405,0.0215412,0.0215412,0.0215405,0.021539,0.0215369,0.0215341,0.0215306,0.0215263,0.0215214,0.0215157,0.0215093,0.0215023,0.0214945,0.021486,0.0214769,0.021467,0.0214564,0.0214452,0.0214332,0.0214205,0.0214071,0.0213931,0.0213784,0.021363,0.0213468,0.0213301,0.0213126,0.0212944,0.0212756,0.0212562,0.0212358,0.0212151,0.0211937,0
0.0212701,0.0212917,0.0213126,0.0213329,0.0213524,0.0213713,0.0213895,0.0214071,0.0214239,0.0214401,0.0214556,0.0214703,0.0214844,0.0214978,0.0215105,0.0215226,0.0215338,0.0215445,0.0215544,0.0215636,0.0215721,0.0215799,0.021587,0.0215934,0.021599,0.0216041,0.0216083,0.0216118,0.0216147,0.0216168,0.0216182,0.0216189,0.021619,0.0216182,0.0216168,0.0216147,0.0216118,0.0216083,0.0216041,0.0215991,0.0215933,0.021587,0.0215799,0.0215721,0.0215636,0.0215544,0.0215445,0.021534,0.0215224,0.0215106,0.0214978,0.0214844,0.0214703,0.0214556,0.02144,0.0214239,0.0214071,0.0213895,0.0213712,0.0213524,0.021333,0.0213126,0.0212916,0.0212703,0
0.0213466,0.0213683,0.0213893,0.0214096,0.0214292,0.0214482,0.0214665,0.0214841,0.021501,0.0215172,0.0215327,0.0215476,0.0215617,0.0215752,0.0215879,0.0215999,0.0216113,0.0216219,0.0216319,0.0216412,0.0216497,0.0216575,0.0216646,0.0216711,0.0216767,0.0216817,0.021686,0.0216896,0.0216925,0.0216945,0.021696,0.0216967,0.0216967,0.021696,0.0216945,0.0216925,0.0216896,0.021686,0.0216818,0.0216767,0.0216711,0.0216646,0.0216575,0.0216497,0.0216411,0.0216319,0.021622,0.0216113,0.0216,0.0215878,0.0215751,0.0215619,0.0215474,0.0215328,0.0215173,0.0215008,0.0214841,0.0214665,0.0214483,0.0214292,0.0214096,0.0213892,0.0213683,0.0213467,0
0.0214232,0.0214449,0.021466,0.0214863,0.021506,0.0215251,0.0215434,0.0215611,0.0215781,0.0215943,0.0216099,0.0216248,0.021639,0.0216525,0.0216653,0.0216774,0.0216888,0.0216995,0.0217094,0.0217187,0.0217273,0.0217351,0.0217423,0.0217488,0.0217544,0.0217595,0.0217637,0.0217673,0.0217702,0.0217723,0.0217738,0.0217745,0.0217745,0.0217738,0.0217723,0.0217702,0.0217673,0.0217637,0.0217595,0.0217544,0.0217487,0.0217423,0.0217352,0.0217273,0.0217187,0.0217094,0.0216995,0.0216888,0.0216774,0.0216653,0.0216525,0.021639,0.0216248,0.0216099,0.0215943,0.021578,0.0215611,0.0215434,0.0215251,0.0215061,0.0214863,0.021466,0.0214449,0.0214231,0
0.0214997,0.0215215,0.0215426,0.0215631,0.0215829,0.0216019,0.0216204,0.0216381,0.0216551,0.0216714,0.0216871,0.021702,0.0217163,0.0217298,0.0217427,0.0217548,0.0217662,0.021777,0.021787,0.0217963,0.0218049,0.0218128,0.0218199,0.0218264,0.0218321,0.0218372,0.0218415,0.0218451,0.0218479,0.0218501,0.0218515,0.0218523,0.0218523,0.0218515,0.0218501,0.021848,0.021845,0.0218415,0.0218372,0.0218322,0.0218264,0.0218199,0.0218127,0.0218049,0.0217963,0.021787,0.021777,0.0217662,0.0217547,0.0217427,0.0217298,0.0217162,0.0217022,0.021687,0.0216714,0.0216551,0.0216382,0.0216204,0.0216019,0.0215828,0.0215632,0.0215425,0.0215216,0.0214995,0
0.0215762,0.0215981,0.0216193,0.0216398,0.0216597,0.0216788,0.0216973,0.0217151,0.0217322,0.0217486,0.0217643,0.0217793,0.0217936,0.0218072,0.02182,0.0218322,0.0218437,0.0218545,0.0218645,0.0218739,0.0218825,0.0218904,0.0218976,0.0219041,0.0219098,0.0219148,0.0219193,0.0219228,0.0219257,0.0219279,0.0219293,0.02193,0.02193,0.0219293,0.0219279,0.0219257,0.0219228,0.0219193,0.0219148,0.0219098,0.0219041,0.0218976,0.0218904,0.0218825,0.0218738,0.0218645,0.0218545,0.0218437,0.0218323,0.0218199,0.0218073,0.0217935,0.0217793,0.0217643,0.0217485,0.0217322,0.0217152,0.0216973,0.0216788,0.0216597,0.0216397,0.0216193,0.0215981,0.0215762,0
0.0216527,0.0216747,0.021696,0.0217166,0.0217365,0.0217557,0.0217743,0.0217921,0.0218093,0.0218257,0.0218415,0.0218565,0.0218709,0.0218845,0.0218974,0.0219097,0.0219212,0.021932,0.021942,0.0219514,0.0219601,0.021968,0.0219752,0.0219818,0.0219875,0.0219926,0.0219969,0.0220006,0.0220034,0.0220056,0.022007,0.0220078,0.0220078,0.0220071,0.0220056,0.0220034,0.0220006,0.021997,0.0219926,0.0219876,0.0219818,0.0219752,0.0219681,0.0219601,0.0219514,0.0219421,0.021932,0.0219212,0.0219096,0.0218976,0.0218844,0.0218709,0.0218564,0.0218415,0.0218257,0.0218093,0.0217921,0.0217743,0.0217557,0.0217365,0.0217166,0.0216959,0.0216748,0.0216527,0
0.0217292,0.0217513,0.0217726,0.0217933,0.0218133,0.0218326,0.0218512,0.0218691,0.0218863,0.0219028,0.0219186,0.0219337,0.0219482,0.0219618,0.0219748,0.0219871,0.0219986,0.0220095,0.0220196,0.022029,0.0220377,0.0220457,0.0220529,0.0220594,0.0220653,0.0220703,0.0220747,0.0220783,0.0220812,0.0220834,0.0220848,0.0220855,0.0220856,0.0220848,0.0220833,0.0220813,0.0220783,0.0220747,0.0220703,0.0220653,0.0220594,0.0220529,0.0220457,0.0220377,0.022029,0.0220196,0.0220094,0.0219988,0.0219871,0.0219748,0.0219618,0.0219482,0.0219337,0.0219187,0.0219028,0.0218863,0.0218691,0.0218512,0.0218326,0.0218134,0.0217934,0.0217726,0.0217513,0.0217292,0
0.0218057,0.0218279,0.0218493,0.0218701,0.0218901,0.0219095,0.0219282,0.0219461,0.0219634,0.02198,0.0219958,0.022011,0.0220254,0.0220392,0.0220522,0.0220645,0.0220761,0.022087,0.0220971,0.0221066,0.0221153,0.0221233,0.0221305,0.0221371,0.0221429,0.0221481,0.0221524,0.022156,0.022159,0.0221612,0.0221626,0.0221634,0.0221633,0.0221626,0.0221611,0.022159,0.0221561,0.0221524,0.0221481,0.0221429,0.0221371,0.0221306,0.0221233,0.0221153,0.0221066,0.0220971,0.0220871,0.022076,0.0220647,0.0220522,0.0220391,0.0220256,0.0220109,0.0219958,0.02198,0.0219634,0.0219462,0.0219281,0.0219095,0.02189,0.0218701,0.0218493,0.0218279,0.0218058,0
0.0218823,0.0219045,0.021926,0.0219468,0.0219669,0.0219864,0.0220051,0.0220231,0.0220405,0.0220571,0.022073,0.0220882,0.0221027,0.0221165,0.0221296,0.022142,0.0221536,0.0221645,0.0221747,0.0221842,0.0221929,0.0222009,0.0222082,0.0222148,0.0222207,0.0222257,0.0222301,0.0222338,0.0222368,0.0222389,0.0222403,0.0222411,0.0222411,0.0222404,0.0222389,0.0222367,0.0222338,0.0222301,0.0222257,0.0222207,0.0222148,0.0222083,0.0222009,0.0221929,0.0221841,0.0221748,0.0221645,0.0221536,0.0221418,0.0221297,0.0221165,0.0221027,0.0220883,0.0220729,0.0220572,0.0220405,0.0220231,0.0220051,0.0219864,0.0219669,0.0219468,0.021926,0.0219043,0.0218823,0
0.0219588,0.0219811,0.0220026,0.0220236,0.0220437,0.0220632,0.0220821,0.0221002,0.0221175,0.0221342,0.0221502,0.0221655,0.02218,0.0221938,0.022207,0.0222194,0.022231,0.022242,0.0222522,0.0222617,0.0222705,0.0222786,0.0222859,0.0222925,0.0222983,0.0223035,0.0223079,0.0223116,0.0223144,0.0223167,0.0223182,0.0223189,0.0223189,0.0223181,0.0223167,0.0223145,0.0223116,0.0223079,0.0223035,0.0222984,0.0222924,0.0222859,0.0222785,0.0222705,0.0222617,0.0222523,0.022242,0.022231,0.0222194,0.022207,0.0221938,0.0221801,0.0221654,0.0221502,0.0221343,0.0221175,0.0221002,0.022082,0.0220634,0.0220437,0.0220236,0.0220026,0.0219811,0.0219588,0
0.0220353,0.0220577,0.0220793,0.0221003,0.0221206,0.0221401,0.022159,0.0221772,0.0221946,0.0222114,0.0222274,0.0222427,0.0222573,0.0222712,0.0222844,0.0222968,0.0223085,0.0223195,0.0223298,0.0223393,0.0223481,0.0223562,0.0223635,0.0223702,0.0223761,0.0223812,0.0223856,0.0223893,0.0223923,0.0223945,0.0223959,0.0223967,0.0223966,0.022396,0.0223944,0.0223923,0.0223893,0.0223857,0.0223812,0.0223761,0.0223702,0.0223636,0.0223562,0.0223482,0.0223393,0.0223298,0.0223194,0.0223086,0.0222969,0.0222843,0.0222712,0.0222573,0.0222428,0.0222274,0.0222113,0.0221946,0.0221771,0.0221591,0.0221401,0.0221205,0.0221003,0.0220793,0.0220577,0.0220354,0
0.0221118,0.0221343,0.022156,0.022177,0.0221974,0.022217,0.022236,0.0222542,0.0222717,0.0222885,0.0223046,0.0223199,0.0223346,0.0223485,0.0223618,0.0223742,0.022386,0.022397,0.0224074,0.0224169,0.0224257,0.0224338,0.0224412,0.0224478,0.0224538,0.0224589,0.0224634,0.0224671,0.02247,0.0224722,0.0224738,0.0224744,0.0224745,0.0224737,0.0224723,0.02247,0.0224671,0.0224633,0.022459,0.0224537,0.0224479,0.0224412,0.0224339,0.0224257,0.0224169,0.0224073,0.0223969,0.0223861,0.0223743,0.0223616,0.0223486,0.0223346,0.0223199,0.0223047,0.0222884,0.0222718,0.0222542,0.022236,0.0222169,0.0221975,0.022177,0.022156,0.0221343,0.0221118,0
0.0221884,0.0222109,0.0222327,0.0222538,0.0222742,0.0222939,0.0223129,0.0223312,0.0223488,0.0223656,0.0223818,0.0223972,0.0224119,0.0224259,0.0224392,0.0224517,0.0224634,0.0224746,0.0224849,0.0224945,0.0225034,0.0225115,0.0225189,0.0225255,0.0225314,0.0225366,0.0225411,0.0225449,0.0225478,0.02255,0.0225515,0.0225522,0.0225523,0.0225515,0.02255,0.0225478,0.0225448,0.0225411,0.0225367,0.0225314,0.0225255,0.0225189,0.0225115,0.0225033,0.0224944,0.0224849,0.0224745,0.0224636,0.0224515,0.0224392,0.0224259,0.0224119,0.0223972,0.0223818,0.0223657,0.0223488,0.0223312,0.0223129,0.0222938,0.0222743,0.0222538,0.0222328,0.0222108,0.0221883,0
0.0222649,0.0222875,0.0223094,0.0223306,0.022351,0.0223708,0.0223899,0.0224082,0.0224259,0.0224428,0.022459,0.0224745,0.0224892,0.0225032,0.0225165,0.0225291,0.022541,0.022552,0.0225624,0.0225721,0.022581,0.0225891,0.0225966,0.0226032,0.0226092,0.0226144,0.0226188,0.0226226,0.0226256,0.0226278,0.0226293,0.02263,0.02263,0.0226293,0.0226278,0.0226255,0.0226226,0.0226188,0.0226144,0.0226092,0.0226032,0.0225966,0.0225891,0.022581,0.022572,0.0225625,0.022552,0.022541,0.0225291,0.0225165,0.0225031,0.0224892,0.0224745,0.022459,0.0224427,0.0224259,0.0224081,0.02239,0.0223707,0.022351,0.0223306,0.0223093,0.0222875,0.0222648,0
0.0223414,0.0223641,0.022386,0.0224073,0.0224279,0.0224477,0.0224668,0.0224852,0.0225029,0.0225199,0.0225362,0.0225517,0.0225665,0.0225806,0.0225939,0.0226065,0.0226184,0.0226296,0.02264,0.0226496,0.0226586,0.0226668,0.0226742,0.0226809,0.0226869,0.0226921,0.0226966,0.0227003,0.0227033,0.0227056,0.022707,0.0227078,0.0227078,0.022707,0.0227056,0.0227033,0.0227003,0.0226966,0.0226921,0.0226868,0.0226809,0.0226743,0.0226668,0.0226586,0.0226496,0.02264,0.0226296,0.0226184,0.0226065,0.022594,0.0225805,0.0225664,0.0225518,0.0225362,0.0225199,0.022503,0.0224851,0.0224668,0.0224477,0.0224279,0.0224073,0.0223861,0.022364,0.0223415,0
0.0224179,0.0224407,0.0224627,0.0224841,0.0225047,0.0225246,0.0225438,0.0225623,0.02258,0.0225971,0.0226134,0.0226289,0.0226438,0.0226579,0.0226713,0.022684,0.0226959,0.0227071,0.0227175,0.0227272,0.0227362,0.0227444,0.0227519,0.0227586,0.0227646,0.0227698,0.0227744,0.022778,0.0227811,0.0227833,0.0227848,0.0227856,0.0227855,0.0227848,0.0227833,0.0227811,0.022778,0.0227743,0.0227699,0.0227646,0.0227586,0.0227519,0.0227444,0.0227362,0.0227272,0.0227176,0.0227071,0.0226959,0.022684,0.0226712,0.022658,0.0226438,0.0226289,0.0226134,0.0225971,0.02258,0.0225621,0.0225438,0.0225246,0.0225047,0.0224842,0.0224626,0.0224408,0.0224179,0
0.0224945,0.0225173,0.0225394,0.0225608,0.0225815,0.0226015,0.0226208,0.0226393,0.0226571,0.0226742,0.0226906,0.0227062,0.0227211,0.0227353,0.0227487,0.0227614,0.0227734,0.0227846,0.0227951,0.0228048,0.0228138,0.0228221,0.0228296,0.0228363,0.0228423,0.0228476,0.0228521,0.0228558,0.0228589,0.0228611,0.0228626,0.0228634,0.0228633,0.0228626,0.0228611,0.0228589,0.0228558,0.0228521,0.0228476,0.0228423,0.0228363,0.0228296,0.022822,0.0228138,0.0228049,0.0227951,0.0227846,0.0227733,0.0227615,0.0227488,0.0227351,0.0227212,0.0227062,0.0226907,0.0226742,0.022657,0.0226393,0.0226208,0.0226015,0.0225815,0.0225608,0.0225394,0.0225173,0.0224944,0
0.022571,0.0225939,0.0226161,0.0226376,0.0226583,0.0226784,0.0226977,0.0227163,0.0227342,0.0227513,0.0227678,0.0227834,0.0227984,0.0228126,0.0228261,0.0228389,0.0228508,0.0228621,0.0228726,0.0228824,0.0228914,0.0228997,0.0229073,0.022914,0.02292,0.0229253,0.0229298,0.0229336,0.0229366,0.0229389,0.0229404,0.0229411,0.0229412,0.0229403,0.0229389,0.0229366,0.0229336,0.0229298,0.0229253,0.02292,0.022914,0.0229073,0.0228997,0.0228914,0.0228823,0.0228728,0.0228621,0.0228508,0.022839,0.0228261,0.0228126,0.0227984,0.0227835,0.0227677,0.0227513,0.0227342,0.0227163,0.0226977,0.0226784,0.0226583,0.0226376,0.022616,0.022594,0.022571,0
0.0226475,0.0226705,0.0226928,0.0227143,0.0227352,0.0227553,0.0227747,0.0227933,0.0228112,0.0228285,0.022845,0.0228607,0.0228757,0.02289,0.0229035,0.0229163,0.0229283,0.0229397,0.0229502,0.02296,0.022969,0.0229774,0.0229849,0.0229917,0.0229977,0.023003,0.0230076,0.0230114,0.0230144,0.0230166,0.0230182,0.023019,0.0230189,0.0230182,0.0230166,0.0230144,0.0230113,0.0230076,0.023003,0.0229977,0.0229917,0.0229849,0.0229774,0.0229689,0.0229601,0.0229502,0.0229397,0.0229284,0.0229162,0.0229036,0.0228899,0.0228758,0.0228608,0.0228449,0.0228285,0.0228113,0.0227933,0.0227746,0.0227554,0.0227351,0.0227144,0.0226928,0.0226705,0.0226475,0
0.0227241,0.0227471,0.0227695,0.0227911,0.022812,0.0228322,0.0228516,0.0228703,0.0228884,0.0229056,0.0229222,0.022938,0.022953,0.0229673,0.0229809,0.0229937,0.0230058,0.0230171,0.0230277,0.0230376,0.0230467,0.023055,0.0230626,0.0230694,0.0230755,0.0230808,0.0230854,0.0230891,0.0230922,0.0230945,0.0230959,0.0230967,0.0230967,0.0230959,0.0230945,0.0230922,0.0230891,0.0230854,0.0230808,0.0230755,0.0230694,0.0230626,0.023055,0.0230467,0.0230376,0.0230277,0.0230173,0.0230057,0.0229937,0.0229809,0.0229673,0.0229529,0.022938,0.0229223,0.0229056,0.0228883,0.0228704,0.0228516,0.0228322,0.022812,0.022791,0.0227695,0.0227472,0.022724,0
0.0228006,0.0228237,0.0228461,0.0228678,0.0228888,0.0229091,0.0229286,0.0229474,0.0229654,0.0229828,0.0229993,0.0230152,0.0230303,0.0230447,0.0230583,0.0230712,0.0230833,0.0230947,0.0231053,0.0231152,0.0231243,0.0231327,0.0231402,0.0231471,0.0231532,0.0231585,0.0231631,0.0231669,0.0231699,0.0231722,0.0231737,0.0231745,0.0231745,0.0231737,0.0231723,0.0231699,0.0231669,0.023163,0.0231586,0.0231532,0.023147,0.0231403,0.0231327,0.0231243,0.0231152,0.0231053,0.0230947,0.0230833,0.0230712,0.0230583,0.0230447,0.0230303,0.0230153,0.0229994,0.0229826,0.0229656,0.0229473,0.0229286,0.022909,0.0228889,0.0228678,0.0228461,0.0228237,0.0228007,0
0.0228771,0.0229003,0.0229228,0.0229446,0.0229656,0.022986,0.0230056,0.0230244,0.0230425,0.0230599,0.0230766,0.0230924,0.0231076,0.023122,0.0231357,0.0231486,0.0231608,0.0231722,0.0231829,0.0231927,0.0232019,0.0232103,0.0232179,0.0232248,0.0232309,0.0232363,0.0232408,0.0232446,0.0232477,0.02325,0.0232515,0.0232522,0.0232523,0.0232515,0.02325,0.0232477,0.0232446,0.0232409,0.0232362,0.0232309,0.0232248,0.023218,0.0232103,0.0232019,0.0231926,0.0231829,0.0231723,0.0231607,0.0231487,0.0231357,0.0231221,0.0231076,0.0230925,0.0230764,0.02306,0.0230426,0.0230244,0.0230055,0.0229859,0.0229657,0.0229446,0.0229229,0.0229003,0.0228771,0
0.0229537,0.022977,0.0229995,0.0230214,0.0230425,0.0230629,0.0230825,0.0231014,0.0231196,0.023137,0.0231538,0.0231697,0.023185,0.0231994,0.0232131,0.0232261,0.0232383,0.0232497,0.0232604,0.0232703,0.0232795,0.023288,0.0232956,0.0233025,0.0233086,0.0233139,0.0233186,0.0233224,0.0233255,0.0233278,0.0233293,0.0233301,0.0233301,0.0233293,0.0233278,0.0233255,0.0233224,0.0233186,0.023314,0.0233086,0.0233025,0.0232956,0.023288,0.0232796,0.0232702,0.0232605,0.0232496,0.0232383,0.023226,0.0232131,0.0231993,0.023185,0.0231698,0.0231537,0.0231371,0.0231196,0.0231014,0.0230826,0.0230628,0.0230424,0.0230215,0.0229994,0.022977,0.0229536,0
0.0230302,0.0230536,0.0230762,0.0230981,0.0231193,0.0231398,0.0231595,0.0231785,0.0231967,0.0232142,0.023231,0.023247,0.0232622,0.0232767,0.0232905,0.0233035,0.0233158,0.0233272,0.023338,0.0233479,0.0233571,0.0233656,0.0233733,0.0233802,0.0233864,0.0233917,0.0233963,0.0234002,0.0234032,0.0234056,0.0234071,0.0234079,0.0234079,0.0234071,0.0234056,0.0234033,0.0234001,0.0233964,0.0233917,0.0233863,0.0233802,0.0233732,0.0233655,0.0233573,0.0233479,0.0233381,0.0233271,0.0233158,0.0233035,0.0232905,0.0232767,0.0232624,0.0232469,0.023231,0.0232141,0.0231967,0.0231786,0.0231595,0.0231397,0.0231192,0.0230982,0.0230762,0.0230535,0.0230302,0
0.0231067,0.0231302,0.0231529,0.0231749,0.0231961,0.0232167,0.0232365,0.0232555,0.0232738,0.0232914,0.0233082,0.0233242,0.0233396,0.0233541,0.0233679,0.0233809,0.0233932,0.0234048,0.0234155,0.0234255,0.0234348,0.0234433,0.023451,0.0234579,0.023464,0.0234694,0.0234741,0.023478,0.023481,0.0234833,0.0234849,0.0234857,0.0234857,0.0234849,0.0234833,0.0234811,0.0234779,0.0234741,0.0234694,0.0234641,0.0234579,0.023451,0.0234432,0.0234349,0.0234255,0.0234156,0.0234047,0.0233933,0.023381,0.0233679,0.0233541,0.0233395,0.0233244,0.023308,0.0232913,0.0232738,0.0232556,0.0232364,0.0232166,0.0231961,0.023175,0.0231528,0.0231302,0.0231068,0
0.0231833,0.0232068,0.0232296,0.0232517,0.023273,0.0232936,0.0233134,0.0233325,0.0233509,0.0233685,0.0233854,0.0234015,0.0234168,0.0234315,0.0234453,0.0234584,0.0234707,0.0234823,0.0234931,0.0235031,0.0235124,0.0235209,0.0235286,0.0235356,0.0235417,0.0235472,0.0235519,0.0235557,0.0235589,0.0235611,0.0235627,0.0235635,0.0235634,0.0235627,0.0235611,0.0235589,0.0235557,0.0235518,0.0235472,0.0235417,0.0235356,0.0235286,0.0235208,0.0235125,0.0235031,0.0234931,0.0234823,0.0234708,0.0234584,0.0234454,0.0234314,0.0234169,0.0234015,0.0233853,0.0233686,0.0233508,0.0233325,0.0233135,0.0232935,0.023273,0.0232518,0.0232296,0.0232067,0.0231832,0
0.0232598,0.0232834,0.0233063,0.0233284,0.0233498,0.0233705,0.0233904,0.0234095,0.023428,0.0234457,0.0234626,0.0234787,0.0234942,0.0235088,0.0235227,0.0235358,0.0235482,0.0235598,0.0235707,0.0235807,0.02359,0.0235985,0.0236064,0.0236133,0.0236195,0.0236249,0.0236296,0.0236335,0.0236366,0.023639,0.0236405,0.0236413,0.0236412,0.0236405,0.0236389,0.0236366,0.0236335,0.0236296,0.023625,0.0236195,0.0236133,0.0236063,0.0235986,0.02359,0.0235808,0.0235707,0.0235598,0.0235482,0.0235357,0.0235229,0.0235088,0.0234941,0.0234787,0.0234627,0.0234456,0.023428,0.0234096,0.0233904,0.0233704,0.0233498,0.0233285,0.0233061,0.0232836,0.0232598,0
0.0233364,0.02336,0.023383,0.0234052,0.0234267,0.0234474,0.0234674,0.0234866,0.0235051,0.0235228,0.0235398,0.023556,0.0235715,0.0235862,0.0236001,0.0236133,0.0236257,0.0236374,0.0236482,0.0236583,0.0236677,0.0236762,0.023684,0.023691,0.0236972,0.0237027,0.0237074,0.0237113,0.0237144,0.0237167,0.0237183,0.023719,0.0237191,0.0237183,0.0237167,0.0237144,0.0237113,0.0237074,0.0237027,0.0236972,0.023691,0.023684,0.0236763,0.0236676,0.0236583,0.0236484,0.0236373,0.0236256,0.0236133,0.0236001,0.0235863,0.0235715,0.023556,0.0235398,0.0235227,0.0235051,0.0234865,0.0234674,0.0234474,0.0234267,0.0234052,0.023383,0.02336,0.0233364,0
0.0234129,0.0234367,0.0234597,0.023482,0.0235035,0.0235243,0.0235443,0.0235636,0.0235822,0.0236,0.023617,0.0236333,0.0236488,0.0236635,0.0236775,0.0236908,0.0237032,0.0237149,0.0237258,0.0237359,0.0237453,0.0237539,0.0237616,0.0237687,0.0237749,0.0237805,0.0237851,0.023789,0.0237922,0.0237945,0.0237961,0.0237969,0.0237969,0.023796,0.0237945,0.0237921,0.023789,0.0237851,0.0237804,0.023775,0.0237687,0.0237617,0.0237539,0.0237453,0.0237359,0.0237257,0.0237149,0.0237032,0.0236907,0.0236775,0.0236636,0.0236487,0.0236332,0.023617,0.0236,0.0235822,0.0235636,0.0235443,0.0235243,0.0235034,0.023482,0.0234597,0.0234367,0.0234129,0
0.0234894,0.0235133,0.0235364,0.0235587,0.0235803,0.0236012,0.0236213,0.0236407,0.0236593,0.0236771,0.0236942,0.0237105,0.0237261,0.0237409,0.0237549,0.0237682,0.0237807,0.0237924,0.0238034,0.0238135,0.0238229,0.0238315,0.0238394,0.0238464,0.0238527,0.0238582,0.0238628,0.0238668,0.0238699,0.0238723,0.0238738,0.0238747,0.0238746,0.0238739,0.0238723,0.0238699,0.0238668,0.0238629,0.0238581,0.0238527,0.0238464,0.0238394,0.0238315,0.0238229,0.0238135,0.0238035,0.0237924,0.0237807,0.0237681,0.0237551,0.0237409,0.0237261,0.0237105,0.0236942,0.0236771,0.0236593,0.0236406,0.0236213,0.0236012,0.0235803,0.0235587,0.0235363,0.0235133,0.0234895,0
0.023566,0.0235899,0.0236131,0.0236355,0.0236572,0.0236781,0.0236983,0.0237177,0.0237364,0.0237543,0.0237714,0.0237878,0.0238034,0.0238183,0.0238323,0.0238456,0.0238582,0.0238699,0.0238809,0.0238911,0.0239005,0.0239092,0.023917,0.0239241,0.0239304,0.0239359,0.0239406,0.0239446,0.0239477,0.02395,0.0239517,0.0239524,0.0239524,0.0239517,0.02395,0.0239477,0.0239446,0.0239406,0.0239359,0.0239304,0.0239242,0.023917,0.0239092,0.0239006,0.0238911,0.0238808,0.0238699,0.0238583,0.0238457,0.0238323,0.0238183,0.0238034,0.0237879,0.0237714,0.0237542,0.0237364,0.0237176,0.0236983,0.0236781,0.0236572,0.0236355,0.0236131,0.0235898,0.023566,0
0.0236425,0.0236665,0.0236898,0.0237123,0.023734,0.023755,0.0237752,0.0237947,0.0238135,0.0238314,0.0238486,0.0238651,0.0238807,0.0238956,0.0239097,0.0239231,0.0239357,0.0239475,0.0239585,0.0239687,0.0239782,0.0239868,0.0239947,0.0240018,0.0240081,0.0240137,0.0240184,0.0240223,0.0240255,0.0240279,0.0240294,0.0240303,0.0240302,0.0240295,0.0240279,0.0240255,0.0240223,0.0240184,0.0240136,0.0240082,0.0240018,0.0239948,0.0239867,0.0239782,0.0239687,0.0239586,0.0239474,0.0239357,0.0239232,0.0239098,0.0238955,0.0238807,0.0238651,0.0238487,0.0238314,0.0238135,0.0237948,0.0237752,0.0237551,0.023734,0.0237123,0.0236897,0.0236665,0.0236425,0
0.0237191,0.0237431,0.0237665,0.023789,0.0238109,0.0238319,0.0238522,0.0238718,0.0238906,0.0239086,0.0239258,0.0239424,0.023958,0.023973,0.0239872,0.0240006,0.0240132,0.024025,0.024036,0.0240463,0.0240558,0.0240645,0.0240724,0.0240796,0.0240858,0.0240914,0.0240962,0.0241001,0.0241033,0.0241057,0.0241072,0.0241081,0.0241081,0.0241073,0.0241057,0.0241033,0.0241001,0.0240962,0.0240914,0.0240859,0.0240795,0.0240724,0.0240645,0.0240557,0.0240463,0.0240362,0.024025,0.0240132,0.0240005,0.0239873,0.023973,0.023958,0.0239422,0.0239259,0.0239086,0.0238905,0.0238719,0.0238521,0.023832,0.0238109,0.023789,0.0237665,0.023743,0.0237191,0
0.0237956,0.0238198,0.0238432,0.0238658,0.0238877,0.0239088,0.0239292,0.0239488,0.0239677,0.0239857,0.024003,0.0240196,0.0240354,0.0240504,0.0240646,0.024078,0.0240906,0.0241025,0.0241136,0.0241239,0.0241334,0.0241421,0.0241501,0.0241572,0.0241636,0.0241691,0.0241739,0.0241779,0.0241811,0.0241835,0.0241851,0.0241858,0.0241859,0.024185,0.0241835,0.0241811,0.0241779,0.0241739,0.0241691,0.0241636,0.0241572,0.0241501,0.0241421,0.0241334,0.0241239,0.0241135,0.0241026,0.0240906,0.024078,0.0240645,0.0240505,0.0240353,0.0240196,0.024003,0.0239857,0.0239676,0.0239489,0.0239291,0.023909,0.0238875,0.0238659,0.0238431,0.0238198,0.0237956,0
0.0238722,0.0238964,0.0239199,0.0239426,0.0239645,0.0239857,0.0240062,0.0240259,0.0240448,0.0240629,0.0240803,0.0240969,0.0241127,0.0241277,0.024142,0.0241555,0.0241682,0.0241801,0.0241912,0.0242015,0.024211,0.0242199,0.0242277,0.024235,0.0242413,0.0242469,0.0242517,0.0242556,0.0242589,0.0242612,0.0242628,0.0242637,0.0242636,0.0242629,0.0242612,0.0242589,0.0242557,0.0242517,0.0242469,0.0242413,0.024235,0.0242277,0.0242199,0.024211,0.0242016,0.0241911,0.0241801,0.0241681,0.0241554,0.024142,0.0241278,0.0241126,0.024097,0.0240803,0.0240629,0.0240448,0.0240258,0.0240062,0.0239857,0.0239645,0.0239425,0.0239199,0.0238965,0.0238721,0
0.0239487,0.023973,0.0239966,0.0240194,0.0240414,0.0240627,0.0240832,0.0241029,0.0241219,0.0241401,0.0241575,0.0241741,0.02419,0.0242051,0.0242194,0.0242329,0.0242456,0.0242576,0.0242688,0.0242791,0.0242887,0.0242975,0.0243055,0.0243126,0.0243191,0.0243247,0.0243294,0.0243335,0.0243366,0.0243391,0.0243406,0.0243415,0.0243415,0.0243406,0.0243391,0.0243366,0.0243335,0.0243294,0.0243247,0.0243191,0.0243127,0.0243054,0.0242976,0.0242887,0.0242791,0.0242687,0.0242577,0.0242457,0.0242329,0.0242194,0.0242051,0.0241899,0.0241741,0.0241575,0.0241401,0.0241218,0.0241029,0.0240833,0.0240626,0.0240413,0.0240195,0.0239965,0.0239731,0.0239487,0
0.0240253,0.0240496,0.0240733,0.0240961,0.0241182,0.0241396,0.0241601,0.0241799,0.024199,0.0242172,0.0242347,0.0242514,0.0242673,0.0242825,0.0242968,0.0243104,0.0243232,0.0243351,0.0243464,0.0243567,0.0243663,0.0243752,0.0243831,0.0243904,0.0243968,0.0244024,0.0244072,0.0244112,0.0244145,0.0244168,0.0244185,0.0244192,0.0244193,0.0244184,0.0244169,0.0244145,0.0244112,0.0244073,0.0244024,0.0243968,0.0243904,0.0243831,0.0243752,0.0243663,0.0243568,0.0243462,0.0243351,0.0243232,0.0243104,0.0242969,0.0242825,0.0242673,0.0242513,0.0242348,0.0242171,0.024199,0.0241799,0.0241601,0.0241395,0.0241183,0.0240961,0.0240732,0.0240496,0.0240253,0
0.0241018,0.0241263,0.02415,0.0241729,0.0241951,0.0242165,0.0242371,0.024257,0.0242761,0.0242944,0.0243119,0.0243287,0.0243447,0.0243598,0.0243742,0.0243878,0.0244007,0.0244127,0.0244239,0.0244343,0.024444,0.0244528,0.0244609,0.0244681,0.0244745,0.0244802,0.024485,0.024489,0.0244923,0.0244946,0.0244963,0.0244971,0.024497,0.0244963,0.0244946,0.0244923,0.024489,0.024485,0.0244802,0.0244746,0.0244681,0.0244609,0.0244528,0.024444,0.0244343,0.0244238,0.0244128,0.0244007,0.0243878,0.0243742,0.0243598,0.0243446,0.0243287,0.0243119,0.0242944,0.0242761,0.0242569,0.0242372,0.0242165,0.0241951,0.0241729,0.0241499,0.0241263,0.0241019,0
0.0241784,0.0242029,0.0242267,0.0242497,0.0242719,0.0242934,0.0243141,0.024334,0.0243532,0.0243715,0.0243891,0.024406,0.024422,0.0244372,0.0244517,0.0244653,0.0244781,0.0244902,0.0245015,0.024512,0.0245216,0.0245305,0.0245385,0.0245458,0.0245522,0.0245579,0.0245627,0.0245668,0.02457,0.0245724,0.024574,0.0245749,0.0245749,0.0245741,0.0245724,0.02457,0.0245668,0.0245628,0.0245579,0.0245523,0.0245458,0.0245385,0.0245305,0.0245216,0.0245121,0.0245013,0.0244904,0.0244781,0.0244653,0.0244516,0.0244373,0.0244218,0.0244061,0.024389,0.0243716,0.0243533,0.024334,0.024314,0.0242934,0.024272,0.0242497,0.0242265,0.0242029,0.0241784,0
0.0242549,0.0242795,0.0243034,0.0243265,0.0243488,0.0243703,0.0243911,0.0244111,0.0244303,0.0244487,0.0244664,0.0244832,0.0244993,0.0245146,0.0245291,0.0245427,0.0245557,0.0245678,0.024579,0.0245896,0.0245993,0.0246081,0.0246162,0.0246235,0.02463,0.0246357,0.0246405,0.0246446,0.0246478,0.0246502,0.0246519,0.0246527,0.0246527,0.0246519,0.0246502,0.0246478,0.0246446,0.0246406,0.0246357,0.02463,0.0246236,0.0246161,0.0246083,0.0245993,0.0245894,0.0245792,0.0245677,0.0245557,0.0245427,0.0245291,0.0245146,0.0244993,0.0244832,0.0244664,0.0244488,0.0244303,0.024411,0.0243912,0.0243703,0.0243487,0.0243266,0.0243033,0.0242796,0.0242548,0
0.0243315,0.0243562,0.0243801,0.0244032,0.0244256,0.0244472,0.0244681,0.0244881,0.0245074,0.0245259,0.0245436,0.0245605,0.0245766,0.024592,0.0246065,0.0246202,0.0246332,0.0246453,0.0246567,0.0246672,0.0246769,0.0246859,0.0246939,0.0247012,0.0247077,0.0247135,0.0247183,0.0247223,0.0247256,0.0247281,0.0247297,0.0247305,0.0247305,0.0247297,0.0247281,0.0247256,0.0247223,0.0247183,0.0247135,0.0247077,0.0247012,0.0246938,0.0246859,0.0246769,0.0246671,0.0246567,0.0246452,0.0246333,0.0246202,0.0246065,0.024592,0.0245765,0.0245606,0.0245435,0.0245259,0.0245074,0.0244881,0.0244681,0.0244472,0.0244257,0.0244032,0.0243801,0.024356,0.0243316,0
0.024408,0.0244328,0.0244568,0.02448,0.0245025,0.0245241,0.0245451,0.0245652,0.0245845,0.024603,0.0246208,0.0246378,0.0246539,0.0246693,0.0246839,0.0246977,0.0247107,0.0247228,0.0247342,0.0247448,0.0247545,0.0247635,0.0247716,0.0247789,0.0247855,0.0247912,0.0247961,0.0248001,0.0248034,0.0248058,0.0248075,0.0248083,0.0248083,0.0248075,0.0248058,0.0248034,0.0248002,0.0247961,0.0247911,0.0247855,0.0247789,0.0247717,0.0247635,0.0247545,0.0247449,0.0247341,0.0247228,0.0247107,0.0246978,0.0246838,0.0246693,0.0246539,0.0246378,0.0246208,0.024603,0.0245845,0.0245652,0.0245451,0.0245241,0.0245025,0.02448,0.0244569,0.0244328,0.024408,0
0.0244846,0.0245094,0.0245335,0.0245568,0.0245793,0.0246011,0.024622,0.0246422,0.0246616,0.0246802,0.024698,0.0247151,0.0247312,0.0247467,0.0247613,0.0247751,0.0247882,0.0248004,0.0248118,0.0248224,0.0248321,0.0248412,0.0248493,0.0248567,0.0248632,0.0248689,0.0248739,0.0248779,0.0248812,0.0248836,0.0248853,0.0248861,0.0248861,0.0248853,0.0248837,0.0248812,0.024878,0.0248738,0.024869,0.0248632,0.0248567,0.0248493,0.0248412,0.0248321,0.0248224,0.0248119,0.0248004,0.0247881,0.0247751,0.0247614,0.0247465,0.0247313,0.0247152,0.0246979,0.0246803,0.0246615,0.0246422,0.0246221,0.024601,0.0245794,0.0245569,0.0245335,0.0245093,0.0244846,0
0.0245611,0.0245861,0.0246102,0.0246336,0.0246562,0.024678,0.024699,0.0247193,0.0247387,0.0247574,0.0247753,0.0247923,0.0248086,0.0248241,0.0248388,0.0248526,0.0248657,0.0248779,0.0248894,0.0249,0.0249098,0.0249189,0.024927,0.0249344,0.024941,0.0249467,0.0249516,0.0249557,0.024959,0.0249614,0.0249631,0.0249639,0.0249639,0.0249631,0.0249615,0.024959,0.0249557,0.0249516,0.0249467,0.024941,0.0249344,0.024927,0.0249188,0.02491,0.0249,0.0248892,0.024878,0.0248656,0.0248526,0.0248388,0.024824,0.0248086,0.0247923,0.0247751,0.0247574,0.0247388,0.0247192,0.024699,0.024678,0.0246563,0.0246335,0.0246103,0.024586,0.0245612,0
0.0246377,0.0246627,0.0246869,0.0247104,0.024733,0.0247549,0.024776,0.0247963,0.0248158,0.0248346,0.0248525,0.0248696,0.024886,0.0249014,0.0249161,0.0249301,0.0249432,0.0249555,0.024967,0.0249776,0.0249875,0.0249965,0.0250047,0.0250121,0.0250187,0.0250244,0.0250294,0.0250335,0.0250368,0.0250393,0.0250409,0.0250418,0.0250417,0.0250409,0.0250393,0.0250368,0.0250335,0.0250294,0.0250245,0.0250187,0.025012,0.0250049,0.0249965,0.0249873,0.0249776,0.0249671,0.0249555,0.0249431,0.02493,0.0249163,0.0249014,0.024886,0.0248696,0.0248524,0.0248346,0.0248158,0.0247962,0.024776,0.0247549,0.0247332,0.0247103,0.0246869,0.0246626,0.0246377,0
0.0247143,0.0247393,0.0247636,0.0247872,0.0248099,0.0248318,0.024853,0.0248734,0.0248929,0.0249117,0.0249297,0.0249469,0.0249633,0.0249788,0.0249936,0.0250075,0.0250207,0.025033,0.0250445,0.0250552,0.0250651,0.0250742,0.0250824,0.0250899,0.0250964,0.0251022,0.0251071,0.0251113,0.0251146,0.0251171,0.0251187,0.0251195,0.0251195,0.0251187,0.0251171,0.0251146,0.0251113,0.0251071,0.0251023,0.0250965,0.0250897,0.0250825,0.0250741,0.0250652,0.0250552,0.0250446,0.025033,0.0250207,0.0250075,0.0249937,0.0249788,0.0249633,0.0249469,0.0249298,0.0249116,0.0248929,0.0248734,0.024853,0.0248318,0.02481,0.0247872,0.0247636,0.0247393,0.0247144,0
0.0247908,0.024816,0.0248403,0.0248639,0.0248867,0.0249088,0.02493,0.0249504,0.0249701,0.0249889,0.0250069,0.0250242,0.0250406,0.0250562,0.025071,0.025085,0.0250982,0.0251106,0.0251221,0.0251328,0.0251427,0.0251518,0.0251601,0.0251676,0.0251741,0.02518,0.0251849,0.0251891,0.0251924,0.0251949,0.0251966,0.0251973,0.0251974,0.0251966,0.0251949,0.0251924,0.025189,0.025185,0.02518,0.0251742,0.0251675,0.0251601,0.025152,0.0251428,0.0251328,0.0251222,0.0251105,0.0250982,0.0250851,0.0250709,0.0250562,0.0250406,0.0250241,0.025007,0.0249889,0.0249701,0.0249504,0.02493,0.0249088,0.0248867,0.0248638,0.0248405,0.0248159,0.0247909,0
0.0248674,0.0248926,0.0249171,0.0249407,0.0249636,0.0249857,0.025007,0.0250275,0.0250472,0.0250661,0.0250842,0.0251015,0.0251179,0.0251336,0.0251485,0.0251625,0.0251757,0.0251881,0.0251997,0.0252105,0.0252204,0.0252295,0.0252379,0.0252452,0.0252519,0.0252578,0.0252627,0.0252668,0.0252702,0.0252727,0.0252743,0.0252752,0.0252752,0.0252743,0.0252727,0.0252702,0.0252668,0.0252628,0.0252577,0.0252519,0.0252453,0.0252378,0.0252295,0.0252204,0.0252105,0.0251998,0.0251881,0.0251757,0.0251625,0.0251484,0.0251336,0.0251179,0.0251015,0.0250841,0.025066,0.0250472,0.0250275,0.025007,0.0249857,0.0249636,0.0249406,0.024917,0.0248927,0.0248673,0
0.0249439,0.0249692,0.0249938,0.0250175,0.0250404,0.0250626,0.025084,0.0251045,0.0251243,0.0251432,0.0251614,0.0251787,0.0251953,0.0252109,0.0252259,0.0252399,0.0252532,0.0252657,0.0252773,0.025288,0.0252981,0.0253072,0.0253155,0.025323,0.0253296,0.0253356,0.0253404,0.0253447,0.025348,0.0253505,0.0253521,0.025353,0.025353,0.0253522,0.0253505,0.025348,0.0253447,0.0253405,0.0253355,0.0253297,0.025323,0.0253154,0.0253073,0.025298,0.0252881,0.0252773,0.0252657,0.0252532,0.0252399,0.0252259,0.025211,0.0251952,0.0251787,0.0251614,0.0251433,0.0251243,0.0251045,0.0250839,0.0250626,0.0250405,0.0250175,0.0249938,0.0249692,0.0249439,0
0.0250205,0.0250459,0.0250705,0.0250943,0.0251173,0.0251395,0.025161,0.0251816,0.0252014,0.0252204,0.0252386,0.025256,0.0252726,0.0252883,0.0253033,0.0253174,0.0253307,0.0253432,0.0253549,0.0253657,0.0253757,0.0253848,0.0253932,0.0254007,0.0254074,0.0254133,0.0254183,0.0254225,0.0254258,0.0254283,0.02543,0.0254308,0.0254309,0.02543,0.0254283,0.0254258,0.0254225,0.0254183,0.0254133,0.0254074,0.0254006,0.0253932,0.0253849,0.0253757,0.0253657,0.0253549,0.0253432,0.0253307,0.0253174,0.0253034,0.0252883,0.0252725,0.025256,0.0252386,0.0252204,0.0252014,0.0251815,0.025161,0.0251395,0.0251173,0.0250943,0.0250705,0.0250459,0.0250205,0
0.0250971,0.0251225,0.0251472,0.0251711,0.0251942,0.0252165,0.0252379,0.0252586,0.0252785,0.0252976,0.0253159,0.0253333,0.0253499,0.0253657,0.0253807,0.0253949,0.0254082,0.0254208,0.0254325,0.0254433,0.0254534,0.0254625,0.025471,0.0254784,0.0254852,0.0254911,0.025496,0.0255002,0.0255036,0.0255061,0.0255078,0.0255086,0.0255086,0.0255078,0.0255061,0.0255036,0.0255003,0.025496,0.0254911,0.0254852,0.0254785,0.0254709,0.0254626,0.0254533,0.0254433,0.0254325,0.0254207,0.0254084,0.0253948,0.0253807,0.0253657,0.0253499,0.0253334,0.0253158,0.0252975,0.0252786,0.0252587,0.0252379,0.0252165,0.0251942,0.025171,0.0251472,0.0251225,0.0250971,0
0.0251736,0.0251992,0.0252239,0.0252479,0.025271,0.0252934,0.0253149,0.0253357,0.0253556,0.0253748,0.0253931,0.0254106,0.0254273,0.0254431,0.0254582,0.0254724,0.0254858,0.0254983,0.02551,0.025521,0.025531,0.0255402,0.0255486,0.0255562,0.0255629,0.0255688,0.0255738,0.025578,0.0255814,0.0255839,0.0255857,0.0255864,0.0255864,0.0255857,0.0255839,0.0255814,0.0255781,0.0255738,0.0255688,0.0255629,0.0255561,0.0255487,0.0255401,0.0255311,0.025521,0.02551,0.0254983,0.0254859,0.0254723,0.0254582,0.0254431,0.0254272,0.0254105,0.0253931,0.0253747,0.0253557,0.0253358,0.0253148,0.0252935,0.0252709,0.0252479,0.0252239,0.0251993,0.0251735,0
0.0252502,0.0252758,0.0253006,0.0253247,0.0253479,0.0253703,0.0253919,0.0254127,0.0254328,0.0254519,0.0254703,0.0254878,0.0255046,0.0255205,0.0255356,0.0255498,0.0255633,0.0255758,0.0255876,0.0255986,0.0256087,0.0256179,0.0256264,0.0256339,0.0256407,0.0256466,0.0256516,0.0256558,0.0256592,0.0256618,0.0256634,0.0256643,0.0256643,0.0256634,0.0256618,0.0256592,0.0256558,0.0256516,0.0256466,0.0256406,0.0256339,0.0256264,0.0256178,0.0256087,0.0255986,0.0255876,0.0255759,0.0255632,0.0255499,0.0255355,0.0255206,0.0255046,0.0254879,0.0254703,0.0254519,0.0254328,0.0254127,0.0253919,0.0253702,0.0253479,0.0253247,0.0253006,0.0252757,0.0252502,0
0.0253268,0.0253525,0.0253774,0.0254014,0.0254247,0.0254472,0.0254689,0.0254898,0.0255098,0.0255291,0.0255475,0.0255651,0.0255819,0.0255979,0.025613,0.0256273,0.0256408,0.0256534,0.0256652,0.0256762,0.0256863,0.0256956,0.025704,0.0257117,0.0257184,0.0257244,0.0257294,0.0257336,0.025737,0.0257396,0.0257412,0.0257421,0.0257421,0.0257413,0.0257396,0.025737,0.0257336,0.0257294,0.0257244,0.0257185,0.0257115,0.025704,0.0256957,0.0256863,0.0256761,0.0256653,0.0256534,0.0256408,0.0256273,0.025613,0.0255979,0.025582,0.0255651,0.0255475,0.0255291,0.0255098,0.0254898,0.0254689,0.0254472,0.0254247,0.0254015,0.0253774,0.0253525,0.0253267,0
0.0254033,0.0254291,0.0254541,0.0254782,0.0255016,0.0255242,0.0255459,0.0255669,0.025587,0.0256063,0.0256248,0.0256424,0.0256593,0.0256753,0.0256904,0.0257048,0.0257183,0.025731,0.0257428,0.0257538,0.025764,0.0257733,0.0257817,0.0257894,0.0257962,0.0258021,0.0258072,0.0258114,0.0258148,0.0258174,0.0258191,0.0258199,0.0258199,0.0258191,0.0258174,0.0258148,0.0258114,0.0258072,0.0258021,0.0257962,0.0257894,0.0257816,0.0257734,0.025764,0.0257537,0.0257428,0.025731,0.0257183,0.0257047,0.0256906,0.0256752,0.0256593,0.0256424,0.0256248,0.0256063,0.0255871,0.0255667,0.0255461,0.0255241,0.0255015,0.0254784,0.025454,0.025429,0.0254034,0
0.0254799,0.0255057,0.0255308,0.025555,0.0255785,0.0256011,0.0256229,0.0256439,0.0256641,0.0256835,0.025702,0.0257197,0.0257366,0.0257527,0.0257679,0.0257823,0.0257958,0.0258085,0.0258204,0.0258314,0.0258416,0.025851,0.0258595,0.0258671,0.0258739,0.0258799,0.0258849,0.0258892,0.0258926,0.0258952,0.0258968,0.0258977,0.0258977,0.0258969,0.0258952,0.0258926,0.0258892,0.0258849,0.0258798,0.025874,0.0258671,0.0258594,0.025851,0.0258416,0.0258315,0.0258204,0.0258086,0.0257957,0.0257823,0.0257678,0.0257527,0.0257367,0.0257196,0.025702,0.0256835,0.0256641,0.0256439,0.0256228,0.0256011,0.0255785,0.0255549,0.0255308,0.0255058,0.0254799,0
0.0255565,0.0255824,0.0256075,0.0256318,0.0256553,0.0256781,0.0256999,0.025721,0.0257412,0.0257607,0.0257792,0.025797,0.0258139,0.02583,0.0258453,0.0258597,0.0258733,0.0258861,0.025898,0.0259091,0.0259193,0.0259286,0.0259371,0.0259448,0.0259517,0.0259576,0.0259627,0.0259671,0.0259704,0.025973,0.0259747,0.0259755,0.0259756,0.0259747,0.025973,0.0259704,0.0259671,0.0259627,0.0259576,0.0259517,0.0259448,0.0259372,0.0259285,0.0259193,0.0259091,0.025898,0.0258861,0.0258733,0.0258598,0.0258453,0.02583,0.0258139,0.025797,0.0257792,0.0257605,0.0257413,0.025721,0.0257,0.0256779,0.0256554,0.0256319,0.0256075,0.0255824,0.0255563,0
0.025633,0.025659,0.0256842,0.0257086,0.0257322,0.025755,0.0257769,0.0257981,0.0258183,0.0258378,0.0258565,0.0258743,0.0258913,0.0259074,0.0259227,0.0259372,0.0259508,0.0259636,0.0259756,0.0259867,0.0259969,0.0260063,0.0260149,0.0260226,0.0260294,0.0260354,0.0260406,0.0260448,0.0260482,0.0260508,0.0260525,0.0260534,0.0260534,0.0260525,0.0260509,0.0260482,0.0260448,0.0260406,0.0260354,0.0260293,0.0260227,0.0260148,0.0260062,0.025997,0.0259866,0.0259756,0.0259637,0.0259509,0.0259372,0.0259227,0.0259075,0.0258912,0.0258744,0.0258565,0.0258378,0.0258183,0.025798,0.0257771,0.0257548,0.0257323,0.0257086,0.0256844,0.025659,0.025633,0
0.0257096,0.0257357,0.025761,0.0257854,0.0258091,0.0258319,0.0258539,0.0258751,0.0258955,0.025915,0.0259337,0.0259516,0.0259686,0.0259848,0.0260002,0.0260147,0.0260284,0.0260412,0.0260532,0.0260643,0.0260746,0.026084,0.0260926,0.0261003,0.0261071,0.0261132,0.0261183,0.0261226,0.0261261,0.0261286,0.0261304,0.0261312,0.0261312,0.0261303,0.0261286,0.026126,0.0261226,0.0261183,0.0261132,0.0261072,0.0261003,0.0260925,0.0260841,0.0260746,0.0260643,0.0260531,0.0260412,0.0260284,0.0260148,0.0260001,0.0259848,0.0259687,0.0259516,0.0259336,0.025915,0.0258955,0.0258751,0.0258539,0.0258319,0.0258092,0.0257853,0.0257609,0.0257357,0.0257096,0
0.0257862,0.0258123,0.0258377,0.0258622,0.0258859,0.0259088,0.0259309,0.0259522,0.0259726,0.0259922,0.026011,0.0260289,0.0260459,0.0260622,0.0260776,0.0260922,0.0261059,0.0261188,0.0261308,0.0261419,0.0261522,0.0261617,0.0261703,0.0261781,0.0261849,0.0261909,0.0261961,0.0262004,0.0262039,0.0262064,0.0262082,0.026209,0.0262091,0.0262082,0.0262064,0.0262039,0.0262004,0.0261961,0.0261909,0.026185,0.026178,0.0261703,0.0261618,0.0261521,0.0261419,0.0261308,0.0261188,0.0261059,0.0260922,0.0260776,0.0260623,0.0260459,0.0260289,0.026011,0.0259922,0.0259726,0.0259522,0.0259309,0.0259088,0.0258859,0.0258622,0.0258377,0.0258124,0.025786,0
0.0258627,0.025889,0.0259144,0.025939,0.0259628,0.0259858,0.0260079,0.0260292,0.0260497,0.0260694,0.0260882,0.0261061,0.0261233,0.0261396,0.026155,0.0261697,0.0261834,0.0261963,0.0262084,0.0262195,0.0262299,0.0262394,0.026248,0.0262558,0.0262626,0.0262687,0.0262739,0.0262782,0.0262817,0.0262843,0.0262859,0.0262869,0.0262868,0.026286,0.0262843,0.0262817,0.0262782,0.0262739,0.0262688,0.0262626,0.0262557,0.026248,0.0262394,0.02623,0.0262195,0.0262084,0.0261962,0.0261834,0.0261698,0.026155,0.0261396,0.0261233,0.0261062,0.0260881,0.0260693,0.0260499,0.0260292,0.0260079,0.0259857,0.0259628,0.025939,0.0259144,0.025889,0.0258627,0
0.0259393,0.0259656,0.0259911,0.0260158,0.0260397,0.0260627,0.0260849,0.0261063,0.0261268,0.0261466,0.0261654,0.0261835,0.0262007,0.026217,0.0262325,0.0262471,0.0262609,0.0262738,0.026286,0.0262972,0.0263075,0.0263171,0.0263257,0.0263335,0.0263404,0.0263465,0.0263517,0.026356,0.0263594,0.0263621,0.0263638,0.0263647,0.0263647,0.0263638,0.0263621,0.0263595,0.026356,0.0263517,0.0263464,0.0263406,0.0263335,0.0263257,0.026317,0.0263076,0.0262972,0.0262859,0.026274,0.0262609,0.0262471,0.0262325,0.026217,0.0262007,0.0261835,0.0261655,0.0261464,0.026127,0.0261062,0.0260849,0.0260627,0.0260397,0.0260158,0.0259911,0.0259657,0.0259392,0
0.0260159,0.0260423,0.0260678,0.0260926,0.0261165,0.0261396,0.0261619,0.0261834,0.026204,0.0262237,0.0262427,0.0262608,0.026278,0.0262944,0.0263099,0.0263246,0.0263384,0.0263515,0.0263636,0.0263748,0.0263852,0.0263947,0.0264034,0.0264112,0.0264182,0.0264242,0.0264295,0.0264338,0.0264373,0.02644,0.0264416,0.0264425,0.0264425,0.0264417,0.0264399,0.0264373,0.0264338,0.0264295,0.0264242,0.0264182,0.0264113,0.0264034,0.0263946,0.0263853,0.0263748,0.0263635,0.0263515,0.0263385,0.0263246,0.0263098,0.0262945,0.026278,0.0262606,0.0262427,0.0262238,0.026204,0.0261834,0.0261619,0.0261396,0.0261166,0.0260925,0.026068,0.0260421,0.026016,0
0.0260925,0.0261189,0.0261446,0.0261694,0.0261934,0.0262166,0.0262389,0.0262604,0.0262811,0.0263009,0.0263199,0.026338,0.0263554,0.0263718,0.0263874,0.0264021,0.026416,0.026429,0.0264411,0.0264525,0.0264629,0.0264724,0.0264812,0.026489,0.0264959,0.0265021,0.0265073,0.0265116,0.0265151,0.0265177,0.0265195,0.0265203,0.0265204,0.0265195,0.0265177,0.0265151,0.0265116,0.0265073,0.026502,0.0264959,0.026489,0.026481,0.0264726,0.0264628,0.0264525,0.0264411,0.0264289,0.0264161,0.026402,0.0263873,0.0263718,0.0263553,0.0263381,0.0263199,0.0263009,0.0262811,0.0262605,0.0262389,0.0262166,0.0261934,0.0261694,0.0261446,0.0261189,0.0260924,0
0.026169,0.0261956,0.0262213,0.0262462,0.0262703,0.0262935,0.0263159,0.0263375,0.0263582,0.0263781,0.0263972,0.0264153,0.0264327,0.0264492,0.0264648,0.0264796,0.0264935,0.0265065,0.0265187,0.0265301,0.0265405,0.0265501,0.0265589,0.0265667,0.0265737,0.0265799,0.026585,0.0265895,0.0265929,0.0265955,0.0265973,0.0265982,0.0265982,0.0265973,0.0265955,0.026593,0.0265894,0.026585,0.0265799,0.0265737,0.0265667,0.0265589,0.0265501,0.0265406,0.02653,0.0265188,0.0265064,0.0264935,0.0264796,0.0264648,0.0264492,0.0264325,0.0264155,0.0263971,0.0263782,0.0263582,0.0263375,0.0263158,0.0262935,0.0262704,0.0262462,0.0262213,0.0261955,0.0261691,0
0.0262456,0.0262722,0.026298,0.026323,0.0263471,0.0263705,0.0263929,0.0264146,0.0264353,0.0264553,0.0264744,0.0264926,0.02651,0.0265266,0.0265422,0.0265571,0.026571,0.0265841,0.0265963,0.0266077,0.0266182,0.0266278,0.0266366,0.0266444,0.0266515,0.0266576,0.0266628,0.0266672,0.0266708,0.0266734,0.0266752,0.026676,0.026676,0.0266751,0.0266734,0.0266708,0.0266672,0.0266628,0.0266576,0.0266515,0.0266445,0.0266366,0.0266278,0.0266181,0.0266078,0.0265964,0.026584,0.026571,0.0265571,0.0265422,0.0265266,0.02651,0.0264926,0.0264745,0.0264553,0.0264354,0.0264145,0.0263931,0.0263704,0.0263472,0.026323,0.026298,0.0262723,0.0262456,0
0.0263222,0.0263489,0.0263748,0.0263998,0.026424,0.0264474,0.0264699,0.0264916,0.0265125,0.0265325,0.0265516,0.02657,0.0265874,0.026604,0.0266197,0.0266345,0.0266486,0.0266617,0.0266739,0.0266854,0.0266958,0.0267055,0.0267143,0.0267222,0.0267292,0.0267354,0.0267407,0.026745,0.0267486,0.0267512,0.026753,0.0267538,0.0267538,0.0267529,0.0267512,0.0267486,0.026745,0.0267407,0.0267352,0.0267293,0.0267222,0.0267142,0.0267056,0.0266958,0.0266852,0.026674,0.0266616,0.0266485,0.0266346,0.0266197,0.0266039,0.0265875,0.0265698,0.0265517,0.0265324,0.0265125,0.0264916,0.0264699,0.0264474,0.0264239,0.0263999,0.0263748,0.0263488,0.0263222,0
0.0263988,0.0264255,0.0264515,0.0264766,0.0265009,0.0265244,0.0265469,0.0265687,0.0265896,0.0266097,0.0266289,0.0266472,0.0266647,0.0266814,0.0266971,0.026712,0.0267261,0.0267392,0.0267516,0.026763,0.0267735,0.0267832,0.026792,0.0267999,0.026807,0.0268131,0.0268185,0.0268229,0.0268264,0.026829,0.0268308,0.0268317,0.0268317,0.0268308,0.026829,0.0268264,0.0268229,0.0268185,0.0268131,0.026807,0.0267999,0.026792,0.0267831,0.0267736,0.026763,0.0267516,0.0267391,0.0267261,0.0267121,0.026697,0.0266814,0.0266647,0.0266472,0.0266289,0.0266097,0.0265896,0.0265687,0.0265471,0.0265243,0.0265008,0.0264766,0.0264516,0.0264255,0.0263988,0
0.0264753,0.0265022,0.0265282,0.0265534,0.0265778,0.0266013,0.0266239,0.0266458,0.0266667,0.0266869,0.0267061,0.0267245,0.0267421,0.0267588,0.0267746,0.0267895,0.0268036,0.0268168,0.0268291,0.0268406,0.0268512,0.0268609,0.0268697,0.0268777,0.0268847,0.0268909,0.0268962,0.0269006,0.0269042,0.0269068,0.0269086,0.0269095,0.0269095,0.0269086,0.0269068,0.0269042,0.0269006,0.0268963,0.0268909,0.0268847,0.0268778,0.0268697,0.0268608,0.0268513,0.0268406,0.0268292,0.0268167,0.0268036,0.0267895,0.0267744,0.0267589,0.0267421,0.0267245,0.0267061,0.0266869,0.0266666,0.0266459,0.026624,0.0266013,0.0265777,0.0265534,0.0265282,0.0265023,0.0264753,0
0.0265519,0.0265788,0.026605,0.0266302,0.0266547,0.0266782,0.026701,0.0267228,0.0267439,0.0267641,0.0267833,0.0268019,0.0268194,0.0268362,0.026852,0.026867,0.0268811,0.0268944,0.0269067,0.0269182,0.0269288,0.0269386,0.0269474,0.0269554,0.0269625,0.0269687,0.026974,0.0269785,0.026982,0.0269847,0.0269864,0.0269874,0.0269873,0.0269865,0.0269846,0.0269821,0.0269784,0.026974,0.0269687,0.0269625,0.0269554,0.0269475,0.0269387,0.0269288,0.0269182,0.0269067,0.0268945,0.0268811,0.026867,0.026852,0.0268362,0.0268193,0.0268018,0.0267835,0.0267639,0.026744,0.0267228,0.026701,0.0266783,0.0266546,0.0266302,0.026605,0.0265788,0.0265518,0
0.0266285,0.0266555,0.0266817,0.026707,0.0267315,0.0267552,0.026778,0.0267999,0.026821,0.0268413,0.0268606,0.0268791,0.0268968,0.0269136,0.0269294,0.0269445,0.0269587,0.0269719,0.0269843,0.0269959,0.0270065,0.0270163,0.0270252,0.0270332,0.0270402,0.0270465,0.0270519,0.0270563,0.0270598,0.0270625,0.0270643,0.0270652,0.0270652,0.0270643,0.0270625,0.0270599,0.0270563,0.0270519,0.0270464,0.0270402,0.0270332,0.0270251,0.0270163,0.0270065,0.0269959,0.0269843,0.0269719,0.0269587,0.0269444,0.0269295,0.0269136,0.0268966,0.0268792,0.0268607,0.0268412,0.026821,0.0267999,0.026778,0.0267552,0.0267315,0.0267069,0.0266818,0.0266554,0.0266285,0
0.0267051,0.0267322,0.0267584,0.0267838,0.0268084,0.0268321,0.026855,0.026877,0.0268981,0.0269184,0.0269379,0.0269564,0.0269741,0.026991,0.0270069,0.027022,0.0270362,0.0270495,0.0270619,0.0270736,0.0270842,0.0270939,0.0271029,0.0271109,0.027118,0.0271243,0.0271296,0.0271341,0.0271376,0.0271403,0.0271421,0.027143,0.027143,0.0271422,0.0271403,0.0271376,0.0271341,0.0271297,0.0271242,0.0271181,0.0271109,0.0271029,0.0270939,0.0270841,0.0270735,0.0270621,0.0270495,0.0270362,0.0270219,0.0270069,0.026991,0.0269741,0.0269566,0.0269377,0.0269185,0.0268981,0.0268769,0.026855,0.0268321,0.0268085,0.0267837,0.0267584,0.0267322,0.0267051,0
0.0267816,0.0268088,0.0268351,0.0268606,0.0268853,0.0269091,0.026932,0.0269541,0.0269753,0.0269956,0.0270151,0.0270337,0.0270515,0.0270683,0.0270844,0.0270995,0.0271137,0.0271271,0.0271395,0.0271512,0.0271618,0.0271717,0.0271806,0.0271887,0.0271958,0.0272021,0.0272074,0.0272119,0.0272155,0.0272182,0.02722,0.0272208,0.0272208,0.02722,0.0272182,0.0272155,0.0272119,0.0272074,0.027202,0.0271958,0.0271887,0.0271807,0.0271717,0.0271617,0.0271512,0.0271395,0.027127,0.0271138,0.0270995,0.0270842,0.0270684,0.0270516,0.0270337,0.0270151,0.0269955,0.0269754,0.0269541,0.026932,0.026909,0.0268853,0.0268606,0.0268352,0.0268089,0.0267817,0
0.0268582,0.0268855,0.0269119,0.0269374,0.0269622,0.026986,0.027009,0.0270311,0.0270524,0.0270728,0.0270924,0.027111,0.0271288,0.0271457,0.0271618,0.0271769,0.0271913,0.0272047,0.0272171,0.0272288,0.0272395,0.0272494,0.0272583,0.0272664,0.0272736,0.0272798,0.0272852,0.0272897,0.0272933,0.027296,0.0272978,0.0272987,0.0272987,0.0272977,0.027296,0.0272933,0.0272897,0.0272852,0.0272799,0.0272735,0.0272664,0.0272584,0.0272493,0.0272396,0.0272287,0.0272171,0.0272046,0.0271913,0.027177,0.0271617,0.0271459,0.0271288,0.0271111,0.0270923,0.0270728,0.0270525,0.0270311,0.027009,0.026986,0.0269622,0.0269374,0.026912,0.0268855,0.0268582,0
0.0269348,0.0269621,0.0269886,0.0270143,0.027039,0.0270629,0.027086,0.0271082,0.0271295,0.02715,0.0271696,0.0271884,0.0272062,0.0272231,0.0272393,0.0272544,0.0272688,0.0272822,0.0272948,0.0273064,0.0273172,0.0273271,0.0273361,0.0273442,0.0273513,0.0273576,0.0273631,0.0273675,0.0273711,0.0273738,0.0273756,0.0273765,0.0273765,0.0273756,0.0273739,0.0273711,0.0273675,0.0273631,0.0273576,0.0273514,0.0273441,0.0273361,0.0273271,0.0273172,0.0273063,0.0272949,0.0272822,0.0272688,0.0272543,0.0272393,0.0272231,0.0272062,0.0271884,0.0271696,0.02715,0.0271295,0.0271082,0.027086,0.0270629,0.0270392,0.0270141,0.0269886,0.0269622,0.0269349,0
0.0270114,0.0270388,0.0270654,0.0270911,0.0271159,0.0271399,0.027163,0.0271853,0.0272067,0.0272272,0.0272469,0.0272656,0.0272835,0.0273006,0.0273167,0.0273319,0.0273463,0.0273598,0.0273724,0.0273841,0.0273948,0.0274048,0.0274138,0.0274218,0.0274291,0.0274354,0.0274408,0.0274453,0.027449,0.0274516,0.0274535,0.0274544,0.0274543,0.0274535,0.0274516,0.027449,0.0274453,0.0274408,0.0274354,0.0274291,0.0274218,0.0274138,0.0274048,0.0273948,0.0273842,0.0273724,0.0273597,0.0273463,0.0273321,0.0273167,0.0273005,0.0272837,0.0272655,0.027247,0.0272272,0.0272067,0.0271853,0.027163,0.0271399,0.0271158,0.0270911,0.0270653,0.0270388,0.0270114,0
0.027088,0.0271155,0.0271421,0.0271679,0.0271928,0.0272168,0.02724,0.0272624,0.0272838,0.0273044,0.0273241,0.0273429,0.0273609,0.027378,0.0273941,0.0274094,0.0274238,0.0274374,0.02745,0.0274617,0.0274725,0.0274825,0.0274915,0.0274997,0.0275068,0.0275132,0.0275186,0.0275232,0.0275267,0.0275295,0.0275313,0.0275322,0.0275322,0.0275313,0.0275295,0.0275267,0.0275232,0.0275186,0.0275133,0.0275067,0.0274998,0.0274915,0.0274824,0.0274726,0.0274616,0.02745,0.0274373,0.0274239,0.0274096,0.0273941,0.027378,0.0273609,0.0273429,0.0273241,0.0273044,0.0272839,0.0272623,0.02724,0.0272168,0.0271928,0.0271679,0.027142,0.0271155,0.0270879,0
0.0271646,0.0271921,0.0272188,0.0272447,0.0272697,0.0272938,0.0273171,0.0273394,0.027361,0.0273816,0.0274014,0.0274203,0.0274383,0.0274554,0.0274716,0.0274869,0.0275014,0.0275149,0.0275276,0.0275393,0.0275502,0.0275602,0.0275692,0.0275774,0.0275847,0.0275909,0.0275965,0.0276009,0.0276046,0.0276073,0.0276091,0.0276101,0.0276101,0.0276091,0.0276073,0.0276046,0.0276009,0.0275964,0.0275911,0.0275847,0.0275773,0.0275693,0.0275601,0.0275502,0.0275394,0.0275276,0.0275149,0.0275013,0.0274869,0.0274717,0.0274552,0.0274384,0.0274203,0.0274012,0.0273817,0.027361,0.0273393,0.0273172,0.0272938,0.0272696,0.0272447,0.0272188,0.0271921,0.0271646,0
0.0272411,0.0272688,0.0272956,0.0273215,0.0273466,0.0273707,0.0273941,0.0274165,0.0274381,0.0274588,0.0274786,0.0274976,0.0275156,0.0275328,0.027549,0.0275644,0.0275789,0.0275925,0.0276052,0.027617,0.0276279,0.0276378,0.027647,0.0276551,0.0276624,0.0276688,0.0276743,0.0276787,0.0276824,0.0276852,0.027687,0.0276879,0.0276878,0.027687,0.0276851,0.0276824,0.0276787,0.0276742,0.0276688,0.0276624,0.0276551,0.027647,0.0276378,0.0276278,0.027617,0.0276053,0.0275924,0.0275789,0.0275644,0.027549,0.0275328,0.0275156,0.0274975,0.0274786,0.0274588,0.027438,0.0274166,0.0273941,0.0273708,0.0273465,0.0273215,0.0272956,0.0272689,0.0272411,0
0.0273177,0.0273455,0.0273723,0.0273983,0.0274234,0.0274477,0.0274711,0.0274936,0.0275152,0.027536,0.0275559,0.0275749,0.027593,0.0276102,0.0276265,0.0276419,0.0276565,0.0276701,0.0276828,0.0276946,0.0277056,0.0277156,0.0277247,0.0277328,0.0277402,0.0277466,0.027752,0.0277566,0.0277603,0.0277629,0.0277649,0.0277657,0.0277658,0.0277648,0.0277629,0.0277603,0.0277566,0.027752,0.0277466,0.0277402,0.0277328,0.0277247,0.0277154,0.0277057,0.0276946,0.0276828,0.02767,0.0276564,0.0276419,0.0276265,0.0276102,0.027593,0.0275748,0.0275559,0.027536,0.0275152,0.0274937,0.0274709,0.0274477,0.0274235,0.0273983,0.0273722,0.0273454,0.0273178,0
0.0273943,0.0274221,0.027449,0.0274751,0.0275003,0.0275247,0.0275481,0.0275707,0.0275924,0.0276132,0.0276331,0.0276522,0.0276703,0.0276876,0.0277039,0.0277194,0.027734,0.0277476,0.0277604,0.0277723,0.0277832,0.0277933,0.0278024,0.0278106,0.0278179,0.0278243,0.0278298,0.0278344,0.0278381,0.0278408,0.0278426,0.0278436,0.0278435,0.0278426,0.0278409,0.0278381,0.0278344,0.0278298,0.0278244,0.027818,0.0278106,0.0278025,0.0277933,0.0277832,0.0277723,0.0277604,0.0277478,0.0277338,0.0277195,0.027704,0.0276875,0.0276703,0.0276523,0.0276331,0.0276132,0.0275924,0.0275707,0.0275481,0.0275246,0.0275004,0.0274751,0.027449,0.0274221,0.0273943,0
0.0274709,0.0274988,0.0275258,0.0275519,0.0275772,0.0276016,0.0276251,0.0276478,0.0276695,0.0276904,0.0277104,0.0277295,0.0277477,0.027765,0.0277814,0.0277969,0.0278115,0.0278252,0.027838,0.0278499,0.0278609,0.027871,0.0278801,0.0278884,0.0278957,0.0279021,0.0279076,0.0279123,0.0279159,0.0279186,0.0279205,0.0279214,0.0279214,0.0279205,0.0279187,0.0279158,0.0279123,0.0279076,0.0279021,0.0278958,0.0278883,0.0278802,0.0278709,0.0278609,0.0278499,0.0278381,0.0278252,0.0278115,0.0277969,0.0277814,0.027765,0.0277476,0.0277295,0.0277104,0.0276904,0.0276695,0.0276476,0.0276252,0.0276016,0.0275773,0.0275519,0.0275258,0.0274987,0.0274709,0
0.0275475,0.0275754,0.0276025,0.0276287,0.0276541,0.0276785,0.0277021,0.0277248,0.0277467,0.0277676,0.0277877,0.0278068,0.027825,0.0278424,0.0278589,0.0278744,0.027889,0.0279028,0.0279156,0.0279276,0.0279385,0.0279487,0.0279579,0.0279661,0.0279735,0.02798,0.0279854,0.0279901,0.0279937,0.0279965,0.0279983,0.0279992,0.0279993,0.0279983,0.0279965,0.0279937,0.0279901,0.0279853,0.02798,0.0279734,0.0279663,0.0279578,0.0279487,0.0279386,0.0279274,0.0279157,0.0279028,0.027889,0.0278744,0.027859,0.0278424,0.027825,0.0278068,0.0277876,0.0277677,0.0277467,0.0277247,0.0277022,0.0276785,0.0276542,0.0276288,0.0276026,0.0275754,0.0275475,0
0.0276241,0.0276521,0.0276793,0.0277056,0.027731,0.0277555,0.0277792,0.0278019,0.0278238,0.0278448,0.0278649,0.0278841,0.0279024,0.0279198,0.0279363,0.0279519,0.0279666,0.0279804,0.0279932,0.0280052,0.0280162,0.0280264,0.0280356,0.0280439,0.0280513,0.0280578,0.0280632,0.0280679,0.0280715,0.0280743,0.0280762,0.0280771,0.0280771,0.0280761,0.0280744,0.0280715,0.0280679,0.0280632,0.0280578,0.0280513,0.0280439,0.0280355,0.0280265,0.0280162,0.0280052,0.0279932,0.0279803,0.0279666,0.027952,0.0279363,0.0279198,0.0279025,0.027884,0.0278649,0.0278448,0.0278238,0.0278019,0.0277791,0.0277555,0.0277311,0.0277056,0.0276792,0.0276523,0.027624,0
0.0277007,0.0277288,0.027756,0.0277824,0.0278079,0.0278325,0.0278562,0.027879,0.0279009,0.027922,0.0279422,0.0279614,0.0279798,0.0279972,0.0280138,0.0280294,0.0280441,0.028058,0.0280709,0.0280828,0.0280939,0.0281041,0.0281133,0.0281217,0.028129,0.0281355,0.0281411,0.0281457,0.0281494,0.0281522,0.028154,0.0281549,0.028155,0.028154,0.0281522,0.0281494,0.0281456,0.0281411,0.0281355,0.028129,0.0281217,0.0281132,0.0281041,0.0280939,0.028083,0.0280707,0.0280581,0.0280441,0.0280294,0.0280137,0.0279973,0.0279799,0.0279614,0.0279421,0.027922,0.0279009,0.027879,0.0278561,0.0278325,0.027808,0.0277823,0.027756,0.0277288,0.0277007,0
0.0277773,0.0278054,0.0278328,0.0278592,0.0278847,0.0279094,0.0279332,0.0279561,0.0279781,0.0279992,0.0280194,0.0280387,0.0280571,0.0280746,0.0280912,0.0281069,0.0281217,0.0281355,0.0281485,0.0281605,0.0281716,0.0281818,0.028191,0.0281994,0.0282068,0.0282133,0.0282189,0.0282235,0.0282272,0.02823,0.0282319,0.0282328,0.0282328,0.0282319,0.02823,0.0282272,0.0282235,0.028219,0.0282133,0.0282068,0.0281993,0.0281911,0.0281818,0.0281715,0.0281606,0.0281484,0.0281355,0.0281217,0.0281069,0.0280912,0.0280746,0.0280571,0.0280387,0.0280194,0.0279992,0.0279782,0.027956,0.0279332,0.0279094,0.0278847,0.0278592,0.0278327,0.0278054,0.0277773,0
0.0278539,0.0278821,0.0279095,0.027936,0.0279616,0.0279864,0.0280102,0.0280332,0.0280552,0.0280764,0.0280966,0.028116,0.0281345,0.028152,0.0281687,0.0281844,0.0281992,0.0282131,0.0282261,0.0282382,0.0282493,0.0282595,0.0282688,0.0282772,0.0282845,0.0282911,0.0282967,0.0283013,0.0283051,0.0283079,0.0283097,0.0283107,0.0283106,0.0283097,0.0283079,0.0283051,0.0283012,0.0282967,0.0282911,0.0282847,0.028277,0.0282688,0.0282595,0.0282493,0.0282382,0.028226,0.0282131,0.0281992,0.0281844,0.0281687,0.0281521,0.0281343,0.0281161,0.0280967,0.0280764,0.0280553,0.0280331,0.0280102,0.0279863,0.0279617,0.027936,0.0279095,0.0278821,0.0278537,0
0.0279304,0.0279588,0.0279862,0.0280128,0.0280385,0.0280633,0.0280872,0.0281103,0.0281324,0.0281536,0.0281739,0.0281934,0.0282118,0.0282295,0.0282461,0.0282619,0.0282767,0.0282907,0.0283037,0.0283158,0.028327,0.0283372,0.0283465,0.0283549,0.0283624,0.0283689,0.0283744,0.0283792,0.0283828,0.0283857,0.0283875,0.0283885,0.0283885,0.0283875,0.0283856,0.0283828,0.0283792,0.0283744,0.0283689,0.0283624,0.0283549,0.0283465,0.0283371,0.028327,0.0283158,0.0283037,0.0282907,0.0282767,0.0282619,0.028246,0.0282296,0.0282117,0.0281935,0.0281738,0.0281537,0.0281324,0.0281103,0.0280871,0.0280633,0.0280385,0.028013,0.0279862,0.0279588,0.0279305,0
0.028007,0.0280355,0.028063,0.0280896,0.0281154,0.0281403,0.0281643,0.0281873,0.0282095,0.0282308,0.0282512,0.0282707,0.0282892,0.0283068,0.0283236,0.0283394,0.0283543,0.0283683,0.0283813,0.0283934,0.0284047,0.0284149,0.0284243,0.0284327,0.0284401,0.0284467,0.0284523,0.0284569,0.0284607,0.0284635,0.0284654,0.0284663,0.0284663,0.0284654,0.0284635,0.0284607,0.0284569,0.0284524,0.0284467,0.0284401,0.0284327,0.0284241,0.0284148,0.0284047,0.0283934,0.0283813,0.0283684,0.0283543,0.0283394,0.0283235,0.028307,0.0282892,0.0282706,0.0282512,0.0282308,0.0282097,0.0281873,0.0281643,0.0281402,0.0281154,0.0280898,0.0280629,0.0280354,0.0280071,0
0.0280836,0.0281121,0.0281397,0.0281665,0.0281923,0.0282172,0.0282413,0.0282644,0.0282867,0.028308,0.0283284,0.028348,0.0283666,0.0283843,0.028401,0.0284169,0.0284318,0.0284458,0.028459,0.0284711,0.0284823,0.0284926,0.028502,0.0285104,0.0285179,0.0285245,0.0285301,0.0285348,0.0285386,0.0285413,0.0285433,0.0285441,0.0285442,0.0285432,0.0285414,0.0285385,0.0285348,0.0285301,0.0285245,0.028518,0.0285103,0.028502,0.0284927,0.0284822,0.0284711,0.0284591,0.0284457,0.0284319,0.0284169,0.028401,0.0283843,0.0283666,0.028348,0.0283285,0.0283079,0.0282867,0.0282644,0.0282414,0.0282172,0.0281923,0.0281664,0.0281397,0.0281122,0.0280836,0
0.0281602,0.0281888,0.0282165,0.0282433,0.0282692,0.0282942,0.0283183,0.0283415,0.0283638,0.0283852,0.0284057,0.0284253,0.028444,0.0284617,0.0284785,0.0284944,0.0285094,0.0285234,0.0285366,0.0285487,0.02856,0.0285703,0.0285797,0.0285882,0.0285957,0.0286023,0.0286079,0.0286126,0.0286164,0.0286192,0.0286211,0.028622,0.028622,0.0286211,0.0286192,0.0286163,0.0286126,0.028608,0.0286022,0.0285957,0.0285883,0.0285797,0.0285703,0.0285599,0.0285487,0.0285366,0.0285234,0.0285094,0.0284945,0.0284785,0.0284617,0.0284438,0.0284253,0.0284057,0.0283853,0.0283638,0.0283415,0.0283183,0.0282942,0.0282692,0.0282433,0.0282165,0.0281887,0.0281603,0
0.0282368,0.0282655,0.0282932,0.0283201,0.0283461,0.0283712,0.0283953,0.0284186,0.028441,0.0284624,0.028483,0.0285026,0.0285213,0.0285391,0.028556,0.0285719,0.0285869,0.0286011,0.0286142,0.0286264,0.0286376,0.0286481,0.0286574,0.0286659,0.0286735,0.02868,0.0286857,0.0286905,0.0286942,0.028697,0.028699,0.0286998,0.0286999,0.0286989,0.028697,0.0286943,0.0286903,0.0286858,0.0286801,0.0286734,0.0286659,0.0286576,0.028648,0.0286376,0.0286264,0.0286142,0.0286011,0.0285869,0.0285718,0.028556,0.0285392,0.0285213,0.0285026,0.028483,0.0284624,0.028441,0.0284185,0.0283954,0.0283711,0.0283461,0.0283201,0.0282933,0.0282655,0.0282367,0
0.0283134,0.0283421,0.02837,0.0283969,0.028423,0.0284481,0.0284723,0.0284957,0.0285181,0.0285397,0.0285602,0.0285799,0.0285987,0.0286165,0.0286334,0.0286494,0.0286645,0.0286786,0.0286918,0.028704,0.0287154,0.0287257,0.0287352,0.0287437,0.0287513,0.0287579,0.0287635,0.0287683,0.0287721,0.0287749,0.0287768,0.0287778,0.0287777,0.0287768,0.0287749,0.028772,0.0287683,0.0287635,0.0287579,0.0287511,0.0287437,0.0287352,0.0287259,0.0287153,0.028704,0.0286919,0.0286785,0.0286645,0.0286493,0.0286335,0.0286165,0.0285987,0.02858,0.0285602,0.0285397,0.0285182,0.0284957,0.0284723,0.0284481,0.028423,0.028397,0.02837,0.028342,0.0283134,0
0.02839,0.0284188,0.0284467,0.0284737,0.0284998,0.0285251,0.0285494,0.0285728,0.0285953,0.0286168,0.0286375,0.0286572,0.0286761,0.0286939,0.0287109,0.0287269,0.028742,0.0287562,0.0287694,0.0287817,0.028793,0.0288035,0.0288129,0.0288215,0.028829,0.0288357,0.0288414,0.0288461,0.0288499,0.0288527,0.0288547,0.0288556,0.0288556,0.0288547,0.0288528,0.0288498,0.0288461,0.0288413,0.0288358,0.028829,0.0288215,0.0288129,0.0288035,0.0287931,0.0287817,0.0287694,0.0287563,0.028742,0.0287269,0.0287108,0.0286939,0.0286762,0.0286572,0.0286375,0.0286168,0.0285952,0.0285728,0.0285494,0.028525,0.0285,0.0284736,0.0284468,0.0284189,0.0283899,0
0.0284666,0.0284955,0.0285235,0.0285506,0.0285767,0.028602,0.0286264,0.0286499,0.0286724,0.028694,0.0287148,0.0287345,0.0287534,0.0287714,0.0287883,0.0288044,0.0288196,0.0288338,0.028847,0.0288593,0.0288708,0.0288811,0.0288907,0.0288992,0.0289068,0.0289135,0.0289192,0.0289239,0.0289277,0.0289306,0.0289325,0.0289335,0.0289334,0.0289325,0.0289305,0.0289278,0.028924,0.0289191,0.0289135,0.0289068,0.0288992,0.0288906,0.0288812,0.0288707,0.0288594,0.0288471,0.0288336,0.0288197,0.0288043,0.0287884,0.0287713,0.0287534,0.0287347,0.0287147,0.028694,0.0286725,0.0286499,0.0286263,0.028602,0.0285767,0.0285506,0.0285234,0.0284956,0.0284666,0
0.0285432,0.0285722,0.0286002,0.0286274,0.0286536,0.028679,0.0287034,0.028727,0.0287496,0.0287713,0.028792,0.0288119,0.0288308,0.0288488,0.0288658,0.0288819,0.0288971,0.0289113,0.0289247,0.028937,0.0289484,0.0289589,0.0289684,0.028977,0.0289846,0.0289912,0.028997,0.0290017,0.0290056,0.0290084,0.0290103,0.0290113,0.0290113,0.0290103,0.0290084,0.0290056,0.0290016,0.0289971,0.0289912,0.0289845,0.028977,0.0289683,0.0289589,0.0289484,0.028937,0.0289246,0.0289115,0.028897,0.0288819,0.0288658,0.0288488,0.0288309,0.0288117,0.0287921,0.0287712,0.0287497,0.0287269,0.0287035,0.028679,0.0286535,0.0286274,0.0286002,0.0285722,0.0285432,0
0.0286198,0.0286488,0.028677,0.0287042,0.0287305,0.028756,0.0287805,0.028804,0.0288267,0.0288485,0.0288693,0.0288892,0.0289081,0.0289262,0.0289433,0.0289594,0.0289747,0.0289889,0.0290022,0.0290147,0.0290261,0.0290366,0.0290461,0.0290548,0.0290623,0.0290691,0.0290748,0.0290796,0.0290834,0.0290863,0.0290882,0.0290891,0.0290892,0.0290882,0.0290862,0.0290835,0.0290796,0.0290748,0.0290691,0.0290624,0.0290546,0.0290462,0.0290365,0.0290262,0.0290147,0.0290023,0.0289888,0.0289748,0.0289594,0.0289433,0.028926,0.0289083,0.0288892,0.0288693,0.0288484,0.0288267,0.0288041,0.0287806,0.0287559,0.0287305,0.0287043,0.0286769,0.0286489,0.0286199,0
0.0286964,0.0287255,0.0287537,0.028781,0.0288074,0.0288329,0.0288575,0.0288811,0.0289039,0.0289257,0.0289466,0.0289665,0.0289855,0.0290036,0.0290207,0.029037,0.0290522,0.0290665,0.0290799,0.0290923,0.0291038,0.0291143,0.0291239,0.0291325,0.0291401,0.0291469,0.0291526,0.0291574,0.0291613,0.0291641,0.029166,0.029167,0.029167,0.029166,0.0291641,0.0291612,0.0291574,0.0291526,0.0291469,0.0291401,0.0291325,0.0291239,0.0291142,0.0291038,0.0290923,0.0290799,0.0290666,0.0290521,0.029037,0.0290207,0.0290036,0.0289855,0.0289665,0.0289466,0.0289257,0.0289038,0.0288812,0.0288575,0.0288329,0.0288074,0.0287809,0.0287539,0.0287255,0.0286963,0
0.028773,0.0288022,0.0288305,0.0288579,0.0288843,0.0289099,0.0289345,0.0289582,0.028981,0.0290029,0.0290238,0.0290438,0.0290629,0.029081,0.0290982,0.0291145,0.0291297,0.0291441,0.0291575,0.02917,0.0291815,0.029192,0.0292016,0.0292103,0.029218,0.0292246,0.0292304,0.0292352,0.0292391,0.0292419,0.0292439,0.0292448,0.0292448,0.0292439,0.029242,0.0292391,0.0292351,0.0292306,0.0292245,0.0292181,0.0292102,0.0292015,0.0291921,0.0291815,0.02917,0.0291574,0.0291442,0.0291296,0.0291146,0.0290982,0.029081,0.0290629,0.0290438,0.0290239,0.0290029,0.0289811,0.0289582,0.0289345,0.0289099,0.0288843,0.0288578,0.0288304,0.0288023,0.028773,0
0.0288496,0.0288789,0.0289072,0.0289347,0.0289612,0.0289868,0.0290115,0.0290353,0.0290582,0.0290801,0.0291011,0.0291211,0.0291403,0.0291584,0.0291756,0.029192,0.0292073,0.0292217,0.0292351,0.0292476,0.0292591,0.0292698,0.0292794,0.029288,0.0292957,0.0293025,0.0293083,0.029313,0.029317,0.0293198,0.0293218,0.0293227,0.0293227,0.0293217,0.0293199,0.0293169,0.029313,0.0293083,0.0293025,0.0292957,0.0292881,0.0292794,0.0292697,0.0292591,0.0292478,0.0292351,0.0292217,0.0292073,0.0291919,0.0291758,0.0291584,0.0291404,0.0291212,0.029101,0.02908,0.0290582,0.0290353,0.0290116,0.0289868,0.0289612,0.0289347,0.0289073,0.0288788,0.0288496,0
0.0289262,0.0289555,0.028984,0.0290115,0.0290381,0.0290638,0.0290886,0.0291124,0.0291353,0.0291573,0.0291784,0.0291985,0.0292176,0.0292359,0.0292531,0.0292695,0.0292849,0.0292993,0.0293127,0.0293253,0.0293368,0.0293475,0.0293571,0.0293658,0.0293735,0.0293803,0.029386,0.0293909,0.0293947,0.0293977,0.0293996,0.0294006,0.0294005,0.0293996,0.0293975,0.0293949,0.0293909,0.029386,0.0293802,0.0293735,0.0293658,0.0293571,0.0293475,0.0293368,0.0293252,0.0293127,0.0292993,0.029285,0.0292693,0.0292532,0.0292358,0.0292176,0.0291984,0.0291785,0.0291573,0.0291352,0.0291125,0.0290886,0.0290638,0.0290381,0.0290115,0.028984,0.0289557,0.028926,0
0.0290028,0.0290322,0.0290607,0.0290883,0.029115,0.0291408,0.0291656,0.0291895,0.0292125,0.0292345,0.0292556,0.0292758,0.029295,0.0293133,0.0293306,0.029347,0.0293624,0.0293768,0.0293904,0.029403,0.0294145,0.0294252,0.0294348,0.0294436,0.0294513,0.029458,0.0294639,0.0294687,0.0294726,0.0294755,0.0294774,0.0294784,0.0294784,0.0294775,0.0294755,0.0294726,0.0294688,0.0294638,0.0294582,0.0294513,0.0294435,0.0294349,0.0294251,0.0294145,0.029403,0.0293903,0.0293769,0.0293624,0.0293469,0.0293306,0.0293132,0.0292951,0.0292758,0.0292556,0.0292344,0.0292126,0.0291895,0.0291656,0.0291407,0.0291151,0.0290884,0.0290607,0.0290321,0.0290029,0
0.0290794,0.0291089,0.0291375,0.0291652,0.0291919,0.0292177,0.0292426,0.0292666,0.0292896,0.0293117,0.0293329,0.0293531,0.0293724,0.0293907,0.0294081,0.0294245,0.02944,0.0294544,0.029468,0.0294806,0.0294922,0.0295029,0.0295126,0.0295213,0.0295291,0.0295359,0.0295417,0.0295466,0.0295504,0.0295534,0.0295553,0.0295563,0.0295563,0.0295553,0.0295533,0.0295506,0.0295465,0.0295416,0.0295359,0.0295292,0.0295212,0.0295126,0.0295029,0.0294923,0.0294806,0.0294679,0.0294545,0.0294399,0.0294245,0.029408,0.0293907,0.0293725,0.029353,0.029333,0.0293117,0.0292897,0.0292666,0.0292425,0.0292178,0.029192,0.029165,0.0291375,0.0291089,0.0290794,0
0.029156,0.0291856,0.0292142,0.029242,0.0292688,0.0292947,0.0293197,0.0293437,0.0293668,0.0293889,0.0294102,0.0294304,0.0294497,0.0294681,0.0294855,0.029502,0.0295175,0.029532,0.0295457,0.0295582,0.0295699,0.0295806,0.0295903,0.0295991,0.0296069,0.0296137,0.0296195,0.0296244,0.0296283,0.0296312,0.0296332,0.0296341,0.0296341,0.0296332,0.0296311,0.0296283,0.0296245,0.0296195,0.0296136,0.0296069,0.0295991,0.0295904,0.0295806,0.0295699,0.0295583,0.0295455,0.0295321,0.0295174,0.029502,0.0294856,0.0294682,0.0294497,0.0294305,0.02941,0.029389,0.0293669,0.0293437,0.0293195,0.0292948,0.0292687,0.0292419,0.0292143,0.0291857,0.029156,0
0.0292326,0.0292623,0.029291,0.0293188,0.0293457,0.0293717,0.0293967,0.0294208,0.0294439,0.0294662,0.0294874,0.0295078,0.0295271,0.0295455,0.029563,0.0295795,0.029595,0.0296096,0.0296233,0.0296359,0.0296476,0.0296583,0.0296681,0.0296769,0.0296847,0.0296915,0.0296974,0.0297022,0.0297061,0.029709,0.0297111,0.029712,0.029712,0.029711,0.0297091,0.0297061,0.0297022,0.0296973,0.0296916,0.0296847,0.0296768,0.0296681,0.0296583,0.0296476,0.0296359,0.0296233,0.0296097,0.029595,0.0295794,0.0295631,0.0295455,0.0295271,0.0295079,0.0294874,0.0294663,0.0294439,0.0294207,0.0293968,0.0293716,0.0293458,0.0293188,0.029291,0.0292623,0.0292325,0
0.0293092,0.0293389,0.0293678,0.0293956,0.0294226,0.0294486,0.0294737,0.0294979,0.0295211,0.0295434,0.0295647,0.0295851,0.0296045,0.0296229,0.0296405,0.029657,0.0296726,0.0296872,0.0297009,0.0297136,0.0297253,0.029736,0.0297458,0.0297546,0.0297624,0.0297692,0.0297751,0.0297801,0.029784,0.0297869,0.0297889,0.0297899,0.0297898,0.0297889,0.0297869,0.029784,0.02978,0.0297751,0.0297693,0.0297624,0.0297546,0.0297458,0.029736,0.0297253,0.0297135,0.0297009,0.0296873,0.0296726,0.029657,0.0296404,0.029623,0.0296044,0.0295851,0.0295647,0.0295434,0.0295211,0.0294979,0.0294737,0.0294486,0.0294226,0.0293957,0.0293677,0.029339,0.0293093,0
0.0293858,0.0294156,0.0294445,0.0294725,0.0294995,0.0295256,0.0295508,0.029575,0.0295983,0.0296206,0.029642,0.0296624,0.0296819,0.0297004,0.029718,0.0297345,0.0297501,0.0297648,0.0297785,0.0297912,0.029803,0.0298137,0.0298236,0.0298324,0.0298402,0.0298471,0.029853,0.0298579,0.0298618,0.0298648,0.0298667,0.0298677,0.0298677,0.0298667,0.0298648,0.0298618,0.0298579,0.029853,0.0298471,0.0298402,0.0298324,0.0298235,0.0298138,0.029803,0.0297911,0.0297785,0.0297649,0.0297501,0.0297346,0.0297179,0.0297003,0.0296819,0.0296624,0.0296421,0.0296205,0.0295984,0.0295749,0.0295508,0.0295256,0.0294994,0.0294726,0.0294445,0.0294156,0.0293858,0
0.0294624,0.0294923,0.0295213,0.0295493,0.0295764,0.0296026,0.0296278,0.0296521,0.0296754,0.0296978,0.0297193,0.0297397,0.0297593,0.0297778,0.0297954,0.029812,0.0298277,0.0298424,0.0298561,0.0298689,0.0298806,0.0298915,0.0299013,0.0299101,0.029918,0.0299249,0.0299308,0.0299357,0.0299397,0.0299426,0.0299446,0.0299456,0.0299456,0.0299445,0.0299426,0.0299398,0.0299356,0.0299308,0.0299249,0.0299181,0.0299102,0.0299013,0.0298914,0.0298808,0.0298688,0.0298561,0.0298425,0.0298277,0.0298121,0.0297953,0.0297779,0.0297593,0.0297397,0.0297191,0.0296979,0.0296755,0.029652,0.0296278,0.0296025,0.0295764,0.0295494,0.0295212,0.0294923,0.0294625,0
0.029539,0.029569,0.029598,0.0296261,0.0296533,0.0296796,0.0297048,0.0297292,0.0297526,0.029775,0.0297965,0.0298171,0.0298366,0.0298553,0.0298729,0.0298896,0.0299053,0.02992,0.0299338,0.0299466,0.0299584,0.0299692,0.0299791,0.0299879,0.0299958,0.0300027,0.0300086,0.0300136,0.0300175,0.0300205,0.0300224,0.0300235,0.0300234,0.0300224,0.0300205,0.0300175,0.0300136,0.0300087,0.0300027,0.0299958,0.0299879,0.029979,0.0299692,0.0299584,0.0299464,0.0299338,0.02992,0.0299053,0.0298896,0.0298729,0.0298551,0.0298368,0.029817,0.0297965,0.029775,0.0297525,0.0297292,0.0297048,0.0296797,0.0296532,0.0296261,0.0295981,0.0295689,0.0295391,0
0.0296156,0.0296457,0.0296748,0.029703,0.0297302,0.0297565,0.0297819,0.0298063,0.0298297,0.0298522,0.0298738,0.0298944,0.029914,0.0299327,0.0299503,0.0299671,0.0299828,0.0299976,0.0300114,0.0300242,0.030036,0.0300469,0.0300568,0.0300657,0.0300736,0.0300805,0.0300865,0.0300914,0.0300953,0.0300983,0.0301003,0.0301013,0.0301013,0.0301003,0.0300982,0.0300955,0.0300914,0.0300864,0.0300804,0.0300736,0.0300657,0.0300568,0.0300469,0.0300361,0.0300242,0.0300114,0.0299976,0.0299828,0.0299671,0.0299504,0.0299326,0.029914,0.0298944,0.0298737,0.0298524,0.0298296,0.0298064,0.0297818,0.0297565,0.0297302,0.029703,0.0296746,0.0296457,0.0296156,0
0.0296922,0.0297223,0.0297515,0.0297798,0.0298071,0.0298335,0.0298589,0.0298834,0.0299069,0.0299295,0.0299511,0.0299717,0.0299914,0.0300101,0.0300278,0.0300446,0.0300604,0.0300752,0.030089,0.0301019,0.0301138,0.0301246,0.0301346,0.0301434,0.0301514,0.0301583,0.0301642,0.0301692,0.0301732,0.0301762,0.0301782,0.0301791,0.0301791,0.0301781,0.0301762,0.0301733,0.0301691,0.0301644,0.0301583,0.0301514,0.0301434,0.0301347,0.0301245,0.0301138,0.0301018,0.0300891,0.0300752,0.0300603,0.0300446,0.0300279,0.0300101,0.0299914,0.0299717,0.0299511,0.0299294,0.0299069,0.0298834,0.0298589,0.0298334,0.0298071,0.0297798,0.0297515,0.0297225,0.0296922,0
0.0297688,0.029799,0.0298283,0.0298566,0.029884,0.0299104,0.0299359,0.0299605,0.0299841,0.0300066,0.0300283,0.030049,0.0300688,0.0300875,0.0301053,0.0301221,0.030138,0.0301527,0.0301667,0.0301795,0.0301915,0.0302023,0.0302123,0.0302212,0.0302292,0.0302361,0.0302421,0.030247,0.0302511,0.030254,0.030256,0.030257,0.030257,0.0302561,0.030254,0.0302509,0.0302471,0.0302421,0.0302361,0.0302292,0.0302212,0.0302123,0.0302024,0.0301914,0.0301795,0.0301667,0.0301528,0.0301379,0.030122,0.0301054,0.0300875,0.0300688,0.0300491,0.0300282,0.0300068,0.0299841,0.0299604,0.029936,0.0299104,0.0298841,0.0298566,0.0298283,0.029799,0.0297689,0
0.0298454,0.0298757,0.0299051,0.0299335,0.0299609,0.0299874,0.030013,0.0300376,0.0300612,0.0300839,0.0301056,0.0301264,0.0301461,0.0301649,0.0301828,0.0301996,0.0302155,0.0302304,0.0302443,0.0302572,0.0302691,0.0302801,0.03029,0.030299,0.0303069,0.030314,0.0303199,0.0303249,0.0303289,0.0303319,0.0303339,0.0303349,0.0303349,0.0303338,0.030332,0.0303289,0.0303249,0.0303198,0.0303141,0.0303068,0.0302991,0.03029,0.03028,0.0302693,0.0302572,0.0302442,0.0302303,0.0302155,0.0301996,0.0301828,0.0301648,0.0301462,0.0301263,0.0301056,0.0300839,0.0300612,0.0300375,0.030013,0.0299875,0.029961,0.0299333,0.0299052,0.0298756,0.0298455,0
0.029922,0.0299524,0.0299818,0.0300103,0.0300378,0.0300644,0.03009,0.0301147,0.0301384,0.0301611,0.0301829,0.0302037,0.0302235,0.0302424,0.0302602,0.0302771,0.030293,0.030308,0.0303219,0.0303348,0.0303469,0.0303578,0.0303678,0.0303768,0.0303847,0.0303918,0.0303978,0.0304027,0.0304067,0.0304098,0.0304118,0.0304127,0.0304127,0.0304118,0.0304097,0.0304067,0.0304028,0.0303978,0.0303917,0.0303848,0.0303767,0.0303679,0.0303578,0.0303468,0.0303349,0.0303218,0.030308,0.030293,0.0302773,0.0302602,0.0302423,0.0302235,0.0302037,0.030183,0.0301611,0.0301384,0.0301145,0.0300901,0.0300645,0.0300378,0.0300103,0.0299817,0.0299524,0.029922,0
0.0299987,0.0300291,0.0300586,0.0300871,0.0301147,0.0301414,0.0301671,0.0301918,0.0302155,0.0302384,0.0302601,0.030281,0.0303009,0.0303198,0.0303377,0.0303546,0.0303706,0.0303856,0.0303996,0.0304126,0.0304245,0.0304355,0.0304455,0.0304545,0.0304626,0.0304696,0.0304756,0.0304806,0.0304846,0.0304876,0.0304896,0.0304906,0.0304906,0.0304896,0.0304875,0.0304847,0.0304806,0.0304755,0.0304695,0.0304625,0.0304546,0.0304455,0.0304356,0.0304246,0.0304124,0.0303996,0.0303856,0.0303706,0.0303546,0.0303377,0.0303198,0.030301,0.0302809,0.0302601,0.0302384,0.0302155,0.0301919,0.030167,0.0301414,0.0301147,0.0300872,0.0300585,0.0300292,0.0299987,0
0.0300753,0.0301058,0.0301353,0.030164,0.0301916,0.0302183,0.0302441,0.0302689,0.0302927,0.0303156,0.0303374,0.0303583,0.0303783,0.0303972,0.0304152,0.0304322,0.0304481,0.0304632,0.0304772,0.0304902,0.0305022,0.0305133,0.0305233,0.0305323,0.0305403,0.0305473,0.0305534,0.0305584,0.0305625,0.0305654,0.0305675,0.0305685,0.0305685,0.0305674,0.0305655,0.0305624,0.0305585,0.0305533,0.0305474,0.0305403,0.0305324,0.0305233,0.0305133,0.0305022,0.0304902,0.0304772,0.0304631,0.0304482,0.0304322,0.0304151,0.0303973,0.0303782,0.0303584,0.0303375,0.0303155,0.0302927,0.0302689,0.030244,0.0302184,0.0301917,0.030164,0.0301353,0.0301058,0.0300752,0
0.0301519,0.0301825,0.0302121,0.0302408,0.0302685,0.0302953,0.0303211,0.030346,0.0303698,0.0303928,0.0304147,0.0304357,0.0304556,0.0304747,0.0304927,0.0305097,0.0305257,0.0305407,0.0305548,0.0305679,0.0305799,0.030591,0.030601,0.0306101,0.0306181,0.0306252,0.0306312,0.0306363,0.0306403,0.0306433,0.0306454,0.0306463,0.0306463,0.0306454,0.0306433,0.0306402,0.0306363,0.0306312,0.0306252,0.0306181,0.0306101,0.030601,0.030591,0.0305799,0.0305679,0.0305548,0.0305408,0.0305257,0.0305097,0.0304925,0.0304748,0.0304556,0.0304357,0.0304147,0.0303928,0.0303699,0.030346,0.0303211,0.0302953,0.0302685,0.0302408,0.030212,0.0301826,0.0301518,0
0.0302285,0.0302591,0.0302889,0.0303176,0.0303454,0.0303723,0.0303982,0.0304231,0.030447,0.03047,0.030492,0.030513,0.030533,0.0305521,0.0305701,0.0305872,0.0306033,0.0306184,0.0306324,0.0306455,0.0306576,0.0306687,0.0306788,0.0306879,0.0306959,0.030703,0.030709,0.0307141,0.0307181,0.0307211,0.0307232,0.0307242,0.0307242,0.0307232,0.0307212,0.0307181,0.0307142,0.0307089,0.0307031,0.030696,0.0306878,0.0306787,0.0306687,0.0306575,0.0306455,0.0306325,0.0306183,0.0306033,0.0305872,0.0305703,0.030552,0.0305331,0.0305129,0.0304921,0.03047,0.030447,0.030423,0.0303982,0.0303721,0.0303456,0.0303175,0.0302889,0.0302591,0.0302285,0
0.0303051,0.0303358,0.0303656,0.0303945,0.0304223,0.0304493,0.0304752,0.0305002,0.0305242,0.0305472,0.0305693,0.0305904,0.0306104,0.0306295,0.0306476,0.0306647,0.0306809,0.0306959,0.0307101,0.0307232,0.0307353,0.0307464,0.0307565,0.0307656,0.0307738,0.0307808,0.0307869,0.0307919,0.030796,0.030799,0.0308011,0.0308021,0.0308021,0.0308011,0.030799,0.0307961,0.0307919,0.0307869,0.0307808,0.0307736,0.0307657,0.0307566,0.0307465,0.0307353,0.0307232,0.0307101,0.0306959,0.0306809,0.0306647,0.0306476,0.0306295,0.0306103,0.0305904,0.0305692,0.0305473,0.0305243,0.0305001,0.0304754,0.0304492,0.0304224,0.0303943,0.0303657,0.0303358,0.0303051,0
0.0303817,0.0304125,0.0304424,0.0304713,0.0304992,0.0305262,0.0305523,0.0305773,0.0306014,0.0306244,0.0306466,0.0306677,0.0306878,0.0307069,0.0307251,0.0307423,0.0307584,0.0307736,0.0307877,0.0308009,0.030813,0.0308242,0.0308343,0.0308434,0.0308515,0.0308586,0.0308647,0.0308698,0.0308738,0.0308769,0.0308789,0.0308799,0.03088,0.0308789,0.0308769,0.0308739,0.0308697,0.0308647,0.0308586,0.0308515,0.0308434,0.0308343,0.0308242,0.030813,0.0308008,0.0307877,0.0307736,0.0307584,0.0307422,0.0307251,0.0307069,0.0306878,0.0306678,0.0306464,0.0306245,0.0306013,0.0305773,0.0305524,0.0305262,0.0304993,0.0304712,0.0304425,0.0304124,0.0303817,0
0.0304583,0.0304892,0.0305192,0.0305481,0.0305762,0.0306032,0.0306293,0.0306544,0.0306785,0.0307017,0.0307238,0.030745,0.0307652,0.0307844,0.0308026,0.0308197,0.030836,0.0308512,0.0308653,0.0308785,0.0308907,0.0309018,0.030912,0.0309212,0.0309293,0.0309365,0.0309425,0.0309476,0.0309517,0.0309548,0.0309567,0.0309578,0.0309578,0.0309567,0.0309548,0.0309516,0.0309476,0.0309426,0.0309365,0.0309293,0.0309212,0.0309119,0.0309019,0.0308907,0.0308785,0.0308653,0.0308511,0.0308361,0.0308197,0.0308026,0.0307844,0.0307652,0.0307449,0.0307239,0.0307016,0.0306785,0.0306543,0.0306294,0.0306032,0.0305762,0.0305481,0.0305191,0.0304892,0.0304583,0
0.0305349,0.0305659,0.0305959,0.030625,0.0306531,0.0306802,0.0307063,0.0307315,0.0307557,0.0307789,0.0308011,0.0308223,0.0308425,0.0308618,0.03088,0.0308973,0.0309135,0.0309287,0.030943,0.0309561,0.0309684,0.0309796,0.0309898,0.0309989,0.0310071,0.0310143,0.0310203,0.0310255,0.0310295,0.0310326,0.0310346,0.0310357,0.0310357,0.0310347,0.0310326,0.0310296,0.0310254,0.0310203,0.0310143,0.0310072,0.0309988,0.0309899,0.0309795,0.0309684,0.0309561,0.030943,0.0309289,0.0309135,0.0308973,0.0308801,0.0308617,0.0308427,0.0308223,0.0308011,0.0307789,0.0307558,0.0307314,0.0307063,0.0306803,0.030653,0.030625,0.030596,0.0305659,0.0305349,0
0.0306115,0.0306426,0.0306727,0.0307018,0.03073,0.0307572,0.0307834,0.0308086,0.0308328,0.0308561,0.0308784,0.0308997,0.0309199,0.0309393,0.0309575,0.0309748,0.030991,0.0310064,0.0310206,0.0310339,0.0310461,0.0310574,0.0310676,0.0310767,0.0310849,0.031092,0.0310982,0.0311033,0.0311074,0.0311105,0.0311125,0.0311135,0.0311136,0.0311124,0.0311105,0.0311074,0.0311033,0.0310982,0.0310919,0.0310849,0.0310768,0.0310676,0.0310572,0.0310462,0.0310339,0.0310205,0.0310065,0.030991,0.0309749,0.0309576,0.0309392,0.0309199,0.0308996,0.0308784,0.0308561,0.0308329,0.0308086,0.0307833,0.0307572,0.03073,0.0307019,0.0306727,0.0306426,0.0306114,0
0.0306881,0.0307193,0.0307495,0.0307787,0.0308069,0.0308342,0.0308604,0.0308857,0.03091,0.0309334,0.0309557,0.030977,0.0309973,0.0310167,0.031035,0.0310524,0.0310687,0.0310839,0.0310982,0.0311115,0.0311238,0.031135,0.0311453,0.0311545,0.0311627,0.0311699,0.031176,0.0311811,0.0311853,0.0311883,0.0311904,0.0311914,0.0311914,0.0311903,0.0311885,0.0311852,0.0311812,0.031176,0.0311699,0.0311627,0.0311545,0.0311453,0.031135,0.0311238,0.0311116,0.0310982,0.0310839,0.0310687,0.0310522,0.0310351,0.0310167,0.0309973,0.030977,0.0309557,0.0309333,0.03091,0.0308858,0.0308604,0.0308341,0.0308069,0.0307786,0.0307494,0.0307193,0.0306882,0
0.0307648,0.030796,0.0308262,0.0308555,0.0308838,0.0309111,0.0309374,0.0309628,0.0309872,0.0310106,0.0310329,0.0310543,0.0310747,0.0310941,0.0311125,0.0311298,0.0311462,0.0311615,0.0311759,0.0311892,0.0312015,0.0312128,0.0312231,0.0312322,0.0312405,0.0312477,0.0312539,0.031259,0.0312631,0.0312662,0.0312682,0.0312693,0.0312693,0.0312681,0.0312662,0.0312631,0.0312591,0.0312538,0.0312476,0.0312406,0.0312322,0.0312232,0.0312127,0.0312016,0.0311892,0.0311757,0.0311617,0.0311462,0.0311298,0.0311124,0.0310941,0.0310748,0.0310544,0.0310329,0.0310106,0.0309871,0.0309628,0.0309374,0.0309112,0.0308838,0.0308553,0.0308263,0.0307959,0.0307648,0
0.0308414,0.0308727,0.030903,0.0309323,0.0309607,0.0309881,0.0310145,0.0310399,0.0310643,0.0310878,0.0311102,0.0311317,0.0311521,0.0311715,0.0311899,0.0312074,0.0312238,0.0312392,0.0312535,0.0312669,0.0312792,0.0312905,0.0313008,0.0313101,0.0313182,0.0313255,0.0313317,0.0313368,0.031341,0.0313441,0.0313461,0.0313472,0.0313471,0.0313462,0.0313439,0.031341,0.0313369,0.0313317,0.0313255,0.0313183,0.0313101,0.0313008,0.0312905,0.0312792,0.0312669,0.0312535,0.0312393,0.0312237,0.0312074,0.0311899,0.0311716,0.0311521,0.0311316,0.0311103,0.0310878,0.0310643,0.03104,0.0310144,0.0309881,0.0309607,0.0309324,0.030903,0.0308726,0.0308415,0
0.030918,0.0309494,0.0309798,0.0310092,0.0310376,0.0310651,0.0310915,0.031117,0.0311415,0.031165,0.0311875,0.031209,0.0312295,0.031249,0.0312675,0.0312849,0.0313013,0.0313168,0.0313312,0.0313445,0.0313569,0.0313683,0.0313785,0.0313879,0.0313961,0.0314033,0.0314096,0.0314147,0.0314188,0.0314219,0.031424,0.031425,0.031425,0.031424,0.0314219,0.0314188,0.0314146,0.0314095,0.0314033,0.0313962,0.0313879,0.0313784,0.0313684,0.0313569,0.0313444,0.0313312,0.0313168,0.0313014,0.0312849,0.0312674,0.031249,0.0312295,0.031209,0.0311874,0.031165,0.0311415,0.031117,0.0310917,0.031065,0.0310376,0.0310092,0.0309798,0.0309494,0.030918,0
0.0309946,0.031026,0.0310565,0.031086,0.0311145,0.0311421,0.0311686,0.0311941,0.0312187,0.0312422,0.0312648,0.0312863,0.0313069,0.0313264,0.0313449,0.0313624,0.0313789,0.0313944,0.0314088,0.0314223,0.0314346,0.031446,0.0314563,0.0314656,0.0314739,0.0314811,0.0314873,0.0314925,0.0314966,0.0314998,0.0315018,0.0315029,0.0315028,0.0315019,0.0314997,0.0314966,0.0314926,0.0314872,0.0314813,0.0314739,0.0314656,0.0314562,0.031446,0.0314347,0.0314223,0.0314088,0.0313942,0.0313789,0.0313625,0.0313449,0.0313264,0.0313069,0.0312864,0.0312648,0.0312423,0.0312186,0.0311941,0.0311686,0.0311421,0.0311146,0.031086,0.0310565,0.031026,0.0309947,0
0.0310712,0.0311027,0.0311333,0.0311629,0.0311914,0.031219,0.0312456,0.0312712,0.0312959,0.0313194,0.0313421,0.0313637,0.0313843,0.0314038,0.0314224,0.0314399,0.0314565,0.031472,0.0314865,0.0314999,0.0315123,0.0315237,0.0315341,0.0315434,0.0315517,0.0315589,0.0315652,0.0315704,0.0315745,0.0315776,0.0315797,0.0315808,0.0315807,0.0315797,0.0315777,0.0315745,0.0315704,0.0315651,0.031559,0.0315517,0.0315434,0.0315341,0.0315237,0.0315123,0.0315,0.0314864,0.031472,0.0314564,0.03144,0.0314225,0.0314038,0.0313842,0.0313636,0.0313421,0.0313195,0.0312958,0.0312713,0.0312456,0.031219,0.0311915,0.0311629,0.0311333,0.0311027,0.0310713,0
0.0311478,0.0311794,0.0312101,0.0312397,0.0312683,0.031296,0.0313227,0.0313483,0.031373,0.0313967,0.0314193,0.031441,0.0314617,0.0314813,0.0314999,0.0315174,0.031534,0.0315496,0.0315641,0.0315776,0.03159,0.0316015,0.0316118,0.0316212,0.0316295,0.0316368,0.031643,0.0316482,0.0316523,0.0316556,0.0316576,0.0316586,0.0316585,0.0316577,0.0316554,0.0316525,0.0316482,0.031643,0.0316368,0.0316294,0.0316211,0.0316119,0.0316014,0.03159,0.0315776,0.031564,0.0315496,0.0315341,0.0315175,0.0314999,0.0314811,0.0314617,0.031441,0.0314194,0.0313966,0.0313731,0.0313482,0.0313227,0.031296,0.0312684,0.0312396,0.0312102,0.0311793,0.0311477,0
0.0312244,0.0312561,0.0312868,0.0313165,0.0313453,0.031373,0.0313997,0.0314255,0.0314502,0.0314739,0.0314966,0.0315183,0.031539,0.0315587,0.0315773,0.031595,0.0316116,0.0316272,0.0316417,0.0316553,0.0316677,0.0316792,0.0316896,0.0316989,0.0317073,0.0317146,0.0317208,0.0317261,0.0317303,0.0317333,0.0317354,0.0317366,0.0317365,0.0317354,0.0317334,0.0317302,0.0317261,0.0317208,0.0317147,0.0317073,0.0316989,0.0316896,0.031679,0.0316678,0.0316552,0.0316417,0.0316272,0.0316116,0.031595,0.0315773,0.0315588,0.031539,0.0315185,0.0314965,0.0314739,0.0314503,0.0314255,0.0313997,0.031373,0.0313452,0.0313165,0.0312868,0.0312561,0.0312245,0
0.0313011,0.0313328,0.0313636,0.0313934,0.0314222,0.03145,0.0314768,0.0315026,0.0315274,0.0315512,0.0315739,0.0315957,0.0316164,0.0316361,0.0316548,0.0316725,0.0316892,0.0317048,0.0317193,0.0317329,0.0317454,0.0317569,0.0317673,0.0317768,0.0317851,0.0317924,0.0317987,0.0318039,0.0318081,0.0318112,0.0318133,0.0318143,0.0318143,0.0318134,0.0318111,0.0318081,0.031804,0.0317986,0.0317924,0.0317851,0.0317768,0.0317674,0.0317569,0.0317454,0.0317328,0.0317194,0.0317048,0.0316892,0.0316725,0.0316548,0.0316361,0.0316164,0.0315957,0.0315739,0.0315511,0.0315274,0.0315026,0.0314767,0.0314499,0.0314221,0.0313934,0.0313636,0.0313329,0.031301,0
0.0313777,0.0314095,0.0314404,0.0314702,0.0314991,0.031527,0.0315538,0.0315797,0.0316045,0.0316284,0.0316512,0.031673,0.0316938,0.0317136,0.0317323,0.03175,0.0317667,0.0317824,0.031797,0.0318106,0.0318231,0.0318347,0.0318451,0.0318545,0.0318629,0.0318702,0.0318766,0.0318817,0.0318859,0.0318891,0.0318912,0.0318923,0.0318922,0.0318912,0.0318891,0.0318859,0.0318818,0.0318764,0.0318702,0.0318629,0.0318546,0.0318451,0.0318346,0.0318232,0.0318105,0.0317971,0.0317824,0.0317667,0.0317501,0.0317323,0.0317136,0.0316937,0.0316731,0.0316511,0.0316285,0.0316045,0.0315796,0.0315539,0.0315269,0.0314991,0.0314702,0.0314404,0.0314095,0.0313776,0
0.0314543,0.0314862,0.0315171,0.0315471,0.031576,0.0316039,0.0316309,0.0316568,0.0316817,0.0317056,0.0317285,0.0317504,0.0317712,0.031791,0.0318098,0.0318275,0.0318443,0.03186,0.0318746,0.0318882,0.0319008,0.0319124,0.0319229,0.0319323,0.0319407,0.031948,0.0319543,0.0319596,0.0319638,0.0319669,0.0319691,0.0319701,0.03197,0.0319692,0.0319669,0.0319638,0.0319595,0.0319544,0.0319481,0.0319407,0.0319322,0.0319228,0.0319124,0.0319008,0.0318882,0.0318747,0.03186,0.0318443,0.0318276,0.0318098,0.0317911,0.0317712,0.0317503,0.0317285,0.0317056,0.0316817,0.0316567,0.031631,0.0316038,0.031576,0.031547,0.0315173,0.0314862,0.0314543,0
0.0315309,0.0315629,0.0315939,0.0316239,0.0316529,0.0316809,0.0317079,0.0317339,0.0317589,0.0317828,0.0318058,0.0318277,0.0318486,0.0318684,0.0318873,0.0319051,0.0319218,0.0319376,0.0319523,0.0319659,0.0319785,0.0319901,0.0320006,0.0320101,0.0320185,0.0320259,0.0320321,0.0320375,0.0320417,0.0320448,0.0320469,0.0320479,0.0320481,0.0320468,0.032045,0.0320415,0.0320375,0.0320323,0.0320257,0.0320185,0.0320101,0.0320007,0.0319901,0.0319785,0.0319661,0.0319521,0.0319376,0.0319219,0.0319052,0.0318873,0.0318683,0.0318487,0.0318277,0.0318058,0.0317829,0.0317589,0.0317339,0.0317079,0.0316809,0.0316528,0.031624,0.0315939,0.0315628,0.0315309,0
0.0316075,0.0316396,0.0316707,0.0317008,0.0317298,0.0317579,0.031785,0.031811,0.031836,0.0318601,0.0318831,0.031905,0.031926,0.0319459,0.0319647,0.0319826,0.0319994,0.0320152,0.0320299,0.0320436,0.0320563,0.0320678,0.0320783,0.0320879,0.0320963,0.0321037,0.03211,0.0321153,0.0321195,0.0321227,0.0321248,0.0321258,0.0321259,0.0321248,0.0321227,0.0321195,0.0321152,0.0321101,0.0321037,0.0320963,0.0320878,0.0320784,0.0320679,0.0320562,0.0320437,0.0320299,0.0320152,0.0319993,0.0319827,0.0319648,0.0319459,0.0319259,0.0319051,0.0318831,0.03186,0.031836,0.031811,0.0317849,0.031758,0.0317299,0.0317006,0.0316707,0.0316397,0.0316074,0
0.0316841,0.0317163,0.0317474,0.0317776,0.0318068,0.0318349,0.031862,0.0318881,0.0319132,0.0319373,0.0319603,0.0319824,0.0320034,0.0320233,0.0320422,0.0320602,0.032077,0.0320928,0.0321076,0.0321212,0.0321339,0.0321456,0.0321562,0.0321656,0.0321741,0.0321815,0.0321879,0.0321932,0.0321974,0.0322006,0.0322027,0.0322037,0.0322037,0.0322027,0.0322006,0.0321974,0.0321932,0.0321879,0.0321815,0.0321741,0.0321655,0.0321561,0.0321456,0.0321339,0.0321213,0.0321076,0.0320928,0.032077,0.0320601,0.0320423,0.0320233,0.0320034,0.0319823,0.0319604,0.0319374,0.0319132,0.0318881,0.0318619,0.031835,0.0318067,0.0317776,0.0317475,0.0317162,0.0316842,0
0.0317608,0.031793,0.0318242,0.0318544,0.0318837,0.0319118,0.0319391,0.0319652,0.0319904,0.0320145,0.0320376,0.0320597,0.0320808,0.0321008,0.0321197,0.0321377,0.0321546,0.0321704,0.0321852,0.032199,0.0322117,0.0322233,0.0322339,0.0322434,0.0322519,0.0322593,0.0322657,0.032271,0.0322752,0.0322785,0.0322805,0.0322816,0.0322816,0.0322806,0.0322784,0.0322752,0.0322709,0.0322658,0.0322593,0.032252,0.0322434,0.032234,0.0322232,0.0322117,0.0321989,0.0321853,0.0321703,0.0321546,0.0321376,0.0321198,0.0321008,0.0320808,0.0320598,0.0320375,0.0320146,0.0319903,0.0319654,0.031939,0.0319118,0.0318836,0.0318545,0.0318242,0.031793,0.0317607,0
0.0318374,0.0318697,0.031901,0.0319313,0.0319606,0.0319888,0.0320161,0.0320423,0.0320676,0.0320918,0.0321149,0.032137,0.0321581,0.0321782,0.0321972,0.0322152,0.0322322,0.032248,0.0322629,0.0322766,0.0322894,0.032301,0.0323116,0.0323212,0.0323297,0.0323371,0.0323435,0.0323489,0.0323531,0.0323563,0.0323584,0.0323595,0.0323595,0.0323584,0.0323563,0.0323532,0.0323489,0.0323435,0.0323372,0.0323297,0.0323212,0.0323116,0.0323012,0.0322893,0.0322766,0.0322628,0.032248,0.0322322,0.0322151,0.0321974,0.0321782,0.0321581,0.032137,0.032115,0.0320916,0.0320677,0.0320423,0.0320162,0.0319889,0.0319605,0.0319313,0.031901,0.0318696,0.0318375,0
0.031914,0.0319464,0.0319778,0.0320081,0.0320375,0.0320658,0.0320932,0.0321195,0.0321448,0.032169,0.0321922,0.0322144,0.0322356,0.0322556,0.0322747,0.0322927,0.0323097,0.0323256,0.0323405,0.0323543,0.0323671,0.0323788,0.0323894,0.032399,0.0324075,0.032415,0.0324214,0.0324267,0.0324309,0.0324342,0.0324363,0.0324373,0.0324373,0.0324364,0.0324341,0.032431,0.0324266,0.0324215,0.0324149,0.0324075,0.0323991,0.0323894,0.0323788,0.032367,0.0323542,0.0323405,0.0323256,0.0323097,0.0322928,0.0322747,0.0322555,0.0322356,0.0322143,0.0321923,0.0321689,0.0321448,0.0321194,0.0320933,0.0320657,0.0320375,0.0320082,0.0319777,0.0319464,0.031914,0
0.0319906,0.0320231,0.0320545,0.032085,0.0321144,0.0321428,0.0321702,0.0321966,0.0322219,0.0322462,0.0322695,0.0322917,0.0323129,0.0323331,0.0323522,0.0323703,0.0323873,0.0324032,0.0324181,0.032432,0.0324448,0.0324565,0.0324672,0.0324768,0.0324853,0.0324928,0.0324993,0.0325045,0.0325089,0.032512,0.0325142,0.0325152,0.0325153,0.0325141,0.0325122,0.0325087,0.0325046,0.0324992,0.0324928,0.0324852,0.0324769,0.0324671,0.0324565,0.0324448,0.0324318,0.0324183,0.0324032,0.0323873,0.0323702,0.0323522,0.0323331,0.0323129,0.0322918,0.0322695,0.0322462,0.0322219,0.0321965,0.0321702,0.0321429,0.0321144,0.0320849,0.0320547,0.032023,0.0319905,0
0.0320672,0.0320998,0.0321313,0.0321618,0.0321913,0.0322198,0.0322472,0.0322737,0.0322991,0.0323234,0.0323468,0.0323691,0.0323903,0.0324105,0.0324297,0.0324478,0.0324649,0.0324808,0.0324957,0.0325097,0.0325224,0.0325342,0.032545,0.0325546,0.0325631,0.0325706,0.032577,0.0325824,0.0325867,0.0325899,0.0325921,0.0325931,0.0325931,0.0325919,0.0325899,0.0325867,0.0325824,0.032577,0.0325706,0.0325632,0.0325545,0.032545,0.0325341,0.0325226,0.0325097,0.0324957,0.0324808,0.0324649,0.0324478,0.0324297,0.0324105,0.0323902,0.0323691,0.0323467,0.0323235,0.032299,0.0322738,0.0322472,0.0322198,0.0321913,0.032162,0.0321313,0.0320997,0.0320673,0
0.0321439,0.0321765,0.0322081,0.0322387,0.0322682,0.0322968,0.0323243,0.0323508,0.0323763,0.0324007,0.0324241,0.0324464,0.0324677,0.032488,0.0325072,0.0325253,0.0325424,0.0325584,0.0325735,0.0325873,0.0326002,0.032612,0.0326227,0.0326324,0.0326409,0.0326484,0.0326549,0.0326602,0.0326646,0.0326678,0.0326699,0.032671,0.0326711,0.0326699,0.0326676,0.0326647,0.0326601,0.0326549,0.0326484,0.0326411,0.0326322,0.0326227,0.0326121,0.0326002,0.0325873,0.0325733,0.0325586,0.0325423,0.0325253,0.0325072,0.032488,0.0324677,0.0324464,0.0324241,0.0324007,0.0323763,0.0323507,0.0323243,0.0322968,0.0322683,0.0322386,0.0322081,0.0321765,0.0321438,0
0.0322205,0.0322532,0.0322848,0.0323155,0.0323451,0.0323738,0.0324014,0.0324279,0.0324534,0.0324779,0.0325013,0.0325238,0.0325451,0.0325654,0.0325847,0.0326028,0.03262,0.032636,0.0326511,0.032665,0.0326779,0.0326897,0.0327005,0.0327101,0.0327187,0.0327263,0.0327327,0.0327381,0.0327424,0.0327457,0.0327477,0.0327488,0.0327489,0.0327477,0.0327456,0.0327425,0.0327381,0.0327327,0.0327263,0.0327188,0.0327101,0.0327004,0.0326898,0.0326778,0.0326651,0.0326509,0.0326362,0.03262,0.0326028,0.0325847,0.0325655,0.0325451,0.0325236,0.0325015,0.0324779,0.0324534,0.0324279,0.0324014,0.0323737,0.0323452,0.0323155,0.0322847,0.0322533,0.0322206,0
0.0322971,0.0323299,0.0323616,0.0323924,0.0324221,0.0324508,0.0324784,0.032505,0.0325306,0.0325552,0.0325786,0.0326011,0.0326225,0.0326428,0.0326621,0.0326804,0.0326976,0.0327137,0.0327287,0.0327427,0.0327556,0.0327675,0.0327782,0.0327879,0.0327966,0.0328041,0.0328106,0.0328159,0.0328203,0.0328235,0.0328257,0.0328267,0.0328268,0.0328257,0.0328234,0.0328202,0.0328161,0.0328104,0.0328041,0.0327966,0.0327879,0.0327781,0.0327674,0.0327556,0.0327427,0.0327287,0.0327137,0.0326977,0.0326803,0.0326622,0.0326428,0.0326225,0.0326011,0.0325787,0.0325551,0.0325305,0.032505,0.0324785,0.0324508,0.0324221,0.0323923,0.0323616,0.0323298,0.0322971,0
0.0323737,0.0324066,0.0324384,0.0324692,0.032499,0.0325277,0.0325555,0.0325821,0.0326078,0.0326324,0.032656,0.0326784,0.0326999,0.0327203,0.0327396,0.0327579,0.0327752,0.0327913,0.0328063,0.0328204,0.0328333,0.0328452,0.032856,0.0328657,0.0328743,0.0328819,0.0328884,0.0328938,0.0328981,0.0329013,0.0329036,0.0329046,0.0329046,0.0329036,0.0329014,0.0328981,0.0328938,0.0328884,0.0328819,0.0328745,0.0328656,0.032856,0.0328451,0.0328335,0.0328202,0.0328064,0.0327914,0.032775,0.0327579,0.0327396,0.0327203,0.0326998,0.0326785,0.032656,0.0326324,0.0326078,0.0325822,0.0325553,0.0325278,0.032499,0.0324692,0.0324385,0.0324066,0.0323737,0
0.0324503,0.0324833,0.0325152,0.0325461,0.0325759,0.0326047,0.0326325,0.0326592,0.032685,0.0327096,0.0327332,0.0327558,0.0327773,0.0327978,0.0328171,0.0328354,0.0328527,0.0328689,0.032884,0.032898,0.0329111,0.0329229,0.0329337,0.0329435,0.0329522,0.0329597,0.0329663,0.0329716,0.032976,0.0329792,0.0329815,0.0329825,0.0329825,0.0329814,0.0329792,0.032976,0.0329716,0.0329663,0.0329598,0.0329521,0.0329435,0.0329337,0.032923,0.0329111,0.0328979,0.032884,0.0328689,0.0328528,0.0328354,0.0328172,0.0327977,0.0327773,0.0327556,0.0327333,0.0327096,0.0326849,0.0326593,0.0326325,0.0326047,0.032576,0.032546,0.032515,0.0324833,0.0324504,0
0.032527,0.03256,0.0325919,0.0326229,0.0326528,0.0326817,0.0327096,0.0327364,0.0327621,0.0327868,0.0328105,0.0328331,0.0328547,0.0328752,0.0328946,0.032913,0.0329303,0.0329465,0.0329617,0.0329757,0.0329887,0.0330006,0.0330115,0.0330213,0.03303,0.0330375,0.0330441,0.0330495,0.0330539,0.0330572,0.0330592,0.0330604,0.0330603,0.0330594,0.0330571,0.0330539,0.0330495,0.0330441,0.0330375,0.03303,0.0330212,0.0330114,0.0330007,0.0329887,0.0329759,0.0329615,0.0329466,0.0329303,0.032913,0.0328945,0.0328753,0.0328547,0.0328331,0.0328104,0.032787,0.0327621,0.0327364,0.0327095,0.0326817,0.0326529,0.0326229,0.0325918,0.0325601,0.032527,0
0.0326036,0.0326367,0.0326687,0.0326997,0.0327297,0.0327587,0.0327866,0.0328135,0.0328393,0.0328641,0.0328878,0.0329105,0.0329321,0.0329526,0.0329721,0.0329905,0.0330079,0.0330241,0.0330393,0.0330534,0.0330665,0.0330784,0.0330893,0.0330991,0.0331078,0.0331154,0.0331219,0.0331274,0.0331317,0.0331349,0.0331372,0.0331383,0.0331383,0.0331372,0.0331349,0.0331317,0.0331274,0.0331218,0.0331154,0.0331078,0.0330991,0.0330893,0.0330783,0.0330665,0.0330534,0.0330393,0.0330241,0.0330079,0.0329905,0.0329721,0.0329527,0.032932,0.0329105,0.0328878,0.0328641,0.0328393,0.0328134,0.0327867,0.0327587,0.0327296,0.0326998,0.0326688,0.0326364,0.0326037,0
0.0326802,0.0327134,0.0327455,0.0327766,0.0328067,0.0328357,0.0328637,0.0328906,0.0329165,0.0329413,0.0329651,0.0329878,0.0330095,0.03303,0.0330496,0.033068,0.0330854,0.0331017,0.0331169,0.0331311,0.0331442,0.0331561,0.0331671,0.0331768,0.0331856,0.0331932,0.0331998,0.0332052,0.0332096,0.0332129,0.033215,0.0332161,0.0332161,0.033215,0.0332128,0.0332097,0.0332053,0.0331997,0.0331932,0.0331856,0.0331768,0.0331671,0.033156,0.0331442,0.033131,0.0331171,0.0331017,0.0330853,0.0330681,0.0330496,0.03303,0.0330094,0.0329878,0.0329651,0.0329415,0.0329164,0.0328906,0.0328637,0.0328356,0.0328068,0.0327766,0.0327454,0.0327134,0.0326803,0
0.0327568,0.0327901,0.0328223,0.0328534,0.0328836,0.0329127,0.0329407,0.0329677,0.0329936,0.0330186,0.0330424,0.0330651,0.0330869,0.0331075,0.0331271,0.0331455,0.033163,0.0331793,0.0331946,0.0332088,0.0332218,0.0332339,0.0332448,0.0332546,0.0332634,0.033271,0.0332776,0.0332831,0.0332875,0.0332907,0.0332929,0.033294,0.0332941,0.0332929,0.0332906,0.0332875,0.0332831,0.0332776,0.033271,0.0332634,0.0332546,0.0332447,0.0332339,0.0332218,0.0332088,0.0331945,0.0331793,0.0331631,0.0331455,0.033127,0.0331075,0.0330869,0.0330651,0.0330424,0.0330186,0.0329938,0.0329677,0.0329406,0.0329127,0.0328835,0.0328535,0.0328221,0.0327902,0.0327568,0
0.0328335,0.0328668,0.032899,0.0329303,0.0329605,0.0329897,0.0330178,0.0330448,0.0330708,0.0330958,0.0331197,0.0331425,0.0331643,0.0331849,0.0332046,0.0332231,0.0332406,0.0332569,0.0332722,0.0332865,0.0332996,0.0333116,0.0333226,0.0333324,0.0333412,0.0333489,0.0333554,0.033361,0.0333653,0.0333686,0.0333709,0.0333718,0.0333719,0.0333707,0.0333686,0.0333655,0.0333608,0.0333555,0.0333488,0.0333413,0.0333323,0.0333226,0.0333116,0.0332996,0.0332865,0.0332723,0.033257,0.0332404,0.0332232,0.0332046,0.0331849,0.0331643,0.0331426,0.0331196,0.0330958,0.0330709,0.0330448,0.0330178,0.0329896,0.0329604,0.0329304,0.0328991,0.0328667,0.0328333,0
0.0329101,0.0329435,0.0329758,0.0330071,0.0330374,0.0330666,0.0330948,0.033122,0.033148,0.033173,0.033197,0.0332198,0.0332417,0.0332624,0.033282,0.0333006,0.0333182,0.0333346,0.0333499,0.0333641,0.0333773,0.0333893,0.0334004,0.0334102,0.033419,0.0334266,0.0334333,0.0334388,0.0334432,0.0334465,0.0334487,0.0334496,0.0334499,0.0334487,0.0334464,0.0334431,0.0334388,0.0334333,0.0334268,0.033419,0.0334102,0.0334003,0.0333893,0.0333773,0.0333642,0.0333499,0.0333345,0.033318,0.0333008,0.033282,0.0332624,0.0332416,0.0332198,0.033197,0.033173,0.0331481,0.0331219,0.0330949,0.0330665,0.0330375,0.033007,0.0329759,0.0329435,0.0329101,0
0.0329867,0.0330202,0.0330526,0.033084,0.0331143,0.0331436,0.0331719,0.0331991,0.0332252,0.0332502,0.0332743,0.0332972,0.0333191,0.0333398,0.0333596,0.0333781,0.0333957,0.0334122,0.0334275,0.0334418,0.033455,0.0334671,0.0334781,0.033488,0.0334968,0.0335045,0.0335111,0.0335166,0.0335211,0.0335243,0.0335266,0.0335276,0.0335277,0.0335264,0.0335244,0.0335211,0.0335166,0.0335112,0.0335045,0.0334967,0.033488,0.0334781,0.0334671,0.033455,0.0334418,0.0334275,0.0334122,0.0333958,0.0333781,0.0333595,0.0333399,0.0333191,0.0332972,0.0332742,0.0332503,0.0332252,0.033199,0.0331719,0.0331438,0.0331142,0.0330842,0.0330524,0.0330203,0.0329866,0
0.0330633,0.0330969,0.0331294,0.0331608,0.0331913,0.0332206,0.0332489,0.0332762,0.0333024,0.0333275,0.0333515,0.0333745,0.0333964,0.0334173,0.033437,0.0334557,0.0334733,0.0334898,0.0335052,0.0335194,0.0335327,0.0335448,0.0335559,0.0335658,0.0335746,0.0335823,0.0335889,0.0335945,0.0335989,0.0336023,0.0336044,0.0336055,0.0336057,0.0336044,0.0336021,0.0335989,0.0335946,0.0335889,0.0335823,0.0335746,0.0335659,0.0335559,0.0335448,0.0335327,0.0335195,0.0335052,0.0334898,0.0334731,0.0334557,0.0334371,0.0334171,0.0333966,0.0333744,0.0333517,0.0333275,0.0333023,0.0332762,0.033249,0.0332205,0.0331912,0.0331609,0.0331295,0.0330968,0.0330634,0
0.03314,0.0331736,0.0332062,0.0332377,0.0332682,0.0332976,0.033326,0.0333533,0.0333796,0.0334047,0.0334288,0.0334519,0.0334738,0.0334947,0.0335145,0.0335332,0.0335509,0.0335674,0.0335828,0.0335972,0.0336105,0.0336226,0.0336336,0.0336436,0.0336524,0.0336602,0.0336668,0.0336723,0.0336768,0.03368,0.0336823,0.0336834,0.0336835,0.0336822,0.0336801,0.0336767,0.0336725,0.0336667,0.0336602,0.0336524,0.0336436,0.0336336,0.0336226,0.0336103,0.0335972,0.0335828,0.0335674,0.0335507,0.0335332,0.0335146,0.0334947,0.0334738,0.0334519,0.0334288,0.0334047,0.0333796,0.0333533,0.0333259,0.0332977,0.0332681,0.0332377,0.0332062,0.0331736,0.0331399,0
0.0332166,0.0332503,0.0332829,0.0333145,0.0333451,0.0333746,0.033403,0.0334304,0.0334567,0.033482,0.0335062,0.0335292,0.0335512,0.0335722,0.033592,0.0336108,0.0336285,0.033645,0.0336605,0.0336749,0.0336881,0.0337003,0.0337114,0.0337214,0.0337302,0.033738,0.0337446,0.0337502,0.0337546,0.033758,0.0337602,0.0337613,0.0337614,0.0337602,0.0337578,0.0337547,0.0337503,0.0337446,0.033738,0.0337303,0.0337213,0.0337113,0.0337003,0.0336882,0.0336748,0.0336605,0.0336449,0.0336285,0.0336108,0.033592,0.0335721,0.0335513,0.0335292,0.033506,0.0334821,0.0334567,0.0334305,0.033403,0.0333745,0.0333452,0.0333145,0.033283,0.0332503,0.0332165,0
0.0332932,0.033327,0.0333597,0.0333914,0.033422,0.0334516,0.0334801,0.0335075,0.0335339,0.0335592,0.0335834,0.0336066,0.0336286,0.0336496,0.0336695,0.0336883,0.033706,0.0337226,0.0337381,0.0337526,0.0337659,0.033778,0.0337892,0.0337992,0.0338081,0.0338158,0.0338225,0.033828,0.0338325,0.0338359,0.033838,0.0338392,0.0338391,0.0338382,0.0338358,0.0338326,0.0338281,0.0338224,0.0338159,0.033808,0.0337992,0.0337892,0.0337781,0.0337658,0.0337526,0.0337381,0.0337226,0.0337059,0.0336883,0.0336695,0.0336496,0.0336287,0.0336065,0.0335835,0.0335592,0.0335339,0.0335075,0.03348,0.0334517,0.033422,0.0333915,0.0333595,0.0333271,0.0332932,0
0.0333698,0.0334037,0.0334365,0.0334682,0.0334989,0.0335286,0.0335571,0.0335847,0.0336111,0.0336365,0.0336607,0.0336839,0.033706,0.0337271,0.033747,0.0337658,0.0337836,0.0338002,0.0338158,0.0338302,0.0338436,0.0338558,0.0338669,0.033877,0.0338858,0.0338936,0.0339004,0.0339059,0.0339103,0.0339137,0.033916,0.033917,0.0339171,0.033916,0.0339137,0.0339103,0.0339061,0.0339003,0.0338937,0.0338858,0.0338769,0.033867,0.0338558,0.0338434,0.0338303,0.0338157,0.0338002,0.0337836,0.0337659,0.033747,0.033727,0.0337061,0.0336839,0.0336608,0.0336363,0.0336112,0.0335847,0.0335571,0.0335286,0.0334989,0.0334682,0.0334365,0.0334039,0.0333698,0
0.0334465,0.0334804,0.0335133,0.0335451,0.0335759,0.0336056,0.0336342,0.0336618,0.0336882,0.0337137,0.033738,0.0337613,0.0337834,0.0338045,0.0338245,0.0338433,0.0338612,0.0338778,0.0338934,0.0339079,0.0339213,0.0339335,0.0339447,0.0339547,0.0339637,0.0339715,0.0339782,0.0339838,0.0339882,0.0339916,0.033994,0.0339949,0.0339948,0.033994,0.0339916,0.0339882,0.0339838,0.0339781,0.0339714,0.0339637,0.0339547,0.0339447,0.0339335,0.0339212,0.0339079,0.0338935,0.0338778,0.0338612,0.0338434,0.0338244,0.0338045,0.0337833,0.0337614,0.033738,0.0337137,0.0336883,0.0336616,0.0336343,0.0336056,0.0335759,0.033545,0.0335133,0.0334804,0.0334466,0
0.0335231,0.0335571,0.03359,0.0336219,0.0336528,0.0336826,0.0337113,0.0337389,0.0337655,0.0337909,0.0338153,0.0338386,0.0338608,0.033882,0.033902,0.0339209,0.0339387,0.0339555,0.0339711,0.0339856,0.033999,0.0340113,0.0340225,0.0340325,0.0340415,0.0340493,0.0340561,0.0340616,0.0340661,0.0340695,0.0340717,0.0340729,0.0340728,0.0340717,0.0340695,0.0340661,0.0340617,0.0340559,0.0340493,0.0340415,0.0340325,0.0340226,0.0340112,0.0339991,0.0339855,0.0339711,0.0339555,0.0339388,0.0339209,0.0339019,0.0338819,0.0338608,0.0338387,0.0338153,0.0337909,0.0337654,0.0337389,0.0337113,0.0336825,0.033653,0.0336218,0.0335901,0.0335569,0.0335231,0
0.0335997,0.0336338,0.0336668,0.0336988,0.0337297,0.0337595,0.0337883,0.033816,0.0338426,0.0338682,0.0338926,0.033916,0.0339382,0.0339594,0.0339795,0.0339984,0.0340163,0.0340331,0.0340487,0.0340633,0.0340767,0.034089,0.0341002,0.0341103,0.0341193,0.0341271,0.0341339,0.0341395,0.034144,0.0341473,0.0341496,0.0341506,0.0341507,0.0341496,0.0341474,0.0341439,0.0341395,0.0341339,0.034127,0.0341194,0.0341103,0.0341003,0.034089,0.0340767,0.0340633,0.0340487,0.0340329,0.0340164,0.0339985,0.0339794,0.0339594,0.0339383,0.0339159,0.0338926,0.0338682,0.0338426,0.0338161,0.0337883,0.0337595,0.0337298,0.0336988,0.0336668,0.0336337,0.0335999,0
0.0336763,0.0337105,0.0337436,0.0337756,0.0338066,0.0338365,0.0338654,0.0338931,0.0339198,0.0339454,0.0339699,0.0339933,0.0340156,0.0340368,0.034057,0.034076,0.0340939,0.0341107,0.0341264,0.0341409,0.0341544,0.0341668,0.034178,0.0341881,0.0341971,0.034205,0.0342117,0.0342174,0.0342218,0.0342252,0.0342275,0.0342287,0.0342286,0.0342275,0.0342252,0.0342218,0.0342174,0.0342118,0.034205,0.0341971,0.0341882,0.0341779,0.0341668,0.0341544,0.0341409,0.0341263,0.0341108,0.0340939,0.034076,0.0340569,0.0340369,0.0340157,0.0339932,0.03397,0.0339453,0.0339198,0.0338932,0.0338653,0.0338365,0.0338066,0.0337758,0.0337436,0.0337105,0.0336764,0
0.033753,0.0337872,0.0338204,0.0338525,0.0338836,0.0339135,0.0339424,0.0339703,0.033997,0.0340227,0.0340472,0.0340706,0.0340931,0.0341143,0.0341345,0.0341535,0.0341715,0.0341883,0.034204,0.0342187,0.0342321,0.0342445,0.0342557,0.0342659,0.0342749,0.0342828,0.0342895,0.0342952,0.0342997,0.0343031,0.0343053,0.0343065,0.0343065,0.0343052,0.0343032,0.0342996,0.0342952,0.0342896,0.0342828,0.0342749,0.0342659,0.0342557,0.0342447,0.034232,0.0342187,0.034204,0.0341883,0.0341715,0.0341535,0.0341345,0.0341142,0.0340931,0.0340706,0.0340471,0.0340227,0.0339969,0.0339704,0.0339423,0.0339135,0.0338836,0.0338526,0.0338204,0.0337873,0.0337529,0
0.0338296,0.0338639,0.0338972,0.0339294,0.0339605,0.0339905,0.0340195,0.0340474,0.0340742,0.0340999,0.0341245,0.034148,0.0341704,0.0341917,0.034212,0.034231,0.0342491,0.0342659,0.0342817,0.0342963,0.0343099,0.0343223,0.0343335,0.0343437,0.0343527,0.0343606,0.0343674,0.0343731,0.0343776,0.034381,0.0343832,0.0343844,0.0343844,0.0343833,0.0343809,0.0343776,0.034373,0.0343674,0.0343606,0.0343527,0.0343437,0.0343336,0.0343221,0.0343099,0.0342964,0.0342816,0.0342659,0.0342491,0.0342311,0.034212,0.0341916,0.0341705,0.034148,0.0341245,0.0340999,0.0340742,0.0340474,0.0340194,0.0339907,0.0339603,0.0339293,0.0338972,0.033864,0.0338295,0
0.0339062,0.0339406,0.0339739,0.0340062,0.0340374,0.0340675,0.0340966,0.0341245,0.0341513,0.0341771,0.0342018,0.0342253,0.0342478,0.0342692,0.0342894,0.0343086,0.0343266,0.0343435,0.0343593,0.034374,0.0343876,0.0344,0.0344113,0.0344214,0.0344306,0.0344384,0.0344453,0.0344509,0.0344554,0.0344588,0.0344611,0.0344623,0.0344622,0.034461,0.0344589,0.0344554,0.0344509,0.0344453,0.0344386,0.0344304,0.0344216,0.0344113,0.0344,0.0343875,0.034374,0.0343593,0.0343436,0.0343266,0.0343087,0.0342894,0.0342692,0.0342478,0.0342255,0.0342017,0.0341772,0.0341512,0.0341246,0.0340966,0.0340675,0.0340374,0.0340061,0.0339739,0.0339408,0.0339062,0
0.0339828,0.0340173,0.0340507,0.0340831,0.0341143,0.0341445,0.0341736,0.0342016,0.0342285,0.0342543,0.0342791,0.0343027,0.0343252,0.0343466,0.0343669,0.0343862,0.0344042,0.0344211,0.034437,0.0344517,0.0344653,0.0344777,0.034489,0.0344993,0.0345083,0.0345163,0.0345231,0.0345287,0.0345333,0.0345367,0.0345391,0.0345401,0.0345401,0.034539,0.0345367,0.0345334,0.0345287,0.0345231,0.0345163,0.0345083,0.0344992,0.0344892,0.0344777,0.0344653,0.0344516,0.0344371,0.0344211,0.0344042,0.0343862,0.034367,0.0343466,0.0343252,0.0343027,0.0342791,0.0342543,0.0342286,0.0342016,0.0341736,0.0341445,0.0341144,0.0340829,0.0340507,0.0340173,0.033983,0
0.0340595,0.034094,0.0341275,0.0341599,0.0341913,0.0342215,0.0342507,0.0342788,0.0343057,0.0343316,0.0343564,0.03438,0.0344026,0.0344241,0.0344445,0.0344636,0.0344818,0.0344988,0.0345147,0.0345293,0.034543,0.0345555,0.0345668,0.0345771,0.0345862,0.0345941,0.0346009,0.0346066,0.0346112,0.0346146,0.0346168,0.034618,0.034618,0.0346169,0.0346146,0.0346112,0.0346066,0.034601,0.0345942,0.0345861,0.0345771,0.0345668,0.0345554,0.034543,0.0345294,0.0345145,0.0344988,0.0344818,0.0344636,0.0344445,0.0344241,0.0344026,0.0343801,0.0343564,0.0343316,0.0343057,0.0342788,0.0342506,0.0342215,0.0341914,0.0341599,0.0341275,0.0340941,0.0340593,0
0.0341361,0.0341707,0.0342043,0.0342368,0.0342682,0.0342985,0.0343277,0.0343559,0.0343829,0.0344088,0.0344337,0.0344574,0.03448,0.0345015,0.0345219,0.0345412,0.0345594,0.0345764,0.0345923,0.0346071,0.0346207,0.0346332,0.0346446,0.0346549,0.034664,0.034672,0.0346788,0.0346845,0.034689,0.0346925,0.0346947,0.034696,0.0346959,0.0346948,0.0346925,0.0346889,0.0346845,0.0346788,0.0346719,0.0346639,0.034655,0.0346446,0.0346332,0.0346208,0.0346071,0.0345922,0.0345764,0.0345595,0.0345411,0.0345219,0.0345014,0.0344801,0.0344573,0.0344337,0.0344088,0.0343829,0.0343559,0.0343276,0.0342987,0.0342681,0.0342367,0.0342042,0.0341709,0.0341361,0
0.0342127,0.0342474,0.0342811,0.0343136,0.0343451,0.0343755,0.0344048,0.034433,0.0344601,0.0344861,0.034511,0.0345348,0.0345574,0.0345789,0.0345995,0.0346187,0.0346369,0.034654,0.0346699,0.0346848,0.0346984,0.034711,0.0347224,0.0347326,0.0347418,0.0347498,0.0347566,0.0347624,0.0347669,0.0347703,0.0347728,0.0347738,0.0347737,0.0347726,0.0347704,0.0347669,0.0347624,0.0347565,0.0347499,0.0347418,0.0347327,0.0347223,0.034711,0.0346984,0.0346848,0.0346699,0.034654,0.034637,0.0346186,0.0345995,0.0345789,0.0345575,0.0345347,0.034511,0.0344861,0.0344601,0.034433,0.0344049,0.0343754,0.0343451,0.0343137,0.034281,0.0342474,0.0342126,0
0.0342894,0.0343241,0.0343578,0.0343905,0.034422,0.0344525,0.0344818,0.0345101,0.0345373,0.0345633,0.0345882,0.0346121,0.0346348,0.0346564,0.0346769,0.0346963,0.0347145,0.0347316,0.0347476,0.0347624,0.0347761,0.0347887,0.0348002,0.0348104,0.0348196,0.0348276,0.0348345,0.0348402,0.0348448,0.0348482,0.0348505,0.0348517,0.0348517,0.0348506,0.0348481,0.0348449,0.0348402,0.0348345,0.0348276,0.0348196,0.0348104,0.0348002,0.0347886,0.0347761,0.0347625,0.0347476,0.0347316,0.0347146,0.0346961,0.0346769,0.0346565,0.0346348,0.0346121,0.0345883,0.0345633,0.0345372,0.0345101,0.0344818,0.0344527,0.0344219,0.0343904,0.0343578,0.0343242,0.0342894,0
0.034366,0.0344008,0.0344346,0.0344673,0.0344989,0.0345295,0.0345589,0.0345872,0.0346144,0.0346406,0.0346656,0.0346895,0.0347122,0.0347339,0.0347544,0.0347738,0.0347921,0.0348092,0.0348253,0.0348401,0.0348539,0.0348665,0.0348779,0.0348883,0.0348974,0.0349054,0.0349123,0.0349181,0.0349227,0.0349261,0.0349284,0.0349294,0.0349296,0.0349284,0.0349261,0.0349227,0.034918,0.0349125,0.0349054,0.0348973,0.0348883,0.0348779,0.0348665,0.0348539,0.0348401,0.0348252,0.0348092,0.0347921,0.0347737,0.0347544,0.034734,0.0347122,0.0346894,0.0346656,0.0346406,0.0346144,0.0345873,0.0345589,0.0345294,0.0344989,0.0344672,0.0344348,0.0344007,0.0343661,0
0.0344426,0.0344776,0.0345114,0.0345442,0.0345759,0.0346065,0.034636,0.0346643,0.0346916,0.0347178,0.0347429,0.0347668,0.0347896,0.0348113,0.0348319,0.0348514,0.0348697,0.0348868,0.0349029,0.0349178,0.0349316,0.0349442,0.0349557,0.0349661,0.0349752,0.0349833,0.0349902,0.0349959,0.0350005,0.035004,0.0350063,0.0350075,0.0350074,0.0350063,0.035004,0.0350004,0.034996,0.0349901,0.0349834,0.0349752,0.0349661,0.0349556,0.0349443,0.0349314,0.0349178,0.0349029,0.0348868,0.0348697,0.0348513,0.034832,0.0348113,0.0347896,0.0347668,0.034743,0.0347178,0.0346916,0.0346643,0.0346361,0.0346062,0.0345759,0.0345442,0.0345113,0.0344777,0.0344427,0
0.0345192,0.0345543,0.0345882,0.0346211,0.0346528,0.0346835,0.034713,0.0347415,0.0347688,0.034795,0.0348201,0.0348442,0.034867,0.0348888,0.0349094,0.0349289,0.0349473,0.0349644,0.0349805,0.0349955,0.0350093,0.035022,0.0350335,0.0350438,0.035053,0.0350611,0.035068,0.0350738,0.0350784,0.0350819,0.0350841,0.0350854,0.0350853,0.035084,0.035082,0.0350784,0.0350738,0.035068,0.035061,0.0350531,0.0350438,0.0350333,0.035022,0.0350093,0.0349956,0.0349805,0.0349644,0.0349473,0.0349288,0.0349095,0.0348886,0.0348672,0.034844,0.0348202,0.034795,0.0347688,0.0347415,0.0347129,0.0346835,0.0346529,0.034621,0.0345881,0.0345542,0.0345192,0
0.0345959,0.034631,0.034665,0.0346979,0.0347297,0.0347604,0.0347901,0.0348186,0.034846,0.0348723,0.0348974,0.0349215,0.0349444,0.0349662,0.0349869,0.0350064,0.0350248,0.035042,0.0350582,0.0350732,0.035087,0.0350997,0.0351112,0.0351216,0.0351309,0.035139,0.0351459,0.0351516,0.0351563,0.0351598,0.035162,0.0351632,0.0351632,0.0351621,0.0351597,0.0351564,0.0351516,0.0351459,0.0351388,0.035131,0.0351216,0.0351112,0.0350997,0.035087,0.0350732,0.0350583,0.035042,0.0350249,0.0350063,0.034987,0.0349662,0.0349444,0.0349215,0.0348974,0.0348723,0.0348459,0.0348186,0.03479,0.0347605,0.0347297,0.0346978,0.0346651,0.034631,0.0345957,0
0.0346725,0.0347077,0.0347418,0.0347748,0.0348067,0.0348374,0.0348671,0.0348957,0.0349232,0.0349495,0.0349748,0.0349988,0.0350218,0.0350437,0.0350644,0.035084,0.0351024,0.0351197,0.0351358,0.0351509,0.0351647,0.0351775,0.035189,0.0351994,0.0352087,0.0352167,0.0352237,0.0352295,0.0352342,0.0352377,0.0352398,0.0352411,0.0352411,0.0352399,0.0352376,0.0352342,0.0352296,0.0352236,0.0352168,0.0352086,0.0351994,0.035189,0.0351775,0.0351647,0.0351509,0.0351359,0.0351197,0.0351024,0.035084,0.0350643,0.0350437,0.0350218,0.0349989,0.0349747,0.0349497,0.0349231,0.0348958,0.0348672,0.0348372,0.0348067,0.0347748,0.0347419,0.0347075,0.0346725,0
0.0347491,0.0347844,0.0348185,0.0348516,0.0348836,0.0349144,0.0349442,0.0349728,0.0350004,0.0350268,0.0350521,0.0350762,0.0350992,0.0351211,0.0351419,0.0351615,0.03518,0.0351973,0.0352135,0.0352286,0.0352424,0.0352551,0.0352668,0.0352772,0.0352865,0.0352946,0.0353016,0.0353073,0.0353121,0.0353155,0.0353178,0.035319,0.035319,0.0353179,0.0353155,0.0353119,0.0353073,0.0353017,0.0352945,0.0352865,0.0352771,0.0352669,0.0352551,0.0352426,0.0352285,0.0352135,0.0351973,0.03518,0.0351615,0.0351419,0.0351211,0.0350993,0.0350761,0.0350521,0.0350269,0.0350002,0.0349729,0.0349441,0.0349145,0.0348837,0.0348516,0.0348184,0.0347846,0.034749,0
0.0348258,0.0348611,0.0348953,0.0349285,0.0349605,0.0349914,0.0350213,0.0350499,0.0350775,0.035104,0.0351294,0.0351535,0.0351766,0.0351986,0.0352194,0.035239,0.0352576,0.0352749,0.0352911,0.0353062,0.0353202,0.0353329,0.0353445,0.035355,0.0353643,0.0353724,0.0353794,0.0353853,0.0353899,0.0353934,0.0353957,0.0353968,0.0353968,0.0353957,0.0353934,0.0353899,0.0353853,0.0353794,0.0353724,0.0353643,0.0353551,0.0353446,0.0353328,0.0353203,0.0353062,0.0352912,0.0352749,0.0352575,0.0352391,0.0352193,0.0351987,0.0351765,0.0351536,0.0351293,0.035104,0.0350776,0.03505,0.0350211,0.0349915,0.0349605,0.0349286,0.0348952,0.0348611,0.0348258,0
0.0349024,0.0349378,0.0349721,0.0350053,0.0350374,0.0350684,0.0350983,0.0351271,0.0351547,0.0351813,0.0352066,0.0352309,0.035254,0.035276,0.0352969,0.0353166,0.0353351,0.0353525,0.0353688,0.0353839,0.0353979,0.0354106,0.0354223,0.0354328,0.0354421,0.0354502,0.0354573,0.0354631,0.0354677,0.0354712,0.0354737,0.0354747,0.0354748,0.0354736,0.0354712,0.0354679,0.0354631,0.0354571,0.0354503,0.0354421,0.0354328,0.0354223,0.0354106,0.0353979,0.0353839,0.0353688,0.0353525,0.0353352,0.0353165,0.0352969,0.0352761,0.0352541,0.0352309,0.0352066,0.0351813,0.0351547,0.035127,0.0350983,0.0350685,0.0350373,0.0350056,0.034972,0.0349379,0.0349023,0
0.034979,0.0350145,0.0350489,0.0350822,0.0351143,0.0351454,0.0351754,0.0352042,0.0352319,0.0352585,0.035284,0.0353082,0.0353314,0.0353535,0.0353744,0.0353941,0.0354127,0.0354302,0.0354465,0.0354616,0.0354756,0.0354884,0.0355001,0.0355106,0.0355199,0.0355281,0.0355351,0.0355409,0.0355456,0.0355492,0.0355514,0.0355526,0.0355527,0.0355513,0.0355493,0.0355456,0.0355409,0.0355351,0.0355282,0.0355198,0.0355107,0.0354999,0.0354885,0.0354756,0.0354617,0.0354464,0.0354302,0.0354127,0.0353941,0.0353744,0.0353535,0.0353314,0.0353082,0.035284,0.0352584,0.0352319,0.0352042,0.0351753,0.0351455,0.0351143,0.0350821,0.035049,0.0350146,0.0349789,0
0.0350556,0.0350912,0.0351257,0.035159,0.0351913,0.0352224,0.0352524,0.0352813,0.0353091,0.0353357,0.0353612,0.0353856,0.0354088,0.0354309,0.0354519,0.0354717,0.0354903,0.0355078,0.0355241,0.0355393,0.0355533,0.0355662,0.0355778,0.0355884,0.0355977,0.0356059,0.035613,0.0356188,0.0356235,0.035627,0.0356294,0.0356305,0.0356306,0.0356294,0.035627,0.0356234,0.0356188,0.0356131,0.0356059,0.0355978,0.0355883,0.0355779,0.0355662,0.0355533,0.0355393,0.0355241,0.0355078,0.0354903,0.0354716,0.0354519,0.0354309,0.0354089,0.0353856,0.0353613,0.0353357,0.0353091,0.0352814,0.0352523,0.0352225,0.0351913,0.0351589,0.0351257,0.0350912,0.0350556,0
0.0351323,0.0351679,0.0352025,0.0352359,0.0352682,0.0352994,0.0353295,0.0353584,0.0353863,0.035413,0.0354385,0.0354629,0.0354863,0.0355084,0.0355294,0.0355492,0.0355679,0.0355854,0.0356018,0.035617,0.035631,0.0356439,0.0356556,0.0356662,0.0356755,0.0356838,0.0356908,0.0356967,0.0357015,0.0357049,0.0357072,0.0357083,0.0357084,0.0357074,0.0357049,0.0357013,0.0356967,0.0356908,0.0356839,0.0356754,0.0356662,0.0356556,0.0356439,0.0356311,0.035617,0.0356017,0.0355854,0.0355679,0.0355492,0.0355294,0.0355084,0.0354862,0.035463,0.0354385,0.0354129,0.0353863,0.0353585,0.0353293,0.0352995,0.0352681,0.0352359,0.0352025,0.0351679,0.0351322,0
0.0352089,0.0352446,0.0352792,0.0353128,0.0353451,0.0353764,0.0354065,0.0354356,0.0354635,0.0354902,0.0355158,0.0355403,0.0355636,0.0355858,0.0356069,0.0356267,0.0356455,0.035663,0.0356794,0.0356947,0.0357087,0.0357217,0.0357334,0.035744,0.0357534,0.0357616,0.0357687,0.0357745,0.0357792,0.0357828,0.0357851,0.0357864,0.0357863,0.0357851,0.0357828,0.0357792,0.0357746,0.0357686,0.0357616,0.0357534,0.035744,0.0357335,0.0357215,0.0357088,0.0356947,0.0356795,0.035663,0.0356455,0.0356266,0.0356069,0.0355859,0.0355636,0.0355402,0.0355159,0.0354903,0.0354633,0.0354356,0.0354066,0.0353765,0.0353451,0.0353127,0.0352793,0.0352447,0.0352089,0
0.0352855,0.0353213,0.035356,0.0353896,0.0354221,0.0354534,0.0354836,0.0355127,0.0355406,0.0355675,0.0355931,0.0356177,0.035641,0.0356633,0.0356843,0.0357043,0.035723,0.0357407,0.0357571,0.0357724,0.0357864,0.0357994,0.0358112,0.0358217,0.0358312,0.0358394,0.0358465,0.0358524,0.0358571,0.0358605,0.035863,0.0358642,0.0358641,0.035863,0.0358607,0.0358572,0.0358523,0.0358466,0.0358393,0.0358312,0.0358218,0.0358112,0.0357994,0.0357865,0.0357723,0.0357571,0.0357406,0.0357231,0.0357043,0.0356843,0.0356632,0.0356411,0.0356176,0.0355933,0.0355674,0.0355407,0.0355126,0.0354836,0.0354536,0.0354221,0.0353897,0.0353558,0.0353215,0.0352855,0
0.0353622,0.035398,0.0354328,0.0354665,0.035499,0.0355304,0.0355607,0.0355898,0.0356178,0.0356447,0.0356704,0.035695,0.0357184,0.0357407,0.0357618,0.0357818,0.0358006,0.0358183,0.0358347,0.03585,0.0358642,0.0358772,0.0358889,0.0358996,0.035909,0.0359173,0.0359243,0.0359303,0.035935,0.0359385,0.035941,0.035942,0.0359421,0.0359409,0.0359385,0.035935,0.0359303,0.0359243,0.0359173,0.0359091,0.0358995,0.0358889,0.0358772,0.0358641,0.03585,0.0358347,0.0358183,0.0358006,0.0357819,0.0357618,0.0357407,0.0357184,0.0356951,0.0356704,0.0356447,0.0356179,0.0355897,0.0355606,0.0355306,0.0354989,0.0354667,0.0354328,0.035398,0.035362,0
0.0354388,0.0354747,0.0355096,0.0355433,0.0355759,0.0356074,0.0356377,0.035667,0.035695,0.0357219,0.0357477,0.0357724,0.0357958,0.0358182,0.0358393,0.0358593,0.0358782,0.0358959,0.0359123,0.0359278,0.0359419,0.0359549,0.0359667,0.0359774,0.0359868,0.0359951,0.0360022,0.0360082,0.0360128,0.0360165,0.0360187,0.03602,0.0360199,0.0360187,0.0360165,0.0360129,0.0360081,0.0360022,0.0359951,0.0359868,0.0359774,0.0359668,0.0359548,0.035942,0.0359277,0.0359124,0.0358959,0.0358782,0.0358593,0.0358393,0.0358182,0.0357958,0.0357724,0.0357476,0.035722,0.035695,0.0356669,0.0356379,0.0356073,0.0355759,0.0355434,0.0355096,0.0354745,0.0354388,0
0.0355154,0.0355515,0.0355864,0.0356202,0.0356528,0.0356844,0.0357148,0.0357441,0.0357722,0.0357992,0.035825,0.0358497,0.0358732,0.0358956,0.0359168,0.0359369,0.0359558,0.0359735,0.0359901,0.0360054,0.0360196,0.0360326,0.0360445,0.0360551,0.0360646,0.0360729,0.0360801,0.036086,0.0360907,0.0360943,0.0360966,0.0360979,0.0360978,0.0360967,0.0360943,0.0360907,0.036086,0.0360801,0.036073,0.0360645,0.0360552,0.0360446,0.0360326,0.0360196,0.0360054,0.0359901,0.0359735,0.0359558,0.035937,0.0359167,0.0358957,0.0358733,0.0358497,0.035825,0.0357991,0.0357723,0.035744,0.0357149,0.0356843,0.0356529,0.0356202,0.0355864,0.0355515,0.0355153,0
0.0355921,0.0356282,0.0356632,0.035697,0.0357298,0.0357614,0.0357919,0.0358212,0.0358494,0.0358765,0.0359023,0.0359271,0.0359506,0.0359731,0.0359944,0.0360144,0.0360333,0.0360512,0.0360677,0.0360831,0.0360973,0.0361104,0.0361223,0.0361329,0.0361425,0.0361508,0.0361579,0.0361639,0.0361686,0.0361722,0.0361745,0.0361757,0.0361758,0.0361745,0.0361722,0.0361686,0.0361638,0.036158,0.0361507,0.0361425,0.0361329,0.0361222,0.0361104,0.0360974,0.0360831,0.0360677,0.0360512,0.0360334,0.0360143,0.0359943,0.0359732,0.0359507,0.0359271,0.0359024,0.0358764,0.0358493,0.0358212,0.0357919,0.0357614,0.0357299,0.035697,0.0356631,0.0356283,0.0355918,0
0.0356687,0.0357049,0.0357399,0.0357739,0.0358067,0.0358384,0.0358689,0.0358983,0.0359266,0.0359537,0.0359796,0.0360045,0.0360281,0.0360505,0.0360718,0.036092,0.0361109,0.0361287,0.0361454,0.0361608,0.036175,0.0361881,0.0362,0.0362108,0.0362203,0.0362286,0.0362357,0.0362417,0.0362464,0.0362501,0.0362524,0.0362536,0.0362537,0.0362525,0.0362501,0.0362463,0.0362418,0.0362358,0.0362285,0.0362203,0.0362107,0.0362,0.0361882,0.036175,0.0361607,0.0361454,0.0361286,0.0361111,0.0360918,0.0360719,0.0360506,0.036028,0.0360044,0.0359796,0.0359538,0.0359266,0.0358982,0.0358689,0.0358384,0.0358069,0.0357738,0.0357399,0.0357049,0.0356688,0
0.0357453,0.0357816,0.0358167,0.0358508,0.0358836,0.0359154,0.035946,0.0359755,0.0360038,0.0360309,0.0360569,0.0360818,0.0361055,0.036128,0.0361493,0.0361695,0.0361885,0.0362064,0.036223,0.0362385,0.0362527,0.0362659,0.0362778,0.0362886,0.0362981,0.0363064,0.0363136,0.0363196,0.0363244,0.0363278,0.0363305,0.0363314,0.0363315,0.0363303,0.0363278,0.0363244,0.0363196,0.0363137,0.0363064,0.0362982,0.0362885,0.0362778,0.0362659,0.0362529,0.0362384,0.0362231,0.0362062,0.0361886,0.0361695,0.0361493,0.036128,0.0361055,0.0360817,0.036057,0.0360309,0.0360037,0.0359755,0.0359461,0.0359151,0.0358839,0.0358505,0.0358169,0.0357814,0.0357454,0
0.035822,0.0358583,0.0358935,0.0359276,0.0359606,0.0359924,0.036023,0.0360526,0.0360809,0.0361082,0.0361342,0.0361591,0.0361829,0.0362054,0.0362268,0.0362471,0.0362661,0.036284,0.0363007,0.0363162,0.0363305,0.0363436,0.0363556,0.0363663,0.0363759,0.0363843,0.0363914,0.0363974,0.0364022,0.0364058,0.0364082,0.0364095,0.0364094,0.0364082,0.0364058,0.0364022,0.0363975,0.0363914,0.0363843,0.0363759,0.0363663,0.0363555,0.0363438,0.0363305,0.036316,0.0363008,0.036284,0.0362661,0.036247,0.0362269,0.0362054,0.0361829,0.0361592,0.0361341,0.0361083,0.036081,0.0360525,0.0360231,0.0359924,0.0359604,0.0359278,0.0358934,0.0358584,0.0358219,0
0.0358986,0.035935,0.0359703,0.0360045,0.0360375,0.0360694,0.0361001,0.0361297,0.0361581,0.0361854,0.0362116,0.0362365,0.0362603,0.0362829,0.0363044,0.0363246,0.0363437,0.0363616,0.0363783,0.0363938,0.0364082,0.0364214,0.0364333,0.0364441,0.0364537,0.0364621,0.0364693,0.0364754,0.0364801,0.0364836,0.0364861,0.0364873,0.0364872,0.036486,0.0364836,0.0364802,0.0364753,0.0364692,0.0364622,0.0364536,0.0364443,0.0364332,0.0364214,0.0364082,0.0363939,0.0363784,0.0363616,0.0363437,0.0363246,0.0363042,0.0362829,0.0362604,0.0362365,0.0362115,0.0361854,0.036158,0.0361297,0.0361001,0.0360694,0.0360374,0.0360045,0.0359702,0.0359352,0.0358984,0
0.0359752,0.0360117,0.0360471,0.0360813,0.0361144,0.0361464,0.0361772,0.0362068,0.0362353,0.0362627,0.0362888,0.0363138,0.0363377,0.0363603,0.0363818,0.0364022,0.0364212,0.0364392,0.036456,0.0364715,0.0364859,0.0364991,0.0365111,0.0365219,0.0365315,0.03654,0.0365471,0.0365532,0.0365579,0.0365616,0.036564,0.0365652,0.0365652,0.036564,0.0365615,0.036558,0.0365531,0.0365472,0.0365398,0.0365317,0.0365219,0.0365111,0.0364991,0.0364859,0.0364715,0.036456,0.0364393,0.0364213,0.0364021,0.0363818,0.0363603,0.0363377,0.0363138,0.0362889,0.0362626,0.0362353,0.0362067,0.0361774,0.0361464,0.0361142,0.0360813,0.0360472,0.0360117,0.0359752,0
0.0360518,0.0360884,0.0361239,0.0361582,0.0361913,0.0362234,0.0362542,0.0362839,0.0363125,0.0363399,0.0363661,0.0363912,0.0364151,0.0364378,0.0364593,0.0364797,0.0364988,0.0365168,0.0365337,0.0365492,0.0365636,0.0365769,0.0365888,0.0365998,0.0366094,0.0366178,0.036625,0.036631,0.0366359,0.0366395,0.0366418,0.036643,0.0366431,0.0366418,0.0366395,0.0366359,0.036631,0.036625,0.0366178,0.0366093,0.0365998,0.0365889,0.0365769,0.0365636,0.0365492,0.0365336,0.0365169,0.0364988,0.0364797,0.0364593,0.0364379,0.0364151,0.0363911,0.0363661,0.0363399,0.0363126,0.036284,0.0362542,0.0362234,0.0361912,0.0361583,0.0361238,0.0360885,0.0360518,0
0.0361285,0.0361651,0.0362007,0.036235,0.0362683,0.0363004,0.0363313,0.0363611,0.0363897,0.0364171,0.0364434,0.0364685,0.0364925,0.0365153,0.0365368,0.0365572,0.0365764,0.0365945,0.0366113,0.0366269,0.0366414,0.0366546,0.0366667,0.0366775,0.0366871,0.0366956,0.0367029,0.0367088,0.0367138,0.0367173,0.0367197,0.036721,0.036721,0.0367197,0.0367173,0.0367137,0.036709,0.0367029,0.0366956,0.0366871,0.0366776,0.0366665,0.0366547,0.0366414,0.0366269,0.0366113,0.0365944,0.0365765,0.0365572,0.0365368,0.0365152,0.0364925,0.0364686,0.0364434,0.0364171,0.0363896,0.0363612,0.0363312,0.0363004,0.0362682,0.0362351,0.0362008,0.036165,0.0361285,0
0.0362051,0.0362418,0.0362774,0.0363119,0.0363452,0.0363774,0.0364084,0.0364382,0.0364669,0.0364944,0.0365207,0.0365459,0.0365699,0.0365927,0.0366143,0.0366348,0.036654,0.0366721,0.036689,0.0367046,0.0367191,0.0367324,0.0367445,0.0367553,0.036765,0.0367734,0.0367807,0.0367868,0.0367916,0.0367953,0.0367975,0.0367988,0.036799,0.0367975,0.0367953,0.0367916,0.0367868,0.0367807,0.0367734,0.036765,0.0367553,0.0367445,0.0367323,0.0367191,0.0367045,0.036689,0.0366721,0.036654,0.0366347,0.0366144,0.0365927,0.0365697,0.036546,0.0365207,0.0364944,0.0364668,0.0364382,0.0364084,0.0363772,0.0363452,0.0363119,0.0362775,0.0362418,0.0362051,0
0.0362817,0.0363186,0.0363542,0.0363888,0.0364221,0.0364543,0.0364854,0.0365153,0.0365441,0.0365716,0.036598,0.0366232,0.0366473,0.0366701,0.0366918,0.0367123,0.0367316,0.0367497,0.0367666,0.0367823,0.0367968,0.0368102,0.0368222,0.0368331,0.0368428,0.0368513,0.0368586,0.0368646,0.0368695,0.036873,0.0368756,0.0368767,0.0368767,0.0368756,0.0368731,0.0368694,0.0368646,0.0368586,0.0368512,0.0368428,0.0368333,0.0368222,0.03681,0.0367968,0.0367823,0.0367666,0.0367497,0.0367316,0.0367123,0.0366918,0.0366702,0.0366473,0.0366231,0.0365981,0.0365716,0.0365441,0.0365152,0.0364854,0.0364544,0.036422,0.0363889,0.0363541,0.0363188,0.0362816,0
0.0363584,0.0363953,0.036431,0.0364656,0.0364991,0.0365313,0.0365625,0.0365925,0.0366212,0.0366489,0.0366753,0.0367006,0.0367247,0.0367476,0.0367693,0.0367898,0.0368092,0.0368273,0.0368443,0.03686,0.0368745,0.0368879,0.0369,0.0369109,0.0369206,0.0369291,0.0369364,0.0369424,0.0369474,0.0369509,0.0369534,0.0369546,0.0369546,0.0369533,0.0369511,0.0369473,0.0369425,0.0369364,0.0369291,0.0369207,0.0369109,0.0368999,0.0368879,0.0368745,0.03686,0.0368443,0.0368273,0.0368091,0.0367899,0.0367694,0.0367476,0.0367247,0.0367006,0.0366753,0.0366489,0.0366211,0.0365927,0.0365624,0.0365312,0.036499,0.0364656,0.0364311,0.0363951,0.0363586,0
0.036435,0.036472,0.0365078,0.0365425,0.036576,0.0366083,0.0366396,0.0366696,0.0366984,0.0367261,0.0367526,0.0367779,0.0368021,0.036825,0.0368469,0.0368674,0.0368868,0.0369049,0.0369219,0.0369377,0.0369523,0.0369656,0.0369778,0.0369887,0.0369985,0.0370069,0.0370142,0.0370204,0.0370252,0.0370288,0.0370313,0.0370325,0.0370325,0.0370313,0.0370289,0.0370252,0.0370203,0.0370142,0.037007,0.0369984,0.0369887,0.0369778,0.0369656,0.0369523,0.0369377,0.0369219,0.0369049,0.0368868,0.0368674,0.0368469,0.0368249,0.0368021,0.0367781,0.0367526,0.0367261,0.0366986,0.0366695,0.0366395,0.0366085,0.0365758,0.0365427,0.0365078,0.0364718,0.0364349,0
0.0365116,0.0365487,0.0365846,0.0366193,0.0366529,0.0366853,0.0367166,0.0367467,0.0367756,0.0368034,0.0368299,0.0368553,0.0368795,0.0369025,0.0369243,0.0369449,0.0369644,0.0369825,0.0369996,0.0370154,0.03703,0.0370433,0.0370556,0.0370665,0.0370762,0.0370848,0.0370921,0.0370982,0.0371032,0.0371066,0.0371093,0.0371103,0.0371104,0.0371091,0.0371068,0.0371031,0.0370983,0.0370921,0.0370847,0.0370762,0.0370666,0.0370555,0.0370433,0.03703,0.0370154,0.0369995,0.0369827,0.0369643,0.036945,0.0369242,0.0369025,0.0368795,0.0368552,0.0368299,0.0368034,0.0367756,0.0367467,0.0367167,0.0366852,0.0366528,0.0366194,0.0365846,0.0365486,0.0365117,0
0.0365883,0.0366254,0.0366614,0.0366962,0.0367298,0.0367623,0.0367937,0.0368238,0.0368528,0.0368806,0.0369072,0.0369327,0.0369569,0.0369799,0.0370018,0.0370225,0.037042,0.0370601,0.0370772,0.037093,0.0371077,0.0371211,0.0371333,0.0371443,0.037154,0.0371627,0.0371699,0.037176,0.037181,0.0371846,0.037187,0.0371883,0.0371883,0.0371871,0.0371847,0.0371809,0.037176,0.0371701,0.0371625,0.0371541,0.0371443,0.0371333,0.0371211,0.0371077,0.037093,0.0370773,0.0370601,0.0370419,0.0370225,0.0370017,0.03698,0.0369569,0.0369327,0.0369072,0.0368806,0.0368528,0.0368237,0.0367937,0.0367622,0.0367301,0.036696,0.0366614,0.0366254,0.0365884,0
0.0366649,0.0367021,0.0367381,0.036773,0.0368068,0.0368393,0.0368707,0.0369009,0.03693,0.0369579,0.0369845,0.03701,0.0370343,0.0370574,0.0370793,0.0371,0.0371195,0.0371378,0.0371549,0.0371708,0.0371854,0.0371988,0.0372111,0.0372221,0.0372319,0.0372404,0.0372478,0.0372539,0.037259,0.0372624,0.0372649,0.0372661,0.0372663,0.0372649,0.0372624,0.0372589,0.037254,0.0372478,0.0372404,0.0372319,0.0372221,0.0372111,0.0371988,0.0371855,0.0371706,0.0371549,0.0371377,0.0371195,0.0371001,0.0370792,0.0370574,0.0370344,0.0370101,0.0369846,0.0369577,0.0369301,0.036901,0.0368705,0.0368395,0.0368068,0.036773,0.0367382,0.0367022,0.0366647,0
0.0367415,0.0367788,0.0368149,0.0368499,0.0368837,0.0369163,0.0369478,0.0369781,0.0370072,0.0370351,0.0370618,0.0370874,0.0371117,0.0371349,0.0371568,0.0371776,0.0371971,0.0372154,0.0372325,0.0372485,0.0372631,0.0372766,0.0372888,0.0372999,0.0373096,0.0373183,0.0373257,0.0373317,0.0373367,0.0373404,0.0373428,0.0373441,0.0373441,0.0373429,0.0373403,0.0373367,0.0373317,0.0373257,0.0373183,0.0373096,0.0372999,0.0372889,0.0372765,0.0372633,0.0372484,0.0372325,0.0372155,0.0371971,0.0371774,0.0371568,0.0371349,0.0371118,0.0370873,0.0370619,0.037035,0.0370071,0.0369782,0.0369477,0.0369163,0.0368838,0.0368497,0.0368152,0.0367787,0.0367415,0
0.0368182,0.0368555,0.0368917,0.0369268,0.0369606,0.0369933,0.0370249,0.0370552,0.0370843,0.0371124,0.0371391,0.0371647,0.0371891,0.0372123,0.0372343,0.0372551,0.0372747,0.037293,0.0373102,0.0373261,0.0373409,0.0373544,0.0373666,0.0373777,0.0373875,0.0373961,0.0374035,0.0374095,0.0374147,0.0374182,0.0374207,0.0374219,0.0374219,0.0374207,0.0374182,0.0374146,0.0374097,0.0374035,0.0373962,0.0373875,0.0373776,0.0373667,0.0373544,0.0373409,0.0373261,0.0373101,0.0372931,0.0372747,0.037255,0.0372343,0.0372123,0.0371891,0.0371648,0.0371392,0.0371122,0.0370843,0.0370553,0.0370247,0.0369935,0.0369606,0.0369267,0.0368917,0.0368555,0.0368183,0
0.0368948,0.0369322,0.0369685,0.0370036,0.0370376,0.0370703,0.0371019,0.0371323,0.0371615,0.0371896,0.0372164,0.0372421,0.0372665,0.0372898,0.0373118,0.0373327,0.0373523,0.0373707,0.0373878,0.0374038,0.0374185,0.0374321,0.0374444,0.0374554,0.0374653,0.037474,0.0374814,0.0374875,0.0374924,0.0374962,0.0374986,0.0374999,0.0374998,0.0374986,0.0374962,0.0374924,0.0374875,0.0374813,0.037474,0.0374653,0.0374554,0.0374445,0.0374321,0.0374186,0.0374038,0.0373877,0.0373708,0.0373521,0.0373328,0.0373118,0.0372897,0.0372666,0.0372419,0.0372165,0.0371895,0.0371616,0.0371323,0.037102,0.0370703,0.0370376,0.0370035,0.0369685,0.0369325,0.0368948,0
0.0369714,0.0370089,0.0370453,0.0370805,0.0371145,0.0371473,0.037179,0.0372095,0.0372387,0.0372668,0.0372937,0.0373194,0.0373439,0.0373672,0.0373893,0.0374101,0.0374299,0.0374483,0.0374655,0.0374815,0.0374963,0.0375099,0.0375221,0.0375333,0.0375432,0.0375518,0.0375592,0.0375655,0.0375702,0.0375741,0.0375764,0.0375779,0.0375776,0.0375766,0.0375739,0.0375704,0.0375654,0.0375593,0.0375518,0.0375432,0.0375332,0.0375222,0.0375099,0.0374963,0.0374815,0.0374655,0.0374483,0.0374298,0.0374103,0.0373893,0.0373672,0.0373439,0.0373194,0.0372938,0.0372667,0.0372388,0.0372095,0.037179,0.0371473,0.0371144,0.0370805,0.0370452,0.037009,0.0369713,0
0.0370481,0.0370857,0.0371221,0.0371573,0.0371914,0.0372243,0.037256,0.0372865,0.0373159,0.0373441,0.037371,0.0373968,0.0374213,0.0374447,0.0374668,0.0374877,0.0375074,0.0375259,0.0375432,0.0375592,0.037574,0.0375876,0.0375999,0.0376111,0.037621,0.0376297,0.0376371,0.0376432,0.0376482,0.0376519,0.0376544,0.0376556,0.0376556,0.0376544,0.0376519,0.0376482,0.0376433,0.037637,0.0376296,0.037621,0.037611,0.0375999,0.0375876,0.0375741,0.0375593,0.0375431,0.0375259,0.0375074,0.0374877,0.0374669,0.0374446,0.0374213,0.0373967,0.0373712,0.037344,0.0373161,0.0372865,0.037256,0.0372243,0.0371914,0.0371573,0.037122,0.0370858,0.0370481,0
0.0371247,0.0371624,0.0371989,0.0372342,0.0372683,0.0373013,0.0373331,0.0373637,0.0373931,0.0374213,0.0374483,0.0374741,0.0374987,0.0375221,0.0375443,0.0375652,0.037585,0.0376036,0.0376208,0.0376369,0.0376518,0.0376653,0.0376778,0.0376889,0.0376988,0.0377074,0.0377148,0.0377212,0.037726,0.0377299,0.0377322,0.0377336,0.0377334,0.0377324,0.0377296,0.0377262,0.037721,0.037715,0.0377074,0.0376989,0.0376887,0.0376779,0.0376652,0.0376518,0.037637,0.0376208,0.0376035,0.037585,0.0375652,0.0375444,0.0375221,0.0374987,0.037474,0.0374484,0.0374212,0.0373931,0.0373638,0.037333,0.0373013,0.0372684,0.0372343,0.0371988,0.0371623,0.0371249,0
0.0372013,0.0372391,0.0372756,0.037311,0.0373453,0.0373783,0.0374102,0.0374408,0.0374703,0.0374986,0.0375256,0.0375515,0.0375761,0.0375996,0.0376218,0.0376428,0.0376626,0.0376811,0.0376985,0.0377145,0.0377294,0.0377431,0.0377555,0.0377667,0.0377766,0.0377853,0.0377927,0.037799,0.0378039,0.0378077,0.0378102,0.0378114,0.0378114,0.0378101,0.0378077,0.0378039,0.037799,0.0377927,0.0377853,0.0377766,0.0377667,0.0377556,0.0377431,0.0377294,0.0377146,0.0376985,0.0376811,0.0376625,0.0376428,0.0376219,0.0375996,0.0375761,0.0375515,0.0375255,0.0374987,0.0374703,0.0374408,0.03741,0.0373783,0.0373454,0.0373111,0.0372756,0.0372391,0.0372014,0
0.0372808,0.0373186,0.0373553,0.0373908,0.0374251,0.0374582,0.0374901,0.0375208,0.0375504,0.0375787,0.0376058,0.0376317,0.0376564,0.0376799,0.0377021,0.0377232,0.037743,0.0377616,0.037779,0.0377951,0.0378101,0.0378237,0.0378361,0.0378473,0.0378574,0.037866,0.0378734,0.0378797,0.0378847,0.0378885,0.0378909,0.0378922,0.0378921,0.0378909,0.0378884,0.0378848,0.0378797,0.0378735,0.037866,0.0378573,0.0378474,0.0378361,0.0378237,0.0378102,0.0377952,0.037779,0.0377616,0.0377431,0.0377232,0.0377022,0.0376799,0.0376564,0.0376318,0.0376058,0.0375786,0.0375504,0.0375206,0.0374901,0.0374582,0.037425,0.0373909,0.0373552,0.0373187,0.0372808,0
0.0373632,0.0374011,0.0374379,0.0374734,0.0375078,0.037541,0.037573,0.0376037,0.0376334,0.0376618,0.0376889,0.0377149,0.0377397,0.0377632,0.0377855,0.0378066,0.0378265,0.0378451,0.0378625,0.0378787,0.0378937,0.0379073,0.0379198,0.037931,0.037941,0.0379497,0.0379573,0.0379634,0.0379685,0.0379722,0.0379746,0.0379759,0.037976,0.0379747,0.0379722,0.0379684,0.0379635,0.0379572,0.0379497,0.037941,0.0379311,0.0379199,0.0379072,0.0378938,0.0378786,0.0378625,0.0378451,0.0378264,0.0378066,0.0377855,0.0377631,0.0377398,0.037715,0.0376887,0.0376618,0.0376334,0.0376039,0.0375729,0.0375409,0.0375078,0.0374734,0.0374379,0.0374012,0.0373631,0
0.0374487,0.0374867,0.0375235,0.0375591,0.0375936,0.0376268,0.0376589,0.0376897,0.0377194,0.0377479,0.0377751,0.0378011,0.0378259,0.0378495,0.037872,0.0378931,0.037913,0.0379316,0.0379491,0.0379653,0.0379803,0.037994,0.0380065,0.0380177,0.0380278,0.0380365,0.038044,0.0380503,0.0380553,0.038059,0.0380615,0.0380628,0.0380628,0.0380615,0.0380591,0.0380552,0.0380503,0.038044,0.0380367,0.0380276,0.0380177,0.0380065,0.037994,0.0379803,0.0379654,0.0379491,0.0379316,0.037913,0.0378932,0.0378718,0.0378497,0.0378259,0.037801,0.0377753,0.0377479,0.0377192,0.0376899,0.0376587,0.037627,0.0375936,0.037559,0.0375235,0.0374866,0.0374486,0
0.0375372,0.0375753,0.0376122,0.0376479,0.0376825,0.0377158,0.0377479,0.0377789,0.0378086,0.0378371,0.0378644,0.0378906,0.0379154,0.0379391,0.0379615,0.0379827,0.0380026,0.0380214,0.0380388,0.0380551,0.0380701,0.0380839,0.0380964,0.0381077,0.0381176,0.0381265,0.038134,0.0381402,0.0381453,0.038149,0.0381516,0.0381528,0.0381528,0.0381515,0.038149,0.0381453,0.0381403,0.038134,0.0381263,0.0381178,0.0381076,0.0380964,0.0380838,0.0380702,0.0380551,0.0380388,0.0380214,0.0380025,0.0379827,0.0379616,0.0379391,0.0379153,0.0378906,0.0378644,0.037837,0.0378087,0.0377789,0.0377481,0.0377157,0.0376825,0.037648,0.0376122,0.0375752,0.0375371,0
0.037629,0.0376672,0.0377042,0.03774,0.0377746,0.037808,0.0378402,0.0378712,0.037901,0.0379296,0.037957,0.0379832,0.0380081,0.0380318,0.0380543,0.0380755,0.0380955,0.0381143,0.0381319,0.0381481,0.0381632,0.038177,0.0381895,0.0382009,0.0382109,0.0382197,0.0382273,0.0382334,0.0382385,0.0382423,0.0382448,0.0382459,0.0382462,0.0382447,0.0382423,0.0382385,0.0382335,0.0382272,0.0382197,0.0382109,0.0382009,0.0381894,0.038177,0.0381632,0.0381482,0.0381318,0.0381143,0.0380956,0.0380754,0.0380543,0.0380317,0.0380082,0.0379832,0.037957,0.0379295,0.0379012,0.0378711,0.0378404,0.0378079,0.0377746,0.03774,0.0377042,0.037667,0.0376291,0
0.037724,0.0377623,0.0377994,0.0378353,0.03787,0.0379035,0.0379358,0.0379669,0.0379968,0.0380255,0.0380529,0.0380791,0.0381041,0.0381279,0.0381504,0.0381717,0.0381918,0.0382106,0.0382282,0.0382445,0.0382596,0.0382735,0.038286,0.0382973,0.0383074,0.0383162,0.0383239,0.03833,0.0383352,0.0383389,0.0383414,0.0383427,0.0383427,0.0383414,0.0383389,0.0383351,0.0383301,0.0383238,0.0383162,0.0383074,0.0382973,0.0382861,0.0382733,0.0382596,0.0382445,0.0382283,0.0382105,0.0381918,0.0381718,0.0381504,0.0381279,0.0381041,0.0380791,0.0380528,0.0380256,0.0379968,0.037967,0.0379357,0.0379035,0.0378699,0.0378354,0.0377994,0.0377622,0.0377243,0
0.0378225,0.0378609,0.037898,0.037934,0.0379688,0.0380024,0.0380348,0.038066,0.038096,0.0381247,0.0381522,0.0381785,0.0382036,0.0382274,0.03825,0.0382714,0.0382915,0.0383103,0.038328,0.0383443,0.0383595,0.0383733,0.0383859,0.0383973,0.0384074,0.0384162,0.0384238,0.0384301,0.0384351,0.038439,0.0384414,0.0384429,0.0384427,0.0384414,0.038439,0.0384352,0.0384301,0.0384238,0.0384161,0.0384074,0.0383973,0.0383859,0.0383734,0.0383594,0.0383444,0.0383278,0.0383104,0.0382915,0.0382713,0.03825,0.0382274,0.0382036,0.0381786,0.0381522,0.0381246,0.038096,0.0380659,0.0380349,0.0380025,0.0379689,0.0379341,0.0378978,0.0378611,0.0378225,0
0.0379244,0.0379629,0.0380002,0.0380363,0.0380712,0.0381048,0.0381373,0.0381686,0.0381986,0.0382274,0.038255,0.0382814,0.0383065,0.0383304,0.0383531,0.0383745,0.0383946,0.0384136,0.0384312,0.0384477,0.0384628,0.0384768,0.0384893,0.0385008,0.0385109,0.0385198,0.0385274,0.0385337,0.0385388,0.0385424,0.0385451,0.0385464,0.0385463,0.038545,0.0385426,0.0385388,0.0385336,0.0385275,0.0385197,0.0385108,0.0385008,0.0384895,0.0384767,0.0384628,0.0384477,0.0384313,0.0384135,0.0383947,0.0383744,0.0383531,0.0383304,0.0383065,0.0382814,0.038255,0.0382276,0.0381985,0.0381687,0.0381374,0.0381048,0.0380712,0.0380363,0.0380001,0.0379629,0.0379245,0
0.0380299,0.0380685,0.0381059,0.0381421,0.0381771,0.0382109,0.0382434,0.0382748,0.0383049,0.0383338,0.0383615,0.0383879,0.0384131,0.0384371,0.0384598,0.0384812,0.0385015,0.0385205,0.0385382,0.0385546,0.0385699,0.0385838,0.0385965,0.0386079,0.038618,0.0386269,0.0386345,0.038641,0.038646,0.0386498,0.0386523,0.0386536,0.0386537,0.0386523,0.0386498,0.038646,0.0386409,0.0386345,0.0386269,0.0386181,0.0386077,0.0385965,0.0385839,0.0385698,0.0385547,0.0385381,0.0385205,0.0385014,0.0384814,0.0384598,0.038437,0.038413,0.038388,0.0383615,0.0383337,0.038305,0.0382748,0.0382433,0.0382109,0.0381773,0.038142,0.038106,0.0380685,0.0380299,0
0.0381391,0.0381778,0.0382153,0.0382516,0.0382867,0.0383206,0.0383532,0.0383846,0.0384149,0.0384438,0.0384716,0.0384981,0.0385234,0.0385474,0.0385702,0.0385917,0.038612,0.038631,0.0386488,0.0386653,0.0386806,0.0386946,0.0387073,0.0387187,0.0387289,0.0387378,0.0387455,0.0387518,0.038757,0.0387607,0.0387633,0.0387646,0.0387646,0.0387634,0.0387607,0.038757,0.0387518,0.0387455,0.0387378,0.0387288,0.0387187,0.0387074,0.0386946,0.0386804,0.0386653,0.038649,0.038631,0.038612,0.0385917,0.0385702,0.0385474,0.0385234,0.0384982,0.0384717,0.0384436,0.038415,0.0383847,0.0383532,0.0383205,0.0382867,0.0382516,0.0382154,0.0381777,0.0381391,0
0.0382521,0.0382909,0.0383285,0.0383649,0.0384001,0.0384341,0.0384668,0.0384983,0.0385286,0.0385577,0.0385855,0.0386121,0.0386375,0.0386616,0.0386844,0.0387061,0.0387263,0.0387455,0.0387632,0.0387799,0.0387951,0.0388091,0.0388219,0.0388334,0.0388436,0.0388526,0.0388602,0.0388666,0.0388716,0.0388756,0.0388781,0.0388794,0.0388794,0.0388781,0.0388755,0.0388718,0.0388665,0.0388602,0.0388527,0.0388435,0.0388334,0.0388218,0.0388093,0.038795,0.0387799,0.0387633,0.0387454,0.0387264,0.0387059,0.0386844,0.0386616,0.0386375,0.0386121,0.0385854,0.0385578,0.0385287,0.0384984,0.0384667,0.038434,0.0384002,0.0383649,0.0383284,0.038291,0.0382521,0
0.0383689,0.0384078,0.0384455,0.038482,0.0385173,0.0385514,0.0385843,0.0386159,0.0386463,0.0386755,0.0387033,0.0387301,0.0387554,0.0387796,0.0388026,0.0388242,0.0388446,0.0388637,0.0388816,0.0388983,0.0389135,0.0389277,0.0389404,0.0389519,0.0389622,0.0389711,0.0389789,0.0389853,0.0389904,0.0389943,0.0389967,0.0389981,0.0389981,0.0389968,0.0389942,0.0389904,0.0389854,0.0389788,0.0389712,0.0389622,0.0389519,0.0389405,0.0389276,0.0389136,0.0388982,0.0388817,0.0388638,0.0388446,0.0388242,0.0388025,0.0387796,0.0387554,0.0387301,0.0387032,0.0386755,0.0386462,0.0386159,0.0385842,0.0385513,0.0385175,0.038482,0.0384455,0.0384078,0.0383689,0
0.0384896,0.0385287,0.0385665,0.0386032,0.0386385,0.0386727,0.0387057,0.0387374,0.0387679,0.0387971,0.0388252,0.0388519,0.0388774,0.0389017,0.0389246,0.0389464,0.0389669,0.038986,0.039004,0.0390207,0.039036,0.0390502,0.039063,0.0390745,0.0390848,0.0390939,0.0391015,0.039108,0.0391132,0.0391169,0.0391196,0.0391208,0.0391208,0.0391196,0.0391169,0.0391132,0.0391079,0.0391016,0.0390937,0.0390849,0.0390745,0.039063,0.0390502,0.0390359,0.0390208,0.0390038,0.0389861,0.0389669,0.0389465,0.0389246,0.0389017,0.0388774,0.038852,0.038825,0.0387971,0.0387681,0.0387373,0.0387058,0.0386727,0.0386386,0.0386031,0.0385666,0.0385287,0.0384896,0
0.0386144,0.0386536,0.0386916,0.0387283,0.0387638,0.0387981,0.0388312,0.038863,0.0388936,0.0389229,0.038951,0.0389779,0.0390035,0.0390278,0.0390508,0.0390727,0.0390932,0.0391124,0.0391304,0.0391471,0.0391626,0.0391768,0.0391896,0.0392013,0.0392115,0.0392206,0.0392282,0.0392349,0.0392399,0.0392438,0.0392463,0.0392476,0.0392478,0.0392463,0.0392438,0.0392399,0.0392348,0.0392283,0.0392206,0.0392116,0.0392011,0.0391896,0.0391768,0.0391626,0.0391473,0.0391303,0.0391126,0.0390931,0.0390726,0.0390508,0.0390278,0.0390034,0.0389779,0.0389512,0.038923,0.0388935,0.0388632,0.038831,0.0387981,0.038764,0.0387282,0.0386915,0.0386536,0.0386145,0
0.0387433,0.0387826,0.0388207,0.0388576,0.0388933,0.0389276,0.0389608,0.0389928,0.0390235,0.0390529,0.0390811,0.039108,0.0391337,0.0391581,0.0391812,0.0392031,0.0392237,0.039243,0.0392611,0.0392779,0.0392933,0.0393075,0.0393205,0.0393322,0.0393425,0.0393515,0.0393593,0.0393656,0.039371,0.0393748,0.0393775,0.0393786,0.0393788,0.0393773,0.0393748,0.0393709,0.0393656,0.0393593,0.0393515,0.0393425,0.0393322,0.0393205,0.0393075,0.0392934,0.0392778,0.0392611,0.0392431,0.0392237,0.0392032,0.0391812,0.0391581,0.0391335,0.039108,0.0390811,0.039053,0.0390234,0.0389929,0.0389607,0.0389278,0.0388932,0.0388575,0.0388207,0.0387826,0.0387435,0
0.0388765,0.0389159,0.0389541,0.0389911,0.0390269,0.0390614,0.0390947,0.0391268,0.0391575,0.0391871,0.0392154,0.0392424,0.0392682,0.0392926,0.0393159,0.0393378,0.0393585,0.0393779,0.039396,0.0394129,0.0394284,0.0394427,0.0394556,0.0394673,0.0394776,0.0394867,0.0394945,0.0395011,0.0395062,0.0395101,0.0395128,0.0395139,0.0395141,0.0395126,0.0395103,0.0395062,0.039501,0.0394945,0.0394868,0.0394777,0.0394672,0.0394557,0.0394425,0.0394285,0.0394129,0.039396,0.0393778,0.0393585,0.0393379,0.0393159,0.0392926,0.0392683,0.0392423,0.0392153,0.0391872,0.0391576,0.0391266,0.0390947,0.0390615,0.0390267,0.0389912,0.0389543,0.0389159,0.0388763,0
0.0390139,0.0390535,0.0390919,0.039129,0.0391649,0.0391995,0.0392329,0.0392651,0.039296,0.0393256,0.039354,0.0393811,0.039407,0.0394316,0.0394549,0.0394769,0.0394976,0.0395171,0.0395353,0.0395522,0.0395678,0.0395821,0.0395951,0.0396068,0.0396172,0.0396263,0.0396341,0.0396408,0.0396459,0.0396497,0.0396525,0.0396537,0.0396537,0.0396525,0.0396497,0.0396459,0.0396408,0.0396341,0.0396264,0.0396172,0.0396068,0.0395951,0.039582,0.0395678,0.0395522,0.0395352,0.0395173,0.0394976,0.0394769,0.0394548,0.0394316,0.039407,0.0393813,0.0393538,0.0393257,0.0392959,0.0392652,0.039233,0.0391994,0.039165,0.039129,0.0390918,0.0390534,0.0390139,0
0.0391557,0.0391955,0.039234,0.0392712,0.0393073,0.039342,0.0393756,0.0394078,0.0394388,0.0394686,0.0394971,0.0395243,0.0395502,0.0395749,0.0395983,0.0396204,0.0396413,0.0396608,0.039679,0.039696,0.0397116,0.039726,0.039739,0.0397508,0.0397612,0.0397704,0.0397782,0.0397848,0.0397899,0.0397941,0.0397965,0.0397979,0.0397979,0.0397966,0.0397938,0.03979,0.0397848,0.0397782,0.0397704,0.0397613,0.0397508,0.039739,0.039726,0.0397116,0.039696,0.0396791,0.0396607,0.0396413,0.0396204,0.0395983,0.039575,0.0395501,0.0395243,0.0394971,0.0394685,0.039439,0.039408,0.0393753,0.0393422,0.0393071,0.0392714,0.0392339,0.0391955,0.0391557,0
0.0393021,0.0393419,0.0393806,0.039418,0.0394541,0.039489,0.0395227,0.0395551,0.0395862,0.0396161,0.0396447,0.039672,0.039698,0.0397228,0.0397462,0.0397685,0.0397894,0.039809,0.0398273,0.0398443,0.03986,0.0398744,0.0398875,0.0398993,0.0399098,0.039919,0.0399269,0.0399334,0.0399387,0.0399426,0.0399452,0.0399467,0.0399464,0.0399454,0.0399425,0.0399387,0.0399336,0.0399268,0.039919,0.03991,0.0398992,0.0398875,0.0398743,0.03986,0.0398444,0.0398272,0.039809,0.0397893,0.0397686,0.0397462,0.0397227,0.0396981,0.0396719,0.0396447,0.0396161,0.0395863,0.0395551,0.0395226,0.039489,0.039454,0.0394182,0.0393803,0.0393422,0.0393019,0
0.0394529,0.0394929,0.0395317,0.0395693,0.0396056,0.0396406,0.0396744,0.0397069,0.0397382,0.0397681,0.0397968,0.0398242,0.0398504,0.0398753,0.0398988,0.0399211,0.0399421,0.0399618,0.0399801,0.0399973,0.040013,0.0400275,0.0400406,0.0400525,0.040063,0.0400722,0.0400802,0.0400867,0.040092,0.0400958,0.0400987,0.0400999,0.0401,0.0400985,0.040096,0.0400919,0.0400867,0.0400802,0.0400722,0.0400629,0.0400525,0.0400406,0.0400275,0.040013,0.0399972,0.0399802,0.0399617,0.0399421,0.0399212,0.0398989,0.0398753,0.0398502,0.0398245,0.0397966,0.0397682,0.0397382,0.0397069,0.0396743,0.0396407,0.0396056,0.0395691,0.0395319,0.0394928,0.0394528,0
0.0396084,0.0396486,0.0396875,0.0397252,0.0397616,0.0397968,0.0398307,0.0398634,0.0398948,0.0399249,0.0399537,0.0399812,0.0400074,0.0400324,0.040056,0.0400784,0.0400995,0.0401193,0.0401377,0.0401548,0.0401707,0.0401852,0.0401984,0.0402103,0.0402209,0.0402302,0.0402381,0.0402447,0.0402499,0.040254,0.0402566,0.0402579,0.0402579,0.0402566,0.040254,0.0402501,0.0402447,0.0402379,0.0402303,0.0402209,0.0402104,0.0401983,0.0401853,0.0401706,0.0401549,0.0401378,0.0401193,0.0400995,0.0400784,0.0400561,0.0400324,0.0400074,0.0399814,0.0399535,0.0399249,0.0398948,0.0398633,0.0398309,0.0397968,0.0397615,0.0397253,0.0396874,0.0396485,0.0396085,0
0.0397686,0.0398089,0.039848,0.0398859,0.0399225,0.0399578,0.0399918,0.0400246,0.0400561,0.0400863,0.0401152,0.0401429,0.0401692,0.0401943,0.0402181,0.0402405,0.0402616,0.0402815,0.0403,0.0403173,0.0403332,0.0403477,0.040361,0.040373,0.0403835,0.0403929,0.0404009,0.0404074,0.0404128,0.0404167,0.0404195,0.0404208,0.0404208,0.0404193,0.0404168,0.0404128,0.0404074,0.0404009,0.0403928,0.0403837,0.0403728,0.040361,0.0403477,0.0403332,0.0403172,0.0403001,0.0402815,0.0402615,0.0402406,0.040218,0.0401943,0.0401692,0.040143,0.0401151,0.0400865,0.040056,0.0400248,0.0399916,0.039958,0.0399222,0.039886,0.0398479,0.0398092,0.0397685,0
0.0399335,0.039974,0.0400133,0.0400513,0.040088,0.0401235,0.0401577,0.0401906,0.0402222,0.0402526,0.0402817,0.0403094,0.0403359,0.040361,0.0403849,0.0404074,0.0404287,0.0404485,0.0404672,0.0404845,0.0405005,0.0405151,0.0405284,0.0405404,0.0405511,0.0405604,0.0405684,0.040575,0.0405804,0.0405844,0.0405871,0.0405884,0.0405884,0.0405872,0.0405843,0.0405804,0.0405751,0.0405684,0.0405604,0.0405511,0.0405405,0.0405283,0.0405152,0.0405004,0.0404844,0.0404673,0.0404485,0.0404288,0.0404074,0.0403849,0.0403609,0.0403359,0.0403094,0.0402815,0.0402527,0.0402224,0.0401905,0.0401578,0.0401235,0.0400879,0.0400512,0.0400136,0.039974,0.0399334,0
0.0401033,0.040144,0.0401834,0.0402216,0.0402585,0.0402941,0.0403284,0.0403615,0.0403933,0.0404237,0.0404529,0.0404808,0.0405074,0.0405326,0.0405566,0.0405792,0.0406006,0.0406206,0.0406392,0.0406566,0.0406726,0.0406874,0.0407007,0.0407128,0.0407234,0.0407329,0.040741,0.0407474,0.040753,0.0407569,0.0407597,0.0407609,0.040761,0.0407597,0.0407569,0.0407529,0.0407476,0.0407408,0.0407329,0.0407234,0.0407128,0.0407007,0.0406873,0.0406727,0.0406567,0.0406392,0.0406206,0.0406005,0.0405792,0.0405567,0.0405326,0.0405073,0.0404809,0.040453,0.0404236,0.0403934,0.0403614,0.0403285,0.0402939,0.0402586,0.0402215,0.0401835,0.040144,0.0401034,0
0.040278,0.0403189,0.0403585,0.0403968,0.0404338,0.0404696,0.0405041,0.0405373,0.0405692,0.0405998,0.0406291,0.0406571,0.0406838,0.0407092,0.0407332,0.040756,0.0407774,0.0407975,0.0408162,0.0408337,0.0408498,0.0408645,0.040878,0.0408901,0.0409008,0.0409102,0.0409184,0.040925,0.0409305,0.0409344,0.0409372,0.0409385,0.0409385,0.0409372,0.0409344,0.0409304,0.0409251,0.0409184,0.0409102,0.0409008,0.0408901,0.0408779,0.0408646,0.0408498,0.0408336,0.0408163,0.0407976,0.0407773,0.040756,0.0407332,0.040709,0.040684,0.040657,0.0406291,0.0405998,0.0405691,0.0405374,0.040504,0.0404696,0.0404339,0.0403969,0.0403583,0.040319,0.040278,0
0.0404576,0.0404987,0.0405384,0.0405769,0.0406141,0.0406501,0.0406847,0.040718,0.0407501,0.0407809,0.0408103,0.0408384,0.0408653,0.0408907,0.0409149,0.0409377,0.0409592,0.0409794,0.0409983,0.0410158,0.041032,0.0410468,0.0410603,0.0410724,0.0410832,0.0410928,0.0411009,0.0411074,0.041113,0.041117,0.0411197,0.0411211,0.0411211,0.0411197,0.0411171,0.0411129,0.0411075,0.0411009,0.0410926,0.0410833,0.0410724,0.0410603,0.0410467,0.0410321,0.0410156,0.0409983,0.0409794,0.0409594,0.0409377,0.040915,0.0408907,0.0408652,0.0408382,0.0408103,0.040781,0.04075,0.0407181,0.0406847,0.0406499,0.0406144,0.0405769,0.0405383,0.0404987,0.0404575,0
0.0406422,0.0406835,0.0407234,0.0407621,0.0407995,0.0408356,0.0408704,0.0409039,0.0409361,0.0409669,0.0409965,0.0410248,0.0410517,0.0410773,0.0411016,0.0411245,0.0411461,0.0411664,0.0411853,0.041203,0.0412192,0.0412341,0.0412476,0.0412599,0.0412707,0.0412802,0.0412884,0.0412951,0.0413007,0.0413046,0.0413073,0.0413088,0.0413086,0.0413074,0.0413046,0.0413007,0.0412951,0.0412883,0.0412803,0.0412706,0.04126,0.0412476,0.041234,0.0412192,0.0412029,0.0411854,0.0411664,0.041146,0.0411247,0.0411015,0.0410774,0.0410516,0.0410247,0.0409966,0.040967,0.040936,0.0409038,0.0408704,0.0408356,0.0407994,0.0407622,0.0407233,0.0406835,0.0406423,0
0.0408319,0.0408733,0.0409134,0.0409523,0.0409898,0.0410261,0.0410611,0.0410947,0.0411271,0.0411581,0.0411878,0.0412162,0.0412432,0.041269,0.0412933,0.0413164,0.0413381,0.0413585,0.0413775,0.0413952,0.0414115,0.0414265,0.0414401,0.0414523,0.0414633,0.0414728,0.041481,0.0414878,0.0414933,0.0414973,0.0415001,0.0415014,0.0415015,0.0415001,0.0414973,0.0414933,0.0414878,0.0414809,0.0414728,0.0414634,0.0414524,0.0414401,0.0414264,0.0414115,0.0413952,0.0413775,0.0413585,0.0413381,0.0413165,0.0412934,0.0412688,0.0412433,0.0412161,0.0411878,0.0411582,0.0411272,0.0410945,0.0410612,0.0410261,0.0409899,0.0409522,0.0409133,0.0408733,0.0408318,0
0.0410266,0.0410682,0.0411085,0.0411476,0.0411853,0.0412217,0.0412569,0.0412907,0.0413232,0.0413544,0.0413842,0.0414127,0.0414399,0.0414658,0.0414903,0.0415134,0.0415352,0.0415557,0.0415748,0.0415926,0.041609,0.041624,0.0416377,0.0416501,0.041661,0.0416706,0.0416788,0.0416857,0.0416912,0.0416951,0.0416981,0.0416993,0.0416994,0.041698,0.0416952,0.0416912,0.0416856,0.0416788,0.0416706,0.041661,0.0416499,0.0416379,0.041624,0.041609,0.0415926,0.0415747,0.0415558,0.0415351,0.0415136,0.0414901,0.041466,0.0414398,0.0414128,0.0413842,0.0413542,0.0413232,0.0412908,0.0412569,0.0412216,0.0411854,0.0411475,0.0411086,0.0410681,0.0410266,0
0.0412264,0.0412682,0.0413087,0.0413479,0.0413859,0.0414225,0.0414578,0.0414918,0.0415244,0.0415557,0.0415857,0.0416144,0.0416417,0.0416677,0.0416923,0.0417156,0.0417376,0.0417581,0.0417773,0.0417951,0.0418116,0.0418268,0.0418405,0.0418528,0.0418639,0.0418735,0.0418818,0.0418887,0.0418941,0.0418984,0.0419011,0.0419023,0.0419025,0.041901,0.0418984,0.0418942,0.0418886,0.0418818,0.0418735,0.0418639,0.0418528,0.0418404,0.0418268,0.0418116,0.0417951,0.0417773,0.0417581,0.0417376,0.0417156,0.0416923,0.0416677,0.0416417,0.0416143,0.0415859,0.0415556,0.0415244,0.0414917,0.0414579,0.0414226,0.0413857,0.041348,0.0413086,0.0412683,0.0412261,0
0.0414313,0.0414733,0.041514,0.0415535,0.0415916,0.0416284,0.0416638,0.041698,0.0417308,0.0417623,0.0417924,0.0418212,0.0418487,0.0418748,0.0418996,0.0419229,0.041945,0.0419656,0.041985,0.0420029,0.0420194,0.0420346,0.0420485,0.0420608,0.0420721,0.0420816,0.0420901,0.0420967,0.0421025,0.0421065,0.0421094,0.0421107,0.0421107,0.0421094,0.0421064,0.0421025,0.0420969,0.0420899,0.0420816,0.0420721,0.0420609,0.0420485,0.0420345,0.0420195,0.0420029,0.0419849,0.0419656,0.0419451,0.0419228,0.0418997,0.0418746,0.0418487,0.0418212,0.0417924,0.0417624,0.0417309,0.041698,0.0416639,0.0416284,0.0415916,0.0415533,0.0415142,0.0414734,0.0414312,0
0.0416413,0.0416835,0.0417245,0.0417641,0.0418024,0.0418394,0.0418751,0.0419094,0.0419424,0.041974,0.0420043,0.0420333,0.0420609,0.042087,0.042112,0.0421354,0.0421576,0.0421784,0.0421978,0.0422158,0.0422325,0.0422477,0.0422616,0.0422741,0.0422852,0.042295,0.0423033,0.0423104,0.0423157,0.04232,0.0423229,0.0423241,0.0423242,0.0423228,0.04232,0.0423158,0.0423102,0.0423033,0.0422949,0.0422852,0.0422741,0.0422616,0.0422479,0.0422324,0.0422157,0.0421978,0.0421784,0.0421576,0.0421355,0.0421119,0.0420871,0.0420609,0.0420332,0.0420043,0.0419741,0.0419421,0.0419095,0.0418751,0.0418394,0.0418024,0.041764,0.0417244,0.0416837,0.0416412,0
0.0418564,0.0418989,0.0419401,0.0419799,0.0420184,0.0420556,0.0420914,0.0421259,0.0421591,0.0421908,0.0422213,0.0422504,0.0422782,0.0423045,0.0423295,0.0423532,0.0423754,0.0423963,0.0424158,0.0424339,0.0424507,0.042466,0.0424799,0.0424925,0.0425037,0.0425135,0.0425218,0.042529,0.0425344,0.0425388,0.0425414,0.0425428,0.0425428,0.0425415,0.0425386,0.0425345,0.0425289,0.0425218,0.0425135,0.0425037,0.0424925,0.04248,0.042466,0.0424507,0.0424339,0.0424159,0.0423963,0.0423754,0.0423529,0.0423298,0.0423045,0.0422781,0.0422504,0.0422213,0.0421908,0.0421591,0.0421259,0.0420914,0.0420556,0.0420184,0.04198,0.04194,0.041899,0.0418563,0
0.0420767,0.0421194,0.0421608,0.0422008,0.0422395,0.0422769,0.0423129,0.0423476,0.0423809,0.0424129,0.0424435,0.0424727,0.0425006,0.0425272,0.0425522,0.0425761,0.0425984,0.0426193,0.042639,0.0426573,0.042674,0.0426895,0.0427035,0.0427161,0.0427274,0.0427372,0.0427457,0.0427526,0.0427582,0.0427625,0.0427654,0.0427668,0.0427667,0.0427653,0.0427625,0.0427582,0.0427527,0.0427456,0.0427372,0.0427274,0.0427163,0.0427035,0.0426893,0.0426742,0.0426571,0.042639,0.0426193,0.0425985,0.0425761,0.0425522,0.0425272,0.0425005,0.0424728,0.0424435,0.042413,0.0423808,0.0423477,0.0423129,0.0422769,0.0422394,0.0422008,0.0421607,0.0421195,0.0420766,0
0.0423021,0.042345,0.0423866,0.0424268,0.0424657,0.0425033,0.0425395,0.0425744,0.0426079,0.0426401,0.0426708,0.0427003,0.0427282,0.0427549,0.0427802,0.0428041,0.0428266,0.0428477,0.0428674,0.0428857,0.0429026,0.0429181,0.0429323,0.0429449,0.0429562,0.0429661,0.0429746,0.0429816,0.0429872,0.0429916,0.0429944,0.0429958,0.0429957,0.0429944,0.0429916,0.0429872,0.0429816,0.0429746,0.0429661,0.0429562,0.042945,0.0429322,0.0429181,0.0429026,0.0428858,0.0428673,0.0428476,0.0428267,0.042804,0.0427802,0.0427549,0.0427284,0.0427003,0.0426707,0.04264,0.042608,0.0425744,0.0425396,0.0425034,0.0424657,0.0424268,0.0423865,0.042345,0.0423021,0
0.0425325,0.0425757,0.0426175,0.0426579,0.0426971,0.0427349,0.0427713,0.0428063,0.04284,0.0428723,0.0429033,0.0429328,0.042961,0.0429878,0.0430133,0.0430372,0.0430598,0.0430811,0.0431009,0.0431193,0.0431363,0.0431519,0.0431661,0.0431789,0.0431901,0.0432003,0.0432087,0.0432156,0.0432215,0.0432259,0.0432285,0.0432299,0.0432301,0.0432286,0.0432256,0.0432215,0.0432159,0.0432086,0.0432003,0.0431902,0.0431788,0.043166,0.043152,0.0431364,0.0431193,0.0431008,0.043081,0.0430598,0.0430372,0.0430133,0.0429878,0.0429611,0.0429327,0.0429032,0.0428724,0.04284,0.0428064,0.0427713,0.0427346,0.0426972,0.0426579,0.0426176,0.0425756,0.0425327,0
0.042768,0.0428114,0.0428534,0.0428941,0.0429334,0.0429714,0.0430081,0.0430433,0.0430772,0.0431097,0.0431408,0.0431705,0.0431989,0.0432258,0.0432514,0.0432755,0.0432982,0.0433196,0.0433396,0.043358,0.0433751,0.0433908,0.0434051,0.0434179,0.0434293,0.0434393,0.043448,0.043455,0.0434607,0.0434651,0.0434679,0.0434693,0.0434693,0.0434679,0.0434651,0.0434607,0.043455,0.043448,0.0434393,0.0434293,0.0434179,0.0434052,0.0433908,0.0433751,0.043358,0.0433396,0.0433195,0.0432982,0.0432756,0.0432513,0.043226,0.0431986,0.0431707,0.0431406,0.0431097,0.0430772,0.0430434,0.0430081,0.0429714,0.0429335,0.0428941,0.0428534,0.0428114,0.042768,0
0.0430084,0.0430521,0.0430943,0.0431353,0.0431748,0.043213,0.0432498,0.0432853,0.0433194,0.043352,0.0433834,0.0434132,0.0434418,0.0434688,0.0434945,0.0435188,0.0435417,0.0435631,0.0435832,0.0436018,0.043619,0.0436348,0.0436491,0.043662,0.0436735,0.0436835,0.0436922,0.0436994,0.0437051,0.0437094,0.0437123,0.0437137,0.0437137,0.0437124,0.0437094,0.0437051,0.0436994,0.0436921,0.0436835,0.0436735,0.043662,0.0436492,0.0436348,0.043619,0.0436018,0.0435832,0.0435631,0.0435417,0.0435188,0.0434945,0.043469,0.0434418,0.0434132,0.0433834,0.0433521,0.0433192,0.0432854,0.0432498,0.0432131,0.0431747,0.0431354,0.0430942,0.0430522,0.0430083,0
0.0432538,0.0432977,0.0433402,0.0433814,0.0434212,0.0434596,0.0434966,0.0435323,0.0435665,0.0435994,0.0436309,0.0436609,0.0436896,0.0437168,0.0437427,0.0437671,0.0437901,0.0438117,0.0438318,0.0438506,0.0438678,0.0438837,0.0438982,0.0439111,0.0439227,0.0439328,0.0439415,0.0439487,0.0439545,0.0439588,0.0439616,0.0439631,0.0439632,0.0439616,0.0439588,0.0439544,0.0439488,0.0439415,0.0439327,0.0439227,0.0439111,0.0438982,0.0438837,0.0438678,0.0438507,0.0438318,0.0438116,0.0437901,0.0437672,0.0437427,0.0437169,0.0436895,0.0436609,0.0436308,0.0435996,0.0435665,0.0435321,0.0434966,0.0434597,0.043421,0.0433815,0.0433402,0.0432978,0.0432537,0
0.043504,0.0435482,0.0435909,0.0436323,0.0436724,0.043711,0.0437482,0.0437841,0.0438186,0.0438516,0.0438833,0.0439135,0.0439424,0.0439698,0.0439957,0.0440203,0.0440434,0.0440651,0.0440854,0.0441042,0.0441216,0.0441376,0.0441521,0.0441651,0.0441768,0.0441869,0.0441957,0.0442029,0.0442086,0.0442132,0.044216,0.0442175,0.0442175,0.044216,0.0442131,0.0442088,0.0442028,0.0441958,0.0441868,0.0441768,0.0441653,0.044152,0.0441376,0.0441216,0.0441042,0.0440855,0.044065,0.0440435,0.0440202,0.0439959,0.0439696,0.0439425,0.0439136,0.0438831,0.0438519,0.0438185,0.0437841,0.0437481,0.0437109,0.0436723,0.0436325,0.0435908,0.0435483,0.043504,0
0.043759,0.0438034,0.0438464,0.0438881,0.0439284,0.0439672,0.0440047,0.0440407,0.0440754,0.0441087,0.0441405,0.0441709,0.0441999,0.0442275,0.0442536,0.0442783,0.0443016,0.0443234,0.0443438,0.0443627,0.0443803,0.0443963,0.044411,0.0444239,0.0444357,0.044446,0.0444547,0.044462,0.0444679,0.0444722,0.0444752,0.0444766,0.0444766,0.0444752,0.0444723,0.0444678,0.0444621,0.0444547,0.0444459,0.0444357,0.0444241,0.0444109,0.0443963,0.0443802,0.0443628,0.0443439,0.0443234,0.0443015,0.0442784,0.0442536,0.0442274,0.0441999,0.0441709,0.0441406,0.0441086,0.0440755,0.0440407,0.0440047,0.0439672,0.0439284,0.0438881,0.0438466,0.0438032,0.0437591,0
0.0440187,0.0440634,0.0441067,0.0441485,0.044189,0.0442281,0.0442658,0.0443021,0.044337,0.0443704,0.0444025,0.044433,0.0444623,0.0444899,0.0445163,0.0445411,0.0445645,0.0445864,0.044607,0.0446261,0.0446436,0.0446597,0.0446745,0.0446876,0.0446994,0.0447097,0.0447185,0.0447259,0.0447319,0.044736,0.0447391,0.0447406,0.0447407,0.044739,0.0447363,0.0447317,0.0447259,0.0447185,0.0447098,0.0446993,0.0446877,0.0446744,0.0446597,0.0446436,0.0446261,0.0446069,0.0445864,0.0445645,0.0445411,0.0445163,0.0444899,0.0444622,0.0444331,0.0444024,0.0443704,0.044337,0.0443022,0.0442657,0.0442281,0.044189,0.0441487,0.0441067,0.0440633,0.0440187,0
0.044283,0.0443279,0.0443714,0.0444136,0.0444543,0.0444937,0.0445316,0.0445681,0.0446031,0.0446368,0.044669,0.0446998,0.0447291,0.0447571,0.0447835,0.0448084,0.0448321,0.0448541,0.0448748,0.0448939,0.0449116,0.0449279,0.0449427,0.0449558,0.0449678,0.0449781,0.044987,0.0449945,0.0450002,0.0450047,0.0450077,0.0450093,0.0450091,0.0450077,0.0450047,0.0450003,0.0449944,0.044987,0.0449781,0.0449678,0.044956,0.0449426,0.0449278,0.0449116,0.044894,0.0448747,0.0448542,0.044832,0.0448084,0.0447836,0.0447571,0.044729,0.0446999,0.0446689,0.044637,0.0446031,0.0445678,0.0445316,0.0444939,0.0444541,0.0444136,0.0443716,0.0443277,0.0442832,0
0.0445517,0.0445969,0.0446407,0.0446831,0.0447241,0.0447636,0.0448018,0.0448385,0.0448738,0.0449077,0.0449401,0.044971,0.0450005,0.0450286,0.0450553,0.0450804,0.0451041,0.0451263,0.0451471,0.0451664,0.0451841,0.0452005,0.0452154,0.0452287,0.0452405,0.045251,0.0452601,0.0452673,0.0452734,0.0452778,0.0452808,0.0452822,0.0452824,0.0452807,0.0452778,0.0452734,0.0452673,0.04526,0.0452511,0.0452405,0.0452287,0.0452155,0.0452005,0.045184,0.0451665,0.0451469,0.0451264,0.045104,0.0450804,0.0450552,0.0450287,0.0450006,0.044971,0.04494,0.0449076,0.044874,0.0448384,0.0448017,0.0447638,0.044724,0.044683,0.0446408,0.0445969,0.0445516,0
0.0448247,0.0448702,0.0449143,0.0449569,0.0449981,0.045038,0.0450763,0.0451133,0.0451488,0.0451829,0.0452155,0.0452466,0.0452763,0.0453045,0.0453314,0.0453567,0.0453805,0.0454028,0.0454237,0.0454432,0.0454611,0.0454775,0.0454924,0.0455059,0.0455179,0.0455284,0.0455372,0.0455449,0.0455508,0.0455552,0.0455583,0.0455598,0.0455599,0.0455582,0.0455555,0.0455507,0.0455449,0.0455372,0.0455284,0.0455179,0.0455059,0.0454924,0.0454775,0.0454612,0.0454429,0.045424,0.0454028,0.0453804,0.0453568,0.0453312,0.0453048,0.0452762,0.0452466,0.0452156,0.0451829,0.0451486,0.0451133,0.0450764,0.045038,0.0449982,0.0449569,0.0449142,0.0448701,0.0448248,0
0.0451019,0.0451477,0.045192,0.0452349,0.0452764,0.0453165,0.0453551,0.0453923,0.045428,0.0454623,0.0454951,0.0455265,0.0455563,0.0455847,0.0456117,0.0456371,0.0456612,0.0456836,0.0457047,0.0457242,0.0457422,0.0457587,0.0457737,0.0457873,0.0457994,0.04581,0.0458189,0.0458266,0.0458325,0.0458369,0.0458401,0.0458416,0.0458416,0.04584,0.045837,0.0458325,0.0458264,0.045819,0.0458099,0.0457994,0.0457873,0.0457739,0.0457587,0.0457422,0.0457242,0.0457046,0.0456839,0.045661,0.0456374,0.0456116,0.0455847,0.0455563,0.0455265,0.045495,0.0454624,0.045428,0.0453923,0.0453551,0.0453165,0.0452764,0.0452349,0.045192,0.0451479,0.0451019,0
0.0453832,0.0454292,0.0454738,0.045517,0.0455588,0.0455991,0.0456379,0.0456753,0.0457113,0.0457458,0.0457788,0.0458103,0.0458404,0.045869,0.0458961,0.0459217,0.0459459,0.0459685,0.0459897,0.0460093,0.0460274,0.0460441,0.0460591,0.046073,0.046085,0.0460955,0.0461047,0.0461123,0.0461184,0.0461228,0.0461259,0.0461274,0.0461274,0.0461259,0.0461228,0.0461184,0.0461123,0.0461047,0.0460956,0.0460849,0.0460728,0.0460593,0.0460441,0.0460273,0.0460095,0.0459895,0.0459685,0.0459459,0.0459218,0.0458961,0.0458691,0.0458403,0.0458105,0.0457788,0.0457458,0.0457113,0.0456753,0.0456378,0.0455992,0.0455587,0.045517,0.0454738,0.0454292,0.0453832,0
0.0456683,0.0457146,0.0457595,0.045803,0.045845,0.0458855,0.0459246,0.0459623,0.0459985,0.0460332,0.0460664,0.0460981,0.0461284,0.0461572,0.0461844,0.0462102,0.0462345,0.0462573,0.0462786,0.0462983,0.0463166,0.0463334,0.0463486,0.0463623,0.0463746,0.046385,0.0463943,0.046402,0.0464079,0.0464126,0.0464157,0.0464172,0.0464172,0.0464157,0.0464126,0.0464081,0.046402,0.0463942,0.0463852,0.0463744,0.0463623,0.0463487,0.0463333,0.0463165,0.0462985,0.0462785,0.0462573,0.0462346,0.0462103,0.0461843,0.0461571,0.0461285,0.046098,0.0460665,0.0460331,0.0459983,0.0459623,0.0459247,0.0458856,0.045845,0.0458028,0.0457597,0.0457144,0.0456684,0
0.0459571,0.0460037,0.0460489,0.0460926,0.0461349,0.0461757,0.046215,0.0462529,0.0462893,0.0463243,0.0463577,0.0463896,0.0464201,0.0464491,0.0464765,0.0465024,0.0465269,0.0465498,0.0465713,0.0465911,0.0466095,0.0466264,0.0466416,0.0466554,0.0466678,0.0466784,0.0466877,0.0466954,0.0467016,0.0467061,0.0467092,0.0467107,0.0467107,0.0467092,0.0467061,0.0467016,0.0466954,0.0466877,0.0466784,0.0466678,0.0466554,0.0466417,0.0466263,0.0466094,0.0465913,0.046571,0.0465498,0.0465269,0.0465026,0.0464766,0.0464489,0.0464201,0.0463896,0.0463576,0.0463243,0.0462894,0.046253,0.0462151,0.0461757,0.0461347,0.0460927,0.0460489,0.0460036,0.0459571,0
0.0462494,0.0462963,0.0463417,0.0463858,0.0464283,0.0464694,0.046509,0.0465471,0.0465837,0.0466189,0.0466526,0.0466846,0.0467154,0.0467444,0.0467721,0.0467982,0.0468228,0.0468459,0.0468674,0.0468874,0.0469059,0.0469229,0.0469383,0.0469521,0.0469646,0.0469753,0.0469847,0.0469923,0.0469985,0.0470033,0.0470061,0.0470079,0.0470078,0.0470062,0.0470031,0.0469985,0.0469923,0.0469848,0.0469753,0.0469646,0.0469521,0.0469383,0.0469229,0.046906,0.0468874,0.0468674,0.0468459,0.0468228,0.0467982,0.046772,0.0467446,0.0467153,0.0466847,0.0466523,0.0466189,0.0465837,0.0465472,0.046509,0.0464694,0.0464282,0.0463858,0.0463419,0.0462961,0.0462494,0
0.0465449,0.0465922,0.0466379,0.0466822,0.046725,0.0467664,0.0468062,0.0468446,0.0468815,0.0469168,0.0469507,0.0469831,0.0470139,0.0470432,0.047071,0.0470973,0.0471221,0.0471452,0.0471669,0.0471871,0.0472057,0.0472228,0.0472382,0.0472523,0.0472647,0.0472757,0.0472848,0.0472927,0.0472989,0.0473036,0.0473067,0.0473082,0.0473083,0.0473067,0.0473036,0.0472989,0.0472927,0.0472848,0.0472757,0.0472647,0.0472523,0.0472382,0.0472226,0.0472059,0.0471871,0.0471668,0.0471454,0.047122,0.0470972,0.0470712,0.0470431,0.047014,0.046983,0.0469506,0.046917,0.0468814,0.0468445,0.0468063,0.0467663,0.046725,0.0466824,0.0466378,0.0465922,0.046545,0
0.0468436,0.0468911,0.0469372,0.0469818,0.0470249,0.0470665,0.0471066,0.0471452,0.0471823,0.0472179,0.047252,0.0472845,0.0473155,0.0473451,0.0473731,0.0473995,0.0474244,0.0474478,0.0474696,0.0474899,0.0475087,0.0475258,0.0475414,0.0475554,0.0475681,0.0475789,0.0475883,0.0475961,0.0476024,0.0476072,0.0476102,0.0476118,0.0476117,0.0476104,0.0476071,0.0476024,0.0475961,0.0475883,0.0475789,0.047568,0.0475556,0.0475414,0.0475258,0.0475087,0.0474899,0.0474696,0.0474477,0.0474243,0.0473998,0.0473731,0.0473449,0.0473156,0.0472846,0.0472519,0.0472178,0.0471823,0.0471451,0.0471067,0.0470665,0.0470247,0.0469818,0.0469372,0.046891,0.0468438,0
0.0471452,0.047193,0.0472393,0.0472842,0.0473276,0.0473694,0.0474098,0.0474487,0.047486,0.0475218,0.0475561,0.0475889,0.0476202,0.0476499,0.047678,0.0477046,0.0477297,0.0477532,0.0477752,0.0477956,0.0478144,0.0478318,0.0478474,0.0478616,0.0478742,0.0478852,0.0478947,0.0479026,0.0479088,0.0479137,0.0479167,0.0479183,0.0479183,0.0479167,0.0479136,0.0479089,0.0479025,0.0478947,0.0478852,0.0478742,0.0478616,0.0478474,0.0478318,0.0478144,0.0477958,0.047775,0.0477533,0.0477297,0.0477047,0.047678,0.0476496,0.0476203,0.0475888,0.0475562,0.0475218,0.0474861,0.0474486,0.0474098,0.0473695,0.0473275,0.0472844,0.0472393,0.0471931,0.0471449,0
0.0474493,0.0474975,0.0475441,0.0475893,0.0476329,0.0476751,0.0477157,0.0477548,0.0477924,0.0478285,0.047863,0.0478959,0.0479274,0.0479572,0.0479857,0.0480124,0.0480377,0.0480613,0.0480834,0.048104,0.0481229,0.0481404,0.048156,0.0481706,0.048183,0.0481942,0.0482037,0.0482116,0.048218,0.0482228,0.0482258,0.0482274,0.0482275,0.0482258,0.0482228,0.048218,0.0482116,0.0482037,0.0481942,0.048183,0.0481706,0.0481561,0.0481403,0.0481229,0.048104,0.0480833,0.0480614,0.0480378,0.0480123,0.0479858,0.0479572,0.0479274,0.0478961,0.047863,0.0478282,0.0477924,0.0477548,0.0477159,0.0476749,0.0476329,0.0475893,0.0475442,0.0474975,0.0474491,0
0.0477559,0.0478044,0.0478513,0.0478968,0.0479407,0.0479831,0.048024,0.0480634,0.0481012,0.0481375,0.0481722,0.0482054,0.0482371,0.0482671,0.0482957,0.0483226,0.0483481,0.0483719,0.0483941,0.0484148,0.0484339,0.0484513,0.0484674,0.0484817,0.0484943,0.0485055,0.0485152,0.0485231,0.0485295,0.0485343,0.0485375,0.048539,0.048539,0.0485375,0.0485344,0.0485295,0.0485231,0.0485151,0.0485057,0.0484943,0.0484817,0.0484674,0.0484512,0.048434,0.0484147,0.0483942,0.0483718,0.0483482,0.0483224,0.0482957,0.0482671,0.0482371,0.0482054,0.0481722,0.0481374,0.0481012,0.0480635,0.0480239,0.0479832,0.0479407,0.0478966,0.0478513,0.0478044,0.047756,0
0.0480647,0.0481134,0.0481607,0.0482064,0.0482506,0.0482933,0.0483344,0.0483741,0.0484122,0.0484487,0.0484836,0.0485171,0.0485489,0.0485792,0.0486079,0.0486351,0.0486606,0.0486845,0.048707,0.0487278,0.0487469,0.0487646,0.0487808,0.0487951,0.0488079,0.0488192,0.0488288,0.0488367,0.0488433,0.048848,0.0488513,0.0488529,0.0488529,0.0488513,0.048848,0.0488433,0.0488368,0.0488288,0.0488191,0.0488079,0.0487951,0.0487808,0.0487645,0.0487471,0.0487278,0.048707,0.0486846,0.0486605,0.048635,0.0486081,0.0485792,0.0485489,0.048517,0.0484836,0.0484488,0.0484121,0.0483742,0.0483344,0.0482934,0.0482507,0.0482063,0.0481608,0.0481133,0.0480647,0
0.0483753,0.0484244,0.0484719,0.048518,0.0485625,0.0486054,0.0486469,0.0486867,0.048725,0.0487618,0.048797,0.0488306,0.0488627,0.0488932,0.0489221,0.0489494,0.0489751,0.0489992,0.0490218,0.0490428,0.049062,0.0490798,0.0490959,0.0491105,0.0491234,0.0491346,0.0491444,0.0491525,0.0491589,0.0491637,0.049167,0.0491687,0.0491686,0.0491669,0.0491637,0.049159,0.0491524,0.0491444,0.0491347,0.0491233,0.0491105,0.0490959,0.0490799,0.049062,0.0490427,0.0490217,0.0489993,0.048975,0.0489495,0.0489221,0.0488932,0.0488627,0.0488305,0.0487971,0.0487618,0.0487249,0.0486867,0.0486469,0.0486054,0.0485625,0.0485179,0.0484719,0.0484242,0.0483754,0
0.0486876,0.048737,0.0487849,0.0488312,0.048876,0.0489192,0.0489609,0.049001,0.0490396,0.0490766,0.0491121,0.0491458,0.0491781,0.0492088,0.0492379,0.0492653,0.0492913,0.0493155,0.0493383,0.0493593,0.0493788,0.0493966,0.0494128,0.0494275,0.0494405,0.0494518,0.0494616,0.0494698,0.0494761,0.0494813,0.0494844,0.049486,0.0494859,0.0494845,0.0494812,0.0494761,0.0494698,0.0494616,0.0494519,0.0494404,0.0494275,0.049413,0.0493965,0.0493789,0.0493593,0.0493381,0.0493157,0.0492911,0.0492654,0.049238,0.0492086,0.0491784,0.0491457,0.0491121,0.0490766,0.0490396,0.049001,0.0489609,0.0489192,0.048876,0.0488312,0.0487847,0.048737,0.0486877,0
0.0490013,0.049051,0.0490991,0.0491458,0.0491908,0.0492344,0.0492763,0.0493167,0.0493555,0.0493928,0.0494284,0.0494624,0.049495,0.0495258,0.0495551,0.0495828,0.0496088,0.0496333,0.0496561,0.0496773,0.049697,0.0497148,0.0497311,0.0497459,0.0497591,0.0497704,0.0497804,0.0497884,0.0497952,0.0497999,0.0498031,0.0498048,0.0498048,0.0498031,0.0498,0.049795,0.0497884,0.0497804,0.0497705,0.049759,0.0497458,0.0497313,0.0497148,0.0496969,0.0496774,0.0496562,0.0496333,0.0496087,0.0495827,0.0495551,0.049526,0.049495,0.0494623,0.0494285,0.0493929,0.0493555,0.0493166,0.0492764,0.0492344,0.0491908,0.0491459,0.049099,0.049051,0.0490012,0
0.049316,0.0493661,0.0494146,0.0494615,0.0495068,0.0495507,0.0495929,0.0496335,0.0496726,0.0497101,0.0497459,0.0497802,0.0498129,0.049844,0.0498734,0.0499013,0.0499275,0.0499521,0.0499751,0.0499964,0.0500161,0.0500343,0.0500506,0.0500655,0.0500786,0.0500901,0.0501002,0.0501082,0.050115,0.0501198,0.0501231,0.0501248,0.0501249,0.0501231,0.0501198,0.0501149,0.0501083,0.0501001,0.0500902,0.0500786,0.0500654,0.0500507,0.0500343,0.0500162,0.0499964,0.0499752,0.049952,0.0499275,0.0499012,0.0498734,0.049844,0.049813,0.0497801,0.0497458,0.0497103,0.0496726,0.0496335,0.0495927,0.0495508,0.0495069,0.0494614,0.0494146,0.049366,0.0493159,0
0.0496316,0.049682,0.0497308,0.049778,0.0498237,0.0498677,0.0499102,0.0499512,0.0499905,0.0500282,0.0500643,0.0500988,0.0501317,0.050163,0.0501926,0.0502206,0.050247,0.0502718,0.0502949,0.0503164,0.0503362,0.0503544,0.0503711,0.0503858,0.0503993,0.0504106,0.0504208,0.050429,0.0504355,0.0504407,0.0504439,0.0504454,0.0504457,0.0504439,0.0504405,0.0504357,0.0504289,0.0504206,0.0504109,0.0503991,0.050386,0.0503709,0.0503545,0.0503364,0.0503161,0.0502951,0.0502717,0.050247,0.0502207,0.0501926,0.0501628,0.0501318,0.0500987,0.0500643,0.0500283,0.0499904,0.0499513,0.0499101,0.0498679,0.0498238,0.049778,0.0497308,0.0496819,0.0496316,0
0.0499478,0.0499985,0.0500476,0.0500951,0.0501411,0.0501854,0.0502282,0.0502694,0.0503089,0.0503469,0.0503832,0.050418,0.050451,0.0504825,0.0505124,0.0505406,0.0505671,0.050592,0.0506153,0.0506369,0.0506569,0.0506753,0.0506918,0.0507067,0.0507202,0.0507319,0.0507419,0.0507503,0.0507569,0.0507618,0.0507653,0.0507669,0.0507669,0.0507652,0.0507619,0.0507568,0.0507504,0.0507419,0.0507318,0.0507201,0.0507071,0.0506918,0.0506752,0.0506568,0.050637,0.0506153,0.0505919,0.0505672,0.0505407,0.0505123,0.0504823,0.0504513,0.0504179,0.0503833,0.0503466,0.0503092,0.0502691,0.0502284,0.0501854,0.0501411,0.0500951,0.0500476,0.0499985,0.0499477,0
