0.0397757,0.0397757,0.0397757,0.0397757,0.0397757,0.0397757,0.0397757,0.0397757,0.0397757,0.0397757,0.0397757,0.0397757,0.0397757,0.0397757,0.0397757,0.0397757,0.0397757,0.0397757,0.0397757,0.0397757,0.0397757,0.0397757,0.0397757,0.0397757,0.0397757,0.0397757,0.0397757,0.0397757,0.0397757,0.0397757,0.0397757,0.0397757,0.0397757,0.0397757,0.0397757,0.0397757,0.0397757,0.0397757,0.0397757,0.0397757,0.0397757,0.0397757,0.0397757,0.0397757,0.0397757,0.0397757,0.0397757,0.0397757,0.0397757,0.0397757,0.0397757,0.0397757,0.0397757,0.0397757,0.0397757,0.0397757,0.0397757,0.0397757,0.0397757,0.0397757,0.0397757,0.0397757,0.0397757,0.0397757
0.0397774,0.0397774,0.0397774,0.0397774,0.0397774,0.0397774,0.0397774,0.0397774,0.0397774,0.0397774,0.0397774,0.0397774,0.0397774,0.0397774,0.0397774,0.0397774,0.0397774,0.0397774,0.0397774,0.0397774,0.0397774,0.0397774,0.0397774,0.0397774,0.0397774,0.0397774,0.0397774,0.0397774,0.0397774,0.0397774,0.0397774,0.0397774,0.0397774,0.0397774,0.0397774,0.0397774,0.0397774,0.0397774,0.0397774,0.0397774,0.0397774,0.0397774,0.0397774,0.0397774,0.0397774,0.0397774,0.0397774,0.0397774,0.0397774,0.0397774,0.0397774,0.0397774,0.0397774,0.0397774,0.0397774,0.0397774,0.0397774,0.0397774,0.0397774,0.0397774,0.0397774,0.0397774,0.0397774,0.0397774
0.0397791,0.0397791,0.0397791,0.0397791,0.0397791,0.0397791,0.0397791,0.0397791,0.0397791,0.0397791,0.0397791,0.0397791,0.0397791,0.0397791,0.0397791,0.0397791,0.0397791,0.0397791,0.0397791,0.0397791,0.0397791,0.0397791,0.0397791,0.0397791,0.0397791,0.0397791,0.0397791,0.0397791,0.0397791,0.0397791,0.0397791,0.0397791,0.0397791,0.0397791,0.0397791,0.0397791,0.0397791,0.0397791,0.0397791,0.0397791,0.0397791,0.0397791,0.0397791,0.0397791,0.0397791,0.0397791,0.0397791,0.0397791,0.0397791,0.0397791,0.0397791,0.0397791,0.0397791,0.0397791,0.0397791,0.0397791,0.0397791,0.0397791,0.0397791,0.0397791,0.0397791,0.0397791,0.0397791,0.0397791
0.0397807,0.0397807,0.0397807,0.0397807,0.0397807,0.0397807,0.0397807,0.0397807,0.0397807,0.0397807,0.0397807,0.0397807,0.0397807,0.0397807,0.0397807,0.0397807,0.0397807,0.0397807,0.0397807,0.0397807,0.0397807,0.0397807,0.0397807,0.0397807,0.0397807,0.0397807,0.0397807,0.0397807,0.0397807,0.0397807,0.0397807,0.0397807,0.0397807,0.0397807,0.0397807,0.0397807,0.0397807,0.0397807,0.0397807,0.0397807,0.0397807,0.0397807,0.0397807,0.0397807,0.0397807,0.0397807,0.0397807,0.0397807,0.0397807,0.0397807,0.0397807,0.0397807,0.0397807,0.0397807,0.0397807,0.0397807,0.0397807,0.0397807,0.0397807,0.0397807,0.0397807,0.0397807,0.0397807,0.0397807
0.0397824,0.0397824,0.0397824,0.0397824,0.0397824,0.0397824,0.0397824,0.0397824,0.0397824,0.0397824,0.0397824,0.0397824,0.0397824,0.0397824,0.0397824,0.0397824,0.0397824,0.0397824,0.0397824,0.0397824,0.0397824,0.0397824,0.0397824,0.0397824,0.0397824,0.0397824,0.0397824,0.0397824,0.0397824,0.0397824,0.0397824,0.0397824,0.0397824,0.0397824,0.0397824,0.0397824,0.0397824,0.0397824,0.0397824,0.0397824,0.0397824,0.0397824,0.0397824,0.0397824,0.0397824,0.0397824,0.0397824,0.0397824,0.0397824,0.0397824,0.0397824,0.0397824,0.0397824,0.0397824,0.0397824,0.0397824,0.0397824,0.0397824,0.0397824,0.0397824,0.0397824,0.0397824,0.0397824,0.0397824
0.039784,0.039784,0.039784,0.039784,0.039784,0.039784,0.039784,0.039784,0.039784,0.039784,0.039784,0.039784,0.039784,0.039784,0.039784,0.039784,0.039784,0.039784,0.039784,0.039784,0.039784,0.039784,0.039784,0.039784,0.039784,0.039784,0.039784,0.039784,0.039784,0.039784,0.039784,0.039784,0.039784,0.039784,0.039784,0.039784,0.039784,0.039784,0.039784,0.039784,0.039784,0.039784,0.039784,0.039784,0.039784,0.039784,0.039784,0.039784,0.039784,0.039784,0.039784,0.039784,0.039784,0.039784,0.039784,0.039784,0.039784,0.039784,0.039784,0.039784,0.039784,0.039784,0.039784,0.039784
0.0397857,0.0397857,0.0397857,0.0397857,0.0397857,0.0397857,0.0397857,0.0397857,0.0397857,0.0397857,0.0397857,0.0397857,0.0397857,0.0397857,0.0397857,0.0397857,0.0397857,0.0397857,0.0397857,0.0397857,0.0397857,0.0397857,0.0397857,0.0397857,0.0397857,0.0397857,0.0397857,0.0397857,0.0397857,0.0397857,0.0397857,0.0397857,0.0397857,0.0397857,0.0397857,0.0397857,0.0397857,0.0397857,0.0397857,0.0397857,0.0397857,0.0397857,0.0397857,0.0397857,0.0397857,0.0397857,0.0397857,0.0397857,0.0397857,0.0397857,0.0397857,0.0397857,0.0397857,0.0397857,0.0397857,0.0397857,0.0397857,0.0397857,0.0397857,0.0397857,0.0397857,0.0397857,0.0397857,0.0397857
0.0397874,0.0397874,0.0397874,0.0397874,0.0397874,0.0397874,0.0397874,0.0397874,0.0397874,0.0397874,0.0397874,0.0397874,0.0397874,0.0397874,0.0397874,0.0397874,0.0397874,0.0397874,0.0397874,0.0397874,0.0397874,0.0397874,0.0397874,0.0397874,0.0397874,0.0397874,0.0397874,0.0397874,0.0397874,0.0397874,0.0397874,0.0397874,0.0397874,0.0397874,0.0397874,0.0397874,0.0397874,0.0397874,0.0397874,0.0397874,0.0397874,0.0397874,0.0397874,0.0397874,0.0397874,0.0397874,0.0397874,0.0397874,0.0397874,0.0397874,0.0397874,0.0397874,0.0397874,0.0397874,0.0397874,0.0397874,0.0397874,0.0397874,0.0397874,0.0397874,0.0397874,0.0397874,0.0397874,0.0397874
0.039789,0.039789,0.039789,0.039789,0.039789,0.039789,0.039789,0.039789,0.039789,0.039789,0.039789,0.039789,0.039789,0.039789,0.039789,0.039789,0.039789,0.039789,0.039789,0.039789,0.039789,0.039789,0.039789,0.039789,0.039789,0.039789,0.039789,0.039789,0.039789,0.039789,0.039789,0.039789,0.039789,0.039789,0.039789,0.039789,0.039789,0.039789,0.039789,0.039789,0.039789,0.039789,0.039789,0.039789,0.039789,0.039789,0.039789,0.039789,0.039789,0.039789,0.039789,0.039789,0.039789,0.039789,0.039789,0.039789,0.039789,0.039789,0.039789,0.039789,0.039789,0.039789,0.039789,0.039789
0.0397907,0.0397907,0.0397907,0.0397907,0.0397907,0.0397907,0.0397907,0.0397907,0.0397907,0.0397907,0.0397907,0.0397907,0.0397907,0.0397907,0.0397907,0.0397907,0.0397907,0.0397907,0.0397907,0.0397907,0.0397907,0.0397907,0.0397907,0.0397907,0.0397907,0.0397907,0.0397907,0.0397907,0.0397907,0.0397907,0.0397907,0.0397907,0.0397907,0.0397907,0.0397907,0.0397907,0.0397907,0.0397907,0.0397907,0.0397907,0.0397907,0.0397907,0.0397907,0.0397907,0.0397907,0.0397907,0.0397907,0.0397907,0.0397907,0.0397907,0.0397907,0.0397907,0.0397907,0.0397907,0.0397907,0.0397907,0.0397907,0.0397907,0.0397907,0.0397907,0.0397907,0.0397907,0.0397907,0.0397907
0.0397923,0.0397923,0.0397923,0.0397923,0.0397923,0.0397923,0.0397923,0.0397923,0.0397923,0.0397923,0.0397923,0.0397923,0.0397923,0.0397923,0.0397923,0.0397923,0.0397923,0.0397923,0.0397923,0.0397923,0.0397923,0.0397923,0.0397923,0.0397923,0.0397923,0.0397923,0.0397923,0.0397923,0.0397923,0.0397923,0.0397923,0.0397923,0.0397923,0.0397923,0.0397923,0.0397923,0.0397923,0.0397923,0.0397923,0.0397923,0.0397923,0.0397923,0.0397923,0.0397923,0.0397923,0.0397923,0.0397923,0.0397923,0.0397923,0.0397923,0.0397923,0.0397923,0.0397923,0.0397923,0.0397923,0.0397923,0.0397923,0.0397923,0.0397923,0.0397923,0.0397923,0.0397923,0.0397923,0.0397923
0.039794,0.039794,0.039794,0.039794,0.039794,0.039794,0.039794,0.039794,0.039794,0.039794,0.039794,0.039794,0.039794,0.039794,0.039794,0.039794,0.039794,0.039794,0.039794,0.039794,0.039794,0.039794,0.039794,0.039794,0.039794,0.039794,0.039794,0.039794,0.039794,0.039794,0.039794,0.039794,0.039794,0.039794,0.039794,0.039794,0.039794,0.039794,0.039794,0.039794,0.039794,0.039794,0.039794,0.039794,0.039794,0.039794,0.039794,0.039794,0.039794,0.039794,0.039794,0.039794,0.039794,0.039794,0.039794,0.039794,0.039794,0.039794,0.039794,0.039794,0.039794,0.039794,0.039794,0.039794
0.0397956,0.0397956,0.0397956,0.0397956,0.0397956,0.0397956,0.0397956,0.0397956,0.0397956,0.0397956,0.0397956,0.0397956,0.0397956,0.0397956,0.0397956,0.0397956,0.0397956,0.0397956,0.0397956,0.0397956,0.0397956,0.0397956,0.0397956,0.0397956,0.0397956,0.0397956,0.0397956,0.0397956,0.0397956,0.0397956,0.0397956,0.0397956,0.0397956,0.0397956,0.0397956,0.0397956,0.0397956,0.0397956,0.0397956,0.0397956,0.0397956,0.0397956,0.0397956,0.0397956,0.0397956,0.0397956,0.0397956,0.0397956,0.0397956,0.0397956,0.0397956,0.0397956,0.0397956,0.0397956,0.0397956,0.0397956,0.0397956,0.0397956,0.0397956,0.0397956,0.0397956,0.0397956,0.0397956,0.0397956
0.0397972,0.0397972,0.0397972,0.0397972,0.0397972,0.0397972,0.0397972,0.0397972,0.0397972,0.0397972,0.0397972,0.0397972,0.0397972,0.0397972,0.0397972,0.0397972,0.0397972,0.0397972,0.0397972,0.0397972,0.0397972,0.0397972,0.0397972,0.0397972,0.0397972,0.0397972,0.0397972,0.0397972,0.0397972,0.0397972,0.0397972,0.0397972,0.0397972,0.0397972,0.0397972,0.0397972,0.0397972,0.0397972,0.0397972,0.0397972,0.0397972,0.0397972,0.0397972,0.0397972,0.0397972,0.0397972,0.0397972,0.0397972,0.0397972,0.0397972,0.0397972,0.0397972,0.0397972,0.0397972,0.0397972,0.0397972,0.0397972,0.0397972,0.0397972,0.0397972,0.0397972,0.0397972,0.0397972,0.0397972
0.0397989,0.0397989,0.0397989,0.0397989,0.0397989,0.0397989,0.0397989,0.0397989,0.0397989,0.0397989,0.0397989,0.0397989,0.0397989,0.0397989,0.0397989,0.0397989,0.0397989,0.0397989,0.0397989,0.0397989,0.0397989,0.0397989,0.0397989,0.0397989,0.0397989,0.0397989,0.0397989,0.0397989,0.0397989,0.0397989,0.0397989,0.0397989,0.0397989,0.0397989,0.0397989,0.0397989,0.0397989,0.0397989,0.0397989,0.0397989,0.0397989,0.0397989,0.0397989,0.0397989,0.0397989,0.0397989,0.0397989,0.0397989,0.0397989,0.0397989,0.0397989,0.0397989,0.0397989,0.0397989,0.0397989,0.0397989,0.0397989,0.0397989,0.0397989,0.0397989,0.0397989,0.0397989,0.0397989,0.0397989
0.0398005,0.0398005,0.0398005,0.0398005,0.0398005,0.0398005,0.0398005,0.0398005,0.0398005,0.0398005,0.0398005,0.0398005,0.0398005,0.0398005,0.0398005,0.0398005,0.0398005,0.0398005,0.0398005,0.0398005,0.0398005,0.0398005,0.0398005,0.0398005,0.0398005,0.0398005,0.0398005,0.0398005,0.0398005,0.0398005,0.0398005,0.0398005,0.0398005,0.0398005,0.0398005,0.0398005,0.0398005,0.0398005,0.0398005,0.0398005,0.0398005,0.0398005,0.0398005,0.0398005,0.0398005,0.0398005,0.0398005,0.0398005,0.0398005,0.0398005,0.0398005,0.0398005,0.0398005,0.0398005,0.0398005,0.0398005,0.0398005,0.0398005,0.0398005,0.0398005,0.0398005,0.0398005,0.0398005,0.0398005
0.0398021,0.0398021,0.0398021,0.0398021,0.0398021,0.0398021,0.0398021,0.0398021,0.0398021,0.0398021,0.0398021,0.0398021,0.0398021,0.0398021,0.0398021,0.0398021,0.0398021,0.0398021,0.0398021,0.0398021,0.0398021,0.0398021,0.0398021,0.0398021,0.0398021,0.0398021,0.0398021,0.0398021,0.0398021,0.0398021,0.0398021,0.0398021,0.0398021,0.0398021,0.0398021,0.0398021,0.0398021,0.0398021,0.0398021,0.0398021,0.0398021,0.0398021,0.0398021,0.0398021,0.0398021,0.0398021,0.0398021,0.0398021,0.0398021,0.0398021,0.0398021,0.0398021,0.0398021,0.0398021,0.0398021,0.0398021,0.0398021,0.0398021,0.0398021,0.0398021,0.0398021,0.0398021,0.0398021,0.0398021
0.0398037,0.0398037,0.0398037,0.0398037,0.0398037,0.0398037,0.0398037,0.0398037,0.0398037,0.0398037,0.0398037,0.0398037,0.0398037,0.0398037,0.0398037,0.0398037,0.0398037,0.0398037,0.0398037,0.0398037,0.0398037,0.0398037,0.0398037,0.0398037,0.0398037,0.0398037,0.0398037,0.0398037,0.0398037,0.0398037,0.0398037,0.0398037,0.0398037,0.0398037,0.0398037,0.0398037,0.0398037,0.0398037,0.0398037,0.0398037,0.0398037,0.0398037,0.0398037,0.0398037,0.0398037,0.0398037,0.0398037,0.0398037,0.0398037,0.0398037,0.0398037,0.0398037,0.0398037,0.0398037,0.0398037,0.0398037,0.0398037,0.0398037,0.0398037,0.0398037,0.0398037,0.0398037,0.0398037,0.0398037
0.0398054,0.0398054,0.0398054,0.0398054,0.0398054,0.0398054,0.0398054,0.0398054,0.0398054,0.0398054,0.0398054,0.0398054,0.0398054,0.0398054,0.0398054,0.0398054,0.0398054,0.0398054,0.0398054,0.0398054,0.0398054,0.0398054,0.0398054,0.0398054,0.0398054,0.0398054,0.0398054,0.0398054,0.0398054,0.0398054,0.0398054,0.0398054,0.0398054,0.0398054,0.0398054,0.0398054,0.0398054,0.0398054,0.0398054,0.0398054,0.0398054,0.0398054,0.0398054,0.0398054,0.0398054,0.0398054,0.0398054,0.0398054,0.0398054,0.0398054,0.0398054,0.0398054,0.0398054,0.0398054,0.0398054,0.0398054,0.0398054,0.0398054,0.0398054,0.0398054,0.0398054,0.0398054,0.0398054,0.0398054
0.039807,0.039807,0.039807,0.039807,0.039807,0.039807,0.039807,0.039807,0.039807,0.039807,0.039807,0.039807,0.039807,0.039807,0.039807,0.039807,0.039807,0.039807,0.039807,0.039807,0.039807,0.039807,0.039807,0.039807,0.039807,0.039807,0.039807,0.039807,0.039807,0.039807,0.039807,0.039807,0.039807,0.039807,0.039807,0.039807,0.039807,0.039807,0.039807,0.039807,0.039807,0.039807,0.039807,0.039807,0.039807,0.039807,0.039807,0.039807,0.039807,0.039807,0.039807,0.039807,0.039807,0.039807,0.039807,0.039807,0.039807,0.039807,0.039807,0.039807,0.039807,0.039807,0.039807,0.039807
0.0398086,0.0398086,0.0398086,0.0398086,0.0398086,0.0398086,0.0398086,0.0398086,0.0398086,0.0398086,0.0398086,0.0398086,0.0398086,0.0398086,0.0398086,0.0398086,0.0398086,0.0398086,0.0398086,0.0398086,0.0398086,0.0398086,0.0398086,0.0398086,0.0398086,0.0398086,0.0398086,0.0398086,0.0398086,0.0398086,0.0398086,0.0398086,0.0398086,0.0398086,0.0398086,0.0398086,0.0398086,0.0398086,0.0398086,0.0398086,0.0398086,0.0398086,0.0398086,0.0398086,0.0398086,0.0398086,0.0398086,0.0398086,0.0398086,0.0398086,0.0398086,0.0398086,0.0398086,0.0398086,0.0398086,0.0398086,0.0398086,0.0398086,0.0398086,0.0398086,0.0398086,0.0398086,0.0398086,0.0398086
0.0398102,0.0398102,0.0398102,0.0398102,0.0398102,0.0398102,0.0398102,0.0398102,0.0398102,0.0398102,0.0398102,0.0398102,0.0398102,0.0398102,0.0398102,0.0398102,0.0398102,0.0398102,0.0398102,0.0398102,0.0398102,0.0398102,0.0398102,0.0398102,0.0398102,0.0398102,0.0398102,0.0398102,0.0398102,0.0398102,0.0398102,0.0398102,0.0398102,0.0398102,0.0398102,0.0398102,0.0398102,0.0398102,0.0398102,0.0398102,0.0398102,0.0398102,0.0398102,0.0398102,0.0398102,0.0398102,0.0398102,0.0398102,0.0398102,0.0398102,0.0398102,0.0398102,0.0398102,0.0398102,0.0398102,0.0398102,0.0398102,0.0398102,0.0398102,0.0398102,0.0398102,0.0398102,0.0398102,0.0398102
0.0398119,0.0398119,0.0398119,0.0398119,0.0398119,0.0398119,0.0398119,0.0398119,0.0398119,0.0398119,0.0398119,0.0398119,0.0398119,0.0398119,0.0398119,0.0398119,0.0398119,0.0398119,0.0398119,0.0398119,0.0398119,0.0398119,0.0398119,0.0398119,0.0398119,0.0398119,0.0398119,0.0398119,0.0398119,0.0398119,0.0398119,0.0398119,0.0398119,0.0398119,0.0398119,0.0398119,0.0398119,0.0398119,0.0398119,0.0398119,0.0398119,0.0398119,0.0398119,0.0398119,0.0398119,0.0398119,0.0398119,0.0398119,0.0398119,0.0398119,0.0398119,0.0398119,0.0398119,0.0398119,0.0398119,0.0398119,0.0398119,0.0398119,0.0398119,0.0398119,0.0398119,0.0398119,0.0398119,0.0398119
0.0398135,0.0398135,0.0398135,0.0398135,0.0398135,0.0398135,0.0398135,0.0398135,0.0398135,0.0398135,0.0398135,0.0398135,0.0398135,0.0398135,0.0398135,0.0398135,0.0398135,0.0398135,0.0398135,0.0398135,0.0398135,0.0398135,0.0398135,0.0398135,0.0398135,0.0398135,0.0398135,0.0398135,0.0398135,0.0398135,0.0398135,0.0398135,0.0398135,0.0398135,0.0398135,0.0398135,0.0398135,0.0398135,0.0398135,0.0398135,0.0398135,0.0398135,0.0398135,0.0398135,0.0398135,0.0398135,0.0398135,0.0398135,0.0398135,0.0398135,0.0398135,0.0398135,0.0398135,0.0398135,0.0398135,0.0398135,0.0398135,0.0398135,0.0398135,0.0398135,0.0398135,0.0398135,0.0398135,0.0398135
0.0398151,0.0398151,0.0398151,0.0398151,0.0398151,0.0398151,0.0398151,0.0398151,0.0398151,0.0398151,0.0398151,0.0398151,0.0398151,0.0398151,0.0398151,0.0398151,0.0398151,0.0398151,0.0398151,0.0398151,0.0398151,0.0398151,0.0398151,0.0398151,0.0398151,0.0398151,0.0398151,0.0398151,0.0398151,0.0398151,0.0398151,0.0398151,0.0398151,0.0398151,0.0398151,0.0398151,0.0398151,0.0398151,0.0398151,0.0398151,0.0398151,0.0398151,0.0398151,0.0398151,0.0398151,0.0398151,0.0398151,0.0398151,0.0398151,0.0398151,0.0398151,0.0398151,0.0398151,0.0398151,0.0398151,0.0398151,0.0398151,0.0398151,0.0398151,0.0398151,0.0398151,0.0398151,0.0398151,0.0398151
0.0398167,0.0398167,0.0398167,0.0398167,0.0398167,0.0398167,0.0398167,0.0398167,0.0398167,0.0398167,0.0398167,0.0398167,0.0398167,0.0398167,0.0398167,0.0398167,0.0398167,0.0398167,0.0398167,0.0398167,0.0398167,0.0398167,0.0398167,0.0398167,0.0398167,0.0398167,0.0398167,0.0398167,0.0398167,0.0398167,0.0398167,0.0398167,0.0398167,0.0398167,0.0398167,0.0398167,0.0398167,0.0398167,0.0398167,0.0398167,0.0398167,0.0398167,0.0398167,0.0398167,0.0398167,0.0398167,0.0398167,0.0398167,0.0398167,0.0398167,0.0398167,0.0398167,0.0398167,0.0398167,0.0398167,0.0398167,0.0398167,0.0398167,0.0398167,0.0398167,0.0398167,0.0398167,0.0398167,0.0398167
0.0398183,0.0398183,0.0398183,0.0398183,0.0398183,0.0398183,0.0398183,0.0398183,0.0398183,0.0398183,0.0398183,0.0398183,0.0398183,0.0398183,0.0398183,0.0398183,0.0398183,0.0398183,0.0398183,0.0398183,0.0398183,0.0398183,0.0398183,0.0398183,0.0398183,0.0398183,0.0398183,0.0398183,0.0398183,0.0398183,0.0398183,0.0398183,0.0398183,0.0398183,0.0398183,0.0398183,0.0398183,0.0398183,0.0398183,0.0398183,0.0398183,0.0398183,0.0398183,0.0398183,0.0398183,0.0398183,0.0398183,0.0398183,0.0398183,0.0398183,0.0398183,0.0398183,0.0398183,0.0398183,0.0398183,0.0398183,0.0398183,0.0398183,0.0398183,0.0398183,0.0398183,0.0398183,0.0398183,0.0398183
0.0398198,0.0398198,0.0398198,0.0398198,0.0398198,0.0398198,0.0398198,0.0398198,0.0398198,0.0398198,0.0398198,0.0398198,0.0398198,0.0398198,0.0398198,0.0398198,0.0398198,0.0398198,0.0398198,0.0398198,0.0398198,0.0398198,0.0398198,0.0398198,0.0398198,0.0398198,0.0398198,0.0398198,0.0398198,0.0398198,0.0398198,0.0398198,0.0398198,0.0398198,0.0398198,0.0398198,0.0398198,0.0398198,0.0398198,0.0398198,0.0398198,0.0398198,0.0398198,0.0398198,0.0398198,0.0398198,0.0398198,0.0398198,0.0398198,0.0398198,0.0398198,0.0398198,0.0398198,0.0398198,0.0398198,0.0398198,0.0398198,0.0398198,0.0398198,0.0398198,0.0398198,0.0398198,0.0398198,0.0398198
0.0398215,0.0398215,0.0398215,0.0398215,0.0398215,0.0398215,0.0398215,0.0398215,0.0398215,0.0398215,0.0398215,0.0398215,0.0398215,0.0398215,0.0398215,0.0398215,0.0398215,0.0398215,0.0398215,0.0398215,0.0398215,0.0398215,0.0398215,0.0398215,0.0398215,0.0398215,0.0398215,0.0398215,0.0398215,0.0398215,0.0398215,0.0398215,0.0398215,0.0398215,0.0398215,0.0398215,0.0398215,0.0398215,0.0398215,0.0398215,0.0398215,0.0398215,0.0398215,0.0398215,0.0398215,0.0398215,0.0398215,0.0398215,0.0398215,0.0398215,0.0398215,0.0398215,0.0398215,0.0398215,0.0398215,0.0398215,0.0398215,0.0398215,0.0398215,0.0398215,0.0398215,0.0398215,0.0398215,0.0398215
0.0398231,0.0398231,0.0398231,0.0398231,0.0398231,0.0398231,0.0398231,0.0398231,0.0398231,0.0398231,0.0398231,0.0398231,0.0398231,0.0398231,0.0398231,0.0398231,0.0398231,0.0398231,0.0398231,0.0398231,0.0398231,0.0398231,0.0398231,0.0398231,0.0398231,0.0398231,0.0398231,0.0398231,0.0398231,0.0398231,0.0398231,0.0398231,0.0398231,0.0398231,0.0398231,0.0398231,0.0398231,0.0398231,0.0398231,0.0398231,0.0398231,0.0398231,0.0398231,0.0398231,0.0398231,0.0398231,0.0398231,0.0398231,0.0398231,0.0398231,0.0398231,0.0398231,0.0398231,0.0398231,0.0398231,0.0398231,0.0398231,0.0398231,0.0398231,0.0398231,0.0398231,0.0398231,0.0398231,0.0398231
0.0398246,0.0398246,0.0398246,0.0398246,0.0398246,0.0398246,0.0398246,0.0398246,0.0398246,0.0398246,0.0398246,0.0398246,0.0398246,0.0398246,0.0398246,0.0398246,0.0398246,0.0398246,0.0398246,0.0398246,0.0398246,0.0398246,0.0398246,0.0398246,0.0398246,0.0398246,0.0398246,0.0398246,0.0398246,0.0398246,0.0398246,0.0398246,0.0398246,0.0398246,0.0398246,0.0398246,0.0398246,0.0398246,0.0398246,0.0398246,0.0398246,0.0398246,0.0398246,0.0398246,0.0398246,0.0398246,0.0398246,0.0398246,0.0398246,0.0398246,0.0398246,0.0398246,0.0398246,0.0398246,0.0398246,0.0398246,0.0398246,0.0398246,0.0398246,0.0398246,0.0398246,0.0398246,0.0398246,0.0398246
0.0398263,0.0398263,0.0398263,0.0398263,0.0398263,0.0398263,0.0398263,0.0398263,0.0398263,0.0398263,0.0398263,0.0398263,0.0398263,0.0398263,0.0398263,0.0398263,0.0398263,0.0398263,0.0398263,0.0398263,0.0398263,0.0398263,0.0398263,0.0398263,0.0398263,0.0398263,0.0398263,0.0398263,0.0398263,0.0398263,0.0398263,0.0398263,0.0398263,0.0398263,0.0398263,0.0398263,0.0398263,0.0398263,0.0398263,0.0398263,0.0398263,0.0398263,0.0398263,0.0398263,0.0398263,0.0398263,0.0398263,0.0398263,0.0398263,0.0398263,0.0398263,0.0398263,0.0398263,0.0398263,0.0398263,0.0398263,0.0398263,0.0398263,0.0398263,0.0398263,0.0398263,0.0398263,0.0398263,0.0398263
0.0398278,0.0398278,0.0398278,0.0398278,0.0398278,0.0398278,0.0398278,0.0398278,0.0398278,0.0398278,0.0398278,0.0398278,0.0398278,0.0398278,0.0398278,0.0398278,0.0398278,0.0398278,0.0398278,0.0398278,0.0398278,0.0398278,0.0398278,0.0398278,0.0398278,0.0398278,0.0398278,0.0398278,0.0398278,0.0398278,0.0398278,0.0398278,0.0398278,0.0398278,0.0398278,0.0398278,0.0398278,0.0398278,0.0398278,0.0398278,0.0398278,0.0398278,0.0398278,0.0398278,0.0398278,0.0398278,0.0398278,0.0398278,0.0398278,0.0398278,0.0398278,0.0398278,0.0398278,0.0398278,0.0398278,0.0398278,0.0398278,0.0398278,0.0398278,0.0398278,0.0398278,0.0398278,0.0398278,0.0398278
0.0398294,0.0398294,0.0398294,0.0398294,0.0398294,0.0398294,0.0398294,0.0398294,0.0398294,0.0398294,0.0398294,0.0398294,0.0398294,0.0398294,0.0398294,0.0398294,0.0398294,0.0398294,0.0398294,0.0398294,0.0398294,0.0398294,0.0398294,0.0398294,0.0398294,0.0398294,0.0398294,0.0398294,0.0398294,0.0398294,0.0398294,0.0398294,0.0398294,0.0398294,0.0398294,0.0398294,0.0398294,0.0398294,0.0398294,0.0398294,0.0398294,0.0398294,0.0398294,0.0398294,0.0398294,0.0398294,0.0398294,0.0398294,0.0398294,0.0398294,0.0398294,0.0398294,0.0398294,0.0398294,0.0398294,0.0398294,0.0398294,0.0398294,0.0398294,0.0398294,0.0398294,0.0398294,0.0398294,0.0398294
0.039831,0.039831,0.039831,0.039831,0.039831,0.039831,0.039831,0.039831,0.039831,0.039831,0.039831,0.039831,0.039831,0.039831,0.039831,0.039831,0.039831,0.039831,0.039831,0.039831,0.039831,0.039831,0.039831,0.039831,0.039831,0.039831,0.039831,0.039831,0.039831,0.039831,0.039831,0.039831,0.039831,0.039831,0.039831,0.039831,0.039831,0.039831,0.039831,0.039831,0.039831,0.039831,0.039831,0.039831,0.039831,0.039831,0.039831,0.039831,0.039831,0.039831,0.039831,0.039831,0.039831,0.039831,0.039831,0.039831,0.039831,0.039831,0.039831,0.039831,0.039831,0.039831,0.039831,0.039831
0.0398325,0.0398325,0.0398325,0.0398325,0.0398325,0.0398325,0.0398325,0.0398325,0.0398325,0.0398325,0.0398325,0.0398325,0.0398325,0.0398325,0.0398325,0.0398325,0.0398325,0.0398325,0.0398325,0.0398325,0.0398325,0.0398325,0.0398325,0.0398325,0.0398325,0.0398325,0.0398325,0.0398325,0.0398325,0.0398325,0.0398325,0.0398325,0.0398325,0.0398325,0.0398325,0.0398325,0.0398325,0.0398325,0.0398325,0.0398325,0.0398325,0.0398325,0.0398325,0.0398325,0.0398325,0.0398325,0.0398325,0.0398325,0.0398325,0.0398325,0.0398325,0.0398325,0.0398325,0.0398325,0.0398325,0.0398325,0.0398325,0.0398325,0.0398325,0.0398325,0.0398325,0.0398325,0.0398325,0.0398325
0.0398341,0.0398341,0.0398341,0.0398341,0.0398341,0.0398341,0.0398341,0.0398341,0.0398341,0.0398341,0.0398341,0.0398341,0.0398341,0.0398341,0.0398341,0.0398341,0.0398341,0.0398341,0.0398341,0.0398341,0.0398341,0.0398341,0.0398341,0.0398341,0.0398341,0.0398341,0.0398341,0.0398341,0.0398341,0.0398341,0.0398341,0.0398341,0.0398341,0.0398341,0.0398341,0.0398341,0.0398341,0.0398341,0.0398341,0.0398341,0.0398341,0.0398341,0.0398341,0.0398341,0.0398341,0.0398341,0.0398341,0.0398341,0.0398341,0.0398341,0.0398341,0.0398341,0.0398341,0.0398341,0.0398341,0.0398341,0.0398341,0.0398341,0.0398341,0.0398341,0.0398341,0.0398341,0.0398341,0.0398341
0.0398358,0.0398358,0.0398358,0.0398358,0.0398358,0.0398358,0.0398358,0.0398358,0.0398358,0.0398358,0.0398358,0.0398358,0.0398358,0.0398358,0.0398358,0.0398358,0.0398358,0.0398358,0.0398358,0.0398358,0.0398358,0.0398358,0.0398358,0.0398358,0.0398358,0.0398358,0.0398358,0.0398358,0.0398358,0.0398358,0.0398358,0.0398358,0.0398358,0.0398358,0.0398358,0.0398358,0.0398358,0.0398358,0.0398358,0.0398358,0.0398358,0.0398358,0.0398358,0.0398358,0.0398358,0.0398358,0.0398358,0.0398358,0.0398358,0.0398358,0.0398358,0.0398358,0.0398358,0.0398358,0.0398358,0.0398358,0.0398358,0.0398358,0.0398358,0.0398358,0.0398358,0.0398358,0.0398358,0.0398358
0.0398372,0.0398372,0.0398372,0.0398372,0.0398372,0.0398372,0.0398372,0.0398372,0.0398372,0.0398372,0.0398372,0.0398372,0.0398372,0.0398372,0.0398372,0.0398372,0.0398372,0.0398372,0.0398372,0.0398372,0.0398372,0.0398372,0.0398372,0.0398372,0.0398372,0.0398372,0.0398372,0.0398372,0.0398372,0.0398372,0.0398372,0.0398372,0.0398372,0.0398372,0.0398372,0.0398372,0.0398372,0.0398372,0.0398372,0.0398372,0.0398372,0.0398372,0.0398372,0.0398372,0.0398372,0.0398372,0.0398372,0.0398372,0.0398372,0.0398372,0.0398372,0.0398372,0.0398372,0.0398372,0.0398372,0.0398372,0.0398372,0.0398372,0.0398372,0.0398372,0.0398372,0.0398372,0.0398372,0.0398372
0.0398388,0.0398388,0.0398388,0.0398388,0.0398388,0.0398388,0.0398388,0.0398388,0.0398388,0.0398388,0.0398388,0.0398388,0.0398388,0.0398388,0.0398388,0.0398388,0.0398388,0.0398388,0.0398388,0.0398388,0.0398388,0.0398388,0.0398388,0.0398388,0.0398388,0.0398388,0.0398388,0.0398388,0.0398388,0.0398388,0.0398388,0.0398388,0.0398388,0.0398388,0.0398388,0.0398388,0.0398388,0.0398388,0.0398388,0.0398388,0.0398388,0.0398388,0.0398388,0.0398388,0.0398388,0.0398388,0.0398388,0.0398388,0.0398388,0.0398388,0.0398388,0.0398388,0.0398388,0.0398388,0.0398388,0.0398388,0.0398388,0.0398388,0.0398388,0.0398388,0.0398388,0.0398388,0.0398388,0.0398388
0.0398405,0.0398405,0.0398405,0.0398405,0.0398405,0.0398405,0.0398405,0.0398405,0.0398405,0.0398405,0.0398405,0.0398405,0.0398405,0.0398405,0.0398405,0.0398405,0.0398405,0.0398405,0.0398405,0.0398405,0.0398405,0.0398405,0.0398405,0.0398405,0.0398405,0.0398405,0.0398405,0.0398405,0.0398405,0.0398405,0.0398405,0.0398405,0.0398405,0.0398405,0.0398405,0.0398405,0.0398405,0.0398405,0.0398405,0.0398405,0.0398405,0.0398405,0.0398405,0.0398405,0.0398405,0.0398405,0.0398405,0.0398405,0.0398405,0.0398405,0.0398405,0.0398405,0.0398405,0.0398405,0.0398405,0.0398405,0.0398405,0.0398405,0.0398405,0.0398405,0.0398405,0.0398405,0.0398405,0.0398405
0.0398419,0.0398419,0.0398419,0.0398419,0.0398419,0.0398419,0.0398419,0.0398419,0.0398419,0.0398419,0.0398419,0.0398419,0.0398419,0.0398419,0.0398419,0.0398419,0.0398419,0.0398419,0.0398419,0.0398419,0.0398419,0.0398419,0.0398419,0.0398419,0.0398419,0.0398419,0.0398419,0.0398419,0.0398419,0.0398419,0.0398419,0.0398419,0.0398419,0.0398419,0.0398419,0.0398419,0.0398419,0.0398419,0.0398419,0.0398419,0.0398419,0.0398419,0.0398419,0.0398419,0.0398419,0.0398419,0.0398419,0.0398419,0.0398419,0.0398419,0.0398419,0.0398419,0.0398419,0.0398419,0.0398419,0.0398419,0.0398419,0.0398419,0.0398419,0.0398419,0.0398419,0.0398419,0.0398419,0.0398419
0.0398434,0.0398434,0.0398434,0.0398434,0.0398434,0.0398434,0.0398434,0.0398434,0.0398434,0.0398434,0.0398434,0.0398434,0.0398434,0.0398434,0.0398434,0.0398434,0.0398434,0.0398434,0.0398434,0.0398434,0.0398434,0.0398434,0.0398434,0.0398434,0.0398434,0.0398434,0.0398434,0.0398434,0.0398434,0.0398434,0.0398434,0.0398434,0.0398434,0.0398434,0.0398434,0.0398434,0.0398434,0.0398434,0.0398434,0.0398434,0.0398434,0.0398434,0.0398434,0.0398434,0.0398434,0.0398434,0.0398434,0.0398434,0.0398434,0.0398434,0.0398434,0.0398434,0.0398434,0.0398434,0.0398434,0.0398434,0.0398434,0.0398434,0.0398434,0.0398434,0.0398434,0.0398434,0.0398434,0.0398434
0.0398451,0.0398451,0.0398451,0.0398451,0.0398451,0.0398451,0.0398451,0.0398451,0.0398451,0.0398451,0.0398451,0.0398451,0.0398451,0.0398451,0.0398451,0.0398451,0.0398451,0.0398451,0.0398451,0.0398451,0.0398451,0.0398451,0.0398451,0.0398451,0.0398451,0.0398451,0.0398451,0.0398451,0.0398451,0.0398451,0.0398451,0.0398451,0.0398451,0.0398451,0.0398451,0.0398451,0.0398451,0.0398451,0.0398451,0.0398451,0.0398451,0.0398451,0.0398451,0.0398451,0.0398451,0.0398451,0.0398451,0.0398451,0.0398451,0.0398451,0.0398451,0.0398451,0.0398451,0.0398451,0.0398451,0.0398451,0.0398451,0.0398451,0.0398451,0.0398451,0.0398451,0.0398451,0.0398451,0.0398451
0.0398467,0.0398467,0.0398467,0.0398467,0.0398467,0.0398467,0.0398467,0.0398467,0.0398467,0.0398467,0.0398467,0.0398467,0.0398467,0.0398467,0.0398467,0.0398467,0.0398467,0.0398467,0.0398467,0.0398467,0.0398467,0.0398467,0.0398467,0.0398467,0.0398467,0.0398467,0.0398467,0.0398467,0.0398467,0.0398467,0.0398467,0.0398467,0.0398467,0.0398467,0.0398467,0.0398467,0.0398467,0.0398467,0.0398467,0.0398467,0.0398467,0.0398467,0.0398467,0.0398467,0.0398467,0.0398467,0.0398467,0.0398467,0.0398467,0.0398467,0.0398467,0.0398467,0.0398467,0.0398467,0.0398467,0.0398467,0.0398467,0.0398467,0.0398467,0.0398467,0.0398467,0.0398467,0.0398467,0.0398467
0.0398482,0.0398482,0.0398482,0.0398482,0.0398482,0.0398482,0.0398482,0.0398482,0.0398482,0.0398482,0.0398482,0.0398482,0.0398482,0.0398482,0.0398482,0.0398482,0.0398482,0.0398482,0.0398482,0.0398482,0.0398482,0.0398482,0.0398482,0.0398482,0.0398482,0.0398482,0.0398482,0.0398482,0.0398482,0.0398482,0.0398482,0.0398482,0.0398482,0.0398482,0.0398482,0.0398482,0.0398482,0.0398482,0.0398482,0.0398482,0.0398482,0.0398482,0.0398482,0.0398482,0.0398482,0.0398482,0.0398482,0.0398482,0.0398482,0.0398482,0.0398482,0.0398482,0.0398482,0.0398482,0.0398482,0.0398482,0.0398482,0.0398482,0.0398482,0.0398482,0.0398482,0.0398482,0.0398482,0.0398482
0.0398496,0.0398496,0.0398496,0.0398496,0.0398496,0.0398496,0.0398496,0.0398496,0.0398496,0.0398496,0.0398496,0.0398496,0.0398496,0.0398496,0.0398496,0.0398496,0.0398496,0.0398496,0.0398496,0.0398496,0.0398496,0.0398496,0.0398496,0.0398496,0.0398496,0.0398496,0.0398496,0.0398496,0.0398496,0.0398496,0.0398496,0.0398496,0.0398496,0.0398496,0.0398496,0.0398496,0.0398496,0.0398496,0.0398496,0.0398496,0.0398496,0.0398496,0.0398496,0.0398496,0.0398496,0.0398496,0.0398496,0.0398496,0.0398496,0.0398496,0.0398496,0.0398496,0.0398496,0.0398496,0.0398496,0.0398496,0.0398496,0.0398496,0.0398496,0.0398496,0.0398496,0.0398496,0.0398496,0.0398496
0.0398512,0.0398512,0.0398512,0.0398512,0.0398512,0.0398512,0.0398512,0.0398512,0.0398512,0.0398512,0.0398512,0.0398512,0.0398512,0.0398512,0.0398512,0.0398512,0.0398512,0.0398512,0.0398512,0.0398512,0.0398512,0.0398512,0.0398512,0.0398512,0.0398512,0.0398512,0.0398512,0.0398512,0.0398512,0.0398512,0.0398512,0.0398512,0.0398512,0.0398512,0.0398512,0.0398512,0.0398512,0.0398512,0.0398512,0.0398512,0.0398512,0.0398512,0.0398512,0.0398512,0.0398512,0.0398512,0.0398512,0.0398512,0.0398512,0.0398512,0.0398512,0.0398512,0.0398512,0.0398512,0.0398512,0.0398512,0.0398512,0.0398512,0.0398512,0.0398512,0.0398512,0.0398512,0.0398512,0.0398512
0.0398529,0.0398529,0.0398529,0.0398529,0.0398529,0.0398529,0.0398529,0.0398529,0.0398529,0.0398529,0.0398529,0.0398529,0.0398529,0.0398529,0.0398529,0.0398529,0.0398529,0.0398529,0.0398529,0.0398529,0.0398529,0.0398529,0.0398529,0.0398529,0.0398529,0.0398529,0.0398529,0.0398529,0.0398529,0.0398529,0.0398529,0.0398529,0.0398529,0.0398529,0.0398529,0.0398529,0.0398529,0.0398529,0.0398529,0.0398529,0.0398529,0.0398529,0.0398529,0.0398529,0.0398529,0.0398529,0.0398529,0.0398529,0.0398529,0.0398529,0.0398529,0.0398529,0.0398529,0.0398529,0.0398529,0.0398529,0.0398529,0.0398529,0.0398529,0.0398529,0.0398529,0.0398529,0.0398529,0.0398529
0.0398544,0.0398544,0.0398544,0.0398544,0.0398544,0.0398544,0.0398544,0.0398544,0.0398544,0.0398544,0.0398544,0.0398544,0.0398544,0.0398544,0.0398544,0.0398544,0.0398544,0.0398544,0.0398544,0.0398544,0.0398544,0.0398544,0.0398544,0.0398544,0.0398544,0.0398544,0.0398544,0.0398544,0.0398544,0.0398544,0.0398544,0.0398544,0.0398544,0.0398544,0.0398544,0.0398544,0.0398544,0.0398544,0.0398544,0.0398544,0.0398544,0.0398544,0.0398544,0.0398544,0.0398544,0.0398544,0.0398544,0.0398544,0.0398544,0.0398544,0.0398544,0.0398544,0.0398544,0.0398544,0.0398544,0.0398544,0.0398544,0.0398544,0.0398544,0.0398544,0.0398544,0.0398544,0.0398544,0.0398544
0.0398558,0.0398558,0.0398558,0.0398558,0.0398558,0.0398558,0.0398558,0.0398558,0.0398558,0.0398558,0.0398558,0.0398558,0.0398558,0.0398558,0.0398558,0.0398558,0.0398558,0.0398558,0.0398558,0.0398558,0.0398558,0.0398558,0.0398558,0.0398558,0.0398558,0.0398558,0.0398558,0.0398558,0.0398558,0.0398558,0.0398558,0.0398558,0.0398558,0.0398558,0.0398558,0.0398558,0.0398558,0.0398558,0.0398558,0.0398558,0.0398558,0.0398558,0.0398558,0.0398558,0.0398558,0.0398558,0.0398558,0.0398558,0.0398558,0.0398558,0.0398558,0.0398558,0.0398558,0.0398558,0.0398558,0.0398558,0.0398558,0.0398558,0.0398558,0.0398558,0.0398558,0.0398558,0.0398558,0.0398558
0.0398574,0.0398574,0.0398574,0.0398574,0.0398574,0.0398574,0.0398574,0.0398574,0.0398574,0.0398574,0.0398574,0.0398574,0.0398574,0.0398574,0.0398574,0.0398574,0.0398574,0.0398574,0.0398574,0.0398574,0.0398574,0.0398574,0.0398574,0.0398574,0.0398574,0.0398574,0.0398574,0.0398574,0.0398574,0.0398574,0.0398574,0.0398574,0.0398574,0.0398574,0.0398574,0.0398574,0.0398574,0.0398574,0.0398574,0.0398574,0.0398574,0.0398574,0.0398574,0.0398574,0.0398574,0.0398574,0.0398574,0.0398574,0.0398574,0.0398574,0.0398574,0.0398574,0.0398574,0.0398574,0.0398574,0.0398574,0.0398574,0.0398574,0.0398574,0.0398574,0.0398574,0.0398574,0.0398574,0.0398574
0.0398588,0.0398588,0.0398588,0.0398588,0.0398588,0.0398588,0.0398588,0.0398588,0.0398588,0.0398588,0.0398588,0.0398588,0.0398588,0.0398588,0.0398588,0.0398588,0.0398588,0.0398588,0.0398588,0.0398588,0.0398588,0.0398588,0.0398588,0.0398588,0.0398588,0.0398588,0.0398588,0.0398588,0.0398588,0.0398588,0.0398588,0.0398588,0.0398588,0.0398588,0.0398588,0.0398588,0.0398588,0.0398588,0.0398588,0.0398588,0.0398588,0.0398588,0.0398588,0.0398588,0.0398588,0.0398588,0.0398588,0.0398588,0.0398588,0.0398588,0.0398588,0.0398588,0.0398588,0.0398588,0.0398588,0.0398588,0.0398588,0.0398588,0.0398588,0.0398588,0.0398588,0.0398588,0.0398588,0.0398588
0.0398605,0.0398605,0.0398605,0.0398605,0.0398605,0.0398605,0.0398605,0.0398605,0.0398605,0.0398605,0.0398605,0.0398605,0.0398605,0.0398605,0.0398605,0.0398605,0.0398605,0.0398605,0.0398605,0.0398605,0.0398605,0.0398605,0.0398605,0.0398605,0.0398605,0.0398605,0.0398605,0.0398605,0.0398605,0.0398605,0.0398605,0.0398605,0.0398605,0.0398605,0.0398605,0.0398605,0.0398605,0.0398605,0.0398605,0.0398605,0.0398605,0.0398605,0.0398605,0.0398605,0.0398605,0.0398605,0.0398605,0.0398605,0.0398605,0.0398605,0.0398605,0.0398605,0.0398605,0.0398605,0.0398605,0.0398605,0.0398605,0.0398605,0.0398605,0.0398605,0.0398605,0.0398605,0.0398605,0.0398605
0.0398619,0.0398619,0.0398619,0.0398619,0.0398619,0.0398619,0.0398619,0.0398619,0.0398619,0.0398619,0.0398619,0.0398619,0.0398619,0.0398619,0.0398619,0.0398619,0.0398619,0.0398619,0.0398619,0.0398619,0.0398619,0.0398619,0.0398619,0.0398619,0.0398619,0.0398619,0.0398619,0.0398619,0.0398619,0.0398619,0.0398619,0.0398619,0.0398619,0.0398619,0.0398619,0.0398619,0.0398619,0.0398619,0.0398619,0.0398619,0.0398619,0.0398619,0.0398619,0.0398619,0.0398619,0.0398619,0.0398619,0.0398619,0.0398619,0.0398619,0.0398619,0.0398619,0.0398619,0.0398619,0.0398619,0.0398619,0.0398619,0.0398619,0.0398619,0.0398619,0.0398619,0.0398619,0.0398619,0.0398619
0.0398636,0.0398636,0.0398636,0.0398636,0.0398636,0.0398636,0.0398636,0.0398636,0.0398636,0.0398636,0.0398636,0.0398636,0.0398636,0.0398636,0.0398636,0.0398636,0.0398636,0.0398636,0.0398636,0.0398636,0.0398636,0.0398636,0.0398636,0.0398636,0.0398636,0.0398636,0.0398636,0.0398636,0.0398636,0.0398636,0.0398636,0.0398636,0.0398636,0.0398636,0.0398636,0.0398636,0.0398636,0.0398636,0.0398636,0.0398636,0.0398636,0.0398636,0.0398636,0.0398636,0.0398636,0.0398636,0.0398636,0.0398636,0.0398636,0.0398636,0.0398636,0.0398636,0.0398636,0.0398636,0.0398636,0.0398636,0.0398636,0.0398636,0.0398636,0.0398636,0.0398636,0.0398636,0.0398636,0.0398636
0.039865,0.039865,0.039865,0.039865,0.039865,0.039865,0.039865,0.039865,0.039865,0.039865,0.039865,0.039865,0.039865,0.039865,0.039865,0.039865,0.039865,0.039865,0.039865,0.039865,0.039865,0.039865,0.039865,0.039865,0.039865,0.039865,0.039865,0.039865,0.039865,0.039865,0.039865,0.039865,0.039865,0.039865,0.039865,0.039865,0.039865,0.039865,0.039865,0.039865,0.039865,0.039865,0.039865,0.039865,0.039865,0.039865,0.039865,0.039865,0.039865,0.039865,0.039865,0.039865,0.039865,0.039865,0.039865,0.039865,0.039865,0.039865,0.039865,0.039865,0.039865,0.039865,0.039865,0.039865
0.0398664,0.0398664,0.0398664,0.0398664,0.0398664,0.0398664,0.0398664,0.0398664,0.0398664,0.0398664,0.0398664,0.0398664,0.0398664,0.0398664,0.0398664,0.0398664,0.0398664,0.0398664,0.0398664,0.0398664,0.0398664,0.0398664,0.0398664,0.0398664,0.0398664,0.0398664,0.0398664,0.0398664,0.0398664,0.0398664,0.0398664,0.0398664,0.0398664,0.0398664,0.0398664,0.0398664,0.0398664,0.0398664,0.0398664,0.0398664,0.0398664,0.0398664,0.0398664,0.0398664,0.0398664,0.0398664,0.0398664,0.0398664,0.0398664,0.0398664,0.0398664,0.0398664,0.0398664,0.0398664,0.0398664,0.0398664,0.0398664,0.0398664,0.0398664,0.0398664,0.0398664,0.0398664,0.0398664,0.0398664
0.0398679,0.0398679,0.0398679,0.0398679,0.0398679,0.0398679,0.0398679,0.0398679,0.0398679,0.0398679,0.0398679,0.0398679,0.0398679,0.0398679,0.0398679,0.0398679,0.0398679,0.0398679,0.0398679,0.0398679,0.0398679,0.0398679,0.0398679,0.0398679,0.0398679,0.0398679,0.0398679,0.0398679,0.0398679,0.0398679,0.0398679,0.0398679,0.0398679,0.0398679,0.0398679,0.0398679,0.0398679,0.0398679,0.0398679,0.0398679,0.0398679,0.0398679,0.0398679,0.0398679,0.0398679,0.0398679,0.0398679,0.0398679,0.0398679,0.0398679,0.0398679,0.0398679,0.0398679,0.0398679,0.0398679,0.0398679,0.0398679,0.0398679,0.0398679,0.0398679,0.0398679,0.0398679,0.0398679,0.0398679
0.0398698,0.0398698,0.0398698,0.0398698,0.0398698,0.0398698,0.0398698,0.0398698,0.0398698,0.0398698,0.0398698,0.0398698,0.0398698,0.0398698,0.0398698,0.0398698,0.0398698,0.0398698,0.0398698,0.0398698,0.0398698,0.0398698,0.0398698,0.0398698,0.0398698,0.0398698,0.0398698,0.0398698,0.0398698,0.0398698,0.0398698,0.0398698,0.0398698,0.0398698,0.0398698,0.0398698,0.0398698,0.0398698,0.0398698,0.0398698,0.0398698,0.0398698,0.0398698,0.0398698,0.0398698,0.0398698,0.0398698,0.0398698,0.0398698,0.0398698,0.0398698,0.0398698,0.0398698,0.0398698,0.0398698,0.0398698,0.0398698,0.0398698,0.0398698,0.0398698,0.0398698,0.0398698,0.0398698,0.0398698
0.039871,0.039871,0.039871,0.039871,0.039871,0.039871,0.039871,0.039871,0.039871,0.039871,0.039871,0.039871,0.039871,0.039871,0.039871,0.039871,0.039871,0.039871,0.039871,0.039871,0.039871,0.039871,0.039871,0.039871,0.039871,0.039871,0.039871,0.039871,0.039871,0.039871,0.039871,0.039871,0.039871,0.039871,0.039871,0.039871,0.039871,0.039871,0.039871,0.039871,0.039871,0.039871,0.039871,0.039871,0.039871,0.039871,0.039871,0.039871,0.039871,0.039871,0.039871,0.039871,0.039871,0.039871,0.039871,0.039871,0.039871,0.039871,0.039871,0.039871,0.039871,0.039871,0.039871,0.039871
0.0398724,0.0398724,0.0398724,0.0398724,0.0398724,0.0398724,0.0398724,0.0398724,0.0398724,0.0398724,0.0398724,0.0398724,0.0398724,0.0398724,0.0398724,0.0398724,0.0398724,0.0398724,0.0398724,0.0398724,0.0398724,0.0398724,0.0398724,0.0398724,0.0398724,0.0398724,0.0398724,0.0398724,0.0398724,0.0398724,0.0398724,0.0398724,0.0398724,0.0398724,0.0398724,0.0398724,0.0398724,0.0398724,0.0398724,0.0398724,0.0398724,0.0398724,0.0398724,0.0398724,0.0398724,0.0398724,0.0398724,0.0398724,0.0398724,0.0398724,0.0398724,0.0398724,0.0398724,0.0398724,0.0398724,0.0398724,0.0398724,0.0398724,0.0398724,0.0398724,0.0398724,0.0398724,0.0398724,0.0398724
0.0398741,0.0398741,0.0398741,0.0398741,0.0398741,0.0398741,0.0398741,0.0398741,0.0398741,0.0398741,0.0398741,0.0398741,0.0398741,0.0398741,0.0398741,0.0398741,0.0398741,0.0398741,0.0398741,0.0398741,0.0398741,0.0398741,0.0398741,0.0398741,0.0398741,0.0398741,0.0398741,0.0398741,0.0398741,0.0398741,0.0398741,0.0398741,0.0398741,0.0398741,0.0398741,0.0398741,0.0398741,0.0398741,0.0398741,0.0398741,0.0398741,0.0398741,0.0398741,0.0398741,0.0398741,0.0398741,0.0398741,0.0398741,0.0398741,0.0398741,0.0398741,0.0398741,0.0398741,0.0398741,0.0398741,0.0398741,0.0398741,0.0398741,0.0398741,0.0398741,0.0398741,0.0398741,0.0398741,0.0398741
0.0398755,0.0398755,0.0398755,0.0398755,0.0398755,0.0398755,0.0398755,0.0398755,0.0398755,0.0398755,0.0398755,0.0398755,0.0398755,0.0398755,0.0398755,0.0398755,0.0398755,0.0398755,0.0398755,0.0398755,0.0398755,0.0398755,0.0398755,0.0398755,0.0398755,0.0398755,0.0398755,0.0398755,0.0398755,0.0398755,0.0398755,0.0398755,0.0398755,0.0398755,0.0398755,0.0398755,0.0398755,0.0398755,0.0398755,0.0398755,0.0398755,0.0398755,0.0398755,0.0398755,0.0398755,0.0398755,0.0398755,0.0398755,0.0398755,0.0398755,0.0398755,0.0398755,0.0398755,0.0398755,0.0398755,0.0398755,0.0398755,0.0398755,0.0398755,0.0398755,0.0398755,0.0398755,0.0398755,0.0398755
0.0398769,0.0398769,0.0398769,0.0398769,0.0398769,0.0398769,0.0398769,0.0398769,0.0398769,0.0398769,0.0398769,0.0398769,0.0398769,0.0398769,0.0398769,0.0398769,0.0398769,0.0398769,0.0398769,0.0398769,0.0398769,0.0398769,0.0398769,0.0398769,0.0398769,0.0398769,0.0398769,0.0398769,0.0398769,0.0398769,0.0398769,0.0398769,0.0398769,0.0398769,0.0398769,0.0398769,0.0398769,0.0398769,0.0398769,0.0398769,0.0398769,0.0398769,0.0398769,0.0398769,0.0398769,0.0398769,0.0398769,0.0398769,0.0398769,0.0398769,0.0398769,0.0398769,0.0398769,0.0398769,0.0398769,0.0398769,0.0398769,0.0398769,0.0398769,0.0398769,0.0398769,0.0398769,0.0398769,0.0398769
0.0398786,0.0398786,0.0398786,0.0398786,0.0398786,0.0398786,0.0398786,0.0398786,0.0398786,0.0398786,0.0398786,0.0398786,0.0398786,0.0398786,0.0398786,0.0398786,0.0398786,0.0398786,0.0398786,0.0398786,0.0398786,0.0398786,0.0398786,0.0398786,0.0398786,0.0398786,0.0398786,0.0398786,0.0398786,0.0398786,0.0398786,0.0398786,0.0398786,0.0398786,0.0398786,0.0398786,0.0398786,0.0398786,0.0398786,0.0398786,0.0398786,0.0398786,0.0398786,0.0398786,0.0398786,0.0398786,0.0398786,0.0398786,0.0398786,0.0398786,0.0398786,0.0398786,0.0398786,0.0398786,0.0398786,0.0398786,0.0398786,0.0398786,0.0398786,0.0398786,0.0398786,0.0398786,0.0398786,0.0398786
0.03988,0.03988,0.03988,0.03988,0.03988,0.03988,0.03988,0.03988,0.03988,0.03988,0.03988,0.03988,0.03988,0.03988,0.03988,0.03988,0.03988,0.03988,0.03988,0.03988,0.03988,0.03988,0.03988,0.03988,0.03988,0.03988,0.03988,0.03988,0.03988,0.03988,0.03988,0.03988,0.03988,0.03988,0.03988,0.03988,0.03988,0.03988,0.03988,0.03988,0.03988,0.03988,0.03988,0.03988,0.03988,0.03988,0.03988,0.03988,0.03988,0.03988,0.03988,0.03988,0.03988,0.03988,0.03988,0.03988,0.03988,0.03988,0.03988,0.03988,0.03988,0.03988,0.03988,0.03988
0.0398815,0.0398815,0.0398815,0.0398815,0.0398815,0.0398815,0.0398815,0.0398815,0.0398815,0.0398815,0.0398815,0.0398815,0.0398815,0.0398815,0.0398815,0.0398815,0.0398815,0.0398815,0.0398815,0.0398815,0.0398815,0.0398815,0.0398815,0.0398815,0.0398815,0.0398815,0.0398815,0.0398815,0.0398815,0.0398815,0.0398815,0.0398815,0.0398815,0.0398815,0.0398815,0.0398815,0.0398815,0.0398815,0.0398815,0.0398815,0.0398815,0.0398815,0.0398815,0.0398815,0.0398815,0.0398815,0.0398815,0.0398815,0.0398815,0.0398815,0.0398815,0.0398815,0.0398815,0.0398815,0.0398815,0.0398815,0.0398815,0.0398815,0.0398815,0.0398815,0.0398815,0.0398815,0.0398815,0.0398815
0.0398829,0.0398829,0.0398829,0.0398829,0.0398829,0.0398829,0.0398829,0.0398829,0.0398829,0.0398829,0.0398829,0.0398829,0.0398829,0.0398829,0.0398829,0.0398829,0.0398829,0.0398829,0.0398829,0.0398829,0.0398829,0.0398829,0.0398829,0.0398829,0.0398829,0.0398829,0.0398829,0.0398829,0.0398829,0.0398829,0.0398829,0.0398829,0.0398829,0.0398829,0.0398829,0.0398829,0.0398829,0.0398829,0.0398829,0.0398829,0.0398829,0.0398829,0.0398829,0.0398829,0.0398829,0.0398829,0.0398829,0.0398829,0.0398829,0.0398829,0.0398829,0.0398829,0.0398829,0.0398829,0.0398829,0.0398829,0.0398829,0.0398829,0.0398829,0.0398829,0.0398829,0.0398829,0.0398829,0.0398829
0.0398846,0.0398846,0.0398846,0.0398846,0.0398846,0.0398846,0.0398846,0.0398846,0.0398846,0.0398846,0.0398846,0.0398846,0.0398846,0.0398846,0.0398846,0.0398846,0.0398846,0.0398846,0.0398846,0.0398846,0.0398846,0.0398846,0.0398846,0.0398846,0.0398846,0.0398846,0.0398846,0.0398846,0.0398846,0.0398846,0.0398846,0.0398846,0.0398846,0.0398846,0.0398846,0.0398846,0.0398846,0.0398846,0.0398846,0.0398846,0.0398846,0.0398846,0.0398846,0.0398846,0.0398846,0.0398846,0.0398846,0.0398846,0.0398846,0.0398846,0.0398846,0.0398846,0.0398846,0.0398846,0.0398846,0.0398846,0.0398846,0.0398846,0.0398846,0.0398846,0.0398846,0.0398846,0.0398846,0.0398846
0.039886,0.039886,0.039886,0.039886,0.039886,0.039886,0.039886,0.039886,0.039886,0.039886,0.039886,0.039886,0.039886,0.039886,0.039886,0.039886,0.039886,0.039886,0.039886,0.039886,0.039886,0.039886,0.039886,0.039886,0.039886,0.039886,0.039886,0.039886,0.039886,0.039886,0.039886,0.039886,0.039886,0.039886,0.039886,0.039886,0.039886,0.039886,0.039886,0.039886,0.039886,0.039886,0.039886,0.039886,0.039886,0.039886,0.039886,0.039886,0.039886,0.039886,0.039886,0.039886,0.039886,0.039886,0.039886,0.039886,0.039886,0.039886,0.039886,0.039886,0.039886,0.039886,0.039886,0.039886
0.0398874,0.0398874,0.0398874,0.0398874,0.0398874,0.0398874,0.0398874,0.0398874,0.0398874,0.0398874,0.0398874,0.0398874,0.0398874,0.0398874,0.0398874,0.0398874,0.0398874,0.0398874,0.0398874,0.0398874,0.0398874,0.0398874,0.0398874,0.0398874,0.0398874,0.0398874,0.0398874,0.0398874,0.0398874,0.0398874,0.0398874,0.0398874,0.0398874,0.0398874,0.0398874,0.0398874,0.0398874,0.0398874,0.0398874,0.0398874,0.0398874,0.0398874,0.0398874,0.0398874,0.0398874,0.0398874,0.0398874,0.0398874,0.0398874,0.0398874,0.0398874,0.0398874,0.0398874,0.0398874,0.0398874,0.0398874,0.0398874,0.0398874,0.0398874,0.0398874,0.0398874,0.0398874,0.0398874,0.0398874
0.0398886,0.0398886,0.0398886,0.0398886,0.0398886,0.0398886,0.0398886,0.0398886,0.0398886,0.0398886,0.0398886,0.0398886,0.0398886,0.0398886,0.0398886,0.0398886,0.0398886,0.0398886,0.0398886,0.0398886,0.0398886,0.0398886,0.0398886,0.0398886,0.0398886,0.0398886,0.0398886,0.0398886,0.0398886,0.0398886,0.0398886,0.0398886,0.0398886,0.0398886,0.0398886,0.0398886,0.0398886,0.0398886,0.0398886,0.0398886,0.0398886,0.0398886,0.0398886,0.0398886,0.0398886,0.0398886,0.0398886,0.0398886,0.0398886,0.0398886,0.0398886,0.0398886,0.0398886,0.0398886,0.0398886,0.0398886,0.0398886,0.0398886,0.0398886,0.0398886,0.0398886,0.0398886,0.0398886,0.0398886
0.0398905,0.0398905,0.0398905,0.0398905,0.0398905,0.0398905,0.0398905,0.0398905,0.0398905,0.0398905,0.0398905,0.0398905,0.0398905,0.0398905,0.0398905,0.0398905,0.0398905,0.0398905,0.0398905,0.0398905,0.0398905,0.0398905,0.0398905,0.0398905,0.0398905,0.0398905,0.0398905,0.0398905,0.0398905,0.0398905,0.0398905,0.0398905,0.0398905,0.0398905,0.0398905,0.0398905,0.0398905,0.0398905,0.0398905,0.0398905,0.0398905,0.0398905,0.0398905,0.0398905,0.0398905,0.0398905,0.0398905,0.0398905,0.0398905,0.0398905,0.0398905,0.0398905,0.0398905,0.0398905,0.0398905,0.0398905,0.0398905,0.0398905,0.0398905,0.0398905,0.0398905,0.0398905,0.0398905,0.0398905
0.0398917,0.0398917,0.0398917,0.0398917,0.0398917,0.0398917,0.0398917,0.0398917,0.0398917,0.0398917,0.0398917,0.0398917,0.0398917,0.0398917,0.0398917,0.0398917,0.0398917,0.0398917,0.0398917,0.0398917,0.0398917,0.0398917,0.0398917,0.0398917,0.0398917,0.0398917,0.0398917,0.0398917,0.0398917,0.0398917,0.0398917,0.0398917,0.0398917,0.0398917,0.0398917,0.0398917,0.0398917,0.0398917,0.0398917,0.0398917,0.0398917,0.0398917,0.0398917,0.0398917,0.0398917,0.0398917,0.0398917,0.0398917,0.0398917,0.0398917,0.0398917,0.0398917,0.0398917,0.0398917,0.0398917,0.0398917,0.0398917,0.0398917,0.0398917,0.0398917,0.0398917,0.0398917,0.0398917,0.0398917
0.0398932,0.0398932,0.0398932,0.0398932,0.0398932,0.0398932,0.0398932,0.0398932,0.0398932,0.0398932,0.0398932,0.0398932,0.0398932,0.0398932,0.0398932,0.0398932,0.0398932,0.0398932,0.0398932,0.0398932,0.0398932,0.0398932,0.0398932,0.0398932,0.0398932,0.0398932,0.0398932,0.0398932,0.0398932,0.0398932,0.0398932,0.0398932,0.0398932,0.0398932,0.0398932,0.0398932,0.0398932,0.0398932,0.0398932,0.0398932,0.0398932,0.0398932,0.0398932,0.0398932,0.0398932,0.0398932,0.0398932,0.0398932,0.0398932,0.0398932,0.0398932,0.0398932,0.0398932,0.0398932,0.0398932,0.0398932,0.0398932,0.0398932,0.0398932,0.0398932,0.0398932,0.0398932,0.0398932,0.0398932
0.0398948,0.0398948,0.0398948,0.0398948,0.0398948,0.0398948,0.0398948,0.0398948,0.0398948,0.0398948,0.0398948,0.0398948,0.0398948,0.0398948,0.0398948,0.0398948,0.0398948,0.0398948,0.0398948,0.0398948,0.0398948,0.0398948,0.0398948,0.0398948,0.0398948,0.0398948,0.0398948,0.0398948,0.0398948,0.0398948,0.0398948,0.0398948,0.0398948,0.0398948,0.0398948,0.0398948,0.0398948,0.0398948,0.0398948,0.0398948,0.0398948,0.0398948,0.0398948,0.0398948,0.0398948,0.0398948,0.0398948,0.0398948,0.0398948,0.0398948,0.0398948,0.0398948,0.0398948,0.0398948,0.0398948,0.0398948,0.0398948,0.0398948,0.0398948,0.0398948,0.0398948,0.0398948,0.0398948,0.0398948
0.0398962,0.0398962,0.0398962,0.0398962,0.0398962,0.0398962,0.0398962,0.0398962,0.0398962,0.0398962,0.0398962,0.0398962,0.0398962,0.0398962,0.0398962,0.0398962,0.0398962,0.0398962,0.0398962,0.0398962,0.0398962,0.0398962,0.0398962,0.0398962,0.0398962,0.0398962,0.0398962,0.0398962,0.0398962,0.0398962,0.0398962,0.0398962,0.0398962,0.0398962,0.0398962,0.0398962,0.0398962,0.0398962,0.0398962,0.0398962,0.0398962,0.0398962,0.0398962,0.0398962,0.0398962,0.0398962,0.0398962,0.0398962,0.0398962,0.0398962,0.0398962,0.0398962,0.0398962,0.0398962,0.0398962,0.0398962,0.0398962,0.0398962,0.0398962,0.0398962,0.0398962,0.0398962,0.0398962,0.0398962
0.0398977,0.0398977,0.0398977,0.0398977,0.0398977,0.0398977,0.0398977,0.0398977,0.0398977,0.0398977,0.0398977,0.0398977,0.0398977,0.0398977,0.0398977,0.0398977,0.0398977,0.0398977,0.0398977,0.0398977,0.0398977,0.0398977,0.0398977,0.0398977,0.0398977,0.0398977,0.0398977,0.0398977,0.0398977,0.0398977,0.0398977,0.0398977,0.0398977,0.0398977,0.0398977,0.0398977,0.0398977,0.0398977,0.0398977,0.0398977,0.0398977,0.0398977,0.0398977,0.0398977,0.0398977,0.0398977,0.0398977,0.0398977,0.0398977,0.0398977,0.0398977,0.0398977,0.0398977,0.0398977,0.0398977,0.0398977,0.0398977,0.0398977,0.0398977,0.0398977,0.0398977,0.0398977,0.0398977,0.0398977
0.0398991,0.0398991,0.0398991,0.0398991,0.0398991,0.0398991,0.0398991,0.0398991,0.0398991,0.0398991,0.0398991,0.0398991,0.0398991,0.0398991,0.0398991,0.0398991,0.0398991,0.0398991,0.0398991,0.0398991,0.0398991,0.0398991,0.0398991,0.0398991,0.0398991,0.0398991,0.0398991,0.0398991,0.0398991,0.0398991,0.0398991,0.0398991,0.0398991,0.0398991,0.0398991,0.0398991,0.0398991,0.0398991,0.0398991,0.0398991,0.0398991,0.0398991,0.0398991,0.0398991,0.0398991,0.0398991,0.0398991,0.0398991,0.0398991,0.0398991,0.0398991,0.0398991,0.0398991,0.0398991,0.0398991,0.0398991,0.0398991,0.0398991,0.0398991,0.0398991,0.0398991,0.0398991,0.0398991,0.0398991
0.0399003,0.0399003,0.0399003,0.0399003,0.0399003,0.0399003,0.0399003,0.0399003,0.0399003,0.0399003,0.0399003,0.0399003,0.0399003,0.0399003,0.0399003,0.0399003,0.0399003,0.0399003,0.0399003,0.0399003,0.0399003,0.0399003,0.0399003,0.0399003,0.0399003,0.0399003,0.0399003,0.0399003,0.0399003,0.0399003,0.0399003,0.0399003,0.0399003,0.0399003,0.0399003,0.0399003,0.0399003,0.0399003,0.0399003,0.0399003,0.0399003,0.0399003,0.0399003,0.0399003,0.0399003,0.0399003,0.0399003,0.0399003,0.0399003,0.0399003,0.0399003,0.0399003,0.0399003,0.0399003,0.0399003,0.0399003,0.0399003,0.0399003,0.0399003,0.0399003,0.0399003,0.0399003,0.0399003,0.0399003
0.0399022,0.0399022,0.0399022,0.0399022,0.0399022,0.0399022,0.0399022,0.0399022,0.0399022,0.0399022,0.0399022,0.0399022,0.0399022,0.0399022,0.0399022,0.0399022,0.0399022,0.0399022,0.0399022,0.0399022,0.0399022,0.0399022,0.0399022,0.0399022,0.0399022,0.0399022,0.0399022,0.0399022,0.0399022,0.0399022,0.0399022,0.0399022,0.0399022,0.0399022,0.0399022,0.0399022,0.0399022,0.0399022,0.0399022,0.0399022,0.0399022,0.0399022,0.0399022,0.0399022,0.0399022,0.0399022,0.0399022,0.0399022,0.0399022,0.0399022,0.0399022,0.0399022,0.0399022,0.0399022,0.0399022,0.0399022,0.0399022,0.0399022,0.0399022,0.0399022,0.0399022,0.0399022,0.0399022,0.0399022
0.0399034,0.0399034,0.0399034,0.0399034,0.0399034,0.0399034,0.0399034,0.0399034,0.0399034,0.0399034,0.0399034,0.0399034,0.0399034,0.0399034,0.0399034,0.0399034,0.0399034,0.0399034,0.0399034,0.0399034,0.0399034,0.0399034,0.0399034,0.0399034,0.0399034,0.0399034,0.0399034,0.0399034,0.0399034,0.0399034,0.0399034,0.0399034,0.0399034,0.0399034,0.0399034,0.0399034,0.0399034,0.0399034,0.0399034,0.0399034,0.0399034,0.0399034,0.0399034,0.0399034,0.0399034,0.0399034,0.0399034,0.0399034,0.0399034,0.0399034,0.0399034,0.0399034,0.0399034,0.0399034,0.0399034,0.0399034,0.0399034,0.0399034,0.0399034,0.0399034,0.0399034,0.0399034,0.0399034,0.0399034
0.0399048,0.0399048,0.0399048,0.0399048,0.0399048,0.0399048,0.0399048,0.0399048,0.0399048,0.0399048,0.0399048,0.0399048,0.0399048,0.0399048,0.0399048,0.0399048,0.0399048,0.0399048,0.0399048,0.0399048,0.0399048,0.0399048,0.0399048,0.0399048,0.0399048,0.0399048,0.0399048,0.0399048,0.0399048,0.0399048,0.0399048,0.0399048,0.0399048,0.0399048,0.0399048,0.0399048,0.0399048,0.0399048,0.0399048,0.0399048,0.0399048,0.0399048,0.0399048,0.0399048,0.0399048,0.0399048,0.0399048,0.0399048,0.0399048,0.0399048,0.0399048,0.0399048,0.0399048,0.0399048,0.0399048,0.0399048,0.0399048,0.0399048,0.0399048,0.0399048,0.0399048,0.0399048,0.0399048,0.0399048
0.0399063,0.0399063,0.0399063,0.0399063,0.0399063,0.0399063,0.0399063,0.0399063,0.0399063,0.0399063,0.0399063,0.0399063,0.0399063,0.0399063,0.0399063,0.0399063,0.0399063,0.0399063,0.0399063,0.0399063,0.0399063,0.0399063,0.0399063,0.0399063,0.0399063,0.0399063,0.0399063,0.0399063,0.0399063,0.0399063,0.0399063,0.0399063,0.0399063,0.0399063,0.0399063,0.0399063,0.0399063,0.0399063,0.0399063,0.0399063,0.0399063,0.0399063,0.0399063,0.0399063,0.0399063,0.0399063,0.0399063,0.0399063,0.0399063,0.0399063,0.0399063,0.0399063,0.0399063,0.0399063,0.0399063,0.0399063,0.0399063,0.0399063,0.0399063,0.0399063,0.0399063,0.0399063,0.0399063,0.0399063
0.0399077,0.0399084,0.0399107,0.0399144,0.0399196,0.0399264,0.0399346,0.0399444,0.0399556,0.0399684,0.0399827,0.0399985,0.0400158,0.0400347,0.040055,0.0400769,0.0401003,0.0401252,0.0401517,0.0401796,0.0402091,0.04024,0.0402725,0.0403065,0.0403419,0.0403789,0.0404174,0.0404573,0.0404987,0.0405416,0.040586,0.0406318,0.0406791,0.0407279,0.0407781,0.0408297,0.0408828,0.0409373,0.0409931,0.0410505,0.0411092,0.0411693,0.0412307,0.0412936,0.0413578,0.0414234,0.0414903,0.0415585,0.041628,0.0416989,0.041771,0.0418445,0.0419192,0.0419952,0.0420723,0.0421508,0.0422305,0.0423114,0.0423934,0.0424767,0.0425611,0.0426467,0.0427334,0.0428213
0.0399091,0.0399099,0.0399121,0.0399158,0.0399211,0.0399278,0.0399361,0.0399458,0.0399571,0.0399698,0.0399841,0.0399999,0.0400173,0.0400361,0.0400565,0.0400784,0.0401018,0.0401267,0.0401531,0.040181,0.0402105,0.0402415,0.0402739,0.0403079,0.0403434,0.0403803,0.0404188,0.0404587,0.0405001,0.0405431,0.0405875,0.0406333,0.0406806,0.0407293,0.0407795,0.0408312,0.0408843,0.0409387,0.0409946,0.041052,0.0411107,0.0411708,0.0412323,0.0412951,0.0413593,0.0414249,0.0414918,0.04156,0.0416295,0.0417004,0.0417725,0.0418459,0.0419207,0.0419966,0.0420739,0.0421523,0.042232,0.0423129,0.0423949,0.0424782,0.0425626,0.0426482,0.042735,0.0428229
0.0399106,0.0399113,0.0399135,0.0399173,0.0399225,0.0399292,0.0399375,0.0399472,0.0399585,0.0399713,0.0399856,0.0400014,0.0400187,0.0400376,0.0400579,0.0400798,0.0401032,0.0401281,0.0401545,0.0401825,0.0402119,0.0402429,0.0402754,0.0403094,0.0403448,0.0403818,0.0404202,0.0404602,0.0405016,0.0405445,0.0405889,0.0406347,0.040682,0.0407308,0.040781,0.0408326,0.0408857,0.0409402,0.0409961,0.0410534,0.0411121,0.0411722,0.0412337,0.0412966,0.0413608,0.0414263,0.0414932,0.0415615,0.041631,0.0417019,0.041774,0.0418475,0.0419222,0.0419981,0.0420753,0.0421539,0.0422335,0.0423143,0.0423965,0.0424798,0.0425642,0.0426498,0.0427365,0.0428244
0.0399122,0.039913,0.0399152,0.0399189,0.0399242,0.0399309,0.0399392,0.0399489,0.0399602,0.0399729,0.0399872,0.040003,0.0400204,0.0400392,0.0400596,0.0400815,0.0401049,0.0401298,0.0401562,0.0401842,0.0402136,0.0402446,0.0402771,0.040311,0.0403465,0.0403835,0.0404219,0.0404619,0.0405033,0.0405462,0.0405906,0.0406364,0.0406838,0.0407325,0.0407827,0.0408343,0.0408874,0.0409419,0.0409978,0.0410551,0.0411139,0.041174,0.0412354,0.0412983,0.0413625,0.0414281,0.0414949,0.0415632,0.0416328,0.0417036,0.0417758,0.0418492,0.0419239,0.0419999,0.0420771,0.0421555,0.0422352,0.0423161,0.0423982,0.0424814,0.0425659,0.0426516,0.0427383,0.0428261
0.0399134,0.0399142,0.0399164,0.0399201,0.0399254,0.0399321,0.0399403,0.0399501,0.0399614,0.0399741,0.0399884,0.0400043,0.0400216,0.0400404,0.0400608,0.0400827,0.0401061,0.040131,0.0401574,0.0401854,0.0402148,0.0402458,0.0402783,0.0403122,0.0403477,0.0403847,0.0404231,0.0404631,0.0405045,0.0405474,0.0405918,0.0406377,0.040685,0.0407337,0.0407839,0.0408356,0.0408887,0.0409432,0.040999,0.0410564,0.0411151,0.0411752,0.0412367,0.0412995,0.0413638,0.0414293,0.0414963,0.0415644,0.041634,0.0417049,0.041777,0.0418505,0.0419252,0.0420012,0.0420784,0.0421568,0.0422366,0.0423174,0.0423995,0.0424828,0.0425672,0.0426529,0.0427395,0.0428275
0.0399148,0.0399156,0.0399178,0.0399216,0.0399268,0.0399335,0.0399418,0.0399515,0.0399628,0.0399756,0.0399899,0.0400057,0.040023,0.0400419,0.0400622,0.0400841,0.0401075,0.0401324,0.0401589,0.0401868,0.0402163,0.0402472,0.0402797,0.0403137,0.0403492,0.0403861,0.0404246,0.0404646,0.040506,0.0405489,0.0405933,0.0406391,0.0406864,0.0407352,0.0407854,0.040837,0.0408901,0.0409446,0.0410005,0.0410579,0.0411165,0.0411767,0.0412381,0.041301,0.0413652,0.0414308,0.0414977,0.0415659,0.0416355,0.0417064,0.0417785,0.0418519,0.0419267,0.0420026,0.0420799,0.0421584,0.042238,0.0423189,0.042401,0.0424843,0.0425688,0.0426544,0.0427411,0.042829
0.039916,0.0399168,0.039919,0.0399228,0.039928,0.0399347,0.039943,0.0399527,0.039964,0.0399768,0.0399911,0.0400069,0.0400242,0.0400431,0.0400634,0.0400853,0.0401087,0.0401336,0.0401601,0.040188,0.0402175,0.0402484,0.0402809,0.0403149,0.0403504,0.0403873,0.0404258,0.0404658,0.0405072,0.0405501,0.0405945,0.0406403,0.0406877,0.0407364,0.0407866,0.0408383,0.0408914,0.0409458,0.0410018,0.0410591,0.0411178,0.0411779,0.0412394,0.0413023,0.0413665,0.0414321,0.0414989,0.0415672,0.0416368,0.0417076,0.0417798,0.0418533,0.0419279,0.042004,0.0420811,0.0421596,0.0422393,0.0423202,0.0424024,0.0424856,0.04257,0.0426556,0.0427424,0.0428303
0.0399177,0.0399185,0.0399207,0.0399244,0.0399297,0.0399364,0.0399446,0.0399544,0.0399657,0.0399784,0.0399927,0.0400085,0.0400259,0.0400447,0.0400651,0.040087,0.0401104,0.0401353,0.0401617,0.0401897,0.0402191,0.0402501,0.0402826,0.0403166,0.040352,0.040389,0.0404275,0.0404674,0.0405089,0.0405518,0.0405962,0.040642,0.0406893,0.0407381,0.0407883,0.0408399,0.040893,0.0409476,0.0410034,0.0410608,0.0411195,0.0411796,0.0412411,0.0413039,0.0413682,0.0414338,0.0415007,0.0415689,0.0416385,0.0417093,0.0417815,0.0418549,0.0419297,0.0420057,0.0420829,0.0421614,0.0422411,0.042322,0.0424041,0.0424873,0.0425718,0.0426574,0.0427442,0.0428321
0.0399191,0.0399199,0.0399221,0.0399259,0.0399311,0.0399378,0.0399461,0.0399558,0.0399671,0.0399799,0.0399942,0.04001,0.0400273,0.0400462,0.0400665,0.0400884,0.0401118,0.0401367,0.0401632,0.0401911,0.0402206,0.0402516,0.040284,0.040318,0.0403535,0.0403905,0.0404289,0.0404689,0.0405103,0.0405532,0.0405976,0.0406435,0.0406908,0.0407396,0.0407898,0.0408414,0.0408945,0.040949,0.0410049,0.0410623,0.041121,0.0411811,0.0412426,0.0413054,0.0413697,0.0414353,0.0415022,0.0415704,0.04164,0.0417108,0.041783,0.0418565,0.0419312,0.0420072,0.0420844,0.0421629,0.0422425,0.0423235,0.0424055,0.0424889,0.0425733,0.0426589,0.0427457,0.0428336
0.0399206,0.0399213,0.0399236,0.0399273,0.0399325,0.0399393,0.0399475,0.0399573,0.0399685,0.0399813,0.0399956,0.0400114,0.0400287,0.0400476,0.040068,0.0400899,0.0401133,0.0401382,0.0401646,0.0401926,0.040222,0.040253,0.0402855,0.0403195,0.0403549,0.0403919,0.0404304,0.0404703,0.0405118,0.0405547,0.0405991,0.0406449,0.0406922,0.040741,0.0407912,0.0408429,0.040896,0.0409505,0.0410064,0.0410637,0.0411225,0.0411825,0.0412441,0.0413069,0.0413712,0.0414367,0.0415037,0.0415719,0.0416415,0.0417123,0.0417845,0.041858,0.0419327,0.0420086,0.0420859,0.0421644,0.0422441,0.042325,0.0424071,0.0424904,0.0425749,0.0426605,0.0427472,0.0428352
0.039922,0.0399227,0.039925,0.0399287,0.039934,0.0399407,0.0399489,0.0399587,0.03997,0.0399827,0.039997,0.0400129,0.0400302,0.040049,0.0400694,0.0400913,0.0401147,0.0401396,0.0401661,0.040194,0.0402235,0.0402544,0.0402869,0.0403209,0.0403564,0.0403934,0.0404318,0.0404718,0.0405132,0.0405561,0.0406005,0.0406464,0.0406937,0.0407425,0.0407927,0.0408443,0.0408974,0.0409519,0.0410079,0.0410652,0.0411239,0.041184,0.0412455,0.0413084,0.0413726,0.0414382,0.0415051,0.0415734,0.0416429,0.0417138,0.041786,0.0418595,0.0419342,0.0420102,0.0420874,0.0421659,0.0422456,0.0423265,0.0424086,0.0424919,0.0425763,0.042662,0.0427488,0.0428366
0.0399232,0.0399239,0.0399262,0.0399299,0.0399351,0.0399419,0.0399501,0.0399599,0.0399712,0.0399839,0.0399982,0.040014,0.0400314,0.0400502,0.0400706,0.0400925,0.0401159,0.0401408,0.0401672,0.0401952,0.0402247,0.0402556,0.0402881,0.0403221,0.0403576,0.0403946,0.040433,0.040473,0.0405144,0.0405574,0.0406018,0.0406476,0.0406949,0.0407437,0.0407939,0.0408456,0.0408987,0.0409532,0.0410091,0.0410664,0.0411252,0.0411853,0.0412468,0.0413096,0.0413739,0.0414395,0.0415064,0.0415746,0.0416442,0.0417151,0.0417872,0.0418607,0.0419355,0.0420114,0.0420886,0.0421672,0.0422469,0.0423278,0.0424099,0.0424932,0.0425777,0.0426633,0.0427501,0.042838
0.0399249,0.0399256,0.0399278,0.0399316,0.0399368,0.0399436,0.0399518,0.0399616,0.0399728,0.0399856,0.0399999,0.0400157,0.040033,0.0400519,0.0400723,0.0400942,0.0401176,0.0401425,0.0401689,0.0401969,0.0402264,0.0402573,0.0402898,0.0403238,0.0403593,0.0403963,0.0404347,0.0404747,0.0405161,0.0405591,0.0406035,0.0406493,0.0406966,0.0407454,0.0407956,0.0408473,0.0409003,0.0409549,0.0410108,0.0410681,0.0411269,0.041187,0.0412485,0.0413113,0.0413756,0.0414412,0.0415081,0.0415764,0.0416459,0.0417168,0.041789,0.0418625,0.0419372,0.0420132,0.0420904,0.0421689,0.0422486,0.0423295,0.0424117,0.042495,0.0425794,0.042665,0.0427518,0.0428397
0.0399261,0.0399268,0.039929,0.0399328,0.039938,0.0399447,0.039953,0.0399627,0.039974,0.0399868,0.0400011,0.0400169,0.0400342,0.0400531,0.0400735,0.0400954,0.0401188,0.0401437,0.0401701,0.0401981,0.0402276,0.0402585,0.040291,0.040325,0.0403605,0.0403975,0.0404359,0.0404759,0.0405173,0.0405603,0.0406047,0.0406505,0.0406978,0.0407466,0.0407968,0.0408485,0.0409016,0.0409561,0.041012,0.0410694,0.0411281,0.0411882,0.0412497,0.0413126,0.0413768,0.0414424,0.0415094,0.0415776,0.0416472,0.0417181,0.0417903,0.0418637,0.0419385,0.0420144,0.0420917,0.0421702,0.0422499,0.0423308,0.0424129,0.0424962,0.0425807,0.0426663,0.0427531,0.042841
0.0399275,0.0399282,0.0399305,0.0399342,0.0399394,0.0399462,0.0399544,0.0399642,0.0399754,0.0399882,0.0400025,0.0400183,0.0400357,0.0400545,0.0400749,0.0400968,0.0401202,0.0401451,0.0401716,0.0401995,0.040229,0.04026,0.0402925,0.0403264,0.0403619,0.0403989,0.0404374,0.0404774,0.0405188,0.0405617,0.0406061,0.040652,0.0406993,0.0407481,0.0407983,0.04085,0.040903,0.0409576,0.0410135,0.0410708,0.0411295,0.0411897,0.0412512,0.0413141,0.0413783,0.0414439,0.0415109,0.0415791,0.0416487,0.0417196,0.0417917,0.0418652,0.04194,0.042016,0.0420932,0.0421717,0.0422514,0.0423323,0.0424145,0.0424977,0.0425822,0.0426679,0.0427546,0.0428426
0.0399287,0.0399294,0.0399317,0.0399354,0.0399406,0.0399474,0.0399556,0.0399654,0.0399766,0.0399894,0.0400037,0.0400195,0.0400369,0.0400557,0.0400761,0.040098,0.0401214,0.0401463,0.0401728,0.0402007,0.0402302,0.0402612,0.0402937,0.0403277,0.0403631,0.0404001,0.0404386,0.0404786,0.04052,0.0405629,0.0406073,0.0406532,0.0407005,0.0407493,0.0407995,0.0408512,0.0409043,0.0409588,0.0410147,0.0410721,0.0411308,0.041191,0.0412524,0.0413153,0.0413796,0.0414452,0.0415121,0.0415804,0.0416499,0.0417208,0.041793,0.0418665,0.0419412,0.0420172,0.0420945,0.042173,0.0422527,0.0423336,0.0424157,0.042499,0.0425836,0.0426692,0.042756,0.0428439
0.0399303,0.0399311,0.0399333,0.0399371,0.0399423,0.039949,0.0399573,0.039967,0.0399783,0.0399911,0.0400054,0.0400212,0.0400385,0.0400574,0.0400778,0.0400997,0.0401231,0.040148,0.0401745,0.0402024,0.0402319,0.0402628,0.0402953,0.0403293,0.0403648,0.0404018,0.0404403,0.0404802,0.0405217,0.0405646,0.040609,0.0406549,0.0407022,0.040751,0.0408012,0.0408529,0.040906,0.0409605,0.0410164,0.0410738,0.0411325,0.0411926,0.0412542,0.041317,0.0413813,0.0414469,0.0415138,0.0415821,0.0416517,0.0417225,0.0417947,0.0418682,0.0419429,0.042019,0.0420962,0.0421747,0.0422544,0.0423353,0.0424174,0.0425008,0.0425852,0.0426709,0.0427577,0.0428456
0.0399318,0.0399325,0.0399348,0.0399385,0.0399437,0.0399505,0.0399587,0.0399685,0.0399797,0.0399925,0.0400068,0.0400226,0.04004,0.0400588,0.0400792,0.0401011,0.0401245,0.0401494,0.0401759,0.0402038,0.0402333,0.0402643,0.0402968,0.0403308,0.0403663,0.0404033,0.0404417,0.0404817,0.0405232,0.0405661,0.0406105,0.0406563,0.0407037,0.0407525,0.0408027,0.0408543,0.0409075,0.040962,0.0410179,0.0410753,0.041134,0.0411941,0.0412556,0.0413185,0.0413828,0.0414484,0.0415153,0.0415836,0.0416531,0.041724,0.0417962,0.0418697,0.0419444,0.0420204,0.0420977,0.0421762,0.0422559,0.0423369,0.042419,0.0425023,0.0425868,0.0426725,0.0427592,0.0428471
0.0399332,0.0399339,0.0399362,0.0399399,0.0399452,0.0399519,0.0399601,0.0399699,0.0399812,0.039994,0.0400083,0.0400241,0.0400414,0.0400603,0.0400806,0.0401025,0.040126,0.0401509,0.0401773,0.0402053,0.0402348,0.0402657,0.0402982,0.0403322,0.0403677,0.0404047,0.0404432,0.0404832,0.0405246,0.0405675,0.0406119,0.0406578,0.0407051,0.0407539,0.0408041,0.0408558,0.0409089,0.0409634,0.0410194,0.0410767,0.0411354,0.0411956,0.0412571,0.04132,0.0413842,0.0414498,0.0415168,0.0415851,0.0416546,0.0417255,0.0417977,0.0418712,0.041946,0.0420219,0.0420992,0.0421777,0.0422574,0.0423384,0.0424205,0.0425038,0.0425883,0.0426739,0.0427608,0.0428487
0.0399342,0.0399349,0.0399371,0.0399409,0.0399461,0.0399529,0.0399611,0.0399709,0.0399821,0.0399949,0.0400092,0.040025,0.0400424,0.0400612,0.0400816,0.0401035,0.0401269,0.0401518,0.0401783,0.0402063,0.0402357,0.0402667,0.0402992,0.0403332,0.0403687,0.0404057,0.0404442,0.0404841,0.0405256,0.0405685,0.0406129,0.0406588,0.0407061,0.0407549,0.0408051,0.0408568,0.0409099,0.0409644,0.0410204,0.0410777,0.0411365,0.0411966,0.0412581,0.041321,0.0413853,0.0414509,0.0415178,0.0415861,0.0416557,0.0417266,0.0417987,0.0418722,0.041947,0.042023,0.0421003,0.0421787,0.0422585,0.0423394,0.0424216,0.0425049,0.0425894,0.042675,0.0427618,0.0428498
0.0399361,0.0399368,0.039939,0.0399428,0.039948,0.0399548,0.039963,0.0399728,0.039984,0.0399968,0.0400111,0.0400269,0.0400443,0.0400631,0.0400835,0.0401054,0.0401288,0.0401538,0.0401802,0.0402082,0.0402376,0.0402686,0.0403011,0.0403351,0.0403706,0.0404076,0.0404461,0.040486,0.0405275,0.0405704,0.0406148,0.0406607,0.040708,0.0407568,0.0408071,0.0408588,0.0409118,0.0409664,0.0410223,0.0410797,0.0411384,0.0411986,0.0412601,0.0413229,0.0413872,0.0414528,0.0415197,0.041588,0.0416576,0.0417285,0.0418007,0.0418742,0.0419489,0.0420249,0.0421022,0.0421807,0.0422605,0.0423414,0.0424236,0.0425068,0.0425914,0.042677,0.0427638,0.0428517
0.039937,0.0399378,0.03994,0.0399437,0.039949,0.0399557,0.039964,0.0399737,0.039985,0.0399978,0.0400121,0.0400279,0.0400452,0.0400641,0.0400845,0.0401064,0.0401298,0.0401547,0.0401812,0.0402091,0.0402386,0.0402696,0.0403021,0.0403361,0.0403716,0.0404086,0.0404471,0.040487,0.0405285,0.0405714,0.0406158,0.0406617,0.0407091,0.0407578,0.040808,0.0408597,0.0409128,0.0409673,0.0410233,0.0410806,0.0411394,0.0411995,0.0412611,0.041324,0.0413882,0.0414538,0.0415208,0.041589,0.0416586,0.0417295,0.0418017,0.0418752,0.04195,0.042026,0.0421033,0.0421818,0.0422615,0.0423424,0.0424246,0.0425079,0.0425924,0.0426781,0.0427649,0.0428528
0.0399384,0.0399392,0.0399414,0.0399452,0.0399504,0.0399571,0.0399654,0.0399752,0.0399864,0.0399992,0.0400135,0.0400293,0.0400467,0.0400655,0.0400859,0.0401078,0.0401312,0.0401562,0.0401826,0.0402106,0.04024,0.040271,0.0403035,0.0403375,0.040373,0.04041,0.0404485,0.0404885,0.0405299,0.0405729,0.0406173,0.0406631,0.0407105,0.0407593,0.0408095,0.0408612,0.0409143,0.0409689,0.0410248,0.0410821,0.0411409,0.041201,0.0412625,0.0413255,0.0413897,0.0414553,0.0415222,0.0415905,0.0416601,0.041731,0.0418032,0.0418767,0.0419515,0.0420275,0.0421048,0.0421833,0.042263,0.042344,0.0424261,0.0425094,0.042594,0.0426796,0.0427664,0.0428543
0.0399399,0.0399406,0.0399429,0.0399466,0.0399518,0.0399586,0.0399668,0.0399766,0.0399879,0.0400006,0.0400149,0.0400308,0.0400481,0.040067,0.0400873,0.0401093,0.0401327,0.0401576,0.040184,0.040212,0.0402415,0.0402725,0.040305,0.040339,0.0403745,0.0404115,0.0404499,0.0404899,0.0405314,0.0405743,0.0406187,0.0406646,0.0407119,0.0407607,0.040811,0.0408626,0.0409158,0.0409703,0.0410262,0.0410836,0.0411423,0.0412025,0.041264,0.0413269,0.0413912,0.0414568,0.0415237,0.041592,0.0416616,0.0417325,0.0418047,0.0418782,0.041953,0.042029,0.0421063,0.0421848,0.0422646,0.0423455,0.0424276,0.0425109,0.0425955,0.0426811,0.0427679,0.0428559
0.0399413,0.0399421,0.0399443,0.039948,0.0399533,0.03996,0.0399683,0.039978,0.0399893,0.0400021,0.0400164,0.0400322,0.0400495,0.0400684,0.0400888,0.0401107,0.0401341,0.040159,0.0401855,0.0402134,0.0402429,0.0402739,0.0403064,0.0403404,0.0403759,0.0404129,0.0404514,0.0404914,0.0405328,0.0405758,0.0406202,0.0406661,0.0407134,0.0407622,0.0408124,0.0408641,0.0409172,0.0409718,0.0410277,0.041085,0.0411438,0.041204,0.0412655,0.0413284,0.0413926,0.0414583,0.0415252,0.0415935,0.0416631,0.041734,0.0418062,0.0418798,0.0419545,0.0420305,0.0421078,0.0421863,0.042266,0.0423469,0.0424291,0.0425125,0.042597,0.0426827,0.0427694,0.0428574
0.0399427,0.0399435,0.0399457,0.0399495,0.0399547,0.0399614,0.0399697,0.0399795,0.0399907,0.0400035,0.0400178,0.0400336,0.040051,0.0400698,0.0400902,0.0401121,0.0401355,0.0401605,0.0401869,0.0402149,0.0402444,0.0402754,0.0403078,0.0403419,0.0403774,0.0404144,0.0404528,0.0404928,0.0405343,0.0405772,0.0406216,0.0406675,0.0407149,0.0407637,0.0408139,0.0408656,0.0409187,0.0409732,0.0410291,0.0410865,0.0411453,0.0412054,0.041267,0.0413299,0.0413941,0.0414597,0.0415267,0.041595,0.0416646,0.0417355,0.0418077,0.0418812,0.0419559,0.042032,0.0421093,0.0421878,0.0422675,0.0423485,0.0424306,0.042514,0.0425985,0.0426842,0.042771,0.0428589
0.0399442,0.0399449,0.0399472,0.0399509,0.0399561,0.0399629,0.0399711,0.0399809,0.0399922,0.0400049,0.0400192,0.0400351,0.0400524,0.0400713,0.0400917,0.0401136,0.040137,0.0401619,0.0401884,0.0402163,0.0402458,0.0402768,0.0403093,0.0403433,0.0403788,0.0404158,0.0404543,0.0404943,0.0405357,0.0405787,0.0406231,0.040669,0.0407163,0.0407651,0.0408153,0.040867,0.0409201,0.0409747,0.0410306,0.041088,0.0411468,0.0412069,0.0412684,0.0413313,0.0413956,0.0414612,0.0415282,0.0415965,0.0416661,0.041737,0.0418092,0.0418827,0.0419575,0.0420335,0.0421108,0.0421893,0.042269,0.04235,0.0424321,0.0425155,0.0426,0.0426857,0.0427725,0.0428605
0.0399451,0.0399459,0.0399481,0.0399518,0.0399571,0.0399638,0.0399721,0.0399818,0.0399931,0.0400059,0.0400202,0.040036,0.0400534,0.0400722,0.0400926,0.0401145,0.0401379,0.0401629,0.0401893,0.0402173,0.0402468,0.0402778,0.0403103,0.0403443,0.0403798,0.0404168,0.0404553,0.0404953,0.0405367,0.0405797,0.0406241,0.0406699,0.0407173,0.0407661,0.0408163,0.040868,0.0409211,0.0409757,0.0410316,0.041089,0.0411477,0.0412079,0.0412695,0.0413324,0.0413966,0.0414622,0.0415292,0.0415975,0.0416671,0.041738,0.0418102,0.0418838,0.0419585,0.0420346,0.0421118,0.0421904,0.0422701,0.0423511,0.0424332,0.0425166,0.0426011,0.0426868,0.0427736,0.0428615
0.039947,0.0399478,0.03995,0.0399538,0.039959,0.0399657,0.039974,0.0399837,0.039995,0.0400078,0.0400221,0.0400379,0.0400553,0.0400741,0.0400945,0.0401164,0.0401398,0.0401648,0.0401912,0.0402192,0.0402487,0.0402797,0.0403122,0.0403462,0.0403817,0.0404187,0.0404572,0.0404972,0.0405386,0.0405816,0.040626,0.0406719,0.0407192,0.040768,0.0408183,0.0408699,0.0409231,0.0409776,0.0410336,0.0410909,0.0411497,0.0412098,0.0412714,0.0413343,0.0413986,0.0414642,0.0415311,0.0415994,0.041669,0.04174,0.0418122,0.0418857,0.0419605,0.0420365,0.0421138,0.0421923,0.0422721,0.042353,0.0424352,0.0425185,0.042603,0.0426887,0.0427755,0.0428635
0.039948,0.0399487,0.039951,0.0399547,0.0399599,0.0399667,0.0399749,0.0399847,0.039996,0.0400088,0.0400231,0.0400389,0.0400562,0.0400751,0.0400955,0.0401174,0.0401408,0.0401657,0.0401922,0.0402202,0.0402497,0.0402807,0.0403131,0.0403472,0.0403827,0.0404197,0.0404582,0.0404981,0.0405396,0.0405826,0.040627,0.0406729,0.0407202,0.040769,0.0408192,0.0408709,0.0409241,0.0409786,0.0410346,0.0410919,0.0411507,0.0412109,0.0412724,0.0413353,0.0413996,0.0414652,0.0415321,0.0416005,0.0416701,0.041741,0.0418132,0.0418867,0.0419615,0.0420376,0.0421148,0.0421934,0.0422731,0.0423541,0.0424362,0.0425195,0.0426041,0.0426898,0.0427766,0.0428646
0.0399494,0.0399502,0.0399524,0.0399561,0.0399614,0.0399681,0.0399764,0.0399861,0.0399974,0.0400102,0.0400245,0.0400403,0.0400577,0.0400765,0.0400969,0.0401188,0.0401422,0.0401672,0.0401936,0.0402216,0.0402511,0.0402821,0.0403146,0.0403486,0.0403841,0.0404211,0.0404596,0.0404996,0.0405411,0.040584,0.0406284,0.0406743,0.0407217,0.0407705,0.0408207,0.0408724,0.0409255,0.0409801,0.041036,0.0410934,0.0411522,0.0412123,0.0412739,0.0413368,0.0414011,0.0414666,0.0415337,0.0416019,0.0416715,0.0417424,0.0418147,0.0418882,0.041963,0.042039,0.0421164,0.0421949,0.0422746,0.0423555,0.0424378,0.0425211,0.0426056,0.0426913,0.0427782,0.0428661
0.0399508,0.0399516,0.0399538,0.0399576,0.0399628,0.0399696,0.0399778,0.0399876,0.0399988,0.0400116,0.0400259,0.0400418,0.0400591,0.040078,0.0400984,0.0401203,0.0401437,0.0401686,0.0401951,0.0402231,0.0402525,0.0402835,0.040316,0.04035,0.0403855,0.0404225,0.040461,0.040501,0.0405425,0.0405855,0.0406299,0.0406758,0.0407231,0.0407719,0.0408221,0.0408738,0.040927,0.0409815,0.0410375,0.0410949,0.0411536,0.0412138,0.0412753,0.0413382,0.0414025,0.0414682,0.0415351,0.0416034,0.041673,0.041744,0.0418162,0.0418897,0.0419645,0.0420405,0.0421178,0.0421963,0.0422761,0.0423571,0.0424392,0.0425226,0.0426071,0.0426928,0.0427796,0.0428676
0.0399518,0.0399525,0.0399548,0.0399585,0.0399638,0.0399705,0.0399788,0.0399885,0.0399998,0.0400126,0.0400269,0.0400427,0.0400601,0.0400789,0.0400993,0.0401212,0.0401446,0.0401696,0.040196,0.040224,0.0402535,0.0402845,0.040317,0.040351,0.0403865,0.0404235,0.040462,0.040502,0.0405435,0.0405864,0.0406309,0.0406768,0.0407241,0.0407729,0.0408232,0.0408749,0.040928,0.0409825,0.0410385,0.0410958,0.0411546,0.0412148,0.0412764,0.0413393,0.0414035,0.0414692,0.0415361,0.0416044,0.0416741,0.041745,0.0418172,0.0418907,0.0419656,0.0420415,0.0421188,0.0421974,0.0422772,0.0423582,0.0424403,0.0425237,0.0426082,0.0426939,0.0427808,0.0428687
0.0399537,0.0399545,0.0399567,0.0399604,0.0399657,0.0399724,0.0399807,0.0399904,0.0400017,0.0400145,0.0400288,0.0400446,0.040062,0.0400808,0.0401012,0.0401231,0.0401466,0.0401715,0.040198,0.0402259,0.0402554,0.0402864,0.0403189,0.0403529,0.0403884,0.0404254,0.0404639,0.0405039,0.0405454,0.0405884,0.0406328,0.0406787,0.040726,0.0407748,0.0408251,0.0408768,0.0409299,0.0409845,0.0410404,0.0410978,0.0411566,0.0412167,0.0412783,0.0413412,0.0414055,0.0414711,0.0415381,0.0416064,0.041676,0.0417469,0.0418191,0.0418927,0.0419675,0.0420435,0.0421208,0.0421994,0.0422791,0.0423601,0.0424423,0.0425256,0.0426101,0.0426959,0.0427827,0.0428707
0.0399547,0.0399554,0.0399576,0.0399614,0.0399666,0.0399734,0.0399816,0.0399914,0.0400027,0.0400155,0.0400298,0.0400456,0.0400629,0.0400818,0.0401022,0.0401241,0.0401475,0.0401725,0.0401989,0.0402269,0.0402564,0.0402874,0.0403199,0.0403539,0.0403894,0.0404264,0.0404649,0.0405049,0.0405464,0.0405893,0.0406338,0.0406797,0.040727,0.0407758,0.0408261,0.0408778,0.0409309,0.0409854,0.0410414,0.0410988,0.0411576,0.0412178,0.0412793,0.0413422,0.0414065,0.0414721,0.0415391,0.0416074,0.041677,0.041748,0.0418202,0.0418937,0.0419685,0.0420446,0.0421219,0.0422004,0.0422802,0.0423612,0.0424433,0.0425267,0.0426112,0.0426969,0.0427837,0.0428718
0.0399561,0.0399568,0.0399591,0.0399628,0.0399681,0.0399748,0.0399831,0.0399928,0.0400041,0.0400169,0.0400312,0.040047,0.0400644,0.0400832,0.0401036,0.0401255,0.040149,0.0401739,0.0402004,0.0402283,0.0402578,0.0402888,0.0403213,0.0403553,0.0403908,0.0404279,0.0404664,0.0405064,0.0405478,0.0405908,0.0406352,0.0406811,0.0407285,0.0407773,0.0408275,0.0408792,0.0409324,0.0409869,0.0410429,0.0411003,0.0411591,0.0412192,0.0412808,0.0413437,0.041408,0.0414736,0.0415406,0.0416089,0.0416785,0.0417495,0.0418217,0.0418952,0.04197,0.042046,0.0421234,0.0422019,0.0422816,0.0423626,0.0424448,0.0425282,0.0426128,0.0426985,0.0427853,0.0428732
0.0399575,0.0399583,0.0399605,0.0399642,0.0399695,0.0399762,0.0399845,0.0399942,0.0400055,0.0400183,0.0400326,0.0400485,0.0400658,0.0400847,0.0401051,0.040127,0.0401504,0.0401753,0.0402018,0.0402298,0.0402593,0.0402903,0.0403228,0.0403568,0.0403923,0.0404293,0.0404678,0.0405078,0.0405493,0.0405922,0.0406367,0.0406826,0.0407299,0.0407787,0.040829,0.0408807,0.0409338,0.0409884,0.0410444,0.0411017,0.0411605,0.0412207,0.0412823,0.0413451,0.0414094,0.0414751,0.0415421,0.0416104,0.04168,0.0417509,0.0418232,0.0418967,0.0419715,0.0420476,0.0421249,0.0422034,0.0422832,0.0423642,0.0424464,0.0425297,0.0426142,0.0427,0.0427868,0.0428748
0.0399585,0.0399592,0.0399615,0.0399652,0.0399704,0.0399772,0.0399854,0.0399952,0.0400065,0.0400193,0.0400336,0.0400494,0.0400668,0.0400856,0.040106,0.0401279,0.0401514,0.0401763,0.0402028,0.0402307,0.0402602,0.0402912,0.0403237,0.0403577,0.0403933,0.0404303,0.0404688,0.0405088,0.0405503,0.0405932,0.0406376,0.0406835,0.0407309,0.0407797,0.04083,0.0408817,0.0409348,0.0409893,0.0410453,0.0411027,0.0411615,0.0412217,0.0412832,0.0413462,0.0414105,0.0414761,0.0415431,0.0416114,0.041681,0.041752,0.0418242,0.0418977,0.0419725,0.0420486,0.0421259,0.0422044,0.0422842,0.0423652,0.0424473,0.0425308,0.0426153,0.042701,0.0427879,0.0428758
0.0399604,0.0399611,0.0399634,0.0399671,0.0399723,0.0399791,0.0399873,0.0399971,0.0400084,0.0400212,0.0400355,0.0400513,0.0400687,0.0400875,0.0401079,0.0401298,0.0401533,0.0401782,0.0402047,0.0402326,0.0402621,0.0402931,0.0403256,0.0403597,0.0403952,0.0404322,0.0404707,0.0405107,0.0405522,0.0405951,0.0406396,0.0406855,0.0407328,0.0407816,0.0408319,0.0408836,0.0409367,0.0409913,0.0410473,0.0411046,0.0411635,0.0412236,0.0412852,0.0413481,0.0414124,0.041478,0.041545,0.0416133,0.041683,0.0417539,0.0418262,0.0418997,0.0419745,0.0420505,0.0421279,0.0422064,0.0422862,0.0423672,0.0424494,0.0425327,0.0426173,0.042703,0.0427898,0.0428778
0.0399613,0.0399621,0.0399643,0.0399681,0.0399733,0.03998,0.0399883,0.0399981,0.0400093,0.0400221,0.0400364,0.0400523,0.0400696,0.0400885,0.0401089,0.0401308,0.0401542,0.0401792,0.0402056,0.0402336,0.0402631,0.0402941,0.0403266,0.0403606,0.0403962,0.0404332,0.0404717,0.0405117,0.0405532,0.0405961,0.0406405,0.0406865,0.0407338,0.0407826,0.0408329,0.0408846,0.0409377,0.0409923,0.0410483,0.0411057,0.0411644,0.0412246,0.0412862,0.0413491,0.0414134,0.0414791,0.0415461,0.0416144,0.041684,0.0417549,0.0418272,0.0419008,0.0419755,0.0420516,0.0421289,0.0422075,0.0422873,0.0423682,0.0424504,0.0425338,0.0426184,0.042704,0.0427909,0.0428789
0.0399628,0.0399635,0.0399658,0.0399695,0.0399747,0.0399815,0.0399897,0.0399995,0.0400108,0.0400236,0.0400379,0.0400537,0.0400711,0.0400899,0.0401103,0.0401322,0.0401557,0.0401806,0.0402071,0.0402351,0.0402645,0.0402956,0.0403281,0.0403621,0.0403976,0.0404346,0.0404731,0.0405131,0.0405546,0.0405976,0.040642,0.0406879,0.0407353,0.0407841,0.0408343,0.0408861,0.0409392,0.0409937,0.0410498,0.0411071,0.0411659,0.0412261,0.0412876,0.0413506,0.0414149,0.0414805,0.0415475,0.0416158,0.0416855,0.0417564,0.0418286,0.0419022,0.0419771,0.0420531,0.0421304,0.0422089,0.0422887,0.0423697,0.0424519,0.0425353,0.0426199,0.0427056,0.0427925,0.0428805
0.0399642,0.0399649,0.0399672,0.0399709,0.0399762,0.0399829,0.0399912,0.0400009,0.0400122,0.040025,0.0400393,0.0400551,0.0400725,0.0400914,0.0401118,0.0401337,0.0401571,0.0401821,0.0402085,0.0402365,0.040266,0.040297,0.0403295,0.0403635,0.040399,0.0404361,0.0404746,0.0405146,0.0405561,0.040599,0.0406435,0.0406894,0.0407367,0.0407855,0.0408358,0.0408875,0.0409407,0.0409952,0.0410512,0.0411086,0.0411674,0.0412276,0.0412891,0.0413521,0.0414164,0.041482,0.041549,0.0416173,0.041687,0.0417579,0.0418302,0.0419037,0.0419785,0.0420546,0.0421319,0.0422104,0.0422902,0.0423712,0.0424534,0.0425369,0.0426213,0.0427071,0.0427939,0.0428819
0.0399652,0.0399659,0.0399681,0.0399719,0.0399771,0.0399839,0.0399921,0.0400019,0.0400132,0.040026,0.0400403,0.0400561,0.0400735,0.0400923,0.0401127,0.0401346,0.0401581,0.040183,0.0402095,0.0402375,0.040267,0.040298,0.0403305,0.0403645,0.0404,0.040437,0.0404755,0.0405156,0.040557,0.0406,0.0406444,0.0406903,0.0407377,0.0407865,0.0408368,0.0408885,0.0409417,0.0409962,0.0410522,0.0411096,0.0411684,0.0412286,0.0412902,0.0413531,0.0414174,0.041483,0.04155,0.0416183,0.041688,0.0417589,0.0418312,0.0419048,0.0419795,0.0420556,0.0421329,0.0422115,0.0422913,0.0423723,0.0424545,0.0425378,0.0426224,0.0427082,0.042795,0.042883
0.0399666,0.0399673,0.0399696,0.0399733,0.0399785,0.0399853,0.0399935,0.0400033,0.0400146,0.0400274,0.0400417,0.0400575,0.0400749,0.0400938,0.0401142,0.0401361,0.0401595,0.0401844,0.0402109,0.0402389,0.0402684,0.0402994,0.0403319,0.0403659,0.0404015,0.0404385,0.040477,0.040517,0.0405585,0.0406014,0.0406459,0.0406918,0.0407392,0.040788,0.0408383,0.04089,0.0409431,0.0409977,0.0410537,0.0411111,0.0411699,0.04123,0.0412916,0.0413545,0.0414188,0.0414845,0.0415515,0.0416198,0.0416895,0.0417604,0.0418327,0.0419062,0.0419811,0.0420571,0.0421345,0.042213,0.0422928,0.0423738,0.042456,0.0425394,0.0426239,0.0427097,0.0427965,0.0428845
0.039968,0.0399688,0.039971,0.0399747,0.03998,0.0399867,0.039995,0.0400047,0.040016,0.0400288,0.0400431,0.040059,0.0400763,0.0400952,0.0401156,0.0401375,0.0401609,0.0401859,0.0402124,0.0402403,0.0402698,0.0403008,0.0403334,0.0403674,0.0404029,0.0404399,0.0404784,0.0405184,0.0405599,0.0406029,0.0406473,0.0406932,0.0407406,0.0407894,0.0408397,0.0408914,0.0409446,0.0409991,0.0410551,0.0411125,0.0411713,0.0412315,0.0412931,0.041356,0.0414203,0.041486,0.041553,0.0416213,0.041691,0.0417619,0.0418342,0.0419077,0.0419825,0.0420586,0.0421359,0.0422145,0.0422943,0.0423753,0.0424575,0.0425409,0.0426255,0.0427112,0.042798,0.042886
0.0399694,0.0399702,0.0399724,0.0399762,0.0399814,0.0399882,0.0399964,0.0400062,0.0400175,0.0400303,0.0400446,0.0400604,0.0400778,0.0400966,0.040117,0.0401389,0.0401624,0.0401873,0.0402138,0.0402418,0.0402713,0.0403023,0.0403348,0.0403688,0.0404043,0.0404414,0.0404799,0.0405199,0.0405614,0.0406043,0.0406488,0.0406947,0.0407421,0.0407909,0.0408412,0.0408929,0.040946,0.0410006,0.0410566,0.041114,0.0411728,0.041233,0.0412945,0.0413575,0.0414218,0.0414874,0.0415545,0.0416228,0.0416924,0.0417634,0.0418357,0.0419092,0.041984,0.0420601,0.0421374,0.042216,0.0422958,0.0423768,0.042459,0.0425424,0.042627,0.0427127,0.0427996,0.0428875
0.0399704,0.0399711,0.0399734,0.0399771,0.0399824,0.0399891,0.0399974,0.0400071,0.0400184,0.0400312,0.0400455,0.0400614,0.0400787,0.0400976,0.040118,0.0401399,0.0401633,0.0401883,0.0402148,0.0402427,0.0402722,0.0403032,0.0403358,0.0403698,0.0404053,0.0404423,0.0404809,0.0405209,0.0405624,0.0406053,0.0406498,0.0406957,0.0407431,0.0407919,0.0408422,0.0408939,0.040947,0.0410016,0.0410576,0.041115,0.0411738,0.041234,0.0412956,0.0413585,0.0414228,0.0414885,0.0415555,0.0416238,0.0416934,0.0417644,0.0418367,0.0419102,0.0419851,0.0420611,0.0421385,0.042217,0.0422968,0.0423778,0.0424601,0.0425435,0.042628,0.0427137,0.0428006,0.0428886
0.0399718,0.0399726,0.0399748,0.0399786,0.0399838,0.0399905,0.0399988,0.0400086,0.0400198,0.0400326,0.040047,0.0400628,0.0400801,0.040099,0.0401194,0.0401413,0.0401648,0.0401897,0.0402162,0.0402442,0.0402737,0.0403047,0.0403372,0.0403712,0.0404068,0.0404438,0.0404823,0.0405223,0.0405638,0.0406068,0.0406512,0.0406971,0.0407445,0.0407933,0.0408436,0.0408953,0.0409485,0.0410031,0.041059,0.0411165,0.0411752,0.0412355,0.041297,0.04136,0.0414243,0.0414899,0.0415569,0.0416253,0.041695,0.0417659,0.0418382,0.0419117,0.0419865,0.0420626,0.0421399,0.0422185,0.0422983,0.0423794,0.0424616,0.042545,0.0426295,0.0427153,0.0428022,0.0428901
0.0399733,0.039974,0.0399762,0.03998,0.0399852,0.039992,0.0400002,0.04001,0.0400213,0.0400341,0.0400484,0.0400642,0.0400816,0.0401005,0.0401209,0.0401428,0.0401662,0.0401912,0.0402176,0.0402456,0.0402751,0.0403061,0.0403386,0.0403727,0.0404082,0.0404452,0.0404837,0.0405238,0.0405652,0.0406082,0.0406527,0.0406986,0.040746,0.0407948,0.0408451,0.0408968,0.0409499,0.0410045,0.0410605,0.0411179,0.0411767,0.0412369,0.0412985,0.0413614,0.0414257,0.0414914,0.0415584,0.0416268,0.0416964,0.0417674,0.0418396,0.0419132,0.041988,0.0420641,0.0421415,0.04222,0.0422998,0.0423808,0.042463,0.0425464,0.042631,0.0427168,0.0428036,0.0428917
0.0399747,0.0399754,0.0399777,0.0399814,0.0399867,0.0399934,0.0400017,0.0400114,0.0400227,0.0400355,0.0400498,0.0400657,0.040083,0.0401019,0.0401223,0.0401442,0.0401676,0.0401926,0.0402191,0.040247,0.0402766,0.0403076,0.0403401,0.0403741,0.0404096,0.0404467,0.0404852,0.0405252,0.0405667,0.0406097,0.0406541,0.0407,0.0407474,0.0407962,0.0408465,0.0408982,0.0409514,0.041006,0.041062,0.0411194,0.0411782,0.0412384,0.0413,0.0413629,0.0414273,0.0414929,0.0415599,0.0416283,0.0416979,0.0417689,0.0418411,0.0419147,0.0419895,0.0420656,0.0421429,0.0422215,0.0423013,0.0423824,0.0424646,0.042548,0.0426325,0.0427183,0.0428052,0.0428932
0.0399756,0.0399764,0.0399786,0.0399824,0.0399876,0.0399944,0.0400026,0.0400124,0.0400237,0.0400365,0.0400508,0.0400666,0.040084,0.0401028,0.0401232,0.0401452,0.0401686,0.0401936,0.04022,0.040248,0.0402775,0.0403085,0.0403411,0.0403751,0.0404106,0.0404477,0.0404862,0.0405262,0.0405677,0.0406107,0.0406551,0.040701,0.0407484,0.0407972,0.0408475,0.0408992,0.0409524,0.041007,0.041063,0.0411204,0.0411792,0.0412394,0.041301,0.0413639,0.0414282,0.0414939,0.0415609,0.0416292,0.0416989,0.0417699,0.0418422,0.0419157,0.0419906,0.0420667,0.042144,0.0422226,0.0423024,0.0423834,0.0424656,0.042549,0.0426336,0.0427194,0.0428062,0.0428943
0.0399771,0.0399778,0.0399801,0.0399838,0.039989,0.0399958,0.040004,0.0400138,0.0400251,0.0400379,0.0400522,0.040068,0.0400854,0.0401043,0.0401247,0.0401466,0.04017,0.040195,0.0402215,0.0402495,0.040279,0.04031,0.0403425,0.0403765,0.0404121,0.0404491,0.0404876,0.0405276,0.0405691,0.0406121,0.0406566,0.0407025,0.0407498,0.0407987,0.040849,0.0409007,0.0409539,0.0410084,0.0410644,0.0411219,0.0411806,0.0412408,0.0413024,0.0413654,0.0414297,0.0414954,0.0415624,0.0416307,0.0417004,0.0417714,0.0418437,0.0419172,0.0419921,0.0420681,0.0421455,0.0422241,0.0423038,0.0423848,0.0424671,0.0425505,0.0426351,0.0427208,0.0428077,0.0428958
0.0399785,0.0399792,0.0399815,0.0399852,0.0399905,0.0399972,0.0400055,0.0400152,0.0400265,0.0400393,0.0400536,0.0400695,0.0400868,0.0401057,0.0401261,0.040148,0.0401715,0.0401964,0.0402229,0.0402509,0.0402804,0.0403114,0.0403439,0.040378,0.0404135,0.0404505,0.0404891,0.0405291,0.0405706,0.0406135,0.040658,0.0407039,0.0407513,0.0408001,0.0408504,0.0409021,0.0409553,0.0410099,0.0410659,0.0411233,0.0411821,0.0412423,0.0413039,0.0413668,0.0414312,0.0414968,0.0415639,0.0416322,0.0417019,0.0417729,0.0418451,0.0419187,0.0419935,0.0420697,0.042147,0.0422256,0.0423054,0.0423864,0.0424686,0.042552,0.0426366,0.0427224,0.0428093,0.0428973
0.0399795,0.0399802,0.0399824,0.0399862,0.0399914,0.0399982,0.0400064,0.0400162,0.0400275,0.0400403,0.0400546,0.0400704,0.0400878,0.0401067,0.0401271,0.040149,0.0401724,0.0401974,0.0402239,0.0402519,0.0402814,0.0403124,0.0403449,0.0403789,0.0404145,0.0404515,0.04049,0.0405301,0.0405715,0.0406145,0.040659,0.0407049,0.0407523,0.0408011,0.0408514,0.0409031,0.0409563,0.0410109,0.0410669,0.0411243,0.0411831,0.0412433,0.0413049,0.0413679,0.0414322,0.0414979,0.0415649,0.0416332,0.0417029,0.0417739,0.0418461,0.0419197,0.0419946,0.0420707,0.042148,0.0422266,0.0423064,0.0423874,0.0424696,0.0425531,0.0426377,0.0427234,0.0428103,0.0428984
0.0399809,0.0399816,0.0399839,0.0399876,0.0399929,0.0399996,0.0400079,0.0400176,0.0400289,0.0400417,0.040056,0.0400719,0.0400892,0.0401081,0.0401285,0.0401504,0.0401739,0.0401988,0.0402253,0.0402533,0.0402828,0.0403138,0.0403464,0.0403804,0.0404159,0.0404529,0.0404915,0.0405315,0.040573,0.040616,0.0406604,0.0407064,0.0407537,0.0408026,0.0408529,0.0409046,0.0409578,0.0410124,0.0410684,0.0411258,0.0411846,0.0412448,0.0413064,0.0413693,0.0414337,0.0414993,0.0415664,0.0416347,0.0417044,0.0417754,0.0418477,0.0419212,0.0419961,0.0420722,0.0421495,0.0422281,0.042308,0.042389,0.0424712,0.0425546,0.0426392,0.0427249,0.0428118,0.0428998
0.0399823,0.0399831,0.0399853,0.039989,0.0399943,0.040001,0.0400093,0.0400191,0.0400303,0.0400432,0.0400575,0.0400733,0.0400907,0.0401095,0.0401299,0.0401519,0.0401753,0.0402003,0.0402267,0.0402547,0.0402842,0.0403153,0.0403478,0.0403818,0.0404174,0.0404544,0.0404929,0.0405329,0.0405744,0.0406174,0.0406619,0.0407078,0.0407552,0.040804,0.0408543,0.0409061,0.0409592,0.0410138,0.0410698,0.0411272,0.0411861,0.0412463,0.0413078,0.0413708,0.0414351,0.0415008,0.0415678,0.0416362,0.0417059,0.0417768,0.0418491,0.0419227,0.0419975,0.0420736,0.042151,0.0422296,0.0423094,0.0423904,0.0424727,0.0425561,0.0426407,0.0427264,0.0428134,0.0429014
0.0399833,0.039984,0.0399863,0.03999,0.0399952,0.040002,0.0400102,0.04002,0.0400313,0.0400441,0.0400584,0.0400743,0.0400916,0.0401105,0.0401309,0.0401528,0.0401763,0.0402012,0.0402277,0.0402557,0.0402852,0.0403162,0.0403488,0.0403828,0.0404183,0.0404554,0.0404939,0.0405339,0.0405754,0.0406184,0.0406629,0.0407088,0.0407562,0.040805,0.0408553,0.0409071,0.0409602,0.0410148,0.0410708,0.0411282,0.0411871,0.0412473,0.0413089,0.0413718,0.0414362,0.0415018,0.0415688,0.0416372,0.0417069,0.0417779,0.0418502,0.0419238,0.0419986,0.0420747,0.042152,0.0422306,0.0423104,0.0423915,0.0424738,0.0425571,0.0426417,0.0427275,0.0428144,0.0429024
0.0399847,0.0399854,0.0399877,0.0399914,0.0399967,0.0400034,0.0400117,0.0400215,0.0400327,0.0400455,0.0400599,0.0400757,0.0400931,0.0401119,0.0401323,0.0401543,0.0401777,0.0402027,0.0402291,0.0402571,0.0402866,0.0403177,0.0403502,0.0403842,0.0404198,0.0404568,0.0404953,0.0405354,0.0405769,0.0406199,0.0406643,0.0407102,0.0407576,0.0408065,0.0408568,0.0409085,0.0409617,0.0410163,0.0410723,0.0411297,0.0411885,0.0412487,0.0413103,0.0413733,0.0414376,0.0415033,0.0415704,0.0416387,0.0417084,0.0417794,0.0418516,0.0419252,0.0420001,0.0420762,0.0421535,0.0422321,0.042312,0.042393,0.0424752,0.0425586,0.0426433,0.0427291,0.0428159,0.042904
0.0405374,0.0405609,0.0405848,0.0406093,0.0406343,0.0406597,0.0406857,0.0407122,0.0407391,0.0407666,0.0407946,0.040823,0.040852,0.0408814,0.0409114,0.0409418,0.0409728,0.0410042,0.0410361,0.0410685,0.0411015,0.0411348,0.0411687,0.0412031,0.0412379,0.0412732,0.041309,0.0413452,0.041382,0.0414192,0.0414568,0.041495,0.0415335,0.0415726,0.0416121,0.0416521,0.0416925,0.0417334,0.0417747,0.0418165,0.0418586,0.0419013,0.0419444,0.0419879,0.0420318,0.0420761,0.0421209,0.0421661,0.0422117,0.0422577,0.0423041,0.042351,0.0423982,0.0424458,0.0424938,0.0425423,0.042591,0.0426402,0.0426898,0.0427397,0.0427899,0.0428405,0.0428916,0.042943
0.0405384,0.0405618,0.0405858,0.0406103,0.0406352,0.0406607,0.0406867,0.0407131,0.0407401,0.0407676,0.0407955,0.040824,0.040853,0.0408824,0.0409124,0.0409428,0.0409738,0.0410052,0.0410371,0.0410696,0.0411025,0.0411358,0.0411697,0.0412041,0.0412389,0.0412742,0.04131,0.0413462,0.041383,0.0414202,0.0414578,0.041496,0.0415346,0.0415736,0.0416131,0.0416531,0.0416935,0.0417344,0.0417757,0.0418175,0.0418597,0.0419023,0.0419454,0.0419889,0.0420328,0.0420772,0.0421219,0.0421671,0.0422127,0.0422588,0.0423052,0.042352,0.0423992,0.0424469,0.0424949,0.0425433,0.0425921,0.0426413,0.0426908,0.0427407,0.042791,0.0428416,0.0428926,0.0429439
0.0405398,0.0405633,0.0405873,0.0406117,0.0406367,0.0406622,0.0406881,0.0407146,0.0407416,0.040769,0.040797,0.0408255,0.0408544,0.0408839,0.0409138,0.0409443,0.0409752,0.0410067,0.0410386,0.041071,0.0411039,0.0411373,0.0411712,0.0412055,0.0412404,0.0412757,0.0413115,0.0413477,0.0413844,0.0414216,0.0414593,0.0414975,0.041536,0.0415751,0.0416146,0.0416546,0.041695,0.0417359,0.0417772,0.041819,0.0418612,0.0419038,0.0419469,0.0419904,0.0420343,0.0420786,0.0421234,0.0421686,0.0422142,0.0422602,0.0423067,0.0423535,0.0424007,0.0424484,0.0424964,0.0425447,0.0425935,0.0426427,0.0426923,0.0427422,0.0427925,0.0428431,0.0428941,0.0429455
0.0405413,0.0405647,0.0405887,0.0406132,0.0406381,0.0406636,0.0406896,0.040716,0.040743,0.0407705,0.0407984,0.0408269,0.0408559,0.0408853,0.0409153,0.0409458,0.0409767,0.0410081,0.0410401,0.0410725,0.0411054,0.0411388,0.0411726,0.041207,0.0412418,0.0412771,0.0413129,0.0413492,0.0413859,0.0414231,0.0414608,0.0414989,0.0415375,0.0415766,0.0416161,0.0416561,0.0416965,0.0417374,0.0417787,0.0418204,0.0418626,0.0419053,0.0419483,0.0419919,0.0420358,0.0420802,0.0421249,0.0421701,0.0422157,0.0422618,0.0423082,0.042355,0.0424022,0.0424499,0.0424979,0.0425463,0.0425951,0.0426443,0.0426938,0.0427437,0.042794,0.0428447,0.0428957,0.042947
0.0405423,0.0405657,0.0405897,0.0406141,0.0406391,0.0406646,0.0406905,0.040717,0.040744,0.0407715,0.0407994,0.0408279,0.0408569,0.0408863,0.0409163,0.0409467,0.0409777,0.0410091,0.041041,0.0410735,0.0411064,0.0411397,0.0411736,0.041208,0.0412428,0.0412781,0.0413139,0.0413502,0.0413869,0.0414241,0.0414618,0.0414999,0.0415385,0.0415776,0.0416171,0.0416571,0.0416975,0.0417384,0.0417797,0.0418215,0.0418637,0.0419063,0.0419494,0.0419929,0.0420368,0.0420812,0.042126,0.0421712,0.0422168,0.0422628,0.0423092,0.042356,0.0424033,0.0424509,0.0424989,0.0425474,0.0425961,0.0426453,0.0426949,0.0427447,0.042795,0.0428457,0.0428967,0.0429481
0.0405437,0.0405672,0.0405911,0.0406156,0.0406406,0.040666,0.040692,0.0407185,0.0407454,0.0407729,0.0408009,0.0408294,0.0408583,0.0408878,0.0409177,0.0409482,0.0409792,0.0410106,0.0410425,0.0410749,0.0411078,0.0411412,0.0411751,0.0412094,0.0412443,0.0412796,0.0413154,0.0413516,0.0413884,0.0414256,0.0414633,0.0415014,0.04154,0.0415791,0.0416186,0.0416586,0.041699,0.0417399,0.0417812,0.0418229,0.0418651,0.0419078,0.0419509,0.0419944,0.0420383,0.0420827,0.0421274,0.0421727,0.0422182,0.0422643,0.0423107,0.0423575,0.0424048,0.0424525,0.0425004,0.0425488,0.0425976,0.0426468,0.0426964,0.0427463,0.0427966,0.0428472,0.0428982,0.0429496
0.0405451,0.0405686,0.0405926,0.040617,0.040642,0.0406675,0.0406934,0.0407199,0.0407469,0.0407744,0.0408023,0.0408308,0.0408598,0.0408892,0.0409192,0.0409497,0.0409806,0.041012,0.041044,0.0410764,0.0411093,0.0411427,0.0411766,0.0412109,0.0412457,0.0412811,0.0413168,0.0413531,0.0413899,0.0414271,0.0414647,0.0415029,0.0415415,0.0415805,0.0416201,0.04166,0.0417005,0.0417413,0.0417827,0.0418244,0.0418666,0.0419093,0.0419523,0.0419959,0.0420398,0.0420842,0.042129,0.0421741,0.0422198,0.0422658,0.0423122,0.0423591,0.0424063,0.0424539,0.0425019,0.0425504,0.0425991,0.0426483,0.0426979,0.0427478,0.0427981,0.0428487,0.0428998,0.0429511
0.0405461,0.0405696,0.0405935,0.040618,0.040643,0.0406685,0.0406944,0.0407209,0.0407479,0.0407753,0.0408033,0.0408318,0.0408608,0.0408902,0.0409202,0.0409506,0.0409816,0.041013,0.041045,0.0410774,0.0411103,0.0411437,0.0411776,0.0412119,0.0412467,0.0412821,0.0413179,0.0413541,0.0413909,0.0414281,0.0414658,0.0415039,0.0415425,0.0415815,0.0416211,0.0416611,0.0417015,0.0417424,0.0417837,0.0418255,0.0418677,0.0419103,0.0419534,0.0419969,0.0420408,0.0420852,0.04213,0.0421752,0.0422208,0.0422668,0.0423133,0.0423601,0.0424073,0.042455,0.042503,0.0425514,0.0426002,0.0426494,0.0426989,0.0427488,0.0427992,0.0428498,0.0429008,0.0429522
0.0405476,0.040571,0.040595,0.0406195,0.0406444,0.0406699,0.0406959,0.0407224,0.0407493,0.0407768,0.0408048,0.0408332,0.0408622,0.0408917,0.0409216,0.0409521,0.040983,0.0410145,0.0410464,0.0410788,0.0411117,0.0411451,0.041179,0.0412134,0.0412482,0.0412835,0.0413193,0.0413556,0.0413923,0.0414295,0.0414672,0.0415054,0.0415439,0.041583,0.0416225,0.0416625,0.041703,0.0417438,0.0417852,0.0418269,0.0418691,0.0419118,0.0419549,0.0419984,0.0420423,0.0420867,0.0421315,0.0421767,0.0422223,0.0422683,0.0423147,0.0423616,0.0424088,0.0424565,0.0425045,0.0425529,0.0426017,0.0426509,0.0427004,0.0427503,0.0428006,0.0428513,0.0429023,0.0429537
0.0405485,0.040572,0.040596,0.0406204,0.0406454,0.0406709,0.0406969,0.0407233,0.0407503,0.0407778,0.0408058,0.0408342,0.0408632,0.0408927,0.0409226,0.0409531,0.040984,0.0410155,0.0410474,0.0410798,0.0411127,0.0411461,0.04118,0.0412144,0.0412492,0.0412845,0.0413203,0.0413566,0.0413933,0.0414305,0.0414682,0.0415064,0.041545,0.041584,0.0416236,0.0416635,0.041704,0.0417448,0.0417862,0.041828,0.0418702,0.0419128,0.0419559,0.0419994,0.0420434,0.0420877,0.0421325,0.0421777,0.0422233,0.0422694,0.0423158,0.0423626,0.0424098,0.0424575,0.0425055,0.0425539,0.0426027,0.0426519,0.0427015,0.0427514,0.0428016,0.0428524,0.0429034,0.0429547
0.04055,0.0405735,0.0405974,0.0406219,0.0406469,0.0406723,0.0406983,0.0407248,0.0407518,0.0407792,0.0408072,0.0408357,0.0408647,0.0408941,0.0409241,0.0409546,0.0409855,0.0410169,0.0410489,0.0410813,0.0411142,0.0411476,0.0411815,0.0412158,0.0412507,0.041286,0.0413218,0.0413581,0.0413948,0.041432,0.0414697,0.0415078,0.0415465,0.0415855,0.041625,0.041665,0.0417055,0.0417463,0.0417877,0.0418294,0.0418716,0.0419143,0.0419574,0.0420009,0.0420448,0.0420892,0.042134,0.0421792,0.0422248,0.0422708,0.0423173,0.0423641,0.0424114,0.042459,0.042507,0.0425554,0.0426043,0.0426534,0.042703,0.0427529,0.0428032,0.0428539,0.0429049,0.0429562
0.0405514,0.0405749,0.0405989,0.0406233,0.0406483,0.0406738,0.0406998,0.0407262,0.0407532,0.0407807,0.0408087,0.0408371,0.0408661,0.0408956,0.0409255,0.040956,0.040987,0.0410184,0.0410503,0.0410828,0.0411157,0.0411491,0.0411829,0.0412173,0.0412521,0.0412875,0.0413233,0.0413595,0.0413963,0.0414335,0.0414712,0.0415093,0.0415479,0.041587,0.0416265,0.0416665,0.0417069,0.0417478,0.0417891,0.0418309,0.0418731,0.0419158,0.0419588,0.0420024,0.0420463,0.0420907,0.0421355,0.0421807,0.0422263,0.0422723,0.0423188,0.0423656,0.0424129,0.0424605,0.0425085,0.0425569,0.0426057,0.0426549,0.0427045,0.0427544,0.0428047,0.0428554,0.0429064,0.0429578
0.0405524,0.0405759,0.0405998,0.0406243,0.0406493,0.0406748,0.0407007,0.0407272,0.0407542,0.0407817,0.0408097,0.0408381,0.0408671,0.0408966,0.0409265,0.040957,0.0409879,0.0410194,0.0410513,0.0410837,0.0411167,0.0411501,0.0411839,0.0412183,0.0412531,0.0412885,0.0413242,0.0413605,0.0413973,0.0414345,0.0414722,0.0415103,0.0415489,0.041588,0.0416275,0.0416675,0.0417079,0.0417488,0.0417901,0.0418319,0.0418741,0.0419168,0.0419599,0.0420034,0.0420474,0.0420917,0.0421365,0.0421817,0.0422273,0.0422734,0.0423198,0.0423667,0.0424139,0.0424615,0.0425096,0.042558,0.0426068,0.042656,0.0427055,0.0427555,0.0428058,0.0428564,0.0429074,0.0429589
0.0405534,0.0405768,0.0406008,0.0406253,0.0406503,0.0406757,0.0407017,0.0407282,0.0407552,0.0407827,0.0408106,0.0408391,0.0408681,0.0408976,0.0409275,0.040958,0.0409889,0.0410204,0.0410523,0.0410847,0.0411177,0.041151,0.0411849,0.0412193,0.0412541,0.0412895,0.0413253,0.0413615,0.0413983,0.0414355,0.0414732,0.0415113,0.04155,0.041589,0.0416285,0.0416685,0.041709,0.0417498,0.0417912,0.041833,0.0418752,0.0419178,0.0419609,0.0420044,0.0420484,0.0420927,0.0421375,0.0421827,0.0422284,0.0422744,0.0423209,0.0423677,0.0424149,0.0424626,0.0425106,0.042559,0.0426078,0.042657,0.0427066,0.0427565,0.0428068,0.0428575,0.0429085,0.0429599
0.0405553,0.0405788,0.0406027,0.0406272,0.0406522,0.0406777,0.0407036,0.0407301,0.0407571,0.0407846,0.0408126,0.040841,0.04087,0.0408995,0.0409294,0.0409599,0.0409909,0.0410223,0.0410542,0.0410867,0.0411196,0.041153,0.0411869,0.0412212,0.0412561,0.0412914,0.0413272,0.0413635,0.0414002,0.0414374,0.0414751,0.0415133,0.0415519,0.0415909,0.0416305,0.0416705,0.0417109,0.0417518,0.0417931,0.0418349,0.0418771,0.0419198,0.0419628,0.0420064,0.0420503,0.0420947,0.0421395,0.0421847,0.0422303,0.0422763,0.0423228,0.0423696,0.0424169,0.0424645,0.0425126,0.042561,0.0426098,0.042659,0.0427085,0.0427585,0.0428088,0.0428594,0.0429105,0.0429618
0.0405563,0.0405797,0.0406037,0.0406282,0.0406532,0.0406786,0.0407046,0.0407311,0.0407581,0.0407856,0.0408135,0.040842,0.040871,0.0409005,0.0409304,0.0409609,0.0409918,0.0410233,0.0410552,0.0410877,0.0411206,0.041154,0.0411879,0.0412222,0.0412571,0.0412924,0.0413282,0.0413645,0.0414012,0.0414384,0.0414761,0.0415143,0.0415529,0.041592,0.0416315,0.0416715,0.0417119,0.0417528,0.0417941,0.0418359,0.0418781,0.0419208,0.0419639,0.0420074,0.0420513,0.0420957,0.0421405,0.0421857,0.0422313,0.0422774,0.0423238,0.0423707,0.0424179,0.0424656,0.0425136,0.042562,0.0426108,0.04266,0.0427096,0.0427595,0.0428098,0.0428605,0.0429115,0.0429629
0.0405572,0.0405807,0.0406047,0.0406292,0.0406541,0.0406796,0.0407056,0.0407321,0.0407591,0.0407865,0.0408145,0.040843,0.040872,0.0409015,0.0409314,0.0409619,0.0409928,0.0410243,0.0410562,0.0410887,0.0411216,0.041155,0.0411888,0.0412232,0.0412581,0.0412934,0.0413292,0.0413655,0.0414022,0.0414394,0.0414771,0.0415153,0.0415539,0.041593,0.0416325,0.0416725,0.0417129,0.0417538,0.0417952,0.0418369,0.0418792,0.0419218,0.0419649,0.0420084,0.0420524,0.0420967,0.0421415,0.0421867,0.0422324,0.0422784,0.0423249,0.0423717,0.042419,0.0424666,0.0425146,0.0425631,0.0426119,0.0426611,0.0427106,0.0427606,0.0428109,0.0428616,0.0429126,0.042964
0.0405587,0.0405822,0.0406061,0.0406306,0.0406556,0.0406811,0.040707,0.0407335,0.0407605,0.040788,0.040816,0.0408444,0.0408734,0.0409029,0.0409329,0.0409633,0.0409943,0.0410257,0.0410577,0.0410901,0.041123,0.0411564,0.0411903,0.0412247,0.0412595,0.0412949,0.0413307,0.0413669,0.0414037,0.0414409,0.0414786,0.0415167,0.0415554,0.0415944,0.041634,0.041674,0.0417144,0.0417553,0.0417966,0.0418384,0.0418806,0.0419233,0.0419664,0.0420099,0.0420539,0.0420982,0.042143,0.0421883,0.0422339,0.0422799,0.0423264,0.0423732,0.0424205,0.0424681,0.0425162,0.0425646,0.0426134,0.0426626,0.0427121,0.0427621,0.0428124,0.042863,0.0429141,0.0429655
0.0405601,0.0405433,0.0405268,0.0405104,0.0404943,0.0404785,0.0404629,0.0404475,0.0404324,0.0404176,0.0404029,0.0403886,0.0403745,0.0403606,0.040347,0.0403337,0.0403206,0.0403078,0.0402952,0.0402829,0.0402709,0.0402591,0.0402476,0.0402363,0.0402254,0.0402146,0.0402042,0.040194,0.0401841,0.0401745,0.0401651,0.040156,0.0401472,0.0401386,0.0401303,0.0401223,0.0401145,0.0401071,0.0400999,0.040093,0.0400863,0.0400799,0.0400738,0.040068,0.0400624,0.0400572,0.0400521,0.0400474,0.040043,0.0400388,0.0400349,0.0400312,0.0400278,0.0400247,0.0400219,0.0400194,0.0400171,0.0400151,0.0400133,0.0400119,0.0400107,0.0400097,0.0400091,0.0400087
0.0405611,0.0405443,0.0405277,0.0405114,0.0404953,0.0404795,0.0404638,0.0404485,0.0404334,0.0404185,0.0404039,0.0403896,0.0403754,0.0403616,0.040348,0.0403347,0.0403216,0.0403088,0.0402962,0.0402839,0.0402718,0.0402601,0.0402486,0.0402373,0.0402263,0.0402156,0.0402052,0.040195,0.0401851,0.0401754,0.040166,0.0401569,0.0401481,0.0401396,0.0401313,0.0401232,0.0401155,0.040108,0.0401008,0.0400939,0.0400873,0.0400809,0.0400748,0.0400689,0.0400634,0.0400581,0.0400531,0.0400484,0.0400439,0.0400397,0.0400358,0.0400322,0.0400288,0.0400257,0.0400229,0.0400203,0.040018,0.040016,0.0400143,0.0400128,0.0400116,0.0400107,0.04001,0.0400096
0.0405621,0.0405453,0.0405287,0.0405124,0.0404963,0.0404804,0.0404648,0.0404495,0.0404344,0.0404195,0.0404049,0.0403905,0.0403764,0.0403626,0.040349,0.0403356,0.0403225,0.0403097,0.0402972,0.0402849,0.0402728,0.040261,0.0402495,0.0402383,0.0402273,0.0402166,0.0402061,0.0401959,0.040186,0.0401764,0.040167,0.0401579,0.0401491,0.0401405,0.0401322,0.0401242,0.0401165,0.040109,0.0401018,0.0400949,0.0400882,0.0400818,0.0400757,0.0400699,0.0400643,0.0400591,0.0400541,0.0400493,0.0400449,0.0400407,0.0400368,0.0400331,0.0400298,0.0400267,0.0400238,0.0400213,0.040019,0.040017,0.0400153,0.0400138,0.0400126,0.0400116,0.040011,0.0400106
0.0405635,0.0405467,0.0405301,0.0405138,0.0404977,0.0404819,0.0404663,0.0404509,0.0404358,0.0404209,0.0404063,0.040392,0.0403779,0.040364,0.0403504,0.0403371,0.040324,0.0403112,0.0402986,0.0402863,0.0402742,0.0402625,0.040251,0.0402397,0.0402287,0.040218,0.0402076,0.0401974,0.0401875,0.0401778,0.0401684,0.0401593,0.0401505,0.0401419,0.0401337,0.0401256,0.0401179,0.0401104,0.0401032,0.0400963,0.0400896,0.0400833,0.0400772,0.0400713,0.0400658,0.0400605,0.0400555,0.0400508,0.0400463,0.0400421,0.0400382,0.0400346,0.0400312,0.0400281,0.0400253,0.0400227,0.0400204,0.0400184,0.0400167,0.0400152,0.040014,0.0400131,0.0400124,0.040012
0.040565,0.0405482,0.0405316,0.0405152,0.0404992,0.0404833,0.0404677,0.0404523,0.0404372,0.0404224,0.0404078,0.0403934,0.0403793,0.0403654,0.0403518,0.0403385,0.0403254,0.0403126,0.0403,0.0402877,0.0402757,0.0402639,0.0402524,0.0402411,0.0402302,0.0402194,0.040209,0.0401988,0.0401889,0.0401793,0.0401699,0.0401608,0.0401519,0.0401434,0.0401351,0.0401271,0.0401193,0.0401118,0.0401047,0.0400977,0.0400911,0.0400847,0.0400786,0.0400728,0.0400672,0.0400619,0.0400569,0.0400522,0.0400477,0.0400435,0.0400396,0.040036,0.0400326,0.0400295,0.0400267,0.0400241,0.0400219,0.0400199,0.0400181,0.0400166,0.0400154,0.0400145,0.0400138,0.0400134
0.0405659,0.0405491,0.0405326,0.0405162,0.0405001,0.0404843,0.0404687,0.0404533,0.0404382,0.0404233,0.0404087,0.0403944,0.0403803,0.0403664,0.0403528,0.0403395,0.0403264,0.0403136,0.040301,0.0402887,0.0402766,0.0402649,0.0402534,0.0402421,0.0402311,0.0402204,0.0402099,0.0401998,0.0401899,0.0401802,0.0401708,0.0401617,0.0401529,0.0401443,0.040136,0.040128,0.0401203,0.0401128,0.0401056,0.0400987,0.040092,0.0400857,0.0400795,0.0400737,0.0400682,0.0400629,0.0400579,0.0400531,0.0400487,0.0400445,0.0400406,0.0400369,0.0400336,0.0400305,0.0400277,0.0400251,0.0400228,0.0400208,0.0400191,0.0400176,0.0400164,0.0400155,0.0400148,0.0400144
0.0405674,0.0405506,0.040534,0.0405177,0.0405016,0.0404857,0.0404701,0.0404548,0.0404396,0.0404248,0.0404102,0.0403958,0.0403817,0.0403678,0.0403542,0.0403409,0.0403278,0.040315,0.0403024,0.0402901,0.0402781,0.0402663,0.0402548,0.0402435,0.0402326,0.0402218,0.0402114,0.0402012,0.0401913,0.0401816,0.0401723,0.0401632,0.0401543,0.0401458,0.0401375,0.0401295,0.0401217,0.0401142,0.040107,0.0401001,0.0400935,0.0400871,0.040081,0.0400752,0.0400696,0.0400643,0.0400593,0.0400546,0.0400501,0.0400459,0.040042,0.0400384,0.040035,0.0400319,0.0400291,0.0400265,0.0400243,0.0400222,0.0400205,0.040019,0.0400178,0.0400169,0.0400162,0.0400158
0.0405684,0.0405515,0.040535,0.0405186,0.0405025,0.0404867,0.0404711,0.0404557,0.0404406,0.0404257,0.0404111,0.0403968,0.0403827,0.0403688,0.0403552,0.0403419,0.0403288,0.040316,0.0403034,0.0402911,0.040279,0.0402673,0.0402558,0.0402445,0.0402335,0.0402228,0.0402123,0.0402022,0.0401923,0.0401826,0.0401732,0.0401641,0.0401553,0.0401467,0.0401384,0.0401304,0.0401227,0.0401152,0.040108,0.0401011,0.0400944,0.040088,0.0400819,0.0400761,0.0400705,0.0400653,0.0400603,0.0400555,0.0400511,0.0400469,0.040043,0.0400393,0.040036,0.0400329,0.04003,0.0400275,0.0400252,0.0400232,0.0400215,0.04002,0.0400188,0.0400178,0.0400172,0.0400168
0.0405698,0.040553,0.0405364,0.0405201,0.040504,0.0404881,0.0404725,0.0404572,0.0404421,0.0404272,0.0404126,0.0403982,0.0403841,0.0403702,0.0403566,0.0403433,0.0403302,0.0403174,0.0403048,0.0402925,0.0402805,0.0402687,0.0402572,0.0402459,0.040235,0.0402242,0.0402138,0.0402036,0.0401937,0.040184,0.0401747,0.0401656,0.0401567,0.0401482,0.0401399,0.0401319,0.0401241,0.0401166,0.0401094,0.0401025,0.0400959,0.0400895,0.0400834,0.0400775,0.040072,0.0400667,0.0400617,0.040057,0.0400525,0.0400483,0.0400444,0.0400408,0.0400374,0.0400343,0.0400315,0.0400289,0.0400266,0.0400246,0.0400229,0.0400214,0.0400202,0.0400193,0.0400186,0.0400182
0.0405708,0.040554,0.0405374,0.040521,0.040505,0.0404891,0.0404735,0.0404581,0.040443,0.0404282,0.0404135,0.0403992,0.0403851,0.0403712,0.0403576,0.0403443,0.0403312,0.0403184,0.0403058,0.0402935,0.0402814,0.0402697,0.0402582,0.0402469,0.0402359,0.0402252,0.0402147,0.0402046,0.0401946,0.040185,0.0401756,0.0401665,0.0401577,0.0401491,0.0401408,0.0401328,0.0401251,0.0401176,0.0401104,0.0401035,0.0400968,0.0400904,0.0400843,0.0400785,0.0400729,0.0400677,0.0400626,0.0400579,0.0400535,0.0400493,0.0400453,0.0400417,0.0400383,0.0400352,0.0400324,0.0400299,0.0400276,0.0400256,0.0400238,0.0400224,0.0400212,0.0400202,0.0400196,0.0400192
0.0405722,0.0405554,0.0405388,0.0405225,0.0405064,0.0404905,0.0404749,0.0404596,0.0404445,0.0404296,0.040415,0.0404006,0.0403865,0.0403727,0.0403591,0.0403457,0.0403326,0.0403198,0.0403072,0.0402949,0.0402829,0.0402711,0.0402596,0.0402483,0.0402373,0.0402266,0.0402162,0.040206,0.0401961,0.0401864,0.0401771,0.040168,0.0401591,0.0401505,0.0401423,0.0401342,0.0401265,0.040119,0.0401118,0.0401049,0.0400982,0.0400919,0.0400858,0.0400799,0.0400744,0.0400691,0.0400641,0.0400593,0.0400549,0.0400507,0.0400468,0.0400431,0.0400398,0.0400367,0.0400339,0.0400313,0.040029,0.040027,0.0400253,0.0400238,0.0400226,0.0400217,0.040021,0.0400206
0.0405732,0.0405564,0.0405398,0.0405235,0.0405074,0.0404915,0.0404759,0.0404605,0.0404454,0.0404306,0.0404159,0.0404016,0.0403875,0.0403736,0.04036,0.0403467,0.0403336,0.0403208,0.0403082,0.0402959,0.0402838,0.0402721,0.0402606,0.0402493,0.0402383,0.0402276,0.0402171,0.040207,0.040197,0.0401874,0.040178,0.0401689,0.0401601,0.0401515,0.0401432,0.0401352,0.0401275,0.04012,0.0401128,0.0401059,0.0400992,0.0400928,0.0400867,0.0400809,0.0400753,0.04007,0.040065,0.0400603,0.0400558,0.0400517,0.0400477,0.0400441,0.0400407,0.0400376,0.0400348,0.0400323,0.04003,0.040028,0.0400262,0.0400248,0.0400236,0.0400226,0.040022,0.0400216
0.0405746,0.0405578,0.0405412,0.0405249,0.0405088,0.040493,0.0404773,0.040462,0.0404469,0.040432,0.0404174,0.040403,0.0403889,0.0403751,0.0403615,0.0403481,0.040335,0.0403222,0.0403096,0.0402973,0.0402853,0.0402735,0.040262,0.0402507,0.0402397,0.040229,0.0402186,0.0402084,0.0401985,0.0401888,0.0401795,0.0401703,0.0401615,0.0401529,0.0401447,0.0401366,0.0401289,0.0401214,0.0401142,0.0401073,0.0401006,0.0400943,0.0400881,0.0400823,0.0400768,0.0400715,0.0400665,0.0400617,0.0400573,0.0400531,0.0400492,0.0400455,0.0400422,0.0400391,0.0400362,0.0400337,0.0400314,0.0400294,0.0400277,0.0400262,0.040025,0.040024,0.0400234,0.040023
0.0405756,0.0405588,0.0405422,0.0405259,0.0405098,0.0404939,0.0404783,0.040463,0.0404478,0.040433,0.0404184,0.040404,0.0403899,0.040376,0.0403624,0.0403491,0.040336,0.0403232,0.0403106,0.0402983,0.0402862,0.0402745,0.0402629,0.0402517,0.0402407,0.04023,0.0402195,0.0402093,0.0401994,0.0401898,0.0401804,0.0401713,0.0401625,0.0401539,0.0401456,0.0401376,0.0401298,0.0401224,0.0401152,0.0401082,0.0401016,0.0400952,0.0400891,0.0400833,0.0400777,0.0400724,0.0400674,0.0400627,0.0400582,0.040054,0.0400501,0.0400465,0.0400431,0.04004,0.0400372,0.0400346,0.0400324,0.0400303,0.0400286,0.0400271,0.0400259,0.040025,0.0400243,0.0400239
0.0405766,0.0405598,0.0405432,0.0405268,0.0405107,0.0404949,0.0404793,0.0404639,0.0404488,0.0404339,0.0404193,0.040405,0.0403908,0.040377,0.0403634,0.04035,0.040337,0.0403241,0.0403116,0.0402993,0.0402872,0.0402754,0.0402639,0.0402527,0.0402417,0.0402309,0.0402205,0.0402103,0.0402004,0.0401907,0.0401814,0.0401723,0.0401634,0.0401549,0.0401466,0.0401385,0.0401308,0.0401233,0.0401161,0.0401092,0.0401025,0.0400962,0.0400901,0.0400842,0.0400787,0.0400734,0.0400684,0.0400636,0.0400592,0.040055,0.0400511,0.0400474,0.0400441,0.040041,0.0400381,0.0400356,0.0400333,0.0400313,0.0400296,0.0400281,0.0400269,0.040026,0.0400253,0.0400249
0.040578,0.0405612,0.0405446,0.0405283,0.0405122,0.0404963,0.0404807,0.0404654,0.0404502,0.0404354,0.0404208,0.0404064,0.0403923,0.0403784,0.0403648,0.0403515,0.0403384,0.0403256,0.040313,0.0403007,0.0402886,0.0402769,0.0402653,0.0402541,0.0402431,0.0402324,0.0402219,0.0402117,0.0402018,0.0401922,0.0401828,0.0401737,0.0401649,0.0401563,0.040148,0.04014,0.0401322,0.0401248,0.0401176,0.0401106,0.040104,0.0400976,0.0400915,0.0400857,0.0400801,0.0400748,0.0400698,0.0400651,0.0400606,0.0400564,0.0400525,0.0400489,0.0400455,0.0400424,0.0400396,0.040037,0.0400347,0.0400327,0.040031,0.0400295,0.0400283,0.0400274,0.0400267,0.0400263
0.0405795,0.0405627,0.0405461,0.0405297,0.0405136,0.0404978,0.0404822,0.0404668,0.0404517,0.0404368,0.0404222,0.0404078,0.0403937,0.0403799,0.0403663,0.0403529,0.0403398,0.040327,0.0403144,0.0403021,0.0402901,0.0402783,0.0402668,0.0402555,0.0402445,0.0402338,0.0402234,0.0402132,0.0402033,0.0401936,0.0401842,0.0401751,0.0401663,0.0401577,0.0401494,0.0401414,0.0401337,0.0401262,0.040119,0.0401121,0.0401054,0.040099,0.0400929,0.0400871,0.0400815,0.0400762,0.0400712,0.0400665,0.040062,0.0400579,0.0400539,0.0400503,0.0400469,0.0400438,0.040041,0.0400385,0.0400362,0.0400342,0.0400324,0.040031,0.0400297,0.0400288,0.0400281,0.0400278
0.0405804,0.0405636,0.040547,0.0405307,0.0405146,0.0404987,0.0404831,0.0404678,0.0404527,0.0404378,0.0404232,0.0404088,0.0403947,0.0403808,0.0403672,0.0403539,0.0403408,0.040328,0.0403154,0.0403031,0.040291,0.0402793,0.0402677,0.0402565,0.0402455,0.0402348,0.0402243,0.0402141,0.0402042,0.0401946,0.0401852,0.0401761,0.0401673,0.0401587,0.0401504,0.0401424,0.0401346,0.0401271,0.0401199,0.040113,0.0401064,0.0401,0.0400939,0.040088,0.0400825,0.0400772,0.0400722,0.0400675,0.040063,0.0400588,0.0400549,0.0400513,0.0400479,0.0400448,0.040042,0.0400394,0.0400371,0.0400351,0.0400334,0.0400319,0.0400307,0.0400298,0.0400291,0.0400287
0.0405814,0.0405646,0.040548,0.0405317,0.0405156,0.0404997,0.0404841,0.0404687,0.0404536,0.0404388,0.0404241,0.0404098,0.0403957,0.0403818,0.0403682,0.0403549,0.0403418,0.0403289,0.0403164,0.0403041,0.040292,0.0402802,0.0402687,0.0402575,0.0402465,0.0402357,0.0402253,0.0402151,0.0402052,0.0401955,0.0401862,0.040177,0.0401682,0.0401596,0.0401513,0.0401433,0.0401356,0.0401281,0.0401209,0.040114,0.0401073,0.0401009,0.0400948,0.040089,0.0400834,0.0400782,0.0400731,0.0400684,0.0400639,0.0400598,0.0400558,0.0400522,0.0400488,0.0400457,0.0400429,0.0400404,0.0400381,0.0400361,0.0400343,0.0400329,0.0400317,0.0400307,0.0400301,0.0400297
0.0405829,0.040566,0.0405495,0.0405331,0.040517,0.0405012,0.0404855,0.0404702,0.0404551,0.0404402,0.0404256,0.0404112,0.0403971,0.0403832,0.0403696,0.0403563,0.0403432,0.0403304,0.0403178,0.0403055,0.0402934,0.0402817,0.0402701,0.0402589,0.0402479,0.0402372,0.0402267,0.0402165,0.0402066,0.040197,0.0401876,0.0401785,0.0401696,0.0401611,0.0401528,0.0401448,0.040137,0.0401295,0.0401223,0.0401154,0.0401088,0.0401024,0.0400963,0.0400904,0.0400849,0.0400796,0.0400746,0.0400698,0.0400654,0.0400612,0.0400573,0.0400536,0.0400503,0.0400472,0.0400443,0.0400418,0.0400395,0.0400375,0.0400358,0.0400343,0.0400331,0.0400322,0.0400315,0.0400311
0.0405838,0.040567,0.0405504,0.0405341,0.040518,0.0405021,0.0404865,0.0404712,0.040456,0.0404412,0.0404265,0.0404122,0.0403981,0.0403842,0.0403706,0.0403573,0.0403442,0.0403313,0.0403188,0.0403065,0.0402944,0.0402826,0.0402711,0.0402598,0.0402489,0.0402381,0.0402277,0.0402175,0.0402076,0.0401979,0.0401885,0.0401794,0.0401706,0.040162,0.0401537,0.0401457,0.040138,0.0401305,0.0401233,0.0401164,0.0401097,0.0401033,0.0400972,0.0400914,0.0400858,0.0400805,0.0400755,0.0400708,0.0400663,0.0400621,0.0400582,0.0400546,0.0400512,0.0400481,0.0400453,0.0400427,0.0400405,0.0400385,0.0400367,0.0400352,0.040034,0.0400331,0.0400324,0.040032
0.0405853,0.0405685,0.0405519,0.0405355,0.0405194,0.0405036,0.040488,0.0404726,0.0404575,0.0404426,0.040428,0.0404136,0.0403995,0.0403856,0.040372,0.0403587,0.0403456,0.0403328,0.0403202,0.0403079,0.0402958,0.0402841,0.0402725,0.0402613,0.0402503,0.0402396,0.0402291,0.0402189,0.040209,0.0401994,0.04019,0.0401809,0.040172,0.0401635,0.0401552,0.0401472,0.0401394,0.0401319,0.0401247,0.0401178,0.0401111,0.0401048,0.0400987,0.0400928,0.0400873,0.040082,0.040077,0.0400722,0.0400678,0.0400636,0.0400597,0.040056,0.0400527,0.0400496,0.0400467,0.0400442,0.0400419,0.0400399,0.0400381,0.0400367,0.0400355,0.0400345,0.0400339,0.0400335
0.0400343,0.0400343,0.0400343,0.0400343,0.0400343,0.0400343,0.0400343,0.0400343,0.0400343,0.0400343,0.0400343,0.0400343,0.0400343,0.0400343,0.0400343,0.0400343,0.0400343,0.0400343,0.0400343,0.0400343,0.0400343,0.0400343,0.0400343,0.0400343,0.0400343,0.0400343,0.0400343,0.0400343,0.0400343,0.0400343,0.0400343,0.0400343,0.0400343,0.0400343,0.0400343,0.0400343,0.0400343,0.0400343,0.0400343,0.0400343,0.0400343,0.0400343,0.0400343,0.0400343,0.0400343,0.0400343,0.0400343,0.0400343,0.0400343,0.0400343,0.0400343,0.0400343,0.0400343,0.0400343,0.0400343,0.0400343,0.0400343,0.0400343,0.0400343,0.0400343,0.0400343,0.0400343,0.0400343,0.0400343
0.0400357,0.0400357,0.0400357,0.0400357,0.0400357,0.0400357,0.0400357,0.0400357,0.0400357,0.0400357,0.0400357,0.0400357,0.0400357,0.0400357,0.0400357,0.0400357,0.0400357,0.0400357,0.0400357,0.0400357,0.0400357,0.0400357,0.0400357,0.0400357,0.0400357,0.0400357,0.0400357,0.0400357,0.0400357,0.0400357,0.0400357,0.0400357,0.0400357,0.0400357,0.0400357,0.0400357,0.0400357,0.0400357,0.0400357,0.0400357,0.0400357,0.0400357,0.0400357,0.0400357,0.0400357,0.0400357,0.0400357,0.0400357,0.0400357,0.0400357,0.0400357,0.0400357,0.0400357,0.0400357,0.0400357,0.0400357,0.0400357,0.0400357,0.0400357,0.0400357,0.0400357,0.0400357,0.0400357,0.0400357
0.0400367,0.0400367,0.0400367,0.0400367,0.0400367,0.0400367,0.0400367,0.0400367,0.0400367,0.0400367,0.0400367,0.0400367,0.0400367,0.0400367,0.0400367,0.0400367,0.0400367,0.0400367,0.0400367,0.0400367,0.0400367,0.0400367,0.0400367,0.0400367,0.0400367,0.0400367,0.0400367,0.0400367,0.0400367,0.0400367,0.0400367,0.0400367,0.0400367,0.0400367,0.0400367,0.0400367,0.0400367,0.0400367,0.0400367,0.0400367,0.0400367,0.0400367,0.0400367,0.0400367,0.0400367,0.0400367,0.0400367,0.0400367,0.0400367,0.0400367,0.0400367,0.0400367,0.0400367,0.0400367,0.0400367,0.0400367,0.0400367,0.0400367,0.0400367,0.0400367,0.0400367,0.0400367,0.0400367,0.0400367
0.0400376,0.0400376,0.0400376,0.0400376,0.0400376,0.0400376,0.0400376,0.0400376,0.0400376,0.0400376,0.0400376,0.0400376,0.0400376,0.0400376,0.0400376,0.0400376,0.0400376,0.0400376,0.0400376,0.0400376,0.0400376,0.0400376,0.0400376,0.0400376,0.0400376,0.0400376,0.0400376,0.0400376,0.0400376,0.0400376,0.0400376,0.0400376,0.0400376,0.0400376,0.0400376,0.0400376,0.0400376,0.0400376,0.0400376,0.0400376,0.0400376,0.0400376,0.0400376,0.0400376,0.0400376,0.0400376,0.0400376,0.0400376,0.0400376,0.0400376,0.0400376,0.0400376,0.0400376,0.0400376,0.0400376,0.0400376,0.0400376,0.0400376,0.0400376,0.0400376,0.0400376,0.0400376,0.0400376,0.0400376
0.0400391,0.0400391,0.0400391,0.0400391,0.0400391,0.0400391,0.0400391,0.0400391,0.0400391,0.0400391,0.0400391,0.0400391,0.0400391,0.0400391,0.0400391,0.0400391,0.0400391,0.0400391,0.0400391,0.0400391,0.0400391,0.0400391,0.0400391,0.0400391,0.0400391,0.0400391,0.0400391,0.0400391,0.0400391,0.0400391,0.0400391,0.0400391,0.0400391,0.0400391,0.0400391,0.0400391,0.0400391,0.0400391,0.0400391,0.0400391,0.0400391,0.0400391,0.0400391,0.0400391,0.0400391,0.0400391,0.0400391,0.0400391,0.0400391,0.0400391,0.0400391,0.0400391,0.0400391,0.0400391,0.0400391,0.0400391,0.0400391,0.0400391,0.0400391,0.0400391,0.0400391,0.0400391,0.0400391,0.0400391
0.04004,0.04004,0.04004,0.04004,0.04004,0.04004,0.04004,0.04004,0.04004,0.04004,0.04004,0.04004,0.04004,0.04004,0.04004,0.04004,0.04004,0.04004,0.04004,0.04004,0.04004,0.04004,0.04004,0.04004,0.04004,0.04004,0.04004,0.04004,0.04004,0.04004,0.04004,0.04004,0.04004,0.04004,0.04004,0.04004,0.04004,0.04004,0.04004,0.04004,0.04004,0.04004,0.04004,0.04004,0.04004,0.04004,0.04004,0.04004,0.04004,0.04004,0.04004,0.04004,0.04004,0.04004,0.04004,0.04004,0.04004,0.04004,0.04004,0.04004,0.04004,0.04004,0.04004,0.04004
0.040041,0.040041,0.040041,0.040041,0.040041,0.040041,0.040041,0.040041,0.040041,0.040041,0.040041,0.040041,0.040041,0.040041,0.040041,0.040041,0.040041,0.040041,0.040041,0.040041,0.040041,0.040041,0.040041,0.040041,0.040041,0.040041,0.040041,0.040041,0.040041,0.040041,0.040041,0.040041,0.040041,0.040041,0.040041,0.040041,0.040041,0.040041,0.040041,0.040041,0.040041,0.040041,0.040041,0.040041,0.040041,0.040041,0.040041,0.040041,0.040041,0.040041,0.040041,0.040041,0.040041,0.040041,0.040041,0.040041,0.040041,0.040041,0.040041,0.040041,0.040041,0.040041,0.040041,0.040041
0.0400424,0.0400424,0.0400424,0.0400424,0.0400424,0.0400424,0.0400424,0.0400424,0.0400424,0.0400424,0.0400424,0.0400424,0.0400424,0.0400424,0.0400424,0.0400424,0.0400424,0.0400424,0.0400424,0.0400424,0.0400424,0.0400424,0.0400424,0.0400424,0.0400424,0.0400424,0.0400424,0.0400424,0.0400424,0.0400424,0.0400424,0.0400424,0.0400424,0.0400424,0.0400424,0.0400424,0.0400424,0.0400424,0.0400424,0.0400424,0.0400424,0.0400424,0.0400424,0.0400424,0.0400424,0.0400424,0.0400424,0.0400424,0.0400424,0.0400424,0.0400424,0.0400424,0.0400424,0.0400424,0.0400424,0.0400424,0.0400424,0.0400424,0.0400424,0.0400424,0.0400424,0.0400424,0.0400424,0.0400424
0.0400434,0.0400434,0.0400434,0.0400434,0.0400434,0.0400434,0.0400434,0.0400434,0.0400434,0.0400434,0.0400434,0.0400434,0.0400434,0.0400434,0.0400434,0.0400434,0.0400434,0.0400434,0.0400434,0.0400434,0.0400434,0.0400434,0.0400434,0.0400434,0.0400434,0.0400434,0.0400434,0.0400434,0.0400434,0.0400434,0.0400434,0.0400434,0.0400434,0.0400434,0.0400434,0.0400434,0.0400434,0.0400434,0.0400434,0.0400434,0.0400434,0.0400434,0.0400434,0.0400434,0.0400434,0.0400434,0.0400434,0.0400434,0.0400434,0.0400434,0.0400434,0.0400434,0.0400434,0.0400434,0.0400434,0.0400434,0.0400434,0.0400434,0.0400434,0.0400434,0.0400434,0.0400434,0.0400434,0.0400434
0.0400448,0.0400448,0.0400448,0.0400448,0.0400448,0.0400448,0.0400448,0.0400448,0.0400448,0.0400448,0.0400448,0.0400448,0.0400448,0.0400448,0.0400448,0.0400448,0.0400448,0.0400448,0.0400448,0.0400448,0.0400448,0.0400448,0.0400448,0.0400448,0.0400448,0.0400448,0.0400448,0.0400448,0.0400448,0.0400448,0.0400448,0.0400448,0.0400448,0.0400448,0.0400448,0.0400448,0.0400448,0.0400448,0.0400448,0.0400448,0.0400448,0.0400448,0.0400448,0.0400448,0.0400448,0.0400448,0.0400448,0.0400448,0.0400448,0.0400448,0.0400448,0.0400448,0.0400448,0.0400448,0.0400448,0.0400448,0.0400448,0.0400448,0.0400448,0.0400448,0.0400448,0.0400448,0.0400448,0.0400448
0.0400457,0.0400457,0.0400457,0.0400457,0.0400457,0.0400457,0.0400457,0.0400457,0.0400457,0.0400457,0.0400457,0.0400457,0.0400457,0.0400457,0.0400457,0.0400457,0.0400457,0.0400457,0.0400457,0.0400457,0.0400457,0.0400457,0.0400457,0.0400457,0.0400457,0.0400457,0.0400457,0.0400457,0.0400457,0.0400457,0.0400457,0.0400457,0.0400457,0.0400457,0.0400457,0.0400457,0.0400457,0.0400457,0.0400457,0.0400457,0.0400457,0.0400457,0.0400457,0.0400457,0.0400457,0.0400457,0.0400457,0.0400457,0.0400457,0.0400457,0.0400457,0.0400457,0.0400457,0.0400457,0.0400457,0.0400457,0.0400457,0.0400457,0.0400457,0.0400457,0.0400457,0.0400457,0.0400457,0.0400457
0.0400467,0.0400467,0.0400467,0.0400467,0.0400467,0.0400467,0.0400467,0.0400467,0.0400467,0.0400467,0.0400467,0.0400467,0.0400467,0.0400467,0.0400467,0.0400467,0.0400467,0.0400467,0.0400467,0.0400467,0.0400467,0.0400467,0.0400467,0.0400467,0.0400467,0.0400467,0.0400467,0.0400467,0.0400467,0.0400467,0.0400467,0.0400467,0.0400467,0.0400467,0.0400467,0.0400467,0.0400467,0.0400467,0.0400467,0.0400467,0.0400467,0.0400467,0.0400467,0.0400467,0.0400467,0.0400467,0.0400467,0.0400467,0.0400467,0.0400467,0.0400467,0.0400467,0.0400467,0.0400467,0.0400467,0.0400467,0.0400467,0.0400467,0.0400467,0.0400467,0.0400467,0.0400467,0.0400467,0.0400467
0.0400481,0.0400481,0.0400481,0.0400481,0.0400481,0.0400481,0.0400481,0.0400481,0.0400481,0.0400481,0.0400481,0.0400481,0.0400481,0.0400481,0.0400481,0.0400481,0.0400481,0.0400481,0.0400481,0.0400481,0.0400481,0.0400481,0.0400481,0.0400481,0.0400481,0.0400481,0.0400481,0.0400481,0.0400481,0.0400481,0.0400481,0.0400481,0.0400481,0.0400481,0.0400481,0.0400481,0.0400481,0.0400481,0.0400481,0.0400481,0.0400481,0.0400481,0.0400481,0.0400481,0.0400481,0.0400481,0.0400481,0.0400481,0.0400481,0.0400481,0.0400481,0.0400481,0.0400481,0.0400481,0.0400481,0.0400481,0.0400481,0.0400481,0.0400481,0.0400481,0.0400481,0.0400481,0.0400481,0.0400481
0.0400491,0.0400491,0.0400491,0.0400491,0.0400491,0.0400491,0.0400491,0.0400491,0.0400491,0.0400491,0.0400491,0.0400491,0.0400491,0.0400491,0.0400491,0.0400491,0.0400491,0.0400491,0.0400491,0.0400491,0.0400491,0.0400491,0.0400491,0.0400491,0.0400491,0.0400491,0.0400491,0.0400491,0.0400491,0.0400491,0.0400491,0.0400491,0.0400491,0.0400491,0.0400491,0.0400491,0.0400491,0.0400491,0.0400491,0.0400491,0.0400491,0.0400491,0.0400491,0.0400491,0.0400491,0.0400491,0.0400491,0.0400491,0.0400491,0.0400491,0.0400491,0.0400491,0.0400491,0.0400491,0.0400491,0.0400491,0.0400491,0.0400491,0.0400491,0.0400491,0.0400491,0.0400491,0.0400491,0.0400491
0.04005,0.04005,0.04005,0.04005,0.04005,0.04005,0.04005,0.04005,0.04005,0.04005,0.04005,0.04005,0.04005,0.04005,0.04005,0.04005,0.04005,0.04005,0.04005,0.04005,0.04005,0.04005,0.04005,0.04005,0.04005,0.04005,0.04005,0.04005,0.04005,0.04005,0.04005,0.04005,0.04005,0.04005,0.04005,0.04005,0.04005,0.04005,0.04005,0.04005,0.04005,0.04005,0.04005,0.04005,0.04005,0.04005,0.04005,0.04005,0.04005,0.04005,0.04005,0.04005,0.04005,0.04005,0.04005,0.04005,0.04005,0.04005,0.04005,0.04005,0.04005,0.04005,0.04005,0.04005
0.0400515,0.0400515,0.0400515,0.0400515,0.0400515,0.0400515,0.0400515,0.0400515,0.0400515,0.0400515,0.0400515,0.0400515,0.0400515,0.0400515,0.0400515,0.0400515,0.0400515,0.0400515,0.0400515,0.0400515,0.0400515,0.0400515,0.0400515,0.0400515,0.0400515,0.0400515,0.0400515,0.0400515,0.0400515,0.0400515,0.0400515,0.0400515,0.0400515,0.0400515,0.0400515,0.0400515,0.0400515,0.0400515,0.0400515,0.0400515,0.0400515,0.0400515,0.0400515,0.0400515,0.0400515,0.0400515,0.0400515,0.0400515,0.0400515,0.0400515,0.0400515,0.0400515,0.0400515,0.0400515,0.0400515,0.0400515,0.0400515,0.0400515,0.0400515,0.0400515,0.0400515,0.0400515,0.0400515,0.0400515
0.0400524,0.0400524,0.0400524,0.0400524,0.0400524,0.0400524,0.0400524,0.0400524,0.0400524,0.0400524,0.0400524,0.0400524,0.0400524,0.0400524,0.0400524,0.0400524,0.0400524,0.0400524,0.0400524,0.0400524,0.0400524,0.0400524,0.0400524,0.0400524,0.0400524,0.0400524,0.0400524,0.0400524,0.0400524,0.0400524,0.0400524,0.0400524,0.0400524,0.0400524,0.0400524,0.0400524,0.0400524,0.0400524,0.0400524,0.0400524,0.0400524,0.0400524,0.0400524,0.0400524,0.0400524,0.0400524,0.0400524,0.0400524,0.0400524,0.0400524,0.0400524,0.0400524,0.0400524,0.0400524,0.0400524,0.0400524,0.0400524,0.0400524,0.0400524,0.0400524,0.0400524,0.0400524,0.0400524,0.0400524
0.0400534,0.0400534,0.0400534,0.0400534,0.0400534,0.0400534,0.0400534,0.0400534,0.0400534,0.0400534,0.0400534,0.0400534,0.0400534,0.0400534,0.0400534,0.0400534,0.0400534,0.0400534,0.0400534,0.0400534,0.0400534,0.0400534,0.0400534,0.0400534,0.0400534,0.0400534,0.0400534,0.0400534,0.0400534,0.0400534,0.0400534,0.0400534,0.0400534,0.0400534,0.0400534,0.0400534,0.0400534,0.0400534,0.0400534,0.0400534,0.0400534,0.0400534,0.0400534,0.0400534,0.0400534,0.0400534,0.0400534,0.0400534,0.0400534,0.0400534,0.0400534,0.0400534,0.0400534,0.0400534,0.0400534,0.0400534,0.0400534,0.0400534,0.0400534,0.0400534,0.0400534,0.0400534,0.0400534,0.0400534
0.0400543,0.0400543,0.0400543,0.0400543,0.0400543,0.0400543,0.0400543,0.0400543,0.0400543,0.0400543,0.0400543,0.0400543,0.0400543,0.0400543,0.0400543,0.0400543,0.0400543,0.0400543,0.0400543,0.0400543,0.0400543,0.0400543,0.0400543,0.0400543,0.0400543,0.0400543,0.0400543,0.0400543,0.0400543,0.0400543,0.0400543,0.0400543,0.0400543,0.0400543,0.0400543,0.0400543,0.0400543,0.0400543,0.0400543,0.0400543,0.0400543,0.0400543,0.0400543,0.0400543,0.0400543,0.0400543,0.0400543,0.0400543,0.0400543,0.0400543,0.0400543,0.0400543,0.0400543,0.0400543,0.0400543,0.0400543,0.0400543,0.0400543,0.0400543,0.0400543,0.0400543,0.0400543,0.0400543,0.0400543
0.0400562,0.0400562,0.0400562,0.0400562,0.0400562,0.0400562,0.0400562,0.0400562,0.0400562,0.0400562,0.0400562,0.0400562,0.0400562,0.0400562,0.0400562,0.0400562,0.0400562,0.0400562,0.0400562,0.0400562,0.0400562,0.0400562,0.0400562,0.0400562,0.0400562,0.0400562,0.0400562,0.0400562,0.0400562,0.0400562,0.0400562,0.0400562,0.0400562,0.0400562,0.0400562,0.0400562,0.0400562,0.0400562,0.0400562,0.0400562,0.0400562,0.0400562,0.0400562,0.0400562,0.0400562,0.0400562,0.0400562,0.0400562,0.0400562,0.0400562,0.0400562,0.0400562,0.0400562,0.0400562,0.0400562,0.0400562,0.0400562,0.0400562,0.0400562,0.0400562,0.0400562,0.0400562,0.0400562,0.0400562
0.0400562,0.0400562,0.0400562,0.0400562,0.0400562,0.0400562,0.0400562,0.0400562,0.0400562,0.0400562,0.0400562,0.0400562,0.0400562,0.0400562,0.0400562,0.0400562,0.0400562,0.0400562,0.0400562,0.0400562,0.0400562,0.0400562,0.0400562,0.0400562,0.0400562,0.0400562,0.0400562,0.0400562,0.0400562,0.0400562,0.0400562,0.0400562,0.0400562,0.0400562,0.0400562,0.0400562,0.0400562,0.0400562,0.0400562,0.0400562,0.0400562,0.0400562,0.0400562,0.0400562,0.0400562,0.0400562,0.0400562,0.0400562,0.0400562,0.0400562,0.0400562,0.0400562,0.0400562,0.0400562,0.0400562,0.0400562,0.0400562,0.0400562,0.0400562,0.0400562,0.0400562,0.0400562,0.0400562,0.0400562
0.0400581,0.0400581,0.0400581,0.0400581,0.0400581,0.0400581,0.0400581,0.0400581,0.0400581,0.0400581,0.0400581,0.0400581,0.0400581,0.0400581,0.0400581,0.0400581,0.0400581,0.0400581,0.0400581,0.0400581,0.0400581,0.0400581,0.0400581,0.0400581,0.0400581,0.0400581,0.0400581,0.0400581,0.0400581,0.0400581,0.0400581,0.0400581,0.0400581,0.0400581,0.0400581,0.0400581,0.0400581,0.0400581,0.0400581,0.0400581,0.0400581,0.0400581,0.0400581,0.0400581,0.0400581,0.0400581,0.0400581,0.0400581,0.0400581,0.0400581,0.0400581,0.0400581,0.0400581,0.0400581,0.0400581,0.0400581,0.0400581,0.0400581,0.0400581,0.0400581,0.0400581,0.0400581,0.0400581,0.0400581
0.0400591,0.0400591,0.0400591,0.0400591,0.0400591,0.0400591,0.0400591,0.0400591,0.0400591,0.0400591,0.0400591,0.0400591,0.0400591,0.0400591,0.0400591,0.0400591,0.0400591,0.0400591,0.0400591,0.0400591,0.0400591,0.0400591,0.0400591,0.0400591,0.0400591,0.0400591,0.0400591,0.0400591,0.0400591,0.0400591,0.0400591,0.0400591,0.0400591,0.0400591,0.0400591,0.0400591,0.0400591,0.0400591,0.0400591,0.0400591,0.0400591,0.0400591,0.0400591,0.0400591,0.0400591,0.0400591,0.0400591,0.0400591,0.0400591,0.0400591,0.0400591,0.0400591,0.0400591,0.0400591,0.0400591,0.0400591,0.0400591,0.0400591,0.0400591,0.0400591,0.0400591,0.0400591,0.0400591,0.0400591
0.04006,0.04006,0.04006,0.04006,0.04006,0.04006,0.04006,0.04006,0.04006,0.04006,0.04006,0.04006,0.04006,0.04006,0.04006,0.04006,0.04006,0.04006,0.04006,0.04006,0.04006,0.04006,0.04006,0.04006,0.04006,0.04006,0.04006,0.04006,0.04006,0.04006,0.04006,0.04006,0.04006,0.04006,0.04006,0.04006,0.04006,0.04006,0.04006,0.04006,0.04006,0.04006,0.04006,0.04006,0.04006,0.04006,0.04006,0.04006,0.04006,0.04006,0.04006,0.04006,0.04006,0.04006,0.04006,0.04006,0.04006,0.04006,0.04006,0.04006,0.04006,0.04006,0.04006,0.04006
0.040061,0.040061,0.040061,0.040061,0.040061,0.040061,0.040061,0.040061,0.040061,0.040061,0.040061,0.040061,0.040061,0.040061,0.040061,0.040061,0.040061,0.040061,0.040061,0.040061,0.040061,0.040061,0.040061,0.040061,0.040061,0.040061,0.040061,0.040061,0.040061,0.040061,0.040061,0.040061,0.040061,0.040061,0.040061,0.040061,0.040061,0.040061,0.040061,0.040061,0.040061,0.040061,0.040061,0.040061,0.040061,0.040061,0.040061,0.040061,0.040061,0.040061,0.040061,0.040061,0.040061,0.040061,0.040061,0.040061,0.040061,0.040061,0.040061,0.040061,0.040061,0.040061,0.040061,0.040061
0.040062,0.040062,0.040062,0.040062,0.040062,0.040062,0.040062,0.040062,0.040062,0.040062,0.040062,0.040062,0.040062,0.040062,0.040062,0.040062,0.040062,0.040062,0.040062,0.040062,0.040062,0.040062,0.040062,0.040062,0.040062,0.040062,0.040062,0.040062,0.040062,0.040062,0.040062,0.040062,0.040062,0.040062,0.040062,0.040062,0.040062,0.040062,0.040062,0.040062,0.040062,0.040062,0.040062,0.040062,0.040062,0.040062,0.040062,0.040062,0.040062,0.040062,0.040062,0.040062,0.040062,0.040062,0.040062,0.040062,0.040062,0.040062,0.040062,0.040062,0.040062,0.040062,0.040062,0.040062
0.0400639,0.0400639,0.0400639,0.0400639,0.0400639,0.0400639,0.0400639,0.0400639,0.0400639,0.0400639,0.0400639,0.0400639,0.0400639,0.0400639,0.0400639,0.0400639,0.0400639,0.0400639,0.0400639,0.0400639,0.0400639,0.0400639,0.0400639,0.0400639,0.0400639,0.0400639,0.0400639,0.0400639,0.0400639,0.0400639,0.0400639,0.0400639,0.0400639,0.0400639,0.0400639,0.0400639,0.0400639,0.0400639,0.0400639,0.0400639,0.0400639,0.0400639,0.0400639,0.0400639,0.0400639,0.0400639,0.0400639,0.0400639,0.0400639,0.0400639,0.0400639,0.0400639,0.0400639,0.0400639,0.0400639,0.0400639,0.0400639,0.0400639,0.0400639,0.0400639,0.0400639,0.0400639,0.0400639,0.0400639
0.0400639,0.0400639,0.0400639,0.0400639,0.0400639,0.0400639,0.0400639,0.0400639,0.0400639,0.0400639,0.0400639,0.0400639,0.0400639,0.0400639,0.0400639,0.0400639,0.0400639,0.0400639,0.0400639,0.0400639,0.0400639,0.0400639,0.0400639,0.0400639,0.0400639,0.0400639,0.0400639,0.0400639,0.0400639,0.0400639,0.0400639,0.0400639,0.0400639,0.0400639,0.0400639,0.0400639,0.0400639,0.0400639,0.0400639,0.0400639,0.0400639,0.0400639,0.0400639,0.0400639,0.0400639,0.0400639,0.0400639,0.0400639,0.0400639,0.0400639,0.0400639,0.0400639,0.0400639,0.0400639,0.0400639,0.0400639,0.0400639,0.0400639,0.0400639,0.0400639,0.0400639,0.0400639,0.0400639,0.0400639
0.0400658,0.0400658,0.0400658,0.0400658,0.0400658,0.0400658,0.0400658,0.0400658,0.0400658,0.0400658,0.0400658,0.0400658,0.0400658,0.0400658,0.0400658,0.0400658,0.0400658,0.0400658,0.0400658,0.0400658,0.0400658,0.0400658,0.0400658,0.0400658,0.0400658,0.0400658,0.0400658,0.0400658,0.0400658,0.0400658,0.0400658,0.0400658,0.0400658,0.0400658,0.0400658,0.0400658,0.0400658,0.0400658,0.0400658,0.0400658,0.0400658,0.0400658,0.0400658,0.0400658,0.0400658,0.0400658,0.0400658,0.0400658,0.0400658,0.0400658,0.0400658,0.0400658,0.0400658,0.0400658,0.0400658,0.0400658,0.0400658,0.0400658,0.0400658,0.0400658,0.0400658,0.0400658,0.0400658,0.0400658
0.0400667,0.0400667,0.0400667,0.0400667,0.0400667,0.0400667,0.0400667,0.0400667,0.0400667,0.0400667,0.0400667,0.0400667,0.0400667,0.0400667,0.0400667,0.0400667,0.0400667,0.0400667,0.0400667,0.0400667,0.0400667,0.0400667,0.0400667,0.0400667,0.0400667,0.0400667,0.0400667,0.0400667,0.0400667,0.0400667,0.0400667,0.0400667,0.0400667,0.0400667,0.0400667,0.0400667,0.0400667,0.0400667,0.0400667,0.0400667,0.0400667,0.0400667,0.0400667,0.0400667,0.0400667,0.0400667,0.0400667,0.0400667,0.0400667,0.0400667,0.0400667,0.0400667,0.0400667,0.0400667,0.0400667,0.0400667,0.0400667,0.0400667,0.0400667,0.0400667,0.0400667,0.0400667,0.0400667,0.0400667
0.0400677,0.0400677,0.0400677,0.0400677,0.0400677,0.0400677,0.0400677,0.0400677,0.0400677,0.0400677,0.0400677,0.0400677,0.0400677,0.0400677,0.0400677,0.0400677,0.0400677,0.0400677,0.0400677,0.0400677,0.0400677,0.0400677,0.0400677,0.0400677,0.0400677,0.0400677,0.0400677,0.0400677,0.0400677,0.0400677,0.0400677,0.0400677,0.0400677,0.0400677,0.0400677,0.0400677,0.0400677,0.0400677,0.0400677,0.0400677,0.0400677,0.0400677,0.0400677,0.0400677,0.0400677,0.0400677,0.0400677,0.0400677,0.0400677,0.0400677,0.0400677,0.0400677,0.0400677,0.0400677,0.0400677,0.0400677,0.0400677,0.0400677,0.0400677,0.0400677,0.0400677,0.0400677,0.0400677,0.0400677
0.0400686,0.0400686,0.0400686,0.0400686,0.0400686,0.0400686,0.0400686,0.0400686,0.0400686,0.0400686,0.0400686,0.0400686,0.0400686,0.0400686,0.0400686,0.0400686,0.0400686,0.0400686,0.0400686,0.0400686,0.0400686,0.0400686,0.0400686,0.0400686,0.0400686,0.0400686,0.0400686,0.0400686,0.0400686,0.0400686,0.0400686,0.0400686,0.0400686,0.0400686,0.0400686,0.0400686,0.0400686,0.0400686,0.0400686,0.0400686,0.0400686,0.0400686,0.0400686,0.0400686,0.0400686,0.0400686,0.0400686,0.0400686,0.0400686,0.0400686,0.0400686,0.0400686,0.0400686,0.0400686,0.0400686,0.0400686,0.0400686,0.0400686,0.0400686,0.0400686,0.0400686,0.0400686,0.0400686,0.0400686
0.0400696,0.0400696,0.0400696,0.0400696,0.0400696,0.0400696,0.0400696,0.0400696,0.0400696,0.0400696,0.0400696,0.0400696,0.0400696,0.0400696,0.0400696,0.0400696,0.0400696,0.0400696,0.0400696,0.0400696,0.0400696,0.0400696,0.0400696,0.0400696,0.0400696,0.0400696,0.0400696,0.0400696,0.0400696,0.0400696,0.0400696,0.0400696,0.0400696,0.0400696,0.0400696,0.0400696,0.0400696,0.0400696,0.0400696,0.0400696,0.0400696,0.0400696,0.0400696,0.0400696,0.0400696,0.0400696,0.0400696,0.0400696,0.0400696,0.0400696,0.0400696,0.0400696,0.0400696,0.0400696,0.0400696,0.0400696,0.0400696,0.0400696,0.0400696,0.0400696,0.0400696,0.0400696,0.0400696,0.0400696
0.0400705,0.0400705,0.0400705,0.0400705,0.0400705,0.0400705,0.0400705,0.0400705,0.0400705,0.0400705,0.0400705,0.0400705,0.0400705,0.0400705,0.0400705,0.0400705,0.0400705,0.0400705,0.0400705,0.0400705,0.0400705,0.0400705,0.0400705,0.0400705,0.0400705,0.0400705,0.0400705,0.0400705,0.0400705,0.0400705,0.0400705,0.0400705,0.0400705,0.0400705,0.0400705,0.0400705,0.0400705,0.0400705,0.0400705,0.0400705,0.0400705,0.0400705,0.0400705,0.0400705,0.0400705,0.0400705,0.0400705,0.0400705,0.0400705,0.0400705,0.0400705,0.0400705,0.0400705,0.0400705,0.0400705,0.0400705,0.0400705,0.0400705,0.0400705,0.0400705,0.0400705,0.0400705,0.0400705,0.0400705
0.0400715,0.0400715,0.0400715,0.0400715,0.0400715,0.0400715,0.0400715,0.0400715,0.0400715,0.0400715,0.0400715,0.0400715,0.0400715,0.0400715,0.0400715,0.0400715,0.0400715,0.0400715,0.0400715,0.0400715,0.0400715,0.0400715,0.0400715,0.0400715,0.0400715,0.0400715,0.0400715,0.0400715,0.0400715,0.0400715,0.0400715,0.0400715,0.0400715,0.0400715,0.0400715,0.0400715,0.0400715,0.0400715,0.0400715,0.0400715,0.0400715,0.0400715,0.0400715,0.0400715,0.0400715,0.0400715,0.0400715,0.0400715,0.0400715,0.0400715,0.0400715,0.0400715,0.0400715,0.0400715,0.0400715,0.0400715,0.0400715,0.0400715,0.0400715,0.0400715,0.0400715,0.0400715,0.0400715,0.0400715
0.0400734,0.0400734,0.0400734,0.0400734,0.0400734,0.0400734,0.0400734,0.0400734,0.0400734,0.0400734,0.0400734,0.0400734,0.0400734,0.0400734,0.0400734,0.0400734,0.0400734,0.0400734,0.0400734,0.0400734,0.0400734,0.0400734,0.0400734,0.0400734,0.0400734,0.0400734,0.0400734,0.0400734,0.0400734,0.0400734,0.0400734,0.0400734,0.0400734,0.0400734,0.0400734,0.0400734,0.0400734,0.0400734,0.0400734,0.0400734,0.0400734,0.0400734,0.0400734,0.0400734,0.0400734,0.0400734,0.0400734,0.0400734,0.0400734,0.0400734,0.0400734,0.0400734,0.0400734,0.0400734,0.0400734,0.0400734,0.0400734,0.0400734,0.0400734,0.0400734,0.0400734,0.0400734,0.0400734,0.0400734
0.0400734,0.0400734,0.0400734,0.0400734,0.0400734,0.0400734,0.0400734,0.0400734,0.0400734,0.0400734,0.0400734,0.0400734,0.0400734,0.0400734,0.0400734,0.0400734,0.0400734,0.0400734,0.0400734,0.0400734,0.0400734,0.0400734,0.0400734,0.0400734,0.0400734,0.0400734,0.0400734,0.0400734,0.0400734,0.0400734,0.0400734,0.0400734,0.0400734,0.0400734,0.0400734,0.0400734,0.0400734,0.0400734,0.0400734,0.0400734,0.0400734,0.0400734,0.0400734,0.0400734,0.0400734,0.0400734,0.0400734,0.0400734,0.0400734,0.0400734,0.0400734,0.0400734,0.0400734,0.0400734,0.0400734,0.0400734,0.0400734,0.0400734,0.0400734,0.0400734,0.0400734,0.0400734,0.0400734,0.0400734
0.0400753,0.0400753,0.0400753,0.0400753,0.0400753,0.0400753,0.0400753,0.0400753,0.0400753,0.0400753,0.0400753,0.0400753,0.0400753,0.0400753,0.0400753,0.0400753,0.0400753,0.0400753,0.0400753,0.0400753,0.0400753,0.0400753,0.0400753,0.0400753,0.0400753,0.0400753,0.0400753,0.0400753,0.0400753,0.0400753,0.0400753,0.0400753,0.0400753,0.0400753,0.0400753,0.0400753,0.0400753,0.0400753,0.0400753,0.0400753,0.0400753,0.0400753,0.0400753,0.0400753,0.0400753,0.0400753,0.0400753,0.0400753,0.0400753,0.0400753,0.0400753,0.0400753,0.0400753,0.0400753,0.0400753,0.0400753,0.0400753,0.0400753,0.0400753,0.0400753,0.0400753,0.0400753,0.0400753,0.0400753
0.0400753,0.0400753,0.0400753,0.0400753,0.0400753,0.0400753,0.0400753,0.0400753,0.0400753,0.0400753,0.0400753,0.0400753,0.0400753,0.0400753,0.0400753,0.0400753,0.0400753,0.0400753,0.0400753,0.0400753,0.0400753,0.0400753,0.0400753,0.0400753,0.0400753,0.0400753,0.0400753,0.0400753,0.0400753,0.0400753,0.0400753,0.0400753,0.0400753,0.0400753,0.0400753,0.0400753,0.0400753,0.0400753,0.0400753,0.0400753,0.0400753,0.0400753,0.0400753,0.0400753,0.0400753,0.0400753,0.0400753,0.0400753,0.0400753,0.0400753,0.0400753,0.0400753,0.0400753,0.0400753,0.0400753,0.0400753,0.0400753,0.0400753,0.0400753,0.0400753,0.0400753,0.0400753,0.0400753,0.0400753
0.0400772,0.0400772,0.0400772,0.0400772,0.0400772,0.0400772,0.0400772,0.0400772,0.0400772,0.0400772,0.0400772,0.0400772,0.0400772,0.0400772,0.0400772,0.0400772,0.0400772,0.0400772,0.0400772,0.0400772,0.0400772,0.0400772,0.0400772,0.0400772,0.0400772,0.0400772,0.0400772,0.0400772,0.0400772,0.0400772,0.0400772,0.0400772,0.0400772,0.0400772,0.0400772,0.0400772,0.0400772,0.0400772,0.0400772,0.0400772,0.0400772,0.0400772,0.0400772,0.0400772,0.0400772,0.0400772,0.0400772,0.0400772,0.0400772,0.0400772,0.0400772,0.0400772,0.0400772,0.0400772,0.0400772,0.0400772,0.0400772,0.0400772,0.0400772,0.0400772,0.0400772,0.0400772,0.0400772,0.0400772
0.0400782,0.0400782,0.0400782,0.0400782,0.0400782,0.0400782,0.0400782,0.0400782,0.0400782,0.0400782,0.0400782,0.0400782,0.0400782,0.0400782,0.0400782,0.0400782,0.0400782,0.0400782,0.0400782,0.0400782,0.0400782,0.0400782,0.0400782,0.0400782,0.0400782,0.0400782,0.0400782,0.0400782,0.0400782,0.0400782,0.0400782,0.0400782,0.0400782,0.0400782,0.0400782,0.0400782,0.0400782,0.0400782,0.0400782,0.0400782,0.0400782,0.0400782,0.0400782,0.0400782,0.0400782,0.0400782,0.0400782,0.0400782,0.0400782,0.0400782,0.0400782,0.0400782,0.0400782,0.0400782,0.0400782,0.0400782,0.0400782,0.0400782,0.0400782,0.0400782,0.0400782,0.0400782,0.0400782,0.0400782
0.0400791,0.0400791,0.0400791,0.0400791,0.0400791,0.0400791,0.0400791,0.0400791,0.0400791,0.0400791,0.0400791,0.0400791,0.0400791,0.0400791,0.0400791,0.0400791,0.0400791,0.0400791,0.0400791,0.0400791,0.0400791,0.0400791,0.0400791,0.0400791,0.0400791,0.0400791,0.0400791,0.0400791,0.0400791,0.0400791,0.0400791,0.0400791,0.0400791,0.0400791,0.0400791,0.0400791,0.0400791,0.0400791,0.0400791,0.0400791,0.0400791,0.0400791,0.0400791,0.0400791,0.0400791,0.0400791,0.0400791,0.0400791,0.0400791,0.0400791,0.0400791,0.0400791,0.0400791,0.0400791,0.0400791,0.0400791,0.0400791,0.0400791,0.0400791,0.0400791,0.0400791,0.0400791,0.0400791,0.0400791
0.0400801,0.0400801,0.0400801,0.0400801,0.0400801,0.0400801,0.0400801,0.0400801,0.0400801,0.0400801,0.0400801,0.0400801,0.0400801,0.0400801,0.0400801,0.0400801,0.0400801,0.0400801,0.0400801,0.0400801,0.0400801,0.0400801,0.0400801,0.0400801,0.0400801,0.0400801,0.0400801,0.0400801,0.0400801,0.0400801,0.0400801,0.0400801,0.0400801,0.0400801,0.0400801,0.0400801,0.0400801,0.0400801,0.0400801,0.0400801,0.0400801,0.0400801,0.0400801,0.0400801,0.0400801,0.0400801,0.0400801,0.0400801,0.0400801,0.0400801,0.0400801,0.0400801,0.0400801,0.0400801,0.0400801,0.0400801,0.0400801,0.0400801,0.0400801,0.0400801,0.0400801,0.0400801,0.0400801,0.0400801
0.040081,0.040081,0.040081,0.040081,0.040081,0.040081,0.040081,0.040081,0.040081,0.040081,0.040081,0.040081,0.040081,0.040081,0.040081,0.040081,0.040081,0.040081,0.040081,0.040081,0.040081,0.040081,0.040081,0.040081,0.040081,0.040081,0.040081,0.040081,0.040081,0.040081,0.040081,0.040081,0.040081,0.040081,0.040081,0.040081,0.040081,0.040081,0.040081,0.040081,0.040081,0.040081,0.040081,0.040081,0.040081,0.040081,0.040081,0.040081,0.040081,0.040081,0.040081,0.040081,0.040081,0.040081,0.040081,0.040081,0.040081,0.040081,0.040081,0.040081,0.040081,0.040081,0.040081,0.040081
0.0400829,0.0400829,0.0400829,0.0400829,0.0400829,0.0400829,0.0400829,0.0400829,0.0400829,0.0400829,0.0400829,0.0400829,0.0400829,0.0400829,0.0400829,0.0400829,0.0400829,0.0400829,0.0400829,0.0400829,0.0400829,0.0400829,0.0400829,0.0400829,0.0400829,0.0400829,0.0400829,0.0400829,0.0400829,0.0400829,0.0400829,0.0400829,0.0400829,0.0400829,0.0400829,0.0400829,0.0400829,0.0400829,0.0400829,0.0400829,0.0400829,0.0400829,0.0400829,0.0400829,0.0400829,0.0400829,0.0400829,0.0400829,0.0400829,0.0400829,0.0400829,0.0400829,0.0400829,0.0400829,0.0400829,0.0400829,0.0400829,0.0400829,0.0400829,0.0400829,0.0400829,0.0400829,0.0400829,0.0400829
0.0400829,0.0400829,0.0400829,0.0400829,0.0400829,0.0400829,0.0400829,0.0400829,0.0400829,0.0400829,0.0400829,0.0400829,0.0400829,0.0400829,0.0400829,0.0400829,0.0400829,0.0400829,0.0400829,0.0400829,0.0400829,0.0400829,0.0400829,0.0400829,0.0400829,0.0400829,0.0400829,0.0400829,0.0400829,0.0400829,0.0400829,0.0400829,0.0400829,0.0400829,0.0400829,0.0400829,0.0400829,0.0400829,0.0400829,0.0400829,0.0400829,0.0400829,0.0400829,0.0400829,0.0400829,0.0400829,0.0400829,0.0400829,0.0400829,0.0400829,0.0400829,0.0400829,0.0400829,0.0400829,0.0400829,0.0400829,0.0400829,0.0400829,0.0400829,0.0400829,0.0400829,0.0400829,0.0400829,0.0400829
0.0400839,0.0400839,0.0400839,0.0400839,0.0400839,0.0400839,0.0400839,0.0400839,0.0400839,0.0400839,0.0400839,0.0400839,0.0400839,0.0400839,0.0400839,0.0400839,0.0400839,0.0400839,0.0400839,0.0400839,0.0400839,0.0400839,0.0400839,0.0400839,0.0400839,0.0400839,0.0400839,0.0400839,0.0400839,0.0400839,0.0400839,0.0400839,0.0400839,0.0400839,0.0400839,0.0400839,0.0400839,0.0400839,0.0400839,0.0400839,0.0400839,0.0400839,0.0400839,0.0400839,0.0400839,0.0400839,0.0400839,0.0400839,0.0400839,0.0400839,0.0400839,0.0400839,0.0400839,0.0400839,0.0400839,0.0400839,0.0400839,0.0400839,0.0400839,0.0400839,0.0400839,0.0400839,0.0400839,0.0400839
0.0400858,0.0400858,0.0400858,0.0400858,0.0400858,0.0400858,0.0400858,0.0400858,0.0400858,0.0400858,0.0400858,0.0400858,0.0400858,0.0400858,0.0400858,0.0400858,0.0400858,0.0400858,0.0400858,0.0400858,0.0400858,0.0400858,0.0400858,0.0400858,0.0400858,0.0400858,0.0400858,0.0400858,0.0400858,0.0400858,0.0400858,0.0400858,0.0400858,0.0400858,0.0400858,0.0400858,0.0400858,0.0400858,0.0400858,0.0400858,0.0400858,0.0400858,0.0400858,0.0400858,0.0400858,0.0400858,0.0400858,0.0400858,0.0400858,0.0400858,0.0400858,0.0400858,0.0400858,0.0400858,0.0400858,0.0400858,0.0400858,0.0400858,0.0400858,0.0400858,0.0400858,0.0400858,0.0400858,0.0400858
0.0400858,0.0400858,0.0400858,0.0400858,0.0400858,0.0400858,0.0400858,0.0400858,0.0400858,0.0400858,0.0400858,0.0400858,0.0400858,0.0400858,0.0400858,0.0400858,0.0400858,0.0400858,0.0400858,0.0400858,0.0400858,0.0400858,0.0400858,0.0400858,0.0400858,0.0400858,0.0400858,0.0400858,0.0400858,0.0400858,0.0400858,0.0400858,0.0400858,0.0400858,0.0400858,0.0400858,0.0400858,0.0400858,0.0400858,0.0400858,0.0400858,0.0400858,0.0400858,0.0400858,0.0400858,0.0400858,0.0400858,0.0400858,0.0400858,0.0400858,0.0400858,0.0400858,0.0400858,0.0400858,0.0400858,0.0400858,0.0400858,0.0400858,0.0400858,0.0400858,0.0400858,0.0400858,0.0400858,0.0400858
0.0400877,0.0400877,0.0400877,0.0400877,0.0400877,0.0400877,0.0400877,0.0400877,0.0400877,0.0400877,0.0400877,0.0400877,0.0400877,0.0400877,0.0400877,0.0400877,0.0400877,0.0400877,0.0400877,0.0400877,0.0400877,0.0400877,0.0400877,0.0400877,0.0400877,0.0400877,0.0400877,0.0400877,0.0400877,0.0400877,0.0400877,0.0400877,0.0400877,0.0400877,0.0400877,0.0400877,0.0400877,0.0400877,0.0400877,0.0400877,0.0400877,0.0400877,0.0400877,0.0400877,0.0400877,0.0400877,0.0400877,0.0400877,0.0400877,0.0400877,0.0400877,0.0400877,0.0400877,0.0400877,0.0400877,0.0400877,0.0400877,0.0400877,0.0400877,0.0400877,0.0400877,0.0400877,0.0400877,0.0400877
0.0400877,0.0400877,0.0400877,0.0400877,0.0400877,0.0400877,0.0400877,0.0400877,0.0400877,0.0400877,0.0400877,0.0400877,0.0400877,0.0400877,0.0400877,0.0400877,0.0400877,0.0400877,0.0400877,0.0400877,0.0400877,0.0400877,0.0400877,0.0400877,0.0400877,0.0400877,0.0400877,0.0400877,0.0400877,0.0400877,0.0400877,0.0400877,0.0400877,0.0400877,0.0400877,0.0400877,0.0400877,0.0400877,0.0400877,0.0400877,0.0400877,0.0400877,0.0400877,0.0400877,0.0400877,0.0400877,0.0400877,0.0400877,0.0400877,0.0400877,0.0400877,0.0400877,0.0400877,0.0400877,0.0400877,0.0400877,0.0400877,0.0400877,0.0400877,0.0400877,0.0400877,0.0400877,0.0400877,0.0400877
0.0400896,0.0400896,0.0400896,0.0400896,0.0400896,0.0400896,0.0400896,0.0400896,0.0400896,0.0400896,0.0400896,0.0400896,0.0400896,0.0400896,0.0400896,0.0400896,0.0400896,0.0400896,0.0400896,0.0400896,0.0400896,0.0400896,0.0400896,0.0400896,0.0400896,0.0400896,0.0400896,0.0400896,0.0400896,0.0400896,0.0400896,0.0400896,0.0400896,0.0400896,0.0400896,0.0400896,0.0400896,0.0400896,0.0400896,0.0400896,0.0400896,0.0400896,0.0400896,0.0400896,0.0400896,0.0400896,0.0400896,0.0400896,0.0400896,0.0400896,0.0400896,0.0400896,0.0400896,0.0400896,0.0400896,0.0400896,0.0400896,0.0400896,0.0400896,0.0400896,0.0400896,0.0400896,0.0400896,0.0400896
0.0400906,0.0400906,0.0400906,0.0400906,0.0400906,0.0400906,0.0400906,0.0400906,0.0400906,0.0400906,0.0400906,0.0400906,0.0400906,0.0400906,0.0400906,0.0400906,0.0400906,0.0400906,0.0400906,0.0400906,0.0400906,0.0400906,0.0400906,0.0400906,0.0400906,0.0400906,0.0400906,0.0400906,0.0400906,0.0400906,0.0400906,0.0400906,0.0400906,0.0400906,0.0400906,0.0400906,0.0400906,0.0400906,0.0400906,0.0400906,0.0400906,0.0400906,0.0400906,0.0400906,0.0400906,0.0400906,0.0400906,0.0400906,0.0400906,0.0400906,0.0400906,0.0400906,0.0400906,0.0400906,0.0400906,0.0400906,0.0400906,0.0400906,0.0400906,0.0400906,0.0400906,0.0400906,0.0400906,0.0400906
0.0400906,0.0400906,0.0400906,0.0400906,0.0400906,0.0400906,0.0400906,0.0400906,0.0400906,0.0400906,0.0400906,0.0400906,0.0400906,0.0400906,0.0400906,0.0400906,0.0400906,0.0400906,0.0400906,0.0400906,0.0400906,0.0400906,0.0400906,0.0400906,0.0400906,0.0400906,0.0400906,0.0400906,0.0400906,0.0400906,0.0400906,0.0400906,0.0400906,0.0400906,0.0400906,0.0400906,0.0400906,0.0400906,0.0400906,0.0400906,0.0400906,0.0400906,0.0400906,0.0400906,0.0400906,0.0400906,0.0400906,0.0400906,0.0400906,0.0400906,0.0400906,0.0400906,0.0400906,0.0400906,0.0400906,0.0400906,0.0400906,0.0400906,0.0400906,0.0400906,0.0400906,0.0400906,0.0400906,0.0400906
0.0400925,0.0400925,0.0400925,0.0400925,0.0400925,0.0400925,0.0400925,0.0400925,0.0400925,0.0400925,0.0400925,0.0400925,0.0400925,0.0400925,0.0400925,0.0400925,0.0400925,0.0400925,0.0400925,0.0400925,0.0400925,0.0400925,0.0400925,0.0400925,0.0400925,0.0400925,0.0400925,0.0400925,0.0400925,0.0400925,0.0400925,0.0400925,0.0400925,0.0400925,0.0400925,0.0400925,0.0400925,0.0400925,0.0400925,0.0400925,0.0400925,0.0400925,0.0400925,0.0400925,0.0400925,0.0400925,0.0400925,0.0400925,0.0400925,0.0400925,0.0400925,0.0400925,0.0400925,0.0400925,0.0400925,0.0400925,0.0400925,0.0400925,0.0400925,0.0400925,0.0400925,0.0400925,0.0400925,0.0400925
0.0400934,0.0400934,0.0400934,0.0400934,0.0400934,0.0400934,0.0400934,0.0400934,0.0400934,0.0400934,0.0400934,0.0400934,0.0400934,0.0400934,0.0400934,0.0400934,0.0400934,0.0400934,0.0400934,0.0400934,0.0400934,0.0400934,0.0400934,0.0400934,0.0400934,0.0400934,0.0400934,0.0400934,0.0400934,0.0400934,0.0400934,0.0400934,0.0400934,0.0400934,0.0400934,0.0400934,0.0400934,0.0400934,0.0400934,0.0400934,0.0400934,0.0400934,0.0400934,0.0400934,0.0400934,0.0400934,0.0400934,0.0400934,0.0400934,0.0400934,0.0400934,0.0400934,0.0400934,0.0400934,0.0400934,0.0400934,0.0400934,0.0400934,0.0400934,0.0400934,0.0400934,0.0400934,0.0400934,0.0400934
0.0400944,0.0400944,0.0400944,0.0400944,0.0400944,0.0400944,0.0400944,0.0400944,0.0400944,0.0400944,0.0400944,0.0400944,0.0400944,0.0400944,0.0400944,0.0400944,0.0400944,0.0400944,0.0400944,0.0400944,0.0400944,0.0400944,0.0400944,0.0400944,0.0400944,0.0400944,0.0400944,0.0400944,0.0400944,0.0400944,0.0400944,0.0400944,0.0400944,0.0400944,0.0400944,0.0400944,0.0400944,0.0400944,0.0400944,0.0400944,0.0400944,0.0400944,0.0400944,0.0400944,0.0400944,0.0400944,0.0400944,0.0400944,0.0400944,0.0400944,0.0400944,0.0400944,0.0400944,0.0400944,0.0400944,0.0400944,0.0400944,0.0400944,0.0400944,0.0400944,0.0400944,0.0400944,0.0400944,0.0400944
0.0400953,0.0400953,0.0400953,0.0400953,0.0400953,0.0400953,0.0400953,0.0400953,0.0400953,0.0400953,0.0400953,0.0400953,0.0400953,0.0400953,0.0400953,0.0400953,0.0400953,0.0400953,0.0400953,0.0400953,0.0400953,0.0400953,0.0400953,0.0400953,0.0400953,0.0400953,0.0400953,0.0400953,0.0400953,0.0400953,0.0400953,0.0400953,0.0400953,0.0400953,0.0400953,0.0400953,0.0400953,0.0400953,0.0400953,0.0400953,0.0400953,0.0400953,0.0400953,0.0400953,0.0400953,0.0400953,0.0400953,0.0400953,0.0400953,0.0400953,0.0400953,0.0400953,0.0400953,0.0400953,0.0400953,0.0400953,0.0400953,0.0400953,0.0400953,0.0400953,0.0400953,0.0400953,0.0400953,0.0400953
0.0400963,0.0400963,0.0400963,0.0400963,0.0400963,0.0400963,0.0400963,0.0400963,0.0400963,0.0400963,0.0400963,0.0400963,0.0400963,0.0400963,0.0400963,0.0400963,0.0400963,0.0400963,0.0400963,0.0400963,0.0400963,0.0400963,0.0400963,0.0400963,0.0400963,0.0400963,0.0400963,0.0400963,0.0400963,0.0400963,0.0400963,0.0400963,0.0400963,0.0400963,0.0400963,0.0400963,0.0400963,0.0400963,0.0400963,0.0400963,0.0400963,0.0400963,0.0400963,0.0400963,0.0400963,0.0400963,0.0400963,0.0400963,0.0400963,0.0400963,0.0400963,0.0400963,0.0400963,0.0400963,0.0400963,0.0400963,0.0400963,0.0400963,0.0400963,0.0400963,0.0400963,0.0400963,0.0400963,0.0400963
0.0400972,0.0400972,0.0400972,0.0400972,0.0400972,0.0400972,0.0400972,0.0400972,0.0400972,0.0400972,0.0400972,0.0400972,0.0400972,0.0400972,0.0400972,0.0400972,0.0400972,0.0400972,0.0400972,0.0400972,0.0400972,0.0400972,0.0400972,0.0400972,0.0400972,0.0400972,0.0400972,0.0400972,0.0400972,0.0400972,0.0400972,0.0400972,0.0400972,0.0400972,0.0400972,0.0400972,0.0400972,0.0400972,0.0400972,0.0400972,0.0400972,0.0400972,0.0400972,0.0400972,0.0400972,0.0400972,0.0400972,0.0400972,0.0400972,0.0400972,0.0400972,0.0400972,0.0400972,0.0400972,0.0400972,0.0400972,0.0400972,0.0400972,0.0400972,0.0400972,0.0400972,0.0400972,0.0400972,0.0400972
0.0400982,0.0400982,0.0400982,0.0400982,0.0400982,0.0400982,0.0400982,0.0400982,0.0400982,0.0400982,0.0400982,0.0400982,0.0400982,0.0400982,0.0400982,0.0400982,0.0400982,0.0400982,0.0400982,0.0400982,0.0400982,0.0400982,0.0400982,0.0400982,0.0400982,0.0400982,0.0400982,0.0400982,0.0400982,0.0400982,0.0400982,0.0400982,0.0400982,0.0400982,0.0400982,0.0400982,0.0400982,0.0400982,0.0400982,0.0400982,0.0400982,0.0400982,0.0400982,0.0400982,0.0400982,0.0400982,0.0400982,0.0400982,0.0400982,0.0400982,0.0400982,0.0400982,0.0400982,0.0400982,0.0400982,0.0400982,0.0400982,0.0400982,0.0400982,0.0400982,0.0400982,0.0400982,0.0400982,0.0400982
0.0400991,0.0400991,0.0400991,0.0400991,0.0400991,0.0400991,0.0400991,0.0400991,0.0400991,0.0400991,0.0400991,0.0400991,0.0400991,0.0400991,0.0400991,0.0400991,0.0400991,0.0400991,0.0400991,0.0400991,0.0400991,0.0400991,0.0400991,0.0400991,0.0400991,0.0400991,0.0400991,0.0400991,0.0400991,0.0400991,0.0400991,0.0400991,0.0400991,0.0400991,0.0400991,0.0400991,0.0400991,0.0400991,0.0400991,0.0400991,0.0400991,0.0400991,0.0400991,0.0400991,0.0400991,0.0400991,0.0400991,0.0400991,0.0400991,0.0400991,0.0400991,0.0400991,0.0400991,0.0400991,0.0400991,0.0400991,0.0400991,0.0400991,0.0400991,0.0400991,0.0400991,0.0400991,0.0400991,0.0400991
0.0401001,0.0401001,0.0401001,0.0401001,0.0401001,0.0401001,0.0401001,0.0401001,0.0401001,0.0401001,0.0401001,0.0401001,0.0401001,0.0401001,0.0401001,0.0401001,0.0401001,0.0401001,0.0401001,0.0401001,0.0401001,0.0401001,0.0401001,0.0401001,0.0401001,0.0401001,0.0401001,0.0401001,0.0401001,0.0401001,0.0401001,0.0401001,0.0401001,0.0401001,0.0401001,0.0401001,0.0401001,0.0401001,0.0401001,0.0401001,0.0401001,0.0401001,0.0401001,0.0401001,0.0401001,0.0401001,0.0401001,0.0401001,0.0401001,0.0401001,0.0401001,0.0401001,0.0401001,0.0401001,0.0401001,0.0401001,0.0401001,0.0401001,0.0401001,0.0401001,0.0401001,0.0401001,0.0401001,0.0401001
0.0401011,0.0401011,0.0401011,0.0401011,0.0401011,0.0401011,0.0401011,0.0401011,0.0401011,0.0401011,0.0401011,0.0401011,0.0401011,0.0401011,0.0401011,0.0401011,0.0401011,0.0401011,0.0401011,0.0401011,0.0401011,0.0401011,0.0401011,0.0401011,0.0401011,0.0401011,0.0401011,0.0401011,0.0401011,0.0401011,0.0401011,0.0401011,0.0401011,0.0401011,0.0401011,0.0401011,0.0401011,0.0401011,0.0401011,0.0401011,0.0401011,0.0401011,0.0401011,0.0401011,0.0401011,0.0401011,0.0401011,0.0401011,0.0401011,0.0401011,0.0401011,0.0401011,0.0401011,0.0401011,0.0401011,0.0401011,0.0401011,0.0401011,0.0401011,0.0401011,0.0401011,0.0401011,0.0401011,0.0401011
0.040102,0.040102,0.040102,0.040102,0.040102,0.040102,0.040102,0.040102,0.040102,0.040102,0.040102,0.040102,0.040102,0.040102,0.040102,0.040102,0.040102,0.040102,0.040102,0.040102,0.040102,0.040102,0.040102,0.040102,0.040102,0.040102,0.040102,0.040102,0.040102,0.040102,0.040102,0.040102,0.040102,0.040102,0.040102,0.040102,0.040102,0.040102,0.040102,0.040102,0.040102,0.040102,0.040102,0.040102,0.040102,0.040102,0.040102,0.040102,0.040102,0.040102,0.040102,0.040102,0.040102,0.040102,0.040102,0.040102,0.040102,0.040102,0.040102,0.040102,0.040102,0.040102,0.040102,0.040102
0.040103,0.040103,0.040103,0.040103,0.040103,0.040103,0.040103,0.040103,0.040103,0.040103,0.040103,0.040103,0.040103,0.040103,0.040103,0.040103,0.040103,0.040103,0.040103,0.040103,0.040103,0.040103,0.040103,0.040103,0.040103,0.040103,0.040103,0.040103,0.040103,0.040103,0.040103,0.040103,0.040103,0.040103,0.040103,0.040103,0.040103,0.040103,0.040103,0.040103,0.040103,0.040103,0.040103,0.040103,0.040103,0.040103,0.040103,0.040103,0.040103,0.040103,0.040103,0.040103,0.040103,0.040103,0.040103,0.040103,0.040103,0.040103,0.040103,0.040103,0.040103,0.040103,0.040103,0.040103
0.0401039,0.0401039,0.0401039,0.0401039,0.0401039,0.0401039,0.0401039,0.0401039,0.0401039,0.0401039,0.0401039,0.0401039,0.0401039,0.0401039,0.0401039,0.0401039,0.0401039,0.0401039,0.0401039,0.0401039,0.0401039,0.0401039,0.0401039,0.0401039,0.0401039,0.0401039,0.0401039,0.0401039,0.0401039,0.0401039,0.0401039,0.0401039,0.0401039,0.0401039,0.0401039,0.0401039,0.0401039,0.0401039,0.0401039,0.0401039,0.0401039,0.0401039,0.0401039,0.0401039,0.0401039,0.0401039,0.0401039,0.0401039,0.0401039,0.0401039,0.0401039,0.0401039,0.0401039,0.0401039,0.0401039,0.0401039,0.0401039,0.0401039,0.0401039,0.0401039,0.0401039,0.0401039,0.0401039,0.0401039
0.0401049,0.0401049,0.0401049,0.0401049,0.0401049,0.0401049,0.0401049,0.0401049,0.0401049,0.0401049,0.0401049,0.0401049,0.0401049,0.0401049,0.0401049,0.0401049,0.0401049,0.0401049,0.0401049,0.0401049,0.0401049,0.0401049,0.0401049,0.0401049,0.0401049,0.0401049,0.0401049,0.0401049,0.0401049,0.0401049,0.0401049,0.0401049,0.0401049,0.0401049,0.0401049,0.0401049,0.0401049,0.0401049,0.0401049,0.0401049,0.0401049,0.0401049,0.0401049,0.0401049,0.0401049,0.0401049,0.0401049,0.0401049,0.0401049,0.0401049,0.0401049,0.0401049,0.0401049,0.0401049,0.0401049,0.0401049,0.0401049,0.0401049,0.0401049,0.0401049,0.0401049,0.0401049,0.0401049,0.0401049
0.0401058,0.0401058,0.0401058,0.0401058,0.0401058,0.0401058,0.0401058,0.0401058,0.0401058,0.0401058,0.0401058,0.0401058,0.0401058,0.0401058,0.0401058,0.0401058,0.0401058,0.0401058,0.0401058,0.0401058,0.0401058,0.0401058,0.0401058,0.0401058,0.0401058,0.0401058,0.0401058,0.0401058,0.0401058,0.0401058,0.0401058,0.0401058,0.0401058,0.0401058,0.0401058,0.0401058,0.0401058,0.0401058,0.0401058,0.0401058,0.0401058,0.0401058,0.0401058,0.0401058,0.0401058,0.0401058,0.0401058,0.0401058,0.0401058,0.0401058,0.0401058,0.0401058,0.0401058,0.0401058,0.0401058,0.0401058,0.0401058,0.0401058,0.0401058,0.0401058,0.0401058,0.0401058,0.0401058,0.0401058
0.0401068,0.0401068,0.0401068,0.0401068,0.0401068,0.0401068,0.0401068,0.0401068,0.0401068,0.0401068,0.0401068,0.0401068,0.0401068,0.0401068,0.0401068,0.0401068,0.0401068,0.0401068,0.0401068,0.0401068,0.0401068,0.0401068,0.0401068,0.0401068,0.0401068,0.0401068,0.0401068,0.0401068,0.0401068,0.0401068,0.0401068,0.0401068,0.0401068,0.0401068,0.0401068,0.0401068,0.0401068,0.0401068,0.0401068,0.0401068,0.0401068,0.0401068,0.0401068,0.0401068,0.0401068,0.0401068,0.0401068,0.0401068,0.0401068,0.0401068,0.0401068,0.0401068,0.0401068,0.0401068,0.0401068,0.0401068,0.0401068,0.0401068,0.0401068,0.0401068,0.0401068,0.0401068,0.0401068,0.0401068
0.0401087,0.0401087,0.0401087,0.0401087,0.0401087,0.0401087,0.0401087,0.0401087,0.0401087,0.0401087,0.0401087,0.0401087,0.0401087,0.0401087,0.0401087,0.0401087,0.0401087,0.0401087,0.0401087,0.0401087,0.0401087,0.0401087,0.0401087,0.0401087,0.0401087,0.0401087,0.0401087,0.0401087,0.0401087,0.0401087,0.0401087,0.0401087,0.0401087,0.0401087,0.0401087,0.0401087,0.0401087,0.0401087,0.0401087,0.0401087,0.0401087,0.0401087,0.0401087,0.0401087,0.0401087,0.0401087,0.0401087,0.0401087,0.0401087,0.0401087,0.0401087,0.0401087,0.0401087,0.0401087,0.0401087,0.0401087,0.0401087,0.0401087,0.0401087,0.0401087,0.0401087,0.0401087,0.0401087,0.0401087
0.0401087,0.0401087,0.0401087,0.0401087,0.0401087,0.0401087,0.0401087,0.0401087,0.0401087,0.0401087,0.0401087,0.0401087,0.0401087,0.0401087,0.0401087,0.0401087,0.0401087,0.0401087,0.0401087,0.0401087,0.0401087,0.0401087,0.0401087,0.0401087,0.0401087,0.0401087,0.0401087,0.0401087,0.0401087,0.0401087,0.0401087,0.0401087,0.0401087,0.0401087,0.0401087,0.0401087,0.0401087,0.0401087,0.0401087,0.0401087,0.0401087,0.0401087,0.0401087,0.0401087,0.0401087,0.0401087,0.0401087,0.0401087,0.0401087,0.0401087,0.0401087,0.0401087,0.0401087,0.0401087,0.0401087,0.0401087,0.0401087,0.0401087,0.0401087,0.0401087,0.0401087,0.0401087,0.0401087,0.0401087
0.0401087,0.0401087,0.0401087,0.0401087,0.0401087,0.0401087,0.0401087,0.0401087,0.0401087,0.0401087,0.0401087,0.0401087,0.0401087,0.0401087,0.0401087,0.0401087,0.0401087,0.0401087,0.0401087,0.0401087,0.0401087,0.0401087,0.0401087,0.0401087,0.0401087,0.0401087,0.0401087,0.0401087,0.0401087,0.0401087,0.0401087,0.0401087,0.0401087,0.0401087,0.0401087,0.0401087,0.0401087,0.0401087,0.0401087,0.0401087,0.0401087,0.0401087,0.0401087,0.0401087,0.0401087,0.0401087,0.0401087,0.0401087,0.0401087,0.0401087,0.0401087,0.0401087,0.0401087,0.0401087,0.0401087,0.0401087,0.0401087,0.0401087,0.0401087,0.0401087,0.0401087,0.0401087,0.0401087,0.0401087
0.0401115,0.0401115,0.0401115,0.0401115,0.0401115,0.0401115,0.0401115,0.0401115,0.0401115,0.0401115,0.0401115,0.0401115,0.0401115,0.0401115,0.0401115,0.0401115,0.0401115,0.0401115,0.0401115,0.0401115,0.0401115,0.0401115,0.0401115,0.0401115,0.0401115,0.0401115,0.0401115,0.0401115,0.0401115,0.0401115,0.0401115,0.0401115,0.0401115,0.0401115,0.0401115,0.0401115,0.0401115,0.0401115,0.0401115,0.0401115,0.0401115,0.0401115,0.0401115,0.0401115,0.0401115,0.0401115,0.0401115,0.0401115,0.0401115,0.0401115,0.0401115,0.0401115,0.0401115,0.0401115,0.0401115,0.0401115,0.0401115,0.0401115,0.0401115,0.0401115,0.0401115,0.0401115,0.0401115,0.0401115
0.0401115,0.0401115,0.0401115,0.0401115,0.0401115,0.0401115,0.0401115,0.0401115,0.0401115,0.0401115,0.0401115,0.0401115,0.0401115,0.0401115,0.0401115,0.0401115,0.0401115,0.0401115,0.0401115,0.0401115,0.0401115,0.0401115,0.0401115,0.0401115,0.0401115,0.0401115,0.0401115,0.0401115,0.0401115,0.0401115,0.0401115,0.0401115,0.0401115,0.0401115,0.0401115,0.0401115,0.0401115,0.0401115,0.0401115,0.0401115,0.0401115,0.0401115,0.0401115,0.0401115,0.0401115,0.0401115,0.0401115,0.0401115,0.0401115,0.0401115,0.0401115,0.0401115,0.0401115,0.0401115,0.0401115,0.0401115,0.0401115,0.0401115,0.0401115,0.0401115,0.0401115,0.0401115,0.0401115,0.0401115
0.0401125,0.0401125,0.0401125,0.0401125,0.0401125,0.0401125,0.0401125,0.0401125,0.0401125,0.0401125,0.0401125,0.0401125,0.0401125,0.0401125,0.0401125,0.0401125,0.0401125,0.0401125,0.0401125,0.0401125,0.0401125,0.0401125,0.0401125,0.0401125,0.0401125,0.0401125,0.0401125,0.0401125,0.0401125,0.0401125,0.0401125,0.0401125,0.0401125,0.0401125,0.0401125,0.0401125,0.0401125,0.0401125,0.0401125,0.0401125,0.0401125,0.0401125,0.0401125,0.0401125,0.0401125,0.0401125,0.0401125,0.0401125,0.0401125,0.0401125,0.0401125,0.0401125,0.0401125,0.0401125,0.0401125,0.0401125,0.0401125,0.0401125,0.0401125,0.0401125,0.0401125,0.0401125,0.0401125,0.0401125
0.0401134,0.0401134,0.0401134,0.0401134,0.0401134,0.0401134,0.0401134,0.0401134,0.0401134,0.0401134,0.0401134,0.0401134,0.0401134,0.0401134,0.0401134,0.0401134,0.0401134,0.0401134,0.0401134,0.0401134,0.0401134,0.0401134,0.0401134,0.0401134,0.0401134,0.0401134,0.0401134,0.0401134,0.0401134,0.0401134,0.0401134,0.0401134,0.0401134,0.0401134,0.0401134,0.0401134,0.0401134,0.0401134,0.0401134,0.0401134,0.0401134,0.0401134,0.0401134,0.0401134,0.0401134,0.0401134,0.0401134,0.0401134,0.0401134,0.0401134,0.0401134,0.0401134,0.0401134,0.0401134,0.0401134,0.0401134,0.0401134,0.0401134,0.0401134,0.0401134,0.0401134,0.0401134,0.0401134,0.0401134
0.0401144,0.0401144,0.0401144,0.0401144,0.0401144,0.0401144,0.0401144,0.0401144,0.0401144,0.0401144,0.0401144,0.0401144,0.0401144,0.0401144,0.0401144,0.0401144,0.0401144,0.0401144,0.0401144,0.0401144,0.0401144,0.0401144,0.0401144,0.0401144,0.0401144,0.0401144,0.0401144,0.0401144,0.0401144,0.0401144,0.0401144,0.0401144,0.0401144,0.0401144,0.0401144,0.0401144,0.0401144,0.0401144,0.0401144,0.0401144,0.0401144,0.0401144,0.0401144,0.0401144,0.0401144,0.0401144,0.0401144,0.0401144,0.0401144,0.0401144,0.0401144,0.0401144,0.0401144,0.0401144,0.0401144,0.0401144,0.0401144,0.0401144,0.0401144,0.0401144,0.0401144,0.0401144,0.0401144,0.0401144
0.0401154,0.0401154,0.0401154,0.0401154,0.0401154,0.0401154,0.0401154,0.0401154,0.0401154,0.0401154,0.0401154,0.0401154,0.0401154,0.0401154,0.0401154,0.0401154,0.0401154,0.0401154,0.0401154,0.0401154,0.0401154,0.0401154,0.0401154,0.0401154,0.0401154,0.0401154,0.0401154,0.0401154,0.0401154,0.0401154,0.0401154,0.0401154,0.0401154,0.0401154,0.0401154,0.0401154,0.0401154,0.0401154,0.0401154,0.0401154,0.0401154,0.0401154,0.0401154,0.0401154,0.0401154,0.0401154,0.0401154,0.0401154,0.0401154,0.0401154,0.0401154,0.0401154,0.0401154,0.0401154,0.0401154,0.0401154,0.0401154,0.0401154,0.0401154,0.0401154,0.0401154,0.0401154,0.0401154,0.0401154
0.0401163,0.0401163,0.0401163,0.0401163,0.0401163,0.0401163,0.0401163,0.0401163,0.0401163,0.0401163,0.0401163,0.0401163,0.0401163,0.0401163,0.0401163,0.0401163,0.0401163,0.0401163,0.0401163,0.0401163,0.0401163,0.0401163,0.0401163,0.0401163,0.0401163,0.0401163,0.0401163,0.0401163,0.0401163,0.0401163,0.0401163,0.0401163,0.0401163,0.0401163,0.0401163,0.0401163,0.0401163,0.0401163,0.0401163,0.0401163,0.0401163,0.0401163,0.0401163,0.0401163,0.0401163,0.0401163,0.0401163,0.0401163,0.0401163,0.0401163,0.0401163,0.0401163,0.0401163,0.0401163,0.0401163,0.0401163,0.0401163,0.0401163,0.0401163,0.0401163,0.0401163,0.0401163,0.0401163,0.0401163
0.0401173,0.0401173,0.0401173,0.0401173,0.0401173,0.0401173,0.0401173,0.0401173,0.0401173,0.0401173,0.0401173,0.0401173,0.0401173,0.0401173,0.0401173,0.0401173,0.0401173,0.0401173,0.0401173,0.0401173,0.0401173,0.0401173,0.0401173,0.0401173,0.0401173,0.0401173,0.0401173,0.0401173,0.0401173,0.0401173,0.0401173,0.0401173,0.0401173,0.0401173,0.0401173,0.0401173,0.0401173,0.0401173,0.0401173,0.0401173,0.0401173,0.0401173,0.0401173,0.0401173,0.0401173,0.0401173,0.0401173,0.0401173,0.0401173,0.0401173,0.0401173,0.0401173,0.0401173,0.0401173,0.0401173,0.0401173,0.0401173,0.0401173,0.0401173,0.0401173,0.0401173,0.0401173,0.0401173,0.0401173
0.0401182,0.0401182,0.0401182,0.0401182,0.0401182,0.0401182,0.0401182,0.0401182,0.0401182,0.0401182,0.0401182,0.0401182,0.0401182,0.0401182,0.0401182,0.0401182,0.0401182,0.0401182,0.0401182,0.0401182,0.0401182,0.0401182,0.0401182,0.0401182,0.0401182,0.0401182,0.0401182,0.0401182,0.0401182,0.0401182,0.0401182,0.0401182,0.0401182,0.0401182,0.0401182,0.0401182,0.0401182,0.0401182,0.0401182,0.0401182,0.0401182,0.0401182,0.0401182,0.0401182,0.0401182,0.0401182,0.0401182,0.0401182,0.0401182,0.0401182,0.0401182,0.0401182,0.0401182,0.0401182,0.0401182,0.0401182,0.0401182,0.0401182,0.0401182,0.0401182,0.0401182,0.0401182,0.0401182,0.0401182
0.0401192,0.0401192,0.0401192,0.0401192,0.0401192,0.0401192,0.0401192,0.0401192,0.0401192,0.0401192,0.0401192,0.0401192,0.0401192,0.0401192,0.0401192,0.0401192,0.0401192,0.0401192,0.0401192,0.0401192,0.0401192,0.0401192,0.0401192,0.0401192,0.0401192,0.0401192,0.0401192,0.0401192,0.0401192,0.0401192,0.0401192,0.0401192,0.0401192,0.0401192,0.0401192,0.0401192,0.0401192,0.0401192,0.0401192,0.0401192,0.0401192,0.0401192,0.0401192,0.0401192,0.0401192,0.0401192,0.0401192,0.0401192,0.0401192,0.0401192,0.0401192,0.0401192,0.0401192,0.0401192,0.0401192,0.0401192,0.0401192,0.0401192,0.0401192,0.0401192,0.0401192,0.0401192,0.0401192,0.0401192
0.0401192,0.0401192,0.0401192,0.0401192,0.0401192,0.0401192,0.0401192,0.0401192,0.0401192,0.0401192,0.0401192,0.0401192,0.0401192,0.0401192,0.0401192,0.0401192,0.0401192,0.0401192,0.0401192,0.0401192,0.0401192,0.0401192,0.0401192,0.0401192,0.0401192,0.0401192,0.0401192,0.0401192,0.0401192,0.0401192,0.0401192,0.0401192,0.0401192,0.0401192,0.0401192,0.0401192,0.0401192,0.0401192,0.0401192,0.0401192,0.0401192,0.0401192,0.0401192,0.0401192,0.0401192,0.0401192,0.0401192,0.0401192,0.0401192,0.0401192,0.0401192,0.0401192,0.0401192,0.0401192,0.0401192,0.0401192,0.0401192,0.0401192,0.0401192,0.0401192,0.0401192,0.0401192,0.0401192,0.0401192
0.0401201,0.0401201,0.0401201,0.0401201,0.0401201,0.0401201,0.0401201,0.0401201,0.0401201,0.0401201,0.0401201,0.0401201,0.0401201,0.0401201,0.0401201,0.0401201,0.0401201,0.0401201,0.0401201,0.0401201,0.0401201,0.0401201,0.0401201,0.0401201,0.0401201,0.0401201,0.0401201,0.0401201,0.0401201,0.0401201,0.0401201,0.0401201,0.0401201,0.0401201,0.0401201,0.0401201,0.0401201,0.0401201,0.0401201,0.0401201,0.0401201,0.0401201,0.0401201,0.0401201,0.0401201,0.0401201,0.0401201,0.0401201,0.0401201,0.0401201,0.0401201,0.0401201,0.0401201,0.0401201,0.0401201,0.0401201,0.0401201,0.0401201,0.0401201,0.0401201,0.0401201,0.0401201,0.0401201,0.0401201
0.040122,0.040122,0.040122,0.040122,0.040122,0.040122,0.040122,0.040122,0.040122,0.040122,0.040122,0.040122,0.040122,0.040122,0.040122,0.040122,0.040122,0.040122,0.040122,0.040122,0.040122,0.040122,0.040122,0.040122,0.040122,0.040122,0.040122,0.040122,0.040122,0.040122,0.040122,0.040122,0.040122,0.040122,0.040122,0.040122,0.040122,0.040122,0.040122,0.040122,0.040122,0.040122,0.040122,0.040122,0.040122,0.040122,0.040122,0.040122,0.040122,0.040122,0.040122,0.040122,0.040122,0.040122,0.040122,0.040122,0.040122,0.040122,0.040122,0.040122,0.040122,0.040122,0.040122,0.040122
0.040123,0.040123,0.040123,0.040123,0.040123,0.040123,0.040123,0.040123,0.040123,0.040123,0.040123,0.040123,0.040123,0.040123,0.040123,0.040123,0.040123,0.040123,0.040123,0.040123,0.040123,0.040123,0.040123,0.040123,0.040123,0.040123,0.040123,0.040123,0.040123,0.040123,0.040123,0.040123,0.040123,0.040123,0.040123,0.040123,0.040123,0.040123,0.040123,0.040123,0.040123,0.040123,0.040123,0.040123,0.040123,0.040123,0.040123,0.040123,0.040123,0.040123,0.040123,0.040123,0.040123,0.040123,0.040123,0.040123,0.040123,0.040123,0.040123,0.040123,0.040123,0.040123,0.040123,0.040123
0.040123,0.040123,0.040123,0.040123,0.040123,0.040123,0.040123,0.040123,0.040123,0.040123,0.040123,0.040123,0.040123,0.040123,0.040123,0.040123,0.040123,0.040123,0.040123,0.040123,0.040123,0.040123,0.040123,0.040123,0.040123,0.040123,0.040123,0.040123,0.040123,0.040123,0.040123,0.040123,0.040123,0.040123,0.040123,0.040123,0.040123,0.040123,0.040123,0.040123,0.040123,0.040123,0.040123,0.040123,0.040123,0.040123,0.040123,0.040123,0.040123,0.040123,0.040123,0.040123,0.040123,0.040123,0.040123,0.040123,0.040123,0.040123,0.040123,0.040123,0.040123,0.040123,0.040123,0.040123
0.0401249,0.0401249,0.0401249,0.0401249,0.0401249,0.0401249,0.0401249,0.0401249,0.0401249,0.0401249,0.0401249,0.0401249,0.0401249,0.0401249,0.0401249,0.0401249,0.0401249,0.0401249,0.0401249,0.0401249,0.0401249,0.0401249,0.0401249,0.0401249,0.0401249,0.0401249,0.0401249,0.0401249,0.0401249,0.0401249,0.0401249,0.0401249,0.0401249,0.0401249,0.0401249,0.0401249,0.0401249,0.0401249,0.0401249,0.0401249,0.0401249,0.0401249,0.0401249,0.0401249,0.0401249,0.0401249,0.0401249,0.0401249,0.0401249,0.0401249,0.0401249,0.0401249,0.0401249,0.0401249,0.0401249,0.0401249,0.0401249,0.0401249,0.0401249,0.0401249,0.0401249,0.0401249,0.0401249,0.0401249
0.0401258,0.0401258,0.0401258,0.0401258,0.0401258,0.0401258,0.0401258,0.0401258,0.0401258,0.0401258,0.0401258,0.0401258,0.0401258,0.0401258,0.0401258,0.0401258,0.0401258,0.0401258,0.0401258,0.0401258,0.0401258,0.0401258,0.0401258,0.0401258,0.0401258,0.0401258,0.0401258,0.0401258,0.0401258,0.0401258,0.0401258,0.0401258,0.0401258,0.0401258,0.0401258,0.0401258,0.0401258,0.0401258,0.0401258,0.0401258,0.0401258,0.0401258,0.0401258,0.0401258,0.0401258,0.0401258,0.0401258,0.0401258,0.0401258,0.0401258,0.0401258,0.0401258,0.0401258,0.0401258,0.0401258,0.0401258,0.0401258,0.0401258,0.0401258,0.0401258,0.0401258,0.0401258,0.0401258,0.0401258
0.0401258,0.0401258,0.0401258,0.0401258,0.0401258,0.0401258,0.0401258,0.0401258,0.0401258,0.0401258,0.0401258,0.0401258,0.0401258,0.0401258,0.0401258,0.0401258,0.0401258,0.0401258,0.0401258,0.0401258,0.0401258,0.0401258,0.0401258,0.0401258,0.0401258,0.0401258,0.0401258,0.0401258,0.0401258,0.0401258,0.0401258,0.0401258,0.0401258,0.0401258,0.0401258,0.0401258,0.0401258,0.0401258,0.0401258,0.0401258,0.0401258,0.0401258,0.0401258,0.0401258,0.0401258,0.0401258,0.0401258,0.0401258,0.0401258,0.0401258,0.0401258,0.0401258,0.0401258,0.0401258,0.0401258,0.0401258,0.0401258,0.0401258,0.0401258,0.0401258,0.0401258,0.0401258,0.0401258,0.0401258
0.0401268,0.0401268,0.0401268,0.0401268,0.0401268,0.0401268,0.0401268,0.0401268,0.0401268,0.0401268,0.0401268,0.0401268,0.0401268,0.0401268,0.0401268,0.0401268,0.0401268,0.0401268,0.0401268,0.0401268,0.0401268,0.0401268,0.0401268,0.0401268,0.0401268,0.0401268,0.0401268,0.0401268,0.0401268,0.0401268,0.0401268,0.0401268,0.0401268,0.0401268,0.0401268,0.0401268,0.0401268,0.0401268,0.0401268,0.0401268,0.0401268,0.0401268,0.0401268,0.0401268,0.0401268,0.0401268,0.0401268,0.0401268,0.0401268,0.0401268,0.0401268,0.0401268,0.0401268,0.0401268,0.0401268,0.0401268,0.0401268,0.0401268,0.0401268,0.0401268,0.0401268,0.0401268,0.0401268,0.0401268
0.0401278,0.0401278,0.0401278,0.0401278,0.0401278,0.0401278,0.0401278,0.0401278,0.0401278,0.0401278,0.0401278,0.0401278,0.0401278,0.0401278,0.0401278,0.0401278,0.0401278,0.0401278,0.0401278,0.0401278,0.0401278,0.0401278,0.0401278,0.0401278,0.0401278,0.0401278,0.0401278,0.0401278,0.0401278,0.0401278,0.0401278,0.0401278,0.0401278,0.0401278,0.0401278,0.0401278,0.0401278,0.0401278,0.0401278,0.0401278,0.0401278,0.0401278,0.0401278,0.0401278,0.0401278,0.0401278,0.0401278,0.0401278,0.0401278,0.0401278,0.0401278,0.0401278,0.0401278,0.0401278,0.0401278,0.0401278,0.0401278,0.0401278,0.0401278,0.0401278,0.0401278,0.0401278,0.0401278,0.0401278
0.0401287,0.0401287,0.0401287,0.0401287,0.0401287,0.0401287,0.0401287,0.0401287,0.0401287,0.0401287,0.0401287,0.0401287,0.0401287,0.0401287,0.0401287,0.0401287,0.0401287,0.0401287,0.0401287,0.0401287,0.0401287,0.0401287,0.0401287,0.0401287,0.0401287,0.0401287,0.0401287,0.0401287,0.0401287,0.0401287,0.0401287,0.0401287,0.0401287,0.0401287,0.0401287,0.0401287,0.0401287,0.0401287,0.0401287,0.0401287,0.0401287,0.0401287,0.0401287,0.0401287,0.0401287,0.0401287,0.0401287,0.0401287,0.0401287,0.0401287,0.0401287,0.0401287,0.0401287,0.0401287,0.0401287,0.0401287,0.0401287,0.0401287,0.0401287,0.0401287,0.0401287,0.0401287,0.0401287,0.0401287
0.0401306,0.0401306,0.0401306,0.0401306,0.0401306,0.0401306,0.0401306,0.0401306,0.0401306,0.0401306,0.0401306,0.0401306,0.0401306,0.0401306,0.0401306,0.0401306,0.0401306,0.0401306,0.0401306,0.0401306,0.0401306,0.0401306,0.0401306,0.0401306,0.0401306,0.0401306,0.0401306,0.0401306,0.0401306,0.0401306,0.0401306,0.0401306,0.0401306,0.0401306,0.0401306,0.0401306,0.0401306,0.0401306,0.0401306,0.0401306,0.0401306,0.0401306,0.0401306,0.0401306,0.0401306,0.0401306,0.0401306,0.0401306,0.0401306,0.0401306,0.0401306,0.0401306,0.0401306,0.0401306,0.0401306,0.0401306,0.0401306,0.0401306,0.0401306,0.0401306,0.0401306,0.0401306,0.0401306,0.0401306
0.0401297,0.0401297,0.0401297,0.0401297,0.0401297,0.0401297,0.0401297,0.0401297,0.0401297,0.0401297,0.0401297,0.0401297,0.0401297,0.0401297,0.0401297,0.0401297,0.0401297,0.0401297,0.0401297,0.0401297,0.0401297,0.0401297,0.0401297,0.0401297,0.0401297,0.0401297,0.0401297,0.0401297,0.0401297,0.0401297,0.0401297,0.0401297,0.0401297,0.0401297,0.0401297,0.0401297,0.0401297,0.0401297,0.0401297,0.0401297,0.0401297,0.0401297,0.0401297,0.0401297,0.0401297,0.0401297,0.0401297,0.0401297,0.0401297,0.0401297,0.0401297,0.0401297,0.0401297,0.0401297,0.0401297,0.0401297,0.0401297,0.0401297,0.0401297,0.0401297,0.0401297,0.0401297,0.0401297,0.0401297
0.0401325,0.0401325,0.0401325,0.0401325,0.0401325,0.0401325,0.0401325,0.0401325,0.0401325,0.0401325,0.0401325,0.0401325,0.0401325,0.0401325,0.0401325,0.0401325,0.0401325,0.0401325,0.0401325,0.0401325,0.0401325,0.0401325,0.0401325,0.0401325,0.0401325,0.0401325,0.0401325,0.0401325,0.0401325,0.0401325,0.0401325,0.0401325,0.0401325,0.0401325,0.0401325,0.0401325,0.0401325,0.0401325,0.0401325,0.0401325,0.0401325,0.0401325,0.0401325,0.0401325,0.0401325,0.0401325,0.0401325,0.0401325,0.0401325,0.0401325,0.0401325,0.0401325,0.0401325,0.0401325,0.0401325,0.0401325,0.0401325,0.0401325,0.0401325,0.0401325,0.0401325,0.0401325,0.0401325,0.0401325
0.0401316,0.0401316,0.0401316,0.0401316,0.0401316,0.0401316,0.0401316,0.0401316,0.0401316,0.0401316,0.0401316,0.0401316,0.0401316,0.0401316,0.0401316,0.0401316,0.0401316,0.0401316,0.0401316,0.0401316,0.0401316,0.0401316,0.0401316,0.0401316,0.0401316,0.0401316,0.0401316,0.0401316,0.0401316,0.0401316,0.0401316,0.0401316,0.0401316,0.0401316,0.0401316,0.0401316,0.0401316,0.0401316,0.0401316,0.0401316,0.0401316,0.0401316,0.0401316,0.0401316,0.0401316,0.0401316,0.0401316,0.0401316,0.0401316,0.0401316,0.0401316,0.0401316,0.0401316,0.0401316,0.0401316,0.0401316,0.0401316,0.0401316,0.0401316,0.0401316,0.0401316,0.0401316,0.0401316,0.0401316
0.0401335,0.0401335,0.0401335,0.0401335,0.0401335,0.0401335,0.0401335,0.0401335,0.0401335,0.0401335,0.0401335,0.0401335,0.0401335,0.0401335,0.0401335,0.0401335,0.0401335,0.0401335,0.0401335,0.0401335,0.0401335,0.0401335,0.0401335,0.0401335,0.0401335,0.0401335,0.0401335,0.0401335,0.0401335,0.0401335,0.0401335,0.0401335,0.0401335,0.0401335,0.0401335,0.0401335,0.0401335,0.0401335,0.0401335,0.0401335,0.0401335,0.0401335,0.0401335,0.0401335,0.0401335,0.0401335,0.0401335,0.0401335,0.0401335,0.0401335,0.0401335,0.0401335,0.0401335,0.0401335,0.0401335,0.0401335,0.0401335,0.0401335,0.0401335,0.0401335,0.0401335,0.0401335,0.0401335,0.0401335
0.0401344,0.0401344,0.0401344,0.0401344,0.0401344,0.0401344,0.0401344,0.0401344,0.0401344,0.0401344,0.0401344,0.0401344,0.0401344,0.0401344,0.0401344,0.0401344,0.0401344,0.0401344,0.0401344,0.0401344,0.0401344,0.0401344,0.0401344,0.0401344,0.0401344,0.0401344,0.0401344,0.0401344,0.0401344,0.0401344,0.0401344,0.0401344,0.0401344,0.0401344,0.0401344,0.0401344,0.0401344,0.0401344,0.0401344,0.0401344,0.0401344,0.0401344,0.0401344,0.0401344,0.0401344,0.0401344,0.0401344,0.0401344,0.0401344,0.0401344,0.0401344,0.0401344,0.0401344,0.0401344,0.0401344,0.0401344,0.0401344,0.0401344,0.0401344,0.0401344,0.0401344,0.0401344,0.0401344,0.0401344
0.0401344,0.0401344,0.0401344,0.0401344,0.0401344,0.0401344,0.0401344,0.0401344,0.0401344,0.0401344,0.0401344,0.0401344,0.0401344,0.0401344,0.0401344,0.0401344,0.0401344,0.0401344,0.0401344,0.0401344,0.0401344,0.0401344,0.0401344,0.0401344,0.0401344,0.0401344,0.0401344,0.0401344,0.0401344,0.0401344,0.0401344,0.0401344,0.0401344,0.0401344,0.0401344,0.0401344,0.0401344,0.0401344,0.0401344,0.0401344,0.0401344,0.0401344,0.0401344,0.0401344,0.0401344,0.0401344,0.0401344,0.0401344,0.0401344,0.0401344,0.0401344,0.0401344,0.0401344,0.0401344,0.0401344,0.0401344,0.0401344,0.0401344,0.0401344,0.0401344,0.0401344,0.0401344,0.0401344,0.0401344
0.0401354,0.0401354,0.0401354,0.0401354,0.0401354,0.0401354,0.0401354,0.0401354,0.0401354,0.0401354,0.0401354,0.0401354,0.0401354,0.0401354,0.0401354,0.0401354,0.0401354,0.0401354,0.0401354,0.0401354,0.0401354,0.0401354,0.0401354,0.0401354,0.0401354,0.0401354,0.0401354,0.0401354,0.0401354,0.0401354,0.0401354,0.0401354,0.0401354,0.0401354,0.0401354,0.0401354,0.0401354,0.0401354,0.0401354,0.0401354,0.0401354,0.0401354,0.0401354,0.0401354,0.0401354,0.0401354,0.0401354,0.0401354,0.0401354,0.0401354,0.0401354,0.0401354,0.0401354,0.0401354,0.0401354,0.0401354,0.0401354,0.0401354,0.0401354,0.0401354,0.0401354,0.0401354,0.0401354,0.0401354
0.0401373,0.0401373,0.0401373,0.0401373,0.0401373,0.0401373,0.0401373,0.0401373,0.0401373,0.0401373,0.0401373,0.0401373,0.0401373,0.0401373,0.0401373,0.0401373,0.0401373,0.0401373,0.0401373,0.0401373,0.0401373,0.0401373,0.0401373,0.0401373,0.0401373,0.0401373,0.0401373,0.0401373,0.0401373,0.0401373,0.0401373,0.0401373,0.0401373,0.0401373,0.0401373,0.0401373,0.0401373,0.0401373,0.0401373,0.0401373,0.0401373,0.0401373,0.0401373,0.0401373,0.0401373,0.0401373,0.0401373,0.0401373,0.0401373,0.0401373,0.0401373,0.0401373,0.0401373,0.0401373,0.0401373,0.0401373,0.0401373,0.0401373,0.0401373,0.0401373,0.0401373,0.0401373,0.0401373,0.0401373
0.0401373,0.0401373,0.0401373,0.0401373,0.0401373,0.0401373,0.0401373,0.0401373,0.0401373,0.0401373,0.0401373,0.0401373,0.0401373,0.0401373,0.0401373,0.0401373,0.0401373,0.0401373,0.0401373,0.0401373,0.0401373,0.0401373,0.0401373,0.0401373,0.0401373,0.0401373,0.0401373,0.0401373,0.0401373,0.0401373,0.0401373,0.0401373,0.0401373,0.0401373,0.0401373,0.0401373,0.0401373,0.0401373,0.0401373,0.0401373,0.0401373,0.0401373,0.0401373,0.0401373,0.0401373,0.0401373,0.0401373,0.0401373,0.0401373,0.0401373,0.0401373,0.0401373,0.0401373,0.0401373,0.0401373,0.0401373,0.0401373,0.0401373,0.0401373,0.0401373,0.0401373,0.0401373,0.0401373,0.0401373
0.0401392,0.0401392,0.0401392,0.0401392,0.0401392,0.0401392,0.0401392,0.0401392,0.0401392,0.0401392,0.0401392,0.0401392,0.0401392,0.0401392,0.0401392,0.0401392,0.0401392,0.0401392,0.0401392,0.0401392,0.0401392,0.0401392,0.0401392,0.0401392,0.0401392,0.0401392,0.0401392,0.0401392,0.0401392,0.0401392,0.0401392,0.0401392,0.0401392,0.0401392,0.0401392,0.0401392,0.0401392,0.0401392,0.0401392,0.0401392,0.0401392,0.0401392,0.0401392,0.0401392,0.0401392,0.0401392,0.0401392,0.0401392,0.0401392,0.0401392,0.0401392,0.0401392,0.0401392,0.0401392,0.0401392,0.0401392,0.0401392,0.0401392,0.0401392,0.0401392,0.0401392,0.0401392,0.0401392,0.0401392
0.0401382,0.0401382,0.0401382,0.0401382,0.0401382,0.0401382,0.0401382,0.0401382,0.0401382,0.0401382,0.0401382,0.0401382,0.0401382,0.0401382,0.0401382,0.0401382,0.0401382,0.0401382,0.0401382,0.0401382,0.0401382,0.0401382,0.0401382,0.0401382,0.0401382,0.0401382,0.0401382,0.0401382,0.0401382,0.0401382,0.0401382,0.0401382,0.0401382,0.0401382,0.0401382,0.0401382,0.0401382,0.0401382,0.0401382,0.0401382,0.0401382,0.0401382,0.0401382,0.0401382,0.0401382,0.0401382,0.0401382,0.0401382,0.0401382,0.0401382,0.0401382,0.0401382,0.0401382,0.0401382,0.0401382,0.0401382,0.0401382,0.0401382,0.0401382,0.0401382,0.0401382,0.0401382,0.0401382,0.0401382
0.0401402,0.0401402,0.0401402,0.0401402,0.0401402,0.0401402,0.0401402,0.0401402,0.0401402,0.0401402,0.0401402,0.0401402,0.0401402,0.0401402,0.0401402,0.0401402,0.0401402,0.0401402,0.0401402,0.0401402,0.0401402,0.0401402,0.0401402,0.0401402,0.0401402,0.0401402,0.0401402,0.0401402,0.0401402,0.0401402,0.0401402,0.0401402,0.0401402,0.0401402,0.0401402,0.0401402,0.0401402,0.0401402,0.0401402,0.0401402,0.0401402,0.0401402,0.0401402,0.0401402,0.0401402,0.0401402,0.0401402,0.0401402,0.0401402,0.0401402,0.0401402,0.0401402,0.0401402,0.0401402,0.0401402,0.0401402,0.0401402,0.0401402,0.0401402,0.0401402,0.0401402,0.0401402,0.0401402,0.0401402
0.0401411,0.0401411,0.0401411,0.0401411,0.0401411,0.0401411,0.0401411,0.0401411,0.0401411,0.0401411,0.0401411,0.0401411,0.0401411,0.0401411,0.0401411,0.0401411,0.0401411,0.0401411,0.0401411,0.0401411,0.0401411,0.0401411,0.0401411,0.0401411,0.0401411,0.0401411,0.0401411,0.0401411,0.0401411,0.0401411,0.0401411,0.0401411,0.0401411,0.0401411,0.0401411,0.0401411,0.0401411,0.0401411,0.0401411,0.0401411,0.0401411,0.0401411,0.0401411,0.0401411,0.0401411,0.0401411,0.0401411,0.0401411,0.0401411,0.0401411,0.0401411,0.0401411,0.0401411,0.0401411,0.0401411,0.0401411,0.0401411,0.0401411,0.0401411,0.0401411,0.0401411,0.0401411,0.0401411,0.0401411
0.0401421,0.0401421,0.0401421,0.0401421,0.0401421,0.0401421,0.0401421,0.0401421,0.0401421,0.0401421,0.0401421,0.0401421,0.0401421,0.0401421,0.0401421,0.0401421,0.0401421,0.0401421,0.0401421,0.0401421,0.0401421,0.0401421,0.0401421,0.0401421,0.0401421,0.0401421,0.0401421,0.0401421,0.0401421,0.0401421,0.0401421,0.0401421,0.0401421,0.0401421,0.0401421,0.0401421,0.0401421,0.0401421,0.0401421,0.0401421,0.0401421,0.0401421,0.0401421,0.0401421,0.0401421,0.0401421,0.0401421,0.0401421,0.0401421,0.0401421,0.0401421,0.0401421,0.0401421,0.0401421,0.0401421,0.0401421,0.0401421,0.0401421,0.0401421,0.0401421,0.0401421,0.0401421,0.0401421,0.0401421
0.0401421,0.0401421,0.0401421,0.0401421,0.0401421,0.0401421,0.0401421,0.0401421,0.0401421,0.0401421,0.0401421,0.0401421,0.0401421,0.0401421,0.0401421,0.0401421,0.0401421,0.0401421,0.0401421,0.0401421,0.0401421,0.0401421,0.0401421,0.0401421,0.0401421,0.0401421,0.0401421,0.0401421,0.0401421,0.0401421,0.0401421,0.0401421,0.0401421,0.0401421,0.0401421,0.0401421,0.0401421,0.0401421,0.0401421,0.0401421,0.0401421,0.0401421,0.0401421,0.0401421,0.0401421,0.0401421,0.0401421,0.0401421,0.0401421,0.0401421,0.0401421,0.0401421,0.0401421,0.0401421,0.0401421,0.0401421,0.0401421,0.0401421,0.0401421,0.0401421,0.0401421,0.0401421,0.0401421,0.0401421
0.040144,0.040144,0.0401443,0.0401446,0.0401451,0.0401458,0.0401466,0.0401476,0.0401487,0.0401499,0.0401513,0.0401528,0.0401545,0.0401564,0.0401584,0.0401605,0.0401628,0.0401653,0.0401679,0.0401706,0.0401735,0.0401765,0.0401797,0.0401831,0.0401866,0.0401902,0.040194,0.040198,0.0402021,0.0402063,0.0402107,0.0402153,0.04022,0.0402248,0.0402298,0.0402349,0.0402402,0.0402457,0.0402513,0.040257,0.0402629,0.0402689,0.0402751,0.0402814,0.0402879,0.0402945,0.0403013,0.0403082,0.0403152,0.0403224,0.0403298,0.0403372,0.0403449,0.0403526,0.0403605,0.0403686,0.0403767,0.0403851,0.0403935,0.0404021,0.0404108,0.0404197,0.0404287,0.0404378
0.040144,0.040144,0.0401443,0.0401446,0.0401451,0.0401458,0.0401466,0.0401476,0.0401487,0.0401499,0.0401513,0.0401528,0.0401545,0.0401564,0.0401584,0.0401605,0.0401628,0.0401653,0.0401679,0.0401706,0.0401735,0.0401765,0.0401797,0.0401831,0.0401866,0.0401902,0.040194,0.040198,0.0402021,0.0402063,0.0402107,0.0402153,0.04022,0.0402248,0.0402298,0.040235,0.0402402,0.0402457,0.0402513,0.040257,0.0402629,0.0402689,0.0402751,0.0402814,0.0402879,0.0402945,0.0403013,0.0403082,0.0403152,0.0403224,0.0403298,0.0403373,0.0403449,0.0403526,0.0403605,0.0403686,0.0403768,0.0403851,0.0403935,0.0404021,0.0404108,0.0404197,0.0404287,0.0404378
0.0401449,0.040145,0.0401452,0.0401456,0.0401461,0.0401467,0.0401476,0.0401485,0.0401496,0.0401509,0.0401523,0.0401538,0.0401555,0.0401573,0.0401593,0.0401615,0.0401638,0.0401662,0.0401688,0.0401716,0.0401745,0.0401775,0.0401807,0.040184,0.0401875,0.0401912,0.040195,0.0401989,0.040203,0.0402073,0.0402117,0.0402162,0.0402209,0.0402258,0.0402308,0.0402359,0.0402412,0.0402466,0.0402522,0.040258,0.0402639,0.0402699,0.0402761,0.0402824,0.0402889,0.0402955,0.0403022,0.0403091,0.0403162,0.0403234,0.0403307,0.0403382,0.0403458,0.0403536,0.0403615,0.0403695,0.0403777,0.040386,0.0403945,0.0404031,0.0404118,0.0404207,0.0404297,0.0404388
0.0401459,0.0401459,0.0401462,0.0401465,0.040147,0.0401477,0.0401485,0.0401495,0.0401506,0.0401518,0.0401532,0.0401548,0.0401564,0.0401583,0.0401603,0.0401624,0.0401647,0.0401672,0.0401698,0.0401725,0.0401754,0.0401785,0.0401817,0.040185,0.0401885,0.0401921,0.0401959,0.0401999,0.040204,0.0402082,0.0402126,0.0402172,0.0402219,0.0402267,0.0402317,0.0402369,0.0402422,0.0402476,0.0402532,0.0402589,0.0402648,0.0402708,0.040277,0.0402834,0.0402898,0.0402964,0.0403032,0.0403101,0.0403172,0.0403243,0.0403317,0.0403392,0.0403468,0.0403545,0.0403624,0.0403705,0.0403787,0.040387,0.0403954,0.040404,0.0404128,0.0404216,0.0404306,0.0404398
0.0401468,0.0401469,0.0401471,0.0401475,0.040148,0.0401487,0.0401495,0.0401504,0.0401515,0.0401528,0.0401542,0.0401557,0.0401574,0.0401592,0.0401612,0.0401634,0.0401657,0.0401681,0.0401707,0.0401735,0.0401764,0.0401794,0.0401826,0.040186,0.0401894,0.0401931,0.0401969,0.0402008,0.0402049,0.0402092,0.0402136,0.0402181,0.0402228,0.0402277,0.0402327,0.0402378,0.0402431,0.0402486,0.0402541,0.0402599,0.0402658,0.0402718,0.040278,0.0402843,0.0402908,0.0402974,0.0403042,0.0403111,0.0403181,0.0403253,0.0403326,0.0403401,0.0403477,0.0403555,0.0403634,0.0403714,0.0403796,0.0403879,0.0403964,0.040405,0.0404137,0.0404226,0.0404316,0.0404407
0.0401478,0.0401479,0.0401481,0.0401484,0.0401489,0.0401496,0.0401504,0.0401514,0.0401525,0.0401537,0.0401551,0.0401567,0.0401584,0.0401602,0.0401622,0.0401643,0.0401666,0.0401691,0.0401717,0.0401744,0.0401773,0.0401804,0.0401836,0.0401869,0.0401904,0.040194,0.0401978,0.0402018,0.0402059,0.0402101,0.0402145,0.0402191,0.0402238,0.0402286,0.0402336,0.0402388,0.0402441,0.0402495,0.0402551,0.0402608,0.0402667,0.0402728,0.0402789,0.0402853,0.0402917,0.0402984,0.0403051,0.040312,0.0403191,0.0403263,0.0403336,0.0403411,0.0403487,0.0403565,0.0403644,0.0403724,0.0403806,0.0403889,0.0403974,0.0404059,0.0404147,0.0404236,0.0404325,0.0404417
0.0401487,0.0401488,0.040149,0.0401494,0.0401499,0.0401506,0.0401514,0.0401523,0.0401534,0.0401547,0.0401561,0.0401576,0.0401593,0.0401612,0.0401632,0.0401653,0.0401676,0.04017,0.0401726,0.0401754,0.0401783,0.0401813,0.0401845,0.0401879,0.0401914,0.040195,0.0401988,0.0402027,0.0402068,0.0402111,0.0402155,0.04022,0.0402247,0.0402296,0.0402346,0.0402397,0.040245,0.0402505,0.0402561,0.0402618,0.0402677,0.0402737,0.0402799,0.0402862,0.0402927,0.0402993,0.0403061,0.040313,0.04032,0.0403272,0.0403346,0.040342,0.0403497,0.0403574,0.0403653,0.0403734,0.0403815,0.0403899,0.0403983,0.0404069,0.0404156,0.0404245,0.0404335,0.0404426
0.0401487,0.0401488,0.040149,0.0401494,0.0401499,0.0401506,0.0401514,0.0401523,0.0401534,0.0401547,0.0401561,0.0401576,0.0401593,0.0401612,0.0401632,0.0401653,0.0401676,0.04017,0.0401726,0.0401754,0.0401783,0.0401813,0.0401845,0.0401879,0.0401914,0.040195,0.0401988,0.0402028,0.0402069,0.0402111,0.0402155,0.04022,0.0402247,0.0402296,0.0402346,0.0402397,0.040245,0.0402505,0.0402561,0.0402618,0.0402677,0.0402737,0.0402799,0.0402862,0.0402927,0.0402993,0.0403061,0.040313,0.04032,0.0403272,0.0403346,0.040342,0.0403497,0.0403574,0.0403653,0.0403734,0.0403816,0.0403899,0.0403983,0.0404069,0.0404157,0.0404245,0.0404335,0.0404427
0.0401497,0.0401498,0.04015,0.0401503,0.0401509,0.0401515,0.0401523,0.0401533,0.0401544,0.0401556,0.040157,0.0401586,0.0401603,0.0401621,0.0401641,0.0401663,0.0401685,0.040171,0.0401736,0.0401763,0.0401792,0.0401823,0.0401855,0.0401888,0.0401923,0.040196,0.0401998,0.0402037,0.0402078,0.0402121,0.0402165,0.040221,0.0402257,0.0402305,0.0402355,0.0402407,0.040246,0.0402514,0.040257,0.0402628,0.0402686,0.0402747,0.0402809,0.0402872,0.0402937,0.0403003,0.040307,0.0403139,0.040321,0.0403282,0.0403355,0.040343,0.0403506,0.0403584,0.0403663,0.0403743,0.0403825,0.0403908,0.0403993,0.0404079,0.0404166,0.0404255,0.0404345,0.0404436
0.0401506,0.0401507,0.0401509,0.0401513,0.0401518,0.0401525,0.0401533,0.0401542,0.0401553,0.0401566,0.040158,0.0401595,0.0401612,0.0401631,0.0401651,0.0401672,0.0401695,0.0401719,0.0401745,0.0401773,0.0401802,0.0401832,0.0401864,0.0401898,0.0401933,0.0401969,0.0402007,0.0402047,0.0402088,0.040213,0.0402174,0.040222,0.0402267,0.0402315,0.0402365,0.0402416,0.0402469,0.0402524,0.040258,0.0402637,0.0402696,0.0402756,0.0402818,0.0402881,0.0402946,0.0403012,0.040308,0.0403149,0.0403219,0.0403291,0.0403365,0.040344,0.0403516,0.0403593,0.0403672,0.0403753,0.0403835,0.0403918,0.0404002,0.0404088,0.0404176,0.0404264,0.0404354,0.0404446
0.0401516,0.0401517,0.0401519,0.0401523,0.0401528,0.0401534,0.0401542,0.0401552,0.0401563,0.0401575,0.0401589,0.0401605,0.0401622,0.040164,0.040166,0.0401682,0.0401705,0.0401729,0.0401755,0.0401782,0.0401811,0.0401842,0.0401874,0.0401907,0.0401942,0.0401979,0.0402017,0.0402056,0.0402097,0.040214,0.0402184,0.0402229,0.0402276,0.0402325,0.0402375,0.0402426,0.0402479,0.0402533,0.0402589,0.0402647,0.0402706,0.0402766,0.0402828,0.0402891,0.0402956,0.0403022,0.0403089,0.0403158,0.0403229,0.0403301,0.0403374,0.0403449,0.0403525,0.0403603,0.0403682,0.0403762,0.0403844,0.0403927,0.0404012,0.0404098,0.0404185,0.0404274,0.0404364,0.0404455
0.0401525,0.0401526,0.0401528,0.0401532,0.0401537,0.0401544,0.0401552,0.0401561,0.0401572,0.0401585,0.0401599,0.0401614,0.0401631,0.040165,0.040167,0.0401691,0.0401714,0.0401739,0.0401764,0.0401792,0.0401821,0.0401851,0.0401883,0.0401917,0.0401952,0.0401988,0.0402026,0.0402066,0.0402107,0.0402149,0.0402193,0.0402239,0.0402286,0.0402334,0.0402384,0.0402436,0.0402488,0.0402543,0.0402599,0.0402656,0.0402715,0.0402775,0.0402837,0.0402901,0.0402965,0.0403031,0.0403099,0.0403168,0.0403239,0.0403311,0.0403384,0.0403459,0.0403535,0.0403613,0.0403692,0.0403772,0.0403854,0.0403937,0.0404022,0.0404107,0.0404195,0.0404284,0.0404373,0.0404465
0.0401535,0.0401536,0.0401538,0.0401542,0.0401547,0.0401553,0.0401561,0.0401571,0.0401582,0.0401594,0.0401608,0.0401624,0.0401641,0.0401659,0.0401679,0.0401701,0.0401724,0.0401748,0.0401774,0.0401801,0.040183,0.0401861,0.0401893,0.0401926,0.0401961,0.0401998,0.0402036,0.0402075,0.0402116,0.0402159,0.0402203,0.0402248,0.0402295,0.0402344,0.0402394,0.0402445,0.0402498,0.0402552,0.0402608,0.0402666,0.0402725,0.0402785,0.0402847,0.040291,0.0402975,0.0403041,0.0403109,0.0403178,0.0403248,0.040332,0.0403393,0.0403468,0.0403544,0.0403622,0.0403701,0.0403782,0.0403863,0.0403947,0.0404031,0.0404117,0.0404204,0.0404293,0.0404383,0.0404474
0.0401545,0.0401545,0.0401547,0.0401551,0.0401556,0.0401563,0.0401571,0.040158,0.0401591,0.0401604,0.0401618,0.0401633,0.040165,0.0401669,0.0401689,0.040171,0.0401733,0.0401758,0.0401784,0.0401811,0.040184,0.040187,0.0401902,0.0401936,0.0401971,0.0402007,0.0402045,0.0402085,0.0402126,0.0402168,0.0402212,0.0402258,0.0402305,0.0402353,0.0402403,0.0402455,0.0402508,0.0402562,0.0402618,0.0402675,0.0402734,0.0402795,0.0402856,0.040292,0.0402984,0.040305,0.0403118,0.0403187,0.0403258,0.040333,0.0403403,0.0403478,0.0403554,0.0403632,0.0403711,0.0403791,0.0403873,0.0403956,0.0404041,0.0404127,0.0404214,0.0404303,0.0404393,0.0404484
0.0401535,0.0401536,0.0401538,0.0401542,0.0401547,0.0401553,0.0401561,0.0401571,0.0401582,0.0401594,0.0401608,0.0401624,0.0401641,0.0401659,0.0401679,0.0401701,0.0401724,0.0401748,0.0401774,0.0401801,0.040183,0.0401861,0.0401893,0.0401926,0.0401961,0.0401998,0.0402036,0.0402075,0.0402116,0.0402159,0.0402203,0.0402248,0.0402295,0.0402344,0.0402394,0.0402445,0.0402498,0.0402553,0.0402608,0.0402666,0.0402725,0.0402785,0.0402847,0.040291,0.0402975,0.0403041,0.0403109,0.0403178,0.0403248,0.040332,0.0403394,0.0403468,0.0403545,0.0403622,0.0403701,0.0403782,0.0403864,0.0403947,0.0404031,0.0404117,0.0404205,0.0404293,0.0404383,0.0404475
0.0401564,0.0401564,0.0401567,0.040157,0.0401575,0.0401582,0.040159,0.0401599,0.0401611,0.0401623,0.0401637,0.0401652,0.0401669,0.0401688,0.0401708,0.0401729,0.0401752,0.0401777,0.0401803,0.040183,0.0401859,0.040189,0.0401921,0.0401955,0.040199,0.0402026,0.0402064,0.0402104,0.0402145,0.0402187,0.0402231,0.0402277,0.0402324,0.0402372,0.0402422,0.0402474,0.0402527,0.0402581,0.0402637,0.0402694,0.0402753,0.0402814,0.0402875,0.0402939,0.0403003,0.040307,0.0403137,0.0403206,0.0403277,0.0403349,0.0403422,0.0403497,0.0403573,0.0403651,0.040373,0.040381,0.0403892,0.0403975,0.040406,0.0404146,0.0404233,0.0404322,0.0404412,0.0404503
0.0401554,0.0401555,0.0401557,0.0401561,0.0401566,0.0401572,0.040158,0.040159,0.0401601,0.0401613,0.0401627,0.0401643,0.040166,0.0401678,0.0401698,0.040172,0.0401743,0.0401767,0.0401793,0.0401821,0.040185,0.040188,0.0401912,0.0401945,0.040198,0.0402017,0.0402055,0.0402094,0.0402135,0.0402178,0.0402222,0.0402267,0.0402314,0.0402363,0.0402413,0.0402464,0.0402517,0.0402572,0.0402628,0.0402685,0.0402744,0.0402804,0.0402866,0.0402929,0.0402994,0.040306,0.0403128,0.0403197,0.0403267,0.0403339,0.0403413,0.0403488,0.0403564,0.0403641,0.040372,0.0403801,0.0403883,0.0403966,0.040405,0.0404136,0.0404224,0.0404312,0.0404402,0.0404494
0.0401573,0.0401574,0.0401576,0.040158,0.0401585,0.0401591,0.0401599,0.0401609,0.040162,0.0401633,0.0401647,0.0401662,0.0401679,0.0401697,0.0401717,0.0401739,0.0401762,0.0401786,0.0401812,0.040184,0.0401869,0.0401899,0.0401931,0.0401965,0.0402,0.0402036,0.0402074,0.0402113,0.0402154,0.0402197,0.0402241,0.0402286,0.0402333,0.0402382,0.0402432,0.0402483,0.0402536,0.0402591,0.0402647,0.0402704,0.0402763,0.0402823,0.0402885,0.0402948,0.0403013,0.0403079,0.0403147,0.0403216,0.0403287,0.0403358,0.0403432,0.0403507,0.0403583,0.040366,0.0403739,0.040382,0.0403902,0.0403985,0.040407,0.0404156,0.0404243,0.0404332,0.0404422,0.0404513
0.0401583,0.0401583,0.0401586,0.0401589,0.0401594,0.0401601,0.0401609,0.0401619,0.040163,0.0401642,0.0401656,0.0401672,0.0401688,0.0401707,0.0401727,0.0401748,0.0401771,0.0401796,0.0401822,0.0401849,0.0401878,0.0401909,0.0401941,0.0401974,0.0402009,0.0402046,0.0402084,0.0402123,0.0402164,0.0402206,0.040225,0.0402296,0.0402343,0.0402391,0.0402441,0.0402493,0.0402546,0.04026,0.0402656,0.0402714,0.0402772,0.0402833,0.0402895,0.0402958,0.0403023,0.0403089,0.0403156,0.0403226,0.0403296,0.0403368,0.0403441,0.0403516,0.0403592,0.040367,0.0403749,0.040383,0.0403911,0.0403995,0.0404079,0.0404165,0.0404252,0.0404341,0.0404431,0.0404522
0.0401592,0.0401593,0.0401595,0.0401599,0.0401604,0.0401611,0.0401619,0.0401628,0.0401639,0.0401652,0.0401666,0.0401681,0.0401698,0.0401716,0.0401736,0.0401758,0.0401781,0.0401805,0.0401831,0.0401859,0.0401888,0.0401918,0.040195,0.0401984,0.0402019,0.0402055,0.0402093,0.0402133,0.0402174,0.0402216,0.040226,0.0402306,0.0402352,0.0402401,0.0402451,0.0402502,0.0402555,0.040261,0.0402666,0.0402723,0.0402782,0.0402842,0.0402904,0.0402967,0.0403032,0.0403098,0.0403166,0.0403235,0.0403306,0.0403378,0.0403451,0.0403526,0.0403602,0.040368,0.0403759,0.0403839,0.0403921,0.0404004,0.0404089,0.0404175,0.0404262,0.0404351,0.0404441,0.0404532
0.0401583,0.0401583,0.0401586,0.0401589,0.0401594,0.0401601,0.0401609,0.0401619,0.040163,0.0401642,0.0401656,0.0401672,0.0401689,0.0401707,0.0401727,0.0401748,0.0401771,0.0401796,0.0401822,0.0401849,0.0401878,0.0401909,0.0401941,0.0401974,0.0402009,0.0402046,0.0402084,0.0402123,0.0402164,0.0402207,0.0402251,0.0402296,0.0402343,0.0402392,0.0402441,0.0402493,0.0402546,0.04026,0.0402656,0.0402714,0.0402773,0.0402833,0.0402895,0.0402958,0.0403023,0.0403089,0.0403157,0.0403226,0.0403296,0.0403368,0.0403442,0.0403516,0.0403593,0.040367,0.0403749,0.040383,0.0403911,0.0403995,0.0404079,0.0404165,0.0404252,0.0404341,0.0404431,0.0404523
0.0401611,0.0401612,0.0401614,0.0401618,0.0401623,0.040163,0.0401638,0.0401647,0.0401658,0.0401671,0.0401685,0.04017,0.0401717,0.0401736,0.0401756,0.0401777,0.04018,0.0401824,0.040185,0.0401878,0.0401907,0.0401937,0.0401969,0.0402003,0.0402038,0.0402074,0.0402112,0.0402152,0.0402193,0.0402235,0.0402279,0.0402325,0.0402372,0.040242,0.040247,0.0402522,0.0402574,0.0402629,0.0402685,0.0402742,0.0402801,0.0402861,0.0402923,0.0402987,0.0403051,0.0403117,0.0403185,0.0403254,0.0403325,0.0403397,0.040347,0.0403545,0.0403621,0.0403699,0.0403778,0.0403858,0.040394,0.0404023,0.0404108,0.0404194,0.0404281,0.040437,0.040446,0.0404551
0.0401611,0.0401612,0.0401614,0.0401618,0.0401623,0.040163,0.0401638,0.0401647,0.0401658,0.0401671,0.0401685,0.04017,0.0401717,0.0401736,0.0401756,0.0401777,0.04018,0.0401824,0.040185,0.0401878,0.0401907,0.0401937,0.0401969,0.0402003,0.0402038,0.0402074,0.0402112,0.0402152,0.0402193,0.0402235,0.0402279,0.0402325,0.0402372,0.040242,0.040247,0.0402522,0.0402575,0.0402629,0.0402685,0.0402742,0.0402801,0.0402862,0.0402923,0.0402987,0.0403051,0.0403118,0.0403185,0.0403254,0.0403325,0.0403397,0.040347,0.0403545,0.0403621,0.0403699,0.0403778,0.0403858,0.040394,0.0404023,0.0404108,0.0404194,0.0404281,0.040437,0.040446,0.0404551
0.0401611,0.0401612,0.0401614,0.0401618,0.0401623,0.040163,0.0401638,0.0401647,0.0401658,0.0401671,0.0401685,0.04017,0.0401717,0.0401736,0.0401756,0.0401777,0.04018,0.0401824,0.040185,0.0401878,0.0401907,0.0401937,0.0401969,0.0402003,0.0402038,0.0402074,0.0402112,0.0402152,0.0402193,0.0402235,0.0402279,0.0402325,0.0402372,0.040242,0.040247,0.0402522,0.0402575,0.0402629,0.0402685,0.0402742,0.0402801,0.0402862,0.0402923,0.0402987,0.0403051,0.0403118,0.0403185,0.0403254,0.0403325,0.0403397,0.040347,0.0403545,0.0403621,0.0403699,0.0403778,0.0403858,0.040394,0.0404023,0.0404108,0.0404194,0.0404281,0.040437,0.040446,0.0404551
0.040163,0.0401631,0.0401633,0.0401637,0.0401642,0.0401649,0.0401657,0.0401666,0.0401677,0.040169,0.0401704,0.0401719,0.0401736,0.0401755,0.0401775,0.0401796,0.0401819,0.0401843,0.0401869,0.0401897,0.0401926,0.0401956,0.0401988,0.0402022,0.0402057,0.0402093,0.0402131,0.0402171,0.0402212,0.0402254,0.0402298,0.0402344,0.0402391,0.0402439,0.0402489,0.0402541,0.0402594,0.0402648,0.0402704,0.0402761,0.040282,0.0402881,0.0402942,0.0403006,0.040307,0.0403137,0.0403204,0.0403273,0.0403344,0.0403416,0.0403489,0.0403564,0.040364,0.0403718,0.0403797,0.0403877,0.0403959,0.0404042,0.0404127,0.0404213,0.04043,0.0404389,0.0404479,0.040457
0.040163,0.0401631,0.0401633,0.0401637,0.0401642,0.0401649,0.0401657,0.0401666,0.0401677,0.040169,0.0401704,0.0401719,0.0401736,0.0401755,0.0401775,0.0401796,0.0401819,0.0401843,0.0401869,0.0401897,0.0401926,0.0401956,0.0401988,0.0402022,0.0402057,0.0402093,0.0402131,0.0402171,0.0402212,0.0402254,0.0402298,0.0402344,0.0402391,0.0402439,0.0402489,0.0402541,0.0402594,0.0402648,0.0402704,0.0402761,0.040282,0.0402881,0.0402942,0.0403006,0.0403071,0.0403137,0.0403204,0.0403273,0.0403344,0.0403416,0.0403489,0.0403564,0.040364,0.0403718,0.0403797,0.0403878,0.0403959,0.0404043,0.0404127,0.0404213,0.0404301,0.0404389,0.0404479,0.0404571
0.040164,0.0401641,0.0401643,0.0401646,0.0401652,0.0401658,0.0401666,0.0401676,0.0401687,0.0401699,0.0401713,0.0401729,0.0401746,0.0401764,0.0401784,0.0401806,0.0401829,0.0401853,0.0401879,0.0401906,0.0401935,0.0401966,0.0401998,0.0402031,0.0402066,0.0402103,0.0402141,0.040218,0.0402221,0.0402264,0.0402308,0.0402353,0.04024,0.0402449,0.0402499,0.040255,0.0402603,0.0402658,0.0402714,0.0402771,0.040283,0.040289,0.0402952,0.0403015,0.040308,0.0403146,0.0403214,0.0403283,0.0403354,0.0403426,0.0403499,0.0403574,0.040365,0.0403728,0.0403807,0.0403887,0.0403969,0.0404052,0.0404137,0.0404223,0.040431,0.0404399,0.0404489,0.040458
0.0401649,0.040165,0.0401652,0.0401656,0.0401661,0.0401668,0.0401676,0.0401685,0.0401696,0.0401709,0.0401723,0.0401738,0.0401755,0.0401774,0.0401794,0.0401815,0.0401838,0.0401863,0.0401889,0.0401916,0.0401945,0.0401975,0.0402007,0.0402041,0.0402076,0.0402112,0.040215,0.040219,0.0402231,0.0402273,0.0402317,0.0402363,0.040241,0.0402458,0.0402508,0.040256,0.0402613,0.0402667,0.0402723,0.0402781,0.0402839,0.04029,0.0402962,0.0403025,0.040309,0.0403156,0.0403223,0.0403293,0.0403363,0.0403435,0.0403508,0.0403583,0.040366,0.0403737,0.0403816,0.0403897,0.0403978,0.0404062,0.0404146,0.0404232,0.0404319,0.0404408,0.0404498,0.040459
0.0401649,0.040165,0.0401652,0.0401656,0.0401661,0.0401668,0.0401676,0.0401685,0.0401696,0.0401709,0.0401723,0.0401738,0.0401755,0.0401774,0.0401794,0.0401815,0.0401838,0.0401863,0.0401889,0.0401916,0.0401945,0.0401975,0.0402007,0.0402041,0.0402076,0.0402112,0.040215,0.040219,0.0402231,0.0402273,0.0402317,0.0402363,0.040241,0.0402458,0.0402508,0.040256,0.0402613,0.0402667,0.0402723,0.0402781,0.0402839,0.04029,0.0402962,0.0403025,0.040309,0.0403156,0.0403224,0.0403293,0.0403363,0.0403435,0.0403509,0.0403583,0.040366,0.0403737,0.0403816,0.0403897,0.0403979,0.0404062,0.0404146,0.0404232,0.040432,0.0404408,0.0404499,0.040459
0.0401669,0.0401669,0.0401671,0.0401675,0.040168,0.0401687,0.0401695,0.0401704,0.0401715,0.0401728,0.0401742,0.0401757,0.0401774,0.0401793,0.0401813,0.0401834,0.0401857,0.0401882,0.0401908,0.0401935,0.0401964,0.0401995,0.0402026,0.040206,0.0402095,0.0402131,0.0402169,0.0402209,0.040225,0.0402292,0.0402336,0.0402382,0.0402429,0.0402477,0.0402527,0.0402579,0.0402632,0.0402686,0.0402742,0.04028,0.0402859,0.0402919,0.0402981,0.0403044,0.0403109,0.0403175,0.0403243,0.0403312,0.0403382,0.0403454,0.0403528,0.0403602,0.0403679,0.0403756,0.0403835,0.0403916,0.0403998,0.0404081,0.0404166,0.0404251,0.0404339,0.0404428,0.0404517,0.0404609
0.0401669,0.0401669,0.0401671,0.0401675,0.040168,0.0401687,0.0401695,0.0401704,0.0401715,0.0401728,0.0401742,0.0401757,0.0401774,0.0401793,0.0401813,0.0401834,0.0401857,0.0401882,0.0401908,0.0401935,0.0401964,0.0401995,0.0402026,0.040206,0.0402095,0.0402131,0.0402169,0.0402209,0.040225,0.0402292,0.0402336,0.0402382,0.0402429,0.0402477,0.0402527,0.0402579,0.0402632,0.0402686,0.0402742,0.04028,0.0402859,0.0402919,0.0402981,0.0403044,0.0403109,0.0403175,0.0403243,0.0403312,0.0403382,0.0403454,0.0403528,0.0403602,0.0403679,0.0403756,0.0403835,0.0403916,0.0403998,0.0404081,0.0404165,0.0404252,0.0404339,0.0404427,0.0404518,0.0404609
0.0401678,0.0401679,0.0401681,0.0401685,0.040169,0.0401696,0.0401704,0.0401714,0.0401725,0.0401737,0.0401751,0.0401767,0.0401784,0.0401802,0.0401822,0.0401844,0.0401867,0.0401891,0.0401917,0.0401945,0.0401974,0.0402004,0.0402036,0.040207,0.0402105,0.0402141,0.0402179,0.0402218,0.040226,0.0402302,0.0402346,0.0402392,0.0402439,0.0402487,0.0402537,0.0402588,0.0402641,0.0402696,0.0402752,0.0402809,0.0402868,0.0402928,0.040299,0.0403054,0.0403118,0.0403185,0.0403252,0.0403321,0.0403392,0.0403464,0.0403537,0.0403612,0.0403688,0.0403766,0.0403845,0.0403925,0.0404007,0.0404091,0.0404175,0.0404261,0.0404348,0.0404437,0.0404527,0.0404619
0.0401688,0.0401688,0.0401691,0.0401694,0.0401699,0.0401706,0.0401714,0.0401723,0.0401734,0.0401747,0.0401761,0.0401776,0.0401793,0.0401812,0.0401832,0.0401853,0.0401876,0.0401901,0.0401927,0.0401954,0.0401983,0.0402014,0.0402046,0.0402079,0.0402114,0.0402151,0.0402189,0.0402228,0.0402269,0.0402312,0.0402356,0.0402401,0.0402448,0.0402497,0.0402547,0.0402598,0.0402651,0.0402705,0.0402761,0.0402819,0.0402878,0.0402938,0.0403,0.0403063,0.0403128,0.0403194,0.0403262,0.0403331,0.0403401,0.0403473,0.0403547,0.0403622,0.0403698,0.0403775,0.0403855,0.0403935,0.0404017,0.04041,0.0404185,0.0404271,0.0404358,0.0404447,0.0404537,0.0404628
0.0401688,0.0401688,0.0401691,0.0401694,0.0401699,0.0401706,0.0401714,0.0401723,0.0401735,0.0401747,0.0401761,0.0401776,0.0401793,0.0401812,0.0401832,0.0401853,0.0401876,0.0401901,0.0401927,0.0401954,0.0401983,0.0402014,0.0402046,0.0402079,0.0402114,0.0402151,0.0402189,0.0402228,0.0402269,0.0402312,0.0402356,0.0402401,0.0402448,0.0402497,0.0402547,0.0402598,0.0402651,0.0402706,0.0402761,0.0402819,0.0402878,0.0402938,0.0403,0.0403063,0.0403128,0.0403194,0.0403262,0.0403331,0.0403401,0.0403473,0.0403547,0.0403622,0.0403698,0.0403776,0.0403855,0.0403935,0.0404017,0.04041,0.0404185,0.0404271,0.0404358,0.0404447,0.0404537,0.0404628
0.0401697,0.0401698,0.04017,0.0401704,0.0401709,0.0401715,0.0401723,0.0401733,0.0401744,0.0401757,0.0401771,0.0401786,0.0401803,0.0401821,0.0401841,0.0401863,0.0401886,0.040191,0.0401936,0.0401964,0.0401993,0.0402023,0.0402055,0.0402089,0.0402124,0.040216,0.0402198,0.0402238,0.0402279,0.0402321,0.0402365,0.0402411,0.0402458,0.0402506,0.0402556,0.0402608,0.0402661,0.0402715,0.0402771,0.0402828,0.0402887,0.0402948,0.0403009,0.0403073,0.0403138,0.0403204,0.0403271,0.0403341,0.0403411,0.0403483,0.0403556,0.0403631,0.0403707,0.0403785,0.0403864,0.0403945,0.0404026,0.040411,0.0404194,0.040428,0.0404368,0.0404456,0.0404546,0.0404638
0.0401716,0.0401717,0.0401719,0.0401723,0.0401728,0.0401734,0.0401743,0.0401752,0.0401763,0.0401776,0.040179,0.0401805,0.0401822,0.0401841,0.040186,0.0401882,0.0401905,0.0401929,0.0401955,0.0401983,0.0402012,0.0402042,0.0402074,0.0402108,0.0402143,0.0402179,0.0402217,0.0402257,0.0402298,0.040234,0.0402384,0.040243,0.0402477,0.0402525,0.0402575,0.0402627,0.040268,0.0402734,0.040279,0.0402847,0.0402906,0.0402967,0.0403029,0.0403092,0.0403157,0.0403223,0.040329,0.040336,0.040343,0.0403502,0.0403575,0.040365,0.0403727,0.0403804,0.0403883,0.0403964,0.0404046,0.0404129,0.0404213,0.0404299,0.0404387,0.0404475,0.0404566,0.0404657
0.0401707,0.0401707,0.040171,0.0401713,0.0401718,0.0401725,0.0401733,0.0401743,0.0401754,0.0401766,0.040178,0.0401796,0.0401813,0.0401831,0.0401851,0.0401872,0.0401895,0.040192,0.0401946,0.0401973,0.0402002,0.0402033,0.0402065,0.0402098,0.0402133,0.040217,0.0402208,0.0402247,0.0402288,0.0402331,0.0402375,0.040242,0.0402467,0.0402516,0.0402566,0.0402617,0.040267,0.0402725,0.0402781,0.0402838,0.0402897,0.0402957,0.0403019,0.0403082,0.0403147,0.0403213,0.0403281,0.040335,0.0403421,0.0403493,0.0403566,0.0403641,0.0403717,0.0403795,0.0403874,0.0403954,0.0404036,0.040412,0.0404204,0.040429,0.0404377,0.0404466,0.0404556,0.0404647
0.0401726,0.0401726,0.0401729,0.0401732,0.0401737,0.0401744,0.0401752,0.0401762,0.0401773,0.0401785,0.0401799,0.0401815,0.0401832,0.040185,0.040187,0.0401891,0.0401914,0.0401939,0.0401965,0.0401992,0.0402021,0.0402052,0.0402084,0.0402117,0.0402152,0.0402189,0.0402227,0.0402266,0.0402307,0.040235,0.0402394,0.0402439,0.0402486,0.0402535,0.0402585,0.0402636,0.0402689,0.0402744,0.04028,0.0402857,0.0402916,0.0402976,0.0403038,0.0403101,0.0403166,0.0403232,0.04033,0.0403369,0.040344,0.0403512,0.0403585,0.040366,0.0403736,0.0403814,0.0403893,0.0403973,0.0404055,0.0404138,0.0404223,0.0404309,0.0404396,0.0404485,0.0404575,0.0404667
0.0401735,0.0401736,0.0401738,0.0401742,0.0401747,0.0401754,0.0401762,0.0401771,0.0401782,0.0401795,0.0401809,0.0401824,0.0401841,0.040186,0.040188,0.0401901,0.0401924,0.0401948,0.0401974,0.0402002,0.0402031,0.0402061,0.0402093,0.0402127,0.0402162,0.0402198,0.0402236,0.0402276,0.0402317,0.0402359,0.0402403,0.0402449,0.0402496,0.0402544,0.0402594,0.0402646,0.0402699,0.0402753,0.0402809,0.0402867,0.0402925,0.0402986,0.0403048,0.0403111,0.0403176,0.0403242,0.040331,0.0403379,0.0403449,0.0403521,0.0403595,0.0403669,0.0403746,0.0403823,0.0403902,0.0403983,0.0404065,0.0404148,0.0404233,0.0404319,0.0404406,0.0404495,0.0404585,0.0404676
0.0401726,0.0401726,0.0401729,0.0401732,0.0401737,0.0401744,0.0401752,0.0401762,0.0401773,0.0401785,0.0401799,0.0401815,0.0401832,0.040185,0.040187,0.0401891,0.0401914,0.0401939,0.0401965,0.0401992,0.0402021,0.0402052,0.0402084,0.0402117,0.0402152,0.0402189,0.0402227,0.0402266,0.0402307,0.040235,0.0402394,0.0402439,0.0402486,0.0402535,0.0402585,0.0402636,0.0402689,0.0402744,0.04028,0.0402857,0.0402916,0.0402976,0.0403038,0.0403102,0.0403166,0.0403233,0.04033,0.0403369,0.040344,0.0403512,0.0403585,0.040366,0.0403736,0.0403814,0.0403893,0.0403974,0.0404055,0.0404139,0.0404223,0.0404309,0.0404397,0.0404485,0.0404575,0.0404667
0.0401745,0.0401746,0.0401748,0.0401751,0.0401757,0.0401763,0.0401771,0.0401781,0.0401792,0.0401804,0.0401818,0.0401834,0.0401851,0.0401869,0.0401889,0.0401911,0.0401934,0.0401958,0.0401984,0.0402011,0.040204,0.0402071,0.0402103,0.0402136,0.0402171,0.0402208,0.0402246,0.0402285,0.0402326,0.0402369,0.0402413,0.0402458,0.0402505,0.0402554,0.0402604,0.0402655,0.0402708,0.0402763,0.0402819,0.0402876,0.0402935,0.0402995,0.0403057,0.0403121,0.0403185,0.0403252,0.0403319,0.0403388,0.0403459,0.0403531,0.0403604,0.0403679,0.0403755,0.0403833,0.0403912,0.0403993,0.0404075,0.0404158,0.0404242,0.0404328,0.0404416,0.0404504,0.0404594,0.0404686
0.0401754,0.0401755,0.0401757,0.0401761,0.0401766,0.0401773,0.0401781,0.040179,0.0401801,0.0401814,0.0401828,0.0401843,0.040186,0.0401879,0.0401899,0.040192,0.0401943,0.0401968,0.0401993,0.0402021,0.040205,0.040208,0.0402112,0.0402146,0.0402181,0.0402217,0.0402255,0.0402295,0.0402336,0.0402378,0.0402422,0.0402468,0.0402515,0.0402563,0.0402613,0.0402665,0.0402718,0.0402772,0.0402828,0.0402886,0.0402945,0.0403005,0.0403067,0.040313,0.0403195,0.0403261,0.0403329,0.0403398,0.0403468,0.040354,0.0403614,0.0403689,0.0403765,0.0403843,0.0403922,0.0404002,0.0404084,0.0404167,0.0404252,0.0404338,0.0404425,0.0404514,0.0404604,0.0404695
0.0401754,0.0401755,0.0401757,0.0401761,0.0401766,0.0401773,0.0401781,0.040179,0.0401801,0.0401814,0.0401828,0.0401843,0.040186,0.0401879,0.0401899,0.040192,0.0401943,0.0401968,0.0401994,0.0402021,0.040205,0.040208,0.0402112,0.0402146,0.0402181,0.0402217,0.0402255,0.0402295,0.0402336,0.0402378,0.0402422,0.0402468,0.0402515,0.0402563,0.0402613,0.0402665,0.0402718,0.0402772,0.0402828,0.0402886,0.0402945,0.0403005,0.0403067,0.040313,0.0403195,0.0403261,0.0403329,0.0403398,0.0403468,0.040354,0.0403614,0.0403689,0.0403765,0.0403843,0.0403922,0.0404002,0.0404084,0.0404167,0.0404252,0.0404338,0.0404425,0.0404514,0.0404604,0.0404695
0.0401764,0.0401765,0.0401767,0.040177,0.0401776,0.0401782,0.040179,0.04018,0.0401811,0.0401823,0.0401837,0.0401853,0.040187,0.0401888,0.0401908,0.040193,0.0401953,0.0401977,0.0402003,0.0402031,0.0402059,0.040209,0.0402122,0.0402155,0.040219,0.0402227,0.0402265,0.0402304,0.0402345,0.0402388,0.0402432,0.0402478,0.0402525,0.0402573,0.0402623,0.0402675,0.0402728,0.0402782,0.0402838,0.0402895,0.0402954,0.0403015,0.0403076,0.040314,0.0403205,0.0403271,0.0403338,0.0403407,0.0403478,0.040355,0.0403623,0.0403698,0.0403775,0.0403852,0.0403931,0.0404012,0.0404094,0.0404177,0.0404261,0.0404348,0.0404435,0.0404524,0.0404614,0.0404705
0.0401773,0.0401774,0.0401776,0.040178,0.0401785,0.0401792,0.04018,0.0401809,0.040182,0.0401833,0.0401847,0.0401862,0.0401879,0.0401898,0.0401918,0.0401939,0.0401962,0.0401987,0.0402013,0.040204,0.0402069,0.04021,0.0402131,0.0402165,0.04022,0.0402236,0.0402275,0.0402314,0.0402355,0.0402398,0.0402442,0.0402487,0.0402534,0.0402583,0.0402633,0.0402684,0.0402737,0.0402792,0.0402847,0.0402905,0.0402964,0.0403024,0.0403086,0.0403149,0.0403214,0.040328,0.0403348,0.0403417,0.0403488,0.040356,0.0403633,0.0403708,0.0403784,0.0403862,0.0403941,0.0404021,0.0404103,0.0404186,0.0404271,0.0404357,0.0404444,0.0404533,0.0404623,0.0404715
0.0401783,0.0401784,0.0401786,0.040179,0.0401795,0.0401801,0.0401809,0.0401819,0.040183,0.0401842,0.0401856,0.0401872,0.0401889,0.0401907,0.0401927,0.0401949,0.0401972,0.0401996,0.0402022,0.040205,0.0402079,0.0402109,0.0402141,0.0402175,0.040221,0.0402246,0.0402284,0.0402324,0.0402365,0.0402407,0.0402451,0.0402497,0.0402544,0.0402592,0.0402642,0.0402694,0.0402747,0.0402801,0.0402857,0.0402914,0.0402973,0.0403034,0.0403096,0.0403159,0.0403224,0.040329,0.0403358,0.0403427,0.0403497,0.0403569,0.0403643,0.0403717,0.0403794,0.0403871,0.040395,0.0404031,0.0404113,0.0404196,0.0404281,0.0404367,0.0404454,0.0404543,0.0404633,0.0404724
0.0401773,0.0401774,0.0401776,0.040178,0.0401785,0.0401792,0.04018,0.0401809,0.040182,0.0401833,0.0401847,0.0401862,0.0401879,0.0401898,0.0401918,0.0401939,0.0401962,0.0401987,0.0402013,0.040204,0.0402069,0.04021,0.0402132,0.0402165,0.04022,0.0402237,0.0402275,0.0402314,0.0402355,0.0402398,0.0402442,0.0402487,0.0402534,0.0402583,0.0402633,0.0402684,0.0402737,0.0402792,0.0402848,0.0402905,0.0402964,0.0403024,0.0403086,0.0403149,0.0403214,0.040328,0.0403348,0.0403417,0.0403488,0.040356,0.0403633,0.0403708,0.0403784,0.0403862,0.0403941,0.0404021,0.0404103,0.0404187,0.0404271,0.0404357,0.0404445,0.0404533,0.0404623,0.0404715
0.0401802,0.0401803,0.0401805,0.0401809,0.0401814,0.040182,0.0401828,0.0401838,0.0401849,0.0401861,0.0401875,0.0401891,0.0401908,0.0401926,0.0401946,0.0401968,0.0401991,0.0402015,0.0402041,0.0402069,0.0402098,0.0402128,0.040216,0.0402194,0.0402229,0.0402265,0.0402303,0.0402343,0.0402384,0.0402426,0.040247,0.0402516,0.0402563,0.0402611,0.0402661,0.0402713,0.0402766,0.040282,0.0402876,0.0402934,0.0402992,0.0403053,0.0403115,0.0403178,0.0403243,0.0403309,0.0403377,0.0403446,0.0403516,0.0403588,0.0403662,0.0403737,0.0403813,0.040389,0.0403969,0.040405,0.0404132,0.0404215,0.04043,0.0404386,0.0404473,0.0404562,0.0404652,0.0404743
0.0401802,0.0401803,0.0401805,0.0401809,0.0401814,0.040182,0.0401828,0.0401838,0.0401849,0.0401861,0.0401875,0.0401891,0.0401908,0.0401926,0.0401946,0.0401968,0.0401991,0.0402015,0.0402041,0.0402069,0.0402098,0.0402128,0.040216,0.0402194,0.0402229,0.0402265,0.0402303,0.0402343,0.0402384,0.0402426,0.040247,0.0402516,0.0402563,0.0402611,0.0402661,0.0402713,0.0402766,0.040282,0.0402876,0.0402934,0.0402992,0.0403053,0.0403115,0.0403178,0.0403243,0.0403309,0.0403377,0.0403446,0.0403516,0.0403588,0.0403662,0.0403737,0.0403813,0.040389,0.040397,0.040405,0.0404132,0.0404215,0.04043,0.0404386,0.0404473,0.0404562,0.0404652,0.0404743
0.0401802,0.0401803,0.0401805,0.0401809,0.0401814,0.040182,0.0401828,0.0401838,0.0401849,0.0401861,0.0401875,0.0401891,0.0401908,0.0401926,0.0401946,0.0401968,0.0401991,0.0402015,0.0402041,0.0402069,0.0402098,0.0402128,0.040216,0.0402194,0.0402229,0.0402265,0.0402303,0.0402343,0.0402384,0.0402426,0.040247,0.0402516,0.0402563,0.0402611,0.0402661,0.0402713,0.0402766,0.040282,0.0402876,0.0402934,0.0402993,0.0403053,0.0403115,0.0403178,0.0403243,0.0403309,0.0403377,0.0403446,0.0403516,0.0403588,0.0403662,0.0403737,0.0403813,0.0403891,0.040397,0.040405,0.0404132,0.0404215,0.04043,0.0404386,0.0404473,0.0404562,0.0404652,0.0404744
0.0401812,0.0401812,0.0401815,0.0401818,0.0401823,0.040183,0.0401838,0.0401847,0.0401858,0.0401871,0.0401885,0.04019,0.0401917,0.0401936,0.0401956,0.0401977,0.0402,0.0402025,0.0402051,0.0402078,0.0402107,0.0402138,0.040217,0.0402203,0.0402238,0.0402275,0.0402313,0.0402352,0.0402393,0.0402436,0.040248,0.0402525,0.0402572,0.0402621,0.0402671,0.0402722,0.0402775,0.040283,0.0402886,0.0402943,0.0403002,0.0403062,0.0403124,0.0403188,0.0403252,0.0403319,0.0403386,0.0403455,0.0403526,0.0403598,0.0403671,0.0403746,0.0403822,0.04039,0.0403979,0.040406,0.0404142,0.0404225,0.0404309,0.0404396,0.0404483,0.0404572,0.0404662,0.0404753
0.0401821,0.0401822,0.0401824,0.0401828,0.0401833,0.0401839,0.0401847,0.0401857,0.0401868,0.0401881,0.0401895,0.040191,0.0401927,0.0401945,0.0401965,0.0401987,0.040201,0.0402034,0.040206,0.0402088,0.0402117,0.0402147,0.0402179,0.0402213,0.0402248,0.0402284,0.0402322,0.0402362,0.0402403,0.0402445,0.0402489,0.0402535,0.0402582,0.040263,0.040268,0.0402732,0.0402785,0.0402839,0.0402895,0.0402953,0.0403012,0.0403072,0.0403134,0.0403197,0.0403262,0.0403328,0.0403396,0.0403465,0.0403535,0.0403608,0.0403681,0.0403756,0.0403832,0.040391,0.0403989,0.0404069,0.0404151,0.0404234,0.0404319,0.0404405,0.0404492,0.0404581,0.0404671,0.0404763
0.0401821,0.0401822,0.0401824,0.0401828,0.0401833,0.0401839,0.0401847,0.0401857,0.0401868,0.0401881,0.0401895,0.040191,0.0401927,0.0401945,0.0401965,0.0401987,0.040201,0.0402034,0.040206,0.0402088,0.0402117,0.0402147,0.0402179,0.0402213,0.0402248,0.0402284,0.0402322,0.0402362,0.0402403,0.0402445,0.0402489,0.0402535,0.0402582,0.040263,0.040268,0.0402732,0.0402785,0.0402839,0.0402895,0.0402953,0.0403012,0.0403072,0.0403134,0.0403197,0.0403262,0.0403328,0.0403396,0.0403465,0.0403536,0.0403608,0.0403681,0.0403756,0.0403832,0.040391,0.0403989,0.0404069,0.0404151,0.0404235,0.0404319,0.0404405,0.0404492,0.0404581,0.0404671,0.0404763
0.040184,0.0401841,0.0401843,0.0401847,0.0401852,0.0401858,0.0401867,0.0401876,0.0401887,0.04019,0.0401914,0.0401929,0.0401946,0.0401965,0.0401985,0.0402006,0.0402029,0.0402053,0.0402079,0.0402107,0.0402136,0.0402166,0.0402198,0.0402232,0.0402267,0.0402303,0.0402341,0.0402381,0.0402422,0.0402464,0.0402508,0.0402554,0.0402601,0.0402649,0.0402699,0.0402751,0.0402804,0.0402858,0.0402914,0.0402972,0.0403031,0.0403091,0.0403153,0.0403216,0.0403281,0.0403347,0.0403415,0.0403484,0.0403555,0.0403627,0.04037,0.0403775,0.0403851,0.0403929,0.0404008,0.0404089,0.040417,0.0404254,0.0404338,0.0404424,0.0404512,0.04046,0.040469,0.0404782
0.040184,0.0401841,0.0401843,0.0401847,0.0401852,0.0401858,0.0401867,0.0401876,0.0401887,0.04019,0.0401914,0.0401929,0.0401946,0.0401965,0.0401985,0.0402006,0.0402029,0.0402053,0.0402079,0.0402107,0.0402136,0.0402166,0.0402198,0.0402232,0.0402267,0.0402303,0.0402341,0.0402381,0.0402422,0.0402464,0.0402508,0.0402554,0.0402601,0.0402649,0.04027,0.0402751,0.0402804,0.0402858,0.0402914,0.0402972,0.0403031,0.0403091,0.0403153,0.0403216,0.0403281,0.0403347,0.0403415,0.0403484,0.0403555,0.0403627,0.04037,0.0403775,0.0403851,0.0403929,0.0404008,0.0404088,0.040417,0.0404254,0.0404338,0.0404424,0.0404512,0.04046,0.040469,0.0404782
0.040184,0.0401841,0.0401843,0.0401847,0.0401852,0.0401858,0.0401867,0.0401876,0.0401887,0.04019,0.0401914,0.0401929,0.0401946,0.0401965,0.0401985,0.0402006,0.0402029,0.0402053,0.0402079,0.0402107,0.0402136,0.0402166,0.0402198,0.0402232,0.0402267,0.0402303,0.0402341,0.0402381,0.0402422,0.0402464,0.0402508,0.0402554,0.0402601,0.040265,0.04027,0.0402751,0.0402804,0.0402858,0.0402914,0.0402972,0.0403031,0.0403091,0.0403153,0.0403216,0.0403281,0.0403347,0.0403415,0.0403484,0.0403555,0.0403627,0.04037,0.0403775,0.0403851,0.0403929,0.0404008,0.0404089,0.040417,0.0404254,0.0404338,0.0404424,0.0404512,0.0404601,0.0404691,0.0404782
0.0401859,0.040186,0.0401862,0.0401866,0.0401871,0.0401878,0.0401886,0.0401895,0.0401906,0.0401919,0.0401933,0.0401948,0.0401965,0.0401984,0.0402004,0.0402025,0.0402048,0.0402072,0.0402098,0.0402126,0.0402155,0.0402185,0.0402217,0.0402251,0.0402286,0.0402322,0.040236,0.04024,0.0402441,0.0402483,0.0402528,0.0402573,0.040262,0.0402669,0.0402719,0.040277,0.0402823,0.0402878,0.0402933,0.0402991,0.040305,0.040311,0.0403172,0.0403235,0.04033,0.0403366,0.0403434,0.0403503,0.0403574,0.0403646,0.0403719,0.0403794,0.040387,0.0403948,0.0404027,0.0404107,0.0404189,0.0404273,0.0404357,0.0404443,0.0404531,0.0404619,0.040471,0.0404801
0.0401869,0.040187,0.0401872,0.0401875,0.0401881,0.0401887,0.0401895,0.0401905,0.0401916,0.0401928,0.0401942,0.0401958,0.0401975,0.0401993,0.0402013,0.0402035,0.0402058,0.0402082,0.0402108,0.0402135,0.0402164,0.0402195,0.0402227,0.040226,0.0402295,0.0402332,0.040237,0.0402409,0.040245,0.0402493,0.0402537,0.0402583,0.040263,0.0402678,0.0402728,0.040278,0.0402833,0.0402887,0.0402943,0.0403,0.0403059,0.040312,0.0403182,0.0403245,0.040331,0.0403376,0.0403444,0.0403513,0.0403583,0.0403655,0.0403729,0.0403804,0.040388,0.0403958,0.0404037,0.0404117,0.0404199,0.0404282,0.0404367,0.0404453,0.040454,0.0404629,0.0404719,0.0404811
0.0401859,0.040186,0.0401862,0.0401866,0.0401871,0.0401878,0.0401886,0.0401895,0.0401906,0.0401919,0.0401933,0.0401948,0.0401965,0.0401984,0.0402004,0.0402025,0.0402048,0.0402073,0.0402098,0.0402126,0.0402155,0.0402185,0.0402217,0.0402251,0.0402286,0.0402322,0.040236,0.04024,0.0402441,0.0402484,0.0402528,0.0402573,0.040262,0.0402669,0.0402719,0.040277,0.0402823,0.0402878,0.0402934,0.0402991,0.040305,0.040311,0.0403172,0.0403235,0.04033,0.0403366,0.0403434,0.0403503,0.0403574,0.0403646,0.0403719,0.0403794,0.040387,0.0403948,0.0404027,0.0404108,0.040419,0.0404273,0.0404357,0.0404443,0.0404531,0.040462,0.040471,0.0404801
0.0401878,0.0401879,0.0401881,0.0401885,0.040189,0.0401897,0.0401905,0.0401914,0.0401925,0.0401938,0.0401952,0.0401967,0.0401984,0.0402003,0.0402023,0.0402044,0.0402067,0.0402092,0.0402118,0.0402145,0.0402174,0.0402204,0.0402236,0.040227,0.0402305,0.0402341,0.040238,0.0402419,0.040246,0.0402503,0.0402547,0.0402592,0.0402639,0.0402688,0.0402738,0.0402789,0.0402842,0.0402897,0.0402953,0.040301,0.0403069,0.0403129,0.0403191,0.0403255,0.0403319,0.0403386,0.0403453,0.0403522,0.0403593,0.0403665,0.0403738,0.0403813,0.040389,0.0403967,0.0404046,0.0404127,0.0404209,0.0404292,0.0404377,0.0404463,0.040455,0.0404639,0.0404729,0.040482
0.0401878,0.0401879,0.0401881,0.0401885,0.040189,0.0401897,0.0401905,0.0401914,0.0401925,0.0401938,0.0401952,0.0401967,0.0401984,0.0402003,0.0402023,0.0402044,0.0402067,0.0402092,0.0402118,0.0402145,0.0402174,0.0402204,0.0402236,0.040227,0.0402305,0.0402342,0.040238,0.0402419,0.040246,0.0402503,0.0402547,0.0402592,0.0402639,0.0402688,0.0402738,0.0402789,0.0402842,0.0402897,0.0402953,0.040301,0.0403069,0.0403129,0.0403191,0.0403255,0.0403319,0.0403386,0.0403453,0.0403522,0.0403593,0.0403665,0.0403738,0.0403813,0.040389,0.0403967,0.0404046,0.0404127,0.0404209,0.0404292,0.0404377,0.0404463,0.040455,0.0404639,0.0404729,0.040482
0.0401888,0.0401889,0.0401891,0.0401894,0.04019,0.0401906,0.0401914,0.0401924,0.0401935,0.0401947,0.0401961,0.0401977,0.0401994,0.0402012,0.0402032,0.0402054,0.0402077,0.0402101,0.0402127,0.0402155,0.0402184,0.0402214,0.0402246,0.040228,0.0402315,0.0402351,0.0402389,0.0402429,0.040247,0.0402512,0.0402556,0.0402602,0.0402649,0.0402697,0.0402747,0.0402799,0.0402852,0.0402906,0.0402962,0.040302,0.0403079,0.0403139,0.0403201,0.0403264,0.0403329,0.0403395,0.0403463,0.0403532,0.0403603,0.0403675,0.0403748,0.0403823,0.0403899,0.0403977,0.0404056,0.0404136,0.0404218,0.0404301,0.0404386,0.0404472,0.040456,0.0404648,0.0404738,0.040483
0.0401888,0.0401889,0.0401891,0.0401894,0.04019,0.0401906,0.0401914,0.0401924,0.0401935,0.0401947,0.0401961,0.0401977,0.0401994,0.0402012,0.0402032,0.0402054,0.0402077,0.0402101,0.0402127,0.0402155,0.0402184,0.0402214,0.0402246,0.040228,0.0402315,0.0402351,0.0402389,0.0402429,0.040247,0.0402512,0.0402556,0.0402602,0.0402649,0.0402697,0.0402747,0.0402799,0.0402852,0.0402906,0.0402962,0.040302,0.0403079,0.0403139,0.0403201,0.0403264,0.0403329,0.0403395,0.0403463,0.0403532,0.0403603,0.0403675,0.0403748,0.0403823,0.0403899,0.0403977,0.0404056,0.0404136,0.0404218,0.0404302,0.0404386,0.0404472,0.040456,0.0404649,0.0404739,0.040483
0.0401907,0.0401908,0.040191,0.0401914,0.0401919,0.0401925,0.0401933,0.0401943,0.0401954,0.0401966,0.040198,0.0401996,0.0402013,0.0402031,0.0402051,0.0402073,0.0402096,0.040212,0.0402146,0.0402174,0.0402203,0.0402233,0.0402265,0.0402299,0.0402334,0.040237,0.0402408,0.0402448,0.0402489,0.0402531,0.0402575,0.0402621,0.0402668,0.0402716,0.0402766,0.0402818,0.0402871,0.0402925,0.0402981,0.0403039,0.0403098,0.0403158,0.040322,0.0403283,0.0403348,0.0403414,0.0403482,0.0403551,0.0403622,0.0403694,0.0403767,0.0403842,0.0403918,0.0403996,0.0404075,0.0404156,0.0404237,0.0404321,0.0404405,0.0404491,0.0404579,0.0404667,0.0404758,0.0404849
0.0401897,0.0401898,0.04019,0.0401904,0.0401909,0.0401916,0.0401924,0.0401933,0.0401944,0.0401957,0.0401971,0.0401986,0.0402003,0.0402022,0.0402042,0.0402063,0.0402086,0.0402111,0.0402137,0.0402164,0.0402193,0.0402224,0.0402256,0.0402289,0.0402324,0.0402361,0.0402399,0.0402438,0.0402479,0.0402522,0.0402566,0.0402611,0.0402658,0.0402707,0.0402757,0.0402808,0.0402861,0.0402916,0.0402972,0.0403029,0.0403088,0.0403149,0.040321,0.0403274,0.0403339,0.0403405,0.0403472,0.0403542,0.0403612,0.0403684,0.0403758,0.0403832,0.0403909,0.0403987,0.0404066,0.0404146,0.0404228,0.0404311,0.0404396,0.0404482,0.0404569,0.0404658,0.0404748,0.040484
0.0401917,0.0401917,0.0401919,0.0401923,0.0401928,0.0401935,0.0401943,0.0401952,0.0401963,0.0401976,0.040199,0.0402005,0.0402022,0.0402041,0.0402061,0.0402082,0.0402105,0.040213,0.0402156,0.0402183,0.0402212,0.0402243,0.0402275,0.0402308,0.0402343,0.040238,0.0402418,0.0402457,0.0402498,0.0402541,0.0402585,0.040263,0.0402677,0.0402726,0.0402776,0.0402827,0.040288,0.0402935,0.0402991,0.0403048,0.0403107,0.0403168,0.040323,0.0403293,0.0403358,0.0403424,0.0403492,0.0403561,0.0403631,0.0403703,0.0403777,0.0403852,0.0403928,0.0404006,0.0404085,0.0404165,0.0404247,0.040433,0.0404415,0.0404501,0.0404588,0.0404677,0.0404767,0.0404859
0.0401926,0.0401927,0.0401929,0.0401933,0.0401938,0.0401944,0.0401952,0.0401962,0.0401973,0.0401985,0.0401999,0.0402015,0.0402032,0.040205,0.040207,0.0402092,0.0402115,0.0402139,0.0402165,0.0402193,0.0402222,0.0402252,0.0402284,0.0402318,0.0402353,0.0402389,0.0402427,0.0402467,0.0402508,0.040255,0.0402594,0.040264,0.0402687,0.0402735,0.0402785,0.0402837,0.040289,0.0402944,0.0403,0.0403058,0.0403117,0.0403177,0.0403239,0.0403302,0.0403367,0.0403433,0.0403501,0.040357,0.0403641,0.0403713,0.0403786,0.0403861,0.0403937,0.0404015,0.0404094,0.0404175,0.0404257,0.040434,0.0404425,0.0404511,0.0404598,0.0404687,0.0404777,0.0404868
0.0401917,0.0401917,0.0401919,0.0401923,0.0401928,0.0401935,0.0401943,0.0401952,0.0401963,0.0401976,0.040199,0.0402005,0.0402022,0.0402041,0.0402061,0.0402082,0.0402105,0.040213,0.0402156,0.0402183,0.0402212,0.0402243,0.0402275,0.0402308,0.0402343,0.040238,0.0402418,0.0402457,0.0402498,0.0402541,0.0402585,0.040263,0.0402677,0.0402726,0.0402776,0.0402827,0.040288,0.0402935,0.0402991,0.0403048,0.0403107,0.0403168,0.040323,0.0403293,0.0403358,0.0403424,0.0403492,0.0403561,0.0403631,0.0403703,0.0403777,0.0403852,0.0403928,0.0404006,0.0404085,0.0404165,0.0404247,0.040433,0.0404415,0.0404501,0.0404589,0.0404677,0.0404767,0.0404859
0.0401926,0.0401927,0.0401929,0.0401933,0.0401938,0.0401944,0.0401952,0.0401962,0.0401973,0.0401985,0.0401999,0.0402015,0.0402032,0.040205,0.040207,0.0402092,0.0402115,0.0402139,0.0402165,0.0402193,0.0402222,0.0402252,0.0402284,0.0402318,0.0402353,0.0402389,0.0402427,0.0402467,0.0402508,0.040255,0.0402594,0.040264,0.0402687,0.0402735,0.0402786,0.0402837,0.040289,0.0402945,0.0403,0.0403058,0.0403117,0.0403177,0.0403239,0.0403302,0.0403367,0.0403433,0.0403501,0.040357,0.0403641,0.0403713,0.0403786,0.0403861,0.0403937,0.0404015,0.0404094,0.0404175,0.0404257,0.040434,0.0404425,0.0404511,0.0404598,0.0404687,0.0404777,0.0404868
0.0401945,0.0401946,0.0401948,0.0401952,0.0401957,0.0401963,0.0401971,0.0401981,0.0401992,0.0402005,0.0402019,0.0402034,0.0402051,0.0402069,0.0402089,0.0402111,0.0402134,0.0402158,0.0402184,0.0402212,0.0402241,0.0402271,0.0402303,0.0402337,0.0402372,0.0402408,0.0402446,0.0402486,0.0402527,0.0402569,0.0402613,0.0402659,0.0402706,0.0402755,0.0402805,0.0402856,0.0402909,0.0402964,0.040302,0.0403077,0.0403136,0.0403196,0.0403258,0.0403322,0.0403386,0.0403453,0.040352,0.0403589,0.040366,0.0403732,0.0403805,0.040388,0.0403957,0.0404034,0.0404113,0.0404194,0.0404276,0.0404359,0.0404444,0.040453,0.0404617,0.0404706,0.0404796,0.0404887
0.0401945,0.0401946,0.0401948,0.0401952,0.0401957,0.0401963,0.0401971,0.0401981,0.0401992,0.0402005,0.0402019,0.0402034,0.0402051,0.0402069,0.0402089,0.0402111,0.0402134,0.0402158,0.0402184,0.0402212,0.0402241,0.0402271,0.0402303,0.0402337,0.0402372,0.0402408,0.0402446,0.0402486,0.0402527,0.0402569,0.0402614,0.0402659,0.0402706,0.0402755,0.0402805,0.0402856,0.0402909,0.0402964,0.040302,0.0403077,0.0403136,0.0403196,0.0403258,0.0403322,0.0403386,0.0403453,0.040352,0.0403589,0.040366,0.0403732,0.0403805,0.040388,0.0403957,0.0404034,0.0404113,0.0404194,0.0404276,0.0404359,0.0404444,0.040453,0.0404617,0.0404706,0.0404796,0.0404888
0.0401955,0.0401955,0.0401958,0.0401961,0.0401966,0.0401973,0.0401981,0.0401991,0.0402002,0.0402014,0.0402028,0.0402044,0.0402061,0.0402079,0.0402099,0.040212,0.0402143,0.0402168,0.0402194,0.0402221,0.040225,0.0402281,0.0402313,0.0402346,0.0402381,0.0402418,0.0402456,0.0402495,0.0402536,0.0402579,0.0402623,0.0402669,0.0402716,0.0402764,0.0402814,0.0402866,0.0402919,0.0402973,0.0403029,0.0403087,0.0403145,0.0403206,0.0403268,0.0403331,0.0403396,0.0403462,0.040353,0.0403599,0.0403669,0.0403742,0.0403815,0.040389,0.0403966,0.0404044,0.0404123,0.0404203,0.0404285,0.0404369,0.0404453,0.0404539,0.0404627,0.0404716,0.0404806,0.0404897
0.0401945,0.0401946,0.0401948,0.0401952,0.0401957,0.0401963,0.0401971,0.0401981,0.0401992,0.0402005,0.0402019,0.0402034,0.0402051,0.0402069,0.0402089,0.0402111,0.0402134,0.0402158,0.0402184,0.0402212,0.0402241,0.0402271,0.0402303,0.0402337,0.0402372,0.0402408,0.0402446,0.0402486,0.0402527,0.0402569,0.0402614,0.0402659,0.0402706,0.0402755,0.0402805,0.0402856,0.0402909,0.0402964,0.040302,0.0403077,0.0403136,0.0403196,0.0403258,0.0403322,0.0403386,0.0403453,0.040352,0.040359,0.040366,0.0403732,0.0403806,0.0403881,0.0403957,0.0404034,0.0404114,0.0404194,0.0404276,0.0404359,0.0404444,0.040453,0.0404617,0.0404706,0.0404796,0.0404888
0.0401974,0.0401974,0.0401977,0.040198,0.0401985,0.0401992,0.0402,0.040201,0.0402021,0.0402033,0.0402047,0.0402063,0.040208,0.0402098,0.0402118,0.040214,0.0402163,0.0402187,0.0402213,0.040224,0.0402269,0.04023,0.0402332,0.0402365,0.04024,0.0402437,0.0402475,0.0402515,0.0402556,0.0402598,0.0402642,0.0402688,0.0402735,0.0402783,0.0402833,0.0402885,0.0402938,0.0402992,0.0403048,0.0403106,0.0403165,0.0403225,0.0403287,0.040335,0.0403415,0.0403481,0.0403549,0.0403618,0.0403689,0.0403761,0.0403834,0.0403909,0.0403985,0.0404063,0.0404142,0.0404223,0.0404304,0.0404388,0.0404472,0.0404558,0.0404646,0.0404735,0.0404825,0.0404916
0.0401974,0.0401974,0.0401977,0.040198,0.0401985,0.0401992,0.0402,0.040201,0.0402021,0.0402033,0.0402047,0.0402063,0.040208,0.0402098,0.0402118,0.040214,0.0402163,0.0402187,0.0402213,0.040224,0.0402269,0.04023,0.0402332,0.0402365,0.04024,0.0402437,0.0402475,0.0402515,0.0402556,0.0402598,0.0402642,0.0402688,0.0402735,0.0402783,0.0402833,0.0402885,0.0402938,0.0402992,0.0403048,0.0403106,0.0403165,0.0403225,0.0403287,0.040335,0.0403415,0.0403481,0.0403549,0.0403618,0.0403689,0.0403761,0.0403834,0.0403909,0.0403985,0.0404063,0.0404142,0.0404223,0.0404305,0.0404388,0.0404473,0.0404559,0.0404646,0.0404735,0.0404825,0.0404916
0.0401964,0.0401965,0.0401967,0.0401971,0.0401976,0.0401982,0.0401991,0.0402,0.0402011,0.0402024,0.0402038,0.0402053,0.040207,0.0402089,0.0402109,0.040213,0.0402153,0.0402177,0.0402203,0.0402231,0.040226,0.040229,0.0402322,0.0402356,0.0402391,0.0402427,0.0402465,0.0402505,0.0402546,0.0402589,0.0402633,0.0402678,0.0402725,0.0402774,0.0402824,0.0402875,0.0402928,0.0402983,0.0403039,0.0403096,0.0403155,0.0403216,0.0403277,0.0403341,0.0403406,0.0403472,0.040354,0.0403609,0.0403679,0.0403751,0.0403825,0.04039,0.0403976,0.0404054,0.0404133,0.0404213,0.0404295,0.0404378,0.0404463,0.0404549,0.0404637,0.0404725,0.0404816,0.0404907
0.0401983,0.0401984,0.0401986,0.040199,0.0401995,0.0402002,0.040201,0.0402019,0.040203,0.0402043,0.0402057,0.0402072,0.0402089,0.0402108,0.0402128,0.0402149,0.0402172,0.0402197,0.0402223,0.040225,0.0402279,0.0402309,0.0402341,0.0402375,0.040241,0.0402447,0.0402485,0.0402524,0.0402565,0.0402608,0.0402652,0.0402697,0.0402744,0.0402793,0.0402843,0.0402894,0.0402947,0.0403002,0.0403058,0.0403115,0.0403174,0.0403235,0.0403296,0.040336,0.0403425,0.0403491,0.0403559,0.0403628,0.0403698,0.040377,0.0403844,0.0403919,0.0403995,0.0404073,0.0404152,0.0404232,0.0404314,0.0404397,0.0404482,0.0404568,0.0404656,0.0404744,0.0404834,0.0404926
0.0401993,0.0401994,0.0401996,0.0401999,0.0402004,0.0402011,0.0402019,0.0402029,0.040204,0.0402052,0.0402066,0.0402082,0.0402099,0.0402117,0.0402137,0.0402159,0.0402182,0.0402206,0.0402232,0.040226,0.0402289,0.0402319,0.0402351,0.0402385,0.040242,0.0402456,0.0402494,0.0402534,0.0402575,0.0402617,0.0402661,0.0402707,0.0402754,0.0402802,0.0402852,0.0402904,0.0402957,0.0403011,0.0403067,0.0403125,0.0403184,0.0403244,0.0403306,0.0403369,0.0403434,0.04035,0.0403568,0.0403637,0.0403708,0.040378,0.0403853,0.0403928,0.0404004,0.0404082,0.0404161,0.0404242,0.0404324,0.0404407,0.0404492,0.0404578,0.0404665,0.0404754,0.0404844,0.0404936
0.0401983,0.0401984,0.0401986,0.040199,0.0401995,0.0402002,0.040201,0.0402019,0.040203,0.0402043,0.0402057,0.0402072,0.0402089,0.0402108,0.0402128,0.0402149,0.0402172,0.0402197,0.0402223,0.040225,0.0402279,0.0402309,0.0402342,0.0402375,0.040241,0.0402447,0.0402485,0.0402524,0.0402565,0.0402608,0.0402652,0.0402697,0.0402744,0.0402793,0.0402843,0.0402894,0.0402947,0.0403002,0.0403058,0.0403115,0.0403174,0.0403235,0.0403297,0.040336,0.0403425,0.0403491,0.0403559,0.0403628,0.0403698,0.040377,0.0403844,0.0403919,0.0403995,0.0404073,0.0404152,0.0404232,0.0404314,0.0404398,0.0404482,0.0404568,0.0404656,0.0404745,0.0404835,0.0404926
0.0402002,0.0402003,0.0402005,0.0402009,0.0402014,0.0402021,0.0402029,0.0402038,0.0402049,0.0402062,0.0402076,0.0402091,0.0402108,0.0402127,0.0402147,0.0402168,0.0402191,0.0402216,0.0402242,0.0402269,0.0402298,0.0402329,0.0402361,0.0402394,0.0402429,0.0402466,0.0402504,0.0402543,0.0402584,0.0402627,0.0402671,0.0402716,0.0402763,0.0402812,0.0402862,0.0402913,0.0402966,0.0403021,0.0403077,0.0403134,0.0403193,0.0403254,0.0403316,0.0403379,0.0403444,0.040351,0.0403578,0.0403647,0.0403717,0.040379,0.0403863,0.0403938,0.0404014,0.0404092,0.0404171,0.0404251,0.0404333,0.0404417,0.0404501,0.0404587,0.0404675,0.0404763,0.0404854,0.0404945
0.0402012,0.0402013,0.0402015,0.0402018,0.0402024,0.040203,0.0402038,0.0402048,0.0402059,0.0402071,0.0402085,0.0402101,0.0402118,0.0402136,0.0402156,0.0402178,0.0402201,0.0402225,0.0402251,0.0402279,0.0402308,0.0402338,0.040237,0.0402404,0.0402439,0.0402475,0.0402513,0.0402553,0.0402594,0.0402636,0.040268,0.0402726,0.0402773,0.0402821,0.0402872,0.0402923,0.0402976,0.0403031,0.0403086,0.0403144,0.0403203,0.0403263,0.0403325,0.0403388,0.0403453,0.040352,0.0403587,0.0403656,0.0403727,0.0403799,0.0403873,0.0403947,0.0404024,0.0404101,0.040418,0.0404261,0.0404343,0.0404426,0.0404511,0.0404597,0.0404684,0.0404773,0.0404863,0.0404955
0.0402012,0.0402013,0.0402015,0.0402018,0.0402024,0.040203,0.0402038,0.0402048,0.0402059,0.0402071,0.0402085,0.0402101,0.0402118,0.0402136,0.0402156,0.0402178,0.0402201,0.0402225,0.0402251,0.0402279,0.0402308,0.0402338,0.040237,0.0402404,0.0402439,0.0402475,0.0402513,0.0402553,0.0402594,0.0402636,0.040268,0.0402726,0.0402773,0.0402822,0.0402872,0.0402923,0.0402976,0.0403031,0.0403087,0.0403144,0.0403203,0.0403263,0.0403325,0.0403389,0.0403453,0.040352,0.0403587,0.0403656,0.0403727,0.0403799,0.0403873,0.0403947,0.0404024,0.0404102,0.0404181,0.0404261,0.0404343,0.0404426,0.0404511,0.0404597,0.0404684,0.0404773,0.0404863,0.0404955
0.0402021,0.0402022,0.0402024,0.0402028,0.0402033,0.040204,0.0402048,0.0402057,0.0402068,0.0402081,0.0402095,0.040211,0.0402127,0.0402146,0.0402166,0.0402187,0.040221,0.0402235,0.0402261,0.0402288,0.0402317,0.0402348,0.040238,0.0402413,0.0402448,0.0402485,0.0402523,0.0402562,0.0402603,0.0402646,0.040269,0.0402735,0.0402783,0.0402831,0.0402881,0.0402933,0.0402986,0.040304,0.0403096,0.0403154,0.0403212,0.0403273,0.0403335,0.0403398,0.0403463,0.0403529,0.0403597,0.0403666,0.0403736,0.0403809,0.0403882,0.0403957,0.0404033,0.0404111,0.040419,0.0404271,0.0404353,0.0404436,0.0404521,0.0404607,0.0404694,0.0404783,0.0404873,0.0404964
0.0402012,0.0402013,0.0402015,0.0402018,0.0402024,0.040203,0.0402038,0.0402048,0.0402059,0.0402071,0.0402085,0.0402101,0.0402118,0.0402136,0.0402156,0.0402178,0.0402201,0.0402225,0.0402251,0.0402279,0.0402308,0.0402338,0.040237,0.0402404,0.0402439,0.0402475,0.0402513,0.0402553,0.0402594,0.0402636,0.040268,0.0402726,0.0402773,0.0402822,0.0402872,0.0402923,0.0402976,0.0403031,0.0403087,0.0403144,0.0403203,0.0403263,0.0403325,0.0403389,0.0403453,0.040352,0.0403588,0.0403657,0.0403727,0.0403799,0.0403873,0.0403948,0.0404024,0.0404102,0.0404181,0.0404261,0.0404343,0.0404426,0.0404511,0.0404597,0.0404685,0.0404773,0.0404864,0.0404955
0.0402031,0.0402032,0.0402034,0.0402038,0.0402043,0.0402049,0.0402057,0.0402067,0.0402078,0.040209,0.0402104,0.040212,0.0402137,0.0402155,0.0402175,0.0402197,0.040222,0.0402244,0.040227,0.0402298,0.0402327,0.0402357,0.0402389,0.0402423,0.0402458,0.0402494,0.0402532,0.0402572,0.0402613,0.0402655,0.0402699,0.0402745,0.0402792,0.0402841,0.0402891,0.0402942,0.0402995,0.040305,0.0403106,0.0403163,0.0403222,0.0403282,0.0403344,0.0403408,0.0403472,0.0403539,0.0403606,0.0403676,0.0403746,0.0403818,0.0403892,0.0403967,0.0404043,0.040412,0.04042,0.040428,0.0404362,0.0404445,0.040453,0.0404616,0.0404704,0.0404792,0.0404882,0.0404974
0.040204,0.0402041,0.0402043,0.0402047,0.0402052,0.0402059,0.0402067,0.0402076,0.0402087,0.04021,0.0402114,0.0402129,0.0402146,0.0402165,0.0402185,0.0402206,0.0402229,0.0402254,0.040228,0.0402307,0.0402336,0.0402367,0.0402399,0.0402432,0.0402467,0.0402504,0.0402542,0.0402581,0.0402622,0.0402665,0.0402709,0.0402755,0.0402802,0.040285,0.04029,0.0402952,0.0403005,0.0403059,0.0403115,0.0403173,0.0403232,0.0403292,0.0403354,0.0403417,0.0403482,0.0403548,0.0403616,0.0403685,0.0403756,0.0403828,0.0403901,0.0403976,0.0404052,0.040413,0.0404209,0.040429,0.0404372,0.0404455,0.040454,0.0404626,0.0404713,0.0404802,0.0404892,0.0404984
0.040204,0.0402041,0.0402043,0.0402047,0.0402052,0.0402059,0.0402067,0.0402076,0.0402087,0.04021,0.0402114,0.0402129,0.0402146,0.0402165,0.0402185,0.0402206,0.0402229,0.0402254,0.040228,0.0402307,0.0402336,0.0402367,0.0402399,0.0402432,0.0402467,0.0402504,0.0402542,0.0402581,0.0402622,0.0402665,0.0402709,0.0402755,0.0402802,0.040285,0.04029,0.0402952,0.0403005,0.0403059,0.0403115,0.0403173,0.0403232,0.0403292,0.0403354,0.0403417,0.0403482,0.0403548,0.0403616,0.0403685,0.0403756,0.0403828,0.0403901,0.0403976,0.0404052,0.040413,0.0404209,0.040429,0.0404372,0.0404455,0.040454,0.0404626,0.0404713,0.0404802,0.0404892,0.0404984
0.040204,0.0402041,0.0402043,0.0402047,0.0402052,0.0402059,0.0402067,0.0402076,0.0402087,0.04021,0.0402114,0.0402129,0.0402146,0.0402165,0.0402185,0.0402206,0.0402229,0.0402254,0.040228,0.0402307,0.0402336,0.0402367,0.0402399,0.0402432,0.0402467,0.0402504,0.0402542,0.0402581,0.0402622,0.0402665,0.0402709,0.0402755,0.0402802,0.040285,0.04029,0.0402952,0.0403005,0.0403059,0.0403115,0.0403173,0.0403232,0.0403292,0.0403354,0.0403417,0.0403482,0.0403548,0.0403616,0.0403685,0.0403756,0.0403828,0.0403901,0.0403976,0.0404053,0.040413,0.0404209,0.040429,0.0404372,0.0404455,0.040454,0.0404626,0.0404713,0.0404802,0.0404892,0.0404984
0.040206,0.040206,0.0402062,0.0402066,0.0402071,0.0402078,0.0402086,0.0402095,0.0402106,0.0402119,0.0402133,0.0402148,0.0402165,0.0402184,0.0402204,0.0402225,0.0402248,0.0402273,0.0402299,0.0402326,0.0402355,0.0402386,0.0402418,0.0402451,0.0402486,0.0402523,0.0402561,0.04026,0.0402642,0.0402684,0.0402728,0.0402774,0.0402821,0.0402869,0.0402919,0.0402971,0.0403024,0.0403078,0.0403134,0.0403192,0.0403251,0.0403311,0.0403373,0.0403436,0.0403501,0.0403567,0.0403635,0.0403704,0.0403775,0.0403847,0.040392,0.0403995,0.0404071,0.0404149,0.0404229,0.0404309,0.0404391,0.0404474,0.0404559,0.0404645,0.0404732,0.0404821,0.0404911,0.0405003
0.040205,0.0402051,0.0402053,0.0402057,0.0402062,0.0402068,0.0402076,0.0402086,0.0402097,0.0402109,0.0402123,0.0402139,0.0402156,0.0402174,0.0402194,0.0402216,0.0402239,0.0402263,0.0402289,0.0402317,0.0402346,0.0402376,0.0402408,0.0402442,0.0402477,0.0402513,0.0402551,0.0402591,0.0402632,0.0402675,0.0402719,0.0402764,0.0402811,0.040286,0.040291,0.0402961,0.0403014,0.0403069,0.0403125,0.0403182,0.0403241,0.0403302,0.0403364,0.0403427,0.0403492,0.0403558,0.0403626,0.0403695,0.0403765,0.0403837,0.0403911,0.0403986,0.0404062,0.040414,0.0404219,0.04043,0.0404382,0.0404465,0.0404549,0.0404635,0.0404723,0.0404812,0.0404902,0.0404993
0.0402069,0.040207,0.0402072,0.0402076,0.0402081,0.0402087,0.0402095,0.0402105,0.0402116,0.0402129,0.0402143,0.0402158,0.0402175,0.0402193,0.0402213,0.0402235,0.0402258,0.0402282,0.0402308,0.0402336,0.0402365,0.0402395,0.0402427,0.0402461,0.0402496,0.0402532,0.040257,0.040261,0.0402651,0.0402694,0.0402738,0.0402783,0.040283,0.0402879,0.0402929,0.040298,0.0403033,0.0403088,0.0403144,0.0403201,0.040326,0.0403321,0.0403383,0.0403446,0.0403511,0.0403577,0.0403645,0.0403714,0.0403784,0.0403857,0.040393,0.0404005,0.0404081,0.0404159,0.0404238,0.0404319,0.04044,0.0404484,0.0404569,0.0404655,0.0404742,0.0404831,0.0404921,0.0405013
0.0402069,0.040207,0.0402072,0.0402076,0.0402081,0.0402087,0.0402095,0.0402105,0.0402116,0.0402129,0.0402143,0.0402158,0.0402175,0.0402193,0.0402213,0.0402235,0.0402258,0.0402282,0.0402308,0.0402336,0.0402365,0.0402395,0.0402427,0.0402461,0.0402496,0.0402532,0.0402571,0.040261,0.0402651,0.0402694,0.0402738,0.0402783,0.040283,0.0402879,0.0402929,0.040298,0.0403033,0.0403088,0.0403144,0.0403201,0.040326,0.0403321,0.0403383,0.0403446,0.0403511,0.0403577,0.0403645,0.0403714,0.0403784,0.0403856,0.040393,0.0404005,0.0404081,0.0404159,0.0404238,0.0404319,0.04044,0.0404484,0.0404569,0.0404655,0.0404742,0.0404831,0.0404921,0.0405012
0.0402079,0.0402079,0.0402082,0.0402085,0.040209,0.0402097,0.0402105,0.0402115,0.0402126,0.0402138,0.0402152,0.0402168,0.0402185,0.0402203,0.0402223,0.0402244,0.0402267,0.0402292,0.0402318,0.0402345,0.0402374,0.0402405,0.0402437,0.040247,0.0402505,0.0402542,0.040258,0.040262,0.0402661,0.0402703,0.0402747,0.0402793,0.040284,0.0402888,0.0402938,0.040299,0.0403043,0.0403097,0.0403153,0.0403211,0.040327,0.040333,0.0403392,0.0403456,0.040352,0.0403586,0.0403654,0.0403723,0.0403794,0.0403866,0.040394,0.0404015,0.0404091,0.0404169,0.0404248,0.0404328,0.040441,0.0404493,0.0404578,0.0404664,0.0404752,0.040484,0.040493,0.0405022
0.0402079,0.0402079,0.0402082,0.0402085,0.040209,0.0402097,0.0402105,0.0402115,0.0402126,0.0402138,0.0402152,0.0402168,0.0402185,0.0402203,0.0402223,0.0402244,0.0402267,0.0402292,0.0402318,0.0402345,0.0402374,0.0402405,0.0402437,0.040247,0.0402505,0.0402542,0.040258,0.040262,0.0402661,0.0402703,0.0402747,0.0402793,0.040284,0.0402888,0.0402938,0.040299,0.0403043,0.0403097,0.0403153,0.0403211,0.040327,0.040333,0.0403392,0.0403456,0.040352,0.0403587,0.0403654,0.0403723,0.0403794,0.0403866,0.040394,0.0404014,0.0404091,0.0404169,0.0404248,0.0404328,0.040441,0.0404494,0.0404578,0.0404664,0.0404752,0.040484,0.0404931,0.0405022
0.0402088,0.0402089,0.0402091,0.0402095,0.04021,0.0402106,0.0402115,0.0402124,0.0402135,0.0402148,0.0402162,0.0402177,0.0402194,0.0402213,0.0402233,0.0402254,0.0402277,0.0402301,0.0402327,0.0402355,0.0402384,0.0402414,0.0402446,0.040248,0.0402515,0.0402552,0.040259,0.0402629,0.040267,0.0402713,0.0402757,0.0402802,0.0402849,0.0402898,0.0402948,0.0403,0.0403053,0.0403107,0.0403163,0.040322,0.0403279,0.040334,0.0403402,0.0403465,0.040353,0.0403596,0.0403664,0.0403733,0.0403804,0.0403876,0.0403949,0.0404024,0.04041,0.0404178,0.0404257,0.0404338,0.040442,0.0404503,0.0404588,0.0404674,0.0404761,0.040485,0.040494,0.0405032
0.0402088,0.0402089,0.0402091,0.0402095,0.04021,0.0402106,0.0402115,0.0402124,0.0402135,0.0402148,0.0402162,0.0402177,0.0402194,0.0402213,0.0402233,0.0402254,0.0402277,0.0402301,0.0402327,0.0402355,0.0402384,0.0402414,0.0402447,0.040248,0.0402515,0.0402552,0.040259,0.0402629,0.040267,0.0402713,0.0402757,0.0402802,0.0402849,0.0402898,0.0402948,0.0403,0.0403053,0.0403107,0.0403163,0.0403221,0.0403279,0.040334,0.0403402,0.0403465,0.040353,0.0403596,0.0403664,0.0403733,0.0403804,0.0403876,0.0403949,0.0404024,0.0404101,0.0404178,0.0404257,0.0404338,0.040442,0.0404503,0.0404588,0.0404674,0.0404761,0.040485,0.040494,0.0405032
0.0402098,0.0402098,0.0402101,0.0402104,0.0402109,0.0402116,0.0402124,0.0402134,0.0402145,0.0402157,0.0402171,0.0402187,0.0402204,0.0402222,0.0402242,0.0402264,0.0402287,0.0402311,0.0402337,0.0402365,0.0402394,0.0402424,0.0402456,0.040249,0.0402525,0.0402561,0.0402599,0.0402639,0.040268,0.0402722,0.0402766,0.0402812,0.0402859,0.0402908,0.0402958,0.0403009,0.0403062,0.0403117,0.0403173,0.040323,0.0403289,0.0403349,0.0403411,0.0403475,0.040354,0.0403606,0.0403673,0.0403743,0.0403813,0.0403885,0.0403959,0.0404034,0.040411,0.0404188,0.0404267,0.0404347,0.0404429,0.0404513,0.0404597,0.0404683,0.0404771,0.040486,0.040495,0.0405041
0.0402107,0.0402108,0.040211,0.0402114,0.0402119,0.0402126,0.0402134,0.0402143,0.0402154,0.0402167,0.0402181,0.0402196,0.0402213,0.0402232,0.0402252,0.0402273,0.0402296,0.0402321,0.0402347,0.0402374,0.0402403,0.0402434,0.0402466,0.0402499,0.0402534,0.0402571,0.0402609,0.0402648,0.0402689,0.0402732,0.0402776,0.0402821,0.0402868,0.0402917,0.0402967,0.0403019,0.0403072,0.0403126,0.0403182,0.040324,0.0403299,0.0403359,0.0403421,0.0403484,0.0403549,0.0403615,0.0403683,0.0403752,0.0403823,0.0403895,0.0403968,0.0404043,0.040412,0.0404197,0.0404276,0.0404357,0.0404439,0.0404522,0.0404607,0.0404693,0.040478,0.0404869,0.0404959,0.0405051
0.0402107,0.0402108,0.040211,0.0402114,0.0402119,0.0402126,0.0402134,0.0402143,0.0402154,0.0402167,0.0402181,0.0402196,0.0402213,0.0402232,0.0402252,0.0402273,0.0402296,0.0402321,0.0402347,0.0402374,0.0402403,0.0402434,0.0402466,0.0402499,0.0402534,0.0402571,0.0402609,0.0402648,0.0402689,0.0402732,0.0402776,0.0402821,0.0402869,0.0402917,0.0402967,0.0403019,0.0403072,0.0403126,0.0403182,0.040324,0.0403299,0.0403359,0.0403421,0.0403484,0.0403549,0.0403615,0.0403683,0.0403752,0.0403823,0.0403895,0.0403968,0.0404043,0.040412,0.0404197,0.0404277,0.0404357,0.0404439,0.0404522,0.0404607,0.0404693,0.040478,0.0404869,0.0404959,0.0405051
0.0402107,0.0402108,0.040211,0.0402114,0.0402119,0.0402126,0.0402134,0.0402143,0.0402154,0.0402167,0.0402181,0.0402196,0.0402213,0.0402232,0.0402252,0.0402273,0.0402296,0.0402321,0.0402347,0.0402374,0.0402403,0.0402434,0.0402466,0.0402499,0.0402534,0.0402571,0.0402609,0.0402648,0.0402689,0.0402732,0.0402776,0.0402821,0.0402869,0.0402917,0.0402967,0.0403019,0.0403072,0.0403126,0.0403182,0.040324,0.0403299,0.0403359,0.0403421,0.0403484,0.0403549,0.0403615,0.0403683,0.0403752,0.0403823,0.0403895,0.0403968,0.0404043,0.040412,0.0404197,0.0404276,0.0404357,0.0404439,0.0404522,0.0404607,0.0404693,0.0404781,0.0404869,0.0404959,0.0405051
0.0402117,0.0402118,0.040212,0.0402123,0.0402128,0.0402135,0.0402143,0.0402153,0.0402164,0.0402176,0.040219,0.0402206,0.0402223,0.0402241,0.0402261,0.0402283,0.0402306,0.040233,0.0402356,0.0402384,0.0402413,0.0402443,0.0402475,0.0402509,0.0402544,0.040258,0.0402618,0.0402658,0.0402699,0.0402741,0.0402785,0.0402831,0.0402878,0.0402927,0.0402977,0.0403028,0.0403081,0.0403136,0.0403192,0.0403249,0.0403308,0.0403369,0.040343,0.0403494,0.0403559,0.0403625,0.0403693,0.0403762,0.0403832,0.0403904,0.0403978,0.0404053,0.0404129,0.0404207,0.0404286,0.0404367,0.0404449,0.0404532,0.0404617,0.0404703,0.040479,0.0404879,0.0404969,0.0405061
0.0402136,0.0402137,0.0402139,0.0402142,0.0402148,0.0402154,0.0402162,0.0402172,0.0402183,0.0402195,0.0402209,0.0402225,0.0402242,0.040226,0.040228,0.0402302,0.0402325,0.0402349,0.0402375,0.0402403,0.0402432,0.0402462,0.0402494,0.0402528,0.0402563,0.0402599,0.0402637,0.0402677,0.0402718,0.040276,0.0402805,0.040285,0.0402897,0.0402946,0.0402996,0.0403047,0.04031,0.0403155,0.0403211,0.0403268,0.0403327,0.0403388,0.040345,0.0403513,0.0403578,0.0403644,0.0403712,0.0403781,0.0403852,0.0403923,0.0403997,0.0404072,0.0404148,0.0404226,0.0404305,0.0404386,0.0404468,0.0404551,0.0404636,0.0404722,0.0404809,0.0404898,0.0404988,0.040508
0.0402126,0.0402127,0.0402129,0.0402133,0.0402138,0.0402145,0.0402153,0.0402162,0.0402173,0.0402186,0.04022,0.0402215,0.0402232,0.0402251,0.0402271,0.0402292,0.0402315,0.040234,0.0402366,0.0402393,0.0402422,0.0402453,0.0402485,0.0402518,0.0402553,0.040259,0.0402628,0.0402667,0.0402708,0.0402751,0.0402795,0.0402841,0.0402888,0.0402936,0.0402986,0.0403038,0.0403091,0.0403145,0.0403201,0.0403259,0.0403318,0.0403378,0.040344,0.0403503,0.0403568,0.0403634,0.0403702,0.0403771,0.0403842,0.0403914,0.0403987,0.0404062,0.0404139,0.0404217,0.0404296,0.0404376,0.0404458,0.0404541,0.0404626,0.0404712,0.04048,0.0404888,0.0404979,0.040507
0.0402136,0.0402137,0.0402139,0.0402142,0.0402148,0.0402154,0.0402162,0.0402172,0.0402183,0.0402195,0.0402209,0.0402225,0.0402242,0.040226,0.040228,0.0402302,0.0402325,0.0402349,0.0402375,0.0402403,0.0402432,0.0402462,0.0402494,0.0402528,0.0402563,0.0402599,0.0402637,0.0402677,0.0402718,0.040276,0.0402805,0.040285,0.0402897,0.0402946,0.0402996,0.0403047,0.04031,0.0403155,0.0403211,0.0403268,0.0403327,0.0403388,0.040345,0.0403513,0.0403578,0.0403644,0.0403712,0.0403781,0.0403852,0.0403924,0.0403997,0.0404072,0.0404148,0.0404226,0.0404305,0.0404386,0.0404468,0.0404551,0.0404636,0.0404722,0.0404809,0.0404898,0.0404988,0.040508
0.0402136,0.0402137,0.0402139,0.0402142,0.0402148,0.0402154,0.0402162,0.0402172,0.0402183,0.0402195,0.0402209,0.0402225,0.0402242,0.040226,0.040228,0.0402302,0.0402325,0.0402349,0.0402375,0.0402403,0.0402432,0.0402462,0.0402494,0.0402528,0.0402563,0.0402599,0.0402637,0.0402677,0.0402718,0.040276,0.0402805,0.040285,0.0402897,0.0402946,0.0402996,0.0403047,0.04031,0.0403155,0.0403211,0.0403268,0.0403327,0.0403388,0.040345,0.0403513,0.0403578,0.0403644,0.0403712,0.0403781,0.0403852,0.0403924,0.0403997,0.0404072,0.0404148,0.0404226,0.0404305,0.0404386,0.0404468,0.0404551,0.0404636,0.0404722,0.0404809,0.0404898,0.0404988,0.040508
0.0402155,0.0402156,0.0402158,0.0402161,0.0402167,0.0402173,0.0402181,0.0402191,0.0402202,0.0402214,0.0402228,0.0402244,0.0402261,0.0402279,0.0402299,0.0402321,0.0402344,0.0402368,0.0402394,0.0402422,0.0402451,0.0402481,0.0402513,0.0402547,0.0402582,0.0402618,0.0402656,0.0402696,0.0402737,0.040278,0.0402824,0.0402869,0.0402916,0.0402965,0.0403015,0.0403066,0.0403119,0.0403174,0.040323,0.0403287,0.0403346,0.0403407,0.0403469,0.0403532,0.0403597,0.0403663,0.0403731,0.04038,0.0403871,0.0403943,0.0404016,0.0404091,0.0404167,0.0404245,0.0404324,0.0404405,0.0404487,0.040457,0.0404655,0.0404741,0.0404828,0.0404917,0.0405007,0.0405099
0.0402145,0.0402146,0.0402148,0.0402152,0.0402157,0.0402164,0.0402172,0.0402181,0.0402192,0.0402205,0.0402219,0.0402234,0.0402251,0.040227,0.040229,0.0402311,0.0402334,0.0402359,0.0402385,0.0402412,0.0402441,0.0402472,0.0402504,0.0402537,0.0402572,0.0402609,0.0402647,0.0402686,0.0402727,0.040277,0.0402814,0.040286,0.0402907,0.0402955,0.0403005,0.0403057,0.040311,0.0403164,0.040322,0.0403278,0.0403337,0.0403397,0.0403459,0.0403523,0.0403587,0.0403654,0.0403721,0.0403791,0.0403861,0.0403933,0.0404007,0.0404082,0.0404158,0.0404236,0.0404315,0.0404395,0.0404477,0.0404561,0.0404645,0.0404732,0.0404819,0.0404908,0.0404998,0.0405089
0.0402164,0.0402165,0.0402167,0.0402171,0.0402176,0.0402183,0.0402191,0.04022,0.0402211,0.0402224,0.0402238,0.0402253,0.040227,0.0402289,0.0402309,0.040233,0.0402353,0.0402378,0.0402404,0.0402431,0.040246,0.0402491,0.0402523,0.0402556,0.0402591,0.0402628,0.0402666,0.0402706,0.0402747,0.0402789,0.0402833,0.0402879,0.0402926,0.0402974,0.0403024,0.0403076,0.0403129,0.0403183,0.0403239,0.0403297,0.0403356,0.0403416,0.0403478,0.0403542,0.0403606,0.0403673,0.040374,0.040381,0.040388,0.0403952,0.0404026,0.0404101,0.0404177,0.0404255,0.0404334,0.0404414,0.0404496,0.040458,0.0404664,0.040475,0.0404838,0.0404927,0.0405017,0.0405108
0.0402164,0.0402165,0.0402167,0.0402171,0.0402176,0.0402183,0.0402191,0.04022,0.0402211,0.0402224,0.0402238,0.0402253,0.040227,0.0402289,0.0402309,0.040233,0.0402353,0.0402378,0.0402404,0.0402431,0.040246,0.0402491,0.0402523,0.0402556,0.0402591,0.0402628,0.0402666,0.0402706,0.0402747,0.0402789,0.0402833,0.0402879,0.0402926,0.0402974,0.0403024,0.0403076,0.0403129,0.0403184,0.0403239,0.0403297,0.0403356,0.0403416,0.0403478,0.0403542,0.0403607,0.0403673,0.040374,0.040381,0.040388,0.0403952,0.0404026,0.0404101,0.0404177,0.0404255,0.0404334,0.0404414,0.0404496,0.040458,0.0404664,0.0404751,0.0404838,0.0404927,0.0405017,0.0405108
0.0402145,0.0402146,0.0402148,0.0402152,0.0402157,0.0402164,0.0402172,0.0402181,0.0402192,0.0402205,0.0402219,0.0402234,0.0402251,0.040227,0.040229,0.0402311,0.0402334,0.0402359,0.0402385,0.0402412,0.0402441,0.0402472,0.0402504,0.0402537,0.0402572,0.0402609,0.0402647,0.0402686,0.0402728,0.040277,0.0402814,0.040286,0.0402907,0.0402955,0.0403005,0.0403057,0.040311,0.0403164,0.0403221,0.0403278,0.0403337,0.0403397,0.0403459,0.0403523,0.0403587,0.0403654,0.0403722,0.0403791,0.0403861,0.0403933,0.0404007,0.0404082,0.0404158,0.0404236,0.0404315,0.0404396,0.0404478,0.0404561,0.0404646,0.0404732,0.0404819,0.0404908,0.0404998,0.040509
0.0402184,0.0402184,0.0402186,0.040219,0.0402195,0.0402202,0.040221,0.0402219,0.040223,0.0402243,0.0402257,0.0402272,0.0402289,0.0402308,0.0402328,0.0402349,0.0402372,0.0402397,0.0402423,0.040245,0.0402479,0.040251,0.0402542,0.0402575,0.040261,0.0402647,0.0402685,0.0402725,0.0402766,0.0402808,0.0402852,0.0402898,0.0402945,0.0402993,0.0403043,0.0403095,0.0403148,0.0403203,0.0403259,0.0403316,0.0403375,0.0403435,0.0403497,0.0403561,0.0403626,0.0403692,0.0403759,0.0403829,0.0403899,0.0403972,0.0404045,0.040412,0.0404196,0.0404274,0.0404353,0.0404434,0.0404515,0.0404599,0.0404684,0.040477,0.0404857,0.0404946,0.0405036,0.0405128
0.0402164,0.0402165,0.0402167,0.0402171,0.0402176,0.0402183,0.0402191,0.04022,0.0402211,0.0402224,0.0402238,0.0402253,0.040227,0.0402289,0.0402309,0.040233,0.0402353,0.0402378,0.0402404,0.0402431,0.040246,0.0402491,0.0402523,0.0402556,0.0402591,0.0402628,0.0402666,0.0402706,0.0402747,0.0402789,0.0402833,0.0402879,0.0402926,0.0402974,0.0403024,0.0403076,0.0403129,0.0403184,0.040324,0.0403297,0.0403356,0.0403416,0.0403478,0.0403542,0.0403607,0.0403673,0.0403741,0.040381,0.040388,0.0403952,0.0404026,0.0404101,0.0404177,0.0404255,0.0404334,0.0404415,0.0404497,0.040458,0.0404665,0.0404751,0.0404838,0.0404927,0.0405017,0.0405109
0.0402184,0.0402184,0.0402186,0.040219,0.0402195,0.0402202,0.040221,0.0402219,0.040223,0.0402243,0.0402257,0.0402272,0.0402289,0.0402308,0.0402328,0.0402349,0.0402372,0.0402397,0.0402423,0.040245,0.0402479,0.040251,0.0402542,0.0402575,0.0402611,0.0402647,0.0402685,0.0402725,0.0402766,0.0402808,0.0402852,0.0402898,0.0402945,0.0402993,0.0403044,0.0403095,0.0403148,0.0403203,0.0403259,0.0403316,0.0403375,0.0403435,0.0403497,0.0403561,0.0403626,0.0403692,0.040376,0.0403829,0.0403899,0.0403972,0.0404045,0.040412,0.0404196,0.0404274,0.0404353,0.0404434,0.0404516,0.0404599,0.0404684,0.040477,0.0404857,0.0404946,0.0405036,0.0405128
0.0402203,0.0402203,0.0402206,0.0402209,0.0402214,0.0402221,0.0402229,0.0402239,0.040225,0.0402262,0.0402276,0.0402292,0.0402309,0.0402327,0.0402347,0.0402369,0.0402391,0.0402416,0.0402442,0.0402469,0.0402498,0.0402529,0.0402561,0.0402595,0.040263,0.0402666,0.0402704,0.0402744,0.0402785,0.0402827,0.0402871,0.0402917,0.0402964,0.0403013,0.0403063,0.0403114,0.0403167,0.0403222,0.0403278,0.0403335,0.0403394,0.0403455,0.0403516,0.040358,0.0403645,0.0403711,0.0403779,0.0403848,0.0403918,0.0403991,0.0404064,0.0404139,0.0404215,0.0404293,0.0404372,0.0404453,0.0404535,0.0404618,0.0404703,0.0404789,0.0404876,0.0404965,0.0405055,0.0405147
0.0402184,0.0402184,0.0402186,0.040219,0.0402195,0.0402202,0.040221,0.0402219,0.040223,0.0402243,0.0402257,0.0402272,0.0402289,0.0402308,0.0402328,0.0402349,0.0402372,0.0402397,0.0402423,0.040245,0.0402479,0.040251,0.0402542,0.0402575,0.0402611,0.0402647,0.0402685,0.0402725,0.0402766,0.0402808,0.0402852,0.0402898,0.0402945,0.0402994,0.0403044,0.0403095,0.0403148,0.0403203,0.0403259,0.0403316,0.0403375,0.0403436,0.0403497,0.0403561,0.0403626,0.0403692,0.040376,0.0403829,0.04039,0.0403972,0.0404045,0.040412,0.0404196,0.0404274,0.0404353,0.0404434,0.0404516,0.0404599,0.0404684,0.040477,0.0404857,0.0404946,0.0405036,0.0405128
0.0402203,0.0402203,0.0402206,0.0402209,0.0402214,0.0402221,0.0402229,0.0402239,0.040225,0.0402262,0.0402276,0.0402292,0.0402309,0.0402327,0.0402347,0.0402369,0.0402392,0.0402416,0.0402442,0.0402469,0.0402498,0.0402529,0.0402561,0.0402595,0.040263,0.0402666,0.0402704,0.0402744,0.0402785,0.0402827,0.0402871,0.0402917,0.0402964,0.0403013,0.0403063,0.0403114,0.0403167,0.0403222,0.0403278,0.0403335,0.0403394,0.0403455,0.0403517,0.040358,0.0403645,0.0403711,0.0403779,0.0403848,0.0403919,0.0403991,0.0404064,0.0404139,0.0404215,0.0404293,0.0404372,0.0404453,0.0404535,0.0404618,0.0404703,0.0404789,0.0404876,0.0404965,0.0405055,0.0405147
0.0402203,0.0402203,0.0402206,0.0402209,0.0402214,0.0402221,0.0402229,0.0402239,0.040225,0.0402262,0.0402276,0.0402292,0.0402309,0.0402327,0.0402347,0.0402369,0.0402392,0.0402416,0.0402442,0.0402469,0.0402498,0.0402529,0.0402561,0.0402595,0.040263,0.0402666,0.0402704,0.0402744,0.0402785,0.0402827,0.0402871,0.0402917,0.0402964,0.0403013,0.0403063,0.0403114,0.0403167,0.0403222,0.0403278,0.0403335,0.0403394,0.0403455,0.0403517,0.040358,0.0403645,0.0403711,0.0403779,0.0403848,0.0403919,0.0403991,0.0404064,0.0404139,0.0404215,0.0404293,0.0404372,0.0404453,0.0404535,0.0404618,0.0404703,0.0404789,0.0404876,0.0404965,0.0405055,0.0405147
0.0402203,0.0402203,0.0402206,0.0402209,0.0402214,0.0402221,0.0402229,0.0402239,0.040225,0.0402262,0.0402276,0.0402292,0.0402309,0.0402327,0.0402347,0.0402369,0.0402392,0.0402416,0.0402442,0.0402469,0.0402499,0.0402529,0.0402561,0.0402595,0.040263,0.0402666,0.0402704,0.0402744,0.0402785,0.0402827,0.0402871,0.0402917,0.0402964,0.0403013,0.0403063,0.0403114,0.0403167,0.0403222,0.0403278,0.0403335,0.0403394,0.0403455,0.0403517,0.040358,0.0403645,0.0403711,0.0403779,0.0403848,0.0403919,0.0403991,0.0404064,0.0404139,0.0404215,0.0404293,0.0404372,0.0404453,0.0404535,0.0404618,0.0404703,0.0404789,0.0404876,0.0404965,0.0405056,0.0405147
0.0402203,0.0402203,0.0402206,0.0402209,0.0402214,0.0402221,0.0402229,0.0402239,0.040225,0.0402262,0.0402276,0.0402292,0.0402309,0.0402327,0.0402347,0.0402369,0.0402392,0.0402416,0.0402442,0.040247,0.0402499,0.0402529,0.0402561,0.0402595,0.040263,0.0402666,0.0402704,0.0402744,0.0402785,0.0402827,0.0402871,0.0402917,0.0402964,0.0403013,0.0403063,0.0403114,0.0403167,0.0403222,0.0403278,0.0403335,0.0403394,0.0403455,0.0403517,0.040358,0.0403645,0.0403711,0.0403779,0.0403848,0.0403919,0.0403991,0.0404064,0.0404139,0.0404216,0.0404293,0.0404372,0.0404453,0.0404535,0.0404618,0.0404703,0.0404789,0.0404877,0.0404965,0.0405056,0.0405147
0.0402222,0.0402222,0.0402225,0.0402228,0.0402233,0.040224,0.0402248,0.0402258,0.0402269,0.0402281,0.0402295,0.0402311,0.0402328,0.0402346,0.0402366,0.0402388,0.0402411,0.0402435,0.0402461,0.0402489,0.0402518,0.0402548,0.040258,0.0402614,0.0402649,0.0402685,0.0402723,0.0402763,0.0402804,0.0402846,0.0402891,0.0402936,0.0402983,0.0403032,0.0403082,0.0403133,0.0403186,0.0403241,0.0403297,0.0403354,0.0403413,0.0403474,0.0403536,0.0403599,0.0403664,0.040373,0.0403798,0.0403867,0.0403938,0.040401,0.0404083,0.0404158,0.0404235,0.0404312,0.0404391,0.0404472,0.0404554,0.0404637,0.0404722,0.0404808,0.0404896,0.0404984,0.0405074,0.0405166
0.0402222,0.0402222,0.0402225,0.0402228,0.0402233,0.040224,0.0402248,0.0402258,0.0402269,0.0402281,0.0402295,0.0402311,0.0402328,0.0402346,0.0402366,0.0402388,0.0402411,0.0402435,0.0402461,0.0402489,0.0402518,0.0402548,0.040258,0.0402614,0.0402649,0.0402685,0.0402723,0.0402763,0.0402804,0.0402846,0.0402891,0.0402936,0.0402983,0.0403032,0.0403082,0.0403133,0.0403186,0.0403241,0.0403297,0.0403354,0.0403413,0.0403474,0.0403536,0.0403599,0.0403664,0.040373,0.0403798,0.0403867,0.0403938,0.040401,0.0404083,0.0404158,0.0404234,0.0404312,0.0404392,0.0404472,0.0404554,0.0404637,0.0404722,0.0404808,0.0404896,0.0404985,0.0405075,0.0405166
0.0402222,0.0402222,0.0402225,0.0402228,0.0402233,0.040224,0.0402248,0.0402258,0.0402269,0.0402281,0.0402295,0.0402311,0.0402328,0.0402346,0.0402366,0.0402388,0.0402411,0.0402435,0.0402461,0.0402489,0.0402518,0.0402548,0.040258,0.0402614,0.0402649,0.0402685,0.0402723,0.0402763,0.0402804,0.0402846,0.0402891,0.0402936,0.0402983,0.0403032,0.0403082,0.0403133,0.0403186,0.0403241,0.0403297,0.0403354,0.0403413,0.0403474,0.0403536,0.0403599,0.0403664,0.040373,0.0403798,0.0403867,0.0403938,0.040401,0.0404083,0.0404158,0.0404235,0.0404312,0.0404391,0.0404472,0.0404554,0.0404637,0.0404722,0.0404808,0.0404896,0.0404984,0.0405075,0.0405166
0.0402241,0.0402241,0.0402244,0.0402247,0.0402252,0.0402259,0.0402267,0.0402277,0.0402288,0.04023,0.0402314,0.040233,0.0402347,0.0402365,0.0402385,0.0402407,0.040243,0.0402454,0.040248,0.0402508,0.0402537,0.0402567,0.0402599,0.0402633,0.0402668,0.0402704,0.0402742,0.0402782,0.0402823,0.0402866,0.040291,0.0402955,0.0403002,0.0403051,0.0403101,0.0403152,0.0403205,0.040326,0.0403316,0.0403373,0.0403432,0.0403493,0.0403555,0.0403618,0.0403683,0.0403749,0.0403817,0.0403886,0.0403957,0.0404029,0.0404102,0.0404177,0.0404254,0.0404332,0.0404411,0.0404491,0.0404573,0.0404656,0.0404741,0.0404827,0.0404915,0.0405004,0.0405094,0.0405185
0.0402222,0.0402222,0.0402225,0.0402228,0.0402233,0.040224,0.0402248,0.0402258,0.0402269,0.0402281,0.0402295,0.0402311,0.0402328,0.0402346,0.0402366,0.0402388,0.0402411,0.0402435,0.0402461,0.0402489,0.0402518,0.0402548,0.040258,0.0402614,0.0402649,0.0402685,0.0402723,0.0402763,0.0402804,0.0402846,0.0402891,0.0402936,0.0402983,0.0403032,0.0403082,0.0403133,0.0403186,0.0403241,0.0403297,0.0403354,0.0403413,0.0403474,0.0403536,0.0403599,0.0403664,0.040373,0.0403798,0.0403867,0.0403938,0.040401,0.0404084,0.0404158,0.0404235,0.0404312,0.0404392,0.0404472,0.0404554,0.0404638,0.0404722,0.0404808,0.0404896,0.0404985,0.0405075,0.0405166
0.0402241,0.0402241,0.0402244,0.0402247,0.0402252,0.0402259,0.0402267,0.0402277,0.0402288,0.04023,0.0402314,0.040233,0.0402347,0.0402365,0.0402385,0.0402407,0.040243,0.0402454,0.040248,0.0402508,0.0402537,0.0402567,0.0402599,0.0402633,0.0402668,0.0402704,0.0402742,0.0402782,0.0402823,0.0402866,0.040291,0.0402955,0.0403002,0.0403051,0.0403101,0.0403152,0.0403205,0.040326,0.0403316,0.0403374,0.0403432,0.0403493,0.0403555,0.0403618,0.0403683,0.0403749,0.0403817,0.0403886,0.0403957,0.0404029,0.0404102,0.0404177,0.0404254,0.0404332,0.0404411,0.0404491,0.0404573,0.0404656,0.0404741,0.0404827,0.0404915,0.0405004,0.0405094,0.0405185
0.0402241,0.0402241,0.0402244,0.0402247,0.0402252,0.0402259,0.0402267,0.0402277,0.0402288,0.04023,0.0402314,0.040233,0.0402347,0.0402365,0.0402385,0.0402407,0.040243,0.0402454,0.040248,0.0402508,0.0402537,0.0402567,0.0402599,0.0402633,0.0402668,0.0402704,0.0402742,0.0402782,0.0402823,0.0402866,0.040291,0.0402955,0.0403002,0.0403051,0.0403101,0.0403152,0.0403205,0.040326,0.0403316,0.0403374,0.0403432,0.0403493,0.0403555,0.0403618,0.0403683,0.0403749,0.0403817,0.0403886,0.0403957,0.0404029,0.0404102,0.0404177,0.0404254,0.0404332,0.0404411,0.0404491,0.0404573,0.0404657,0.0404741,0.0404827,0.0404915,0.0405004,0.0405094,0.0405185
0.040226,0.0402261,0.0402263,0.0402266,0.0402272,0.0402278,0.0402286,0.0402296,0.0402307,0.0402319,0.0402333,0.0402349,0.0402366,0.0402384,0.0402404,0.0402426,0.0402449,0.0402473,0.0402499,0.0402527,0.0402556,0.0402586,0.0402618,0.0402652,0.0402687,0.0402723,0.0402761,0.0402801,0.0402842,0.0402885,0.0402929,0.0402974,0.0403021,0.040307,0.040312,0.0403172,0.0403225,0.0403279,0.0403335,0.0403393,0.0403452,0.0403512,0.0403574,0.0403637,0.0403702,0.0403768,0.0403836,0.0403905,0.0403976,0.0404048,0.0404122,0.0404197,0.0404273,0.040435,0.040443,0.040451,0.0404592,0.0404676,0.040476,0.0404847,0.0404934,0.0405023,0.0405113,0.0405205
0.0402241,0.0402241,0.0402244,0.0402247,0.0402252,0.0402259,0.0402267,0.0402277,0.0402288,0.04023,0.0402314,0.040233,0.0402347,0.0402365,0.0402385,0.0402407,0.040243,0.0402454,0.040248,0.0402508,0.0402537,0.0402567,0.0402599,0.0402633,0.0402668,0.0402704,0.0402742,0.0402782,0.0402823,0.0402866,0.040291,0.0402955,0.0403002,0.0403051,0.0403101,0.0403152,0.0403206,0.040326,0.0403316,0.0403374,0.0403432,0.0403493,0.0403555,0.0403618,0.0403683,0.0403749,0.0403817,0.0403886,0.0403957,0.0404029,0.0404102,0.0404178,0.0404254,0.0404332,0.0404411,0.0404491,0.0404573,0.0404657,0.0404742,0.0404827,0.0404915,0.0405004,0.0405094,0.0405185
0.040226,0.0402261,0.0402263,0.0402266,0.0402272,0.0402278,0.0402286,0.0402296,0.0402307,0.0402319,0.0402333,0.0402349,0.0402366,0.0402384,0.0402404,0.0402426,0.0402449,0.0402473,0.0402499,0.0402527,0.0402556,0.0402586,0.0402618,0.0402652,0.0402687,0.0402723,0.0402761,0.0402801,0.0402842,0.0402885,0.0402929,0.0402974,0.0403021,0.040307,0.040312,0.0403172,0.0403225,0.0403279,0.0403335,0.0403393,0.0403452,0.0403512,0.0403574,0.0403637,0.0403702,0.0403768,0.0403836,0.0403905,0.0403976,0.0404048,0.0404122,0.0404197,0.0404273,0.0404351,0.040443,0.040451,0.0404592,0.0404676,0.040476,0.0404847,0.0404934,0.0405023,0.0405113,0.0405205
0.040226,0.0402261,0.0402263,0.0402266,0.0402272,0.0402278,0.0402286,0.0402296,0.0402307,0.0402319,0.0402333,0.0402349,0.0402366,0.0402384,0.0402404,0.0402426,0.0402449,0.0402473,0.0402499,0.0402527,0.0402556,0.0402586,0.0402618,0.0402652,0.0402687,0.0402723,0.0402761,0.0402801,0.0402842,0.0402885,0.0402929,0.0402974,0.0403021,0.040307,0.040312,0.0403172,0.0403225,0.0403279,0.0403335,0.0403393,0.0403452,0.0403512,0.0403574,0.0403637,0.0403702,0.0403769,0.0403836,0.0403905,0.0403976,0.0404048,0.0404122,0.0404197,0.0404273,0.0404351,0.040443,0.040451,0.0404593,0.0404676,0.0404761,0.0404847,0.0404934,0.0405023,0.0405113,0.0405204
0.0402279,0.040228,0.0402282,0.0402285,0.0402291,0.0402297,0.0402305,0.0402315,0.0402326,0.0402338,0.0402352,0.0402368,0.0402385,0.0402403,0.0402423,0.0402445,0.0402468,0.0402492,0.0402518,0.0402546,0.0402575,0.0402605,0.0402637,0.0402671,0.0402706,0.0402742,0.0402781,0.040282,0.0402861,0.0402904,0.0402948,0.0402993,0.040304,0.0403089,0.0403139,0.0403191,0.0403244,0.0403298,0.0403354,0.0403412,0.0403471,0.0403531,0.0403593,0.0403656,0.0403721,0.0403788,0.0403855,0.0403925,0.0403995,0.0404067,0.0404141,0.0404216,0.0404292,0.040437,0.0404449,0.040453,0.0404611,0.0404695,0.0404779,0.0404866,0.0404953,0.0405042,0.0405132,0.0405224
0.0402279,0.040228,0.0402282,0.0402285,0.0402291,0.0402297,0.0402305,0.0402315,0.0402326,0.0402338,0.0402352,0.0402368,0.0402385,0.0402403,0.0402423,0.0402445,0.0402468,0.0402492,0.0402518,0.0402546,0.0402575,0.0402605,0.0402637,0.0402671,0.0402706,0.0402742,0.0402781,0.040282,0.0402861,0.0402904,0.0402948,0.0402993,0.040304,0.0403089,0.0403139,0.0403191,0.0403244,0.0403298,0.0403354,0.0403412,0.0403471,0.0403531,0.0403593,0.0403656,0.0403721,0.0403788,0.0403855,0.0403924,0.0403995,0.0404067,0.0404141,0.0404216,0.0404292,0.040437,0.0404449,0.0404529,0.0404612,0.0404695,0.040478,0.0404866,0.0404953,0.0405042,0.0405132,0.0405224
0.0402279,0.040228,0.0402282,0.0402285,0.0402291,0.0402297,0.0402305,0.0402315,0.0402326,0.0402338,0.0402352,0.0402368,0.0402385,0.0402403,0.0402423,0.0402445,0.0402468,0.0402492,0.0402518,0.0402546,0.0402575,0.0402605,0.0402637,0.0402671,0.0402706,0.0402742,0.0402781,0.040282,0.0402861,0.0402904,0.0402948,0.0402993,0.040304,0.0403089,0.0403139,0.0403191,0.0403244,0.0403298,0.0403354,0.0403412,0.0403471,0.0403531,0.0403593,0.0403656,0.0403721,0.0403788,0.0403855,0.0403925,0.0403995,0.0404067,0.0404141,0.0404216,0.0404292,0.040437,0.0404449,0.040453,0.0404612,0.0404695,0.040478,0.0404866,0.0404953,0.0405042,0.0405132,0.0405224
0.0402279,0.040228,0.0402282,0.0402285,0.0402291,0.0402297,0.0402305,0.0402315,0.0402326,0.0402338,0.0402352,0.0402368,0.0402385,0.0402403,0.0402423,0.0402445,0.0402468,0.0402492,0.0402518,0.0402546,0.0402575,0.0402605,0.0402637,0.0402671,0.0402706,0.0402743,0.0402781,0.040282,0.0402861,0.0402904,0.0402948,0.0402993,0.0403041,0.0403089,0.0403139,0.0403191,0.0403244,0.0403298,0.0403354,0.0403412,0.0403471,0.0403531,0.0403593,0.0403657,0.0403721,0.0403788,0.0403855,0.0403925,0.0403995,0.0404067,0.0404141,0.0404216,0.0404292,0.040437,0.0404449,0.040453,0.0404612,0.0404695,0.040478,0.0404866,0.0404953,0.0405042,0.0405132,0.0405224
0.0402279,0.040228,0.0402282,0.0402285,0.0402291,0.0402297,0.0402305,0.0402315,0.0402326,0.0402338,0.0402352,0.0402368,0.0402385,0.0402403,0.0402423,0.0402445,0.0402468,0.0402492,0.0402518,0.0402546,0.0402575,0.0402605,0.0402637,0.0402671,0.0402706,0.0402743,0.0402781,0.040282,0.0402861,0.0402904,0.0402948,0.0402993,0.040304,0.0403089,0.0403139,0.0403191,0.0403244,0.0403298,0.0403354,0.0403412,0.0403471,0.0403531,0.0403593,0.0403657,0.0403721,0.0403788,0.0403855,0.0403925,0.0403995,0.0404067,0.0404141,0.0404216,0.0404292,0.040437,0.0404449,0.040453,0.0404612,0.0404695,0.040478,0.0404866,0.0404953,0.0405042,0.0405132,0.0405224
0.0402279,0.040228,0.0402282,0.0402285,0.0402291,0.0402297,0.0402305,0.0402315,0.0402326,0.0402338,0.0402352,0.0402368,0.0402385,0.0402403,0.0402423,0.0402445,0.0402468,0.0402492,0.0402518,0.0402546,0.0402575,0.0402605,0.0402637,0.0402671,0.0402706,0.0402743,0.0402781,0.040282,0.0402861,0.0402904,0.0402948,0.0402993,0.0403041,0.0403089,0.0403139,0.0403191,0.0403244,0.0403298,0.0403354,0.0403412,0.0403471,0.0403531,0.0403593,0.0403656,0.0403721,0.0403788,0.0403856,0.0403925,0.0403995,0.0404067,0.0404141,0.0404216,0.0404292,0.040437,0.0404449,0.040453,0.0404612,0.0404695,0.040478,0.0404866,0.0404953,0.0405042,0.0405132,0.0405224
0.0402298,0.0402299,0.0402301,0.0402305,0.040231,0.0402316,0.0402324,0.0402334,0.0402345,0.0402357,0.0402371,0.0402387,0.0402404,0.0402422,0.0402442,0.0402464,0.0402487,0.0402511,0.0402537,0.0402565,0.0402594,0.0402624,0.0402656,0.040269,0.0402725,0.0402762,0.04028,0.0402839,0.040288,0.0402923,0.0402967,0.0403013,0.040306,0.0403108,0.0403158,0.040321,0.0403263,0.0403317,0.0403373,0.0403431,0.040349,0.040355,0.0403612,0.0403676,0.040374,0.0403807,0.0403874,0.0403944,0.0404014,0.0404086,0.040416,0.0404235,0.0404311,0.0404389,0.0404468,0.0404549,0.0404631,0.0404714,0.0404799,0.0404885,0.0404972,0.0405061,0.0405151,0.0405243
0.0402298,0.0402299,0.0402301,0.0402305,0.040231,0.0402316,0.0402324,0.0402334,0.0402345,0.0402357,0.0402371,0.0402387,0.0402404,0.0402422,0.0402442,0.0402464,0.0402487,0.0402511,0.0402537,0.0402565,0.0402594,0.0402624,0.0402656,0.040269,0.0402725,0.0402762,0.04028,0.0402839,0.040288,0.0402923,0.0402967,0.0403013,0.040306,0.0403108,0.0403158,0.040321,0.0403263,0.0403317,0.0403373,0.0403431,0.040349,0.040355,0.0403612,0.0403676,0.040374,0.0403807,0.0403875,0.0403944,0.0404014,0.0404086,0.040416,0.0404235,0.0404311,0.0404389,0.0404468,0.0404549,0.0404631,0.0404714,0.0404799,0.0404885,0.0404972,0.0405061,0.0405152,0.0405243
0.0402317,0.0402318,0.040232,0.0402324,0.0402329,0.0402335,0.0402343,0.0402353,0.0402364,0.0402377,0.0402391,0.0402406,0.0402423,0.0402442,0.0402462,0.0402483,0.0402506,0.040253,0.0402556,0.0402584,0.0402613,0.0402644,0.0402676,0.0402709,0.0402744,0.0402781,0.0402819,0.0402858,0.0402899,0.0402942,0.0402986,0.0403032,0.0403079,0.0403127,0.0403177,0.0403229,0.0403282,0.0403336,0.0403392,0.040345,0.0403509,0.0403569,0.0403631,0.0403695,0.0403759,0.0403826,0.0403894,0.0403963,0.0404033,0.0404105,0.0404179,0.0404254,0.040433,0.0404408,0.0404487,0.0404568,0.040465,0.0404733,0.0404818,0.0404904,0.0404991,0.040508,0.040517,0.0405262
0.0402298,0.0402299,0.0402301,0.0402305,0.040231,0.0402316,0.0402324,0.0402334,0.0402345,0.0402357,0.0402371,0.0402387,0.0402404,0.0402422,0.0402442,0.0402464,0.0402487,0.0402511,0.0402537,0.0402565,0.0402594,0.0402624,0.0402656,0.040269,0.0402725,0.0402762,0.04028,0.0402839,0.040288,0.0402923,0.0402967,0.0403013,0.040306,0.0403108,0.0403158,0.040321,0.0403263,0.0403317,0.0403373,0.0403431,0.040349,0.040355,0.0403612,0.0403676,0.0403741,0.0403807,0.0403875,0.0403944,0.0404014,0.0404087,0.040416,0.0404235,0.0404311,0.0404389,0.0404468,0.0404549,0.0404631,0.0404714,0.0404799,0.0404885,0.0404973,0.0405061,0.0405151,0.0405243
0.0402317,0.0402318,0.040232,0.0402324,0.0402329,0.0402335,0.0402343,0.0402353,0.0402364,0.0402377,0.0402391,0.0402406,0.0402423,0.0402442,0.0402462,0.0402483,0.0402506,0.040253,0.0402556,0.0402584,0.0402613,0.0402644,0.0402676,0.0402709,0.0402744,0.0402781,0.0402819,0.0402858,0.0402899,0.0402942,0.0402986,0.0403032,0.0403079,0.0403127,0.0403177,0.0403229,0.0403282,0.0403336,0.0403392,0.040345,0.0403509,0.0403569,0.0403631,0.0403695,0.0403759,0.0403826,0.0403894,0.0403963,0.0404033,0.0404106,0.0404179,0.0404254,0.040433,0.0404408,0.0404487,0.0404568,0.040465,0.0404733,0.0404818,0.0404904,0.0404992,0.040508,0.0405171,0.0405262
0.0402298,0.0402299,0.0402301,0.0402305,0.040231,0.0402316,0.0402324,0.0402334,0.0402345,0.0402357,0.0402371,0.0402387,0.0402404,0.0402422,0.0402442,0.0402464,0.0402487,0.0402511,0.0402537,0.0402565,0.0402594,0.0402624,0.0402657,0.040269,0.0402725,0.0402762,0.04028,0.0402839,0.040288,0.0402923,0.0402967,0.0403013,0.040306,0.0403108,0.0403158,0.040321,0.0403263,0.0403317,0.0403374,0.0403431,0.040349,0.040355,0.0403612,0.0403676,0.0403741,0.0403807,0.0403875,0.0403944,0.0404014,0.0404087,0.040416,0.0404235,0.0404312,0.0404389,0.0404468,0.0404549,0.0404631,0.0404714,0.0404799,0.0404885,0.0404973,0.0405062,0.0405152,0.0405243
0.0402336,0.0402337,0.0402339,0.0402343,0.0402348,0.0402354,0.0402362,0.0402372,0.0402383,0.0402396,0.040241,0.0402425,0.0402442,0.0402461,0.0402481,0.0402502,0.0402525,0.040255,0.0402576,0.0402603,0.0402632,0.0402663,0.0402695,0.0402728,0.0402763,0.04028,0.0402838,0.0402877,0.0402918,0.0402961,0.0403005,0.0403051,0.0403098,0.0403146,0.0403196,0.0403248,0.0403301,0.0403356,0.0403412,0.0403469,0.0403528,0.0403588,0.040365,0.0403714,0.0403779,0.0403845,0.0403913,0.0403982,0.0404053,0.0404125,0.0404198,0.0404273,0.0404349,0.0404427,0.0404506,0.0404587,0.0404669,0.0404752,0.0404837,0.0404923,0.0405011,0.0405099,0.040519,0.0405281
0.0402317,0.0402318,0.040232,0.0402324,0.0402329,0.0402335,0.0402343,0.0402353,0.0402364,0.0402377,0.0402391,0.0402406,0.0402423,0.0402442,0.0402462,0.0402483,0.0402506,0.0402531,0.0402557,0.0402584,0.0402613,0.0402644,0.0402676,0.0402709,0.0402744,0.0402781,0.0402819,0.0402858,0.0402899,0.0402942,0.0402986,0.0403032,0.0403079,0.0403127,0.0403177,0.0403229,0.0403282,0.0403337,0.0403393,0.040345,0.0403509,0.040357,0.0403631,0.0403695,0.040376,0.0403826,0.0403894,0.0403963,0.0404034,0.0404106,0.0404179,0.0404254,0.0404331,0.0404408,0.0404487,0.0404568,0.040465,0.0404734,0.0404818,0.0404904,0.0404992,0.0405081,0.0405171,0.0405262
0.0402317,0.0402318,0.040232,0.0402324,0.0402329,0.0402335,0.0402343,0.0402353,0.0402364,0.0402377,0.0402391,0.0402406,0.0402423,0.0402442,0.0402462,0.0402483,0.0402506,0.0402531,0.0402557,0.0402584,0.0402613,0.0402644,0.0402676,0.0402709,0.0402744,0.0402781,0.0402819,0.0402858,0.0402899,0.0402942,0.0402986,0.0403032,0.0403079,0.0403127,0.0403177,0.0403229,0.0403282,0.0403337,0.0403392,0.040345,0.0403509,0.0403569,0.0403631,0.0403695,0.040376,0.0403826,0.0403894,0.0403963,0.0404034,0.0404106,0.0404179,0.0404254,0.040433,0.0404408,0.0404488,0.0404568,0.040465,0.0404733,0.0404818,0.0404904,0.0404992,0.0405081,0.0405171,0.0405262
0.0402336,0.0402337,0.0402339,0.0402343,0.0402348,0.0402354,0.0402362,0.0402372,0.0402383,0.0402396,0.040241,0.0402425,0.0402442,0.0402461,0.0402481,0.0402502,0.0402525,0.040255,0.0402576,0.0402603,0.0402632,0.0402663,0.0402695,0.0402728,0.0402763,0.04028,0.0402838,0.0402877,0.0402918,0.0402961,0.0403005,0.0403051,0.0403098,0.0403146,0.0403196,0.0403248,0.0403301,0.0403356,0.0403412,0.0403469,0.0403528,0.0403589,0.040365,0.0403714,0.0403779,0.0403845,0.0403913,0.0403982,0.0404053,0.0404125,0.0404198,0.0404273,0.040435,0.0404427,0.0404507,0.0404587,0.0404669,0.0404752,0.0404837,0.0404923,0.0405011,0.04051,0.040519,0.0405281
0.0402336,0.0402337,0.0402339,0.0402343,0.0402348,0.0402354,0.0402362,0.0402372,0.0402383,0.0402396,0.040241,0.0402425,0.0402442,0.0402461,0.0402481,0.0402502,0.0402525,0.040255,0.0402576,0.0402603,0.0402632,0.0402663,0.0402695,0.0402728,0.0402763,0.04028,0.0402838,0.0402877,0.0402918,0.0402961,0.0403005,0.0403051,0.0403098,0.0403146,0.0403196,0.0403248,0.0403301,0.0403356,0.0403412,0.0403469,0.0403528,0.0403589,0.0403651,0.0403714,0.0403779,0.0403845,0.0403913,0.0403982,0.0404053,0.0404125,0.0404198,0.0404273,0.040435,0.0404427,0.0404506,0.0404587,0.0404669,0.0404752,0.0404837,0.0404923,0.0405011,0.04051,0.040519,0.0405281
0.0402355,0.0402356,0.0402358,0.0402362,0.0402367,0.0402373,0.0402382,0.0402391,0.0402402,0.0402415,0.0402429,0.0402444,0.0402461,0.040248,0.04025,0.0402521,0.0402544,0.0402569,0.0402595,0.0402622,0.0402651,0.0402682,0.0402714,0.0402747,0.0402782,0.0402819,0.0402857,0.0402896,0.0402938,0.040298,0.0403024,0.040307,0.0403117,0.0403165,0.0403215,0.0403267,0.040332,0.0403375,0.0403431,0.0403488,0.0403547,0.0403608,0.0403669,0.0403733,0.0403798,0.0403864,0.0403932,0.0404001,0.0404072,0.0404144,0.0404217,0.0404292,0.0404369,0.0404446,0.0404526,0.0404606,0.0404688,0.0404772,0.0404856,0.0404942,0.040503,0.0405119,0.0405209,0.04053
0.0402336,0.0402337,0.0402339,0.0402343,0.0402348,0.0402354,0.0402362,0.0402372,0.0402383,0.0402396,0.040241,0.0402425,0.0402442,0.0402461,0.0402481,0.0402502,0.0402525,0.040255,0.0402576,0.0402603,0.0402632,0.0402663,0.0402695,0.0402728,0.0402763,0.04028,0.0402838,0.0402877,0.0402919,0.0402961,0.0403005,0.0403051,0.0403098,0.0403146,0.0403196,0.0403248,0.0403301,0.0403356,0.0403412,0.0403469,0.0403528,0.0403589,0.0403651,0.0403714,0.0403779,0.0403845,0.0403913,0.0403982,0.0404053,0.0404125,0.0404198,0.0404273,0.040435,0.0404427,0.0404507,0.0404587,0.0404669,0.0404753,0.0404837,0.0404924,0.0405011,0.04051,0.040519,0.0405282
0.0402336,0.0402337,0.0402339,0.0402343,0.0402348,0.0402354,0.0402362,0.0402372,0.0402383,0.0402396,0.040241,0.0402425,0.0402442,0.0402461,0.0402481,0.0402502,0.0402525,0.040255,0.0402576,0.0402603,0.0402632,0.0402663,0.0402695,0.0402728,0.0402763,0.04028,0.0402838,0.0402877,0.0402919,0.0402961,0.0403005,0.0403051,0.0403098,0.0403146,0.0403197,0.0403248,0.0403301,0.0403356,0.0403412,0.0403469,0.0403528,0.0403589,0.0403651,0.0403714,0.0403779,0.0403845,0.0403913,0.0403982,0.0404053,0.0404125,0.0404198,0.0404273,0.040435,0.0404427,0.0404507,0.0404587,0.0404669,0.0404753,0.0404837,0.0404923,0.0405011,0.04051,0.040519,0.0405281
0.0402355,0.0402356,0.0402358,0.0402362,0.0402367,0.0402373,0.0402382,0.0402391,0.0402402,0.0402415,0.0402429,0.0402444,0.0402461,0.040248,0.04025,0.0402521,0.0402544,0.0402569,0.0402595,0.0402622,0.0402651,0.0402682,0.0402714,0.0402747,0.0402782,0.0402819,0.0402857,0.0402897,0.0402938,0.040298,0.0403024,0.040307,0.0403117,0.0403165,0.0403216,0.0403267,0.040332,0.0403375,0.0403431,0.0403488,0.0403547,0.0403608,0.040367,0.0403733,0.0403798,0.0403864,0.0403932,0.0404001,0.0404072,0.0404144,0.0404217,0.0404292,0.0404369,0.0404446,0.0404526,0.0404606,0.0404688,0.0404772,0.0404856,0.0404943,0.040503,0.0405119,0.0405209,0.0405301
0.0402355,0.0402356,0.0402358,0.0402362,0.0402367,0.0402373,0.0402382,0.0402391,0.0402402,0.0402415,0.0402429,0.0402444,0.0402461,0.040248,0.04025,0.0402521,0.0402544,0.0402569,0.0402595,0.0402622,0.0402651,0.0402682,0.0402714,0.0402747,0.0402782,0.0402819,0.0402857,0.0402897,0.0402938,0.040298,0.0403024,0.040307,0.0403117,0.0403165,0.0403216,0.0403267,0.040332,0.0403375,0.0403431,0.0403488,0.0403547,0.0403608,0.040367,0.0403733,0.0403798,0.0403864,0.0403932,0.0404001,0.0404072,0.0404144,0.0404217,0.0404292,0.0404369,0.0404447,0.0404526,0.0404606,0.0404688,0.0404772,0.0404856,0.0404942,0.040503,0.0405119,0.0405209,0.0405301
0.0402374,0.0402375,0.0402377,0.0402381,0.0402386,0.0402393,0.0402401,0.040241,0.0402421,0.0402434,0.0402448,0.0402463,0.040248,0.0402499,0.0402519,0.040254,0.0402563,0.0402588,0.0402614,0.0402641,0.040267,0.0402701,0.0402733,0.0402766,0.0402801,0.0402838,0.0402876,0.0402916,0.0402957,0.0402999,0.0403043,0.0403089,0.0403136,0.0403185,0.0403235,0.0403286,0.0403339,0.0403394,0.040345,0.0403507,0.0403566,0.0403627,0.0403689,0.0403752,0.0403817,0.0403883,0.0403951,0.040402,0.0404091,0.0404163,0.0404237,0.0404311,0.0404388,0.0404466,0.0404545,0.0404625,0.0404707,0.0404791,0.0404876,0.0404962,0.0405049,0.0405138,0.0405228,0.040532
0.0402355,0.0402356,0.0402358,0.0402362,0.0402367,0.0402373,0.0402382,0.0402391,0.0402402,0.0402415,0.0402429,0.0402444,0.0402461,0.040248,0.04025,0.0402521,0.0402544,0.0402569,0.0402595,0.0402622,0.0402651,0.0402682,0.0402714,0.0402747,0.0402782,0.0402819,0.0402857,0.0402897,0.0402938,0.040298,0.0403024,0.040307,0.0403117,0.0403165,0.0403216,0.0403267,0.040332,0.0403375,0.0403431,0.0403488,0.0403547,0.0403608,0.040367,0.0403733,0.0403798,0.0403864,0.0403932,0.0404001,0.0404072,0.0404144,0.0404217,0.0404293,0.0404369,0.0404447,0.0404526,0.0404606,0.0404688,0.0404772,0.0404856,0.0404943,0.040503,0.0405119,0.0405209,0.0405301
0.0402374,0.0402375,0.0402377,0.0402381,0.0402386,0.0402393,0.0402401,0.040241,0.0402421,0.0402434,0.0402448,0.0402463,0.040248,0.0402499,0.0402519,0.040254,0.0402563,0.0402588,0.0402614,0.0402641,0.040267,0.0402701,0.0402733,0.0402766,0.0402801,0.0402838,0.0402876,0.0402916,0.0402957,0.0402999,0.0403043,0.0403089,0.0403136,0.0403185,0.0403235,0.0403286,0.0403339,0.0403394,0.040345,0.0403507,0.0403566,0.0403627,0.0403689,0.0403752,0.0403817,0.0403883,0.0403951,0.040402,0.0404091,0.0404163,0.0404237,0.0404311,0.0404388,0.0404466,0.0404545,0.0404626,0.0404707,0.0404791,0.0404876,0.0404962,0.0405049,0.0405138,0.0405228,0.040532
0.0402374,0.0402375,0.0402377,0.0402381,0.0402386,0.0402393,0.0402401,0.040241,0.0402421,0.0402434,0.0402448,0.0402463,0.040248,0.0402499,0.0402519,0.040254,0.0402563,0.0402588,0.0402614,0.0402641,0.040267,0.0402701,0.0402733,0.0402766,0.0402801,0.0402838,0.0402876,0.0402916,0.0402957,0.0402999,0.0403043,0.0403089,0.0403136,0.0403185,0.0403235,0.0403286,0.0403339,0.0403394,0.040345,0.0403507,0.0403566,0.0403627,0.0403689,0.0403752,0.0403817,0.0403883,0.0403951,0.040402,0.0404091,0.0404163,0.0404237,0.0404312,0.0404388,0.0404466,0.0404545,0.0404625,0.0404707,0.0404791,0.0404876,0.0404962,0.0405049,0.0405138,0.0405228,0.040532
0.0402355,0.0402356,0.0402358,0.0402362,0.0402367,0.0402373,0.0402382,0.0402391,0.0402402,0.0402415,0.0402429,0.0402444,0.0402461,0.040248,0.04025,0.0402521,0.0402544,0.0402569,0.0402595,0.0402622,0.0402651,0.0402682,0.0402714,0.0402747,0.0402782,0.0402819,0.0402857,0.0402897,0.0402938,0.040298,0.0403024,0.040307,0.0403117,0.0403166,0.0403216,0.0403267,0.040332,0.0403375,0.0403431,0.0403488,0.0403547,0.0403608,0.040367,0.0403733,0.0403798,0.0403864,0.0403932,0.0404001,0.0404072,0.0404144,0.0404218,0.0404293,0.0404369,0.0404447,0.0404526,0.0404607,0.0404689,0.0404772,0.0404857,0.0404943,0.040503,0.0405119,0.0405209,0.0405301
0.0402393,0.0402394,0.0402396,0.04024,0.0402405,0.0402412,0.040242,0.0402429,0.040244,0.0402453,0.0402467,0.0402482,0.0402499,0.0402518,0.0402538,0.0402559,0.0402582,0.0402607,0.0402633,0.040266,0.0402689,0.040272,0.0402752,0.0402785,0.040282,0.0402857,0.0402895,0.0402935,0.0402976,0.0403018,0.0403062,0.0403108,0.0403155,0.0403204,0.0403254,0.0403305,0.0403358,0.0403413,0.0403469,0.0403526,0.0403585,0.0403646,0.0403708,0.0403771,0.0403836,0.0403902,0.040397,0.0404039,0.040411,0.0404182,0.0404256,0.0404331,0.0404407,0.0404485,0.0404564,0.0404644,0.0404726,0.040481,0.0404895,0.0404981,0.0405068,0.0405157,0.0405247,0.0405339
0.0402374,0.0402375,0.0402377,0.0402381,0.0402386,0.0402393,0.0402401,0.040241,0.0402421,0.0402434,0.0402448,0.0402463,0.040248,0.0402499,0.0402519,0.040254,0.0402563,0.0402588,0.0402614,0.0402641,0.040267,0.0402701,0.0402733,0.0402766,0.0402801,0.0402838,0.0402876,0.0402916,0.0402957,0.0402999,0.0403043,0.0403089,0.0403136,0.0403185,0.0403235,0.0403286,0.0403339,0.0403394,0.040345,0.0403507,0.0403567,0.0403627,0.0403689,0.0403752,0.0403817,0.0403883,0.0403951,0.040402,0.0404091,0.0404163,0.0404237,0.0404312,0.0404388,0.0404466,0.0404545,0.0404626,0.0404708,0.0404791,0.0404876,0.0404962,0.0405049,0.0405138,0.0405228,0.040532
0.0402393,0.0402394,0.0402396,0.04024,0.0402405,0.0402412,0.040242,0.0402429,0.040244,0.0402453,0.0402467,0.0402482,0.0402499,0.0402518,0.0402538,0.0402559,0.0402582,0.0402607,0.0402633,0.040266,0.0402689,0.040272,0.0402752,0.0402785,0.0402821,0.0402857,0.0402895,0.0402935,0.0402976,0.0403018,0.0403062,0.0403108,0.0403155,0.0403204,0.0403254,0.0403305,0.0403358,0.0403413,0.0403469,0.0403526,0.0403585,0.0403646,0.0403708,0.0403771,0.0403836,0.0403902,0.040397,0.040404,0.040411,0.0404182,0.0404256,0.0404331,0.0404407,0.0404485,0.0404564,0.0404645,0.0404727,0.040481,0.0404895,0.0404981,0.0405068,0.0405157,0.0405247,0.0405339
0.0402393,0.0402394,0.0402396,0.04024,0.0402405,0.0402412,0.040242,0.0402429,0.040244,0.0402453,0.0402467,0.0402482,0.0402499,0.0402518,0.0402538,0.0402559,0.0402582,0.0402607,0.0402633,0.040266,0.0402689,0.040272,0.0402752,0.0402785,0.0402821,0.0402857,0.0402895,0.0402935,0.0402976,0.0403018,0.0403062,0.0403108,0.0403155,0.0403204,0.0403254,0.0403305,0.0403358,0.0403413,0.0403469,0.0403526,0.0403586,0.0403646,0.0403708,0.0403771,0.0403836,0.0403902,0.040397,0.0404039,0.040411,0.0404182,0.0404256,0.0404331,0.0404407,0.0404485,0.0404564,0.0404645,0.0404727,0.040481,0.0404895,0.0404981,0.0405068,0.0405157,0.0405247,0.0405339
0.0402374,0.0402375,0.0402377,0.0402381,0.0402386,0.0402393,0.0402401,0.040241,0.0402421,0.0402434,0.0402448,0.0402463,0.040248,0.0402499,0.0402519,0.040254,0.0402563,0.0402588,0.0402614,0.0402641,0.040267,0.0402701,0.0402733,0.0402766,0.0402801,0.0402838,0.0402876,0.0402916,0.0402957,0.0402999,0.0403043,0.0403089,0.0403136,0.0403185,0.0403235,0.0403286,0.0403339,0.0403394,0.040345,0.0403507,0.0403567,0.0403627,0.0403689,0.0403752,0.0403817,0.0403883,0.0403951,0.0404021,0.0404091,0.0404163,0.0404237,0.0404312,0.0404388,0.0404466,0.0404545,0.0404626,0.0404708,0.0404791,0.0404876,0.0404962,0.040505,0.0405138,0.0405229,0.040532
0.0402412,0.0402413,0.0402415,0.0402419,0.0402424,0.0402431,0.0402439,0.0402448,0.0402459,0.0402472,0.0402486,0.0402501,0.0402518,0.0402537,0.0402557,0.0402578,0.0402601,0.0402626,0.0402652,0.0402679,0.0402708,0.0402739,0.0402771,0.0402805,0.040284,0.0402876,0.0402914,0.0402954,0.0402995,0.0403037,0.0403082,0.0403127,0.0403174,0.0403223,0.0403273,0.0403324,0.0403377,0.0403432,0.0403488,0.0403546,0.0403605,0.0403665,0.0403727,0.040379,0.0403855,0.0403921,0.0403989,0.0404059,0.0404129,0.0404201,0.0404275,0.040435,0.0404426,0.0404504,0.0404583,0.0404664,0.0404746,0.0404829,0.0404914,0.0405,0.0405087,0.0405176,0.0405266,0.0405358
0.0402393,0.0402394,0.0402396,0.04024,0.0402405,0.0402412,0.040242,0.0402429,0.040244,0.0402453,0.0402467,0.0402482,0.0402499,0.0402518,0.0402538,0.0402559,0.0402582,0.0402607,0.0402633,0.040266,0.0402689,0.040272,0.0402752,0.0402785,0.0402821,0.0402857,0.0402895,0.0402935,0.0402976,0.0403018,0.0403063,0.0403108,0.0403155,0.0403204,0.0403254,0.0403305,0.0403358,0.0403413,0.0403469,0.0403527,0.0403586,0.0403646,0.0403708,0.0403771,0.0403836,0.0403902,0.040397,0.040404,0.040411,0.0404182,0.0404256,0.0404331,0.0404407,0.0404485,0.0404564,0.0404645,0.0404727,0.040481,0.0404895,0.0404981,0.0405069,0.0405157,0.0405248,0.0405339
0.0402393,0.0402394,0.0402396,0.04024,0.0402405,0.0402412,0.040242,0.0402429,0.040244,0.0402453,0.0402467,0.0402482,0.0402499,0.0402518,0.0402538,0.0402559,0.0402582,0.0402607,0.0402633,0.040266,0.0402689,0.040272,0.0402752,0.0402786,0.0402821,0.0402857,0.0402895,0.0402935,0.0402976,0.0403018,0.0403062,0.0403108,0.0403155,0.0403204,0.0403254,0.0403305,0.0403358,0.0403413,0.0403469,0.0403527,0.0403586,0.0403646,0.0403708,0.0403772,0.0403836,0.0403903,0.040397,0.040404,0.040411,0.0404182,0.0404256,0.0404331,0.0404407,0.0404485,0.0404564,0.0404645,0.0404727,0.040481,0.0404895,0.0404981,0.0405069,0.0405157,0.0405248,0.0405339
0.0402412,0.0402413,0.0402415,0.0402419,0.0402424,0.0402431,0.0402439,0.0402448,0.0402459,0.0402472,0.0402486,0.0402501,0.0402518,0.0402537,0.0402557,0.0402578,0.0402601,0.0402626,0.0402652,0.0402679,0.0402708,0.0402739,0.0402771,0.0402805,0.040284,0.0402876,0.0402914,0.0402954,0.0402995,0.0403037,0.0403082,0.0403127,0.0403174,0.0403223,0.0403273,0.0403324,0.0403378,0.0403432,0.0403488,0.0403546,0.0403605,0.0403665,0.0403727,0.040379,0.0403855,0.0403922,0.0403989,0.0404059,0.0404129,0.0404201,0.0404275,0.040435,0.0404426,0.0404504,0.0404583,0.0404664,0.0404746,0.0404829,0.0404914,0.0405,0.0405088,0.0405176,0.0405267,0.0405358
0.0402412,0.0402413,0.0402415,0.0402419,0.0402424,0.0402431,0.0402439,0.0402448,0.0402459,0.0402472,0.0402486,0.0402501,0.0402518,0.0402537,0.0402557,0.0402578,0.0402601,0.0402626,0.0402652,0.0402679,0.0402708,0.0402739,0.0402771,0.0402805,0.040284,0.0402876,0.0402914,0.0402954,0.0402995,0.0403037,0.0403082,0.0403127,0.0403174,0.0403223,0.0403273,0.0403324,0.0403378,0.0403432,0.0403488,0.0403546,0.0403605,0.0403665,0.0403727,0.040379,0.0403855,0.0403922,0.0403989,0.0404059,0.0404129,0.0404201,0.0404275,0.040435,0.0404426,0.0404504,0.0404583,0.0404664,0.0404746,0.0404829,0.0404914,0.0405,0.0405088,0.0405176,0.0405267,0.0405358
0.0402412,0.0402413,0.0402415,0.0402419,0.0402424,0.0402431,0.0402439,0.0402448,0.0402459,0.0402472,0.0402486,0.0402501,0.0402518,0.0402537,0.0402557,0.0402578,0.0402601,0.0402626,0.0402652,0.0402679,0.0402708,0.0402739,0.0402771,0.0402805,0.040284,0.0402876,0.0402914,0.0402954,0.0402995,0.0403037,0.0403082,0.0403127,0.0403174,0.0403223,0.0403273,0.0403325,0.0403378,0.0403432,0.0403488,0.0403546,0.0403605,0.0403665,0.0403727,0.0403791,0.0403855,0.0403922,0.0403989,0.0404059,0.0404129,0.0404201,0.0404275,0.040435,0.0404426,0.0404504,0.0404583,0.0404664,0.0404746,0.0404829,0.0404914,0.0405,0.0405088,0.0405177,0.0405267,0.0405358
0.0402412,0.0402413,0.0402415,0.0402419,0.0402424,0.0402431,0.0402439,0.0402448,0.0402459,0.0402472,0.0402486,0.0402501,0.0402518,0.0402537,0.0402557,0.0402578,0.0402601,0.0402626,0.0402652,0.0402679,0.0402708,0.0402739,0.0402771,0.0402805,0.040284,0.0402876,0.0402914,0.0402954,0.0402995,0.0403037,0.0403082,0.0403127,0.0403174,0.0403223,0.0403273,0.0403325,0.0403378,0.0403432,0.0403488,0.0403546,0.0403605,0.0403665,0.0403727,0.040379,0.0403855,0.0403922,0.0403989,0.0404059,0.0404129,0.0404202,0.0404275,0.040435,0.0404426,0.0404504,0.0404583,0.0404664,0.0404746,0.0404829,0.0404914,0.0405,0.0405088,0.0405176,0.0405267,0.0405359
0.0402431,0.0402432,0.0402434,0.0402438,0.0402443,0.040245,0.0402458,0.0402467,0.0402478,0.0402491,0.0402505,0.040252,0.0402537,0.0402556,0.0402576,0.0402597,0.040262,0.0402645,0.0402671,0.0402699,0.0402728,0.0402758,0.040279,0.0402824,0.0402859,0.0402895,0.0402933,0.0402973,0.0403014,0.0403057,0.0403101,0.0403146,0.0403193,0.0403242,0.0403292,0.0403343,0.0403397,0.0403451,0.0403507,0.0403565,0.0403624,0.0403684,0.0403746,0.040381,0.0403874,0.0403941,0.0404009,0.0404078,0.0404148,0.040422,0.0404294,0.0404369,0.0404445,0.0404523,0.0404602,0.0404683,0.0404765,0.0404848,0.0404933,0.0405019,0.0405107,0.0405196,0.0405286,0.0405377
0.0402412,0.0402413,0.0402415,0.0402419,0.0402424,0.0402431,0.0402439,0.0402448,0.0402459,0.0402472,0.0402486,0.0402501,0.0402518,0.0402537,0.0402557,0.0402578,0.0402601,0.0402626,0.0402652,0.0402679,0.0402708,0.0402739,0.0402771,0.0402805,0.040284,0.0402876,0.0402914,0.0402954,0.0402995,0.0403038,0.0403082,0.0403127,0.0403174,0.0403223,0.0403273,0.0403325,0.0403378,0.0403432,0.0403488,0.0403546,0.0403605,0.0403665,0.0403727,0.0403791,0.0403855,0.0403922,0.0403989,0.0404059,0.0404129,0.0404202,0.0404275,0.040435,0.0404426,0.0404504,0.0404583,0.0404664,0.0404746,0.0404829,0.0404914,0.0405,0.0405088,0.0405177,0.0405267,0.0405358
0.0402431,0.0402432,0.0402434,0.0402438,0.0402443,0.040245,0.0402458,0.0402467,0.0402478,0.0402491,0.0402505,0.040252,0.0402538,0.0402556,0.0402576,0.0402597,0.040262,0.0402645,0.0402671,0.0402698,0.0402728,0.0402758,0.040279,0.0402824,0.0402859,0.0402895,0.0402933,0.0402973,0.0403014,0.0403057,0.0403101,0.0403146,0.0403193,0.0403242,0.0403292,0.0403344,0.0403397,0.0403451,0.0403507,0.0403565,0.0403624,0.0403684,0.0403746,0.040381,0.0403874,0.0403941,0.0404009,0.0404078,0.0404149,0.0404221,0.0404294,0.0404369,0.0404445,0.0404523,0.0404602,0.0404683,0.0404765,0.0404848,0.0404933,0.0405019,0.0405107,0.0405196,0.0405286,0.0405377
0.0402431,0.0402432,0.0402434,0.0402438,0.0402443,0.040245,0.0402458,0.0402467,0.0402478,0.0402491,0.0402505,0.0402521,0.0402537,0.0402556,0.0402576,0.0402597,0.040262,0.0402645,0.0402671,0.0402699,0.0402728,0.0402758,0.040279,0.0402824,0.0402859,0.0402895,0.0402933,0.0402973,0.0403014,0.0403057,0.0403101,0.0403146,0.0403193,0.0403242,0.0403292,0.0403344,0.0403397,0.0403451,0.0403507,0.0403565,0.0403624,0.0403684,0.0403746,0.040381,0.0403874,0.0403941,0.0404008,0.0404078,0.0404148,0.0404221,0.0404294,0.0404369,0.0404445,0.0404523,0.0404603,0.0404683,0.0404765,0.0404849,0.0404933,0.0405019,0.0405107,0.0405196,0.0405286,0.0405378
0.0402431,0.0402432,0.0402434,0.0402438,0.0402443,0.040245,0.0402458,0.0402467,0.0402478,0.0402491,0.0402505,0.040252,0.0402538,0.0402556,0.0402576,0.0402597,0.040262,0.0402645,0.0402671,0.0402699,0.0402728,0.0402758,0.040279,0.0402824,0.0402859,0.0402895,0.0402933,0.0402973,0.0403014,0.0403057,0.0403101,0.0403146,0.0403193,0.0403242,0.0403292,0.0403344,0.0403397,0.0403451,0.0403507,0.0403565,0.0403624,0.0403684,0.0403746,0.040381,0.0403875,0.0403941,0.0404009,0.0404078,0.0404148,0.0404221,0.0404294,0.0404369,0.0404445,0.0404523,0.0404602,0.0404683,0.0404765,0.0404848,0.0404933,0.0405019,0.0405107,0.0405196,0.0405286,0.0405377
0.0402431,0.0402432,0.0402434,0.0402438,0.0402443,0.040245,0.0402458,0.0402467,0.0402478,0.0402491,0.0402505,0.0402521,0.0402538,0.0402556,0.0402576,0.0402597,0.040262,0.0402645,0.0402671,0.0402699,0.0402728,0.0402758,0.040279,0.0402824,0.0402859,0.0402895,0.0402933,0.0402973,0.0403014,0.0403057,0.0403101,0.0403146,0.0403193,0.0403242,0.0403292,0.0403344,0.0403397,0.0403451,0.0403507,0.0403565,0.0403624,0.0403684,0.0403746,0.040381,0.0403874,0.0403941,0.0404009,0.0404078,0.0404149,0.0404221,0.0404294,0.0404369,0.0404446,0.0404523,0.0404603,0.0404683,0.0404765,0.0404848,0.0404933,0.0405019,0.0405107,0.0405196,0.0405286,0.0405378
0.0402451,0.0402451,0.0402453,0.0402457,0.0402462,0.0402469,0.0402477,0.0402486,0.0402498,0.040251,0.0402524,0.040254,0.0402557,0.0402575,0.0402595,0.0402617,0.040264,0.0402664,0.040269,0.0402718,0.0402747,0.0402777,0.0402809,0.0402843,0.0402878,0.0402914,0.0402952,0.0402992,0.0403033,0.0403076,0.040312,0.0403165,0.0403212,0.0403261,0.0403311,0.0403363,0.0403416,0.040347,0.0403526,0.0403584,0.0403643,0.0403703,0.0403765,0.0403829,0.0403894,0.040396,0.0404028,0.0404097,0.0404168,0.040424,0.0404313,0.0404388,0.0404464,0.0404542,0.0404622,0.0404702,0.0404784,0.0404868,0.0404952,0.0405038,0.0405126,0.0405215,0.0405305,0.0405397
0.0402431,0.0402432,0.0402434,0.0402438,0.0402443,0.040245,0.0402458,0.0402467,0.0402478,0.0402491,0.0402505,0.0402521,0.0402538,0.0402556,0.0402576,0.0402598,0.0402621,0.0402645,0.0402671,0.0402699,0.0402728,0.0402758,0.040279,0.0402824,0.0402859,0.0402895,0.0402933,0.0402973,0.0403014,0.0403057,0.0403101,0.0403146,0.0403193,0.0403242,0.0403292,0.0403344,0.0403397,0.0403451,0.0403507,0.0403565,0.0403624,0.0403684,0.0403746,0.040381,0.0403875,0.0403941,0.0404009,0.0404078,0.0404149,0.0404221,0.0404294,0.0404369,0.0404446,0.0404523,0.0404603,0.0404683,0.0404765,0.0404849,0.0404933,0.0405019,0.0405107,0.0405196,0.0405286,0.0405377
0.0402451,0.0402451,0.0402453,0.0402457,0.0402462,0.0402469,0.0402477,0.0402486,0.0402498,0.040251,0.0402524,0.040254,0.0402557,0.0402575,0.0402595,0.0402617,0.040264,0.0402664,0.040269,0.0402718,0.0402747,0.0402777,0.0402809,0.0402843,0.0402878,0.0402914,0.0402952,0.0402992,0.0403033,0.0403076,0.040312,0.0403165,0.0403212,0.0403261,0.0403311,0.0403363,0.0403416,0.040347,0.0403526,0.0403584,0.0403643,0.0403703,0.0403765,0.0403829,0.0403894,0.040396,0.0404028,0.0404097,0.0404168,0.040424,0.0404313,0.0404388,0.0404465,0.0404542,0.0404622,0.0404702,0.0404784,0.0404868,0.0404952,0.0405039,0.0405126,0.0405215,0.0405305,0.0405397
0.0402451,0.0402451,0.0402453,0.0402457,0.0402462,0.0402469,0.0402477,0.0402486,0.0402498,0.040251,0.0402524,0.040254,0.0402557,0.0402575,0.0402595,0.0402617,0.040264,0.0402664,0.040269,0.0402718,0.0402747,0.0402777,0.0402809,0.0402843,0.0402878,0.0402914,0.0402952,0.0402992,0.0403033,0.0403076,0.040312,0.0403165,0.0403212,0.0403261,0.0403311,0.0403363,0.0403416,0.040347,0.0403526,0.0403584,0.0403643,0.0403703,0.0403765,0.0403829,0.0403894,0.040396,0.0404028,0.0404097,0.0404168,0.040424,0.0404313,0.0404388,0.0404465,0.0404543,0.0404621,0.0404702,0.0404784,0.0404868,0.0404952,0.0405039,0.0405126,0.0405215,0.0405305,0.0405397
0.0402451,0.0402451,0.0402453,0.0402457,0.0402462,0.0402469,0.0402477,0.0402486,0.0402498,0.040251,0.0402524,0.040254,0.0402557,0.0402575,0.0402595,0.0402617,0.040264,0.0402664,0.040269,0.0402718,0.0402747,0.0402777,0.0402809,0.0402843,0.0402878,0.0402914,0.0402952,0.0402992,0.0403033,0.0403076,0.040312,0.0403165,0.0403212,0.0403261,0.0403311,0.0403363,0.0403416,0.040347,0.0403526,0.0403584,0.0403643,0.0403703,0.0403765,0.0403829,0.0403894,0.040396,0.0404028,0.0404097,0.0404168,0.040424,0.0404313,0.0404388,0.0404465,0.0404542,0.0404622,0.0404702,0.0404784,0.0404868,0.0404953,0.0405038,0.0405126,0.0405215,0.0405305,0.0405397
0.040247,0.040247,0.0402473,0.0402476,0.0402481,0.0402488,0.0402496,0.0402506,0.0402517,0.0402529,0.0402543,0.0402559,0.0402576,0.0402594,0.0402614,0.0402636,0.0402659,0.0402683,0.0402709,0.0402737,0.0402766,0.0402796,0.0402828,0.0402862,0.0402897,0.0402933,0.0402971,0.0403011,0.0403052,0.0403095,0.0403139,0.0403184,0.0403232,0.040328,0.040333,0.0403382,0.0403435,0.0403489,0.0403545,0.0403603,0.0403662,0.0403722,0.0403784,0.0403848,0.0403913,0.0403979,0.0404047,0.0404116,0.0404187,0.0404259,0.0404332,0.0404407,0.0404484,0.0404561,0.0404641,0.0404721,0.0404803,0.0404887,0.0404971,0.0405058,0.0405145,0.0405234,0.0405324,0.0405416
0.0402451,0.0402451,0.0402453,0.0402457,0.0402462,0.0402469,0.0402477,0.0402486,0.0402498,0.040251,0.0402524,0.040254,0.0402557,0.0402575,0.0402595,0.0402617,0.040264,0.0402664,0.040269,0.0402718,0.0402747,0.0402777,0.0402809,0.0402843,0.0402878,0.0402914,0.0402952,0.0402992,0.0403033,0.0403076,0.040312,0.0403165,0.0403212,0.0403261,0.0403311,0.0403363,0.0403416,0.040347,0.0403526,0.0403584,0.0403643,0.0403703,0.0403765,0.0403829,0.0403894,0.040396,0.0404028,0.0404097,0.0404168,0.040424,0.0404313,0.0404388,0.0404465,0.0404542,0.0404622,0.0404702,0.0404784,0.0404868,0.0404953,0.0405039,0.0405126,0.0405215,0.0405305,0.0405397
0.040247,0.040247,0.0402473,0.0402476,0.0402481,0.0402488,0.0402496,0.0402506,0.0402517,0.0402529,0.0402543,0.0402559,0.0402576,0.0402594,0.0402614,0.0402636,0.0402659,0.0402683,0.0402709,0.0402737,0.0402766,0.0402796,0.0402828,0.0402862,0.0402897,0.0402933,0.0402972,0.0403011,0.0403052,0.0403095,0.0403139,0.0403184,0.0403232,0.040328,0.040333,0.0403382,0.0403435,0.0403489,0.0403545,0.0403603,0.0403662,0.0403722,0.0403784,0.0403848,0.0403913,0.0403979,0.0404047,0.0404116,0.0404187,0.0404259,0.0404332,0.0404407,0.0404484,0.0404562,0.0404641,0.0404721,0.0404803,0.0404887,0.0404971,0.0405058,0.0405145,0.0405234,0.0405324,0.0405416
0.0402451,0.0402451,0.0402453,0.0402457,0.0402462,0.0402469,0.0402477,0.0402486,0.0402498,0.040251,0.0402524,0.040254,0.0402557,0.0402575,0.0402595,0.0402617,0.040264,0.0402664,0.040269,0.0402718,0.0402747,0.0402777,0.0402809,0.0402843,0.0402878,0.0402914,0.0402952,0.0402992,0.0403033,0.0403076,0.040312,0.0403165,0.0403213,0.0403261,0.0403311,0.0403363,0.0403416,0.040347,0.0403527,0.0403584,0.0403643,0.0403703,0.0403765,0.0403829,0.0403894,0.040396,0.0404028,0.0404097,0.0404168,0.040424,0.0404314,0.0404388,0.0404465,0.0404543,0.0404622,0.0404702,0.0404784,0.0404868,0.0404953,0.0405039,0.0405126,0.0405215,0.0405305,0.0405397
0.040247,0.040247,0.0402473,0.0402476,0.0402481,0.0402488,0.0402496,0.0402506,0.0402517,0.0402529,0.0402543,0.0402559,0.0402576,0.0402594,0.0402614,0.0402636,0.0402659,0.0402683,0.0402709,0.0402737,0.0402766,0.0402796,0.0402828,0.0402862,0.0402897,0.0402933,0.0402972,0.0403011,0.0403052,0.0403095,0.0403139,0.0403184,0.0403232,0.040328,0.040333,0.0403382,0.0403435,0.0403489,0.0403545,0.0403603,0.0403662,0.0403722,0.0403784,0.0403848,0.0403913,0.0403979,0.0404047,0.0404116,0.0404187,0.0404259,0.0404332,0.0404407,0.0404484,0.0404562,0.0404641,0.0404721,0.0404803,0.0404887,0.0404972,0.0405058,0.0405145,0.0405234,0.0405324,0.0405416
0.040247,0.040247,0.0402473,0.0402476,0.0402481,0.0402488,0.0402496,0.0402506,0.0402517,0.0402529,0.0402543,0.0402559,0.0402576,0.0402594,0.0402614,0.0402636,0.0402659,0.0402683,0.0402709,0.0402737,0.0402766,0.0402796,0.0402828,0.0402862,0.0402897,0.0402933,0.0402972,0.0403011,0.0403052,0.0403095,0.0403139,0.0403184,0.0403232,0.040328,0.040333,0.0403382,0.0403435,0.0403489,0.0403546,0.0403603,0.0403662,0.0403722,0.0403785,0.0403848,0.0403913,0.0403979,0.0404047,0.0404116,0.0404187,0.0404259,0.0404332,0.0404407,0.0404484,0.0404562,0.0404641,0.0404721,0.0404803,0.0404887,0.0404972,0.0405058,0.0405145,0.0405234,0.0405324,0.0405416
0.040247,0.040247,0.0402473,0.0402476,0.0402481,0.0402488,0.0402496,0.0402506,0.0402517,0.0402529,0.0402543,0.0402559,0.0402576,0.0402594,0.0402614,0.0402636,0.0402659,0.0402683,0.0402709,0.0402737,0.0402766,0.0402796,0.0402828,0.0402862,0.0402897,0.0402933,0.0402972,0.0403011,0.0403052,0.0403095,0.0403139,0.0403184,0.0403232,0.040328,0.040333,0.0403382,0.0403435,0.0403489,0.0403545,0.0403603,0.0403662,0.0403723,0.0403784,0.0403848,0.0403913,0.0403979,0.0404047,0.0404116,0.0404187,0.0404259,0.0404332,0.0404407,0.0404484,0.0404562,0.0404641,0.0404721,0.0404804,0.0404887,0.0404972,0.0405058,0.0405145,0.0405234,0.0405324,0.0405416
0.0402489,0.0402489,0.0402492,0.0402495,0.04025,0.0402507,0.0402515,0.0402525,0.0402536,0.0402548,0.0402562,0.0402578,0.0402595,0.0402613,0.0402633,0.0402655,0.0402678,0.0402702,0.0402728,0.0402756,0.0402785,0.0402815,0.0402847,0.0402881,0.0402916,0.0402953,0.0402991,0.040303,0.0403071,0.0403114,0.0403158,0.0403204,0.0403251,0.0403299,0.0403349,0.0403401,0.0403454,0.0403509,0.0403565,0.0403622,0.0403681,0.0403742,0.0403804,0.0403867,0.0403932,0.0403998,0.0404066,0.0404135,0.0404206,0.0404278,0.0404351,0.0404426,0.0404503,0.0404581,0.040466,0.040474,0.0404822,0.0404906,0.0404991,0.0405077,0.0405164,0.0405253,0.0405343,0.0405435
0.040247,0.040247,0.0402473,0.0402476,0.0402481,0.0402488,0.0402496,0.0402506,0.0402517,0.0402529,0.0402543,0.0402559,0.0402576,0.0402594,0.0402614,0.0402636,0.0402659,0.0402683,0.0402709,0.0402737,0.0402766,0.0402796,0.0402828,0.0402862,0.0402897,0.0402933,0.0402972,0.0403011,0.0403052,0.0403095,0.0403139,0.0403185,0.0403232,0.040328,0.040333,0.0403382,0.0403435,0.0403489,0.0403546,0.0403603,0.0403662,0.0403722,0.0403785,0.0403848,0.0403913,0.0403979,0.0404047,0.0404116,0.0404187,0.0404259,0.0404332,0.0404408,0.0404484,0.0404562,0.0404641,0.0404722,0.0404804,0.0404887,0.0404972,0.0405058,0.0405145,0.0405234,0.0405324,0.0405416
0.0402489,0.0402489,0.0402492,0.0402495,0.04025,0.0402507,0.0402515,0.0402525,0.0402536,0.0402548,0.0402562,0.0402578,0.0402595,0.0402613,0.0402633,0.0402655,0.0402678,0.0402702,0.0402728,0.0402756,0.0402785,0.0402815,0.0402847,0.0402881,0.0402916,0.0402953,0.0402991,0.040303,0.0403071,0.0403114,0.0403158,0.0403204,0.0403251,0.0403299,0.0403349,0.0403401,0.0403454,0.0403509,0.0403565,0.0403622,0.0403681,0.0403742,0.0403804,0.0403867,0.0403932,0.0403998,0.0404066,0.0404135,0.0404206,0.0404278,0.0404351,0.0404427,0.0404503,0.0404581,0.040466,0.040474,0.0404822,0.0404906,0.0404991,0.0405077,0.0405164,0.0405253,0.0405343,0.0405435
0.040247,0.040247,0.0402473,0.0402476,0.0402481,0.0402488,0.0402496,0.0402506,0.0402517,0.0402529,0.0402543,0.0402559,0.0402576,0.0402594,0.0402614,0.0402636,0.0402659,0.0402683,0.0402709,0.0402737,0.0402766,0.0402796,0.0402828,0.0402862,0.0402897,0.0402934,0.0402972,0.0403011,0.0403052,0.0403095,0.0403139,0.0403185,0.0403232,0.040328,0.040333,0.0403382,0.0403435,0.0403489,0.0403546,0.0403603,0.0403662,0.0403723,0.0403785,0.0403848,0.0403913,0.0403979,0.0404047,0.0404116,0.0404187,0.0404259,0.0404332,0.0404408,0.0404484,0.0404562,0.0404641,0.0404722,0.0404804,0.0404887,0.0404972,0.0405058,0.0405146,0.0405234,0.0405325,0.0405416
0.0402508,0.0402509,0.0402511,0.0402514,0.0402519,0.0402526,0.0402534,0.0402544,0.0402555,0.0402567,0.0402581,0.0402597,0.0402614,0.0402632,0.0402652,0.0402674,0.0402697,0.0402721,0.0402747,0.0402775,0.0402804,0.0402834,0.0402866,0.04029,0.0402935,0.0402972,0.040301,0.0403049,0.040309,0.0403133,0.0403177,0.0403223,0.040327,0.0403318,0.0403368,0.040342,0.0403473,0.0403528,0.0403584,0.0403641,0.04037,0.0403761,0.0403823,0.0403886,0.0403951,0.0404017,0.0404085,0.0404154,0.0404225,0.0404297,0.0404371,0.0404446,0.0404522,0.04046,0.0404679,0.040476,0.0404841,0.0404925,0.040501,0.0405096,0.0405183,0.0405272,0.0405362,0.0405454
0.0402489,0.0402489,0.0402492,0.0402495,0.04025,0.0402507,0.0402515,0.0402525,0.0402536,0.0402548,0.0402562,0.0402578,0.0402595,0.0402613,0.0402633,0.0402655,0.0402678,0.0402702,0.0402728,0.0402756,0.0402785,0.0402815,0.0402847,0.0402881,0.0402916,0.0402953,0.0402991,0.040303,0.0403071,0.0403114,0.0403158,0.0403204,0.0403251,0.0403299,0.0403349,0.0403401,0.0403454,0.0403509,0.0403565,0.0403622,0.0403681,0.0403742,0.0403804,0.0403867,0.0403932,0.0403998,0.0404066,0.0404135,0.0404206,0.0404278,0.0404352,0.0404427,0.0404503,0.0404581,0.040466,0.0404741,0.0404823,0.0404906,0.0404991,0.0405077,0.0405165,0.0405253,0.0405344,0.0405435
0.0402489,0.0402489,0.0402492,0.0402495,0.04025,0.0402507,0.0402515,0.0402525,0.0402536,0.0402548,0.0402562,0.0402578,0.0402595,0.0402613,0.0402633,0.0402655,0.0402678,0.0402702,0.0402728,0.0402756,0.0402785,0.0402815,0.0402847,0.0402881,0.0402916,0.0402953,0.0402991,0.040303,0.0403071,0.0403114,0.0403158,0.0403204,0.0403251,0.0403299,0.0403349,0.0403401,0.0403454,0.0403509,0.0403565,0.0403622,0.0403681,0.0403742,0.0403804,0.0403867,0.0403932,0.0403998,0.0404066,0.0404135,0.0404206,0.0404278,0.0404352,0.0404427,0.0404503,0.0404581,0.040466,0.0404741,0.0404823,0.0404906,0.0404991,0.0405077,0.0405165,0.0405253,0.0405344,0.0405435
0.0402489,0.0402489,0.0402492,0.0402495,0.04025,0.0402507,0.0402515,0.0402525,0.0402536,0.0402548,0.0402562,0.0402578,0.0402595,0.0402613,0.0402633,0.0402655,0.0402678,0.0402702,0.0402728,0.0402756,0.0402785,0.0402815,0.0402847,0.0402881,0.0402916,0.0402953,0.0402991,0.040303,0.0403071,0.0403114,0.0403158,0.0403204,0.0403251,0.0403299,0.0403349,0.0403401,0.0403454,0.0403509,0.0403565,0.0403622,0.0403681,0.0403742,0.0403804,0.0403867,0.0403932,0.0403998,0.0404066,0.0404135,0.0404206,0.0404278,0.0404352,0.0404427,0.0404503,0.0404581,0.040466,0.0404741,0.0404823,0.0404906,0.0404991,0.0405077,0.0405165,0.0405253,0.0405344,0.0405435
0.0402508,0.0402509,0.0402511,0.0402514,0.0402519,0.0402526,0.0402534,0.0402544,0.0402555,0.0402567,0.0402581,0.0402597,0.0402614,0.0402632,0.0402652,0.0402674,0.0402697,0.0402721,0.0402747,0.0402775,0.0402804,0.0402834,0.0402866,0.04029,0.0402935,0.0402972,0.040301,0.0403049,0.040309,0.0403133,0.0403177,0.0403223,0.040327,0.0403318,0.0403368,0.040342,0.0403473,0.0403528,0.0403584,0.0403641,0.04037,0.0403761,0.0403823,0.0403886,0.0403951,0.0404017,0.0404085,0.0404154,0.0404225,0.0404297,0.0404371,0.0404446,0.0404522,0.04046,0.0404679,0.040476,0.0404842,0.0404925,0.040501,0.0405096,0.0405183,0.0405272,0.0405363,0.0405454
0.0402489,0.0402489,0.0402492,0.0402495,0.04025,0.0402507,0.0402515,0.0402525,0.0402536,0.0402548,0.0402562,0.0402578,0.0402595,0.0402613,0.0402633,0.0402655,0.0402678,0.0402702,0.0402728,0.0402756,0.0402785,0.0402815,0.0402847,0.0402881,0.0402916,0.0402953,0.0402991,0.040303,0.0403071,0.0403114,0.0403158,0.0403204,0.0403251,0.0403299,0.0403349,0.0403401,0.0403454,0.0403509,0.0403565,0.0403622,0.0403681,0.0403742,0.0403804,0.0403867,0.0403932,0.0403998,0.0404066,0.0404135,0.0404206,0.0404278,0.0404352,0.0404427,0.0404503,0.0404581,0.040466,0.0404741,0.0404823,0.0404906,0.0404991,0.0405077,0.0405165,0.0405253,0.0405344,0.0405435
0.0402508,0.0402509,0.0402511,0.0402514,0.0402519,0.0402526,0.0402534,0.0402544,0.0402555,0.0402567,0.0402581,0.0402597,0.0402614,0.0402632,0.0402652,0.0402674,0.0402697,0.0402721,0.0402747,0.0402775,0.0402804,0.0402834,0.0402866,0.04029,0.0402935,0.0402972,0.040301,0.0403049,0.040309,0.0403133,0.0403177,0.0403223,0.040327,0.0403318,0.0403368,0.040342,0.0403473,0.0403528,0.0403584,0.0403641,0.04037,0.0403761,0.0403823,0.0403886,0.0403951,0.0404017,0.0404085,0.0404154,0.0404225,0.0404297,0.0404371,0.0404446,0.0404522,0.04046,0.0404679,0.040476,0.0404842,0.0404925,0.040501,0.0405096,0.0405184,0.0405273,0.0405363,0.0405454
0.0402508,0.0402509,0.0402511,0.0402514,0.0402519,0.0402526,0.0402534,0.0402544,0.0402555,0.0402567,0.0402581,0.0402597,0.0402614,0.0402632,0.0402652,0.0402674,0.0402697,0.0402721,0.0402747,0.0402775,0.0402804,0.0402834,0.0402866,0.04029,0.0402935,0.0402972,0.040301,0.0403049,0.040309,0.0403133,0.0403177,0.0403223,0.040327,0.0403318,0.0403368,0.040342,0.0403473,0.0403528,0.0403584,0.0403641,0.04037,0.0403761,0.0403823,0.0403886,0.0403951,0.0404017,0.0404085,0.0404154,0.0404225,0.0404297,0.0404371,0.0404446,0.0404522,0.04046,0.0404679,0.040476,0.0404842,0.0404925,0.040501,0.0405096,0.0405184,0.0405272,0.0405363,0.0405454
0.0402508,0.0402509,0.0402511,0.0402514,0.0402519,0.0402526,0.0402534,0.0402544,0.0402555,0.0402567,0.0402581,0.0402597,0.0402614,0.0402632,0.0402652,0.0402674,0.0402697,0.0402721,0.0402747,0.0402775,0.0402804,0.0402834,0.0402866,0.04029,0.0402935,0.0402972,0.040301,0.0403049,0.040309,0.0403133,0.0403177,0.0403223,0.040327,0.0403318,0.0403369,0.040342,0.0403473,0.0403528,0.0403584,0.0403641,0.04037,0.0403761,0.0403823,0.0403886,0.0403951,0.0404017,0.0404085,0.0404154,0.0404225,0.0404297,0.0404371,0.0404446,0.0404522,0.04046,0.0404679,0.040476,0.0404842,0.0404925,0.040501,0.0405096,0.0405184,0.0405272,0.0405363,0.0405454
0.0402508,0.0402509,0.0402511,0.0402514,0.0402519,0.0402526,0.0402534,0.0402544,0.0402555,0.0402567,0.0402581,0.0402597,0.0402614,0.0402632,0.0402652,0.0402674,0.0402697,0.0402721,0.0402747,0.0402775,0.0402804,0.0402834,0.0402866,0.04029,0.0402935,0.0402972,0.040301,0.0403049,0.040309,0.0403133,0.0403177,0.0403223,0.040327,0.0403318,0.0403369,0.040342,0.0403473,0.0403528,0.0403584,0.0403641,0.04037,0.0403761,0.0403823,0.0403886,0.0403951,0.0404017,0.0404085,0.0404154,0.0404225,0.0404297,0.0404371,0.0404446,0.0404522,0.04046,0.0404679,0.040476,0.0404842,0.0404925,0.040501,0.0405096,0.0405183,0.0405273,0.0405363,0.0405454
0.0402508,0.0402509,0.0402511,0.0402514,0.0402519,0.0402526,0.0402534,0.0402544,0.0402555,0.0402567,0.0402581,0.0402597,0.0402614,0.0402632,0.0402652,0.0402674,0.0402697,0.0402721,0.0402747,0.0402775,0.0402804,0.0402834,0.0402866,0.04029,0.0402935,0.0402972,0.040301,0.0403049,0.040309,0.0403133,0.0403177,0.0403223,0.040327,0.0403318,0.0403369,0.040342,0.0403473,0.0403528,0.0403584,0.0403641,0.04037,0.0403761,0.0403823,0.0403886,0.0403951,0.0404017,0.0404085,0.0404154,0.0404225,0.0404297,0.0404371,0.0404446,0.0404522,0.04046,0.0404679,0.040476,0.0404842,0.0404925,0.040501,0.0405096,0.0405184,0.0405273,0.0405363,0.0405454
0.0402527,0.0402528,0.040253,0.0402533,0.0402539,0.0402545,0.0402553,0.0402563,0.0402574,0.0402586,0.04026,0.0402616,0.0402633,0.0402651,0.0402671,0.0402693,0.0402716,0.040274,0.0402766,0.0402794,0.0402823,0.0402854,0.0402886,0.0402919,0.0402954,0.0402991,0.0403029,0.0403068,0.0403109,0.0403152,0.0403196,0.0403242,0.0403289,0.0403337,0.0403388,0.0403439,0.0403492,0.0403547,0.0403603,0.040366,0.0403719,0.040378,0.0403842,0.0403905,0.040397,0.0404037,0.0404104,0.0404173,0.0404244,0.0404316,0.040439,0.0404465,0.0404541,0.0404619,0.0404698,0.0404779,0.0404861,0.0404944,0.0405029,0.0405115,0.0405203,0.0405292,0.0405382,0.0405473
0.0402508,0.0402509,0.0402511,0.0402514,0.0402519,0.0402526,0.0402534,0.0402544,0.0402555,0.0402567,0.0402581,0.0402597,0.0402614,0.0402632,0.0402652,0.0402674,0.0402697,0.0402721,0.0402747,0.0402775,0.0402804,0.0402834,0.0402866,0.04029,0.0402935,0.0402972,0.040301,0.0403049,0.040309,0.0403133,0.0403177,0.0403223,0.040327,0.0403318,0.0403369,0.040342,0.0403473,0.0403528,0.0403584,0.0403641,0.04037,0.0403761,0.0403823,0.0403886,0.0403951,0.0404017,0.0404085,0.0404155,0.0404225,0.0404297,0.0404371,0.0404446,0.0404522,0.04046,0.0404679,0.040476,0.0404842,0.0404925,0.040501,0.0405096,0.0405184,0.0405273,0.0405363,0.0405454
0.0402527,0.0402528,0.040253,0.0402533,0.0402539,0.0402545,0.0402553,0.0402563,0.0402574,0.0402586,0.04026,0.0402616,0.0402633,0.0402651,0.0402671,0.0402693,0.0402716,0.040274,0.0402766,0.0402794,0.0402823,0.0402854,0.0402886,0.0402919,0.0402954,0.0402991,0.0403029,0.0403068,0.040311,0.0403152,0.0403196,0.0403242,0.0403289,0.0403337,0.0403388,0.0403439,0.0403492,0.0403547,0.0403603,0.040366,0.0403719,0.040378,0.0403842,0.0403905,0.040397,0.0404036,0.0404104,0.0404173,0.0404244,0.0404316,0.040439,0.0404465,0.0404541,0.0404619,0.0404698,0.0404779,0.0404861,0.0404944,0.0405029,0.0405115,0.0405203,0.0405292,0.0405382,0.0405473
0.0402527,0.0402528,0.040253,0.0402533,0.0402539,0.0402545,0.0402553,0.0402563,0.0402574,0.0402586,0.04026,0.0402616,0.0402633,0.0402651,0.0402671,0.0402693,0.0402716,0.040274,0.0402766,0.0402794,0.0402823,0.0402854,0.0402886,0.0402919,0.0402954,0.0402991,0.0403029,0.0403068,0.0403109,0.0403152,0.0403196,0.0403242,0.0403289,0.0403338,0.0403388,0.0403439,0.0403492,0.0403547,0.0403603,0.040366,0.0403719,0.040378,0.0403842,0.0403905,0.040397,0.0404036,0.0404104,0.0404174,0.0404244,0.0404316,0.040439,0.0404465,0.0404541,0.0404619,0.0404698,0.0404779,0.0404861,0.0404944,0.0405029,0.0405115,0.0405203,0.0405292,0.0405382,0.0405474
0.0402508,0.0402509,0.0402511,0.0402514,0.0402519,0.0402526,0.0402534,0.0402544,0.0402555,0.0402567,0.0402581,0.0402597,0.0402614,0.0402632,0.0402652,0.0402674,0.0402697,0.0402721,0.0402747,0.0402775,0.0402804,0.0402834,0.0402867,0.04029,0.0402935,0.0402972,0.040301,0.0403049,0.040309,0.0403133,0.0403177,0.0403223,0.040327,0.0403318,0.0403369,0.040342,0.0403473,0.0403528,0.0403584,0.0403641,0.04037,0.0403761,0.0403823,0.0403886,0.0403951,0.0404017,0.0404085,0.0404155,0.0404225,0.0404297,0.0404371,0.0404446,0.0404522,0.04046,0.0404679,0.040476,0.0404842,0.0404925,0.040501,0.0405096,0.0405184,0.0405273,0.0405363,0.0405455
0.0402527,0.0402528,0.040253,0.0402533,0.0402539,0.0402545,0.0402553,0.0402563,0.0402574,0.0402586,0.04026,0.0402616,0.0402633,0.0402651,0.0402671,0.0402693,0.0402716,0.040274,0.0402766,0.0402794,0.0402823,0.0402854,0.0402886,0.0402919,0.0402954,0.0402991,0.0403029,0.0403068,0.040311,0.0403152,0.0403196,0.0403242,0.0403289,0.0403338,0.0403388,0.0403439,0.0403492,0.0403547,0.0403603,0.040366,0.0403719,0.040378,0.0403842,0.0403905,0.040397,0.0404037,0.0404104,0.0404174,0.0404244,0.0404316,0.040439,0.0404465,0.0404541,0.0404619,0.0404698,0.0404779,0.0404861,0.0404944,0.0405029,0.0405115,0.0405203,0.0405292,0.0405382,0.0405474
0.0402546,0.0402547,0.0402549,0.0402553,0.0402558,0.0402564,0.0402572,0.0402582,0.0402593,0.0402605,0.0402619,0.0402635,0.0402652,0.040267,0.040269,0.0402712,0.0402735,0.0402759,0.0402786,0.0402813,0.0402842,0.0402873,0.0402905,0.0402938,0.0402973,0.040301,0.0403048,0.0403087,0.0403129,0.0403171,0.0403215,0.0403261,0.0403308,0.0403356,0.0403407,0.0403458,0.0403511,0.0403566,0.0403622,0.040368,0.0403739,0.0403799,0.0403861,0.0403924,0.0403989,0.0404056,0.0404123,0.0404193,0.0404263,0.0404335,0.0404409,0.0404484,0.040456,0.0404638,0.0404717,0.0404798,0.040488,0.0404963,0.0405048,0.0405134,0.0405222,0.0405311,0.0405401,0.0405492
0.0402527,0.0402528,0.040253,0.0402533,0.0402539,0.0402545,0.0402553,0.0402563,0.0402574,0.0402586,0.04026,0.0402616,0.0402633,0.0402651,0.0402671,0.0402693,0.0402716,0.040274,0.0402766,0.0402794,0.0402823,0.0402854,0.0402886,0.0402919,0.0402954,0.0402991,0.0403029,0.0403068,0.040311,0.0403152,0.0403196,0.0403242,0.0403289,0.0403338,0.0403388,0.0403439,0.0403492,0.0403547,0.0403603,0.040366,0.0403719,0.040378,0.0403842,0.0403905,0.040397,0.0404037,0.0404104,0.0404174,0.0404244,0.0404316,0.040439,0.0404465,0.0404541,0.0404619,0.0404698,0.0404779,0.0404861,0.0404945,0.0405029,0.0405115,0.0405203,0.0405292,0.0405382,0.0405474
0.0402527,0.0402528,0.040253,0.0402533,0.0402539,0.0402545,0.0402553,0.0402563,0.0402574,0.0402586,0.04026,0.0402616,0.0402633,0.0402651,0.0402671,0.0402693,0.0402716,0.040274,0.0402766,0.0402794,0.0402823,0.0402854,0.0402886,0.0402919,0.0402954,0.0402991,0.0403029,0.0403068,0.040311,0.0403152,0.0403196,0.0403242,0.0403289,0.0403338,0.0403388,0.0403439,0.0403492,0.0403547,0.0403603,0.0403661,0.0403719,0.040378,0.0403842,0.0403905,0.040397,0.0404037,0.0404104,0.0404174,0.0404244,0.0404316,0.040439,0.0404465,0.0404541,0.0404619,0.0404698,0.0404779,0.0404861,0.0404944,0.0405029,0.0405115,0.0405203,0.0405292,0.0405382,0.0405474
0.0402546,0.0402547,0.0402549,0.0402553,0.0402558,0.0402564,0.0402572,0.0402582,0.0402593,0.0402605,0.0402619,0.0402635,0.0402652,0.040267,0.040269,0.0402712,0.0402735,0.0402759,0.0402786,0.0402813,0.0402842,0.0402873,0.0402905,0.0402938,0.0402973,0.040301,0.0403048,0.0403087,0.0403129,0.0403171,0.0403215,0.0403261,0.0403308,0.0403356,0.0403407,0.0403458,0.0403511,0.0403566,0.0403622,0.040368,0.0403739,0.0403799,0.0403861,0.0403924,0.0403989,0.0404056,0.0404123,0.0404193,0.0404263,0.0404335,0.0404409,0.0404484,0.040456,0.0404638,0.0404717,0.0404798,0.040488,0.0404963,0.0405048,0.0405134,0.0405222,0.0405311,0.0405401,0.0405492
0.0402527,0.0402528,0.040253,0.0402533,0.0402539,0.0402545,0.0402553,0.0402563,0.0402574,0.0402586,0.04026,0.0402616,0.0402633,0.0402651,0.0402671,0.0402693,0.0402716,0.040274,0.0402766,0.0402794,0.0402823,0.0402854,0.0402886,0.0402919,0.0402954,0.0402991,0.0403029,0.0403068,0.040311,0.0403152,0.0403196,0.0403242,0.0403289,0.0403338,0.0403388,0.0403439,0.0403492,0.0403547,0.0403603,0.040366,0.0403719,0.040378,0.0403842,0.0403905,0.040397,0.0404037,0.0404104,0.0404174,0.0404244,0.0404316,0.040439,0.0404465,0.0404541,0.0404619,0.0404698,0.0404779,0.0404861,0.0404945,0.0405029,0.0405115,0.0405203,0.0405292,0.0405382,0.0405474
0.0402527,0.0402528,0.040253,0.0402533,0.0402539,0.0402545,0.0402553,0.0402563,0.0402574,0.0402586,0.04026,0.0402616,0.0402633,0.0402651,0.0402671,0.0402693,0.0402716,0.040274,0.0402766,0.0402794,0.0402823,0.0402854,0.0402886,0.0402919,0.0402954,0.0402991,0.0403029,0.0403068,0.040311,0.0403152,0.0403196,0.0403242,0.0403289,0.0403338,0.0403388,0.0403439,0.0403492,0.0403547,0.0403603,0.0403661,0.0403719,0.040378,0.0403842,0.0403905,0.040397,0.0404037,0.0404104,0.0404174,0.0404244,0.0404316,0.040439,0.0404465,0.0404541,0.0404619,0.0404699,0.0404779,0.0404861,0.0404944,0.0405029,0.0405115,0.0405203,0.0405292,0.0405382,0.0405474
0.0402565,0.0402566,0.0402568,0.0402572,0.0402577,0.0402583,0.0402591,0.0402601,0.0402612,0.0402625,0.0402639,0.0402654,0.0402671,0.040269,0.040271,0.0402731,0.0402754,0.0402779,0.0402805,0.0402832,0.0402861,0.0402892,0.0402924,0.0402957,0.0402992,0.0403029,0.0403067,0.0403107,0.0403148,0.040319,0.0403234,0.040328,0.0403327,0.0403376,0.0403426,0.0403477,0.040353,0.0403585,0.0403641,0.0403698,0.0403758,0.0403818,0.040388,0.0403943,0.0404008,0.0404075,0.0404142,0.0404212,0.0404282,0.0404355,0.0404428,0.0404503,0.0404579,0.0404657,0.0404736,0.0404817,0.0404899,0.0404982,0.0405067,0.0405153,0.0405241,0.040533,0.040542,0.0405512
0.0402527,0.0402528,0.040253,0.0402533,0.0402539,0.0402545,0.0402553,0.0402563,0.0402574,0.0402586,0.04026,0.0402616,0.0402633,0.0402651,0.0402671,0.0402693,0.0402716,0.040274,0.0402766,0.0402794,0.0402823,0.0402854,0.0402886,0.0402919,0.0402954,0.0402991,0.0403029,0.0403068,0.040311,0.0403152,0.0403196,0.0403242,0.0403289,0.0403338,0.0403388,0.0403439,0.0403492,0.0403547,0.0403603,0.0403661,0.0403719,0.040378,0.0403842,0.0403905,0.040397,0.0404037,0.0404105,0.0404174,0.0404244,0.0404316,0.040439,0.0404465,0.0404541,0.0404619,0.0404698,0.0404779,0.0404861,0.0404945,0.0405029,0.0405116,0.0405203,0.0405292,0.0405382,0.0405474
0.0402546,0.0402547,0.0402549,0.0402553,0.0402558,0.0402564,0.0402572,0.0402582,0.0402593,0.0402605,0.0402619,0.0402635,0.0402652,0.040267,0.040269,0.0402712,0.0402735,0.040276,0.0402786,0.0402813,0.0402842,0.0402873,0.0402905,0.0402938,0.0402973,0.040301,0.0403048,0.0403087,0.0403129,0.0403171,0.0403215,0.0403261,0.0403308,0.0403357,0.0403407,0.0403458,0.0403511,0.0403566,0.0403622,0.040368,0.0403739,0.0403799,0.0403861,0.0403924,0.0403989,0.0404056,0.0404123,0.0404193,0.0404263,0.0404336,0.0404409,0.0404484,0.040456,0.0404638,0.0404717,0.0404798,0.040488,0.0404964,0.0405048,0.0405134,0.0405222,0.0405311,0.0405401,0.0405493
0.0402546,0.0402547,0.0402549,0.0402553,0.0402558,0.0402564,0.0402572,0.0402582,0.0402593,0.0402605,0.0402619,0.0402635,0.0402652,0.040267,0.040269,0.0402712,0.0402735,0.0402759,0.0402786,0.0402813,0.0402842,0.0402873,0.0402905,0.0402938,0.0402973,0.040301,0.0403048,0.0403088,0.0403129,0.0403171,0.0403215,0.0403261,0.0403308,0.0403357,0.0403407,0.0403458,0.0403511,0.0403566,0.0403622,0.040368,0.0403739,0.0403799,0.0403861,0.0403925,0.0403989,0.0404056,0.0404123,0.0404193,0.0404263,0.0404335,0.0404409,0.0404484,0.0404561,0.0404638,0.0404718,0.0404798,0.040488,0.0404963,0.0405048,0.0405135,0.0405222,0.0405311,0.0405401,0.0405493
0.0402546,0.0402547,0.0402549,0.0402553,0.0402558,0.0402564,0.0402572,0.0402582,0.0402593,0.0402605,0.0402619,0.0402635,0.0402652,0.040267,0.040269,0.0402712,0.0402735,0.040276,0.0402786,0.0402813,0.0402842,0.0402873,0.0402905,0.0402938,0.0402973,0.040301,0.0403048,0.0403088,0.0403129,0.0403171,0.0403215,0.0403261,0.0403308,0.0403357,0.0403407,0.0403458,0.0403511,0.0403566,0.0403622,0.040368,0.0403739,0.0403799,0.0403861,0.0403924,0.0403989,0.0404056,0.0404124,0.0404193,0.0404263,0.0404336,0.0404409,0.0404484,0.0404561,0.0404638,0.0404718,0.0404798,0.040488,0.0404964,0.0405048,0.0405135,0.0405222,0.0405311,0.0405401,0.0405493
0.0402565,0.0402566,0.0402568,0.0402572,0.0402577,0.0402583,0.0402591,0.0402601,0.0402612,0.0402625,0.0402639,0.0402654,0.0402671,0.040269,0.040271,0.0402731,0.0402754,0.0402779,0.0402805,0.0402832,0.0402861,0.0402892,0.0402924,0.0402957,0.0402992,0.0403029,0.0403067,0.0403107,0.0403148,0.040319,0.0403234,0.040328,0.0403327,0.0403376,0.0403426,0.0403477,0.040353,0.0403585,0.0403641,0.0403699,0.0403758,0.0403818,0.040388,0.0403943,0.0404008,0.0404075,0.0404143,0.0404212,0.0404282,0.0404355,0.0404428,0.0404503,0.0404579,0.0404657,0.0404737,0.0404817,0.0404899,0.0404983,0.0405067,0.0405154,0.0405241,0.040533,0.040542,0.0405512
0.0402546,0.0402547,0.0402549,0.0402553,0.0402558,0.0402564,0.0402572,0.0402582,0.0402593,0.0402605,0.0402619,0.0402635,0.0402652,0.040267,0.040269,0.0402712,0.0402735,0.040276,0.0402786,0.0402813,0.0402842,0.0402873,0.0402905,0.0402938,0.0402973,0.040301,0.0403048,0.0403088,0.0403129,0.0403171,0.0403215,0.0403261,0.0403308,0.0403357,0.0403407,0.0403458,0.0403511,0.0403566,0.0403622,0.040368,0.0403739,0.0403799,0.0403861,0.0403924,0.0403989,0.0404056,0.0404124,0.0404193,0.0404263,0.0404336,0.0404409,0.0404484,0.0404561,0.0404638,0.0404718,0.0404798,0.040488,0.0404964,0.0405048,0.0405135,0.0405222,0.0405311,0.0405401,0.0405493
0.0402565,0.0402566,0.0402568,0.0402572,0.0402577,0.0402583,0.0402591,0.0402601,0.0402612,0.0402625,0.0402639,0.0402654,0.0402671,0.040269,0.040271,0.0402731,0.0402754,0.0402779,0.0402805,0.0402832,0.0402861,0.0402892,0.0402924,0.0402957,0.0402992,0.0403029,0.0403067,0.0403107,0.0403148,0.040319,0.0403234,0.040328,0.0403327,0.0403376,0.0403426,0.0403477,0.040353,0.0403585,0.0403641,0.0403699,0.0403758,0.0403818,0.040388,0.0403944,0.0404008,0.0404075,0.0404143,0.0404212,0.0404282,0.0404355,0.0404428,0.0404503,0.040458,0.0404657,0.0404737,0.0404817,0.0404899,0.0404983,0.0405067,0.0405154,0.0405241,0.040533,0.040542,0.0405512
0.0402546,0.0402547,0.0402549,0.0402553,0.0402558,0.0402564,0.0402572,0.0402582,0.0402593,0.0402605,0.0402619,0.0402635,0.0402652,0.040267,0.040269,0.0402712,0.0402735,0.040276,0.0402786,0.0402813,0.0402842,0.0402873,0.0402905,0.0402938,0.0402973,0.040301,0.0403048,0.0403088,0.0403129,0.0403171,0.0403215,0.0403261,0.0403308,0.0403357,0.0403407,0.0403458,0.0403511,0.0403566,0.0403622,0.040368,0.0403739,0.0403799,0.0403861,0.0403924,0.0403989,0.0404056,0.0404124,0.0404193,0.0404263,0.0404336,0.0404409,0.0404484,0.0404561,0.0404639,0.0404718,0.0404798,0.040488,0.0404964,0.0405048,0.0405135,0.0405222,0.0405311,0.0405401,0.0405493
0.0402565,0.0402566,0.0402568,0.0402572,0.0402577,0.0402583,0.0402591,0.0402601,0.0402612,0.0402625,0.0402639,0.0402654,0.0402671,0.040269,0.040271,0.0402731,0.0402754,0.0402779,0.0402805,0.0402832,0.0402861,0.0402892,0.0402924,0.0402957,0.0402992,0.0403029,0.0403067,0.0403107,0.0403148,0.040319,0.0403234,0.040328,0.0403327,0.0403376,0.0403426,0.0403477,0.040353,0.0403585,0.0403641,0.0403699,0.0403758,0.0403818,0.040388,0.0403943,0.0404008,0.0404075,0.0404143,0.0404212,0.0404282,0.0404355,0.0404428,0.0404503,0.040458,0.0404657,0.0404737,0.0404817,0.0404899,0.0404983,0.0405068,0.0405154,0.0405241,0.040533,0.0405421,0.0405512
0.0402565,0.0402566,0.0402568,0.0402572,0.0402577,0.0402583,0.0402591,0.0402601,0.0402612,0.0402625,0.0402639,0.0402654,0.0402671,0.040269,0.040271,0.0402731,0.0402754,0.0402779,0.0402805,0.0402832,0.0402861,0.0402892,0.0402924,0.0402957,0.0402992,0.0403029,0.0403067,0.0403107,0.0403148,0.040319,0.0403234,0.040328,0.0403327,0.0403376,0.0403426,0.0403477,0.040353,0.0403585,0.0403641,0.0403699,0.0403758,0.0403818,0.040388,0.0403944,0.0404008,0.0404075,0.0404143,0.0404212,0.0404282,0.0404355,0.0404428,0.0404503,0.040458,0.0404657,0.0404737,0.0404817,0.0404899,0.0404983,0.0405067,0.0405154,0.0405241,0.040533,0.040542,0.0405512
0.0402565,0.0402566,0.0402568,0.0402572,0.0402577,0.0402583,0.0402591,0.0402601,0.0402612,0.0402625,0.0402639,0.0402654,0.0402671,0.040269,0.040271,0.0402731,0.0402754,0.0402779,0.0402805,0.0402832,0.0402861,0.0402892,0.0402924,0.0402957,0.0402992,0.0403029,0.0403067,0.0403107,0.0403148,0.040319,0.0403234,0.040328,0.0403327,0.0403376,0.0403426,0.0403477,0.040353,0.0403585,0.0403641,0.0403699,0.0403758,0.0403818,0.040388,0.0403944,0.0404008,0.0404075,0.0404143,0.0404212,0.0404283,0.0404355,0.0404428,0.0404503,0.040458,0.0404657,0.0404737,0.0404817,0.0404899,0.0404983,0.0405067,0.0405154,0.0405241,0.040533,0.040542,0.0405512
0.0402546,0.0402547,0.0402549,0.0402553,0.0402558,0.0402564,0.0402572,0.0402582,0.0402593,0.0402605,0.0402619,0.0402635,0.0402652,0.040267,0.040269,0.0402712,0.0402735,0.040276,0.0402786,0.0402813,0.0402842,0.0402873,0.0402905,0.0402938,0.0402973,0.040301,0.0403048,0.0403088,0.0403129,0.0403171,0.0403215,0.0403261,0.0403308,0.0403357,0.0403407,0.0403458,0.0403512,0.0403566,0.0403622,0.040368,0.0403739,0.0403799,0.0403861,0.0403925,0.0403989,0.0404056,0.0404124,0.0404193,0.0404263,0.0404336,0.0404409,0.0404484,0.0404561,0.0404639,0.0404718,0.0404798,0.040488,0.0404964,0.0405049,0.0405135,0.0405222,0.0405311,0.0405402,0.0405493
0.0402584,0.0402585,0.0402587,0.0402591,0.0402596,0.0402602,0.040261,0.040262,0.0402631,0.0402644,0.0402658,0.0402673,0.040269,0.0402709,0.0402729,0.040275,0.0402773,0.0402798,0.0402824,0.0402851,0.040288,0.0402911,0.0402943,0.0402976,0.0403011,0.0403048,0.0403086,0.0403126,0.0403167,0.0403209,0.0403253,0.0403299,0.0403346,0.0403395,0.0403445,0.0403497,0.0403549,0.0403604,0.040366,0.0403718,0.0403777,0.0403837,0.0403899,0.0403963,0.0404027,0.0404094,0.0404162,0.0404231,0.0404301,0.0404374,0.0404447,0.0404522,0.0404599,0.0404676,0.0404756,0.0404836,0.0404918,0.0405002,0.0405087,0.0405173,0.040526,0.0405349,0.0405439,0.0405531
0.0402546,0.0402547,0.0402549,0.0402553,0.0402558,0.0402564,0.0402572,0.0402582,0.0402593,0.0402605,0.0402619,0.0402635,0.0402652,0.040267,0.040269,0.0402712,0.0402735,0.040276,0.0402786,0.0402813,0.0402842,0.0402873,0.0402905,0.0402938,0.0402973,0.040301,0.0403048,0.0403088,0.0403129,0.0403171,0.0403215,0.0403261,0.0403308,0.0403357,0.0403407,0.0403458,0.0403512,0.0403566,0.0403622,0.040368,0.0403739,0.0403799,0.0403861,0.0403925,0.0403989,0.0404056,0.0404124,0.0404193,0.0404264,0.0404336,0.0404409,0.0404484,0.0404561,0.0404639,0.0404718,0.0404798,0.040488,0.0404964,0.0405048,0.0405135,0.0405222,0.0405311,0.0405401,0.0405493
0.0402584,0.0402585,0.0402587,0.0402591,0.0402596,0.0402602,0.040261,0.040262,0.0402631,0.0402644,0.0402658,0.0402673,0.040269,0.0402709,0.0402729,0.040275,0.0402773,0.0402798,0.0402824,0.0402851,0.040288,0.0402911,0.0402943,0.0402976,0.0403011,0.0403048,0.0403086,0.0403126,0.0403167,0.0403209,0.0403254,0.0403299,0.0403346,0.0403395,0.0403445,0.0403496,0.040355,0.0403604,0.040366,0.0403718,0.0403777,0.0403837,0.0403899,0.0403963,0.0404027,0.0404094,0.0404162,0.0404231,0.0404301,0.0404374,0.0404447,0.0404522,0.0404599,0.0404676,0.0404756,0.0404836,0.0404918,0.0405002,0.0405087,0.0405173,0.040526,0.0405349,0.040544,0.0405531
0.0402565,0.0402566,0.0402568,0.0402572,0.0402577,0.0402583,0.0402591,0.0402601,0.0402612,0.0402625,0.0402639,0.0402654,0.0402671,0.040269,0.040271,0.0402731,0.0402754,0.0402779,0.0402805,0.0402832,0.0402861,0.0402892,0.0402924,0.0402957,0.0402992,0.0403029,0.0403067,0.0403107,0.0403148,0.040319,0.0403234,0.040328,0.0403327,0.0403376,0.0403426,0.0403477,0.0403531,0.0403585,0.0403641,0.0403699,0.0403758,0.0403818,0.040388,0.0403944,0.0404008,0.0404075,0.0404143,0.0404212,0.0404283,0.0404355,0.0404428,0.0404503,0.040458,0.0404658,0.0404737,0.0404817,0.0404899,0.0404983,0.0405067,0.0405154,0.0405241,0.040533,0.040542,0.0405512
0.0402565,0.0402566,0.0402568,0.0402572,0.0402577,0.0402583,0.0402591,0.0402601,0.0402612,0.0402625,0.0402639,0.0402654,0.0402671,0.040269,0.040271,0.0402731,0.0402754,0.0402779,0.0402805,0.0402832,0.0402861,0.0402892,0.0402924,0.0402957,0.0402992,0.0403029,0.0403067,0.0403107,0.0403148,0.040319,0.0403235,0.040328,0.0403327,0.0403376,0.0403426,0.0403477,0.0403531,0.0403585,0.0403641,0.0403699,0.0403758,0.0403818,0.040388,0.0403944,0.0404009,0.0404075,0.0404143,0.0404212,0.0404283,0.0404355,0.0404428,0.0404503,0.040458,0.0404657,0.0404737,0.0404817,0.0404899,0.0404983,0.0405068,0.0405154,0.0405242,0.040533,0.0405421,0.0405512
0.0402584,0.0402585,0.0402587,0.0402591,0.0402596,0.0402602,0.040261,0.040262,0.0402631,0.0402644,0.0402658,0.0402673,0.040269,0.0402709,0.0402729,0.040275,0.0402773,0.0402798,0.0402824,0.0402851,0.040288,0.0402911,0.0402943,0.0402976,0.0403011,0.0403048,0.0403086,0.0403126,0.0403167,0.0403209,0.0403253,0.0403299,0.0403346,0.0403395,0.0403445,0.0403497,0.040355,0.0403604,0.040366,0.0403718,0.0403777,0.0403837,0.0403899,0.0403963,0.0404027,0.0404094,0.0404162,0.0404231,0.0404302,0.0404374,0.0404447,0.0404522,0.0404599,0.0404676,0.0404756,0.0404836,0.0404919,0.0405002,0.0405087,0.0405173,0.040526,0.0405349,0.0405439,0.0405531
0.0402565,0.0402566,0.0402568,0.0402572,0.0402577,0.0402583,0.0402591,0.0402601,0.0402612,0.0402625,0.0402639,0.0402654,0.0402671,0.040269,0.040271,0.0402731,0.0402754,0.0402779,0.0402805,0.0402832,0.0402861,0.0402892,0.0402924,0.0402957,0.0402992,0.0403029,0.0403067,0.0403107,0.0403148,0.040319,0.0403234,0.040328,0.0403327,0.0403376,0.0403426,0.0403477,0.040353,0.0403585,0.0403641,0.0403699,0.0403758,0.0403818,0.040388,0.0403944,0.0404008,0.0404075,0.0404143,0.0404212,0.0404283,0.0404355,0.0404428,0.0404503,0.040458,0.0404658,0.0404737,0.0404817,0.0404899,0.0404983,0.0405068,0.0405154,0.0405241,0.040533,0.0405421,0.0405512
0.0402584,0.0402585,0.0402587,0.0402591,0.0402596,0.0402602,0.040261,0.040262,0.0402631,0.0402644,0.0402658,0.0402673,0.040269,0.0402709,0.0402729,0.040275,0.0402773,0.0402798,0.0402824,0.0402851,0.040288,0.0402911,0.0402943,0.0402976,0.0403011,0.0403048,0.0403086,0.0403126,0.0403167,0.0403209,0.0403253,0.0403299,0.0403346,0.0403395,0.0403445,0.0403497,0.040355,0.0403604,0.040366,0.0403718,0.0403777,0.0403837,0.0403899,0.0403963,0.0404028,0.0404094,0.0404162,0.0404231,0.0404302,0.0404374,0.0404447,0.0404522,0.0404599,0.0404677,0.0404756,0.0404837,0.0404919,0.0405002,0.0405087,0.0405173,0.0405261,0.0405349,0.040544,0.0405531
0.0402584,0.0402585,0.0402587,0.0402591,0.0402596,0.0402602,0.040261,0.040262,0.0402631,0.0402644,0.0402658,0.0402673,0.040269,0.0402709,0.0402729,0.040275,0.0402773,0.0402798,0.0402824,0.0402851,0.040288,0.0402911,0.0402943,0.0402976,0.0403011,0.0403048,0.0403086,0.0403126,0.0403167,0.0403209,0.0403254,0.0403299,0.0403346,0.0403395,0.0403445,0.0403497,0.040355,0.0403604,0.040366,0.0403718,0.0403777,0.0403837,0.0403899,0.0403963,0.0404028,0.0404094,0.0404162,0.0404231,0.0404302,0.0404374,0.0404447,0.0404522,0.0404599,0.0404677,0.0404756,0.0404836,0.0404918,0.0405002,0.0405087,0.0405173,0.0405261,0.0405349,0.040544,0.0405531
0.0402565,0.0402566,0.0402568,0.0402572,0.0402577,0.0402583,0.0402591,0.0402601,0.0402612,0.0402625,0.0402639,0.0402654,0.0402671,0.040269,0.040271,0.0402731,0.0402754,0.0402779,0.0402805,0.0402832,0.0402861,0.0402892,0.0402924,0.0402957,0.0402992,0.0403029,0.0403067,0.0403107,0.0403148,0.040319,0.0403234,0.040328,0.0403327,0.0403376,0.0403426,0.0403477,0.0403531,0.0403585,0.0403641,0.0403699,0.0403758,0.0403818,0.040388,0.0403944,0.0404008,0.0404075,0.0404143,0.0404212,0.0404283,0.0404355,0.0404428,0.0404503,0.040458,0.0404657,0.0404737,0.0404817,0.0404899,0.0404983,0.0405068,0.0405154,0.0405241,0.040533,0.0405421,0.0405512
0.0402584,0.0402585,0.0402587,0.0402591,0.0402596,0.0402602,0.040261,0.040262,0.0402631,0.0402644,0.0402658,0.0402673,0.040269,0.0402709,0.0402729,0.040275,0.0402773,0.0402798,0.0402824,0.0402851,0.040288,0.0402911,0.0402943,0.0402976,0.0403011,0.0403048,0.0403086,0.0403126,0.0403167,0.0403209,0.0403253,0.0403299,0.0403346,0.0403395,0.0403445,0.0403497,0.040355,0.0403604,0.040366,0.0403718,0.0403777,0.0403837,0.0403899,0.0403963,0.0404028,0.0404094,0.0404162,0.0404231,0.0404302,0.0404374,0.0404447,0.0404522,0.0404599,0.0404677,0.0404756,0.0404836,0.0404919,0.0405002,0.0405087,0.0405173,0.040526,0.0405349,0.040544,0.0405531
0.0402584,0.0402585,0.0402587,0.0402591,0.0402596,0.0402602,0.040261,0.040262,0.0402631,0.0402644,0.0402658,0.0402673,0.040269,0.0402709,0.0402729,0.040275,0.0402773,0.0402798,0.0402824,0.0402851,0.040288,0.0402911,0.0402943,0.0402976,0.0403011,0.0403048,0.0403086,0.0403126,0.0403167,0.0403209,0.0403254,0.0403299,0.0403346,0.0403395,0.0403445,0.0403497,0.040355,0.0403604,0.040366,0.0403718,0.0403777,0.0403837,0.0403899,0.0403963,0.0404028,0.0404094,0.0404162,0.0404231,0.0404302,0.0404374,0.0404447,0.0404522,0.0404599,0.0404677,0.0404756,0.0404837,0.0404919,0.0405002,0.0405087,0.0405173,0.0405261,0.0405349,0.040544,0.0405531
0.0402584,0.0402585,0.0402587,0.0402591,0.0402596,0.0402602,0.040261,0.040262,0.0402631,0.0402644,0.0402658,0.0402673,0.040269,0.0402709,0.0402729,0.040275,0.0402773,0.0402798,0.0402824,0.0402851,0.040288,0.0402911,0.0402943,0.0402976,0.0403011,0.0403048,0.0403086,0.0403126,0.0403167,0.0403209,0.0403254,0.0403299,0.0403346,0.0403395,0.0403445,0.0403497,0.040355,0.0403604,0.040366,0.0403718,0.0403777,0.0403837,0.0403899,0.0403963,0.0404028,0.0404094,0.0404162,0.0404231,0.0404302,0.0404374,0.0404447,0.0404522,0.0404599,0.0404677,0.0404756,0.0404837,0.0404919,0.0405002,0.0405087,0.0405173,0.0405261,0.0405349,0.040544,0.0405531
0.0402584,0.0402585,0.0402587,0.0402591,0.0402596,0.0402602,0.040261,0.040262,0.0402631,0.0402644,0.0402658,0.0402673,0.040269,0.0402709,0.0402729,0.040275,0.0402773,0.0402798,0.0402824,0.0402851,0.040288,0.0402911,0.0402943,0.0402976,0.0403011,0.0403048,0.0403086,0.0403126,0.0403167,0.0403209,0.0403253,0.0403299,0.0403346,0.0403395,0.0403445,0.0403497,0.040355,0.0403604,0.040366,0.0403718,0.0403777,0.0403837,0.0403899,0.0403963,0.0404028,0.0404094,0.0404162,0.0404231,0.0404302,0.0404374,0.0404447,0.0404522,0.0404599,0.0404677,0.0404756,0.0404837,0.0404918,0.0405002,0.0405087,0.0405173,0.0405261,0.0405349,0.040544,0.0405531
0.0402584,0.0402585,0.0402587,0.0402591,0.0402596,0.0402602,0.040261,0.040262,0.0402631,0.0402644,0.0402658,0.0402673,0.040269,0.0402709,0.0402729,0.040275,0.0402773,0.0402798,0.0402824,0.0402851,0.040288,0.0402911,0.0402943,0.0402976,0.0403011,0.0403048,0.0403086,0.0403126,0.0403167,0.0403209,0.0403254,0.0403299,0.0403346,0.0403395,0.0403445,0.0403497,0.040355,0.0403604,0.040366,0.0403718,0.0403777,0.0403837,0.0403899,0.0403963,0.0404028,0.0404094,0.0404162,0.0404231,0.0404302,0.0404374,0.0404447,0.0404522,0.0404599,0.0404677,0.0404756,0.0404836,0.0404919,0.0405002,0.0405087,0.0405173,0.0405261,0.0405349,0.040544,0.0405531
0.0402584,0.0402585,0.0402587,0.0402591,0.0402596,0.0402602,0.040261,0.040262,0.0402631,0.0402644,0.0402658,0.0402673,0.040269,0.0402709,0.0402729,0.040275,0.0402773,0.0402798,0.0402824,0.0402851,0.040288,0.0402911,0.0402943,0.0402976,0.0403011,0.0403048,0.0403086,0.0403126,0.0403167,0.0403209,0.0403254,0.0403299,0.0403346,0.0403395,0.0403445,0.0403497,0.040355,0.0403604,0.040366,0.0403718,0.0403777,0.0403837,0.0403899,0.0403963,0.0404028,0.0404094,0.0404162,0.0404231,0.0404302,0.0404374,0.0404447,0.0404522,0.0404599,0.0404677,0.0404756,0.0404837,0.0404919,0.0405002,0.0405087,0.0405173,0.0405261,0.040535,0.040544,0.0405531
0.0402584,0.0402585,0.0402587,0.0402591,0.0402596,0.0402602,0.040261,0.040262,0.0402631,0.0402644,0.0402658,0.0402673,0.040269,0.0402709,0.0402729,0.040275,0.0402773,0.0402798,0.0402824,0.0402851,0.040288,0.0402911,0.0402943,0.0402976,0.0403011,0.0403048,0.0403086,0.0403126,0.0403167,0.0403209,0.0403254,0.0403299,0.0403346,0.0403395,0.0403445,0.0403497,0.040355,0.0403604,0.040366,0.0403718,0.0403777,0.0403837,0.0403899,0.0403963,0.0404028,0.0404094,0.0404162,0.0404231,0.0404302,0.0404374,0.0404447,0.0404522,0.0404599,0.0404677,0.0404756,0.0404837,0.0404919,0.0405002,0.0405087,0.0405173,0.0405261,0.0405349,0.040544,0.0405531
0.0402584,0.0402585,0.0402587,0.0402591,0.0402596,0.0402602,0.040261,0.040262,0.0402631,0.0402644,0.0402658,0.0402673,0.040269,0.0402709,0.0402729,0.040275,0.0402773,0.0402798,0.0402824,0.0402851,0.040288,0.0402911,0.0402943,0.0402976,0.0403011,0.0403048,0.0403086,0.0403126,0.0403167,0.0403209,0.0403253,0.0403299,0.0403346,0.0403395,0.0403445,0.0403497,0.040355,0.0403604,0.040366,0.0403718,0.0403777,0.0403837,0.0403899,0.0403963,0.0404028,0.0404094,0.0404162,0.0404231,0.0404302,0.0404374,0.0404447,0.0404522,0.0404599,0.0404677,0.0404756,0.0404837,0.0404919,0.0405002,0.0405087,0.0405173,0.0405261,0.040535,0.040544,0.0405531
0.0402603,0.0402604,0.0402606,0.040261,0.0402615,0.0402621,0.040263,0.0402639,0.040265,0.0402663,0.0402677,0.0402692,0.0402709,0.0402728,0.0402748,0.0402769,0.0402792,0.0402817,0.0402843,0.040287,0.0402899,0.040293,0.0402962,0.0402995,0.0403031,0.0403067,0.0403105,0.0403145,0.0403186,0.0403228,0.0403273,0.0403318,0.0403365,0.0403414,0.0403464,0.0403516,0.0403569,0.0403623,0.0403679,0.0403737,0.0403796,0.0403856,0.0403918,0.0403982,0.0404047,0.0404113,0.0404181,0.040425,0.0404321,0.0404393,0.0404466,0.0404541,0.0404618,0.0404696,0.0404775,0.0404856,0.0404938,0.0405021,0.0405106,0.0405192,0.0405279,0.0405368,0.0405458,0.040555
0.0402584,0.0402585,0.0402587,0.0402591,0.0402596,0.0402602,0.040261,0.040262,0.0402631,0.0402644,0.0402658,0.0402673,0.040269,0.0402709,0.0402729,0.040275,0.0402773,0.0402798,0.0402824,0.0402851,0.040288,0.0402911,0.0402943,0.0402976,0.0403011,0.0403048,0.0403086,0.0403126,0.0403167,0.0403209,0.0403254,0.0403299,0.0403346,0.0403395,0.0403445,0.0403497,0.040355,0.0403604,0.040366,0.0403718,0.0403777,0.0403837,0.0403899,0.0403963,0.0404028,0.0404094,0.0404162,0.0404231,0.0404302,0.0404374,0.0404447,0.0404522,0.0404599,0.0404677,0.0404756,0.0404837,0.0404919,0.0405002,0.0405087,0.0405173,0.0405261,0.0405349,0.040544,0.0405531
0.0402584,0.0402585,0.0402587,0.0402591,0.0402596,0.0402602,0.040261,0.040262,0.0402631,0.0402644,0.0402658,0.0402673,0.040269,0.0402709,0.0402729,0.040275,0.0402773,0.0402798,0.0402824,0.0402851,0.040288,0.0402911,0.0402943,0.0402976,0.0403011,0.0403048,0.0403086,0.0403126,0.0403167,0.0403209,0.0403254,0.0403299,0.0403346,0.0403395,0.0403445,0.0403497,0.040355,0.0403604,0.040366,0.0403718,0.0403777,0.0403837,0.0403899,0.0403963,0.0404028,0.0404094,0.0404162,0.0404231,0.0404302,0.0404374,0.0404448,0.0404522,0.0404599,0.0404677,0.0404756,0.0404837,0.0404919,0.0405002,0.0405087,0.0405173,0.0405261,0.040535,0.040544,0.0405531
0.0402603,0.0402604,0.0402606,0.040261,0.0402615,0.0402621,0.040263,0.0402639,0.040265,0.0402663,0.0402677,0.0402692,0.0402709,0.0402728,0.0402748,0.0402769,0.0402792,0.0402817,0.0402843,0.040287,0.0402899,0.040293,0.0402962,0.0402995,0.0403031,0.0403067,0.0403105,0.0403145,0.0403186,0.0403228,0.0403273,0.0403318,0.0403365,0.0403414,0.0403464,0.0403516,0.0403569,0.0403623,0.0403679,0.0403737,0.0403796,0.0403856,0.0403918,0.0403982,0.0404047,0.0404113,0.0404181,0.040425,0.0404321,0.0404393,0.0404466,0.0404541,0.0404618,0.0404696,0.0404775,0.0404855,0.0404938,0.0405021,0.0405106,0.0405192,0.040528,0.0405369,0.0405459,0.040555
0.0402584,0.0402585,0.0402587,0.0402591,0.0402596,0.0402602,0.040261,0.040262,0.0402631,0.0402644,0.0402658,0.0402673,0.040269,0.0402709,0.0402729,0.040275,0.0402773,0.0402798,0.0402824,0.0402851,0.040288,0.0402911,0.0402943,0.0402976,0.0403011,0.0403048,0.0403086,0.0403126,0.0403167,0.0403209,0.0403254,0.0403299,0.0403346,0.0403395,0.0403445,0.0403497,0.040355,0.0403604,0.040366,0.0403718,0.0403777,0.0403837,0.0403899,0.0403963,0.0404028,0.0404094,0.0404162,0.0404231,0.0404302,0.0404374,0.0404447,0.0404523,0.0404599,0.0404677,0.0404756,0.0404837,0.0404919,0.0405002,0.0405087,0.0405173,0.0405261,0.0405349,0.040544,0.0405531
0.0402603,0.0402604,0.0402606,0.040261,0.0402615,0.0402621,0.040263,0.0402639,0.040265,0.0402663,0.0402677,0.0402692,0.0402709,0.0402728,0.0402748,0.0402769,0.0402792,0.0402817,0.0402843,0.040287,0.0402899,0.040293,0.0402962,0.0402995,0.0403031,0.0403067,0.0403105,0.0403145,0.0403186,0.0403228,0.0403273,0.0403318,0.0403365,0.0403414,0.0403464,0.0403516,0.0403569,0.0403623,0.0403679,0.0403737,0.0403796,0.0403856,0.0403918,0.0403982,0.0404047,0.0404113,0.0404181,0.040425,0.0404321,0.0404393,0.0404466,0.0404541,0.0404618,0.0404696,0.0404775,0.0404856,0.0404938,0.0405021,0.0405106,0.0405192,0.0405279,0.0405369,0.0405459,0.040555
0.0402603,0.0402604,0.0402606,0.040261,0.0402615,0.0402621,0.040263,0.0402639,0.040265,0.0402663,0.0402677,0.0402692,0.0402709,0.0402728,0.0402748,0.0402769,0.0402792,0.0402817,0.0402843,0.040287,0.0402899,0.040293,0.0402962,0.0402995,0.0403031,0.0403067,0.0403105,0.0403145,0.0403186,0.0403228,0.0403273,0.0403318,0.0403365,0.0403414,0.0403464,0.0403516,0.0403569,0.0403623,0.0403679,0.0403737,0.0403796,0.0403856,0.0403918,0.0403982,0.0404047,0.0404113,0.0404181,0.040425,0.0404321,0.0404393,0.0404467,0.0404541,0.0404618,0.0404696,0.0404775,0.0404856,0.0404938,0.0405021,0.0405106,0.0405192,0.040528,0.0405369,0.0405458,0.040555
0.0402584,0.0402585,0.0402587,0.0402591,0.0402596,0.0402602,0.040261,0.040262,0.0402631,0.0402644,0.0402658,0.0402673,0.040269,0.0402709,0.0402729,0.040275,0.0402773,0.0402798,0.0402824,0.0402851,0.040288,0.0402911,0.0402943,0.0402976,0.0403011,0.0403048,0.0403086,0.0403126,0.0403167,0.0403209,0.0403254,0.0403299,0.0403346,0.0403395,0.0403445,0.0403497,0.040355,0.0403604,0.040366,0.0403718,0.0403777,0.0403837,0.0403899,0.0403963,0.0404028,0.0404094,0.0404162,0.0404231,0.0404302,0.0404374,0.0404447,0.0404523,0.0404599,0.0404677,0.0404756,0.0404837,0.0404919,0.0405002,0.0405087,0.0405173,0.0405261,0.040535,0.040544,0.0405531
0.0402603,0.0402604,0.0402606,0.040261,0.0402615,0.0402621,0.040263,0.0402639,0.040265,0.0402663,0.0402677,0.0402692,0.0402709,0.0402728,0.0402748,0.0402769,0.0402792,0.0402817,0.0402843,0.040287,0.0402899,0.040293,0.0402962,0.0402995,0.0403031,0.0403067,0.0403105,0.0403145,0.0403186,0.0403228,0.0403273,0.0403318,0.0403365,0.0403414,0.0403464,0.0403516,0.0403569,0.0403623,0.0403679,0.0403737,0.0403796,0.0403856,0.0403918,0.0403982,0.0404047,0.0404113,0.0404181,0.040425,0.0404321,0.0404393,0.0404467,0.0404541,0.0404618,0.0404696,0.0404775,0.0404856,0.0404938,0.0405021,0.0405106,0.0405192,0.0405279,0.0405369,0.0405459,0.040555
0.0402603,0.0402604,0.0402606,0.040261,0.0402615,0.0402621,0.040263,0.0402639,0.040265,0.0402663,0.0402677,0.0402692,0.0402709,0.0402728,0.0402748,0.0402769,0.0402792,0.0402817,0.0402843,0.040287,0.0402899,0.040293,0.0402962,0.0402995,0.0403031,0.0403067,0.0403105,0.0403145,0.0403186,0.0403228,0.0403273,0.0403318,0.0403365,0.0403414,0.0403464,0.0403516,0.0403569,0.0403623,0.0403679,0.0403737,0.0403796,0.0403856,0.0403918,0.0403982,0.0404047,0.0404113,0.0404181,0.040425,0.0404321,0.0404393,0.0404467,0.0404542,0.0404618,0.0404696,0.0404775,0.0404856,0.0404938,0.0405021,0.0405106,0.0405192,0.040528,0.0405368,0.0405459,0.040555
0.0402603,0.0402604,0.0402606,0.040261,0.0402615,0.0402621,0.040263,0.0402639,0.040265,0.0402663,0.0402677,0.0402692,0.0402709,0.0402728,0.0402748,0.0402769,0.0402792,0.0402817,0.0402843,0.040287,0.0402899,0.040293,0.0402962,0.0402995,0.0403031,0.0403067,0.0403105,0.0403145,0.0403186,0.0403228,0.0403273,0.0403318,0.0403365,0.0403414,0.0403464,0.0403516,0.0403569,0.0403623,0.0403679,0.0403737,0.0403796,0.0403856,0.0403918,0.0403982,0.0404047,0.0404113,0.0404181,0.040425,0.0404321,0.0404393,0.0404467,0.0404541,0.0404618,0.0404696,0.0404775,0.0404856,0.0404938,0.0405021,0.0405106,0.0405192,0.040528,0.0405369,0.0405459,0.040555
0.0402603,0.0402604,0.0402606,0.040261,0.0402615,0.0402621,0.040263,0.0402639,0.040265,0.0402663,0.0402677,0.0402692,0.0402709,0.0402728,0.0402748,0.0402769,0.0402792,0.0402817,0.0402843,0.040287,0.0402899,0.040293,0.0402962,0.0402995,0.0403031,0.0403067,0.0403105,0.0403145,0.0403186,0.0403229,0.0403273,0.0403318,0.0403365,0.0403414,0.0403464,0.0403516,0.0403569,0.0403623,0.0403679,0.0403737,0.0403796,0.0403856,0.0403918,0.0403982,0.0404047,0.0404113,0.0404181,0.040425,0.0404321,0.0404393,0.0404467,0.0404542,0.0404618,0.0404696,0.0404775,0.0404856,0.0404938,0.0405021,0.0405106,0.0405192,0.0405279,0.0405369,0.0405459,0.040555
0.0402603,0.0402604,0.0402606,0.040261,0.0402615,0.0402621,0.040263,0.0402639,0.040265,0.0402663,0.0402677,0.0402692,0.0402709,0.0402728,0.0402748,0.0402769,0.0402792,0.0402817,0.0402843,0.040287,0.0402899,0.040293,0.0402962,0.0402995,0.0403031,0.0403067,0.0403105,0.0403145,0.0403186,0.0403228,0.0403273,0.0403318,0.0403365,0.0403414,0.0403464,0.0403516,0.0403569,0.0403623,0.0403679,0.0403737,0.0403796,0.0403856,0.0403918,0.0403982,0.0404047,0.0404113,0.0404181,0.040425,0.0404321,0.0404393,0.0404467,0.0404542,0.0404618,0.0404696,0.0404775,0.0404856,0.0404938,0.0405021,0.0405106,0.0405192,0.040528,0.0405369,0.0405459,0.040555
0.0402584,0.0402585,0.0402587,0.0402591,0.0402596,0.0402602,0.040261,0.040262,0.0402631,0.0402644,0.0402658,0.0402673,0.040269,0.0402709,0.0402729,0.040275,0.0402773,0.0402798,0.0402824,0.0402851,0.040288,0.0402911,0.0402943,0.0402976,0.0403011,0.0403048,0.0403086,0.0403126,0.0403167,0.040321,0.0403254,0.0403299,0.0403346,0.0403395,0.0403445,0.0403497,0.040355,0.0403604,0.040366,0.0403718,0.0403777,0.0403837,0.0403899,0.0403963,0.0404028,0.0404094,0.0404162,0.0404231,0.0404302,0.0404374,0.0404448,0.0404522,0.0404599,0.0404677,0.0404756,0.0404837,0.0404919,0.0405002,0.0405087,0.0405173,0.0405261,0.040535,0.040544,0.0405531
0.0402603,0.0402604,0.0402606,0.040261,0.0402615,0.0402621,0.040263,0.0402639,0.040265,0.0402663,0.0402677,0.0402692,0.0402709,0.0402728,0.0402748,0.0402769,0.0402792,0.0402817,0.0402843,0.040287,0.0402899,0.040293,0.0402962,0.0402995,0.0403031,0.0403067,0.0403105,0.0403145,0.0403186,0.0403228,0.0403273,0.0403318,0.0403365,0.0403414,0.0403464,0.0403516,0.0403569,0.0403623,0.0403679,0.0403737,0.0403796,0.0403856,0.0403918,0.0403982,0.0404047,0.0404113,0.0404181,0.040425,0.0404321,0.0404393,0.0404467,0.0404542,0.0404618,0.0404696,0.0404775,0.0404856,0.0404938,0.0405021,0.0405106,0.0405192,0.0405279,0.0405369,0.0405459,0.040555
0.0402622,0.0402623,0.0402625,0.0402629,0.0402634,0.0402641,0.0402649,0.0402658,0.0402669,0.0402682,0.0402696,0.0402711,0.0402728,0.0402747,0.0402767,0.0402788,0.0402811,0.0402836,0.0402862,0.0402889,0.0402918,0.0402949,0.0402981,0.0403015,0.040305,0.0403086,0.0403124,0.0403164,0.0403205,0.0403248,0.0403292,0.0403337,0.0403384,0.0403433,0.0403483,0.0403535,0.0403588,0.0403642,0.0403698,0.0403756,0.0403815,0.0403875,0.0403937,0.0404001,0.0404066,0.0404132,0.04042,0.0404269,0.040434,0.0404412,0.0404486,0.0404561,0.0404637,0.0404715,0.0404794,0.0404875,0.0404957,0.040504,0.0405125,0.0405211,0.0405299,0.0405387,0.0405478,0.0405569
0.0402584,0.0402585,0.0402587,0.0402591,0.0402596,0.0402602,0.040261,0.040262,0.0402631,0.0402644,0.0402658,0.0402673,0.040269,0.0402709,0.0402729,0.040275,0.0402773,0.0402798,0.0402824,0.0402851,0.040288,0.0402911,0.0402943,0.0402976,0.0403012,0.0403048,0.0403086,0.0403126,0.0403167,0.040321,0.0403254,0.0403299,0.0403346,0.0403395,0.0403445,0.0403497,0.040355,0.0403604,0.040366,0.0403718,0.0403777,0.0403837,0.0403899,0.0403963,0.0404028,0.0404094,0.0404162,0.0404231,0.0404302,0.0404374,0.0404448,0.0404523,0.0404599,0.0404677,0.0404756,0.0404837,0.0404919,0.0405002,0.0405087,0.0405173,0.0405261,0.040535,0.040544,0.0405532
0.0402603,0.0402604,0.0402606,0.040261,0.0402615,0.0402621,0.040263,0.0402639,0.040265,0.0402663,0.0402677,0.0402692,0.0402709,0.0402728,0.0402748,0.0402769,0.0402792,0.0402817,0.0402843,0.040287,0.0402899,0.040293,0.0402962,0.0402995,0.0403031,0.0403067,0.0403105,0.0403145,0.0403186,0.0403228,0.0403273,0.0403318,0.0403365,0.0403414,0.0403464,0.0403516,0.0403569,0.0403623,0.0403679,0.0403737,0.0403796,0.0403856,0.0403918,0.0403982,0.0404047,0.0404113,0.0404181,0.040425,0.0404321,0.0404393,0.0404467,0.0404542,0.0404618,0.0404696,0.0404775,0.0404856,0.0404938,0.0405021,0.0405106,0.0405192,0.040528,0.0405369,0.0405459,0.040555
0.0402622,0.0402623,0.0402625,0.0402629,0.0402634,0.0402641,0.0402649,0.0402658,0.0402669,0.0402682,0.0402696,0.0402711,0.0402728,0.0402747,0.0402767,0.0402788,0.0402811,0.0402836,0.0402862,0.0402889,0.0402918,0.0402949,0.0402981,0.0403015,0.040305,0.0403086,0.0403124,0.0403164,0.0403205,0.0403248,0.0403292,0.0403337,0.0403384,0.0403433,0.0403483,0.0403535,0.0403588,0.0403642,0.0403698,0.0403756,0.0403815,0.0403875,0.0403937,0.0404001,0.0404066,0.0404132,0.04042,0.0404269,0.040434,0.0404412,0.0404486,0.0404561,0.0404637,0.0404715,0.0404794,0.0404875,0.0404957,0.040504,0.0405125,0.0405211,0.0405299,0.0405387,0.0405478,0.0405569
0.0402584,0.0402585,0.0402587,0.0402591,0.0402596,0.0402602,0.040261,0.040262,0.0402631,0.0402644,0.0402658,0.0402673,0.040269,0.0402709,0.0402729,0.040275,0.0402773,0.0402798,0.0402824,0.0402851,0.040288,0.0402911,0.0402943,0.0402976,0.0403011,0.0403048,0.0403086,0.0403126,0.0403167,0.040321,0.0403254,0.0403299,0.0403346,0.0403395,0.0403445,0.0403497,0.040355,0.0403604,0.040366,0.0403718,0.0403777,0.0403838,0.0403899,0.0403963,0.0404028,0.0404094,0.0404162,0.0404231,0.0404302,0.0404374,0.0404448,0.0404523,0.0404599,0.0404677,0.0404756,0.0404837,0.0404919,0.0405002,0.0405087,0.0405173,0.0405261,0.040535,0.040544,0.0405531
0.0402622,0.0402623,0.0402625,0.0402629,0.0402634,0.0402641,0.0402649,0.0402658,0.0402669,0.0402682,0.0402696,0.0402711,0.0402728,0.0402747,0.0402767,0.0402788,0.0402811,0.0402836,0.0402862,0.0402889,0.0402918,0.0402949,0.0402981,0.0403015,0.040305,0.0403086,0.0403124,0.0403164,0.0403205,0.0403248,0.0403292,0.0403337,0.0403384,0.0403433,0.0403483,0.0403535,0.0403588,0.0403642,0.0403698,0.0403756,0.0403815,0.0403875,0.0403937,0.0404001,0.0404066,0.0404132,0.04042,0.0404269,0.040434,0.0404412,0.0404486,0.0404561,0.0404637,0.0404715,0.0404794,0.0404875,0.0404957,0.040504,0.0405125,0.0405211,0.0405298,0.0405388,0.0405478,0.040557
0.0402603,0.0402604,0.0402606,0.040261,0.0402615,0.0402621,0.040263,0.0402639,0.040265,0.0402663,0.0402677,0.0402692,0.0402709,0.0402728,0.0402748,0.0402769,0.0402792,0.0402817,0.0402843,0.040287,0.0402899,0.040293,0.0402962,0.0402995,0.0403031,0.0403067,0.0403105,0.0403145,0.0403186,0.0403229,0.0403273,0.0403318,0.0403365,0.0403414,0.0403464,0.0403516,0.0403569,0.0403623,0.0403679,0.0403737,0.0403796,0.0403857,0.0403918,0.0403982,0.0404047,0.0404113,0.0404181,0.040425,0.0404321,0.0404393,0.0404467,0.0404542,0.0404618,0.0404696,0.0404775,0.0404856,0.0404938,0.0405021,0.0405106,0.0405192,0.040528,0.0405369,0.0405459,0.040555
0.0402622,0.0402623,0.0402625,0.0402629,0.0402634,0.0402641,0.0402649,0.0402658,0.0402669,0.0402682,0.0402696,0.0402711,0.0402728,0.0402747,0.0402767,0.0402788,0.0402811,0.0402836,0.0402862,0.0402889,0.0402918,0.0402949,0.0402981,0.0403015,0.040305,0.0403086,0.0403124,0.0403164,0.0403205,0.0403248,0.0403292,0.0403337,0.0403384,0.0403433,0.0403483,0.0403535,0.0403588,0.0403642,0.0403699,0.0403756,0.0403815,0.0403875,0.0403937,0.0404001,0.0404066,0.0404132,0.04042,0.0404269,0.040434,0.0404412,0.0404486,0.0404561,0.0404637,0.0404715,0.0404794,0.0404875,0.0404957,0.040504,0.0405125,0.0405211,0.0405299,0.0405387,0.0405478,0.0405569
0.0402584,0.0402585,0.0402587,0.0402591,0.0402596,0.0402602,0.040261,0.040262,0.0402631,0.0402644,0.0402658,0.0402673,0.040269,0.0402709,0.0402729,0.040275,0.0402773,0.0402798,0.0402824,0.0402851,0.040288,0.0402911,0.0402943,0.0402976,0.0403012,0.0403048,0.0403086,0.0403126,0.0403167,0.040321,0.0403254,0.0403299,0.0403346,0.0403395,0.0403445,0.0403497,0.040355,0.0403604,0.040366,0.0403718,0.0403777,0.0403837,0.0403899,0.0403963,0.0404028,0.0404094,0.0404162,0.0404231,0.0404302,0.0404374,0.0404448,0.0404523,0.0404599,0.0404677,0.0404756,0.0404837,0.0404919,0.0405002,0.0405087,0.0405173,0.0405261,0.040535,0.040544,0.0405531
0.0402622,0.0402623,0.0402625,0.0402629,0.0402634,0.0402641,0.0402649,0.0402658,0.0402669,0.0402682,0.0402696,0.0402711,0.0402728,0.0402747,0.0402767,0.0402788,0.0402811,0.0402836,0.0402862,0.0402889,0.0402918,0.0402949,0.0402981,0.0403015,0.040305,0.0403086,0.0403124,0.0403164,0.0403205,0.0403248,0.0403292,0.0403337,0.0403384,0.0403433,0.0403483,0.0403535,0.0403588,0.0403642,0.0403698,0.0403756,0.0403815,0.0403876,0.0403937,0.0404001,0.0404066,0.0404132,0.04042,0.0404269,0.040434,0.0404412,0.0404486,0.0404561,0.0404637,0.0404715,0.0404794,0.0404875,0.0404957,0.040504,0.0405125,0.0405211,0.0405299,0.0405387,0.0405478,0.0405569
0.0402603,0.0402604,0.0402606,0.040261,0.0402615,0.0402621,0.040263,0.0402639,0.040265,0.0402663,0.0402677,0.0402692,0.0402709,0.0402728,0.0402748,0.0402769,0.0402792,0.0402817,0.0402843,0.040287,0.0402899,0.040293,0.0402962,0.0402996,0.0403031,0.0403067,0.0403105,0.0403145,0.0403186,0.0403228,0.0403273,0.0403318,0.0403365,0.0403414,0.0403464,0.0403516,0.0403569,0.0403623,0.0403679,0.0403737,0.0403796,0.0403856,0.0403919,0.0403982,0.0404047,0.0404113,0.0404181,0.040425,0.0404321,0.0404393,0.0404467,0.0404542,0.0404618,0.0404696,0.0404775,0.0404856,0.0404938,0.0405021,0.0405106,0.0405192,0.040528,0.0405369,0.0405459,0.040555
0.0402603,0.0402604,0.0402606,0.040261,0.0402615,0.0402621,0.040263,0.0402639,0.040265,0.0402663,0.0402677,0.0402692,0.0402709,0.0402728,0.0402748,0.0402769,0.0402792,0.0402817,0.0402843,0.040287,0.0402899,0.040293,0.0402962,0.0402995,0.0403031,0.0403067,0.0403105,0.0403145,0.0403186,0.0403229,0.0403273,0.0403318,0.0403365,0.0403414,0.0403464,0.0403516,0.0403569,0.0403623,0.0403679,0.0403737,0.0403796,0.0403857,0.0403918,0.0403982,0.0404047,0.0404113,0.0404181,0.040425,0.0404321,0.0404393,0.0404467,0.0404542,0.0404618,0.0404696,0.0404775,0.0404856,0.0404938,0.0405021,0.0405106,0.0405192,0.040528,0.0405369,0.0405459,0.0405551
0.0402622,0.0402623,0.0402625,0.0402629,0.0402634,0.0402641,0.0402649,0.0402658,0.0402669,0.0402682,0.0402696,0.0402711,0.0402728,0.0402747,0.0402767,0.0402788,0.0402811,0.0402836,0.0402862,0.0402889,0.0402918,0.0402949,0.0402981,0.0403015,0.040305,0.0403086,0.0403124,0.0403164,0.0403205,0.0403248,0.0403292,0.0403337,0.0403384,0.0403433,0.0403483,0.0403535,0.0403588,0.0403642,0.0403698,0.0403756,0.0403815,0.0403875,0.0403937,0.0404001,0.0404066,0.0404132,0.04042,0.0404269,0.040434,0.0404412,0.0404486,0.0404561,0.0404637,0.0404715,0.0404794,0.0404875,0.0404957,0.040504,0.0405125,0.0405211,0.0405299,0.0405387,0.0405478,0.0405569
0.0402603,0.0402604,0.0402606,0.040261,0.0402615,0.0402621,0.040263,0.0402639,0.040265,0.0402663,0.0402677,0.0402692,0.0402709,0.0402728,0.0402748,0.0402769,0.0402792,0.0402817,0.0402843,0.040287,0.0402899,0.040293,0.0402962,0.0402995,0.0403031,0.0403067,0.0403105,0.0403145,0.0403186,0.0403229,0.0403273,0.0403318,0.0403365,0.0403414,0.0403464,0.0403516,0.0403569,0.0403623,0.0403679,0.0403737,0.0403796,0.0403856,0.0403918,0.0403982,0.0404047,0.0404113,0.0404181,0.040425,0.0404321,0.0404393,0.0404467,0.0404542,0.0404618,0.0404696,0.0404775,0.0404856,0.0404938,0.0405021,0.0405106,0.0405192,0.040528,0.0405369,0.0405459,0.0405551
0.0402622,0.0402623,0.0402625,0.0402629,0.0402634,0.0402641,0.0402649,0.0402658,0.0402669,0.0402682,0.0402696,0.0402711,0.0402728,0.0402747,0.0402767,0.0402788,0.0402811,0.0402836,0.0402862,0.0402889,0.0402918,0.0402949,0.0402981,0.0403015,0.040305,0.0403086,0.0403124,0.0403164,0.0403205,0.0403248,0.0403292,0.0403337,0.0403384,0.0403433,0.0403483,0.0403535,0.0403588,0.0403642,0.0403699,0.0403756,0.0403815,0.0403876,0.0403937,0.0404001,0.0404066,0.0404132,0.04042,0.0404269,0.040434,0.0404412,0.0404486,0.0404561,0.0404637,0.0404715,0.0404794,0.0404875,0.0404957,0.040504,0.0405125,0.0405211,0.0405299,0.0405387,0.0405478,0.0405569
0.0402603,0.0402604,0.0402606,0.040261,0.0402615,0.0402621,0.040263,0.0402639,0.040265,0.0402663,0.0402677,0.0402692,0.0402709,0.0402728,0.0402748,0.0402769,0.0402792,0.0402817,0.0402843,0.040287,0.0402899,0.040293,0.0402962,0.0402996,0.0403031,0.0403067,0.0403105,0.0403145,0.0403186,0.0403228,0.0403273,0.0403318,0.0403365,0.0403414,0.0403464,0.0403516,0.0403569,0.0403623,0.0403679,0.0403737,0.0403796,0.0403856,0.0403918,0.0403982,0.0404047,0.0404113,0.0404181,0.040425,0.0404321,0.0404393,0.0404467,0.0404542,0.0404618,0.0404696,0.0404775,0.0404856,0.0404938,0.0405021,0.0405106,0.0405192,0.040528,0.0405369,0.0405459,0.040555
0.0402603,0.0402604,0.0402606,0.040261,0.0402615,0.0402621,0.040263,0.0402639,0.040265,0.0402663,0.0402677,0.0402692,0.0402709,0.0402728,0.0402748,0.0402769,0.0402792,0.0402817,0.0402843,0.040287,0.0402899,0.040293,0.0402962,0.0402995,0.0403031,0.0403067,0.0403105,0.0403145,0.0403186,0.0403229,0.0403273,0.0403318,0.0403365,0.0403414,0.0403464,0.0403516,0.0403569,0.0403623,0.0403679,0.0403737,0.0403796,0.0403857,0.0403918,0.0403982,0.0404047,0.0404113,0.0404181,0.040425,0.0404321,0.0404393,0.0404467,0.0404542,0.0404618,0.0404696,0.0404775,0.0404856,0.0404938,0.0405021,0.0405106,0.0405192,0.040528,0.0405369,0.0405459,0.0405551
0.0402622,0.0402623,0.0402625,0.0402629,0.0402634,0.0402641,0.0402649,0.0402658,0.0402669,0.0402682,0.0402696,0.0402711,0.0402728,0.0402747,0.0402767,0.0402788,0.0402811,0.0402836,0.0402862,0.0402889,0.0402918,0.0402949,0.0402981,0.0403015,0.040305,0.0403086,0.0403124,0.0403164,0.0403205,0.0403248,0.0403292,0.0403337,0.0403384,0.0403433,0.0403483,0.0403535,0.0403588,0.0403642,0.0403698,0.0403756,0.0403815,0.0403875,0.0403937,0.0404001,0.0404066,0.0404132,0.04042,0.0404269,0.040434,0.0404412,0.0404486,0.0404561,0.0404637,0.0404715,0.0404794,0.0404875,0.0404957,0.040504,0.0405125,0.0405211,0.0405299,0.0405387,0.0405478,0.0405569
0.0402603,0.0402604,0.0402606,0.040261,0.0402615,0.0402621,0.040263,0.0402639,0.040265,0.0402663,0.0402677,0.0402692,0.0402709,0.0402728,0.0402748,0.0402769,0.0402792,0.0402817,0.0402843,0.040287,0.0402899,0.040293,0.0402962,0.0402996,0.0403031,0.0403067,0.0403105,0.0403145,0.0403186,0.0403229,0.0403273,0.0403318,0.0403365,0.0403414,0.0403464,0.0403516,0.0403569,0.0403623,0.0403679,0.0403737,0.0403796,0.0403856,0.0403918,0.0403982,0.0404047,0.0404113,0.0404181,0.040425,0.0404321,0.0404393,0.0404467,0.0404542,0.0404618,0.0404696,0.0404775,0.0404856,0.0404938,0.0405021,0.0405106,0.0405192,0.040528,0.0405369,0.0405459,0.040555
0.0402603,0.0402604,0.0402606,0.040261,0.0402615,0.0402621,0.040263,0.0402639,0.040265,0.0402663,0.0402677,0.0402692,0.0402709,0.0402728,0.0402748,0.0402769,0.0402792,0.0402817,0.0402843,0.040287,0.0402899,0.040293,0.0402962,0.0402996,0.0403031,0.0403067,0.0403105,0.0403145,0.0403186,0.0403228,0.0403273,0.0403318,0.0403365,0.0403414,0.0403464,0.0403516,0.0403569,0.0403623,0.0403679,0.0403737,0.0403796,0.0403857,0.0403918,0.0403982,0.0404047,0.0404113,0.0404181,0.040425,0.0404321,0.0404393,0.0404467,0.0404542,0.0404618,0.0404696,0.0404775,0.0404856,0.0404938,0.0405021,0.0405106,0.0405192,0.040528,0.0405369,0.0405459,0.0405551
0.0402622,0.0402623,0.0402625,0.0402629,0.0402634,0.0402641,0.0402649,0.0402658,0.0402669,0.0402682,0.0402696,0.0402711,0.0402728,0.0402747,0.0402767,0.0402788,0.0402811,0.0402836,0.0402862,0.0402889,0.0402918,0.0402949,0.0402981,0.0403015,0.040305,0.0403086,0.0403124,0.0403164,0.0403205,0.0403248,0.0403292,0.0403337,0.0403384,0.0403433,0.0403483,0.0403535,0.0403588,0.0403642,0.0403699,0.0403756,0.0403815,0.0403875,0.0403937,0.0404001,0.0404066,0.0404132,0.04042,0.0404269,0.040434,0.0404412,0.0404486,0.0404561,0.0404637,0.0404715,0.0404794,0.0404875,0.0404957,0.040504,0.0405125,0.0405211,0.0405299,0.0405388,0.0405478,0.0405569
0.0402603,0.0402604,0.0402606,0.040261,0.0402615,0.0402621,0.040263,0.0402639,0.040265,0.0402663,0.0402677,0.0402692,0.0402709,0.0402728,0.0402748,0.0402769,0.0402792,0.0402817,0.0402843,0.040287,0.0402899,0.040293,0.0402962,0.0402996,0.0403031,0.0403067,0.0403105,0.0403145,0.0403186,0.0403229,0.0403273,0.0403318,0.0403365,0.0403414,0.0403464,0.0403516,0.0403569,0.0403623,0.0403679,0.0403737,0.0403796,0.0403857,0.0403918,0.0403982,0.0404047,0.0404113,0.0404181,0.040425,0.0404321,0.0404393,0.0404467,0.0404542,0.0404618,0.0404696,0.0404775,0.0404856,0.0404938,0.0405021,0.0405106,0.0405192,0.040528,0.0405369,0.0405459,0.040555
0.0402603,0.0402604,0.0402606,0.040261,0.0402615,0.0402621,0.040263,0.0402639,0.040265,0.0402663,0.0402677,0.0402692,0.0402709,0.0402728,0.0402748,0.0402769,0.0402792,0.0402817,0.0402843,0.040287,0.0402899,0.040293,0.0402962,0.0402996,0.0403031,0.0403067,0.0403105,0.0403145,0.0403186,0.0403228,0.0403273,0.0403318,0.0403365,0.0403414,0.0403464,0.0403516,0.0403569,0.0403623,0.0403679,0.0403737,0.0403796,0.0403856,0.0403919,0.0403982,0.0404047,0.0404113,0.0404181,0.040425,0.0404321,0.0404393,0.0404467,0.0404542,0.0404618,0.0404696,0.0404775,0.0404856,0.0404938,0.0405021,0.0405106,0.0405192,0.040528,0.0405369,0.0405459,0.040555
0.0402603,0.0402604,0.0402606,0.040261,0.0402615,0.0402621,0.040263,0.0402639,0.040265,0.0402663,0.0402677,0.0402692,0.0402709,0.0402728,0.0402748,0.0402769,0.0402792,0.0402817,0.0402843,0.040287,0.0402899,0.040293,0.0402962,0.0402995,0.0403031,0.0403067,0.0403105,0.0403145,0.0403186,0.0403228,0.0403273,0.0403318,0.0403365,0.0403414,0.0403464,0.0403516,0.0403569,0.0403623,0.0403679,0.0403737,0.0403796,0.0403856,0.0403918,0.0403982,0.0404047,0.0404113,0.0404181,0.040425,0.0404321,0.0404393,0.0404466,0.0404541,0.0404618,0.0404696,0.0404775,0.0404856,0.0404938,0.0405021,0.0405106,0.0405192,0.040528,0.0405369,0.0405459,0.040555
0.0417557,0.0417558,0.041756,0.0417564,0.0417569,0.0417576,0.0417584,0.0417594,0.0417605,0.0417618,0.0417633,0.0417649,0.0417667,0.0417686,0.0417707,0.0417729,0.0417753,0.0417778,0.0417805,0.0417834,0.0417864,0.0417896,0.0417929,0.0417964,0.0418,0.0418038,0.0418078,0.0418119,0.0418161,0.0418205,0.0418251,0.0418298,0.0418347,0.0418398,0.041845,0.0418503,0.0418558,0.0418615,0.0418673,0.0418733,0.0418794,0.0418857,0.0418921,0.0418987,0.0419054,0.0419123,0.0419193,0.0419265,0.0419338,0.0419413,0.0419489,0.0419567,0.0419647,0.0419727,0.041981,0.0419893,0.0419978,0.0420064,0.0420153,0.0420242,0.0420333,0.0420425,0.0420519,0.0420614
0.0433006,0.0433007,0.0433009,0.0433013,0.0433019,0.0433026,0.0433035,0.0433045,0.0433057,0.043307,0.0433085,0.0433102,0.043312,0.043314,0.0433162,0.0433185,0.043321,0.0433236,0.0433264,0.0433294,0.0433325,0.0433358,0.0433392,0.0433428,0.0433466,0.0433505,0.0433546,0.0433589,0.0433633,0.0433679,0.0433726,0.0433775,0.0433826,0.0433878,0.0433932,0.0433988,0.0434045,0.0434103,0.0434164,0.0434226,0.0434289,0.0434354,0.0434421,0.0434489,0.0434559,0.043463,0.0434703,0.0434778,0.0434854,0.0434931,0.043501,0.0435091,0.0435173,0.0435257,0.0435342,0.0435429,0.0435517,0.0435607,0.0435698,0.0435791,0.0435885,0.043598,0.0436077,0.0436176
0.0448895,0.0448895,0.0448898,0.0448902,0.0448908,0.0448915,0.0448924,0.0448935,0.0448947,0.0448961,0.0448976,0.0448994,0.0449013,0.0449033,0.0449056,0.044908,0.0449105,0.0449133,0.0449162,0.0449192,0.0449225,0.0449259,0.0449295,0.0449332,0.0449371,0.0449412,0.0449454,0.0449498,0.0449544,0.0449592,0.0449641,0.0449692,0.0449744,0.0449798,0.0449854,0.0449912,0.0449971,0.0450032,0.0450094,0.0450159,0.0450224,0.0450292,0.0450361,0.0450432,0.0450504,0.0450578,0.0450654,0.0450731,0.045081,0.045089,0.0450972,0.0451056,0.0451141,0.0451228,0.0451316,0.0451406,0.0451497,0.045159,0.0451685,0.0451781,0.0451879,0.0451978,0.0452079,0.045218
0.046526,0.046526,0.0465263,0.0465267,0.0465273,0.0465281,0.046529,0.0465301,0.0465314,0.0465328,0.0465345,0.0465362,0.0465382,0.0465404,0.0465427,0.0465451,0.0465478,0.0465506,0.0465536,0.0465568,0.0465602,0.0465637,0.0465674,0.0465713,0.0465753,0.0465796,0.046584,0.0465886,0.0465933,0.0465982,0.0466033,0.0466086,0.046614,0.0466197,0.0466255,0.0466314,0.0466376,0.0466439,0.0466503,0.046657,0.0466638,0.0466708,0.046678,0.0466853,0.0466928,0.0467004,0.0467083,0.0467163,0.0467245,0.0467328,0.0467413,0.04675,0.0467588,0.0467678,0.0467769,0.0467862,0.0467958,0.0468054,0.0468152,0.0468251,0.0468353,0.0468455,0.046856,0.0468666
0.0482101,0.0482102,0.0482105,0.0482109,0.0482115,0.0482123,0.0482133,0.0482144,0.0482158,0.0482173,0.0482189,0.0482208,0.0482228,0.0482251,0.0482275,0.04823,0.0482328,0.0482357,0.0482388,0.0482421,0.0482456,0.0482493,0.0482531,0.0482571,0.0482613,0.0482657,0.0482703,0.048275,0.0482799,0.048285,0.0482903,0.0482958,0.0483014,0.0483072,0.0483132,0.0483194,0.0483258,0.0483323,0.048339,0.0483459,0.048353,0.0483602,0.0483676,0.0483752,0.048383,0.048391,0.0483991,0.0484074,0.0484158,0.0484245,0.0484333,0.0484423,0.0484514,0.0484607,0.0484702,0.0484799,0.0484897,0.0484997,0.0485098,0.0485202,0.0485306,0.0485413,0.0485521,0.0485631
0.0499439,0.049944,0.0499443,0.0499447,0.0499454,0.0499462,0.0499472,0.0499484,0.0499498,0.0499513,0.049953,0.049955,0.0499571,0.0499594,0.0499619,0.0499645,0.0499674,0.0499704,0.0499736,0.0499771,0.0499807,0.0499845,0.0499884,0.0499926,0.0499969,0.0500015,0.0500062,0.0500111,0.0500162,0.0500215,0.050027,0.0500326,0.0500385,0.0500445,0.0500507,0.0500571,0.0500637,0.0500705,0.0500774,0.0500846,0.0500919,0.0500994,0.0501071,0.050115,0.050123,0.0501312,0.0501397,0.0501482,0.050157,0.050166,0.0501751,0.0501844,0.0501939,0.0502035,0.0502133,0.0502234,0.0502335,0.0502439,0.0502544,0.0502651,0.050276,0.050287,0.0502982,0.0503095
0.0517254,0.0517255,0.0517258,0.0517262,0.0517269,0.0517277,0.0517288,0.05173,0.0517314,0.051733,0.0517348,0.0517368,0.051739,0.0517414,0.051744,0.0517467,0.0517497,0.0517528,0.0517562,0.0517597,0.0517634,0.0517674,0.0517715,0.0517758,0.0517803,0.051785,0.0517899,0.051795,0.0518003,0.0518057,0.0518114,0.0518173,0.0518233,0.0518296,0.051836,0.0518426,0.0518494,0.0518565,0.0518637,0.051871,0.0518786,0.0518864,0.0518944,0.0519025,0.0519109,0.0519194,0.0519281,0.051937,0.0519461,0.0519553,0.0519648,0.0519744,0.0519842,0.0519942,0.0520044,0.0520148,0.0520253,0.052036,0.0520469,0.052058,0.0520693,0.0520807,0.0520923,0.0521041
0.0535545,0.0535546,0.0535549,0.0535554,0.0535561,0.053557,0.053558,0.0535593,0.0535608,0.0535625,0.0535643,0.0535664,0.0535686,0.0535711,0.0535738,0.0535766,0.0535797,0.0535829,0.0535864,0.0535901,0.0535939,0.053598,0.0536023,0.0536067,0.0536114,0.0536163,0.0536213,0.0536266,0.0536321,0.0536377,0.0536436,0.0536497,0.0536559,0.0536624,0.0536691,0.0536759,0.053683,0.0536902,0.0536977,0.0537054,0.0537132,0.0537212,0.0537295,0.0537379,0.0537466,0.0537554,0.0537644,0.0537736,0.053783,0.0537926,0.0538024,0.0538124,0.0538225,0.0538329,0.0538434,0.0538542,0.0538651,0.0538762,0.0538875,0.0538989,0.0539106,0.0539224,0.0539344,0.0539466
0.0554352,0.0554353,0.0554356,0.0554361,0.0554368,0.0554377,0.0554388,0.0554401,0.0554416,0.0554434,0.0554453,0.0554474,0.0554498,0.0554523,0.0554551,0.055458,0.0554612,0.0554646,0.0554682,0.055472,0.055476,0.0554802,0.0554846,0.0554892,0.055494,0.0554991,0.0555043,0.0555098,0.0555154,0.0555213,0.0555274,0.0555336,0.0555401,0.0555468,0.0555537,0.0555608,0.0555681,0.0555757,0.0555834,0.0555913,0.0555994,0.0556077,0.0556163,0.055625,0.055634,0.0556431,0.0556524,0.055662,0.0556717,0.0556816,0.0556917,0.0557021,0.0557126,0.0557233,0.0557342,0.0557453,0.0557566,0.0557681,0.0557798,0.0557916,0.0558037,0.0558159,0.0558284,0.055841
0.0573616,0.0573617,0.057362,0.0573625,0.0573633,0.0573642,0.0573654,0.0573667,0.0573683,0.0573701,0.0573721,0.0573743,0.0573767,0.0573794,0.0573822,0.0573853,0.0573885,0.057392,0.0573957,0.0573997,0.0574038,0.0574082,0.0574127,0.0574175,0.0574225,0.0574277,0.0574331,0.0574388,0.0574446,0.0574507,0.057457,0.0574635,0.0574702,0.0574771,0.0574843,0.0574916,0.0574992,0.057507,0.0575149,0.0575231,0.0575315,0.0575402,0.057549,0.057558,0.0575673,0.0575767,0.0575864,0.0575963,0.0576064,0.0576166,0.0576271,0.0576378,0.0576487,0.0576598,0.0576711,0.0576825,0.0576942,0.0577061,0.0577182,0.0577305,0.0577429,0.0577556,0.0577685,0.0577815
0.0593395,0.0593396,0.05934,0.0593405,0.0593412,0.0593422,0.0593434,0.0593448,0.0593464,0.0593483,0.0593504,0.0593526,0.0593552,0.0593579,0.0593608,0.059364,0.0593674,0.059371,0.0593748,0.0593789,0.0593832,0.0593877,0.0593924,0.0593974,0.0594025,0.0594079,0.0594135,0.0594194,0.0594254,0.0594317,0.0594382,0.0594449,0.0594519,0.059459,0.0594664,0.059474,0.0594818,0.0594899,0.0594981,0.0595066,0.0595153,0.0595243,0.0595334,0.0595427,0.0595523,0.0595621,0.0595721,0.0595823,0.0595927,0.0596033,0.0596142,0.0596252,0.0596365,0.059648,0.0596596,0.0596715,0.0596836,0.0596959,0.0597084,0.0597211,0.059734,0.0597471,0.0597604,0.0597739
0.061367,0.0613671,0.0613675,0.061368,0.0613688,0.0613698,0.0613711,0.0613725,0.0613742,0.0613761,0.0613782,0.0613806,0.0613832,0.061386,0.0613891,0.0613923,0.0613959,0.0613996,0.0614036,0.0614078,0.0614122,0.0614168,0.0614217,0.0614268,0.0614322,0.0614378,0.0614436,0.0614496,0.0614559,0.0614624,0.0614691,0.061476,0.0614832,0.0614906,0.0614983,0.0615061,0.0615142,0.0615225,0.0615311,0.0615398,0.0615488,0.0615581,0.0615675,0.0615772,0.0615871,0.0615972,0.0616075,0.0616181,0.0616288,0.0616398,0.0616511,0.0616625,0.0616741,0.061686,0.0616981,0.0617104,0.0617229,0.0617356,0.0617485,0.0617616,0.061775,0.0617885,0.0618023,0.0618162
0.0634384,0.0634385,0.0634389,0.0634395,0.0634403,0.0634413,0.0634426,0.0634441,0.0634458,0.0634478,0.06345,0.0634524,0.0634551,0.063458,0.0634612,0.0634646,0.0634682,0.0634721,0.0634762,0.0634805,0.0634851,0.0634899,0.063495,0.0635002,0.0635058,0.0635115,0.0635175,0.0635238,0.0635302,0.063537,0.0635439,0.0635511,0.0635585,0.0635662,0.0635741,0.0635822,0.0635906,0.0635992,0.063608,0.0636171,0.0636264,0.0636359,0.0636457,0.0636557,0.0636659,0.0636764,0.063687,0.0636979,0.0637091,0.0637205,0.0637321,0.0637439,0.0637559,0.0637682,0.0637807,0.0637934,0.0638063,0.0638194,0.0638328,0.0638464,0.0638602,0.0638742,0.0638884,0.0639029
0.0655632,0.0655633,0.0655637,0.0655643,0.0655651,0.0655662,0.0655675,0.0655691,0.0655709,0.0655729,0.0655752,0.0655777,0.0655805,0.0655835,0.0655867,0.0655902,0.065594,0.065598,0.0656022,0.0656067,0.0656114,0.0656164,0.0656216,0.0656271,0.0656328,0.0656388,0.065645,0.0656514,0.0656581,0.065665,0.0656722,0.0656796,0.0656873,0.0656952,0.0657034,0.0657118,0.0657204,0.0657293,0.0657385,0.0657478,0.0657574,0.0657673,0.0657774,0.0657877,0.0657983,0.0658091,0.0658201,0.0658314,0.0658429,0.0658547,0.0658666,0.0658789,0.0658913,0.065904,0.0659169,0.06593,0.0659434,0.065957,0.0659707,0.0659848,0.0659991,0.0660135,0.0660282,0.0660431
0.0677299,0.0677301,0.0677304,0.0677311,0.0677319,0.067733,0.0677344,0.067736,0.0677379,0.06774,0.0677423,0.0677449,0.0677478,0.0677509,0.0677543,0.0677579,0.0677618,0.0677659,0.0677703,0.0677749,0.0677798,0.0677849,0.0677903,0.067796,0.0678019,0.067808,0.0678144,0.0678211,0.067828,0.0678352,0.0678426,0.0678503,0.0678582,0.0678664,0.0678748,0.0678835,0.0678924,0.0679016,0.067911,0.0679207,0.0679306,0.0679408,0.0679512,0.0679619,0.0679728,0.067984,0.0679954,0.068007,0.0680189,0.0680311,0.0680435,0.0680561,0.0680689,0.068082,0.0680953,0.0681089,0.0681227,0.0681367,0.068151,0.0681655,0.0681802,0.0681952,0.0682104,0.0682258
0.0699482,0.0699483,0.0699487,0.0699493,0.0699502,0.0699514,0.0699528,0.0699544,0.0699564,0.0699585,0.069961,0.0699637,0.0699666,0.0699698,0.0699733,0.0699771,0.069981,0.0699853,0.0699898,0.0699946,0.0699997,0.070005,0.0700105,0.0700164,0.0700225,0.0700288,0.0700354,0.0700423,0.0700494,0.0700568,0.0700645,0.0700724,0.0700806,0.0700891,0.0700978,0.0701067,0.070116,0.0701254,0.0701352,0.0701452,0.0701554,0.0701659,0.0701767,0.0701877,0.070199,0.0702105,0.0702223,0.0702343,0.0702466,0.0702592,0.0702719,0.070285,0.0702983,0.0703118,0.0703255,0.0703395,0.0703538,0.0703683,0.070383,0.070398,0.0704132,0.0704287,0.0704444,0.0704603
0.0722103,0.0722104,0.0722108,0.0722115,0.0722124,0.0722136,0.072215,0.0722168,0.0722187,0.072221,0.0722235,0.0722263,0.0722293,0.0722327,0.0722362,0.0722401,0.0722442,0.0722486,0.0722533,0.0722582,0.0722634,0.0722689,0.0722747,0.0722807,0.072287,0.0722935,0.0723004,0.0723075,0.0723148,0.0723225,0.0723304,0.0723386,0.072347,0.0723557,0.0723647,0.072374,0.0723835,0.0723933,0.0724033,0.0724137,0.0724242,0.0724351,0.0724462,0.0724576,0.0724692,0.0724811,0.0724933,0.0725057,0.0725184,0.0725313,0.0725445,0.072558,0.0725717,0.0725857,0.0725999,0.0726143,0.072629,0.072644,0.0726592,0.0726746,0.0726904,0.0727063,0.0727225,0.0727389
0.0745163,0.0745164,0.0745168,0.0745175,0.0745185,0.0745197,0.0745212,0.0745229,0.074525,0.0745273,0.0745299,0.0745328,0.0745359,0.0745394,0.0745431,0.074547,0.0745513,0.0745558,0.0745606,0.0745657,0.0745711,0.0745768,0.0745827,0.0745889,0.0745954,0.0746022,0.0746092,0.0746166,0.0746242,0.074632,0.0746402,0.0746486,0.0746574,0.0746664,0.0746756,0.0746852,0.074695,0.0747051,0.0747155,0.0747261,0.0747371,0.0747483,0.0747597,0.0747715,0.0747835,0.0747958,0.0748083,0.0748211,0.0748342,0.0748476,0.0748612,0.0748751,0.0748892,0.0749036,0.0749183,0.0749332,0.0749484,0.0749638,0.0749795,0.0749955,0.0750117,0.0750281,0.0750448,0.0750618
0.0768661,0.0768663,0.0768667,0.0768674,0.0768684,0.0768696,0.0768712,0.076873,0.0768751,0.0768775,0.0768802,0.0768832,0.0768864,0.0768899,0.0768938,0.0768979,0.0769022,0.0769069,0.0769119,0.0769172,0.0769227,0.0769285,0.0769346,0.0769411,0.0769478,0.0769547,0.076962,0.0769696,0.0769774,0.0769856,0.076994,0.0770027,0.0770117,0.0770209,0.0770305,0.0770404,0.0770505,0.0770609,0.0770716,0.0770826,0.0770939,0.0771054,0.0771173,0.0771294,0.0771418,0.0771544,0.0771674,0.0771806,0.0771941,0.0772079,0.0772219,0.0772362,0.0772508,0.0772657,0.0772808,0.0772962,0.0773119,0.0773278,0.077344,0.0773604,0.0773772,0.0773941,0.0774113,0.0774289
0.0792561,0.0792562,0.0792566,0.0792574,0.0792584,0.0792597,0.0792613,0.0792631,0.0792653,0.0792678,0.0792705,0.0792736,0.0792769,0.0792806,0.0792845,0.0792888,0.0792933,0.0792981,0.0793032,0.0793086,0.0793144,0.0793204,0.0793267,0.0793333,0.0793402,0.0793474,0.0793549,0.0793627,0.0793708,0.0793792,0.0793878,0.0793968,0.0794061,0.0794157,0.0794255,0.0794357,0.0794462,0.0794569,0.0794679,0.0794793,0.0794909,0.0795028,0.079515,0.0795275,0.0795403,0.0795533,0.0795667,0.0795803,0.0795942,0.0796084,0.0796229,0.0796377,0.0796527,0.079668,0.0796836,0.0796995,0.0797156,0.0797321,0.0797488,0.0797657,0.079783,0.0798004,0.0798183,0.0798363
0.0816898,0.08169,0.0816904,0.0816912,0.0816922,0.0816935,0.0816952,0.0816971,0.0816994,0.0817019,0.0817048,0.0817079,0.0817114,0.0817151,0.0817192,0.0817235,0.0817282,0.0817332,0.0817385,0.081744,0.0817499,0.0817561,0.0817626,0.0817694,0.0817766,0.081784,0.0817917,0.0817997,0.0818081,0.0818167,0.0818257,0.0818349,0.0818445,0.0818543,0.0818645,0.081875,0.0818858,0.0818968,0.0819082,0.0819199,0.0819319,0.0819441,0.0819567,0.0819696,0.0819827,0.0819962,0.08201,0.082024,0.0820384,0.082053,0.0820679,0.0820831,0.0820986,0.0821144,0.0821305,0.0821469,0.0821635,0.0821804,0.0821977,0.0822151,0.0822329,0.0822509,0.0822692,0.0822878
0.084156,0.0841562,0.0841566,0.0841574,0.0841585,0.0841599,0.0841616,0.0841635,0.0841659,0.0841685,0.0841714,0.0841747,0.0841782,0.0841821,0.0841863,0.0841908,0.0841956,0.0842007,0.0842061,0.0842119,0.084218,0.0842243,0.084231,0.084238,0.0842454,0.084253,0.084261,0.0842693,0.0842779,0.0842868,0.084296,0.0843055,0.0843154,0.0843255,0.084336,0.0843468,0.0843579,0.0843693,0.084381,0.084393,0.0844054,0.084418,0.084431,0.0844442,0.0844578,0.0844717,0.0844858,0.0845003,0.0845151,0.0845302,0.0845455,0.0845612,0.0845772,0.0845935,0.08461,0.0846269,0.084644,0.0846615,0.0846792,0.0846972,0.0847155,0.0847341,0.084753,0.0847722
0.0866642,0.0866644,0.0866648,0.0866656,0.0866667,0.0866681,0.0866699,0.0866719,0.0866743,0.086677,0.08668,0.0866834,0.086687,0.086691,0.0866953,0.0866999,0.0867049,0.0867102,0.0867158,0.0867217,0.086728,0.0867345,0.0867414,0.0867487,0.0867562,0.0867641,0.0867723,0.0867808,0.0867896,0.0867988,0.0868083,0.0868181,0.0868283,0.0868387,0.0868495,0.0868606,0.086872,0.0868838,0.0868959,0.0869082,0.0869209,0.086934,0.0869473,0.086961,0.0869749,0.0869892,0.0870038,0.0870187,0.087034,0.0870495,0.0870653,0.0870814,0.0870979,0.0871146,0.0871317,0.0871491,0.0871667,0.0871847,0.0872029,0.0872215,0.0872403,0.0872594,0.0872789,0.0872986
0.089201,0.0892011,0.0892016,0.0892024,0.0892036,0.089205,0.0892068,0.0892089,0.0892114,0.0892142,0.0892173,0.0892207,0.0892245,0.0892286,0.089233,0.0892378,0.0892429,0.0892483,0.0892541,0.0892602,0.0892666,0.0892734,0.0892805,0.0892879,0.0892957,0.0893038,0.0893122,0.089321,0.0893301,0.0893395,0.0893493,0.0893594,0.0893698,0.0893806,0.0893917,0.0894031,0.0894149,0.089427,0.0894394,0.0894522,0.0894652,0.0894787,0.0894924,0.0895064,0.0895208,0.0895355,0.0895505,0.0895659,0.0895815,0.0895975,0.0896138,0.0896305,0.0896474,0.0896646,0.0896822,0.0897,0.0897182,0.0897367,0.0897555,0.0897746,0.089794,0.0898137,0.0898337,0.089854
0.0917702,0.0917703,0.0917708,0.0917717,0.0917728,0.0917743,0.0917762,0.0917784,0.0917809,0.0917837,0.0917869,0.0917905,0.0917943,0.0917986,0.0918031,0.091808,0.0918133,0.0918189,0.0918248,0.0918311,0.0918377,0.0918446,0.091852,0.0918596,0.0918676,0.0918759,0.0918846,0.0918936,0.091903,0.0919127,0.0919228,0.0919332,0.0919439,0.091955,0.0919664,0.0919782,0.0919903,0.0920027,0.0920155,0.0920286,0.0920421,0.0920559,0.09207,0.0920844,0.0920992,0.0921143,0.0921298,0.0921456,0.0921617,0.0921782,0.0921949,0.092212,0.0922294,0.0922472,0.0922652,0.0922836,0.0923023,0.0923213,0.0923406,0.0923603,0.0923803,0.0924006,0.0924211,0.092442
0.0943661,0.0943662,0.0943668,0.0943676,0.0943688,0.0943704,0.0943723,0.0943745,0.0943771,0.09438,0.0943833,0.0943869,0.0943909,0.0943953,0.0944,0.094405,0.0944104,0.0944161,0.0944222,0.0944287,0.0944355,0.0944427,0.0944502,0.094458,0.0944663,0.0944748,0.0944838,0.094493,0.0945027,0.0945127,0.094523,0.0945337,0.0945447,0.0945561,0.0945679,0.09458,0.0945924,0.0946052,0.0946183,0.0946318,0.0946457,0.0946598,0.0946744,0.0946892,0.0947045,0.09472,0.0947359,0.0947521,0.0947687,0.0947856,0.0948029,0.0948205,0.0948383,0.0948566,0.0948752,0.0948941,0.0949133,0.0949328,0.0949527,0.0949729,0.0949935,0.0950143,0.0950354,0.0950569
0.0969906,0.0969908,0.0969913,0.0969922,0.0969934,0.096995,0.0969969,0.0969992,0.0970019,0.0970049,0.0970083,0.097012,0.0970161,0.0970206,0.0970254,0.0970306,0.0970361,0.097042,0.0970483,0.0970549,0.0970619,0.0970693,0.097077,0.0970851,0.0970936,0.0971024,0.0971115,0.0971211,0.097131,0.0971412,0.0971519,0.0971629,0.0971742,0.0971859,0.097198,0.0972104,0.0972232,0.0972364,0.0972498,0.0972637,0.0972779,0.0972925,0.0973074,0.0973227,0.0973383,0.0973543,0.0973707,0.0973874,0.0974044,0.0974218,0.0974395,0.0974575,0.097476,0.0974947,0.0975138,0.0975332,0.097553,0.0975731,0.0975935,0.0976143,0.0976353,0.0976568,0.0976785,0.0977006
0.0996323,0.0996324,0.099633,0.0996339,0.0996352,0.0996368,0.0996388,0.0996412,0.0996439,0.099647,0.0996505,0.0996543,0.0996585,0.0996631,0.099668,0.0996734,0.0996791,0.0996851,0.0996916,0.0996984,0.0997056,0.0997131,0.0997211,0.0997294,0.099738,0.0997471,0.0997565,0.0997663,0.0997765,0.099787,0.0997979,0.0998092,0.0998209,0.0998329,0.0998453,0.0998581,0.0998712,0.0998847,0.0998986,0.0999128,0.0999275,0.0999424,0.0999578,0.0999735,0.0999895,0.100006,0.100023,0.10004,0.100057,0.100075,0.100093,0.100112,0.100131,0.10015,0.10017,0.10019,0.10021,0.100231,0.100252,0.100273,0.100295,0.100317,0.100339,0.100362
0.102295,0.102295,0.102296,0.102297,0.102298,0.1023,0.102302,0.102304,0.102307,0.10231,0.102314,0.102318,0.102322,0.102327,0.102332,0.102337,0.102343,0.102349,0.102356,0.102363,0.10237,0.102378,0.102386,0.102395,0.102404,0.102413,0.102422,0.102433,0.102443,0.102454,0.102465,0.102477,0.102489,0.102501,0.102514,0.102527,0.10254,0.102554,0.102568,0.102583,0.102598,0.102613,0.102629,0.102645,0.102662,0.102679,0.102696,0.102713,0.102731,0.10275,0.102768,0.102787,0.102807,0.102827,0.102847,0.102867,0.102888,0.102909,0.102931,0.102953,0.102975,0.102998,0.10302,0.103044
0.104969,0.104969,0.10497,0.104971,0.104972,0.104974,0.104976,0.104978,0.104981,0.104985,0.104988,0.104992,0.104997,0.105002,0.105007,0.105012,0.105018,0.105025,0.105032,0.105039,0.105046,0.105054,0.105063,0.105071,0.10508,0.10509,0.1051,0.10511,0.105121,0.105132,0.105144,0.105155,0.105168,0.10518,0.105193,0.105207,0.105221,0.105235,0.10525,0.105265,0.10528,0.105296,0.105312,0.105328,0.105345,0.105363,0.10538,0.105398,0.105417,0.105436,0.105455,0.105474,0.105494,0.105515,0.105535,0.105556,0.105578,0.105599,0.105622,0.105644,0.105667,0.10569,0.105714,0.105737
0.107655,0.107655,0.107655,0.107656,0.107658,0.107659,0.107662,0.107664,0.107667,0.10767,0.107674,0.107678,0.107683,0.107688,0.107693,0.107699,0.107705,0.107712,0.107719,0.107726,0.107734,0.107742,0.107751,0.107759,0.107769,0.107779,0.107789,0.107799,0.10781,0.107822,0.107834,0.107846,0.107858,0.107871,0.107885,0.107899,0.107913,0.107927,0.107942,0.107958,0.107974,0.10799,0.108006,0.108023,0.108041,0.108058,0.108076,0.108095,0.108114,0.108133,0.108153,0.108173,0.108193,0.108214,0.108235,0.108257,0.108279,0.108301,0.108324,0.108347,0.10837,0.108394,0.108418,0.108443
0.110344,0.110344,0.110345,0.110346,0.110347,0.110349,0.110351,0.110354,0.110357,0.11036,0.110364,0.110368,0.110373,0.110378,0.110384,0.110389,0.110396,0.110402,0.11041,0.110417,0.110425,0.110433,0.110442,0.110451,0.110461,0.110471,0.110482,0.110492,0.110504,0.110515,0.110527,0.11054,0.110553,0.110566,0.11058,0.110594,0.110609,0.110624,0.110639,0.110655,0.110671,0.110687,0.110704,0.110722,0.11074,0.110758,0.110776,0.110795,0.110815,0.110835,0.110855,0.110875,0.110896,0.110917,0.110939,0.110961,0.110984,0.111007,0.11103,0.111054,0.111077,0.111102,0.111127,0.111152
0.113035,0.113035,0.113036,0.113037,0.113038,0.11304,0.113043,0.113045,0.113048,0.113052,0.113056,0.11306,0.113065,0.11307,0.113076,0.113082,0.113088,0.113095,0.113102,0.11311,0.113118,0.113127,0.113136,0.113145,0.113155,0.113165,0.113176,0.113187,0.113199,0.113211,0.113223,0.113236,0.113249,0.113263,0.113277,0.113291,0.113306,0.113322,0.113337,0.113354,0.11337,0.113387,0.113404,0.113422,0.113441,0.113459,0.113478,0.113498,0.113517,0.113538,0.113558,0.113579,0.113601,0.113623,0.113645,0.113668,0.113691,0.113714,0.113738,0.113762,0.113787,0.113812,0.113837,0.113863
0.115725,0.115725,0.115725,0.115726,0.115728,0.11573,0.115732,0.115735,0.115738,0.115742,0.115746,0.11575,0.115755,0.11576,0.115766,0.115772,0.115779,0.115786,0.115793,0.115801,0.11581,0.115818,0.115828,0.115837,0.115847,0.115858,0.115869,0.11588,0.115892,0.115904,0.115917,0.11593,0.115944,0.115958,0.115972,0.115987,0.116002,0.116018,0.116034,0.11605,0.116067,0.116085,0.116103,0.116121,0.11614,0.116159,0.116178,0.116198,0.116218,0.116239,0.11626,0.116282,0.116304,0.116326,0.116349,0.116372,0.116396,0.11642,0.116444,0.116469,0.116494,0.116519,0.116545,0.116572
0.118401,0.118401,0.118401,0.118403,0.118404,0.118406,0.118408,0.118411,0.118414,0.118418,0.118422,0.118427,0.118432,0.118437,0.118443,0.118449,0.118456,0.118463,0.118471,0.118479,0.118488,0.118497,0.118506,0.118516,0.118526,0.118537,0.118548,0.11856,0.118572,0.118584,0.118597,0.118611,0.118625,0.118639,0.118654,0.118669,0.118685,0.118701,0.118717,0.118734,0.118751,0.118769,0.118787,0.118806,0.118825,0.118845,0.118865,0.118885,0.118906,0.118927,0.118949,0.118971,0.118993,0.119016,0.119039,0.119063,0.119087,0.119112,0.119137,0.119162,0.119188,0.119214,0.11924,0.119267
0.121065,0.121065,0.121066,0.121067,0.121069,0.121071,0.121073,0.121076,0.121079,0.121083,0.121087,0.121092,0.121097,0.121103,0.121109,0.121115,0.121122,0.121129,0.121137,0.121145,0.121154,0.121163,0.121173,0.121183,0.121194,0.121205,0.121216,0.121228,0.12124,0.121253,0.121266,0.12128,0.121294,0.121309,0.121324,0.12134,0.121355,0.121372,0.121389,0.121406,0.121424,0.121442,0.121461,0.12148,0.121499,0.121519,0.12154,0.12156,0.121582,0.121603,0.121625,0.121648,0.121671,0.121694,0.121718,0.121743,0.121767,0.121792,0.121818,0.121844,0.12187,0.121897,0.121924,0.121951
0.123711,0.123711,0.123712,0.123713,0.123714,0.123716,0.123719,0.123722,0.123725,0.123729,0.123733,0.123738,0.123743,0.123749,0.123755,0.123762,0.123769,0.123776,0.123784,0.123793,0.123802,0.123811,0.123821,0.123831,0.123842,0.123853,0.123865,0.123877,0.12389,0.123903,0.123916,0.12393,0.123945,0.12396,0.123975,0.123991,0.124007,0.124024,0.124041,0.124059,0.124077,0.124096,0.124115,0.124134,0.124154,0.124175,0.124195,0.124217,0.124238,0.124261,0.124283,0.124306,0.12433,0.124354,0.124378,0.124403,0.124428,0.124454,0.12448,0.124506,0.124533,0.12456,0.124588,0.124616
0.126329,0.12633,0.12633,0.126331,0.126333,0.126335,0.126338,0.126341,0.126344,0.126348,0.126352,0.126357,0.126363,0.126369,0.126375,0.126382,0.126389,0.126396,0.126405,0.126413,0.126422,0.126432,0.126442,0.126453,0.126464,0.126475,0.126487,0.126499,0.126512,0.126526,0.126539,0.126554,0.126569,0.126584,0.1266,0.126616,0.126632,0.12665,0.126667,0.126685,0.126704,0.126723,0.126742,0.126762,0.126782,0.126803,0.126824,0.126846,0.126868,0.126891,0.126914,0.126938,0.126962,0.126986,0.127011,0.127036,0.127062,0.127088,0.127115,0.127142,0.127169,0.127197,0.127225,0.127254
0.128916,0.128916,0.128917,0.128918,0.12892,0.128922,0.128924,0.128927,0.128931,0.128935,0.128939,0.128944,0.12895,0.128956,0.128962,0.128969,0.128976,0.128984,0.128993,0.129001,0.129011,0.12902,0.129031,0.129041,0.129053,0.129064,0.129077,0.129089,0.129102,0.129116,0.12913,0.129145,0.12916,0.129175,0.129191,0.129208,0.129225,0.129242,0.12926,0.129279,0.129298,0.129317,0.129337,0.129357,0.129378,0.129399,0.129421,0.129443,0.129466,0.129489,0.129512,0.129536,0.129561,0.129586,0.129611,0.129637,0.129663,0.12969,0.129717,0.129745,0.129773,0.129801,0.12983,0.12986
0.131468,0.131468,0.131469,0.13147,0.131472,0.131474,0.131476,0.13148,0.131483,0.131487,0.131492,0.131497,0.131502,0.131508,0.131515,0.131522,0.13153,0.131538,0.131546,0.131555,0.131565,0.131575,0.131585,0.131596,0.131607,0.131619,0.131632,0.131645,0.131658,0.131672,0.131686,0.131701,0.131717,0.131733,0.131749,0.131766,0.131783,0.131801,0.131819,0.131838,0.131857,0.131877,0.131897,0.131918,0.131939,0.131961,0.131983,0.132006,0.132029,0.132052,0.132076,0.132101,0.132126,0.132151,0.132177,0.132203,0.13223,0.132257,0.132285,0.132313,0.132342,0.132371,0.1324,0.13243
0.133972,0.133972,0.133973,0.133974,0.133976,0.133978,0.133981,0.133984,0.133988,0.133992,0.133997,0.134002,0.134007,0.134014,0.13402,0.134027,0.134035,0.134043,0.134052,0.134061,0.134071,0.134081,0.134092,0.134103,0.134114,0.134127,0.134139,0.134152,0.134166,0.13418,0.134195,0.13421,0.134226,0.134242,0.134259,0.134276,0.134293,0.134312,0.13433,0.134349,0.134369,0.134389,0.13441,0.134431,0.134453,0.134475,0.134497,0.13452,0.134544,0.134568,0.134592,0.134617,0.134643,0.134669,0.134695,0.134722,0.134749,0.134777,0.134805,0.134834,0.134863,0.134892,0.134922,0.134953
0.136433,0.136433,0.136434,0.136435,0.136437,0.136439,0.136442,0.136445,0.136449,0.136453,0.136458,0.136463,0.136469,0.136475,0.136482,0.136489,0.136497,0.136505,0.136514,0.136523,0.136533,0.136543,0.136554,0.136566,0.136577,0.13659,0.136603,0.136616,0.13663,0.136645,0.13666,0.136675,0.136691,0.136707,0.136724,0.136742,0.13676,0.136778,0.136797,0.136817,0.136837,0.136857,0.136878,0.1369,0.136922,0.136944,0.136967,0.136991,0.137015,0.137039,0.137064,0.13709,0.137115,0.137142,0.137169,0.137196,0.137224,0.137252,0.137281,0.13731,0.13734,0.13737,0.1374,0.137431
0.138834,0.138834,0.138835,0.138836,0.138838,0.13884,0.138843,0.138846,0.13885,0.138855,0.138859,0.138865,0.138871,0.138877,0.138884,0.138891,0.138899,0.138908,0.138917,0.138926,0.138936,0.138947,0.138958,0.138969,0.138981,0.138994,0.139007,0.139021,0.139035,0.13905,0.139065,0.139081,0.139097,0.139114,0.139131,0.139149,0.139167,0.139186,0.139205,0.139225,0.139245,0.139266,0.139288,0.139309,0.139332,0.139355,0.139378,0.139402,0.139426,0.139451,0.139477,0.139502,0.139529,0.139556,0.139583,0.139611,0.139639,0.139668,0.139697,0.139727,0.139757,0.139788,0.139819,0.13985
0.141174,0.141175,0.141175,0.141177,0.141178,0.141181,0.141184,0.141187,0.141191,0.141195,0.1412,0.141206,0.141212,0.141218,0.141225,0.141233,0.141241,0.141249,0.141258,0.141268,0.141278,0.141289,0.1413,0.141312,0.141324,0.141337,0.14135,0.141364,0.141379,0.141394,0.141409,0.141425,0.141442,0.141459,0.141476,0.141494,0.141513,0.141532,0.141552,0.141572,0.141593,0.141614,0.141636,0.141658,0.141681,0.141704,0.141728,0.141752,0.141777,0.141802,0.141828,0.141854,0.141881,0.141908,0.141936,0.141964,0.141993,0.142022,0.142052,0.142082,0.142113,0.142144,0.142176,0.142208
0.143446,0.143446,0.143447,0.143448,0.14345,0.143452,0.143455,0.143459,0.143463,0.143467,0.143472,0.143478,0.143484,0.14349,0.143497,0.143505,0.143513,0.143522,0.143531,0.143541,0.143551,0.143562,0.143574,0.143586,0.143598,0.143611,0.143625,0.143639,0.143654,0.143669,0.143684,0.143701,0.143718,0.143735,0.143753,0.143771,0.14379,0.143809,0.143829,0.14385,0.143871,0.143893,0.143915,0.143937,0.14396,0.143984,0.144008,0.144033,0.144058,0.144084,0.14411,0.144137,0.144164,0.144192,0.14422,0.144249,0.144278,0.144307,0.144338,0.144368,0.1444,0.144431,0.144463,0.144496
0.145643,0.145643,0.145644,0.145646,0.145647,0.14565,0.145653,0.145656,0.14566,0.145665,0.14567,0.145675,0.145682,0.145688,0.145696,0.145703,0.145712,0.145721,0.14573,0.14574,0.14575,0.145761,0.145773,0.145785,0.145798,0.145811,0.145825,0.145839,0.145854,0.145869,0.145885,0.145902,0.145919,0.145937,0.145955,0.145973,0.145993,0.146012,0.146033,0.146053,0.146075,0.146097,0.146119,0.146142,0.146165,0.146189,0.146214,0.146239,0.146265,0.146291,0.146317,0.146344,0.146372,0.1464,0.146429,0.146458,0.146488,0.146518,0.146549,0.14658,0.146611,0.146644,0.146676,0.146709
0.147758,0.147759,0.14776,0.147761,0.147763,0.147765,0.147768,0.147772,0.147776,0.14778,0.147785,0.147791,0.147797,0.147804,0.147812,0.147819,0.147828,0.147837,0.147846,0.147857,0.147867,0.147878,0.14789,0.147902,0.147915,0.147929,0.147943,0.147957,0.147972,0.147988,0.148004,0.148021,0.148038,0.148056,0.148074,0.148093,0.148113,0.148133,0.148153,0.148175,0.148196,0.148218,0.148241,0.148264,0.148288,0.148313,0.148338,0.148363,0.148389,0.148415,0.148442,0.14847,0.148498,0.148527,0.148556,0.148585,0.148615,0.148646,0.148677,0.148709,0.148741,0.148773,0.148807,0.14884
0.14979,0.14979,0.149791,0.149792,0.149794,0.149797,0.1498,0.149803,0.149807,0.149812,0.149817,0.149823,0.149829,0.149836,0.149844,0.149852,0.14986,0.149869,0.149879,0.149889,0.1499,0.149911,0.149923,0.149936,0.149949,0.149962,0.149977,0.149991,0.150007,0.150022,0.150039,0.150056,0.150073,0.150091,0.15011,0.150129,0.150149,0.150169,0.15019,0.150212,0.150234,0.150256,0.150279,0.150303,0.150327,0.150352,0.150377,0.150403,0.150429,0.150456,0.150483,0.150511,0.150539,0.150568,0.150598,0.150628,0.150658,0.150689,0.150721,0.150753,0.150786,0.150819,0.150852,0.150886
0.151724,0.151724,0.151725,0.151726,0.151728,0.151731,0.151734,0.151737,0.151742,0.151746,0.151752,0.151757,0.151764,0.151771,0.151778,0.151786,0.151795,0.151804,0.151814,0.151825,0.151835,0.151847,0.151859,0.151872,0.151885,0.151899,0.151913,0.151928,0.151943,0.15196,0.151976,0.151993,0.152011,0.152029,0.152048,0.152068,0.152088,0.152108,0.152129,0.152151,0.152173,0.152196,0.15222,0.152243,0.152268,0.152293,0.152318,0.152345,0.152371,0.152398,0.152426,0.152454,0.152483,0.152513,0.152542,0.152573,0.152604,0.152635,0.152667,0.1527,0.152733,0.152766,0.1528,0.152835
0.153563,0.153563,0.153564,0.153565,0.153567,0.15357,0.153573,0.153576,0.15358,0.153585,0.153591,0.153597,0.153603,0.15361,0.153618,0.153626,0.153635,0.153644,0.153654,0.153664,0.153676,0.153687,0.153699,0.153712,0.153726,0.15374,0.153754,0.153769,0.153785,0.153801,0.153818,0.153835,0.153853,0.153872,0.153891,0.153911,0.153931,0.153952,0.153973,0.153995,0.154018,0.154041,0.154064,0.154088,0.154113,0.154138,0.154164,0.154191,0.154218,0.154245,0.154273,0.154302,0.154331,0.154361,0.154391,0.154422,0.154453,0.154485,0.154517,0.15455,0.154583,0.154617,0.154652,0.154687
0.155294,0.155295,0.155296,0.155297,0.155299,0.155301,0.155305,0.155308,0.155313,0.155317,0.155323,0.155329,0.155335,0.155342,0.15535,0.155358,0.155367,0.155377,0.155387,0.155397,0.155409,0.15542,0.155433,0.155446,0.155459,0.155473,0.155488,0.155503,0.155519,0.155536,0.155553,0.15557,0.155588,0.155607,0.155626,0.155646,0.155667,0.155688,0.15571,0.155732,0.155755,0.155778,0.155802,0.155826,0.155851,0.155877,0.155903,0.15593,0.155957,0.155985,0.156013,0.156042,0.156072,0.156102,0.156132,0.156163,0.156195,0.156227,0.15626,0.156293,0.156327,0.156361,0.156396,0.156431
0.156916,0.156916,0.156917,0.156918,0.15692,0.156923,0.156926,0.15693,0.156934,0.156939,0.156944,0.15695,0.156957,0.156964,0.156972,0.15698,0.156989,0.156999,0.157009,0.15702,0.157031,0.157043,0.157056,0.157069,0.157082,0.157097,0.157111,0.157127,0.157143,0.157159,0.157177,0.157194,0.157213,0.157232,0.157251,0.157271,0.157292,0.157313,0.157335,0.157358,0.157381,0.157404,0.157428,0.157453,0.157478,0.157504,0.157531,0.157558,0.157585,0.157613,0.157642,0.157671,0.157701,0.157731,0.157762,0.157794,0.157826,0.157858,0.157891,0.157925,0.157959,0.157993,0.158029,0.158064
0.158424,0.158425,0.158426,0.158427,0.158429,0.158432,0.158435,0.158439,0.158443,0.158448,0.158453,0.158459,0.158466,0.158473,0.158481,0.15849,0.158499,0.158508,0.158519,0.15853,0.158541,0.158553,0.158566,0.158579,0.158593,0.158607,0.158622,0.158638,0.158654,0.15867,0.158688,0.158706,0.158724,0.158743,0.158763,0.158783,0.158804,0.158826,0.158848,0.158871,0.158894,0.158918,0.158942,0.158967,0.158992,0.159019,0.159045,0.159072,0.1591,0.159129,0.159158,0.159187,0.159217,0.159248,0.159279,0.159311,0.159343,0.159376,0.159409,0.159443,0.159478,0.159513,0.159548,0.159584
0.159811,0.159811,0.159812,0.159814,0.159816,0.159818,0.159821,0.159825,0.15983,0.159835,0.15984,0.159846,0.159853,0.15986,0.159868,0.159877,0.159886,0.159896,0.159906,0.159917,0.159929,0.159941,0.159953,0.159967,0.159981,0.159995,0.16001,0.160026,0.160042,0.160059,0.160077,0.160095,0.160114,0.160133,0.160153,0.160173,0.160194,0.160216,0.160238,0.160261,0.160284,0.160309,0.160333,0.160358,0.160384,0.16041,0.160437,0.160465,0.160493,0.160521,0.160551,0.16058,0.160611,0.160642,0.160673,0.160705,0.160738,0.160771,0.160805,0.160839,0.160873,0.160909,0.160945,0.160981
0.161074,0.161074,0.161075,0.161076,0.161078,0.161081,0.161084,0.161088,0.161092,0.161097,0.161103,0.161109,0.161116,0.161124,0.161132,0.16114,0.161149,0.161159,0.16117,0.161181,0.161192,0.161204,0.161217,0.161231,0.161245,0.161259,0.161275,0.16129,0.161307,0.161324,0.161342,0.16136,0.161379,0.161398,0.161418,0.161439,0.16146,0.161482,0.161504,0.161527,0.161551,0.161575,0.1616,0.161625,0.161651,0.161678,0.161705,0.161733,0.161761,0.16179,0.161819,0.161849,0.16188,0.161911,0.161943,0.161975,0.162008,0.162041,0.162075,0.162109,0.162145,0.16218,0.162216,0.162253
0.162207,0.162207,0.162208,0.162209,0.162211,0.162214,0.162217,0.162221,0.162226,0.162231,0.162236,0.162243,0.162249,0.162257,0.162265,0.162274,0.162283,0.162293,0.162303,0.162314,0.162326,0.162338,0.162351,0.162365,0.162379,0.162394,0.162409,0.162425,0.162441,0.162459,0.162476,0.162495,0.162514,0.162533,0.162554,0.162574,0.162596,0.162618,0.16264,0.162663,0.162687,0.162712,0.162737,0.162762,0.162788,0.162815,0.162842,0.16287,0.162899,0.162928,0.162957,0.162988,0.163018,0.16305,0.163082,0.163114,0.163147,0.163181,0.163215,0.16325,0.163285,0.163321,0.163357,0.163394
0.163206,0.163206,0.163207,0.163209,0.163211,0.163214,0.163217,0.163221,0.163225,0.16323,0.163236,0.163242,0.163249,0.163257,0.163265,0.163273,0.163283,0.163293,0.163303,0.163314,0.163326,0.163339,0.163352,0.163365,0.163379,0.163394,0.16341,0.163426,0.163442,0.16346,0.163477,0.163496,0.163515,0.163535,0.163555,0.163576,0.163598,0.16362,0.163642,0.163666,0.16369,0.163714,0.163739,0.163765,0.163791,0.163818,0.163846,0.163874,0.163902,0.163932,0.163961,0.163992,0.164023,0.164054,0.164087,0.164119,0.164152,0.164186,0.164221,0.164256,0.164291,0.164327,0.164364,0.164401
0.164068,0.164069,0.164069,0.164071,0.164073,0.164076,0.164079,0.164083,0.164087,0.164092,0.164098,0.164105,0.164111,0.164119,0.164127,0.164136,0.164145,0.164155,0.164166,0.164177,0.164189,0.164201,0.164214,0.164228,0.164242,0.164257,0.164273,0.164289,0.164306,0.164323,0.164341,0.16436,0.164379,0.164399,0.164419,0.16444,0.164462,0.164484,0.164507,0.16453,0.164554,0.164579,0.164604,0.16463,0.164657,0.164684,0.164711,0.164739,0.164768,0.164798,0.164828,0.164858,0.164889,0.164921,0.164953,0.164986,0.16502,0.165054,0.165088,0.165123,0.165159,0.165195,0.165232,0.165269
0.164797,0.164797,0.164798,0.1648,0.164802,0.164804,0.164808,0.164812,0.164816,0.164821,0.164827,0.164833,0.16484,0.164848,0.164856,0.164865,0.164874,0.164884,0.164895,0.164906,0.164918,0.164931,0.164944,0.164957,0.164972,0.164987,0.165002,0.165019,0.165035,0.165053,0.165071,0.16509,0.165109,0.165129,0.165149,0.16517,0.165192,0.165214,0.165237,0.165261,0.165285,0.16531,0.165335,0.165361,0.165388,0.165415,0.165443,0.165471,0.1655,0.165529,0.16556,0.16559,0.165622,0.165653,0.165686,0.165719,0.165752,0.165787,0.165821,0.165857,0.165892,0.165929,0.165966,0.166003
0.165377,0.165377,0.165378,0.165379,0.165381,0.165384,0.165387,0.165391,0.165396,0.165401,0.165407,0.165413,0.16542,0.165428,0.165436,0.165445,0.165454,0.165464,0.165475,0.165486,0.165498,0.165511,0.165524,0.165538,0.165552,0.165567,0.165583,0.165599,0.165616,0.165634,0.165652,0.16567,0.16569,0.16571,0.16573,0.165751,0.165773,0.165796,0.165819,0.165842,0.165867,0.165891,0.165917,0.165943,0.16597,0.165997,0.166025,0.166053,0.166082,0.166112,0.166142,0.166173,0.166204,0.166236,0.166269,0.166302,0.166336,0.16637,0.166405,0.16644,0.166476,0.166513,0.16655,0.166587
0.165815,0.165816,0.165817,0.165818,0.16582,0.165823,0.165826,0.16583,0.165835,0.16584,0.165846,0.165852,0.165859,0.165867,0.165875,0.165884,0.165893,0.165903,0.165914,0.165925,0.165937,0.16595,0.165963,0.165977,0.165991,0.166006,0.166022,0.166038,0.166055,0.166073,0.166091,0.16611,0.166129,0.166149,0.16617,0.166191,0.166213,0.166236,0.166259,0.166282,0.166307,0.166332,0.166357,0.166383,0.16641,0.166437,0.166465,0.166494,0.166523,0.166553,0.166583,0.166614,0.166645,0.166677,0.16671,0.166743,0.166777,0.166811,0.166846,0.166882,0.166918,0.166954,0.166991,0.167029
0.166109,0.166109,0.16611,0.166112,0.166114,0.166117,0.16612,0.166124,0.166128,0.166134,0.166139,0.166146,0.166153,0.16616,0.166169,0.166178,0.166187,0.166197,0.166208,0.166219,0.166231,0.166244,0.166257,0.166271,0.166285,0.166301,0.166316,0.166333,0.16635,0.166367,0.166385,0.166404,0.166424,0.166444,0.166464,0.166486,0.166507,0.16653,0.166553,0.166577,0.166601,0.166626,0.166652,0.166678,0.166705,0.166732,0.16676,0.166789,0.166818,0.166848,0.166878,0.166909,0.16694,0.166973,0.167005,0.167038,0.167072,0.167107,0.167142,0.167177,0.167213,0.16725,0.167287,0.167325
0.166256,0.166256,0.166257,0.166259,0.166261,0.166264,0.166267,0.166271,0.166275,0.166281,0.166286,0.166293,0.1663,0.166307,0.166316,0.166325,0.166334,0.166344,0.166355,0.166366,0.166378,0.166391,0.166404,0.166418,0.166432,0.166448,0.166463,0.16648,0.166497,0.166514,0.166532,0.166551,0.166571,0.166591,0.166611,0.166633,0.166655,0.166677,0.1667,0.166724,0.166749,0.166773,0.166799,0.166825,0.166852,0.166879,0.166907,0.166936,0.166965,0.166995,0.167025,0.167056,0.167088,0.16712,0.167153,0.167186,0.16722,0.167254,0.167289,0.167325,0.167361,0.167398,0.167435,0.167473
0,0,0,0,0,0,0,0,0,0,0,0,0,0,0,0,0,0,0,0,0,0,0,0,0,0,0,0,0,0,0,0,0,0,0,0,0,0,0,0,0,0,0,0,0,0,0,0,0,0,0,0,0,0,0,0,0,0,0,0,0,0,0,0
