-0.0397757,0.236779
0,0.236779
0.0397757,0.236779
0.0795531,0.236779
0.119332,0.236779
0.159113,0.236779
0.198895,0.236779
0.238679,0.236779
0.278465,0.236779
0.318252,0.236779
0.358041,0.236779
0.397832,0.236779
0.437624,0.236779
0.477418,0.236779
0.517214,0.236779
0.557011,0.236779
0.59681,0.236779
0.636611,0.236779
0.676413,0.236779
0.716217,0.236779
0.756022,0.236779
0.795829,0.236779
0.835638,0.236779
0.875448,0.236779
0.91526,0.236779
0.955073,0.236779
0.994888,0.236779
1.0347,0.236779
1.07452,0.236779
1.11434,0.236779
1.15416,0.236779
1.19399,0.236779
1.23381,0.236779
1.27364,0.236779
1.31347,0.236779
1.3533,0.236779
1.39313,0.236779
1.43296,0.236779
1.47279,0.236779
1.51263,0.236779
1.55247,0.236779
1.59231,0.236779
1.63215,0.236779
1.67199,0.236779
1.71183,0.236779
1.75168,0.236779
1.79152,0.236779
1.83137,0.236779
1.87122,0.236779
1.91107,0.236779
1.95092,0.236779
1.99078,0.236779
2.03063,0.236779
2.07049,0.236779
2.11035,0.236779
2.15021,0.236779
2.19007,0.236779
2.22994,0.236779
2.2698,0.236779
2.30967,0.236779
2.34954,0.236779
2.38941,0.236779
2.42928,0.236779
2.46915,0.236779
2.50902,0.236779
2.5489,0.236779
2.58878,0.236779
2.62865,0.236779
2.66853,0.236779
2.70842,0.236779
2.7483,0.236779
2.78818,0.236779
2.82807,0.236779
2.86796,0.236779
2.90785,0.236779
2.94774,0.236779
2.98763,0.236779
3.02752,0.236779
3.06742,0.236779
3.10731,0.236779
3.14721,0.236779
3.18711,0.236779
3.22701,0.236779
3.26691,0.236779
3.30681,0.236779
3.34672,0.236779
3.38663,0.236779
3.42653,0.237023
3.46644,0.237267
3.50635,0.237511
3.54627,0.237754
3.58618,0.237998
3.62609,0.238242
3.66601,0.238486
3.70593,0.23873
3.74585,0.238974
3.78577,0.239217
3.82569,0.239461
3.86561,0.239705
3.90554,0.239949
3.94546,0.240193
3.98539,0.240437
4.02532,0.240681
4.06525,0.240925
4.10518,0.241169
4.14511,0.241413
4.18505,0.241657
4.22499,0.2419
4.26492,0.242144
4.30486,0.242388
4.3448,0.242632
4.38474,0.242876
4.42468,0.24312
4.46463,0.243364
4.50457,0.243608
4.54452,0.243852
4.58447,0.244096
4.62442,0.24434
4.66437,0.244584
4.70432,0.244828
4.74427,0.245073
4.78423,0.245317
4.82419,0.245561
4.86414,0.245805
4.9041,0.246049
4.94406,0.246293
4.98402,0.246537
5.02399,0.246781
5.06395,0.247025
5.10392,0.247269
5.14388,0.247514
5.18385,0.247758
5.22382,0.248002
5.26379,0.248246
5.30376,0.24849
5.34373,0.248734
5.38371,0.248979
5.42369,0.249223
5.46366,0.249467
5.50364,0.249711
5.54362,0.249955
5.5836,0.2502
5.62358,0.250444
5.66357,0.250688
5.70355,0.250932
5.74354,0.244411
5.78352,0.237889
5.82351,0.231367
5.8635,0.224845
5.90349,0.218323
5.94349,0.211801
5.98348,0.205278
6.02347,0.198755
6.06347,0.192232
6.10347,0.185709
6.14347,0.179185
6.18347,0.172662
6.22347,0.166138
6.26347,0.159614
6.30347,0.15309
6.34348,0.146565
6.38348,0.14004
6.42349,0.133516
6.4635,0.126746
6.50351,0.119976
6.54352,0.113207
6.58353,0.106437
6.62354,0.0996663
6.66356,0.0928958
6.70357,0.0861251
6.74359,0.0793543
6.78361,0.0725832
6.82363,0.0658119
6.86365,0.0590404
6.90367,0.0522688
6.94369,0.0454969
6.98372,0.0387248
7.02374,0.0319525
7.06377,0.02518
7.1038,0.0184073
7.14382,0.0116345
7.18385,0.0048614
7.22388,-0.00191187
7.26392,-0.00868533
7.30395,-0.015459
7.34398,-0.015459
7.38402,-0.015459
7.42406,-0.015459
7.46409,-0.015459
7.50413,-0.015459
7.54417,-0.015459
7.58421,-0.015459
7.62426,-0.015459
7.6643,-0.015459
7.70434,-0.015459
7.74439,-0.015459
7.78444,-0.015459
7.82448,-0.015459
7.86453,-0.015459
7.90458,-0.015459
7.94464,-0.015459
7.98469,-0.015459
8.02474,-0.015459
8.0648,-0.015459
8.10485,-0.015459
8.14491,-0.015459
8.18497,-0.015459
8.22503,-0.015459
8.26509,-0.015459
8.30515,-0.015459
8.34521,-0.015459
8.38527,-0.015459
8.42534,-0.015459
8.4654,-0.015459
8.50547,-0.015459
8.54554,-0.015459
8.5856,-0.015459
8.62567,-0.015459
8.66574,-0.015459
8.70582,-0.015459
8.74589,-0.015459
8.78596,-0.015459
8.82604,-0.015459
8.86611,-0.015459
8.90619,-0.015459
8.94627,-0.015459
8.98635,-0.015459
9.02643,-0.015459
9.06651,-0.015459
9.10659,-0.015459
9.14668,-0.015459
9.18676,-0.015459
9.22684,-0.015459
9.26693,-0.015459
9.30702,-0.015459
9.34711,-0.015459
9.3872,-0.015459
9.42729,-0.015459
9.46738,-0.015459
9.50747,-0.015459
9.54756,-0.015459
9.58766,-0.015459
9.62775,-0.015459
9.66785,-0.015459
9.70795,-0.015459
9.74804,-0.015459
9.78814,-0.015459
9.82824,-0.015459
9.86834,-0.015459
9.90845,-0.015459
9.94855,-0.015459
9.98865,-0.015459
10.0288,-0.015459
10.0689,-0.015459
10.109,-0.015459
10.1491,-0.015459
10.1892,-0.015459
10.2293,-0.015459
10.2694,-0.015459
10.3095,-0.015459
10.3496,-0.015459
10.3897,-0.015459
10.4299,-0.015459
10.47,-0.015459
10.5101,-0.015459
10.5502,-0.015459
10.5903,-0.015459
10.6304,-0.015459
10.6706,-0.015459
10.7107,-0.015459
10.7508,-0.015459
10.7909,-0.015459
10.8311,-0.015459
10.8712,-0.015459
10.9113,-0.015459
10.9514,-0.015459
10.9916,-0.015459
11.0317,-0.015459
11.0718,-0.015459
11.1119,-0.015459
11.1521,-0.015459
11.1922,-0.015459
11.2323,-0.015459
11.2725,-0.015459
11.3126,-0.015459
11.3527,-0.015459
11.3929,-0.015459
11.433,-0.015459
11.4732,-0.015459
11.5133,-0.015459
11.5534,-0.015459
11.5936,-0.015459
11.6337,-0.015459
11.6739,-0.015459
11.714,-0.015459
11.7541,-0.0155354
11.7943,-0.0156118
11.8344,-0.0156882
11.8746,-0.0157646
11.9147,-0.015841
11.9549,-0.0159175
11.995,-0.0159939
12.0352,-0.0160703
12.0753,-0.0161467
12.1155,-0.0162231
12.1556,-0.0162996
12.1958,-0.016376
12.2359,-0.0164524
12.2761,-0.0165288
12.3162,-0.0166053
12.3564,-0.0166817
12.3965,-0.0167581
12.4367,-0.0168346
12.4769,-0.016911
12.517,-0.0169875
12.5572,-0.0170639
12.5973,-0.0171403
12.6375,-0.0172168
12.6777,-0.0172932
12.7178,-0.0173697
12.758,-0.0174461
12.7981,-0.0175226
12.8383,-0.017599
12.8785,-0.0176755
12.9186,-0.0177519
12.9588,-0.0178284
12.999,-0.0179048
13.0391,-0.0179813
13.0793,-0.0180577
13.1195,-0.0181342
13.1597,-0.0182106
13.1998,-0.0182871
13.24,-0.0183636
13.2802,-0.01844
13.3203,-0.0185165
13.3605,-0.018593
13.4007,-0.0186694
13.4409,-0.0187459
13.481,-0.0188224
13.5212,-0.0188988
13.5614,-0.0189753
13.6016,-0.0190518
13.6418,-0.0191283
13.6819,-0.0192048
13.7221,-0.0192812
13.7623,-0.0193577
13.8025,-0.0194342
13.8427,-0.0195107
13.8829,-0.0195872
13.923,-0.0196636
13.9632,-0.0197401
14.0034,-0.0198166
14.0436,-0.0198931
14.0838,-0.0199696
14.124,-0.0200461
14.1642,-0.0201226
14.2043,-0.0201991
14.2445,-0.0202756
14.2847,-0.0203521
14.3249,-0.0204286
14.3651,-0.0205051
14.4053,-0.0205816
14.4455,-0.0206581
14.4857,-0.0207346
14.5259,-0.0208111
14.5661,-0.0208876
14.6063,-0.0209641
14.6465,-0.0210406
14.6867,-0.0211171
14.7269,-0.0211936
14.7671,-0.0212701
14.8073,-0.0213466
14.8474,-0.0214232
14.8876,-0.0214997
14.9278,-0.0215762
14.968,-0.0216527
15.0083,-0.0217292
15.0485,-0.0218057
15.0887,-0.0218823
15.1289,-0.0219588
15.1691,-0.0220353
15.2093,-0.0221118
15.2495,-0.0221884
15.2897,-0.0222649
15.3299,-0.0223414
15.3701,-0.0224179
15.4103,-0.0224945
15.4505,-0.022571
15.4907,-0.0226475
15.5309,-0.0227241
15.5711,-0.0228006
15.6113,-0.0228771
15.6515,-0.0229537
15.6918,-0.0230302
15.732,-0.0231067
15.7722,-0.0231833
15.8124,-0.0232598
15.8526,-0.0233364
15.8928,-0.0234129
15.933,-0.0234894
15.9732,-0.023566
16.0135,-0.0236425
16.0537,-0.0237191
16.0939,-0.0237956
16.1341,-0.0238722
16.1743,-0.0239487
16.2145,-0.0240253
16.2548,-0.0241018
16.295,-0.0241784
16.3352,-0.0242549
16.3754,-0.0243315
16.4156,-0.024408
16.4559,-0.0244846
16.4961,-0.0245611
16.5363,-0.0246377
16.5765,-0.0247143
16.6168,-0.0247908
16.657,-0.0248674
16.6972,-0.0249439
16.7374,-0.0250205
16.7776,-0.0250971
16.8179,-0.0251736
16.8581,-0.0252502
16.8983,-0.0253268
16.9385,-0.0254033
16.9788,-0.0254799
17.019,-0.0255565
17.0592,-0.025633
17.0995,-0.0257096
17.1397,-0.0257862
17.1799,-0.0258627
17.2201,-0.0259393
17.2604,-0.0260159
17.3006,-0.0260925
17.3408,-0.026169
17.3811,-0.0262456
17.4213,-0.0263222
17.4615,-0.0263988
17.5018,-0.0264753
17.542,-0.0265519
17.5822,-0.0266285
17.6225,-0.0267051
17.6627,-0.0267816
17.7029,-0.0268582
17.7432,-0.0269348
17.7834,-0.0270114
17.8236,-0.027088
17.8639,-0.0271646
17.9041,-0.0272411
17.9443,-0.0273177
17.9846,-0.0273943
18.0248,-0.0274709
18.0651,-0.0275475
18.1053,-0.0276241
18.1455,-0.0277007
18.1858,-0.0277773
18.226,-0.0278539
18.2663,-0.0279304
18.3065,-0.028007
18.3467,-0.0280836
18.387,-0.0281602
18.4272,-0.0282368
18.4675,-0.0283134
18.5077,-0.02839
18.5479,-0.0284666
18.5882,-0.0285432
18.6284,-0.0286198
18.6687,-0.0286964
18.7089,-0.028773
18.7492,-0.0288496
18.7894,-0.0289262
18.8296,-0.0290028
18.8699,-0.0290794
18.9101,-0.029156
18.9504,-0.0292326
18.9906,-0.0293092
19.0309,-0.0293858
19.0711,-0.0294624
19.1114,-0.029539
19.1516,-0.0296156
19.1919,-0.0296922
19.2321,-0.0297688
19.2724,-0.0298454
19.3126,-0.029922
19.3528,-0.0299987
19.3931,-0.0300753
19.4333,-0.0301519
19.4736,-0.0302285
19.5138,-0.0303051
19.5541,-0.0303817
19.5943,-0.0304583
19.6346,-0.0305349
19.6748,-0.0306115
19.7151,-0.0306881
19.7553,-0.0307648
19.7956,-0.0308414
19.8358,-0.030918
19.8761,-0.0309946
19.9163,-0.0310712
19.9566,-0.0311478
19.9969,-0.0312244
20.0371,-0.0313011
20.0774,-0.0313777
20.1176,-0.0314543
20.1579,-0.0315309
20.1981,-0.0316075
20.2384,-0.0316841
20.2786,-0.0317608
20.3189,-0.0318374
20.3591,-0.031914
20.3994,-0.0319906
20.4396,-0.0320672
20.4799,-0.0321439
20.5201,-0.0322205
20.5604,-0.0322971
20.6007,-0.0323737
20.6409,-0.0324503
20.6812,-0.032527
20.7214,-0.0326036
20.7617,-0.0326802
20.8019,-0.0327568
20.8422,-0.0328335
20.8825,-0.0329101
20.9227,-0.0329867
20.963,-0.0330633
21.0032,-0.03314
21.0435,-0.0332166
21.0837,-0.0332932
21.124,-0.0333698
21.1643,-0.0334465
21.2045,-0.0335231
21.2448,-0.0335997
21.285,-0.0336763
21.3253,-0.033753
21.3655,-0.0338296
21.4058,-0.0339062
21.4461,-0.0339828
21.4863,-0.0340595
21.5266,-0.0341361
21.5668,-0.0342127
21.6071,-0.0342894
21.6474,-0.034366
21.6876,-0.0344426
21.7279,-0.0345192
21.7681,-0.0345959
21.8084,-0.0346725
21.8487,-0.0347491
21.8889,-0.0348258
21.9292,-0.0349024
21.9694,-0.034979
22.0097,-0.0350556
22.05,-0.0351323
22.0902,-0.0352089
22.1305,-0.0352855
22.1707,-0.0353622
22.211,-0.0354388
22.2513,-0.0355154
22.2915,-0.0355921
22.3318,-0.0356687
22.372,-0.0357453
22.4123,-0.035822
22.4526,-0.0358986
22.4928,-0.0359752
22.5331,-0.0360518
22.5733,-0.0361285
22.6136,-0.0362051
22.6539,-0.0362817
22.6941,-0.0363584
22.7344,-0.036435
22.7746,-0.0365116
22.8149,-0.0365883
22.8552,-0.0366649
22.8954,-0.0367415
22.9357,-0.0368182
22.9759,-0.0368948
23.0162,-0.0369714
23.0565,-0.0370481
23.0967,-0.0371247
23.137,-0.0372013
23.1787,-0.0372808
23.222,-0.0373632
23.2669,-0.0374487
23.3135,-0.0375372
23.3617,-0.037629
23.4116,-0.037724
23.4633,-0.0378225
23.5169,-0.0379244
23.5723,-0.0380299
23.6297,-0.0381391
23.689,-0.0382521
23.7504,-0.0383689
23.8138,-0.0384896
23.8794,-0.0386144
23.9471,-0.0387433
24.0171,-0.0388765
24.0893,-0.0390139
24.1638,-0.0391557
24.2407,-0.0393021
24.3199,-0.0394529
24.4016,-0.0396084
24.4858,-0.0397686
24.5724,-0.0399335
24.6616,-0.0401033
24.7534,-0.040278
24.8478,-0.0404576
24.9448,-0.0406422
25.0444,-0.0408319
25.1467,-0.0410266
25.2517,-0.0412264
25.3593,-0.0414313
25.4697,-0.0416413
25.5827,-0.0418564
25.6984,-0.0420767
25.8168,-0.0423021
25.9379,-0.0425325
26.0616,-0.042768
26.1879,-0.0430084
26.3168,-0.0432538
26.4483,-0.043504
26.5823,-0.043759
26.7187,-0.0440187
26.8575,-0.044283
26.9987,-0.0445517
27.1422,-0.0448247
27.2878,-0.0451019
27.4356,-0.0453832
27.5854,-0.0456683
27.7371,-0.0459571
27.8906,-0.0462494
28.0459,-0.0465449
28.2029,-0.0468436
28.3613,-0.0471452
28.5211,-0.0474493
28.6822,-0.0477559
28.8444,-0.0480647
29.0076,-0.0483753
29.1716,-0.0486876
29.3364,-0.0490013
29.5018,-0.049316
29.6676,-0.0496316
29.8337,-0.0499478
30,-0.0502643
30.1663,-0.0505807
-0.0397757,0.266667
0,0.266667
0.0397757,0.266667
0.0795531,0.266667
0.119332,0.266667
0.159113,0.266667
0.198895,0.266667
0.238679,0.266667
0.278465,0.266667
0.318252,0.266667
0.358041,0.266667
0.397832,0.266667
0.437624,0.266667
0.477418,0.266667
0.517214,0.266667
0.557011,0.266667
0.59681,0.266667
0.636611,0.266667
0.676413,0.266667
0.716217,0.266667
0.756022,0.266667
0.795829,0.266667
0.835638,0.266667
0.875448,0.266667
0.91526,0.266667
0.955073,0.266667
0.994888,0.266667
1.0347,0.266667
1.07452,0.266667
1.11434,0.266667
1.15416,0.266667
1.19399,0.266667
1.23381,0.266667
1.27364,0.266667
1.31347,0.266667
1.3533,0.266667
1.39313,0.266667
1.43296,0.266667
1.47279,0.266667
1.51263,0.266667
1.55247,0.266667
1.59231,0.266667
1.63215,0.266667
1.67199,0.266667
1.71183,0.266667
1.75168,0.266667
1.79152,0.266667
1.83137,0.266667
1.87122,0.266667
1.91107,0.266667
1.95092,0.266667
1.99078,0.266667
2.03063,0.266667
2.07049,0.266667
2.11035,0.266667
2.15021,0.266667
2.19007,0.266667
2.22994,0.266667
2.2698,0.266667
2.30967,0.266667
2.34954,0.266667
2.38941,0.266667
2.42928,0.266667
2.46915,0.266667
2.50902,0.266667
2.5489,0.266667
2.58878,0.266667
2.62865,0.266667
2.66853,0.266667
2.70842,0.266667
2.7483,0.266667
2.78818,0.266667
2.82807,0.266667
2.86796,0.266667
2.90785,0.266667
2.94774,0.266667
2.98763,0.266667
3.02752,0.266667
3.06742,0.266667
3.10731,0.266667
3.14721,0.266667
3.18711,0.266667
3.22701,0.266667
3.26691,0.266667
3.30681,0.266667
3.34672,0.266667
3.38663,0.266667
3.42653,0.266667
3.46644,0.266667
3.50635,0.266667
3.54627,0.266667
3.58618,0.266667
3.62609,0.266667
3.66601,0.266667
3.70593,0.266667
3.74585,0.266667
3.78577,0.266667
3.82569,0.266667
3.86561,0.266667
3.90554,0.266667
3.94546,0.266667
3.98539,0.266667
4.02532,0.266667
4.06525,0.266667
4.10518,0.266667
4.14511,0.266667
4.18505,0.266667
4.22499,0.266667
4.26492,0.266667
4.30486,0.266667
4.3448,0.266667
4.38474,0.266667
4.42468,0.266667
4.46463,0.266667
4.50457,0.266667
4.54452,0.266667
4.58447,0.266667
4.62442,0.266667
4.66437,0.266667
4.70432,0.266667
4.74427,0.266667
4.78423,0.266667
4.82419,0.266667
4.86414,0.266667
4.9041,0.266667
4.94406,0.266667
4.98402,0.266667
5.02399,0.266667
5.06395,0.266667
5.10392,0.266667
5.14388,0.266667
5.18385,0.266667
5.22382,0.266667
5.26379,0.266667
5.30376,0.266667
5.34373,0.266667
5.38371,0.266667
5.42369,0.266667
5.46366,0.266667
5.50364,0.266667
5.54362,0.266667
5.5836,0.266667
5.62358,0.266667
5.66357,0.266667
5.70355,0.266667
5.74354,0.260004
5.78352,0.253341
5.82351,0.246678
5.8635,0.240015
5.90349,0.233351
5.94349,0.226687
5.98348,0.220024
6.02347,0.213359
6.06347,0.206695
6.10347,0.20003
6.14347,0.193366
6.18347,0.186701
6.22347,0.180036
6.26347,0.17337
6.30347,0.166705
6.34348,0.160039
6.38348,0.153373
6.42349,0.146707
6.4635,0.14004
6.50351,0.133374
6.54352,0.126707
6.58353,0.12004
6.62354,0.113373
6.66356,0.106705
6.70357,0.100038
6.74359,0.0933699
6.78361,0.0867019
6.82363,0.0800337
6.86365,0.0733653
6.90367,0.0666967
6.94369,0.0600279
6.98372,0.0533589
7.02374,0.0466897
7.06377,0.0400203
7.1038,0.0333508
7.14382,0.026681
7.18385,0.020011
7.22388,0.0133409
7.26392,0.00667054
7.30395,0
7.34398,0
7.38402,0
7.42406,0
7.46409,0
7.50413,0
7.54417,0
7.58421,0
7.62426,0
7.6643,0
7.70434,0
7.74439,0
7.78444,0
7.82448,0
7.86453,0
7.90458,0
7.94464,0
7.98469,0
8.02474,0
8.0648,0
8.10485,0
8.14491,0
8.18497,0
8.22503,0
8.26509,0
8.30515,0
8.34521,0
8.38527,0
8.42534,0
8.4654,0
8.50547,0
8.54554,0
8.5856,0
8.62567,0
8.66574,0
8.70582,0
8.74589,0
8.78596,0
8.82604,0
8.86611,0
8.90619,0
8.94627,0
8.98635,0
9.02643,0
9.06651,0
9.10659,0
9.14668,0
9.18676,0
9.22684,0
9.26693,0
9.30702,0
9.34711,0
9.3872,0
9.42729,0
9.46738,0
9.50747,0
9.54756,0
9.58766,0
9.62775,0
9.66785,0
9.70795,0
9.74804,0
9.78814,0
9.82824,0
9.86834,0
9.90845,0
9.94855,0
9.98865,0
10.0288,0
10.0689,0
10.109,0
10.1491,0
10.1892,0
10.2293,0
10.2694,0
10.3095,0
10.3496,0
10.3897,0
10.4299,0
10.47,0
10.5101,0
10.5502,0
10.5903,0
10.6304,0
10.6706,0
10.7107,0
10.7508,0
10.7909,0
10.8311,0
10.8712,0
10.9113,0
10.9514,0
10.9916,0
11.0317,0
11.0718,0
11.1119,0
11.1521,0
11.1922,0
11.2323,0
11.2725,0
11.3126,0
11.3527,0
11.3929,0
11.433,0
11.4732,0
11.5133,0
11.5534,0
11.5936,0
11.6337,0
11.6739,0
11.714,0
11.7541,0
11.7943,0
11.8344,0
11.8746,0
11.9147,0
11.9549,0
11.995,0
12.0352,0
12.0753,0
12.1155,0
12.1556,0
12.1958,0
12.2359,0
12.2761,0
12.3162,0
12.3564,0
12.3965,0
12.4367,0
12.4769,0
12.517,0
12.5572,0
12.5973,0
12.6375,0
12.6777,0
12.7178,0
12.758,0
12.7981,0
12.8383,0
12.8785,0
12.9186,0
12.9588,0
12.999,0
13.0391,0
13.0793,0
13.1195,0
13.1597,0
13.1998,0
13.24,0
13.2802,0
13.3203,0
13.3605,0
13.4007,0
13.4409,0
13.481,0
13.5212,0
13.5614,0
13.6016,0
13.6418,0
13.6819,0
13.7221,0
13.7623,0
13.8025,0
13.8427,0
13.8829,0
13.923,0
13.9632,0
14.0034,0
14.0436,0
14.0838,0
14.124,0
14.1642,0
14.2043,0
14.2445,0
14.2847,0
14.3249,0
14.3651,0
14.4053,0
14.4455,0
14.4857,0
14.5259,0
14.5661,0
14.6063,0
14.6465,0
14.6867,0
14.7269,0
14.7671,0
14.8073,0
14.8474,0
14.8876,0
14.9278,0
14.968,0
15.0083,0
15.0485,0
15.0887,0
15.1289,0
15.1691,0
15.2093,0
15.2495,0
15.2897,0
15.3299,0
15.3701,0
15.4103,0
15.4505,0
15.4907,0
15.5309,0
15.5711,0
15.6113,0
15.6515,0
15.6918,0
15.732,0
15.7722,0
15.8124,0
15.8526,0
15.8928,0
15.933,0
15.9732,0
16.0135,0
16.0537,0
16.0939,0
16.1341,0
16.1743,0
16.2145,0
16.2548,0
16.295,0
16.3352,0
16.3754,0
16.4156,0
16.4559,0
16.4961,0
16.5363,0
16.5765,0
16.6168,0
16.657,0
16.6972,0
16.7374,0
16.7776,0
16.8179,0
16.8581,0
16.8983,0
16.9385,0
16.9788,0
17.019,0
17.0592,0
17.0995,0
17.1397,0
17.1799,0
17.2201,0
17.2604,0
17.3006,0
17.3408,0
17.3811,0
17.4213,0
17.4615,0
17.5018,0
17.542,0
17.5822,0
17.6225,0
17.6627,0
17.7029,0
17.7432,0
17.7834,0
17.8236,0
17.8639,0
17.9041,0
17.9443,0
17.9846,0
18.0248,0
18.0651,0
18.1053,0
18.1455,0
18.1858,0
18.226,0
18.2663,0
18.3065,0
18.3467,0
18.387,0
18.4272,0
18.4675,0
18.5077,0
18.5479,0
18.5882,0
18.6284,0
18.6687,0
18.7089,0
18.7492,0
18.7894,0
18.8296,0
18.8699,0
18.9101,0
18.9504,0
18.9906,0
19.0309,0
19.0711,0
19.1114,0
19.1516,0
19.1919,0
19.2321,0
19.2724,0
19.3126,0
19.3528,0
19.3931,0
19.4333,0
19.4736,0
19.5138,0
19.5541,0
19.5943,0
19.6346,0
19.6748,0
19.7151,0
19.7553,0
19.7956,0
19.8358,0
19.8761,0
19.9163,0
19.9566,0
19.9969,0
20.0371,0
20.0774,0
20.1176,0
20.1579,0
20.1981,0
20.2384,0
20.2786,0
20.3189,0
20.3591,0
20.3994,0
20.4396,0
20.4799,0
20.5201,0
20.5604,0
20.6007,0
20.6409,0
20.6812,0
20.7214,0
20.7617,0
20.8019,0
20.8422,0
20.8825,0
20.9227,0
20.963,0
21.0032,0
21.0435,0
21.0837,0
21.124,0
21.1643,0
21.2045,0
21.2448,0
21.285,0
21.3253,0
21.3655,0
21.4058,0
21.4461,0
21.4863,0
21.5266,0
21.5668,0
21.6071,0
21.6474,0
21.6876,0
21.7279,0
21.7681,0
21.8084,0
21.8487,0
21.8889,0
21.9292,0
21.9694,0
22.0097,0
22.05,0
22.0902,0
22.1305,0
22.1707,0
22.211,0
22.2513,0
22.2915,0
22.3318,0
22.372,0
22.4123,0
22.4526,0
22.4928,0
22.5331,0
22.5733,0
22.6136,0
22.6539,0
22.6941,0
22.7344,0
22.7746,0
22.8149,0
22.8552,0
22.8954,0
22.9357,0
22.9759,0
23.0162,0
23.0565,0
23.0967,0
23.137,0
23.1787,0
23.222,0
23.2669,0
23.3135,0
23.3617,0
23.4116,0
23.4633,0
23.5169,0
23.5723,0
23.6297,0
23.689,0
23.7504,0
23.8138,0
23.8794,0
23.9471,0
24.0171,0
24.0893,0
24.1638,0
24.2407,0
24.3199,0
24.4016,0
24.4858,0
24.5724,0
24.6616,0
24.7534,0
24.8478,0
24.9448,0
25.0444,0
25.1467,0
25.2517,0
25.3593,0
25.4697,0
25.5827,0
25.6984,0
25.8168,0
25.9379,0
26.0616,0
26.1879,0
26.3168,0
26.4483,0
26.5823,0
26.7187,0
26.8575,0
26.9987,0
27.1422,0
27.2878,0
27.4356,0
27.5854,0
27.7371,0
27.8906,0
28.0459,0
28.2029,0
28.3613,0
28.5211,0
28.6822,0
28.8444,0
29.0076,0
29.1716,0
29.3364,0
29.5018,0
29.6676,0
29.8337,0
30,0
30.1663,0
-0.0397757,0.296554
0,0.296554
0.0397757,0.296554
0.0795531,0.296554
0.119332,0.296554
0.159113,0.296554
0.198895,0.296554
0.238679,0.296554
0.278465,0.296554
0.318252,0.296554
0.358041,0.296554
0.397832,0.296554
0.437624,0.296554
0.477418,0.296554
0.517214,0.296554
0.557011,0.296554
0.59681,0.296554
0.636611,0.296554
0.676413,0.296554
0.716217,0.296554
0.756022,0.296554
0.795829,0.296554
0.835638,0.296554
0.875448,0.296554
0.91526,0.296554
0.955073,0.296554
0.994888,0.296554
1.0347,0.296554
1.07452,0.296554
1.11434,0.296554
1.15416,0.296554
1.19399,0.296554
1.23381,0.296554
1.27364,0.296554
1.31347,0.296554
1.3533,0.296554
1.39313,0.296554
1.43296,0.296554
1.47279,0.296554
1.51263,0.296554
1.55247,0.296554
1.59231,0.296554
1.63215,0.296554
1.67199,0.296554
1.71183,0.296554
1.75168,0.296554
1.79152,0.296554
1.83137,0.296554
1.87122,0.296554
1.91107,0.296554
1.95092,0.296554
1.99078,0.296554
2.03063,0.296554
2.07049,0.296554
2.11035,0.296554
2.15021,0.296554
2.19007,0.296554
2.22994,0.296554
2.2698,0.296554
2.30967,0.296554
2.34954,0.296554
2.38941,0.296554
2.42928,0.296554
2.46915,0.296554
2.50902,0.296554
2.5489,0.296554
2.58878,0.296554
2.62865,0.296554
2.66853,0.296554
2.70842,0.296554
2.7483,0.296554
2.78818,0.296554
2.82807,0.296554
2.86796,0.296554
2.90785,0.296554
2.94774,0.296554
2.98763,0.296554
3.02752,0.296554
3.06742,0.296554
3.10731,0.296554
3.14721,0.296554
3.18711,0.296554
3.22701,0.296554
3.26691,0.296554
3.30681,0.296554
3.34672,0.296554
3.38663,0.296554
3.42653,0.29631
3.46644,0.296066
3.50635,0.295823
3.54627,0.295579
3.58618,0.295335
3.62609,0.295091
3.66601,0.294847
3.70593,0.294604
3.74585,0.29436
3.78577,0.294116
3.82569,0.293872
3.86561,0.293628
3.90554,0.293384
3.94546,0.29314
3.98539,0.292896
4.02532,0.292653
4.06525,0.292409
4.10518,0.292165
4.14511,0.291921
4.18505,0.291677
4.22499,0.291433
4.26492,0.291189
4.30486,0.290945
4.3448,0.290701
4.38474,0.290457
4.42468,0.290213
4.46463,0.289969
4.50457,0.289725
4.54452,0.289481
4.58447,0.289237
4.62442,0.288993
4.66437,0.288749
4.70432,0.288505
4.74427,0.288261
4.78423,0.288017
4.82419,0.287773
4.86414,0.287529
4.9041,0.287284
4.94406,0.28704
4.98402,0.286796
5.02399,0.286552
5.06395,0.286308
5.10392,0.286064
5.14388,0.28582
5.18385,0.285576
5.22382,0.285331
5.26379,0.285087
5.30376,0.284843
5.34373,0.284599
5.38371,0.284355
5.42369,0.284111
5.46366,0.283866
5.50364,0.283622
5.54362,0.283378
5.5836,0.283134
5.62358,0.28289
5.66357,0.282645
5.70355,0.282401
5.74354,0.275597
5.78352,0.268793
5.82351,0.261989
5.8635,0.255184
5.90349,0.248379
5.94349,0.241574
5.98348,0.234769
6.02347,0.227964
6.06347,0.221158
6.10347,0.214352
6.14347,0.207546
6.18347,0.20074
6.22347,0.193933
6.26347,0.187127
6.30347,0.18032
6.34348,0.173513
6.38348,0.166705
6.42349,0.159898
6.4635,0.153334
6.50351,0.146771
6.54352,0.140207
6.58353,0.133643
6.62354,0.127079
6.66356,0.120515
6.70357,0.11395
6.74359,0.107385
6.78361,0.100821
6.82363,0.0942554
6.86365,0.0876901
6.90367,0.0811246
6.94369,0.0745589
6.98372,0.067993
7.02374,0.0614269
7.06377,0.0548607
7.1038,0.0482942
7.14382,0.0417275
7.18385,0.0351607
7.22388,0.0285936
7.26392,0.0220264
7.30395,0.015459
7.34398,0.015459
7.38402,0.015459
7.42406,0.015459
7.46409,0.015459
7.50413,0.015459
7.54417,0.015459
7.58421,0.015459
7.62426,0.015459
7.6643,0.015459
7.70434,0.015459
7.74439,0.015459
7.78444,0.015459
7.82448,0.015459
7.86453,0.015459
7.90458,0.015459
7.94464,0.015459
7.98469,0.015459
8.02474,0.015459
8.0648,0.015459
8.10485,0.015459
8.14491,0.015459
8.18497,0.015459
8.22503,0.015459
8.26509,0.015459
8.30515,0.015459
8.34521,0.015459
8.38527,0.015459
8.42534,0.015459
8.4654,0.015459
8.50547,0.015459
8.54554,0.015459
8.5856,0.015459
8.62567,0.015459
8.66574,0.015459
8.70582,0.015459
8.74589,0.015459
8.78596,0.015459
8.82604,0.015459
8.86611,0.015459
8.90619,0.015459
8.94627,0.015459
8.98635,0.015459
9.02643,0.015459
9.06651,0.015459
9.10659,0.015459
9.14668,0.015459
9.18676,0.015459
9.22684,0.015459
9.26693,0.015459
9.30702,0.015459
9.34711,0.015459
9.3872,0.015459
9.42729,0.015459
9.46738,0.015459
9.50747,0.015459
9.54756,0.015459
9.58766,0.015459
9.62775,0.015459
9.66785,0.015459
9.70795,0.015459
9.74804,0.015459
9.78814,0.015459
9.82824,0.015459
9.86834,0.015459
9.90845,0.015459
9.94855,0.015459
9.98865,0.015459
10.0288,0.015459
10.0689,0.015459
10.109,0.015459
10.1491,0.015459
10.1892,0.015459
10.2293,0.015459
10.2694,0.015459
10.3095,0.015459
10.3496,0.015459
10.3897,0.015459
10.4299,0.015459
10.47,0.015459
10.5101,0.015459
10.5502,0.015459
10.5903,0.015459
10.6304,0.015459
10.6706,0.015459
10.7107,0.015459
10.7508,0.015459
10.7909,0.015459
10.8311,0.015459
10.8712,0.015459
10.9113,0.015459
10.9514,0.015459
10.9916,0.015459
11.0317,0.015459
11.0718,0.015459
11.1119,0.015459
11.1521,0.015459
11.1922,0.015459
11.2323,0.015459
11.2725,0.015459
11.3126,0.015459
11.3527,0.015459
11.3929,0.015459
11.433,0.015459
11.4732,0.015459
11.5133,0.015459
11.5534,0.015459
11.5936,0.015459
11.6337,0.015459
11.6739,0.015459
11.714,0.015459
11.7541,0.0155354
11.7943,0.0156118
11.8344,0.0156882
11.8746,0.0157646
11.9147,0.015841
11.9549,0.0159175
11.995,0.0159939
12.0352,0.0160703
12.0753,0.0161467
12.1155,0.0162231
12.1556,0.0162996
12.1958,0.016376
12.2359,0.0164524
12.2761,0.0165288
12.3162,0.0166053
12.3564,0.0166817
12.3965,0.0167581
12.4367,0.0168346
12.4769,0.016911
12.517,0.0169875
12.5572,0.0170639
12.5973,0.0171403
12.6375,0.0172168
12.6777,0.0172932
12.7178,0.0173697
12.758,0.0174461
12.7981,0.0175226
12.8383,0.017599
12.8785,0.0176755
12.9186,0.0177519
12.9588,0.0178284
12.999,0.0179048
13.0391,0.0179813
13.0793,0.0180577
13.1195,0.0181342
13.1597,0.0182106
13.1998,0.0182871
13.24,0.0183636
13.2802,0.01844
13.3203,0.0185165
13.3605,0.018593
13.4007,0.0186694
13.4409,0.0187459
13.481,0.0188224
13.5212,0.0188988
13.5614,0.0189753
13.6016,0.0190518
13.6418,0.0191283
13.6819,0.0192048
13.7221,0.0192812
13.7623,0.0193577
13.8025,0.0194342
13.8427,0.0195107
13.8829,0.0195872
13.923,0.0196636
13.9632,0.0197401
14.0034,0.0198166
14.0436,0.0198931
14.0838,0.0199696
14.124,0.0200461
14.1642,0.0201226
14.2043,0.0201991
14.2445,0.0202756
14.2847,0.0203521
14.3249,0.0204286
14.3651,0.0205051
14.4053,0.0205816
14.4455,0.0206581
14.4857,0.0207346
14.5259,0.0208111
14.5661,0.0208876
14.6063,0.0209641
14.6465,0.0210406
14.6867,0.0211171
14.7269,0.0211936
14.7671,0.0212701
14.8073,0.0213466
14.8474,0.0214232
14.8876,0.0214997
14.9278,0.0215762
14.968,0.0216527
15.0083,0.0217292
15.0485,0.0218057
15.0887,0.0218823
15.1289,0.0219588
15.1691,0.0220353
15.2093,0.0221118
15.2495,0.0221884
15.2897,0.0222649
15.3299,0.0223414
15.3701,0.0224179
15.4103,0.0224945
15.4505,0.022571
15.4907,0.0226475
15.5309,0.0227241
15.5711,0.0228006
15.6113,0.0228771
15.6515,0.0229537
15.6918,0.0230302
15.732,0.0231067
15.7722,0.0231833
15.8124,0.0232598
15.8526,0.0233364
15.8928,0.0234129
15.933,0.0234894
15.9732,0.023566
16.0135,0.0236425
16.0537,0.0237191
16.0939,0.0237956
16.1341,0.0238722
16.1743,0.0239487
16.2145,0.0240253
16.2548,0.0241018
16.295,0.0241784
16.3352,0.0242549
16.3754,0.0243315
16.4156,0.024408
16.4559,0.0244846
16.4961,0.0245611
16.5363,0.0246377
16.5765,0.0247143
16.6168,0.0247908
16.657,0.0248674
16.6972,0.0249439
16.7374,0.0250205
16.7776,0.0250971
16.8179,0.0251736
16.8581,0.0252502
16.8983,0.0253268
16.9385,0.0254033
16.9788,0.0254799
17.019,0.0255565
17.0592,0.025633
17.0995,0.0257096
17.1397,0.0257862
17.1799,0.0258627
17.2201,0.0259393
17.2604,0.0260159
17.3006,0.0260925
17.3408,0.026169
17.3811,0.0262456
17.4213,0.0263222
17.4615,0.0263988
17.5018,0.0264753
17.542,0.0265519
17.5822,0.0266285
17.6225,0.0267051
17.6627,0.0267816
17.7029,0.0268582
17.7432,0.0269348
17.7834,0.0270114
17.8236,0.027088
17.8639,0.0271646
17.9041,0.0272411
17.9443,0.0273177
17.9846,0.0273943
18.0248,0.0274709
18.0651,0.0275475
18.1053,0.0276241
18.1455,0.0277007
18.1858,0.0277773
18.226,0.0278539
18.2663,0.0279304
18.3065,0.028007
18.3467,0.0280836
18.387,0.0281602
18.4272,0.0282368
18.4675,0.0283134
18.5077,0.02839
18.5479,0.0284666
18.5882,0.0285432
18.6284,0.0286198
18.6687,0.0286964
18.7089,0.028773
18.7492,0.0288496
18.7894,0.0289262
18.8296,0.0290028
18.8699,0.0290794
18.9101,0.029156
18.9504,0.0292326
18.9906,0.0293092
19.0309,0.0293858
19.0711,0.0294624
19.1114,0.029539
19.1516,0.0296156
19.1919,0.0296922
19.2321,0.0297688
19.2724,0.0298454
19.3126,0.029922
19.3528,0.0299987
19.3931,0.0300753
19.4333,0.0301519
19.4736,0.0302285
19.5138,0.0303051
19.5541,0.0303817
19.5943,0.0304583
19.6346,0.0305349
19.6748,0.0306115
19.7151,0.0306881
19.7553,0.0307648
19.7956,0.0308414
19.8358,0.030918
19.8761,0.0309946
19.9163,0.0310712
19.9566,0.0311478
19.9969,0.0312244
20.0371,0.0313011
20.0774,0.0313777
20.1176,0.0314543
20.1579,0.0315309
20.1981,0.0316075
20.2384,0.0316841
20.2786,0.0317608
20.3189,0.0318374
20.3591,0.031914
20.3994,0.0319906
20.4396,0.0320672
20.4799,0.0321439
20.5201,0.0322205
20.5604,0.0322971
20.6007,0.0323737
20.6409,0.0324503
20.6812,0.032527
20.7214,0.0326036
20.7617,0.0326802
20.8019,0.0327568
20.8422,0.0328335
20.8825,0.0329101
20.9227,0.0329867
20.963,0.0330633
21.0032,0.03314
21.0435,0.0332166
21.0837,0.0332932
21.124,0.0333698
21.1643,0.0334465
21.2045,0.0335231
21.2448,0.0335997
21.285,0.0336763
21.3253,0.033753
21.3655,0.0338296
21.4058,0.0339062
21.4461,0.0339828
21.4863,0.0340595
21.5266,0.0341361
21.5668,0.0342127
21.6071,0.0342894
21.6474,0.034366
21.6876,0.0344426
21.7279,0.0345192
21.7681,0.0345959
21.8084,0.0346725
21.8487,0.0347491
21.8889,0.0348258
21.9292,0.0349024
21.9694,0.034979
22.0097,0.0350556
22.05,0.0351323
22.0902,0.0352089
22.1305,0.0352855
22.1707,0.0353622
22.211,0.0354388
22.2513,0.0355154
22.2915,0.0355921
22.3318,0.0356687
22.372,0.0357453
22.4123,0.035822
22.4526,0.0358986
22.4928,0.0359752
22.5331,0.0360518
22.5733,0.0361285
22.6136,0.0362051
22.6539,0.0362817
22.6941,0.0363584
22.7344,0.036435
22.7746,0.0365116
22.8149,0.0365883
22.8552,0.0366649
22.8954,0.0367415
22.9357,0.0368182
22.9759,0.0368948
23.0162,0.0369714
23.0565,0.0370481
23.0967,0.0371247
23.137,0.0372013
23.1787,0.0372808
23.222,0.0373632
23.2669,0.0374487
23.3135,0.0375372
23.3617,0.037629
23.4116,0.037724
23.4633,0.0378225
23.5169,0.0379244
23.5723,0.0380299
23.6297,0.0381391
23.689,0.0382521
23.7504,0.0383689
23.8138,0.0384896
23.8794,0.0386144
23.9471,0.0387433
24.0171,0.0388765
24.0893,0.0390139
24.1638,0.0391557
24.2407,0.0393021
24.3199,0.0394529
24.4016,0.0396084
24.4858,0.0397686
24.5724,0.0399335
24.6616,0.0401033
24.7534,0.040278
24.8478,0.0404576
24.9448,0.0406422
25.0444,0.0408319
25.1467,0.0410266
25.2517,0.0412264
25.3593,0.0414313
25.4697,0.0416413
25.5827,0.0418564
25.6984,0.0420767
25.8168,0.0423021
25.9379,0.0425325
26.0616,0.042768
26.1879,0.0430084
26.3168,0.0432538
26.4483,0.043504
26.5823,0.043759
26.7187,0.0440187
26.8575,0.044283
26.9987,0.0445517
27.1422,0.0448247
27.2878,0.0451019
27.4356,0.0453832
27.5854,0.0456683
27.7371,0.0459571
27.8906,0.0462494
28.0459,0.0465449
28.2029,0.0468436
28.3613,0.0471452
28.5211,0.0474493
28.6822,0.0477559
28.8444,0.0480647
29.0076,0.0483753
29.1716,0.0486876
29.3364,0.0490013
29.5018,0.049316
29.6676,0.0496316
29.8337,0.0499478
30,0.0502643
30.1663,0.0505807
-0.0397757,0.326472
0,0.326472
0.0397757,0.326472
0.0795531,0.326472
0.119332,0.326472
0.159113,0.326472
0.198895,0.326472
0.238679,0.326472
0.278465,0.326472
0.318252,0.326472
0.358041,0.326472
0.397832,0.326472
0.437624,0.326472
0.477418,0.326472
0.517214,0.326472
0.557011,0.326472
0.59681,0.326472
0.636611,0.326472
0.676413,0.326472
0.716217,0.326472
0.756022,0.326472
0.795829,0.326472
0.835638,0.326472
0.875448,0.326472
0.91526,0.326472
0.955073,0.326472
0.994888,0.326472
1.0347,0.326472
1.07452,0.326472
1.11434,0.326472
1.15416,0.326472
1.19399,0.326472
1.23381,0.326472
1.27364,0.326472
1.31347,0.326472
1.3533,0.326472
1.39313,0.326472
1.43296,0.326472
1.47279,0.326472
1.51263,0.326472
1.55247,0.326472
1.59231,0.326472
1.63215,0.326472
1.67199,0.326472
1.71183,0.326472
1.75168,0.326472
1.79152,0.326472
1.83137,0.326472
1.87122,0.326472
1.91107,0.326472
1.95092,0.326472
1.99078,0.326472
2.03063,0.326472
2.07049,0.326472
2.11035,0.326472
2.15021,0.326472
2.19007,0.326472
2.22994,0.326472
2.2698,0.326472
2.30967,0.326472
2.34954,0.326472
2.38941,0.326472
2.42928,0.326472
2.46915,0.326472
2.50902,0.326472
2.5489,0.326472
2.58878,0.326472
2.62865,0.326472
2.66853,0.326472
2.70842,0.326472
2.7483,0.326472
2.78818,0.326472
2.82807,0.326472
2.86796,0.326472
2.90785,0.326472
2.94774,0.326472
2.98763,0.326472
3.02752,0.326472
3.06742,0.326472
3.10731,0.326472
3.14721,0.326472
3.18711,0.326472
3.22701,0.326472
3.26691,0.326472
3.30681,0.326472
3.34672,0.326472
3.38663,0.326472
3.42653,0.325984
3.46644,0.325496
3.50635,0.325008
3.54627,0.32452
3.58618,0.324033
3.62609,0.323545
3.66601,0.323057
3.70593,0.322569
3.74585,0.322081
3.78577,0.321593
3.82569,0.321105
3.86561,0.320617
3.90554,0.320129
3.94546,0.319641
3.98539,0.319153
4.02532,0.318665
4.06525,0.318177
4.10518,0.317689
4.14511,0.317201
4.18505,0.316712
4.22499,0.316224
4.26492,0.315736
4.30486,0.315248
4.3448,0.31476
4.38474,0.314272
4.42468,0.313783
4.46463,0.313295
4.50457,0.312807
4.54452,0.312319
4.58447,0.31183
4.62442,0.311342
4.66437,0.310854
4.70432,0.310365
4.74427,0.309877
4.78423,0.309388
4.82419,0.3089
4.86414,0.308412
4.9041,0.307923
4.94406,0.307435
4.98402,0.306946
5.02399,0.306458
5.06395,0.305969
5.10392,0.305481
5.14388,0.304992
5.18385,0.304504
5.22382,0.304015
5.26379,0.303527
5.30376,0.303038
5.34373,0.30255
5.38371,0.302061
5.42369,0.301572
5.46366,0.301084
5.50364,0.300595
5.54362,0.300106
5.5836,0.299618
5.62358,0.299129
5.66357,0.29864
5.70355,0.298151
5.74354,0.291206
5.78352,0.28426
5.82351,0.277315
5.8635,0.270369
5.90349,0.263422
5.94349,0.256476
5.98348,0.249529
6.02347,0.242583
6.06347,0.235635
6.10347,0.228688
6.14347,0.221741
6.18347,0.214793
6.22347,0.207845
6.26347,0.200897
6.30347,0.193949
6.34348,0.187
6.38348,0.180051
6.42349,0.173102
6.4635,0.166642
6.50351,0.160182
6.54352,0.153721
6.58353,0.14726
6.62354,0.140799
6.66356,0.134338
6.70357,0.127877
6.74359,0.121415
6.78361,0.114954
6.82363,0.108492
6.86365,0.102029
6.90367,0.0955672
6.94369,0.0891047
6.98372,0.082642
7.02374,0.0761791
7.06377,0.069716
7.1038,0.0632528
7.14382,0.0567893
7.18385,0.0503257
7.22388,0.0438619
7.26392,0.0373979
7.30395,0.0309337
7.34398,0.0309337
7.38402,0.0309337
7.42406,0.0309337
7.46409,0.0309337
7.50413,0.0309337
7.54417,0.0309337
7.58421,0.0309337
7.62426,0.0309337
7.6643,0.0309337
7.70434,0.0309337
7.74439,0.0309337
7.78444,0.0309337
7.82448,0.0309337
7.86453,0.0309337
7.90458,0.0309337
7.94464,0.0309337
7.98469,0.0309337
8.02474,0.0309337
8.0648,0.0309337
8.10485,0.0309337
8.14491,0.0309337
8.18497,0.0309337
8.22503,0.0309337
8.26509,0.0309337
8.30515,0.0309337
8.34521,0.0309337
8.38527,0.0309337
8.42534,0.0309337
8.4654,0.0309337
8.50547,0.0309337
8.54554,0.0309337
8.5856,0.0309337
8.62567,0.0309337
8.66574,0.0309337
8.70582,0.0309337
8.74589,0.0309337
8.78596,0.0309337
8.82604,0.0309337
8.86611,0.0309337
8.90619,0.0309337
8.94627,0.0309337
8.98635,0.0309337
9.02643,0.0309337
9.06651,0.0309337
9.10659,0.0309337
9.14668,0.0309337
9.18676,0.0309337
9.22684,0.0309337
9.26693,0.0309337
9.30702,0.0309337
9.34711,0.0309337
9.3872,0.0309337
9.42729,0.0309337
9.46738,0.0309337
9.50747,0.0309337
9.54756,0.0309337
9.58766,0.0309337
9.62775,0.0309337
9.66785,0.0309337
9.70795,0.0309337
9.74804,0.0309337
9.78814,0.0309337
9.82824,0.0309337
9.86834,0.0309337
9.90845,0.0309337
9.94855,0.0309337
9.98865,0.0309337
10.0288,0.0309337
10.0689,0.0309337
10.109,0.0309337
10.1491,0.0309337
10.1892,0.0309337
10.2293,0.0309337
10.2694,0.0309337
10.3095,0.0309337
10.3496,0.0309337
10.3897,0.0309337
10.4299,0.0309337
10.47,0.0309337
10.5101,0.0309337
10.5502,0.0309337
10.5903,0.0309337
10.6304,0.0309337
10.6706,0.0309337
10.7107,0.0309337
10.7508,0.0309337
10.7909,0.0309337
10.8311,0.0309337
10.8712,0.0309337
10.9113,0.0309337
10.9514,0.0309337
10.9916,0.0309337
11.0317,0.0309337
11.0718,0.0309337
11.1119,0.0309337
11.1521,0.0309337
11.1922,0.0309337
11.2323,0.0309337
11.2725,0.0309337
11.3126,0.0309337
11.3527,0.0309337
11.3929,0.0309337
11.433,0.0309337
11.4732,0.0309337
11.5133,0.0309337
11.5534,0.0309337
11.5936,0.0309337
11.6337,0.0309337
11.6739,0.0309337
11.714,0.0309337
11.7541,0.0310866
11.7943,0.0312395
11.8344,0.0313924
11.8746,0.0315453
11.9147,0.0316982
11.9549,0.0318511
11.995,0.032004
12.0352,0.0321569
12.0753,0.0323098
12.1155,0.0324627
12.1556,0.0326157
12.1958,0.0327686
12.2359,0.0329215
12.2761,0.0330745
12.3162,0.0332274
12.3564,0.0333803
12.3965,0.0335333
12.4367,0.0336862
12.4769,0.0338392
12.517,0.0339921
12.5572,0.0341451
12.5973,0.0342981
12.6375,0.034451
12.6777,0.034604
12.7178,0.0347569
12.758,0.0349099
12.7981,0.0350629
12.8383,0.0352159
12.8785,0.0353688
12.9186,0.0355218
12.9588,0.0356748
12.999,0.0358278
13.0391,0.0359808
13.0793,0.0361338
13.1195,0.0362868
13.1597,0.0364398
13.1998,0.0365928
13.24,0.0367458
13.2802,0.0368988
13.3203,0.0370518
13.3605,0.0372048
13.4007,0.0373578
13.4409,0.0375108
13.481,0.0376638
13.5212,0.0378169
13.5614,0.0379699
13.6016,0.0381229
13.6418,0.038276
13.6819,0.038429
13.7221,0.038582
13.7623,0.0387351
13.8025,0.0388881
13.8427,0.0390411
13.8829,0.0391942
13.923,0.0393472
13.9632,0.0395003
14.0034,0.0396533
14.0436,0.0398064
14.0838,0.0399595
14.124,0.0401125
14.1642,0.0402656
14.2043,0.0404187
14.2445,0.0405717
14.2847,0.0407248
14.3249,0.0408779
14.3651,0.0410309
14.4053,0.041184
14.4455,0.0413371
14.4857,0.0414902
14.5259,0.0416433
14.5661,0.0417964
14.6063,0.0419495
14.6465,0.0421025
14.6867,0.0422556
14.7269,0.0424087
14.7671,0.0425618
14.8073,0.0427149
14.8474,0.042868
14.8876,0.0430212
14.9278,0.0431743
14.968,0.0433274
15.0083,0.0434805
15.0485,0.0436336
15.0887,0.0437867
15.1289,0.0439398
15.1691,0.044093
15.2093,0.0442461
15.2495,0.0443992
15.2897,0.0445524
15.3299,0.0447055
15.3701,0.0448586
15.4103,0.0450118
15.4505,0.0451649
15.4907,0.045318
15.5309,0.0454712
15.5711,0.0456243
15.6113,0.0457775
15.6515,0.0459306
15.6918,0.0460838
15.732,0.0462369
15.7722,0.0463901
15.8124,0.0465432
15.8526,0.0466964
15.8928,0.0468496
15.933,0.0470027
15.9732,0.0471559
16.0135,0.047309
16.0537,0.0474622
16.0939,0.0476154
16.1341,0.0477686
16.1743,0.0479217
16.2145,0.0480749
16.2548,0.0482281
16.295,0.0483813
16.3352,0.0485345
16.3754,0.0486876
16.4156,0.0488408
16.4559,0.048994
16.4961,0.0491472
16.5363,0.0493004
16.5765,0.0494536
16.6168,0.0496068
16.657,0.04976
16.6972,0.0499132
16.7374,0.0500664
16.7776,0.0502196
16.8179,0.0503728
16.8581,0.050526
16.8983,0.0506792
16.9385,0.0508324
16.9788,0.0509856
17.019,0.0511388
17.0592,0.0512921
17.0995,0.0514453
17.1397,0.0515985
17.1799,0.0517517
17.2201,0.0519049
17.2604,0.0520582
17.3006,0.0522114
17.3408,0.0523646
17.3811,0.0525178
17.4213,0.0526711
17.4615,0.0528243
17.5018,0.0529775
17.542,0.0531308
17.5822,0.053284
17.6225,0.0534372
17.6627,0.0535905
17.7029,0.0537437
17.7432,0.053897
17.7834,0.0540502
17.8236,0.0542034
17.8639,0.0543567
17.9041,0.0545099
17.9443,0.0546632
17.9846,0.0548164
18.0248,0.0549697
18.0651,0.0551229
18.1053,0.0552762
18.1455,0.0554295
18.1858,0.0555827
18.226,0.055736
18.2663,0.0558892
18.3065,0.0560425
18.3467,0.0561958
18.387,0.056349
18.4272,0.0565023
18.4675,0.0566556
18.5077,0.0568088
18.5479,0.0569621
18.5882,0.0571154
18.6284,0.0572686
18.6687,0.0574219
18.7089,0.0575752
18.7492,0.0577285
18.7894,0.0578817
18.8296,0.058035
18.8699,0.0581883
18.9101,0.0583416
18.9504,0.0584949
18.9906,0.0586481
19.0309,0.0588014
19.0711,0.0589547
19.1114,0.059108
19.1516,0.0592613
19.1919,0.0594146
19.2321,0.0595679
19.2724,0.0597212
19.3126,0.0598744
19.3528,0.0600277
19.3931,0.060181
19.4333,0.0603343
19.4736,0.0604876
19.5138,0.0606409
19.5541,0.0607942
19.5943,0.0609475
19.6346,0.0611008
19.6748,0.0612541
19.7151,0.0614074
19.7553,0.0615607
19.7956,0.061714
19.8358,0.0618673
19.8761,0.0620206
19.9163,0.0621739
19.9566,0.0623273
19.9969,0.0624806
20.0371,0.0626339
20.0774,0.0627872
20.1176,0.0629405
20.1579,0.0630938
20.1981,0.0632471
20.2384,0.0634004
20.2786,0.0635537
20.3189,0.0637071
20.3591,0.0638604
20.3994,0.0640137
20.4396,0.064167
20.4799,0.0643203
20.5201,0.0644736
20.5604,0.064627
20.6007,0.0647803
20.6409,0.0649336
20.6812,0.0650869
20.7214,0.0652402
20.7617,0.0653936
20.8019,0.0655469
20.8422,0.0657002
20.8825,0.0658536
20.9227,0.0660069
20.963,0.0661602
21.0032,0.0663135
21.0435,0.0664669
21.0837,0.0666202
21.124,0.0667735
21.1643,0.0669268
21.2045,0.0670802
21.2448,0.0672335
21.285,0.0673868
21.3253,0.0675402
21.3655,0.0676935
21.4058,0.0678468
21.4461,0.0680002
21.4863,0.0681535
21.5266,0.0683068
21.5668,0.0684602
21.6071,0.0686135
21.6474,0.0687668
21.6876,0.0689202
21.7279,0.0690735
21.7681,0.0692268
21.8084,0.0693802
21.8487,0.0695335
21.8889,0.0696868
21.9292,0.0698402
21.9694,0.0699935
22.0097,0.0701469
22.05,0.0703002
22.0902,0.0704535
22.1305,0.0706069
22.1707,0.0707602
22.211,0.0709135
22.2513,0.0710669
22.2915,0.0712202
22.3318,0.0713736
22.372,0.0715269
22.4123,0.0716802
22.4526,0.0718336
22.4928,0.0719869
22.5331,0.0721403
22.5733,0.0722936
22.6136,0.072447
22.6539,0.0726003
22.6941,0.0727536
22.7344,0.072907
22.7746,0.0730603
22.8149,0.0732137
22.8552,0.073367
22.8954,0.0735203
22.9357,0.0736737
22.9759,0.073827
23.0162,0.0739804
23.0565,0.0741337
23.0967,0.0742871
23.137,0.0744404
23.1787,0.0745994
23.222,0.0747643
23.2669,0.0749353
23.3135,0.0751125
23.3617,0.0752961
23.4116,0.0754864
23.4633,0.0756834
23.5169,0.0758873
23.5723,0.0760985
23.6297,0.076317
23.689,0.076543
23.7504,0.0767767
23.8138,0.0770183
23.8794,0.077268
23.9471,0.077526
24.0171,0.0777924
24.0893,0.0780674
24.1638,0.0783512
24.2407,0.078644
24.3199,0.0789459
24.4016,0.079257
24.4858,0.0795775
24.5724,0.0799076
24.6616,0.0802473
24.7534,0.0805968
24.8478,0.0809563
24.9448,0.0813257
25.0444,0.0817051
25.1467,0.0820947
25.2517,0.0824945
25.3593,0.0829046
25.4697,0.0833248
25.5827,0.0837553
25.6984,0.0841961
25.8168,0.0846471
25.9379,0.0851082
26.0616,0.0855793
26.1879,0.0860605
26.3168,0.0865515
26.4483,0.0870522
26.5823,0.0875625
26.7187,0.0880821
26.8575,0.0886109
26.9987,0.0891486
27.1422,0.0896949
27.2878,0.0902496
27.4356,0.0908124
27.5854,0.0913829
27.7371,0.0919608
27.8906,0.0925456
28.0459,0.0931371
28.2029,0.0937347
28.3613,0.0943381
28.5211,0.0949468
28.6822,0.0955603
28.8444,0.0961781
29.0076,0.0967997
29.1716,0.0974246
29.3364,0.0980522
29.5018,0.0986821
29.6676,0.0993136
29.8337,0.0999463
30,0.10058
30.1663,0.101213
-0.0397757,0.356419
0,0.356419
0.0397757,0.356419
0.0795531,0.356419
0.119332,0.356419
0.159113,0.356419
0.198895,0.356419
0.238679,0.356419
0.278465,0.356419
0.318252,0.356419
0.358041,0.356419
0.397832,0.356419
0.437624,0.356419
0.477418,0.356419
0.517214,0.356419
0.557011,0.356419
0.59681,0.356419
0.636611,0.356419
0.676413,0.356419
0.716217,0.356419
0.756022,0.356419
0.795829,0.356419
0.835638,0.356419
0.875448,0.356419
0.91526,0.356419
0.955073,0.356419
0.994888,0.356419
1.0347,0.356419
1.07452,0.356419
1.11434,0.356419
1.15416,0.356419
1.19399,0.356419
1.23381,0.356419
1.27364,0.356419
1.31347,0.356419
1.3533,0.356419
1.39313,0.356419
1.43296,0.356419
1.47279,0.356419
1.51263,0.356419
1.55247,0.356419
1.59231,0.356419
1.63215,0.356419
1.67199,0.356419
1.71183,0.356419
1.75168,0.356419
1.79152,0.356419
1.83137,0.356419
1.87122,0.356419
1.91107,0.356419
1.95092,0.356419
1.99078,0.356419
2.03063,0.356419
2.07049,0.356419
2.11035,0.356419
2.15021,0.356419
2.19007,0.356419
2.22994,0.356419
2.2698,0.356419
2.30967,0.356419
2.34954,0.356419
2.38941,0.356419
2.42928,0.356419
2.46915,0.356419
2.50902,0.356419
2.5489,0.356419
2.58878,0.356419
2.62865,0.356419
2.66853,0.356419
2.70842,0.356419
2.7483,0.356419
2.78818,0.356419
2.82807,0.356419
2.86796,0.356419
2.90785,0.356419
2.94774,0.356419
2.98763,0.356419
3.02752,0.356419
3.06742,0.356419
3.10731,0.356419
3.14721,0.356419
3.18711,0.356419
3.22701,0.356419
3.26691,0.356419
3.30681,0.356419
3.34672,0.356419
3.38663,0.356419
3.42653,0.355687
3.46644,0.354955
3.50635,0.354223
3.54627,0.35349
3.58618,0.352758
3.62609,0.352026
3.66601,0.351294
3.70593,0.350562
3.74585,0.349829
3.78577,0.349097
3.82569,0.348365
3.86561,0.347632
3.90554,0.3469
3.94546,0.346168
3.98539,0.345435
4.02532,0.344703
4.06525,0.34397
4.10518,0.343238
4.14511,0.342505
4.18505,0.341773
4.22499,0.34104
4.26492,0.340307
4.30486,0.339575
4.3448,0.338842
4.38474,0.338109
4.42468,0.337377
4.46463,0.336644
4.50457,0.335911
4.54452,0.335178
4.58447,0.334446
4.62442,0.333713
4.66437,0.33298
4.70432,0.332247
4.74427,0.331514
4.78423,0.330781
4.82419,0.330048
4.86414,0.329315
4.9041,0.328582
4.94406,0.327849
4.98402,0.327116
5.02399,0.326383
5.06395,0.32565
5.10392,0.324917
5.14388,0.324184
5.18385,0.323451
5.22382,0.322717
5.26379,0.321984
5.30376,0.321251
5.34373,0.320518
5.38371,0.319784
5.42369,0.319051
5.46366,0.318318
5.50364,0.317584
5.54362,0.316851
5.5836,0.316118
5.62358,0.315384
5.66357,0.314651
5.70355,0.313917
5.74354,0.30683
5.78352,0.299743
5.82351,0.292656
5.8635,0.285568
5.90349,0.278481
5.94349,0.271393
5.98348,0.264304
6.02347,0.257216
6.06347,0.250127
6.10347,0.243038
6.14347,0.235949
6.18347,0.22886
6.22347,0.22177
6.26347,0.214681
6.30347,0.207591
6.34348,0.200501
6.38348,0.19341
6.42349,0.18632
6.4635,0.179963
6.50351,0.173606
6.54352,0.167248
6.58353,0.160891
6.62354,0.154533
6.66356,0.148175
6.70357,0.141817
6.74359,0.135459
6.78361,0.1291
6.82363,0.122742
6.86365,0.116383
6.90367,0.110024
6.94369,0.103665
6.98372,0.0973053
7.02374,0.0909458
7.06377,0.084586
7.1038,0.078226
7.14382,0.0718659
7.18385,0.0655056
7.22388,0.0591451
7.26392,0.0527844
7.30395,0.0464235
7.34398,0.0464235
7.38402,0.0464235
7.42406,0.0464235
7.46409,0.0464235
7.50413,0.0464235
7.54417,0.0464235
7.58421,0.0464235
7.62426,0.0464235
7.6643,0.0464235
7.70434,0.0464235
7.74439,0.0464235
7.78444,0.0464235
7.82448,0.0464235
7.86453,0.0464235
7.90458,0.0464235
7.94464,0.0464235
7.98469,0.0464235
8.02474,0.0464235
8.0648,0.0464235
8.10485,0.0464235
8.14491,0.0464235
8.18497,0.0464235
8.22503,0.0464235
8.26509,0.0464235
8.30515,0.0464235
8.34521,0.0464235
8.38527,0.0464235
8.42534,0.0464235
8.4654,0.0464235
8.50547,0.0464235
8.54554,0.0464235
8.5856,0.0464235
8.62567,0.0464235
8.66574,0.0464235
8.70582,0.0464235
8.74589,0.0464235
8.78596,0.0464235
8.82604,0.0464235
8.86611,0.0464235
8.90619,0.0464235
8.94627,0.0464235
8.98635,0.0464235
9.02643,0.0464235
9.06651,0.0464235
9.10659,0.0464235
9.14668,0.0464235
9.18676,0.0464235
9.22684,0.0464235
9.26693,0.0464235
9.30702,0.0464235
9.34711,0.0464235
9.3872,0.0464235
9.42729,0.0464235
9.46738,0.0464235
9.50747,0.0464235
9.54756,0.0464235
9.58766,0.0464235
9.62775,0.0464235
9.66785,0.0464235
9.70795,0.0464235
9.74804,0.0464235
9.78814,0.0464235
9.82824,0.0464235
9.86834,0.0464235
9.90845,0.0464235
9.94855,0.0464235
9.98865,0.0464235
10.0288,0.0464235
10.0689,0.0464235
10.109,0.0464235
10.1491,0.0464235
10.1892,0.0464235
10.2293,0.0464235
10.2694,0.0464235
10.3095,0.0464235
10.3496,0.0464235
10.3897,0.0464235
10.4299,0.0464235
10.47,0.0464235
10.5101,0.0464235
10.5502,0.0464235
10.5903,0.0464235
10.6304,0.0464235
10.6706,0.0464235
10.7107,0.0464235
10.7508,0.0464235
10.7909,0.0464235
10.8311,0.0464235
10.8712,0.0464235
10.9113,0.0464235
10.9514,0.0464235
10.9916,0.0464235
11.0317,0.0464235
11.0718,0.0464235
11.1119,0.0464235
11.1521,0.0464235
11.1922,0.0464235
11.2323,0.0464235
11.2725,0.0464235
11.3126,0.0464235
11.3527,0.0464235
11.3929,0.0464235
11.433,0.0464235
11.4732,0.0464235
11.5133,0.0464235
11.5534,0.0464235
11.5936,0.0464235
11.6337,0.0464235
11.6739,0.0464235
11.714,0.0464235
11.7541,0.046653
11.7943,0.0468825
11.8344,0.0471119
11.8746,0.0473414
11.9147,0.0475709
11.9549,0.0478003
11.995,0.0480298
12.0352,0.0482593
12.0753,0.0484888
12.1155,0.0487183
12.1556,0.0489478
12.1958,0.0491773
12.2359,0.0494068
12.2761,0.0496363
12.3162,0.0498659
12.3564,0.0500954
12.3965,0.0503249
12.4367,0.0505544
12.4769,0.050784
12.517,0.0510135
12.5572,0.0512431
12.5973,0.0514726
12.6375,0.0517022
12.6777,0.0519317
12.7178,0.0521613
12.758,0.0523909
12.7981,0.0526204
12.8383,0.05285
12.8785,0.0530796
12.9186,0.0533092
12.9588,0.0535388
12.999,0.0537684
13.0391,0.053998
13.0793,0.0542276
13.1195,0.0544572
13.1597,0.0546868
13.1998,0.0549164
13.24,0.055146
13.2802,0.0553756
13.3203,0.0556053
13.3605,0.0558349
13.4007,0.0560645
13.4409,0.0562942
13.481,0.0565238
13.5212,0.0567535
13.5614,0.0569831
13.6016,0.0572128
13.6418,0.0574424
13.6819,0.0576721
13.7221,0.0579018
13.7623,0.0581314
13.8025,0.0583611
13.8427,0.0585908
13.8829,0.0588205
13.923,0.0590502
13.9632,0.0592799
14.0034,0.0595096
14.0436,0.0597393
14.0838,0.059969
14.124,0.0601987
14.1642,0.0604284
14.2043,0.0606581
14.2445,0.0608878
14.2847,0.0611175
14.3249,0.0613473
14.3651,0.061577
14.4053,0.0618067
14.4455,0.0620364
14.4857,0.0622662
14.5259,0.0624959
14.5661,0.0627257
14.6063,0.0629554
14.6465,0.0631852
14.6867,0.0634149
14.7269,0.0636447
14.7671,0.0638745
14.8073,0.0641042
14.8474,0.064334
14.8876,0.0645638
14.9278,0.0647936
14.968,0.0650233
15.0083,0.0652531
15.0485,0.0654829
15.0887,0.0657127
15.1289,0.0659425
15.1691,0.0661723
15.2093,0.0664021
15.2495,0.0666319
15.2897,0.0668617
15.3299,0.0670915
15.3701,0.0673213
15.4103,0.0675512
15.4505,0.067781
15.4907,0.0680108
15.5309,0.0682406
15.5711,0.0684705
15.6113,0.0687003
15.6515,0.0689301
15.6918,0.06916
15.732,0.0693898
15.7722,0.0696197
15.8124,0.0698495
15.8526,0.0700794
15.8928,0.0703092
15.933,0.0705391
15.9732,0.0707689
16.0135,0.0709988
16.0537,0.0712287
16.0939,0.0714585
16.1341,0.0716884
16.1743,0.0719183
16.2145,0.0721482
16.2548,0.0723781
16.295,0.0726079
16.3352,0.0728378
16.3754,0.0730677
16.4156,0.0732976
16.4559,0.0735275
16.4961,0.0737574
16.5363,0.0739873
16.5765,0.0742172
16.6168,0.0744471
16.657,0.074677
16.6972,0.0749069
16.7374,0.0751369
16.7776,0.0753668
16.8179,0.0755967
16.8581,0.0758266
16.8983,0.0760566
16.9385,0.0762865
16.9788,0.0765164
17.019,0.0767463
17.0592,0.0769763
17.0995,0.0772062
17.1397,0.0774362
17.1799,0.0776661
17.2201,0.0778961
17.2604,0.078126
17.3006,0.078356
17.3408,0.0785859
17.3811,0.0788159
17.4213,0.0790458
17.4615,0.0792758
17.5018,0.0795057
17.542,0.0797357
17.5822,0.0799657
17.6225,0.0801957
17.6627,0.0804256
17.7029,0.0806556
17.7432,0.0808856
17.7834,0.0811156
17.8236,0.0813455
17.8639,0.0815755
17.9041,0.0818055
17.9443,0.0820355
17.9846,0.0822655
18.0248,0.0824955
18.0651,0.0827255
18.1053,0.0829555
18.1455,0.0831855
18.1858,0.0834155
18.226,0.0836455
18.2663,0.0838755
18.3065,0.0841055
18.3467,0.0843355
18.387,0.0845655
18.4272,0.0847955
18.4675,0.0850255
18.5077,0.0852555
18.5479,0.0854856
18.5882,0.0857156
18.6284,0.0859456
18.6687,0.0861756
18.7089,0.0864057
18.7492,0.0866357
18.7894,0.0868657
18.8296,0.0870958
18.8699,0.0873258
18.9101,0.0875558
18.9504,0.0877859
18.9906,0.0880159
19.0309,0.0882459
19.0711,0.088476
19.1114,0.088706
19.1516,0.0889361
19.1919,0.0891661
19.2321,0.0893962
19.2724,0.0896262
19.3126,0.0898563
19.3528,0.0900863
19.3931,0.0903164
19.4333,0.0905464
19.4736,0.0907765
19.5138,0.0910066
19.5541,0.0912366
19.5943,0.0914667
19.6346,0.0916967
19.6748,0.0919268
19.7151,0.0921569
19.7553,0.0923869
19.7956,0.092617
19.8358,0.0928471
19.8761,0.0930772
19.9163,0.0933072
19.9566,0.0935373
19.9969,0.0937674
20.0371,0.0939975
20.0774,0.0942275
20.1176,0.0944576
20.1579,0.0946877
20.1981,0.0949178
20.2384,0.0951479
20.2786,0.095378
20.3189,0.095608
20.3591,0.0958381
20.3994,0.0960682
20.4396,0.0962983
20.4799,0.0965284
20.5201,0.0967585
20.5604,0.0969886
20.6007,0.0972187
20.6409,0.0974488
20.6812,0.0976789
20.7214,0.097909
20.7617,0.0981391
20.8019,0.0983692
20.8422,0.0985993
20.8825,0.0988294
20.9227,0.0990595
20.963,0.0992896
21.0032,0.0995197
21.0435,0.0997498
21.0837,0.0999799
21.124,0.10021
21.1643,0.10044
21.2045,0.10067
21.2448,0.1009
21.285,0.10113
21.3253,0.101361
21.3655,0.101591
21.4058,0.101821
21.4461,0.102051
21.4863,0.102281
21.5266,0.102511
21.5668,0.102741
21.6071,0.102971
21.6474,0.103201
21.6876,0.103432
21.7279,0.103662
21.7681,0.103892
21.8084,0.104122
21.8487,0.104352
21.8889,0.104582
21.9292,0.104812
21.9694,0.105042
22.0097,0.105273
22.05,0.105503
22.0902,0.105733
22.1305,0.105963
22.1707,0.106193
22.211,0.106423
22.2513,0.106653
22.2915,0.106883
22.3318,0.107114
22.372,0.107344
22.4123,0.107574
22.4526,0.107804
22.4928,0.108034
22.5331,0.108264
22.5733,0.108494
22.6136,0.108724
22.6539,0.108955
22.6941,0.109185
22.7344,0.109415
22.7746,0.109645
22.8149,0.109875
22.8552,0.110105
22.8954,0.110335
22.9357,0.110565
22.9759,0.110796
23.0162,0.111026
23.0565,0.111256
23.0967,0.111486
23.137,0.111716
23.1787,0.111955
23.222,0.112202
23.2669,0.112459
23.3135,0.112725
23.3617,0.113
23.4116,0.113286
23.4633,0.113581
23.5169,0.113888
23.5723,0.114204
23.6297,0.114532
23.689,0.114871
23.7504,0.115222
23.8138,0.115585
23.8794,0.11596
23.9471,0.116347
24.0171,0.116747
24.0893,0.117159
24.1638,0.117585
24.2407,0.118025
24.3199,0.118478
24.4016,0.118945
24.4858,0.119426
24.5724,0.119921
24.6616,0.120431
24.7534,0.120955
24.8478,0.121495
24.9448,0.122049
25.0444,0.122619
25.1467,0.123203
25.2517,0.123803
25.3593,0.124419
25.4697,0.125049
25.5827,0.125695
25.6984,0.126357
25.8168,0.127034
25.9379,0.127726
26.0616,0.128433
26.1879,0.129155
26.3168,0.129892
26.4483,0.130643
26.5823,0.131409
26.7187,0.132189
26.8575,0.132982
26.9987,0.133789
27.1422,0.134609
27.2878,0.135442
27.4356,0.136286
27.5854,0.137142
27.7371,0.13801
27.8906,0.138887
28.0459,0.139775
28.2029,0.140672
28.3613,0.141577
28.5211,0.142491
28.6822,0.143412
28.8444,0.144339
29.0076,0.145272
29.1716,0.146209
29.3364,0.147151
29.5018,0.148097
29.6676,0.149044
29.8337,0.149994
30,0.150944
30.1663,0.151894
-0.0397757,0.386394
0,0.386394
0.0397757,0.386394
0.0795531,0.386394
0.119332,0.386394
0.159113,0.386394
0.198895,0.386394
0.238679,0.386394
0.278465,0.386394
0.318252,0.386394
0.358041,0.386394
0.397832,0.386394
0.437624,0.386394
0.477418,0.386394
0.517214,0.386394
0.557011,0.386394
0.59681,0.386394
0.636611,0.386394
0.676413,0.386394
0.716217,0.386394
0.756022,0.386394
0.795829,0.386394
0.835638,0.386394
0.875448,0.386394
0.91526,0.386394
0.955073,0.386394
0.994888,0.386394
1.0347,0.386394
1.07452,0.386394
1.11434,0.386394
1.15416,0.386394
1.19399,0.386394
1.23381,0.386394
1.27364,0.386394
1.31347,0.386394
1.3533,0.386394
1.39313,0.386394
1.43296,0.386394
1.47279,0.386394
1.51263,0.386394
1.55247,0.386394
1.59231,0.386394
1.63215,0.386394
1.67199,0.386394
1.71183,0.386394
1.75168,0.386394
1.79152,0.386394
1.83137,0.386394
1.87122,0.386394
1.91107,0.386394
1.95092,0.386394
1.99078,0.386394
2.03063,0.386394
2.07049,0.386394
2.11035,0.386394
2.15021,0.386394
2.19007,0.386394
2.22994,0.386394
2.2698,0.386394
2.30967,0.386394
2.34954,0.386394
2.38941,0.386394
2.42928,0.386394
2.46915,0.386394
2.50902,0.386394
2.5489,0.386394
2.58878,0.386394
2.62865,0.386394
2.66853,0.386394
2.70842,0.386394
2.7483,0.386394
2.78818,0.386394
2.82807,0.386394
2.86796,0.386394
2.90785,0.386394
2.94774,0.386394
2.98763,0.386394
3.02752,0.386394
3.06742,0.386394
3.10731,0.386394
3.14721,0.386394
3.18711,0.386394
3.22701,0.386394
3.26691,0.386394
3.30681,0.386394
3.34672,0.386394
3.38663,0.386394
3.42653,0.385418
3.46644,0.384441
3.50635,0.383465
3.54627,0.382488
3.58618,0.381511
3.62609,0.380534
3.66601,0.379558
3.70593,0.378581
3.74585,0.377604
3.78577,0.376627
3.82569,0.37565
3.86561,0.374673
3.90554,0.373696
3.94546,0.372719
3.98539,0.371742
4.02532,0.370765
4.06525,0.369788
4.10518,0.368811
4.14511,0.367834
4.18505,0.366857
4.22499,0.365879
4.26492,0.364902
4.30486,0.363925
4.3448,0.362947
4.38474,0.36197
4.42468,0.360993
4.46463,0.360015
4.50457,0.359038
4.54452,0.35806
4.58447,0.357082
4.62442,0.356105
4.66437,0.355127
4.70432,0.35415
4.74427,0.353172
4.78423,0.352194
4.82419,0.351217
4.86414,0.350239
4.9041,0.349261
4.94406,0.348283
4.98402,0.347305
5.02399,0.346327
5.06395,0.345349
5.10392,0.344371
5.14388,0.343393
5.18385,0.342415
5.22382,0.341437
5.26379,0.340459
5.30376,0.339481
5.34373,0.338503
5.38371,0.337525
5.42369,0.336546
5.46366,0.335568
5.50364,0.33459
5.54362,0.333612
5.5836,0.332633
5.62358,0.331655
5.66357,0.330676
5.70355,0.329698
5.74354,0.322469
5.78352,0.315241
5.82351,0.308012
5.8635,0.300782
5.90349,0.293553
5.94349,0.286323
5.98348,0.279093
6.02347,0.271863
6.06347,0.264633
6.10347,0.257402
6.14347,0.250171
6.18347,0.24294
6.22347,0.235709
6.26347,0.228478
6.30347,0.221246
6.34348,0.214014
6.38348,0.206782
6.42349,0.19955
6.4635,0.193296
6.50351,0.187042
6.54352,0.180788
6.58353,0.174534
6.62354,0.16828
6.66356,0.162025
6.70357,0.155771
6.74359,0.149516
6.78361,0.143261
6.82363,0.137005
6.86365,0.13075
6.90367,0.124494
6.94369,0.118239
6.98372,0.111983
7.02374,0.105726
7.06377,0.0994701
7.1038,0.0932135
7.14382,0.0869568
7.18385,0.0806999
7.22388,0.0744428
7.26392,0.0681856
7.30395,0.0619281
7.34398,0.0619281
7.38402,0.0619281
7.42406,0.0619281
7.46409,0.0619281
7.50413,0.0619281
7.54417,0.0619281
7.58421,0.0619281
7.62426,0.0619281
7.6643,0.0619281
7.70434,0.0619281
7.74439,0.0619281
7.78444,0.0619281
7.82448,0.0619281
7.86453,0.0619281
7.90458,0.0619281
7.94464,0.0619281
7.98469,0.0619281
8.02474,0.0619281
8.0648,0.0619281
8.10485,0.0619281
8.14491,0.0619281
8.18497,0.0619281
8.22503,0.0619281
8.26509,0.0619281
8.30515,0.0619281
8.34521,0.0619281
8.38527,0.0619281
8.42534,0.0619281
8.4654,0.0619281
8.50547,0.0619281
8.54554,0.0619281
8.5856,0.0619281
8.62567,0.0619281
8.66574,0.0619281
8.70582,0.0619281
8.74589,0.0619281
8.78596,0.0619281
8.82604,0.0619281
8.86611,0.0619281
8.90619,0.0619281
8.94627,0.0619281
8.98635,0.0619281
9.02643,0.0619281
9.06651,0.0619281
9.10659,0.0619281
9.14668,0.0619281
9.18676,0.0619281
9.22684,0.0619281
9.26693,0.0619281
9.30702,0.0619281
9.34711,0.0619281
9.3872,0.0619281
9.42729,0.0619281
9.46738,0.0619281
9.50747,0.0619281
9.54756,0.0619281
9.58766,0.0619281
9.62775,0.0619281
9.66785,0.0619281
9.70795,0.0619281
9.74804,0.0619281
9.78814,0.0619281
9.82824,0.0619281
9.86834,0.0619281
9.90845,0.0619281
9.94855,0.0619281
9.98865,0.0619281
10.0288,0.0619281
10.0689,0.0619281
10.109,0.0619281
10.1491,0.0619281
10.1892,0.0619281
10.2293,0.0619281
10.2694,0.0619281
10.3095,0.0619281
10.3496,0.0619281
10.3897,0.0619281
10.4299,0.0619281
10.47,0.0619281
10.5101,0.0619281
10.5502,0.0619281
10.5903,0.0619281
10.6304,0.0619281
10.6706,0.0619281
10.7107,0.0619281
10.7508,0.0619281
10.7909,0.0619281
10.8311,0.0619281
10.8712,0.0619281
10.9113,0.0619281
10.9514,0.0619281
10.9916,0.0619281
11.0317,0.0619281
11.0718,0.0619281
11.1119,0.0619281
11.1521,0.0619281
11.1922,0.0619281
11.2323,0.0619281
11.2725,0.0619281
11.3126,0.0619281
11.3527,0.0619281
11.3929,0.0619281
11.433,0.0619281
11.4732,0.0619281
11.5133,0.0619281
11.5534,0.0619281
11.5936,0.0619281
11.6337,0.0619281
11.6739,0.0619281
11.714,0.0619281
11.7541,0.0622342
11.7943,0.0625403
11.8344,0.0628464
11.8746,0.0631525
11.9147,0.0634586
11.9549,0.0637648
11.995,0.0640709
12.0352,0.064377
12.0753,0.0646831
12.1155,0.0649893
12.1556,0.0652954
12.1958,0.0656016
12.2359,0.0659078
12.2761,0.0662139
12.3162,0.0665201
12.3564,0.0668263
12.3965,0.0671325
12.4367,0.0674387
12.4769,0.0677449
12.517,0.0680511
12.5572,0.0683573
12.5973,0.0686635
12.6375,0.0689697
12.6777,0.069276
12.7178,0.0695822
12.758,0.0698884
12.7981,0.0701947
12.8383,0.0705009
12.8785,0.0708072
12.9186,0.0711134
12.9588,0.0714197
12.999,0.071726
13.0391,0.0720323
13.0793,0.0723386
13.1195,0.0726448
13.1597,0.0729511
13.1998,0.0732574
13.24,0.0735638
13.2802,0.0738701
13.3203,0.0741764
13.3605,0.0744827
13.4007,0.074789
13.4409,0.0750954
13.481,0.0754017
13.5212,0.0757081
13.5614,0.0760144
13.6016,0.0763208
13.6418,0.0766271
13.6819,0.0769335
13.7221,0.0772399
13.7623,0.0775462
13.8025,0.0778526
13.8427,0.078159
13.8829,0.0784654
13.923,0.0787718
13.9632,0.0790782
14.0034,0.0793846
14.0436,0.079691
14.0838,0.0799975
14.124,0.0803039
14.1642,0.0806103
14.2043,0.0809167
14.2445,0.0812232
14.2847,0.0815296
14.3249,0.0818361
14.3651,0.0821425
14.4053,0.082449
14.4455,0.0827554
14.4857,0.0830619
14.5259,0.0833684
14.5661,0.0836749
14.6063,0.0839814
14.6465,0.0842878
14.6867,0.0845943
14.7269,0.0849008
14.7671,0.0852073
14.8073,0.0855138
14.8474,0.0858203
14.8876,0.0861269
14.9278,0.0864334
14.968,0.0867399
15.0083,0.0870464
15.0485,0.087353
15.0887,0.0876595
15.1289,0.087966
15.1691,0.0882726
15.2093,0.0885791
15.2495,0.0888857
15.2897,0.0891923
15.3299,0.0894988
15.3701,0.0898054
15.4103,0.090112
15.4505,0.0904185
15.4907,0.0907251
15.5309,0.0910317
15.5711,0.0913383
15.6113,0.0916449
15.6515,0.0919515
15.6918,0.0922581
15.732,0.0925647
15.7722,0.0928713
15.8124,0.0931779
15.8526,0.0934846
15.8928,0.0937912
15.933,0.0940978
15.9732,0.0944044
16.0135,0.0947111
16.0537,0.0950177
16.0939,0.0953243
16.1341,0.095631
16.1743,0.0959376
16.2145,0.0962443
16.2548,0.096551
16.295,0.0968576
16.3352,0.0971643
16.3754,0.097471
16.4156,0.0977776
16.4559,0.0980843
16.4961,0.098391
16.5363,0.0986977
16.5765,0.0990044
16.6168,0.0993111
16.657,0.0996177
16.6972,0.0999245
16.7374,0.100231
16.7776,0.100538
16.8179,0.100845
16.8581,0.101151
16.8983,0.101458
16.9385,0.101765
16.9788,0.102071
17.019,0.102378
17.0592,0.102685
17.0995,0.102992
17.1397,0.103298
17.1799,0.103605
17.2201,0.103912
17.2604,0.104219
17.3006,0.104525
17.3408,0.104832
17.3811,0.105139
17.4213,0.105446
17.4615,0.105752
17.5018,0.106059
17.542,0.106366
17.5822,0.106673
17.6225,0.106979
17.6627,0.107286
17.7029,0.107593
17.7432,0.1079
17.7834,0.108207
17.8236,0.108513
17.8639,0.10882
17.9041,0.109127
17.9443,0.109434
17.9846,0.109741
18.0248,0.110047
18.0651,0.110354
18.1053,0.110661
18.1455,0.110968
18.1858,0.111275
18.226,0.111581
18.2663,0.111888
18.3065,0.112195
18.3467,0.112502
18.387,0.112809
18.4272,0.113116
18.4675,0.113422
18.5077,0.113729
18.5479,0.114036
18.5882,0.114343
18.6284,0.11465
18.6687,0.114957
18.7089,0.115264
18.7492,0.11557
18.7894,0.115877
18.8296,0.116184
18.8699,0.116491
18.9101,0.116798
18.9504,0.117105
18.9906,0.117412
19.0309,0.117718
19.0711,0.118025
19.1114,0.118332
19.1516,0.118639
19.1919,0.118946
19.2321,0.119253
19.2724,0.11956
19.3126,0.119867
19.3528,0.120173
19.3931,0.12048
19.4333,0.120787
19.4736,0.121094
19.5138,0.121401
19.5541,0.121708
19.5943,0.122015
19.6346,0.122322
19.6748,0.122629
19.7151,0.122936
19.7553,0.123242
19.7956,0.123549
19.8358,0.123856
19.8761,0.124163
19.9163,0.12447
19.9566,0.124777
19.9969,0.125084
20.0371,0.125391
20.0774,0.125698
20.1176,0.126005
20.1579,0.126312
20.1981,0.126619
20.2384,0.126925
20.2786,0.127232
20.3189,0.127539
20.3591,0.127846
20.3994,0.128153
20.4396,0.12846
20.4799,0.128767
20.5201,0.129074
20.5604,0.129381
20.6007,0.129688
20.6409,0.129995
20.6812,0.130302
20.7214,0.130609
20.7617,0.130916
20.8019,0.131223
20.8422,0.13153
20.8825,0.131837
20.9227,0.132143
20.963,0.13245
21.0032,0.132757
21.0435,0.133064
21.0837,0.133371
21.124,0.133678
21.1643,0.133985
21.2045,0.134292
21.2448,0.134599
21.285,0.134906
21.3253,0.135213
21.3655,0.13552
21.4058,0.135827
21.4461,0.136134
21.4863,0.136441
21.5266,0.136748
21.5668,0.137055
21.6071,0.137362
21.6474,0.137669
21.6876,0.137976
21.7279,0.138283
21.7681,0.13859
21.8084,0.138897
21.8487,0.139204
21.8889,0.139511
21.9292,0.139818
21.9694,0.140125
22.0097,0.140432
22.05,0.140739
22.0902,0.141046
22.1305,0.141353
22.1707,0.141659
22.211,0.141966
22.2513,0.142273
22.2915,0.14258
22.3318,0.142887
22.372,0.143194
22.4123,0.143501
22.4526,0.143808
22.4928,0.144115
22.5331,0.144422
22.5733,0.144729
22.6136,0.145036
22.6539,0.145343
22.6941,0.14565
22.7344,0.145957
22.7746,0.146264
22.8149,0.146571
22.8552,0.146878
22.8954,0.147185
22.9357,0.147492
22.9759,0.147799
23.0162,0.148106
23.0565,0.148413
23.0967,0.14872
23.137,0.149027
23.1787,0.149345
23.222,0.149676
23.2669,0.150018
23.3135,0.150373
23.3617,0.15074
23.4116,0.151121
23.4633,0.151515
23.5169,0.151924
23.5723,0.152347
23.6297,0.152784
23.689,0.153236
23.7504,0.153704
23.8138,0.154188
23.8794,0.154688
23.9471,0.155204
24.0171,0.155738
24.0893,0.156288
24.1638,0.156856
24.2407,0.157443
24.3199,0.158047
24.4016,0.15867
24.4858,0.159311
24.5724,0.159972
24.6616,0.160652
24.7534,0.161352
24.8478,0.162072
24.9448,0.162811
25.0444,0.163571
25.1467,0.164351
25.2517,0.165151
25.3593,0.165972
25.4697,0.166813
25.5827,0.167675
25.6984,0.168558
25.8168,0.16946
25.9379,0.170384
26.0616,0.171327
26.1879,0.17229
26.3168,0.173273
26.4483,0.174275
26.5823,0.175297
26.7187,0.176337
26.8575,0.177396
26.9987,0.178472
27.1422,0.179566
27.2878,0.180677
27.4356,0.181803
27.5854,0.182945
27.7371,0.184102
27.8906,0.185273
28.0459,0.186457
28.2029,0.187654
28.3613,0.188862
28.5211,0.19008
28.6822,0.191308
28.8444,0.192545
29.0076,0.19379
29.1716,0.195041
29.3364,0.196297
29.5018,0.197558
29.6676,0.198822
29.8337,0.200089
30,0.201357
30.1663,0.202624
-0.0397757,0.416397
0,0.416397
0.0397757,0.416397
0.0795531,0.416397
0.119332,0.416397
0.159113,0.416397
0.198895,0.416397
0.238679,0.416397
0.278465,0.416397
0.318252,0.416397
0.358041,0.416397
0.397832,0.416397
0.437624,0.416397
0.477418,0.416397
0.517214,0.416397
0.557011,0.416397
0.59681,0.416397
0.636611,0.416397
0.676413,0.416397
0.716217,0.416397
0.756022,0.416397
0.795829,0.416397
0.835638,0.416397
0.875448,0.416397
0.91526,0.416397
0.955073,0.416397
0.994888,0.416397
1.0347,0.416397
1.07452,0.416397
1.11434,0.416397
1.15416,0.416397
1.19399,0.416397
1.23381,0.416397
1.27364,0.416397
1.31347,0.416397
1.3533,0.416397
1.39313,0.416397
1.43296,0.416397
1.47279,0.416397
1.51263,0.416397
1.55247,0.416397
1.59231,0.416397
1.63215,0.416397
1.67199,0.416397
1.71183,0.416397
1.75168,0.416397
1.79152,0.416397
1.83137,0.416397
1.87122,0.416397
1.91107,0.416397
1.95092,0.416397
1.99078,0.416397
2.03063,0.416397
2.07049,0.416397
2.11035,0.416397
2.15021,0.416397
2.19007,0.416397
2.22994,0.416397
2.2698,0.416397
2.30967,0.416397
2.34954,0.416397
2.38941,0.416397
2.42928,0.416397
2.46915,0.416397
2.50902,0.416397
2.5489,0.416397
2.58878,0.416397
2.62865,0.416397
2.66853,0.416397
2.70842,0.416397
2.7483,0.416397
2.78818,0.416397
2.82807,0.416397
2.86796,0.416397
2.90785,0.416397
2.94774,0.416397
2.98763,0.416397
3.02752,0.416397
3.06742,0.416397
3.10731,0.416397
3.14721,0.416397
3.18711,0.416397
3.22701,0.416397
3.26691,0.416397
3.30681,0.416397
3.34672,0.416397
3.38663,0.416397
3.42653,0.415176
3.46644,0.413955
3.50635,0.412733
3.54627,0.411512
3.58618,0.410291
3.62609,0.409069
3.66601,0.407847
3.70593,0.406626
3.74585,0.405404
3.78577,0.404183
3.82569,0.402961
3.86561,0.401739
3.90554,0.400517
3.94546,0.399295
3.98539,0.398074
4.02532,0.396852
4.06525,0.39563
4.10518,0.394408
4.14511,0.393186
4.18505,0.391963
4.22499,0.390741
4.26492,0.389519
4.30486,0.388297
4.3448,0.387075
4.38474,0.385852
4.42468,0.38463
4.46463,0.383408
4.50457,0.382185
4.54452,0.380963
4.58447,0.37974
4.62442,0.378518
4.66437,0.377295
4.70432,0.376072
4.74427,0.37485
4.78423,0.373627
4.82419,0.372404
4.86414,0.371181
4.9041,0.369959
4.94406,0.368736
4.98402,0.367513
5.02399,0.36629
5.06395,0.365067
5.10392,0.363844
5.14388,0.362621
5.18385,0.361397
5.22382,0.360174
5.26379,0.358951
5.30376,0.357728
5.34373,0.356505
5.38371,0.355281
5.42369,0.354058
5.46366,0.352834
5.50364,0.351611
5.54362,0.350388
5.5836,0.349164
5.62358,0.34794
5.66357,0.346717
5.70355,0.345493
5.74354,0.338123
5.78352,0.330752
5.82351,0.323381
5.8635,0.31601
5.90349,0.308639
5.94349,0.301268
5.98348,0.293896
6.02347,0.286524
6.06347,0.279152
6.10347,0.271779
6.14347,0.264407
6.18347,0.257034
6.22347,0.249661
6.26347,0.242287
6.30347,0.234914
6.34348,0.22754
6.38348,0.220166
6.42349,0.212792
6.4635,0.206641
6.50351,0.200491
6.54352,0.194341
6.58353,0.18819
6.62354,0.182039
6.66356,0.175888
6.70357,0.169737
6.74359,0.163586
6.78361,0.157434
6.82363,0.151282
6.86365,0.14513
6.90367,0.138978
6.94369,0.132826
6.98372,0.126673
7.02374,0.120521
7.06377,0.114368
7.1038,0.108215
7.14382,0.102062
7.18385,0.0959082
7.22388,0.0897546
7.26392,0.0836009
7.30395,0.0774469
7.34398,0.0774469
7.38402,0.0774469
7.42406,0.0774469
7.46409,0.0774469
7.50413,0.0774469
7.54417,0.0774469
7.58421,0.0774469
7.62426,0.0774469
7.6643,0.0774469
7.70434,0.0774469
7.74439,0.0774469
7.78444,0.0774469
7.82448,0.0774469
7.86453,0.0774469
7.90458,0.0774469
7.94464,0.0774469
7.98469,0.0774469
8.02474,0.0774469
8.0648,0.0774469
8.10485,0.0774469
8.14491,0.0774469
8.18497,0.0774469
8.22503,0.0774469
8.26509,0.0774469
8.30515,0.0774469
8.34521,0.0774469
8.38527,0.0774469
8.42534,0.0774469
8.4654,0.0774469
8.50547,0.0774469
8.54554,0.0774469
8.5856,0.0774469
8.62567,0.0774469
8.66574,0.0774469
8.70582,0.0774469
8.74589,0.0774469
8.78596,0.0774469
8.82604,0.0774469
8.86611,0.0774469
8.90619,0.0774469
8.94627,0.0774469
8.98635,0.0774469
9.02643,0.0774469
9.06651,0.0774469
9.10659,0.0774469
9.14668,0.0774469
9.18676,0.0774469
9.22684,0.0774469
9.26693,0.0774469
9.30702,0.0774469
9.34711,0.0774469
9.3872,0.0774469
9.42729,0.0774469
9.46738,0.0774469
9.50747,0.0774469
9.54756,0.0774469
9.58766,0.0774469
9.62775,0.0774469
9.66785,0.0774469
9.70795,0.0774469
9.74804,0.0774469
9.78814,0.0774469
9.82824,0.0774469
9.86834,0.0774469
9.90845,0.0774469
9.94855,0.0774469
9.98865,0.0774469
10.0288,0.0774469
10.0689,0.0774469
10.109,0.0774469
10.1491,0.0774469
10.1892,0.0774469
10.2293,0.0774469
10.2694,0.0774469
10.3095,0.0774469
10.3496,0.0774469
10.3897,0.0774469
10.4299,0.0774469
10.47,0.0774469
10.5101,0.0774469
10.5502,0.0774469
10.5903,0.0774469
10.6304,0.0774469
10.6706,0.0774469
10.7107,0.0774469
10.7508,0.0774469
10.7909,0.0774469
10.8311,0.0774469
10.8712,0.0774469
10.9113,0.0774469
10.9514,0.0774469
10.9916,0.0774469
11.0317,0.0774469
11.0718,0.0774469
11.1119,0.0774469
11.1521,0.0774469
11.1922,0.0774469
11.2323,0.0774469
11.2725,0.0774469
11.3126,0.0774469
11.3527,0.0774469
11.3929,0.0774469
11.433,0.0774469
11.4732,0.0774469
11.5133,0.0774469
11.5534,0.0774469
11.5936,0.0774469
11.6337,0.0774469
11.6739,0.0774469
11.714,0.0774469
11.7541,0.0778297
11.7943,0.0782125
11.8344,0.0785953
11.8746,0.0789782
11.9147,0.079361
11.9549,0.0797438
11.995,0.0801266
12.0352,0.0805095
12.0753,0.0808923
12.1155,0.0812752
12.1556,0.0816581
12.1958,0.082041
12.2359,0.0824238
12.2761,0.0828067
12.3162,0.0831896
12.3564,0.0835725
12.3965,0.0839555
12.4367,0.0843384
12.4769,0.0847213
12.517,0.0851043
12.5572,0.0854872
12.5973,0.0858702
12.6375,0.0862531
12.6777,0.0866361
12.7178,0.0870191
12.758,0.087402
12.7981,0.087785
12.8383,0.088168
12.8785,0.088551
12.9186,0.088934
12.9588,0.0893171
12.999,0.0897001
13.0391,0.0900831
13.0793,0.0904661
13.1195,0.0908492
13.1597,0.0912322
13.1998,0.0916153
13.24,0.0919984
13.2802,0.0923814
13.3203,0.0927645
13.3605,0.0931476
13.4007,0.0935307
13.4409,0.0939138
13.481,0.0942969
13.5212,0.09468
13.5614,0.0950632
13.6016,0.0954463
13.6418,0.0958294
13.6819,0.0962126
13.7221,0.0965957
13.7623,0.0969789
13.8025,0.097362
13.8427,0.0977452
13.8829,0.0981284
13.923,0.0985115
13.9632,0.0988947
14.0034,0.0992779
14.0436,0.0996611
14.0838,0.100044
14.124,0.100428
14.1642,0.100811
14.2043,0.101194
14.2445,0.101577
14.2847,0.10196
14.3249,0.102344
14.3651,0.102727
14.4053,0.10311
14.4455,0.103493
14.4857,0.103877
14.5259,0.10426
14.5661,0.104643
14.6063,0.105027
14.6465,0.10541
14.6867,0.105793
14.7269,0.106176
14.7671,0.10656
14.8073,0.106943
14.8474,0.107326
14.8876,0.10771
14.9278,0.108093
14.968,0.108476
15.0083,0.10886
15.0485,0.109243
15.0887,0.109626
15.1289,0.11001
15.1691,0.110393
15.2093,0.110777
15.2495,0.11116
15.2897,0.111543
15.3299,0.111927
15.3701,0.11231
15.4103,0.112693
15.4505,0.113077
15.4907,0.11346
15.5309,0.113844
15.5711,0.114227
15.6113,0.114611
15.6515,0.114994
15.6918,0.115377
15.732,0.115761
15.7722,0.116144
15.8124,0.116528
15.8526,0.116911
15.8928,0.117295
15.933,0.117678
15.9732,0.118062
16.0135,0.118445
16.0537,0.118829
16.0939,0.119212
16.1341,0.119596
16.1743,0.119979
16.2145,0.120363
16.2548,0.120746
16.295,0.12113
16.3352,0.121513
16.3754,0.121897
16.4156,0.12228
16.4559,0.122664
16.4961,0.123047
16.5363,0.123431
16.5765,0.123814
16.6168,0.124198
16.657,0.124581
16.6972,0.124965
16.7374,0.125348
16.7776,0.125732
16.8179,0.126116
16.8581,0.126499
16.8983,0.126883
16.9385,0.127266
16.9788,0.12765
17.019,0.128034
17.0592,0.128417
17.0995,0.128801
17.1397,0.129184
17.1799,0.129568
17.2201,0.129952
17.2604,0.130335
17.3006,0.130719
17.3408,0.131102
17.3811,0.131486
17.4213,0.13187
17.4615,0.132253
17.5018,0.132637
17.542,0.133021
17.5822,0.133404
17.6225,0.133788
17.6627,0.134172
17.7029,0.134555
17.7432,0.134939
17.7834,0.135323
17.8236,0.135706
17.8639,0.13609
17.9041,0.136474
17.9443,0.136857
17.9846,0.137241
18.0248,0.137625
18.0651,0.138008
18.1053,0.138392
18.1455,0.138776
18.1858,0.139159
18.226,0.139543
18.2663,0.139927
18.3065,0.140311
18.3467,0.140694
18.387,0.141078
18.4272,0.141462
18.4675,0.141845
18.5077,0.142229
18.5479,0.142613
18.5882,0.142997
18.6284,0.14338
18.6687,0.143764
18.7089,0.144148
18.7492,0.144532
18.7894,0.144915
18.8296,0.145299
18.8699,0.145683
18.9101,0.146067
18.9504,0.14645
18.9906,0.146834
19.0309,0.147218
19.0711,0.147602
19.1114,0.147985
19.1516,0.148369
19.1919,0.148753
19.2321,0.149137
19.2724,0.149521
19.3126,0.149904
19.3528,0.150288
19.3931,0.150672
19.4333,0.151056
19.4736,0.15144
19.5138,0.151823
19.5541,0.152207
19.5943,0.152591
19.6346,0.152975
19.6748,0.153359
19.7151,0.153742
19.7553,0.154126
19.7956,0.15451
19.8358,0.154894
19.8761,0.155278
19.9163,0.155662
19.9566,0.156045
19.9969,0.156429
20.0371,0.156813
20.0774,0.157197
20.1176,0.157581
20.1579,0.157965
20.1981,0.158348
20.2384,0.158732
20.2786,0.159116
20.3189,0.1595
20.3591,0.159884
20.3994,0.160268
20.4396,0.160651
20.4799,0.161035
20.5201,0.161419
20.5604,0.161803
20.6007,0.162187
20.6409,0.162571
20.6812,0.162955
20.7214,0.163338
20.7617,0.163722
20.8019,0.164106
20.8422,0.16449
20.8825,0.164874
20.9227,0.165258
20.963,0.165642
21.0032,0.166026
21.0435,0.166409
21.0837,0.166793
21.124,0.167177
21.1643,0.167561
21.2045,0.167945
21.2448,0.168329
21.285,0.168713
21.3253,0.169097
21.3655,0.169481
21.4058,0.169864
21.4461,0.170248
21.4863,0.170632
21.5266,0.171016
21.5668,0.1714
21.6071,0.171784
21.6474,0.172168
21.6876,0.172552
21.7279,0.172936
21.7681,0.173319
21.8084,0.173703
21.8487,0.174087
21.8889,0.174471
21.9292,0.174855
21.9694,0.175239
22.0097,0.175623
22.05,0.176007
22.0902,0.176391
22.1305,0.176775
22.1707,0.177158
22.211,0.177542
22.2513,0.177926
22.2915,0.17831
22.3318,0.178694
22.372,0.179078
22.4123,0.179462
22.4526,0.179846
22.4928,0.18023
22.5331,0.180614
22.5733,0.180998
22.6136,0.181381
22.6539,0.181765
22.6941,0.182149
22.7344,0.182533
22.7746,0.182917
22.8149,0.183301
22.8552,0.183685
22.8954,0.184069
22.9357,0.184453
22.9759,0.184837
23.0162,0.185221
23.0565,0.185605
23.0967,0.185988
23.137,0.186372
23.1787,0.186771
23.222,0.187183
23.2669,0.187611
23.3135,0.188055
23.3617,0.188515
23.4116,0.188991
23.4633,0.189484
23.5169,0.189995
23.5723,0.190524
23.6297,0.191071
23.689,0.191636
23.7504,0.192222
23.8138,0.192827
23.8794,0.193452
23.9471,0.194098
24.0171,0.194765
24.0893,0.195453
24.1638,0.196164
24.2407,0.196897
24.3199,0.197652
24.4016,0.198431
24.4858,0.199234
24.5724,0.20006
24.6616,0.200911
24.7534,0.201786
24.8478,0.202686
24.9448,0.203611
25.0444,0.204561
25.1467,0.205536
25.2517,0.206537
25.3593,0.207564
25.4697,0.208616
25.5827,0.209694
25.6984,0.210797
25.8168,0.211926
25.9379,0.213081
26.0616,0.21426
26.1879,0.215465
26.3168,0.216694
26.4483,0.217948
26.5823,0.219225
26.7187,0.220526
26.8575,0.22185
26.9987,0.223196
27.1422,0.224564
27.2878,0.225953
27.4356,0.227362
27.5854,0.22879
27.7371,0.230237
27.8906,0.231701
28.0459,0.233182
28.2029,0.234679
28.3613,0.236189
28.5211,0.237713
28.6822,0.239249
28.8444,0.240796
29.0076,0.242352
29.1716,0.243917
29.3364,0.245488
29.5018,0.247065
29.6676,0.248646
29.8337,0.25023
30,0.251815
30.1663,0.253401
-0.0397757,0.446427
0,0.446427
0.0397757,0.446427
0.0795531,0.446427
0.119332,0.446427
0.159113,0.446427
0.198895,0.446427
0.238679,0.446427
0.278465,0.446427
0.318252,0.446427
0.358041,0.446427
0.397832,0.446427
0.437624,0.446427
0.477418,0.446427
0.517214,0.446427
0.557011,0.446427
0.59681,0.446427
0.636611,0.446427
0.676413,0.446427
0.716217,0.446427
0.756022,0.446427
0.795829,0.446427
0.835638,0.446427
0.875448,0.446427
0.91526,0.446427
0.955073,0.446427
0.994888,0.446427
1.0347,0.446427
1.07452,0.446427
1.11434,0.446427
1.15416,0.446427
1.19399,0.446427
1.23381,0.446427
1.27364,0.446427
1.31347,0.446427
1.3533,0.446427
1.39313,0.446427
1.43296,0.446427
1.47279,0.446427
1.51263,0.446427
1.55247,0.446427
1.59231,0.446427
1.63215,0.446427
1.67199,0.446427
1.71183,0.446427
1.75168,0.446427
1.79152,0.446427
1.83137,0.446427
1.87122,0.446427
1.91107,0.446427
1.95092,0.446427
1.99078,0.446427
2.03063,0.446427
2.07049,0.446427
2.11035,0.446427
2.15021,0.446427
2.19007,0.446427
2.22994,0.446427
2.2698,0.446427
2.30967,0.446427
2.34954,0.446427
2.38941,0.446427
2.42928,0.446427
2.46915,0.446427
2.50902,0.446427
2.5489,0.446427
2.58878,0.446427
2.62865,0.446427
2.66853,0.446427
2.70842,0.446427
2.7483,0.446427
2.78818,0.446427
2.82807,0.446427
2.86796,0.446427
2.90785,0.446427
2.94774,0.446427
2.98763,0.446427
3.02752,0.446427
3.06742,0.446427
3.10731,0.446427
3.14721,0.446427
3.18711,0.446427
3.22701,0.446427
3.26691,0.446427
3.30681,0.446427
3.34672,0.446427
3.38663,0.446427
3.42653,0.444961
3.46644,0.443494
3.50635,0.442028
3.54627,0.440562
3.58618,0.439095
3.62609,0.437629
3.66601,0.436162
3.70593,0.434696
3.74585,0.433229
3.78577,0.431762
3.82569,0.430296
3.86561,0.428829
3.90554,0.427362
3.94546,0.425895
3.98539,0.424428
4.02532,0.422961
4.06525,0.421494
4.10518,0.420027
4.14511,0.41856
4.18505,0.417093
4.22499,0.415625
4.26492,0.414158
4.30486,0.412691
4.3448,0.411223
4.38474,0.409756
4.42468,0.408288
4.46463,0.406821
4.50457,0.405353
4.54452,0.403886
4.58447,0.402418
4.62442,0.40095
4.66437,0.399482
4.70432,0.398014
4.74427,0.396547
4.78423,0.395079
4.82419,0.393611
4.86414,0.392143
4.9041,0.390674
4.94406,0.389206
4.98402,0.387738
5.02399,0.38627
5.06395,0.384802
5.10392,0.383333
5.14388,0.381865
5.18385,0.380396
5.22382,0.378928
5.26379,0.377459
5.30376,0.375991
5.34373,0.374522
5.38371,0.373053
5.42369,0.371585
5.46366,0.370116
5.50364,0.368647
5.54362,0.367178
5.5836,0.365709
5.62358,0.36424
5.66357,0.362771
5.70355,0.361302
5.74354,0.35379
5.78352,0.346278
5.82351,0.338765
5.8635,0.331252
5.90349,0.323739
5.94349,0.316225
5.98348,0.308711
6.02347,0.301198
6.06347,0.293683
6.10347,0.286169
6.14347,0.278654
6.18347,0.271139
6.22347,0.263624
6.26347,0.256109
6.30347,0.248593
6.34348,0.241078
6.38348,0.233562
6.42349,0.226045
6.4635,0.219999
6.50351,0.213952
6.54352,0.207905
6.58353,0.201858
6.62354,0.195811
6.66356,0.189763
6.70357,0.183716
6.74359,0.177668
6.78361,0.17162
6.82363,0.165572
6.86365,0.159523
6.90367,0.153475
6.94369,0.147426
6.98372,0.141377
7.02374,0.135328
7.06377,0.129279
7.1038,0.123229
7.14382,0.11718
7.18385,0.11113
7.22388,0.10508
7.26392,0.0990298
7.30395,0.0929795
7.34398,0.0929795
7.38402,0.0929795
7.42406,0.0929795
7.46409,0.0929795
7.50413,0.0929795
7.54417,0.0929795
7.58421,0.0929795
7.62426,0.0929795
7.6643,0.0929795
7.70434,0.0929795
7.74439,0.0929795
7.78444,0.0929795
7.82448,0.0929795
7.86453,0.0929795
7.90458,0.0929795
7.94464,0.0929795
7.98469,0.0929795
8.02474,0.0929795
8.0648,0.0929795
8.10485,0.0929795
8.14491,0.0929795
8.18497,0.0929795
8.22503,0.0929795
8.26509,0.0929795
8.30515,0.0929795
8.34521,0.0929795
8.38527,0.0929795
8.42534,0.0929795
8.4654,0.0929795
8.50547,0.0929795
8.54554,0.0929795
8.5856,0.0929795
8.62567,0.0929795
8.66574,0.0929795
8.70582,0.0929795
8.74589,0.0929795
8.78596,0.0929795
8.82604,0.0929795
8.86611,0.0929795
8.90619,0.0929795
8.94627,0.0929795
8.98635,0.0929795
9.02643,0.0929795
9.06651,0.0929795
9.10659,0.0929795
9.14668,0.0929795
9.18676,0.0929795
9.22684,0.0929795
9.26693,0.0929795
9.30702,0.0929795
9.34711,0.0929795
9.3872,0.0929795
9.42729,0.0929795
9.46738,0.0929795
9.50747,0.0929795
9.54756,0.0929795
9.58766,0.0929795
9.62775,0.0929795
9.66785,0.0929795
9.70795,0.0929795
9.74804,0.0929795
9.78814,0.0929795
9.82824,0.0929795
9.86834,0.0929795
9.90845,0.0929795
9.94855,0.0929795
9.98865,0.0929795
10.0288,0.0929795
10.0689,0.0929795
10.109,0.0929795
10.1491,0.0929795
10.1892,0.0929795
10.2293,0.0929795
10.2694,0.0929795
10.3095,0.0929795
10.3496,0.0929795
10.3897,0.0929795
10.4299,0.0929795
10.47,0.0929795
10.5101,0.0929795
10.5502,0.0929795
10.5903,0.0929795
10.6304,0.0929795
10.6706,0.0929795
10.7107,0.0929795
10.7508,0.0929795
10.7909,0.0929795
10.8311,0.0929795
10.8712,0.0929795
10.9113,0.0929795
10.9514,0.0929795
10.9916,0.0929795
11.0317,0.0929795
11.0718,0.0929795
11.1119,0.0929795
11.1521,0.0929795
11.1922,0.0929795
11.2323,0.0929795
11.2725,0.0929795
11.3126,0.0929795
11.3527,0.0929795
11.3929,0.0929795
11.433,0.0929795
11.4732,0.0929795
11.5133,0.0929795
11.5534,0.0929795
11.5936,0.0929795
11.6337,0.0929795
11.6739,0.0929795
11.714,0.0929795
11.7541,0.093439
11.7943,0.0938986
11.8344,0.0943582
11.8746,0.0948178
11.9147,0.0952774
11.9549,0.095737
11.995,0.0961966
12.0352,0.0966562
12.0753,0.0971159
12.1155,0.0975755
12.1556,0.0980352
12.1958,0.0984949
12.2359,0.0989545
12.2761,0.0994142
12.3162,0.0998739
12.3564,0.100334
12.3965,0.100793
12.4367,0.101253
12.4769,0.101713
12.517,0.102173
12.5572,0.102632
12.5973,0.103092
12.6375,0.103552
12.6777,0.104012
12.7178,0.104471
12.758,0.104931
12.7981,0.105391
12.8383,0.105851
12.8785,0.106311
12.9186,0.10677
12.9588,0.10723
12.999,0.10769
13.0391,0.10815
13.0793,0.10861
13.1195,0.10907
13.1597,0.10953
13.1998,0.109989
13.24,0.110449
13.2802,0.110909
13.3203,0.111369
13.3605,0.111829
13.4007,0.112289
13.4409,0.112749
13.481,0.113209
13.5212,0.113669
13.5614,0.114129
13.6016,0.114589
13.6418,0.115049
13.6819,0.115509
13.7221,0.115969
13.7623,0.116429
13.8025,0.116889
13.8427,0.117349
13.8829,0.117809
13.923,0.118269
13.9632,0.118729
14.0034,0.119189
14.0436,0.119649
14.0838,0.120109
14.124,0.120569
14.1642,0.121029
14.2043,0.121489
14.2445,0.121949
14.2847,0.122409
14.3249,0.122869
14.3651,0.12333
14.4053,0.12379
14.4455,0.12425
14.4857,0.12471
14.5259,0.12517
14.5661,0.12563
14.6063,0.12609
14.6465,0.126551
14.6867,0.127011
14.7269,0.127471
14.7671,0.127931
14.8073,0.128391
14.8474,0.128851
14.8876,0.129312
14.9278,0.129772
14.968,0.130232
15.0083,0.130692
15.0485,0.131153
15.0887,0.131613
15.1289,0.132073
15.1691,0.132533
15.2093,0.132994
15.2495,0.133454
15.2897,0.133914
15.3299,0.134374
15.3701,0.134835
15.4103,0.135295
15.4505,0.135755
15.4907,0.136216
15.5309,0.136676
15.5711,0.137136
15.6113,0.137597
15.6515,0.138057
15.6918,0.138517
15.732,0.138978
15.7722,0.139438
15.8124,0.139898
15.8526,0.140359
15.8928,0.140819
15.933,0.141279
15.9732,0.14174
16.0135,0.1422
16.0537,0.14266
16.0939,0.143121
16.1341,0.143581
16.1743,0.144042
16.2145,0.144502
16.2548,0.144963
16.295,0.145423
16.3352,0.145883
16.3754,0.146344
16.4156,0.146804
16.4559,0.147265
16.4961,0.147725
16.5363,0.148186
16.5765,0.148646
16.6168,0.149107
16.657,0.149567
16.6972,0.150028
16.7374,0.150488
16.7776,0.150948
16.8179,0.151409
16.8581,0.151869
16.8983,0.15233
16.9385,0.152791
16.9788,0.153251
17.019,0.153712
17.0592,0.154172
17.0995,0.154633
17.1397,0.155093
17.1799,0.155554
17.2201,0.156014
17.2604,0.156475
17.3006,0.156935
17.3408,0.157396
17.3811,0.157856
17.4213,0.158317
17.4615,0.158778
17.5018,0.159238
17.542,0.159699
17.5822,0.160159
17.6225,0.16062
17.6627,0.161081
17.7029,0.161541
17.7432,0.162002
17.7834,0.162462
17.8236,0.162923
17.8639,0.163384
17.9041,0.163844
17.9443,0.164305
17.9846,0.164766
18.0248,0.165226
18.0651,0.165687
18.1053,0.166148
18.1455,0.166608
18.1858,0.167069
18.226,0.167529
18.2663,0.16799
18.3065,0.168451
18.3467,0.168911
18.387,0.169372
18.4272,0.169833
18.4675,0.170294
18.5077,0.170754
18.5479,0.171215
18.5882,0.171676
18.6284,0.172136
18.6687,0.172597
18.7089,0.173058
18.7492,0.173518
18.7894,0.173979
18.8296,0.17444
18.8699,0.174901
18.9101,0.175361
18.9504,0.175822
18.9906,0.176283
19.0309,0.176744
19.0711,0.177204
19.1114,0.177665
19.1516,0.178126
19.1919,0.178586
19.2321,0.179047
19.2724,0.179508
19.3126,0.179969
19.3528,0.18043
19.3931,0.18089
19.4333,0.181351
19.4736,0.181812
19.5138,0.182273
19.5541,0.182733
19.5943,0.183194
19.6346,0.183655
19.6748,0.184116
19.7151,0.184577
19.7553,0.185037
19.7956,0.185498
19.8358,0.185959
19.8761,0.18642
19.9163,0.186881
19.9566,0.187341
19.9969,0.187802
20.0371,0.188263
20.0774,0.188724
20.1176,0.189185
20.1579,0.189645
20.1981,0.190106
20.2384,0.190567
20.2786,0.191028
20.3189,0.191489
20.3591,0.19195
20.3994,0.19241
20.4396,0.192871
20.4799,0.193332
20.5201,0.193793
20.5604,0.194254
20.6007,0.194715
20.6409,0.195175
20.6812,0.195636
20.7214,0.196097
20.7617,0.196558
20.8019,0.197019
20.8422,0.19748
20.8825,0.197941
20.9227,0.198401
20.963,0.198862
21.0032,0.199323
21.0435,0.199784
21.0837,0.200245
21.124,0.200706
21.1643,0.201167
21.2045,0.201628
21.2448,0.202088
21.285,0.202549
21.3253,0.20301
21.3655,0.203471
21.4058,0.203932
21.4461,0.204393
21.4863,0.204854
21.5266,0.205315
21.5668,0.205775
21.6071,0.206236
21.6474,0.206697
21.6876,0.207158
21.7279,0.207619
21.7681,0.20808
21.8084,0.208541
21.8487,0.209002
21.8889,0.209463
21.9292,0.209923
21.9694,0.210384
22.0097,0.210845
22.05,0.211306
22.0902,0.211767
22.1305,0.212228
22.1707,0.212689
22.211,0.21315
22.2513,0.213611
22.2915,0.214072
22.3318,0.214532
22.372,0.214993
22.4123,0.215454
22.4526,0.215915
22.4928,0.216376
22.5331,0.216837
22.5733,0.217298
22.6136,0.217759
22.6539,0.21822
22.6941,0.218681
22.7344,0.219142
22.7746,0.219602
22.8149,0.220063
22.8552,0.220524
22.8954,0.220985
22.9357,0.221446
22.9759,0.221907
23.0162,0.222368
23.0565,0.222829
23.0967,0.22329
23.137,0.223751
23.1787,0.224229
23.222,0.224724
23.2669,0.225238
23.3135,0.225771
23.3617,0.226323
23.4116,0.226895
23.4633,0.227487
23.5169,0.2281
23.5723,0.228734
23.6297,0.229391
23.689,0.23007
23.7504,0.230773
23.8138,0.231499
23.8794,0.23225
23.9471,0.233025
24.0171,0.233826
24.0893,0.234653
24.1638,0.235506
24.2407,0.236386
24.3199,0.237293
24.4016,0.238228
24.4858,0.239192
24.5724,0.240184
24.6616,0.241205
24.7534,0.242256
24.8478,0.243336
24.9448,0.244446
25.0444,0.245587
25.1467,0.246758
25.2517,0.24796
25.3593,0.249192
25.4697,0.250455
25.5827,0.251749
25.6984,0.253074
25.8168,0.25443
25.9379,0.255816
26.0616,0.257232
26.1879,0.258678
26.3168,0.260154
26.4483,0.261659
26.5823,0.263193
26.7187,0.264754
26.8575,0.266344
26.9987,0.26796
27.1422,0.269602
27.2878,0.27127
27.4356,0.272961
27.5854,0.274676
27.7371,0.276413
27.8906,0.278171
28.0459,0.279949
28.2029,0.281745
28.3613,0.283559
28.5211,0.285388
28.6822,0.287232
28.8444,0.289089
29.0076,0.290958
29.1716,0.292836
29.3364,0.294722
29.5018,0.296616
29.6676,0.298514
29.8337,0.300416
30,0.302319
30.1663,0.304222
-0.0397757,0.476482
0,0.476482
0.0397757,0.476482
0.0795531,0.476482
0.119332,0.476482
0.159113,0.476482
0.198895,0.476482
0.238679,0.476482
0.278465,0.476482
0.318252,0.476482
0.358041,0.476482
0.397832,0.476482
0.437624,0.476482
0.477418,0.476482
0.517214,0.476482
0.557011,0.476482
0.59681,0.476482
0.636611,0.476482
0.676413,0.476482
0.716217,0.476482
0.756022,0.476482
0.795829,0.476482
0.835638,0.476482
0.875448,0.476482
0.91526,0.476482
0.955073,0.476482
0.994888,0.476482
1.0347,0.476482
1.07452,0.476482
1.11434,0.476482
1.15416,0.476482
1.19399,0.476482
1.23381,0.476482
1.27364,0.476482
1.31347,0.476482
1.3533,0.476482
1.39313,0.476482
1.43296,0.476482
1.47279,0.476482
1.51263,0.476482
1.55247,0.476482
1.59231,0.476482
1.63215,0.476482
1.67199,0.476482
1.71183,0.476482
1.75168,0.476482
1.79152,0.476482
1.83137,0.476482
1.87122,0.476482
1.91107,0.476482
1.95092,0.476482
1.99078,0.476482
2.03063,0.476482
2.07049,0.476482
2.11035,0.476482
2.15021,0.476482
2.19007,0.476482
2.22994,0.476482
2.2698,0.476482
2.30967,0.476482
2.34954,0.476482
2.38941,0.476482
2.42928,0.476482
2.46915,0.476482
2.50902,0.476482
2.5489,0.476482
2.58878,0.476482
2.62865,0.476482
2.66853,0.476482
2.70842,0.476482
2.7483,0.476482
2.78818,0.476482
2.82807,0.476482
2.86796,0.476482
2.90785,0.476482
2.94774,0.476482
2.98763,0.476482
3.02752,0.476482
3.06742,0.476482
3.10731,0.476482
3.14721,0.476482
3.18711,0.476482
3.22701,0.476482
3.26691,0.476482
3.30681,0.476482
3.34672,0.476482
3.38663,0.476482
3.42653,0.474771
3.46644,0.473059
3.50635,0.471348
3.54627,0.469636
3.58618,0.467925
3.62609,0.466213
3.66601,0.464501
3.70593,0.462789
3.74585,0.461078
3.78577,0.459366
3.82569,0.457654
3.86561,0.455942
3.90554,0.45423
3.94546,0.452517
3.98539,0.450805
4.02532,0.449093
4.06525,0.447381
4.10518,0.445668
4.14511,0.443956
4.18505,0.442243
4.22499,0.440531
4.26492,0.438818
4.30486,0.437105
4.3448,0.435393
4.38474,0.43368
4.42468,0.431967
4.46463,0.430254
4.50457,0.428541
4.54452,0.426828
4.58447,0.425115
4.62442,0.423402
4.66437,0.421688
4.70432,0.419975
4.74427,0.418262
4.78423,0.416549
4.82419,0.414835
4.86414,0.413122
4.9041,0.411408
4.94406,0.409694
4.98402,0.407981
5.02399,0.406267
5.06395,0.404553
5.10392,0.402839
5.14388,0.401125
5.18385,0.399412
5.22382,0.397698
5.26379,0.395983
5.30376,0.394269
5.34373,0.392555
5.38371,0.390841
5.42369,0.389127
5.46366,0.387412
5.50364,0.385698
5.54362,0.383983
5.5836,0.382269
5.62358,0.380554
5.66357,0.37884
5.70355,0.377125
5.74354,0.369471
5.78352,0.361816
5.82351,0.354161
5.8635,0.346506
5.90349,0.338851
5.94349,0.331195
5.98348,0.32354
6.02347,0.315884
6.06347,0.308227
6.10347,0.300571
6.14347,0.292914
6.18347,0.285257
6.22347,0.2776
6.26347,0.269943
6.30347,0.262285
6.34348,0.254627
6.38348,0.246969
6.42349,0.239311
6.4635,0.233368
6.50351,0.227424
6.54352,0.221481
6.58353,0.215538
6.62354,0.209594
6.66356,0.20365
6.70357,0.197706
6.74359,0.191762
6.78361,0.185818
6.82363,0.179873
6.86365,0.173929
6.90367,0.167984
6.94369,0.162039
6.98372,0.156093
7.02374,0.150148
7.06377,0.144202
7.1038,0.138257
7.14382,0.132311
7.18385,0.126365
7.22388,0.120418
7.26392,0.114472
7.30395,0.108525
7.34398,0.108525
7.38402,0.108525
7.42406,0.108525
7.46409,0.108525
7.50413,0.108525
7.54417,0.108525
7.58421,0.108525
7.62426,0.108525
7.6643,0.108525
7.70434,0.108525
7.74439,0.108525
7.78444,0.108525
7.82448,0.108525
7.86453,0.108525
7.90458,0.108525
7.94464,0.108525
7.98469,0.108525
8.02474,0.108525
8.0648,0.108525
8.10485,0.108525
8.14491,0.108525
8.18497,0.108525
8.22503,0.108525
8.26509,0.108525
8.30515,0.108525
8.34521,0.108525
8.38527,0.108525
8.42534,0.108525
8.4654,0.108525
8.50547,0.108525
8.54554,0.108525
8.5856,0.108525
8.62567,0.108525
8.66574,0.108525
8.70582,0.108525
8.74589,0.108525
8.78596,0.108525
8.82604,0.108525
8.86611,0.108525
8.90619,0.108525
8.94627,0.108525
8.98635,0.108525
9.02643,0.108525
9.06651,0.108525
9.10659,0.108525
9.14668,0.108525
9.18676,0.108525
9.22684,0.108525
9.26693,0.108525
9.30702,0.108525
9.34711,0.108525
9.3872,0.108525
9.42729,0.108525
9.46738,0.108525
9.50747,0.108525
9.54756,0.108525
9.58766,0.108525
9.62775,0.108525
9.66785,0.108525
9.70795,0.108525
9.74804,0.108525
9.78814,0.108525
9.82824,0.108525
9.86834,0.108525
9.90845,0.108525
9.94855,0.108525
9.98865,0.108525
10.0288,0.108525
10.0689,0.108525
10.109,0.108525
10.1491,0.108525
10.1892,0.108525
10.2293,0.108525
10.2694,0.108525
10.3095,0.108525
10.3496,0.108525
10.3897,0.108525
10.4299,0.108525
10.47,0.108525
10.5101,0.108525
10.5502,0.108525
10.5903,0.108525
10.6304,0.108525
10.6706,0.108525
10.7107,0.108525
10.7508,0.108525
10.7909,0.108525
10.8311,0.108525
10.8712,0.108525
10.9113,0.108525
10.9514,0.108525
10.9916,0.108525
11.0317,0.108525
11.0718,0.108525
11.1119,0.108525
11.1521,0.108525
11.1922,0.108525
11.2323,0.108525
11.2725,0.108525
11.3126,0.108525
11.3527,0.108525
11.3929,0.108525
11.433,0.108525
11.4732,0.108525
11.5133,0.108525
11.5534,0.108525
11.5936,0.108525
11.6337,0.108525
11.6739,0.108525
11.714,0.108525
11.7541,0.109062
11.7943,0.109598
11.8344,0.110134
11.8746,0.110671
11.9147,0.111207
11.9549,0.111744
11.995,0.11228
12.0352,0.112817
12.0753,0.113353
12.1155,0.11389
12.1556,0.114426
12.1958,0.114963
12.2359,0.115499
12.2761,0.116036
12.3162,0.116572
12.3564,0.117109
12.3965,0.117646
12.4367,0.118182
12.4769,0.118719
12.517,0.119255
12.5572,0.119792
12.5973,0.120329
12.6375,0.120865
12.6777,0.121402
12.7178,0.121939
12.758,0.122475
12.7981,0.123012
12.8383,0.123549
12.8785,0.124085
12.9186,0.124622
12.9588,0.125159
12.999,0.125695
13.0391,0.126232
13.0793,0.126769
13.1195,0.127306
13.1597,0.127842
13.1998,0.128379
13.24,0.128916
13.2802,0.129453
13.3203,0.12999
13.3605,0.130526
13.4007,0.131063
13.4409,0.1316
13.481,0.132137
13.5212,0.132674
13.5614,0.133211
13.6016,0.133747
13.6418,0.134284
13.6819,0.134821
13.7221,0.135358
13.7623,0.135895
13.8025,0.136432
13.8427,0.136969
13.8829,0.137506
13.923,0.138043
13.9632,0.13858
14.0034,0.139117
14.0436,0.139654
14.0838,0.140191
14.124,0.140728
14.1642,0.141265
14.2043,0.141802
14.2445,0.142339
14.2847,0.142876
14.3249,0.143413
14.3651,0.14395
14.4053,0.144487
14.4455,0.145024
14.4857,0.145561
14.5259,0.146098
14.5661,0.146635
14.6063,0.147172
14.6465,0.147709
14.6867,0.148246
14.7269,0.148783
14.7671,0.149321
14.8073,0.149858
14.8474,0.150395
14.8876,0.150932
14.9278,0.151469
14.968,0.152006
15.0083,0.152544
15.0485,0.153081
15.0887,0.153618
15.1289,0.154155
15.1691,0.154692
15.2093,0.15523
15.2495,0.155767
15.2897,0.156304
15.3299,0.156841
15.3701,0.157378
15.4103,0.157916
15.4505,0.158453
15.4907,0.15899
15.5309,0.159527
15.5711,0.160065
15.6113,0.160602
15.6515,0.161139
15.6918,0.161677
15.732,0.162214
15.7722,0.162751
15.8124,0.163289
15.8526,0.163826
15.8928,0.164363
15.933,0.164901
15.9732,0.165438
16.0135,0.165975
16.0537,0.166513
16.0939,0.16705
16.1341,0.167587
16.1743,0.168125
16.2145,0.168662
16.2548,0.1692
16.295,0.169737
16.3352,0.170274
16.3754,0.170812
16.4156,0.171349
16.4559,0.171887
16.4961,0.172424
16.5363,0.172962
16.5765,0.173499
16.6168,0.174037
16.657,0.174574
16.6972,0.175111
16.7374,0.175649
16.7776,0.176186
16.8179,0.176724
16.8581,0.177261
16.8983,0.177799
16.9385,0.178336
16.9788,0.178874
17.019,0.179411
17.0592,0.179949
17.0995,0.180487
17.1397,0.181024
17.1799,0.181562
17.2201,0.182099
17.2604,0.182637
17.3006,0.183174
17.3408,0.183712
17.3811,0.184249
17.4213,0.184787
17.4615,0.185325
17.5018,0.185862
17.542,0.1864
17.5822,0.186937
17.6225,0.187475
17.6627,0.188013
17.7029,0.18855
17.7432,0.189088
17.7834,0.189625
17.8236,0.190163
17.8639,0.190701
17.9041,0.191238
17.9443,0.191776
17.9846,0.192314
18.0248,0.192851
18.0651,0.193389
18.1053,0.193927
18.1455,0.194464
18.1858,0.195002
18.226,0.19554
18.2663,0.196077
18.3065,0.196615
18.3467,0.197153
18.387,0.19769
18.4272,0.198228
18.4675,0.198766
18.5077,0.199304
18.5479,0.199841
18.5882,0.200379
18.6284,0.200917
18.6687,0.201455
18.7089,0.201992
18.7492,0.20253
18.7894,0.203068
18.8296,0.203605
18.8699,0.204143
18.9101,0.204681
18.9504,0.205219
18.9906,0.205757
19.0309,0.206294
19.0711,0.206832
19.1114,0.20737
19.1516,0.207908
19.1919,0.208445
19.2321,0.208983
19.2724,0.209521
19.3126,0.210059
19.3528,0.210597
19.3931,0.211134
19.4333,0.211672
19.4736,0.21221
19.5138,0.212748
19.5541,0.213286
19.5943,0.213823
19.6346,0.214361
19.6748,0.214899
19.7151,0.215437
19.7553,0.215975
19.7956,0.216513
19.8358,0.21705
19.8761,0.217588
19.9163,0.218126
19.9566,0.218664
19.9969,0.219202
20.0371,0.21974
20.0774,0.220278
20.1176,0.220815
20.1579,0.221353
20.1981,0.221891
20.2384,0.222429
20.2786,0.222967
20.3189,0.223505
20.3591,0.224043
20.3994,0.224581
20.4396,0.225118
20.4799,0.225656
20.5201,0.226194
20.5604,0.226732
20.6007,0.22727
20.6409,0.227808
20.6812,0.228346
20.7214,0.228884
20.7617,0.229422
20.8019,0.22996
20.8422,0.230497
20.8825,0.231035
20.9227,0.231573
20.963,0.232111
21.0032,0.232649
21.0435,0.233187
21.0837,0.233725
21.124,0.234263
21.1643,0.234801
21.2045,0.235339
21.2448,0.235877
21.285,0.236415
21.3253,0.236953
21.3655,0.237491
21.4058,0.238028
21.4461,0.238566
21.4863,0.239104
21.5266,0.239642
21.5668,0.24018
21.6071,0.240718
21.6474,0.241256
21.6876,0.241794
21.7279,0.242332
21.7681,0.24287
21.8084,0.243408
21.8487,0.243946
21.8889,0.244484
21.9292,0.245022
21.9694,0.24556
22.0097,0.246098
22.05,0.246636
22.0902,0.247174
22.1305,0.247712
22.1707,0.24825
22.211,0.248788
22.2513,0.249325
22.2915,0.249863
22.3318,0.250401
22.372,0.250939
22.4123,0.251477
22.4526,0.252015
22.4928,0.252553
22.5331,0.253091
22.5733,0.253629
22.6136,0.254167
22.6539,0.254705
22.6941,0.255243
22.7344,0.255781
22.7746,0.256319
22.8149,0.256857
22.8552,0.257395
22.8954,0.257933
22.9357,0.258471
22.9759,0.259009
23.0162,0.259547
23.0565,0.260085
23.0967,0.260623
23.137,0.261161
23.1787,0.261719
23.222,0.262297
23.2669,0.262897
23.3135,0.263519
23.3617,0.264163
23.4116,0.26483
23.4633,0.265522
23.5169,0.266237
23.5723,0.266978
23.6297,0.267744
23.689,0.268537
23.7504,0.269357
23.8138,0.270205
23.8794,0.271081
23.9471,0.271986
24.0171,0.272921
24.0893,0.273886
24.1638,0.274881
24.2407,0.275908
24.3199,0.276967
24.4016,0.278059
24.4858,0.279183
24.5724,0.280341
24.6616,0.281533
24.7534,0.28276
24.8478,0.284021
24.9448,0.285317
25.0444,0.286648
25.1467,0.288015
25.2517,0.289417
25.3593,0.290856
25.4697,0.29233
25.5827,0.293841
25.6984,0.295387
25.8168,0.296969
25.9379,0.298587
26.0616,0.30024
26.1879,0.301928
26.3168,0.30365
26.4483,0.305407
26.5823,0.307197
26.7187,0.30902
26.8575,0.310875
26.9987,0.312762
27.1422,0.314679
27.2878,0.316625
27.4356,0.318599
27.5854,0.320601
27.7371,0.322628
27.8906,0.32468
28.0459,0.326755
28.2029,0.328852
28.3613,0.330968
28.5211,0.333104
28.6822,0.335256
28.8444,0.337424
29.0076,0.339604
29.1716,0.341797
29.3364,0.343999
29.5018,0.346209
29.6676,0.348424
29.8337,0.350644
30,0.352865
30.1663,0.355087
-0.0397757,0.506562
0,0.506562
0.0397757,0.506562
0.0795531,0.506562
0.119332,0.506562
0.159113,0.506562
0.198895,0.506562
0.238679,0.506562
0.278465,0.506562
0.318252,0.506562
0.358041,0.506562
0.397832,0.506562
0.437624,0.506562
0.477418,0.506562
0.517214,0.506562
0.557011,0.506562
0.59681,0.506562
0.636611,0.506562
0.676413,0.506562
0.716217,0.506562
0.756022,0.506562
0.795829,0.506562
0.835638,0.506562
0.875448,0.506562
0.91526,0.506562
0.955073,0.506562
0.994888,0.506562
1.0347,0.506562
1.07452,0.506562
1.11434,0.506562
1.15416,0.506562
1.19399,0.506562
1.23381,0.506562
1.27364,0.506562
1.31347,0.506562
1.3533,0.506562
1.39313,0.506562
1.43296,0.506562
1.47279,0.506562
1.51263,0.506562
1.55247,0.506562
1.59231,0.506562
1.63215,0.506562
1.67199,0.506562
1.71183,0.506562
1.75168,0.506562
1.79152,0.506562
1.83137,0.506562
1.87122,0.506562
1.91107,0.506562
1.95092,0.506562
1.99078,0.506562
2.03063,0.506562
2.07049,0.506562
2.11035,0.506562
2.15021,0.506562
2.19007,0.506562
2.22994,0.506562
2.2698,0.506562
2.30967,0.506562
2.34954,0.506562
2.38941,0.506562
2.42928,0.506562
2.46915,0.506562
2.50902,0.506562
2.5489,0.506562
2.58878,0.506562
2.62865,0.506562
2.66853,0.506562
2.70842,0.506562
2.7483,0.506562
2.78818,0.506562
2.82807,0.506562
2.86796,0.506562
2.90785,0.506562
2.94774,0.506562
2.98763,0.506562
3.02752,0.506562
3.06742,0.506562
3.10731,0.506562
3.14721,0.506562
3.18711,0.506562
3.22701,0.506562
3.26691,0.506562
3.30681,0.506562
3.34672,0.506562
3.38663,0.506562
3.42653,0.504605
3.46644,0.502648
3.50635,0.500692
3.54627,0.498735
3.58618,0.496778
3.62609,0.494821
3.66601,0.492863
3.70593,0.490906
3.74585,0.488949
3.78577,0.486992
3.82569,0.485034
3.86561,0.483077
3.90554,0.481119
3.94546,0.479162
3.98539,0.477204
4.02532,0.475246
4.06525,0.473288
4.10518,0.47133
4.14511,0.469372
4.18505,0.467414
4.22499,0.465456
4.26492,0.463498
4.30486,0.46154
4.3448,0.459582
4.38474,0.457623
4.42468,0.455665
4.46463,0.453706
4.50457,0.451748
4.54452,0.449789
4.58447,0.44783
4.62442,0.445872
4.66437,0.443913
4.70432,0.441954
4.74427,0.439995
4.78423,0.438036
4.82419,0.436077
4.86414,0.434118
4.9041,0.432159
4.94406,0.430199
4.98402,0.42824
5.02399,0.426281
5.06395,0.424321
5.10392,0.422362
5.14388,0.420402
5.18385,0.418442
5.22382,0.416483
5.26379,0.414523
5.30376,0.412563
5.34373,0.410603
5.38371,0.408643
5.42369,0.406683
5.46366,0.404723
5.50364,0.402763
5.54362,0.400802
5.5836,0.398842
5.62358,0.396882
5.66357,0.394921
5.70355,0.392961
5.74354,0.385164
5.78352,0.377367
5.82351,0.369571
5.8635,0.361773
5.90349,0.353976
5.94349,0.346178
5.98348,0.33838
6.02347,0.330582
6.06347,0.322783
6.10347,0.314985
6.14347,0.307186
6.18347,0.299387
6.22347,0.291587
6.26347,0.283788
6.30347,0.275988
6.34348,0.268187
6.38348,0.260387
6.42349,0.252587
6.4635,0.246747
6.50351,0.240908
6.54352,0.235068
6.58353,0.229229
6.62354,0.223389
6.66356,0.217549
6.70357,0.211708
6.74359,0.205868
6.78361,0.200027
6.82363,0.194187
6.86365,0.188346
6.90367,0.182504
6.94369,0.176663
6.98372,0.170822
7.02374,0.16498
7.06377,0.159138
7.1038,0.153296
7.14382,0.147454
7.18385,0.141612
7.22388,0.135769
7.26392,0.129927
7.30395,0.124084
7.34398,0.124084
7.38402,0.124084
7.42406,0.124084
7.46409,0.124084
7.50413,0.124084
7.54417,0.124084
7.58421,0.124084
7.62426,0.124084
7.6643,0.124084
7.70434,0.124084
7.74439,0.124084
7.78444,0.124084
7.82448,0.124084
7.86453,0.124084
7.90458,0.124084
7.94464,0.124084
7.98469,0.124084
8.02474,0.124084
8.0648,0.124084
8.10485,0.124084
8.14491,0.124084
8.18497,0.124084
8.22503,0.124084
8.26509,0.124084
8.30515,0.124084
8.34521,0.124084
8.38527,0.124084
8.42534,0.124084
8.4654,0.124084
8.50547,0.124084
8.54554,0.124084
8.5856,0.124084
8.62567,0.124084
8.66574,0.124084
8.70582,0.124084
8.74589,0.124084
8.78596,0.124084
8.82604,0.124084
8.86611,0.124084
8.90619,0.124084
8.94627,0.124084
8.98635,0.124084
9.02643,0.124084
9.06651,0.124084
9.10659,0.124084
9.14668,0.124084
9.18676,0.124084
9.22684,0.124084
9.26693,0.124084
9.30702,0.124084
9.34711,0.124084
9.3872,0.124084
9.42729,0.124084
9.46738,0.124084
9.50747,0.124084
9.54756,0.124084
9.58766,0.124084
9.62775,0.124084
9.66785,0.124084
9.70795,0.124084
9.74804,0.124084
9.78814,0.124084
9.82824,0.124084
9.86834,0.124084
9.90845,0.124084
9.94855,0.124084
9.98865,0.124084
10.0288,0.124084
10.0689,0.124084
10.109,0.124084
10.1491,0.124084
10.1892,0.124084
10.2293,0.124084
10.2694,0.124084
10.3095,0.124084
10.3496,0.124084
10.3897,0.124084
10.4299,0.124084
10.47,0.124084
10.5101,0.124084
10.5502,0.124084
10.5903,0.124084
10.6304,0.124084
10.6706,0.124084
10.7107,0.124084
10.7508,0.124084
10.7909,0.124084
10.8311,0.124084
10.8712,0.124084
10.9113,0.124084
10.9514,0.124084
10.9916,0.124084
11.0317,0.124084
11.0718,0.124084
11.1119,0.124084
11.1521,0.124084
11.1922,0.124084
11.2323,0.124084
11.2725,0.124084
11.3126,0.124084
11.3527,0.124084
11.3929,0.124084
11.433,0.124084
11.4732,0.124084
11.5133,0.124084
11.5534,0.124084
11.5936,0.124084
11.6337,0.124084
11.6739,0.124084
11.714,0.124084
11.7541,0.124697
11.7943,0.12531
11.8344,0.125924
11.8746,0.126537
11.9147,0.12715
11.9549,0.127764
11.995,0.128377
12.0352,0.128991
12.0753,0.129604
12.1155,0.130217
12.1556,0.130831
12.1958,0.131444
12.2359,0.132058
12.2761,0.132671
12.3162,0.133285
12.3564,0.133898
12.3965,0.134512
12.4367,0.135125
12.4769,0.135739
12.517,0.136352
12.5572,0.136966
12.5973,0.137579
12.6375,0.138193
12.6777,0.138806
12.7178,0.13942
12.758,0.140034
12.7981,0.140647
12.8383,0.141261
12.8785,0.141874
12.9186,0.142488
12.9588,0.143102
12.999,0.143715
13.0391,0.144329
13.0793,0.144943
13.1195,0.145557
13.1597,0.14617
13.1998,0.146784
13.24,0.147398
13.2802,0.148012
13.3203,0.148625
13.3605,0.149239
13.4007,0.149853
13.4409,0.150467
13.481,0.15108
13.5212,0.151694
13.5614,0.152308
13.6016,0.152922
13.6418,0.153536
13.6819,0.15415
13.7221,0.154764
13.7623,0.155377
13.8025,0.155991
13.8427,0.156605
13.8829,0.157219
13.923,0.157833
13.9632,0.158447
14.0034,0.159061
14.0436,0.159675
14.0838,0.160289
14.124,0.160903
14.1642,0.161517
14.2043,0.162131
14.2445,0.162745
14.2847,0.163359
14.3249,0.163973
14.3651,0.164587
14.4053,0.165201
14.4455,0.165815
14.4857,0.166429
14.5259,0.167043
14.5661,0.167657
14.6063,0.168271
14.6465,0.168885
14.6867,0.169499
14.7269,0.170114
14.7671,0.170728
14.8073,0.171342
14.8474,0.171956
14.8876,0.17257
14.9278,0.173184
14.968,0.173798
15.0083,0.174413
15.0485,0.175027
15.0887,0.175641
15.1289,0.176255
15.1691,0.176869
15.2093,0.177484
15.2495,0.178098
15.2897,0.178712
15.3299,0.179326
15.3701,0.179941
15.4103,0.180555
15.4505,0.181169
15.4907,0.181784
15.5309,0.182398
15.5711,0.183012
15.6113,0.183626
15.6515,0.184241
15.6918,0.184855
15.732,0.185469
15.7722,0.186084
15.8124,0.186698
15.8526,0.187313
15.8928,0.187927
15.933,0.188541
15.9732,0.189156
16.0135,0.18977
16.0537,0.190384
16.0939,0.190999
16.1341,0.191613
16.1743,0.192228
16.2145,0.192842
16.2548,0.193457
16.295,0.194071
16.3352,0.194686
16.3754,0.1953
16.4156,0.195914
16.4559,0.196529
16.4961,0.197143
16.5363,0.197758
16.5765,0.198372
16.6168,0.198987
16.657,0.199601
16.6972,0.200216
16.7374,0.200831
16.7776,0.201445
16.8179,0.20206
16.8581,0.202674
16.8983,0.203289
16.9385,0.203903
16.9788,0.204518
17.019,0.205132
17.0592,0.205747
17.0995,0.206362
17.1397,0.206976
17.1799,0.207591
17.2201,0.208205
17.2604,0.20882
17.3006,0.209435
17.3408,0.210049
17.3811,0.210664
17.4213,0.211279
17.4615,0.211893
17.5018,0.212508
17.542,0.213123
17.5822,0.213737
17.6225,0.214352
17.6627,0.214967
17.7029,0.215581
17.7432,0.216196
17.7834,0.216811
17.8236,0.217425
17.8639,0.21804
17.9041,0.218655
17.9443,0.21927
17.9846,0.219884
18.0248,0.220499
18.0651,0.221114
18.1053,0.221729
18.1455,0.222343
18.1858,0.222958
18.226,0.223573
18.2663,0.224188
18.3065,0.224802
18.3467,0.225417
18.387,0.226032
18.4272,0.226647
18.4675,0.227262
18.5077,0.227876
18.5479,0.228491
18.5882,0.229106
18.6284,0.229721
18.6687,0.230336
18.7089,0.23095
18.7492,0.231565
18.7894,0.23218
18.8296,0.232795
18.8699,0.23341
18.9101,0.234025
18.9504,0.23464
18.9906,0.235254
19.0309,0.235869
19.0711,0.236484
19.1114,0.237099
19.1516,0.237714
19.1919,0.238329
19.2321,0.238944
19.2724,0.239559
19.3126,0.240173
19.3528,0.240788
19.3931,0.241403
19.4333,0.242018
19.4736,0.242633
19.5138,0.243248
19.5541,0.243863
19.5943,0.244478
19.6346,0.245093
19.6748,0.245708
19.7151,0.246323
19.7553,0.246938
19.7956,0.247553
19.8358,0.248168
19.8761,0.248782
19.9163,0.249397
19.9566,0.250012
19.9969,0.250627
20.0371,0.251242
20.0774,0.251857
20.1176,0.252472
20.1579,0.253087
20.1981,0.253702
20.2384,0.254317
20.2786,0.254932
20.3189,0.255547
20.3591,0.256162
20.3994,0.256777
20.4396,0.257392
20.4799,0.258007
20.5201,0.258622
20.5604,0.259237
20.6007,0.259852
20.6409,0.260467
20.6812,0.261082
20.7214,0.261697
20.7617,0.262312
20.8019,0.262927
20.8422,0.263542
20.8825,0.264157
20.9227,0.264772
20.963,0.265387
21.0032,0.266002
21.0435,0.266617
21.0837,0.267233
21.124,0.267848
21.1643,0.268463
21.2045,0.269078
21.2448,0.269693
21.285,0.270308
21.3253,0.270923
21.3655,0.271538
21.4058,0.272153
21.4461,0.272768
21.4863,0.273383
21.5266,0.273998
21.5668,0.274613
21.6071,0.275228
21.6474,0.275843
21.6876,0.276458
21.7279,0.277073
21.7681,0.277689
21.8084,0.278304
21.8487,0.278919
21.8889,0.279534
21.9292,0.280149
21.9694,0.280764
22.0097,0.281379
22.05,0.281994
22.0902,0.282609
22.1305,0.283224
22.1707,0.283839
22.211,0.284454
22.2513,0.28507
22.2915,0.285685
22.3318,0.2863
22.372,0.286915
22.4123,0.28753
22.4526,0.288145
22.4928,0.28876
22.5331,0.289375
22.5733,0.28999
22.6136,0.290605
22.6539,0.29122
22.6941,0.291836
22.7344,0.292451
22.7746,0.293066
22.8149,0.293681
22.8552,0.294296
22.8954,0.294911
22.9357,0.295526
22.9759,0.296141
23.0162,0.296756
23.0565,0.297371
23.0967,0.297987
23.137,0.298602
23.1787,0.29924
23.222,0.299901
23.2669,0.300587
23.3135,0.301298
23.3617,0.302034
23.4116,0.302797
23.4633,0.303588
23.5169,0.304406
23.5723,0.305253
23.6297,0.306129
23.689,0.307036
23.7504,0.307973
23.8138,0.308942
23.8794,0.309944
23.9471,0.310979
24.0171,0.312047
24.0893,0.313151
24.1638,0.314289
24.2407,0.315463
24.3199,0.316674
24.4016,0.317922
24.4858,0.319208
24.5724,0.320532
24.6616,0.321895
24.7534,0.323297
24.8478,0.324739
24.9448,0.32622
25.0444,0.327743
25.1467,0.329305
25.2517,0.330909
25.3593,0.332554
25.4697,0.33424
25.5827,0.335967
25.6984,0.337735
25.8168,0.339543
25.9379,0.341393
26.0616,0.343283
26.1879,0.345213
26.3168,0.347183
26.4483,0.349191
26.5823,0.351238
26.7187,0.353322
26.8575,0.355443
26.9987,0.3576
27.1422,0.359792
27.2878,0.362017
27.4356,0.364274
27.5854,0.366563
27.7371,0.368881
27.8906,0.371227
28.0459,0.373599
28.2029,0.375997
28.3613,0.378417
28.5211,0.380859
28.6822,0.38332
28.8444,0.385798
29.0076,0.388291
29.1716,0.390798
29.3364,0.393315
29.5018,0.395842
29.6676,0.398375
29.8337,0.400913
30,0.403453
30.1663,0.405993
-0.0397757,0.536665
0,0.536665
0.0397757,0.536665
0.0795531,0.536665
0.119332,0.536665
0.159113,0.536665
0.198895,0.536665
0.238679,0.536665
0.278465,0.536665
0.318252,0.536665
0.358041,0.536665
0.397832,0.536665
0.437624,0.536665
0.477418,0.536665
0.517214,0.536665
0.557011,0.536665
0.59681,0.536665
0.636611,0.536665
0.676413,0.536665
0.716217,0.536665
0.756022,0.536665
0.795829,0.536665
0.835638,0.536665
0.875448,0.536665
0.91526,0.536665
0.955073,0.536665
0.994888,0.536665
1.0347,0.536665
1.07452,0.536665
1.11434,0.536665
1.15416,0.536665
1.19399,0.536665
1.23381,0.536665
1.27364,0.536665
1.31347,0.536665
1.3533,0.536665
1.39313,0.536665
1.43296,0.536665
1.47279,0.536665
1.51263,0.536665
1.55247,0.536665
1.59231,0.536665
1.63215,0.536665
1.67199,0.536665
1.71183,0.536665
1.75168,0.536665
1.79152,0.536665
1.83137,0.536665
1.87122,0.536665
1.91107,0.536665
1.95092,0.536665
1.99078,0.536665
2.03063,0.536665
2.07049,0.536665
2.11035,0.536665
2.15021,0.536665
2.19007,0.536665
2.22994,0.536665
2.2698,0.536665
2.30967,0.536665
2.34954,0.536665
2.38941,0.536665
2.42928,0.536665
2.46915,0.536665
2.50902,0.536665
2.5489,0.536665
2.58878,0.536665
2.62865,0.536665
2.66853,0.536665
2.70842,0.536665
2.7483,0.536665
2.78818,0.536665
2.82807,0.536665
2.86796,0.536665
2.90785,0.536665
2.94774,0.536665
2.98763,0.536665
3.02752,0.536665
3.06742,0.536665
3.10731,0.536665
3.14721,0.536665
3.18711,0.536665
3.22701,0.536665
3.26691,0.536665
3.30681,0.536665
3.34672,0.536665
3.38663,0.536665
3.42653,0.534463
3.46644,0.532261
3.50635,0.530058
3.54627,0.527856
3.58618,0.525653
3.62609,0.523451
3.66601,0.521248
3.70593,0.519045
3.74585,0.516842
3.78577,0.514639
3.82569,0.512436
3.86561,0.510233
3.90554,0.50803
3.94546,0.505827
3.98539,0.503623
4.02532,0.50142
4.06525,0.499216
4.10518,0.497013
4.14511,0.494809
4.18505,0.492605
4.22499,0.490402
4.26492,0.488198
4.30486,0.485994
4.3448,0.48379
4.38474,0.481586
4.42468,0.479381
4.46463,0.477177
4.50457,0.474973
4.54452,0.472768
4.58447,0.470564
4.62442,0.468359
4.66437,0.466155
4.70432,0.46395
4.74427,0.461745
4.78423,0.45954
4.82419,0.457336
4.86414,0.455131
4.9041,0.452925
4.94406,0.45072
4.98402,0.448515
5.02399,0.44631
5.06395,0.444104
5.10392,0.441899
5.14388,0.439694
5.18385,0.437488
5.22382,0.435282
5.26379,0.433077
5.30376,0.430871
5.34373,0.428665
5.38371,0.426459
5.42369,0.424253
5.46366,0.422047
5.50364,0.419841
5.54362,0.417634
5.5836,0.415428
5.62358,0.413222
5.66357,0.411015
5.70355,0.408809
5.74354,0.40087
5.78352,0.392931
5.82351,0.384992
5.8635,0.377052
5.90349,0.369112
5.94349,0.361172
5.98348,0.353232
6.02347,0.345292
6.06347,0.337351
6.10347,0.32941
6.14347,0.321469
6.18347,0.313527
6.22347,0.305585
6.26347,0.297643
6.30347,0.289701
6.34348,0.281759
6.38348,0.273816
6.42349,0.265873
6.4635,0.260138
6.50351,0.254402
6.54352,0.248666
6.58353,0.24293
6.62354,0.237194
6.66356,0.231458
6.70357,0.225721
6.74359,0.219985
6.78361,0.214248
6.82363,0.208511
6.86365,0.202774
6.90367,0.197037
6.94369,0.191299
6.98372,0.185562
7.02374,0.179824
7.06377,0.174086
7.1038,0.168348
7.14382,0.162609
7.18385,0.156871
7.22388,0.151132
7.26392,0.145393
7.30395,0.139655
7.34398,0.139655
7.38402,0.139655
7.42406,0.139655
7.46409,0.139655
7.50413,0.139655
7.54417,0.139655
7.58421,0.139655
7.62426,0.139655
7.6643,0.139655
7.70434,0.139655
7.74439,0.139655
7.78444,0.139655
7.82448,0.139655
7.86453,0.139655
7.90458,0.139655
7.94464,0.139655
7.98469,0.139655
8.02474,0.139655
8.0648,0.139655
8.10485,0.139655
8.14491,0.139655
8.18497,0.139655
8.22503,0.139655
8.26509,0.139655
8.30515,0.139655
8.34521,0.139655
8.38527,0.139655
8.42534,0.139655
8.4654,0.139655
8.50547,0.139655
8.54554,0.139655
8.5856,0.139655
8.62567,0.139655
8.66574,0.139655
8.70582,0.139655
8.74589,0.139655
8.78596,0.139655
8.82604,0.139655
8.86611,0.139655
8.90619,0.139655
8.94627,0.139655
8.98635,0.139655
9.02643,0.139655
9.06651,0.139655
9.10659,0.139655
9.14668,0.139655
9.18676,0.139655
9.22684,0.139655
9.26693,0.139655
9.30702,0.139655
9.34711,0.139655
9.3872,0.139655
9.42729,0.139655
9.46738,0.139655
9.50747,0.139655
9.54756,0.139655
9.58766,0.139655
9.62775,0.139655
9.66785,0.139655
9.70795,0.139655
9.74804,0.139655
9.78814,0.139655
9.82824,0.139655
9.86834,0.139655
9.90845,0.139655
9.94855,0.139655
9.98865,0.139655
10.0288,0.139655
10.0689,0.139655
10.109,0.139655
10.1491,0.139655
10.1892,0.139655
10.2293,0.139655
10.2694,0.139655
10.3095,0.139655
10.3496,0.139655
10.3897,0.139655
10.4299,0.139655
10.47,0.139655
10.5101,0.139655
10.5502,0.139655
10.5903,0.139655
10.6304,0.139655
10.6706,0.139655
10.7107,0.139655
10.7508,0.139655
10.7909,0.139655
10.8311,0.139655
10.8712,0.139655
10.9113,0.139655
10.9514,0.139655
10.9916,0.139655
11.0317,0.139655
11.0718,0.139655
11.1119,0.139655
11.1521,0.139655
11.1922,0.139655
11.2323,0.139655
11.2725,0.139655
11.3126,0.139655
11.3527,0.139655
11.3929,0.139655
11.433,0.139655
11.4732,0.139655
11.5133,0.139655
11.5534,0.139655
11.5936,0.139655
11.6337,0.139655
11.6739,0.139655
11.714,0.139655
11.7541,0.140345
11.7943,0.141035
11.8344,0.141725
11.8746,0.142416
11.9147,0.143106
11.9549,0.143796
11.995,0.144487
12.0352,0.145177
12.0753,0.145867
12.1155,0.146558
12.1556,0.147248
12.1958,0.147939
12.2359,0.148629
12.2761,0.149319
12.3162,0.15001
12.3564,0.1507
12.3965,0.151391
12.4367,0.152081
12.4769,0.152772
12.517,0.153462
12.5572,0.154153
12.5973,0.154844
12.6375,0.155534
12.6777,0.156225
12.7178,0.156915
12.758,0.157606
12.7981,0.158296
12.8383,0.158987
12.8785,0.159678
12.9186,0.160368
12.9588,0.161059
12.999,0.16175
13.0391,0.16244
13.0793,0.163131
13.1195,0.163822
13.1597,0.164513
13.1998,0.165203
13.24,0.165894
13.2802,0.166585
13.3203,0.167276
13.3605,0.167966
13.4007,0.168657
13.4409,0.169348
13.481,0.170039
13.5212,0.17073
13.5614,0.171421
13.6016,0.172111
13.6418,0.172802
13.6819,0.173493
13.7221,0.174184
13.7623,0.174875
13.8025,0.175566
13.8427,0.176257
13.8829,0.176948
13.923,0.177639
13.9632,0.17833
14.0034,0.179021
14.0436,0.179712
14.0838,0.180403
14.124,0.181094
14.1642,0.181785
14.2043,0.182476
14.2445,0.183167
14.2847,0.183858
14.3249,0.184549
14.3651,0.18524
14.4053,0.185931
14.4455,0.186622
14.4857,0.187313
14.5259,0.188005
14.5661,0.188696
14.6063,0.189387
14.6465,0.190078
14.6867,0.190769
14.7269,0.19146
14.7671,0.192152
14.8073,0.192843
14.8474,0.193534
14.8876,0.194225
14.9278,0.194916
14.968,0.195608
15.0083,0.196299
15.0485,0.19699
15.0887,0.197682
15.1289,0.198373
15.1691,0.199064
15.2093,0.199755
15.2495,0.200447
15.2897,0.201138
15.3299,0.201829
15.3701,0.202521
15.4103,0.203212
15.4505,0.203903
15.4907,0.204595
15.5309,0.205286
15.5711,0.205978
15.6113,0.206669
15.6515,0.20736
15.6918,0.208052
15.732,0.208743
15.7722,0.209435
15.8124,0.210126
15.8526,0.210818
15.8928,0.211509
15.933,0.212201
15.9732,0.212892
16.0135,0.213584
16.0537,0.214275
16.0939,0.214967
16.1341,0.215658
16.1743,0.21635
16.2145,0.217041
16.2548,0.217733
16.295,0.218424
16.3352,0.219116
16.3754,0.219807
16.4156,0.220499
16.4559,0.221191
16.4961,0.221882
16.5363,0.222574
16.5765,0.223265
16.6168,0.223957
16.657,0.224649
16.6972,0.22534
16.7374,0.226032
16.7776,0.226724
16.8179,0.227415
16.8581,0.228107
16.8983,0.228799
16.9385,0.22949
16.9788,0.230182
17.019,0.230874
17.0592,0.231565
17.0995,0.232257
17.1397,0.232949
17.1799,0.233641
17.2201,0.234332
17.2604,0.235024
17.3006,0.235716
17.3408,0.236408
17.3811,0.237099
17.4213,0.237791
17.4615,0.238483
17.5018,0.239175
17.542,0.239866
17.5822,0.240558
17.6225,0.24125
17.6627,0.241942
17.7029,0.242634
17.7432,0.243326
17.7834,0.244017
17.8236,0.244709
17.8639,0.245401
17.9041,0.246093
17.9443,0.246785
17.9846,0.247477
18.0248,0.248169
18.0651,0.24886
18.1053,0.249552
18.1455,0.250244
18.1858,0.250936
18.226,0.251628
18.2663,0.25232
18.3065,0.253012
18.3467,0.253704
18.387,0.254396
18.4272,0.255088
18.4675,0.25578
18.5077,0.256472
18.5479,0.257164
18.5882,0.257856
18.6284,0.258548
18.6687,0.25924
18.7089,0.259932
18.7492,0.260623
18.7894,0.261315
18.8296,0.262007
18.8699,0.262699
18.9101,0.263391
18.9504,0.264084
18.9906,0.264776
19.0309,0.265468
19.0711,0.26616
19.1114,0.266852
19.1516,0.267544
19.1919,0.268236
19.2321,0.268928
19.2724,0.26962
19.3126,0.270312
19.3528,0.271004
19.3931,0.271696
19.4333,0.272388
19.4736,0.27308
19.5138,0.273772
19.5541,0.274464
19.5943,0.275156
19.6346,0.275848
19.6748,0.276541
19.7151,0.277233
19.7553,0.277925
19.7956,0.278617
19.8358,0.279309
19.8761,0.280001
19.9163,0.280693
19.9566,0.281385
19.9969,0.282078
20.0371,0.28277
20.0774,0.283462
20.1176,0.284154
20.1579,0.284846
20.1981,0.285538
20.2384,0.28623
20.2786,0.286923
20.3189,0.287615
20.3591,0.288307
20.3994,0.288999
20.4396,0.289691
20.4799,0.290383
20.5201,0.291076
20.5604,0.291768
20.6007,0.29246
20.6409,0.293152
20.6812,0.293844
20.7214,0.294537
20.7617,0.295229
20.8019,0.295921
20.8422,0.296613
20.8825,0.297305
20.9227,0.297998
20.963,0.29869
21.0032,0.299382
21.0435,0.300074
21.0837,0.300766
21.124,0.301459
21.1643,0.302151
21.2045,0.302843
21.2448,0.303535
21.285,0.304228
21.3253,0.30492
21.3655,0.305612
21.4058,0.306304
21.4461,0.306997
21.4863,0.307689
21.5266,0.308381
21.5668,0.309073
21.6071,0.309766
21.6474,0.310458
21.6876,0.31115
21.7279,0.311842
21.7681,0.312535
21.8084,0.313227
21.8487,0.313919
21.8889,0.314611
21.9292,0.315304
21.9694,0.315996
22.0097,0.316688
22.05,0.31738
22.0902,0.318073
22.1305,0.318765
22.1707,0.319457
22.211,0.320149
22.2513,0.320842
22.2915,0.321534
22.3318,0.322226
22.372,0.322919
22.4123,0.323611
22.4526,0.324303
22.4928,0.324995
22.5331,0.325688
22.5733,0.32638
22.6136,0.327072
22.6539,0.327765
22.6941,0.328457
22.7344,0.329149
22.7746,0.329841
22.8149,0.330534
22.8552,0.331226
22.8954,0.331918
22.9357,0.332611
22.9759,0.333303
23.0162,0.333995
23.0565,0.334687
23.0967,0.33538
23.137,0.336072
23.1787,0.33679
23.222,0.337534
23.2669,0.338306
23.3135,0.339106
23.3617,0.339935
23.4116,0.340794
23.4633,0.341684
23.5169,0.342604
23.5723,0.343558
23.6297,0.344544
23.689,0.345564
23.7504,0.346619
23.8138,0.34771
23.8794,0.348838
23.9471,0.350002
24.0171,0.351205
24.0893,0.352447
24.1638,0.353728
24.2407,0.35505
24.3199,0.356412
24.4016,0.357817
24.4858,0.359264
24.5724,0.360754
24.6616,0.362288
24.7534,0.363866
24.8478,0.365489
24.9448,0.367156
25.0444,0.36887
25.1467,0.370629
25.2517,0.372434
25.3593,0.374285
25.4697,0.376182
25.5827,0.378126
25.6984,0.380115
25.8168,0.382151
25.9379,0.384233
26.0616,0.38636
26.1879,0.388532
26.3168,0.390749
26.4483,0.39301
26.5823,0.395313
26.7187,0.397659
26.8575,0.400047
26.9987,0.402474
27.1422,0.404941
27.2878,0.407445
27.4356,0.409986
27.5854,0.412561
27.7371,0.41517
27.8906,0.417811
28.0459,0.420481
28.2029,0.423179
28.3613,0.425903
28.5211,0.428651
28.6822,0.431421
28.8444,0.43421
29.0076,0.437016
29.1716,0.439837
29.3364,0.442671
29.5018,0.445515
29.6676,0.448366
29.8337,0.451222
30,0.454081
30.1663,0.45694
-0.0397757,0.566792
0,0.566792
0.0397757,0.566792
0.0795531,0.566792
0.119332,0.566792
0.159113,0.566792
0.198895,0.566792
0.238679,0.566792
0.278465,0.566792
0.318252,0.566792
0.358041,0.566792
0.397832,0.566792
0.437624,0.566792
0.477418,0.566792
0.517214,0.566792
0.557011,0.566792
0.59681,0.566792
0.636611,0.566792
0.676413,0.566792
0.716217,0.566792
0.756022,0.566792
0.795829,0.566792
0.835638,0.566792
0.875448,0.566792
0.91526,0.566792
0.955073,0.566792
0.994888,0.566792
1.0347,0.566792
1.07452,0.566792
1.11434,0.566792
1.15416,0.566792
1.19399,0.566792
1.23381,0.566792
1.27364,0.566792
1.31347,0.566792
1.3533,0.566792
1.39313,0.566792
1.43296,0.566792
1.47279,0.566792
1.51263,0.566792
1.55247,0.566792
1.59231,0.566792
1.63215,0.566792
1.67199,0.566792
1.71183,0.566792
1.75168,0.566792
1.79152,0.566792
1.83137,0.566792
1.87122,0.566792
1.91107,0.566792
1.95092,0.566792
1.99078,0.566792
2.03063,0.566792
2.07049,0.566792
2.11035,0.566792
2.15021,0.566792
2.19007,0.566792
2.22994,0.566792
2.2698,0.566792
2.30967,0.566792
2.34954,0.566792
2.38941,0.566792
2.42928,0.566792
2.46915,0.566792
2.50902,0.566792
2.5489,0.566792
2.58878,0.566792
2.62865,0.566792
2.66853,0.566792
2.70842,0.566792
2.7483,0.566792
2.78818,0.566792
2.82807,0.566792
2.86796,0.566792
2.90785,0.566792
2.94774,0.566792
2.98763,0.566792
3.02752,0.566792
3.06742,0.566792
3.10731,0.566792
3.14721,0.566792
3.18711,0.566792
3.22701,0.566792
3.26691,0.566792
3.30681,0.566792
3.34672,0.566792
3.38663,0.566792
3.42653,0.564344
3.46644,0.561896
3.50635,0.559447
3.54627,0.556999
3.58618,0.554551
3.62609,0.552102
3.66601,0.549654
3.70593,0.547205
3.74585,0.544757
3.78577,0.542308
3.82569,0.539859
3.86561,0.53741
3.90554,0.534961
3.94546,0.532512
3.98539,0.530063
4.02532,0.527613
4.06525,0.525164
4.10518,0.522715
4.14511,0.520265
4.18505,0.517815
4.22499,0.515366
4.26492,0.512916
4.30486,0.510466
4.3448,0.508016
4.38474,0.505566
4.42468,0.503116
4.46463,0.500666
4.50457,0.498215
4.54452,0.495765
4.58447,0.493315
4.62442,0.490864
4.66437,0.488413
4.70432,0.485963
4.74427,0.483512
4.78423,0.481061
4.82419,0.47861
4.86414,0.476159
4.9041,0.473708
4.94406,0.471257
4.98402,0.468806
5.02399,0.466354
5.06395,0.463903
5.10392,0.461451
5.14388,0.459
5.18385,0.456548
5.22382,0.454096
5.26379,0.451644
5.30376,0.449192
5.34373,0.44674
5.38371,0.444288
5.42369,0.441836
5.46366,0.439384
5.50364,0.436932
5.54362,0.434479
5.5836,0.432027
5.62358,0.429574
5.66357,0.427122
5.70355,0.424669
5.74354,0.416588
5.78352,0.408506
5.82351,0.400425
5.8635,0.392343
5.90349,0.384261
5.94349,0.376178
5.98348,0.368095
6.02347,0.360013
6.06347,0.351929
6.10347,0.343846
6.14347,0.335762
6.18347,0.327678
6.22347,0.319594
6.26347,0.31151
6.30347,0.303425
6.34348,0.29534
6.38348,0.287255
6.42349,0.279169
6.4635,0.273538
6.50351,0.267906
6.54352,0.262274
6.58353,0.256642
6.62354,0.25101
6.66356,0.245378
6.70357,0.239745
6.74359,0.234112
6.78361,0.22848
6.82363,0.222846
6.86365,0.217213
6.90367,0.21158
6.94369,0.205946
6.98372,0.200313
7.02374,0.194679
7.06377,0.189045
7.1038,0.183411
7.14382,0.177776
7.18385,0.172142
7.22388,0.166507
7.26392,0.160872
7.30395,0.155237
7.34398,0.155237
7.38402,0.155237
7.42406,0.155237
7.46409,0.155237
7.50413,0.155237
7.54417,0.155237
7.58421,0.155237
7.62426,0.155237
7.6643,0.155237
7.70434,0.155237
7.74439,0.155237
7.78444,0.155237
7.82448,0.155237
7.86453,0.155237
7.90458,0.155237
7.94464,0.155237
7.98469,0.155237
8.02474,0.155237
8.0648,0.155237
8.10485,0.155237
8.14491,0.155237
8.18497,0.155237
8.22503,0.155237
8.26509,0.155237
8.30515,0.155237
8.34521,0.155237
8.38527,0.155237
8.42534,0.155237
8.4654,0.155237
8.50547,0.155237
8.54554,0.155237
8.5856,0.155237
8.62567,0.155237
8.66574,0.155237
8.70582,0.155237
8.74589,0.155237
8.78596,0.155237
8.82604,0.155237
8.86611,0.155237
8.90619,0.155237
8.94627,0.155237
8.98635,0.155237
9.02643,0.155237
9.06651,0.155237
9.10659,0.155237
9.14668,0.155237
9.18676,0.155237
9.22684,0.155237
9.26693,0.155237
9.30702,0.155237
9.34711,0.155237
9.3872,0.155237
9.42729,0.155237
9.46738,0.155237
9.50747,0.155237
9.54756,0.155237
9.58766,0.155237
9.62775,0.155237
9.66785,0.155237
9.70795,0.155237
9.74804,0.155237
9.78814,0.155237
9.82824,0.155237
9.86834,0.155237
9.90845,0.155237
9.94855,0.155237
9.98865,0.155237
10.0288,0.155237
10.0689,0.155237
10.109,0.155237
10.1491,0.155237
10.1892,0.155237
10.2293,0.155237
10.2694,0.155237
10.3095,0.155237
10.3496,0.155237
10.3897,0.155237
10.4299,0.155237
10.47,0.155237
10.5101,0.155237
10.5502,0.155237
10.5903,0.155237
10.6304,0.155237
10.6706,0.155237
10.7107,0.155237
10.7508,0.155237
10.7909,0.155237
10.8311,0.155237
10.8712,0.155237
10.9113,0.155237
10.9514,0.155237
10.9916,0.155237
11.0317,0.155237
11.0718,0.155237
11.1119,0.155237
11.1521,0.155237
11.1922,0.155237
11.2323,0.155237
11.2725,0.155237
11.3126,0.155237
11.3527,0.155237
11.3929,0.155237
11.433,0.155237
11.4732,0.155237
11.5133,0.155237
11.5534,0.155237
11.5936,0.155237
11.6337,0.155237
11.6739,0.155237
11.714,0.155237
11.7541,0.156004
11.7943,0.156772
11.8344,0.157539
11.8746,0.158306
11.9147,0.159074
11.9549,0.159841
11.995,0.160608
12.0352,0.161376
12.0753,0.162143
12.1155,0.162911
12.1556,0.163678
12.1958,0.164445
12.2359,0.165213
12.2761,0.16598
12.3162,0.166748
12.3564,0.167515
12.3965,0.168283
12.4367,0.16905
12.4769,0.169818
12.517,0.170586
12.5572,0.171353
12.5973,0.172121
12.6375,0.172888
12.6777,0.173656
12.7178,0.174424
12.758,0.175191
12.7981,0.175959
12.8383,0.176727
12.8785,0.177494
12.9186,0.178262
12.9588,0.17903
12.999,0.179798
13.0391,0.180565
13.0793,0.181333
13.1195,0.182101
13.1597,0.182869
13.1998,0.183637
13.24,0.184404
13.2802,0.185172
13.3203,0.18594
13.3605,0.186708
13.4007,0.187476
13.4409,0.188244
13.481,0.189012
13.5212,0.18978
13.5614,0.190548
13.6016,0.191315
13.6418,0.192083
13.6819,0.192851
13.7221,0.193619
13.7623,0.194387
13.8025,0.195155
13.8427,0.195923
13.8829,0.196692
13.923,0.19746
13.9632,0.198228
14.0034,0.198996
14.0436,0.199764
14.0838,0.200532
14.124,0.2013
14.1642,0.202068
14.2043,0.202836
14.2445,0.203604
14.2847,0.204373
14.3249,0.205141
14.3651,0.205909
14.4053,0.206677
14.4455,0.207445
14.4857,0.208214
14.5259,0.208982
14.5661,0.20975
14.6063,0.210518
14.6465,0.211287
14.6867,0.212055
14.7269,0.212823
14.7671,0.213592
14.8073,0.21436
14.8474,0.215128
14.8876,0.215897
14.9278,0.216665
14.968,0.217433
15.0083,0.218202
15.0485,0.21897
15.0887,0.219739
15.1289,0.220507
15.1691,0.221275
15.2093,0.222044
15.2495,0.222812
15.2897,0.223581
15.3299,0.224349
15.3701,0.225118
15.4103,0.225886
15.4505,0.226655
15.4907,0.227423
15.5309,0.228192
15.5711,0.22896
15.6113,0.229729
15.6515,0.230497
15.6918,0.231266
15.732,0.232035
15.7722,0.232803
15.8124,0.233572
15.8526,0.23434
15.8928,0.235109
15.933,0.235878
15.9732,0.236646
16.0135,0.237415
16.0537,0.238184
16.0939,0.238952
16.1341,0.239721
16.1743,0.24049
16.2145,0.241258
16.2548,0.242027
16.295,0.242796
16.3352,0.243565
16.3754,0.244333
16.4156,0.245102
16.4559,0.245871
16.4961,0.24664
16.5363,0.247408
16.5765,0.248177
16.6168,0.248946
16.657,0.249715
16.6972,0.250484
16.7374,0.251252
16.7776,0.252021
16.8179,0.25279
16.8581,0.253559
16.8983,0.254328
16.9385,0.255097
16.9788,0.255865
17.019,0.256634
17.0592,0.257403
17.0995,0.258172
17.1397,0.258941
17.1799,0.25971
17.2201,0.260479
17.2604,0.261248
17.3006,0.262017
17.3408,0.262786
17.3811,0.263555
17.4213,0.264324
17.4615,0.265093
17.5018,0.265862
17.542,0.266631
17.5822,0.2674
17.6225,0.268169
17.6627,0.268938
17.7029,0.269707
17.7432,0.270476
17.7834,0.271245
17.8236,0.272014
17.8639,0.272783
17.9041,0.273552
17.9443,0.274321
17.9846,0.27509
18.0248,0.275859
18.0651,0.276628
18.1053,0.277397
18.1455,0.278166
18.1858,0.278935
18.226,0.279705
18.2663,0.280474
18.3065,0.281243
18.3467,0.282012
18.387,0.282781
18.4272,0.28355
18.4675,0.284319
18.5077,0.285088
18.5479,0.285858
18.5882,0.286627
18.6284,0.287396
18.6687,0.288165
18.7089,0.288934
18.7492,0.289704
18.7894,0.290473
18.8296,0.291242
18.8699,0.292011
18.9101,0.29278
18.9504,0.29355
18.9906,0.294319
19.0309,0.295088
19.0711,0.295857
19.1114,0.296627
19.1516,0.297396
19.1919,0.298165
19.2321,0.298934
19.2724,0.299704
19.3126,0.300473
19.3528,0.301242
19.3931,0.302012
19.4333,0.302781
19.4736,0.30355
19.5138,0.304319
19.5541,0.305089
19.5943,0.305858
19.6346,0.306627
19.6748,0.307397
19.7151,0.308166
19.7553,0.308935
19.7956,0.309705
19.8358,0.310474
19.8761,0.311243
19.9163,0.312013
19.9566,0.312782
19.9969,0.313551
20.0371,0.314321
20.0774,0.31509
20.1176,0.31586
20.1579,0.316629
20.1981,0.317398
20.2384,0.318168
20.2786,0.318937
20.3189,0.319706
20.3591,0.320476
20.3994,0.321245
20.4396,0.322015
20.4799,0.322784
20.5201,0.323554
20.5604,0.324323
20.6007,0.325092
20.6409,0.325862
20.6812,0.326631
20.7214,0.327401
20.7617,0.32817
20.8019,0.328939
20.8422,0.329709
20.8825,0.330478
20.9227,0.331248
20.963,0.332017
21.0032,0.332787
21.0435,0.333556
21.0837,0.334326
21.124,0.335095
21.1643,0.335865
21.2045,0.336634
21.2448,0.337404
21.285,0.338173
21.3253,0.338942
21.3655,0.339712
21.4058,0.340481
21.4461,0.341251
21.4863,0.34202
21.5266,0.34279
21.5668,0.343559
21.6071,0.344329
21.6474,0.345098
21.6876,0.345868
21.7279,0.346637
21.7681,0.347407
21.8084,0.348176
21.8487,0.348946
21.8889,0.349715
21.9292,0.350485
21.9694,0.351254
22.0097,0.352024
22.05,0.352793
22.0902,0.353563
22.1305,0.354332
22.1707,0.355102
22.211,0.355871
22.2513,0.356641
22.2915,0.35741
22.3318,0.35818
22.372,0.35895
22.4123,0.359719
22.4526,0.360489
22.4928,0.361258
22.5331,0.362028
22.5733,0.362797
22.6136,0.363567
22.6539,0.364336
22.6941,0.365106
22.7344,0.365875
22.7746,0.366645
22.8149,0.367414
22.8552,0.368184
22.8954,0.368953
22.9357,0.369723
22.9759,0.370492
23.0162,0.371262
23.0565,0.372031
23.0967,0.372801
23.137,0.373571
23.1787,0.374369
23.222,0.375196
23.2669,0.376054
23.3135,0.376943
23.3617,0.377865
23.4116,0.37882
23.4633,0.379808
23.5169,0.380832
23.5723,0.381891
23.6297,0.382988
23.689,0.384122
23.7504,0.385295
23.8138,0.386507
23.8794,0.387761
23.9471,0.389055
24.0171,0.390392
24.0893,0.391772
24.1638,0.393197
24.2407,0.394666
24.3199,0.396181
24.4016,0.397742
24.4858,0.39935
24.5724,0.401007
24.6616,0.402712
24.7534,0.404466
24.8478,0.40627
24.9448,0.408123
25.0444,0.410028
25.1467,0.411983
25.2517,0.413989
25.3593,0.416047
25.4697,0.418156
25.5827,0.420316
25.6984,0.422528
25.8168,0.424791
25.9379,0.427105
26.0616,0.42947
26.1879,0.431885
26.3168,0.434349
26.4483,0.436861
26.5823,0.439422
26.7187,0.44203
26.8575,0.444683
26.9987,0.447382
27.1422,0.450123
27.2878,0.452907
27.4356,0.455731
27.5854,0.458594
27.7371,0.461494
27.8906,0.464429
28.0459,0.467398
28.2029,0.470397
28.3613,0.473425
28.5211,0.47648
28.6822,0.479558
28.8444,0.482659
29.0076,0.485778
29.1716,0.488914
29.3364,0.492064
29.5018,0.495225
29.6676,0.498394
29.8337,0.501569
30,0.504747
30.1663,0.507924
-0.0397757,0.59694
0,0.59694
0.0397757,0.59694
0.0795531,0.59694
0.119332,0.59694
0.159113,0.59694
0.198895,0.59694
0.238679,0.59694
0.278465,0.59694
0.318252,0.59694
0.358041,0.59694
0.397832,0.59694
0.437624,0.59694
0.477418,0.59694
0.517214,0.59694
0.557011,0.59694
0.59681,0.59694
0.636611,0.59694
0.676413,0.59694
0.716217,0.59694
0.756022,0.59694
0.795829,0.59694
0.835638,0.59694
0.875448,0.59694
0.91526,0.59694
0.955073,0.59694
0.994888,0.59694
1.0347,0.59694
1.07452,0.59694
1.11434,0.59694
1.15416,0.59694
1.19399,0.59694
1.23381,0.59694
1.27364,0.59694
1.31347,0.59694
1.3533,0.59694
1.39313,0.59694
1.43296,0.59694
1.47279,0.59694
1.51263,0.59694
1.55247,0.59694
1.59231,0.59694
1.63215,0.59694
1.67199,0.59694
1.71183,0.59694
1.75168,0.59694
1.79152,0.59694
1.83137,0.59694
1.87122,0.59694
1.91107,0.59694
1.95092,0.59694
1.99078,0.59694
2.03063,0.59694
2.07049,0.59694
2.11035,0.59694
2.15021,0.59694
2.19007,0.59694
2.22994,0.59694
2.2698,0.59694
2.30967,0.59694
2.34954,0.59694
2.38941,0.59694
2.42928,0.59694
2.46915,0.59694
2.50902,0.59694
2.5489,0.59694
2.58878,0.59694
2.62865,0.59694
2.66853,0.59694
2.70842,0.59694
2.7483,0.59694
2.78818,0.59694
2.82807,0.59694
2.86796,0.59694
2.90785,0.59694
2.94774,0.59694
2.98763,0.59694
3.02752,0.59694
3.06742,0.59694
3.10731,0.59694
3.14721,0.59694
3.18711,0.59694
3.22701,0.59694
3.26691,0.59694
3.30681,0.59694
3.34672,0.59694
3.38663,0.59694
3.42653,0.594246
3.46644,0.591552
3.50635,0.588858
3.54627,0.586163
3.58618,0.583469
3.62609,0.580775
3.66601,0.57808
3.70593,0.575386
3.74585,0.572691
3.78577,0.569996
3.82569,0.567302
3.86561,0.564607
3.90554,0.561912
3.94546,0.559216
3.98539,0.556521
4.02532,0.553826
4.06525,0.55113
4.10518,0.548435
4.14511,0.545739
4.18505,0.543044
4.22499,0.540348
4.26492,0.537652
4.30486,0.534956
4.3448,0.53226
4.38474,0.529564
4.42468,0.526868
4.46463,0.524171
4.50457,0.521475
4.54452,0.518778
4.58447,0.516082
4.62442,0.513385
4.66437,0.510688
4.70432,0.507991
4.74427,0.505294
4.78423,0.502597
4.82419,0.4999
4.86414,0.497203
4.9041,0.494506
4.94406,0.491808
4.98402,0.489111
5.02399,0.486413
5.06395,0.483715
5.10392,0.481018
5.14388,0.47832
5.18385,0.475622
5.22382,0.472924
5.26379,0.470226
5.30376,0.467527
5.34373,0.464829
5.38371,0.462131
5.42369,0.459432
5.46366,0.456734
5.50364,0.454035
5.54362,0.451336
5.5836,0.448637
5.62358,0.445939
5.66357,0.44324
5.70355,0.44054
5.74354,0.432317
5.78352,0.424093
5.82351,0.415869
5.8635,0.407644
5.90349,0.39942
5.94349,0.391195
5.98348,0.382969
6.02347,0.374744
6.06347,0.366518
6.10347,0.358292
6.14347,0.350066
6.18347,0.34184
6.22347,0.333613
6.26347,0.325386
6.30347,0.317159
6.34348,0.308931
6.38348,0.300703
6.42349,0.292475
6.4635,0.286948
6.50351,0.28142
6.54352,0.275892
6.58353,0.270364
6.62354,0.264836
6.66356,0.259308
6.70357,0.253779
6.74359,0.24825
6.78361,0.242721
6.82363,0.237192
6.86365,0.231663
6.90367,0.226134
6.94369,0.220604
6.98372,0.215074
7.02374,0.209544
7.06377,0.204014
7.1038,0.198484
7.14382,0.192954
7.18385,0.187423
7.22388,0.181893
7.26392,0.176362
7.30395,0.170831
7.34398,0.170831
7.38402,0.170831
7.42406,0.170831
7.46409,0.170831
7.50413,0.170831
7.54417,0.170831
7.58421,0.170831
7.62426,0.170831
7.6643,0.170831
7.70434,0.170831
7.74439,0.170831
7.78444,0.170831
7.82448,0.170831
7.86453,0.170831
7.90458,0.170831
7.94464,0.170831
7.98469,0.170831
8.02474,0.170831
8.0648,0.170831
8.10485,0.170831
8.14491,0.170831
8.18497,0.170831
8.22503,0.170831
8.26509,0.170831
8.30515,0.170831
8.34521,0.170831
8.38527,0.170831
8.42534,0.170831
8.4654,0.170831
8.50547,0.170831
8.54554,0.170831
8.5856,0.170831
8.62567,0.170831
8.66574,0.170831
8.70582,0.170831
8.74589,0.170831
8.78596,0.170831
8.82604,0.170831
8.86611,0.170831
8.90619,0.170831
8.94627,0.170831
8.98635,0.170831
9.02643,0.170831
9.06651,0.170831
9.10659,0.170831
9.14668,0.170831
9.18676,0.170831
9.22684,0.170831
9.26693,0.170831
9.30702,0.170831
9.34711,0.170831
9.3872,0.170831
9.42729,0.170831
9.46738,0.170831
9.50747,0.170831
9.54756,0.170831
9.58766,0.170831
9.62775,0.170831
9.66785,0.170831
9.70795,0.170831
9.74804,0.170831
9.78814,0.170831
9.82824,0.170831
9.86834,0.170831
9.90845,0.170831
9.94855,0.170831
9.98865,0.170831
10.0288,0.170831
10.0689,0.170831
10.109,0.170831
10.1491,0.170831
10.1892,0.170831
10.2293,0.170831
10.2694,0.170831
10.3095,0.170831
10.3496,0.170831
10.3897,0.170831
10.4299,0.170831
10.47,0.170831
10.5101,0.170831
10.5502,0.170831
10.5903,0.170831
10.6304,0.170831
10.6706,0.170831
10.7107,0.170831
10.7508,0.170831
10.7909,0.170831
10.8311,0.170831
10.8712,0.170831
10.9113,0.170831
10.9514,0.170831
10.9916,0.170831
11.0317,0.170831
11.0718,0.170831
11.1119,0.170831
11.1521,0.170831
11.1922,0.170831
11.2323,0.170831
11.2725,0.170831
11.3126,0.170831
11.3527,0.170831
11.3929,0.170831
11.433,0.170831
11.4732,0.170831
11.5133,0.170831
11.5534,0.170831
11.5936,0.170831
11.6337,0.170831
11.6739,0.170831
11.714,0.170831
11.7541,0.171675
11.7943,0.17252
11.8344,0.173364
11.8746,0.174208
11.9147,0.175053
11.9549,0.175897
11.995,0.176742
12.0352,0.177586
12.0753,0.178431
12.1155,0.179275
12.1556,0.18012
12.1958,0.180964
12.2359,0.181809
12.2761,0.182653
12.3162,0.183498
12.3564,0.184343
12.3965,0.185187
12.4367,0.186032
12.4769,0.186876
12.517,0.187721
12.5572,0.188566
12.5973,0.189411
12.6375,0.190255
12.6777,0.1911
12.7178,0.191945
12.758,0.19279
12.7981,0.193634
12.8383,0.194479
12.8785,0.195324
12.9186,0.196169
12.9588,0.197014
12.999,0.197858
13.0391,0.198703
13.0793,0.199548
13.1195,0.200393
13.1597,0.201238
13.1998,0.202083
13.24,0.202928
13.2802,0.203773
13.3203,0.204618
13.3605,0.205463
13.4007,0.206308
13.4409,0.207153
13.481,0.207998
13.5212,0.208843
13.5614,0.209688
13.6016,0.210533
13.6418,0.211378
13.6819,0.212224
13.7221,0.213069
13.7623,0.213914
13.8025,0.214759
13.8427,0.215604
13.8829,0.216449
13.923,0.217295
13.9632,0.21814
14.0034,0.218985
14.0436,0.21983
14.0838,0.220676
14.124,0.221521
14.1642,0.222366
14.2043,0.223211
14.2445,0.224057
14.2847,0.224902
14.3249,0.225747
14.3651,0.226593
14.4053,0.227438
14.4455,0.228284
14.4857,0.229129
14.5259,0.229974
14.5661,0.23082
14.6063,0.231665
14.6465,0.232511
14.6867,0.233356
14.7269,0.234202
14.7671,0.235047
14.8073,0.235893
14.8474,0.236738
14.8876,0.237584
14.9278,0.238429
14.968,0.239275
15.0083,0.24012
15.0485,0.240966
15.0887,0.241812
15.1289,0.242657
15.1691,0.243503
15.2093,0.244348
15.2495,0.245194
15.2897,0.24604
15.3299,0.246885
15.3701,0.247731
15.4103,0.248577
15.4505,0.249423
15.4907,0.250268
15.5309,0.251114
15.5711,0.25196
15.6113,0.252805
15.6515,0.253651
15.6918,0.254497
15.732,0.255343
15.7722,0.256189
15.8124,0.257034
15.8526,0.25788
15.8928,0.258726
15.933,0.259572
15.9732,0.260418
16.0135,0.261264
16.0537,0.262109
16.0939,0.262955
16.1341,0.263801
16.1743,0.264647
16.2145,0.265493
16.2548,0.266339
16.295,0.267185
16.3352,0.268031
16.3754,0.268877
16.4156,0.269723
16.4559,0.270569
16.4961,0.271415
16.5363,0.272261
16.5765,0.273107
16.6168,0.273953
16.657,0.274799
16.6972,0.275645
16.7374,0.276491
16.7776,0.277337
16.8179,0.278183
16.8581,0.279029
16.8983,0.279875
16.9385,0.280721
16.9788,0.281567
17.019,0.282414
17.0592,0.28326
17.0995,0.284106
17.1397,0.284952
17.1799,0.285798
17.2201,0.286644
17.2604,0.28749
17.3006,0.288337
17.3408,0.289183
17.3811,0.290029
17.4213,0.290875
17.4615,0.291721
17.5018,0.292568
17.542,0.293414
17.5822,0.29426
17.6225,0.295106
17.6627,0.295953
17.7029,0.296799
17.7432,0.297645
17.7834,0.298492
17.8236,0.299338
17.8639,0.300184
17.9041,0.30103
17.9443,0.301877
17.9846,0.302723
18.0248,0.303569
18.0651,0.304416
18.1053,0.305262
18.1455,0.306108
18.1858,0.306955
18.226,0.307801
18.2663,0.308648
18.3065,0.309494
18.3467,0.31034
18.387,0.311187
18.4272,0.312033
18.4675,0.31288
18.5077,0.313726
18.5479,0.314572
18.5882,0.315419
18.6284,0.316265
18.6687,0.317112
18.7089,0.317958
18.7492,0.318805
18.7894,0.319651
18.8296,0.320498
18.8699,0.321344
18.9101,0.322191
18.9504,0.323037
18.9906,0.323884
19.0309,0.32473
19.0711,0.325577
19.1114,0.326423
19.1516,0.32727
19.1919,0.328116
19.2321,0.328963
19.2724,0.329809
19.3126,0.330656
19.3528,0.331502
19.3931,0.332349
19.4333,0.333196
19.4736,0.334042
19.5138,0.334889
19.5541,0.335735
19.5943,0.336582
19.6346,0.337428
19.6748,0.338275
19.7151,0.339122
19.7553,0.339968
19.7956,0.340815
19.8358,0.341662
19.8761,0.342508
19.9163,0.343355
19.9566,0.344201
19.9969,0.345048
20.0371,0.345895
20.0774,0.346741
20.1176,0.347588
20.1579,0.348435
20.1981,0.349281
20.2384,0.350128
20.2786,0.350975
20.3189,0.351821
20.3591,0.352668
20.3994,0.353515
20.4396,0.354361
20.4799,0.355208
20.5201,0.356055
20.5604,0.356902
20.6007,0.357748
20.6409,0.358595
20.6812,0.359442
20.7214,0.360288
20.7617,0.361135
20.8019,0.361982
20.8422,0.362829
20.8825,0.363675
20.9227,0.364522
20.963,0.365369
21.0032,0.366216
21.0435,0.367062
21.0837,0.367909
21.124,0.368756
21.1643,0.369603
21.2045,0.370449
21.2448,0.371296
21.285,0.372143
21.3253,0.37299
21.3655,0.373836
21.4058,0.374683
21.4461,0.37553
21.4863,0.376377
21.5266,0.377224
21.5668,0.37807
21.6071,0.378917
21.6474,0.379764
21.6876,0.380611
21.7279,0.381457
21.7681,0.382304
21.8084,0.383151
21.8487,0.383998
21.8889,0.384845
21.9292,0.385691
21.9694,0.386538
22.0097,0.387385
22.05,0.388232
22.0902,0.389079
22.1305,0.389926
22.1707,0.390772
22.211,0.391619
22.2513,0.392466
22.2915,0.393313
22.3318,0.39416
22.372,0.395006
22.4123,0.395853
22.4526,0.3967
22.4928,0.397547
22.5331,0.398394
22.5733,0.399241
22.6136,0.400087
22.6539,0.400934
22.6941,0.401781
22.7344,0.402628
22.7746,0.403475
22.8149,0.404321
22.8552,0.405168
22.8954,0.406015
22.9357,0.406862
22.9759,0.407709
23.0162,0.408556
23.0565,0.409402
23.0967,0.410249
23.137,0.411096
23.1787,0.411974
23.222,0.412885
23.2669,0.413829
23.3135,0.414808
23.3617,0.415822
23.4116,0.416872
23.4633,0.41796
23.5169,0.419087
23.5723,0.420253
23.6297,0.421459
23.689,0.422707
23.7504,0.423998
23.8138,0.425333
23.8794,0.426712
23.9471,0.428136
24.0171,0.429607
24.0893,0.431126
24.1638,0.432694
24.2407,0.43431
24.3199,0.435977
24.4016,0.437696
24.4858,0.439466
24.5724,0.441289
24.6616,0.443165
24.7534,0.445095
24.8478,0.44708
24.9448,0.44912
25.0444,0.451216
25.1467,0.453367
25.2517,0.455575
25.3593,0.457839
25.4697,0.46016
25.5827,0.462538
25.6984,0.464972
25.8168,0.467462
25.9379,0.470009
26.0616,0.472611
26.1879,0.475268
26.3168,0.477979
26.4483,0.480745
26.5823,0.483563
26.7187,0.486432
26.8575,0.489352
26.9987,0.492322
27.1422,0.495339
27.2878,0.498402
27.4356,0.50151
27.5854,0.504661
27.7371,0.507852
27.8906,0.511082
28.0459,0.514348
28.2029,0.517649
28.3613,0.520981
28.5211,0.524343
28.6822,0.52773
28.8444,0.531142
29.0076,0.534575
29.1716,0.538026
29.3364,0.541492
29.5018,0.544971
29.6676,0.548458
29.8337,0.551952
30,0.555449
30.1663,0.558946
-0.0397757,0.627108
0,0.627108
0.0397757,0.627108
0.0795531,0.627108
0.119332,0.627108
0.159113,0.627108
0.198895,0.627108
0.238679,0.627108
0.278465,0.627108
0.318252,0.627108
0.358041,0.627108
0.397832,0.627108
0.437624,0.627108
0.477418,0.627108
0.517214,0.627108
0.557011,0.627108
0.59681,0.627108
0.636611,0.627108
0.676413,0.627108
0.716217,0.627108
0.756022,0.627108
0.795829,0.627108
0.835638,0.627108
0.875448,0.627108
0.91526,0.627108
0.955073,0.627108
0.994888,0.627108
1.0347,0.627108
1.07452,0.627108
1.11434,0.627108
1.15416,0.627108
1.19399,0.627108
1.23381,0.627108
1.27364,0.627108
1.31347,0.627108
1.3533,0.627108
1.39313,0.627108
1.43296,0.627108
1.47279,0.627108
1.51263,0.627108
1.55247,0.627108
1.59231,0.627108
1.63215,0.627108
1.67199,0.627108
1.71183,0.627108
1.75168,0.627108
1.79152,0.627108
1.83137,0.627108
1.87122,0.627108
1.91107,0.627108
1.95092,0.627108
1.99078,0.627108
2.03063,0.627108
2.07049,0.627108
2.11035,0.627108
2.15021,0.627108
2.19007,0.627108
2.22994,0.627108
2.2698,0.627108
2.30967,0.627108
2.34954,0.627108
2.38941,0.627108
2.42928,0.627108
2.46915,0.627108
2.50902,0.627108
2.5489,0.627108
2.58878,0.627108
2.62865,0.627108
2.66853,0.627108
2.70842,0.627108
2.7483,0.627108
2.78818,0.627108
2.82807,0.627108
2.86796,0.627108
2.90785,0.627108
2.94774,0.627108
2.98763,0.627108
3.02752,0.627108
3.06742,0.627108
3.10731,0.627108
3.14721,0.627108
3.18711,0.627108
3.22701,0.627108
3.26691,0.627108
3.30681,0.627108
3.34672,0.627108
3.38663,0.627108
3.42653,0.624168
3.46644,0.621228
3.50635,0.618288
3.54627,0.615348
3.58618,0.612407
3.62609,0.609467
3.66601,0.606526
3.70593,0.603586
3.74585,0.600645
3.78577,0.597704
3.82569,0.594763
3.86561,0.591822
3.90554,0.588881
3.94546,0.585939
3.98539,0.582998
4.02532,0.580056
4.06525,0.577115
4.10518,0.574173
4.14511,0.571231
4.18505,0.568289
4.22499,0.565347
4.26492,0.562405
4.30486,0.559463
4.3448,0.556521
4.38474,0.553578
4.42468,0.550636
4.46463,0.547693
4.50457,0.54475
4.54452,0.541807
4.58447,0.538864
4.62442,0.535921
4.66437,0.532978
4.70432,0.530035
4.74427,0.527092
4.78423,0.524148
4.82419,0.521205
4.86414,0.518261
4.9041,0.515317
4.94406,0.512374
4.98402,0.50943
5.02399,0.506486
5.06395,0.503542
5.10392,0.500597
5.14388,0.497653
5.18385,0.494709
5.22382,0.491764
5.26379,0.48882
5.30376,0.485875
5.34373,0.48293
5.38371,0.479985
5.42369,0.47704
5.46366,0.474095
5.50364,0.47115
5.54362,0.468205
5.5836,0.46526
5.62358,0.462314
5.66357,0.459369
5.70355,0.456423
5.74354,0.448057
5.78352,0.43969
5.82351,0.431323
5.8635,0.422956
5.90349,0.414589
5.94349,0.406222
5.98348,0.397854
6.02347,0.389486
6.06347,0.381117
6.10347,0.372749
6.14347,0.36438
6.18347,0.356011
6.22347,0.347641
6.26347,0.339272
6.30347,0.330902
6.34348,0.322532
6.38348,0.314161
6.42349,0.305791
6.4635,0.300367
6.50351,0.294943
6.54352,0.28952
6.58353,0.284095
6.62354,0.278671
6.66356,0.273247
6.70357,0.267822
6.74359,0.262398
6.78361,0.256973
6.82363,0.251548
6.86365,0.246123
6.90367,0.240697
6.94369,0.235272
6.98372,0.229846
7.02374,0.22442
7.06377,0.218994
7.1038,0.213568
7.14382,0.208142
7.18385,0.202716
7.22388,0.197289
7.26392,0.191862
7.30395,0.186435
7.34398,0.186435
7.38402,0.186435
7.42406,0.186435
7.46409,0.186435
7.50413,0.186435
7.54417,0.186435
7.58421,0.186435
7.62426,0.186435
7.6643,0.186435
7.70434,0.186435
7.74439,0.186435
7.78444,0.186435
7.82448,0.186435
7.86453,0.186435
7.90458,0.186435
7.94464,0.186435
7.98469,0.186435
8.02474,0.186435
8.0648,0.186435
8.10485,0.186435
8.14491,0.186435
8.18497,0.186435
8.22503,0.186435
8.26509,0.186435
8.30515,0.186435
8.34521,0.186435
8.38527,0.186435
8.42534,0.186435
8.4654,0.186435
8.50547,0.186435
8.54554,0.186435
8.5856,0.186435
8.62567,0.186435
8.66574,0.186435
8.70582,0.186435
8.74589,0.186435
8.78596,0.186435
8.82604,0.186435
8.86611,0.186435
8.90619,0.186435
8.94627,0.186435
8.98635,0.186435
9.02643,0.186435
9.06651,0.186435
9.10659,0.186435
9.14668,0.186435
9.18676,0.186435
9.22684,0.186435
9.26693,0.186435
9.30702,0.186435
9.34711,0.186435
9.3872,0.186435
9.42729,0.186435
9.46738,0.186435
9.50747,0.186435
9.54756,0.186435
9.58766,0.186435
9.62775,0.186435
9.66785,0.186435
9.70795,0.186435
9.74804,0.186435
9.78814,0.186435
9.82824,0.186435
9.86834,0.186435
9.90845,0.186435
9.94855,0.186435
9.98865,0.186435
10.0288,0.186435
10.0689,0.186435
10.109,0.186435
10.1491,0.186435
10.1892,0.186435
10.2293,0.186435
10.2694,0.186435
10.3095,0.186435
10.3496,0.186435
10.3897,0.186435
10.4299,0.186435
10.47,0.186435
10.5101,0.186435
10.5502,0.186435
10.5903,0.186435
10.6304,0.186435
10.6706,0.186435
10.7107,0.186435
10.7508,0.186435
10.7909,0.186435
10.8311,0.186435
10.8712,0.186435
10.9113,0.186435
10.9514,0.186435
10.9916,0.186435
11.0317,0.186435
11.0718,0.186435
11.1119,0.186435
11.1521,0.186435
11.1922,0.186435
11.2323,0.186435
11.2725,0.186435
11.3126,0.186435
11.3527,0.186435
11.3929,0.186435
11.433,0.186435
11.4732,0.186435
11.5133,0.186435
11.5534,0.186435
11.5936,0.186435
11.6337,0.186435
11.6739,0.186435
11.714,0.186435
11.7541,0.187357
11.7943,0.188278
11.8344,0.1892
11.8746,0.190121
11.9147,0.191043
11.9549,0.191964
11.995,0.192886
12.0352,0.193808
12.0753,0.194729
12.1155,0.195651
12.1556,0.196573
12.1958,0.197494
12.2359,0.198416
12.2761,0.199338
12.3162,0.200259
12.3564,0.201181
12.3965,0.202103
12.4367,0.203025
12.4769,0.203947
12.517,0.204868
12.5572,0.20579
12.5973,0.206712
12.6375,0.207634
12.6777,0.208556
12.7178,0.209478
12.758,0.2104
12.7981,0.211322
12.8383,0.212244
12.8785,0.213166
12.9186,0.214088
12.9588,0.21501
12.999,0.215932
13.0391,0.216854
13.0793,0.217776
13.1195,0.218698
13.1597,0.21962
13.1998,0.220542
13.24,0.221464
13.2802,0.222387
13.3203,0.223309
13.3605,0.224231
13.4007,0.225153
13.4409,0.226075
13.481,0.226998
13.5212,0.22792
13.5614,0.228842
13.6016,0.229764
13.6418,0.230687
13.6819,0.231609
13.7221,0.232531
13.7623,0.233454
13.8025,0.234376
13.8427,0.235299
13.8829,0.236221
13.923,0.237143
13.9632,0.238066
14.0034,0.238988
14.0436,0.239911
14.0838,0.240833
14.124,0.241756
14.1642,0.242678
14.2043,0.243601
14.2445,0.244523
14.2847,0.245446
14.3249,0.246368
14.3651,0.247291
14.4053,0.248214
14.4455,0.249136
14.4857,0.250059
14.5259,0.250981
14.5661,0.251904
14.6063,0.252827
14.6465,0.253749
14.6867,0.254672
14.7269,0.255595
14.7671,0.256518
14.8073,0.25744
14.8474,0.258363
14.8876,0.259286
14.9278,0.260209
14.968,0.261131
15.0083,0.262054
15.0485,0.262977
15.0887,0.2639
15.1289,0.264823
15.1691,0.265746
15.2093,0.266668
15.2495,0.267591
15.2897,0.268514
15.3299,0.269437
15.3701,0.27036
15.4103,0.271283
15.4505,0.272206
15.4907,0.273129
15.5309,0.274052
15.5711,0.274975
15.6113,0.275898
15.6515,0.276821
15.6918,0.277744
15.732,0.278667
15.7722,0.27959
15.8124,0.280513
15.8526,0.281436
15.8928,0.282359
15.933,0.283282
15.9732,0.284206
16.0135,0.285129
16.0537,0.286052
16.0939,0.286975
16.1341,0.287898
16.1743,0.288821
16.2145,0.289744
16.2548,0.290668
16.295,0.291591
16.3352,0.292514
16.3754,0.293437
16.4156,0.294361
16.4559,0.295284
16.4961,0.296207
16.5363,0.29713
16.5765,0.298054
16.6168,0.298977
16.657,0.2999
16.6972,0.300824
16.7374,0.301747
16.7776,0.30267
16.8179,0.303594
16.8581,0.304517
16.8983,0.30544
16.9385,0.306364
16.9788,0.307287
17.019,0.308211
17.0592,0.309134
17.0995,0.310057
17.1397,0.310981
17.1799,0.311904
17.2201,0.312828
17.2604,0.313751
17.3006,0.314675
17.3408,0.315598
17.3811,0.316522
17.4213,0.317445
17.4615,0.318369
17.5018,0.319292
17.542,0.320216
17.5822,0.321139
17.6225,0.322063
17.6627,0.322986
17.7029,0.32391
17.7432,0.324834
17.7834,0.325757
17.8236,0.326681
17.8639,0.327604
17.9041,0.328528
17.9443,0.329452
17.9846,0.330375
18.0248,0.331299
18.0651,0.332223
18.1053,0.333146
18.1455,0.33407
18.1858,0.334994
18.226,0.335917
18.2663,0.336841
18.3065,0.337765
18.3467,0.338688
18.387,0.339612
18.4272,0.340536
18.4675,0.341459
18.5077,0.342383
18.5479,0.343307
18.5882,0.344231
18.6284,0.345154
18.6687,0.346078
18.7089,0.347002
18.7492,0.347926
18.7894,0.34885
18.8296,0.349773
18.8699,0.350697
18.9101,0.351621
18.9504,0.352545
18.9906,0.353469
19.0309,0.354392
19.0711,0.355316
19.1114,0.35624
19.1516,0.357164
19.1919,0.358088
19.2321,0.359012
19.2724,0.359936
19.3126,0.36086
19.3528,0.361783
19.3931,0.362707
19.4333,0.363631
19.4736,0.364555
19.5138,0.365479
19.5541,0.366403
19.5943,0.367327
19.6346,0.368251
19.6748,0.369175
19.7151,0.370099
19.7553,0.371023
19.7956,0.371947
19.8358,0.372871
19.8761,0.373794
19.9163,0.374718
19.9566,0.375642
19.9969,0.376566
20.0371,0.37749
20.0774,0.378414
20.1176,0.379338
20.1579,0.380262
20.1981,0.381186
20.2384,0.38211
20.2786,0.383034
20.3189,0.383958
20.3591,0.384882
20.3994,0.385807
20.4396,0.386731
20.4799,0.387655
20.5201,0.388579
20.5604,0.389503
20.6007,0.390427
20.6409,0.391351
20.6812,0.392275
20.7214,0.393199
20.7617,0.394123
20.8019,0.395047
20.8422,0.395971
20.8825,0.396895
20.9227,0.397819
20.963,0.398743
21.0032,0.399667
21.0435,0.400592
21.0837,0.401516
21.124,0.40244
21.1643,0.403364
21.2045,0.404288
21.2448,0.405212
21.285,0.406136
21.3253,0.40706
21.3655,0.407984
21.4058,0.408909
21.4461,0.409833
21.4863,0.410757
21.5266,0.411681
21.5668,0.412605
21.6071,0.413529
21.6474,0.414453
21.6876,0.415377
21.7279,0.416302
21.7681,0.417226
21.8084,0.41815
21.8487,0.419074
21.8889,0.419998
21.9292,0.420922
21.9694,0.421847
22.0097,0.422771
22.05,0.423695
22.0902,0.424619
22.1305,0.425543
22.1707,0.426467
22.211,0.427392
22.2513,0.428316
22.2915,0.42924
22.3318,0.430164
22.372,0.431088
22.4123,0.432012
22.4526,0.432937
22.4928,0.433861
22.5331,0.434785
22.5733,0.435709
22.6136,0.436633
22.6539,0.437557
22.6941,0.438482
22.7344,0.439406
22.7746,0.44033
22.8149,0.441254
22.8552,0.442178
22.8954,0.443103
22.9357,0.444027
22.9759,0.444951
23.0162,0.445875
23.0565,0.446799
23.0967,0.447723
23.137,0.448648
23.1787,0.449606
23.222,0.4506
23.2669,0.45163
23.3135,0.452698
23.3617,0.453805
23.4116,0.454952
23.4633,0.456139
23.5169,0.457368
23.5723,0.458641
23.6297,0.459957
23.689,0.46132
23.7504,0.462728
23.8138,0.464184
23.8794,0.465689
23.9471,0.467244
24.0171,0.46885
24.0893,0.470507
24.1638,0.472218
24.2407,0.473982
24.3199,0.475802
24.4016,0.477677
24.4858,0.479609
24.5724,0.481598
24.6616,0.483646
24.7534,0.485752
24.8478,0.487918
24.9448,0.490145
25.0444,0.492432
25.1467,0.49478
25.2517,0.497189
25.3593,0.499661
25.4697,0.502194
25.5827,0.504788
25.6984,0.507445
25.8168,0.510163
25.9379,0.512942
26.0616,0.515781
26.1879,0.518681
26.3168,0.52164
26.4483,0.524658
26.5823,0.527734
26.7187,0.530865
26.8575,0.534052
26.9987,0.537293
27.1422,0.540586
27.2878,0.543929
27.4356,0.547321
27.5854,0.550759
27.7371,0.554242
27.8906,0.557767
28.0459,0.561331
28.2029,0.564933
28.3613,0.56857
28.5211,0.572238
28.6822,0.575936
28.8444,0.579659
29.0076,0.583406
29.1716,0.587172
29.3364,0.590955
29.5018,0.594751
29.6676,0.598557
29.8337,0.60237
30,0.606186
30.1663,0.610003
-0.0397757,0.657297
0,0.657297
0.0397757,0.657297
0.0795531,0.657297
0.119332,0.657297
0.159113,0.657297
0.198895,0.657297
0.238679,0.657297
0.278465,0.657297
0.318252,0.657297
0.358041,0.657297
0.397832,0.657297
0.437624,0.657297
0.477418,0.657297
0.517214,0.657297
0.557011,0.657297
0.59681,0.657297
0.636611,0.657297
0.676413,0.657297
0.716217,0.657297
0.756022,0.657297
0.795829,0.657297
0.835638,0.657297
0.875448,0.657297
0.91526,0.657297
0.955073,0.657297
0.994888,0.657297
1.0347,0.657297
1.07452,0.657297
1.11434,0.657297
1.15416,0.657297
1.19399,0.657297
1.23381,0.657297
1.27364,0.657297
1.31347,0.657297
1.3533,0.657297
1.39313,0.657297
1.43296,0.657297
1.47279,0.657297
1.51263,0.657297
1.55247,0.657297
1.59231,0.657297
1.63215,0.657297
1.67199,0.657297
1.71183,0.657297
1.75168,0.657297
1.79152,0.657297
1.83137,0.657297
1.87122,0.657297
1.91107,0.657297
1.95092,0.657297
1.99078,0.657297
2.03063,0.657297
2.07049,0.657297
2.11035,0.657297
2.15021,0.657297
2.19007,0.657297
2.22994,0.657297
2.2698,0.657297
2.30967,0.657297
2.34954,0.657297
2.38941,0.657297
2.42928,0.657297
2.46915,0.657297
2.50902,0.657297
2.5489,0.657297
2.58878,0.657297
2.62865,0.657297
2.66853,0.657297
2.70842,0.657297
2.7483,0.657297
2.78818,0.657297
2.82807,0.657297
2.86796,0.657297
2.90785,0.657297
2.94774,0.657297
2.98763,0.657297
3.02752,0.657297
3.06742,0.657297
3.10731,0.657297
3.14721,0.657297
3.18711,0.657297
3.22701,0.657297
3.26691,0.657297
3.30681,0.657297
3.34672,0.657297
3.38663,0.657297
3.42653,0.65411
3.46644,0.650924
3.50635,0.647738
3.54627,0.644551
3.58618,0.641365
3.62609,0.638178
3.66601,0.634991
3.70593,0.631804
3.74585,0.628617
3.78577,0.62543
3.82569,0.622242
3.86561,0.619055
3.90554,0.615867
3.94546,0.61268
3.98539,0.609492
4.02532,0.606304
4.06525,0.603116
4.10518,0.599928
4.14511,0.59674
4.18505,0.593551
4.22499,0.590363
4.26492,0.587174
4.30486,0.583986
4.3448,0.580797
4.38474,0.577608
4.42468,0.574419
4.46463,0.57123
4.50457,0.568041
4.54452,0.564852
4.58447,0.561662
4.62442,0.558473
4.66437,0.555283
4.70432,0.552093
4.74427,0.548904
4.78423,0.545714
4.82419,0.542524
4.86414,0.539333
4.9041,0.536143
4.94406,0.532953
4.98402,0.529762
5.02399,0.526572
5.06395,0.523381
5.10392,0.52019
5.14388,0.516999
5.18385,0.513808
5.22382,0.510617
5.26379,0.507426
5.30376,0.504235
5.34373,0.501043
5.38371,0.497852
5.42369,0.49466
5.46366,0.491468
5.50364,0.488277
5.54362,0.485085
5.5836,0.481893
5.62358,0.4787
5.66357,0.475508
5.70355,0.472316
5.74354,0.463807
5.78352,0.455298
5.82351,0.446788
5.8635,0.438279
5.90349,0.429769
5.94349,0.421258
5.98348,0.412748
6.02347,0.404237
6.06347,0.395726
6.10347,0.387215
6.14347,0.378703
6.18347,0.370191
6.22347,0.361679
6.26347,0.353167
6.30347,0.344654
6.34348,0.336141
6.38348,0.327628
6.42349,0.319115
6.4635,0.313795
6.50351,0.308476
6.54352,0.303156
6.58353,0.297836
6.62354,0.292516
6.66356,0.287195
6.70357,0.281875
6.74359,0.276554
6.78361,0.271234
6.82363,0.265913
6.86365,0.260592
6.90367,0.255271
6.94369,0.249949
6.98372,0.244628
7.02374,0.239306
7.06377,0.233984
7.1038,0.228662
7.14382,0.22334
7.18385,0.218018
7.22388,0.212695
7.26392,0.207373
7.30395,0.20205
7.34398,0.20205
7.38402,0.20205
7.42406,0.20205
7.46409,0.20205
7.50413,0.20205
7.54417,0.20205
7.58421,0.20205
7.62426,0.20205
7.6643,0.20205
7.70434,0.20205
7.74439,0.20205
7.78444,0.20205
7.82448,0.20205
7.86453,0.20205
7.90458,0.20205
7.94464,0.20205
7.98469,0.20205
8.02474,0.20205
8.0648,0.20205
8.10485,0.20205
8.14491,0.20205
8.18497,0.20205
8.22503,0.20205
8.26509,0.20205
8.30515,0.20205
8.34521,0.20205
8.38527,0.20205
8.42534,0.20205
8.4654,0.20205
8.50547,0.20205
8.54554,0.20205
8.5856,0.20205
8.62567,0.20205
8.66574,0.20205
8.70582,0.20205
8.74589,0.20205
8.78596,0.20205
8.82604,0.20205
8.86611,0.20205
8.90619,0.20205
8.94627,0.20205
8.98635,0.20205
9.02643,0.20205
9.06651,0.20205
9.10659,0.20205
9.14668,0.20205
9.18676,0.20205
9.22684,0.20205
9.26693,0.20205
9.30702,0.20205
9.34711,0.20205
9.3872,0.20205
9.42729,0.20205
9.46738,0.20205
9.50747,0.20205
9.54756,0.20205
9.58766,0.20205
9.62775,0.20205
9.66785,0.20205
9.70795,0.20205
9.74804,0.20205
9.78814,0.20205
9.82824,0.20205
9.86834,0.20205
9.90845,0.20205
9.94855,0.20205
9.98865,0.20205
10.0288,0.20205
10.0689,0.20205
10.109,0.20205
10.1491,0.20205
10.1892,0.20205
10.2293,0.20205
10.2694,0.20205
10.3095,0.20205
10.3496,0.20205
10.3897,0.20205
10.4299,0.20205
10.47,0.20205
10.5101,0.20205
10.5502,0.20205
10.5903,0.20205
10.6304,0.20205
10.6706,0.20205
10.7107,0.20205
10.7508,0.20205
10.7909,0.20205
10.8311,0.20205
10.8712,0.20205
10.9113,0.20205
10.9514,0.20205
10.9916,0.20205
11.0317,0.20205
11.0718,0.20205
11.1119,0.20205
11.1521,0.20205
11.1922,0.20205
11.2323,0.20205
11.2725,0.20205
11.3126,0.20205
11.3527,0.20205
11.3929,0.20205
11.433,0.20205
11.4732,0.20205
11.5133,0.20205
11.5534,0.20205
11.5936,0.20205
11.6337,0.20205
11.6739,0.20205
11.714,0.20205
11.7541,0.203049
11.7943,0.204047
11.8344,0.205046
11.8746,0.206045
11.9147,0.207044
11.9549,0.208042
11.995,0.209041
12.0352,0.21004
12.0753,0.211039
12.1155,0.212038
12.1556,0.213036
12.1958,0.214035
12.2359,0.215034
12.2761,0.216033
12.3162,0.217032
12.3564,0.218031
12.3965,0.21903
12.4367,0.220029
12.4769,0.221028
12.517,0.222027
12.5572,0.223026
12.5973,0.224025
12.6375,0.225024
12.6777,0.226023
12.7178,0.227023
12.758,0.228022
12.7981,0.229021
12.8383,0.23002
12.8785,0.231019
12.9186,0.232019
12.9588,0.233018
12.999,0.234017
13.0391,0.235016
13.0793,0.236016
13.1195,0.237015
13.1597,0.238014
13.1998,0.239014
13.24,0.240013
13.2802,0.241012
13.3203,0.242012
13.3605,0.243011
13.4007,0.244011
13.4409,0.24501
13.481,0.24601
13.5212,0.247009
13.5614,0.248009
13.6016,0.249008
13.6418,0.250008
13.6819,0.251007
13.7221,0.252007
13.7623,0.253007
13.8025,0.254006
13.8427,0.255006
13.8829,0.256005
13.923,0.257005
13.9632,0.258005
14.0034,0.259005
14.0436,0.260004
14.0838,0.261004
14.124,0.262004
14.1642,0.263003
14.2043,0.264003
14.2445,0.265003
14.2847,0.266003
14.3249,0.267003
14.3651,0.268003
14.4053,0.269002
14.4455,0.270002
14.4857,0.271002
14.5259,0.272002
14.5661,0.273002
14.6063,0.274002
14.6465,0.275002
14.6867,0.276002
14.7269,0.277002
14.7671,0.278002
14.8073,0.279002
14.8474,0.280002
14.8876,0.281002
14.9278,0.282002
14.968,0.283002
15.0083,0.284002
15.0485,0.285002
15.0887,0.286003
15.1289,0.287003
15.1691,0.288003
15.2093,0.289003
15.2495,0.290003
15.2897,0.291003
15.3299,0.292004
15.3701,0.293004
15.4103,0.294004
15.4505,0.295004
15.4907,0.296005
15.5309,0.297005
15.5711,0.298005
15.6113,0.299006
15.6515,0.300006
15.6918,0.301006
15.732,0.302007
15.7722,0.303007
15.8124,0.304007
15.8526,0.305008
15.8928,0.306008
15.933,0.307009
15.9732,0.308009
16.0135,0.309009
16.0537,0.31001
16.0939,0.31101
16.1341,0.312011
16.1743,0.313011
16.2145,0.314012
16.2548,0.315012
16.295,0.316013
16.3352,0.317013
16.3754,0.318014
16.4156,0.319015
16.4559,0.320015
16.4961,0.321016
16.5363,0.322016
16.5765,0.323017
16.6168,0.324018
16.657,0.325018
16.6972,0.326019
16.7374,0.32702
16.7776,0.32802
16.8179,0.329021
16.8581,0.330022
16.8983,0.331022
16.9385,0.332023
16.9788,0.333024
17.019,0.334025
17.0592,0.335025
17.0995,0.336026
17.1397,0.337027
17.1799,0.338028
17.2201,0.339028
17.2604,0.340029
17.3006,0.34103
17.3408,0.342031
17.3811,0.343032
17.4213,0.344033
17.4615,0.345033
17.5018,0.346034
17.542,0.347035
17.5822,0.348036
17.6225,0.349037
17.6627,0.350038
17.7029,0.351039
17.7432,0.35204
17.7834,0.353041
17.8236,0.354042
17.8639,0.355043
17.9041,0.356044
17.9443,0.357045
17.9846,0.358046
18.0248,0.359047
18.0651,0.360048
18.1053,0.361049
18.1455,0.36205
18.1858,0.363051
18.226,0.364052
18.2663,0.365053
18.3065,0.366054
18.3467,0.367055
18.387,0.368056
18.4272,0.369057
18.4675,0.370058
18.5077,0.371059
18.5479,0.37206
18.5882,0.373061
18.6284,0.374063
18.6687,0.375064
18.7089,0.376065
18.7492,0.377066
18.7894,0.378067
18.8296,0.379068
18.8699,0.38007
18.9101,0.381071
18.9504,0.382072
18.9906,0.383073
19.0309,0.384074
19.0711,0.385076
19.1114,0.386077
19.1516,0.387078
19.1919,0.388079
19.2321,0.389081
19.2724,0.390082
19.3126,0.391083
19.3528,0.392084
19.3931,0.393086
19.4333,0.394087
19.4736,0.395088
19.5138,0.396089
19.5541,0.397091
19.5943,0.398092
19.6346,0.399093
19.6748,0.400095
19.7151,0.401096
19.7553,0.402097
19.7956,0.403099
19.8358,0.4041
19.8761,0.405101
19.9163,0.406103
19.9566,0.407104
19.9969,0.408105
20.0371,0.409107
20.0774,0.410108
20.1176,0.41111
20.1579,0.412111
20.1981,0.413112
20.2384,0.414114
20.2786,0.415115
20.3189,0.416117
20.3591,0.417118
20.3994,0.418119
20.4396,0.419121
20.4799,0.420122
20.5201,0.421124
20.5604,0.422125
20.6007,0.423127
20.6409,0.424128
20.6812,0.42513
20.7214,0.426131
20.7617,0.427132
20.8019,0.428134
20.8422,0.429135
20.8825,0.430137
20.9227,0.431138
20.963,0.43214
21.0032,0.433141
21.0435,0.434143
21.0837,0.435144
21.124,0.436146
21.1643,0.437147
21.2045,0.438149
21.2448,0.43915
21.285,0.440152
21.3253,0.441153
21.3655,0.442155
21.4058,0.443156
21.4461,0.444158
21.4863,0.445159
21.5266,0.446161
21.5668,0.447163
21.6071,0.448164
21.6474,0.449166
21.6876,0.450167
21.7279,0.451169
21.7681,0.45217
21.8084,0.453172
21.8487,0.454173
21.8889,0.455175
21.9292,0.456176
21.9694,0.457178
22.0097,0.45818
22.05,0.459181
22.0902,0.460183
22.1305,0.461184
22.1707,0.462186
22.211,0.463187
22.2513,0.464189
22.2915,0.465191
22.3318,0.466192
22.372,0.467194
22.4123,0.468195
22.4526,0.469197
22.4928,0.470198
22.5331,0.4712
22.5733,0.472202
22.6136,0.473203
22.6539,0.474205
22.6941,0.475206
22.7344,0.476208
22.7746,0.477209
22.8149,0.478211
22.8552,0.479213
22.8954,0.480214
22.9357,0.481216
22.9759,0.482217
23.0162,0.483219
23.0565,0.484221
23.0967,0.485222
23.137,0.486224
23.1787,0.487263
23.222,0.48834
23.2669,0.489456
23.3135,0.490614
23.3617,0.491813
23.4116,0.493056
23.4633,0.494342
23.5169,0.495675
23.5723,0.497054
23.6297,0.498481
23.689,0.499957
23.7504,0.501484
23.8138,0.503062
23.8794,0.504693
23.9471,0.506378
24.0171,0.508118
24.0893,0.509914
24.1638,0.511768
24.2407,0.51368
24.3199,0.515652
24.4016,0.517684
24.4858,0.519778
24.5724,0.521934
24.6616,0.524153
24.7534,0.526436
24.8478,0.528784
24.9448,0.531196
25.0444,0.533675
25.1467,0.53622
25.2517,0.538831
25.3593,0.541509
25.4697,0.544254
25.5827,0.547066
25.6984,0.549945
25.8168,0.552891
25.9379,0.555903
26.0616,0.55898
26.1879,0.562123
26.3168,0.56533
26.4483,0.568601
26.5823,0.571933
26.7187,0.575328
26.8575,0.578781
26.9987,0.582293
27.1422,0.585862
27.2878,0.589485
27.4356,0.593161
27.5854,0.596887
27.7371,0.600662
27.8906,0.604482
28.0459,0.608345
28.2029,0.612249
28.3613,0.61619
28.5211,0.620166
28.6822,0.624173
28.8444,0.628208
29.0076,0.632268
29.1716,0.63635
29.3364,0.64045
29.5018,0.644564
29.6676,0.648689
29.8337,0.652821
30,0.656957
30.1663,0.661093
-0.0397757,0.687504
0,0.687504
0.0397757,0.687504
0.0795531,0.687504
0.119332,0.687504
0.159113,0.687504
0.198895,0.687504
0.238679,0.687504
0.278465,0.687504
0.318252,0.687504
0.358041,0.687504
0.397832,0.687504
0.437624,0.687504
0.477418,0.687504
0.517214,0.687504
0.557011,0.687504
0.59681,0.687504
0.636611,0.687504
0.676413,0.687504
0.716217,0.687504
0.756022,0.687504
0.795829,0.687504
0.835638,0.687504
0.875448,0.687504
0.91526,0.687504
0.955073,0.687504
0.994888,0.687504
1.0347,0.687504
1.07452,0.687504
1.11434,0.687504
1.15416,0.687504
1.19399,0.687504
1.23381,0.687504
1.27364,0.687504
1.31347,0.687504
1.3533,0.687504
1.39313,0.687504
1.43296,0.687504
1.47279,0.687504
1.51263,0.687504
1.55247,0.687504
1.59231,0.687504
1.63215,0.687504
1.67199,0.687504
1.71183,0.687504
1.75168,0.687504
1.79152,0.687504
1.83137,0.687504
1.87122,0.687504
1.91107,0.687504
1.95092,0.687504
1.99078,0.687504
2.03063,0.687504
2.07049,0.687504
2.11035,0.687504
2.15021,0.687504
2.19007,0.687504
2.22994,0.687504
2.2698,0.687504
2.30967,0.687504
2.34954,0.687504
2.38941,0.687504
2.42928,0.687504
2.46915,0.687504
2.50902,0.687504
2.5489,0.687504
2.58878,0.687504
2.62865,0.687504
2.66853,0.687504
2.70842,0.687504
2.7483,0.687504
2.78818,0.687504
2.82807,0.687504
2.86796,0.687504
2.90785,0.687504
2.94774,0.687504
2.98763,0.687504
3.02752,0.687504
3.06742,0.687504
3.10731,0.687504
3.14721,0.687504
3.18711,0.687504
3.22701,0.687504
3.26691,0.687504
3.30681,0.687504
3.34672,0.687504
3.38663,0.687504
3.42653,0.684071
3.46644,0.680639
3.50635,0.677206
3.54627,0.673773
3.58618,0.67034
3.62609,0.666907
3.66601,0.663473
3.70593,0.66004
3.74585,0.656606
3.78577,0.653173
3.82569,0.649739
3.86561,0.646305
3.90554,0.642871
3.94546,0.639437
3.98539,0.636003
4.02532,0.632568
4.06525,0.629134
4.10518,0.625699
4.14511,0.622264
4.18505,0.618829
4.22499,0.615394
4.26492,0.611959
4.30486,0.608524
4.3448,0.605089
4.38474,0.601653
4.42468,0.598218
4.46463,0.594782
4.50457,0.591346
4.54452,0.58791
4.58447,0.584474
4.62442,0.581038
4.66437,0.577602
4.70432,0.574165
4.74427,0.570729
4.78423,0.567292
4.82419,0.563855
4.86414,0.560419
4.9041,0.556982
4.94406,0.553545
4.98402,0.550107
5.02399,0.54667
5.06395,0.543233
5.10392,0.539795
5.14388,0.536357
5.18385,0.53292
5.22382,0.529482
5.26379,0.526044
5.30376,0.522606
5.34373,0.519167
5.38371,0.515729
5.42369,0.512291
5.46366,0.508852
5.50364,0.505414
5.54362,0.501975
5.5836,0.498536
5.62358,0.495097
5.66357,0.491658
5.70355,0.488219
5.74354,0.479567
5.78352,0.470915
5.82351,0.462263
5.8635,0.45361
5.90349,0.444957
5.94349,0.436304
5.98348,0.427651
6.02347,0.418997
6.06347,0.410344
6.10347,0.401689
6.14347,0.393035
6.18347,0.38438
6.22347,0.375726
6.26347,0.36707
6.30347,0.358415
6.34348,0.349759
6.38348,0.341103
6.42349,0.332447
6.4635,0.327232
6.50351,0.322016
6.54352,0.316801
6.58353,0.311585
6.62354,0.306369
6.66356,0.301153
6.70357,0.295937
6.74359,0.29072
6.78361,0.285504
6.82363,0.280287
6.86365,0.27507
6.90367,0.269853
6.94369,0.264636
6.98372,0.259419
7.02374,0.254201
7.06377,0.248983
7.1038,0.243766
7.14382,0.238548
7.18385,0.23333
7.22388,0.228111
7.26392,0.222893
7.30395,0.217674
7.34398,0.217674
7.38402,0.217674
7.42406,0.217674
7.46409,0.217674
7.50413,0.217674
7.54417,0.217674
7.58421,0.217674
7.62426,0.217674
7.6643,0.217674
7.70434,0.217674
7.74439,0.217674
7.78444,0.217674
7.82448,0.217674
7.86453,0.217674
7.90458,0.217674
7.94464,0.217674
7.98469,0.217674
8.02474,0.217674
8.0648,0.217674
8.10485,0.217674
8.14491,0.217674
8.18497,0.217674
8.22503,0.217674
8.26509,0.217674
8.30515,0.217674
8.34521,0.217674
8.38527,0.217674
8.42534,0.217674
8.4654,0.217674
8.50547,0.217674
8.54554,0.217674
8.5856,0.217674
8.62567,0.217674
8.66574,0.217674
8.70582,0.217674
8.74589,0.217674
8.78596,0.217674
8.82604,0.217674
8.86611,0.217674
8.90619,0.217674
8.94627,0.217674
8.98635,0.217674
9.02643,0.217674
9.06651,0.217674
9.10659,0.217674
9.14668,0.217674
9.18676,0.217674
9.22684,0.217674
9.26693,0.217674
9.30702,0.217674
9.34711,0.217674
9.3872,0.217674
9.42729,0.217674
9.46738,0.217674
9.50747,0.217674
9.54756,0.217674
9.58766,0.217674
9.62775,0.217674
9.66785,0.217674
9.70795,0.217674
9.74804,0.217674
9.78814,0.217674
9.82824,0.217674
9.86834,0.217674
9.90845,0.217674
9.94855,0.217674
9.98865,0.217674
10.0288,0.217674
10.0689,0.217674
10.109,0.217674
10.1491,0.217674
10.1892,0.217674
10.2293,0.217674
10.2694,0.217674
10.3095,0.217674
10.3496,0.217674
10.3897,0.217674
10.4299,0.217674
10.47,0.217674
10.5101,0.217674
10.5502,0.217674
10.5903,0.217674
10.6304,0.217674
10.6706,0.217674
10.7107,0.217674
10.7508,0.217674
10.7909,0.217674
10.8311,0.217674
10.8712,0.217674
10.9113,0.217674
10.9514,0.217674
10.9916,0.217674
11.0317,0.217674
11.0718,0.217674
11.1119,0.217674
11.1521,0.217674
11.1922,0.217674
11.2323,0.217674
11.2725,0.217674
11.3126,0.217674
11.3527,0.217674
11.3929,0.217674
11.433,0.217674
11.4732,0.217674
11.5133,0.217674
11.5534,0.217674
11.5936,0.217674
11.6337,0.217674
11.6739,0.217674
11.714,0.217674
11.7541,0.21875
11.7943,0.219826
11.8344,0.220902
11.8746,0.221978
11.9147,0.223054
11.9549,0.22413
11.995,0.225206
12.0352,0.226282
12.0753,0.227358
12.1155,0.228434
12.1556,0.22951
12.1958,0.230587
12.2359,0.231663
12.2761,0.232739
12.3162,0.233815
12.3564,0.234891
12.3965,0.235968
12.4367,0.237044
12.4769,0.23812
12.517,0.239196
12.5572,0.240273
12.5973,0.241349
12.6375,0.242425
12.6777,0.243502
12.7178,0.244578
12.758,0.245655
12.7981,0.246731
12.8383,0.247808
12.8785,0.248884
12.9186,0.24996
12.9588,0.251037
12.999,0.252114
13.0391,0.25319
13.0793,0.254267
13.1195,0.255343
13.1597,0.25642
13.1998,0.257497
13.24,0.258573
13.2802,0.25965
13.3203,0.260727
13.3605,0.261803
13.4007,0.26288
13.4409,0.263957
13.481,0.265034
13.5212,0.26611
13.5614,0.267187
13.6016,0.268264
13.6418,0.269341
13.6819,0.270418
13.7221,0.271495
13.7623,0.272571
13.8025,0.273648
13.8427,0.274725
13.8829,0.275802
13.923,0.276879
13.9632,0.277956
14.0034,0.279033
14.0436,0.28011
14.0838,0.281187
14.124,0.282264
14.1642,0.283341
14.2043,0.284419
14.2445,0.285496
14.2847,0.286573
14.3249,0.28765
14.3651,0.288727
14.4053,0.289804
14.4455,0.290882
14.4857,0.291959
14.5259,0.293036
14.5661,0.294113
14.6063,0.295191
14.6465,0.296268
14.6867,0.297345
14.7269,0.298422
14.7671,0.2995
14.8073,0.300577
14.8474,0.301655
14.8876,0.302732
14.9278,0.303809
14.968,0.304887
15.0083,0.305964
15.0485,0.307042
15.0887,0.308119
15.1289,0.309197
15.1691,0.310274
15.2093,0.311352
15.2495,0.312429
15.2897,0.313507
15.3299,0.314584
15.3701,0.315662
15.4103,0.316739
15.4505,0.317817
15.4907,0.318895
15.5309,0.319972
15.5711,0.32105
15.6113,0.322128
15.6515,0.323205
15.6918,0.324283
15.732,0.325361
15.7722,0.326438
15.8124,0.327516
15.8526,0.328594
15.8928,0.329672
15.933,0.330749
15.9732,0.331827
16.0135,0.332905
16.0537,0.333983
16.0939,0.335061
16.1341,0.336139
16.1743,0.337216
16.2145,0.338294
16.2548,0.339372
16.295,0.34045
16.3352,0.341528
16.3754,0.342606
16.4156,0.343684
16.4559,0.344762
16.4961,0.34584
16.5363,0.346918
16.5765,0.347996
16.6168,0.349074
16.657,0.350152
16.6972,0.35123
16.7374,0.352308
16.7776,0.353386
16.8179,0.354464
16.8581,0.355542
16.8983,0.35662
16.9385,0.357698
16.9788,0.358776
17.019,0.359855
17.0592,0.360933
17.0995,0.362011
17.1397,0.363089
17.1799,0.364167
17.2201,0.365245
17.2604,0.366324
17.3006,0.367402
17.3408,0.36848
17.3811,0.369558
17.4213,0.370637
17.4615,0.371715
17.5018,0.372793
17.542,0.373871
17.5822,0.37495
17.6225,0.376028
17.6627,0.377106
17.7029,0.378185
17.7432,0.379263
17.7834,0.380341
17.8236,0.38142
17.8639,0.382498
17.9041,0.383576
17.9443,0.384655
17.9846,0.385733
18.0248,0.386812
18.0651,0.38789
18.1053,0.388968
18.1455,0.390047
18.1858,0.391125
18.226,0.392204
18.2663,0.393282
18.3065,0.394361
18.3467,0.395439
18.387,0.396518
18.4272,0.397596
18.4675,0.398675
18.5077,0.399753
18.5479,0.400832
18.5882,0.40191
18.6284,0.402989
18.6687,0.404067
18.7089,0.405146
18.7492,0.406225
18.7894,0.407303
18.8296,0.408382
18.8699,0.40946
18.9101,0.410539
18.9504,0.411618
18.9906,0.412696
19.0309,0.413775
19.0711,0.414853
19.1114,0.415932
19.1516,0.417011
19.1919,0.418089
19.2321,0.419168
19.2724,0.420247
19.3126,0.421325
19.3528,0.422404
19.3931,0.423483
19.4333,0.424562
19.4736,0.42564
19.5138,0.426719
19.5541,0.427798
19.5943,0.428876
19.6346,0.429955
19.6748,0.431034
19.7151,0.432113
19.7553,0.433191
19.7956,0.43427
19.8358,0.435349
19.8761,0.436428
19.9163,0.437507
19.9566,0.438585
19.9969,0.439664
20.0371,0.440743
20.0774,0.441822
20.1176,0.442901
20.1579,0.443979
20.1981,0.445058
20.2384,0.446137
20.2786,0.447216
20.3189,0.448295
20.3591,0.449374
20.3994,0.450453
20.4396,0.451531
20.4799,0.45261
20.5201,0.453689
20.5604,0.454768
20.6007,0.455847
20.6409,0.456926
20.6812,0.458005
20.7214,0.459084
20.7617,0.460162
20.8019,0.461241
20.8422,0.46232
20.8825,0.463399
20.9227,0.464478
20.963,0.465557
21.0032,0.466636
21.0435,0.467715
21.0837,0.468794
21.124,0.469873
21.1643,0.470952
21.2045,0.472031
21.2448,0.47311
21.285,0.474189
21.3253,0.475268
21.3655,0.476347
21.4058,0.477426
21.4461,0.478505
21.4863,0.479584
21.5266,0.480662
21.5668,0.481741
21.6071,0.48282
21.6474,0.483899
21.6876,0.484978
21.7279,0.486057
21.7681,0.487136
21.8084,0.488215
21.8487,0.489294
21.8889,0.490373
21.9292,0.491452
21.9694,0.492531
22.0097,0.49361
22.05,0.494689
22.0902,0.495768
22.1305,0.496848
22.1707,0.497927
22.211,0.499006
22.2513,0.500085
22.2915,0.501164
22.3318,0.502243
22.372,0.503322
22.4123,0.504401
22.4526,0.50548
22.4928,0.506559
22.5331,0.507638
22.5733,0.508717
22.6136,0.509796
22.6539,0.510875
22.6941,0.511954
22.7344,0.513033
22.7746,0.514112
22.8149,0.515191
22.8552,0.51627
22.8954,0.517349
22.9357,0.518428
22.9759,0.519507
23.0162,0.520586
23.0565,0.521665
23.0967,0.522744
23.137,0.523823
23.1787,0.524942
23.222,0.526103
23.2669,0.527306
23.3135,0.528553
23.3617,0.529845
23.4116,0.531184
23.4633,0.53257
23.5169,0.534005
23.5723,0.535491
23.6297,0.537028
23.689,0.538619
23.7504,0.540263
23.8138,0.541964
23.8794,0.543721
23.9471,0.545536
24.0171,0.547411
24.0893,0.549346
24.1638,0.551343
24.2407,0.553403
24.3199,0.555527
24.4016,0.557717
24.4858,0.559972
24.5724,0.562295
24.6616,0.564686
24.7534,0.567145
24.8478,0.569674
24.9448,0.572274
25.0444,0.574944
25.1467,0.577686
25.2517,0.580499
25.3593,0.583384
25.4697,0.586341
25.5827,0.589371
25.6984,0.592472
25.8168,0.595646
25.9379,0.59889
26.0616,0.602206
26.1879,0.605592
26.3168,0.609047
26.4483,0.61257
26.5823,0.616161
26.7187,0.619817
26.8575,0.623538
26.9987,0.627322
27.1422,0.631166
27.2878,0.63507
27.4356,0.63903
27.5854,0.643044
27.7371,0.647111
27.8906,0.651226
28.0459,0.655389
28.2029,0.659594
28.3613,0.66384
28.5211,0.668123
28.6822,0.67244
28.8444,0.676787
29.0076,0.681161
29.1716,0.685559
29.3364,0.689975
29.5018,0.694408
29.6676,0.698852
29.8337,0.703304
30,0.707759
30.1663,0.712215
-0.0397757,0.717729
0,0.717729
0.0397757,0.717729
0.0795531,0.717729
0.119332,0.717729
0.159113,0.717729
0.198895,0.717729
0.238679,0.717729
0.278465,0.717729
0.318252,0.717729
0.358041,0.717729
0.397832,0.717729
0.437624,0.717729
0.477418,0.717729
0.517214,0.717729
0.557011,0.717729
0.59681,0.717729
0.636611,0.717729
0.676413,0.717729
0.716217,0.717729
0.756022,0.717729
0.795829,0.717729
0.835638,0.717729
0.875448,0.717729
0.91526,0.717729
0.955073,0.717729
0.994888,0.717729
1.0347,0.717729
1.07452,0.717729
1.11434,0.717729
1.15416,0.717729
1.19399,0.717729
1.23381,0.717729
1.27364,0.717729
1.31347,0.717729
1.3533,0.717729
1.39313,0.717729
1.43296,0.717729
1.47279,0.717729
1.51263,0.717729
1.55247,0.717729
1.59231,0.717729
1.63215,0.717729
1.67199,0.717729
1.71183,0.717729
1.75168,0.717729
1.79152,0.717729
1.83137,0.717729
1.87122,0.717729
1.91107,0.717729
1.95092,0.717729
1.99078,0.717729
2.03063,0.717729
2.07049,0.717729
2.11035,0.717729
2.15021,0.717729
2.19007,0.717729
2.22994,0.717729
2.2698,0.717729
2.30967,0.717729
2.34954,0.717729
2.38941,0.717729
2.42928,0.717729
2.46915,0.717729
2.50902,0.717729
2.5489,0.717729
2.58878,0.717729
2.62865,0.717729
2.66853,0.717729
2.70842,0.717729
2.7483,0.717729
2.78818,0.717729
2.82807,0.717729
2.86796,0.717729
2.90785,0.717729
2.94774,0.717729
2.98763,0.717729
3.02752,0.717729
3.06742,0.717729
3.10731,0.717729
3.14721,0.717729
3.18711,0.717729
3.22701,0.717729
3.26691,0.717729
3.30681,0.717729
3.34672,0.717729
3.38663,0.717729
3.42653,0.71405
3.46644,0.710371
3.50635,0.706692
3.54627,0.703012
3.58618,0.699332
3.62609,0.695653
3.66601,0.691973
3.70593,0.688293
3.74585,0.684613
3.78577,0.680932
3.82569,0.677252
3.86561,0.673571
3.90554,0.669891
3.94546,0.66621
3.98539,0.662529
4.02532,0.658848
4.06525,0.655167
4.10518,0.651485
4.14511,0.647804
4.18505,0.644122
4.22499,0.640441
4.26492,0.636759
4.30486,0.633077
4.3448,0.629395
4.38474,0.625712
4.42468,0.62203
4.46463,0.618348
4.50457,0.614665
4.54452,0.610982
4.58447,0.6073
4.62442,0.603617
4.66437,0.599934
4.70432,0.59625
4.74427,0.592567
4.78423,0.588884
4.82419,0.5852
4.86414,0.581516
4.9041,0.577832
4.94406,0.574149
4.98402,0.570464
5.02399,0.56678
5.06395,0.563096
5.10392,0.559412
5.14388,0.555727
5.18385,0.552042
5.22382,0.548358
5.26379,0.544673
5.30376,0.540988
5.34373,0.537302
5.38371,0.533617
5.42369,0.529932
5.46366,0.526246
5.50364,0.522561
5.54362,0.518875
5.5836,0.515189
5.62358,0.511503
5.66357,0.507817
5.70355,0.504131
5.74354,0.495336
5.78352,0.486541
5.82351,0.477746
5.8635,0.468951
5.90349,0.460155
5.94349,0.451359
5.98348,0.442563
6.02347,0.433767
6.06347,0.42497
6.10347,0.416173
6.14347,0.407376
6.18347,0.398578
6.22347,0.38978
6.26347,0.380982
6.30347,0.372184
6.34348,0.363385
6.38348,0.354586
6.42349,0.345787
6.4635,0.340676
6.50351,0.335565
6.54352,0.330453
6.58353,0.325342
6.62354,0.32023
6.66356,0.315118
6.70357,0.310006
6.74359,0.304894
6.78361,0.299782
6.82363,0.294669
6.86365,0.289557
6.90367,0.284444
6.94369,0.279331
6.98372,0.274218
7.02374,0.269105
7.06377,0.263991
7.1038,0.258878
7.14382,0.253764
7.18385,0.248651
7.22388,0.243537
7.26392,0.238422
7.30395,0.233308
7.34398,0.233308
7.38402,0.233308
7.42406,0.233308
7.46409,0.233308
7.50413,0.233308
7.54417,0.233308
7.58421,0.233308
7.62426,0.233308
7.6643,0.233308
7.70434,0.233308
7.74439,0.233308
7.78444,0.233308
7.82448,0.233308
7.86453,0.233308
7.90458,0.233308
7.94464,0.233308
7.98469,0.233308
8.02474,0.233308
8.0648,0.233308
8.10485,0.233308
8.14491,0.233308
8.18497,0.233308
8.22503,0.233308
8.26509,0.233308
8.30515,0.233308
8.34521,0.233308
8.38527,0.233308
8.42534,0.233308
8.4654,0.233308
8.50547,0.233308
8.54554,0.233308
8.5856,0.233308
8.62567,0.233308
8.66574,0.233308
8.70582,0.233308
8.74589,0.233308
8.78596,0.233308
8.82604,0.233308
8.86611,0.233308
8.90619,0.233308
8.94627,0.233308
8.98635,0.233308
9.02643,0.233308
9.06651,0.233308
9.10659,0.233308
9.14668,0.233308
9.18676,0.233308
9.22684,0.233308
9.26693,0.233308
9.30702,0.233308
9.34711,0.233308
9.3872,0.233308
9.42729,0.233308
9.46738,0.233308
9.50747,0.233308
9.54756,0.233308
9.58766,0.233308
9.62775,0.233308
9.66785,0.233308
9.70795,0.233308
9.74804,0.233308
9.78814,0.233308
9.82824,0.233308
9.86834,0.233308
9.90845,0.233308
9.94855,0.233308
9.98865,0.233308
10.0288,0.233308
10.0689,0.233308
10.109,0.233308
10.1491,0.233308
10.1892,0.233308
10.2293,0.233308
10.2694,0.233308
10.3095,0.233308
10.3496,0.233308
10.3897,0.233308
10.4299,0.233308
10.47,0.233308
10.5101,0.233308
10.5502,0.233308
10.5903,0.233308
10.6304,0.233308
10.6706,0.233308
10.7107,0.233308
10.7508,0.233308
10.7909,0.233308
10.8311,0.233308
10.8712,0.233308
10.9113,0.233308
10.9514,0.233308
10.9916,0.233308
11.0317,0.233308
11.0718,0.233308
11.1119,0.233308
11.1521,0.233308
11.1922,0.233308
11.2323,0.233308
11.2725,0.233308
11.3126,0.233308
11.3527,0.233308
11.3929,0.233308
11.433,0.233308
11.4732,0.233308
11.5133,0.233308
11.5534,0.233308
11.5936,0.233308
11.6337,0.233308
11.6739,0.233308
11.714,0.233308
11.7541,0.234461
11.7943,0.235615
11.8344,0.236768
11.8746,0.237921
11.9147,0.239074
11.9549,0.240228
11.995,0.241381
12.0352,0.242534
12.0753,0.243687
12.1155,0.244841
12.1556,0.245994
12.1958,0.247148
12.2359,0.248301
12.2761,0.249455
12.3162,0.250608
12.3564,0.251762
12.3965,0.252915
12.4367,0.254069
12.4769,0.255222
12.517,0.256376
12.5572,0.257529
12.5973,0.258683
12.6375,0.259837
12.6777,0.26099
12.7178,0.262144
12.758,0.263298
12.7981,0.264452
12.8383,0.265605
12.8785,0.266759
12.9186,0.267913
12.9588,0.269067
12.999,0.270221
13.0391,0.271375
13.0793,0.272528
13.1195,0.273682
13.1597,0.274836
13.1998,0.27599
13.24,0.277144
13.2802,0.278298
13.3203,0.279452
13.3605,0.280606
13.4007,0.28176
13.4409,0.282915
13.481,0.284069
13.5212,0.285223
13.5614,0.286377
13.6016,0.287531
13.6418,0.288685
13.6819,0.28984
13.7221,0.290994
13.7623,0.292148
13.8025,0.293302
13.8427,0.294457
13.8829,0.295611
13.923,0.296765
13.9632,0.29792
14.0034,0.299074
14.0436,0.300228
14.0838,0.301383
14.124,0.302537
14.1642,0.303692
14.2043,0.304846
14.2445,0.306
14.2847,0.307155
14.3249,0.308309
14.3651,0.309464
14.4053,0.310619
14.4455,0.311773
14.4857,0.312928
14.5259,0.314082
14.5661,0.315237
14.6063,0.316392
14.6465,0.317546
14.6867,0.318701
14.7269,0.319856
14.7671,0.32101
14.8073,0.322165
14.8474,0.32332
14.8876,0.324475
14.9278,0.325629
14.968,0.326784
15.0083,0.327939
15.0485,0.329094
15.0887,0.330249
15.1289,0.331404
15.1691,0.332558
15.2093,0.333713
15.2495,0.334868
15.2897,0.336023
15.3299,0.337178
15.3701,0.338333
15.4103,0.339488
15.4505,0.340643
15.4907,0.341798
15.5309,0.342953
15.5711,0.344108
15.6113,0.345263
15.6515,0.346418
15.6918,0.347573
15.732,0.348729
15.7722,0.349884
15.8124,0.351039
15.8526,0.352194
15.8928,0.353349
15.933,0.354504
15.9732,0.35566
16.0135,0.356815
16.0537,0.35797
16.0939,0.359125
16.1341,0.360281
16.1743,0.361436
16.2145,0.362591
16.2548,0.363746
16.295,0.364902
16.3352,0.366057
16.3754,0.367212
16.4156,0.368368
16.4559,0.369523
16.4961,0.370679
16.5363,0.371834
16.5765,0.372989
16.6168,0.374145
16.657,0.3753
16.6972,0.376456
16.7374,0.377611
16.7776,0.378767
16.8179,0.379922
16.8581,0.381078
16.8983,0.382233
16.9385,0.383389
16.9788,0.384544
17.019,0.3857
17.0592,0.386855
17.0995,0.388011
17.1397,0.389167
17.1799,0.390322
17.2201,0.391478
17.2604,0.392633
17.3006,0.393789
17.3408,0.394945
17.3811,0.396101
17.4213,0.397256
17.4615,0.398412
17.5018,0.399568
17.542,0.400723
17.5822,0.401879
17.6225,0.403035
17.6627,0.404191
17.7029,0.405346
17.7432,0.406502
17.7834,0.407658
17.8236,0.408814
17.8639,0.40997
17.9041,0.411125
17.9443,0.412281
17.9846,0.413437
18.0248,0.414593
18.0651,0.415749
18.1053,0.416905
18.1455,0.418061
18.1858,0.419216
18.226,0.420372
18.2663,0.421528
18.3065,0.422684
18.3467,0.42384
18.387,0.424996
18.4272,0.426152
18.4675,0.427308
18.5077,0.428464
18.5479,0.42962
18.5882,0.430776
18.6284,0.431932
18.6687,0.433088
18.7089,0.434244
18.7492,0.4354
18.7894,0.436556
18.8296,0.437712
18.8699,0.438868
18.9101,0.440024
18.9504,0.44118
18.9906,0.442337
19.0309,0.443493
19.0711,0.444649
19.1114,0.445805
19.1516,0.446961
19.1919,0.448117
19.2321,0.449273
19.2724,0.450429
19.3126,0.451586
19.3528,0.452742
19.3931,0.453898
19.4333,0.455054
19.4736,0.45621
19.5138,0.457367
19.5541,0.458523
19.5943,0.459679
19.6346,0.460835
19.6748,0.461991
19.7151,0.463148
19.7553,0.464304
19.7956,0.46546
19.8358,0.466616
19.8761,0.467773
19.9163,0.468929
19.9566,0.470085
19.9969,0.471242
20.0371,0.472398
20.0774,0.473554
20.1176,0.47471
20.1579,0.475867
20.1981,0.477023
20.2384,0.478179
20.2786,0.479336
20.3189,0.480492
20.3591,0.481648
20.3994,0.482805
20.4396,0.483961
20.4799,0.485117
20.5201,0.486274
20.5604,0.48743
20.6007,0.488587
20.6409,0.489743
20.6812,0.490899
20.7214,0.492056
20.7617,0.493212
20.8019,0.494368
20.8422,0.495525
20.8825,0.496681
20.9227,0.497838
20.963,0.498994
21.0032,0.500151
21.0435,0.501307
21.0837,0.502463
21.124,0.50362
21.1643,0.504776
21.2045,0.505933
21.2448,0.507089
21.285,0.508246
21.3253,0.509402
21.3655,0.510559
21.4058,0.511715
21.4461,0.512871
21.4863,0.514028
21.5266,0.515184
21.5668,0.516341
21.6071,0.517497
21.6474,0.518654
21.6876,0.51981
21.7279,0.520967
21.7681,0.522123
21.8084,0.52328
21.8487,0.524436
21.8889,0.525593
21.9292,0.526749
21.9694,0.527906
22.0097,0.529062
22.05,0.530219
22.0902,0.531375
22.1305,0.532532
22.1707,0.533688
22.211,0.534845
22.2513,0.536001
22.2915,0.537158
22.3318,0.538314
22.372,0.539471
22.4123,0.540627
22.4526,0.541784
22.4928,0.542941
22.5331,0.544097
22.5733,0.545254
22.6136,0.54641
22.6539,0.547567
22.6941,0.548723
22.7344,0.54988
22.7746,0.551036
22.8149,0.552193
22.8552,0.553349
22.8954,0.554506
22.9357,0.555662
22.9759,0.556819
23.0162,0.557976
23.0565,0.559132
23.0967,0.560289
23.137,0.561445
23.1787,0.562645
23.222,0.563888
23.2669,0.565178
23.3135,0.566514
23.3617,0.567899
23.4116,0.569334
23.4633,0.57082
23.5169,0.572358
23.5723,0.573951
23.6297,0.575598
23.689,0.577303
23.7504,0.579066
23.8138,0.580888
23.8794,0.582772
23.9471,0.584717
24.0171,0.586727
24.0893,0.588801
24.1638,0.590941
24.2407,0.593149
24.3199,0.595426
24.4016,0.597773
24.4858,0.60019
24.5724,0.60268
24.6616,0.605242
24.7534,0.607878
24.8478,0.610589
24.9448,0.613375
25.0444,0.616237
25.1467,0.619176
25.2517,0.622191
25.3593,0.625284
25.4697,0.628453
25.5827,0.6317
25.6984,0.635025
25.8168,0.638426
25.9379,0.641904
26.0616,0.645457
26.1879,0.649086
26.3168,0.652789
26.4483,0.656566
26.5823,0.660415
26.7187,0.664334
26.8575,0.668322
26.9987,0.672377
27.1422,0.676498
27.2878,0.680682
27.4356,0.684926
27.5854,0.689229
27.7371,0.693587
27.8906,0.697999
28.0459,0.70246
28.2029,0.706967
28.3613,0.711518
28.5211,0.716109
28.6822,0.720736
28.8444,0.725395
29.0076,0.730084
29.1716,0.734797
29.3364,0.739531
29.5018,0.744281
29.6676,0.749044
29.8337,0.753816
30,0.758592
30.1663,0.763368
-0.0397757,0.747971
0,0.747971
0.0397757,0.747971
0.0795531,0.747971
0.119332,0.747971
0.159113,0.747971
0.198895,0.747971
0.238679,0.747971
0.278465,0.747971
0.318252,0.747971
0.358041,0.747971
0.397832,0.747971
0.437624,0.747971
0.477418,0.747971
0.517214,0.747971
0.557011,0.747971
0.59681,0.747971
0.636611,0.747971
0.676413,0.747971
0.716217,0.747971
0.756022,0.747971
0.795829,0.747971
0.835638,0.747971
0.875448,0.747971
0.91526,0.747971
0.955073,0.747971
0.994888,0.747971
1.0347,0.747971
1.07452,0.747971
1.11434,0.747971
1.15416,0.747971
1.19399,0.747971
1.23381,0.747971
1.27364,0.747971
1.31347,0.747971
1.3533,0.747971
1.39313,0.747971
1.43296,0.747971
1.47279,0.747971
1.51263,0.747971
1.55247,0.747971
1.59231,0.747971
1.63215,0.747971
1.67199,0.747971
1.71183,0.747971
1.75168,0.747971
1.79152,0.747971
1.83137,0.747971
1.87122,0.747971
1.91107,0.747971
1.95092,0.747971
1.99078,0.747971
2.03063,0.747971
2.07049,0.747971
2.11035,0.747971
2.15021,0.747971
2.19007,0.747971
2.22994,0.747971
2.2698,0.747971
2.30967,0.747971
2.34954,0.747971
2.38941,0.747971
2.42928,0.747971
2.46915,0.747971
2.50902,0.747971
2.5489,0.747971
2.58878,0.747971
2.62865,0.747971
2.66853,0.747971
2.70842,0.747971
2.7483,0.747971
2.78818,0.747971
2.82807,0.747971
2.86796,0.747971
2.90785,0.747971
2.94774,0.747971
2.98763,0.747971
3.02752,0.747971
3.06742,0.747971
3.10731,0.747971
3.14721,0.747971
3.18711,0.747971
3.22701,0.747971
3.26691,0.747971
3.30681,0.747971
3.34672,0.747971
3.38663,0.747971
3.42653,0.744045
3.46644,0.74012
3.50635,0.736194
3.54627,0.732267
3.58618,0.728341
3.62609,0.724414
3.66601,0.720488
3.70593,0.716561
3.74585,0.712634
3.78577,0.708707
3.82569,0.70478
3.86561,0.700853
3.90554,0.696925
3.94546,0.692998
3.98539,0.68907
4.02532,0.685142
4.06525,0.681214
4.10518,0.677286
4.14511,0.673358
4.18505,0.669429
4.22499,0.665501
4.26492,0.661572
4.30486,0.657643
4.3448,0.653714
4.38474,0.649785
4.42468,0.645856
4.46463,0.641927
4.50457,0.637997
4.54452,0.634067
4.58447,0.630138
4.62442,0.626208
4.66437,0.622278
4.70432,0.618348
4.74427,0.614417
4.78423,0.610487
4.82419,0.606556
4.86414,0.602626
4.9041,0.598695
4.94406,0.594764
4.98402,0.590833
5.02399,0.586902
5.06395,0.58297
5.10392,0.579039
5.14388,0.575107
5.18385,0.571176
5.22382,0.567244
5.26379,0.563312
5.30376,0.55938
5.34373,0.555448
5.38371,0.551515
5.42369,0.547583
5.46366,0.54365
5.50364,0.539717
5.54362,0.535785
5.5836,0.531852
5.62358,0.527919
5.66357,0.523985
5.70355,0.520052
5.74354,0.511114
5.78352,0.502177
5.82351,0.493239
5.8635,0.4843
5.90349,0.475362
5.94349,0.466423
5.98348,0.457484
6.02347,0.448544
6.06347,0.439605
6.10347,0.430665
6.14347,0.421724
6.18347,0.412784
6.22347,0.403843
6.26347,0.394902
6.30347,0.38596
6.34348,0.377019
6.38348,0.368077
6.42349,0.359135
6.4635,0.354128
6.50351,0.349121
6.54352,0.344114
6.58353,0.339107
6.62354,0.334099
6.66356,0.329092
6.70357,0.324084
6.74359,0.319076
6.78361,0.314068
6.82363,0.30906
6.86365,0.304052
6.90367,0.299043
6.94369,0.294035
6.98372,0.289026
7.02374,0.284017
7.06377,0.279008
7.1038,0.273999
7.14382,0.268989
7.18385,0.26398
7.22388,0.25897
7.26392,0.253961
7.30395,0.248951
7.34398,0.248951
7.38402,0.248951
7.42406,0.248951
7.46409,0.248951
7.50413,0.248951
7.54417,0.248951
7.58421,0.248951
7.62426,0.248951
7.6643,0.248951
7.70434,0.248951
7.74439,0.248951
7.78444,0.248951
7.82448,0.248951
7.86453,0.248951
7.90458,0.248951
7.94464,0.248951
7.98469,0.248951
8.02474,0.248951
8.0648,0.248951
8.10485,0.248951
8.14491,0.248951
8.18497,0.248951
8.22503,0.248951
8.26509,0.248951
8.30515,0.248951
8.34521,0.248951
8.38527,0.248951
8.42534,0.248951
8.4654,0.248951
8.50547,0.248951
8.54554,0.248951
8.5856,0.248951
8.62567,0.248951
8.66574,0.248951
8.70582,0.248951
8.74589,0.248951
8.78596,0.248951
8.82604,0.248951
8.86611,0.248951
8.90619,0.248951
8.94627,0.248951
8.98635,0.248951
9.02643,0.248951
9.06651,0.248951
9.10659,0.248951
9.14668,0.248951
9.18676,0.248951
9.22684,0.248951
9.26693,0.248951
9.30702,0.248951
9.34711,0.248951
9.3872,0.248951
9.42729,0.248951
9.46738,0.248951
9.50747,0.248951
9.54756,0.248951
9.58766,0.248951
9.62775,0.248951
9.66785,0.248951
9.70795,0.248951
9.74804,0.248951
9.78814,0.248951
9.82824,0.248951
9.86834,0.248951
9.90845,0.248951
9.94855,0.248951
9.98865,0.248951
10.0288,0.248951
10.0689,0.248951
10.109,0.248951
10.1491,0.248951
10.1892,0.248951
10.2293,0.248951
10.2694,0.248951
10.3095,0.248951
10.3496,0.248951
10.3897,0.248951
10.4299,0.248951
10.47,0.248951
10.5101,0.248951
10.5502,0.248951
10.5903,0.248951
10.6304,0.248951
10.6706,0.248951
10.7107,0.248951
10.7508,0.248951
10.7909,0.248951
10.8311,0.248951
10.8712,0.248951
10.9113,0.248951
10.9514,0.248951
10.9916,0.248951
11.0317,0.248951
11.0718,0.248951
11.1119,0.248951
11.1521,0.248951
11.1922,0.248951
11.2323,0.248951
11.2725,0.248951
11.3126,0.248951
11.3527,0.248951
11.3929,0.248951
11.433,0.248951
11.4732,0.248951
11.5133,0.248951
11.5534,0.248951
11.5936,0.248951
11.6337,0.248951
11.6739,0.248951
11.714,0.248951
11.7541,0.250181
11.7943,0.251412
11.8344,0.252642
11.8746,0.253873
11.9147,0.255103
11.9549,0.256334
11.995,0.257565
12.0352,0.258795
12.0753,0.260026
12.1155,0.261257
12.1556,0.262487
12.1958,0.263718
12.2359,0.264949
12.2761,0.26618
12.3162,0.26741
12.3564,0.268641
12.3965,0.269872
12.4367,0.271103
12.4769,0.272334
12.517,0.273565
12.5572,0.274796
12.5973,0.276027
12.6375,0.277258
12.6777,0.278489
12.7178,0.27972
12.758,0.280951
12.7981,0.282182
12.8383,0.283413
12.8785,0.284644
12.9186,0.285876
12.9588,0.287107
12.999,0.288338
13.0391,0.289569
13.0793,0.290801
13.1195,0.292032
13.1597,0.293263
13.1998,0.294494
13.24,0.295726
13.2802,0.296957
13.3203,0.298189
13.3605,0.29942
13.4007,0.300651
13.4409,0.301883
13.481,0.303114
13.5212,0.304346
13.5614,0.305577
13.6016,0.306809
13.6418,0.308041
13.6819,0.309272
13.7221,0.310504
13.7623,0.311735
13.8025,0.312967
13.8427,0.314199
13.8829,0.31543
13.923,0.316662
13.9632,0.317894
14.0034,0.319126
14.0436,0.320357
14.0838,0.321589
14.124,0.322821
14.1642,0.324053
14.2043,0.325285
14.2445,0.326517
14.2847,0.327749
14.3249,0.32898
14.3651,0.330212
14.4053,0.331444
14.4455,0.332676
14.4857,0.333908
14.5259,0.33514
14.5661,0.336372
14.6063,0.337604
14.6465,0.338837
14.6867,0.340069
14.7269,0.341301
14.7671,0.342533
14.8073,0.343765
14.8474,0.344997
14.8876,0.346229
14.9278,0.347462
14.968,0.348694
15.0083,0.349926
15.0485,0.351158
15.0887,0.352391
15.1289,0.353623
15.1691,0.354855
15.2093,0.356088
15.2495,0.35732
15.2897,0.358552
15.3299,0.359785
15.3701,0.361017
15.4103,0.36225
15.4505,0.363482
15.4907,0.364714
15.5309,0.365947
15.5711,0.367179
15.6113,0.368412
15.6515,0.369644
15.6918,0.370877
15.732,0.37211
15.7722,0.373342
15.8124,0.374575
15.8526,0.375807
15.8928,0.37704
15.933,0.378273
15.9732,0.379505
16.0135,0.380738
16.0537,0.381971
16.0939,0.383203
16.1341,0.384436
16.1743,0.385669
16.2145,0.386901
16.2548,0.388134
16.295,0.389367
16.3352,0.3906
16.3754,0.391833
16.4156,0.393065
16.4559,0.394298
16.4961,0.395531
16.5363,0.396764
16.5765,0.397997
16.6168,0.39923
16.657,0.400463
16.6972,0.401696
16.7374,0.402929
16.7776,0.404162
16.8179,0.405395
16.8581,0.406628
16.8983,0.407861
16.9385,0.409094
16.9788,0.410327
17.019,0.41156
17.0592,0.412793
17.0995,0.414026
17.1397,0.415259
17.1799,0.416492
17.2201,0.417725
17.2604,0.418958
17.3006,0.420191
17.3408,0.421424
17.3811,0.422658
17.4213,0.423891
17.4615,0.425124
17.5018,0.426357
17.542,0.42759
17.5822,0.428824
17.6225,0.430057
17.6627,0.43129
17.7029,0.432523
17.7432,0.433757
17.7834,0.43499
17.8236,0.436223
17.8639,0.437456
17.9041,0.43869
17.9443,0.439923
17.9846,0.441156
18.0248,0.44239
18.0651,0.443623
18.1053,0.444857
18.1455,0.44609
18.1858,0.447323
18.226,0.448557
18.2663,0.44979
18.3065,0.451024
18.3467,0.452257
18.387,0.453491
18.4272,0.454724
18.4675,0.455958
18.5077,0.457191
18.5479,0.458424
18.5882,0.459658
18.6284,0.460892
18.6687,0.462125
18.7089,0.463359
18.7492,0.464592
18.7894,0.465826
18.8296,0.467059
18.8699,0.468293
18.9101,0.469526
18.9504,0.47076
18.9906,0.471994
19.0309,0.473227
19.0711,0.474461
19.1114,0.475694
19.1516,0.476928
19.1919,0.478162
19.2321,0.479395
19.2724,0.480629
19.3126,0.481863
19.3528,0.483096
19.3931,0.48433
19.4333,0.485564
19.4736,0.486798
19.5138,0.488031
19.5541,0.489265
19.5943,0.490499
19.6346,0.491733
19.6748,0.492966
19.7151,0.4942
19.7553,0.495434
19.7956,0.496668
19.8358,0.497901
19.8761,0.499135
19.9163,0.500369
19.9566,0.501603
19.9969,0.502837
20.0371,0.50407
20.0774,0.505304
20.1176,0.506538
20.1579,0.507772
20.1981,0.509006
20.2384,0.51024
20.2786,0.511473
20.3189,0.512707
20.3591,0.513941
20.3994,0.515175
20.4396,0.516409
20.4799,0.517643
20.5201,0.518877
20.5604,0.520111
20.6007,0.521344
20.6409,0.522578
20.6812,0.523812
20.7214,0.525046
20.7617,0.52628
20.8019,0.527514
20.8422,0.528748
20.8825,0.529982
20.9227,0.531216
20.963,0.53245
21.0032,0.533684
21.0435,0.534918
21.0837,0.536152
21.124,0.537386
21.1643,0.53862
21.2045,0.539854
21.2448,0.541088
21.285,0.542322
21.3253,0.543556
21.3655,0.54479
21.4058,0.546024
21.4461,0.547258
21.4863,0.548492
21.5266,0.549726
21.5668,0.55096
21.6071,0.552194
21.6474,0.553428
21.6876,0.554662
21.7279,0.555896
21.7681,0.55713
21.8084,0.558364
21.8487,0.559598
21.8889,0.560832
21.9292,0.562066
21.9694,0.5633
22.0097,0.564534
22.05,0.565768
22.0902,0.567002
22.1305,0.568236
22.1707,0.56947
22.211,0.570704
22.2513,0.571938
22.2915,0.573172
22.3318,0.574406
22.372,0.57564
22.4123,0.576875
22.4526,0.578109
22.4928,0.579343
22.5331,0.580577
22.5733,0.581811
22.6136,0.583045
22.6539,0.584279
22.6941,0.585513
22.7344,0.586747
22.7746,0.587981
22.8149,0.589215
22.8552,0.590449
22.8954,0.591683
22.9357,0.592918
22.9759,0.594152
23.0162,0.595386
23.0565,0.59662
23.0967,0.597854
23.137,0.599088
23.1787,0.600368
23.222,0.601695
23.2669,0.603071
23.3135,0.604497
23.3617,0.605975
23.4116,0.607506
23.4633,0.609091
23.5169,0.610733
23.5723,0.612432
23.6297,0.61419
23.689,0.616009
23.7504,0.61789
23.8138,0.619835
23.8794,0.621844
23.9471,0.62392
24.0171,0.626064
24.0893,0.628278
24.1638,0.630562
24.2407,0.632918
24.3199,0.635347
24.4016,0.637851
24.4858,0.640431
24.5724,0.643087
24.6616,0.645821
24.7534,0.648634
24.8478,0.651527
24.9448,0.6545
25.0444,0.657554
25.1467,0.660689
25.2517,0.663907
25.3593,0.667207
25.4697,0.670589
25.5827,0.674054
25.6984,0.677601
25.8168,0.68123
25.9379,0.684941
26.0616,0.688733
26.1879,0.692605
26.3168,0.696557
26.4483,0.700586
26.5823,0.704693
26.7187,0.708875
26.8575,0.71313
26.9987,0.717458
27.1422,0.721855
27.2878,0.726319
27.4356,0.730848
27.5854,0.735439
27.7371,0.74009
27.8906,0.744797
28.0459,0.749557
28.2029,0.754367
28.3613,0.759223
28.5211,0.764121
28.6822,0.769058
28.8444,0.77403
29.0076,0.779033
29.1716,0.784062
29.3364,0.789113
29.5018,0.794182
29.6676,0.799265
29.8337,0.804357
30,0.809453
30.1663,0.814549
-0.0397757,0.778229
0,0.778229
0.0397757,0.778229
0.0795531,0.778229
0.119332,0.778229
0.159113,0.778229
0.198895,0.778229
0.238679,0.778229
0.278465,0.778229
0.318252,0.778229
0.358041,0.778229
0.397832,0.778229
0.437624,0.778229
0.477418,0.778229
0.517214,0.778229
0.557011,0.778229
0.59681,0.778229
0.636611,0.778229
0.676413,0.778229
0.716217,0.778229
0.756022,0.778229
0.795829,0.778229
0.835638,0.778229
0.875448,0.778229
0.91526,0.778229
0.955073,0.778229
0.994888,0.778229
1.0347,0.778229
1.07452,0.778229
1.11434,0.778229
1.15416,0.778229
1.19399,0.778229
1.23381,0.778229
1.27364,0.778229
1.31347,0.778229
1.3533,0.778229
1.39313,0.778229
1.43296,0.778229
1.47279,0.778229
1.51263,0.778229
1.55247,0.778229
1.59231,0.778229
1.63215,0.778229
1.67199,0.778229
1.71183,0.778229
1.75168,0.778229
1.79152,0.778229
1.83137,0.778229
1.87122,0.778229
1.91107,0.778229
1.95092,0.778229
1.99078,0.778229
2.03063,0.778229
2.07049,0.778229
2.11035,0.778229
2.15021,0.778229
2.19007,0.778229
2.22994,0.778229
2.2698,0.778229
2.30967,0.778229
2.34954,0.778229
2.38941,0.778229
2.42928,0.778229
2.46915,0.778229
2.50902,0.778229
2.5489,0.778229
2.58878,0.778229
2.62865,0.778229
2.66853,0.778229
2.70842,0.778229
2.7483,0.778229
2.78818,0.778229
2.82807,0.778229
2.86796,0.778229
2.90785,0.778229
2.94774,0.778229
2.98763,0.778229
3.02752,0.778229
3.06742,0.778229
3.10731,0.778229
3.14721,0.778229
3.18711,0.778229
3.22701,0.778229
3.26691,0.778229
3.30681,0.778229
3.34672,0.778229
3.38663,0.778229
3.42653,0.774057
3.46644,0.769884
3.50635,0.765711
3.54627,0.761538
3.58618,0.757365
3.62609,0.753192
3.66601,0.749018
3.70593,0.744844
3.74585,0.740671
3.78577,0.736497
3.82569,0.732323
3.86561,0.728148
3.90554,0.723974
3.94546,0.7198
3.98539,0.715625
4.02532,0.71145
4.06525,0.707275
4.10518,0.7031
4.14511,0.698925
4.18505,0.69475
4.22499,0.690574
4.26492,0.686398
4.30486,0.682223
4.3448,0.678047
4.38474,0.673871
4.42468,0.669694
4.46463,0.665518
4.50457,0.661341
4.54452,0.657165
4.58447,0.652988
4.62442,0.648811
4.66437,0.644634
4.70432,0.640457
4.74427,0.636279
4.78423,0.632102
4.82419,0.627924
4.86414,0.623746
4.9041,0.619568
4.94406,0.61539
4.98402,0.611212
5.02399,0.607034
5.06395,0.602855
5.10392,0.598677
5.14388,0.594498
5.18385,0.590319
5.22382,0.58614
5.26379,0.581961
5.30376,0.577782
5.34373,0.573602
5.38371,0.569423
5.42369,0.565243
5.46366,0.561063
5.50364,0.556883
5.54362,0.552703
5.5836,0.548523
5.62358,0.544343
5.66357,0.540162
5.70355,0.535981
5.74354,0.526901
5.78352,0.51782
5.82351,0.508739
5.8635,0.499658
5.90349,0.490576
5.94349,0.481494
5.98348,0.472412
6.02347,0.463329
6.06347,0.454247
6.10347,0.445164
6.14347,0.43608
6.18347,0.426997
6.22347,0.417913
6.26347,0.408829
6.30347,0.399744
6.34348,0.390659
6.38348,0.381574
6.42349,0.372489
6.4635,0.367587
6.50351,0.362684
6.54352,0.357781
6.58353,0.352878
6.62354,0.347975
6.66356,0.343072
6.70357,0.338169
6.74359,0.333265
6.78361,0.328362
6.82363,0.323458
6.86365,0.318554
6.90367,0.31365
6.94369,0.308746
6.98372,0.303841
7.02374,0.298937
7.06377,0.294032
7.1038,0.289127
7.14382,0.284223
7.18385,0.279317
7.22388,0.274412
7.26392,0.269507
7.30395,0.264601
7.34398,0.264601
7.38402,0.264601
7.42406,0.264601
7.46409,0.264601
7.50413,0.264601
7.54417,0.264601
7.58421,0.264601
7.62426,0.264601
7.6643,0.264601
7.70434,0.264601
7.74439,0.264601
7.78444,0.264601
7.82448,0.264601
7.86453,0.264601
7.90458,0.264601
7.94464,0.264601
7.98469,0.264601
8.02474,0.264601
8.0648,0.264601
8.10485,0.264601
8.14491,0.264601
8.18497,0.264601
8.22503,0.264601
8.26509,0.264601
8.30515,0.264601
8.34521,0.264601
8.38527,0.264601
8.42534,0.264601
8.4654,0.264601
8.50547,0.264601
8.54554,0.264601
8.5856,0.264601
8.62567,0.264601
8.66574,0.264601
8.70582,0.264601
8.74589,0.264601
8.78596,0.264601
8.82604,0.264601
8.86611,0.264601
8.90619,0.264601
8.94627,0.264601
8.98635,0.264601
9.02643,0.264601
9.06651,0.264601
9.10659,0.264601
9.14668,0.264601
9.18676,0.264601
9.22684,0.264601
9.26693,0.264601
9.30702,0.264601
9.34711,0.264601
9.3872,0.264601
9.42729,0.264601
9.46738,0.264601
9.50747,0.264601
9.54756,0.264601
9.58766,0.264601
9.62775,0.264601
9.66785,0.264601
9.70795,0.264601
9.74804,0.264601
9.78814,0.264601
9.82824,0.264601
9.86834,0.264601
9.90845,0.264601
9.94855,0.264601
9.98865,0.264601
10.0288,0.264601
10.0689,0.264601
10.109,0.264601
10.1491,0.264601
10.1892,0.264601
10.2293,0.264601
10.2694,0.264601
10.3095,0.264601
10.3496,0.264601
10.3897,0.264601
10.4299,0.264601
10.47,0.264601
10.5101,0.264601
10.5502,0.264601
10.5903,0.264601
10.6304,0.264601
10.6706,0.264601
10.7107,0.264601
10.7508,0.264601
10.7909,0.264601
10.8311,0.264601
10.8712,0.264601
10.9113,0.264601
10.9514,0.264601
10.9916,0.264601
11.0317,0.264601
11.0718,0.264601
11.1119,0.264601
11.1521,0.264601
11.1922,0.264601
11.2323,0.264601
11.2725,0.264601
11.3126,0.264601
11.3527,0.264601
11.3929,0.264601
11.433,0.264601
11.4732,0.264601
11.5133,0.264601
11.5534,0.264601
11.5936,0.264601
11.6337,0.264601
11.6739,0.264601
11.714,0.264601
11.7541,0.265909
11.7943,0.267217
11.8344,0.268525
11.8746,0.269833
11.9147,0.271141
11.9549,0.272449
11.995,0.273757
12.0352,0.275065
12.0753,0.276373
12.1155,0.277681
12.1556,0.278989
12.1958,0.280297
12.2359,0.281605
12.2761,0.282913
12.3162,0.284222
12.3564,0.28553
12.3965,0.286838
12.4367,0.288146
12.4769,0.289455
12.517,0.290763
12.5572,0.292071
12.5973,0.29338
12.6375,0.294688
12.6777,0.295997
12.7178,0.297305
12.758,0.298613
12.7981,0.299922
12.8383,0.30123
12.8785,0.302539
12.9186,0.303848
12.9588,0.305156
12.999,0.306465
13.0391,0.307773
13.0793,0.309082
13.1195,0.310391
13.1597,0.3117
13.1998,0.313008
13.24,0.314317
13.2802,0.315626
13.3203,0.316935
13.3605,0.318244
13.4007,0.319552
13.4409,0.320861
13.481,0.32217
13.5212,0.323479
13.5614,0.324788
13.6016,0.326097
13.6418,0.327406
13.6819,0.328715
13.7221,0.330024
13.7623,0.331333
13.8025,0.332642
13.8427,0.333951
13.8829,0.33526
13.923,0.33657
13.9632,0.337879
14.0034,0.339188
14.0436,0.340497
14.0838,0.341806
14.124,0.343116
14.1642,0.344425
14.2043,0.345734
14.2445,0.347044
14.2847,0.348353
14.3249,0.349662
14.3651,0.350972
14.4053,0.352281
14.4455,0.353591
14.4857,0.3549
14.5259,0.356209
14.5661,0.357519
14.6063,0.358829
14.6465,0.360138
14.6867,0.361448
14.7269,0.362757
14.7671,0.364067
14.8073,0.365376
14.8474,0.366686
14.8876,0.367996
14.9278,0.369305
14.968,0.370615
15.0083,0.371925
15.0485,0.373234
15.0887,0.374544
15.1289,0.375854
15.1691,0.377164
15.2093,0.378474
15.2495,0.379783
15.2897,0.381093
15.3299,0.382403
15.3701,0.383713
15.4103,0.385023
15.4505,0.386333
15.4907,0.387643
15.5309,0.388953
15.5711,0.390263
15.6113,0.391573
15.6515,0.392883
15.6918,0.394193
15.732,0.395503
15.7722,0.396813
15.8124,0.398123
15.8526,0.399433
15.8928,0.400743
15.933,0.402053
15.9732,0.403363
16.0135,0.404674
16.0537,0.405984
16.0939,0.407294
16.1341,0.408604
16.1743,0.409914
16.2145,0.411225
16.2548,0.412535
16.295,0.413845
16.3352,0.415155
16.3754,0.416466
16.4156,0.417776
16.4559,0.419086
16.4961,0.420397
16.5363,0.421707
16.5765,0.423018
16.6168,0.424328
16.657,0.425638
16.6972,0.426949
16.7374,0.428259
16.7776,0.42957
16.8179,0.43088
16.8581,0.432191
16.8983,0.433501
16.9385,0.434812
16.9788,0.436122
17.019,0.437433
17.0592,0.438744
17.0995,0.440054
17.1397,0.441365
17.1799,0.442675
17.2201,0.443986
17.2604,0.445297
17.3006,0.446607
17.3408,0.447918
17.3811,0.449229
17.4213,0.450539
17.4615,0.45185
17.5018,0.453161
17.542,0.454471
17.5822,0.455782
17.6225,0.457093
17.6627,0.458404
17.7029,0.459715
17.7432,0.461025
17.7834,0.462336
17.8236,0.463647
17.8639,0.464958
17.9041,0.466269
17.9443,0.46758
17.9846,0.46889
18.0248,0.470201
18.0651,0.471512
18.1053,0.472823
18.1455,0.474134
18.1858,0.475445
18.226,0.476756
18.2663,0.478067
18.3065,0.479378
18.3467,0.480689
18.387,0.482
18.4272,0.483311
18.4675,0.484622
18.5077,0.485933
18.5479,0.487244
18.5882,0.488555
18.6284,0.489866
18.6687,0.491177
18.7089,0.492488
18.7492,0.493799
18.7894,0.495111
18.8296,0.496422
18.8699,0.497733
18.9101,0.499044
18.9504,0.500355
18.9906,0.501666
19.0309,0.502977
19.0711,0.504289
19.1114,0.5056
19.1516,0.506911
19.1919,0.508222
19.2321,0.509533
19.2724,0.510845
19.3126,0.512156
19.3528,0.513467
19.3931,0.514778
19.4333,0.51609
19.4736,0.517401
19.5138,0.518712
19.5541,0.520023
19.5943,0.521335
19.6346,0.522646
19.6748,0.523957
19.7151,0.525269
19.7553,0.52658
19.7956,0.527891
19.8358,0.529203
19.8761,0.530514
19.9163,0.531825
19.9566,0.533137
19.9969,0.534448
20.0371,0.53576
20.0774,0.537071
20.1176,0.538382
20.1579,0.539694
20.1981,0.541005
20.2384,0.542316
20.2786,0.543628
20.3189,0.544939
20.3591,0.546251
20.3994,0.547562
20.4396,0.548874
20.4799,0.550185
20.5201,0.551497
20.5604,0.552808
20.6007,0.55412
20.6409,0.555431
20.6812,0.556743
20.7214,0.558054
20.7617,0.559366
20.8019,0.560677
20.8422,0.561989
20.8825,0.5633
20.9227,0.564612
20.963,0.565923
21.0032,0.567235
21.0435,0.568546
21.0837,0.569858
21.124,0.571169
21.1643,0.572481
21.2045,0.573792
21.2448,0.575104
21.285,0.576415
21.3253,0.577727
21.3655,0.579039
21.4058,0.58035
21.4461,0.581662
21.4863,0.582973
21.5266,0.584285
21.5668,0.585597
21.6071,0.586908
21.6474,0.58822
21.6876,0.589531
21.7279,0.590843
21.7681,0.592155
21.8084,0.593466
21.8487,0.594778
21.8889,0.596089
21.9292,0.597401
21.9694,0.598713
22.0097,0.600024
22.05,0.601336
22.0902,0.602648
22.1305,0.603959
22.1707,0.605271
22.211,0.606582
22.2513,0.607894
22.2915,0.609206
22.3318,0.610517
22.372,0.611829
22.4123,0.613141
22.4526,0.614452
22.4928,0.615764
22.5331,0.617076
22.5733,0.618387
22.6136,0.619699
22.6539,0.621011
22.6941,0.622322
22.7344,0.623634
22.7746,0.624946
22.8149,0.626257
22.8552,0.627569
22.8954,0.628881
22.9357,0.630192
22.9759,0.631504
23.0162,0.632816
23.0565,0.634127
23.0967,0.635439
23.137,0.636751
23.1787,0.638111
23.222,0.639522
23.2669,0.640984
23.3135,0.6425
23.3617,0.64407
23.4116,0.645698
23.4633,0.647383
23.5169,0.649127
23.5723,0.650933
23.6297,0.652802
23.689,0.654735
23.7504,0.656735
23.8138,0.658801
23.8794,0.660937
23.9471,0.663144
24.0171,0.665423
24.0893,0.667775
24.1638,0.670203
24.2407,0.672707
24.3199,0.675289
24.4016,0.677951
24.4858,0.680692
24.5724,0.683516
24.6616,0.686422
24.7534,0.689412
24.8478,0.692486
24.9448,0.695646
25.0444,0.698892
25.1467,0.702224
25.2517,0.705644
25.3593,0.709152
25.4697,0.712746
25.5827,0.716429
25.6984,0.720199
25.8168,0.724057
25.9379,0.728001
26.0616,0.732031
26.1879,0.736147
26.3168,0.740347
26.4483,0.74463
26.5823,0.748994
26.7187,0.753439
26.8575,0.757962
26.9987,0.762562
27.1422,0.767235
27.2878,0.77198
27.4356,0.776794
27.5854,0.781674
27.7371,0.786617
27.8906,0.79162
28.0459,0.796679
28.2029,0.801791
28.3613,0.806952
28.5211,0.812159
28.6822,0.817406
28.8444,0.822691
29.0076,0.828008
29.1716,0.833353
29.3364,0.838722
29.5018,0.84411
29.6676,0.849512
29.8337,0.854924
30,0.86034
30.1663,0.865757
-0.0397757,0.808502
0,0.808502
0.0397757,0.808502
0.0795531,0.808502
0.119332,0.808502
0.159113,0.808502
0.198895,0.808502
0.238679,0.808502
0.278465,0.808502
0.318252,0.808502
0.358041,0.808502
0.397832,0.808502
0.437624,0.808502
0.477418,0.808502
0.517214,0.808502
0.557011,0.808502
0.59681,0.808502
0.636611,0.808502
0.676413,0.808502
0.716217,0.808502
0.756022,0.808502
0.795829,0.808502
0.835638,0.808502
0.875448,0.808502
0.91526,0.808502
0.955073,0.808502
0.994888,0.808502
1.0347,0.808502
1.07452,0.808502
1.11434,0.808502
1.15416,0.808502
1.19399,0.808502
1.23381,0.808502
1.27364,0.808502
1.31347,0.808502
1.3533,0.808502
1.39313,0.808502
1.43296,0.808502
1.47279,0.808502
1.51263,0.808502
1.55247,0.808502
1.59231,0.808502
1.63215,0.808502
1.67199,0.808502
1.71183,0.808502
1.75168,0.808502
1.79152,0.808502
1.83137,0.808502
1.87122,0.808502
1.91107,0.808502
1.95092,0.808502
1.99078,0.808502
2.03063,0.808502
2.07049,0.808502
2.11035,0.808502
2.15021,0.808502
2.19007,0.808502
2.22994,0.808502
2.2698,0.808502
2.30967,0.808502
2.34954,0.808502
2.38941,0.808502
2.42928,0.808502
2.46915,0.808502
2.50902,0.808502
2.5489,0.808502
2.58878,0.808502
2.62865,0.808502
2.66853,0.808502
2.70842,0.808502
2.7483,0.808502
2.78818,0.808502
2.82807,0.808502
2.86796,0.808502
2.90785,0.808502
2.94774,0.808502
2.98763,0.808502
3.02752,0.808502
3.06742,0.808502
3.10731,0.808502
3.14721,0.808502
3.18711,0.808502
3.22701,0.808502
3.26691,0.808502
3.30681,0.808502
3.34672,0.808502
3.38663,0.808502
3.42653,0.804083
3.46644,0.799663
3.50635,0.795243
3.54627,0.790823
3.58618,0.786403
3.62609,0.781983
3.66601,0.777562
3.70593,0.773142
3.74585,0.768721
3.78577,0.7643
3.82569,0.759879
3.86561,0.755458
3.90554,0.751036
3.94546,0.746615
3.98539,0.742193
4.02532,0.737771
4.06525,0.733349
4.10518,0.728927
4.14511,0.724505
4.18505,0.720082
4.22499,0.71566
4.26492,0.711237
4.30486,0.706814
4.3448,0.702391
4.38474,0.697968
4.42468,0.693544
4.46463,0.689121
4.50457,0.684697
4.54452,0.680273
4.58447,0.675849
4.62442,0.671425
4.66437,0.667001
4.70432,0.662577
4.74427,0.658152
4.78423,0.653727
4.82419,0.649302
4.86414,0.644877
4.9041,0.640452
4.94406,0.636027
4.98402,0.631601
5.02399,0.627176
5.06395,0.62275
5.10392,0.618324
5.14388,0.613898
5.18385,0.609472
5.22382,0.605046
5.26379,0.600619
5.30376,0.596193
5.34373,0.591766
5.38371,0.587339
5.42369,0.582912
5.46366,0.578485
5.50364,0.574057
5.54362,0.56963
5.5836,0.565202
5.62358,0.560775
5.66357,0.556347
5.70355,0.551919
5.74354,0.542695
5.78352,0.533471
5.82351,0.524247
5.8635,0.515023
5.90349,0.505798
5.94349,0.496573
5.98348,0.487348
6.02347,0.478122
6.06347,0.468896
6.10347,0.45967
6.14347,0.450444
6.18347,0.441217
6.22347,0.43199
6.26347,0.422762
6.30347,0.413535
6.34348,0.404307
6.38348,0.395079
6.42349,0.38585
6.4635,0.381052
6.50351,0.376254
6.54352,0.371456
6.58353,0.366657
6.62354,0.361859
6.66356,0.35706
6.70357,0.352261
6.74359,0.347462
6.78361,0.342663
6.82363,0.337863
6.86365,0.333064
6.90367,0.328264
6.94369,0.323464
6.98372,0.318664
7.02374,0.313864
7.06377,0.309064
7.1038,0.304264
7.14382,0.299463
7.18385,0.294662
7.22388,0.289862
7.26392,0.285061
7.30395,0.28026
7.34398,0.28026
7.38402,0.28026
7.42406,0.28026
7.46409,0.28026
7.50413,0.28026
7.54417,0.28026
7.58421,0.28026
7.62426,0.28026
7.6643,0.28026
7.70434,0.28026
7.74439,0.28026
7.78444,0.28026
7.82448,0.28026
7.86453,0.28026
7.90458,0.28026
7.94464,0.28026
7.98469,0.28026
8.02474,0.28026
8.0648,0.28026
8.10485,0.28026
8.14491,0.28026
8.18497,0.28026
8.22503,0.28026
8.26509,0.28026
8.30515,0.28026
8.34521,0.28026
8.38527,0.28026
8.42534,0.28026
8.4654,0.28026
8.50547,0.28026
8.54554,0.28026
8.5856,0.28026
8.62567,0.28026
8.66574,0.28026
8.70582,0.28026
8.74589,0.28026
8.78596,0.28026
8.82604,0.28026
8.86611,0.28026
8.90619,0.28026
8.94627,0.28026
8.98635,0.28026
9.02643,0.28026
9.06651,0.28026
9.10659,0.28026
9.14668,0.28026
9.18676,0.28026
9.22684,0.28026
9.26693,0.28026
9.30702,0.28026
9.34711,0.28026
9.3872,0.28026
9.42729,0.28026
9.46738,0.28026
9.50747,0.28026
9.54756,0.28026
9.58766,0.28026
9.62775,0.28026
9.66785,0.28026
9.70795,0.28026
9.74804,0.28026
9.78814,0.28026
9.82824,0.28026
9.86834,0.28026
9.90845,0.28026
9.94855,0.28026
9.98865,0.28026
10.0288,0.28026
10.0689,0.28026
10.109,0.28026
10.1491,0.28026
10.1892,0.28026
10.2293,0.28026
10.2694,0.28026
10.3095,0.28026
10.3496,0.28026
10.3897,0.28026
10.4299,0.28026
10.47,0.28026
10.5101,0.28026
10.5502,0.28026
10.5903,0.28026
10.6304,0.28026
10.6706,0.28026
10.7107,0.28026
10.7508,0.28026
10.7909,0.28026
10.8311,0.28026
10.8712,0.28026
10.9113,0.28026
10.9514,0.28026
10.9916,0.28026
11.0317,0.28026
11.0718,0.28026
11.1119,0.28026
11.1521,0.28026
11.1922,0.28026
11.2323,0.28026
11.2725,0.28026
11.3126,0.28026
11.3527,0.28026
11.3929,0.28026
11.433,0.28026
11.4732,0.28026
11.5133,0.28026
11.5534,0.28026
11.5936,0.28026
11.6337,0.28026
11.6739,0.28026
11.714,0.28026
11.7541,0.281645
11.7943,0.28303
11.8344,0.284415
11.8746,0.285801
11.9147,0.287186
11.9549,0.288571
11.995,0.289957
12.0352,0.291342
12.0753,0.292728
12.1155,0.294113
12.1556,0.295499
12.1958,0.296884
12.2359,0.29827
12.2761,0.299655
12.3162,0.301041
12.3564,0.302427
12.3965,0.303812
12.4367,0.305198
12.4769,0.306584
12.517,0.30797
12.5572,0.309355
12.5973,0.310741
12.6375,0.312127
12.6777,0.313513
12.7178,0.314899
12.758,0.316285
12.7981,0.31767
12.8383,0.319056
12.8785,0.320442
12.9186,0.321828
12.9588,0.323215
12.999,0.324601
13.0391,0.325987
13.0793,0.327373
13.1195,0.328759
13.1597,0.330145
13.1998,0.331531
13.24,0.332917
13.2802,0.334304
13.3203,0.33569
13.3605,0.337076
13.4007,0.338463
13.4409,0.339849
13.481,0.341235
13.5212,0.342622
13.5614,0.344008
13.6016,0.345395
13.6418,0.346781
13.6819,0.348167
13.7221,0.349554
13.7623,0.350941
13.8025,0.352327
13.8427,0.353714
13.8829,0.3551
13.923,0.356487
13.9632,0.357874
14.0034,0.35926
14.0436,0.360647
14.0838,0.362034
14.124,0.36342
14.1642,0.364807
14.2043,0.366194
14.2445,0.367581
14.2847,0.368968
14.3249,0.370354
14.3651,0.371741
14.4053,0.373128
14.4455,0.374515
14.4857,0.375902
14.5259,0.377289
14.5661,0.378676
14.6063,0.380063
14.6465,0.38145
14.6867,0.382837
14.7269,0.384224
14.7671,0.385611
14.8073,0.386998
14.8474,0.388385
14.8876,0.389773
14.9278,0.39116
14.968,0.392547
15.0083,0.393934
15.0485,0.395321
15.0887,0.396709
15.1289,0.398096
15.1691,0.399483
15.2093,0.400871
15.2495,0.402258
15.2897,0.403645
15.3299,0.405033
15.3701,0.40642
15.4103,0.407807
15.4505,0.409195
15.4907,0.410582
15.5309,0.41197
15.5711,0.413357
15.6113,0.414745
15.6515,0.416132
15.6918,0.41752
15.732,0.418908
15.7722,0.420295
15.8124,0.421683
15.8526,0.42307
15.8928,0.424458
15.933,0.425846
15.9732,0.427233
16.0135,0.428621
16.0537,0.430009
16.0939,0.431396
16.1341,0.432784
16.1743,0.434172
16.2145,0.43556
16.2548,0.436948
16.295,0.438335
16.3352,0.439723
16.3754,0.441111
16.4156,0.442499
16.4559,0.443887
16.4961,0.445275
16.5363,0.446663
16.5765,0.448051
16.6168,0.449439
16.657,0.450827
16.6972,0.452215
16.7374,0.453603
16.7776,0.454991
16.8179,0.456379
16.8581,0.457767
16.8983,0.459155
16.9385,0.460543
16.9788,0.461931
17.019,0.463319
17.0592,0.464707
17.0995,0.466095
17.1397,0.467483
17.1799,0.468872
17.2201,0.47026
17.2604,0.471648
17.3006,0.473036
17.3408,0.474424
17.3811,0.475813
17.4213,0.477201
17.4615,0.478589
17.5018,0.479978
17.542,0.481366
17.5822,0.482754
17.6225,0.484143
17.6627,0.485531
17.7029,0.486919
17.7432,0.488308
17.7834,0.489696
17.8236,0.491084
17.8639,0.492473
17.9041,0.493861
17.9443,0.49525
17.9846,0.496638
18.0248,0.498027
18.0651,0.499415
18.1053,0.500804
18.1455,0.502192
18.1858,0.503581
18.226,0.504969
18.2663,0.506358
18.3065,0.507746
18.3467,0.509135
18.387,0.510523
18.4272,0.511912
18.4675,0.513301
18.5077,0.514689
18.5479,0.516078
18.5882,0.517466
18.6284,0.518855
18.6687,0.520244
18.7089,0.521632
18.7492,0.523021
18.7894,0.52441
18.8296,0.525798
18.8699,0.527187
18.9101,0.528576
18.9504,0.529965
18.9906,0.531353
19.0309,0.532742
19.0711,0.534131
19.1114,0.53552
19.1516,0.536909
19.1919,0.538297
19.2321,0.539686
19.2724,0.541075
19.3126,0.542464
19.3528,0.543853
19.3931,0.545241
19.4333,0.54663
19.4736,0.548019
19.5138,0.549408
19.5541,0.550797
19.5943,0.552186
19.6346,0.553575
19.6748,0.554964
19.7151,0.556353
19.7553,0.557742
19.7956,0.55913
19.8358,0.560519
19.8761,0.561908
19.9163,0.563297
19.9566,0.564686
19.9969,0.566075
20.0371,0.567464
20.0774,0.568853
20.1176,0.570242
20.1579,0.571631
20.1981,0.57302
20.2384,0.574409
20.2786,0.575798
20.3189,0.577187
20.3591,0.578576
20.3994,0.579965
20.4396,0.581355
20.4799,0.582744
20.5201,0.584133
20.5604,0.585522
20.6007,0.586911
20.6409,0.5883
20.6812,0.589689
20.7214,0.591078
20.7617,0.592467
20.8019,0.593856
20.8422,0.595245
20.8825,0.596635
20.9227,0.598024
20.963,0.599413
21.0032,0.600802
21.0435,0.602191
21.0837,0.60358
21.124,0.604969
21.1643,0.606359
21.2045,0.607748
21.2448,0.609137
21.285,0.610526
21.3253,0.611915
21.3655,0.613305
21.4058,0.614694
21.4461,0.616083
21.4863,0.617472
21.5266,0.618861
21.5668,0.620251
21.6071,0.62164
21.6474,0.623029
21.6876,0.624418
21.7279,0.625807
21.7681,0.627197
21.8084,0.628586
21.8487,0.629975
21.8889,0.631364
21.9292,0.632754
21.9694,0.634143
22.0097,0.635532
22.05,0.636921
22.0902,0.638311
22.1305,0.6397
22.1707,0.641089
22.211,0.642478
22.2513,0.643868
22.2915,0.645257
22.3318,0.646646
22.372,0.648035
22.4123,0.649425
22.4526,0.650814
22.4928,0.652203
22.5331,0.653592
22.5733,0.654982
22.6136,0.656371
22.6539,0.65776
22.6941,0.65915
22.7344,0.660539
22.7746,0.661928
22.8149,0.663317
22.8552,0.664707
22.8954,0.666096
22.9357,0.667485
22.9759,0.668875
23.0162,0.670264
23.0565,0.671653
23.0967,0.673042
23.137,0.674432
23.1787,0.675873
23.222,0.677367
23.2669,0.678916
23.3135,0.680521
23.3617,0.682185
23.4116,0.683908
23.4633,0.685693
23.5169,0.687541
23.5723,0.689454
23.6297,0.691433
23.689,0.693481
23.7504,0.695598
23.8138,0.697788
23.8794,0.70005
23.9471,0.702387
24.0171,0.704801
24.0893,0.707292
24.1638,0.709864
24.2407,0.712516
24.3199,0.715251
24.4016,0.71807
24.4858,0.720974
24.5724,0.723964
24.6616,0.727042
24.7534,0.730209
24.8478,0.733465
24.9448,0.736812
25.0444,0.74025
25.1467,0.74378
25.2517,0.747402
25.3593,0.751117
25.4697,0.754925
25.5827,0.758825
25.6984,0.762819
25.8168,0.766904
25.9379,0.771082
26.0616,0.775351
26.1879,0.77971
26.3168,0.784158
26.4483,0.788695
26.5823,0.793318
26.7187,0.798026
26.8575,0.802816
26.9987,0.807688
27.1422,0.812638
27.2878,0.817663
27.4356,0.822762
27.5854,0.827931
27.7371,0.833166
27.8906,0.838465
28.0459,0.843824
28.2029,0.849239
28.3613,0.854706
28.5211,0.86022
28.6822,0.865778
28.8444,0.871376
29.0076,0.877007
29.1716,0.882669
29.3364,0.888355
29.5018,0.894062
29.6676,0.899784
29.8337,0.905516
30,0.911253
30.1663,0.91699
-0.0397757,0.838789
0,0.838789
0.0397757,0.838789
0.0795531,0.838789
0.119332,0.838789
0.159113,0.838789
0.198895,0.838789
0.238679,0.838789
0.278465,0.838789
0.318252,0.838789
0.358041,0.838789
0.397832,0.838789
0.437624,0.838789
0.477418,0.838789
0.517214,0.838789
0.557011,0.838789
0.59681,0.838789
0.636611,0.838789
0.676413,0.838789
0.716217,0.838789
0.756022,0.838789
0.795829,0.838789
0.835638,0.838789
0.875448,0.838789
0.91526,0.838789
0.955073,0.838789
0.994888,0.838789
1.0347,0.838789
1.07452,0.838789
1.11434,0.838789
1.15416,0.838789
1.19399,0.838789
1.23381,0.838789
1.27364,0.838789
1.31347,0.838789
1.3533,0.838789
1.39313,0.838789
1.43296,0.838789
1.47279,0.838789
1.51263,0.838789
1.55247,0.838789
1.59231,0.838789
1.63215,0.838789
1.67199,0.838789
1.71183,0.838789
1.75168,0.838789
1.79152,0.838789
1.83137,0.838789
1.87122,0.838789
1.91107,0.838789
1.95092,0.838789
1.99078,0.838789
2.03063,0.838789
2.07049,0.838789
2.11035,0.838789
2.15021,0.838789
2.19007,0.838789
2.22994,0.838789
2.2698,0.838789
2.30967,0.838789
2.34954,0.838789
2.38941,0.838789
2.42928,0.838789
2.46915,0.838789
2.50902,0.838789
2.5489,0.838789
2.58878,0.838789
2.62865,0.838789
2.66853,0.838789
2.70842,0.838789
2.7483,0.838789
2.78818,0.838789
2.82807,0.838789
2.86796,0.838789
2.90785,0.838789
2.94774,0.838789
2.98763,0.838789
3.02752,0.838789
3.06742,0.838789
3.10731,0.838789
3.14721,0.838789
3.18711,0.838789
3.22701,0.838789
3.26691,0.838789
3.30681,0.838789
3.34672,0.838789
3.38663,0.838789
3.42653,0.834122
3.46644,0.829456
3.50635,0.824789
3.54627,0.820122
3.58618,0.815455
3.62609,0.810787
3.66601,0.80612
3.70593,0.801452
3.74585,0.796784
3.78577,0.792116
3.82569,0.787448
3.86561,0.782779
3.90554,0.778111
3.94546,0.773442
3.98539,0.768773
4.02532,0.764104
4.06525,0.759435
4.10518,0.754766
4.14511,0.750096
4.18505,0.745427
4.22499,0.740757
4.26492,0.736087
4.30486,0.731417
4.3448,0.726746
4.38474,0.722076
4.42468,0.717405
4.46463,0.712735
4.50457,0.708064
4.54452,0.703393
4.58447,0.698721
4.62442,0.69405
4.66437,0.689378
4.70432,0.684707
4.74427,0.680035
4.78423,0.675363
4.82419,0.67069
4.86414,0.666018
4.9041,0.661346
4.94406,0.656673
4.98402,0.652
5.02399,0.647327
5.06395,0.642654
5.10392,0.637981
5.14388,0.633307
5.18385,0.628634
5.22382,0.62396
5.26379,0.619286
5.30376,0.614612
5.34373,0.609938
5.38371,0.605264
5.42369,0.600589
5.46366,0.595914
5.50364,0.59124
5.54362,0.586565
5.5836,0.58189
5.62358,0.577214
5.66357,0.572539
5.70355,0.567863
5.74354,0.558497
5.78352,0.54913
5.82351,0.539762
5.8635,0.530395
5.90349,0.521027
5.94349,0.511659
5.98348,0.50229
6.02347,0.492921
6.06347,0.483552
6.10347,0.474183
6.14347,0.464813
6.18347,0.455443
6.22347,0.446073
6.26347,0.436703
6.30347,0.427332
6.34348,0.417961
6.38348,0.408589
6.42349,0.399218
6.4635,0.394524
6.50351,0.38983
6.54352,0.385136
6.58353,0.380442
6.62354,0.375748
6.66356,0.371054
6.70357,0.366359
6.74359,0.361665
6.78361,0.35697
6.82363,0.352275
6.86365,0.34758
6.90367,0.342885
6.94369,0.338189
6.98372,0.333494
7.02374,0.328798
7.06377,0.324103
7.1038,0.319407
7.14382,0.314711
7.18385,0.310015
7.22388,0.305318
7.26392,0.300622
7.30395,0.295925
7.34398,0.295925
7.38402,0.295925
7.42406,0.295925
7.46409,0.295925
7.50413,0.295925
7.54417,0.295925
7.58421,0.295925
7.62426,0.295925
7.6643,0.295925
7.70434,0.295925
7.74439,0.295925
7.78444,0.295925
7.82448,0.295925
7.86453,0.295925
7.90458,0.295925
7.94464,0.295925
7.98469,0.295925
8.02474,0.295925
8.0648,0.295925
8.10485,0.295925
8.14491,0.295925
8.18497,0.295925
8.22503,0.295925
8.26509,0.295925
8.30515,0.295925
8.34521,0.295925
8.38527,0.295925
8.42534,0.295925
8.4654,0.295925
8.50547,0.295925
8.54554,0.295925
8.5856,0.295925
8.62567,0.295925
8.66574,0.295925
8.70582,0.295925
8.74589,0.295925
8.78596,0.295925
8.82604,0.295925
8.86611,0.295925
8.90619,0.295925
8.94627,0.295925
8.98635,0.295925
9.02643,0.295925
9.06651,0.295925
9.10659,0.295925
9.14668,0.295925
9.18676,0.295925
9.22684,0.295925
9.26693,0.295925
9.30702,0.295925
9.34711,0.295925
9.3872,0.295925
9.42729,0.295925
9.46738,0.295925
9.50747,0.295925
9.54756,0.295925
9.58766,0.295925
9.62775,0.295925
9.66785,0.295925
9.70795,0.295925
9.74804,0.295925
9.78814,0.295925
9.82824,0.295925
9.86834,0.295925
9.90845,0.295925
9.94855,0.295925
9.98865,0.295925
10.0288,0.295925
10.0689,0.295925
10.109,0.295925
10.1491,0.295925
10.1892,0.295925
10.2293,0.295925
10.2694,0.295925
10.3095,0.295925
10.3496,0.295925
10.3897,0.295925
10.4299,0.295925
10.47,0.295925
10.5101,0.295925
10.5502,0.295925
10.5903,0.295925
10.6304,0.295925
10.6706,0.295925
10.7107,0.295925
10.7508,0.295925
10.7909,0.295925
10.8311,0.295925
10.8712,0.295925
10.9113,0.295925
10.9514,0.295925
10.9916,0.295925
11.0317,0.295925
11.0718,0.295925
11.1119,0.295925
11.1521,0.295925
11.1922,0.295925
11.2323,0.295925
11.2725,0.295925
11.3126,0.295925
11.3527,0.295925
11.3929,0.295925
11.433,0.295925
11.4732,0.295925
11.5133,0.295925
11.5534,0.295925
11.5936,0.295925
11.6337,0.295925
11.6739,0.295925
11.714,0.295925
11.7541,0.297388
11.7943,0.298851
11.8344,0.300313
11.8746,0.301776
11.9147,0.303239
11.9549,0.304702
11.995,0.306165
12.0352,0.307627
12.0753,0.30909
12.1155,0.310553
12.1556,0.312016
12.1958,0.313479
12.2359,0.314942
12.2761,0.316405
12.3162,0.317868
12.3564,0.319331
12.3965,0.320794
12.4367,0.322258
12.4769,0.323721
12.517,0.325184
12.5572,0.326647
12.5973,0.32811
12.6375,0.329574
12.6777,0.331037
12.7178,0.3325
12.758,0.333964
12.7981,0.335427
12.8383,0.336891
12.8785,0.338354
12.9186,0.339818
12.9588,0.341281
12.999,0.342745
13.0391,0.344208
13.0793,0.345672
13.1195,0.347135
13.1597,0.348599
13.1998,0.350063
13.24,0.351526
13.2802,0.35299
13.3203,0.354454
13.3605,0.355918
13.4007,0.357382
13.4409,0.358845
13.481,0.360309
13.5212,0.361773
13.5614,0.363237
13.6016,0.364701
13.6418,0.366165
13.6819,0.367629
13.7221,0.369093
13.7623,0.370557
13.8025,0.372021
13.8427,0.373485
13.8829,0.374949
13.923,0.376413
13.9632,0.377877
14.0034,0.379342
14.0436,0.380806
14.0838,0.38227
14.124,0.383734
14.1642,0.385199
14.2043,0.386663
14.2445,0.388127
14.2847,0.389592
14.3249,0.391056
14.3651,0.39252
14.4053,0.393985
14.4455,0.395449
14.4857,0.396914
14.5259,0.398378
14.5661,0.399843
14.6063,0.401307
14.6465,0.402772
14.6867,0.404236
14.7269,0.405701
14.7671,0.407166
14.8073,0.40863
14.8474,0.410095
14.8876,0.41156
14.9278,0.413024
14.968,0.414489
15.0083,0.415954
15.0485,0.417419
15.0887,0.418883
15.1289,0.420348
15.1691,0.421813
15.2093,0.423278
15.2495,0.424743
15.2897,0.426208
15.3299,0.427673
15.3701,0.429138
15.4103,0.430603
15.4505,0.432068
15.4907,0.433533
15.5309,0.434998
15.5711,0.436463
15.6113,0.437928
15.6515,0.439393
15.6918,0.440858
15.732,0.442323
15.7722,0.443788
15.8124,0.445253
15.8526,0.446719
15.8928,0.448184
15.933,0.449649
15.9732,0.451114
16.0135,0.452579
16.0537,0.454045
16.0939,0.45551
16.1341,0.456975
16.1743,0.458441
16.2145,0.459906
16.2548,0.461371
16.295,0.462837
16.3352,0.464302
16.3754,0.465768
16.4156,0.467233
16.4559,0.468699
16.4961,0.470164
16.5363,0.47163
16.5765,0.473095
16.6168,0.474561
16.657,0.476026
16.6972,0.477492
16.7374,0.478957
16.7776,0.480423
16.8179,0.481889
16.8581,0.483354
16.8983,0.48482
16.9385,0.486286
16.9788,0.487751
17.019,0.489217
17.0592,0.490683
17.0995,0.492148
17.1397,0.493614
17.1799,0.49508
17.2201,0.496546
17.2604,0.498012
17.3006,0.499477
17.3408,0.500943
17.3811,0.502409
17.4213,0.503875
17.4615,0.505341
17.5018,0.506807
17.542,0.508273
17.5822,0.509739
17.6225,0.511204
17.6627,0.51267
17.7029,0.514136
17.7432,0.515602
17.7834,0.517068
17.8236,0.518534
17.8639,0.52
17.9041,0.521466
17.9443,0.522932
17.9846,0.524399
18.0248,0.525865
18.0651,0.527331
18.1053,0.528797
18.1455,0.530263
18.1858,0.531729
18.226,0.533195
18.2663,0.534661
18.3065,0.536128
18.3467,0.537594
18.387,0.53906
18.4272,0.540526
18.4675,0.541992
18.5077,0.543459
18.5479,0.544925
18.5882,0.546391
18.6284,0.547857
18.6687,0.549324
18.7089,0.55079
18.7492,0.552256
18.7894,0.553723
18.8296,0.555189
18.8699,0.556655
18.9101,0.558122
18.9504,0.559588
18.9906,0.561054
19.0309,0.562521
19.0711,0.563987
19.1114,0.565454
19.1516,0.56692
19.1919,0.568386
19.2321,0.569853
19.2724,0.571319
19.3126,0.572786
19.3528,0.574252
19.3931,0.575719
19.4333,0.577185
19.4736,0.578652
19.5138,0.580118
19.5541,0.581585
19.5943,0.583051
19.6346,0.584518
19.6748,0.585984
19.7151,0.587451
19.7553,0.588917
19.7956,0.590384
19.8358,0.591851
19.8761,0.593317
19.9163,0.594784
19.9566,0.59625
19.9969,0.597717
20.0371,0.599184
20.0774,0.60065
20.1176,0.602117
20.1579,0.603584
20.1981,0.60505
20.2384,0.606517
20.2786,0.607984
20.3189,0.60945
20.3591,0.610917
20.3994,0.612384
20.4396,0.61385
20.4799,0.615317
20.5201,0.616784
20.5604,0.61825
20.6007,0.619717
20.6409,0.621184
20.6812,0.622651
20.7214,0.624117
20.7617,0.625584
20.8019,0.627051
20.8422,0.628518
20.8825,0.629984
20.9227,0.631451
20.963,0.632918
21.0032,0.634385
21.0435,0.635852
21.0837,0.637318
21.124,0.638785
21.1643,0.640252
21.2045,0.641719
21.2448,0.643186
21.285,0.644653
21.3253,0.646119
21.3655,0.647586
21.4058,0.649053
21.4461,0.65052
21.4863,0.651987
21.5266,0.653454
21.5668,0.65492
21.6071,0.656387
21.6474,0.657854
21.6876,0.659321
21.7279,0.660788
21.7681,0.662255
21.8084,0.663722
21.8487,0.665189
21.8889,0.666655
21.9292,0.668122
21.9694,0.669589
22.0097,0.671056
22.05,0.672523
22.0902,0.67399
22.1305,0.675457
22.1707,0.676924
22.211,0.678391
22.2513,0.679858
22.2915,0.681325
22.3318,0.682791
22.372,0.684258
22.4123,0.685725
22.4526,0.687192
22.4928,0.688659
22.5331,0.690126
22.5733,0.691593
22.6136,0.69306
22.6539,0.694527
22.6941,0.695994
22.7344,0.697461
22.7746,0.698928
22.8149,0.700395
22.8552,0.701862
22.8954,0.703328
22.9357,0.704795
22.9759,0.706262
23.0162,0.707729
23.0565,0.709196
23.0967,0.710663
23.137,0.71213
23.1787,0.713652
23.222,0.715229
23.2669,0.716865
23.3135,0.71856
23.3617,0.720317
23.4116,0.722136
23.4633,0.724021
23.5169,0.725972
23.5723,0.727992
23.6297,0.730082
23.689,0.732244
23.7504,0.73448
23.8138,0.736792
23.8794,0.73918
23.9471,0.741648
24.0171,0.744197
24.0893,0.746828
24.1638,0.749543
24.2407,0.752344
24.3199,0.755231
24.4016,0.758208
24.4858,0.761274
24.5724,0.764432
24.6616,0.767682
24.7534,0.771025
24.8478,0.774464
24.9448,0.777998
25.0444,0.781628
25.1467,0.785355
25.2517,0.78918
25.3593,0.793102
25.4697,0.797123
25.5827,0.801241
25.6984,0.805458
25.8168,0.809772
25.9379,0.814183
26.0616,0.81869
26.1879,0.823293
26.3168,0.82799
26.4483,0.83278
26.5823,0.837662
26.7187,0.842633
26.8575,0.847691
26.9987,0.852835
27.1422,0.858062
27.2878,0.863368
27.4356,0.868752
27.5854,0.87421
27.7371,0.879738
27.8906,0.885333
28.0459,0.890991
28.2029,0.896708
28.3613,0.902481
28.5211,0.908304
28.6822,0.914172
28.8444,0.920083
29.0076,0.926029
29.1716,0.932007
29.3364,0.938011
29.5018,0.944037
29.6676,0.950079
29.8337,0.956131
30,0.962189
30.1663,0.968246
-0.0397757,0.869089
0,0.869089
0.0397757,0.869089
0.0795531,0.869089
0.119332,0.869089
0.159113,0.869089
0.198895,0.869089
0.238679,0.869089
0.278465,0.869089
0.318252,0.869089
0.358041,0.869089
0.397832,0.869089
0.437624,0.869089
0.477418,0.869089
0.517214,0.869089
0.557011,0.869089
0.59681,0.869089
0.636611,0.869089
0.676413,0.869089
0.716217,0.869089
0.756022,0.869089
0.795829,0.869089
0.835638,0.869089
0.875448,0.869089
0.91526,0.869089
0.955073,0.869089
0.994888,0.869089
1.0347,0.869089
1.07452,0.869089
1.11434,0.869089
1.15416,0.869089
1.19399,0.869089
1.23381,0.869089
1.27364,0.869089
1.31347,0.869089
1.3533,0.869089
1.39313,0.869089
1.43296,0.869089
1.47279,0.869089
1.51263,0.869089
1.55247,0.869089
1.59231,0.869089
1.63215,0.869089
1.67199,0.869089
1.71183,0.869089
1.75168,0.869089
1.79152,0.869089
1.83137,0.869089
1.87122,0.869089
1.91107,0.869089
1.95092,0.869089
1.99078,0.869089
2.03063,0.869089
2.07049,0.869089
2.11035,0.869089
2.15021,0.869089
2.19007,0.869089
2.22994,0.869089
2.2698,0.869089
2.30967,0.869089
2.34954,0.869089
2.38941,0.869089
2.42928,0.869089
2.46915,0.869089
2.50902,0.869089
2.5489,0.869089
2.58878,0.869089
2.62865,0.869089
2.66853,0.869089
2.70842,0.869089
2.7483,0.869089
2.78818,0.869089
2.82807,0.869089
2.86796,0.869089
2.90785,0.869089
2.94774,0.869089
2.98763,0.869089
3.02752,0.869089
3.06742,0.869089
3.10731,0.869089
3.14721,0.869089
3.18711,0.869089
3.22701,0.869089
3.26691,0.869089
3.30681,0.869089
3.34672,0.869089
3.38663,0.869089
3.42653,0.864175
3.46644,0.859261
3.50635,0.854347
3.54627,0.849433
3.58618,0.844518
3.62609,0.839604
3.66601,0.834689
3.70593,0.829774
3.74585,0.824859
3.78577,0.819944
3.82569,0.815028
3.86561,0.810113
3.90554,0.805197
3.94546,0.800281
3.98539,0.795365
4.02532,0.790449
4.06525,0.785532
4.10518,0.780616
4.14511,0.775699
4.18505,0.770782
4.22499,0.765865
4.26492,0.760948
4.30486,0.75603
4.3448,0.751112
4.38474,0.746195
4.42468,0.741277
4.46463,0.736358
4.50457,0.73144
4.54452,0.726522
4.58447,0.721603
4.62442,0.716684
4.66437,0.711765
4.70432,0.706846
4.74427,0.701927
4.78423,0.697007
4.82419,0.692088
4.86414,0.687168
4.9041,0.682248
4.94406,0.677328
4.98402,0.672407
5.02399,0.667487
5.06395,0.662566
5.10392,0.657646
5.14388,0.652725
5.18385,0.647804
5.22382,0.642882
5.26379,0.637961
5.30376,0.633039
5.34373,0.628118
5.38371,0.623196
5.42369,0.618274
5.46366,0.613351
5.50364,0.608429
5.54362,0.603507
5.5836,0.598584
5.62358,0.593661
5.66357,0.588738
5.70355,0.583815
5.74354,0.574305
5.78352,0.564795
5.82351,0.555284
5.8635,0.545773
5.90349,0.536262
5.94349,0.526751
5.98348,0.517239
6.02347,0.507727
6.06347,0.498215
6.10347,0.488702
6.14347,0.479189
6.18347,0.469676
6.22347,0.460163
6.26347,0.450649
6.30347,0.441135
6.34348,0.43162
6.38348,0.422106
6.42349,0.412591
6.4635,0.408002
6.50351,0.403412
6.54352,0.398823
6.58353,0.394233
6.62354,0.389644
6.66356,0.385054
6.70357,0.380464
6.74359,0.375874
6.78361,0.371283
6.82363,0.366693
6.86365,0.362102
6.90367,0.357512
6.94369,0.352921
6.98372,0.34833
7.02374,0.343739
7.06377,0.339148
7.1038,0.334556
7.14382,0.329965
7.18385,0.325373
7.22388,0.320781
7.26392,0.31619
7.30395,0.311598
7.34398,0.311598
7.38402,0.311598
7.42406,0.311598
7.46409,0.311598
7.50413,0.311598
7.54417,0.311598
7.58421,0.311598
7.62426,0.311598
7.6643,0.311598
7.70434,0.311598
7.74439,0.311598
7.78444,0.311598
7.82448,0.311598
7.86453,0.311598
7.90458,0.311598
7.94464,0.311598
7.98469,0.311598
8.02474,0.311598
8.0648,0.311598
8.10485,0.311598
8.14491,0.311598
8.18497,0.311598
8.22503,0.311598
8.26509,0.311598
8.30515,0.311598
8.34521,0.311598
8.38527,0.311598
8.42534,0.311598
8.4654,0.311598
8.50547,0.311598
8.54554,0.311598
8.5856,0.311598
8.62567,0.311598
8.66574,0.311598
8.70582,0.311598
8.74589,0.311598
8.78596,0.311598
8.82604,0.311598
8.86611,0.311598
8.90619,0.311598
8.94627,0.311598
8.98635,0.311598
9.02643,0.311598
9.06651,0.311598
9.10659,0.311598
9.14668,0.311598
9.18676,0.311598
9.22684,0.311598
9.26693,0.311598
9.30702,0.311598
9.34711,0.311598
9.3872,0.311598
9.42729,0.311598
9.46738,0.311598
9.50747,0.311598
9.54756,0.311598
9.58766,0.311598
9.62775,0.311598
9.66785,0.311598
9.70795,0.311598
9.74804,0.311598
9.78814,0.311598
9.82824,0.311598
9.86834,0.311598
9.90845,0.311598
9.94855,0.311598
9.98865,0.311598
10.0288,0.311598
10.0689,0.311598
10.109,0.311598
10.1491,0.311598
10.1892,0.311598
10.2293,0.311598
10.2694,0.311598
10.3095,0.311598
10.3496,0.311598
10.3897,0.311598
10.4299,0.311598
10.47,0.311598
10.5101,0.311598
10.5502,0.311598
10.5903,0.311598
10.6304,0.311598
10.6706,0.311598
10.7107,0.311598
10.7508,0.311598
10.7909,0.311598
10.8311,0.311598
10.8712,0.311598
10.9113,0.311598
10.9514,0.311598
10.9916,0.311598
11.0317,0.311598
11.0718,0.311598
11.1119,0.311598
11.1521,0.311598
11.1922,0.311598
11.2323,0.311598
11.2725,0.311598
11.3126,0.311598
11.3527,0.311598
11.3929,0.311598
11.433,0.311598
11.4732,0.311598
11.5133,0.311598
11.5534,0.311598
11.5936,0.311598
11.6337,0.311598
11.6739,0.311598
11.714,0.311598
11.7541,0.313138
11.7943,0.314678
11.8344,0.316218
11.8746,0.317758
11.9147,0.319298
11.9549,0.320839
11.995,0.322379
12.0352,0.323919
12.0753,0.32546
12.1155,0.327
12.1556,0.328541
12.1958,0.330081
12.2359,0.331621
12.2761,0.333162
12.3162,0.334703
12.3564,0.336243
12.3965,0.337784
12.4367,0.339324
12.4769,0.340865
12.517,0.342406
12.5572,0.343947
12.5973,0.345487
12.6375,0.347028
12.6777,0.348569
12.7178,0.35011
12.758,0.351651
12.7981,0.353192
12.8383,0.354732
12.8785,0.356273
12.9186,0.357814
12.9588,0.359355
12.999,0.360896
13.0391,0.362438
13.0793,0.363979
13.1195,0.36552
13.1597,0.367061
13.1998,0.368602
13.24,0.370143
13.2802,0.371685
13.3203,0.373226
13.3605,0.374767
13.4007,0.376309
13.4409,0.37785
13.481,0.379391
13.5212,0.380933
13.5614,0.382474
13.6016,0.384016
13.6418,0.385557
13.6819,0.387099
13.7221,0.38864
13.7623,0.390182
13.8025,0.391723
13.8427,0.393265
13.8829,0.394807
13.923,0.396348
13.9632,0.39789
14.0034,0.399432
14.0436,0.400973
14.0838,0.402515
14.124,0.404057
14.1642,0.405599
14.2043,0.407141
14.2445,0.408683
14.2847,0.410224
14.3249,0.411766
14.3651,0.413308
14.4053,0.41485
14.4455,0.416392
14.4857,0.417934
14.5259,0.419476
14.5661,0.421018
14.6063,0.422561
14.6465,0.424103
14.6867,0.425645
14.7269,0.427187
14.7671,0.428729
14.8073,0.430271
14.8474,0.431814
14.8876,0.433356
14.9278,0.434898
14.968,0.43644
15.0083,0.437983
15.0485,0.439525
15.0887,0.441068
15.1289,0.44261
15.1691,0.444152
15.2093,0.445695
15.2495,0.447237
15.2897,0.44878
15.3299,0.450322
15.3701,0.451865
15.4103,0.453407
15.4505,0.45495
15.4907,0.456493
15.5309,0.458035
15.5711,0.459578
15.6113,0.46112
15.6515,0.462663
15.6918,0.464206
15.732,0.465749
15.7722,0.467291
15.8124,0.468834
15.8526,0.470377
15.8928,0.47192
15.933,0.473462
15.9732,0.475005
16.0135,0.476548
16.0537,0.478091
16.0939,0.479634
16.1341,0.481177
16.1743,0.48272
16.2145,0.484263
16.2548,0.485806
16.295,0.487349
16.3352,0.488892
16.3754,0.490435
16.4156,0.491978
16.4559,0.493521
16.4961,0.495064
16.5363,0.496607
16.5765,0.49815
16.6168,0.499694
16.657,0.501237
16.6972,0.50278
16.7374,0.504323
16.7776,0.505866
16.8179,0.50741
16.8581,0.508953
16.8983,0.510496
16.9385,0.512039
16.9788,0.513583
17.019,0.515126
17.0592,0.516669
17.0995,0.518213
17.1397,0.519756
17.1799,0.521299
17.2201,0.522843
17.2604,0.524386
17.3006,0.52593
17.3408,0.527473
17.3811,0.529017
17.4213,0.53056
17.4615,0.532104
17.5018,0.533647
17.542,0.535191
17.5822,0.536734
17.6225,0.538278
17.6627,0.539822
17.7029,0.541365
17.7432,0.542909
17.7834,0.544452
17.8236,0.545996
17.8639,0.54754
17.9041,0.549083
17.9443,0.550627
17.9846,0.552171
18.0248,0.553715
18.0651,0.555258
18.1053,0.556802
18.1455,0.558346
18.1858,0.55989
18.226,0.561433
18.2663,0.562977
18.3065,0.564521
18.3467,0.566065
18.387,0.567609
18.4272,0.569153
18.4675,0.570696
18.5077,0.57224
18.5479,0.573784
18.5882,0.575328
18.6284,0.576872
18.6687,0.578416
18.7089,0.57996
18.7492,0.581504
18.7894,0.583048
18.8296,0.584592
18.8699,0.586136
18.9101,0.58768
18.9504,0.589224
18.9906,0.590768
19.0309,0.592312
19.0711,0.593856
19.1114,0.5954
19.1516,0.596944
19.1919,0.598488
19.2321,0.600032
19.2724,0.601576
19.3126,0.603121
19.3528,0.604665
19.3931,0.606209
19.4333,0.607753
19.4736,0.609297
19.5138,0.610841
19.5541,0.612386
19.5943,0.61393
19.6346,0.615474
19.6748,0.617018
19.7151,0.618562
19.7553,0.620107
19.7956,0.621651
19.8358,0.623195
19.8761,0.624739
19.9163,0.626284
19.9566,0.627828
19.9969,0.629372
20.0371,0.630917
20.0774,0.632461
20.1176,0.634005
20.1579,0.635549
20.1981,0.637094
20.2384,0.638638
20.2786,0.640182
20.3189,0.641727
20.3591,0.643271
20.3994,0.644816
20.4396,0.64636
20.4799,0.647904
20.5201,0.649449
20.5604,0.650993
20.6007,0.652538
20.6409,0.654082
20.6812,0.655626
20.7214,0.657171
20.7617,0.658715
20.8019,0.66026
20.8422,0.661804
20.8825,0.663349
20.9227,0.664893
20.963,0.666438
21.0032,0.667982
21.0435,0.669527
21.0837,0.671071
21.124,0.672615
21.1643,0.67416
21.2045,0.675704
21.2448,0.677249
21.285,0.678793
21.3253,0.680338
21.3655,0.681883
21.4058,0.683427
21.4461,0.684972
21.4863,0.686516
21.5266,0.688061
21.5668,0.689605
21.6071,0.69115
21.6474,0.692694
21.6876,0.694239
21.7279,0.695783
21.7681,0.697328
21.8084,0.698873
21.8487,0.700417
21.8889,0.701962
21.9292,0.703506
21.9694,0.705051
22.0097,0.706595
22.05,0.70814
22.0902,0.709685
22.1305,0.711229
22.1707,0.712774
22.211,0.714318
22.2513,0.715863
22.2915,0.717408
22.3318,0.718952
22.372,0.720497
22.4123,0.722041
22.4526,0.723586
22.4928,0.725131
22.5331,0.726675
22.5733,0.72822
22.6136,0.729765
22.6539,0.731309
22.6941,0.732854
22.7344,0.734398
22.7746,0.735943
22.8149,0.737488
22.8552,0.739032
22.8954,0.740577
22.9357,0.742122
22.9759,0.743666
23.0162,0.745211
23.0565,0.746755
23.0967,0.7483
23.137,0.749845
23.1787,0.751447
23.222,0.753108
23.2669,0.75483
23.3135,0.756615
23.3617,0.758465
23.4116,0.760381
23.4633,0.762365
23.5169,0.76442
23.5723,0.766547
23.6297,0.768747
23.689,0.771024
23.7504,0.773378
23.8138,0.775812
23.8794,0.778327
23.9471,0.780926
24.0171,0.78361
24.0893,0.78638
24.1638,0.789239
24.2407,0.792188
24.3199,0.795229
24.4016,0.798362
24.4858,0.801591
24.5724,0.804916
24.6616,0.808338
24.7534,0.811859
24.8478,0.81548
24.9448,0.819201
25.0444,0.823023
25.1467,0.826948
25.2517,0.830975
25.3593,0.835105
25.4697,0.839338
25.5827,0.843675
25.6984,0.848115
25.8168,0.852657
25.9379,0.857302
26.0616,0.862048
26.1879,0.866895
26.3168,0.871841
26.4483,0.876885
26.5823,0.882024
26.7187,0.887259
26.8575,0.892585
26.9987,0.898001
27.1422,0.903505
27.2878,0.909092
27.4356,0.914761
27.5854,0.920508
27.7371,0.926329
27.8906,0.93222
28.0459,0.938178
28.2029,0.944198
28.3613,0.950276
28.5211,0.956408
28.6822,0.962587
28.8444,0.96881
29.0076,0.975072
29.1716,0.981366
29.3364,0.987689
29.5018,0.994034
29.6676,1.0004
29.8337,1.00677
30,1.01315
30.1663,1.01952
-0.0397757,0.8994
0,0.8994
0.0397757,0.8994
0.0795531,0.8994
0.119332,0.8994
0.159113,0.8994
0.198895,0.8994
0.238679,0.8994
0.278465,0.8994
0.318252,0.8994
0.358041,0.8994
0.397832,0.8994
0.437624,0.8994
0.477418,0.8994
0.517214,0.8994
0.557011,0.8994
0.59681,0.8994
0.636611,0.8994
0.676413,0.8994
0.716217,0.8994
0.756022,0.8994
0.795829,0.8994
0.835638,0.8994
0.875448,0.8994
0.91526,0.8994
0.955073,0.8994
0.994888,0.8994
1.0347,0.8994
1.07452,0.8994
1.11434,0.8994
1.15416,0.8994
1.19399,0.8994
1.23381,0.8994
1.27364,0.8994
1.31347,0.8994
1.3533,0.8994
1.39313,0.8994
1.43296,0.8994
1.47279,0.8994
1.51263,0.8994
1.55247,0.8994
1.59231,0.8994
1.63215,0.8994
1.67199,0.8994
1.71183,0.8994
1.75168,0.8994
1.79152,0.8994
1.83137,0.8994
1.87122,0.8994
1.91107,0.8994
1.95092,0.8994
1.99078,0.8994
2.03063,0.8994
2.07049,0.8994
2.11035,0.8994
2.15021,0.8994
2.19007,0.8994
2.22994,0.8994
2.2698,0.8994
2.30967,0.8994
2.34954,0.8994
2.38941,0.8994
2.42928,0.8994
2.46915,0.8994
2.50902,0.8994
2.5489,0.8994
2.58878,0.8994
2.62865,0.8994
2.66853,0.8994
2.70842,0.8994
2.7483,0.8994
2.78818,0.8994
2.82807,0.8994
2.86796,0.8994
2.90785,0.8994
2.94774,0.8994
2.98763,0.8994
3.02752,0.8994
3.06742,0.8994
3.10731,0.8994
3.14721,0.8994
3.18711,0.8994
3.22701,0.8994
3.26691,0.8994
3.30681,0.8994
3.34672,0.8994
3.38663,0.8994
3.42653,0.894239
3.46644,0.889078
3.50635,0.883917
3.54627,0.878756
3.58618,0.873594
3.62609,0.868432
3.66601,0.86327
3.70593,0.858108
3.74585,0.852945
3.78577,0.847783
3.82569,0.84262
3.86561,0.837457
3.90554,0.832294
3.94546,0.827131
3.98539,0.821967
4.02532,0.816804
4.06525,0.81164
4.10518,0.806476
4.14511,0.801312
4.18505,0.796147
4.22499,0.790983
4.26492,0.785818
4.30486,0.780653
4.3448,0.775488
4.38474,0.770323
4.42468,0.765157
4.46463,0.759992
4.50457,0.754826
4.54452,0.74966
4.58447,0.744494
4.62442,0.739327
4.66437,0.734161
4.70432,0.728994
4.74427,0.723827
4.78423,0.71866
4.82419,0.713493
4.86414,0.708326
4.9041,0.703158
4.94406,0.697991
4.98402,0.692823
5.02399,0.687655
5.06395,0.682487
5.10392,0.677318
5.14388,0.67215
5.18385,0.666981
5.22382,0.661812
5.26379,0.656643
5.30376,0.651474
5.34373,0.646304
5.38371,0.641135
5.42369,0.635965
5.46366,0.630795
5.50364,0.625625
5.54362,0.620455
5.5836,0.615285
5.62358,0.610114
5.66357,0.604943
5.70355,0.599773
5.74354,0.590119
5.78352,0.580466
5.82351,0.570812
5.8635,0.561158
5.90349,0.551504
5.94349,0.541849
5.98348,0.532194
6.02347,0.522539
6.06347,0.512883
6.10347,0.503227
6.14347,0.493571
6.18347,0.483914
6.22347,0.474258
6.26347,0.4646
6.30347,0.454943
6.34348,0.445285
6.38348,0.435627
6.42349,0.425969
6.4635,0.421484
6.50351,0.417
6.54352,0.412515
6.58353,0.40803
6.62354,0.403545
6.66356,0.399059
6.70357,0.394574
6.74359,0.390088
6.78361,0.385602
6.82363,0.381117
6.86365,0.376631
6.90367,0.372144
6.94369,0.367658
6.98372,0.363172
7.02374,0.358685
7.06377,0.354199
7.1038,0.349712
7.14382,0.345225
7.18385,0.340738
7.22388,0.336251
7.26392,0.331763
7.30395,0.327276
7.34398,0.327276
7.38402,0.327276
7.42406,0.327276
7.46409,0.327276
7.50413,0.327276
7.54417,0.327276
7.58421,0.327276
7.62426,0.327276
7.6643,0.327276
7.70434,0.327276
7.74439,0.327276
7.78444,0.327276
7.82448,0.327276
7.86453,0.327276
7.90458,0.327276
7.94464,0.327276
7.98469,0.327276
8.02474,0.327276
8.0648,0.327276
8.10485,0.327276
8.14491,0.327276
8.18497,0.327276
8.22503,0.327276
8.26509,0.327276
8.30515,0.327276
8.34521,0.327276
8.38527,0.327276
8.42534,0.327276
8.4654,0.327276
8.50547,0.327276
8.54554,0.327276
8.5856,0.327276
8.62567,0.327276
8.66574,0.327276
8.70582,0.327276
8.74589,0.327276
8.78596,0.327276
8.82604,0.327276
8.86611,0.327276
8.90619,0.327276
8.94627,0.327276
8.98635,0.327276
9.02643,0.327276
9.06651,0.327276
9.10659,0.327276
9.14668,0.327276
9.18676,0.327276
9.22684,0.327276
9.26693,0.327276
9.30702,0.327276
9.34711,0.327276
9.3872,0.327276
9.42729,0.327276
9.46738,0.327276
9.50747,0.327276
9.54756,0.327276
9.58766,0.327276
9.62775,0.327276
9.66785,0.327276
9.70795,0.327276
9.74804,0.327276
9.78814,0.327276
9.82824,0.327276
9.86834,0.327276
9.90845,0.327276
9.94855,0.327276
9.98865,0.327276
10.0288,0.327276
10.0689,0.327276
10.109,0.327276
10.1491,0.327276
10.1892,0.327276
10.2293,0.327276
10.2694,0.327276
10.3095,0.327276
10.3496,0.327276
10.3897,0.327276
10.4299,0.327276
10.47,0.327276
10.5101,0.327276
10.5502,0.327276
10.5903,0.327276
10.6304,0.327276
10.6706,0.327276
10.7107,0.327276
10.7508,0.327276
10.7909,0.327276
10.8311,0.327276
10.8712,0.327276
10.9113,0.327276
10.9514,0.327276
10.9916,0.327276
11.0317,0.327276
11.0718,0.327276
11.1119,0.327276
11.1521,0.327276
11.1922,0.327276
11.2323,0.327276
11.2725,0.327276
11.3126,0.327276
11.3527,0.327276
11.3929,0.327276
11.433,0.327276
11.4732,0.327276
11.5133,0.327276
11.5534,0.327276
11.5936,0.327276
11.6337,0.327276
11.6739,0.327276
11.714,0.327276
11.7541,0.328894
11.7943,0.330511
11.8344,0.332129
11.8746,0.333747
11.9147,0.335364
11.9549,0.336982
11.995,0.3386
12.0352,0.340218
12.0753,0.341836
12.1155,0.343454
12.1556,0.345072
12.1958,0.346689
12.2359,0.348307
12.2761,0.349926
12.3162,0.351544
12.3564,0.353162
12.3965,0.35478
12.4367,0.356398
12.4769,0.358016
12.517,0.359634
12.5572,0.361253
12.5973,0.362871
12.6375,0.364489
12.6777,0.366108
12.7178,0.367726
12.758,0.369344
12.7981,0.370963
12.8383,0.372581
12.8785,0.3742
12.9186,0.375818
12.9588,0.377437
12.999,0.379056
13.0391,0.380674
13.0793,0.382293
13.1195,0.383911
13.1597,0.38553
13.1998,0.387149
13.24,0.388768
13.2802,0.390386
13.3203,0.392005
13.3605,0.393624
13.4007,0.395243
13.4409,0.396862
13.481,0.398481
13.5212,0.4001
13.5614,0.401719
13.6016,0.403338
13.6418,0.404957
13.6819,0.406576
13.7221,0.408195
13.7623,0.409814
13.8025,0.411433
13.8427,0.413053
13.8829,0.414672
13.923,0.416291
13.9632,0.41791
14.0034,0.41953
14.0436,0.421149
14.0838,0.422768
14.124,0.424388
14.1642,0.426007
14.2043,0.427627
14.2445,0.429246
14.2847,0.430865
14.3249,0.432485
14.3651,0.434105
14.4053,0.435724
14.4455,0.437344
14.4857,0.438963
14.5259,0.440583
14.5661,0.442203
14.6063,0.443822
14.6465,0.445442
14.6867,0.447062
14.7269,0.448682
14.7671,0.450301
14.8073,0.451921
14.8474,0.453541
14.8876,0.455161
14.9278,0.456781
14.968,0.458401
15.0083,0.460021
15.0485,0.461641
15.0887,0.46326
15.1289,0.46488
15.1691,0.466501
15.2093,0.468121
15.2495,0.469741
15.2897,0.471361
15.3299,0.472981
15.3701,0.474601
15.4103,0.476221
15.4505,0.477841
15.4907,0.479462
15.5309,0.481082
15.5711,0.482702
15.6113,0.484322
15.6515,0.485943
15.6918,0.487563
15.732,0.489183
15.7722,0.490804
15.8124,0.492424
15.8526,0.494045
15.8928,0.495665
15.933,0.497285
15.9732,0.498906
16.0135,0.500526
16.0537,0.502147
16.0939,0.503767
16.1341,0.505388
16.1743,0.507009
16.2145,0.508629
16.2548,0.51025
16.295,0.51187
16.3352,0.513491
16.3754,0.515112
16.4156,0.516732
16.4559,0.518353
16.4961,0.519974
16.5363,0.521595
16.5765,0.523215
16.6168,0.524836
16.657,0.526457
16.6972,0.528078
16.7374,0.529699
16.7776,0.53132
16.8179,0.532941
16.8581,0.534561
16.8983,0.536182
16.9385,0.537803
16.9788,0.539424
17.019,0.541045
17.0592,0.542666
17.0995,0.544287
17.1397,0.545908
17.1799,0.547529
17.2201,0.54915
17.2604,0.550772
17.3006,0.552393
17.3408,0.554014
17.3811,0.555635
17.4213,0.557256
17.4615,0.558877
17.5018,0.560498
17.542,0.56212
17.5822,0.563741
17.6225,0.565362
17.6627,0.566983
17.7029,0.568605
17.7432,0.570226
17.7834,0.571847
17.8236,0.573469
17.8639,0.57509
17.9041,0.576711
17.9443,0.578333
17.9846,0.579954
18.0248,0.581575
18.0651,0.583197
18.1053,0.584818
18.1455,0.58644
18.1858,0.588061
18.226,0.589683
18.2663,0.591304
18.3065,0.592926
18.3467,0.594547
18.387,0.596169
18.4272,0.59779
18.4675,0.599412
18.5077,0.601033
18.5479,0.602655
18.5882,0.604277
18.6284,0.605898
18.6687,0.60752
18.7089,0.609141
18.7492,0.610763
18.7894,0.612385
18.8296,0.614006
18.8699,0.615628
18.9101,0.61725
18.9504,0.618871
18.9906,0.620493
19.0309,0.622115
19.0711,0.623737
19.1114,0.625358
19.1516,0.62698
19.1919,0.628602
19.2321,0.630224
19.2724,0.631846
19.3126,0.633467
19.3528,0.635089
19.3931,0.636711
19.4333,0.638333
19.4736,0.639955
19.5138,0.641577
19.5541,0.643199
19.5943,0.64482
19.6346,0.646442
19.6748,0.648064
19.7151,0.649686
19.7553,0.651308
19.7956,0.65293
19.8358,0.654552
19.8761,0.656174
19.9163,0.657796
19.9566,0.659418
19.9969,0.66104
20.0371,0.662662
20.0774,0.664284
20.1176,0.665906
20.1579,0.667528
20.1981,0.66915
20.2384,0.670772
20.2786,0.672394
20.3189,0.674016
20.3591,0.675638
20.3994,0.67726
20.4396,0.678882
20.4799,0.680505
20.5201,0.682127
20.5604,0.683749
20.6007,0.685371
20.6409,0.686993
20.6812,0.688615
20.7214,0.690237
20.7617,0.691859
20.8019,0.693482
20.8422,0.695104
20.8825,0.696726
20.9227,0.698348
20.963,0.69997
21.0032,0.701592
21.0435,0.703215
21.0837,0.704837
21.124,0.706459
21.1643,0.708081
21.2045,0.709703
21.2448,0.711326
21.285,0.712948
21.3253,0.71457
21.3655,0.716192
21.4058,0.717815
21.4461,0.719437
21.4863,0.721059
21.5266,0.722681
21.5668,0.724304
21.6071,0.725926
21.6474,0.727548
21.6876,0.72917
21.7279,0.730793
21.7681,0.732415
21.8084,0.734037
21.8487,0.73566
21.8889,0.737282
21.9292,0.738904
21.9694,0.740526
22.0097,0.742149
22.05,0.743771
22.0902,0.745393
22.1305,0.747016
22.1707,0.748638
22.211,0.75026
22.2513,0.751883
22.2915,0.753505
22.3318,0.755127
22.372,0.75675
22.4123,0.758372
22.4526,0.759994
22.4928,0.761617
22.5331,0.763239
22.5733,0.764861
22.6136,0.766484
22.6539,0.768106
22.6941,0.769728
22.7344,0.771351
22.7746,0.772973
22.8149,0.774595
22.8552,0.776218
22.8954,0.77784
22.9357,0.779462
22.9759,0.781085
23.0162,0.782707
23.0565,0.784329
23.0967,0.785952
23.137,0.787574
23.1787,0.789257
23.222,0.791002
23.2669,0.79281
23.3135,0.794685
23.3617,0.796628
23.4116,0.79864
23.4633,0.800725
23.5169,0.802883
23.5723,0.805117
23.6297,0.807428
23.689,0.809819
23.7504,0.812292
23.8138,0.814848
23.8794,0.81749
23.9471,0.820219
24.0171,0.823038
24.0893,0.825948
24.1638,0.82895
24.2407,0.832048
24.3199,0.835241
24.4016,0.838533
24.4858,0.841924
24.5724,0.845417
24.6616,0.849011
24.7534,0.852709
24.8478,0.856512
24.9448,0.86042
25.0444,0.864435
25.1467,0.868557
25.2517,0.872786
25.3593,0.877124
25.4697,0.881571
25.5827,0.886126
25.6984,0.890789
25.8168,0.89556
25.9379,0.900438
26.0616,0.905423
26.1879,0.910514
26.3168,0.915709
26.4483,0.921006
26.5823,0.926405
26.7187,0.931902
26.8575,0.937497
26.9987,0.943186
27.1422,0.948966
27.2878,0.954835
27.4356,0.960789
27.5854,0.966824
27.7371,0.972938
27.8906,0.979126
28.0459,0.985384
28.2029,0.991707
28.3613,0.998091
28.5211,1.00453
28.6822,1.01102
28.8444,1.01756
29.0076,1.02413
29.1716,1.03075
29.3364,1.03739
29.5018,1.04405
29.6676,1.05073
29.8337,1.05742
30,1.06412
30.1663,1.07082
-0.0397757,0.929723
0,0.929723
0.0397757,0.929723
0.0795531,0.929723
0.119332,0.929723
0.159113,0.929723
0.198895,0.929723
0.238679,0.929723
0.278465,0.929723
0.318252,0.929723
0.358041,0.929723
0.397832,0.929723
0.437624,0.929723
0.477418,0.929723
0.517214,0.929723
0.557011,0.929723
0.59681,0.929723
0.636611,0.929723
0.676413,0.929723
0.716217,0.929723
0.756022,0.929723
0.795829,0.929723
0.835638,0.929723
0.875448,0.929723
0.91526,0.929723
0.955073,0.929723
0.994888,0.929723
1.0347,0.929723
1.07452,0.929723
1.11434,0.929723
1.15416,0.929723
1.19399,0.929723
1.23381,0.929723
1.27364,0.929723
1.31347,0.929723
1.3533,0.929723
1.39313,0.929723
1.43296,0.929723
1.47279,0.929723
1.51263,0.929723
1.55247,0.929723
1.59231,0.929723
1.63215,0.929723
1.67199,0.929723
1.71183,0.929723
1.75168,0.929723
1.79152,0.929723
1.83137,0.929723
1.87122,0.929723
1.91107,0.929723
1.95092,0.929723
1.99078,0.929723
2.03063,0.929723
2.07049,0.929723
2.11035,0.929723
2.15021,0.929723
2.19007,0.929723
2.22994,0.929723
2.2698,0.929723
2.30967,0.929723
2.34954,0.929723
2.38941,0.929723
2.42928,0.929723
2.46915,0.929723
2.50902,0.929723
2.5489,0.929723
2.58878,0.929723
2.62865,0.929723
2.66853,0.929723
2.70842,0.929723
2.7483,0.929723
2.78818,0.929723
2.82807,0.929723
2.86796,0.929723
2.90785,0.929723
2.94774,0.929723
2.98763,0.929723
3.02752,0.929723
3.06742,0.929723
3.10731,0.929723
3.14721,0.929723
3.18711,0.929723
3.22701,0.929723
3.26691,0.929723
3.30681,0.929723
3.34672,0.929723
3.38663,0.929723
3.42653,0.924315
3.46644,0.918906
3.50635,0.913498
3.54627,0.908089
3.58618,0.90268
3.62609,0.897271
3.66601,0.891861
3.70593,0.886452
3.74585,0.881042
3.78577,0.875632
3.82569,0.870222
3.86561,0.864811
3.90554,0.859401
3.94546,0.85399
3.98539,0.848579
4.02532,0.843168
4.06525,0.837757
4.10518,0.832345
4.14511,0.826933
4.18505,0.821522
4.22499,0.81611
4.26492,0.810697
4.30486,0.805285
4.3448,0.799872
4.38474,0.794459
4.42468,0.789047
4.46463,0.783633
4.50457,0.77822
4.54452,0.772806
4.58447,0.767393
4.62442,0.761979
4.66437,0.756565
4.70432,0.751151
4.74427,0.745736
4.78423,0.740321
4.82419,0.734907
4.86414,0.729492
4.9041,0.724077
4.94406,0.718661
4.98402,0.713246
5.02399,0.70783
5.06395,0.702414
5.10392,0.696998
5.14388,0.691582
5.18385,0.686165
5.22382,0.680749
5.26379,0.675332
5.30376,0.669915
5.34373,0.664498
5.38371,0.659081
5.42369,0.653663
5.46366,0.648246
5.50364,0.642828
5.54362,0.63741
5.5836,0.631992
5.62358,0.626573
5.66357,0.621155
5.70355,0.615736
5.74354,0.60594
5.78352,0.596143
5.82351,0.586346
5.8635,0.576548
5.90349,0.56675
5.94349,0.556952
5.98348,0.547154
6.02347,0.537355
6.06347,0.527556
6.10347,0.517757
6.14347,0.507958
6.18347,0.498158
6.22347,0.488358
6.26347,0.478557
6.30347,0.468756
6.34348,0.458955
6.38348,0.449154
6.42349,0.439352
6.4635,0.434972
6.50351,0.430592
6.54352,0.426212
6.58353,0.421831
6.62354,0.41745
6.66356,0.41307
6.70357,0.408689
6.74359,0.404308
6.78361,0.399927
6.82363,0.395545
6.86365,0.391164
6.90367,0.386782
6.94369,0.382401
6.98372,0.378019
7.02374,0.373637
7.06377,0.369255
7.1038,0.364873
7.14382,0.360491
7.18385,0.356108
7.22388,0.351726
7.26392,0.347343
7.30395,0.34296
7.34398,0.34296
7.38402,0.34296
7.42406,0.34296
7.46409,0.34296
7.50413,0.34296
7.54417,0.34296
7.58421,0.34296
7.62426,0.34296
7.6643,0.34296
7.70434,0.34296
7.74439,0.34296
7.78444,0.34296
7.82448,0.34296
7.86453,0.34296
7.90458,0.34296
7.94464,0.34296
7.98469,0.34296
8.02474,0.34296
8.0648,0.34296
8.10485,0.34296
8.14491,0.34296
8.18497,0.34296
8.22503,0.34296
8.26509,0.34296
8.30515,0.34296
8.34521,0.34296
8.38527,0.34296
8.42534,0.34296
8.4654,0.34296
8.50547,0.34296
8.54554,0.34296
8.5856,0.34296
8.62567,0.34296
8.66574,0.34296
8.70582,0.34296
8.74589,0.34296
8.78596,0.34296
8.82604,0.34296
8.86611,0.34296
8.90619,0.34296
8.94627,0.34296
8.98635,0.34296
9.02643,0.34296
9.06651,0.34296
9.10659,0.34296
9.14668,0.34296
9.18676,0.34296
9.22684,0.34296
9.26693,0.34296
9.30702,0.34296
9.34711,0.34296
9.3872,0.34296
9.42729,0.34296
9.46738,0.34296
9.50747,0.34296
9.54756,0.34296
9.58766,0.34296
9.62775,0.34296
9.66785,0.34296
9.70795,0.34296
9.74804,0.34296
9.78814,0.34296
9.82824,0.34296
9.86834,0.34296
9.90845,0.34296
9.94855,0.34296
9.98865,0.34296
10.0288,0.34296
10.0689,0.34296
10.109,0.34296
10.1491,0.34296
10.1892,0.34296
10.2293,0.34296
10.2694,0.34296
10.3095,0.34296
10.3496,0.34296
10.3897,0.34296
10.4299,0.34296
10.47,0.34296
10.5101,0.34296
10.5502,0.34296
10.5903,0.34296
10.6304,0.34296
10.6706,0.34296
10.7107,0.34296
10.7508,0.34296
10.7909,0.34296
10.8311,0.34296
10.8712,0.34296
10.9113,0.34296
10.9514,0.34296
10.9916,0.34296
11.0317,0.34296
11.0718,0.34296
11.1119,0.34296
11.1521,0.34296
11.1922,0.34296
11.2323,0.34296
11.2725,0.34296
11.3126,0.34296
11.3527,0.34296
11.3929,0.34296
11.433,0.34296
11.4732,0.34296
11.5133,0.34296
11.5534,0.34296
11.5936,0.34296
11.6337,0.34296
11.6739,0.34296
11.714,0.34296
11.7541,0.344655
11.7943,0.34635
11.8344,0.348046
11.8746,0.349741
11.9147,0.351436
11.9549,0.353131
11.995,0.354827
12.0352,0.356522
12.0753,0.358218
12.1155,0.359913
12.1556,0.361608
12.1958,0.363304
12.2359,0.365
12.2761,0.366695
12.3162,0.368391
12.3564,0.370086
12.3965,0.371782
12.4367,0.373478
12.4769,0.375173
12.517,0.376869
12.5572,0.378565
12.5973,0.380261
12.6375,0.381957
12.6777,0.383653
12.7178,0.385349
12.758,0.387045
12.7981,0.388741
12.8383,0.390437
12.8785,0.392133
12.9186,0.393829
12.9588,0.395525
12.999,0.397221
13.0391,0.398917
13.0793,0.400613
13.1195,0.40231
13.1597,0.404006
13.1998,0.405702
13.24,0.407399
13.2802,0.409095
13.3203,0.410791
13.3605,0.412488
13.4007,0.414184
13.4409,0.415881
13.481,0.417577
13.5212,0.419274
13.5614,0.42097
13.6016,0.422667
13.6418,0.424364
13.6819,0.42606
13.7221,0.427757
13.7623,0.429454
13.8025,0.431151
13.8427,0.432847
13.8829,0.434544
13.923,0.436241
13.9632,0.437938
14.0034,0.439635
14.0436,0.441332
14.0838,0.443029
14.124,0.444726
14.1642,0.446423
14.2043,0.44812
14.2445,0.449817
14.2847,0.451514
14.3249,0.453211
14.3651,0.454908
14.4053,0.456605
14.4455,0.458303
14.4857,0.46
14.5259,0.461697
14.5661,0.463394
14.6063,0.465092
14.6465,0.466789
14.6867,0.468486
14.7269,0.470184
14.7671,0.471881
14.8073,0.473579
14.8474,0.475276
14.8876,0.476974
14.9278,0.478671
14.968,0.480369
15.0083,0.482066
15.0485,0.483764
15.0887,0.485461
15.1289,0.487159
15.1691,0.488857
15.2093,0.490554
15.2495,0.492252
15.2897,0.49395
15.3299,0.495648
15.3701,0.497345
15.4103,0.499043
15.4505,0.500741
15.4907,0.502439
15.5309,0.504137
15.5711,0.505835
15.6113,0.507533
15.6515,0.509231
15.6918,0.510929
15.732,0.512627
15.7722,0.514325
15.8124,0.516023
15.8526,0.517721
15.8928,0.519419
15.933,0.521117
15.9732,0.522815
16.0135,0.524513
16.0537,0.526211
16.0939,0.52791
16.1341,0.529608
16.1743,0.531306
16.2145,0.533004
16.2548,0.534703
16.295,0.536401
16.3352,0.538099
16.3754,0.539798
16.4156,0.541496
16.4559,0.543194
16.4961,0.544893
16.5363,0.546591
16.5765,0.54829
16.6168,0.549988
16.657,0.551687
16.6972,0.553385
16.7374,0.555084
16.7776,0.556782
16.8179,0.558481
16.8581,0.560179
16.8983,0.561878
16.9385,0.563577
16.9788,0.565275
17.019,0.566974
17.0592,0.568673
17.0995,0.570371
17.1397,0.57207
17.1799,0.573769
17.2201,0.575468
17.2604,0.577166
17.3006,0.578865
17.3408,0.580564
17.3811,0.582263
17.4213,0.583962
17.4615,0.58566
17.5018,0.587359
17.542,0.589058
17.5822,0.590757
17.6225,0.592456
17.6627,0.594155
17.7029,0.595854
17.7432,0.597553
17.7834,0.599252
17.8236,0.600951
17.8639,0.60265
17.9041,0.604349
17.9443,0.606048
17.9846,0.607747
18.0248,0.609446
18.0651,0.611145
18.1053,0.612845
18.1455,0.614544
18.1858,0.616243
18.226,0.617942
18.2663,0.619641
18.3065,0.621341
18.3467,0.62304
18.387,0.624739
18.4272,0.626438
18.4675,0.628138
18.5077,0.629837
18.5479,0.631536
18.5882,0.633235
18.6284,0.634935
18.6687,0.636634
18.7089,0.638333
18.7492,0.640033
18.7894,0.641732
18.8296,0.643432
18.8699,0.645131
18.9101,0.64683
18.9504,0.64853
18.9906,0.650229
19.0309,0.651929
19.0711,0.653628
19.1114,0.655328
19.1516,0.657027
19.1919,0.658727
19.2321,0.660426
19.2724,0.662126
19.3126,0.663825
19.3528,0.665525
19.3931,0.667224
19.4333,0.668924
19.4736,0.670623
19.5138,0.672323
19.5541,0.674023
19.5943,0.675722
19.6346,0.677422
19.6748,0.679122
19.7151,0.680821
19.7553,0.682521
19.7956,0.684221
19.8358,0.68592
19.8761,0.68762
19.9163,0.68932
19.9566,0.691019
19.9969,0.692719
20.0371,0.694419
20.0774,0.696119
20.1176,0.697818
20.1579,0.699518
20.1981,0.701218
20.2384,0.702918
20.2786,0.704617
20.3189,0.706317
20.3591,0.708017
20.3994,0.709717
20.4396,0.711417
20.4799,0.713117
20.5201,0.714816
20.5604,0.716516
20.6007,0.718216
20.6409,0.719916
20.6812,0.721616
20.7214,0.723316
20.7617,0.725016
20.8019,0.726715
20.8422,0.728415
20.8825,0.730115
20.9227,0.731815
20.963,0.733515
21.0032,0.735215
21.0435,0.736915
21.0837,0.738615
21.124,0.740315
21.1643,0.742015
21.2045,0.743715
21.2448,0.745415
21.285,0.747115
21.3253,0.748815
21.3655,0.750515
21.4058,0.752215
21.4461,0.753915
21.4863,0.755615
21.5266,0.757315
21.5668,0.759015
21.6071,0.760715
21.6474,0.762415
21.6876,0.764115
21.7279,0.765815
21.7681,0.767515
21.8084,0.769215
21.8487,0.770915
21.8889,0.772615
21.9292,0.774315
21.9694,0.776015
22.0097,0.777715
22.05,0.779415
22.0902,0.781115
22.1305,0.782815
22.1707,0.784515
22.211,0.786215
22.2513,0.787915
22.2915,0.789615
22.3318,0.791315
22.372,0.793016
22.4123,0.794716
22.4526,0.796416
22.4928,0.798116
22.5331,0.799816
22.5733,0.801516
22.6136,0.803216
22.6539,0.804916
22.6941,0.806616
22.7344,0.808316
22.7746,0.810016
22.8149,0.811716
22.8552,0.813417
22.8954,0.815117
22.9357,0.816817
22.9759,0.818517
23.0162,0.820217
23.0565,0.821917
23.0967,0.823617
23.137,0.825317
23.1787,0.82708
23.222,0.828909
23.2669,0.830804
23.3135,0.832769
23.3617,0.834805
23.4116,0.836914
23.4633,0.839098
23.5169,0.841359
23.5723,0.8437
23.6297,0.846123
23.689,0.848628
23.7504,0.85122
23.8138,0.853898
23.8794,0.856667
23.9471,0.859527
24.0171,0.862481
24.0893,0.86553
24.1638,0.868676
24.2407,0.871922
24.3199,0.875269
24.4016,0.878718
24.4858,0.882272
24.5724,0.885932
24.6616,0.889698
24.7534,0.893573
24.8478,0.897558
24.9448,0.901654
25.0444,0.905861
25.1467,0.910181
25.2517,0.914613
25.3593,0.919159
25.4697,0.923819
25.5827,0.928592
25.6984,0.933478
25.8168,0.938478
25.9379,0.94359
26.0616,0.948814
26.1879,0.954149
26.3168,0.959592
26.4483,0.965144
26.5823,0.970801
26.7187,0.976562
26.8575,0.982425
26.9987,0.988386
27.1422,0.994443
27.2878,1.00059
27.4356,1.00683
27.5854,1.01316
27.7371,1.01956
27.8906,1.02605
28.0459,1.03261
28.2029,1.03923
28.3613,1.04592
28.5211,1.05267
28.6822,1.05947
28.8444,1.06632
29.0076,1.07321
29.1716,1.08014
29.3364,1.0871
29.5018,1.09408
29.6676,1.10109
29.8337,1.1081
30,1.11512
30.1663,1.12214
-0.0397757,0.960056
0,0.960056
0.0397757,0.960056
0.0795531,0.960056
0.119332,0.960056
0.159113,0.960056
0.198895,0.960056
0.238679,0.960056
0.278465,0.960056
0.318252,0.960056
0.358041,0.960056
0.397832,0.960056
0.437624,0.960056
0.477418,0.960056
0.517214,0.960056
0.557011,0.960056
0.59681,0.960056
0.636611,0.960056
0.676413,0.960056
0.716217,0.960056
0.756022,0.960056
0.795829,0.960056
0.835638,0.960056
0.875448,0.960056
0.91526,0.960056
0.955073,0.960056
0.994888,0.960056
1.0347,0.960056
1.07452,0.960056
1.11434,0.960056
1.15416,0.960056
1.19399,0.960056
1.23381,0.960056
1.27364,0.960056
1.31347,0.960056
1.3533,0.960056
1.39313,0.960056
1.43296,0.960056
1.47279,0.960056
1.51263,0.960056
1.55247,0.960056
1.59231,0.960056
1.63215,0.960056
1.67199,0.960056
1.71183,0.960056
1.75168,0.960056
1.79152,0.960056
1.83137,0.960056
1.87122,0.960056
1.91107,0.960056
1.95092,0.960056
1.99078,0.960056
2.03063,0.960056
2.07049,0.960056
2.11035,0.960056
2.15021,0.960056
2.19007,0.960056
2.22994,0.960056
2.2698,0.960056
2.30967,0.960056
2.34954,0.960056
2.38941,0.960056
2.42928,0.960056
2.46915,0.960056
2.50902,0.960056
2.5489,0.960056
2.58878,0.960056
2.62865,0.960056
2.66853,0.960056
2.70842,0.960056
2.7483,0.960056
2.78818,0.960056
2.82807,0.960056
2.86796,0.960056
2.90785,0.960056
2.94774,0.960056
2.98763,0.960056
3.02752,0.960056
3.06742,0.960056
3.10731,0.960056
3.14721,0.960056
3.18711,0.960056
3.22701,0.960056
3.26691,0.960056
3.30681,0.960056
3.34672,0.960056
3.38663,0.960056
3.42653,0.9544
3.46644,0.948744
3.50635,0.943088
3.54627,0.937432
3.58618,0.931775
3.62609,0.926119
3.66601,0.920462
3.70593,0.914805
3.74585,0.909147
3.78577,0.90349
3.82569,0.897832
3.86561,0.892174
3.90554,0.886516
3.94546,0.880858
3.98539,0.8752
4.02532,0.869541
4.06525,0.863882
4.10518,0.858223
4.14511,0.852564
4.18505,0.846904
4.22499,0.841245
4.26492,0.835585
4.30486,0.829925
4.3448,0.824265
4.38474,0.818604
4.42468,0.812944
4.46463,0.807283
4.50457,0.801622
4.54452,0.795961
4.58447,0.790299
4.62442,0.784638
4.66437,0.778976
4.70432,0.773314
4.74427,0.767652
4.78423,0.76199
4.82419,0.756327
4.86414,0.750664
4.9041,0.745001
4.94406,0.739338
4.98402,0.733675
5.02399,0.728012
5.06395,0.722348
5.10392,0.716684
5.14388,0.71102
5.18385,0.705356
5.22382,0.699692
5.26379,0.694027
5.30376,0.688362
5.34373,0.682697
5.38371,0.677032
5.42369,0.671367
5.46366,0.665702
5.50364,0.660036
5.54362,0.65437
5.5836,0.648704
5.62358,0.643038
5.66357,0.637371
5.70355,0.631705
5.74354,0.621765
5.78352,0.611825
5.82351,0.601884
5.8635,0.591943
5.90349,0.582002
5.94349,0.572061
5.98348,0.562119
6.02347,0.552177
6.06347,0.542235
6.10347,0.532292
6.14347,0.522349
6.18347,0.512406
6.22347,0.502462
6.26347,0.492518
6.30347,0.482574
6.34348,0.47263
6.38348,0.462685
6.42349,0.45274
6.4635,0.448464
6.50351,0.444189
6.54352,0.439913
6.58353,0.435637
6.62354,0.431361
6.66356,0.427085
6.70357,0.422809
6.74359,0.418532
6.78361,0.414256
6.82363,0.409979
6.86365,0.405702
6.90367,0.401425
6.94369,0.397148
6.98372,0.392871
7.02374,0.388594
7.06377,0.384316
7.1038,0.380039
7.14382,0.375761
7.18385,0.371484
7.22388,0.367206
7.26392,0.362928
7.30395,0.358649
7.34398,0.358649
7.38402,0.358649
7.42406,0.358649
7.46409,0.358649
7.50413,0.358649
7.54417,0.358649
7.58421,0.358649
7.62426,0.358649
7.6643,0.358649
7.70434,0.358649
7.74439,0.358649
7.78444,0.358649
7.82448,0.358649
7.86453,0.358649
7.90458,0.358649
7.94464,0.358649
7.98469,0.358649
8.02474,0.358649
8.0648,0.358649
8.10485,0.358649
8.14491,0.358649
8.18497,0.358649
8.22503,0.358649
8.26509,0.358649
8.30515,0.358649
8.34521,0.358649
8.38527,0.358649
8.42534,0.358649
8.4654,0.358649
8.50547,0.358649
8.54554,0.358649
8.5856,0.358649
8.62567,0.358649
8.66574,0.358649
8.70582,0.358649
8.74589,0.358649
8.78596,0.358649
8.82604,0.358649
8.86611,0.358649
8.90619,0.358649
8.94627,0.358649
8.98635,0.358649
9.02643,0.358649
9.06651,0.358649
9.10659,0.358649
9.14668,0.358649
9.18676,0.358649
9.22684,0.358649
9.26693,0.358649
9.30702,0.358649
9.34711,0.358649
9.3872,0.358649
9.42729,0.358649
9.46738,0.358649
9.50747,0.358649
9.54756,0.358649
9.58766,0.358649
9.62775,0.358649
9.66785,0.358649
9.70795,0.358649
9.74804,0.358649
9.78814,0.358649
9.82824,0.358649
9.86834,0.358649
9.90845,0.358649
9.94855,0.358649
9.98865,0.358649
10.0288,0.358649
10.0689,0.358649
10.109,0.358649
10.1491,0.358649
10.1892,0.358649
10.2293,0.358649
10.2694,0.358649
10.3095,0.358649
10.3496,0.358649
10.3897,0.358649
10.4299,0.358649
10.47,0.358649
10.5101,0.358649
10.5502,0.358649
10.5903,0.358649
10.6304,0.358649
10.6706,0.358649
10.7107,0.358649
10.7508,0.358649
10.7909,0.358649
10.8311,0.358649
10.8712,0.358649
10.9113,0.358649
10.9514,0.358649
10.9916,0.358649
11.0317,0.358649
11.0718,0.358649
11.1119,0.358649
11.1521,0.358649
11.1922,0.358649
11.2323,0.358649
11.2725,0.358649
11.3126,0.358649
11.3527,0.358649
11.3929,0.358649
11.433,0.358649
11.4732,0.358649
11.5133,0.358649
11.5534,0.358649
11.5936,0.358649
11.6337,0.358649
11.6739,0.358649
11.714,0.358649
11.7541,0.360422
11.7943,0.362195
11.8344,0.363968
11.8746,0.36574
11.9147,0.367513
11.9549,0.369286
11.995,0.371059
12.0352,0.372832
12.0753,0.374605
12.1155,0.376378
12.1556,0.378151
12.1958,0.379924
12.2359,0.381697
12.2761,0.38347
12.3162,0.385243
12.3564,0.387017
12.3965,0.38879
12.4367,0.390563
12.4769,0.392336
12.517,0.39411
12.5572,0.395883
12.5973,0.397657
12.6375,0.39943
12.6777,0.401203
12.7178,0.402977
12.758,0.404751
12.7981,0.406524
12.8383,0.408298
12.8785,0.410071
12.9186,0.411845
12.9588,0.413619
12.999,0.415393
13.0391,0.417166
13.0793,0.41894
13.1195,0.420714
13.1597,0.422488
13.1998,0.424262
13.24,0.426036
13.2802,0.42781
13.3203,0.429584
13.3605,0.431358
13.4007,0.433132
13.4409,0.434906
13.481,0.43668
13.5212,0.438454
13.5614,0.440228
13.6016,0.442003
13.6418,0.443777
13.6819,0.445551
13.7221,0.447326
13.7623,0.4491
13.8025,0.450874
13.8427,0.452649
13.8829,0.454423
13.923,0.456198
13.9632,0.457972
14.0034,0.459747
14.0436,0.461521
14.0838,0.463296
14.124,0.46507
14.1642,0.466845
14.2043,0.46862
14.2445,0.470394
14.2847,0.472169
14.3249,0.473944
14.3651,0.475719
14.4053,0.477494
14.4455,0.479268
14.4857,0.481043
14.5259,0.482818
14.5661,0.484593
14.6063,0.486368
14.6465,0.488143
14.6867,0.489918
14.7269,0.491693
14.7671,0.493468
14.8073,0.495243
14.8474,0.497018
14.8876,0.498794
14.9278,0.500569
14.968,0.502344
15.0083,0.504119
15.0485,0.505894
15.0887,0.50767
15.1289,0.509445
15.1691,0.51122
15.2093,0.512996
15.2495,0.514771
15.2897,0.516546
15.3299,0.518322
15.3701,0.520097
15.4103,0.521873
15.4505,0.523648
15.4907,0.525424
15.5309,0.527199
15.5711,0.528975
15.6113,0.530751
15.6515,0.532526
15.6918,0.534302
15.732,0.536078
15.7722,0.537853
15.8124,0.539629
15.8526,0.541405
15.8928,0.54318
15.933,0.544956
15.9732,0.546732
16.0135,0.548508
16.0537,0.550284
16.0939,0.55206
16.1341,0.553836
16.1743,0.555612
16.2145,0.557387
16.2548,0.559163
16.295,0.560939
16.3352,0.562715
16.3754,0.564492
16.4156,0.566268
16.4559,0.568044
16.4961,0.56982
16.5363,0.571596
16.5765,0.573372
16.6168,0.575148
16.657,0.576924
16.6972,0.578701
16.7374,0.580477
16.7776,0.582253
16.8179,0.584029
16.8581,0.585806
16.8983,0.587582
16.9385,0.589358
16.9788,0.591135
17.019,0.592911
17.0592,0.594687
17.0995,0.596464
17.1397,0.59824
17.1799,0.600017
17.2201,0.601793
17.2604,0.60357
17.3006,0.605346
17.3408,0.607123
17.3811,0.608899
17.4213,0.610676
17.4615,0.612453
17.5018,0.614229
17.542,0.616006
17.5822,0.617782
17.6225,0.619559
17.6627,0.621336
17.7029,0.623112
17.7432,0.624889
17.7834,0.626666
17.8236,0.628443
17.8639,0.630219
17.9041,0.631996
17.9443,0.633773
17.9846,0.63555
18.0248,0.637327
18.0651,0.639103
18.1053,0.64088
18.1455,0.642657
18.1858,0.644434
18.226,0.646211
18.2663,0.647988
18.3065,0.649765
18.3467,0.651542
18.387,0.653319
18.4272,0.655096
18.4675,0.656873
18.5077,0.65865
18.5479,0.660427
18.5882,0.662204
18.6284,0.663981
18.6687,0.665758
18.7089,0.667535
18.7492,0.669312
18.7894,0.671089
18.8296,0.672866
18.8699,0.674644
18.9101,0.676421
18.9504,0.678198
18.9906,0.679975
19.0309,0.681752
19.0711,0.683529
19.1114,0.685307
19.1516,0.687084
19.1919,0.688861
19.2321,0.690638
19.2724,0.692416
19.3126,0.694193
19.3528,0.69597
19.3931,0.697748
19.4333,0.699525
19.4736,0.701302
19.5138,0.70308
19.5541,0.704857
19.5943,0.706634
19.6346,0.708412
19.6748,0.710189
19.7151,0.711967
19.7553,0.713744
19.7956,0.715521
19.8358,0.717299
19.8761,0.719076
19.9163,0.720854
19.9566,0.722631
19.9969,0.724409
20.0371,0.726186
20.0774,0.727964
20.1176,0.729741
20.1579,0.731519
20.1981,0.733296
20.2384,0.735074
20.2786,0.736851
20.3189,0.738629
20.3591,0.740406
20.3994,0.742184
20.4396,0.743962
20.4799,0.745739
20.5201,0.747517
20.5604,0.749294
20.6007,0.751072
20.6409,0.75285
20.6812,0.754627
20.7214,0.756405
20.7617,0.758183
20.8019,0.75996
20.8422,0.761738
20.8825,0.763516
20.9227,0.765293
20.963,0.767071
21.0032,0.768849
21.0435,0.770626
21.0837,0.772404
21.124,0.774182
21.1643,0.775959
21.2045,0.777737
21.2448,0.779515
21.285,0.781293
21.3253,0.78307
21.3655,0.784848
21.4058,0.786626
21.4461,0.788404
21.4863,0.790181
21.5266,0.791959
21.5668,0.793737
21.6071,0.795515
21.6474,0.797293
21.6876,0.79907
21.7279,0.800848
21.7681,0.802626
21.8084,0.804404
21.8487,0.806182
21.8889,0.807959
21.9292,0.809737
21.9694,0.811515
22.0097,0.813293
22.05,0.815071
22.0902,0.816848
22.1305,0.818626
22.1707,0.820404
22.211,0.822182
22.2513,0.82396
22.2915,0.825738
22.3318,0.827515
22.372,0.829293
22.4123,0.831071
22.4526,0.832849
22.4928,0.834627
22.5331,0.836405
22.5733,0.838183
22.6136,0.839961
22.6539,0.841738
22.6941,0.843516
22.7344,0.845294
22.7746,0.847072
22.8149,0.84885
22.8552,0.850628
22.8954,0.852406
22.9357,0.854183
22.9759,0.855961
23.0162,0.857739
23.0565,0.859517
23.0967,0.861295
23.137,0.863073
23.1787,0.864917
23.222,0.866829
23.2669,0.868811
23.3135,0.870865
23.3617,0.872994
23.4116,0.8752
23.4633,0.877484
23.5169,0.879849
23.5723,0.882297
23.6297,0.88483
23.689,0.88745
23.7504,0.89016
23.8138,0.892961
23.8794,0.895856
23.9471,0.898847
24.0171,0.901936
24.0893,0.905125
24.1638,0.908415
24.2407,0.91181
24.3199,0.91531
24.4016,0.918917
24.4858,0.922633
24.5724,0.92646
24.6616,0.930399
24.7534,0.934451
24.8478,0.938619
24.9448,0.942901
25.0444,0.947301
25.1467,0.951818
25.2517,0.956454
25.3593,0.961207
25.4697,0.96608
25.5827,0.971072
25.6984,0.976182
25.8168,0.98141
25.9379,0.986756
26.0616,0.992219
26.1879,0.997798
26.3168,1.00349
26.4483,1.0093
26.5823,1.01521
26.7187,1.02124
26.8575,1.02737
26.9987,1.0336
27.1422,1.03994
27.2878,1.04637
27.4356,1.05289
27.5854,1.05951
27.7371,1.06621
27.8906,1.07299
28.0459,1.07984
28.2029,1.08677
28.3613,1.09377
28.5211,1.10083
28.6822,1.10794
28.8444,1.1151
29.0076,1.12231
29.1716,1.12955
29.3364,1.13683
29.5018,1.14413
29.6676,1.15146
29.8337,1.15879
30,1.16613
30.1663,1.17348
-0.0397757,0.990397
0,0.990397
0.0397757,0.990397
0.0795531,0.990397
0.119332,0.990397
0.159113,0.990397
0.198895,0.990397
0.238679,0.990397
0.278465,0.990397
0.318252,0.990397
0.358041,0.990397
0.397832,0.990397
0.437624,0.990397
0.477418,0.990397
0.517214,0.990397
0.557011,0.990397
0.59681,0.990397
0.636611,0.990397
0.676413,0.990397
0.716217,0.990397
0.756022,0.990397
0.795829,0.990397
0.835638,0.990397
0.875448,0.990397
0.91526,0.990397
0.955073,0.990397
0.994888,0.990397
1.0347,0.990397
1.07452,0.990397
1.11434,0.990397
1.15416,0.990397
1.19399,0.990397
1.23381,0.990397
1.27364,0.990397
1.31347,0.990397
1.3533,0.990397
1.39313,0.990397
1.43296,0.990397
1.47279,0.990397
1.51263,0.990397
1.55247,0.990397
1.59231,0.990397
1.63215,0.990397
1.67199,0.990397
1.71183,0.990397
1.75168,0.990397
1.79152,0.990397
1.83137,0.990397
1.87122,0.990397
1.91107,0.990397
1.95092,0.990397
1.99078,0.990397
2.03063,0.990397
2.07049,0.990397
2.11035,0.990397
2.15021,0.990397
2.19007,0.990397
2.22994,0.990397
2.2698,0.990397
2.30967,0.990397
2.34954,0.990397
2.38941,0.990397
2.42928,0.990397
2.46915,0.990397
2.50902,0.990397
2.5489,0.990397
2.58878,0.990397
2.62865,0.990397
2.66853,0.990397
2.70842,0.990397
2.7483,0.990397
2.78818,0.990397
2.82807,0.990397
2.86796,0.990397
2.90785,0.990397
2.94774,0.990397
2.98763,0.990397
3.02752,0.990397
3.06742,0.990397
3.10731,0.990397
3.14721,0.990397
3.18711,0.990397
3.22701,0.990397
3.26691,0.990397
3.30681,0.990397
3.34672,0.990397
3.38663,0.990397
3.42653,0.984494
3.46644,0.978591
3.50635,0.972687
3.54627,0.966783
3.58618,0.960879
3.62609,0.954975
3.66601,0.949071
3.70593,0.943166
3.74585,0.937261
3.78577,0.931356
3.82569,0.925451
3.86561,0.919546
3.90554,0.91364
3.94546,0.907734
3.98539,0.901828
4.02532,0.895922
4.06525,0.890015
4.10518,0.884109
4.14511,0.878202
4.18505,0.872295
4.22499,0.866387
4.26492,0.86048
4.30486,0.854572
4.3448,0.848664
4.38474,0.842756
4.42468,0.836848
4.46463,0.830939
4.50457,0.825031
4.54452,0.819122
4.58447,0.813213
4.62442,0.807303
4.66437,0.801394
4.70432,0.795484
4.74427,0.789574
4.78423,0.783664
4.82419,0.777754
4.86414,0.771843
4.9041,0.765933
4.94406,0.760022
4.98402,0.754111
5.02399,0.748199
5.06395,0.742288
5.10392,0.736376
5.14388,0.730464
5.18385,0.724552
5.22382,0.71864
5.26379,0.712728
5.30376,0.706815
5.34373,0.700902
5.38371,0.694989
5.42369,0.689076
5.46366,0.683163
5.50364,0.677249
5.54362,0.671335
5.5836,0.665421
5.62358,0.659507
5.66357,0.653593
5.70355,0.647678
5.74354,0.637595
5.78352,0.627511
5.82351,0.617428
5.8635,0.607343
5.90349,0.597259
5.94349,0.587174
5.98348,0.577089
6.02347,0.567003
6.06347,0.556917
6.10347,0.546831
6.14347,0.536745
6.18347,0.526658
6.22347,0.516571
6.26347,0.506484
6.30347,0.496396
6.34348,0.486308
6.38348,0.47622
6.42349,0.466131
6.4635,0.46196
6.50351,0.457789
6.54352,0.453618
6.58353,0.449447
6.62354,0.445276
6.66356,0.441104
6.70357,0.436933
6.74359,0.432761
6.78361,0.428589
6.82363,0.424417
6.86365,0.420245
6.90367,0.416073
6.94369,0.4119
6.98372,0.407728
7.02374,0.403555
7.06377,0.399382
7.1038,0.395209
7.14382,0.391036
7.18385,0.386863
7.22388,0.38269
7.26392,0.378517
7.30395,0.374343
7.34398,0.374343
7.38402,0.374343
7.42406,0.374343
7.46409,0.374343
7.50413,0.374343
7.54417,0.374343
7.58421,0.374343
7.62426,0.374343
7.6643,0.374343
7.70434,0.374343
7.74439,0.374343
7.78444,0.374343
7.82448,0.374343
7.86453,0.374343
7.90458,0.374343
7.94464,0.374343
7.98469,0.374343
8.02474,0.374343
8.0648,0.374343
8.10485,0.374343
8.14491,0.374343
8.18497,0.374343
8.22503,0.374343
8.26509,0.374343
8.30515,0.374343
8.34521,0.374343
8.38527,0.374343
8.42534,0.374343
8.4654,0.374343
8.50547,0.374343
8.54554,0.374343
8.5856,0.374343
8.62567,0.374343
8.66574,0.374343
8.70582,0.374343
8.74589,0.374343
8.78596,0.374343
8.82604,0.374343
8.86611,0.374343
8.90619,0.374343
8.94627,0.374343
8.98635,0.374343
9.02643,0.374343
9.06651,0.374343
9.10659,0.374343
9.14668,0.374343
9.18676,0.374343
9.22684,0.374343
9.26693,0.374343
9.30702,0.374343
9.34711,0.374343
9.3872,0.374343
9.42729,0.374343
9.46738,0.374343
9.50747,0.374343
9.54756,0.374343
9.58766,0.374343
9.62775,0.374343
9.66785,0.374343
9.70795,0.374343
9.74804,0.374343
9.78814,0.374343
9.82824,0.374343
9.86834,0.374343
9.90845,0.374343
9.94855,0.374343
9.98865,0.374343
10.0288,0.374343
10.0689,0.374343
10.109,0.374343
10.1491,0.374343
10.1892,0.374343
10.2293,0.374343
10.2694,0.374343
10.3095,0.374343
10.3496,0.374343
10.3897,0.374343
10.4299,0.374343
10.47,0.374343
10.5101,0.374343
10.5502,0.374343
10.5903,0.374343
10.6304,0.374343
10.6706,0.374343
10.7107,0.374343
10.7508,0.374343
10.7909,0.374343
10.8311,0.374343
10.8712,0.374343
10.9113,0.374343
10.9514,0.374343
10.9916,0.374343
11.0317,0.374343
11.0718,0.374343
11.1119,0.374343
11.1521,0.374343
11.1922,0.374343
11.2323,0.374343
11.2725,0.374343
11.3126,0.374343
11.3527,0.374343
11.3929,0.374343
11.433,0.374343
11.4732,0.374343
11.5133,0.374343
11.5534,0.374343
11.5936,0.374343
11.6337,0.374343
11.6739,0.374343
11.714,0.374343
11.7541,0.376194
11.7943,0.378044
11.8344,0.379894
11.8746,0.381745
11.9147,0.383595
11.9549,0.385445
11.995,0.387296
12.0352,0.389146
12.0753,0.390997
12.1155,0.392848
12.1556,0.394698
12.1958,0.396549
12.2359,0.398399
12.2761,0.40025
12.3162,0.402101
12.3564,0.403952
12.3965,0.405803
12.4367,0.407654
12.4769,0.409504
12.517,0.411355
12.5572,0.413206
12.5973,0.415057
12.6375,0.416908
12.6777,0.41876
12.7178,0.420611
12.758,0.422462
12.7981,0.424313
12.8383,0.426164
12.8785,0.428016
12.9186,0.429867
12.9588,0.431718
12.999,0.433569
13.0391,0.435421
13.0793,0.437272
13.1195,0.439124
13.1597,0.440975
13.1998,0.442827
13.24,0.444678
13.2802,0.44653
13.3203,0.448382
13.3605,0.450233
13.4007,0.452085
13.4409,0.453937
13.481,0.455789
13.5212,0.45764
13.5614,0.459492
13.6016,0.461344
13.6418,0.463196
13.6819,0.465048
13.7221,0.4669
13.7623,0.468752
13.8025,0.470604
13.8427,0.472456
13.8829,0.474308
13.923,0.47616
13.9632,0.478012
14.0034,0.479864
14.0436,0.481717
14.0838,0.483569
14.124,0.485421
14.1642,0.487273
14.2043,0.489126
14.2445,0.490978
14.2847,0.492831
14.3249,0.494683
14.3651,0.496535
14.4053,0.498388
14.4455,0.50024
14.4857,0.502093
14.5259,0.503946
14.5661,0.505798
14.6063,0.507651
14.6465,0.509503
14.6867,0.511356
14.7269,0.513209
14.7671,0.515062
14.8073,0.516914
14.8474,0.518767
14.8876,0.52062
14.9278,0.522473
14.968,0.524326
15.0083,0.526179
15.0485,0.528031
15.0887,0.529884
15.1289,0.531737
15.1691,0.53359
15.2093,0.535443
15.2495,0.537297
15.2897,0.53915
15.3299,0.541003
15.3701,0.542856
15.4103,0.544709
15.4505,0.546562
15.4907,0.548416
15.5309,0.550269
15.5711,0.552122
15.6113,0.553975
15.6515,0.555829
15.6918,0.557682
15.732,0.559535
15.7722,0.561389
15.8124,0.563242
15.8526,0.565096
15.8928,0.566949
15.933,0.568803
15.9732,0.570656
16.0135,0.57251
16.0537,0.574363
16.0939,0.576217
16.1341,0.578071
16.1743,0.579924
16.2145,0.581778
16.2548,0.583632
16.295,0.585485
16.3352,0.587339
16.3754,0.589193
16.4156,0.591047
16.4559,0.5929
16.4961,0.594754
16.5363,0.596608
16.5765,0.598462
16.6168,0.600316
16.657,0.60217
16.6972,0.604024
16.7374,0.605878
16.7776,0.607732
16.8179,0.609586
16.8581,0.61144
16.8983,0.613294
16.9385,0.615148
16.9788,0.617002
17.019,0.618856
17.0592,0.62071
17.0995,0.622564
17.1397,0.624418
17.1799,0.626273
17.2201,0.628127
17.2604,0.629981
17.3006,0.631835
17.3408,0.63369
17.3811,0.635544
17.4213,0.637398
17.4615,0.639252
17.5018,0.641107
17.542,0.642961
17.5822,0.644816
17.6225,0.64667
17.6627,0.648524
17.7029,0.650379
17.7432,0.652233
17.7834,0.654088
17.8236,0.655942
17.8639,0.657797
17.9041,0.659651
17.9443,0.661506
17.9846,0.66336
18.0248,0.665215
18.0651,0.667069
18.1053,0.668924
18.1455,0.670779
18.1858,0.672633
18.226,0.674488
18.2663,0.676343
18.3065,0.678197
18.3467,0.680052
18.387,0.681907
18.4272,0.683762
18.4675,0.685616
18.5077,0.687471
18.5479,0.689326
18.5882,0.691181
18.6284,0.693036
18.6687,0.69489
18.7089,0.696745
18.7492,0.6986
18.7894,0.700455
18.8296,0.70231
18.8699,0.704165
18.9101,0.70602
18.9504,0.707875
18.9906,0.70973
19.0309,0.711585
19.0711,0.71344
19.1114,0.715295
19.1516,0.71715
19.1919,0.719005
19.2321,0.72086
19.2724,0.722715
19.3126,0.72457
19.3528,0.726425
19.3931,0.72828
19.4333,0.730135
19.4736,0.73199
19.5138,0.733845
19.5541,0.7357
19.5943,0.737556
19.6346,0.739411
19.6748,0.741266
19.7151,0.743121
19.7553,0.744976
19.7956,0.746831
19.8358,0.748687
19.8761,0.750542
19.9163,0.752397
19.9566,0.754252
19.9969,0.756108
20.0371,0.757963
20.0774,0.759818
20.1176,0.761674
20.1579,0.763529
20.1981,0.765384
20.2384,0.767239
20.2786,0.769095
20.3189,0.77095
20.3591,0.772805
20.3994,0.774661
20.4396,0.776516
20.4799,0.778372
20.5201,0.780227
20.5604,0.782082
20.6007,0.783938
20.6409,0.785793
20.6812,0.787649
20.7214,0.789504
20.7617,0.791359
20.8019,0.793215
20.8422,0.79507
20.8825,0.796926
20.9227,0.798781
20.963,0.800637
21.0032,0.802492
21.0435,0.804348
21.0837,0.806203
21.124,0.808059
21.1643,0.809914
21.2045,0.81177
21.2448,0.813625
21.285,0.815481
21.3253,0.817336
21.3655,0.819192
21.4058,0.821047
21.4461,0.822903
21.4863,0.824758
21.5266,0.826614
21.5668,0.82847
21.6071,0.830325
21.6474,0.832181
21.6876,0.834036
21.7279,0.835892
21.7681,0.837748
21.8084,0.839603
21.8487,0.841459
21.8889,0.843314
21.9292,0.84517
21.9694,0.847026
22.0097,0.848881
22.05,0.850737
22.0902,0.852592
22.1305,0.854448
22.1707,0.856304
22.211,0.858159
22.2513,0.860015
22.2915,0.861871
22.3318,0.863726
22.372,0.865582
22.4123,0.867438
22.4526,0.869293
22.4928,0.871149
22.5331,0.873004
22.5733,0.87486
22.6136,0.876716
22.6539,0.878571
22.6941,0.880427
22.7344,0.882283
22.7746,0.884138
22.8149,0.885994
22.8552,0.88785
22.8954,0.889705
22.9357,0.891561
22.9759,0.893417
23.0162,0.895272
23.0565,0.897128
23.0967,0.898984
23.137,0.900839
23.1787,0.902764
23.222,0.90476
23.2669,0.906829
23.3135,0.908973
23.3617,0.911195
23.4116,0.913497
23.4633,0.915881
23.5169,0.91835
23.5723,0.920905
23.6297,0.923549
23.689,0.926284
23.7504,0.929112
23.8138,0.932036
23.8794,0.935058
23.9471,0.93818
24.0171,0.941404
24.0893,0.944732
24.1638,0.948166
24.2407,0.951709
24.3199,0.955362
24.4016,0.959127
24.4858,0.963006
24.5724,0.967
24.6616,0.971112
24.7534,0.975342
24.8478,0.979691
24.9448,0.984161
25.0444,0.988753
25.1467,0.993468
25.2517,0.998306
25.3593,1.00327
25.4697,1.00835
25.5827,1.01356
25.6984,1.0189
25.8168,1.02436
25.9379,1.02994
26.0616,1.03564
26.1879,1.04146
26.3168,1.0474
26.4483,1.05346
26.5823,1.05964
26.7187,1.06592
26.8575,1.07232
26.9987,1.07883
27.1422,1.08544
27.2878,1.09215
27.4356,1.09896
27.5854,1.10587
27.7371,1.11286
27.8906,1.11994
28.0459,1.1271
28.2029,1.13433
28.3613,1.14163
28.5211,1.149
28.6822,1.15642
28.8444,1.1639
29.0076,1.17142
29.1716,1.17898
29.3364,1.18658
29.5018,1.1942
29.6676,1.20184
29.8337,1.2095
30,1.21716
30.1663,1.22482
-0.0397757,1.02075
0,1.02075
0.0397757,1.02075
0.0795531,1.02075
0.119332,1.02075
0.159113,1.02075
0.198895,1.02075
0.238679,1.02075
0.278465,1.02075
0.318252,1.02075
0.358041,1.02075
0.397832,1.02075
0.437624,1.02075
0.477418,1.02075
0.517214,1.02075
0.557011,1.02075
0.59681,1.02075
0.636611,1.02075
0.676413,1.02075
0.716217,1.02075
0.756022,1.02075
0.795829,1.02075
0.835638,1.02075
0.875448,1.02075
0.91526,1.02075
0.955073,1.02075
0.994888,1.02075
1.0347,1.02075
1.07452,1.02075
1.11434,1.02075
1.15416,1.02075
1.19399,1.02075
1.23381,1.02075
1.27364,1.02075
1.31347,1.02075
1.3533,1.02075
1.39313,1.02075
1.43296,1.02075
1.47279,1.02075
1.51263,1.02075
1.55247,1.02075
1.59231,1.02075
1.63215,1.02075
1.67199,1.02075
1.71183,1.02075
1.75168,1.02075
1.79152,1.02075
1.83137,1.02075
1.87122,1.02075
1.91107,1.02075
1.95092,1.02075
1.99078,1.02075
2.03063,1.02075
2.07049,1.02075
2.11035,1.02075
2.15021,1.02075
2.19007,1.02075
2.22994,1.02075
2.2698,1.02075
2.30967,1.02075
2.34954,1.02075
2.38941,1.02075
2.42928,1.02075
2.46915,1.02075
2.50902,1.02075
2.5489,1.02075
2.58878,1.02075
2.62865,1.02075
2.66853,1.02075
2.70842,1.02075
2.7483,1.02075
2.78818,1.02075
2.82807,1.02075
2.86796,1.02075
2.90785,1.02075
2.94774,1.02075
2.98763,1.02075
3.02752,1.02075
3.06742,1.02075
3.10731,1.02075
3.14721,1.02075
3.18711,1.02075
3.22701,1.02075
3.26691,1.02075
3.30681,1.02075
3.34672,1.02075
3.38663,1.02075
3.42653,1.0146
3.46644,1.00845
3.50635,1.00229
3.54627,0.996143
3.58618,0.989991
3.62609,0.983839
3.66601,0.977687
3.70593,0.971535
3.74585,0.965383
3.78577,0.95923
3.82569,0.953077
3.86561,0.946924
3.90554,0.940771
3.94546,0.934617
3.98539,0.928463
4.02532,0.92231
4.06525,0.916155
4.10518,0.910001
4.14511,0.903846
4.18505,0.897692
4.22499,0.891537
4.26492,0.885381
4.30486,0.879226
4.3448,0.87307
4.38474,0.866914
4.42468,0.860758
4.46463,0.854602
4.50457,0.848446
4.54452,0.842289
4.58447,0.836132
4.62442,0.829975
4.66437,0.823818
4.70432,0.81766
4.74427,0.811502
4.78423,0.805344
4.82419,0.799186
4.86414,0.793028
4.9041,0.786869
4.94406,0.780711
4.98402,0.774552
5.02399,0.768392
5.06395,0.762233
5.10392,0.756073
5.14388,0.749914
5.18385,0.743754
5.22382,0.737594
5.26379,0.731433
5.30376,0.725273
5.34373,0.719112
5.38371,0.712951
5.42369,0.70679
5.46366,0.700628
5.50364,0.694467
5.54362,0.688305
5.5836,0.682143
5.62358,0.675981
5.66357,0.669819
5.70355,0.663656
5.74354,0.653429
5.78352,0.643202
5.82351,0.632975
5.8635,0.622747
5.90349,0.612519
5.94349,0.602291
5.98348,0.592062
6.02347,0.581833
6.06347,0.571604
6.10347,0.561374
6.14347,0.551145
6.18347,0.540914
6.22347,0.530684
6.26347,0.520453
6.30347,0.510222
6.34348,0.49999
6.38348,0.489758
6.42349,0.479526
6.4635,0.47546
6.50351,0.471394
6.54352,0.467327
6.58353,0.463261
6.62354,0.459194
6.66356,0.455127
6.70357,0.45106
6.74359,0.446993
6.78361,0.442926
6.82363,0.438859
6.86365,0.434791
6.90367,0.430724
6.94369,0.426656
6.98372,0.422588
7.02374,0.41852
7.06377,0.414452
7.1038,0.410384
7.14382,0.406316
7.18385,0.402247
7.22388,0.398179
7.26392,0.39411
7.30395,0.390041
7.34398,0.390041
7.38402,0.390041
7.42406,0.390041
7.46409,0.390041
7.50413,0.390041
7.54417,0.390041
7.58421,0.390041
7.62426,0.390041
7.6643,0.390041
7.70434,0.390041
7.74439,0.390041
7.78444,0.390041
7.82448,0.390041
7.86453,0.390041
7.90458,0.390041
7.94464,0.390041
7.98469,0.390041
8.02474,0.390041
8.0648,0.390041
8.10485,0.390041
8.14491,0.390041
8.18497,0.390041
8.22503,0.390041
8.26509,0.390041
8.30515,0.390041
8.34521,0.390041
8.38527,0.390041
8.42534,0.390041
8.4654,0.390041
8.50547,0.390041
8.54554,0.390041
8.5856,0.390041
8.62567,0.390041
8.66574,0.390041
8.70582,0.390041
8.74589,0.390041
8.78596,0.390041
8.82604,0.390041
8.86611,0.390041
8.90619,0.390041
8.94627,0.390041
8.98635,0.390041
9.02643,0.390041
9.06651,0.390041
9.10659,0.390041
9.14668,0.390041
9.18676,0.390041
9.22684,0.390041
9.26693,0.390041
9.30702,0.390041
9.34711,0.390041
9.3872,0.390041
9.42729,0.390041
9.46738,0.390041
9.50747,0.390041
9.54756,0.390041
9.58766,0.390041
9.62775,0.390041
9.66785,0.390041
9.70795,0.390041
9.74804,0.390041
9.78814,0.390041
9.82824,0.390041
9.86834,0.390041
9.90845,0.390041
9.94855,0.390041
9.98865,0.390041
10.0288,0.390041
10.0689,0.390041
10.109,0.390041
10.1491,0.390041
10.1892,0.390041
10.2293,0.390041
10.2694,0.390041
10.3095,0.390041
10.3496,0.390041
10.3897,0.390041
10.4299,0.390041
10.47,0.390041
10.5101,0.390041
10.5502,0.390041
10.5903,0.390041
10.6304,0.390041
10.6706,0.390041
10.7107,0.390041
10.7508,0.390041
10.7909,0.390041
10.8311,0.390041
10.8712,0.390041
10.9113,0.390041
10.9514,0.390041
10.9916,0.390041
11.0317,0.390041
11.0718,0.390041
11.1119,0.390041
11.1521,0.390041
11.1922,0.390041
11.2323,0.390041
11.2725,0.390041
11.3126,0.390041
11.3527,0.390041
11.3929,0.390041
11.433,0.390041
11.4732,0.390041
11.5133,0.390041
11.5534,0.390041
11.5936,0.390041
11.6337,0.390041
11.6739,0.390041
11.714,0.390041
11.7541,0.391969
11.7943,0.393897
11.8344,0.395825
11.8746,0.397753
11.9147,0.399681
11.9549,0.401609
11.995,0.403537
12.0352,0.405465
12.0753,0.407393
12.1155,0.409322
12.1556,0.41125
12.1958,0.413178
12.2359,0.415106
12.2761,0.417035
12.3162,0.418963
12.3564,0.420891
12.3965,0.42282
12.4367,0.424748
12.4769,0.426677
12.517,0.428605
12.5572,0.430534
12.5973,0.432463
12.6375,0.434391
12.6777,0.43632
12.7178,0.438249
12.758,0.440178
12.7981,0.442107
12.8383,0.444035
12.8785,0.445964
12.9186,0.447893
12.9588,0.449822
12.999,0.451751
13.0391,0.45368
13.0793,0.455609
13.1195,0.457538
13.1597,0.459468
13.1998,0.461397
13.24,0.463326
13.2802,0.465255
13.3203,0.467184
13.3605,0.469114
13.4007,0.471043
13.4409,0.472973
13.481,0.474902
13.5212,0.476831
13.5614,0.478761
13.6016,0.48069
13.6418,0.48262
13.6819,0.48455
13.7221,0.486479
13.7623,0.488409
13.8025,0.490339
13.8427,0.492268
13.8829,0.494198
13.923,0.496128
13.9632,0.498058
14.0034,0.499988
14.0436,0.501917
14.0838,0.503847
14.124,0.505777
14.1642,0.507707
14.2043,0.509637
14.2445,0.511567
14.2847,0.513497
14.3249,0.515427
14.3651,0.517358
14.4053,0.519288
14.4455,0.521218
14.4857,0.523148
14.5259,0.525078
14.5661,0.527009
14.6063,0.528939
14.6465,0.530869
14.6867,0.5328
14.7269,0.53473
14.7671,0.536661
14.8073,0.538591
14.8474,0.540522
14.8876,0.542452
14.9278,0.544383
14.968,0.546313
15.0083,0.548244
15.0485,0.550174
15.0887,0.552105
15.1289,0.554036
15.1691,0.555966
15.2093,0.557897
15.2495,0.559828
15.2897,0.561759
15.3299,0.56369
15.3701,0.565621
15.4103,0.567551
15.4505,0.569482
15.4907,0.571413
15.5309,0.573344
15.5711,0.575275
15.6113,0.577206
15.6515,0.579137
15.6918,0.581068
15.732,0.582999
15.7722,0.584931
15.8124,0.586862
15.8526,0.588793
15.8928,0.590724
15.933,0.592655
15.9732,0.594587
16.0135,0.596518
16.0537,0.598449
16.0939,0.600381
16.1341,0.602312
16.1743,0.604243
16.2145,0.606175
16.2548,0.608106
16.295,0.610038
16.3352,0.611969
16.3754,0.6139
16.4156,0.615832
16.4559,0.617764
16.4961,0.619695
16.5363,0.621627
16.5765,0.623558
16.6168,0.62549
16.657,0.627422
16.6972,0.629353
16.7374,0.631285
16.7776,0.633217
16.8179,0.635148
16.8581,0.63708
16.8983,0.639012
16.9385,0.640944
16.9788,0.642876
17.019,0.644808
17.0592,0.646739
17.0995,0.648671
17.1397,0.650603
17.1799,0.652535
17.2201,0.654467
17.2604,0.656399
17.3006,0.658331
17.3408,0.660263
17.3811,0.662195
17.4213,0.664127
17.4615,0.666059
17.5018,0.667992
17.542,0.669924
17.5822,0.671856
17.6225,0.673788
17.6627,0.67572
17.7029,0.677652
17.7432,0.679585
17.7834,0.681517
17.8236,0.683449
17.8639,0.685381
17.9041,0.687314
17.9443,0.689246
17.9846,0.691178
18.0248,0.693111
18.0651,0.695043
18.1053,0.696975
18.1455,0.698908
18.1858,0.70084
18.226,0.702773
18.2663,0.704705
18.3065,0.706638
18.3467,0.70857
18.387,0.710503
18.4272,0.712435
18.4675,0.714368
18.5077,0.7163
18.5479,0.718233
18.5882,0.720165
18.6284,0.722098
18.6687,0.724031
18.7089,0.725963
18.7492,0.727896
18.7894,0.729829
18.8296,0.731761
18.8699,0.733694
18.9101,0.735627
18.9504,0.737559
18.9906,0.739492
19.0309,0.741425
19.0711,0.743358
19.1114,0.74529
19.1516,0.747223
19.1919,0.749156
19.2321,0.751089
19.2724,0.753022
19.3126,0.754955
19.3528,0.756887
19.3931,0.75882
19.4333,0.760753
19.4736,0.762686
19.5138,0.764619
19.5541,0.766552
19.5943,0.768485
19.6346,0.770418
19.6748,0.772351
19.7151,0.774284
19.7553,0.776217
19.7956,0.77815
19.8358,0.780083
19.8761,0.782016
19.9163,0.783949
19.9566,0.785882
19.9969,0.787815
20.0371,0.789748
20.0774,0.791681
20.1176,0.793614
20.1579,0.795547
20.1981,0.79748
20.2384,0.799414
20.2786,0.801347
20.3189,0.80328
20.3591,0.805213
20.3994,0.807146
20.4396,0.809079
20.4799,0.811012
20.5201,0.812946
20.5604,0.814879
20.6007,0.816812
20.6409,0.818745
20.6812,0.820679
20.7214,0.822612
20.7617,0.824545
20.8019,0.826478
20.8422,0.828412
20.8825,0.830345
20.9227,0.832278
20.963,0.834211
21.0032,0.836145
21.0435,0.838078
21.0837,0.840011
21.124,0.841945
21.1643,0.843878
21.2045,0.845811
21.2448,0.847745
21.285,0.849678
21.3253,0.851611
21.3655,0.853545
21.4058,0.855478
21.4461,0.857411
21.4863,0.859345
21.5266,0.861278
21.5668,0.863211
21.6071,0.865145
21.6474,0.867078
21.6876,0.869012
21.7279,0.870945
21.7681,0.872878
21.8084,0.874812
21.8487,0.876745
21.8889,0.878679
21.9292,0.880612
21.9694,0.882545
22.0097,0.884479
22.05,0.886412
22.0902,0.888346
22.1305,0.890279
22.1707,0.892213
22.211,0.894146
22.2513,0.89608
22.2915,0.898013
22.3318,0.899947
22.372,0.90188
22.4123,0.903813
22.4526,0.905747
22.4928,0.90768
22.5331,0.909614
22.5733,0.911547
22.6136,0.913481
22.6539,0.915414
22.6941,0.917348
22.7344,0.919281
22.7746,0.921215
22.8149,0.923148
22.8552,0.925082
22.8954,0.927015
22.9357,0.928949
22.9759,0.930882
23.0162,0.932816
23.0565,0.934749
23.0967,0.936683
23.137,0.938616
23.1787,0.940621
23.222,0.942701
23.2669,0.944856
23.3135,0.947091
23.3617,0.949406
23.4116,0.951805
23.4633,0.954289
23.5169,0.95686
23.5723,0.959523
23.6297,0.962277
23.689,0.965127
23.7504,0.968074
23.8138,0.971121
23.8794,0.974269
23.9471,0.977522
24.0171,0.980881
24.0893,0.984349
24.1638,0.987927
24.2407,0.991619
24.3199,0.995425
24.4016,0.999348
24.4858,1.00339
24.5724,1.00755
24.6616,1.01184
24.7534,1.01624
24.8478,1.02077
24.9448,1.02543
25.0444,1.03022
25.1467,1.03513
25.2517,1.04017
25.3593,1.04534
25.4697,1.05064
25.5827,1.05607
25.6984,1.06163
25.8168,1.06731
25.9379,1.07313
26.0616,1.07907
26.1879,1.08513
26.3168,1.09132
26.4483,1.09764
26.5823,1.10407
26.7187,1.11062
26.8575,1.11729
26.9987,1.12407
27.1422,1.13096
27.2878,1.13795
27.4356,1.14505
27.5854,1.15224
27.7371,1.15953
27.8906,1.1669
28.0459,1.17436
28.2029,1.1819
28.3613,1.18951
28.5211,1.19718
28.6822,1.20492
28.8444,1.21271
29.0076,1.22054
29.1716,1.22842
29.3364,1.23634
29.5018,1.24428
29.6676,1.25224
29.8337,1.26022
30,1.2682
30.1663,1.27619
-0.0397757,1.0511
0,1.0511
0.0397757,1.0511
0.0795531,1.0511
0.119332,1.0511
0.159113,1.0511
0.198895,1.0511
0.238679,1.0511
0.278465,1.0511
0.318252,1.0511
0.358041,1.0511
0.397832,1.0511
0.437624,1.0511
0.477418,1.0511
0.517214,1.0511
0.557011,1.0511
0.59681,1.0511
0.636611,1.0511
0.676413,1.0511
0.716217,1.0511
0.756022,1.0511
0.795829,1.0511
0.835638,1.0511
0.875448,1.0511
0.91526,1.0511
0.955073,1.0511
0.994888,1.0511
1.0347,1.0511
1.07452,1.0511
1.11434,1.0511
1.15416,1.0511
1.19399,1.0511
1.23381,1.0511
1.27364,1.0511
1.31347,1.0511
1.3533,1.0511
1.39313,1.0511
1.43296,1.0511
1.47279,1.0511
1.51263,1.0511
1.55247,1.0511
1.59231,1.0511
1.63215,1.0511
1.67199,1.0511
1.71183,1.0511
1.75168,1.0511
1.79152,1.0511
1.83137,1.0511
1.87122,1.0511
1.91107,1.0511
1.95092,1.0511
1.99078,1.0511
2.03063,1.0511
2.07049,1.0511
2.11035,1.0511
2.15021,1.0511
2.19007,1.0511
2.22994,1.0511
2.2698,1.0511
2.30967,1.0511
2.34954,1.0511
2.38941,1.0511
2.42928,1.0511
2.46915,1.0511
2.50902,1.0511
2.5489,1.0511
2.58878,1.0511
2.62865,1.0511
2.66853,1.0511
2.70842,1.0511
2.7483,1.0511
2.78818,1.0511
2.82807,1.0511
2.86796,1.0511
2.90785,1.0511
2.94774,1.0511
2.98763,1.0511
3.02752,1.0511
3.06742,1.0511
3.10731,1.0511
3.14721,1.0511
3.18711,1.0511
3.22701,1.0511
3.26691,1.0511
3.30681,1.0511
3.34672,1.0511
3.38663,1.0511
3.42653,1.0447
3.46644,1.03831
3.50635,1.03191
3.54627,1.02551
3.58618,1.01911
3.62609,1.01271
3.66601,1.00631
3.70593,0.99991
3.74585,0.99351
3.78577,0.98711
3.82569,0.980709
3.86561,0.974309
3.90554,0.967908
3.94546,0.961506
3.98539,0.955105
4.02532,0.948703
4.06525,0.942301
4.10518,0.935899
4.14511,0.929497
4.18505,0.923094
4.22499,0.916692
4.26492,0.910289
4.30486,0.903885
4.3448,0.897482
4.38474,0.891078
4.42468,0.884674
4.46463,0.87827
4.50457,0.871866
4.54452,0.865461
4.58447,0.859057
4.62442,0.852652
4.66437,0.846246
4.70432,0.839841
4.74427,0.833435
4.78423,0.82703
4.82419,0.820624
4.86414,0.814217
4.9041,0.807811
4.94406,0.801404
4.98402,0.794997
5.02399,0.78859
5.06395,0.782183
5.10392,0.775775
5.14388,0.769368
5.18385,0.76296
5.22382,0.756551
5.26379,0.750143
5.30376,0.743734
5.34373,0.737326
5.38371,0.730917
5.42369,0.724507
5.46366,0.718098
5.50364,0.711688
5.54362,0.705279
5.5836,0.698869
5.62358,0.692458
5.66357,0.686048
5.70355,0.679637
5.74354,0.669267
5.78352,0.658897
5.82351,0.648526
5.8635,0.638155
5.90349,0.627783
5.94349,0.617411
5.98348,0.607039
6.02347,0.596667
6.06347,0.586294
6.10347,0.575921
6.14347,0.565547
6.18347,0.555174
6.22347,0.5448
6.26347,0.534425
6.30347,0.524051
6.34348,0.513676
6.38348,0.5033
6.42349,0.492924
6.4635,0.488963
6.50351,0.485001
6.54352,0.481039
6.58353,0.477078
6.62354,0.473116
6.66356,0.469153
6.70357,0.465191
6.74359,0.461229
6.78361,0.457266
6.82363,0.453304
6.86365,0.449341
6.90367,0.445378
6.94369,0.441415
6.98372,0.437452
7.02374,0.433489
7.06377,0.429525
7.1038,0.425562
7.14382,0.421598
7.18385,0.417635
7.22388,0.413671
7.26392,0.409707
7.30395,0.405743
7.34398,0.405743
7.38402,0.405743
7.42406,0.405743
7.46409,0.405743
7.50413,0.405743
7.54417,0.405743
7.58421,0.405743
7.62426,0.405743
7.6643,0.405743
7.70434,0.405743
7.74439,0.405743
7.78444,0.405743
7.82448,0.405743
7.86453,0.405743
7.90458,0.405743
7.94464,0.405743
7.98469,0.405743
8.02474,0.405743
8.0648,0.405743
8.10485,0.405743
8.14491,0.405743
8.18497,0.405743
8.22503,0.405743
8.26509,0.405743
8.30515,0.405743
8.34521,0.405743
8.38527,0.405743
8.42534,0.405743
8.4654,0.405743
8.50547,0.405743
8.54554,0.405743
8.5856,0.405743
8.62567,0.405743
8.66574,0.405743
8.70582,0.405743
8.74589,0.405743
8.78596,0.405743
8.82604,0.405743
8.86611,0.405743
8.90619,0.405743
8.94627,0.405743
8.98635,0.405743
9.02643,0.405743
9.06651,0.405743
9.10659,0.405743
9.14668,0.405743
9.18676,0.405743
9.22684,0.405743
9.26693,0.405743
9.30702,0.405743
9.34711,0.405743
9.3872,0.405743
9.42729,0.405743
9.46738,0.405743
9.50747,0.405743
9.54756,0.405743
9.58766,0.405743
9.62775,0.405743
9.66785,0.405743
9.70795,0.405743
9.74804,0.405743
9.78814,0.405743
9.82824,0.405743
9.86834,0.405743
9.90845,0.405743
9.94855,0.405743
9.98865,0.405743
10.0288,0.405743
10.0689,0.405743
10.109,0.405743
10.1491,0.405743
10.1892,0.405743
10.2293,0.405743
10.2694,0.405743
10.3095,0.405743
10.3496,0.405743
10.3897,0.405743
10.4299,0.405743
10.47,0.405743
10.5101,0.405743
10.5502,0.405743
10.5903,0.405743
10.6304,0.405743
10.6706,0.405743
10.7107,0.405743
10.7508,0.405743
10.7909,0.405743
10.8311,0.405743
10.8712,0.405743
10.9113,0.405743
10.9514,0.405743
10.9916,0.405743
11.0317,0.405743
11.0718,0.405743
11.1119,0.405743
11.1521,0.405743
11.1922,0.405743
11.2323,0.405743
11.2725,0.405743
11.3126,0.405743
11.3527,0.405743
11.3929,0.405743
11.433,0.405743
11.4732,0.405743
11.5133,0.405743
11.5534,0.405743
11.5936,0.405743
11.6337,0.405743
11.6739,0.405743
11.714,0.405743
11.7541,0.407748
11.7943,0.409754
11.8344,0.411759
11.8746,0.413765
11.9147,0.415771
11.9549,0.417776
11.995,0.419782
12.0352,0.421788
12.0753,0.423794
12.1155,0.425799
12.1556,0.427805
12.1958,0.429811
12.2359,0.431817
12.2761,0.433823
12.3162,0.435829
12.3564,0.437835
12.3965,0.439841
12.4367,0.441847
12.4769,0.443853
12.517,0.44586
12.5572,0.447866
12.5973,0.449872
12.6375,0.451878
12.6777,0.453885
12.7178,0.455891
12.758,0.457898
12.7981,0.459904
12.8383,0.461911
12.8785,0.463917
12.9186,0.465924
12.9588,0.46793
12.999,0.469937
13.0391,0.471944
13.0793,0.47395
13.1195,0.475957
13.1597,0.477964
13.1998,0.479971
13.24,0.481978
13.2802,0.483985
13.3203,0.485992
13.3605,0.487999
13.4007,0.490006
13.4409,0.492013
13.481,0.49402
13.5212,0.496027
13.5614,0.498034
13.6016,0.500041
13.6418,0.502049
13.6819,0.504056
13.7221,0.506063
13.7623,0.50807
13.8025,0.510078
13.8427,0.512085
13.8829,0.514093
13.923,0.5161
13.9632,0.518108
14.0034,0.520115
14.0436,0.522123
14.0838,0.52413
14.124,0.526138
14.1642,0.528146
14.2043,0.530153
14.2445,0.532161
14.2847,0.534169
14.3249,0.536177
14.3651,0.538185
14.4053,0.540192
14.4455,0.5422
14.4857,0.544208
14.5259,0.546216
14.5661,0.548224
14.6063,0.550232
14.6465,0.55224
14.6867,0.554248
14.7269,0.556256
14.7671,0.558265
14.8073,0.560273
14.8474,0.562281
14.8876,0.564289
14.9278,0.566297
14.968,0.568306
15.0083,0.570314
15.0485,0.572322
15.0887,0.574331
15.1289,0.576339
15.1691,0.578348
15.2093,0.580356
15.2495,0.582365
15.2897,0.584373
15.3299,0.586382
15.3701,0.58839
15.4103,0.590399
15.4505,0.592408
15.4907,0.594416
15.5309,0.596425
15.5711,0.598434
15.6113,0.600443
15.6515,0.602451
15.6918,0.60446
15.732,0.606469
15.7722,0.608478
15.8124,0.610487
15.8526,0.612496
15.8928,0.614505
15.933,0.616514
15.9732,0.618523
16.0135,0.620532
16.0537,0.622541
16.0939,0.62455
16.1341,0.626559
16.1743,0.628568
16.2145,0.630577
16.2548,0.632586
16.295,0.634595
16.3352,0.636605
16.3754,0.638614
16.4156,0.640623
16.4559,0.642632
16.4961,0.644642
16.5363,0.646651
16.5765,0.648661
16.6168,0.65067
16.657,0.652679
16.6972,0.654689
16.7374,0.656698
16.7776,0.658708
16.8179,0.660717
16.8581,0.662727
16.8983,0.664736
16.9385,0.666746
16.9788,0.668756
17.019,0.670765
17.0592,0.672775
17.0995,0.674785
17.1397,0.676794
17.1799,0.678804
17.2201,0.680814
17.2604,0.682823
17.3006,0.684833
17.3408,0.686843
17.3811,0.688853
17.4213,0.690863
17.4615,0.692873
17.5018,0.694882
17.542,0.696892
17.5822,0.698902
17.6225,0.700912
17.6627,0.702922
17.7029,0.704932
17.7432,0.706942
17.7834,0.708952
17.8236,0.710962
17.8639,0.712972
17.9041,0.714982
17.9443,0.716992
17.9846,0.719003
18.0248,0.721013
18.0651,0.723023
18.1053,0.725033
18.1455,0.727043
18.1858,0.729053
18.226,0.731064
18.2663,0.733074
18.3065,0.735084
18.3467,0.737095
18.387,0.739105
18.4272,0.741115
18.4675,0.743125
18.5077,0.745136
18.5479,0.747146
18.5882,0.749157
18.6284,0.751167
18.6687,0.753177
18.7089,0.755188
18.7492,0.757198
18.7894,0.759209
18.8296,0.761219
18.8699,0.76323
18.9101,0.76524
18.9504,0.767251
18.9906,0.769261
19.0309,0.771272
19.0711,0.773283
19.1114,0.775293
19.1516,0.777304
19.1919,0.779314
19.2321,0.781325
19.2724,0.783336
19.3126,0.785346
19.3528,0.787357
19.3931,0.789368
19.4333,0.791378
19.4736,0.793389
19.5138,0.7954
19.5541,0.797411
19.5943,0.799421
19.6346,0.801432
19.6748,0.803443
19.7151,0.805454
19.7553,0.807464
19.7956,0.809475
19.8358,0.811486
19.8761,0.813497
19.9163,0.815508
19.9566,0.817519
19.9969,0.81953
20.0371,0.82154
20.0774,0.823551
20.1176,0.825562
20.1579,0.827573
20.1981,0.829584
20.2384,0.831595
20.2786,0.833606
20.3189,0.835617
20.3591,0.837628
20.3994,0.839639
20.4396,0.84165
20.4799,0.843661
20.5201,0.845672
20.5604,0.847683
20.6007,0.849694
20.6409,0.851705
20.6812,0.853716
20.7214,0.855727
20.7617,0.857738
20.8019,0.859749
20.8422,0.86176
20.8825,0.863771
20.9227,0.865783
20.963,0.867794
21.0032,0.869805
21.0435,0.871816
21.0837,0.873827
21.124,0.875838
21.1643,0.877849
21.2045,0.87986
21.2448,0.881872
21.285,0.883883
21.3253,0.885894
21.3655,0.887905
21.4058,0.889916
21.4461,0.891928
21.4863,0.893939
21.5266,0.89595
21.5668,0.897961
21.6071,0.899972
21.6474,0.901984
21.6876,0.903995
21.7279,0.906006
21.7681,0.908017
21.8084,0.910029
21.8487,0.91204
21.8889,0.914051
21.9292,0.916062
21.9694,0.918074
22.0097,0.920085
22.05,0.922096
22.0902,0.924107
22.1305,0.926119
22.1707,0.92813
22.211,0.930141
22.2513,0.932153
22.2915,0.934164
22.3318,0.936175
22.372,0.938186
22.4123,0.940198
22.4526,0.942209
22.4928,0.94422
22.5331,0.946232
22.5733,0.948243
22.6136,0.950254
22.6539,0.952266
22.6941,0.954277
22.7344,0.956288
22.7746,0.958299
22.8149,0.960311
22.8552,0.962322
22.8954,0.964333
22.9357,0.966345
22.9759,0.968356
23.0162,0.970367
23.0565,0.972379
23.0967,0.97439
23.137,0.976401
23.1787,0.978487
23.222,0.98065
23.2669,0.982893
23.3135,0.985217
23.3617,0.987626
23.4116,0.990121
23.4633,0.992705
23.5169,0.99538
23.5723,0.99815
23.6297,1.00102
23.689,1.00398
23.7504,1.00705
23.8138,1.01021
23.8794,1.01349
23.9471,1.01687
24.0171,1.02037
24.0893,1.02398
24.1638,1.0277
24.2407,1.03154
24.3199,1.0355
24.4016,1.03958
24.4858,1.04378
24.5724,1.04811
24.6616,1.05257
24.7534,1.05715
24.8478,1.06187
24.9448,1.06671
25.0444,1.07169
25.1467,1.0768
25.2517,1.08204
25.3593,1.08742
25.4697,1.09293
25.5827,1.09858
25.6984,1.10436
25.8168,1.11028
25.9379,1.11633
26.0616,1.12251
26.1879,1.12882
26.3168,1.13526
26.4483,1.14182
26.5823,1.14852
26.7187,1.15533
26.8575,1.16227
26.9987,1.16932
27.1422,1.17649
27.2878,1.18376
27.4356,1.19115
27.5854,1.19863
27.7371,1.20621
27.8906,1.21388
28.0459,1.22164
28.2029,1.22948
28.3613,1.23739
28.5211,1.24537
28.6822,1.25342
28.8444,1.26152
29.0076,1.26968
29.1716,1.27787
29.3364,1.28611
29.5018,1.29437
29.6676,1.30265
29.8337,1.31095
30,1.31926
30.1663,1.32756
-0.0397757,1.08147
0,1.08147
0.0397757,1.08147
0.0795531,1.08147
0.119332,1.08147
0.159113,1.08147
0.198895,1.08147
0.238679,1.08147
0.278465,1.08147
0.318252,1.08147
0.358041,1.08147
0.397832,1.08147
0.437624,1.08147
0.477418,1.08147
0.517214,1.08147
0.557011,1.08147
0.59681,1.08147
0.636611,1.08147
0.676413,1.08147
0.716217,1.08147
0.756022,1.08147
0.795829,1.08147
0.835638,1.08147
0.875448,1.08147
0.91526,1.08147
0.955073,1.08147
0.994888,1.08147
1.0347,1.08147
1.07452,1.08147
1.11434,1.08147
1.15416,1.08147
1.19399,1.08147
1.23381,1.08147
1.27364,1.08147
1.31347,1.08147
1.3533,1.08147
1.39313,1.08147
1.43296,1.08147
1.47279,1.08147
1.51263,1.08147
1.55247,1.08147
1.59231,1.08147
1.63215,1.08147
1.67199,1.08147
1.71183,1.08147
1.75168,1.08147
1.79152,1.08147
1.83137,1.08147
1.87122,1.08147
1.91107,1.08147
1.95092,1.08147
1.99078,1.08147
2.03063,1.08147
2.07049,1.08147
2.11035,1.08147
2.15021,1.08147
2.19007,1.08147
2.22994,1.08147
2.2698,1.08147
2.30967,1.08147
2.34954,1.08147
2.38941,1.08147
2.42928,1.08147
2.46915,1.08147
2.50902,1.08147
2.5489,1.08147
2.58878,1.08147
2.62865,1.08147
2.66853,1.08147
2.70842,1.08147
2.7483,1.08147
2.78818,1.08147
2.82807,1.08147
2.86796,1.08147
2.90785,1.08147
2.94774,1.08147
2.98763,1.08147
3.02752,1.08147
3.06742,1.08147
3.10731,1.08147
3.14721,1.08147
3.18711,1.08147
3.22701,1.08147
3.26691,1.08147
3.30681,1.08147
3.34672,1.08147
3.38663,1.08147
3.42653,1.07482
3.46644,1.06817
3.50635,1.06153
3.54627,1.05488
3.58618,1.04823
3.62609,1.04159
3.66601,1.03494
3.70593,1.02829
3.74585,1.02164
3.78577,1.015
3.82569,1.00835
3.86561,1.0017
3.90554,0.99505
3.94546,0.988401
3.98539,0.981752
4.02532,0.975102
4.06525,0.968453
4.10518,0.961803
4.14511,0.955153
4.18505,0.948502
4.22499,0.941852
4.26492,0.935201
4.30486,0.92855
4.3448,0.921898
4.38474,0.915247
4.42468,0.908595
4.46463,0.901943
4.50457,0.895291
4.54452,0.888638
4.58447,0.881986
4.62442,0.875333
4.66437,0.86868
4.70432,0.862026
4.74427,0.855373
4.78423,0.848719
4.82419,0.842065
4.86414,0.835411
4.9041,0.828756
4.94406,0.822102
4.98402,0.815447
5.02399,0.808792
5.06395,0.802136
5.10392,0.795481
5.14388,0.788825
5.18385,0.782169
5.22382,0.775513
5.26379,0.768857
5.30376,0.7622
5.34373,0.755543
5.38371,0.748886
5.42369,0.742229
5.46366,0.735571
5.50364,0.728914
5.54362,0.722256
5.5836,0.715597
5.62358,0.708939
5.66357,0.702281
5.70355,0.695622
5.74354,0.685108
5.78352,0.674594
5.82351,0.66408
5.8635,0.653565
5.90349,0.64305
5.94349,0.632535
5.98348,0.622019
6.02347,0.611503
6.06347,0.600987
6.10347,0.59047
6.14347,0.579953
6.18347,0.569436
6.22347,0.558918
6.26347,0.5484
6.30347,0.537882
6.34348,0.527363
6.38348,0.516845
6.42349,0.506325
6.4635,0.502468
6.50351,0.498611
6.54352,0.494754
6.58353,0.490897
6.62354,0.48704
6.66356,0.483182
6.70357,0.479325
6.74359,0.475467
6.78361,0.471609
6.82363,0.467751
6.86365,0.463893
6.90367,0.460035
6.94369,0.456177
6.98372,0.452319
7.02374,0.44846
7.06377,0.444602
7.1038,0.440743
7.14382,0.436884
7.18385,0.433025
7.22388,0.429166
7.26392,0.425307
7.30395,0.421448
7.34398,0.421448
7.38402,0.421448
7.42406,0.421448
7.46409,0.421448
7.50413,0.421448
7.54417,0.421448
7.58421,0.421448
7.62426,0.421448
7.6643,0.421448
7.70434,0.421448
7.74439,0.421448
7.78444,0.421448
7.82448,0.421448
7.86453,0.421448
7.90458,0.421448
7.94464,0.421448
7.98469,0.421448
8.02474,0.421448
8.0648,0.421448
8.10485,0.421448
8.14491,0.421448
8.18497,0.421448
8.22503,0.421448
8.26509,0.421448
8.30515,0.421448
8.34521,0.421448
8.38527,0.421448
8.42534,0.421448
8.4654,0.421448
8.50547,0.421448
8.54554,0.421448
8.5856,0.421448
8.62567,0.421448
8.66574,0.421448
8.70582,0.421448
8.74589,0.421448
8.78596,0.421448
8.82604,0.421448
8.86611,0.421448
8.90619,0.421448
8.94627,0.421448
8.98635,0.421448
9.02643,0.421448
9.06651,0.421448
9.10659,0.421448
9.14668,0.421448
9.18676,0.421448
9.22684,0.421448
9.26693,0.421448
9.30702,0.421448
9.34711,0.421448
9.3872,0.421448
9.42729,0.421448
9.46738,0.421448
9.50747,0.421448
9.54756,0.421448
9.58766,0.421448
9.62775,0.421448
9.66785,0.421448
9.70795,0.421448
9.74804,0.421448
9.78814,0.421448
9.82824,0.421448
9.86834,0.421448
9.90845,0.421448
9.94855,0.421448
9.98865,0.421448
10.0288,0.421448
10.0689,0.421448
10.109,0.421448
10.1491,0.421448
10.1892,0.421448
10.2293,0.421448
10.2694,0.421448
10.3095,0.421448
10.3496,0.421448
10.3897,0.421448
10.4299,0.421448
10.47,0.421448
10.5101,0.421448
10.5502,0.421448
10.5903,0.421448
10.6304,0.421448
10.6706,0.421448
10.7107,0.421448
10.7508,0.421448
10.7909,0.421448
10.8311,0.421448
10.8712,0.421448
10.9113,0.421448
10.9514,0.421448
10.9916,0.421448
11.0317,0.421448
11.0718,0.421448
11.1119,0.421448
11.1521,0.421448
11.1922,0.421448
11.2323,0.421448
11.2725,0.421448
11.3126,0.421448
11.3527,0.421448
11.3929,0.421448
11.433,0.421448
11.4732,0.421448
11.5133,0.421448
11.5534,0.421448
11.5936,0.421448
11.6337,0.421448
11.6739,0.421448
11.714,0.421448
11.7541,0.423531
11.7943,0.425614
11.8344,0.427697
11.8746,0.42978
11.9147,0.431864
11.9549,0.433947
11.995,0.43603
12.0352,0.438114
12.0753,0.440197
12.1155,0.44228
12.1556,0.444364
12.1958,0.446447
12.2359,0.448531
12.2761,0.450615
12.3162,0.452698
12.3564,0.454782
12.3965,0.456866
12.4367,0.458949
12.4769,0.461033
12.517,0.463117
12.5572,0.465201
12.5973,0.467285
12.6375,0.469369
12.6777,0.471453
12.7178,0.473537
12.758,0.475621
12.7981,0.477705
12.8383,0.479789
12.8785,0.481874
12.9186,0.483958
12.9588,0.486042
12.999,0.488127
13.0391,0.490211
13.0793,0.492295
13.1195,0.49438
13.1597,0.496464
13.1998,0.498549
13.24,0.500633
13.2802,0.502718
13.3203,0.504803
13.3605,0.506887
13.4007,0.508972
13.4409,0.511057
13.481,0.513141
13.5212,0.515226
13.5614,0.517311
13.6016,0.519396
13.6418,0.521481
13.6819,0.523566
13.7221,0.525651
13.7623,0.527736
13.8025,0.529821
13.8427,0.531906
13.8829,0.533991
13.923,0.536076
13.9632,0.538162
14.0034,0.540247
14.0436,0.542332
14.0838,0.544417
14.124,0.546503
14.1642,0.548588
14.2043,0.550674
14.2445,0.552759
14.2847,0.554844
14.3249,0.55693
14.3651,0.559016
14.4053,0.561101
14.4455,0.563187
14.4857,0.565272
14.5259,0.567358
14.5661,0.569444
14.6063,0.57153
14.6465,0.573615
14.6867,0.575701
14.7269,0.577787
14.7671,0.579873
14.8073,0.581959
14.8474,0.584045
14.8876,0.586131
14.9278,0.588217
14.968,0.590303
15.0083,0.592389
15.0485,0.594475
15.0887,0.596561
15.1289,0.598647
15.1691,0.600733
15.2093,0.60282
15.2495,0.604906
15.2897,0.606992
15.3299,0.609078
15.3701,0.611165
15.4103,0.613251
15.4505,0.615337
15.4907,0.617424
15.5309,0.61951
15.5711,0.621597
15.6113,0.623683
15.6515,0.62577
15.6918,0.627856
15.732,0.629943
15.7722,0.63203
15.8124,0.634116
15.8526,0.636203
15.8928,0.63829
15.933,0.640376
15.9732,0.642463
16.0135,0.64455
16.0537,0.646637
16.0939,0.648724
16.1341,0.65081
16.1743,0.652897
16.2145,0.654984
16.2548,0.657071
16.295,0.659158
16.3352,0.661245
16.3754,0.663332
16.4156,0.665419
16.4559,0.667506
16.4961,0.669593
16.5363,0.671681
16.5765,0.673768
16.6168,0.675855
16.657,0.677942
16.6972,0.680029
16.7374,0.682117
16.7776,0.684204
16.8179,0.686291
16.8581,0.688378
16.8983,0.690466
16.9385,0.692553
16.9788,0.694641
17.019,0.696728
17.0592,0.698815
17.0995,0.700903
17.1397,0.70299
17.1799,0.705078
17.2201,0.707165
17.2604,0.709253
17.3006,0.71134
17.3408,0.713428
17.3811,0.715516
17.4213,0.717603
17.4615,0.719691
17.5018,0.721779
17.542,0.723866
17.5822,0.725954
17.6225,0.728042
17.6627,0.73013
17.7029,0.732217
17.7432,0.734305
17.7834,0.736393
17.8236,0.738481
17.8639,0.740569
17.9041,0.742657
17.9443,0.744745
17.9846,0.746832
18.0248,0.74892
18.0651,0.751008
18.1053,0.753096
18.1455,0.755184
18.1858,0.757272
18.226,0.75936
18.2663,0.761448
18.3065,0.763537
18.3467,0.765625
18.387,0.767713
18.4272,0.769801
18.4675,0.771889
18.5077,0.773977
18.5479,0.776065
18.5882,0.778154
18.6284,0.780242
18.6687,0.78233
18.7089,0.784418
18.7492,0.786507
18.7894,0.788595
18.8296,0.790683
18.8699,0.792771
18.9101,0.79486
18.9504,0.796948
18.9906,0.799037
19.0309,0.801125
19.0711,0.803213
19.1114,0.805302
19.1516,0.80739
19.1919,0.809479
19.2321,0.811567
19.2724,0.813656
19.3126,0.815744
19.3528,0.817833
19.3931,0.819921
19.4333,0.82201
19.4736,0.824098
19.5138,0.826187
19.5541,0.828275
19.5943,0.830364
19.6346,0.832452
19.6748,0.834541
19.7151,0.83663
19.7553,0.838718
19.7956,0.840807
19.8358,0.842896
19.8761,0.844984
19.9163,0.847073
19.9566,0.849162
19.9969,0.85125
20.0371,0.853339
20.0774,0.855428
20.1176,0.857517
20.1579,0.859605
20.1981,0.861694
20.2384,0.863783
20.2786,0.865872
20.3189,0.86796
20.3591,0.870049
20.3994,0.872138
20.4396,0.874227
20.4799,0.876316
20.5201,0.878405
20.5604,0.880494
20.6007,0.882582
20.6409,0.884671
20.6812,0.88676
20.7214,0.888849
20.7617,0.890938
20.8019,0.893027
20.8422,0.895116
20.8825,0.897205
20.9227,0.899294
20.963,0.901383
21.0032,0.903472
21.0435,0.905561
21.0837,0.90765
21.124,0.909739
21.1643,0.911828
21.2045,0.913917
21.2448,0.916006
21.285,0.918095
21.3253,0.920184
21.3655,0.922273
21.4058,0.924362
21.4461,0.926451
21.4863,0.92854
21.5266,0.930629
21.5668,0.932718
21.6071,0.934807
21.6474,0.936896
21.6876,0.938985
21.7279,0.941074
21.7681,0.943163
21.8084,0.945252
21.8487,0.947341
21.8889,0.94943
21.9292,0.95152
21.9694,0.953609
22.0097,0.955698
22.05,0.957787
22.0902,0.959876
22.1305,0.961965
22.1707,0.964054
22.211,0.966143
22.2513,0.968233
22.2915,0.970322
22.3318,0.972411
22.372,0.9745
22.4123,0.976589
22.4526,0.978678
22.4928,0.980767
22.5331,0.982857
22.5733,0.984946
22.6136,0.987035
22.6539,0.989124
22.6941,0.991213
22.7344,0.993302
22.7746,0.995392
22.8149,0.997481
22.8552,0.99957
22.8954,1.00166
22.9357,1.00375
22.9759,1.00584
23.0162,1.00793
23.0565,1.01002
23.0967,1.0121
23.137,1.01419
23.1787,1.01636
23.222,1.01861
23.2669,1.02094
23.3135,1.02335
23.3617,1.02585
23.4116,1.02844
23.4633,1.03113
23.5169,1.03391
23.5723,1.03678
23.6297,1.03976
23.689,1.04284
23.7504,1.04602
23.8138,1.04932
23.8794,1.05272
23.9471,1.05623
24.0171,1.05986
24.0893,1.06361
24.1638,1.06748
24.2407,1.07146
24.3199,1.07558
24.4016,1.07982
24.4858,1.08418
24.5724,1.08868
24.6616,1.09331
24.7534,1.09807
24.8478,1.10297
24.9448,1.108
25.0444,1.11317
25.1467,1.11848
25.2517,1.12393
25.3593,1.12951
25.4697,1.13524
25.5827,1.1411
25.6984,1.14711
25.8168,1.15325
25.9379,1.15953
26.0616,1.16595
26.1879,1.17251
26.3168,1.1792
26.4483,1.18602
26.5823,1.19297
26.7187,1.20005
26.8575,1.20726
26.9987,1.21458
27.1422,1.22203
27.2878,1.22958
27.4356,1.23725
27.5854,1.24502
27.7371,1.2529
27.8906,1.26086
28.0459,1.26892
28.2029,1.27707
28.3613,1.28529
28.5211,1.29358
28.6822,1.30194
28.8444,1.31035
29.0076,1.31882
29.1716,1.32734
29.3364,1.33589
29.5018,1.34447
29.6676,1.35307
29.8337,1.36169
30,1.37032
30.1663,1.37895
-0.0397757,1.11183
0,1.11183
0.0397757,1.11183
0.0795531,1.11183
0.119332,1.11183
0.159113,1.11183
0.198895,1.11183
0.238679,1.11183
0.278465,1.11183
0.318252,1.11183
0.358041,1.11183
0.397832,1.11183
0.437624,1.11183
0.477418,1.11183
0.517214,1.11183
0.557011,1.11183
0.59681,1.11183
0.636611,1.11183
0.676413,1.11183
0.716217,1.11183
0.756022,1.11183
0.795829,1.11183
0.835638,1.11183
0.875448,1.11183
0.91526,1.11183
0.955073,1.11183
0.994888,1.11183
1.0347,1.11183
1.07452,1.11183
1.11434,1.11183
1.15416,1.11183
1.19399,1.11183
1.23381,1.11183
1.27364,1.11183
1.31347,1.11183
1.3533,1.11183
1.39313,1.11183
1.43296,1.11183
1.47279,1.11183
1.51263,1.11183
1.55247,1.11183
1.59231,1.11183
1.63215,1.11183
1.67199,1.11183
1.71183,1.11183
1.75168,1.11183
1.79152,1.11183
1.83137,1.11183
1.87122,1.11183
1.91107,1.11183
1.95092,1.11183
1.99078,1.11183
2.03063,1.11183
2.07049,1.11183
2.11035,1.11183
2.15021,1.11183
2.19007,1.11183
2.22994,1.11183
2.2698,1.11183
2.30967,1.11183
2.34954,1.11183
2.38941,1.11183
2.42928,1.11183
2.46915,1.11183
2.50902,1.11183
2.5489,1.11183
2.58878,1.11183
2.62865,1.11183
2.66853,1.11183
2.70842,1.11183
2.7483,1.11183
2.78818,1.11183
2.82807,1.11183
2.86796,1.11183
2.90785,1.11183
2.94774,1.11183
2.98763,1.11183
3.02752,1.11183
3.06742,1.11183
3.10731,1.11183
3.14721,1.11183
3.18711,1.11183
3.22701,1.11183
3.26691,1.11183
3.30681,1.11183
3.34672,1.11183
3.38663,1.11183
3.42653,1.10494
3.46644,1.09805
3.50635,1.09115
3.54627,1.08426
3.58618,1.07736
3.62609,1.07047
3.66601,1.06357
3.70593,1.05668
3.74585,1.04978
3.78577,1.04289
3.82569,1.03599
3.86561,1.02909
3.90554,1.0222
3.94546,1.0153
3.98539,1.0084
4.02532,1.00151
4.06525,0.994608
4.10518,0.98771
4.14511,0.980812
4.18505,0.973914
4.22499,0.967016
4.26492,0.960117
4.30486,0.953218
4.3448,0.946319
4.38474,0.939419
4.42468,0.93252
4.46463,0.92562
4.50457,0.91872
4.54452,0.911819
4.58447,0.904919
4.62442,0.898018
4.66437,0.891117
4.70432,0.884215
4.74427,0.877314
4.78423,0.870412
4.82419,0.86351
4.86414,0.856608
4.9041,0.849705
4.94406,0.842803
4.98402,0.8359
5.02399,0.828997
5.06395,0.822093
5.10392,0.81519
5.14388,0.808286
5.18385,0.801382
5.22382,0.794478
5.26379,0.787573
5.30376,0.780668
5.34373,0.773763
5.38371,0.766858
5.42369,0.759953
5.46366,0.753047
5.50364,0.746141
5.54362,0.739235
5.5836,0.732329
5.62358,0.725423
5.66357,0.718516
5.70355,0.711609
5.74354,0.700952
5.78352,0.690294
5.82351,0.679636
5.8635,0.668978
5.90349,0.65832
5.94349,0.647661
5.98348,0.637001
6.02347,0.626342
6.06347,0.615682
6.10347,0.605022
6.14347,0.594361
6.18347,0.5837
6.22347,0.573039
6.26347,0.562378
6.30347,0.551716
6.34348,0.541054
6.38348,0.530391
6.42349,0.519728
6.4635,0.515976
6.50351,0.512224
6.54352,0.508471
6.58353,0.504719
6.62354,0.500966
6.66356,0.497214
6.70357,0.493461
6.74359,0.489708
6.78361,0.485955
6.82363,0.482202
6.86365,0.478448
6.90367,0.474695
6.94369,0.470942
6.98372,0.467188
7.02374,0.463434
7.06377,0.45968
7.1038,0.455926
7.14382,0.452172
7.18385,0.448418
7.22388,0.444664
7.26392,0.44091
7.30395,0.437155
7.34398,0.437155
7.38402,0.437155
7.42406,0.437155
7.46409,0.437155
7.50413,0.437155
7.54417,0.437155
7.58421,0.437155
7.62426,0.437155
7.6643,0.437155
7.70434,0.437155
7.74439,0.437155
7.78444,0.437155
7.82448,0.437155
7.86453,0.437155
7.90458,0.437155
7.94464,0.437155
7.98469,0.437155
8.02474,0.437155
8.0648,0.437155
8.10485,0.437155
8.14491,0.437155
8.18497,0.437155
8.22503,0.437155
8.26509,0.437155
8.30515,0.437155
8.34521,0.437155
8.38527,0.437155
8.42534,0.437155
8.4654,0.437155
8.50547,0.437155
8.54554,0.437155
8.5856,0.437155
8.62567,0.437155
8.66574,0.437155
8.70582,0.437155
8.74589,0.437155
8.78596,0.437155
8.82604,0.437155
8.86611,0.437155
8.90619,0.437155
8.94627,0.437155
8.98635,0.437155
9.02643,0.437155
9.06651,0.437155
9.10659,0.437155
9.14668,0.437155
9.18676,0.437155
9.22684,0.437155
9.26693,0.437155
9.30702,0.437155
9.34711,0.437155
9.3872,0.437155
9.42729,0.437155
9.46738,0.437155
9.50747,0.437155
9.54756,0.437155
9.58766,0.437155
9.62775,0.437155
9.66785,0.437155
9.70795,0.437155
9.74804,0.437155
9.78814,0.437155
9.82824,0.437155
9.86834,0.437155
9.90845,0.437155
9.94855,0.437155
9.98865,0.437155
10.0288,0.437155
10.0689,0.437155
10.109,0.437155
10.1491,0.437155
10.1892,0.437155
10.2293,0.437155
10.2694,0.437155
10.3095,0.437155
10.3496,0.437155
10.3897,0.437155
10.4299,0.437155
10.47,0.437155
10.5101,0.437155
10.5502,0.437155
10.5903,0.437155
10.6304,0.437155
10.6706,0.437155
10.7107,0.437155
10.7508,0.437155
10.7909,0.437155
10.8311,0.437155
10.8712,0.437155
10.9113,0.437155
10.9514,0.437155
10.9916,0.437155
11.0317,0.437155
11.0718,0.437155
11.1119,0.437155
11.1521,0.437155
11.1922,0.437155
11.2323,0.437155
11.2725,0.437155
11.3126,0.437155
11.3527,0.437155
11.3929,0.437155
11.433,0.437155
11.4732,0.437155
11.5133,0.437155
11.5534,0.437155
11.5936,0.437155
11.6337,0.437155
11.6739,0.437155
11.714,0.437155
11.7541,0.439316
11.7943,0.441477
11.8344,0.443637
11.8746,0.445798
11.9147,0.447959
11.9549,0.45012
11.995,0.452281
12.0352,0.454442
12.0753,0.456603
12.1155,0.458764
12.1556,0.460925
12.1958,0.463086
12.2359,0.465248
12.2761,0.467409
12.3162,0.46957
12.3564,0.471732
12.3965,0.473893
12.4367,0.476054
12.4769,0.478216
12.517,0.480377
12.5572,0.482539
12.5973,0.484701
12.6375,0.486862
12.6777,0.489024
12.7178,0.491186
12.758,0.493347
12.7981,0.495509
12.8383,0.497671
12.8785,0.499833
12.9186,0.501995
12.9588,0.504157
12.999,0.506319
13.0391,0.508481
13.0793,0.510643
13.1195,0.512805
13.1597,0.514967
13.1998,0.51713
13.24,0.519292
13.2802,0.521454
13.3203,0.523616
13.3605,0.525779
13.4007,0.527941
13.4409,0.530104
13.481,0.532266
13.5212,0.534429
13.5614,0.536591
13.6016,0.538754
13.6418,0.540917
13.6819,0.543079
13.7221,0.545242
13.7623,0.547405
13.8025,0.549567
13.8427,0.55173
13.8829,0.553893
13.923,0.556056
13.9632,0.558219
14.0034,0.560382
14.0436,0.562545
14.0838,0.564708
14.124,0.566871
14.1642,0.569034
14.2043,0.571197
14.2445,0.57336
14.2847,0.575524
14.3249,0.577687
14.3651,0.57985
14.4053,0.582013
14.4455,0.584177
14.4857,0.58634
14.5259,0.588504
14.5661,0.590667
14.6063,0.59283
14.6465,0.594994
14.6867,0.597158
14.7269,0.599321
14.7671,0.601485
14.8073,0.603648
14.8474,0.605812
14.8876,0.607976
14.9278,0.610139
14.968,0.612303
15.0083,0.614467
15.0485,0.616631
15.0887,0.618795
15.1289,0.620959
15.1691,0.623123
15.2093,0.625287
15.2495,0.627451
15.2897,0.629615
15.3299,0.631779
15.3701,0.633943
15.4103,0.636107
15.4505,0.638271
15.4907,0.640435
15.5309,0.642599
15.5711,0.644764
15.6113,0.646928
15.6515,0.649092
15.6918,0.651257
15.732,0.653421
15.7722,0.655585
15.8124,0.65775
15.8526,0.659914
15.8928,0.662079
15.933,0.664243
15.9732,0.666408
16.0135,0.668572
16.0537,0.670737
16.0939,0.672902
16.1341,0.675066
16.1743,0.677231
16.2145,0.679395
16.2548,0.68156
16.295,0.683725
16.3352,0.68589
16.3754,0.688055
16.4156,0.690219
16.4559,0.692384
16.4961,0.694549
16.5363,0.696714
16.5765,0.698879
16.6168,0.701044
16.657,0.703209
16.6972,0.705374
16.7374,0.707539
16.7776,0.709704
16.8179,0.711869
16.8581,0.714034
16.8983,0.716199
16.9385,0.718365
16.9788,0.72053
17.019,0.722695
17.0592,0.72486
17.0995,0.727025
17.1397,0.729191
17.1799,0.731356
17.2201,0.733521
17.2604,0.735687
17.3006,0.737852
17.3408,0.740018
17.3811,0.742183
17.4213,0.744348
17.4615,0.746514
17.5018,0.748679
17.542,0.750845
17.5822,0.75301
17.6225,0.755176
17.6627,0.757342
17.7029,0.759507
17.7432,0.761673
17.7834,0.763838
17.8236,0.766004
17.8639,0.76817
17.9041,0.770335
17.9443,0.772501
17.9846,0.774667
18.0248,0.776833
18.0651,0.778998
18.1053,0.781164
18.1455,0.78333
18.1858,0.785496
18.226,0.787662
18.2663,0.789828
18.3065,0.791993
18.3467,0.794159
18.387,0.796325
18.4272,0.798491
18.4675,0.800657
18.5077,0.802823
18.5479,0.804989
18.5882,0.807155
18.6284,0.809321
18.6687,0.811487
18.7089,0.813654
18.7492,0.81582
18.7894,0.817986
18.8296,0.820152
18.8699,0.822318
18.9101,0.824484
18.9504,0.82665
18.9906,0.828817
19.0309,0.830983
19.0711,0.833149
19.1114,0.835315
19.1516,0.837482
19.1919,0.839648
19.2321,0.841814
19.2724,0.84398
19.3126,0.846147
19.3528,0.848313
19.3931,0.850479
19.4333,0.852646
19.4736,0.854812
19.5138,0.856979
19.5541,0.859145
19.5943,0.861311
19.6346,0.863478
19.6748,0.865644
19.7151,0.867811
19.7553,0.869977
19.7956,0.872144
19.8358,0.87431
19.8761,0.876477
19.9163,0.878643
19.9566,0.88081
19.9969,0.882976
20.0371,0.885143
20.0774,0.88731
20.1176,0.889476
20.1579,0.891643
20.1981,0.893809
20.2384,0.895976
20.2786,0.898143
20.3189,0.900309
20.3591,0.902476
20.3994,0.904643
20.4396,0.906809
20.4799,0.908976
20.5201,0.911143
20.5604,0.913309
20.6007,0.915476
20.6409,0.917643
20.6812,0.91981
20.7214,0.921976
20.7617,0.924143
20.8019,0.92631
20.8422,0.928477
20.8825,0.930644
20.9227,0.93281
20.963,0.934977
21.0032,0.937144
21.0435,0.939311
21.0837,0.941478
21.124,0.943644
21.1643,0.945811
21.2045,0.947978
21.2448,0.950145
21.285,0.952312
21.3253,0.954479
21.3655,0.956646
21.4058,0.958813
21.4461,0.960979
21.4863,0.963146
21.5266,0.965313
21.5668,0.96748
21.6071,0.969647
21.6474,0.971814
21.6876,0.973981
21.7279,0.976148
21.7681,0.978315
21.8084,0.980482
21.8487,0.982649
21.8889,0.984816
21.9292,0.986983
21.9694,0.98915
22.0097,0.991317
22.05,0.993484
22.0902,0.995651
22.1305,0.997818
22.1707,0.999985
22.211,1.00215
22.2513,1.00432
22.2915,1.00649
22.3318,1.00865
22.372,1.01082
22.4123,1.01299
22.4526,1.01515
22.4928,1.01732
22.5331,1.01949
22.5733,1.02165
22.6136,1.02382
22.6539,1.02599
22.6941,1.02816
22.7344,1.03032
22.7746,1.03249
22.8149,1.03466
22.8552,1.03682
22.8954,1.03899
22.9357,1.04116
22.9759,1.04332
23.0162,1.04549
23.0565,1.04766
23.0967,1.04983
23.137,1.05199
23.1787,1.05424
23.222,1.05657
23.2669,1.05899
23.3135,1.06149
23.3617,1.06409
23.4116,1.06677
23.4633,1.06956
23.5169,1.07244
23.5723,1.07543
23.6297,1.07851
23.689,1.08171
23.7504,1.08501
23.8138,1.08842
23.8794,1.09195
23.9471,1.0956
24.0171,1.09936
24.0893,1.10325
24.1638,1.10726
24.2407,1.1114
24.3199,1.11566
24.4016,1.12006
24.4858,1.12459
24.5724,1.12926
24.6616,1.13406
24.7534,1.139
24.8478,1.14408
24.9448,1.1493
25.0444,1.15466
25.1467,1.16016
25.2517,1.16581
25.3593,1.17161
25.4697,1.17755
25.5827,1.18363
25.6984,1.18986
25.8168,1.19623
25.9379,1.20275
26.0616,1.20941
26.1879,1.21621
26.3168,1.22315
26.4483,1.23022
26.5823,1.23743
26.7187,1.24478
26.8575,1.25225
26.9987,1.25985
27.1422,1.26757
27.2878,1.27541
27.4356,1.28336
27.5854,1.29142
27.7371,1.29959
27.8906,1.30786
28.0459,1.31622
28.2029,1.32466
28.3613,1.33319
28.5211,1.34179
28.6822,1.35046
28.8444,1.35919
29.0076,1.36797
29.1716,1.37681
29.3364,1.38568
29.5018,1.39458
29.6676,1.4035
29.8337,1.41244
30,1.42139
30.1663,1.43034
-0.0397757,1.1422
0,1.1422
0.0397757,1.1422
0.0795531,1.1422
0.119332,1.1422
0.159113,1.1422
0.198895,1.1422
0.238679,1.1422
0.278465,1.1422
0.318252,1.1422
0.358041,1.1422
0.397832,1.1422
0.437624,1.1422
0.477418,1.1422
0.517214,1.1422
0.557011,1.1422
0.59681,1.1422
0.636611,1.1422
0.676413,1.1422
0.716217,1.1422
0.756022,1.1422
0.795829,1.1422
0.835638,1.1422
0.875448,1.1422
0.91526,1.1422
0.955073,1.1422
0.994888,1.1422
1.0347,1.1422
1.07452,1.1422
1.11434,1.1422
1.15416,1.1422
1.19399,1.1422
1.23381,1.1422
1.27364,1.1422
1.31347,1.1422
1.3533,1.1422
1.39313,1.1422
1.43296,1.1422
1.47279,1.1422
1.51263,1.1422
1.55247,1.1422
1.59231,1.1422
1.63215,1.1422
1.67199,1.1422
1.71183,1.1422
1.75168,1.1422
1.79152,1.1422
1.83137,1.1422
1.87122,1.1422
1.91107,1.1422
1.95092,1.1422
1.99078,1.1422
2.03063,1.1422
2.07049,1.1422
2.11035,1.1422
2.15021,1.1422
2.19007,1.1422
2.22994,1.1422
2.2698,1.1422
2.30967,1.1422
2.34954,1.1422
2.38941,1.1422
2.42928,1.1422
2.46915,1.1422
2.50902,1.1422
2.5489,1.1422
2.58878,1.1422
2.62865,1.1422
2.66853,1.1422
2.70842,1.1422
2.7483,1.1422
2.78818,1.1422
2.82807,1.1422
2.86796,1.1422
2.90785,1.1422
2.94774,1.1422
2.98763,1.1422
3.02752,1.1422
3.06742,1.1422
3.10731,1.1422
3.14721,1.1422
3.18711,1.1422
3.22701,1.1422
3.26691,1.1422
3.30681,1.1422
3.34672,1.1422
3.38663,1.1422
3.42653,1.13506
3.46644,1.12792
3.50635,1.12078
3.54627,1.11364
3.58618,1.1065
3.62609,1.09935
3.66601,1.09221
3.70593,1.08507
3.74585,1.07792
3.78577,1.07078
3.82569,1.06364
3.86561,1.05649
3.90554,1.04935
3.94546,1.0422
3.98539,1.03506
4.02532,1.02791
4.06525,1.02077
4.10518,1.01362
4.14511,1.00648
4.18505,0.999329
4.22499,0.992183
4.26492,0.985036
4.30486,0.97789
4.3448,0.970742
4.38474,0.963595
4.42468,0.956447
4.46463,0.9493
4.50457,0.942151
4.54452,0.935003
4.58447,0.927855
4.62442,0.920706
4.66437,0.913557
4.70432,0.906407
4.74427,0.899258
4.78423,0.892108
4.82419,0.884958
4.86414,0.877808
4.9041,0.870657
4.94406,0.863507
4.98402,0.856356
5.02399,0.849204
5.06395,0.842053
5.10392,0.834901
5.14388,0.827749
5.18385,0.820597
5.22382,0.813445
5.26379,0.806292
5.30376,0.799139
5.34373,0.791986
5.38371,0.784833
5.42369,0.777679
5.46366,0.770526
5.50364,0.763372
5.54362,0.756217
5.5836,0.749063
5.62358,0.741908
5.66357,0.734753
5.70355,0.727598
5.74354,0.716797
5.78352,0.705996
5.82351,0.695195
5.8635,0.684393
5.90349,0.673591
5.94349,0.662789
5.98348,0.651986
6.02347,0.641183
6.06347,0.630379
6.10347,0.619575
6.14347,0.608771
6.18347,0.597967
6.22347,0.587162
6.26347,0.576357
6.30347,0.565551
6.34348,0.554746
6.38348,0.543939
6.42349,0.533133
6.4635,0.529486
6.50351,0.525838
6.54352,0.52219
6.58353,0.518543
6.62354,0.514895
6.66356,0.511247
6.70357,0.507599
6.74359,0.503951
6.78361,0.500302
6.82363,0.496654
6.86365,0.493005
6.90367,0.489357
6.94369,0.485708
6.98372,0.482059
7.02374,0.47841
7.06377,0.474761
7.1038,0.471112
7.14382,0.467463
7.18385,0.463813
7.22388,0.460164
7.26392,0.456514
7.30395,0.452865
7.34398,0.452865
7.38402,0.452865
7.42406,0.452865
7.46409,0.452865
7.50413,0.452865
7.54417,0.452865
7.58421,0.452865
7.62426,0.452865
7.6643,0.452865
7.70434,0.452865
7.74439,0.452865
7.78444,0.452865
7.82448,0.452865
7.86453,0.452865
7.90458,0.452865
7.94464,0.452865
7.98469,0.452865
8.02474,0.452865
8.0648,0.452865
8.10485,0.452865
8.14491,0.452865
8.18497,0.452865
8.22503,0.452865
8.26509,0.452865
8.30515,0.452865
8.34521,0.452865
8.38527,0.452865
8.42534,0.452865
8.4654,0.452865
8.50547,0.452865
8.54554,0.452865
8.5856,0.452865
8.62567,0.452865
8.66574,0.452865
8.70582,0.452865
8.74589,0.452865
8.78596,0.452865
8.82604,0.452865
8.86611,0.452865
8.90619,0.452865
8.94627,0.452865
8.98635,0.452865
9.02643,0.452865
9.06651,0.452865
9.10659,0.452865
9.14668,0.452865
9.18676,0.452865
9.22684,0.452865
9.26693,0.452865
9.30702,0.452865
9.34711,0.452865
9.3872,0.452865
9.42729,0.452865
9.46738,0.452865
9.50747,0.452865
9.54756,0.452865
9.58766,0.452865
9.62775,0.452865
9.66785,0.452865
9.70795,0.452865
9.74804,0.452865
9.78814,0.452865
9.82824,0.452865
9.86834,0.452865
9.90845,0.452865
9.94855,0.452865
9.98865,0.452865
10.0288,0.452865
10.0689,0.452865
10.109,0.452865
10.1491,0.452865
10.1892,0.452865
10.2293,0.452865
10.2694,0.452865
10.3095,0.452865
10.3496,0.452865
10.3897,0.452865
10.4299,0.452865
10.47,0.452865
10.5101,0.452865
10.5502,0.452865
10.5903,0.452865
10.6304,0.452865
10.6706,0.452865
10.7107,0.452865
10.7508,0.452865
10.7909,0.452865
10.8311,0.452865
10.8712,0.452865
10.9113,0.452865
10.9514,0.452865
10.9916,0.452865
11.0317,0.452865
11.0718,0.452865
11.1119,0.452865
11.1521,0.452865
11.1922,0.452865
11.2323,0.452865
11.2725,0.452865
11.3126,0.452865
11.3527,0.452865
11.3929,0.452865
11.433,0.452865
11.4732,0.452865
11.5133,0.452865
11.5534,0.452865
11.5936,0.452865
11.6337,0.452865
11.6739,0.452865
11.714,0.452865
11.7541,0.455103
11.7943,0.457341
11.8344,0.45958
11.8746,0.461818
11.9147,0.464057
11.9549,0.466295
11.995,0.468534
12.0352,0.470773
12.0753,0.473011
12.1155,0.47525
12.1556,0.477489
12.1958,0.479728
12.2359,0.481967
12.2761,0.484206
12.3162,0.486445
12.3564,0.488684
12.3965,0.490923
12.4367,0.493162
12.4769,0.495401
12.517,0.49764
12.5572,0.499879
12.5973,0.502119
12.6375,0.504358
12.6777,0.506597
12.7178,0.508837
12.758,0.511076
12.7981,0.513316
12.8383,0.515555
12.8785,0.517795
12.9186,0.520034
12.9588,0.522274
12.999,0.524514
13.0391,0.526754
13.0793,0.528993
13.1195,0.531233
13.1597,0.533473
13.1998,0.535713
13.24,0.537953
13.2802,0.540193
13.3203,0.542433
13.3605,0.544673
13.4007,0.546913
13.4409,0.549153
13.481,0.551393
13.5212,0.553634
13.5614,0.555874
13.6016,0.558114
13.6418,0.560355
13.6819,0.562595
13.7221,0.564835
13.7623,0.567076
13.8025,0.569316
13.8427,0.571557
13.8829,0.573798
13.923,0.576038
13.9632,0.578279
14.0034,0.580519
14.0436,0.58276
14.0838,0.585001
14.124,0.587242
14.1642,0.589483
14.2043,0.591723
14.2445,0.593964
14.2847,0.596205
14.3249,0.598446
14.3651,0.600687
14.4053,0.602928
14.4455,0.605169
14.4857,0.607411
14.5259,0.609652
14.5661,0.611893
14.6063,0.614134
14.6465,0.616375
14.6867,0.618617
14.7269,0.620858
14.7671,0.623099
14.8073,0.625341
14.8474,0.627582
14.8876,0.629824
14.9278,0.632065
14.968,0.634307
15.0083,0.636548
15.0485,0.63879
15.0887,0.641032
15.1289,0.643273
15.1691,0.645515
15.2093,0.647757
15.2495,0.649998
15.2897,0.65224
15.3299,0.654482
15.3701,0.656724
15.4103,0.658966
15.4505,0.661208
15.4907,0.66345
15.5309,0.665692
15.5711,0.667934
15.6113,0.670176
15.6515,0.672418
15.6918,0.67466
15.732,0.676902
15.7722,0.679144
15.8124,0.681386
15.8526,0.683629
15.8928,0.685871
15.933,0.688113
15.9732,0.690355
16.0135,0.692598
16.0537,0.69484
16.0939,0.697083
16.1341,0.699325
16.1743,0.701567
16.2145,0.70381
16.2548,0.706052
16.295,0.708295
16.3352,0.710538
16.3754,0.71278
16.4156,0.715023
16.4559,0.717265
16.4961,0.719508
16.5363,0.721751
16.5765,0.723994
16.6168,0.726236
16.657,0.728479
16.6972,0.730722
16.7374,0.732965
16.7776,0.735208
16.8179,0.737451
16.8581,0.739693
16.8983,0.741936
16.9385,0.744179
16.9788,0.746422
17.019,0.748665
17.0592,0.750908
17.0995,0.753152
17.1397,0.755395
17.1799,0.757638
17.2201,0.759881
17.2604,0.762124
17.3006,0.764367
17.3408,0.76661
17.3811,0.768854
17.4213,0.771097
17.4615,0.77334
17.5018,0.775584
17.542,0.777827
17.5822,0.78007
17.6225,0.782314
17.6627,0.784557
17.7029,0.7868
17.7432,0.789044
17.7834,0.791287
17.8236,0.793531
17.8639,0.795774
17.9041,0.798018
17.9443,0.800261
17.9846,0.802505
18.0248,0.804749
18.0651,0.806992
18.1053,0.809236
18.1455,0.811479
18.1858,0.813723
18.226,0.815967
18.2663,0.81821
18.3065,0.820454
18.3467,0.822698
18.387,0.824942
18.4272,0.827186
18.4675,0.829429
18.5077,0.831673
18.5479,0.833917
18.5882,0.836161
18.6284,0.838405
18.6687,0.840649
18.7089,0.842893
18.7492,0.845137
18.7894,0.847381
18.8296,0.849625
18.8699,0.851868
18.9101,0.854113
18.9504,0.856357
18.9906,0.858601
19.0309,0.860845
19.0711,0.863089
19.1114,0.865333
19.1516,0.867577
19.1919,0.869821
19.2321,0.872065
19.2724,0.874309
19.3126,0.876553
19.3528,0.878798
19.3931,0.881042
19.4333,0.883286
19.4736,0.88553
19.5138,0.887775
19.5541,0.890019
19.5943,0.892263
19.6346,0.894507
19.6748,0.896752
19.7151,0.898996
19.7553,0.90124
19.7956,0.903485
19.8358,0.905729
19.8761,0.907973
19.9163,0.910218
19.9566,0.912462
19.9969,0.914707
20.0371,0.916951
20.0774,0.919196
20.1176,0.92144
20.1579,0.923684
20.1981,0.925929
20.2384,0.928173
20.2786,0.930418
20.3189,0.932662
20.3591,0.934907
20.3994,0.937151
20.4396,0.939396
20.4799,0.941641
20.5201,0.943885
20.5604,0.94613
20.6007,0.948374
20.6409,0.950619
20.6812,0.952864
20.7214,0.955108
20.7617,0.957353
20.8019,0.959597
20.8422,0.961842
20.8825,0.964087
20.9227,0.966331
20.963,0.968576
21.0032,0.970821
21.0435,0.973065
21.0837,0.97531
21.124,0.977555
21.1643,0.9798
21.2045,0.982044
21.2448,0.984289
21.285,0.986534
21.3253,0.988778
21.3655,0.991023
21.4058,0.993268
21.4461,0.995513
21.4863,0.997757
21.5266,1
21.5668,1.00225
21.6071,1.00449
21.6474,1.00674
21.6876,1.00898
21.7279,1.01123
21.7681,1.01347
21.8084,1.01572
21.8487,1.01796
21.8889,1.02021
21.9292,1.02245
21.9694,1.0247
22.0097,1.02694
22.05,1.02919
22.0902,1.03143
22.1305,1.03367
22.1707,1.03592
22.211,1.03816
22.2513,1.04041
22.2915,1.04265
22.3318,1.0449
22.372,1.04714
22.4123,1.04939
22.4526,1.05163
22.4928,1.05388
22.5331,1.05612
22.5733,1.05837
22.6136,1.06061
22.6539,1.06286
22.6941,1.0651
22.7344,1.06735
22.7746,1.06959
22.8149,1.07184
22.8552,1.07408
22.8954,1.07633
22.9357,1.07857
22.9759,1.08082
23.0162,1.08306
23.0565,1.08531
23.0967,1.08755
23.137,1.0898
23.1787,1.09213
23.222,1.09454
23.2669,1.09704
23.3135,1.09964
23.3617,1.10232
23.4116,1.10511
23.4633,1.10799
23.5169,1.11098
23.5723,1.11407
23.6297,1.11727
23.689,1.12058
23.7504,1.124
23.8138,1.12754
23.8794,1.13119
23.9471,1.13497
24.0171,1.13887
24.0893,1.1429
24.1638,1.14705
24.2407,1.15134
24.3199,1.15576
24.4016,1.16031
24.4858,1.165
24.5724,1.16984
24.6616,1.17481
24.7534,1.17993
24.8478,1.18519
24.9448,1.1906
25.0444,1.19615
25.1467,1.20186
25.2517,1.20771
25.3593,1.21371
25.4697,1.21986
25.5827,1.22617
25.6984,1.23262
25.8168,1.23922
25.9379,1.24597
26.0616,1.25287
26.1879,1.25991
26.3168,1.2671
26.4483,1.27443
26.5823,1.2819
26.7187,1.28951
26.8575,1.29725
26.9987,1.30512
27.1422,1.31312
27.2878,1.32124
27.4356,1.32948
27.5854,1.33783
27.7371,1.34629
27.8906,1.35485
28.0459,1.36351
28.2029,1.37226
28.3613,1.3811
28.5211,1.39001
28.6822,1.39899
28.8444,1.40803
29.0076,1.41713
29.1716,1.42628
29.3364,1.43547
29.5018,1.44469
29.6676,1.45394
29.8337,1.4632
30,1.47247
30.1663,1.48174
-0.0397757,1.17258
0,1.17258
0.0397757,1.17258
0.0795531,1.17258
0.119332,1.17258
0.159113,1.17258
0.198895,1.17258
0.238679,1.17258
0.278465,1.17258
0.318252,1.17258
0.358041,1.17258
0.397832,1.17258
0.437624,1.17258
0.477418,1.17258
0.517214,1.17258
0.557011,1.17258
0.59681,1.17258
0.636611,1.17258
0.676413,1.17258
0.716217,1.17258
0.756022,1.17258
0.795829,1.17258
0.835638,1.17258
0.875448,1.17258
0.91526,1.17258
0.955073,1.17258
0.994888,1.17258
1.0347,1.17258
1.07452,1.17258
1.11434,1.17258
1.15416,1.17258
1.19399,1.17258
1.23381,1.17258
1.27364,1.17258
1.31347,1.17258
1.3533,1.17258
1.39313,1.17258
1.43296,1.17258
1.47279,1.17258
1.51263,1.17258
1.55247,1.17258
1.59231,1.17258
1.63215,1.17258
1.67199,1.17258
1.71183,1.17258
1.75168,1.17258
1.79152,1.17258
1.83137,1.17258
1.87122,1.17258
1.91107,1.17258
1.95092,1.17258
1.99078,1.17258
2.03063,1.17258
2.07049,1.17258
2.11035,1.17258
2.15021,1.17258
2.19007,1.17258
2.22994,1.17258
2.2698,1.17258
2.30967,1.17258
2.34954,1.17258
2.38941,1.17258
2.42928,1.17258
2.46915,1.17258
2.50902,1.17258
2.5489,1.17258
2.58878,1.17258
2.62865,1.17258
2.66853,1.17258
2.70842,1.17258
2.7483,1.17258
2.78818,1.17258
2.82807,1.17258
2.86796,1.17258
2.90785,1.17258
2.94774,1.17258
2.98763,1.17258
3.02752,1.17258
3.06742,1.17258
3.10731,1.17258
3.14721,1.17258
3.18711,1.17258
3.22701,1.17258
3.26691,1.17258
3.30681,1.17258
3.34672,1.17258
3.38663,1.17258
3.42653,1.16519
3.46644,1.1578
3.50635,1.15041
3.54627,1.14302
3.58618,1.13563
3.62609,1.12824
3.66601,1.12085
3.70593,1.11346
3.74585,1.10607
3.78577,1.09868
3.82569,1.09128
3.86561,1.08389
3.90554,1.0765
3.94546,1.06911
3.98539,1.06172
4.02532,1.05432
4.06525,1.04693
4.10518,1.03954
4.14511,1.03214
4.18505,1.02475
4.22499,1.01735
4.26492,1.00996
4.30486,1.00256
4.3448,0.995169
4.38474,0.987773
4.42468,0.980378
4.46463,0.972982
4.50457,0.965586
4.54452,0.958189
4.58447,0.950793
4.62442,0.943396
4.66437,0.935999
4.70432,0.928602
4.74427,0.921204
4.78423,0.913806
4.82419,0.906408
4.86414,0.89901
4.9041,0.891611
4.94406,0.884212
4.98402,0.876813
5.02399,0.869414
5.06395,0.862014
5.10392,0.854615
5.14388,0.847215
5.18385,0.839814
5.22382,0.832414
5.26379,0.825013
5.30376,0.817612
5.34373,0.810211
5.38371,0.802809
5.42369,0.795408
5.46366,0.788006
5.50364,0.780604
5.54362,0.773201
5.5836,0.765798
5.62358,0.758395
5.66357,0.750992
5.70355,0.743589
5.74354,0.732645
5.78352,0.7217
5.82351,0.710755
5.8635,0.69981
5.90349,0.688864
5.94349,0.677918
5.98348,0.666972
6.02347,0.656025
6.06347,0.645078
6.10347,0.63413
6.14347,0.623183
6.18347,0.612235
6.22347,0.601286
6.26347,0.590337
6.30347,0.579388
6.34348,0.568439
6.38348,0.557489
6.42349,0.546539
6.4635,0.542996
6.50351,0.539454
6.54352,0.535911
6.58353,0.532368
6.62354,0.528825
6.66356,0.525281
6.70357,0.521738
6.74359,0.518195
6.78361,0.514651
6.82363,0.511107
6.86365,0.507564
6.90367,0.50402
6.94369,0.500476
6.98372,0.496932
7.02374,0.493388
7.06377,0.489843
7.1038,0.486299
7.14382,0.482754
7.18385,0.47921
7.22388,0.475665
7.26392,0.47212
7.30395,0.468576
7.34398,0.468576
7.38402,0.468576
7.42406,0.468576
7.46409,0.468576
7.50413,0.468576
7.54417,0.468576
7.58421,0.468576
7.62426,0.468576
7.6643,0.468576
7.70434,0.468576
7.74439,0.468576
7.78444,0.468576
7.82448,0.468576
7.86453,0.468576
7.90458,0.468576
7.94464,0.468576
7.98469,0.468576
8.02474,0.468576
8.0648,0.468576
8.10485,0.468576
8.14491,0.468576
8.18497,0.468576
8.22503,0.468576
8.26509,0.468576
8.30515,0.468576
8.34521,0.468576
8.38527,0.468576
8.42534,0.468576
8.4654,0.468576
8.50547,0.468576
8.54554,0.468576
8.5856,0.468576
8.62567,0.468576
8.66574,0.468576
8.70582,0.468576
8.74589,0.468576
8.78596,0.468576
8.82604,0.468576
8.86611,0.468576
8.90619,0.468576
8.94627,0.468576
8.98635,0.468576
9.02643,0.468576
9.06651,0.468576
9.10659,0.468576
9.14668,0.468576
9.18676,0.468576
9.22684,0.468576
9.26693,0.468576
9.30702,0.468576
9.34711,0.468576
9.3872,0.468576
9.42729,0.468576
9.46738,0.468576
9.50747,0.468576
9.54756,0.468576
9.58766,0.468576
9.62775,0.468576
9.66785,0.468576
9.70795,0.468576
9.74804,0.468576
9.78814,0.468576
9.82824,0.468576
9.86834,0.468576
9.90845,0.468576
9.94855,0.468576
9.98865,0.468576
10.0288,0.468576
10.0689,0.468576
10.109,0.468576
10.1491,0.468576
10.1892,0.468576
10.2293,0.468576
10.2694,0.468576
10.3095,0.468576
10.3496,0.468576
10.3897,0.468576
10.4299,0.468576
10.47,0.468576
10.5101,0.468576
10.5502,0.468576
10.5903,0.468576
10.6304,0.468576
10.6706,0.468576
10.7107,0.468576
10.7508,0.468576
10.7909,0.468576
10.8311,0.468576
10.8712,0.468576
10.9113,0.468576
10.9514,0.468576
10.9916,0.468576
11.0317,0.468576
11.0718,0.468576
11.1119,0.468576
11.1521,0.468576
11.1922,0.468576
11.2323,0.468576
11.2725,0.468576
11.3126,0.468576
11.3527,0.468576
11.3929,0.468576
11.433,0.468576
11.4732,0.468576
11.5133,0.468576
11.5534,0.468576
11.5936,0.468576
11.6337,0.468576
11.6739,0.468576
11.714,0.468576
11.7541,0.470892
11.7943,0.473208
11.8344,0.475524
11.8746,0.47784
11.9147,0.480156
11.9549,0.482472
11.995,0.484789
12.0352,0.487105
12.0753,0.489421
12.1155,0.491738
12.1556,0.494054
12.1958,0.496371
12.2359,0.498687
12.2761,0.501004
12.3162,0.50332
12.3564,0.505637
12.3965,0.507954
12.4367,0.510271
12.4769,0.512588
12.517,0.514904
12.5572,0.517221
12.5973,0.519538
12.6375,0.521855
12.6777,0.524172
12.7178,0.526489
12.758,0.528807
12.7981,0.531124
12.8383,0.533441
12.8785,0.535758
12.9186,0.538076
12.9588,0.540393
12.999,0.54271
13.0391,0.545028
13.0793,0.547345
13.1195,0.549663
13.1597,0.55198
13.1998,0.554298
13.24,0.556616
13.2802,0.558933
13.3203,0.561251
13.3605,0.563569
13.4007,0.565887
13.4409,0.568205
13.481,0.570523
13.5212,0.572841
13.5614,0.575159
13.6016,0.577477
13.6418,0.579795
13.6819,0.582113
13.7221,0.584431
13.7623,0.586749
13.8025,0.589067
13.8427,0.591386
13.8829,0.593704
13.923,0.596022
13.9632,0.598341
14.0034,0.600659
14.0436,0.602978
14.0838,0.605296
14.124,0.607615
14.1642,0.609933
14.2043,0.612252
14.2445,0.61457
14.2847,0.616889
14.3249,0.619208
14.3651,0.621527
14.4053,0.623845
14.4455,0.626164
14.4857,0.628483
14.5259,0.630802
14.5661,0.633121
14.6063,0.63544
14.6465,0.637759
14.6867,0.640078
14.7269,0.642397
14.7671,0.644716
14.8073,0.647035
14.8474,0.649355
14.8876,0.651674
14.9278,0.653993
14.968,0.656312
15.0083,0.658632
15.0485,0.660951
15.0887,0.66327
15.1289,0.66559
15.1691,0.667909
15.2093,0.670229
15.2495,0.672548
15.2897,0.674868
15.3299,0.677188
15.3701,0.679507
15.4103,0.681827
15.4505,0.684147
15.4907,0.686466
15.5309,0.688786
15.5711,0.691106
15.6113,0.693426
15.6515,0.695746
15.6918,0.698065
15.732,0.700385
15.7722,0.702705
15.8124,0.705025
15.8526,0.707345
15.8928,0.709665
15.933,0.711985
15.9732,0.714306
16.0135,0.716626
16.0537,0.718946
16.0939,0.721266
16.1341,0.723586
16.1743,0.725907
16.2145,0.728227
16.2548,0.730547
16.295,0.732867
16.3352,0.735188
16.3754,0.737508
16.4156,0.739829
16.4559,0.742149
16.4961,0.74447
16.5363,0.74679
16.5765,0.749111
16.6168,0.751431
16.657,0.753752
16.6972,0.756072
16.7374,0.758393
16.7776,0.760714
16.8179,0.763034
16.8581,0.765355
16.8983,0.767676
16.9385,0.769997
16.9788,0.772318
17.019,0.774638
17.0592,0.776959
17.0995,0.77928
17.1397,0.781601
17.1799,0.783922
17.2201,0.786243
17.2604,0.788564
17.3006,0.790885
17.3408,0.793206
17.3811,0.795527
17.4213,0.797848
17.4615,0.800169
17.5018,0.80249
17.542,0.804812
17.5822,0.807133
17.6225,0.809454
17.6627,0.811775
17.7029,0.814096
17.7432,0.816418
17.7834,0.818739
17.8236,0.82106
17.8639,0.823382
17.9041,0.825703
17.9443,0.828024
17.9846,0.830346
18.0248,0.832667
18.0651,0.834989
18.1053,0.83731
18.1455,0.839632
18.1858,0.841953
18.226,0.844275
18.2663,0.846596
18.3065,0.848918
18.3467,0.851239
18.387,0.853561
18.4272,0.855883
18.4675,0.858204
18.5077,0.860526
18.5479,0.862848
18.5882,0.865169
18.6284,0.867491
18.6687,0.869813
18.7089,0.872135
18.7492,0.874456
18.7894,0.876778
18.8296,0.8791
18.8699,0.881422
18.9101,0.883744
18.9504,0.886066
18.9906,0.888387
19.0309,0.890709
19.0711,0.893031
19.1114,0.895353
19.1516,0.897675
19.1919,0.899997
19.2321,0.902319
19.2724,0.904641
19.3126,0.906963
19.3528,0.909285
19.3931,0.911607
19.4333,0.913929
19.4736,0.916251
19.5138,0.918574
19.5541,0.920896
19.5943,0.923218
19.6346,0.92554
19.6748,0.927862
19.7151,0.930184
19.7553,0.932507
19.7956,0.934829
19.8358,0.937151
19.8761,0.939473
19.9163,0.941796
19.9566,0.944118
19.9969,0.94644
20.0371,0.948762
20.0774,0.951085
20.1176,0.953407
20.1579,0.955729
20.1981,0.958052
20.2384,0.960374
20.2786,0.962696
20.3189,0.965019
20.3591,0.967341
20.3994,0.969664
20.4396,0.971986
20.4799,0.974308
20.5201,0.976631
20.5604,0.978953
20.6007,0.981276
20.6409,0.983598
20.6812,0.985921
20.7214,0.988243
20.7617,0.990566
20.8019,0.992888
20.8422,0.995211
20.8825,0.997533
20.9227,0.999856
20.963,1.00218
21.0032,1.0045
21.0435,1.00682
21.0837,1.00915
21.124,1.01147
21.1643,1.01379
21.2045,1.01611
21.2448,1.01844
21.285,1.02076
21.3253,1.02308
21.3655,1.0254
21.4058,1.02773
21.4461,1.03005
21.4863,1.03237
21.5266,1.03469
21.5668,1.03702
21.6071,1.03934
21.6474,1.04166
21.6876,1.04399
21.7279,1.04631
21.7681,1.04863
21.8084,1.05095
21.8487,1.05328
21.8889,1.0556
21.9292,1.05792
21.9694,1.06024
22.0097,1.06257
22.05,1.06489
22.0902,1.06721
22.1305,1.06954
22.1707,1.07186
22.211,1.07418
22.2513,1.0765
22.2915,1.07883
22.3318,1.08115
22.372,1.08347
22.4123,1.08579
22.4526,1.08812
22.4928,1.09044
22.5331,1.09276
22.5733,1.09509
22.6136,1.09741
22.6539,1.09973
22.6941,1.10205
22.7344,1.10438
22.7746,1.1067
22.8149,1.10902
22.8552,1.11135
22.8954,1.11367
22.9357,1.11599
22.9759,1.11831
23.0162,1.12064
23.0565,1.12296
23.0967,1.12528
23.137,1.1276
23.1787,1.13001
23.222,1.13251
23.2669,1.1351
23.3135,1.13779
23.3617,1.14057
23.4116,1.14345
23.4633,1.14643
23.5169,1.14952
23.5723,1.15272
23.6297,1.15603
23.689,1.15945
23.7504,1.16299
23.8138,1.16665
23.8794,1.17044
23.9471,1.17434
24.0171,1.17838
24.0893,1.18255
24.1638,1.18684
24.2407,1.19128
24.3199,1.19585
24.4016,1.20056
24.4858,1.20542
24.5724,1.21042
24.6616,1.21557
24.7534,1.22086
24.8478,1.22631
24.9448,1.2319
25.0444,1.23765
25.1467,1.24355
25.2517,1.24961
25.3593,1.25582
25.4697,1.26218
25.5827,1.26871
25.6984,1.27538
25.8168,1.28221
25.9379,1.2892
26.0616,1.29633
26.1879,1.30362
26.3168,1.31106
26.4483,1.31865
26.5823,1.32637
26.7187,1.33425
26.8575,1.34226
26.9987,1.3504
27.1422,1.35868
27.2878,1.36708
27.4356,1.3756
27.5854,1.38425
27.7371,1.393
27.8906,1.40186
28.0459,1.41082
28.2029,1.41987
28.3613,1.42901
28.5211,1.43823
28.6822,1.44752
28.8444,1.45688
29.0076,1.4663
29.1716,1.47576
29.3364,1.48527
29.5018,1.49481
29.6676,1.50438
29.8337,1.51396
30,1.52355
30.1663,1.53315
-0.0397757,1.20296
0,1.20296
0.0397757,1.20296
0.0795531,1.20296
0.119332,1.20296
0.159113,1.20296
0.198895,1.20296
0.238679,1.20296
0.278465,1.20296
0.318252,1.20296
0.358041,1.20296
0.397832,1.20296
0.437624,1.20296
0.477418,1.20296
0.517214,1.20296
0.557011,1.20296
0.59681,1.20296
0.636611,1.20296
0.676413,1.20296
0.716217,1.20296
0.756022,1.20296
0.795829,1.20296
0.835638,1.20296
0.875448,1.20296
0.91526,1.20296
0.955073,1.20296
0.994888,1.20296
1.0347,1.20296
1.07452,1.20296
1.11434,1.20296
1.15416,1.20296
1.19399,1.20296
1.23381,1.20296
1.27364,1.20296
1.31347,1.20296
1.3533,1.20296
1.39313,1.20296
1.43296,1.20296
1.47279,1.20296
1.51263,1.20296
1.55247,1.20296
1.59231,1.20296
1.63215,1.20296
1.67199,1.20296
1.71183,1.20296
1.75168,1.20296
1.79152,1.20296
1.83137,1.20296
1.87122,1.20296
1.91107,1.20296
1.95092,1.20296
1.99078,1.20296
2.03063,1.20296
2.07049,1.20296
2.11035,1.20296
2.15021,1.20296
2.19007,1.20296
2.22994,1.20296
2.2698,1.20296
2.30967,1.20296
2.34954,1.20296
2.38941,1.20296
2.42928,1.20296
2.46915,1.20296
2.50902,1.20296
2.5489,1.20296
2.58878,1.20296
2.62865,1.20296
2.66853,1.20296
2.70842,1.20296
2.7483,1.20296
2.78818,1.20296
2.82807,1.20296
2.86796,1.20296
2.90785,1.20296
2.94774,1.20296
2.98763,1.20296
3.02752,1.20296
3.06742,1.20296
3.10731,1.20296
3.14721,1.20296
3.18711,1.20296
3.22701,1.20296
3.26691,1.20296
3.30681,1.20296
3.34672,1.20296
3.38663,1.20296
3.42653,1.19532
3.46644,1.18768
3.50635,1.18004
3.54627,1.17241
3.58618,1.16477
3.62609,1.15713
3.66601,1.14949
3.70593,1.14185
3.74585,1.13421
3.78577,1.12657
3.82569,1.11894
3.86561,1.1113
3.90554,1.10366
3.94546,1.09601
3.98539,1.08837
4.02532,1.08073
4.06525,1.07309
4.10518,1.06545
4.14511,1.05781
4.18505,1.05017
4.22499,1.04252
4.26492,1.03488
4.30486,1.02724
4.3448,1.0196
4.38474,1.01195
4.42468,1.00431
4.46463,0.996665
4.50457,0.989021
4.54452,0.981377
4.58447,0.973732
4.62442,0.966088
4.66437,0.958443
4.70432,0.950797
4.74427,0.943151
4.78423,0.935506
4.82419,0.927859
4.86414,0.920213
4.9041,0.912566
4.94406,0.90492
4.98402,0.897272
5.02399,0.889625
5.06395,0.881977
5.10392,0.874329
5.14388,0.866681
5.18385,0.859033
5.22382,0.851384
5.26379,0.843735
5.30376,0.836086
5.34373,0.828437
5.38371,0.820787
5.42369,0.813137
5.46366,0.805487
5.50364,0.797837
5.54362,0.790186
5.5836,0.782535
5.62358,0.774884
5.66357,0.767232
5.70355,0.759581
5.74354,0.748493
5.78352,0.737405
5.82351,0.726316
5.8635,0.715227
5.90349,0.704138
5.94349,0.693048
5.98348,0.681958
6.02347,0.670868
6.06347,0.659777
6.10347,0.648686
6.14347,0.637595
6.18347,0.626503
6.22347,0.615411
6.26347,0.604319
6.30347,0.593226
6.34348,0.582133
6.38348,0.57104
6.42349,0.559946
6.4635,0.556508
6.50351,0.55307
6.54352,0.549632
6.58353,0.546194
6.62354,0.542755
6.66356,0.539317
6.70357,0.535878
6.74359,0.532439
6.78361,0.529001
6.82363,0.525562
6.86365,0.522123
6.90367,0.518684
6.94369,0.515245
6.98372,0.511805
7.02374,0.508366
7.06377,0.504927
7.1038,0.501487
7.14382,0.498047
7.18385,0.494607
7.22388,0.491168
7.26392,0.487728
7.30395,0.484288
7.34398,0.484288
7.38402,0.484288
7.42406,0.484288
7.46409,0.484288
7.50413,0.484288
7.54417,0.484288
7.58421,0.484288
7.62426,0.484288
7.6643,0.484288
7.70434,0.484288
7.74439,0.484288
7.78444,0.484288
7.82448,0.484288
7.86453,0.484288
7.90458,0.484288
7.94464,0.484288
7.98469,0.484288
8.02474,0.484288
8.0648,0.484288
8.10485,0.484288
8.14491,0.484288
8.18497,0.484288
8.22503,0.484288
8.26509,0.484288
8.30515,0.484288
8.34521,0.484288
8.38527,0.484288
8.42534,0.484288
8.4654,0.484288
8.50547,0.484288
8.54554,0.484288
8.5856,0.484288
8.62567,0.484288
8.66574,0.484288
8.70582,0.484288
8.74589,0.484288
8.78596,0.484288
8.82604,0.484288
8.86611,0.484288
8.90619,0.484288
8.94627,0.484288
8.98635,0.484288
9.02643,0.484288
9.06651,0.484288
9.10659,0.484288
9.14668,0.484288
9.18676,0.484288
9.22684,0.484288
9.26693,0.484288
9.30702,0.484288
9.34711,0.484288
9.3872,0.484288
9.42729,0.484288
9.46738,0.484288
9.50747,0.484288
9.54756,0.484288
9.58766,0.484288
9.62775,0.484288
9.66785,0.484288
9.70795,0.484288
9.74804,0.484288
9.78814,0.484288
9.82824,0.484288
9.86834,0.484288
9.90845,0.484288
9.94855,0.484288
9.98865,0.484288
10.0288,0.484288
10.0689,0.484288
10.109,0.484288
10.1491,0.484288
10.1892,0.484288
10.2293,0.484288
10.2694,0.484288
10.3095,0.484288
10.3496,0.484288
10.3897,0.484288
10.4299,0.484288
10.47,0.484288
10.5101,0.484288
10.5502,0.484288
10.5903,0.484288
10.6304,0.484288
10.6706,0.484288
10.7107,0.484288
10.7508,0.484288
10.7909,0.484288
10.8311,0.484288
10.8712,0.484288
10.9113,0.484288
10.9514,0.484288
10.9916,0.484288
11.0317,0.484288
11.0718,0.484288
11.1119,0.484288
11.1521,0.484288
11.1922,0.484288
11.2323,0.484288
11.2725,0.484288
11.3126,0.484288
11.3527,0.484288
11.3929,0.484288
11.433,0.484288
11.4732,0.484288
11.5133,0.484288
11.5534,0.484288
11.5936,0.484288
11.6337,0.484288
11.6739,0.484288
11.714,0.484288
11.7541,0.486681
11.7943,0.489075
11.8344,0.491469
11.8746,0.493862
11.9147,0.496256
11.9549,0.49865
11.995,0.501044
12.0352,0.503438
12.0753,0.505832
12.1155,0.508226
12.1556,0.51062
12.1958,0.513015
12.2359,0.515409
12.2761,0.517803
12.3162,0.520198
12.3564,0.522592
12.3965,0.524986
12.4367,0.527381
12.4769,0.529775
12.517,0.53217
12.5572,0.534564
12.5973,0.536959
12.6375,0.539354
12.6777,0.541749
12.7178,0.544143
12.758,0.546538
12.7981,0.548933
12.8383,0.551328
12.8785,0.553723
12.9186,0.556118
12.9588,0.558513
12.999,0.560908
13.0391,0.563303
13.0793,0.565699
13.1195,0.568094
13.1597,0.570489
13.1998,0.572885
13.24,0.57528
13.2802,0.577675
13.3203,0.580071
13.3605,0.582466
13.4007,0.584862
13.4409,0.587257
13.481,0.589653
13.5212,0.592049
13.5614,0.594444
13.6016,0.59684
13.6418,0.599236
13.6819,0.601632
13.7221,0.604028
13.7623,0.606424
13.8025,0.60882
13.8427,0.611216
13.8829,0.613612
13.923,0.616008
13.9632,0.618404
14.0034,0.6208
14.0436,0.623196
14.0838,0.625592
14.124,0.627989
14.1642,0.630385
14.2043,0.632781
14.2445,0.635178
14.2847,0.637574
14.3249,0.639971
14.3651,0.642367
14.4053,0.644764
14.4455,0.64716
14.4857,0.649557
14.5259,0.651954
14.5661,0.65435
14.6063,0.656747
14.6465,0.659144
14.6867,0.661541
14.7269,0.663938
14.7671,0.666334
14.8073,0.668731
14.8474,0.671128
14.8876,0.673525
14.9278,0.675922
14.968,0.678319
15.0083,0.680717
15.0485,0.683114
15.0887,0.685511
15.1289,0.687908
15.1691,0.690305
15.2093,0.692703
15.2495,0.6951
15.2897,0.697497
15.3299,0.699895
15.3701,0.702292
15.4103,0.704689
15.4505,0.707087
15.4907,0.709484
15.5309,0.711882
15.5711,0.71428
15.6113,0.716677
15.6515,0.719075
15.6918,0.721473
15.732,0.72387
15.7722,0.726268
15.8124,0.728666
15.8526,0.731064
15.8928,0.733461
15.933,0.735859
15.9732,0.738257
16.0135,0.740655
16.0537,0.743053
16.0939,0.745451
16.1341,0.747849
16.1743,0.750247
16.2145,0.752645
16.2548,0.755043
16.295,0.757442
16.3352,0.75984
16.3754,0.762238
16.4156,0.764636
16.4559,0.767034
16.4961,0.769433
16.5363,0.771831
16.5765,0.774229
16.6168,0.776628
16.657,0.779026
16.6972,0.781425
16.7374,0.783823
16.7776,0.786222
16.8179,0.78862
16.8581,0.791019
16.8983,0.793417
16.9385,0.795816
16.9788,0.798214
17.019,0.800613
17.0592,0.803012
17.0995,0.805411
17.1397,0.807809
17.1799,0.810208
17.2201,0.812607
17.2604,0.815006
17.3006,0.817404
17.3408,0.819803
17.3811,0.822202
17.4213,0.824601
17.4615,0.827
17.5018,0.829399
17.542,0.831798
17.5822,0.834197
17.6225,0.836596
17.6627,0.838995
17.7029,0.841394
17.7432,0.843793
17.7834,0.846192
17.8236,0.848592
17.8639,0.850991
17.9041,0.85339
17.9443,0.855789
17.9846,0.858188
18.0248,0.860588
18.0651,0.862987
18.1053,0.865386
18.1455,0.867786
18.1858,0.870185
18.226,0.872584
18.2663,0.874984
18.3065,0.877383
18.3467,0.879783
18.387,0.882182
18.4272,0.884582
18.4675,0.886981
18.5077,0.889381
18.5479,0.89178
18.5882,0.89418
18.6284,0.896579
18.6687,0.898979
18.7089,0.901378
18.7492,0.903778
18.7894,0.906178
18.8296,0.908577
18.8699,0.910977
18.9101,0.913377
18.9504,0.915777
18.9906,0.918176
19.0309,0.920576
19.0711,0.922976
19.1114,0.925376
19.1516,0.927776
19.1919,0.930175
19.2321,0.932575
19.2724,0.934975
19.3126,0.937375
19.3528,0.939775
19.3931,0.942175
19.4333,0.944575
19.4736,0.946975
19.5138,0.949375
19.5541,0.951775
19.5943,0.954175
19.6346,0.956575
19.6748,0.958975
19.7151,0.961375
19.7553,0.963775
19.7956,0.966175
19.8358,0.968575
19.8761,0.970975
19.9163,0.973375
19.9566,0.975775
19.9969,0.978175
20.0371,0.980576
20.0774,0.982976
20.1176,0.985376
20.1579,0.987776
20.1981,0.990176
20.2384,0.992577
20.2786,0.994977
20.3189,0.997377
20.3591,0.999777
20.3994,1.00218
20.4396,1.00458
20.4799,1.00698
20.5201,1.00938
20.5604,1.01178
20.6007,1.01418
20.6409,1.01658
20.6812,1.01898
20.7214,1.02138
20.7617,1.02378
20.8019,1.02618
20.8422,1.02858
20.8825,1.03098
20.9227,1.03338
20.963,1.03578
21.0032,1.03818
21.0435,1.04058
21.0837,1.04298
21.124,1.04538
21.1643,1.04779
21.2045,1.05019
21.2448,1.05259
21.285,1.05499
21.3253,1.05739
21.3655,1.05979
21.4058,1.06219
21.4461,1.06459
21.4863,1.06699
21.5266,1.06939
21.5668,1.07179
21.6071,1.07419
21.6474,1.07659
21.6876,1.07899
21.7279,1.08139
21.7681,1.08379
21.8084,1.08619
21.8487,1.08859
21.8889,1.09099
21.9292,1.0934
21.9694,1.0958
22.0097,1.0982
22.05,1.1006
22.0902,1.103
22.1305,1.1054
22.1707,1.1078
22.211,1.1102
22.2513,1.1126
22.2915,1.115
22.3318,1.1174
22.372,1.1198
22.4123,1.1222
22.4526,1.1246
22.4928,1.127
22.5331,1.1294
22.5733,1.13181
22.6136,1.13421
22.6539,1.13661
22.6941,1.13901
22.7344,1.14141
22.7746,1.14381
22.8149,1.14621
22.8552,1.14861
22.8954,1.15101
22.9357,1.15341
22.9759,1.15581
23.0162,1.15821
23.0565,1.16061
23.0967,1.16301
23.137,1.16541
23.1787,1.1679
23.222,1.17049
23.2669,1.17316
23.3135,1.17594
23.3617,1.17881
23.4116,1.18179
23.4633,1.18487
23.5169,1.18807
23.5723,1.19137
23.6297,1.19479
23.689,1.19833
23.7504,1.20199
23.8138,1.20577
23.8794,1.20968
23.9471,1.21372
24.0171,1.21789
24.0893,1.2222
24.1638,1.22664
24.2407,1.23122
24.3199,1.23595
24.4016,1.24082
24.4858,1.24584
24.5724,1.25101
24.6616,1.25633
24.7534,1.2618
24.8478,1.26742
24.9448,1.27321
25.0444,1.27915
25.1467,1.28525
25.2517,1.29151
25.3593,1.29793
25.4697,1.30451
25.5827,1.31125
25.6984,1.31815
25.8168,1.32521
25.9379,1.33243
26.0616,1.3398
26.1879,1.34734
26.3168,1.35502
26.4483,1.36286
26.5823,1.37085
26.7187,1.37898
26.8575,1.38726
26.9987,1.39568
27.1422,1.40423
27.2878,1.41292
27.4356,1.42173
27.5854,1.43066
27.7371,1.43971
27.8906,1.44886
28.0459,1.45812
28.2029,1.46748
28.3613,1.47693
28.5211,1.48646
28.6822,1.49606
28.8444,1.50573
29.0076,1.51546
29.1716,1.52525
29.3364,1.53507
29.5018,1.54493
29.6676,1.55482
29.8337,1.56473
30,1.57464
30.1663,1.58455
-0.0397757,1.23333
0,1.23333
0.0397757,1.23333
0.0795531,1.23333
0.119332,1.23333
0.159113,1.23333
0.198895,1.23333
0.238679,1.23333
0.278465,1.23333
0.318252,1.23333
0.358041,1.23333
0.397832,1.23333
0.437624,1.23333
0.477418,1.23333
0.517214,1.23333
0.557011,1.23333
0.59681,1.23333
0.636611,1.23333
0.676413,1.23333
0.716217,1.23333
0.756022,1.23333
0.795829,1.23333
0.835638,1.23333
0.875448,1.23333
0.91526,1.23333
0.955073,1.23333
0.994888,1.23333
1.0347,1.23333
1.07452,1.23333
1.11434,1.23333
1.15416,1.23333
1.19399,1.23333
1.23381,1.23333
1.27364,1.23333
1.31347,1.23333
1.3533,1.23333
1.39313,1.23333
1.43296,1.23333
1.47279,1.23333
1.51263,1.23333
1.55247,1.23333
1.59231,1.23333
1.63215,1.23333
1.67199,1.23333
1.71183,1.23333
1.75168,1.23333
1.79152,1.23333
1.83137,1.23333
1.87122,1.23333
1.91107,1.23333
1.95092,1.23333
1.99078,1.23333
2.03063,1.23333
2.07049,1.23333
2.11035,1.23333
2.15021,1.23333
2.19007,1.23333
2.22994,1.23333
2.2698,1.23333
2.30967,1.23333
2.34954,1.23333
2.38941,1.23333
2.42928,1.23333
2.46915,1.23333
2.50902,1.23333
2.5489,1.23333
2.58878,1.23333
2.62865,1.23333
2.66853,1.23333
2.70842,1.23333
2.7483,1.23333
2.78818,1.23333
2.82807,1.23333
2.86796,1.23333
2.90785,1.23333
2.94774,1.23333
2.98763,1.23333
3.02752,1.23333
3.06742,1.23333
3.10731,1.23333
3.14721,1.23333
3.18711,1.23333
3.22701,1.23333
3.26691,1.23333
3.30681,1.23333
3.34672,1.23333
3.38663,1.23333
3.42653,1.22545
3.46644,1.21756
3.50635,1.20968
3.54627,1.20179
3.58618,1.19391
3.62609,1.18602
3.66601,1.17813
3.70593,1.17025
3.74585,1.16236
3.78577,1.15447
3.82569,1.14659
3.86561,1.1387
3.90554,1.13081
3.94546,1.12292
3.98539,1.11503
4.02532,1.10715
4.06525,1.09926
4.10518,1.09137
4.14511,1.08348
4.18505,1.07559
4.22499,1.0677
4.26492,1.05981
4.30486,1.05192
4.3448,1.04402
4.38474,1.03613
4.42468,1.02824
4.46463,1.02035
4.50457,1.01246
4.54452,1.00457
4.58447,0.996673
4.62442,0.98878
4.66437,0.980887
4.70432,0.972993
4.74427,0.9651
4.78423,0.957206
4.82419,0.949312
4.86414,0.941417
4.9041,0.933522
4.94406,0.925627
4.98402,0.917732
5.02399,0.909837
5.06395,0.901941
5.10392,0.894045
5.14388,0.886148
5.18385,0.878252
5.22382,0.870355
5.26379,0.862458
5.30376,0.854561
5.34373,0.846663
5.38371,0.838765
5.42369,0.830867
5.46366,0.822969
5.50364,0.81507
5.54362,0.807171
5.5836,0.799272
5.62358,0.791373
5.66357,0.783473
5.70355,0.775573
5.74354,0.764342
5.78352,0.75311
5.82351,0.741878
5.8635,0.730645
5.90349,0.719412
5.94349,0.708179
5.98348,0.696946
6.02347,0.685712
6.06347,0.674477
6.10347,0.663243
6.14347,0.652008
6.18347,0.640773
6.22347,0.629537
6.26347,0.618301
6.30347,0.607064
6.34348,0.595828
6.38348,0.584591
6.42349,0.573353
6.4635,0.57002
6.50351,0.566687
6.54352,0.563353
6.58353,0.56002
6.62354,0.556686
6.66356,0.553353
6.70357,0.550019
6.74359,0.546685
6.78361,0.543351
6.82363,0.540017
6.86365,0.536683
6.90367,0.533348
6.94369,0.530014
6.98372,0.526679
7.02374,0.523345
7.06377,0.52001
7.1038,0.516675
7.14382,0.51334
7.18385,0.510006
7.22388,0.50667
7.26392,0.503335
7.30395,0.5
7.34398,0.5
7.38402,0.5
7.42406,0.5
7.46409,0.5
7.50413,0.5
7.54417,0.5
7.58421,0.5
7.62426,0.5
7.6643,0.5
7.70434,0.5
7.74439,0.5
7.78444,0.5
7.82448,0.5
7.86453,0.5
7.90458,0.5
7.94464,0.5
7.98469,0.5
8.02474,0.5
8.0648,0.5
8.10485,0.5
8.14491,0.5
8.18497,0.5
8.22503,0.5
8.26509,0.5
8.30515,0.5
8.34521,0.5
8.38527,0.5
8.42534,0.5
8.4654,0.5
8.50547,0.5
8.54554,0.5
8.5856,0.5
8.62567,0.5
8.66574,0.5
8.70582,0.5
8.74589,0.5
8.78596,0.5
8.82604,0.5
8.86611,0.5
8.90619,0.5
8.94627,0.5
8.98635,0.5
9.02643,0.5
9.06651,0.5
9.10659,0.5
9.14668,0.5
9.18676,0.5
9.22684,0.5
9.26693,0.5
9.30702,0.5
9.34711,0.5
9.3872,0.5
9.42729,0.5
9.46738,0.5
9.50747,0.5
9.54756,0.5
9.58766,0.5
9.62775,0.5
9.66785,0.5
9.70795,0.5
9.74804,0.5
9.78814,0.5
9.82824,0.5
9.86834,0.5
9.90845,0.5
9.94855,0.5
9.98865,0.5
10.0288,0.5
10.0689,0.5
10.109,0.5
10.1491,0.5
10.1892,0.5
10.2293,0.5
10.2694,0.5
10.3095,0.5
10.3496,0.5
10.3897,0.5
10.4299,0.5
10.47,0.5
10.5101,0.5
10.5502,0.5
10.5903,0.5
10.6304,0.5
10.6706,0.5
10.7107,0.5
10.7508,0.5
10.7909,0.5
10.8311,0.5
10.8712,0.5
10.9113,0.5
10.9514,0.5
10.9916,0.5
11.0317,0.5
11.0718,0.5
11.1119,0.5
11.1521,0.5
11.1922,0.5
11.2323,0.5
11.2725,0.5
11.3126,0.5
11.3527,0.5
11.3929,0.5
11.433,0.5
11.4732,0.5
11.5133,0.5
11.5534,0.5
11.5936,0.5
11.6337,0.5
11.6739,0.5
11.714,0.5
11.7541,0.502471
11.7943,0.504943
11.8344,0.507414
11.8746,0.509886
11.9147,0.512357
11.9549,0.514829
11.995,0.5173
12.0352,0.519772
12.0753,0.522244
12.1155,0.524715
12.1556,0.527187
12.1958,0.529659
12.2359,0.532131
12.2761,0.534603
12.3162,0.537075
12.3564,0.539547
12.3965,0.542019
12.4367,0.544491
12.4769,0.546964
12.517,0.549436
12.5572,0.551908
12.5973,0.554381
12.6375,0.556853
12.6777,0.559325
12.7178,0.561798
12.758,0.56427
12.7981,0.566743
12.8383,0.569216
12.8785,0.571688
12.9186,0.574161
12.9588,0.576634
12.999,0.579107
13.0391,0.58158
13.0793,0.584053
13.1195,0.586525
13.1597,0.588998
13.1998,0.591471
13.24,0.593945
13.2802,0.596418
13.3203,0.598891
13.3605,0.601364
13.4007,0.603837
13.4409,0.606311
13.481,0.608784
13.5212,0.611257
13.5614,0.613731
13.6016,0.616204
13.6418,0.618678
13.6819,0.621152
13.7221,0.623625
13.7623,0.626099
13.8025,0.628572
13.8427,0.631046
13.8829,0.63352
13.923,0.635994
13.9632,0.638468
14.0034,0.640942
14.0436,0.643416
14.0838,0.64589
14.124,0.648364
14.1642,0.650838
14.2043,0.653312
14.2445,0.655786
14.2847,0.65826
14.3249,0.660734
14.3651,0.663209
14.4053,0.665683
14.4455,0.668157
14.4857,0.670632
14.5259,0.673106
14.5661,0.675581
14.6063,0.678055
14.6465,0.68053
14.6867,0.683004
14.7269,0.685479
14.7671,0.687953
14.8073,0.690428
14.8474,0.692903
14.8876,0.695378
14.9278,0.697852
14.968,0.700327
15.0083,0.702802
15.0485,0.705277
15.0887,0.707752
15.1289,0.710227
15.1691,0.712702
15.2093,0.715177
15.2495,0.717652
15.2897,0.720127
15.3299,0.722602
15.3701,0.725078
15.4103,0.727553
15.4505,0.730028
15.4907,0.732503
15.5309,0.734979
15.5711,0.737454
15.6113,0.739929
15.6515,0.742405
15.6918,0.74488
15.732,0.747356
15.7722,0.749831
15.8124,0.752307
15.8526,0.754783
15.8928,0.757258
15.933,0.759734
15.9732,0.76221
16.0135,0.764685
16.0537,0.767161
16.0939,0.769637
16.1341,0.772113
16.1743,0.774589
16.2145,0.777065
16.2548,0.77954
16.295,0.782016
16.3352,0.784492
16.3754,0.786968
16.4156,0.789444
16.4559,0.791921
16.4961,0.794397
16.5363,0.796873
16.5765,0.799349
16.6168,0.801825
16.657,0.804301
16.6972,0.806778
16.7374,0.809254
16.7776,0.81173
16.8179,0.814207
16.8581,0.816683
16.8983,0.819159
16.9385,0.821636
16.9788,0.824112
17.019,0.826589
17.0592,0.829065
17.0995,0.831542
17.1397,0.834018
17.1799,0.836495
17.2201,0.838971
17.2604,0.841448
17.3006,0.843925
17.3408,0.846401
17.3811,0.848878
17.4213,0.851355
17.4615,0.853832
17.5018,0.856309
17.542,0.858785
17.5822,0.861262
17.6225,0.863739
17.6627,0.866216
17.7029,0.868693
17.7432,0.87117
17.7834,0.873647
17.8236,0.876124
17.8639,0.878601
17.9041,0.881078
17.9443,0.883555
17.9846,0.886032
18.0248,0.888509
18.0651,0.890986
18.1053,0.893463
18.1455,0.895941
18.1858,0.898418
18.226,0.900895
18.2663,0.903372
18.3065,0.905849
18.3467,0.908327
18.387,0.910804
18.4272,0.913281
18.4675,0.915759
18.5077,0.918236
18.5479,0.920714
18.5882,0.923191
18.6284,0.925668
18.6687,0.928146
18.7089,0.930623
18.7492,0.933101
18.7894,0.935578
18.8296,0.938056
18.8699,0.940533
18.9101,0.943011
18.9504,0.945489
18.9906,0.947966
19.0309,0.950444
19.0711,0.952921
19.1114,0.955399
19.1516,0.957877
19.1919,0.960355
19.2321,0.962832
19.2724,0.96531
19.3126,0.967788
19.3528,0.970266
19.3931,0.972743
19.4333,0.975221
19.4736,0.977699
19.5138,0.980177
19.5541,0.982655
19.5943,0.985132
19.6346,0.98761
19.6748,0.990088
19.7151,0.992566
19.7553,0.995044
19.7956,0.997522
19.8358,1
19.8761,1.00248
19.9163,1.00496
19.9566,1.00743
19.9969,1.00991
20.0371,1.01239
20.0774,1.01487
20.1176,1.01735
20.1579,1.01982
20.1981,1.0223
20.2384,1.02478
20.2786,1.02726
20.3189,1.02974
20.3591,1.03221
20.3994,1.03469
20.4396,1.03717
20.4799,1.03965
20.5201,1.04213
20.5604,1.04461
20.6007,1.04708
20.6409,1.04956
20.6812,1.05204
20.7214,1.05452
20.7617,1.057
20.8019,1.05948
20.8422,1.06195
20.8825,1.06443
20.9227,1.06691
20.963,1.06939
21.0032,1.07187
21.0435,1.07434
21.0837,1.07682
21.124,1.0793
21.1643,1.08178
21.2045,1.08426
21.2448,1.08674
21.285,1.08922
21.3253,1.09169
21.3655,1.09417
21.4058,1.09665
21.4461,1.09913
21.4863,1.10161
21.5266,1.10409
21.5668,1.10656
21.6071,1.10904
21.6474,1.11152
21.6876,1.114
21.7279,1.11648
21.7681,1.11896
21.8084,1.12143
21.8487,1.12391
21.8889,1.12639
21.9292,1.12887
21.9694,1.13135
22.0097,1.13383
22.05,1.13631
22.0902,1.13878
22.1305,1.14126
22.1707,1.14374
22.211,1.14622
22.2513,1.1487
22.2915,1.15118
22.3318,1.15366
22.372,1.15613
22.4123,1.15861
22.4526,1.16109
22.4928,1.16357
22.5331,1.16605
22.5733,1.16853
22.6136,1.171
22.6539,1.17348
22.6941,1.17596
22.7344,1.17844
22.7746,1.18092
22.8149,1.1834
22.8552,1.18588
22.8954,1.18835
22.9357,1.19083
22.9759,1.19331
23.0162,1.19579
23.0565,1.19827
23.0967,1.20075
23.137,1.20323
23.1787,1.2058
23.222,1.20846
23.2669,1.21123
23.3135,1.21409
23.3617,1.21706
23.4116,1.22013
23.4633,1.22332
23.5169,1.22661
23.5723,1.23003
23.6297,1.23356
23.689,1.23721
23.7504,1.24099
23.8138,1.24489
23.8794,1.24893
23.9471,1.2531
24.0171,1.25741
24.0893,1.26185
24.1638,1.26644
24.2407,1.27117
24.3199,1.27605
24.4016,1.28108
24.4858,1.28626
24.5724,1.2916
24.6616,1.29709
24.7534,1.30274
24.8478,1.30855
24.9448,1.31452
25.0444,1.32065
25.1467,1.32695
25.2517,1.33341
25.3593,1.34004
25.4697,1.34683
25.5827,1.35379
25.6984,1.36091
25.8168,1.3682
25.9379,1.37566
26.0616,1.38327
26.1879,1.39105
26.3168,1.39899
26.4483,1.40708
26.5823,1.41533
26.7187,1.42373
26.8575,1.43227
26.9987,1.44096
27.1422,1.44979
27.2878,1.45876
27.4356,1.46786
27.5854,1.47708
27.7371,1.48642
27.8906,1.49587
28.0459,1.50543
28.2029,1.51509
28.3613,1.52485
28.5211,1.53468
28.6822,1.5446
28.8444,1.55459
29.0076,1.56463
29.1716,1.57473
29.3364,1.58488
29.5018,1.59506
29.6676,1.60527
29.8337,1.61549
30,1.62573
30.1663,1.63596
-0.0397757,1.26371
0,1.26371
0.0397757,1.26371
0.0795531,1.26371
0.119332,1.26371
0.159113,1.26371
0.198895,1.26371
0.238679,1.26371
0.278465,1.26371
0.318252,1.26371
0.358041,1.26371
0.397832,1.26371
0.437624,1.26371
0.477418,1.26371
0.517214,1.26371
0.557011,1.26371
0.59681,1.26371
0.636611,1.26371
0.676413,1.26371
0.716217,1.26371
0.756022,1.26371
0.795829,1.26371
0.835638,1.26371
0.875448,1.26371
0.91526,1.26371
0.955073,1.26371
0.994888,1.26371
1.0347,1.26371
1.07452,1.26371
1.11434,1.26371
1.15416,1.26371
1.19399,1.26371
1.23381,1.26371
1.27364,1.26371
1.31347,1.26371
1.3533,1.26371
1.39313,1.26371
1.43296,1.26371
1.47279,1.26371
1.51263,1.26371
1.55247,1.26371
1.59231,1.26371
1.63215,1.26371
1.67199,1.26371
1.71183,1.26371
1.75168,1.26371
1.79152,1.26371
1.83137,1.26371
1.87122,1.26371
1.91107,1.26371
1.95092,1.26371
1.99078,1.26371
2.03063,1.26371
2.07049,1.26371
2.11035,1.26371
2.15021,1.26371
2.19007,1.26371
2.22994,1.26371
2.2698,1.26371
2.30967,1.26371
2.34954,1.26371
2.38941,1.26371
2.42928,1.26371
2.46915,1.26371
2.50902,1.26371
2.5489,1.26371
2.58878,1.26371
2.62865,1.26371
2.66853,1.26371
2.70842,1.26371
2.7483,1.26371
2.78818,1.26371
2.82807,1.26371
2.86796,1.26371
2.90785,1.26371
2.94774,1.26371
2.98763,1.26371
3.02752,1.26371
3.06742,1.26371
3.10731,1.26371
3.14721,1.26371
3.18711,1.26371
3.22701,1.26371
3.26691,1.26371
3.30681,1.26371
3.34672,1.26371
3.38663,1.26371
3.42653,1.25558
3.46644,1.24745
3.50635,1.23931
3.54627,1.23118
3.58618,1.22305
3.62609,1.21491
3.66601,1.20678
3.70593,1.19864
3.74585,1.19051
3.78577,1.18237
3.82569,1.17424
3.86561,1.1661
3.90554,1.15797
3.94546,1.14983
3.98539,1.14169
4.02532,1.13356
4.06525,1.12542
4.10518,1.11728
4.14511,1.10915
4.18505,1.10101
4.22499,1.09287
4.26492,1.08473
4.30486,1.07659
4.3448,1.06845
4.38474,1.06031
4.42468,1.05217
4.46463,1.04403
4.50457,1.03589
4.54452,1.02775
4.58447,1.01961
4.62442,1.01147
4.66437,1.00333
4.70432,0.99519
4.74427,0.987048
4.78423,0.978906
4.82419,0.970764
4.86414,0.962621
4.9041,0.954478
4.94406,0.946335
4.98402,0.938192
5.02399,0.930048
5.06395,0.921904
5.10392,0.91376
5.14388,0.905616
5.18385,0.897471
5.22382,0.889326
5.26379,0.881181
5.30376,0.873035
5.34373,0.864889
5.38371,0.856743
5.42369,0.848597
5.46366,0.840451
5.50364,0.832304
5.54362,0.824157
5.5836,0.816009
5.62358,0.807862
5.66357,0.799714
5.70355,0.791566
5.74354,0.780191
5.78352,0.768815
5.82351,0.757439
5.8635,0.746063
5.90349,0.734687
5.94349,0.72331
5.98348,0.711933
6.02347,0.700555
6.06347,0.689178
6.10347,0.677799
6.14347,0.666421
6.18347,0.655042
6.22347,0.643662
6.26347,0.632283
6.30347,0.620903
6.34348,0.609522
6.38348,0.598142
6.42349,0.586761
6.4635,0.583532
6.50351,0.580304
6.54352,0.577075
6.58353,0.573846
6.62354,0.570617
6.66356,0.567389
6.70357,0.56416
6.74359,0.56093
6.78361,0.557701
6.82363,0.554472
6.86365,0.551242
6.90367,0.548013
6.94369,0.544783
6.98372,0.541554
7.02374,0.538324
7.06377,0.535094
7.1038,0.531864
7.14382,0.528634
7.18385,0.525404
7.22388,0.522173
7.26392,0.518943
7.30395,0.515712
7.34398,0.515712
7.38402,0.515712
7.42406,0.515712
7.46409,0.515712
7.50413,0.515712
7.54417,0.515712
7.58421,0.515712
7.62426,0.515712
7.6643,0.515712
7.70434,0.515712
7.74439,0.515712
7.78444,0.515712
7.82448,0.515712
7.86453,0.515712
7.90458,0.515712
7.94464,0.515712
7.98469,0.515712
8.02474,0.515712
8.0648,0.515712
8.10485,0.515712
8.14491,0.515712
8.18497,0.515712
8.22503,0.515712
8.26509,0.515712
8.30515,0.515712
8.34521,0.515712
8.38527,0.515712
8.42534,0.515712
8.4654,0.515712
8.50547,0.515712
8.54554,0.515712
8.5856,0.515712
8.62567,0.515712
8.66574,0.515712
8.70582,0.515712
8.74589,0.515712
8.78596,0.515712
8.82604,0.515712
8.86611,0.515712
8.90619,0.515712
8.94627,0.515712
8.98635,0.515712
9.02643,0.515712
9.06651,0.515712
9.10659,0.515712
9.14668,0.515712
9.18676,0.515712
9.22684,0.515712
9.26693,0.515712
9.30702,0.515712
9.34711,0.515712
9.3872,0.515712
9.42729,0.515712
9.46738,0.515712
9.50747,0.515712
9.54756,0.515712
9.58766,0.515712
9.62775,0.515712
9.66785,0.515712
9.70795,0.515712
9.74804,0.515712
9.78814,0.515712
9.82824,0.515712
9.86834,0.515712
9.90845,0.515712
9.94855,0.515712
9.98865,0.515712
10.0288,0.515712
10.0689,0.515712
10.109,0.515712
10.1491,0.515712
10.1892,0.515712
10.2293,0.515712
10.2694,0.515712
10.3095,0.515712
10.3496,0.515712
10.3897,0.515712
10.4299,0.515712
10.47,0.515712
10.5101,0.515712
10.5502,0.515712
10.5903,0.515712
10.6304,0.515712
10.6706,0.515712
10.7107,0.515712
10.7508,0.515712
10.7909,0.515712
10.8311,0.515712
10.8712,0.515712
10.9113,0.515712
10.9514,0.515712
10.9916,0.515712
11.0317,0.515712
11.0718,0.515712
11.1119,0.515712
11.1521,0.515712
11.1922,0.515712
11.2323,0.515712
11.2725,0.515712
11.3126,0.515712
11.3527,0.515712
11.3929,0.515712
11.433,0.515712
11.4732,0.515712
11.5133,0.515712
11.5534,0.515712
11.5936,0.515712
11.6337,0.515712
11.6739,0.515712
11.714,0.515712
11.7541,0.518261
11.7943,0.520811
11.8344,0.52336
11.8746,0.525909
11.9147,0.528458
11.9549,0.531007
11.995,0.533556
12.0352,0.536106
12.0753,0.538655
12.1155,0.541205
12.1556,0.543754
12.1958,0.546304
12.2359,0.548853
12.2761,0.551403
12.3162,0.553953
12.3564,0.556502
12.3965,0.559052
12.4367,0.561602
12.4769,0.564152
12.517,0.566702
12.5572,0.569252
12.5973,0.571802
12.6375,0.574352
12.6777,0.576902
12.7178,0.579452
12.758,0.582003
12.7981,0.584553
12.8383,0.587103
12.8785,0.589654
12.9186,0.592204
12.9588,0.594755
12.999,0.597305
13.0391,0.599856
13.0793,0.602406
13.1195,0.604957
13.1597,0.607508
13.1998,0.610059
13.24,0.612609
13.2802,0.61516
13.3203,0.617711
13.3605,0.620262
13.4007,0.622813
13.4409,0.625364
13.481,0.627915
13.5212,0.630466
13.5614,0.633017
13.6016,0.635569
13.6418,0.63812
13.6819,0.640671
13.7221,0.643223
13.7623,0.645774
13.8025,0.648325
13.8427,0.650877
13.8829,0.653428
13.923,0.65598
13.9632,0.658532
14.0034,0.661083
14.0436,0.663635
14.0838,0.666187
14.124,0.668738
14.1642,0.67129
14.2043,0.673842
14.2445,0.676394
14.2847,0.678946
14.3249,0.681498
14.3651,0.68405
14.4053,0.686602
14.4455,0.689154
14.4857,0.691706
14.5259,0.694258
14.5661,0.696811
14.6063,0.699363
14.6465,0.701915
14.6867,0.704468
14.7269,0.70702
14.7671,0.709572
14.8073,0.712125
14.8474,0.714677
14.8876,0.71723
14.9278,0.719782
14.968,0.722335
15.0083,0.724888
15.0485,0.72744
15.0887,0.729993
15.1289,0.732546
15.1691,0.735099
15.2093,0.737651
15.2495,0.740204
15.2897,0.742757
15.3299,0.74531
15.3701,0.747863
15.4103,0.750416
15.4505,0.752969
15.4907,0.755522
15.5309,0.758075
15.5711,0.760629
15.6113,0.763182
15.6515,0.765735
15.6918,0.768288
15.732,0.770842
15.7722,0.773395
15.8124,0.775948
15.8526,0.778502
15.8928,0.781055
15.933,0.783609
15.9732,0.786162
16.0135,0.788716
16.0537,0.791269
16.0939,0.793823
16.1341,0.796376
16.1743,0.79893
16.2145,0.801484
16.2548,0.804038
16.295,0.806591
16.3352,0.809145
16.3754,0.811699
16.4156,0.814253
16.4559,0.816807
16.4961,0.819361
16.5363,0.821914
16.5765,0.824468
16.6168,0.827022
16.657,0.829577
16.6972,0.832131
16.7374,0.834685
16.7776,0.837239
16.8179,0.839793
16.8581,0.842347
16.8983,0.844901
16.9385,0.847456
16.9788,0.85001
17.019,0.852564
17.0592,0.855119
17.0995,0.857673
17.1397,0.860227
17.1799,0.862782
17.2201,0.865336
17.2604,0.867891
17.3006,0.870445
17.3408,0.873
17.3811,0.875554
17.4213,0.878109
17.4615,0.880663
17.5018,0.883218
17.542,0.885773
17.5822,0.888327
17.6225,0.890882
17.6627,0.893437
17.7029,0.895992
17.7432,0.898546
17.7834,0.901101
17.8236,0.903656
17.8639,0.906211
17.9041,0.908766
17.9443,0.911321
17.9846,0.913876
18.0248,0.91643
18.0651,0.918985
18.1053,0.92154
18.1455,0.924096
18.1858,0.926651
18.226,0.929206
18.2663,0.931761
18.3065,0.934316
18.3467,0.936871
18.387,0.939426
18.4272,0.941981
18.4675,0.944537
18.5077,0.947092
18.5479,0.949647
18.5882,0.952202
18.6284,0.954758
18.6687,0.957313
18.7089,0.959868
18.7492,0.962424
18.7894,0.964979
18.8296,0.967534
18.8699,0.97009
18.9101,0.972645
18.9504,0.975201
18.9906,0.977756
19.0309,0.980312
19.0711,0.982867
19.1114,0.985423
19.1516,0.987978
19.1919,0.990534
19.2321,0.993089
19.2724,0.995645
19.3126,0.9982
19.3528,1.00076
19.3931,1.00331
19.4333,1.00587
19.4736,1.00842
19.5138,1.01098
19.5541,1.01353
19.5943,1.01609
19.6346,1.01865
19.6748,1.0212
19.7151,1.02376
19.7553,1.02631
19.7956,1.02887
19.8358,1.03142
19.8761,1.03398
19.9163,1.03654
19.9566,1.03909
19.9969,1.04165
20.0371,1.0442
20.0774,1.04676
20.1176,1.04932
20.1579,1.05187
20.1981,1.05443
20.2384,1.05698
20.2786,1.05954
20.3189,1.0621
20.3591,1.06465
20.3994,1.06721
20.4396,1.06976
20.4799,1.07232
20.5201,1.07488
20.5604,1.07743
20.6007,1.07999
20.6409,1.08254
20.6812,1.0851
20.7214,1.08766
20.7617,1.09021
20.8019,1.09277
20.8422,1.09533
20.8825,1.09788
20.9227,1.10044
20.963,1.10299
21.0032,1.10555
21.0435,1.10811
21.0837,1.11066
21.124,1.11322
21.1643,1.11577
21.2045,1.11833
21.2448,1.12089
21.285,1.12344
21.3253,1.126
21.3655,1.12856
21.4058,1.13111
21.4461,1.13367
21.4863,1.13622
21.5266,1.13878
21.5668,1.14134
21.6071,1.14389
21.6474,1.14645
21.6876,1.14901
21.7279,1.15156
21.7681,1.15412
21.8084,1.15668
21.8487,1.15923
21.8889,1.16179
21.9292,1.16434
21.9694,1.1669
22.0097,1.16946
22.05,1.17201
22.0902,1.17457
22.1305,1.17713
22.1707,1.17968
22.211,1.18224
22.2513,1.1848
22.2915,1.18735
22.3318,1.18991
22.372,1.19247
22.4123,1.19502
22.4526,1.19758
22.4928,1.20013
22.5331,1.20269
22.5733,1.20525
22.6136,1.2078
22.6539,1.21036
22.6941,1.21292
22.7344,1.21547
22.7746,1.21803
22.8149,1.22059
22.8552,1.22314
22.8954,1.2257
22.9357,1.22826
22.9759,1.23081
23.0162,1.23337
23.0565,1.23592
23.0967,1.23848
23.137,1.24104
23.1787,1.24369
23.222,1.24644
23.2669,1.24929
23.3135,1.25224
23.3617,1.2553
23.4116,1.25848
23.4633,1.26176
23.5169,1.26516
23.5723,1.26868
23.6297,1.27232
23.689,1.27609
23.7504,1.27999
23.8138,1.28402
23.8794,1.28818
23.9471,1.29248
24.0171,1.29692
24.0893,1.30151
24.1638,1.30624
24.2407,1.31112
24.3199,1.31615
24.4016,1.32134
24.4858,1.32668
24.5724,1.33218
24.6616,1.33785
24.7534,1.34368
24.8478,1.34967
24.9448,1.35583
25.0444,1.36215
25.1467,1.36865
25.2517,1.37531
25.3593,1.38215
25.4697,1.38915
25.5827,1.39633
25.6984,1.40368
25.8168,1.4112
25.9379,1.41889
26.0616,1.42674
26.1879,1.43476
26.3168,1.44295
26.4483,1.4513
26.5823,1.4598
26.7187,1.46847
26.8575,1.47728
26.9987,1.48625
27.1422,1.49535
27.2878,1.5046
27.4356,1.51398
27.5854,1.5235
27.7371,1.53313
27.8906,1.54288
28.0459,1.55274
28.2029,1.5627
28.3613,1.57276
28.5211,1.58291
28.6822,1.59314
28.8444,1.60344
29.0076,1.6138
29.1716,1.62422
29.3364,1.63468
29.5018,1.64518
29.6676,1.65571
29.8337,1.66626
30,1.67682
30.1663,1.68737
-0.0397757,1.29409
0,1.29409
0.0397757,1.29409
0.0795531,1.29409
0.119332,1.29409
0.159113,1.29409
0.198895,1.29409
0.238679,1.29409
0.278465,1.29409
0.318252,1.29409
0.358041,1.29409
0.397832,1.29409
0.437624,1.29409
0.477418,1.29409
0.517214,1.29409
0.557011,1.29409
0.59681,1.29409
0.636611,1.29409
0.676413,1.29409
0.716217,1.29409
0.756022,1.29409
0.795829,1.29409
0.835638,1.29409
0.875448,1.29409
0.91526,1.29409
0.955073,1.29409
0.994888,1.29409
1.0347,1.29409
1.07452,1.29409
1.11434,1.29409
1.15416,1.29409
1.19399,1.29409
1.23381,1.29409
1.27364,1.29409
1.31347,1.29409
1.3533,1.29409
1.39313,1.29409
1.43296,1.29409
1.47279,1.29409
1.51263,1.29409
1.55247,1.29409
1.59231,1.29409
1.63215,1.29409
1.67199,1.29409
1.71183,1.29409
1.75168,1.29409
1.79152,1.29409
1.83137,1.29409
1.87122,1.29409
1.91107,1.29409
1.95092,1.29409
1.99078,1.29409
2.03063,1.29409
2.07049,1.29409
2.11035,1.29409
2.15021,1.29409
2.19007,1.29409
2.22994,1.29409
2.2698,1.29409
2.30967,1.29409
2.34954,1.29409
2.38941,1.29409
2.42928,1.29409
2.46915,1.29409
2.50902,1.29409
2.5489,1.29409
2.58878,1.29409
2.62865,1.29409
2.66853,1.29409
2.70842,1.29409
2.7483,1.29409
2.78818,1.29409
2.82807,1.29409
2.86796,1.29409
2.90785,1.29409
2.94774,1.29409
2.98763,1.29409
3.02752,1.29409
3.06742,1.29409
3.10731,1.29409
3.14721,1.29409
3.18711,1.29409
3.22701,1.29409
3.26691,1.29409
3.30681,1.29409
3.34672,1.29409
3.38663,1.29409
3.42653,1.28571
3.46644,1.27733
3.50635,1.26895
3.54627,1.26056
3.58618,1.25218
3.62609,1.2438
3.66601,1.23542
3.70593,1.22704
3.74585,1.21865
3.78577,1.21027
3.82569,1.20189
3.86561,1.19351
3.90554,1.18512
3.94546,1.17674
3.98539,1.16835
4.02532,1.15997
4.06525,1.15158
4.10518,1.1432
4.14511,1.13481
4.18505,1.12643
4.22499,1.11804
4.26492,1.10965
4.30486,1.10127
4.3448,1.09288
4.38474,1.08449
4.42468,1.07611
4.46463,1.06772
4.50457,1.05933
4.54452,1.05094
4.58447,1.04255
4.62442,1.03416
4.66437,1.02577
4.70432,1.01739
4.74427,1.009
4.78423,1.00061
4.82419,0.992215
4.86414,0.983824
4.9041,0.975434
4.94406,0.967042
4.98402,0.958651
5.02399,0.950259
5.06395,0.941867
5.10392,0.933475
5.14388,0.925082
5.18385,0.916689
5.22382,0.908296
5.26379,0.899903
5.30376,0.891509
5.34373,0.883115
5.38371,0.874721
5.42369,0.866327
5.46366,0.857932
5.50364,0.849537
5.54362,0.841141
5.5836,0.832746
5.62358,0.82435
5.66357,0.815954
5.70355,0.807558
5.74354,0.796039
5.78352,0.78452
5.82351,0.773001
5.8635,0.761481
5.90349,0.749961
5.94349,0.738441
5.98348,0.72692
6.02347,0.715399
6.06347,0.703877
6.10347,0.692355
6.14347,0.680833
6.18347,0.66931
6.22347,0.657788
6.26347,0.646264
6.30347,0.634741
6.34348,0.623217
6.38348,0.611692
6.42349,0.600168
6.4635,0.597044
6.50351,0.59392
6.54352,0.590796
6.58353,0.587672
6.62354,0.584548
6.66356,0.581424
6.70357,0.5783
6.74359,0.575175
6.78361,0.572051
6.82363,0.568926
6.86365,0.565802
6.90367,0.562677
6.94369,0.559552
6.98372,0.556427
7.02374,0.553302
7.06377,0.550177
7.1038,0.547052
7.14382,0.543927
7.18385,0.540801
7.22388,0.537676
7.26392,0.53455
7.30395,0.531424
7.34398,0.531424
7.38402,0.531424
7.42406,0.531424
7.46409,0.531424
7.50413,0.531424
7.54417,0.531424
7.58421,0.531424
7.62426,0.531424
7.6643,0.531424
7.70434,0.531424
7.74439,0.531424
7.78444,0.531424
7.82448,0.531424
7.86453,0.531424
7.90458,0.531424
7.94464,0.531424
7.98469,0.531424
8.02474,0.531424
8.0648,0.531424
8.10485,0.531424
8.14491,0.531424
8.18497,0.531424
8.22503,0.531424
8.26509,0.531424
8.30515,0.531424
8.34521,0.531424
8.38527,0.531424
8.42534,0.531424
8.4654,0.531424
8.50547,0.531424
8.54554,0.531424
8.5856,0.531424
8.62567,0.531424
8.66574,0.531424
8.70582,0.531424
8.74589,0.531424
8.78596,0.531424
8.82604,0.531424
8.86611,0.531424
8.90619,0.531424
8.94627,0.531424
8.98635,0.531424
9.02643,0.531424
9.06651,0.531424
9.10659,0.531424
9.14668,0.531424
9.18676,0.531424
9.22684,0.531424
9.26693,0.531424
9.30702,0.531424
9.34711,0.531424
9.3872,0.531424
9.42729,0.531424
9.46738,0.531424
9.50747,0.531424
9.54756,0.531424
9.58766,0.531424
9.62775,0.531424
9.66785,0.531424
9.70795,0.531424
9.74804,0.531424
9.78814,0.531424
9.82824,0.531424
9.86834,0.531424
9.90845,0.531424
9.94855,0.531424
9.98865,0.531424
10.0288,0.531424
10.0689,0.531424
10.109,0.531424
10.1491,0.531424
10.1892,0.531424
10.2293,0.531424
10.2694,0.531424
10.3095,0.531424
10.3496,0.531424
10.3897,0.531424
10.4299,0.531424
10.47,0.531424
10.5101,0.531424
10.5502,0.531424
10.5903,0.531424
10.6304,0.531424
10.6706,0.531424
10.7107,0.531424
10.7508,0.531424
10.7909,0.531424
10.8311,0.531424
10.8712,0.531424
10.9113,0.531424
10.9514,0.531424
10.9916,0.531424
11.0317,0.531424
11.0718,0.531424
11.1119,0.531424
11.1521,0.531424
11.1922,0.531424
11.2323,0.531424
11.2725,0.531424
11.3126,0.531424
11.3527,0.531424
11.3929,0.531424
11.433,0.531424
11.4732,0.531424
11.5133,0.531424
11.5534,0.531424
11.5936,0.531424
11.6337,0.531424
11.6739,0.531424
11.714,0.531424
11.7541,0.534051
11.7943,0.536678
11.8344,0.539305
11.8746,0.541931
11.9147,0.544558
11.9549,0.547185
11.995,0.549812
12.0352,0.552439
12.0753,0.555066
12.1155,0.557693
12.1556,0.56032
12.1958,0.562948
12.2359,0.565575
12.2761,0.568202
12.3162,0.57083
12.3564,0.573457
12.3965,0.576085
12.4367,0.578712
12.4769,0.58134
12.517,0.583967
12.5572,0.586595
12.5973,0.589223
12.6375,0.591851
12.6777,0.594478
12.7178,0.597106
12.758,0.599734
12.7981,0.602362
12.8383,0.60499
12.8785,0.607618
12.9186,0.610247
12.9588,0.612875
12.999,0.615503
13.0391,0.618131
13.0793,0.62076
13.1195,0.623388
13.1597,0.626016
13.1998,0.628645
13.24,0.631273
13.2802,0.633902
13.3203,0.636531
13.3605,0.639159
13.4007,0.641788
13.4409,0.644417
13.481,0.647046
13.5212,0.649674
13.5614,0.652303
13.6016,0.654932
13.6418,0.657561
13.6819,0.66019
13.7221,0.662819
13.7623,0.665448
13.8025,0.668078
13.8427,0.670707
13.8829,0.673336
13.923,0.675965
13.9632,0.678595
14.0034,0.681224
14.0436,0.683854
14.0838,0.686483
14.124,0.689113
14.1642,0.691742
14.2043,0.694372
14.2445,0.697001
14.2847,0.699631
14.3249,0.702261
14.3651,0.704891
14.4053,0.70752
14.4455,0.71015
14.4857,0.71278
14.5259,0.71541
14.5661,0.71804
14.6063,0.72067
14.6465,0.7233
14.6867,0.72593
14.7269,0.72856
14.7671,0.731191
14.8073,0.733821
14.8474,0.736451
14.8876,0.739081
14.9278,0.741712
14.968,0.744342
15.0083,0.746973
15.0485,0.749603
15.0887,0.752233
15.1289,0.754864
15.1691,0.757495
15.2093,0.760125
15.2495,0.762756
15.2897,0.765387
15.3299,0.768017
15.3701,0.770648
15.4103,0.773279
15.4505,0.77591
15.4907,0.77854
15.5309,0.781171
15.5711,0.783802
15.6113,0.786433
15.6515,0.789064
15.6918,0.791695
15.732,0.794326
15.7722,0.796958
15.8124,0.799589
15.8526,0.80222
15.8928,0.804851
15.933,0.807482
15.9732,0.810114
16.0135,0.812745
16.0537,0.815376
16.0939,0.818008
16.1341,0.820639
16.1743,0.823271
16.2145,0.825902
16.2548,0.828534
16.295,0.831165
16.3352,0.833797
16.3754,0.836429
16.4156,0.83906
16.4559,0.841692
16.4961,0.844324
16.5363,0.846955
16.5765,0.849587
16.6168,0.852219
16.657,0.854851
16.6972,0.857483
16.7374,0.860115
16.7776,0.862747
16.8179,0.865379
16.8581,0.868011
16.8983,0.870643
16.9385,0.873275
16.9788,0.875907
17.019,0.878539
17.0592,0.881171
17.0995,0.883803
17.1397,0.886435
17.1799,0.889068
17.2201,0.8917
17.2604,0.894332
17.3006,0.896965
17.3408,0.899597
17.3811,0.902229
17.4213,0.904862
17.4615,0.907494
17.5018,0.910127
17.542,0.912759
17.5822,0.915392
17.6225,0.918024
17.6627,0.920657
17.7029,0.923289
17.7432,0.925922
17.7834,0.928555
17.8236,0.931187
17.8639,0.93382
17.9041,0.936453
17.9443,0.939085
17.9846,0.941718
18.0248,0.944351
18.0651,0.946984
18.1053,0.949617
18.1455,0.95225
18.1858,0.954882
18.226,0.957515
18.2663,0.960148
18.3065,0.962781
18.3467,0.965414
18.387,0.968047
18.4272,0.97068
18.4675,0.973313
18.5077,0.975946
18.5479,0.978579
18.5882,0.981213
18.6284,0.983846
18.6687,0.986479
18.7089,0.989112
18.7492,0.991745
18.7894,0.994379
18.8296,0.997012
18.8699,0.999645
18.9101,1.00228
18.9504,1.00491
18.9906,1.00754
19.0309,1.01018
19.0711,1.01281
19.1114,1.01544
19.1516,1.01808
19.1919,1.02071
19.2321,1.02335
19.2724,1.02598
19.3126,1.02861
19.3528,1.03125
19.3931,1.03388
19.4333,1.03651
19.4736,1.03915
19.5138,1.04178
19.5541,1.04441
19.5943,1.04705
19.6346,1.04968
19.6748,1.05231
19.7151,1.05495
19.7553,1.05758
19.7956,1.06022
19.8358,1.06285
19.8761,1.06548
19.9163,1.06812
19.9566,1.07075
19.9969,1.07338
20.0371,1.07602
20.0774,1.07865
20.1176,1.08129
20.1579,1.08392
20.1981,1.08655
20.2384,1.08919
20.2786,1.09182
20.3189,1.09445
20.3591,1.09709
20.3994,1.09972
20.4396,1.10236
20.4799,1.10499
20.5201,1.10762
20.5604,1.11026
20.6007,1.11289
20.6409,1.11553
20.6812,1.11816
20.7214,1.12079
20.7617,1.12343
20.8019,1.12606
20.8422,1.1287
20.8825,1.13133
20.9227,1.13396
20.963,1.1366
21.0032,1.13923
21.0435,1.14187
21.0837,1.1445
21.124,1.14713
21.1643,1.14977
21.2045,1.1524
21.2448,1.15504
21.285,1.15767
21.3253,1.16031
21.3655,1.16294
21.4058,1.16557
21.4461,1.16821
21.4863,1.17084
21.5266,1.17348
21.5668,1.17611
21.6071,1.17874
21.6474,1.18138
21.6876,1.18401
21.7279,1.18665
21.7681,1.18928
21.8084,1.19192
21.8487,1.19455
21.8889,1.19718
21.9292,1.19982
21.9694,1.20245
22.0097,1.20509
22.05,1.20772
22.0902,1.21036
22.1305,1.21299
22.1707,1.21562
22.211,1.21826
22.2513,1.22089
22.2915,1.22353
22.3318,1.22616
22.372,1.2288
22.4123,1.23143
22.4526,1.23406
22.4928,1.2367
22.5331,1.23933
22.5733,1.24197
22.6136,1.2446
22.6539,1.24724
22.6941,1.24987
22.7344,1.2525
22.7746,1.25514
22.8149,1.25777
22.8552,1.26041
22.8954,1.26304
22.9357,1.26568
22.9759,1.26831
23.0162,1.27094
23.0565,1.27358
23.0967,1.27621
23.137,1.27885
23.1787,1.28158
23.222,1.28441
23.2669,1.28735
23.3135,1.29039
23.3617,1.29355
23.4116,1.29682
23.4633,1.3002
23.5169,1.30371
23.5723,1.30733
23.6297,1.31109
23.689,1.31497
23.7504,1.31898
23.8138,1.32313
23.8794,1.32742
23.9471,1.33186
24.0171,1.33643
24.0893,1.34116
24.1638,1.34603
24.2407,1.35106
24.3199,1.35625
24.4016,1.36159
24.4858,1.3671
24.5724,1.37277
24.6616,1.37861
24.7534,1.38461
24.8478,1.39079
24.9448,1.39713
25.0444,1.40365
25.1467,1.41035
25.2517,1.41721
25.3593,1.42426
25.4697,1.43148
25.5827,1.43887
25.6984,1.44645
25.8168,1.45419
25.9379,1.46211
26.0616,1.47021
26.1879,1.47847
26.3168,1.48691
26.4483,1.49551
26.5823,1.50428
26.7187,1.51321
26.8575,1.52229
26.9987,1.53153
27.1422,1.54091
27.2878,1.55044
27.4356,1.56011
27.5854,1.56991
27.7371,1.57984
27.8906,1.58989
28.0459,1.60005
28.2029,1.61031
28.3613,1.62068
28.5211,1.63114
28.6822,1.64168
28.8444,1.65229
29.0076,1.66297
29.1716,1.6737
29.3364,1.68449
29.5018,1.69531
29.6676,1.70616
29.8337,1.71703
30,1.7279
30.1663,1.73878
-0.0397757,1.32446
0,1.32446
0.0397757,1.32446
0.0795531,1.32446
0.119332,1.32446
0.159113,1.32446
0.198895,1.32446
0.238679,1.32446
0.278465,1.32446
0.318252,1.32446
0.358041,1.32446
0.397832,1.32446
0.437624,1.32446
0.477418,1.32446
0.517214,1.32446
0.557011,1.32446
0.59681,1.32446
0.636611,1.32446
0.676413,1.32446
0.716217,1.32446
0.756022,1.32446
0.795829,1.32446
0.835638,1.32446
0.875448,1.32446
0.91526,1.32446
0.955073,1.32446
0.994888,1.32446
1.0347,1.32446
1.07452,1.32446
1.11434,1.32446
1.15416,1.32446
1.19399,1.32446
1.23381,1.32446
1.27364,1.32446
1.31347,1.32446
1.3533,1.32446
1.39313,1.32446
1.43296,1.32446
1.47279,1.32446
1.51263,1.32446
1.55247,1.32446
1.59231,1.32446
1.63215,1.32446
1.67199,1.32446
1.71183,1.32446
1.75168,1.32446
1.79152,1.32446
1.83137,1.32446
1.87122,1.32446
1.91107,1.32446
1.95092,1.32446
1.99078,1.32446
2.03063,1.32446
2.07049,1.32446
2.11035,1.32446
2.15021,1.32446
2.19007,1.32446
2.22994,1.32446
2.2698,1.32446
2.30967,1.32446
2.34954,1.32446
2.38941,1.32446
2.42928,1.32446
2.46915,1.32446
2.50902,1.32446
2.5489,1.32446
2.58878,1.32446
2.62865,1.32446
2.66853,1.32446
2.70842,1.32446
2.7483,1.32446
2.78818,1.32446
2.82807,1.32446
2.86796,1.32446
2.90785,1.32446
2.94774,1.32446
2.98763,1.32446
3.02752,1.32446
3.06742,1.32446
3.10731,1.32446
3.14721,1.32446
3.18711,1.32446
3.22701,1.32446
3.26691,1.32446
3.30681,1.32446
3.34672,1.32446
3.38663,1.32446
3.42653,1.31583
3.46644,1.30721
3.50635,1.29858
3.54627,1.28995
3.58618,1.28132
3.62609,1.27269
3.66601,1.26406
3.70593,1.25543
3.74585,1.2468
3.78577,1.23817
3.82569,1.22954
3.86561,1.22091
3.90554,1.21227
3.94546,1.20364
3.98539,1.19501
4.02532,1.18638
4.06525,1.17774
4.10518,1.16911
4.14511,1.16048
4.18505,1.15184
4.22499,1.14321
4.26492,1.13458
4.30486,1.12594
4.3448,1.11731
4.38474,1.10867
4.42468,1.10004
4.46463,1.0914
4.50457,1.08276
4.54452,1.07413
4.58447,1.06549
4.62442,1.05685
4.66437,1.04822
4.70432,1.03958
4.74427,1.03094
4.78423,1.0223
4.82419,1.01367
4.86414,1.00503
4.9041,0.996387
4.94406,0.987748
4.98402,0.979109
5.02399,0.970469
5.06395,0.961829
5.10392,0.953188
5.14388,0.944548
5.18385,0.935907
5.22382,0.927265
5.26379,0.918624
5.30376,0.909982
5.34373,0.90134
5.38371,0.892697
5.42369,0.884055
5.46366,0.875412
5.50364,0.866769
5.54362,0.858125
5.5836,0.849481
5.62358,0.840837
5.66357,0.832193
5.70355,0.823548
5.74354,0.811886
5.78352,0.800224
5.82351,0.788561
5.8635,0.776897
5.90349,0.765234
5.94349,0.75357
5.98348,0.741906
6.02347,0.730241
6.06347,0.718576
6.10347,0.70691
6.14347,0.695244
6.18347,0.683578
6.22347,0.671912
6.26347,0.660245
6.30347,0.648578
6.34348,0.63691
6.38348,0.625242
6.42349,0.613574
6.4635,0.610555
6.50351,0.607536
6.54352,0.604517
6.58353,0.601497
6.62354,0.598478
6.66356,0.595459
6.70357,0.592439
6.74359,0.589419
6.78361,0.5864
6.82363,0.58338
6.86365,0.58036
6.90367,0.57734
6.94369,0.57432
6.98372,0.5713
7.02374,0.56828
7.06377,0.565259
7.1038,0.562239
7.14382,0.559218
7.18385,0.556198
7.22388,0.553177
7.26392,0.550156
7.30395,0.547135
7.34398,0.547135
7.38402,0.547135
7.42406,0.547135
7.46409,0.547135
7.50413,0.547135
7.54417,0.547135
7.58421,0.547135
7.62426,0.547135
7.6643,0.547135
7.70434,0.547135
7.74439,0.547135
7.78444,0.547135
7.82448,0.547135
7.86453,0.547135
7.90458,0.547135
7.94464,0.547135
7.98469,0.547135
8.02474,0.547135
8.0648,0.547135
8.10485,0.547135
8.14491,0.547135
8.18497,0.547135
8.22503,0.547135
8.26509,0.547135
8.30515,0.547135
8.34521,0.547135
8.38527,0.547135
8.42534,0.547135
8.4654,0.547135
8.50547,0.547135
8.54554,0.547135
8.5856,0.547135
8.62567,0.547135
8.66574,0.547135
8.70582,0.547135
8.74589,0.547135
8.78596,0.547135
8.82604,0.547135
8.86611,0.547135
8.90619,0.547135
8.94627,0.547135
8.98635,0.547135
9.02643,0.547135
9.06651,0.547135
9.10659,0.547135
9.14668,0.547135
9.18676,0.547135
9.22684,0.547135
9.26693,0.547135
9.30702,0.547135
9.34711,0.547135
9.3872,0.547135
9.42729,0.547135
9.46738,0.547135
9.50747,0.547135
9.54756,0.547135
9.58766,0.547135
9.62775,0.547135
9.66785,0.547135
9.70795,0.547135
9.74804,0.547135
9.78814,0.547135
9.82824,0.547135
9.86834,0.547135
9.90845,0.547135
9.94855,0.547135
9.98865,0.547135
10.0288,0.547135
10.0689,0.547135
10.109,0.547135
10.1491,0.547135
10.1892,0.547135
10.2293,0.547135
10.2694,0.547135
10.3095,0.547135
10.3496,0.547135
10.3897,0.547135
10.4299,0.547135
10.47,0.547135
10.5101,0.547135
10.5502,0.547135
10.5903,0.547135
10.6304,0.547135
10.6706,0.547135
10.7107,0.547135
10.7508,0.547135
10.7909,0.547135
10.8311,0.547135
10.8712,0.547135
10.9113,0.547135
10.9514,0.547135
10.9916,0.547135
11.0317,0.547135
11.0718,0.547135
11.1119,0.547135
11.1521,0.547135
11.1922,0.547135
11.2323,0.547135
11.2725,0.547135
11.3126,0.547135
11.3527,0.547135
11.3929,0.547135
11.433,0.547135
11.4732,0.547135
11.5133,0.547135
11.5534,0.547135
11.5936,0.547135
11.6337,0.547135
11.6739,0.547135
11.714,0.547135
11.7541,0.54984
11.7943,0.552544
11.8344,0.555248
11.8746,0.557953
11.9147,0.560658
11.9549,0.563362
11.995,0.566067
12.0352,0.568771
12.0753,0.571476
12.1155,0.574181
12.1556,0.576886
12.1958,0.579591
12.2359,0.582296
12.2761,0.585001
12.3162,0.587706
12.3564,0.590411
12.3965,0.593116
12.4367,0.595821
12.4769,0.598526
12.517,0.601232
12.5572,0.603937
12.5973,0.606643
12.6375,0.609348
12.6777,0.612054
12.7178,0.614759
12.758,0.617465
12.7981,0.62017
12.8383,0.622876
12.8785,0.625582
12.9186,0.628288
12.9588,0.630994
12.999,0.6337
13.0391,0.636406
13.0793,0.639112
13.1195,0.641818
13.1597,0.644524
13.1998,0.64723
13.24,0.649936
13.2802,0.652643
13.3203,0.655349
13.3605,0.658055
13.4007,0.660762
13.4409,0.663468
13.481,0.666175
13.5212,0.668881
13.5614,0.671588
13.6016,0.674295
13.6418,0.677001
13.6819,0.679708
13.7221,0.682415
13.7623,0.685122
13.8025,0.687829
13.8427,0.690536
13.8829,0.693242
13.923,0.69595
13.9632,0.698657
14.0034,0.701364
14.0436,0.704071
14.0838,0.706778
14.124,0.709485
14.1642,0.712193
14.2043,0.7149
14.2445,0.717607
14.2847,0.720315
14.3249,0.723022
14.3651,0.72573
14.4053,0.728437
14.4455,0.731145
14.4857,0.733853
14.5259,0.73656
14.5661,0.739268
14.6063,0.741976
14.6465,0.744684
14.6867,0.747392
14.7269,0.750099
14.7671,0.752807
14.8073,0.755515
14.8474,0.758223
14.8876,0.760931
14.9278,0.76364
14.968,0.766348
15.0083,0.769056
15.0485,0.771764
15.0887,0.774472
15.1289,0.777181
15.1691,0.779889
15.2093,0.782597
15.2495,0.785306
15.2897,0.788014
15.3299,0.790723
15.3701,0.793431
15.4103,0.79614
15.4505,0.798849
15.4907,0.801557
15.5309,0.804266
15.5711,0.806975
15.6113,0.809683
15.6515,0.812392
15.6918,0.815101
15.732,0.81781
15.7722,0.820519
15.8124,0.823228
15.8526,0.825937
15.8928,0.828646
15.933,0.831355
15.9732,0.834064
16.0135,0.836773
16.0537,0.839482
16.0939,0.842191
16.1341,0.844901
16.1743,0.84761
16.2145,0.850319
16.2548,0.853028
16.295,0.855738
16.3352,0.858447
16.3754,0.861157
16.4156,0.863866
16.4559,0.866576
16.4961,0.869285
16.5363,0.871995
16.5765,0.874704
16.6168,0.877414
16.657,0.880124
16.6972,0.882833
16.7374,0.885543
16.7776,0.888253
16.8179,0.890963
16.8581,0.893672
16.8983,0.896382
16.9385,0.899092
16.9788,0.901802
17.019,0.904512
17.0592,0.907222
17.0995,0.909932
17.1397,0.912642
17.1799,0.915352
17.2201,0.918062
17.2604,0.920772
17.3006,0.923482
17.3408,0.926192
17.3811,0.928903
17.4213,0.931613
17.4615,0.934323
17.5018,0.937033
17.542,0.939744
17.5822,0.942454
17.6225,0.945165
17.6627,0.947875
17.7029,0.950585
17.7432,0.953296
17.7834,0.956006
17.8236,0.958717
17.8639,0.961427
17.9041,0.964138
17.9443,0.966848
17.9846,0.969559
18.0248,0.97227
18.0651,0.97498
18.1053,0.977691
18.1455,0.980402
18.1858,0.983112
18.226,0.985823
18.2663,0.988534
18.3065,0.991245
18.3467,0.993956
18.387,0.996666
18.4272,0.999377
18.4675,1.00209
18.5077,1.0048
18.5479,1.00751
18.5882,1.01022
18.6284,1.01293
18.6687,1.01564
18.7089,1.01835
18.7492,1.02107
18.7894,1.02378
18.8296,1.02649
18.8699,1.0292
18.9101,1.03191
18.9504,1.03462
18.9906,1.03733
19.0309,1.04004
19.0711,1.04275
19.1114,1.04547
19.1516,1.04818
19.1919,1.05089
19.2321,1.0536
19.2724,1.05631
19.3126,1.05902
19.3528,1.06173
19.3931,1.06444
19.4333,1.06716
19.4736,1.06987
19.5138,1.07258
19.5541,1.07529
19.5943,1.078
19.6346,1.08071
19.6748,1.08342
19.7151,1.08614
19.7553,1.08885
19.7956,1.09156
19.8358,1.09427
19.8761,1.09698
19.9163,1.09969
19.9566,1.10241
19.9969,1.10512
20.0371,1.10783
20.0774,1.11054
20.1176,1.11325
20.1579,1.11596
20.1981,1.11868
20.2384,1.12139
20.2786,1.1241
20.3189,1.12681
20.3591,1.12952
20.3994,1.13223
20.4396,1.13495
20.4799,1.13766
20.5201,1.14037
20.5604,1.14308
20.6007,1.14579
20.6409,1.14851
20.6812,1.15122
20.7214,1.15393
20.7617,1.15664
20.8019,1.15935
20.8422,1.16206
20.8825,1.16478
20.9227,1.16749
20.963,1.1702
21.0032,1.17291
21.0435,1.17562
21.0837,1.17834
21.124,1.18105
21.1643,1.18376
21.2045,1.18647
21.2448,1.18918
21.285,1.1919
21.3253,1.19461
21.3655,1.19732
21.4058,1.20003
21.4461,1.20274
21.4863,1.20546
21.5266,1.20817
21.5668,1.21088
21.6071,1.21359
21.6474,1.2163
21.6876,1.21902
21.7279,1.22173
21.7681,1.22444
21.8084,1.22715
21.8487,1.22987
21.8889,1.23258
21.9292,1.23529
21.9694,1.238
22.0097,1.24071
22.05,1.24343
22.0902,1.24614
22.1305,1.24885
22.1707,1.25156
22.211,1.25427
22.2513,1.25699
22.2915,1.2597
22.3318,1.26241
22.372,1.26512
22.4123,1.26784
22.4526,1.27055
22.4928,1.27326
22.5331,1.27597
22.5733,1.27868
22.6136,1.2814
22.6539,1.28411
22.6941,1.28682
22.7344,1.28953
22.7746,1.29225
22.8149,1.29496
22.8552,1.29767
22.8954,1.30038
22.9357,1.30309
22.9759,1.30581
23.0162,1.30852
23.0565,1.31123
23.0967,1.31394
23.137,1.31666
23.1787,1.31947
23.222,1.32239
23.2669,1.32541
23.3135,1.32854
23.3617,1.33179
23.4116,1.33516
23.4633,1.33864
23.5169,1.34225
23.5723,1.34598
23.6297,1.34985
23.689,1.35384
23.7504,1.35798
23.8138,1.36225
23.8794,1.36667
23.9471,1.37123
24.0171,1.37594
24.0893,1.38081
24.1638,1.38583
24.2407,1.39101
24.3199,1.39635
24.4016,1.40185
24.4858,1.40752
24.5724,1.41336
24.6616,1.41936
24.7534,1.42555
24.8478,1.4319
24.9448,1.43844
25.0444,1.44515
25.1467,1.45204
25.2517,1.45911
25.3593,1.46636
25.4697,1.4738
25.5827,1.48141
25.6984,1.48921
25.8168,1.49718
25.9379,1.50534
26.0616,1.51367
26.1879,1.52218
26.3168,1.53087
26.4483,1.53973
26.5823,1.54875
26.7187,1.55794
26.8575,1.56729
26.9987,1.5768
27.1422,1.58647
27.2878,1.59628
27.4356,1.60623
27.5854,1.61632
27.7371,1.62654
27.8906,1.63689
28.0459,1.64735
28.2029,1.65792
28.3613,1.66859
28.5211,1.67936
28.6822,1.69021
28.8444,1.70114
29.0076,1.71213
29.1716,1.72319
29.3364,1.73429
29.5018,1.74543
29.6676,1.7566
29.8337,1.76779
30,1.77899
30.1663,1.79019
-0.0397757,1.35483
0,1.35483
0.0397757,1.35483
0.0795531,1.35483
0.119332,1.35483
0.159113,1.35483
0.198895,1.35483
0.238679,1.35483
0.278465,1.35483
0.318252,1.35483
0.358041,1.35483
0.397832,1.35483
0.437624,1.35483
0.477418,1.35483
0.517214,1.35483
0.557011,1.35483
0.59681,1.35483
0.636611,1.35483
0.676413,1.35483
0.716217,1.35483
0.756022,1.35483
0.795829,1.35483
0.835638,1.35483
0.875448,1.35483
0.91526,1.35483
0.955073,1.35483
0.994888,1.35483
1.0347,1.35483
1.07452,1.35483
1.11434,1.35483
1.15416,1.35483
1.19399,1.35483
1.23381,1.35483
1.27364,1.35483
1.31347,1.35483
1.3533,1.35483
1.39313,1.35483
1.43296,1.35483
1.47279,1.35483
1.51263,1.35483
1.55247,1.35483
1.59231,1.35483
1.63215,1.35483
1.67199,1.35483
1.71183,1.35483
1.75168,1.35483
1.79152,1.35483
1.83137,1.35483
1.87122,1.35483
1.91107,1.35483
1.95092,1.35483
1.99078,1.35483
2.03063,1.35483
2.07049,1.35483
2.11035,1.35483
2.15021,1.35483
2.19007,1.35483
2.22994,1.35483
2.2698,1.35483
2.30967,1.35483
2.34954,1.35483
2.38941,1.35483
2.42928,1.35483
2.46915,1.35483
2.50902,1.35483
2.5489,1.35483
2.58878,1.35483
2.62865,1.35483
2.66853,1.35483
2.70842,1.35483
2.7483,1.35483
2.78818,1.35483
2.82807,1.35483
2.86796,1.35483
2.90785,1.35483
2.94774,1.35483
2.98763,1.35483
3.02752,1.35483
3.06742,1.35483
3.10731,1.35483
3.14721,1.35483
3.18711,1.35483
3.22701,1.35483
3.26691,1.35483
3.30681,1.35483
3.34672,1.35483
3.38663,1.35483
3.42653,1.34596
3.46644,1.33708
3.50635,1.32821
3.54627,1.31933
3.58618,1.31045
3.62609,1.30157
3.66601,1.2927
3.70593,1.28382
3.74585,1.27494
3.78577,1.26606
3.82569,1.25718
3.86561,1.2483
3.90554,1.23942
3.94546,1.23055
3.98539,1.22167
4.02532,1.21278
4.06525,1.2039
4.10518,1.19502
4.14511,1.18614
4.18505,1.17726
4.22499,1.16838
4.26492,1.1595
4.30486,1.15061
4.3448,1.14173
4.38474,1.13285
4.42468,1.12396
4.46463,1.11508
4.50457,1.1062
4.54452,1.09731
4.58447,1.08843
4.62442,1.07954
4.66437,1.07066
4.70432,1.06177
4.74427,1.05289
4.78423,1.044
4.82419,1.03511
4.86414,1.02623
4.9041,1.01734
4.94406,1.00845
4.98402,0.999564
5.02399,0.990676
5.06395,0.981788
5.10392,0.9729
5.14388,0.964011
5.18385,0.955122
5.22382,0.946232
5.26379,0.937343
5.30376,0.928453
5.34373,0.919563
5.38371,0.910672
5.42369,0.901781
5.46366,0.89289
5.50364,0.883999
5.54362,0.875107
5.5836,0.866215
5.62358,0.857323
5.66357,0.84843
5.70355,0.839538
5.74354,0.827732
5.78352,0.815926
5.82351,0.804119
5.8635,0.792313
5.90349,0.780505
5.94349,0.768698
5.98348,0.75689
6.02347,0.745082
6.06347,0.733273
6.10347,0.721464
6.14347,0.709654
6.18347,0.697845
6.22347,0.686035
6.26347,0.674224
6.30347,0.662413
6.34348,0.650602
6.38348,0.63879
6.42349,0.626978
6.4635,0.624064
6.50351,0.62115
6.54352,0.618235
6.58353,0.615321
6.62354,0.612406
6.66356,0.609492
6.70357,0.606577
6.74359,0.603662
6.78361,0.600747
6.82363,0.597832
6.86365,0.594917
6.90367,0.592002
6.94369,0.589086
6.98372,0.586171
7.02374,0.583256
7.06377,0.58034
7.1038,0.577424
7.14382,0.574509
7.18385,0.571593
7.22388,0.568677
7.26392,0.565761
7.30395,0.562845
7.34398,0.562845
7.38402,0.562845
7.42406,0.562845
7.46409,0.562845
7.50413,0.562845
7.54417,0.562845
7.58421,0.562845
7.62426,0.562845
7.6643,0.562845
7.70434,0.562845
7.74439,0.562845
7.78444,0.562845
7.82448,0.562845
7.86453,0.562845
7.90458,0.562845
7.94464,0.562845
7.98469,0.562845
8.02474,0.562845
8.0648,0.562845
8.10485,0.562845
8.14491,0.562845
8.18497,0.562845
8.22503,0.562845
8.26509,0.562845
8.30515,0.562845
8.34521,0.562845
8.38527,0.562845
8.42534,0.562845
8.4654,0.562845
8.50547,0.562845
8.54554,0.562845
8.5856,0.562845
8.62567,0.562845
8.66574,0.562845
8.70582,0.562845
8.74589,0.562845
8.78596,0.562845
8.82604,0.562845
8.86611,0.562845
8.90619,0.562845
8.94627,0.562845
8.98635,0.562845
9.02643,0.562845
9.06651,0.562845
9.10659,0.562845
9.14668,0.562845
9.18676,0.562845
9.22684,0.562845
9.26693,0.562845
9.30702,0.562845
9.34711,0.562845
9.3872,0.562845
9.42729,0.562845
9.46738,0.562845
9.50747,0.562845
9.54756,0.562845
9.58766,0.562845
9.62775,0.562845
9.66785,0.562845
9.70795,0.562845
9.74804,0.562845
9.78814,0.562845
9.82824,0.562845
9.86834,0.562845
9.90845,0.562845
9.94855,0.562845
9.98865,0.562845
10.0288,0.562845
10.0689,0.562845
10.109,0.562845
10.1491,0.562845
10.1892,0.562845
10.2293,0.562845
10.2694,0.562845
10.3095,0.562845
10.3496,0.562845
10.3897,0.562845
10.4299,0.562845
10.47,0.562845
10.5101,0.562845
10.5502,0.562845
10.5903,0.562845
10.6304,0.562845
10.6706,0.562845
10.7107,0.562845
10.7508,0.562845
10.7909,0.562845
10.8311,0.562845
10.8712,0.562845
10.9113,0.562845
10.9514,0.562845
10.9916,0.562845
11.0317,0.562845
11.0718,0.562845
11.1119,0.562845
11.1521,0.562845
11.1922,0.562845
11.2323,0.562845
11.2725,0.562845
11.3126,0.562845
11.3527,0.562845
11.3929,0.562845
11.433,0.562845
11.4732,0.562845
11.5133,0.562845
11.5534,0.562845
11.5936,0.562845
11.6337,0.562845
11.6739,0.562845
11.714,0.562845
11.7541,0.565627
11.7943,0.568409
11.8344,0.571191
11.8746,0.573973
11.9147,0.576755
11.9549,0.579537
11.995,0.58232
12.0352,0.585102
12.0753,0.587884
12.1155,0.590667
12.1556,0.593449
12.1958,0.596232
12.2359,0.599015
12.2761,0.601797
12.3162,0.60458
12.3564,0.607363
12.3965,0.610146
12.4367,0.612928
12.4769,0.615711
12.517,0.618494
12.5572,0.621277
12.5973,0.624061
12.6375,0.626844
12.6777,0.629627
12.7178,0.63241
12.758,0.635193
12.7981,0.637977
12.8383,0.64076
12.8785,0.643544
12.9186,0.646327
12.9588,0.649111
12.999,0.651895
13.0391,0.654678
13.0793,0.657462
13.1195,0.660246
13.1597,0.663029
13.1998,0.665813
13.24,0.668597
13.2802,0.671381
13.3203,0.674165
13.3605,0.676949
13.4007,0.679734
13.4409,0.682518
13.481,0.685302
13.5212,0.688086
13.5614,0.690871
13.6016,0.693655
13.6418,0.696439
13.6819,0.699224
13.7221,0.702008
13.7623,0.704793
13.8025,0.707578
13.8427,0.710362
13.8829,0.713147
13.923,0.715932
13.9632,0.718717
14.0034,0.721501
14.0436,0.724286
14.0838,0.727071
14.124,0.729856
14.1642,0.732641
14.2043,0.735426
14.2445,0.738211
14.2847,0.740997
14.3249,0.743782
14.3651,0.746567
14.4053,0.749352
14.4455,0.752138
14.4857,0.754923
14.5259,0.757709
14.5661,0.760494
14.6063,0.76328
14.6465,0.766065
14.6867,0.768851
14.7269,0.771636
14.7671,0.774422
14.8073,0.777208
14.8474,0.779994
14.8876,0.782779
14.9278,0.785565
14.968,0.788351
15.0083,0.791137
15.0485,0.793923
15.0887,0.796709
15.1289,0.799495
15.1691,0.802281
15.2093,0.805067
15.2495,0.807854
15.2897,0.81064
15.3299,0.813426
15.3701,0.816212
15.4103,0.818999
15.4505,0.821785
15.4907,0.824572
15.5309,0.827358
15.5711,0.830145
15.6113,0.832931
15.6515,0.835718
15.6918,0.838504
15.732,0.841291
15.7722,0.844078
15.8124,0.846864
15.8526,0.849651
15.8928,0.852438
15.933,0.855225
15.9732,0.858012
16.0135,0.860798
16.0537,0.863585
16.0939,0.866372
16.1341,0.869159
16.1743,0.871946
16.2145,0.874734
16.2548,0.877521
16.295,0.880308
16.3352,0.883095
16.3754,0.885882
16.4156,0.888669
16.4559,0.891457
16.4961,0.894244
16.5363,0.897031
16.5765,0.899819
16.6168,0.902606
16.657,0.905394
16.6972,0.908181
16.7374,0.910969
16.7776,0.913756
16.8179,0.916544
16.8581,0.919332
16.8983,0.922119
16.9385,0.924907
16.9788,0.927695
17.019,0.930482
17.0592,0.93327
17.0995,0.936058
17.1397,0.938846
17.1799,0.941634
17.2201,0.944422
17.2604,0.947209
17.3006,0.949997
17.3408,0.952785
17.3811,0.955573
17.4213,0.958362
17.4615,0.96115
17.5018,0.963938
17.542,0.966726
17.5822,0.969514
17.6225,0.972302
17.6627,0.97509
17.7029,0.977879
17.7432,0.980667
17.7834,0.983455
17.8236,0.986243
17.8639,0.989032
17.9041,0.99182
17.9443,0.994609
17.9846,0.997397
18.0248,1.00019
18.0651,1.00297
18.1053,1.00576
18.1455,1.00855
18.1858,1.01134
18.226,1.01413
18.2663,1.01692
18.3065,1.01971
18.3467,1.02249
18.387,1.02528
18.4272,1.02807
18.4675,1.03086
18.5077,1.03365
18.5479,1.03644
18.5882,1.03923
18.6284,1.04202
18.6687,1.0448
18.7089,1.04759
18.7492,1.05038
18.7894,1.05317
18.8296,1.05596
18.8699,1.05875
18.9101,1.06154
18.9504,1.06433
18.9906,1.06712
19.0309,1.0699
19.0711,1.07269
19.1114,1.07548
19.1516,1.07827
19.1919,1.08106
19.2321,1.08385
19.2724,1.08664
19.3126,1.08943
19.3528,1.09222
19.3931,1.09501
19.4333,1.0978
19.4736,1.10059
19.5138,1.10337
19.5541,1.10616
19.5943,1.10895
19.6346,1.11174
19.6748,1.11453
19.7151,1.11732
19.7553,1.12011
19.7956,1.1229
19.8358,1.12569
19.8761,1.12848
19.9163,1.13127
19.9566,1.13406
19.9969,1.13685
20.0371,1.13964
20.0774,1.14243
20.1176,1.14522
20.1579,1.14801
20.1981,1.1508
20.2384,1.15358
20.2786,1.15637
20.3189,1.15916
20.3591,1.16195
20.3994,1.16474
20.4396,1.16753
20.4799,1.17032
20.5201,1.17311
20.5604,1.1759
20.6007,1.17869
20.6409,1.18148
20.6812,1.18427
20.7214,1.18706
20.7617,1.18985
20.8019,1.19264
20.8422,1.19543
20.8825,1.19822
20.9227,1.20101
20.963,1.2038
21.0032,1.20659
21.0435,1.20938
21.0837,1.21217
21.124,1.21496
21.1643,1.21775
21.2045,1.22054
21.2448,1.22333
21.285,1.22612
21.3253,1.22891
21.3655,1.2317
21.4058,1.23449
21.4461,1.23728
21.4863,1.24007
21.5266,1.24286
21.5668,1.24565
21.6071,1.24844
21.6474,1.25123
21.6876,1.25402
21.7279,1.25681
21.7681,1.2596
21.8084,1.26239
21.8487,1.26518
21.8889,1.26797
21.9292,1.27076
21.9694,1.27355
22.0097,1.27634
22.05,1.27913
22.0902,1.28192
22.1305,1.28471
22.1707,1.2875
22.211,1.29029
22.2513,1.29308
22.2915,1.29587
22.3318,1.29866
22.372,1.30145
22.4123,1.30424
22.4526,1.30703
22.4928,1.30982
22.5331,1.31261
22.5733,1.3154
22.6136,1.31819
22.6539,1.32098
22.6941,1.32377
22.7344,1.32656
22.7746,1.32935
22.8149,1.33214
22.8552,1.33493
22.8954,1.33772
22.9357,1.34051
22.9759,1.3433
23.0162,1.34609
23.0565,1.34888
23.0967,1.35167
23.137,1.35446
23.1787,1.35735
23.222,1.36035
23.2669,1.36346
23.3135,1.36669
23.3617,1.37003
23.4116,1.37349
23.4633,1.37708
23.5169,1.38079
23.5723,1.38463
23.6297,1.3886
23.689,1.39272
23.7504,1.39697
23.8138,1.40136
23.8794,1.40591
23.9471,1.4106
24.0171,1.41545
24.0893,1.42045
24.1638,1.42562
24.2407,1.43094
24.3199,1.43644
24.4016,1.4421
24.4858,1.44793
24.5724,1.45394
24.6616,1.46012
24.7534,1.46648
24.8478,1.47302
24.9448,1.47974
25.0444,1.48664
25.1467,1.49373
25.2517,1.50101
25.3593,1.50847
25.4697,1.51611
25.5827,1.52395
25.6984,1.53197
25.8168,1.54017
25.9379,1.54856
26.0616,1.55713
26.1879,1.56589
26.3168,1.57482
26.4483,1.58393
26.5823,1.59322
26.7187,1.60267
26.8575,1.61229
26.9987,1.62208
27.1422,1.63202
27.2878,1.64211
27.4356,1.65235
27.5854,1.66273
27.7371,1.67325
27.8906,1.68389
28.0459,1.69465
28.2029,1.70552
28.3613,1.7165
28.5211,1.72758
28.6822,1.73874
28.8444,1.74998
29.0076,1.76129
29.1716,1.77266
29.3364,1.78408
29.5018,1.79554
29.6676,1.80703
29.8337,1.81854
30,1.83007
30.1663,1.84159
-0.0397757,1.3852
0,1.3852
0.0397757,1.3852
0.0795531,1.3852
0.119332,1.3852
0.159113,1.3852
0.198895,1.3852
0.238679,1.3852
0.278465,1.3852
0.318252,1.3852
0.358041,1.3852
0.397832,1.3852
0.437624,1.3852
0.477418,1.3852
0.517214,1.3852
0.557011,1.3852
0.59681,1.3852
0.636611,1.3852
0.676413,1.3852
0.716217,1.3852
0.756022,1.3852
0.795829,1.3852
0.835638,1.3852
0.875448,1.3852
0.91526,1.3852
0.955073,1.3852
0.994888,1.3852
1.0347,1.3852
1.07452,1.3852
1.11434,1.3852
1.15416,1.3852
1.19399,1.3852
1.23381,1.3852
1.27364,1.3852
1.31347,1.3852
1.3533,1.3852
1.39313,1.3852
1.43296,1.3852
1.47279,1.3852
1.51263,1.3852
1.55247,1.3852
1.59231,1.3852
1.63215,1.3852
1.67199,1.3852
1.71183,1.3852
1.75168,1.3852
1.79152,1.3852
1.83137,1.3852
1.87122,1.3852
1.91107,1.3852
1.95092,1.3852
1.99078,1.3852
2.03063,1.3852
2.07049,1.3852
2.11035,1.3852
2.15021,1.3852
2.19007,1.3852
2.22994,1.3852
2.2698,1.3852
2.30967,1.3852
2.34954,1.3852
2.38941,1.3852
2.42928,1.3852
2.46915,1.3852
2.50902,1.3852
2.5489,1.3852
2.58878,1.3852
2.62865,1.3852
2.66853,1.3852
2.70842,1.3852
2.7483,1.3852
2.78818,1.3852
2.82807,1.3852
2.86796,1.3852
2.90785,1.3852
2.94774,1.3852
2.98763,1.3852
3.02752,1.3852
3.06742,1.3852
3.10731,1.3852
3.14721,1.3852
3.18711,1.3852
3.22701,1.3852
3.26691,1.3852
3.30681,1.3852
3.34672,1.3852
3.38663,1.3852
3.42653,1.37608
3.46644,1.36695
3.50635,1.35783
3.54627,1.34871
3.58618,1.33958
3.62609,1.33046
3.66601,1.32133
3.70593,1.3122
3.74585,1.30308
3.78577,1.29395
3.82569,1.28483
3.86561,1.2757
3.90554,1.26657
3.94546,1.25744
3.98539,1.24832
4.02532,1.23919
4.06525,1.23006
4.10518,1.22093
4.14511,1.2118
4.18505,1.20267
4.22499,1.19354
4.26492,1.18441
4.30486,1.17528
4.3448,1.16615
4.38474,1.15702
4.42468,1.14789
4.46463,1.13876
4.50457,1.12962
4.54452,1.12049
4.58447,1.11136
4.62442,1.10223
4.66437,1.09309
4.70432,1.08396
4.74427,1.07483
4.78423,1.06569
4.82419,1.05656
4.86414,1.04742
4.9041,1.03829
4.94406,1.02915
4.98402,1.02002
5.02399,1.01088
5.06395,1.00175
5.10392,0.992609
5.14388,0.983472
5.18385,0.974335
5.22382,0.965197
5.26379,0.956059
5.30376,0.946921
5.34373,0.937783
5.38371,0.928644
5.42369,0.919505
5.46366,0.910366
5.50364,0.901227
5.54362,0.892087
5.5836,0.882947
5.62358,0.873806
5.66357,0.864666
5.70355,0.855525
5.74354,0.843576
5.78352,0.831626
5.82351,0.819676
5.8635,0.807726
5.90349,0.795775
5.94349,0.783824
5.98348,0.771872
6.02347,0.75992
6.06347,0.747968
6.10347,0.736015
6.14347,0.724063
6.18347,0.712109
6.22347,0.700155
6.26347,0.688201
6.30347,0.676247
6.34348,0.664292
6.38348,0.652337
6.42349,0.640381
6.4635,0.637572
6.50351,0.634762
6.54352,0.631953
6.58353,0.629143
6.62354,0.626333
6.66356,0.623523
6.70357,0.620713
6.74359,0.617903
6.78361,0.615093
6.82363,0.612282
6.86365,0.609472
6.90367,0.606661
6.94369,0.603851
6.98372,0.60104
7.02374,0.598229
7.06377,0.595419
7.1038,0.592608
7.14382,0.589797
7.18385,0.586986
7.22388,0.584175
7.26392,0.581363
7.30395,0.578552
7.34398,0.578552
7.38402,0.578552
7.42406,0.578552
7.46409,0.578552
7.50413,0.578552
7.54417,0.578552
7.58421,0.578552
7.62426,0.578552
7.6643,0.578552
7.70434,0.578552
7.74439,0.578552
7.78444,0.578552
7.82448,0.578552
7.86453,0.578552
7.90458,0.578552
7.94464,0.578552
7.98469,0.578552
8.02474,0.578552
8.0648,0.578552
8.10485,0.578552
8.14491,0.578552
8.18497,0.578552
8.22503,0.578552
8.26509,0.578552
8.30515,0.578552
8.34521,0.578552
8.38527,0.578552
8.42534,0.578552
8.4654,0.578552
8.50547,0.578552
8.54554,0.578552
8.5856,0.578552
8.62567,0.578552
8.66574,0.578552
8.70582,0.578552
8.74589,0.578552
8.78596,0.578552
8.82604,0.578552
8.86611,0.578552
8.90619,0.578552
8.94627,0.578552
8.98635,0.578552
9.02643,0.578552
9.06651,0.578552
9.10659,0.578552
9.14668,0.578552
9.18676,0.578552
9.22684,0.578552
9.26693,0.578552
9.30702,0.578552
9.34711,0.578552
9.3872,0.578552
9.42729,0.578552
9.46738,0.578552
9.50747,0.578552
9.54756,0.578552
9.58766,0.578552
9.62775,0.578552
9.66785,0.578552
9.70795,0.578552
9.74804,0.578552
9.78814,0.578552
9.82824,0.578552
9.86834,0.578552
9.90845,0.578552
9.94855,0.578552
9.98865,0.578552
10.0288,0.578552
10.0689,0.578552
10.109,0.578552
10.1491,0.578552
10.1892,0.578552
10.2293,0.578552
10.2694,0.578552
10.3095,0.578552
10.3496,0.578552
10.3897,0.578552
10.4299,0.578552
10.47,0.578552
10.5101,0.578552
10.5502,0.578552
10.5903,0.578552
10.6304,0.578552
10.6706,0.578552
10.7107,0.578552
10.7508,0.578552
10.7909,0.578552
10.8311,0.578552
10.8712,0.578552
10.9113,0.578552
10.9514,0.578552
10.9916,0.578552
11.0317,0.578552
11.0718,0.578552
11.1119,0.578552
11.1521,0.578552
11.1922,0.578552
11.2323,0.578552
11.2725,0.578552
11.3126,0.578552
11.3527,0.578552
11.3929,0.578552
11.433,0.578552
11.4732,0.578552
11.5133,0.578552
11.5534,0.578552
11.5936,0.578552
11.6337,0.578552
11.6739,0.578552
11.714,0.578552
11.7541,0.581412
11.7943,0.584271
11.8344,0.587131
11.8746,0.589991
11.9147,0.592851
11.9549,0.595711
11.995,0.59857
12.0352,0.60143
12.0753,0.60429
12.1155,0.607151
12.1556,0.610011
12.1958,0.612871
12.2359,0.615731
12.2761,0.618592
12.3162,0.621452
12.3564,0.624312
12.3965,0.627173
12.4367,0.630033
12.4769,0.632894
12.517,0.635755
12.5572,0.638615
12.5973,0.641476
12.6375,0.644337
12.6777,0.647198
12.7178,0.650059
12.758,0.65292
12.7981,0.655781
12.8383,0.658642
12.8785,0.661503
12.9186,0.664364
12.9588,0.667226
12.999,0.670087
13.0391,0.672948
13.0793,0.67581
13.1195,0.678671
13.1597,0.681533
13.1998,0.684394
13.24,0.687256
13.2802,0.690118
13.3203,0.692979
13.3605,0.695841
13.4007,0.698703
13.4409,0.701565
13.481,0.704427
13.5212,0.707289
13.5614,0.710151
13.6016,0.713013
13.6418,0.715875
13.6819,0.718737
13.7221,0.721599
13.7623,0.724462
13.8025,0.727324
13.8427,0.730186
13.8829,0.733049
13.923,0.735911
13.9632,0.738774
14.0034,0.741636
14.0436,0.744499
14.0838,0.747362
14.124,0.750224
14.1642,0.753087
14.2043,0.75595
14.2445,0.758813
14.2847,0.761676
14.3249,0.764539
14.3651,0.767402
14.4053,0.770265
14.4455,0.773128
14.4857,0.775991
14.5259,0.778854
14.5661,0.781717
14.6063,0.78458
14.6465,0.787444
14.6867,0.790307
14.7269,0.79317
14.7671,0.796034
14.8073,0.798897
14.8474,0.801761
14.8876,0.804624
14.9278,0.807488
14.968,0.810352
15.0083,0.813215
15.0485,0.816079
15.0887,0.818943
15.1289,0.821807
15.1691,0.824671
15.2093,0.827534
15.2495,0.830398
15.2897,0.833262
15.3299,0.836126
15.3701,0.83899
15.4103,0.841855
15.4505,0.844719
15.4907,0.847583
15.5309,0.850447
15.5711,0.853311
15.6113,0.856176
15.6515,0.85904
15.6918,0.861904
15.732,0.864769
15.7722,0.867633
15.8124,0.870498
15.8526,0.873362
15.8928,0.876227
15.933,0.879092
15.9732,0.881956
16.0135,0.884821
16.0537,0.887686
16.0939,0.89055
16.1341,0.893415
16.1743,0.89628
16.2145,0.899145
16.2548,0.90201
16.295,0.904875
16.3352,0.90774
16.3754,0.910605
16.4156,0.91347
16.4559,0.916335
16.4961,0.9192
16.5363,0.922065
16.5765,0.92493
16.6168,0.927795
16.657,0.930661
16.6972,0.933526
16.7374,0.936391
16.7776,0.939257
16.8179,0.942122
16.8581,0.944987
16.8983,0.947853
16.9385,0.950718
16.9788,0.953584
17.019,0.956449
17.0592,0.959315
17.0995,0.962181
17.1397,0.965046
17.1799,0.967912
17.2201,0.970778
17.2604,0.973643
17.3006,0.976509
17.3408,0.979375
17.3811,0.982241
17.4213,0.985107
17.4615,0.987972
17.5018,0.990838
17.542,0.993704
17.5822,0.99657
17.6225,0.999436
17.6627,1.0023
17.7029,1.00517
17.7432,1.00803
17.7834,1.0109
17.8236,1.01377
17.8639,1.01663
17.9041,1.0195
17.9443,1.02237
17.9846,1.02523
18.0248,1.0281
18.0651,1.03096
18.1053,1.03383
18.1455,1.0367
18.1858,1.03956
18.226,1.04243
18.2663,1.0453
18.3065,1.04816
18.3467,1.05103
18.387,1.0539
18.4272,1.05676
18.4675,1.05963
18.5077,1.0625
18.5479,1.06536
18.5882,1.06823
18.6284,1.07109
18.6687,1.07396
18.7089,1.07683
18.7492,1.07969
18.7894,1.08256
18.8296,1.08543
18.8699,1.0883
18.9101,1.09116
18.9504,1.09403
18.9906,1.0969
19.0309,1.09976
19.0711,1.10263
19.1114,1.1055
19.1516,1.10836
19.1919,1.11123
19.2321,1.1141
19.2724,1.11696
19.3126,1.11983
19.3528,1.1227
19.3931,1.12557
19.4333,1.12843
19.4736,1.1313
19.5138,1.13417
19.5541,1.13703
19.5943,1.1399
19.6346,1.14277
19.6748,1.14564
19.7151,1.1485
19.7553,1.15137
19.7956,1.15424
19.8358,1.1571
19.8761,1.15997
19.9163,1.16284
19.9566,1.16571
19.9969,1.16857
20.0371,1.17144
20.0774,1.17431
20.1176,1.17718
20.1579,1.18004
20.1981,1.18291
20.2384,1.18578
20.2786,1.18865
20.3189,1.19151
20.3591,1.19438
20.3994,1.19725
20.4396,1.20012
20.4799,1.20298
20.5201,1.20585
20.5604,1.20872
20.6007,1.21159
20.6409,1.21445
20.6812,1.21732
20.7214,1.22019
20.7617,1.22306
20.8019,1.22592
20.8422,1.22879
20.8825,1.23166
20.9227,1.23453
20.963,1.23739
21.0032,1.24026
21.0435,1.24313
21.0837,1.246
21.124,1.24886
21.1643,1.25173
21.2045,1.2546
21.2448,1.25747
21.285,1.26034
21.3253,1.2632
21.3655,1.26607
21.4058,1.26894
21.4461,1.27181
21.4863,1.27467
21.5266,1.27754
21.5668,1.28041
21.6071,1.28328
21.6474,1.28615
21.6876,1.28901
21.7279,1.29188
21.7681,1.29475
21.8084,1.29762
21.8487,1.30048
21.8889,1.30335
21.9292,1.30622
21.9694,1.30909
22.0097,1.31196
22.05,1.31482
22.0902,1.31769
22.1305,1.32056
22.1707,1.32343
22.211,1.3263
22.2513,1.32916
22.2915,1.33203
22.3318,1.3349
22.372,1.33777
22.4123,1.34064
22.4526,1.3435
22.4928,1.34637
22.5331,1.34924
22.5733,1.35211
22.6136,1.35497
22.6539,1.35784
22.6941,1.36071
22.7344,1.36358
22.7746,1.36645
22.8149,1.36931
22.8552,1.37218
22.8954,1.37505
22.9357,1.37792
22.9759,1.38079
23.0162,1.38365
23.0565,1.38652
23.0967,1.38939
23.137,1.39226
23.1787,1.39523
23.222,1.39832
23.2669,1.40151
23.3135,1.40483
23.3617,1.40826
23.4116,1.41182
23.4633,1.41551
23.5169,1.41932
23.5723,1.42327
23.6297,1.42736
23.689,1.43158
23.7504,1.43595
23.8138,1.44047
23.8794,1.44514
23.9471,1.44997
24.0171,1.45495
24.0893,1.46009
24.1638,1.4654
24.2407,1.47088
24.3199,1.47652
24.4016,1.48234
24.4858,1.48834
24.5724,1.49451
24.6616,1.50087
24.7534,1.5074
24.8478,1.51412
24.9448,1.52103
25.0444,1.52813
25.1467,1.53542
25.2517,1.54289
25.3593,1.55056
25.4697,1.55842
25.5827,1.56648
25.6984,1.57472
25.8168,1.58315
25.9379,1.59178
26.0616,1.60059
26.1879,1.60959
26.3168,1.61877
26.4483,1.62814
26.5823,1.63768
26.7187,1.6474
26.8575,1.65729
26.9987,1.66735
27.1422,1.67756
27.2878,1.68794
27.4356,1.69846
27.5854,1.70913
27.7371,1.71994
27.8906,1.73088
28.0459,1.74194
28.2029,1.75312
28.3613,1.76441
28.5211,1.77579
28.6822,1.78726
28.8444,1.79882
29.0076,1.81044
29.1716,1.82213
29.3364,1.83387
29.5018,1.84565
29.6676,1.85746
29.8337,1.8693
30,1.88114
30.1663,1.89298
-0.0397757,1.41556
0,1.41556
0.0397757,1.41556
0.0795531,1.41556
0.119332,1.41556
0.159113,1.41556
0.198895,1.41556
0.238679,1.41556
0.278465,1.41556
0.318252,1.41556
0.358041,1.41556
0.397832,1.41556
0.437624,1.41556
0.477418,1.41556
0.517214,1.41556
0.557011,1.41556
0.59681,1.41556
0.636611,1.41556
0.676413,1.41556
0.716217,1.41556
0.756022,1.41556
0.795829,1.41556
0.835638,1.41556
0.875448,1.41556
0.91526,1.41556
0.955073,1.41556
0.994888,1.41556
1.0347,1.41556
1.07452,1.41556
1.11434,1.41556
1.15416,1.41556
1.19399,1.41556
1.23381,1.41556
1.27364,1.41556
1.31347,1.41556
1.3533,1.41556
1.39313,1.41556
1.43296,1.41556
1.47279,1.41556
1.51263,1.41556
1.55247,1.41556
1.59231,1.41556
1.63215,1.41556
1.67199,1.41556
1.71183,1.41556
1.75168,1.41556
1.79152,1.41556
1.83137,1.41556
1.87122,1.41556
1.91107,1.41556
1.95092,1.41556
1.99078,1.41556
2.03063,1.41556
2.07049,1.41556
2.11035,1.41556
2.15021,1.41556
2.19007,1.41556
2.22994,1.41556
2.2698,1.41556
2.30967,1.41556
2.34954,1.41556
2.38941,1.41556
2.42928,1.41556
2.46915,1.41556
2.50902,1.41556
2.5489,1.41556
2.58878,1.41556
2.62865,1.41556
2.66853,1.41556
2.70842,1.41556
2.7483,1.41556
2.78818,1.41556
2.82807,1.41556
2.86796,1.41556
2.90785,1.41556
2.94774,1.41556
2.98763,1.41556
3.02752,1.41556
3.06742,1.41556
3.10731,1.41556
3.14721,1.41556
3.18711,1.41556
3.22701,1.41556
3.26691,1.41556
3.30681,1.41556
3.34672,1.41556
3.38663,1.41556
3.42653,1.40619
3.46644,1.39682
3.50635,1.38745
3.54627,1.37808
3.58618,1.36871
3.62609,1.35933
3.66601,1.34996
3.70593,1.34059
3.74585,1.33121
3.78577,1.32184
3.82569,1.31246
3.86561,1.30309
3.90554,1.29371
3.94546,1.28434
3.98539,1.27496
4.02532,1.26559
4.06525,1.25621
4.10518,1.24683
4.14511,1.23746
4.18505,1.22808
4.22499,1.2187
4.26492,1.20932
4.30486,1.19995
4.3448,1.19057
4.38474,1.18119
4.42468,1.17181
4.46463,1.16243
4.50457,1.15305
4.54452,1.14367
4.58447,1.13429
4.62442,1.12491
4.66437,1.11553
4.70432,1.10615
4.74427,1.09676
4.78423,1.08738
4.82419,1.078
4.86414,1.06862
4.9041,1.05923
4.94406,1.04985
4.98402,1.04047
5.02399,1.03108
5.06395,1.0217
5.10392,1.01231
5.14388,1.00293
5.18385,0.993544
5.22382,0.984159
5.26379,0.974773
5.30376,0.965387
5.34373,0.956
5.38371,0.946614
5.42369,0.937227
5.46366,0.927839
5.50364,0.918452
5.54362,0.909064
5.5836,0.899676
5.62358,0.890287
5.66357,0.880898
5.70355,0.871509
5.74354,0.859417
5.78352,0.847323
5.82351,0.83523
5.8635,0.823136
5.90349,0.811042
5.94349,0.798947
5.98348,0.786852
6.02347,0.774757
6.06347,0.762661
6.10347,0.750565
6.14347,0.738468
6.18347,0.726371
6.22347,0.714274
6.26347,0.702176
6.30347,0.690078
6.34348,0.67798
6.38348,0.665881
6.42349,0.653782
6.4635,0.651077
6.50351,0.648372
6.54352,0.645667
6.58353,0.642962
6.62354,0.640257
6.66356,0.637552
6.70357,0.634847
6.74359,0.632141
6.78361,0.629436
6.82363,0.62673
6.86365,0.624024
6.90367,0.621319
6.94369,0.618613
6.98372,0.615907
7.02374,0.613201
7.06377,0.610495
7.1038,0.607789
7.14382,0.605083
7.18385,0.602376
7.22388,0.59967
7.26392,0.596963
7.30395,0.594257
7.34398,0.594257
7.38402,0.594257
7.42406,0.594257
7.46409,0.594257
7.50413,0.594257
7.54417,0.594257
7.58421,0.594257
7.62426,0.594257
7.6643,0.594257
7.70434,0.594257
7.74439,0.594257
7.78444,0.594257
7.82448,0.594257
7.86453,0.594257
7.90458,0.594257
7.94464,0.594257
7.98469,0.594257
8.02474,0.594257
8.0648,0.594257
8.10485,0.594257
8.14491,0.594257
8.18497,0.594257
8.22503,0.594257
8.26509,0.594257
8.30515,0.594257
8.34521,0.594257
8.38527,0.594257
8.42534,0.594257
8.4654,0.594257
8.50547,0.594257
8.54554,0.594257
8.5856,0.594257
8.62567,0.594257
8.66574,0.594257
8.70582,0.594257
8.74589,0.594257
8.78596,0.594257
8.82604,0.594257
8.86611,0.594257
8.90619,0.594257
8.94627,0.594257
8.98635,0.594257
9.02643,0.594257
9.06651,0.594257
9.10659,0.594257
9.14668,0.594257
9.18676,0.594257
9.22684,0.594257
9.26693,0.594257
9.30702,0.594257
9.34711,0.594257
9.3872,0.594257
9.42729,0.594257
9.46738,0.594257
9.50747,0.594257
9.54756,0.594257
9.58766,0.594257
9.62775,0.594257
9.66785,0.594257
9.70795,0.594257
9.74804,0.594257
9.78814,0.594257
9.82824,0.594257
9.86834,0.594257
9.90845,0.594257
9.94855,0.594257
9.98865,0.594257
10.0288,0.594257
10.0689,0.594257
10.109,0.594257
10.1491,0.594257
10.1892,0.594257
10.2293,0.594257
10.2694,0.594257
10.3095,0.594257
10.3496,0.594257
10.3897,0.594257
10.4299,0.594257
10.47,0.594257
10.5101,0.594257
10.5502,0.594257
10.5903,0.594257
10.6304,0.594257
10.6706,0.594257
10.7107,0.594257
10.7508,0.594257
10.7909,0.594257
10.8311,0.594257
10.8712,0.594257
10.9113,0.594257
10.9514,0.594257
10.9916,0.594257
11.0317,0.594257
11.0718,0.594257
11.1119,0.594257
11.1521,0.594257
11.1922,0.594257
11.2323,0.594257
11.2725,0.594257
11.3126,0.594257
11.3527,0.594257
11.3929,0.594257
11.433,0.594257
11.4732,0.594257
11.5133,0.594257
11.5534,0.594257
11.5936,0.594257
11.6337,0.594257
11.6739,0.594257
11.714,0.594257
11.7541,0.597194
11.7943,0.600131
11.8344,0.603069
11.8746,0.606006
11.9147,0.608944
11.9549,0.611881
11.995,0.614819
12.0352,0.617756
12.0753,0.620694
12.1155,0.623632
12.1556,0.626569
12.1958,0.629507
12.2359,0.632445
12.2761,0.635383
12.3162,0.638321
12.3564,0.641259
12.3965,0.644197
12.4367,0.647136
12.4769,0.650074
12.517,0.653012
12.5572,0.655951
12.5973,0.658889
12.6375,0.661828
12.6777,0.664766
12.7178,0.667705
12.758,0.670643
12.7981,0.673582
12.8383,0.676521
12.8785,0.67946
12.9186,0.682398
12.9588,0.685337
12.999,0.688276
13.0391,0.691215
13.0793,0.694155
13.1195,0.697094
13.1597,0.700033
13.1998,0.702972
13.24,0.705911
13.2802,0.708851
13.3203,0.71179
13.3605,0.71473
13.4007,0.717669
13.4409,0.720609
13.481,0.723548
13.5212,0.726488
13.5614,0.729428
13.6016,0.732368
13.6418,0.735307
13.6819,0.738247
13.7221,0.741187
13.7623,0.744127
13.8025,0.747067
13.8427,0.750007
13.8829,0.752947
13.923,0.755888
13.9632,0.758828
14.0034,0.761768
14.0436,0.764708
14.0838,0.767649
14.124,0.770589
14.1642,0.77353
14.2043,0.77647
14.2445,0.779411
14.2847,0.782351
14.3249,0.785292
14.3651,0.788233
14.4053,0.791173
14.4455,0.794114
14.4857,0.797055
14.5259,0.799996
14.5661,0.802937
14.6063,0.805878
14.6465,0.808819
14.6867,0.81176
14.7269,0.814701
14.7671,0.817642
14.8073,0.820583
14.8474,0.823525
14.8876,0.826466
14.9278,0.829407
14.968,0.832349
15.0083,0.83529
15.0485,0.838232
15.0887,0.841173
15.1289,0.844115
15.1691,0.847056
15.2093,0.849998
15.2495,0.852939
15.2897,0.855881
15.3299,0.858823
15.3701,0.861765
15.4103,0.864707
15.4505,0.867649
15.4907,0.870591
15.5309,0.873532
15.5711,0.876474
15.6113,0.879417
15.6515,0.882359
15.6918,0.885301
15.732,0.888243
15.7722,0.891185
15.8124,0.894127
15.8526,0.89707
15.8928,0.900012
15.933,0.902954
15.9732,0.905897
16.0135,0.908839
16.0537,0.911782
16.0939,0.914724
16.1341,0.917667
16.1743,0.920609
16.2145,0.923552
16.2548,0.926495
16.295,0.929437
16.3352,0.93238
16.3754,0.935323
16.4156,0.938266
16.4559,0.941209
16.4961,0.944151
16.5363,0.947094
16.5765,0.950037
16.6168,0.95298
16.657,0.955923
16.6972,0.958866
16.7374,0.96181
16.7776,0.964753
16.8179,0.967696
16.8581,0.970639
16.8983,0.973582
16.9385,0.976525
16.9788,0.979469
17.019,0.982412
17.0592,0.985355
17.0995,0.988299
17.1397,0.991242
17.1799,0.994186
17.2201,0.997129
17.2604,1.00007
17.3006,1.00302
17.3408,1.00596
17.3811,1.0089
17.4213,1.01185
17.4615,1.01479
17.5018,1.01773
17.542,1.02068
17.5822,1.02362
17.6225,1.02657
17.6627,1.02951
17.7029,1.03245
17.7432,1.0354
17.7834,1.03834
17.8236,1.04129
17.8639,1.04423
17.9041,1.04717
17.9443,1.05012
17.9846,1.05306
18.0248,1.05601
18.0651,1.05895
18.1053,1.06189
18.1455,1.06484
18.1858,1.06778
18.226,1.07073
18.2663,1.07367
18.3065,1.07661
18.3467,1.07956
18.387,1.0825
18.4272,1.08545
18.4675,1.08839
18.5077,1.09134
18.5479,1.09428
18.5882,1.09723
18.6284,1.10017
18.6687,1.10311
18.7089,1.10606
18.7492,1.109
18.7894,1.11195
18.8296,1.11489
18.8699,1.11784
18.9101,1.12078
18.9504,1.12373
18.9906,1.12667
19.0309,1.12962
19.0711,1.13256
19.1114,1.13551
19.1516,1.13845
19.1919,1.14139
19.2321,1.14434
19.2724,1.14728
19.3126,1.15023
19.3528,1.15317
19.3931,1.15612
19.4333,1.15906
19.4736,1.16201
19.5138,1.16495
19.5541,1.1679
19.5943,1.17084
19.6346,1.17379
19.6748,1.17673
19.7151,1.17968
19.7553,1.18262
19.7956,1.18557
19.8358,1.18851
19.8761,1.19146
19.9163,1.1944
19.9566,1.19735
19.9969,1.20029
20.0371,1.20324
20.0774,1.20618
20.1176,1.20913
20.1579,1.21208
20.1981,1.21502
20.2384,1.21797
20.2786,1.22091
20.3189,1.22386
20.3591,1.2268
20.3994,1.22975
20.4396,1.23269
20.4799,1.23564
20.5201,1.23858
20.5604,1.24153
20.6007,1.24447
20.6409,1.24742
20.6812,1.25036
20.7214,1.25331
20.7617,1.25626
20.8019,1.2592
20.8422,1.26215
20.8825,1.26509
20.9227,1.26804
20.963,1.27098
21.0032,1.27393
21.0435,1.27687
21.0837,1.27982
21.124,1.28276
21.1643,1.28571
21.2045,1.28866
21.2448,1.2916
21.285,1.29455
21.3253,1.29749
21.3655,1.30044
21.4058,1.30338
21.4461,1.30633
21.4863,1.30928
21.5266,1.31222
21.5668,1.31517
21.6071,1.31811
21.6474,1.32106
21.6876,1.324
21.7279,1.32695
21.7681,1.32989
21.8084,1.33284
21.8487,1.33579
21.8889,1.33873
21.9292,1.34168
21.9694,1.34462
22.0097,1.34757
22.05,1.35051
22.0902,1.35346
22.1305,1.35641
22.1707,1.35935
22.211,1.3623
22.2513,1.36524
22.2915,1.36819
22.3318,1.37114
22.372,1.37408
22.4123,1.37703
22.4526,1.37997
22.4928,1.38292
22.5331,1.38586
22.5733,1.38881
22.6136,1.39176
22.6539,1.3947
22.6941,1.39765
22.7344,1.40059
22.7746,1.40354
22.8149,1.40648
22.8552,1.40943
22.8954,1.41238
22.9357,1.41532
22.9759,1.41827
23.0162,1.42121
23.0565,1.42416
23.0967,1.42711
23.137,1.43005
23.1787,1.43311
23.222,1.43627
23.2669,1.43956
23.3135,1.44296
23.3617,1.44649
23.4116,1.45014
23.4633,1.45393
23.5169,1.45785
23.5723,1.4619
23.6297,1.4661
23.689,1.47044
23.7504,1.47493
23.8138,1.47957
23.8794,1.48437
23.9471,1.48933
24.0171,1.49445
24.0893,1.49973
24.1638,1.50518
24.2407,1.5108
24.3199,1.5166
24.4016,1.52258
24.4858,1.52874
24.5724,1.53508
24.6616,1.54161
24.7534,1.54832
24.8478,1.55523
24.9448,1.56232
25.0444,1.56961
25.1467,1.5771
25.2517,1.58478
25.3593,1.59265
25.4697,1.60073
25.5827,1.609
25.6984,1.61746
25.8168,1.62613
25.9379,1.63499
26.0616,1.64404
26.1879,1.65328
26.3168,1.66271
26.4483,1.67233
26.5823,1.68214
26.7187,1.69212
26.8575,1.70228
26.9987,1.7126
27.1422,1.7231
27.2878,1.73376
27.4356,1.74457
27.5854,1.75553
27.7371,1.76663
27.8906,1.77787
28.0459,1.78923
28.2029,1.80071
28.3613,1.8123
28.5211,1.82399
28.6822,1.83578
28.8444,1.84765
29.0076,1.85959
29.1716,1.87159
29.3364,1.88365
29.5018,1.89575
29.6676,1.90788
29.8337,1.92004
30,1.9322
30.1663,1.94437
-0.0397757,1.44592
0,1.44592
0.0397757,1.44592
0.0795531,1.44592
0.119332,1.44592
0.159113,1.44592
0.198895,1.44592
0.238679,1.44592
0.278465,1.44592
0.318252,1.44592
0.358041,1.44592
0.397832,1.44592
0.437624,1.44592
0.477418,1.44592
0.517214,1.44592
0.557011,1.44592
0.59681,1.44592
0.636611,1.44592
0.676413,1.44592
0.716217,1.44592
0.756022,1.44592
0.795829,1.44592
0.835638,1.44592
0.875448,1.44592
0.91526,1.44592
0.955073,1.44592
0.994888,1.44592
1.0347,1.44592
1.07452,1.44592
1.11434,1.44592
1.15416,1.44592
1.19399,1.44592
1.23381,1.44592
1.27364,1.44592
1.31347,1.44592
1.3533,1.44592
1.39313,1.44592
1.43296,1.44592
1.47279,1.44592
1.51263,1.44592
1.55247,1.44592
1.59231,1.44592
1.63215,1.44592
1.67199,1.44592
1.71183,1.44592
1.75168,1.44592
1.79152,1.44592
1.83137,1.44592
1.87122,1.44592
1.91107,1.44592
1.95092,1.44592
1.99078,1.44592
2.03063,1.44592
2.07049,1.44592
2.11035,1.44592
2.15021,1.44592
2.19007,1.44592
2.22994,1.44592
2.2698,1.44592
2.30967,1.44592
2.34954,1.44592
2.38941,1.44592
2.42928,1.44592
2.46915,1.44592
2.50902,1.44592
2.5489,1.44592
2.58878,1.44592
2.62865,1.44592
2.66853,1.44592
2.70842,1.44592
2.7483,1.44592
2.78818,1.44592
2.82807,1.44592
2.86796,1.44592
2.90785,1.44592
2.94774,1.44592
2.98763,1.44592
3.02752,1.44592
3.06742,1.44592
3.10731,1.44592
3.14721,1.44592
3.18711,1.44592
3.22701,1.44592
3.26691,1.44592
3.30681,1.44592
3.34672,1.44592
3.38663,1.44592
3.42653,1.4363
3.46644,1.42668
3.50635,1.41706
3.54627,1.40744
3.58618,1.39782
3.62609,1.3882
3.66601,1.37858
3.70593,1.36896
3.74585,1.35934
3.78577,1.34972
3.82569,1.3401
3.86561,1.33047
3.90554,1.32085
3.94546,1.31123
3.98539,1.3016
4.02532,1.29198
4.06525,1.28236
4.10518,1.27273
4.14511,1.26311
4.18505,1.25348
4.22499,1.24386
4.26492,1.23423
4.30486,1.22461
4.3448,1.21498
4.38474,1.20535
4.42468,1.19573
4.46463,1.1861
4.50457,1.17647
4.54452,1.16684
4.58447,1.15721
4.62442,1.14759
4.66437,1.13796
4.70432,1.12833
4.74427,1.1187
4.78423,1.10907
4.82419,1.09944
4.86414,1.08981
4.9041,1.08018
4.94406,1.07054
4.98402,1.06091
5.02399,1.05128
5.06395,1.04165
5.10392,1.03202
5.14388,1.02238
5.18385,1.01275
5.22382,1.00312
5.26379,0.993483
5.30376,0.983849
5.34373,0.974214
5.38371,0.96458
5.42369,0.954944
5.46366,0.945309
5.50364,0.935673
5.54362,0.926038
5.5836,0.916401
5.62358,0.906765
5.66357,0.897128
5.70355,0.887491
5.74354,0.875254
5.78352,0.863018
5.82351,0.850781
5.8635,0.838543
5.90349,0.826306
5.94349,0.814068
5.98348,0.801829
6.02347,0.78959
6.06347,0.777351
6.10347,0.765111
6.14347,0.752871
6.18347,0.740631
6.22347,0.72839
6.26347,0.716149
6.30347,0.703907
6.34348,0.691665
6.38348,0.679423
6.42349,0.66718
6.4635,0.66458
6.50351,0.66198
6.54352,0.65938
6.58353,0.656779
6.62354,0.654179
6.66356,0.651578
6.70357,0.648977
6.74359,0.646377
6.78361,0.643776
6.82363,0.641175
6.86365,0.638574
6.90367,0.635973
6.94369,0.633372
6.98372,0.630771
7.02374,0.62817
7.06377,0.625568
7.1038,0.622967
7.14382,0.620365
7.18385,0.617764
7.22388,0.615162
7.26392,0.61256
7.30395,0.609959
7.34398,0.609959
7.38402,0.609959
7.42406,0.609959
7.46409,0.609959
7.50413,0.609959
7.54417,0.609959
7.58421,0.609959
7.62426,0.609959
7.6643,0.609959
7.70434,0.609959
7.74439,0.609959
7.78444,0.609959
7.82448,0.609959
7.86453,0.609959
7.90458,0.609959
7.94464,0.609959
7.98469,0.609959
8.02474,0.609959
8.0648,0.609959
8.10485,0.609959
8.14491,0.609959
8.18497,0.609959
8.22503,0.609959
8.26509,0.609959
8.30515,0.609959
8.34521,0.609959
8.38527,0.609959
8.42534,0.609959
8.4654,0.609959
8.50547,0.609959
8.54554,0.609959
8.5856,0.609959
8.62567,0.609959
8.66574,0.609959
8.70582,0.609959
8.74589,0.609959
8.78596,0.609959
8.82604,0.609959
8.86611,0.609959
8.90619,0.609959
8.94627,0.609959
8.98635,0.609959
9.02643,0.609959
9.06651,0.609959
9.10659,0.609959
9.14668,0.609959
9.18676,0.609959
9.22684,0.609959
9.26693,0.609959
9.30702,0.609959
9.34711,0.609959
9.3872,0.609959
9.42729,0.609959
9.46738,0.609959
9.50747,0.609959
9.54756,0.609959
9.58766,0.609959
9.62775,0.609959
9.66785,0.609959
9.70795,0.609959
9.74804,0.609959
9.78814,0.609959
9.82824,0.609959
9.86834,0.609959
9.90845,0.609959
9.94855,0.609959
9.98865,0.609959
10.0288,0.609959
10.0689,0.609959
10.109,0.609959
10.1491,0.609959
10.1892,0.609959
10.2293,0.609959
10.2694,0.609959
10.3095,0.609959
10.3496,0.609959
10.3897,0.609959
10.4299,0.609959
10.47,0.609959
10.5101,0.609959
10.5502,0.609959
10.5903,0.609959
10.6304,0.609959
10.6706,0.609959
10.7107,0.609959
10.7508,0.609959
10.7909,0.609959
10.8311,0.609959
10.8712,0.609959
10.9113,0.609959
10.9514,0.609959
10.9916,0.609959
11.0317,0.609959
11.0718,0.609959
11.1119,0.609959
11.1521,0.609959
11.1922,0.609959
11.2323,0.609959
11.2725,0.609959
11.3126,0.609959
11.3527,0.609959
11.3929,0.609959
11.433,0.609959
11.4732,0.609959
11.5133,0.609959
11.5534,0.609959
11.5936,0.609959
11.6337,0.609959
11.6739,0.609959
11.714,0.609959
11.7541,0.612973
11.7943,0.615988
11.8344,0.619003
11.8746,0.622018
11.9147,0.625033
11.9549,0.628048
11.995,0.631064
12.0352,0.634079
12.0753,0.637094
12.1155,0.640109
12.1556,0.643125
12.1958,0.64614
12.2359,0.649156
12.2761,0.652171
12.3162,0.655187
12.3564,0.658203
12.3965,0.661219
12.4367,0.664235
12.4769,0.66725
12.517,0.670266
12.5572,0.673282
12.5973,0.676298
12.6375,0.679315
12.6777,0.682331
12.7178,0.685347
12.758,0.688363
12.7981,0.69138
12.8383,0.694396
12.8785,0.697413
12.9186,0.700429
12.9588,0.703446
12.999,0.706462
13.0391,0.709479
13.0793,0.712496
13.1195,0.715513
13.1597,0.718529
13.1998,0.721546
13.24,0.724563
13.2802,0.72758
13.3203,0.730597
13.3605,0.733615
13.4007,0.736632
13.4409,0.739649
13.481,0.742666
13.5212,0.745684
13.5614,0.748701
13.6016,0.751718
13.6418,0.754736
13.6819,0.757753
13.7221,0.760771
13.7623,0.763789
13.8025,0.766806
13.8427,0.769824
13.8829,0.772842
13.923,0.77586
13.9632,0.778878
14.0034,0.781896
14.0436,0.784914
14.0838,0.787932
14.124,0.79095
14.1642,0.793968
14.2043,0.796986
14.2445,0.800004
14.2847,0.803023
14.3249,0.806041
14.3651,0.80906
14.4053,0.812078
14.4455,0.815096
14.4857,0.818115
14.5259,0.821134
14.5661,0.824152
14.6063,0.827171
14.6465,0.83019
14.6867,0.833209
14.7269,0.836227
14.7671,0.839246
14.8073,0.842265
14.8474,0.845284
14.8876,0.848303
14.9278,0.851322
14.968,0.854341
15.0083,0.85736
15.0485,0.86038
15.0887,0.863399
15.1289,0.866418
15.1691,0.869437
15.2093,0.872457
15.2495,0.875476
15.2897,0.878496
15.3299,0.881515
15.3701,0.884535
15.4103,0.887554
15.4505,0.890574
15.4907,0.893594
15.5309,0.896613
15.5711,0.899633
15.6113,0.902653
15.6515,0.905673
15.6918,0.908692
15.732,0.911712
15.7722,0.914732
15.8124,0.917752
15.8526,0.920772
15.8928,0.923792
15.933,0.926813
15.9732,0.929833
16.0135,0.932853
16.0537,0.935873
16.0939,0.938893
16.1341,0.941914
16.1743,0.944934
16.2145,0.947954
16.2548,0.950975
16.295,0.953995
16.3352,0.957016
16.3754,0.960036
16.4156,0.963057
16.4559,0.966078
16.4961,0.969098
16.5363,0.972119
16.5765,0.97514
16.6168,0.97816
16.657,0.981181
16.6972,0.984202
16.7374,0.987223
16.7776,0.990244
16.8179,0.993265
16.8581,0.996286
16.8983,0.999307
16.9385,1.00233
16.9788,1.00535
17.019,1.00837
17.0592,1.01139
17.0995,1.01441
17.1397,1.01743
17.1799,1.02045
17.2201,1.02348
17.2604,1.0265
17.3006,1.02952
17.3408,1.03254
17.3811,1.03556
17.4213,1.03858
17.4615,1.0416
17.5018,1.04463
17.542,1.04765
17.5822,1.05067
17.6225,1.05369
17.6627,1.05671
17.7029,1.05973
17.7432,1.06275
17.7834,1.06578
17.8236,1.0688
17.8639,1.07182
17.9041,1.07484
17.9443,1.07786
17.9846,1.08089
18.0248,1.08391
18.0651,1.08693
18.1053,1.08995
18.1455,1.09297
18.1858,1.096
18.226,1.09902
18.2663,1.10204
18.3065,1.10506
18.3467,1.10808
18.387,1.11111
18.4272,1.11413
18.4675,1.11715
18.5077,1.12017
18.5479,1.12319
18.5882,1.12622
18.6284,1.12924
18.6687,1.13226
18.7089,1.13528
18.7492,1.13831
18.7894,1.14133
18.8296,1.14435
18.8699,1.14737
18.9101,1.1504
18.9504,1.15342
18.9906,1.15644
19.0309,1.15946
19.0711,1.16249
19.1114,1.16551
19.1516,1.16853
19.1919,1.17155
19.2321,1.17458
19.2724,1.1776
19.3126,1.18062
19.3528,1.18364
19.3931,1.18667
19.4333,1.18969
19.4736,1.19271
19.5138,1.19573
19.5541,1.19876
19.5943,1.20178
19.6346,1.2048
19.6748,1.20783
19.7151,1.21085
19.7553,1.21387
19.7956,1.21689
19.8358,1.21992
19.8761,1.22294
19.9163,1.22596
19.9566,1.22899
19.9969,1.23201
20.0371,1.23503
20.0774,1.23805
20.1176,1.24108
20.1579,1.2441
20.1981,1.24712
20.2384,1.25015
20.2786,1.25317
20.3189,1.25619
20.3591,1.25922
20.3994,1.26224
20.4396,1.26526
20.4799,1.26829
20.5201,1.27131
20.5604,1.27433
20.6007,1.27736
20.6409,1.28038
20.6812,1.2834
20.7214,1.28643
20.7617,1.28945
20.8019,1.29247
20.8422,1.2955
20.8825,1.29852
20.9227,1.30154
20.963,1.30457
21.0032,1.30759
21.0435,1.31061
21.0837,1.31364
21.124,1.31666
21.1643,1.31968
21.2045,1.32271
21.2448,1.32573
21.285,1.32875
21.3253,1.33178
21.3655,1.3348
21.4058,1.33782
21.4461,1.34085
21.4863,1.34387
21.5266,1.34689
21.5668,1.34992
21.6071,1.35294
21.6474,1.35596
21.6876,1.35899
21.7279,1.36201
21.7681,1.36503
21.8084,1.36806
21.8487,1.37108
21.8889,1.3741
21.9292,1.37713
21.9694,1.38015
22.0097,1.38318
22.05,1.3862
22.0902,1.38922
22.1305,1.39225
22.1707,1.39527
22.211,1.39829
22.2513,1.40132
22.2915,1.40434
22.3318,1.40736
22.372,1.41039
22.4123,1.41341
22.4526,1.41643
22.4928,1.41946
22.5331,1.42248
22.5733,1.42551
22.6136,1.42853
22.6539,1.43155
22.6941,1.43458
22.7344,1.4376
22.7746,1.44062
22.8149,1.44365
22.8552,1.44667
22.8954,1.44969
22.9357,1.45272
22.9759,1.45574
23.0162,1.45877
23.0565,1.46179
23.0967,1.46481
23.137,1.46784
23.1787,1.47097
23.222,1.47422
23.2669,1.4776
23.3135,1.48109
23.3617,1.48471
23.4116,1.48846
23.4633,1.49235
23.5169,1.49637
23.5723,1.50053
23.6297,1.50484
23.689,1.5093
23.7504,1.5139
23.8138,1.51867
23.8794,1.52359
23.9471,1.52868
24.0171,1.53393
24.0893,1.53935
24.1638,1.54495
24.2407,1.55072
24.3199,1.55668
24.4016,1.56281
24.4858,1.56913
24.5724,1.57564
24.6616,1.58234
24.7534,1.58923
24.8478,1.59632
24.9448,1.6036
25.0444,1.61108
25.1467,1.61877
25.2517,1.62665
25.3593,1.63473
25.4697,1.64302
25.5827,1.65151
25.6984,1.6602
25.8168,1.66909
25.9379,1.67819
26.0616,1.68748
26.1879,1.69696
26.3168,1.70665
26.4483,1.71652
26.5823,1.72658
26.7187,1.73683
26.8575,1.74725
26.9987,1.75786
27.1422,1.76863
27.2878,1.77957
27.4356,1.79066
27.5854,1.80191
27.7371,1.81331
27.8906,1.82484
28.0459,1.8365
28.2029,1.84829
28.3613,1.86019
28.5211,1.87219
28.6822,1.88428
28.8444,1.89647
29.0076,1.90872
29.1716,1.92104
29.3364,1.93342
29.5018,1.94584
29.6676,1.95829
29.8337,1.97077
30,1.98325
30.1663,1.99574
-0.0397757,1.47627
0,1.47627
0.0397757,1.47627
0.0795531,1.47627
0.119332,1.47627
0.159113,1.47627
0.198895,1.47627
0.238679,1.47627
0.278465,1.47627
0.318252,1.47627
0.358041,1.47627
0.397832,1.47627
0.437624,1.47627
0.477418,1.47627
0.517214,1.47627
0.557011,1.47627
0.59681,1.47627
0.636611,1.47627
0.676413,1.47627
0.716217,1.47627
0.756022,1.47627
0.795829,1.47627
0.835638,1.47627
0.875448,1.47627
0.91526,1.47627
0.955073,1.47627
0.994888,1.47627
1.0347,1.47627
1.07452,1.47627
1.11434,1.47627
1.15416,1.47627
1.19399,1.47627
1.23381,1.47627
1.27364,1.47627
1.31347,1.47627
1.3533,1.47627
1.39313,1.47627
1.43296,1.47627
1.47279,1.47627
1.51263,1.47627
1.55247,1.47627
1.59231,1.47627
1.63215,1.47627
1.67199,1.47627
1.71183,1.47627
1.75168,1.47627
1.79152,1.47627
1.83137,1.47627
1.87122,1.47627
1.91107,1.47627
1.95092,1.47627
1.99078,1.47627
2.03063,1.47627
2.07049,1.47627
2.11035,1.47627
2.15021,1.47627
2.19007,1.47627
2.22994,1.47627
2.2698,1.47627
2.30967,1.47627
2.34954,1.47627
2.38941,1.47627
2.42928,1.47627
2.46915,1.47627
2.50902,1.47627
2.5489,1.47627
2.58878,1.47627
2.62865,1.47627
2.66853,1.47627
2.70842,1.47627
2.7483,1.47627
2.78818,1.47627
2.82807,1.47627
2.86796,1.47627
2.90785,1.47627
2.94774,1.47627
2.98763,1.47627
3.02752,1.47627
3.06742,1.47627
3.10731,1.47627
3.14721,1.47627
3.18711,1.47627
3.22701,1.47627
3.26691,1.47627
3.30681,1.47627
3.34672,1.47627
3.38663,1.47627
3.42653,1.4664
3.46644,1.45654
3.50635,1.44667
3.54627,1.4368
3.58618,1.42694
3.62609,1.41707
3.66601,1.4072
3.70593,1.39733
3.74585,1.38746
3.78577,1.37759
3.82569,1.36772
3.86561,1.35785
3.90554,1.34798
3.94546,1.33811
3.98539,1.32824
4.02532,1.31837
4.06525,1.3085
4.10518,1.29862
4.14511,1.28875
4.18505,1.27888
4.22499,1.26901
4.26492,1.25913
4.30486,1.24926
4.3448,1.23939
4.38474,1.22951
4.42468,1.21964
4.46463,1.20976
4.50457,1.19989
4.54452,1.19001
4.58447,1.18013
4.62442,1.17026
4.66437,1.16038
4.70432,1.1505
4.74427,1.14063
4.78423,1.13075
4.82419,1.12087
4.86414,1.11099
4.9041,1.10111
4.94406,1.09123
4.98402,1.08135
5.02399,1.07147
5.06395,1.06159
5.10392,1.05171
5.14388,1.04183
5.18385,1.03195
5.22382,1.02207
5.26379,1.01219
5.30376,1.00231
5.34373,0.992424
5.38371,0.982541
5.42369,0.972658
5.46366,0.962775
5.50364,0.952891
5.54362,0.943007
5.5836,0.933123
5.62358,0.923238
5.66357,0.913354
5.70355,0.903468
5.74354,0.891089
5.78352,0.878709
5.82351,0.866328
5.8635,0.853947
5.90349,0.841566
5.94349,0.829185
5.98348,0.816803
6.02347,0.80442
6.06347,0.792037
6.10347,0.779654
6.14347,0.767271
6.18347,0.754887
6.22347,0.742503
6.26347,0.730118
6.30347,0.717733
6.34348,0.705347
6.38348,0.692962
6.42349,0.680575
6.4635,0.67808
6.50351,0.675584
6.54352,0.673089
6.58353,0.670593
6.62354,0.668097
6.66356,0.665601
6.70357,0.663105
6.74359,0.660609
6.78361,0.658113
6.82363,0.655617
6.86365,0.65312
6.90367,0.650624
6.94369,0.648128
6.98372,0.645631
7.02374,0.643135
7.06377,0.640638
7.1038,0.638141
7.14382,0.635644
7.18385,0.633148
7.22388,0.630651
7.26392,0.628154
7.30395,0.625657
7.34398,0.625657
7.38402,0.625657
7.42406,0.625657
7.46409,0.625657
7.50413,0.625657
7.54417,0.625657
7.58421,0.625657
7.62426,0.625657
7.6643,0.625657
7.70434,0.625657
7.74439,0.625657
7.78444,0.625657
7.82448,0.625657
7.86453,0.625657
7.90458,0.625657
7.94464,0.625657
7.98469,0.625657
8.02474,0.625657
8.0648,0.625657
8.10485,0.625657
8.14491,0.625657
8.18497,0.625657
8.22503,0.625657
8.26509,0.625657
8.30515,0.625657
8.34521,0.625657
8.38527,0.625657
8.42534,0.625657
8.4654,0.625657
8.50547,0.625657
8.54554,0.625657
8.5856,0.625657
8.62567,0.625657
8.66574,0.625657
8.70582,0.625657
8.74589,0.625657
8.78596,0.625657
8.82604,0.625657
8.86611,0.625657
8.90619,0.625657
8.94627,0.625657
8.98635,0.625657
9.02643,0.625657
9.06651,0.625657
9.10659,0.625657
9.14668,0.625657
9.18676,0.625657
9.22684,0.625657
9.26693,0.625657
9.30702,0.625657
9.34711,0.625657
9.3872,0.625657
9.42729,0.625657
9.46738,0.625657
9.50747,0.625657
9.54756,0.625657
9.58766,0.625657
9.62775,0.625657
9.66785,0.625657
9.70795,0.625657
9.74804,0.625657
9.78814,0.625657
9.82824,0.625657
9.86834,0.625657
9.90845,0.625657
9.94855,0.625657
9.98865,0.625657
10.0288,0.625657
10.0689,0.625657
10.109,0.625657
10.1491,0.625657
10.1892,0.625657
10.2293,0.625657
10.2694,0.625657
10.3095,0.625657
10.3496,0.625657
10.3897,0.625657
10.4299,0.625657
10.47,0.625657
10.5101,0.625657
10.5502,0.625657
10.5903,0.625657
10.6304,0.625657
10.6706,0.625657
10.7107,0.625657
10.7508,0.625657
10.7909,0.625657
10.8311,0.625657
10.8712,0.625657
10.9113,0.625657
10.9514,0.625657
10.9916,0.625657
11.0317,0.625657
11.0718,0.625657
11.1119,0.625657
11.1521,0.625657
11.1922,0.625657
11.2323,0.625657
11.2725,0.625657
11.3126,0.625657
11.3527,0.625657
11.3929,0.625657
11.433,0.625657
11.4732,0.625657
11.5133,0.625657
11.5534,0.625657
11.5936,0.625657
11.6337,0.625657
11.6739,0.625657
11.714,0.625657
11.7541,0.628749
11.7943,0.631842
11.8344,0.634934
11.8746,0.638027
11.9147,0.641119
11.9549,0.644212
11.995,0.647305
12.0352,0.650398
12.0753,0.653491
12.1155,0.656583
12.1556,0.659676
12.1958,0.66277
12.2359,0.665863
12.2761,0.668956
12.3162,0.672049
12.3564,0.675143
12.3965,0.678236
12.4367,0.681329
12.4769,0.684423
12.517,0.687517
12.5572,0.69061
12.5973,0.693704
12.6375,0.696798
12.6777,0.699891
12.7178,0.702985
12.758,0.706079
12.7981,0.709173
12.8383,0.712267
12.8785,0.715361
12.9186,0.718455
12.9588,0.72155
12.999,0.724644
13.0391,0.727738
13.0793,0.730833
13.1195,0.733927
13.1597,0.737022
13.1998,0.740116
13.24,0.743211
13.2802,0.746305
13.3203,0.7494
13.3605,0.752495
13.4007,0.75559
13.4409,0.758685
13.481,0.76178
13.5212,0.764875
13.5614,0.76797
13.6016,0.771065
13.6418,0.77416
13.6819,0.777255
13.7221,0.78035
13.7623,0.783446
13.8025,0.786541
13.8427,0.789637
13.8829,0.792732
13.923,0.795828
13.9632,0.798923
14.0034,0.802019
14.0436,0.805114
14.0838,0.80821
14.124,0.811306
14.1642,0.814402
14.2043,0.817498
14.2445,0.820594
14.2847,0.82369
14.3249,0.826786
14.3651,0.829882
14.4053,0.832978
14.4455,0.836074
14.4857,0.83917
14.5259,0.842267
14.5661,0.845363
14.6063,0.848459
14.6465,0.851556
14.6867,0.854652
14.7269,0.857749
14.7671,0.860845
14.8073,0.863942
14.8474,0.867038
14.8876,0.870135
14.9278,0.873232
14.968,0.876329
15.0083,0.879426
15.0485,0.882523
15.0887,0.885619
15.1289,0.888716
15.1691,0.891813
15.2093,0.894911
15.2495,0.898008
15.2897,0.901105
15.3299,0.904202
15.3701,0.907299
15.4103,0.910397
15.4505,0.913494
15.4907,0.916591
15.5309,0.919689
15.5711,0.922786
15.6113,0.925884
15.6515,0.928981
15.6918,0.932079
15.732,0.935176
15.7722,0.938274
15.8124,0.941372
15.8526,0.94447
15.8928,0.947567
15.933,0.950665
15.9732,0.953763
16.0135,0.956861
16.0537,0.959959
16.0939,0.963057
16.1341,0.966155
16.1743,0.969253
16.2145,0.972351
16.2548,0.975449
16.295,0.978548
16.3352,0.981646
16.3754,0.984744
16.4156,0.987842
16.4559,0.990941
16.4961,0.994039
16.5363,0.997138
16.5765,1.00024
16.6168,1.00333
16.657,1.00643
16.6972,1.00953
16.7374,1.01263
16.7776,1.01573
16.8179,1.01883
16.8581,1.02193
16.8983,1.02503
16.9385,1.02812
16.9788,1.03122
17.019,1.03432
17.0592,1.03742
17.0995,1.04052
17.1397,1.04362
17.1799,1.04672
17.2201,1.04982
17.2604,1.05292
17.3006,1.05601
17.3408,1.05911
17.3811,1.06221
17.4213,1.06531
17.4615,1.06841
17.5018,1.07151
17.542,1.07461
17.5822,1.07771
17.6225,1.08081
17.6627,1.08391
17.7029,1.08701
17.7432,1.09011
17.7834,1.09321
17.8236,1.09631
17.8639,1.0994
17.9041,1.1025
17.9443,1.1056
17.9846,1.1087
18.0248,1.1118
18.0651,1.1149
18.1053,1.118
18.1455,1.1211
18.1858,1.1242
18.226,1.1273
18.2663,1.1304
18.3065,1.1335
18.3467,1.1366
18.387,1.1397
18.4272,1.1428
18.4675,1.1459
18.5077,1.149
18.5479,1.1521
18.5882,1.1552
18.6284,1.1583
18.6687,1.1614
18.7089,1.1645
18.7492,1.1676
18.7894,1.1707
18.8296,1.1738
18.8699,1.1769
18.9101,1.18
18.9504,1.1831
18.9906,1.1862
19.0309,1.1893
19.0711,1.1924
19.1114,1.1955
19.1516,1.1986
19.1919,1.2017
19.2321,1.2048
19.2724,1.20791
19.3126,1.21101
19.3528,1.21411
19.3931,1.21721
19.4333,1.22031
19.4736,1.22341
19.5138,1.22651
19.5541,1.22961
19.5943,1.23271
19.6346,1.23581
19.6748,1.23891
19.7151,1.24201
19.7553,1.24511
19.7956,1.24821
19.8358,1.25131
19.8761,1.25441
19.9163,1.25751
19.9566,1.26062
19.9969,1.26372
20.0371,1.26682
20.0774,1.26992
20.1176,1.27302
20.1579,1.27612
20.1981,1.27922
20.2384,1.28232
20.2786,1.28542
20.3189,1.28852
20.3591,1.29162
20.3994,1.29472
20.4396,1.29783
20.4799,1.30093
20.5201,1.30403
20.5604,1.30713
20.6007,1.31023
20.6409,1.31333
20.6812,1.31643
20.7214,1.31953
20.7617,1.32263
20.8019,1.32574
20.8422,1.32884
20.8825,1.33194
20.9227,1.33504
20.963,1.33814
21.0032,1.34124
21.0435,1.34434
21.0837,1.34744
21.124,1.35054
21.1643,1.35365
21.2045,1.35675
21.2448,1.35985
21.285,1.36295
21.3253,1.36605
21.3655,1.36915
21.4058,1.37225
21.4461,1.37535
21.4863,1.37846
21.5266,1.38156
21.5668,1.38466
21.6071,1.38776
21.6474,1.39086
21.6876,1.39396
21.7279,1.39706
21.7681,1.40016
21.8084,1.40327
21.8487,1.40637
21.8889,1.40947
21.9292,1.41257
21.9694,1.41567
22.0097,1.41877
22.05,1.42187
22.0902,1.42498
22.1305,1.42808
22.1707,1.43118
22.211,1.43428
22.2513,1.43738
22.2915,1.44048
22.3318,1.44358
22.372,1.44669
22.4123,1.44979
22.4526,1.45289
22.4928,1.45599
22.5331,1.45909
22.5733,1.46219
22.6136,1.46529
22.6539,1.4684
22.6941,1.4715
22.7344,1.4746
22.7746,1.4777
22.8149,1.4808
22.8552,1.4839
22.8954,1.487
22.9357,1.49011
22.9759,1.49321
23.0162,1.49631
23.0565,1.49941
23.0967,1.50251
23.137,1.50561
23.1787,1.50883
23.222,1.51217
23.2669,1.51562
23.3135,1.51921
23.3617,1.52292
23.4116,1.52677
23.4633,1.53075
23.5169,1.53488
23.5723,1.53915
23.6297,1.54357
23.689,1.54814
23.7504,1.55287
23.8138,1.55775
23.8794,1.5628
23.9471,1.56802
24.0171,1.57341
24.0893,1.57897
24.1638,1.58471
24.2407,1.59063
24.3199,1.59674
24.4016,1.60303
24.4858,1.60951
24.5724,1.61619
24.6616,1.62306
24.7534,1.63013
24.8478,1.6374
24.9448,1.64487
25.0444,1.65255
25.1467,1.66043
25.2517,1.66851
25.3593,1.67681
25.4697,1.68531
25.5827,1.69401
25.6984,1.70293
25.8168,1.71205
25.9379,1.72138
26.0616,1.73091
26.1879,1.74064
26.3168,1.75057
26.4483,1.7607
26.5823,1.77102
26.7187,1.78153
26.8575,1.79222
26.9987,1.8031
27.1422,1.81415
27.2878,1.82537
27.4356,1.83675
27.5854,1.84829
27.7371,1.85998
27.8906,1.8718
28.0459,1.88377
28.2029,1.89586
28.3613,1.90806
28.5211,1.92037
28.6822,1.93278
28.8444,1.94527
29.0076,1.95785
29.1716,1.97049
29.3364,1.98318
29.5018,1.99592
29.6676,2.00869
29.8337,2.02149
30,2.0343
30.1663,2.0471
-0.0397757,1.50661
0,1.50661
0.0397757,1.50661
0.0795531,1.50661
0.119332,1.50661
0.159113,1.50661
0.198895,1.50661
0.238679,1.50661
0.278465,1.50661
0.318252,1.50661
0.358041,1.50661
0.397832,1.50661
0.437624,1.50661
0.477418,1.50661
0.517214,1.50661
0.557011,1.50661
0.59681,1.50661
0.636611,1.50661
0.676413,1.50661
0.716217,1.50661
0.756022,1.50661
0.795829,1.50661
0.835638,1.50661
0.875448,1.50661
0.91526,1.50661
0.955073,1.50661
0.994888,1.50661
1.0347,1.50661
1.07452,1.50661
1.11434,1.50661
1.15416,1.50661
1.19399,1.50661
1.23381,1.50661
1.27364,1.50661
1.31347,1.50661
1.3533,1.50661
1.39313,1.50661
1.43296,1.50661
1.47279,1.50661
1.51263,1.50661
1.55247,1.50661
1.59231,1.50661
1.63215,1.50661
1.67199,1.50661
1.71183,1.50661
1.75168,1.50661
1.79152,1.50661
1.83137,1.50661
1.87122,1.50661
1.91107,1.50661
1.95092,1.50661
1.99078,1.50661
2.03063,1.50661
2.07049,1.50661
2.11035,1.50661
2.15021,1.50661
2.19007,1.50661
2.22994,1.50661
2.2698,1.50661
2.30967,1.50661
2.34954,1.50661
2.38941,1.50661
2.42928,1.50661
2.46915,1.50661
2.50902,1.50661
2.5489,1.50661
2.58878,1.50661
2.62865,1.50661
2.66853,1.50661
2.70842,1.50661
2.7483,1.50661
2.78818,1.50661
2.82807,1.50661
2.86796,1.50661
2.90785,1.50661
2.94774,1.50661
2.98763,1.50661
3.02752,1.50661
3.06742,1.50661
3.10731,1.50661
3.14721,1.50661
3.18711,1.50661
3.22701,1.50661
3.26691,1.50661
3.30681,1.50661
3.34672,1.50661
3.38663,1.50661
3.42653,1.4965
3.46644,1.48638
3.50635,1.47627
3.54627,1.46615
3.58618,1.45604
3.62609,1.44592
3.66601,1.43581
3.70593,1.42569
3.74585,1.41558
3.78577,1.40546
3.82569,1.39534
3.86561,1.38522
3.90554,1.37511
3.94546,1.36499
3.98539,1.35487
4.02532,1.34475
4.06525,1.33463
4.10518,1.32451
4.14511,1.31439
4.18505,1.30427
4.22499,1.29415
4.26492,1.28403
4.30486,1.27391
4.3448,1.26378
4.38474,1.25366
4.42468,1.24354
4.46463,1.23342
4.50457,1.22329
4.54452,1.21317
4.58447,1.20305
4.62442,1.19292
4.66437,1.1828
4.70432,1.17267
4.74427,1.16255
4.78423,1.15242
4.82419,1.1423
4.86414,1.13217
4.9041,1.12204
4.94406,1.11192
4.98402,1.10179
5.02399,1.09166
5.06395,1.08153
5.10392,1.07141
5.14388,1.06128
5.18385,1.05115
5.22382,1.04102
5.26379,1.03089
5.30376,1.02076
5.34373,1.01063
5.38371,1.0005
5.42369,0.990367
5.46366,0.980236
5.50364,0.970104
5.54362,0.959973
5.5836,0.94984
5.62358,0.939708
5.66357,0.929575
5.70355,0.919442
5.74354,0.906919
5.78352,0.894395
5.82351,0.881871
5.8635,0.869347
5.90349,0.856823
5.94349,0.844297
5.98348,0.831772
6.02347,0.819246
6.06347,0.80672
6.10347,0.794193
6.14347,0.781667
6.18347,0.769139
6.22347,0.756611
6.26347,0.744083
6.30347,0.731555
6.34348,0.719026
6.38348,0.706497
6.42349,0.693967
6.4635,0.691576
6.50351,0.689185
6.54352,0.686794
6.58353,0.684403
6.62354,0.682012
6.66356,0.67962
6.70357,0.677229
6.74359,0.674838
6.78361,0.672446
6.82363,0.670055
6.86365,0.667663
6.90367,0.665271
6.94369,0.66288
6.98372,0.660488
7.02374,0.658096
7.06377,0.655704
7.1038,0.653312
7.14382,0.65092
7.18385,0.648528
7.22388,0.646135
7.26392,0.643743
7.30395,0.641351
7.34398,0.641351
7.38402,0.641351
7.42406,0.641351
7.46409,0.641351
7.50413,0.641351
7.54417,0.641351
7.58421,0.641351
7.62426,0.641351
7.6643,0.641351
7.70434,0.641351
7.74439,0.641351
7.78444,0.641351
7.82448,0.641351
7.86453,0.641351
7.90458,0.641351
7.94464,0.641351
7.98469,0.641351
8.02474,0.641351
8.0648,0.641351
8.10485,0.641351
8.14491,0.641351
8.18497,0.641351
8.22503,0.641351
8.26509,0.641351
8.30515,0.641351
8.34521,0.641351
8.38527,0.641351
8.42534,0.641351
8.4654,0.641351
8.50547,0.641351
8.54554,0.641351
8.5856,0.641351
8.62567,0.641351
8.66574,0.641351
8.70582,0.641351
8.74589,0.641351
8.78596,0.641351
8.82604,0.641351
8.86611,0.641351
8.90619,0.641351
8.94627,0.641351
8.98635,0.641351
9.02643,0.641351
9.06651,0.641351
9.10659,0.641351
9.14668,0.641351
9.18676,0.641351
9.22684,0.641351
9.26693,0.641351
9.30702,0.641351
9.34711,0.641351
9.3872,0.641351
9.42729,0.641351
9.46738,0.641351
9.50747,0.641351
9.54756,0.641351
9.58766,0.641351
9.62775,0.641351
9.66785,0.641351
9.70795,0.641351
9.74804,0.641351
9.78814,0.641351
9.82824,0.641351
9.86834,0.641351
9.90845,0.641351
9.94855,0.641351
9.98865,0.641351
10.0288,0.641351
10.0689,0.641351
10.109,0.641351
10.1491,0.641351
10.1892,0.641351
10.2293,0.641351
10.2694,0.641351
10.3095,0.641351
10.3496,0.641351
10.3897,0.641351
10.4299,0.641351
10.47,0.641351
10.5101,0.641351
10.5502,0.641351
10.5903,0.641351
10.6304,0.641351
10.6706,0.641351
10.7107,0.641351
10.7508,0.641351
10.7909,0.641351
10.8311,0.641351
10.8712,0.641351
10.9113,0.641351
10.9514,0.641351
10.9916,0.641351
11.0317,0.641351
11.0718,0.641351
11.1119,0.641351
11.1521,0.641351
11.1922,0.641351
11.2323,0.641351
11.2725,0.641351
11.3126,0.641351
11.3527,0.641351
11.3929,0.641351
11.433,0.641351
11.4732,0.641351
11.5133,0.641351
11.5534,0.641351
11.5936,0.641351
11.6337,0.641351
11.6739,0.641351
11.714,0.641351
11.7541,0.644521
11.7943,0.647691
11.8344,0.650861
11.8746,0.654031
11.9147,0.657201
11.9549,0.660371
11.995,0.663542
12.0352,0.666712
12.0753,0.669883
12.1155,0.673053
12.1556,0.676224
12.1958,0.679394
12.2359,0.682565
12.2761,0.685736
12.3162,0.688907
12.3564,0.692078
12.3965,0.695249
12.4367,0.69842
12.4769,0.701591
12.517,0.704762
12.5572,0.707933
12.5973,0.711105
12.6375,0.714276
12.6777,0.717447
12.7178,0.720619
12.758,0.72379
12.7981,0.726962
12.8383,0.730134
12.8785,0.733305
12.9186,0.736477
12.9588,0.739649
12.999,0.742821
13.0391,0.745993
13.0793,0.749165
13.1195,0.752337
13.1597,0.755509
13.1998,0.758681
13.24,0.761853
13.2802,0.765026
13.3203,0.768198
13.3605,0.77137
13.4007,0.774543
13.4409,0.777716
13.481,0.780888
13.5212,0.784061
13.5614,0.787233
13.6016,0.790406
13.6418,0.793579
13.6819,0.796752
13.7221,0.799925
13.7623,0.803098
13.8025,0.806271
13.8427,0.809444
13.8829,0.812617
13.923,0.81579
13.9632,0.818963
14.0034,0.822137
14.0436,0.82531
14.0838,0.828483
14.124,0.831657
14.1642,0.83483
14.2043,0.838004
14.2445,0.841177
14.2847,0.844351
14.3249,0.847525
14.3651,0.850698
14.4053,0.853872
14.4455,0.857046
14.4857,0.86022
14.5259,0.863394
14.5661,0.866568
14.6063,0.869742
14.6465,0.872916
14.6867,0.87609
14.7269,0.879264
14.7671,0.882439
14.8073,0.885613
14.8474,0.888787
14.8876,0.891962
14.9278,0.895136
14.968,0.898311
15.0083,0.901485
15.0485,0.90466
15.0887,0.907834
15.1289,0.911009
15.1691,0.914184
15.2093,0.917358
15.2495,0.920533
15.2897,0.923708
15.3299,0.926883
15.3701,0.930058
15.4103,0.933233
15.4505,0.936408
15.4907,0.939583
15.5309,0.942758
15.5711,0.945933
15.6113,0.949108
15.6515,0.952284
15.6918,0.955459
15.732,0.958634
15.7722,0.96181
15.8124,0.964985
15.8526,0.968161
15.8928,0.971336
15.933,0.974512
15.9732,0.977687
16.0135,0.980863
16.0537,0.984038
16.0939,0.987214
16.1341,0.99039
16.1743,0.993566
16.2145,0.996742
16.2548,0.999917
16.295,1.00309
16.3352,1.00627
16.3754,1.00945
16.4156,1.01262
16.4559,1.0158
16.4961,1.01897
16.5363,1.02215
16.5765,1.02533
16.6168,1.0285
16.657,1.03168
16.6972,1.03485
16.7374,1.03803
16.7776,1.04121
16.8179,1.04438
16.8581,1.04756
16.8983,1.05074
16.9385,1.05391
16.9788,1.05709
17.019,1.06027
17.0592,1.06344
17.0995,1.06662
17.1397,1.0698
17.1799,1.07297
17.2201,1.07615
17.2604,1.07933
17.3006,1.0825
17.3408,1.08568
17.3811,1.08886
17.4213,1.09203
17.4615,1.09521
17.5018,1.09839
17.542,1.10156
17.5822,1.10474
17.6225,1.10792
17.6627,1.1111
17.7029,1.11427
17.7432,1.11745
17.7834,1.12063
17.8236,1.12381
17.8639,1.12698
17.9041,1.13016
17.9443,1.13334
17.9846,1.13651
18.0248,1.13969
18.0651,1.14287
18.1053,1.14605
18.1455,1.14922
18.1858,1.1524
18.226,1.15558
18.2663,1.15876
18.3065,1.16193
18.3467,1.16511
18.387,1.16829
18.4272,1.17147
18.4675,1.17464
18.5077,1.17782
18.5479,1.181
18.5882,1.18418
18.6284,1.18736
18.6687,1.19053
18.7089,1.19371
18.7492,1.19689
18.7894,1.20007
18.8296,1.20325
18.8699,1.20642
18.9101,1.2096
18.9504,1.21278
18.9906,1.21596
19.0309,1.21914
19.0711,1.22231
19.1114,1.22549
19.1516,1.22867
19.1919,1.23185
19.2321,1.23503
19.2724,1.2382
19.3126,1.24138
19.3528,1.24456
19.3931,1.24774
19.4333,1.25092
19.4736,1.2541
19.5138,1.25727
19.5541,1.26045
19.5943,1.26363
19.6346,1.26681
19.6748,1.26999
19.7151,1.27317
19.7553,1.27634
19.7956,1.27952
19.8358,1.2827
19.8761,1.28588
19.9163,1.28906
19.9566,1.29224
19.9969,1.29542
20.0371,1.29859
20.0774,1.30177
20.1176,1.30495
20.1579,1.30813
20.1981,1.31131
20.2384,1.31449
20.2786,1.31767
20.3189,1.32084
20.3591,1.32402
20.3994,1.3272
20.4396,1.33038
20.4799,1.33356
20.5201,1.33674
20.5604,1.33992
20.6007,1.3431
20.6409,1.34627
20.6812,1.34945
20.7214,1.35263
20.7617,1.35581
20.8019,1.35899
20.8422,1.36217
20.8825,1.36535
20.9227,1.36853
20.963,1.37171
21.0032,1.37488
21.0435,1.37806
21.0837,1.38124
21.124,1.38442
21.1643,1.3876
21.2045,1.39078
21.2448,1.39396
21.285,1.39714
21.3253,1.40032
21.3655,1.4035
21.4058,1.40667
21.4461,1.40985
21.4863,1.41303
21.5266,1.41621
21.5668,1.41939
21.6071,1.42257
21.6474,1.42575
21.6876,1.42893
21.7279,1.43211
21.7681,1.43529
21.8084,1.43847
21.8487,1.44164
21.8889,1.44482
21.9292,1.448
21.9694,1.45118
22.0097,1.45436
22.05,1.45754
22.0902,1.46072
22.1305,1.4639
22.1707,1.46708
22.211,1.47026
22.2513,1.47344
22.2915,1.47662
22.3318,1.47979
22.372,1.48297
22.4123,1.48615
22.4526,1.48933
22.4928,1.49251
22.5331,1.49569
22.5733,1.49887
22.6136,1.50205
22.6539,1.50523
22.6941,1.50841
22.7344,1.51159
22.7746,1.51477
22.8149,1.51795
22.8552,1.52112
22.8954,1.5243
22.9357,1.52748
22.9759,1.53066
23.0162,1.53384
23.0565,1.53702
23.0967,1.5402
23.137,1.54338
23.1787,1.54668
23.222,1.5501
23.2669,1.55364
23.3135,1.55731
23.3617,1.56112
23.4116,1.56507
23.4633,1.56915
23.5169,1.57338
23.5723,1.57776
23.6297,1.58229
23.689,1.58697
23.7504,1.59182
23.8138,1.59683
23.8794,1.602
23.9471,1.60735
24.0171,1.61288
24.0893,1.61858
24.1638,1.62446
24.2407,1.63053
24.3199,1.63679
24.4016,1.64324
24.4858,1.64989
24.5724,1.65673
24.6616,1.66378
24.7534,1.67102
24.8478,1.67847
24.9448,1.68613
25.0444,1.694
25.1467,1.70208
25.2517,1.71037
25.3593,1.71887
25.4697,1.72758
25.5827,1.73651
25.6984,1.74565
25.8168,1.755
25.9379,1.76456
26.0616,1.77432
26.1879,1.7843
26.3168,1.79448
26.4483,1.80486
26.5823,1.81544
26.7187,1.82621
26.8575,1.83718
26.9987,1.84833
27.1422,1.85965
27.2878,1.87115
27.4356,1.88282
27.5854,1.89465
27.7371,1.90663
27.8906,1.91876
28.0459,1.93102
28.2029,1.94341
28.3613,1.95592
28.5211,1.96854
28.6822,1.98126
28.8444,1.99407
29.0076,2.00696
29.1716,2.01991
29.3364,2.03293
29.5018,2.04598
29.6676,2.05908
29.8337,2.0722
30,2.08532
30.1663,2.09845
-0.0397757,1.53694
0,1.53694
0.0397757,1.53694
0.0795531,1.53694
0.119332,1.53694
0.159113,1.53694
0.198895,1.53694
0.238679,1.53694
0.278465,1.53694
0.318252,1.53694
0.358041,1.53694
0.397832,1.53694
0.437624,1.53694
0.477418,1.53694
0.517214,1.53694
0.557011,1.53694
0.59681,1.53694
0.636611,1.53694
0.676413,1.53694
0.716217,1.53694
0.756022,1.53694
0.795829,1.53694
0.835638,1.53694
0.875448,1.53694
0.91526,1.53694
0.955073,1.53694
0.994888,1.53694
1.0347,1.53694
1.07452,1.53694
1.11434,1.53694
1.15416,1.53694
1.19399,1.53694
1.23381,1.53694
1.27364,1.53694
1.31347,1.53694
1.3533,1.53694
1.39313,1.53694
1.43296,1.53694
1.47279,1.53694
1.51263,1.53694
1.55247,1.53694
1.59231,1.53694
1.63215,1.53694
1.67199,1.53694
1.71183,1.53694
1.75168,1.53694
1.79152,1.53694
1.83137,1.53694
1.87122,1.53694
1.91107,1.53694
1.95092,1.53694
1.99078,1.53694
2.03063,1.53694
2.07049,1.53694
2.11035,1.53694
2.15021,1.53694
2.19007,1.53694
2.22994,1.53694
2.2698,1.53694
2.30967,1.53694
2.34954,1.53694
2.38941,1.53694
2.42928,1.53694
2.46915,1.53694
2.50902,1.53694
2.5489,1.53694
2.58878,1.53694
2.62865,1.53694
2.66853,1.53694
2.70842,1.53694
2.7483,1.53694
2.78818,1.53694
2.82807,1.53694
2.86796,1.53694
2.90785,1.53694
2.94774,1.53694
2.98763,1.53694
3.02752,1.53694
3.06742,1.53694
3.10731,1.53694
3.14721,1.53694
3.18711,1.53694
3.22701,1.53694
3.26691,1.53694
3.30681,1.53694
3.34672,1.53694
3.38663,1.53694
3.42653,1.52658
3.46644,1.51622
3.50635,1.50586
3.54627,1.4955
3.58618,1.48513
3.62609,1.47477
3.66601,1.46441
3.70593,1.45404
3.74585,1.44368
3.78577,1.43332
3.82569,1.42295
3.86561,1.41259
3.90554,1.40222
3.94546,1.39186
3.98539,1.38149
4.02532,1.37112
4.06525,1.36076
4.10518,1.35039
4.14511,1.34002
4.18505,1.32965
4.22499,1.31928
4.26492,1.30892
4.30486,1.29855
4.3448,1.28818
4.38474,1.27781
4.42468,1.26744
4.46463,1.25707
4.50457,1.2467
4.54452,1.23632
4.58447,1.22595
4.62442,1.21558
4.66437,1.20521
4.70432,1.19484
4.74427,1.18446
4.78423,1.17409
4.82419,1.16372
4.86414,1.15334
4.9041,1.14297
4.94406,1.13259
4.98402,1.12222
5.02399,1.11184
5.06395,1.10147
5.10392,1.09109
5.14388,1.08072
5.18385,1.07034
5.22382,1.05996
5.26379,1.04958
5.30376,1.03921
5.34373,1.02883
5.38371,1.01845
5.42369,1.00807
5.46366,0.997692
5.50364,0.987312
5.54362,0.976933
5.5836,0.966553
5.62358,0.956172
5.66357,0.945792
5.70355,0.935411
5.74354,0.922744
5.78352,0.910077
5.82351,0.89741
5.8635,0.884742
5.90349,0.872074
5.94349,0.859406
5.98348,0.846737
6.02347,0.834068
6.06347,0.821398
6.10347,0.808728
6.14347,0.796058
6.18347,0.783387
6.22347,0.770716
6.26347,0.758044
6.30347,0.745373
6.34348,0.7327
6.38348,0.720028
6.42349,0.707354
6.4635,0.705068
6.50351,0.702782
6.54352,0.700495
6.58353,0.698209
6.62354,0.695922
6.66356,0.693636
6.70357,0.691349
6.74359,0.689062
6.78361,0.686775
6.82363,0.684488
6.86365,0.682201
6.90367,0.679914
6.94369,0.677627
6.98372,0.67534
7.02374,0.673053
7.06377,0.670765
7.1038,0.668478
7.14382,0.66619
7.18385,0.663903
7.22388,0.661615
7.26392,0.659328
7.30395,0.65704
7.34398,0.65704
7.38402,0.65704
7.42406,0.65704
7.46409,0.65704
7.50413,0.65704
7.54417,0.65704
7.58421,0.65704
7.62426,0.65704
7.6643,0.65704
7.70434,0.65704
7.74439,0.65704
7.78444,0.65704
7.82448,0.65704
7.86453,0.65704
7.90458,0.65704
7.94464,0.65704
7.98469,0.65704
8.02474,0.65704
8.0648,0.65704
8.10485,0.65704
8.14491,0.65704
8.18497,0.65704
8.22503,0.65704
8.26509,0.65704
8.30515,0.65704
8.34521,0.65704
8.38527,0.65704
8.42534,0.65704
8.4654,0.65704
8.50547,0.65704
8.54554,0.65704
8.5856,0.65704
8.62567,0.65704
8.66574,0.65704
8.70582,0.65704
8.74589,0.65704
8.78596,0.65704
8.82604,0.65704
8.86611,0.65704
8.90619,0.65704
8.94627,0.65704
8.98635,0.65704
9.02643,0.65704
9.06651,0.65704
9.10659,0.65704
9.14668,0.65704
9.18676,0.65704
9.22684,0.65704
9.26693,0.65704
9.30702,0.65704
9.34711,0.65704
9.3872,0.65704
9.42729,0.65704
9.46738,0.65704
9.50747,0.65704
9.54756,0.65704
9.58766,0.65704
9.62775,0.65704
9.66785,0.65704
9.70795,0.65704
9.74804,0.65704
9.78814,0.65704
9.82824,0.65704
9.86834,0.65704
9.90845,0.65704
9.94855,0.65704
9.98865,0.65704
10.0288,0.65704
10.0689,0.65704
10.109,0.65704
10.1491,0.65704
10.1892,0.65704
10.2293,0.65704
10.2694,0.65704
10.3095,0.65704
10.3496,0.65704
10.3897,0.65704
10.4299,0.65704
10.47,0.65704
10.5101,0.65704
10.5502,0.65704
10.5903,0.65704
10.6304,0.65704
10.6706,0.65704
10.7107,0.65704
10.7508,0.65704
10.7909,0.65704
10.8311,0.65704
10.8712,0.65704
10.9113,0.65704
10.9514,0.65704
10.9916,0.65704
11.0317,0.65704
11.0718,0.65704
11.1119,0.65704
11.1521,0.65704
11.1922,0.65704
11.2323,0.65704
11.2725,0.65704
11.3126,0.65704
11.3527,0.65704
11.3929,0.65704
11.433,0.65704
11.4732,0.65704
11.5133,0.65704
11.5534,0.65704
11.5936,0.65704
11.6337,0.65704
11.6739,0.65704
11.714,0.65704
11.7541,0.660287
11.7943,0.663535
11.8344,0.666783
11.8746,0.67003
11.9147,0.673278
11.9549,0.676526
11.995,0.679774
12.0352,0.683022
12.0753,0.68627
12.1155,0.689518
12.1556,0.692766
12.1958,0.696014
12.2359,0.699263
12.2761,0.702511
12.3162,0.70576
12.3564,0.709008
12.3965,0.712257
12.4367,0.715505
12.4769,0.718754
12.517,0.722003
12.5572,0.725251
12.5973,0.7285
12.6375,0.731749
12.6777,0.734998
12.7178,0.738247
12.758,0.741496
12.7981,0.744746
12.8383,0.747995
12.8785,0.751244
12.9186,0.754494
12.9588,0.757743
12.999,0.760992
13.0391,0.764242
13.0793,0.767492
13.1195,0.770741
13.1597,0.773991
13.1998,0.777241
13.24,0.780491
13.2802,0.78374
13.3203,0.78699
13.3605,0.79024
13.4007,0.793491
13.4409,0.796741
13.481,0.799991
13.5212,0.803241
13.5614,0.806491
13.6016,0.809742
13.6418,0.812992
13.6819,0.816243
13.7221,0.819493
13.7623,0.822744
13.8025,0.825994
13.8427,0.829245
13.8829,0.832496
13.923,0.835747
13.9632,0.838997
14.0034,0.842248
14.0436,0.845499
14.0838,0.84875
14.124,0.852001
14.1642,0.855253
14.2043,0.858504
14.2445,0.861755
14.2847,0.865006
14.3249,0.868258
14.3651,0.871509
14.4053,0.87476
14.4455,0.878012
14.4857,0.881263
14.5259,0.884515
14.5661,0.887767
14.6063,0.891018
14.6465,0.89427
14.6867,0.897522
14.7269,0.900774
14.7671,0.904026
14.8073,0.907278
14.8474,0.910529
14.8876,0.913782
14.9278,0.917034
14.968,0.920286
15.0083,0.923538
15.0485,0.92679
15.0887,0.930043
15.1289,0.933295
15.1691,0.936547
15.2093,0.9398
15.2495,0.943052
15.2897,0.946305
15.3299,0.949557
15.3701,0.95281
15.4103,0.956062
15.4505,0.959315
15.4907,0.962568
15.5309,0.965821
15.5711,0.969073
15.6113,0.972326
15.6515,0.975579
15.6918,0.978832
15.732,0.982085
15.7722,0.985338
15.8124,0.988591
15.8526,0.991845
15.8928,0.995098
15.933,0.998351
15.9732,1.0016
16.0135,1.00486
16.0537,1.00811
16.0939,1.01136
16.1341,1.01462
16.1743,1.01787
16.2145,1.02112
16.2548,1.02438
16.295,1.02763
16.3352,1.03089
16.3754,1.03414
16.4156,1.03739
16.4559,1.04065
16.4961,1.0439
16.5363,1.04715
16.5765,1.05041
16.6168,1.05366
16.657,1.05692
16.6972,1.06017
16.7374,1.06342
16.7776,1.06668
16.8179,1.06993
16.8581,1.07319
16.8983,1.07644
16.9385,1.07969
16.9788,1.08295
17.019,1.0862
17.0592,1.08946
17.0995,1.09271
17.1397,1.09597
17.1799,1.09922
17.2201,1.10248
17.2604,1.10573
17.3006,1.10898
17.3408,1.11224
17.3811,1.11549
17.4213,1.11875
17.4615,1.122
17.5018,1.12526
17.542,1.12851
17.5822,1.13177
17.6225,1.13502
17.6627,1.13828
17.7029,1.14153
17.7432,1.14479
17.7834,1.14804
17.8236,1.1513
17.8639,1.15455
17.9041,1.15781
17.9443,1.16106
17.9846,1.16432
18.0248,1.16757
18.0651,1.17083
18.1053,1.17408
18.1455,1.17734
18.1858,1.18059
18.226,1.18385
18.2663,1.1871
18.3065,1.19036
18.3467,1.19361
18.387,1.19687
18.4272,1.20012
18.4675,1.20338
18.5077,1.20664
18.5479,1.20989
18.5882,1.21315
18.6284,1.2164
18.6687,1.21966
18.7089,1.22291
18.7492,1.22617
18.7894,1.22942
18.8296,1.23268
18.8699,1.23594
18.9101,1.23919
18.9504,1.24245
18.9906,1.2457
19.0309,1.24896
19.0711,1.25221
19.1114,1.25547
19.1516,1.25873
19.1919,1.26198
19.2321,1.26524
19.2724,1.26849
19.3126,1.27175
19.3528,1.27501
19.3931,1.27826
19.4333,1.28152
19.4736,1.28477
19.5138,1.28803
19.5541,1.29129
19.5943,1.29454
19.6346,1.2978
19.6748,1.30105
19.7151,1.30431
19.7553,1.30757
19.7956,1.31082
19.8358,1.31408
19.8761,1.31734
19.9163,1.32059
19.9566,1.32385
19.9969,1.3271
20.0371,1.33036
20.0774,1.33362
20.1176,1.33687
20.1579,1.34013
20.1981,1.34339
20.2384,1.34664
20.2786,1.3499
20.3189,1.35316
20.3591,1.35641
20.3994,1.35967
20.4396,1.36293
20.4799,1.36618
20.5201,1.36944
20.5604,1.3727
20.6007,1.37595
20.6409,1.37921
20.6812,1.38246
20.7214,1.38572
20.7617,1.38898
20.8019,1.39223
20.8422,1.39549
20.8825,1.39875
20.9227,1.402
20.963,1.40526
21.0032,1.40852
21.0435,1.41177
21.0837,1.41503
21.124,1.41829
21.1643,1.42155
21.2045,1.4248
21.2448,1.42806
21.285,1.43132
21.3253,1.43457
21.3655,1.43783
21.4058,1.44109
21.4461,1.44434
21.4863,1.4476
21.5266,1.45086
21.5668,1.45411
21.6071,1.45737
21.6474,1.46063
21.6876,1.46388
21.7279,1.46714
21.7681,1.4704
21.8084,1.47365
21.8487,1.47691
21.8889,1.48017
21.9292,1.48343
21.9694,1.48668
22.0097,1.48994
22.05,1.4932
22.0902,1.49645
22.1305,1.49971
22.1707,1.50297
22.211,1.50622
22.2513,1.50948
22.2915,1.51274
22.3318,1.51599
22.372,1.51925
22.4123,1.52251
22.4526,1.52577
22.4928,1.52902
22.5331,1.53228
22.5733,1.53554
22.6136,1.53879
22.6539,1.54205
22.6941,1.54531
22.7344,1.54856
22.7746,1.55182
22.8149,1.55508
22.8552,1.55834
22.8954,1.56159
22.9357,1.56485
22.9759,1.56811
23.0162,1.57136
23.0565,1.57462
23.0967,1.57788
23.137,1.58114
23.1787,1.58451
23.222,1.58802
23.2669,1.59165
23.3135,1.59541
23.3617,1.59931
23.4116,1.60335
23.4633,1.60754
23.5169,1.61187
23.5723,1.61635
23.6297,1.62099
23.689,1.62579
23.7504,1.63076
23.8138,1.63589
23.8794,1.64119
23.9471,1.64667
24.0171,1.65233
24.0893,1.65817
24.1638,1.6642
24.2407,1.67042
24.3199,1.67683
24.4016,1.68344
24.4858,1.69025
24.5724,1.69726
24.6616,1.70448
24.7534,1.7119
24.8478,1.71953
24.9448,1.72738
25.0444,1.73544
25.1467,1.74372
25.2517,1.75221
25.3593,1.76092
25.4697,1.76984
25.5827,1.77899
25.6984,1.78835
25.8168,1.79793
25.9379,1.80772
26.0616,1.81773
26.1879,1.82795
26.3168,1.83838
26.4483,1.84901
26.5823,1.85985
26.7187,1.87089
26.8575,1.88212
26.9987,1.89354
27.1422,1.90515
27.2878,1.91693
27.4356,1.92888
27.5854,1.941
27.7371,1.95327
27.8906,1.9657
28.0459,1.97826
28.2029,1.99095
28.3613,2.00377
28.5211,2.0167
28.6822,2.02973
28.8444,2.04285
29.0076,2.05605
29.1716,2.06933
29.3364,2.08266
29.5018,2.09604
29.6676,2.10945
29.8337,2.12289
30,2.13634
30.1663,2.14979
-0.0397757,1.56727
0,1.56727
0.0397757,1.56727
0.0795531,1.56727
0.119332,1.56727
0.159113,1.56727
0.198895,1.56727
0.238679,1.56727
0.278465,1.56727
0.318252,1.56727
0.358041,1.56727
0.397832,1.56727
0.437624,1.56727
0.477418,1.56727
0.517214,1.56727
0.557011,1.56727
0.59681,1.56727
0.636611,1.56727
0.676413,1.56727
0.716217,1.56727
0.756022,1.56727
0.795829,1.56727
0.835638,1.56727
0.875448,1.56727
0.91526,1.56727
0.955073,1.56727
0.994888,1.56727
1.0347,1.56727
1.07452,1.56727
1.11434,1.56727
1.15416,1.56727
1.19399,1.56727
1.23381,1.56727
1.27364,1.56727
1.31347,1.56727
1.3533,1.56727
1.39313,1.56727
1.43296,1.56727
1.47279,1.56727
1.51263,1.56727
1.55247,1.56727
1.59231,1.56727
1.63215,1.56727
1.67199,1.56727
1.71183,1.56727
1.75168,1.56727
1.79152,1.56727
1.83137,1.56727
1.87122,1.56727
1.91107,1.56727
1.95092,1.56727
1.99078,1.56727
2.03063,1.56727
2.07049,1.56727
2.11035,1.56727
2.15021,1.56727
2.19007,1.56727
2.22994,1.56727
2.2698,1.56727
2.30967,1.56727
2.34954,1.56727
2.38941,1.56727
2.42928,1.56727
2.46915,1.56727
2.50902,1.56727
2.5489,1.56727
2.58878,1.56727
2.62865,1.56727
2.66853,1.56727
2.70842,1.56727
2.7483,1.56727
2.78818,1.56727
2.82807,1.56727
2.86796,1.56727
2.90785,1.56727
2.94774,1.56727
2.98763,1.56727
3.02752,1.56727
3.06742,1.56727
3.10731,1.56727
3.14721,1.56727
3.18711,1.56727
3.22701,1.56727
3.26691,1.56727
3.30681,1.56727
3.34672,1.56727
3.38663,1.56727
3.42653,1.55666
3.46644,1.54605
3.50635,1.53544
3.54627,1.52483
3.58618,1.51422
3.62609,1.50361
3.66601,1.493
3.70593,1.48239
3.74585,1.47178
3.78577,1.46117
3.82569,1.45055
3.86561,1.43994
3.90554,1.42933
3.94546,1.41871
3.98539,1.4081
4.02532,1.39749
4.06525,1.38687
4.10518,1.37626
4.14511,1.36564
4.18505,1.35503
4.22499,1.34441
4.26492,1.33379
4.30486,1.32318
4.3448,1.31256
4.38474,1.30194
4.42468,1.29133
4.46463,1.28071
4.50457,1.27009
4.54452,1.25947
4.58447,1.24885
4.62442,1.23823
4.66437,1.22761
4.70432,1.21699
4.74427,1.20637
4.78423,1.19575
4.82419,1.18513
4.86414,1.17451
4.9041,1.16389
4.94406,1.15326
4.98402,1.14264
5.02399,1.13202
5.06395,1.12139
5.10392,1.11077
5.14388,1.10015
5.18385,1.08952
5.22382,1.0789
5.26379,1.06827
5.30376,1.05765
5.34373,1.04702
5.38371,1.0364
5.42369,1.02577
5.46366,1.01514
5.50364,1.00452
5.54362,0.993887
5.5836,0.98326
5.62358,0.972631
5.66357,0.962003
5.70355,0.951374
5.74354,0.938564
5.78352,0.925754
5.82351,0.912944
5.8635,0.900133
5.90349,0.887321
5.94349,0.87451
5.98348,0.861697
6.02347,0.848885
6.06347,0.836072
6.10347,0.823259
6.14347,0.810445
6.18347,0.797631
6.22347,0.784816
6.26347,0.772001
6.30347,0.759186
6.34348,0.74637
6.38348,0.733554
6.42349,0.720738
6.4635,0.718556
6.50351,0.716374
6.54352,0.714192
6.58353,0.71201
6.62354,0.709828
6.66356,0.707646
6.70357,0.705464
6.74359,0.703282
6.78361,0.701099
6.82363,0.698917
6.86365,0.696735
6.90367,0.694552
6.94369,0.69237
6.98372,0.690187
7.02374,0.688004
7.06377,0.685822
7.1038,0.683639
7.14382,0.681456
7.18385,0.679273
7.22388,0.67709
7.26392,0.674907
7.30395,0.672724
7.34398,0.672724
7.38402,0.672724
7.42406,0.672724
7.46409,0.672724
7.50413,0.672724
7.54417,0.672724
7.58421,0.672724
7.62426,0.672724
7.6643,0.672724
7.70434,0.672724
7.74439,0.672724
7.78444,0.672724
7.82448,0.672724
7.86453,0.672724
7.90458,0.672724
7.94464,0.672724
7.98469,0.672724
8.02474,0.672724
8.0648,0.672724
8.10485,0.672724
8.14491,0.672724
8.18497,0.672724
8.22503,0.672724
8.26509,0.672724
8.30515,0.672724
8.34521,0.672724
8.38527,0.672724
8.42534,0.672724
8.4654,0.672724
8.50547,0.672724
8.54554,0.672724
8.5856,0.672724
8.62567,0.672724
8.66574,0.672724
8.70582,0.672724
8.74589,0.672724
8.78596,0.672724
8.82604,0.672724
8.86611,0.672724
8.90619,0.672724
8.94627,0.672724
8.98635,0.672724
9.02643,0.672724
9.06651,0.672724
9.10659,0.672724
9.14668,0.672724
9.18676,0.672724
9.22684,0.672724
9.26693,0.672724
9.30702,0.672724
9.34711,0.672724
9.3872,0.672724
9.42729,0.672724
9.46738,0.672724
9.50747,0.672724
9.54756,0.672724
9.58766,0.672724
9.62775,0.672724
9.66785,0.672724
9.70795,0.672724
9.74804,0.672724
9.78814,0.672724
9.82824,0.672724
9.86834,0.672724
9.90845,0.672724
9.94855,0.672724
9.98865,0.672724
10.0288,0.672724
10.0689,0.672724
10.109,0.672724
10.1491,0.672724
10.1892,0.672724
10.2293,0.672724
10.2694,0.672724
10.3095,0.672724
10.3496,0.672724
10.3897,0.672724
10.4299,0.672724
10.47,0.672724
10.5101,0.672724
10.5502,0.672724
10.5903,0.672724
10.6304,0.672724
10.6706,0.672724
10.7107,0.672724
10.7508,0.672724
10.7909,0.672724
10.8311,0.672724
10.8712,0.672724
10.9113,0.672724
10.9514,0.672724
10.9916,0.672724
11.0317,0.672724
11.0718,0.672724
11.1119,0.672724
11.1521,0.672724
11.1922,0.672724
11.2323,0.672724
11.2725,0.672724
11.3126,0.672724
11.3527,0.672724
11.3929,0.672724
11.433,0.672724
11.4732,0.672724
11.5133,0.672724
11.5534,0.672724
11.5936,0.672724
11.6337,0.672724
11.6739,0.672724
11.714,0.672724
11.7541,0.676049
11.7943,0.679374
11.8344,0.682699
11.8746,0.686025
11.9147,0.68935
11.9549,0.692675
11.995,0.696001
12.0352,0.699326
12.0753,0.702652
12.1155,0.705977
12.1556,0.709303
12.1958,0.712629
12.2359,0.715955
12.2761,0.719281
12.3162,0.722607
12.3564,0.725933
12.3965,0.729259
12.4367,0.732585
12.4769,0.735911
12.517,0.739237
12.5572,0.742564
12.5973,0.74589
12.6375,0.749217
12.6777,0.752543
12.7178,0.75587
12.758,0.759197
12.7981,0.762523
12.8383,0.76585
12.8785,0.769177
12.9186,0.772504
12.9588,0.775831
12.999,0.779158
13.0391,0.782485
13.0793,0.785812
13.1195,0.78914
13.1597,0.792467
13.1998,0.795794
13.24,0.799122
13.2802,0.802449
13.3203,0.805777
13.3605,0.809104
13.4007,0.812432
13.4409,0.81576
13.481,0.819087
13.5212,0.822415
13.5614,0.825743
13.6016,0.829071
13.6418,0.832399
13.6819,0.835727
13.7221,0.839055
13.7623,0.842383
13.8025,0.845712
13.8427,0.84904
13.8829,0.852368
13.923,0.855697
13.9632,0.859025
14.0034,0.862354
14.0436,0.865682
14.0838,0.869011
14.124,0.872339
14.1642,0.875668
14.2043,0.878997
14.2445,0.882326
14.2847,0.885655
14.3249,0.888984
14.3651,0.892313
14.4053,0.895642
14.4455,0.898971
14.4857,0.9023
14.5259,0.905629
14.5661,0.908958
14.6063,0.912288
14.6465,0.915617
14.6867,0.918947
14.7269,0.922276
14.7671,0.925605
14.8073,0.928935
14.8474,0.932265
14.8876,0.935594
14.9278,0.938924
14.968,0.942254
15.0083,0.945584
15.0485,0.948914
15.0887,0.952243
15.1289,0.955573
15.1691,0.958903
15.2093,0.962233
15.2495,0.965564
15.2897,0.968894
15.3299,0.972224
15.3701,0.975554
15.4103,0.978884
15.4505,0.982215
15.4907,0.985545
15.5309,0.988876
15.5711,0.992206
15.6113,0.995537
15.6515,0.998867
15.6918,1.0022
15.732,1.00553
15.7722,1.00886
15.8124,1.01219
15.8526,1.01552
15.8928,1.01885
15.933,1.02218
15.9732,1.02551
16.0135,1.02884
16.0537,1.03218
16.0939,1.03551
16.1341,1.03884
16.1743,1.04217
16.2145,1.0455
16.2548,1.04883
16.295,1.05216
16.3352,1.05549
16.3754,1.05883
16.4156,1.06216
16.4559,1.06549
16.4961,1.06882
16.5363,1.07215
16.5765,1.07548
16.6168,1.07881
16.657,1.08215
16.6972,1.08548
16.7374,1.08881
16.7776,1.09214
16.8179,1.09547
16.8581,1.0988
16.8983,1.10214
16.9385,1.10547
16.9788,1.1088
17.019,1.11213
17.0592,1.11546
17.0995,1.1188
17.1397,1.12213
17.1799,1.12546
17.2201,1.12879
17.2604,1.13212
17.3006,1.13546
17.3408,1.13879
17.3811,1.14212
17.4213,1.14545
17.4615,1.14879
17.5018,1.15212
17.542,1.15545
17.5822,1.15878
17.6225,1.16212
17.6627,1.16545
17.7029,1.16878
17.7432,1.17211
17.7834,1.17545
17.8236,1.17878
17.8639,1.18211
17.9041,1.18544
17.9443,1.18878
17.9846,1.19211
18.0248,1.19544
18.0651,1.19878
18.1053,1.20211
18.1455,1.20544
18.1858,1.20877
18.226,1.21211
18.2663,1.21544
18.3065,1.21877
18.3467,1.22211
18.387,1.22544
18.4272,1.22877
18.4675,1.23211
18.5077,1.23544
18.5479,1.23877
18.5882,1.24211
18.6284,1.24544
18.6687,1.24877
18.7089,1.25211
18.7492,1.25544
18.7894,1.25877
18.8296,1.26211
18.8699,1.26544
18.9101,1.26877
18.9504,1.27211
18.9906,1.27544
19.0309,1.27877
19.0711,1.28211
19.1114,1.28544
19.1516,1.28877
19.1919,1.29211
19.2321,1.29544
19.2724,1.29877
19.3126,1.30211
19.3528,1.30544
19.3931,1.30878
19.4333,1.31211
19.4736,1.31544
19.5138,1.31878
19.5541,1.32211
19.5943,1.32544
19.6346,1.32878
19.6748,1.33211
19.7151,1.33545
19.7553,1.33878
19.7956,1.34211
19.8358,1.34545
19.8761,1.34878
19.9163,1.35212
19.9566,1.35545
19.9969,1.35878
20.0371,1.36212
20.0774,1.36545
20.1176,1.36879
20.1579,1.37212
20.1981,1.37545
20.2384,1.37879
20.2786,1.38212
20.3189,1.38546
20.3591,1.38879
20.3994,1.39213
20.4396,1.39546
20.4799,1.39879
20.5201,1.40213
20.5604,1.40546
20.6007,1.4088
20.6409,1.41213
20.6812,1.41547
20.7214,1.4188
20.7617,1.42213
20.8019,1.42547
20.8422,1.4288
20.8825,1.43214
20.9227,1.43547
20.963,1.43881
21.0032,1.44214
21.0435,1.44548
21.0837,1.44881
21.124,1.45214
21.1643,1.45548
21.2045,1.45881
21.2448,1.46215
21.285,1.46548
21.3253,1.46882
21.3655,1.47215
21.4058,1.47549
21.4461,1.47882
21.4863,1.48215
21.5266,1.48549
21.5668,1.48882
21.6071,1.49216
21.6474,1.49549
21.6876,1.49883
21.7279,1.50216
21.7681,1.5055
21.8084,1.50883
21.8487,1.51217
21.8889,1.5155
21.9292,1.51884
21.9694,1.52217
22.0097,1.52551
22.05,1.52884
22.0902,1.53217
22.1305,1.53551
22.1707,1.53884
22.211,1.54218
22.2513,1.54551
22.2915,1.54885
22.3318,1.55218
22.372,1.55552
22.4123,1.55885
22.4526,1.56219
22.4928,1.56552
22.5331,1.56886
22.5733,1.57219
22.6136,1.57553
22.6539,1.57886
22.6941,1.5822
22.7344,1.58553
22.7746,1.58887
22.8149,1.5922
22.8552,1.59553
22.8954,1.59887
22.9357,1.6022
22.9759,1.60554
23.0162,1.60887
23.0565,1.61221
23.0967,1.61554
23.137,1.61888
23.1787,1.62234
23.222,1.62592
23.2669,1.62964
23.3135,1.6335
23.3617,1.63749
23.4116,1.64163
23.4633,1.64591
23.5169,1.65035
23.5723,1.65494
23.6297,1.65969
23.689,1.6646
23.7504,1.66969
23.8138,1.67494
23.8794,1.68037
23.9471,1.68598
24.0171,1.69177
24.0893,1.69776
24.1638,1.70393
24.2407,1.71029
24.3199,1.71686
24.4016,1.72363
24.4858,1.7306
24.5724,1.73777
24.6616,1.74516
24.7534,1.75276
24.8478,1.76058
24.9448,1.76861
25.0444,1.77687
25.1467,1.78534
25.2517,1.79403
25.3593,1.80295
25.4697,1.81209
25.5827,1.82145
25.6984,1.83104
25.8168,1.84085
25.9379,1.85087
26.0616,1.86112
26.1879,1.87158
26.3168,1.88226
26.4483,1.89315
26.5823,1.90425
26.7187,1.91555
26.8575,1.92705
26.9987,1.93874
27.1422,1.95062
27.2878,1.96269
27.4356,1.97492
27.5854,1.98733
27.7371,1.9999
27.8906,2.01262
28.0459,2.02548
28.2029,2.03848
28.3613,2.0516
28.5211,2.06484
28.6822,2.07818
28.8444,2.09161
29.0076,2.10513
29.1716,2.11872
29.3364,2.13237
29.5018,2.14607
29.6676,2.1598
29.8337,2.17356
30,2.18733
30.1663,2.2011
-0.0397757,1.59758
0,1.59758
0.0397757,1.59758
0.0795531,1.59758
0.119332,1.59758
0.159113,1.59758
0.198895,1.59758
0.238679,1.59758
0.278465,1.59758
0.318252,1.59758
0.358041,1.59758
0.397832,1.59758
0.437624,1.59758
0.477418,1.59758
0.517214,1.59758
0.557011,1.59758
0.59681,1.59758
0.636611,1.59758
0.676413,1.59758
0.716217,1.59758
0.756022,1.59758
0.795829,1.59758
0.835638,1.59758
0.875448,1.59758
0.91526,1.59758
0.955073,1.59758
0.994888,1.59758
1.0347,1.59758
1.07452,1.59758
1.11434,1.59758
1.15416,1.59758
1.19399,1.59758
1.23381,1.59758
1.27364,1.59758
1.31347,1.59758
1.3533,1.59758
1.39313,1.59758
1.43296,1.59758
1.47279,1.59758
1.51263,1.59758
1.55247,1.59758
1.59231,1.59758
1.63215,1.59758
1.67199,1.59758
1.71183,1.59758
1.75168,1.59758
1.79152,1.59758
1.83137,1.59758
1.87122,1.59758
1.91107,1.59758
1.95092,1.59758
1.99078,1.59758
2.03063,1.59758
2.07049,1.59758
2.11035,1.59758
2.15021,1.59758
2.19007,1.59758
2.22994,1.59758
2.2698,1.59758
2.30967,1.59758
2.34954,1.59758
2.38941,1.59758
2.42928,1.59758
2.46915,1.59758
2.50902,1.59758
2.5489,1.59758
2.58878,1.59758
2.62865,1.59758
2.66853,1.59758
2.70842,1.59758
2.7483,1.59758
2.78818,1.59758
2.82807,1.59758
2.86796,1.59758
2.90785,1.59758
2.94774,1.59758
2.98763,1.59758
3.02752,1.59758
3.06742,1.59758
3.10731,1.59758
3.14721,1.59758
3.18711,1.59758
3.22701,1.59758
3.26691,1.59758
3.30681,1.59758
3.34672,1.59758
3.38663,1.59758
3.42653,1.58672
3.46644,1.57587
3.50635,1.56501
3.54627,1.55415
3.58618,1.5433
3.62609,1.53244
3.66601,1.52158
3.70593,1.51072
3.74585,1.49986
3.78577,1.489
3.82569,1.47814
3.86561,1.46728
3.90554,1.45642
3.94546,1.44556
3.98539,1.4347
4.02532,1.42384
4.06525,1.41298
4.10518,1.40212
4.14511,1.39126
4.18505,1.38039
4.22499,1.36953
4.26492,1.35867
4.30486,1.3478
4.3448,1.33694
4.38474,1.32607
4.42468,1.31521
4.46463,1.30434
4.50457,1.29348
4.54452,1.28261
4.58447,1.27174
4.62442,1.26088
4.66437,1.25001
4.70432,1.23914
4.74427,1.22827
4.78423,1.2174
4.82419,1.20654
4.86414,1.19567
4.9041,1.1848
4.94406,1.17393
4.98402,1.16306
5.02399,1.15219
5.06395,1.14132
5.10392,1.13044
5.14388,1.11957
5.18385,1.1087
5.22382,1.09783
5.26379,1.08695
5.30376,1.07608
5.34373,1.06521
5.38371,1.05433
5.42369,1.04346
5.46366,1.03259
5.50364,1.02171
5.54362,1.01084
5.5836,0.99996
5.62358,0.989085
5.66357,0.978208
5.70355,0.967332
5.74354,0.954379
5.78352,0.941425
5.82351,0.928472
5.8635,0.915517
5.90349,0.902563
5.94349,0.889608
5.98348,0.876652
6.02347,0.863696
6.06347,0.85074
6.10347,0.837783
6.14347,0.824826
6.18347,0.811869
6.22347,0.798911
6.26347,0.785953
6.30347,0.772994
6.34348,0.760035
6.38348,0.747076
6.42349,0.734116
6.4635,0.732039
6.50351,0.729961
6.54352,0.727884
6.58353,0.725807
6.62354,0.723729
6.66356,0.721652
6.70357,0.719574
6.74359,0.717496
6.78361,0.715419
6.82363,0.713341
6.86365,0.711263
6.90367,0.709185
6.94369,0.707107
6.98372,0.705029
7.02374,0.702951
7.06377,0.700873
7.1038,0.698794
7.14382,0.696716
7.18385,0.694638
7.22388,0.692559
7.26392,0.690481
7.30395,0.688402
7.34398,0.688402
7.38402,0.688402
7.42406,0.688402
7.46409,0.688402
7.50413,0.688402
7.54417,0.688402
7.58421,0.688402
7.62426,0.688402
7.6643,0.688402
7.70434,0.688402
7.74439,0.688402
7.78444,0.688402
7.82448,0.688402
7.86453,0.688402
7.90458,0.688402
7.94464,0.688402
7.98469,0.688402
8.02474,0.688402
8.0648,0.688402
8.10485,0.688402
8.14491,0.688402
8.18497,0.688402
8.22503,0.688402
8.26509,0.688402
8.30515,0.688402
8.34521,0.688402
8.38527,0.688402
8.42534,0.688402
8.4654,0.688402
8.50547,0.688402
8.54554,0.688402
8.5856,0.688402
8.62567,0.688402
8.66574,0.688402
8.70582,0.688402
8.74589,0.688402
8.78596,0.688402
8.82604,0.688402
8.86611,0.688402
8.90619,0.688402
8.94627,0.688402
8.98635,0.688402
9.02643,0.688402
9.06651,0.688402
9.10659,0.688402
9.14668,0.688402
9.18676,0.688402
9.22684,0.688402
9.26693,0.688402
9.30702,0.688402
9.34711,0.688402
9.3872,0.688402
9.42729,0.688402
9.46738,0.688402
9.50747,0.688402
9.54756,0.688402
9.58766,0.688402
9.62775,0.688402
9.66785,0.688402
9.70795,0.688402
9.74804,0.688402
9.78814,0.688402
9.82824,0.688402
9.86834,0.688402
9.90845,0.688402
9.94855,0.688402
9.98865,0.688402
10.0288,0.688402
10.0689,0.688402
10.109,0.688402
10.1491,0.688402
10.1892,0.688402
10.2293,0.688402
10.2694,0.688402
10.3095,0.688402
10.3496,0.688402
10.3897,0.688402
10.4299,0.688402
10.47,0.688402
10.5101,0.688402
10.5502,0.688402
10.5903,0.688402
10.6304,0.688402
10.6706,0.688402
10.7107,0.688402
10.7508,0.688402
10.7909,0.688402
10.8311,0.688402
10.8712,0.688402
10.9113,0.688402
10.9514,0.688402
10.9916,0.688402
11.0317,0.688402
11.0718,0.688402
11.1119,0.688402
11.1521,0.688402
11.1922,0.688402
11.2323,0.688402
11.2725,0.688402
11.3126,0.688402
11.3527,0.688402
11.3929,0.688402
11.433,0.688402
11.4732,0.688402
11.5133,0.688402
11.5534,0.688402
11.5936,0.688402
11.6337,0.688402
11.6739,0.688402
11.714,0.688402
11.7541,0.691805
11.7943,0.695208
11.8344,0.69861
11.8746,0.702013
11.9147,0.705416
11.9549,0.708819
11.995,0.712222
12.0352,0.715625
12.0753,0.719028
12.1155,0.722431
12.1556,0.725834
12.1958,0.729237
12.2359,0.732641
12.2761,0.736044
12.3162,0.739448
12.3564,0.742851
12.3965,0.746255
12.4367,0.749658
12.4769,0.753062
12.517,0.756466
12.5572,0.75987
12.5973,0.763274
12.6375,0.766678
12.6777,0.770082
12.7178,0.773486
12.758,0.77689
12.7981,0.780295
12.8383,0.783699
12.8785,0.787103
12.9186,0.790508
12.9588,0.793912
12.999,0.797317
13.0391,0.800722
13.0793,0.804126
13.1195,0.807531
13.1597,0.810936
13.1998,0.814341
13.24,0.817746
13.2802,0.821151
13.3203,0.824556
13.3605,0.827961
13.4007,0.831366
13.4409,0.834772
13.481,0.838177
13.5212,0.841582
13.5614,0.844988
13.6016,0.848393
13.6418,0.851799
13.6819,0.855204
13.7221,0.85861
13.7623,0.862016
13.8025,0.865422
13.8427,0.868828
13.8829,0.872233
13.923,0.875639
13.9632,0.879045
14.0034,0.882452
14.0436,0.885858
14.0838,0.889264
14.124,0.89267
14.1642,0.896076
14.2043,0.899483
14.2445,0.902889
14.2847,0.906296
14.3249,0.909702
14.3651,0.913109
14.4053,0.916515
14.4455,0.919922
14.4857,0.923329
14.5259,0.926736
14.5661,0.930143
14.6063,0.933549
14.6465,0.936956
14.6867,0.940363
14.7269,0.94377
14.7671,0.947178
14.8073,0.950585
14.8474,0.953992
14.8876,0.957399
14.9278,0.960807
14.968,0.964214
15.0083,0.967621
15.0485,0.971029
15.0887,0.974436
15.1289,0.977844
15.1691,0.981252
15.2093,0.984659
15.2495,0.988067
15.2897,0.991475
15.3299,0.994883
15.3701,0.99829
15.4103,1.0017
15.4505,1.00511
15.4907,1.00851
15.5309,1.01192
15.5711,1.01533
15.6113,1.01874
15.6515,1.02215
15.6918,1.02556
15.732,1.02896
15.7722,1.03237
15.8124,1.03578
15.8526,1.03919
15.8928,1.0426
15.933,1.04601
15.9732,1.04941
16.0135,1.05282
16.0537,1.05623
16.0939,1.05964
16.1341,1.06305
16.1743,1.06646
16.2145,1.06987
16.2548,1.07328
16.295,1.07668
16.3352,1.08009
16.3754,1.0835
16.4156,1.08691
16.4559,1.09032
16.4961,1.09373
16.5363,1.09714
16.5765,1.10055
16.6168,1.10396
16.657,1.10737
16.6972,1.11078
16.7374,1.11418
16.7776,1.11759
16.8179,1.121
16.8581,1.12441
16.8983,1.12782
16.9385,1.13123
16.9788,1.13464
17.019,1.13805
17.0592,1.14146
17.0995,1.14487
17.1397,1.14828
17.1799,1.15169
17.2201,1.1551
17.2604,1.15851
17.3006,1.16192
17.3408,1.16533
17.3811,1.16874
17.4213,1.17215
17.4615,1.17556
17.5018,1.17897
17.542,1.18238
17.5822,1.18579
17.6225,1.1892
17.6627,1.19261
17.7029,1.19602
17.7432,1.19943
17.7834,1.20284
17.8236,1.20625
17.8639,1.20966
17.9041,1.21307
17.9443,1.21648
17.9846,1.21989
18.0248,1.2233
18.0651,1.22671
18.1053,1.23012
18.1455,1.23354
18.1858,1.23695
18.226,1.24036
18.2663,1.24377
18.3065,1.24718
18.3467,1.25059
18.387,1.254
18.4272,1.25741
18.4675,1.26082
18.5077,1.26423
18.5479,1.26764
18.5882,1.27105
18.6284,1.27446
18.6687,1.27788
18.7089,1.28129
18.7492,1.2847
18.7894,1.28811
18.8296,1.29152
18.8699,1.29493
18.9101,1.29834
18.9504,1.30175
18.9906,1.30516
19.0309,1.30858
19.0711,1.31199
19.1114,1.3154
19.1516,1.31881
19.1919,1.32222
19.2321,1.32563
19.2724,1.32904
19.3126,1.33245
19.3528,1.33587
19.3931,1.33928
19.4333,1.34269
19.4736,1.3461
19.5138,1.34951
19.5541,1.35292
19.5943,1.35634
19.6346,1.35975
19.6748,1.36316
19.7151,1.36657
19.7553,1.36998
19.7956,1.37339
19.8358,1.3768
19.8761,1.38022
19.9163,1.38363
19.9566,1.38704
19.9969,1.39045
20.0371,1.39386
20.0774,1.39728
20.1176,1.40069
20.1579,1.4041
20.1981,1.40751
20.2384,1.41092
20.2786,1.41433
20.3189,1.41775
20.3591,1.42116
20.3994,1.42457
20.4396,1.42798
20.4799,1.43139
20.5201,1.43481
20.5604,1.43822
20.6007,1.44163
20.6409,1.44504
20.6812,1.44845
20.7214,1.45187
20.7617,1.45528
20.8019,1.45869
20.8422,1.4621
20.8825,1.46551
20.9227,1.46893
20.963,1.47234
21.0032,1.47575
21.0435,1.47916
21.0837,1.48258
21.124,1.48599
21.1643,1.4894
21.2045,1.49281
21.2448,1.49622
21.285,1.49964
21.3253,1.50305
21.3655,1.50646
21.4058,1.50987
21.4461,1.51329
21.4863,1.5167
21.5266,1.52011
21.5668,1.52352
21.6071,1.52693
21.6474,1.53035
21.6876,1.53376
21.7279,1.53717
21.7681,1.54058
21.8084,1.544
21.8487,1.54741
21.8889,1.55082
21.9292,1.55423
21.9694,1.55765
22.0097,1.56106
22.05,1.56447
22.0902,1.56788
22.1305,1.5713
22.1707,1.57471
22.211,1.57812
22.2513,1.58153
22.2915,1.58495
22.3318,1.58836
22.372,1.59177
22.4123,1.59518
22.4526,1.5986
22.4928,1.60201
22.5331,1.60542
22.5733,1.60883
22.6136,1.61225
22.6539,1.61566
22.6941,1.61907
22.7344,1.62248
22.7746,1.6259
22.8149,1.62931
22.8552,1.63272
22.8954,1.63613
22.9357,1.63955
22.9759,1.64296
23.0162,1.64637
23.0565,1.64978
23.0967,1.6532
23.137,1.65661
23.1787,1.66015
23.222,1.66382
23.2669,1.66762
23.3135,1.67157
23.3617,1.67565
23.4116,1.67988
23.4633,1.68427
23.5169,1.68881
23.5723,1.69351
23.6297,1.69837
23.689,1.7034
23.7504,1.7086
23.8138,1.71398
23.8794,1.71953
23.9471,1.72527
24.0171,1.7312
24.0893,1.73732
24.1638,1.74364
24.2407,1.75015
24.3199,1.75687
24.4016,1.7638
24.4858,1.77093
24.5724,1.77828
24.6616,1.78584
24.7534,1.79361
24.8478,1.80161
24.9448,1.80983
25.0444,1.81828
25.1467,1.82695
25.2517,1.83585
25.3593,1.84497
25.4697,1.85432
25.5827,1.8639
25.6984,1.87371
25.8168,1.88375
25.9379,1.89401
26.0616,1.9045
26.1879,1.9152
26.3168,1.92613
26.4483,1.93727
26.5823,1.94863
26.7187,1.96019
26.8575,1.97196
26.9987,1.98393
27.1422,1.99608
27.2878,2.00843
27.4356,2.02095
27.5854,2.03365
27.7371,2.04651
27.8906,2.05952
28.0459,2.07269
28.2029,2.08599
28.3613,2.09941
28.5211,2.11296
28.6822,2.12661
28.8444,2.14036
29.0076,2.15419
29.1716,2.1681
29.3364,2.18207
29.5018,2.19609
29.6676,2.21014
29.8337,2.22422
30,2.23831
30.1663,2.2524
-0.0397757,1.62788
0,1.62788
0.0397757,1.62788
0.0795531,1.62788
0.119332,1.62788
0.159113,1.62788
0.198895,1.62788
0.238679,1.62788
0.278465,1.62788
0.318252,1.62788
0.358041,1.62788
0.397832,1.62788
0.437624,1.62788
0.477418,1.62788
0.517214,1.62788
0.557011,1.62788
0.59681,1.62788
0.636611,1.62788
0.676413,1.62788
0.716217,1.62788
0.756022,1.62788
0.795829,1.62788
0.835638,1.62788
0.875448,1.62788
0.91526,1.62788
0.955073,1.62788
0.994888,1.62788
1.0347,1.62788
1.07452,1.62788
1.11434,1.62788
1.15416,1.62788
1.19399,1.62788
1.23381,1.62788
1.27364,1.62788
1.31347,1.62788
1.3533,1.62788
1.39313,1.62788
1.43296,1.62788
1.47279,1.62788
1.51263,1.62788
1.55247,1.62788
1.59231,1.62788
1.63215,1.62788
1.67199,1.62788
1.71183,1.62788
1.75168,1.62788
1.79152,1.62788
1.83137,1.62788
1.87122,1.62788
1.91107,1.62788
1.95092,1.62788
1.99078,1.62788
2.03063,1.62788
2.07049,1.62788
2.11035,1.62788
2.15021,1.62788
2.19007,1.62788
2.22994,1.62788
2.2698,1.62788
2.30967,1.62788
2.34954,1.62788
2.38941,1.62788
2.42928,1.62788
2.46915,1.62788
2.50902,1.62788
2.5489,1.62788
2.58878,1.62788
2.62865,1.62788
2.66853,1.62788
2.70842,1.62788
2.7483,1.62788
2.78818,1.62788
2.82807,1.62788
2.86796,1.62788
2.90785,1.62788
2.94774,1.62788
2.98763,1.62788
3.02752,1.62788
3.06742,1.62788
3.10731,1.62788
3.14721,1.62788
3.18711,1.62788
3.22701,1.62788
3.26691,1.62788
3.30681,1.62788
3.34672,1.62788
3.38663,1.62788
3.42653,1.61678
3.46644,1.60567
3.50635,1.59457
3.54627,1.58346
3.58618,1.57236
3.62609,1.56126
3.66601,1.55015
3.70593,1.53904
3.74585,1.52794
3.78577,1.51683
3.82569,1.50573
3.86561,1.49462
3.90554,1.48351
3.94546,1.4724
3.98539,1.46129
4.02532,1.45019
4.06525,1.43908
4.10518,1.42797
4.14511,1.41686
4.18505,1.40575
4.22499,1.39464
4.26492,1.38353
4.30486,1.37241
4.3448,1.3613
4.38474,1.35019
4.42468,1.33908
4.46463,1.32797
4.50457,1.31685
4.54452,1.30574
4.58447,1.29462
4.62442,1.28351
4.66437,1.2724
4.70432,1.26128
4.74427,1.25016
4.78423,1.23905
4.82419,1.22793
4.86414,1.21682
4.9041,1.2057
4.94406,1.19458
4.98402,1.18346
5.02399,1.17235
5.06395,1.16123
5.10392,1.15011
5.14388,1.13899
5.18385,1.12787
5.22382,1.11675
5.26379,1.10563
5.30376,1.09451
5.34373,1.08339
5.38371,1.07227
5.42369,1.06115
5.46366,1.05002
5.50364,1.0389
5.54362,1.02778
5.5836,1.01665
5.62358,1.00553
5.66357,0.994407
5.70355,0.983283
5.74354,0.970187
5.78352,0.95709
5.82351,0.943993
5.8635,0.930896
5.90349,0.917798
5.94349,0.9047
5.98348,0.891601
6.02347,0.878502
6.06347,0.865403
6.10347,0.852303
6.14347,0.839202
6.18347,0.826102
6.22347,0.813001
6.26347,0.799899
6.30347,0.786797
6.34348,0.773695
6.38348,0.760592
6.42349,0.747489
6.4635,0.745516
6.50351,0.743543
6.54352,0.74157
6.58353,0.739598
6.62354,0.737625
6.66356,0.735651
6.70357,0.733678
6.74359,0.731705
6.78361,0.729732
6.82363,0.727759
6.86365,0.725785
6.90367,0.723812
6.94369,0.721838
6.98372,0.719865
7.02374,0.717891
7.06377,0.715918
7.1038,0.713944
7.14382,0.71197
7.18385,0.709996
7.22388,0.708023
7.26392,0.706049
7.30395,0.704075
7.34398,0.704075
7.38402,0.704075
7.42406,0.704075
7.46409,0.704075
7.50413,0.704075
7.54417,0.704075
7.58421,0.704075
7.62426,0.704075
7.6643,0.704075
7.70434,0.704075
7.74439,0.704075
7.78444,0.704075
7.82448,0.704075
7.86453,0.704075
7.90458,0.704075
7.94464,0.704075
7.98469,0.704075
8.02474,0.704075
8.0648,0.704075
8.10485,0.704075
8.14491,0.704075
8.18497,0.704075
8.22503,0.704075
8.26509,0.704075
8.30515,0.704075
8.34521,0.704075
8.38527,0.704075
8.42534,0.704075
8.4654,0.704075
8.50547,0.704075
8.54554,0.704075
8.5856,0.704075
8.62567,0.704075
8.66574,0.704075
8.70582,0.704075
8.74589,0.704075
8.78596,0.704075
8.82604,0.704075
8.86611,0.704075
8.90619,0.704075
8.94627,0.704075
8.98635,0.704075
9.02643,0.704075
9.06651,0.704075
9.10659,0.704075
9.14668,0.704075
9.18676,0.704075
9.22684,0.704075
9.26693,0.704075
9.30702,0.704075
9.34711,0.704075
9.3872,0.704075
9.42729,0.704075
9.46738,0.704075
9.50747,0.704075
9.54756,0.704075
9.58766,0.704075
9.62775,0.704075
9.66785,0.704075
9.70795,0.704075
9.74804,0.704075
9.78814,0.704075
9.82824,0.704075
9.86834,0.704075
9.90845,0.704075
9.94855,0.704075
9.98865,0.704075
10.0288,0.704075
10.0689,0.704075
10.109,0.704075
10.1491,0.704075
10.1892,0.704075
10.2293,0.704075
10.2694,0.704075
10.3095,0.704075
10.3496,0.704075
10.3897,0.704075
10.4299,0.704075
10.47,0.704075
10.5101,0.704075
10.5502,0.704075
10.5903,0.704075
10.6304,0.704075
10.6706,0.704075
10.7107,0.704075
10.7508,0.704075
10.7909,0.704075
10.8311,0.704075
10.8712,0.704075
10.9113,0.704075
10.9514,0.704075
10.9916,0.704075
11.0317,0.704075
11.0718,0.704075
11.1119,0.704075
11.1521,0.704075
11.1922,0.704075
11.2323,0.704075
11.2725,0.704075
11.3126,0.704075
11.3527,0.704075
11.3929,0.704075
11.433,0.704075
11.4732,0.704075
11.5133,0.704075
11.5534,0.704075
11.5936,0.704075
11.6337,0.704075
11.6739,0.704075
11.714,0.704075
11.7541,0.707555
11.7943,0.711035
11.8344,0.714515
11.8746,0.717995
11.9147,0.721475
11.9549,0.724956
11.995,0.728436
12.0352,0.731917
12.0753,0.735397
12.1155,0.738878
12.1556,0.742359
12.1958,0.745839
12.2359,0.74932
12.2761,0.752801
12.3162,0.756282
12.3564,0.759763
12.3965,0.763244
12.4367,0.766725
12.4769,0.770207
12.517,0.773688
12.5572,0.777169
12.5973,0.780651
12.6375,0.784132
12.6777,0.787614
12.7178,0.791095
12.758,0.794577
12.7981,0.798059
12.8383,0.801541
12.8785,0.805023
12.9186,0.808505
12.9588,0.811987
12.999,0.815469
13.0391,0.818951
13.0793,0.822433
13.1195,0.825916
13.1597,0.829398
13.1998,0.83288
13.24,0.836363
13.2802,0.839845
13.3203,0.843328
13.3605,0.846811
13.4007,0.850293
13.4409,0.853776
13.481,0.857259
13.5212,0.860742
13.5614,0.864225
13.6016,0.867708
13.6418,0.871191
13.6819,0.874674
13.7221,0.878157
13.7623,0.881641
13.8025,0.885124
13.8427,0.888607
13.8829,0.892091
13.923,0.895574
13.9632,0.899058
14.0034,0.902542
14.0436,0.906025
14.0838,0.909509
14.124,0.912993
14.1642,0.916477
14.2043,0.919961
14.2445,0.923445
14.2847,0.926929
14.3249,0.930413
14.3651,0.933897
14.4053,0.937381
14.4455,0.940865
14.4857,0.94435
14.5259,0.947834
14.5661,0.951318
14.6063,0.954803
14.6465,0.958287
14.6867,0.961772
14.7269,0.965256
14.7671,0.968741
14.8073,0.972226
14.8474,0.975711
14.8876,0.979196
14.9278,0.98268
14.968,0.986165
15.0083,0.98965
15.0485,0.993135
15.0887,0.99662
15.1289,1.00011
15.1691,1.00359
15.2093,1.00708
15.2495,1.01056
15.2897,1.01405
15.3299,1.01753
15.3701,1.02102
15.4103,1.0245
15.4505,1.02799
15.4907,1.03147
15.5309,1.03496
15.5711,1.03845
15.6113,1.04193
15.6515,1.04542
15.6918,1.0489
15.732,1.05239
15.7722,1.05587
15.8124,1.05936
15.8526,1.06285
15.8928,1.06633
15.933,1.06982
15.9732,1.07331
16.0135,1.07679
16.0537,1.08028
16.0939,1.08376
16.1341,1.08725
16.1743,1.09074
16.2145,1.09422
16.2548,1.09771
16.295,1.1012
16.3352,1.10468
16.3754,1.10817
16.4156,1.11166
16.4559,1.11514
16.4961,1.11863
16.5363,1.12212
16.5765,1.1256
16.6168,1.12909
16.657,1.13258
16.6972,1.13606
16.7374,1.13955
16.7776,1.14304
16.8179,1.14652
16.8581,1.15001
16.8983,1.1535
16.9385,1.15699
16.9788,1.16047
17.019,1.16396
17.0592,1.16745
17.0995,1.17094
17.1397,1.17442
17.1799,1.17791
17.2201,1.1814
17.2604,1.18488
17.3006,1.18837
17.3408,1.19186
17.3811,1.19535
17.4213,1.19883
17.4615,1.20232
17.5018,1.20581
17.542,1.2093
17.5822,1.21279
17.6225,1.21627
17.6627,1.21976
17.7029,1.22325
17.7432,1.22674
17.7834,1.23023
17.8236,1.23371
17.8639,1.2372
17.9041,1.24069
17.9443,1.24418
17.9846,1.24767
18.0248,1.25115
18.0651,1.25464
18.1053,1.25813
18.1455,1.26162
18.1858,1.26511
18.226,1.26859
18.2663,1.27208
18.3065,1.27557
18.3467,1.27906
18.387,1.28255
18.4272,1.28604
18.4675,1.28953
18.5077,1.29301
18.5479,1.2965
18.5882,1.29999
18.6284,1.30348
18.6687,1.30697
18.7089,1.31046
18.7492,1.31395
18.7894,1.31743
18.8296,1.32092
18.8699,1.32441
18.9101,1.3279
18.9504,1.33139
18.9906,1.33488
19.0309,1.33837
19.0711,1.34186
19.1114,1.34534
19.1516,1.34883
19.1919,1.35232
19.2321,1.35581
19.2724,1.3593
19.3126,1.36279
19.3528,1.36628
19.3931,1.36977
19.4333,1.37326
19.4736,1.37675
19.5138,1.38024
19.5541,1.38372
19.5943,1.38721
19.6346,1.3907
19.6748,1.39419
19.7151,1.39768
19.7553,1.40117
19.7956,1.40466
19.8358,1.40815
19.8761,1.41164
19.9163,1.41513
19.9566,1.41862
19.9969,1.42211
20.0371,1.4256
20.0774,1.42909
20.1176,1.43258
20.1579,1.43606
20.1981,1.43955
20.2384,1.44304
20.2786,1.44653
20.3189,1.45002
20.3591,1.45351
20.3994,1.457
20.4396,1.46049
20.4799,1.46398
20.5201,1.46747
20.5604,1.47096
20.6007,1.47445
20.6409,1.47794
20.6812,1.48143
20.7214,1.48492
20.7617,1.48841
20.8019,1.4919
20.8422,1.49539
20.8825,1.49888
20.9227,1.50237
20.963,1.50586
21.0032,1.50935
21.0435,1.51284
21.0837,1.51633
21.124,1.51982
21.1643,1.52331
21.2045,1.5268
21.2448,1.53029
21.285,1.53378
21.3253,1.53727
21.3655,1.54076
21.4058,1.54425
21.4461,1.54774
21.4863,1.55123
21.5266,1.55472
21.5668,1.55821
21.6071,1.5617
21.6474,1.56519
21.6876,1.56868
21.7279,1.57217
21.7681,1.57566
21.8084,1.57915
21.8487,1.58264
21.8889,1.58613
21.9292,1.58962
21.9694,1.59311
22.0097,1.5966
22.05,1.60009
22.0902,1.60358
22.1305,1.60707
22.1707,1.61056
22.211,1.61405
22.2513,1.61754
22.2915,1.62103
22.3318,1.62452
22.372,1.62801
22.4123,1.6315
22.4526,1.63499
22.4928,1.63848
22.5331,1.64197
22.5733,1.64546
22.6136,1.64895
22.6539,1.65244
22.6941,1.65593
22.7344,1.65942
22.7746,1.66291
22.8149,1.6664
22.8552,1.66989
22.8954,1.67338
22.9357,1.67687
22.9759,1.68036
23.0162,1.68385
23.0565,1.68734
23.0967,1.69083
23.137,1.69432
23.1787,1.69794
23.222,1.7017
23.2669,1.70559
23.3135,1.70962
23.3617,1.7138
23.4116,1.71813
23.4633,1.72261
23.5169,1.72726
23.5723,1.73206
23.6297,1.73703
23.689,1.74218
23.7504,1.7475
23.8138,1.753
23.8794,1.75868
23.9471,1.76455
24.0171,1.77062
24.0893,1.77688
24.1638,1.78334
24.2407,1.79
24.3199,1.79687
24.4016,1.80395
24.4858,1.81125
24.5724,1.81876
24.6616,1.82649
24.7534,1.83445
24.8478,1.84263
24.9448,1.85104
25.0444,1.85967
25.1467,1.86854
25.2517,1.87764
25.3593,1.88697
25.4697,1.89654
25.5827,1.90634
25.6984,1.91637
25.8168,1.92663
25.9379,1.93713
26.0616,1.94785
26.1879,1.9588
26.3168,1.96998
26.4483,1.98138
26.5823,1.99299
26.7187,2.00482
26.8575,2.01685
26.9987,2.02909
27.1422,2.04153
27.2878,2.05415
27.4356,2.06696
27.5854,2.07995
27.7371,2.0931
27.8906,2.10641
28.0459,2.11987
28.2029,2.13348
28.3613,2.14721
28.5211,2.16106
28.6822,2.17503
28.8444,2.18909
29.0076,2.20324
29.1716,2.21746
29.3364,2.23175
29.5018,2.24608
29.6676,2.26046
29.8337,2.27486
30,2.28927
30.1663,2.30368
-0.0397757,1.65816
0,1.65816
0.0397757,1.65816
0.0795531,1.65816
0.119332,1.65816
0.159113,1.65816
0.198895,1.65816
0.238679,1.65816
0.278465,1.65816
0.318252,1.65816
0.358041,1.65816
0.397832,1.65816
0.437624,1.65816
0.477418,1.65816
0.517214,1.65816
0.557011,1.65816
0.59681,1.65816
0.636611,1.65816
0.676413,1.65816
0.716217,1.65816
0.756022,1.65816
0.795829,1.65816
0.835638,1.65816
0.875448,1.65816
0.91526,1.65816
0.955073,1.65816
0.994888,1.65816
1.0347,1.65816
1.07452,1.65816
1.11434,1.65816
1.15416,1.65816
1.19399,1.65816
1.23381,1.65816
1.27364,1.65816
1.31347,1.65816
1.3533,1.65816
1.39313,1.65816
1.43296,1.65816
1.47279,1.65816
1.51263,1.65816
1.55247,1.65816
1.59231,1.65816
1.63215,1.65816
1.67199,1.65816
1.71183,1.65816
1.75168,1.65816
1.79152,1.65816
1.83137,1.65816
1.87122,1.65816
1.91107,1.65816
1.95092,1.65816
1.99078,1.65816
2.03063,1.65816
2.07049,1.65816
2.11035,1.65816
2.15021,1.65816
2.19007,1.65816
2.22994,1.65816
2.2698,1.65816
2.30967,1.65816
2.34954,1.65816
2.38941,1.65816
2.42928,1.65816
2.46915,1.65816
2.50902,1.65816
2.5489,1.65816
2.58878,1.65816
2.62865,1.65816
2.66853,1.65816
2.70842,1.65816
2.7483,1.65816
2.78818,1.65816
2.82807,1.65816
2.86796,1.65816
2.90785,1.65816
2.94774,1.65816
2.98763,1.65816
3.02752,1.65816
3.06742,1.65816
3.10731,1.65816
3.14721,1.65816
3.18711,1.65816
3.22701,1.65816
3.26691,1.65816
3.30681,1.65816
3.34672,1.65816
3.38663,1.65816
3.42653,1.64681
3.46644,1.63546
3.50635,1.62411
3.54627,1.61276
3.58618,1.60141
3.62609,1.59006
3.66601,1.57871
3.70593,1.56735
3.74585,1.556
3.78577,1.54465
3.82569,1.53329
3.86561,1.52194
3.90554,1.51059
3.94546,1.49923
3.98539,1.48787
4.02532,1.47652
4.06525,1.46516
4.10518,1.45381
4.14511,1.44245
4.18505,1.43109
4.22499,1.41973
4.26492,1.40838
4.30486,1.39702
4.3448,1.38566
4.38474,1.3743
4.42468,1.36294
4.46463,1.35158
4.50457,1.34022
4.54452,1.32886
4.58447,1.3175
4.62442,1.30613
4.66437,1.29477
4.70432,1.28341
4.74427,1.27205
4.78423,1.26068
4.82419,1.24932
4.86414,1.23796
4.9041,1.22659
4.94406,1.21523
4.98402,1.20386
5.02399,1.1925
5.06395,1.18113
5.10392,1.16977
5.14388,1.1584
5.18385,1.14703
5.22382,1.13566
5.26379,1.1243
5.30376,1.11293
5.34373,1.10156
5.38371,1.09019
5.42369,1.07882
5.46366,1.06745
5.50364,1.05608
5.54362,1.04471
5.5836,1.03334
5.62358,1.02197
5.66357,1.0106
5.70355,0.999228
5.74354,0.985988
5.78352,0.972749
5.82351,0.959509
5.8635,0.946268
5.90349,0.933027
5.94349,0.919785
5.98348,0.906544
6.02347,0.893301
6.06347,0.880059
6.10347,0.866816
6.14347,0.853572
6.18347,0.840328
6.22347,0.827084
6.26347,0.813839
6.30347,0.800594
6.34348,0.787349
6.38348,0.774103
6.42349,0.760856
6.4635,0.758988
6.50351,0.75712
6.54352,0.755251
6.58353,0.753383
6.62354,0.751514
6.66356,0.749645
6.70357,0.747777
6.74359,0.745908
6.78361,0.744039
6.82363,0.742171
6.86365,0.740302
6.90367,0.738433
6.94369,0.736564
6.98372,0.734695
7.02374,0.732826
7.06377,0.730956
7.1038,0.729087
7.14382,0.727218
7.18385,0.725349
7.22388,0.723479
7.26392,0.72161
7.30395,0.71974
7.34398,0.71974
7.38402,0.71974
7.42406,0.71974
7.46409,0.71974
7.50413,0.71974
7.54417,0.71974
7.58421,0.71974
7.62426,0.71974
7.6643,0.71974
7.70434,0.71974
7.74439,0.71974
7.78444,0.71974
7.82448,0.71974
7.86453,0.71974
7.90458,0.71974
7.94464,0.71974
7.98469,0.71974
8.02474,0.71974
8.0648,0.71974
8.10485,0.71974
8.14491,0.71974
8.18497,0.71974
8.22503,0.71974
8.26509,0.71974
8.30515,0.71974
8.34521,0.71974
8.38527,0.71974
8.42534,0.71974
8.4654,0.71974
8.50547,0.71974
8.54554,0.71974
8.5856,0.71974
8.62567,0.71974
8.66574,0.71974
8.70582,0.71974
8.74589,0.71974
8.78596,0.71974
8.82604,0.71974
8.86611,0.71974
8.90619,0.71974
8.94627,0.71974
8.98635,0.71974
9.02643,0.71974
9.06651,0.71974
9.10659,0.71974
9.14668,0.71974
9.18676,0.71974
9.22684,0.71974
9.26693,0.71974
9.30702,0.71974
9.34711,0.71974
9.3872,0.71974
9.42729,0.71974
9.46738,0.71974
9.50747,0.71974
9.54756,0.71974
9.58766,0.71974
9.62775,0.71974
9.66785,0.71974
9.70795,0.71974
9.74804,0.71974
9.78814,0.71974
9.82824,0.71974
9.86834,0.71974
9.90845,0.71974
9.94855,0.71974
9.98865,0.71974
10.0288,0.71974
10.0689,0.71974
10.109,0.71974
10.1491,0.71974
10.1892,0.71974
10.2293,0.71974
10.2694,0.71974
10.3095,0.71974
10.3496,0.71974
10.3897,0.71974
10.4299,0.71974
10.47,0.71974
10.5101,0.71974
10.5502,0.71974
10.5903,0.71974
10.6304,0.71974
10.6706,0.71974
10.7107,0.71974
10.7508,0.71974
10.7909,0.71974
10.8311,0.71974
10.8712,0.71974
10.9113,0.71974
10.9514,0.71974
10.9916,0.71974
11.0317,0.71974
11.0718,0.71974
11.1119,0.71974
11.1521,0.71974
11.1922,0.71974
11.2323,0.71974
11.2725,0.71974
11.3126,0.71974
11.3527,0.71974
11.3929,0.71974
11.433,0.71974
11.4732,0.71974
11.5133,0.71974
11.5534,0.71974
11.5936,0.71974
11.6337,0.71974
11.6739,0.71974
11.714,0.71974
11.7541,0.723298
11.7943,0.726855
11.8344,0.730413
11.8746,0.73397
11.9147,0.737528
11.9549,0.741086
11.995,0.744644
12.0352,0.748202
12.0753,0.75176
12.1155,0.755318
12.1556,0.758876
12.1958,0.762434
12.2359,0.765992
12.2761,0.769551
12.3162,0.773109
12.3564,0.776668
12.3965,0.780226
12.4367,0.783785
12.4769,0.787344
12.517,0.790902
12.5572,0.794461
12.5973,0.79802
12.6375,0.801579
12.6777,0.805138
12.7178,0.808697
12.758,0.812256
12.7981,0.815816
12.8383,0.819375
12.8785,0.822934
12.9186,0.826494
12.9588,0.830053
12.999,0.833613
13.0391,0.837173
13.0793,0.840732
13.1195,0.844292
13.1597,0.847852
13.1998,0.851412
13.24,0.854972
13.2802,0.858532
13.3203,0.862092
13.3605,0.865652
13.4007,0.869212
13.4409,0.872773
13.481,0.876333
13.5212,0.879893
13.5614,0.883454
13.6016,0.887014
13.6418,0.890575
13.6819,0.894136
13.7221,0.897696
13.7623,0.901257
13.8025,0.904818
13.8427,0.908379
13.8829,0.91194
13.923,0.915501
13.9632,0.919062
14.0034,0.922623
14.0436,0.926184
14.0838,0.929745
14.124,0.933307
14.1642,0.936868
14.2043,0.94043
14.2445,0.943991
14.2847,0.947553
14.3249,0.951114
14.3651,0.954676
14.4053,0.958238
14.4455,0.961799
14.4857,0.965361
14.5259,0.968923
14.5661,0.972485
14.6063,0.976047
14.6465,0.979609
14.6867,0.983171
14.7269,0.986733
14.7671,0.990296
14.8073,0.993858
14.8474,0.99742
14.8876,1.00098
14.9278,1.00454
14.968,1.00811
15.0083,1.01167
15.0485,1.01523
15.0887,1.0188
15.1289,1.02236
15.1691,1.02592
15.2093,1.02948
15.2495,1.03305
15.2897,1.03661
15.3299,1.04017
15.3701,1.04374
15.4103,1.0473
15.4505,1.05086
15.4907,1.05442
15.5309,1.05799
15.5711,1.06155
15.6113,1.06511
15.6515,1.06868
15.6918,1.07224
15.732,1.0758
15.7722,1.07937
15.8124,1.08293
15.8526,1.0865
15.8928,1.09006
15.933,1.09362
15.9732,1.09719
16.0135,1.10075
16.0537,1.10431
16.0939,1.10788
16.1341,1.11144
16.1743,1.11501
16.2145,1.11857
16.2548,1.12213
16.295,1.1257
16.3352,1.12926
16.3754,1.13283
16.4156,1.13639
16.4559,1.13995
16.4961,1.14352
16.5363,1.14708
16.5765,1.15065
16.6168,1.15421
16.657,1.15778
16.6972,1.16134
16.7374,1.16491
16.7776,1.16847
16.8179,1.17203
16.8581,1.1756
16.8983,1.17916
16.9385,1.18273
16.9788,1.18629
17.019,1.18986
17.0592,1.19342
17.0995,1.19699
17.1397,1.20055
17.1799,1.20412
17.2201,1.20768
17.2604,1.21125
17.3006,1.21481
17.3408,1.21838
17.3811,1.22194
17.4213,1.22551
17.4615,1.22907
17.5018,1.23264
17.542,1.2362
17.5822,1.23977
17.6225,1.24334
17.6627,1.2469
17.7029,1.25047
17.7432,1.25403
17.7834,1.2576
17.8236,1.26116
17.8639,1.26473
17.9041,1.26829
17.9443,1.27186
17.9846,1.27543
18.0248,1.27899
18.0651,1.28256
18.1053,1.28612
18.1455,1.28969
18.1858,1.29325
18.226,1.29682
18.2663,1.30039
18.3065,1.30395
18.3467,1.30752
18.387,1.31108
18.4272,1.31465
18.4675,1.31822
18.5077,1.32178
18.5479,1.32535
18.5882,1.32892
18.6284,1.33248
18.6687,1.33605
18.7089,1.33961
18.7492,1.34318
18.7894,1.34675
18.8296,1.35031
18.8699,1.35388
18.9101,1.35745
18.9504,1.36101
18.9906,1.36458
19.0309,1.36815
19.0711,1.37171
19.1114,1.37528
19.1516,1.37885
19.1919,1.38241
19.2321,1.38598
19.2724,1.38954
19.3126,1.39311
19.3528,1.39668
19.3931,1.40025
19.4333,1.40381
19.4736,1.40738
19.5138,1.41095
19.5541,1.41451
19.5943,1.41808
19.6346,1.42165
19.6748,1.42521
19.7151,1.42878
19.7553,1.43235
19.7956,1.43591
19.8358,1.43948
19.8761,1.44305
19.9163,1.44661
19.9566,1.45018
19.9969,1.45375
20.0371,1.45732
20.0774,1.46088
20.1176,1.46445
20.1579,1.46802
20.1981,1.47158
20.2384,1.47515
20.2786,1.47872
20.3189,1.48229
20.3591,1.48585
20.3994,1.48942
20.4396,1.49299
20.4799,1.49655
20.5201,1.50012
20.5604,1.50369
20.6007,1.50726
20.6409,1.51082
20.6812,1.51439
20.7214,1.51796
20.7617,1.52153
20.8019,1.52509
20.8422,1.52866
20.8825,1.53223
20.9227,1.5358
20.963,1.53936
21.0032,1.54293
21.0435,1.5465
21.0837,1.55007
21.124,1.55363
21.1643,1.5572
21.2045,1.56077
21.2448,1.56434
21.285,1.5679
21.3253,1.57147
21.3655,1.57504
21.4058,1.57861
21.4461,1.58217
21.4863,1.58574
21.5266,1.58931
21.5668,1.59288
21.6071,1.59644
21.6474,1.60001
21.6876,1.60358
21.7279,1.60715
21.7681,1.61072
21.8084,1.61428
21.8487,1.61785
21.8889,1.62142
21.9292,1.62499
21.9694,1.62855
22.0097,1.63212
22.05,1.63569
22.0902,1.63926
22.1305,1.64283
22.1707,1.64639
22.211,1.64996
22.2513,1.65353
22.2915,1.6571
22.3318,1.66066
22.372,1.66423
22.4123,1.6678
22.4526,1.67137
22.4928,1.67494
22.5331,1.6785
22.5733,1.68207
22.6136,1.68564
22.6539,1.68921
22.6941,1.69277
22.7344,1.69634
22.7746,1.69991
22.8149,1.70348
22.8552,1.70705
22.8954,1.71061
22.9357,1.71418
22.9759,1.71775
23.0162,1.72132
23.0565,1.72489
23.0967,1.72845
23.137,1.73202
23.1787,1.73572
23.222,1.73956
23.2669,1.74354
23.3135,1.74766
23.3617,1.75193
23.4116,1.75636
23.4633,1.76094
23.5169,1.76569
23.5723,1.7706
23.6297,1.77568
23.689,1.78094
23.7504,1.78638
23.8138,1.792
23.8794,1.79781
23.9471,1.80381
24.0171,1.81001
24.0893,1.81641
24.1638,1.82301
24.2407,1.82983
24.3199,1.83685
24.4016,1.84409
24.4858,1.85155
24.5724,1.85923
24.6616,1.86713
24.7534,1.87526
24.8478,1.88363
24.9448,1.89222
25.0444,1.90105
25.1467,1.91012
25.2517,1.91942
25.3593,1.92896
25.4697,1.93874
25.5827,1.94875
25.6984,1.95901
25.8168,1.9695
25.9379,1.98023
26.0616,1.99119
26.1879,2.00239
26.3168,2.01381
26.4483,2.02546
26.5823,2.03733
26.7187,2.04943
26.8575,2.06173
26.9987,2.07424
27.1422,2.08695
27.2878,2.09986
27.4356,2.11295
27.5854,2.12623
27.7371,2.13967
27.8906,2.15328
28.0459,2.16704
28.2029,2.18095
28.3613,2.19499
28.5211,2.20915
28.6822,2.22342
28.8444,2.2378
29.0076,2.25226
29.1716,2.2668
29.3364,2.2814
29.5018,2.29606
29.6676,2.31075
29.8337,2.32547
30,2.34021
30.1663,2.35494
-0.0397757,1.68844
0,1.68844
0.0397757,1.68844
0.0795531,1.68844
0.119332,1.68844
0.159113,1.68844
0.198895,1.68844
0.238679,1.68844
0.278465,1.68844
0.318252,1.68844
0.358041,1.68844
0.397832,1.68844
0.437624,1.68844
0.477418,1.68844
0.517214,1.68844
0.557011,1.68844
0.59681,1.68844
0.636611,1.68844
0.676413,1.68844
0.716217,1.68844
0.756022,1.68844
0.795829,1.68844
0.835638,1.68844
0.875448,1.68844
0.91526,1.68844
0.955073,1.68844
0.994888,1.68844
1.0347,1.68844
1.07452,1.68844
1.11434,1.68844
1.15416,1.68844
1.19399,1.68844
1.23381,1.68844
1.27364,1.68844
1.31347,1.68844
1.3533,1.68844
1.39313,1.68844
1.43296,1.68844
1.47279,1.68844
1.51263,1.68844
1.55247,1.68844
1.59231,1.68844
1.63215,1.68844
1.67199,1.68844
1.71183,1.68844
1.75168,1.68844
1.79152,1.68844
1.83137,1.68844
1.87122,1.68844
1.91107,1.68844
1.95092,1.68844
1.99078,1.68844
2.03063,1.68844
2.07049,1.68844
2.11035,1.68844
2.15021,1.68844
2.19007,1.68844
2.22994,1.68844
2.2698,1.68844
2.30967,1.68844
2.34954,1.68844
2.38941,1.68844
2.42928,1.68844
2.46915,1.68844
2.50902,1.68844
2.5489,1.68844
2.58878,1.68844
2.62865,1.68844
2.66853,1.68844
2.70842,1.68844
2.7483,1.68844
2.78818,1.68844
2.82807,1.68844
2.86796,1.68844
2.90785,1.68844
2.94774,1.68844
2.98763,1.68844
3.02752,1.68844
3.06742,1.68844
3.10731,1.68844
3.14721,1.68844
3.18711,1.68844
3.22701,1.68844
3.26691,1.68844
3.30681,1.68844
3.34672,1.68844
3.38663,1.68844
3.42653,1.67684
3.46644,1.66524
3.50635,1.65365
3.54627,1.64205
3.58618,1.63045
3.62609,1.61885
3.66601,1.60725
3.70593,1.59565
3.74585,1.58405
3.78577,1.57245
3.82569,1.56085
3.86561,1.54925
3.90554,1.53765
3.94546,1.52605
3.98539,1.51444
4.02532,1.50284
4.06525,1.49124
4.10518,1.47963
4.14511,1.46803
4.18505,1.45642
4.22499,1.44482
4.26492,1.43321
4.30486,1.42161
4.3448,1.41
4.38474,1.3984
4.42468,1.38679
4.46463,1.37518
4.50457,1.36357
4.54452,1.35197
4.58447,1.34036
4.62442,1.32875
4.66437,1.31714
4.70432,1.30553
4.74427,1.29392
4.78423,1.28231
4.82419,1.2707
4.86414,1.25909
4.9041,1.24748
4.94406,1.23586
4.98402,1.22425
5.02399,1.21264
5.06395,1.20103
5.10392,1.18941
5.14388,1.1778
5.18385,1.16618
5.22382,1.15457
5.26379,1.14295
5.30376,1.13134
5.34373,1.11972
5.38371,1.10811
5.42369,1.09649
5.46366,1.08487
5.50364,1.07326
5.54362,1.06164
5.5836,1.05002
5.62358,1.0384
5.66357,1.02678
5.70355,1.01517
5.74354,1.00178
5.78352,0.9884
5.82351,0.975017
5.8635,0.961633
5.90349,0.948249
5.94349,0.934864
5.98348,0.921479
6.02347,0.908094
6.06347,0.894708
6.10347,0.881322
6.14347,0.867935
6.18347,0.854548
6.22347,0.841161
6.26347,0.827773
6.30347,0.814385
6.34348,0.800996
6.38348,0.787607
6.42349,0.774217
6.4635,0.772453
6.50351,0.77069
6.54352,0.768925
6.58353,0.767161
6.62354,0.765397
6.66356,0.763633
6.70357,0.761869
6.74359,0.760104
6.78361,0.75834
6.82363,0.756576
6.86365,0.754811
6.90367,0.753047
6.94369,0.751282
6.98372,0.749518
7.02374,0.747753
7.06377,0.745988
7.1038,0.744223
7.14382,0.742459
7.18385,0.740694
7.22388,0.738929
7.26392,0.737164
7.30395,0.735399
7.34398,0.735399
7.38402,0.735399
7.42406,0.735399
7.46409,0.735399
7.50413,0.735399
7.54417,0.735399
7.58421,0.735399
7.62426,0.735399
7.6643,0.735399
7.70434,0.735399
7.74439,0.735399
7.78444,0.735399
7.82448,0.735399
7.86453,0.735399
7.90458,0.735399
7.94464,0.735399
7.98469,0.735399
8.02474,0.735399
8.0648,0.735399
8.10485,0.735399
8.14491,0.735399
8.18497,0.735399
8.22503,0.735399
8.26509,0.735399
8.30515,0.735399
8.34521,0.735399
8.38527,0.735399
8.42534,0.735399
8.4654,0.735399
8.50547,0.735399
8.54554,0.735399
8.5856,0.735399
8.62567,0.735399
8.66574,0.735399
8.70582,0.735399
8.74589,0.735399
8.78596,0.735399
8.82604,0.735399
8.86611,0.735399
8.90619,0.735399
8.94627,0.735399
8.98635,0.735399
9.02643,0.735399
9.06651,0.735399
9.10659,0.735399
9.14668,0.735399
9.18676,0.735399
9.22684,0.735399
9.26693,0.735399
9.30702,0.735399
9.34711,0.735399
9.3872,0.735399
9.42729,0.735399
9.46738,0.735399
9.50747,0.735399
9.54756,0.735399
9.58766,0.735399
9.62775,0.735399
9.66785,0.735399
9.70795,0.735399
9.74804,0.735399
9.78814,0.735399
9.82824,0.735399
9.86834,0.735399
9.90845,0.735399
9.94855,0.735399
9.98865,0.735399
10.0288,0.735399
10.0689,0.735399
10.109,0.735399
10.1491,0.735399
10.1892,0.735399
10.2293,0.735399
10.2694,0.735399
10.3095,0.735399
10.3496,0.735399
10.3897,0.735399
10.4299,0.735399
10.47,0.735399
10.5101,0.735399
10.5502,0.735399
10.5903,0.735399
10.6304,0.735399
10.6706,0.735399
10.7107,0.735399
10.7508,0.735399
10.7909,0.735399
10.8311,0.735399
10.8712,0.735399
10.9113,0.735399
10.9514,0.735399
10.9916,0.735399
11.0317,0.735399
11.0718,0.735399
11.1119,0.735399
11.1521,0.735399
11.1922,0.735399
11.2323,0.735399
11.2725,0.735399
11.3126,0.735399
11.3527,0.735399
11.3929,0.735399
11.433,0.735399
11.4732,0.735399
11.5133,0.735399
11.5534,0.735399
11.5936,0.735399
11.6337,0.735399
11.6739,0.735399
11.714,0.735399
11.7541,0.739033
11.7943,0.742668
11.8344,0.746303
11.8746,0.749938
11.9147,0.753573
11.9549,0.757209
11.995,0.760844
12.0352,0.764479
12.0753,0.768115
12.1155,0.77175
12.1556,0.775386
12.1958,0.779021
12.2359,0.782657
12.2761,0.786293
12.3162,0.789929
12.3564,0.793565
12.3965,0.797201
12.4367,0.800837
12.4769,0.804473
12.517,0.808109
12.5572,0.811745
12.5973,0.815382
12.6375,0.819018
12.6777,0.822654
12.7178,0.826291
12.758,0.829928
12.7981,0.833564
12.8383,0.837201
12.8785,0.840838
12.9186,0.844475
12.9588,0.848112
12.999,0.851749
13.0391,0.855386
13.0793,0.859023
13.1195,0.86266
13.1597,0.866297
13.1998,0.869935
13.24,0.873572
13.2802,0.87721
13.3203,0.880847
13.3605,0.884485
13.4007,0.888122
13.4409,0.89176
13.481,0.895398
13.5212,0.899036
13.5614,0.902674
13.6016,0.906312
13.6418,0.90995
13.6819,0.913588
13.7221,0.917226
13.7623,0.920864
13.8025,0.924503
13.8427,0.928141
13.8829,0.93178
13.923,0.935418
13.9632,0.939057
14.0034,0.942695
14.0436,0.946334
14.0838,0.949973
14.124,0.953611
14.1642,0.95725
14.2043,0.960889
14.2445,0.964528
14.2847,0.968167
14.3249,0.971806
14.3651,0.975445
14.4053,0.979085
14.4455,0.982724
14.4857,0.986363
14.5259,0.990003
14.5661,0.993642
14.6063,0.997281
14.6465,1.00092
14.6867,1.00456
14.7269,1.0082
14.7671,1.01184
14.8073,1.01548
14.8474,1.01912
14.8876,1.02276
14.9278,1.0264
14.968,1.03004
15.0083,1.03368
15.0485,1.03732
15.0887,1.04096
15.1289,1.0446
15.1691,1.04824
15.2093,1.05188
15.2495,1.05552
15.2897,1.05916
15.3299,1.0628
15.3701,1.06644
15.4103,1.07008
15.4505,1.07372
15.4907,1.07736
15.5309,1.081
15.5711,1.08465
15.6113,1.08829
15.6515,1.09193
15.6918,1.09557
15.732,1.09921
15.7722,1.10285
15.8124,1.10649
15.8526,1.11013
15.8928,1.11377
15.933,1.11741
15.9732,1.12106
16.0135,1.1247
16.0537,1.12834
16.0939,1.13198
16.1341,1.13562
16.1743,1.13926
16.2145,1.1429
16.2548,1.14655
16.295,1.15019
16.3352,1.15383
16.3754,1.15747
16.4156,1.16111
16.4559,1.16475
16.4961,1.1684
16.5363,1.17204
16.5765,1.17568
16.6168,1.17932
16.657,1.18296
16.6972,1.18661
16.7374,1.19025
16.7776,1.19389
16.8179,1.19753
16.8581,1.20118
16.8983,1.20482
16.9385,1.20846
16.9788,1.2121
17.019,1.21574
17.0592,1.21939
17.0995,1.22303
17.1397,1.22667
17.1799,1.23031
17.2201,1.23396
17.2604,1.2376
17.3006,1.24124
17.3408,1.24488
17.3811,1.24853
17.4213,1.25217
17.4615,1.25581
17.5018,1.25946
17.542,1.2631
17.5822,1.26674
17.6225,1.27039
17.6627,1.27403
17.7029,1.27767
17.7432,1.28131
17.7834,1.28496
17.8236,1.2886
17.8639,1.29224
17.9041,1.29589
17.9443,1.29953
17.9846,1.30317
18.0248,1.30682
18.0651,1.31046
18.1053,1.3141
18.1455,1.31775
18.1858,1.32139
18.226,1.32503
18.2663,1.32868
18.3065,1.33232
18.3467,1.33596
18.387,1.33961
18.4272,1.34325
18.4675,1.3469
18.5077,1.35054
18.5479,1.35418
18.5882,1.35783
18.6284,1.36147
18.6687,1.36511
18.7089,1.36876
18.7492,1.3724
18.7894,1.37605
18.8296,1.37969
18.8699,1.38333
18.9101,1.38698
18.9504,1.39062
18.9906,1.39427
19.0309,1.39791
19.0711,1.40155
19.1114,1.4052
19.1516,1.40884
19.1919,1.41249
19.2321,1.41613
19.2724,1.41978
19.3126,1.42342
19.3528,1.42706
19.3931,1.43071
19.4333,1.43435
19.4736,1.438
19.5138,1.44164
19.5541,1.44529
19.5943,1.44893
19.6346,1.45257
19.6748,1.45622
19.7151,1.45986
19.7553,1.46351
19.7956,1.46715
19.8358,1.4708
19.8761,1.47444
19.9163,1.47809
19.9566,1.48173
19.9969,1.48538
20.0371,1.48902
20.0774,1.49267
20.1176,1.49631
20.1579,1.49995
20.1981,1.5036
20.2384,1.50724
20.2786,1.51089
20.3189,1.51453
20.3591,1.51818
20.3994,1.52182
20.4396,1.52547
20.4799,1.52911
20.5201,1.53276
20.5604,1.5364
20.6007,1.54005
20.6409,1.54369
20.6812,1.54734
20.7214,1.55098
20.7617,1.55463
20.8019,1.55827
20.8422,1.56192
20.8825,1.56556
20.9227,1.56921
20.963,1.57285
21.0032,1.5765
21.0435,1.58014
21.0837,1.58379
21.124,1.58743
21.1643,1.59108
21.2045,1.59472
21.2448,1.59837
21.285,1.60201
21.3253,1.60566
21.3655,1.6093
21.4058,1.61295
21.4461,1.6166
21.4863,1.62024
21.5266,1.62389
21.5668,1.62753
21.6071,1.63118
21.6474,1.63482
21.6876,1.63847
21.7279,1.64211
21.7681,1.64576
21.8084,1.6494
21.8487,1.65305
21.8889,1.65669
21.9292,1.66034
21.9694,1.66398
22.0097,1.66763
22.05,1.67128
22.0902,1.67492
22.1305,1.67857
22.1707,1.68221
22.211,1.68586
22.2513,1.6895
22.2915,1.69315
22.3318,1.69679
22.372,1.70044
22.4123,1.70408
22.4526,1.70773
22.4928,1.71137
22.5331,1.71502
22.5733,1.71867
22.6136,1.72231
22.6539,1.72596
22.6941,1.7296
22.7344,1.73325
22.7746,1.73689
22.8149,1.74054
22.8552,1.74418
22.8954,1.74783
22.9357,1.75147
22.9759,1.75512
23.0162,1.75877
23.0565,1.76241
23.0967,1.76606
23.137,1.7697
23.1787,1.77348
23.222,1.7774
23.2669,1.78147
23.3135,1.78568
23.3617,1.79005
23.4116,1.79457
23.4633,1.79925
23.5169,1.8041
23.5723,1.80912
23.6297,1.81431
23.689,1.81969
23.7504,1.82524
23.8138,1.83099
23.8794,1.83692
23.9471,1.84306
24.0171,1.84939
24.0893,1.85593
24.1638,1.86268
24.2407,1.86964
24.3199,1.87681
24.4016,1.88421
24.4858,1.89183
24.5724,1.89968
24.6616,1.90775
24.7534,1.91606
24.8478,1.92461
24.9448,1.93339
25.0444,1.94241
25.1467,1.95167
25.2517,1.96118
25.3593,1.97092
25.4697,1.98092
25.5827,1.99115
25.6984,2.00163
25.8168,2.01235
25.9379,2.02331
26.0616,2.03451
26.1879,2.04595
26.3168,2.05762
26.4483,2.06953
26.5823,2.08166
26.7187,2.09401
26.8575,2.10658
26.9987,2.11937
27.1422,2.13235
27.2878,2.14554
27.4356,2.15892
27.5854,2.17248
27.7371,2.18622
27.8906,2.20012
28.0459,2.21419
28.2029,2.22839
28.3613,2.24274
28.5211,2.25721
28.6822,2.27179
28.8444,2.28648
29.0076,2.30126
29.1716,2.31611
29.3364,2.33104
29.5018,2.34601
29.6676,2.36102
29.8337,2.37606
30,2.39112
30.1663,2.40617
-0.0397757,1.7187
0,1.7187
0.0397757,1.7187
0.0795531,1.7187
0.119332,1.7187
0.159113,1.7187
0.198895,1.7187
0.238679,1.7187
0.278465,1.7187
0.318252,1.7187
0.358041,1.7187
0.397832,1.7187
0.437624,1.7187
0.477418,1.7187
0.517214,1.7187
0.557011,1.7187
0.59681,1.7187
0.636611,1.7187
0.676413,1.7187
0.716217,1.7187
0.756022,1.7187
0.795829,1.7187
0.835638,1.7187
0.875448,1.7187
0.91526,1.7187
0.955073,1.7187
0.994888,1.7187
1.0347,1.7187
1.07452,1.7187
1.11434,1.7187
1.15416,1.7187
1.19399,1.7187
1.23381,1.7187
1.27364,1.7187
1.31347,1.7187
1.3533,1.7187
1.39313,1.7187
1.43296,1.7187
1.47279,1.7187
1.51263,1.7187
1.55247,1.7187
1.59231,1.7187
1.63215,1.7187
1.67199,1.7187
1.71183,1.7187
1.75168,1.7187
1.79152,1.7187
1.83137,1.7187
1.87122,1.7187
1.91107,1.7187
1.95092,1.7187
1.99078,1.7187
2.03063,1.7187
2.07049,1.7187
2.11035,1.7187
2.15021,1.7187
2.19007,1.7187
2.22994,1.7187
2.2698,1.7187
2.30967,1.7187
2.34954,1.7187
2.38941,1.7187
2.42928,1.7187
2.46915,1.7187
2.50902,1.7187
2.5489,1.7187
2.58878,1.7187
2.62865,1.7187
2.66853,1.7187
2.70842,1.7187
2.7483,1.7187
2.78818,1.7187
2.82807,1.7187
2.86796,1.7187
2.90785,1.7187
2.94774,1.7187
2.98763,1.7187
3.02752,1.7187
3.06742,1.7187
3.10731,1.7187
3.14721,1.7187
3.18711,1.7187
3.22701,1.7187
3.26691,1.7187
3.30681,1.7187
3.34672,1.7187
3.38663,1.7187
3.42653,1.70685
3.46644,1.69501
3.50635,1.68316
3.54627,1.67132
3.58618,1.65947
3.62609,1.64763
3.66601,1.63578
3.70593,1.62394
3.74585,1.61209
3.78577,1.60024
3.82569,1.58839
3.86561,1.57655
3.90554,1.5647
3.94546,1.55285
3.98539,1.541
4.02532,1.52915
4.06525,1.5173
4.10518,1.50545
4.14511,1.4936
4.18505,1.48175
4.22499,1.46989
4.26492,1.45804
4.30486,1.44619
4.3448,1.43434
4.38474,1.42248
4.42468,1.41063
4.46463,1.39877
4.50457,1.38692
4.54452,1.37506
4.58447,1.36321
4.62442,1.35135
4.66437,1.3395
4.70432,1.32764
4.74427,1.31578
4.78423,1.30392
4.82419,1.29207
4.86414,1.28021
4.9041,1.26835
4.94406,1.25649
4.98402,1.24463
5.02399,1.23277
5.06395,1.22091
5.10392,1.20905
5.14388,1.19719
5.18385,1.18533
5.22382,1.17347
5.26379,1.1616
5.30376,1.14974
5.34373,1.13788
5.38371,1.12602
5.42369,1.11415
5.46366,1.10229
5.50364,1.09042
5.54362,1.07856
5.5836,1.06669
5.62358,1.05483
5.66357,1.04296
5.70355,1.03109
5.74354,1.01757
5.78352,1.00404
5.82351,0.990517
5.8635,0.97699
5.90349,0.963463
5.94349,0.949936
5.98348,0.936408
6.02347,0.922879
6.06347,0.90935
6.10347,0.895821
6.14347,0.882291
6.18347,0.868761
6.22347,0.855231
6.26347,0.8417
6.30347,0.828169
6.34348,0.814637
6.38348,0.801105
6.42349,0.787572
6.4635,0.785912
6.50351,0.784253
6.54352,0.782593
6.58353,0.780933
6.62354,0.779274
6.66356,0.777614
6.70357,0.775954
6.74359,0.774294
6.78361,0.772634
6.82363,0.770974
6.86365,0.769314
6.90367,0.767654
6.94369,0.765993
6.98372,0.764333
7.02374,0.762673
7.06377,0.761012
7.1038,0.759352
7.14382,0.757692
7.18385,0.756031
7.22388,0.754371
7.26392,0.75271
7.30395,0.751049
7.34398,0.751049
7.38402,0.751049
7.42406,0.751049
7.46409,0.751049
7.50413,0.751049
7.54417,0.751049
7.58421,0.751049
7.62426,0.751049
7.6643,0.751049
7.70434,0.751049
7.74439,0.751049
7.78444,0.751049
7.82448,0.751049
7.86453,0.751049
7.90458,0.751049
7.94464,0.751049
7.98469,0.751049
8.02474,0.751049
8.0648,0.751049
8.10485,0.751049
8.14491,0.751049
8.18497,0.751049
8.22503,0.751049
8.26509,0.751049
8.30515,0.751049
8.34521,0.751049
8.38527,0.751049
8.42534,0.751049
8.4654,0.751049
8.50547,0.751049
8.54554,0.751049
8.5856,0.751049
8.62567,0.751049
8.66574,0.751049
8.70582,0.751049
8.74589,0.751049
8.78596,0.751049
8.82604,0.751049
8.86611,0.751049
8.90619,0.751049
8.94627,0.751049
8.98635,0.751049
9.02643,0.751049
9.06651,0.751049
9.10659,0.751049
9.14668,0.751049
9.18676,0.751049
9.22684,0.751049
9.26693,0.751049
9.30702,0.751049
9.34711,0.751049
9.3872,0.751049
9.42729,0.751049
9.46738,0.751049
9.50747,0.751049
9.54756,0.751049
9.58766,0.751049
9.62775,0.751049
9.66785,0.751049
9.70795,0.751049
9.74804,0.751049
9.78814,0.751049
9.82824,0.751049
9.86834,0.751049
9.90845,0.751049
9.94855,0.751049
9.98865,0.751049
10.0288,0.751049
10.0689,0.751049
10.109,0.751049
10.1491,0.751049
10.1892,0.751049
10.2293,0.751049
10.2694,0.751049
10.3095,0.751049
10.3496,0.751049
10.3897,0.751049
10.4299,0.751049
10.47,0.751049
10.5101,0.751049
10.5502,0.751049
10.5903,0.751049
10.6304,0.751049
10.6706,0.751049
10.7107,0.751049
10.7508,0.751049
10.7909,0.751049
10.8311,0.751049
10.8712,0.751049
10.9113,0.751049
10.9514,0.751049
10.9916,0.751049
11.0317,0.751049
11.0718,0.751049
11.1119,0.751049
11.1521,0.751049
11.1922,0.751049
11.2323,0.751049
11.2725,0.751049
11.3126,0.751049
11.3527,0.751049
11.3929,0.751049
11.433,0.751049
11.4732,0.751049
11.5133,0.751049
11.5534,0.751049
11.5936,0.751049
11.6337,0.751049
11.6739,0.751049
11.714,0.751049
11.7541,0.754762
11.7943,0.758474
11.8344,0.762186
11.8746,0.765898
11.9147,0.769611
11.9549,0.773323
11.995,0.777036
12.0352,0.780749
12.0753,0.784462
12.1155,0.788174
12.1556,0.791887
12.1958,0.7956
12.2359,0.799313
12.2761,0.803027
12.3162,0.80674
12.3564,0.810453
12.3965,0.814166
12.4367,0.81788
12.4769,0.821593
12.517,0.825307
12.5572,0.829021
12.5973,0.832734
12.6375,0.836448
12.6777,0.840162
12.7178,0.843876
12.758,0.84759
12.7981,0.851304
12.8383,0.855018
12.8785,0.858732
12.9186,0.862447
12.9588,0.866161
12.999,0.869875
13.0391,0.87359
13.0793,0.877304
13.1195,0.881019
13.1597,0.884734
13.1998,0.888449
13.24,0.892163
13.2802,0.895878
13.3203,0.899593
13.3605,0.903308
13.4007,0.907023
13.4409,0.910739
13.481,0.914454
13.5212,0.918169
13.5614,0.921884
13.6016,0.9256
13.6418,0.929315
13.6819,0.933031
13.7221,0.936746
13.7623,0.940462
13.8025,0.944178
13.8427,0.947894
13.8829,0.95161
13.923,0.955325
13.9632,0.959041
14.0034,0.962758
14.0436,0.966474
14.0838,0.97019
14.124,0.973906
14.1642,0.977622
14.2043,0.981339
14.2445,0.985055
14.2847,0.988772
14.3249,0.992488
14.3651,0.996205
14.4053,0.999921
14.4455,1.00364
14.4857,1.00735
14.5259,1.01107
14.5661,1.01479
14.6063,1.01851
14.6465,1.02222
14.6867,1.02594
14.7269,1.02966
14.7671,1.03337
14.8073,1.03709
14.8474,1.04081
14.8876,1.04453
14.9278,1.04824
14.968,1.05196
15.0083,1.05568
15.0485,1.0594
15.0887,1.06311
15.1289,1.06683
15.1691,1.07055
15.2093,1.07427
15.2495,1.07798
15.2897,1.0817
15.3299,1.08542
15.3701,1.08914
15.4103,1.09286
15.4505,1.09657
15.4907,1.10029
15.5309,1.10401
15.5711,1.10773
15.6113,1.11145
15.6515,1.11517
15.6918,1.11888
15.732,1.1226
15.7722,1.12632
15.8124,1.13004
15.8526,1.13376
15.8928,1.13748
15.933,1.1412
15.9732,1.14491
16.0135,1.14863
16.0537,1.15235
16.0939,1.15607
16.1341,1.15979
16.1743,1.16351
16.2145,1.16723
16.2548,1.17095
16.295,1.17467
16.3352,1.17839
16.3754,1.1821
16.4156,1.18582
16.4559,1.18954
16.4961,1.19326
16.5363,1.19698
16.5765,1.2007
16.6168,1.20442
16.657,1.20814
16.6972,1.21186
16.7374,1.21558
16.7776,1.2193
16.8179,1.22302
16.8581,1.22674
16.8983,1.23046
16.9385,1.23418
16.9788,1.2379
17.019,1.24162
17.0592,1.24534
17.0995,1.24906
17.1397,1.25278
17.1799,1.2565
17.2201,1.26022
17.2604,1.26394
17.3006,1.26766
17.3408,1.27138
17.3811,1.2751
17.4213,1.27882
17.4615,1.28254
17.5018,1.28626
17.542,1.28998
17.5822,1.2937
17.6225,1.29742
17.6627,1.30114
17.7029,1.30486
17.7432,1.30858
17.7834,1.3123
17.8236,1.31602
17.8639,1.31975
17.9041,1.32347
17.9443,1.32719
17.9846,1.33091
18.0248,1.33463
18.0651,1.33835
18.1053,1.34207
18.1455,1.34579
18.1858,1.34951
18.226,1.35323
18.2663,1.35695
18.3065,1.36068
18.3467,1.3644
18.387,1.36812
18.4272,1.37184
18.4675,1.37556
18.5077,1.37928
18.5479,1.383
18.5882,1.38672
18.6284,1.39045
18.6687,1.39417
18.7089,1.39789
18.7492,1.40161
18.7894,1.40533
18.8296,1.40905
18.8699,1.41277
18.9101,1.4165
18.9504,1.42022
18.9906,1.42394
19.0309,1.42766
19.0711,1.43138
19.1114,1.4351
19.1516,1.43883
19.1919,1.44255
19.2321,1.44627
19.2724,1.44999
19.3126,1.45371
19.3528,1.45743
19.3931,1.46116
19.4333,1.46488
19.4736,1.4686
19.5138,1.47232
19.5541,1.47604
19.5943,1.47977
19.6346,1.48349
19.6748,1.48721
19.7151,1.49093
19.7553,1.49465
19.7956,1.49838
19.8358,1.5021
19.8761,1.50582
19.9163,1.50954
19.9566,1.51327
19.9969,1.51699
20.0371,1.52071
20.0774,1.52443
20.1176,1.52815
20.1579,1.53188
20.1981,1.5356
20.2384,1.53932
20.2786,1.54304
20.3189,1.54677
20.3591,1.55049
20.3994,1.55421
20.4396,1.55793
20.4799,1.56166
20.5201,1.56538
20.5604,1.5691
20.6007,1.57282
20.6409,1.57655
20.6812,1.58027
20.7214,1.58399
20.7617,1.58771
20.8019,1.59144
20.8422,1.59516
20.8825,1.59888
20.9227,1.6026
20.963,1.60633
21.0032,1.61005
21.0435,1.61377
21.0837,1.61749
21.124,1.62122
21.1643,1.62494
21.2045,1.62866
21.2448,1.63239
21.285,1.63611
21.3253,1.63983
21.3655,1.64355
21.4058,1.64728
21.4461,1.651
21.4863,1.65472
21.5266,1.65845
21.5668,1.66217
21.6071,1.66589
21.6474,1.66961
21.6876,1.67334
21.7279,1.67706
21.7681,1.68078
21.8084,1.68451
21.8487,1.68823
21.8889,1.69195
21.9292,1.69567
21.9694,1.6994
22.0097,1.70312
22.05,1.70684
22.0902,1.71057
22.1305,1.71429
22.1707,1.71801
22.211,1.72173
22.2513,1.72546
22.2915,1.72918
22.3318,1.7329
22.372,1.73663
22.4123,1.74035
22.4526,1.74407
22.4928,1.7478
22.5331,1.75152
22.5733,1.75524
22.6136,1.75897
22.6539,1.76269
22.6941,1.76641
22.7344,1.77013
22.7746,1.77386
22.8149,1.77758
22.8552,1.7813
22.8954,1.78503
22.9357,1.78875
22.9759,1.79247
23.0162,1.7962
23.0565,1.79992
23.0967,1.80364
23.137,1.80736
23.1787,1.81123
23.222,1.81523
23.2669,1.81938
23.3135,1.82368
23.3617,1.82814
23.4116,1.83276
23.4633,1.83754
23.5169,1.8425
23.5723,1.84762
23.6297,1.85293
23.689,1.85841
23.7504,1.86409
23.8138,1.86995
23.8794,1.87602
23.9471,1.88228
24.0171,1.88875
24.0893,1.89543
24.1638,1.90232
24.2407,1.90942
24.3199,1.91675
24.4016,1.92431
24.4858,1.93209
24.5724,1.9401
24.6616,1.94835
24.7534,1.95684
24.8478,1.96557
24.9448,1.97453
25.0444,1.98375
25.1467,1.99321
25.2517,2.00291
25.3593,2.01287
25.4697,2.02307
25.5827,2.03353
25.6984,2.04423
25.8168,2.05518
25.9379,2.06637
26.0616,2.07781
26.1879,2.08949
26.3168,2.10141
26.4483,2.11357
26.5823,2.12596
26.7187,2.13858
26.8575,2.15141
26.9987,2.16447
27.1422,2.17773
27.2878,2.1912
27.4356,2.20487
27.5854,2.21872
27.7371,2.23275
27.8906,2.24695
28.0459,2.26131
28.2029,2.27582
28.3613,2.29047
28.5211,2.30525
28.6822,2.32014
28.8444,2.33514
29.0076,2.35023
29.1716,2.36541
29.3364,2.38064
29.5018,2.39594
29.6676,2.41127
29.8337,2.42663
30,2.44201
30.1663,2.45738
-0.0397757,1.74894
0,1.74894
0.0397757,1.74894
0.0795531,1.74894
0.119332,1.74894
0.159113,1.74894
0.198895,1.74894
0.238679,1.74894
0.278465,1.74894
0.318252,1.74894
0.358041,1.74894
0.397832,1.74894
0.437624,1.74894
0.477418,1.74894
0.517214,1.74894
0.557011,1.74894
0.59681,1.74894
0.636611,1.74894
0.676413,1.74894
0.716217,1.74894
0.756022,1.74894
0.795829,1.74894
0.835638,1.74894
0.875448,1.74894
0.91526,1.74894
0.955073,1.74894
0.994888,1.74894
1.0347,1.74894
1.07452,1.74894
1.11434,1.74894
1.15416,1.74894
1.19399,1.74894
1.23381,1.74894
1.27364,1.74894
1.31347,1.74894
1.3533,1.74894
1.39313,1.74894
1.43296,1.74894
1.47279,1.74894
1.51263,1.74894
1.55247,1.74894
1.59231,1.74894
1.63215,1.74894
1.67199,1.74894
1.71183,1.74894
1.75168,1.74894
1.79152,1.74894
1.83137,1.74894
1.87122,1.74894
1.91107,1.74894
1.95092,1.74894
1.99078,1.74894
2.03063,1.74894
2.07049,1.74894
2.11035,1.74894
2.15021,1.74894
2.19007,1.74894
2.22994,1.74894
2.2698,1.74894
2.30967,1.74894
2.34954,1.74894
2.38941,1.74894
2.42928,1.74894
2.46915,1.74894
2.50902,1.74894
2.5489,1.74894
2.58878,1.74894
2.62865,1.74894
2.66853,1.74894
2.70842,1.74894
2.7483,1.74894
2.78818,1.74894
2.82807,1.74894
2.86796,1.74894
2.90785,1.74894
2.94774,1.74894
2.98763,1.74894
3.02752,1.74894
3.06742,1.74894
3.10731,1.74894
3.14721,1.74894
3.18711,1.74894
3.22701,1.74894
3.26691,1.74894
3.30681,1.74894
3.34672,1.74894
3.38663,1.74894
3.42653,1.73685
3.46644,1.72476
3.50635,1.71267
3.54627,1.70057
3.58618,1.68848
3.62609,1.67639
3.66601,1.6643
3.70593,1.6522
3.74585,1.64011
3.78577,1.62802
3.82569,1.61592
3.86561,1.60383
3.90554,1.59173
3.94546,1.57964
3.98539,1.56754
4.02532,1.55544
4.06525,1.54335
4.10518,1.53125
4.14511,1.51915
4.18505,1.50705
4.22499,1.49495
4.26492,1.48285
4.30486,1.47075
4.3448,1.45865
4.38474,1.44655
4.42468,1.43445
4.46463,1.42235
4.50457,1.41025
4.54452,1.39815
4.58447,1.38605
4.62442,1.37394
4.66437,1.36184
4.70432,1.34974
4.74427,1.33763
4.78423,1.32553
4.82419,1.31342
4.86414,1.30132
4.9041,1.28921
4.94406,1.27711
4.98402,1.265
5.02399,1.25289
5.06395,1.24079
5.10392,1.22868
5.14388,1.21657
5.18385,1.20446
5.22382,1.19235
5.26379,1.18024
5.30376,1.16813
5.34373,1.15602
5.38371,1.14391
5.42369,1.1318
5.46366,1.11969
5.50364,1.10758
5.54362,1.09547
5.5836,1.08336
5.62358,1.07124
5.66357,1.05913
5.70355,1.04702
5.74354,1.03335
5.78352,1.01968
5.82351,1.00601
5.8635,0.99234
5.90349,0.97867
5.94349,0.964999
5.98348,0.951328
6.02347,0.937657
6.06347,0.923985
6.10347,0.910313
6.14347,0.89664
6.18347,0.882967
6.22347,0.869293
6.26347,0.855619
6.30347,0.841945
6.34348,0.82827
6.38348,0.814595
6.42349,0.80092
6.4635,0.799364
6.50351,0.797809
6.54352,0.796254
6.58353,0.794698
6.62354,0.793143
6.66356,0.791587
6.70357,0.790031
6.74359,0.788476
6.78361,0.78692
6.82363,0.785364
6.86365,0.783809
6.90367,0.782253
6.94369,0.780697
6.98372,0.779141
7.02374,0.777585
7.06377,0.776029
7.1038,0.774473
7.14382,0.772917
7.18385,0.771361
7.22388,0.769804
7.26392,0.768248
7.30395,0.766692
7.34398,0.766692
7.38402,0.766692
7.42406,0.766692
7.46409,0.766692
7.50413,0.766692
7.54417,0.766692
7.58421,0.766692
7.62426,0.766692
7.6643,0.766692
7.70434,0.766692
7.74439,0.766692
7.78444,0.766692
7.82448,0.766692
7.86453,0.766692
7.90458,0.766692
7.94464,0.766692
7.98469,0.766692
8.02474,0.766692
8.0648,0.766692
8.10485,0.766692
8.14491,0.766692
8.18497,0.766692
8.22503,0.766692
8.26509,0.766692
8.30515,0.766692
8.34521,0.766692
8.38527,0.766692
8.42534,0.766692
8.4654,0.766692
8.50547,0.766692
8.54554,0.766692
8.5856,0.766692
8.62567,0.766692
8.66574,0.766692
8.70582,0.766692
8.74589,0.766692
8.78596,0.766692
8.82604,0.766692
8.86611,0.766692
8.90619,0.766692
8.94627,0.766692
8.98635,0.766692
9.02643,0.766692
9.06651,0.766692
9.10659,0.766692
9.14668,0.766692
9.18676,0.766692
9.22684,0.766692
9.26693,0.766692
9.30702,0.766692
9.34711,0.766692
9.3872,0.766692
9.42729,0.766692
9.46738,0.766692
9.50747,0.766692
9.54756,0.766692
9.58766,0.766692
9.62775,0.766692
9.66785,0.766692
9.70795,0.766692
9.74804,0.766692
9.78814,0.766692
9.82824,0.766692
9.86834,0.766692
9.90845,0.766692
9.94855,0.766692
9.98865,0.766692
10.0288,0.766692
10.0689,0.766692
10.109,0.766692
10.1491,0.766692
10.1892,0.766692
10.2293,0.766692
10.2694,0.766692
10.3095,0.766692
10.3496,0.766692
10.3897,0.766692
10.4299,0.766692
10.47,0.766692
10.5101,0.766692
10.5502,0.766692
10.5903,0.766692
10.6304,0.766692
10.6706,0.766692
10.7107,0.766692
10.7508,0.766692
10.7909,0.766692
10.8311,0.766692
10.8712,0.766692
10.9113,0.766692
10.9514,0.766692
10.9916,0.766692
11.0317,0.766692
11.0718,0.766692
11.1119,0.766692
11.1521,0.766692
11.1922,0.766692
11.2323,0.766692
11.2725,0.766692
11.3126,0.766692
11.3527,0.766692
11.3929,0.766692
11.433,0.766692
11.4732,0.766692
11.5133,0.766692
11.5534,0.766692
11.5936,0.766692
11.6337,0.766692
11.6739,0.766692
11.714,0.766692
11.7541,0.770481
11.7943,0.774271
11.8344,0.77806
11.8746,0.78185
11.9147,0.78564
11.9549,0.78943
11.995,0.79322
12.0352,0.79701
12.0753,0.8008
12.1155,0.80459
12.1556,0.80838
12.1958,0.812171
12.2359,0.815961
12.2761,0.819752
12.3162,0.823542
12.3564,0.827333
12.3965,0.831123
12.4367,0.834914
12.4769,0.838705
12.517,0.842496
12.5572,0.846287
12.5973,0.850078
12.6375,0.853869
12.6777,0.85766
12.7178,0.861452
12.758,0.865243
12.7981,0.869035
12.8383,0.872826
12.8785,0.876618
12.9186,0.880409
12.9588,0.884201
12.999,0.887993
13.0391,0.891785
13.0793,0.895577
13.1195,0.899369
13.1597,0.903161
13.1998,0.906953
13.24,0.910745
13.2802,0.914537
13.3203,0.91833
13.3605,0.922122
13.4007,0.925914
13.4409,0.929707
13.481,0.9335
13.5212,0.937292
13.5614,0.941085
13.6016,0.944878
13.6418,0.948671
13.6819,0.952464
13.7221,0.956257
13.7623,0.96005
13.8025,0.963843
13.8427,0.967636
13.8829,0.971429
13.923,0.975222
13.9632,0.979016
14.0034,0.982809
14.0436,0.986603
14.0838,0.990396
14.124,0.99419
14.1642,0.997984
14.2043,1.00178
14.2445,1.00557
14.2847,1.00937
14.3249,1.01316
14.3651,1.01695
14.4053,1.02075
14.4455,1.02454
14.4857,1.02834
14.5259,1.03213
14.5661,1.03592
14.6063,1.03972
14.6465,1.04351
14.6867,1.04731
14.7269,1.0511
14.7671,1.0549
14.8073,1.05869
14.8474,1.06249
14.8876,1.06628
14.9278,1.07008
14.968,1.07387
15.0083,1.07767
15.0485,1.08146
15.0887,1.08526
15.1289,1.08905
15.1691,1.09285
15.2093,1.09664
15.2495,1.10044
15.2897,1.10423
15.3299,1.10803
15.3701,1.11182
15.4103,1.11562
15.4505,1.11941
15.4907,1.12321
15.5309,1.127
15.5711,1.1308
15.6113,1.1346
15.6515,1.13839
15.6918,1.14219
15.732,1.14598
15.7722,1.14978
15.8124,1.15358
15.8526,1.15737
15.8928,1.16117
15.933,1.16496
15.9732,1.16876
16.0135,1.17256
16.0537,1.17635
16.0939,1.18015
16.1341,1.18394
16.1743,1.18774
16.2145,1.19154
16.2548,1.19533
16.295,1.19913
16.3352,1.20293
16.3754,1.20672
16.4156,1.21052
16.4559,1.21432
16.4961,1.21811
16.5363,1.22191
16.5765,1.22571
16.6168,1.22951
16.657,1.2333
16.6972,1.2371
16.7374,1.2409
16.7776,1.24469
16.8179,1.24849
16.8581,1.25229
16.8983,1.25609
16.9385,1.25988
16.9788,1.26368
17.019,1.26748
17.0592,1.27127
17.0995,1.27507
17.1397,1.27887
17.1799,1.28267
17.2201,1.28647
17.2604,1.29026
17.3006,1.29406
17.3408,1.29786
17.3811,1.30166
17.4213,1.30545
17.4615,1.30925
17.5018,1.31305
17.542,1.31685
17.5822,1.32065
17.6225,1.32444
17.6627,1.32824
17.7029,1.33204
17.7432,1.33584
17.7834,1.33964
17.8236,1.34343
17.8639,1.34723
17.9041,1.35103
17.9443,1.35483
17.9846,1.35863
18.0248,1.36243
18.0651,1.36622
18.1053,1.37002
18.1455,1.37382
18.1858,1.37762
18.226,1.38142
18.2663,1.38522
18.3065,1.38901
18.3467,1.39281
18.387,1.39661
18.4272,1.40041
18.4675,1.40421
18.5077,1.40801
18.5479,1.41181
18.5882,1.41561
18.6284,1.4194
18.6687,1.4232
18.7089,1.427
18.7492,1.4308
18.7894,1.4346
18.8296,1.4384
18.8699,1.4422
18.9101,1.446
18.9504,1.4498
18.9906,1.4536
19.0309,1.45739
19.0711,1.46119
19.1114,1.46499
19.1516,1.46879
19.1919,1.47259
19.2321,1.47639
19.2724,1.48019
19.3126,1.48399
19.3528,1.48779
19.3931,1.49159
19.4333,1.49539
19.4736,1.49919
19.5138,1.50299
19.5541,1.50679
19.5943,1.51059
19.6346,1.51439
19.6748,1.51819
19.7151,1.52198
19.7553,1.52578
19.7956,1.52958
19.8358,1.53338
19.8761,1.53718
19.9163,1.54098
19.9566,1.54478
19.9969,1.54858
20.0371,1.55238
20.0774,1.55618
20.1176,1.55998
20.1579,1.56378
20.1981,1.56758
20.2384,1.57138
20.2786,1.57518
20.3189,1.57898
20.3591,1.58278
20.3994,1.58658
20.4396,1.59038
20.4799,1.59418
20.5201,1.59798
20.5604,1.60178
20.6007,1.60558
20.6409,1.60938
20.6812,1.61318
20.7214,1.61698
20.7617,1.62078
20.8019,1.62458
20.8422,1.62838
20.8825,1.63218
20.9227,1.63598
20.963,1.63978
21.0032,1.64358
21.0435,1.64738
21.0837,1.65118
21.124,1.65498
21.1643,1.65878
21.2045,1.66258
21.2448,1.66638
21.285,1.67018
21.3253,1.67398
21.3655,1.67779
21.4058,1.68159
21.4461,1.68539
21.4863,1.68919
21.5266,1.69299
21.5668,1.69679
21.6071,1.70059
21.6474,1.70439
21.6876,1.70819
21.7279,1.71199
21.7681,1.71579
21.8084,1.71959
21.8487,1.72339
21.8889,1.72719
21.9292,1.73099
21.9694,1.73479
22.0097,1.73859
22.05,1.74239
22.0902,1.74619
22.1305,1.74999
22.1707,1.75379
22.211,1.75759
22.2513,1.76139
22.2915,1.7652
22.3318,1.769
22.372,1.7728
22.4123,1.7766
22.4526,1.7804
22.4928,1.7842
22.5331,1.788
22.5733,1.7918
22.6136,1.7956
22.6539,1.7994
22.6941,1.8032
22.7344,1.807
22.7746,1.8108
22.8149,1.8146
22.8552,1.8184
22.8954,1.8222
22.9357,1.826
22.9759,1.82981
23.0162,1.83361
23.0565,1.83741
23.0967,1.84121
23.137,1.84501
23.1787,1.84895
23.222,1.85304
23.2669,1.85727
23.3135,1.86167
23.3617,1.86622
23.4116,1.87093
23.4633,1.87581
23.5169,1.88087
23.5723,1.8861
23.6297,1.89152
23.689,1.89712
23.7504,1.90291
23.8138,1.9089
23.8794,1.91509
23.9471,1.92148
24.0171,1.92809
24.0893,1.9349
24.1638,1.94194
24.2407,1.94919
24.3199,1.95668
24.4016,1.96439
24.4858,1.97233
24.5724,1.98051
24.6616,1.98893
24.7534,1.99759
24.8478,2.0065
24.9448,2.01566
25.0444,2.02506
25.1467,2.03472
25.2517,2.04463
25.3593,2.05479
25.4697,2.06521
25.5827,2.07588
25.6984,2.0868
25.8168,2.09798
25.9379,2.10941
26.0616,2.12109
26.1879,2.13301
26.3168,2.14518
26.4483,2.15759
26.5823,2.17024
26.7187,2.18312
26.8575,2.19622
26.9987,2.20955
27.1422,2.22309
27.2878,2.23684
27.4356,2.25079
27.5854,2.26493
27.7371,2.27925
27.8906,2.29375
28.0459,2.30841
28.2029,2.32322
28.3613,2.33817
28.5211,2.35326
28.6822,2.36846
28.8444,2.38378
29.0076,2.39918
29.1716,2.41467
29.3364,2.43023
29.5018,2.44584
29.6676,2.46149
29.8337,2.47717
30,2.49287
30.1663,2.50856
-0.0397757,1.77916
0,1.77916
0.0397757,1.77916
0.0795531,1.77916
0.119332,1.77916
0.159113,1.77916
0.198895,1.77916
0.238679,1.77916
0.278465,1.77916
0.318252,1.77916
0.358041,1.77916
0.397832,1.77916
0.437624,1.77916
0.477418,1.77916
0.517214,1.77916
0.557011,1.77916
0.59681,1.77916
0.636611,1.77916
0.676413,1.77916
0.716217,1.77916
0.756022,1.77916
0.795829,1.77916
0.835638,1.77916
0.875448,1.77916
0.91526,1.77916
0.955073,1.77916
0.994888,1.77916
1.0347,1.77916
1.07452,1.77916
1.11434,1.77916
1.15416,1.77916
1.19399,1.77916
1.23381,1.77916
1.27364,1.77916
1.31347,1.77916
1.3533,1.77916
1.39313,1.77916
1.43296,1.77916
1.47279,1.77916
1.51263,1.77916
1.55247,1.77916
1.59231,1.77916
1.63215,1.77916
1.67199,1.77916
1.71183,1.77916
1.75168,1.77916
1.79152,1.77916
1.83137,1.77916
1.87122,1.77916
1.91107,1.77916
1.95092,1.77916
1.99078,1.77916
2.03063,1.77916
2.07049,1.77916
2.11035,1.77916
2.15021,1.77916
2.19007,1.77916
2.22994,1.77916
2.2698,1.77916
2.30967,1.77916
2.34954,1.77916
2.38941,1.77916
2.42928,1.77916
2.46915,1.77916
2.50902,1.77916
2.5489,1.77916
2.58878,1.77916
2.62865,1.77916
2.66853,1.77916
2.70842,1.77916
2.7483,1.77916
2.78818,1.77916
2.82807,1.77916
2.86796,1.77916
2.90785,1.77916
2.94774,1.77916
2.98763,1.77916
3.02752,1.77916
3.06742,1.77916
3.10731,1.77916
3.14721,1.77916
3.18711,1.77916
3.22701,1.77916
3.26691,1.77916
3.30681,1.77916
3.34672,1.77916
3.38663,1.77916
3.42653,1.76683
3.46644,1.75449
3.50635,1.74215
3.54627,1.72981
3.58618,1.71747
3.62609,1.70514
3.66601,1.6928
3.70593,1.68046
3.74585,1.66812
3.78577,1.65578
3.82569,1.64343
3.86561,1.63109
3.90554,1.61875
3.94546,1.60641
3.98539,1.59407
4.02532,1.58172
4.06525,1.56938
4.10518,1.55703
4.14511,1.54469
4.18505,1.53234
4.22499,1.52
4.26492,1.50765
4.30486,1.49531
4.3448,1.48296
4.38474,1.47061
4.42468,1.45827
4.46463,1.44592
4.50457,1.43357
4.54452,1.42122
4.58447,1.40887
4.62442,1.39652
4.66437,1.38417
4.70432,1.37182
4.74427,1.35947
4.78423,1.34712
4.82419,1.33477
4.86414,1.32242
4.9041,1.31006
4.94406,1.29771
4.98402,1.28536
5.02399,1.273
5.06395,1.26065
5.10392,1.24829
5.14388,1.23594
5.18385,1.22358
5.22382,1.21123
5.26379,1.19887
5.30376,1.18652
5.34373,1.17416
5.38371,1.1618
5.42369,1.14944
5.46366,1.13709
5.50364,1.12473
5.54362,1.11237
5.5836,1.10001
5.62358,1.08765
5.66357,1.07529
5.70355,1.06293
5.74354,1.04912
5.78352,1.03531
5.82351,1.02149
5.8635,1.00768
5.90349,0.993867
5.94349,0.980054
5.98348,0.96624
6.02347,0.952426
6.06347,0.938611
6.10347,0.924796
6.14347,0.910981
6.18347,0.897165
6.22347,0.883348
6.26347,0.869531
6.30347,0.855714
6.34348,0.841896
6.38348,0.828078
6.42349,0.81426
6.4635,0.812809
6.50351,0.811358
6.54352,0.809906
6.58353,0.808455
6.62354,0.807004
6.66356,0.805552
6.70357,0.804101
6.74359,0.80265
6.78361,0.801198
6.82363,0.799747
6.86365,0.798295
6.90367,0.796844
6.94369,0.795392
6.98372,0.79394
7.02374,0.792489
7.06377,0.791037
7.1038,0.789585
7.14382,0.788133
7.18385,0.786681
7.22388,0.785229
7.26392,0.783778
7.30395,0.782326
7.34398,0.782326
7.38402,0.782326
7.42406,0.782326
7.46409,0.782326
7.50413,0.782326
7.54417,0.782326
7.58421,0.782326
7.62426,0.782326
7.6643,0.782326
7.70434,0.782326
7.74439,0.782326
7.78444,0.782326
7.82448,0.782326
7.86453,0.782326
7.90458,0.782326
7.94464,0.782326
7.98469,0.782326
8.02474,0.782326
8.0648,0.782326
8.10485,0.782326
8.14491,0.782326
8.18497,0.782326
8.22503,0.782326
8.26509,0.782326
8.30515,0.782326
8.34521,0.782326
8.38527,0.782326
8.42534,0.782326
8.4654,0.782326
8.50547,0.782326
8.54554,0.782326
8.5856,0.782326
8.62567,0.782326
8.66574,0.782326
8.70582,0.782326
8.74589,0.782326
8.78596,0.782326
8.82604,0.782326
8.86611,0.782326
8.90619,0.782326
8.94627,0.782326
8.98635,0.782326
9.02643,0.782326
9.06651,0.782326
9.10659,0.782326
9.14668,0.782326
9.18676,0.782326
9.22684,0.782326
9.26693,0.782326
9.30702,0.782326
9.34711,0.782326
9.3872,0.782326
9.42729,0.782326
9.46738,0.782326
9.50747,0.782326
9.54756,0.782326
9.58766,0.782326
9.62775,0.782326
9.66785,0.782326
9.70795,0.782326
9.74804,0.782326
9.78814,0.782326
9.82824,0.782326
9.86834,0.782326
9.90845,0.782326
9.94855,0.782326
9.98865,0.782326
10.0288,0.782326
10.0689,0.782326
10.109,0.782326
10.1491,0.782326
10.1892,0.782326
10.2293,0.782326
10.2694,0.782326
10.3095,0.782326
10.3496,0.782326
10.3897,0.782326
10.4299,0.782326
10.47,0.782326
10.5101,0.782326
10.5502,0.782326
10.5903,0.782326
10.6304,0.782326
10.6706,0.782326
10.7107,0.782326
10.7508,0.782326
10.7909,0.782326
10.8311,0.782326
10.8712,0.782326
10.9113,0.782326
10.9514,0.782326
10.9916,0.782326
11.0317,0.782326
11.0718,0.782326
11.1119,0.782326
11.1521,0.782326
11.1922,0.782326
11.2323,0.782326
11.2725,0.782326
11.3126,0.782326
11.3527,0.782326
11.3929,0.782326
11.433,0.782326
11.4732,0.782326
11.5133,0.782326
11.5534,0.782326
11.5936,0.782326
11.6337,0.782326
11.6739,0.782326
11.714,0.782326
11.7541,0.786192
11.7943,0.790059
11.8344,0.793926
11.8746,0.797793
11.9147,0.80166
11.9549,0.805527
11.995,0.809394
12.0352,0.813262
12.0753,0.817129
12.1155,0.820997
12.1556,0.824864
12.1958,0.828732
12.2359,0.832599
12.2761,0.836467
12.3162,0.840335
12.3564,0.844203
12.3965,0.848071
12.4367,0.851939
12.4769,0.855807
12.517,0.859675
12.5572,0.863544
12.5973,0.867412
12.6375,0.871281
12.6777,0.875149
12.7178,0.879018
12.758,0.882886
12.7981,0.886755
12.8383,0.890624
12.8785,0.894493
12.9186,0.898362
12.9588,0.902231
12.999,0.9061
13.0391,0.909969
13.0793,0.913838
13.1195,0.917708
13.1597,0.921577
13.1998,0.925447
13.24,0.929316
13.2802,0.933186
13.3203,0.937055
13.3605,0.940925
13.4007,0.944795
13.4409,0.948665
13.481,0.952535
13.5212,0.956405
13.5614,0.960275
13.6016,0.964145
13.6418,0.968015
13.6819,0.971885
13.7221,0.975756
13.7623,0.979626
13.8025,0.983497
13.8427,0.987367
13.8829,0.991238
13.923,0.995108
13.9632,0.998979
14.0034,1.00285
14.0436,1.00672
14.0838,1.01059
14.124,1.01446
14.1642,1.01833
14.2043,1.0222
14.2445,1.02608
14.2847,1.02995
14.3249,1.03382
14.3651,1.03769
14.4053,1.04156
14.4455,1.04543
14.4857,1.0493
14.5259,1.05318
14.5661,1.05705
14.6063,1.06092
14.6465,1.06479
14.6867,1.06866
14.7269,1.07254
14.7671,1.07641
14.8073,1.08028
14.8474,1.08415
14.8876,1.08802
14.9278,1.0919
14.968,1.09577
15.0083,1.09964
15.0485,1.10351
15.0887,1.10738
15.1289,1.11126
15.1691,1.11513
15.2093,1.119
15.2495,1.12288
15.2897,1.12675
15.3299,1.13062
15.3701,1.13449
15.4103,1.13837
15.4505,1.14224
15.4907,1.14611
15.5309,1.14999
15.5711,1.15386
15.6113,1.15773
15.6515,1.1616
15.6918,1.16548
15.732,1.16935
15.7722,1.17322
15.8124,1.1771
15.8526,1.18097
15.8928,1.18484
15.933,1.18872
15.9732,1.19259
16.0135,1.19647
16.0537,1.20034
16.0939,1.20421
16.1341,1.20809
16.1743,1.21196
16.2145,1.21583
16.2548,1.21971
16.295,1.22358
16.3352,1.22746
16.3754,1.23133
16.4156,1.23521
16.4559,1.23908
16.4961,1.24295
16.5363,1.24683
16.5765,1.2507
16.6168,1.25458
16.657,1.25845
16.6972,1.26233
16.7374,1.2662
16.7776,1.27007
16.8179,1.27395
16.8581,1.27782
16.8983,1.2817
16.9385,1.28557
16.9788,1.28945
17.019,1.29332
17.0592,1.2972
17.0995,1.30107
17.1397,1.30495
17.1799,1.30882
17.2201,1.3127
17.2604,1.31657
17.3006,1.32045
17.3408,1.32432
17.3811,1.3282
17.4213,1.33207
17.4615,1.33595
17.5018,1.33982
17.542,1.3437
17.5822,1.34757
17.6225,1.35145
17.6627,1.35533
17.7029,1.3592
17.7432,1.36308
17.7834,1.36695
17.8236,1.37083
17.8639,1.3747
17.9041,1.37858
17.9443,1.38245
17.9846,1.38633
18.0248,1.39021
18.0651,1.39408
18.1053,1.39796
18.1455,1.40183
18.1858,1.40571
18.226,1.40959
18.2663,1.41346
18.3065,1.41734
18.3467,1.42121
18.387,1.42509
18.4272,1.42897
18.4675,1.43284
18.5077,1.43672
18.5479,1.4406
18.5882,1.44447
18.6284,1.44835
18.6687,1.45222
18.7089,1.4561
18.7492,1.45998
18.7894,1.46385
18.8296,1.46773
18.8699,1.47161
18.9101,1.47548
18.9504,1.47936
18.9906,1.48324
19.0309,1.48711
19.0711,1.49099
19.1114,1.49487
19.1516,1.49874
19.1919,1.50262
19.2321,1.5065
19.2724,1.51037
19.3126,1.51425
19.3528,1.51813
19.3931,1.522
19.4333,1.52588
19.4736,1.52976
19.5138,1.53363
19.5541,1.53751
19.5943,1.54139
19.6346,1.54527
19.6748,1.54914
19.7151,1.55302
19.7553,1.5569
19.7956,1.56077
19.8358,1.56465
19.8761,1.56853
19.9163,1.57241
19.9566,1.57628
19.9969,1.58016
20.0371,1.58404
20.0774,1.58791
20.1176,1.59179
20.1579,1.59567
20.1981,1.59955
20.2384,1.60342
20.2786,1.6073
20.3189,1.61118
20.3591,1.61506
20.3994,1.61893
20.4396,1.62281
20.4799,1.62669
20.5201,1.63057
20.5604,1.63444
20.6007,1.63832
20.6409,1.6422
20.6812,1.64608
20.7214,1.64995
20.7617,1.65383
20.8019,1.65771
20.8422,1.66159
20.8825,1.66546
20.9227,1.66934
20.963,1.67322
21.0032,1.6771
21.0435,1.68097
21.0837,1.68485
21.124,1.68873
21.1643,1.69261
21.2045,1.69649
21.2448,1.70036
21.285,1.70424
21.3253,1.70812
21.3655,1.712
21.4058,1.71587
21.4461,1.71975
21.4863,1.72363
21.5266,1.72751
21.5668,1.73139
21.6071,1.73526
21.6474,1.73914
21.6876,1.74302
21.7279,1.7469
21.7681,1.75078
21.8084,1.75465
21.8487,1.75853
21.8889,1.76241
21.9292,1.76629
21.9694,1.77017
22.0097,1.77404
22.05,1.77792
22.0902,1.7818
22.1305,1.78568
22.1707,1.78956
22.211,1.79343
22.2513,1.79731
22.2915,1.80119
22.3318,1.80507
22.372,1.80895
22.4123,1.81282
22.4526,1.8167
22.4928,1.82058
22.5331,1.82446
22.5733,1.82834
22.6136,1.83221
22.6539,1.83609
22.6941,1.83997
22.7344,1.84385
22.7746,1.84773
22.8149,1.8516
22.8552,1.85548
22.8954,1.85936
22.9357,1.86324
22.9759,1.86712
23.0162,1.87099
23.0565,1.87487
23.0967,1.87875
23.137,1.88263
23.1787,1.88665
23.222,1.89082
23.2669,1.89515
23.3135,1.89963
23.3617,1.90427
23.4116,1.90908
23.4633,1.91406
23.5169,1.91922
23.5723,1.92456
23.6297,1.93009
23.689,1.9358
23.7504,1.94171
23.8138,1.94783
23.8794,1.95414
23.9471,1.96066
24.0171,1.9674
24.0893,1.97436
24.1638,1.98154
24.2407,1.98894
24.3199,1.99657
24.4016,2.00444
24.4858,2.01255
24.5724,2.0209
24.6616,2.02949
24.7534,2.03833
24.8478,2.04742
24.9448,2.05676
25.0444,2.06636
25.1467,2.07621
25.2517,2.08632
25.3593,2.09669
25.4697,2.10732
25.5827,2.11821
25.6984,2.12935
25.8168,2.14076
25.9379,2.15242
26.0616,2.16434
26.1879,2.17651
26.3168,2.18892
26.4483,2.20159
26.5823,2.21449
26.7187,2.22763
26.8575,2.24101
26.9987,2.2546
27.1422,2.26842
27.2878,2.28245
27.4356,2.29668
27.5854,2.31111
27.7371,2.32573
27.8906,2.34052
28.0459,2.35548
28.2029,2.37059
28.3613,2.38585
28.5211,2.40124
28.6822,2.41676
28.8444,2.43238
29.0076,2.4481
29.1716,2.46391
29.3364,2.47978
29.5018,2.49571
29.6676,2.51168
29.8337,2.52768
30,2.5437
30.1663,2.55971
-0.0397757,1.80937
0,1.80937
0.0397757,1.80937
0.0795531,1.80937
0.119332,1.80937
0.159113,1.80937
0.198895,1.80937
0.238679,1.80937
0.278465,1.80937
0.318252,1.80937
0.358041,1.80937
0.397832,1.80937
0.437624,1.80937
0.477418,1.80937
0.517214,1.80937
0.557011,1.80937
0.59681,1.80937
0.636611,1.80937
0.676413,1.80937
0.716217,1.80937
0.756022,1.80937
0.795829,1.80937
0.835638,1.80937
0.875448,1.80937
0.91526,1.80937
0.955073,1.80937
0.994888,1.80937
1.0347,1.80937
1.07452,1.80937
1.11434,1.80937
1.15416,1.80937
1.19399,1.80937
1.23381,1.80937
1.27364,1.80937
1.31347,1.80937
1.3533,1.80937
1.39313,1.80937
1.43296,1.80937
1.47279,1.80937
1.51263,1.80937
1.55247,1.80937
1.59231,1.80937
1.63215,1.80937
1.67199,1.80937
1.71183,1.80937
1.75168,1.80937
1.79152,1.80937
1.83137,1.80937
1.87122,1.80937
1.91107,1.80937
1.95092,1.80937
1.99078,1.80937
2.03063,1.80937
2.07049,1.80937
2.11035,1.80937
2.15021,1.80937
2.19007,1.80937
2.22994,1.80937
2.2698,1.80937
2.30967,1.80937
2.34954,1.80937
2.38941,1.80937
2.42928,1.80937
2.46915,1.80937
2.50902,1.80937
2.5489,1.80937
2.58878,1.80937
2.62865,1.80937
2.66853,1.80937
2.70842,1.80937
2.7483,1.80937
2.78818,1.80937
2.82807,1.80937
2.86796,1.80937
2.90785,1.80937
2.94774,1.80937
2.98763,1.80937
3.02752,1.80937
3.06742,1.80937
3.10731,1.80937
3.14721,1.80937
3.18711,1.80937
3.22701,1.80937
3.26691,1.80937
3.30681,1.80937
3.34672,1.80937
3.38663,1.80937
3.42653,1.79679
3.46644,1.7842
3.50635,1.77162
3.54627,1.75903
3.58618,1.74645
3.62609,1.73386
3.66601,1.72128
3.70593,1.70869
3.74585,1.69611
3.78577,1.68352
3.82569,1.67093
3.86561,1.65834
3.90554,1.64575
3.94546,1.63317
3.98539,1.62058
4.02532,1.60799
4.06525,1.5954
4.10518,1.58281
4.14511,1.57021
4.18505,1.55762
4.22499,1.54503
4.26492,1.53244
4.30486,1.51985
4.3448,1.50725
4.38474,1.49466
4.42468,1.48206
4.46463,1.46947
4.50457,1.45687
4.54452,1.44428
4.58447,1.43168
4.62442,1.41909
4.66437,1.40649
4.70432,1.39389
4.74427,1.3813
4.78423,1.3687
4.82419,1.3561
4.86414,1.3435
4.9041,1.3309
4.94406,1.3183
4.98402,1.3057
5.02399,1.2931
5.06395,1.2805
5.10392,1.2679
5.14388,1.2553
5.18385,1.2427
5.22382,1.23009
5.26379,1.21749
5.30376,1.20489
5.34373,1.19228
5.38371,1.17968
5.42369,1.16707
5.46366,1.15447
5.50364,1.14186
5.54362,1.12926
5.5836,1.11665
5.62358,1.10405
5.66357,1.09144
5.70355,1.07883
5.74354,1.06488
5.78352,1.05092
5.82351,1.03697
5.8635,1.02301
5.90349,1.00906
5.94349,0.9951
5.98348,0.981143
6.02347,0.967186
6.06347,0.953229
6.10347,0.939271
6.14347,0.925313
6.18347,0.911354
6.22347,0.897395
6.26347,0.883435
6.30347,0.869475
6.34348,0.855514
6.38348,0.841553
6.42349,0.827592
6.4635,0.826245
6.50351,0.824898
6.54352,0.823551
6.58353,0.822204
6.62354,0.820857
6.66356,0.81951
6.70357,0.818163
6.74359,0.816815
6.78361,0.815468
6.82363,0.814121
6.86365,0.812773
6.90367,0.811426
6.94369,0.810079
6.98372,0.808731
7.02374,0.807384
7.06377,0.806036
7.1038,0.804689
7.14382,0.803341
7.18385,0.801993
7.22388,0.800646
7.26392,0.799298
7.30395,0.79795
7.34398,0.79795
7.38402,0.79795
7.42406,0.79795
7.46409,0.79795
7.50413,0.79795
7.54417,0.79795
7.58421,0.79795
7.62426,0.79795
7.6643,0.79795
7.70434,0.79795
7.74439,0.79795
7.78444,0.79795
7.82448,0.79795
7.86453,0.79795
7.90458,0.79795
7.94464,0.79795
7.98469,0.79795
8.02474,0.79795
8.0648,0.79795
8.10485,0.79795
8.14491,0.79795
8.18497,0.79795
8.22503,0.79795
8.26509,0.79795
8.30515,0.79795
8.34521,0.79795
8.38527,0.79795
8.42534,0.79795
8.4654,0.79795
8.50547,0.79795
8.54554,0.79795
8.5856,0.79795
8.62567,0.79795
8.66574,0.79795
8.70582,0.79795
8.74589,0.79795
8.78596,0.79795
8.82604,0.79795
8.86611,0.79795
8.90619,0.79795
8.94627,0.79795
8.98635,0.79795
9.02643,0.79795
9.06651,0.79795
9.10659,0.79795
9.14668,0.79795
9.18676,0.79795
9.22684,0.79795
9.26693,0.79795
9.30702,0.79795
9.34711,0.79795
9.3872,0.79795
9.42729,0.79795
9.46738,0.79795
9.50747,0.79795
9.54756,0.79795
9.58766,0.79795
9.62775,0.79795
9.66785,0.79795
9.70795,0.79795
9.74804,0.79795
9.78814,0.79795
9.82824,0.79795
9.86834,0.79795
9.90845,0.79795
9.94855,0.79795
9.98865,0.79795
10.0288,0.79795
10.0689,0.79795
10.109,0.79795
10.1491,0.79795
10.1892,0.79795
10.2293,0.79795
10.2694,0.79795
10.3095,0.79795
10.3496,0.79795
10.3897,0.79795
10.4299,0.79795
10.47,0.79795
10.5101,0.79795
10.5502,0.79795
10.5903,0.79795
10.6304,0.79795
10.6706,0.79795
10.7107,0.79795
10.7508,0.79795
10.7909,0.79795
10.8311,0.79795
10.8712,0.79795
10.9113,0.79795
10.9514,0.79795
10.9916,0.79795
11.0317,0.79795
11.0718,0.79795
11.1119,0.79795
11.1521,0.79795
11.1922,0.79795
11.2323,0.79795
11.2725,0.79795
11.3126,0.79795
11.3527,0.79795
11.3929,0.79795
11.433,0.79795
11.4732,0.79795
11.5133,0.79795
11.5534,0.79795
11.5936,0.79795
11.6337,0.79795
11.6739,0.79795
11.714,0.79795
11.7541,0.801894
11.7943,0.805838
11.8344,0.809782
11.8746,0.813726
11.9147,0.817671
11.9549,0.821615
11.995,0.82556
12.0352,0.829504
12.0753,0.833449
12.1155,0.837393
12.1556,0.841338
12.1958,0.845283
12.2359,0.849228
12.2761,0.853173
12.3162,0.857118
12.3564,0.861063
12.3965,0.865009
12.4367,0.868954
12.4769,0.872899
12.517,0.876845
12.5572,0.88079
12.5973,0.884736
12.6375,0.888682
12.6777,0.892627
12.7178,0.896573
12.758,0.900519
12.7981,0.904465
12.8383,0.908411
12.8785,0.912358
12.9186,0.916304
12.9588,0.92025
12.999,0.924196
13.0391,0.928143
13.0793,0.932089
13.1195,0.936036
13.1597,0.939983
13.1998,0.943929
13.24,0.947876
13.2802,0.951823
13.3203,0.95577
13.3605,0.959717
13.4007,0.963664
13.4409,0.967611
13.481,0.971559
13.5212,0.975506
13.5614,0.979453
13.6016,0.983401
13.6418,0.987348
13.6819,0.991296
13.7221,0.995243
13.7623,0.999191
13.8025,1.00314
13.8427,1.00709
13.8829,1.01103
13.923,1.01498
13.9632,1.01893
14.0034,1.02288
14.0436,1.02683
14.0838,1.03078
14.124,1.03472
14.1642,1.03867
14.2043,1.04262
14.2445,1.04657
14.2847,1.05052
14.3249,1.05447
14.3651,1.05841
14.4053,1.06236
14.4455,1.06631
14.4857,1.07026
14.5259,1.07421
14.5661,1.07816
14.6063,1.08211
14.6465,1.08606
14.6867,1.09001
14.7269,1.09396
14.7671,1.0979
14.8073,1.10185
14.8474,1.1058
14.8876,1.10975
14.9278,1.1137
14.968,1.11765
15.0083,1.1216
15.0485,1.12555
15.0887,1.1295
15.1289,1.13345
15.1691,1.1374
15.2093,1.14135
15.2495,1.1453
15.2897,1.14925
15.3299,1.1532
15.3701,1.15715
15.4103,1.1611
15.4505,1.16505
15.4907,1.169
15.5309,1.17295
15.5711,1.1769
15.6113,1.18085
15.6515,1.1848
15.6918,1.18875
15.732,1.19271
15.7722,1.19666
15.8124,1.20061
15.8526,1.20456
15.8928,1.20851
15.933,1.21246
15.9732,1.21641
16.0135,1.22036
16.0537,1.22431
16.0939,1.22826
16.1341,1.23221
16.1743,1.23617
16.2145,1.24012
16.2548,1.24407
16.295,1.24802
16.3352,1.25197
16.3754,1.25592
16.4156,1.25987
16.4559,1.26383
16.4961,1.26778
16.5363,1.27173
16.5765,1.27568
16.6168,1.27963
16.657,1.28358
16.6972,1.28754
16.7374,1.29149
16.7776,1.29544
16.8179,1.29939
16.8581,1.30334
16.8983,1.3073
16.9385,1.31125
16.9788,1.3152
17.019,1.31915
17.0592,1.32311
17.0995,1.32706
17.1397,1.33101
17.1799,1.33496
17.2201,1.33891
17.2604,1.34287
17.3006,1.34682
17.3408,1.35077
17.3811,1.35472
17.4213,1.35868
17.4615,1.36263
17.5018,1.36658
17.542,1.37054
17.5822,1.37449
17.6225,1.37844
17.6627,1.38239
17.7029,1.38635
17.7432,1.3903
17.7834,1.39425
17.8236,1.39821
17.8639,1.40216
17.9041,1.40611
17.9443,1.41007
17.9846,1.41402
18.0248,1.41797
18.0651,1.42192
18.1053,1.42588
18.1455,1.42983
18.1858,1.43378
18.226,1.43774
18.2663,1.44169
18.3065,1.44565
18.3467,1.4496
18.387,1.45355
18.4272,1.45751
18.4675,1.46146
18.5077,1.46541
18.5479,1.46937
18.5882,1.47332
18.6284,1.47727
18.6687,1.48123
18.7089,1.48518
18.7492,1.48914
18.7894,1.49309
18.8296,1.49704
18.8699,1.501
18.9101,1.50495
18.9504,1.50891
18.9906,1.51286
19.0309,1.51681
19.0711,1.52077
19.1114,1.52472
19.1516,1.52868
19.1919,1.53263
19.2321,1.53658
19.2724,1.54054
19.3126,1.54449
19.3528,1.54845
19.3931,1.5524
19.4333,1.55636
19.4736,1.56031
19.5138,1.56426
19.5541,1.56822
19.5943,1.57217
19.6346,1.57613
19.6748,1.58008
19.7151,1.58404
19.7553,1.58799
19.7956,1.59195
19.8358,1.5959
19.8761,1.59985
19.9163,1.60381
19.9566,1.60776
19.9969,1.61172
20.0371,1.61567
20.0774,1.61963
20.1176,1.62358
20.1579,1.62754
20.1981,1.63149
20.2384,1.63545
20.2786,1.6394
20.3189,1.64336
20.3591,1.64731
20.3994,1.65127
20.4396,1.65522
20.4799,1.65918
20.5201,1.66313
20.5604,1.66709
20.6007,1.67104
20.6409,1.675
20.6812,1.67895
20.7214,1.68291
20.7617,1.68686
20.8019,1.69082
20.8422,1.69477
20.8825,1.69873
20.9227,1.70268
20.963,1.70664
21.0032,1.71059
21.0435,1.71455
21.0837,1.7185
21.124,1.72246
21.1643,1.72641
21.2045,1.73037
21.2448,1.73432
21.285,1.73828
21.3253,1.74223
21.3655,1.74619
21.4058,1.75014
21.4461,1.7541
21.4863,1.75805
21.5266,1.76201
21.5668,1.76597
21.6071,1.76992
21.6474,1.77388
21.6876,1.77783
21.7279,1.78179
21.7681,1.78574
21.8084,1.7897
21.8487,1.79365
21.8889,1.79761
21.9292,1.80156
21.9694,1.80552
22.0097,1.80947
22.05,1.81343
22.0902,1.81739
22.1305,1.82134
22.1707,1.8253
22.211,1.82925
22.2513,1.83321
22.2915,1.83716
22.3318,1.84112
22.372,1.84507
22.4123,1.84903
22.4526,1.85298
22.4928,1.85694
22.5331,1.8609
22.5733,1.86485
22.6136,1.86881
22.6539,1.87276
22.6941,1.87672
22.7344,1.88067
22.7746,1.88463
22.8149,1.88858
22.8552,1.89254
22.8954,1.8965
22.9357,1.90045
22.9759,1.90441
23.0162,1.90836
23.0565,1.91232
23.0967,1.91627
23.137,1.92023
23.1787,1.92433
23.222,1.92859
23.2669,1.933
23.3135,1.93757
23.3617,1.9423
23.4116,1.94721
23.4633,1.95229
23.5169,1.95755
23.5723,1.963
23.6297,1.96864
23.689,1.97447
23.7504,1.98049
23.8138,1.98673
23.8794,1.99317
23.9471,1.99982
24.0171,2.0067
24.0893,2.01379
24.1638,2.02111
24.2407,2.02866
24.3199,2.03645
24.4016,2.04447
24.4858,2.05274
24.5724,2.06126
24.6616,2.07002
24.7534,2.07904
24.8478,2.08831
24.9448,2.09784
25.0444,2.10763
25.1467,2.11768
25.2517,2.12799
25.3593,2.13857
25.4697,2.14941
25.5827,2.16051
25.6984,2.17188
25.8168,2.18351
25.9379,2.19541
26.0616,2.20756
26.1879,2.21997
26.3168,2.23264
26.4483,2.24556
26.5823,2.25872
26.7187,2.27212
26.8575,2.28576
26.9987,2.29963
27.1422,2.31373
27.2878,2.32804
27.4356,2.34255
27.5854,2.35727
27.7371,2.37218
27.8906,2.38726
28.0459,2.40252
28.2029,2.41794
28.3613,2.4335
28.5211,2.4492
28.6822,2.46503
28.8444,2.48096
29.0076,2.497
29.1716,2.51312
29.3364,2.52931
29.5018,2.54556
29.6676,2.56185
29.8337,2.57817
30,2.5945
30.1663,2.61084
-0.0397757,1.83956
0,1.83956
0.0397757,1.83956
0.0795531,1.83956
0.119332,1.83956
0.159113,1.83956
0.198895,1.83956
0.238679,1.83956
0.278465,1.83956
0.318252,1.83956
0.358041,1.83956
0.397832,1.83956
0.437624,1.83956
0.477418,1.83956
0.517214,1.83956
0.557011,1.83956
0.59681,1.83956
0.636611,1.83956
0.676413,1.83956
0.716217,1.83956
0.756022,1.83956
0.795829,1.83956
0.835638,1.83956
0.875448,1.83956
0.91526,1.83956
0.955073,1.83956
0.994888,1.83956
1.0347,1.83956
1.07452,1.83956
1.11434,1.83956
1.15416,1.83956
1.19399,1.83956
1.23381,1.83956
1.27364,1.83956
1.31347,1.83956
1.3533,1.83956
1.39313,1.83956
1.43296,1.83956
1.47279,1.83956
1.51263,1.83956
1.55247,1.83956
1.59231,1.83956
1.63215,1.83956
1.67199,1.83956
1.71183,1.83956
1.75168,1.83956
1.79152,1.83956
1.83137,1.83956
1.87122,1.83956
1.91107,1.83956
1.95092,1.83956
1.99078,1.83956
2.03063,1.83956
2.07049,1.83956
2.11035,1.83956
2.15021,1.83956
2.19007,1.83956
2.22994,1.83956
2.2698,1.83956
2.30967,1.83956
2.34954,1.83956
2.38941,1.83956
2.42928,1.83956
2.46915,1.83956
2.50902,1.83956
2.5489,1.83956
2.58878,1.83956
2.62865,1.83956
2.66853,1.83956
2.70842,1.83956
2.7483,1.83956
2.78818,1.83956
2.82807,1.83956
2.86796,1.83956
2.90785,1.83956
2.94774,1.83956
2.98763,1.83956
3.02752,1.83956
3.06742,1.83956
3.10731,1.83956
3.14721,1.83956
3.18711,1.83956
3.22701,1.83956
3.26691,1.83956
3.30681,1.83956
3.34672,1.83956
3.38663,1.83956
3.42653,1.82673
3.46644,1.8139
3.50635,1.80107
3.54627,1.78824
3.58618,1.77541
3.62609,1.76258
3.66601,1.74974
3.70593,1.73691
3.74585,1.72408
3.78577,1.71124
3.82569,1.69841
3.86561,1.68558
3.90554,1.67274
3.94546,1.65991
3.98539,1.64707
4.02532,1.63423
4.06525,1.6214
4.10518,1.60856
4.14511,1.59572
4.18505,1.58288
4.22499,1.57005
4.26492,1.55721
4.30486,1.54437
4.3448,1.53153
4.38474,1.51869
4.42468,1.50585
4.46463,1.49301
4.50457,1.48017
4.54452,1.46732
4.58447,1.45448
4.62442,1.44164
4.66437,1.4288
4.70432,1.41595
4.74427,1.40311
4.78423,1.39026
4.82419,1.37742
4.86414,1.36457
4.9041,1.35173
4.94406,1.33888
4.98402,1.32603
5.02399,1.31319
5.06395,1.30034
5.10392,1.28749
5.14388,1.27464
5.18385,1.26179
5.22382,1.24895
5.26379,1.2361
5.30376,1.22325
5.34373,1.2104
5.38371,1.19755
5.42369,1.18469
5.46366,1.17184
5.50364,1.15899
5.54362,1.14614
5.5836,1.13328
5.62358,1.12043
5.66357,1.10758
5.70355,1.09472
5.74354,1.08063
5.78352,1.06653
5.82351,1.05243
5.8635,1.03833
5.90349,1.02424
5.94349,1.01014
5.98348,0.996038
6.02347,0.981938
6.06347,0.967838
6.10347,0.953737
6.14347,0.939636
6.18347,0.925534
6.22347,0.911432
6.26347,0.89733
6.30347,0.883227
6.34348,0.869124
6.38348,0.85502
6.42349,0.840916
6.4635,0.839673
6.50351,0.83843
6.54352,0.837187
6.58353,0.835944
6.62354,0.834701
6.66356,0.833458
6.70357,0.832215
6.74359,0.830972
6.78361,0.829729
6.82363,0.828486
6.86365,0.827243
6.90367,0.825999
6.94369,0.824756
6.98372,0.823513
7.02374,0.822269
7.06377,0.821026
7.1038,0.819782
7.14382,0.818539
7.18385,0.817295
7.22388,0.816052
7.26392,0.814808
7.30395,0.813565
7.34398,0.813565
7.38402,0.813565
7.42406,0.813565
7.46409,0.813565
7.50413,0.813565
7.54417,0.813565
7.58421,0.813565
7.62426,0.813565
7.6643,0.813565
7.70434,0.813565
7.74439,0.813565
7.78444,0.813565
7.82448,0.813565
7.86453,0.813565
7.90458,0.813565
7.94464,0.813565
7.98469,0.813565
8.02474,0.813565
8.0648,0.813565
8.10485,0.813565
8.14491,0.813565
8.18497,0.813565
8.22503,0.813565
8.26509,0.813565
8.30515,0.813565
8.34521,0.813565
8.38527,0.813565
8.42534,0.813565
8.4654,0.813565
8.50547,0.813565
8.54554,0.813565
8.5856,0.813565
8.62567,0.813565
8.66574,0.813565
8.70582,0.813565
8.74589,0.813565
8.78596,0.813565
8.82604,0.813565
8.86611,0.813565
8.90619,0.813565
8.94627,0.813565
8.98635,0.813565
9.02643,0.813565
9.06651,0.813565
9.10659,0.813565
9.14668,0.813565
9.18676,0.813565
9.22684,0.813565
9.26693,0.813565
9.30702,0.813565
9.34711,0.813565
9.3872,0.813565
9.42729,0.813565
9.46738,0.813565
9.50747,0.813565
9.54756,0.813565
9.58766,0.813565
9.62775,0.813565
9.66785,0.813565
9.70795,0.813565
9.74804,0.813565
9.78814,0.813565
9.82824,0.813565
9.86834,0.813565
9.90845,0.813565
9.94855,0.813565
9.98865,0.813565
10.0288,0.813565
10.0689,0.813565
10.109,0.813565
10.1491,0.813565
10.1892,0.813565
10.2293,0.813565
10.2694,0.813565
10.3095,0.813565
10.3496,0.813565
10.3897,0.813565
10.4299,0.813565
10.47,0.813565
10.5101,0.813565
10.5502,0.813565
10.5903,0.813565
10.6304,0.813565
10.6706,0.813565
10.7107,0.813565
10.7508,0.813565
10.7909,0.813565
10.8311,0.813565
10.8712,0.813565
10.9113,0.813565
10.9514,0.813565
10.9916,0.813565
11.0317,0.813565
11.0718,0.813565
11.1119,0.813565
11.1521,0.813565
11.1922,0.813565
11.2323,0.813565
11.2725,0.813565
11.3126,0.813565
11.3527,0.813565
11.3929,0.813565
11.433,0.813565
11.4732,0.813565
11.5133,0.813565
11.5534,0.813565
11.5936,0.813565
11.6337,0.813565
11.6739,0.813565
11.714,0.813565
11.7541,0.817586
11.7943,0.821607
11.8344,0.825628
11.8746,0.82965
11.9147,0.833671
11.9549,0.837693
11.995,0.841715
12.0352,0.845736
12.0753,0.849758
12.1155,0.85378
12.1556,0.857802
12.1958,0.861824
12.2359,0.865846
12.2761,0.869868
12.3162,0.873891
12.3564,0.877913
12.3965,0.881936
12.4367,0.885958
12.4769,0.889981
12.517,0.894003
12.5572,0.898026
12.5973,0.902049
12.6375,0.906072
12.6777,0.910095
12.7178,0.914118
12.758,0.918141
12.7981,0.922164
12.8383,0.926188
12.8785,0.930211
12.9186,0.934234
12.9588,0.938258
12.999,0.942282
13.0391,0.946305
13.0793,0.950329
13.1195,0.954353
13.1597,0.958377
13.1998,0.962401
13.24,0.966425
13.2802,0.970449
13.3203,0.974473
13.3605,0.978497
13.4007,0.982522
13.4409,0.986546
13.481,0.990571
13.5212,0.994595
13.5614,0.99862
13.6016,1.00264
13.6418,1.00667
13.6819,1.01069
13.7221,1.01472
13.7623,1.01874
13.8025,1.02277
13.8427,1.02679
13.8829,1.03082
13.923,1.03484
13.9632,1.03887
14.0034,1.04289
14.0436,1.04692
14.0838,1.05095
14.124,1.05497
14.1642,1.059
14.2043,1.06302
14.2445,1.06705
14.2847,1.07107
14.3249,1.0751
14.3651,1.07913
14.4053,1.08315
14.4455,1.08718
14.4857,1.0912
14.5259,1.09523
14.5661,1.09926
14.6063,1.10328
14.6465,1.10731
14.6867,1.11134
14.7269,1.11536
14.7671,1.11939
14.8073,1.12342
14.8474,1.12744
14.8876,1.13147
14.9278,1.1355
14.968,1.13952
15.0083,1.14355
15.0485,1.14758
15.0887,1.1516
15.1289,1.15563
15.1691,1.15966
15.2093,1.16369
15.2495,1.16771
15.2897,1.17174
15.3299,1.17577
15.3701,1.1798
15.4103,1.18382
15.4505,1.18785
15.4907,1.19188
15.5309,1.19591
15.5711,1.19993
15.6113,1.20396
15.6515,1.20799
15.6918,1.21202
15.732,1.21604
15.7722,1.22007
15.8124,1.2241
15.8526,1.22813
15.8928,1.23216
15.933,1.23619
15.9732,1.24021
16.0135,1.24424
16.0537,1.24827
16.0939,1.2523
16.1341,1.25633
16.1743,1.26036
16.2145,1.26438
16.2548,1.26841
16.295,1.27244
16.3352,1.27647
16.3754,1.2805
16.4156,1.28453
16.4559,1.28856
16.4961,1.29259
16.5363,1.29662
16.5765,1.30064
16.6168,1.30467
16.657,1.3087
16.6972,1.31273
16.7374,1.31676
16.7776,1.32079
16.8179,1.32482
16.8581,1.32885
16.8983,1.33288
16.9385,1.33691
16.9788,1.34094
17.019,1.34497
17.0592,1.349
17.0995,1.35303
17.1397,1.35706
17.1799,1.36109
17.2201,1.36512
17.2604,1.36915
17.3006,1.37317
17.3408,1.3772
17.3811,1.38123
17.4213,1.38526
17.4615,1.38929
17.5018,1.39332
17.542,1.39735
17.5822,1.40138
17.6225,1.40542
17.6627,1.40945
17.7029,1.41348
17.7432,1.41751
17.7834,1.42154
17.8236,1.42557
17.8639,1.4296
17.9041,1.43363
17.9443,1.43766
17.9846,1.44169
18.0248,1.44572
18.0651,1.44975
18.1053,1.45378
18.1455,1.45781
18.1858,1.46184
18.226,1.46587
18.2663,1.4699
18.3065,1.47393
18.3467,1.47797
18.387,1.482
18.4272,1.48603
18.4675,1.49006
18.5077,1.49409
18.5479,1.49812
18.5882,1.50215
18.6284,1.50618
18.6687,1.51021
18.7089,1.51424
18.7492,1.51828
18.7894,1.52231
18.8296,1.52634
18.8699,1.53037
18.9101,1.5344
18.9504,1.53843
18.9906,1.54246
19.0309,1.5465
19.0711,1.55053
19.1114,1.55456
19.1516,1.55859
19.1919,1.56262
19.2321,1.56665
19.2724,1.57068
19.3126,1.57472
19.3528,1.57875
19.3931,1.58278
19.4333,1.58681
19.4736,1.59084
19.5138,1.59487
19.5541,1.59891
19.5943,1.60294
19.6346,1.60697
19.6748,1.611
19.7151,1.61503
19.7553,1.61907
19.7956,1.6231
19.8358,1.62713
19.8761,1.63116
19.9163,1.63519
19.9566,1.63923
19.9969,1.64326
20.0371,1.64729
20.0774,1.65132
20.1176,1.65535
20.1579,1.65939
20.1981,1.66342
20.2384,1.66745
20.2786,1.67148
20.3189,1.67551
20.3591,1.67955
20.3994,1.68358
20.4396,1.68761
20.4799,1.69164
20.5201,1.69568
20.5604,1.69971
20.6007,1.70374
20.6409,1.70777
20.6812,1.71181
20.7214,1.71584
20.7617,1.71987
20.8019,1.7239
20.8422,1.72794
20.8825,1.73197
20.9227,1.736
20.963,1.74003
21.0032,1.74407
21.0435,1.7481
21.0837,1.75213
21.124,1.75616
21.1643,1.7602
21.2045,1.76423
21.2448,1.76826
21.285,1.77229
21.3253,1.77633
21.3655,1.78036
21.4058,1.78439
21.4461,1.78842
21.4863,1.79246
21.5266,1.79649
21.5668,1.80052
21.6071,1.80456
21.6474,1.80859
21.6876,1.81262
21.7279,1.81665
21.7681,1.82069
21.8084,1.82472
21.8487,1.82875
21.8889,1.83278
21.9292,1.83682
21.9694,1.84085
22.0097,1.84488
22.05,1.84892
22.0902,1.85295
22.1305,1.85698
22.1707,1.86101
22.211,1.86505
22.2513,1.86908
22.2915,1.87311
22.3318,1.87715
22.372,1.88118
22.4123,1.88521
22.4526,1.88925
22.4928,1.89328
22.5331,1.89731
22.5733,1.90134
22.6136,1.90538
22.6539,1.90941
22.6941,1.91344
22.7344,1.91748
22.7746,1.92151
22.8149,1.92554
22.8552,1.92957
22.8954,1.93361
22.9357,1.93764
22.9759,1.94167
23.0162,1.94571
23.0565,1.94974
23.0967,1.95377
23.137,1.9578
23.1787,1.96199
23.222,1.96632
23.2669,1.97082
23.3135,1.97548
23.3617,1.98031
23.4116,1.98531
23.4633,1.9905
23.5169,1.99586
23.5723,2.00141
23.6297,2.00716
23.689,2.0131
23.7504,2.01925
23.8138,2.0256
23.8794,2.03217
23.9471,2.03896
24.0171,2.04596
24.0893,2.0532
24.1638,2.06066
24.2407,2.06836
24.3199,2.0763
24.4016,2.08448
24.4858,2.09291
24.5724,2.10159
24.6616,2.11053
24.7534,2.11972
24.8478,2.12917
24.9448,2.13889
25.0444,2.14887
25.1467,2.15912
25.2517,2.16963
25.3593,2.18041
25.4697,2.19147
25.5827,2.20279
25.6984,2.21438
25.8168,2.22624
25.9379,2.23837
26.0616,2.25076
26.1879,2.26342
26.3168,2.27633
26.4483,2.2895
26.5823,2.30292
26.7187,2.31659
26.8575,2.33049
26.9987,2.34463
27.1422,2.359
27.2878,2.37359
27.4356,2.38839
27.5854,2.4034
27.7371,2.4186
27.8906,2.43398
28.0459,2.44953
28.2029,2.46525
28.3613,2.48112
28.5211,2.49713
28.6822,2.51326
28.8444,2.52951
29.0076,2.54586
29.1716,2.5623
29.3364,2.5788
29.5018,2.59537
29.6676,2.61198
29.8337,2.62862
30,2.64527
30.1663,2.66193
-0.0397757,1.86973
0,1.86973
0.0397757,1.86973
0.0795531,1.86973
0.119332,1.86973
0.159113,1.86973
0.198895,1.86973
0.238679,1.86973
0.278465,1.86973
0.318252,1.86973
0.358041,1.86973
0.397832,1.86973
0.437624,1.86973
0.477418,1.86973
0.517214,1.86973
0.557011,1.86973
0.59681,1.86973
0.636611,1.86973
0.676413,1.86973
0.716217,1.86973
0.756022,1.86973
0.795829,1.86973
0.835638,1.86973
0.875448,1.86973
0.91526,1.86973
0.955073,1.86973
0.994888,1.86973
1.0347,1.86973
1.07452,1.86973
1.11434,1.86973
1.15416,1.86973
1.19399,1.86973
1.23381,1.86973
1.27364,1.86973
1.31347,1.86973
1.3533,1.86973
1.39313,1.86973
1.43296,1.86973
1.47279,1.86973
1.51263,1.86973
1.55247,1.86973
1.59231,1.86973
1.63215,1.86973
1.67199,1.86973
1.71183,1.86973
1.75168,1.86973
1.79152,1.86973
1.83137,1.86973
1.87122,1.86973
1.91107,1.86973
1.95092,1.86973
1.99078,1.86973
2.03063,1.86973
2.07049,1.86973
2.11035,1.86973
2.15021,1.86973
2.19007,1.86973
2.22994,1.86973
2.2698,1.86973
2.30967,1.86973
2.34954,1.86973
2.38941,1.86973
2.42928,1.86973
2.46915,1.86973
2.50902,1.86973
2.5489,1.86973
2.58878,1.86973
2.62865,1.86973
2.66853,1.86973
2.70842,1.86973
2.7483,1.86973
2.78818,1.86973
2.82807,1.86973
2.86796,1.86973
2.90785,1.86973
2.94774,1.86973
2.98763,1.86973
3.02752,1.86973
3.06742,1.86973
3.10731,1.86973
3.14721,1.86973
3.18711,1.86973
3.22701,1.86973
3.26691,1.86973
3.30681,1.86973
3.34672,1.86973
3.38663,1.86973
3.42653,1.85665
3.46644,1.84358
3.50635,1.8305
3.54627,1.81742
3.58618,1.80435
3.62609,1.79127
3.66601,1.77819
3.70593,1.76511
3.74585,1.75203
3.78577,1.73895
3.82569,1.72587
3.86561,1.71279
3.90554,1.69971
3.94546,1.68663
3.98539,1.67355
4.02532,1.66046
4.06525,1.64738
4.10518,1.6343
4.14511,1.62121
4.18505,1.60813
4.22499,1.59505
4.26492,1.58196
4.30486,1.56888
4.3448,1.55579
4.38474,1.5427
4.42468,1.52962
4.46463,1.51653
4.50457,1.50344
4.54452,1.49035
4.58447,1.47726
4.62442,1.46417
4.66437,1.45109
4.70432,1.438
4.74427,1.42491
4.78423,1.41181
4.82419,1.39872
4.86414,1.38563
4.9041,1.37254
4.94406,1.35945
4.98402,1.34635
5.02399,1.33326
5.06395,1.32017
5.10392,1.30707
5.14388,1.29398
5.18385,1.28088
5.22382,1.26779
5.26379,1.25469
5.30376,1.24159
5.34373,1.2285
5.38371,1.2154
5.42369,1.2023
5.46366,1.1892
5.50364,1.17611
5.54362,1.16301
5.5836,1.14991
5.62358,1.13681
5.66357,1.12371
5.70355,1.11061
5.74354,1.09637
5.78352,1.08213
5.82351,1.06789
5.8635,1.05365
5.90349,1.03941
5.94349,1.02516
5.98348,1.01092
6.02347,0.996679
6.06347,0.982437
6.10347,0.968193
6.14347,0.95395
6.18347,0.939705
6.22347,0.925461
6.26347,0.911216
6.30347,0.89697
6.34348,0.882724
6.38348,0.868478
6.42349,0.854231
6.4635,0.853092
6.50351,0.851954
6.54352,0.850815
6.58353,0.849676
6.62354,0.848537
6.66356,0.847398
6.70357,0.846259
6.74359,0.84512
6.78361,0.843981
6.82363,0.842841
6.86365,0.841702
6.90367,0.840563
6.94369,0.839424
6.98372,0.838285
7.02374,0.837145
7.06377,0.836006
7.1038,0.834867
7.14382,0.833727
7.18385,0.832588
7.22388,0.831448
7.26392,0.830309
7.30395,0.829169
7.34398,0.829169
7.38402,0.829169
7.42406,0.829169
7.46409,0.829169
7.50413,0.829169
7.54417,0.829169
7.58421,0.829169
7.62426,0.829169
7.6643,0.829169
7.70434,0.829169
7.74439,0.829169
7.78444,0.829169
7.82448,0.829169
7.86453,0.829169
7.90458,0.829169
7.94464,0.829169
7.98469,0.829169
8.02474,0.829169
8.0648,0.829169
8.10485,0.829169
8.14491,0.829169
8.18497,0.829169
8.22503,0.829169
8.26509,0.829169
8.30515,0.829169
8.34521,0.829169
8.38527,0.829169
8.42534,0.829169
8.4654,0.829169
8.50547,0.829169
8.54554,0.829169
8.5856,0.829169
8.62567,0.829169
8.66574,0.829169
8.70582,0.829169
8.74589,0.829169
8.78596,0.829169
8.82604,0.829169
8.86611,0.829169
8.90619,0.829169
8.94627,0.829169
8.98635,0.829169
9.02643,0.829169
9.06651,0.829169
9.10659,0.829169
9.14668,0.829169
9.18676,0.829169
9.22684,0.829169
9.26693,0.829169
9.30702,0.829169
9.34711,0.829169
9.3872,0.829169
9.42729,0.829169
9.46738,0.829169
9.50747,0.829169
9.54756,0.829169
9.58766,0.829169
9.62775,0.829169
9.66785,0.829169
9.70795,0.829169
9.74804,0.829169
9.78814,0.829169
9.82824,0.829169
9.86834,0.829169
9.90845,0.829169
9.94855,0.829169
9.98865,0.829169
10.0288,0.829169
10.0689,0.829169
10.109,0.829169
10.1491,0.829169
10.1892,0.829169
10.2293,0.829169
10.2694,0.829169
10.3095,0.829169
10.3496,0.829169
10.3897,0.829169
10.4299,0.829169
10.47,0.829169
10.5101,0.829169
10.5502,0.829169
10.5903,0.829169
10.6304,0.829169
10.6706,0.829169
10.7107,0.829169
10.7508,0.829169
10.7909,0.829169
10.8311,0.829169
10.8712,0.829169
10.9113,0.829169
10.9514,0.829169
10.9916,0.829169
11.0317,0.829169
11.0718,0.829169
11.1119,0.829169
11.1521,0.829169
11.1922,0.829169
11.2323,0.829169
11.2725,0.829169
11.3126,0.829169
11.3527,0.829169
11.3929,0.829169
11.433,0.829169
11.4732,0.829169
11.5133,0.829169
11.5534,0.829169
11.5936,0.829169
11.6337,0.829169
11.6739,0.829169
11.714,0.829169
11.7541,0.833268
11.7943,0.837366
11.8344,0.841464
11.8746,0.845563
11.9147,0.849662
11.9549,0.85376
11.995,0.857859
12.0352,0.861958
12.0753,0.866057
12.1155,0.870156
12.1556,0.874255
12.1958,0.878354
12.2359,0.882454
12.2761,0.886553
12.3162,0.890652
12.3564,0.894752
12.3965,0.898851
12.4367,0.902951
12.4769,0.907051
12.517,0.911151
12.5572,0.915251
12.5973,0.919351
12.6375,0.923451
12.6777,0.927551
12.7178,0.931651
12.758,0.935751
12.7981,0.939852
12.8383,0.943952
12.8785,0.948053
12.9186,0.952154
12.9588,0.956254
12.999,0.960355
13.0391,0.964456
13.0793,0.968557
13.1195,0.972658
13.1597,0.976759
13.1998,0.98086
13.24,0.984961
13.2802,0.989062
13.3203,0.993164
13.3605,0.997265
13.4007,1.00137
13.4409,1.00547
13.481,1.00957
13.5212,1.01367
13.5614,1.01777
13.6016,1.02188
13.6418,1.02598
13.6819,1.03008
13.7221,1.03418
13.7623,1.03828
13.8025,1.04239
13.8427,1.04649
13.8829,1.05059
13.923,1.05469
13.9632,1.0588
14.0034,1.0629
14.0436,1.067
14.0838,1.0711
14.124,1.07521
14.1642,1.07931
14.2043,1.08341
14.2445,1.08751
14.2847,1.09162
14.3249,1.09572
14.3651,1.09982
14.4053,1.10393
14.4455,1.10803
14.4857,1.11213
14.5259,1.11624
14.5661,1.12034
14.6063,1.12444
14.6465,1.12855
14.6867,1.13265
14.7269,1.13676
14.7671,1.14086
14.8073,1.14496
14.8474,1.14907
14.8876,1.15317
14.9278,1.15728
14.968,1.16138
15.0083,1.16548
15.0485,1.16959
15.0887,1.17369
15.1289,1.1778
15.1691,1.1819
15.2093,1.18601
15.2495,1.19011
15.2897,1.19421
15.3299,1.19832
15.3701,1.20242
15.4103,1.20653
15.4505,1.21063
15.4907,1.21474
15.5309,1.21884
15.5711,1.22295
15.6113,1.22705
15.6515,1.23116
15.6918,1.23526
15.732,1.23937
15.7722,1.24347
15.8124,1.24758
15.8526,1.25169
15.8928,1.25579
15.933,1.2599
15.9732,1.264
16.0135,1.26811
16.0537,1.27221
16.0939,1.27632
16.1341,1.28042
16.1743,1.28453
16.2145,1.28864
16.2548,1.29274
16.295,1.29685
16.3352,1.30095
16.3754,1.30506
16.4156,1.30917
16.4559,1.31327
16.4961,1.31738
16.5363,1.32148
16.5765,1.32559
16.6168,1.3297
16.657,1.3338
16.6972,1.33791
16.7374,1.34202
16.7776,1.34612
16.8179,1.35023
16.8581,1.35434
16.8983,1.35844
16.9385,1.36255
16.9788,1.36666
17.019,1.37076
17.0592,1.37487
17.0995,1.37898
17.1397,1.38308
17.1799,1.38719
17.2201,1.3913
17.2604,1.39541
17.3006,1.39951
17.3408,1.40362
17.3811,1.40773
17.4213,1.41183
17.4615,1.41594
17.5018,1.42005
17.542,1.42416
17.5822,1.42826
17.6225,1.43237
17.6627,1.43648
17.7029,1.44059
17.7432,1.44469
17.7834,1.4488
17.8236,1.45291
17.8639,1.45702
17.9041,1.46113
17.9443,1.46523
17.9846,1.46934
18.0248,1.47345
18.0651,1.47756
18.1053,1.48166
18.1455,1.48577
18.1858,1.48988
18.226,1.49399
18.2663,1.4981
18.3065,1.50221
18.3467,1.50631
18.387,1.51042
18.4272,1.51453
18.4675,1.51864
18.5077,1.52275
18.5479,1.52685
18.5882,1.53096
18.6284,1.53507
18.6687,1.53918
18.7089,1.54329
18.7492,1.5474
18.7894,1.55151
18.8296,1.55561
18.8699,1.55972
18.9101,1.56383
18.9504,1.56794
18.9906,1.57205
19.0309,1.57616
19.0711,1.58027
19.1114,1.58438
19.1516,1.58848
19.1919,1.59259
19.2321,1.5967
19.2724,1.60081
19.3126,1.60492
19.3528,1.60903
19.3931,1.61314
19.4333,1.61725
19.4736,1.62136
19.5138,1.62546
19.5541,1.62957
19.5943,1.63368
19.6346,1.63779
19.6748,1.6419
19.7151,1.64601
19.7553,1.65012
19.7956,1.65423
19.8358,1.65834
19.8761,1.66245
19.9163,1.66656
19.9566,1.67067
19.9969,1.67478
20.0371,1.67889
20.0774,1.68299
20.1176,1.6871
20.1579,1.69121
20.1981,1.69532
20.2384,1.69943
20.2786,1.70354
20.3189,1.70765
20.3591,1.71176
20.3994,1.71587
20.4396,1.71998
20.4799,1.72409
20.5201,1.7282
20.5604,1.73231
20.6007,1.73642
20.6409,1.74053
20.6812,1.74464
20.7214,1.74875
20.7617,1.75286
20.8019,1.75697
20.8422,1.76108
20.8825,1.76519
20.9227,1.7693
20.963,1.77341
21.0032,1.77752
21.0435,1.78163
21.0837,1.78574
21.124,1.78985
21.1643,1.79396
21.2045,1.79807
21.2448,1.80218
21.285,1.80629
21.3253,1.8104
21.3655,1.81451
21.4058,1.81862
21.4461,1.82273
21.4863,1.82684
21.5266,1.83095
21.5668,1.83506
21.6071,1.83917
21.6474,1.84328
21.6876,1.84739
21.7279,1.8515
21.7681,1.85561
21.8084,1.85972
21.8487,1.86383
21.8889,1.86794
21.9292,1.87205
21.9694,1.87616
22.0097,1.88027
22.05,1.88438
22.0902,1.88849
22.1305,1.8926
22.1707,1.89671
22.211,1.90082
22.2513,1.90493
22.2915,1.90904
22.3318,1.91315
22.372,1.91726
22.4123,1.92137
22.4526,1.92548
22.4928,1.92959
22.5331,1.9337
22.5733,1.93781
22.6136,1.94192
22.6539,1.94603
22.6941,1.95014
22.7344,1.95425
22.7746,1.95836
22.8149,1.96247
22.8552,1.96658
22.8954,1.97069
22.9357,1.9748
22.9759,1.97892
23.0162,1.98303
23.0565,1.98714
23.0967,1.99125
23.137,1.99536
23.1787,1.99962
23.222,2.00404
23.2669,2.00862
23.3135,2.01337
23.3617,2.01829
23.4116,2.02339
23.4633,2.02867
23.5169,2.03414
23.5723,2.0398
23.6297,2.04566
23.689,2.05171
23.7504,2.05798
23.8138,2.06446
23.8794,2.07115
23.9471,2.07806
24.0171,2.08521
24.0893,2.09258
24.1638,2.10018
24.2407,2.10803
24.3199,2.11612
24.4016,2.12446
24.4858,2.13306
24.5724,2.1419
24.6616,2.15101
24.7534,2.16038
24.8478,2.17001
24.9448,2.17991
25.0444,2.19009
25.1467,2.20053
25.2517,2.21125
25.3593,2.22224
25.4697,2.2335
25.5827,2.24504
25.6984,2.25686
25.8168,2.26894
25.9379,2.2813
26.0616,2.29393
26.1879,2.30683
26.3168,2.31999
26.4483,2.33341
26.5823,2.34709
26.7187,2.36102
26.8575,2.37519
26.9987,2.38961
27.1422,2.40425
27.2878,2.41912
27.4356,2.4342
27.5854,2.4495
27.7371,2.46499
27.8906,2.48066
28.0459,2.49652
28.2029,2.51254
28.3613,2.52871
28.5211,2.54503
28.6822,2.56147
28.8444,2.57803
29.0076,2.59469
29.1716,2.61144
29.3364,2.62827
29.5018,2.64515
29.6676,2.66208
29.8337,2.67904
30,2.69601
30.1663,2.71298
-0.0397757,1.89988
0,1.89988
0.0397757,1.89988
0.0795531,1.89988
0.119332,1.89988
0.159113,1.89988
0.198895,1.89988
0.238679,1.89988
0.278465,1.89988
0.318252,1.89988
0.358041,1.89988
0.397832,1.89988
0.437624,1.89988
0.477418,1.89988
0.517214,1.89988
0.557011,1.89988
0.59681,1.89988
0.636611,1.89988
0.676413,1.89988
0.716217,1.89988
0.756022,1.89988
0.795829,1.89988
0.835638,1.89988
0.875448,1.89988
0.91526,1.89988
0.955073,1.89988
0.994888,1.89988
1.0347,1.89988
1.07452,1.89988
1.11434,1.89988
1.15416,1.89988
1.19399,1.89988
1.23381,1.89988
1.27364,1.89988
1.31347,1.89988
1.3533,1.89988
1.39313,1.89988
1.43296,1.89988
1.47279,1.89988
1.51263,1.89988
1.55247,1.89988
1.59231,1.89988
1.63215,1.89988
1.67199,1.89988
1.71183,1.89988
1.75168,1.89988
1.79152,1.89988
1.83137,1.89988
1.87122,1.89988
1.91107,1.89988
1.95092,1.89988
1.99078,1.89988
2.03063,1.89988
2.07049,1.89988
2.11035,1.89988
2.15021,1.89988
2.19007,1.89988
2.22994,1.89988
2.2698,1.89988
2.30967,1.89988
2.34954,1.89988
2.38941,1.89988
2.42928,1.89988
2.46915,1.89988
2.50902,1.89988
2.5489,1.89988
2.58878,1.89988
2.62865,1.89988
2.66853,1.89988
2.70842,1.89988
2.7483,1.89988
2.78818,1.89988
2.82807,1.89988
2.86796,1.89988
2.90785,1.89988
2.94774,1.89988
2.98763,1.89988
3.02752,1.89988
3.06742,1.89988
3.10731,1.89988
3.14721,1.89988
3.18711,1.89988
3.22701,1.89988
3.26691,1.89988
3.30681,1.89988
3.34672,1.89988
3.38663,1.89988
3.42653,1.88655
3.46644,1.87323
3.50635,1.85991
3.54627,1.84659
3.58618,1.83326
3.62609,1.81994
3.66601,1.80662
3.70593,1.79329
3.74585,1.77997
3.78577,1.76664
3.82569,1.75331
3.86561,1.73999
3.90554,1.72666
3.94546,1.71333
3.98539,1.70001
4.02532,1.68668
4.06525,1.67335
4.10518,1.66002
4.14511,1.64669
4.18505,1.63336
4.22499,1.62003
4.26492,1.6067
4.30486,1.59337
4.3448,1.58003
4.38474,1.5667
4.42468,1.55337
4.46463,1.54003
4.50457,1.5267
4.54452,1.51337
4.58447,1.50003
4.62442,1.4867
4.66437,1.47336
4.70432,1.46002
4.74427,1.44669
4.78423,1.43335
4.82419,1.42001
4.86414,1.40667
4.9041,1.39334
4.94406,1.38
4.98402,1.36666
5.02399,1.35332
5.06395,1.33998
5.10392,1.32664
5.14388,1.3133
5.18385,1.29996
5.22382,1.28661
5.26379,1.27327
5.30376,1.25993
5.34373,1.24659
5.38371,1.23324
5.42369,1.2199
5.46366,1.20655
5.50364,1.19321
5.54362,1.17986
5.5836,1.16652
5.62358,1.15317
5.66357,1.13982
5.70355,1.12648
5.74354,1.1121
5.78352,1.09771
5.82351,1.08333
5.8635,1.06895
5.90349,1.05456
5.94349,1.04018
5.98348,1.0258
6.02347,1.01141
6.06347,0.997026
6.10347,0.98264
6.14347,0.968253
6.18347,0.953867
6.22347,0.93948
6.26347,0.925092
6.30347,0.910704
6.34348,0.896316
6.38348,0.881927
6.42349,0.867537
6.4635,0.866502
6.50351,0.865467
6.54352,0.864433
6.58353,0.863398
6.62354,0.862363
6.66356,0.861328
6.70357,0.860293
6.74359,0.859257
6.78361,0.858222
6.82363,0.857187
6.86365,0.856152
6.90367,0.855117
6.94369,0.854082
6.98372,0.853046
7.02374,0.852011
7.06377,0.850976
7.1038,0.84994
7.14382,0.848905
7.18385,0.847869
7.22388,0.846834
7.26392,0.845798
7.30395,0.844763
7.34398,0.844763
7.38402,0.844763
7.42406,0.844763
7.46409,0.844763
7.50413,0.844763
7.54417,0.844763
7.58421,0.844763
7.62426,0.844763
7.6643,0.844763
7.70434,0.844763
7.74439,0.844763
7.78444,0.844763
7.82448,0.844763
7.86453,0.844763
7.90458,0.844763
7.94464,0.844763
7.98469,0.844763
8.02474,0.844763
8.0648,0.844763
8.10485,0.844763
8.14491,0.844763
8.18497,0.844763
8.22503,0.844763
8.26509,0.844763
8.30515,0.844763
8.34521,0.844763
8.38527,0.844763
8.42534,0.844763
8.4654,0.844763
8.50547,0.844763
8.54554,0.844763
8.5856,0.844763
8.62567,0.844763
8.66574,0.844763
8.70582,0.844763
8.74589,0.844763
8.78596,0.844763
8.82604,0.844763
8.86611,0.844763
8.90619,0.844763
8.94627,0.844763
8.98635,0.844763
9.02643,0.844763
9.06651,0.844763
9.10659,0.844763
9.14668,0.844763
9.18676,0.844763
9.22684,0.844763
9.26693,0.844763
9.30702,0.844763
9.34711,0.844763
9.3872,0.844763
9.42729,0.844763
9.46738,0.844763
9.50747,0.844763
9.54756,0.844763
9.58766,0.844763
9.62775,0.844763
9.66785,0.844763
9.70795,0.844763
9.74804,0.844763
9.78814,0.844763
9.82824,0.844763
9.86834,0.844763
9.90845,0.844763
9.94855,0.844763
9.98865,0.844763
10.0288,0.844763
10.0689,0.844763
10.109,0.844763
10.1491,0.844763
10.1892,0.844763
10.2293,0.844763
10.2694,0.844763
10.3095,0.844763
10.3496,0.844763
10.3897,0.844763
10.4299,0.844763
10.47,0.844763
10.5101,0.844763
10.5502,0.844763
10.5903,0.844763
10.6304,0.844763
10.6706,0.844763
10.7107,0.844763
10.7508,0.844763
10.7909,0.844763
10.8311,0.844763
10.8712,0.844763
10.9113,0.844763
10.9514,0.844763
10.9916,0.844763
11.0317,0.844763
11.0718,0.844763
11.1119,0.844763
11.1521,0.844763
11.1922,0.844763
11.2323,0.844763
11.2725,0.844763
11.3126,0.844763
11.3527,0.844763
11.3929,0.844763
11.433,0.844763
11.4732,0.844763
11.5133,0.844763
11.5534,0.844763
11.5936,0.844763
11.6337,0.844763
11.6739,0.844763
11.714,0.844763
11.7541,0.848938
11.7943,0.853114
11.8344,0.857289
11.8746,0.861465
11.9147,0.865641
11.9549,0.869816
11.995,0.873992
12.0352,0.878168
12.0753,0.882344
12.1155,0.88652
12.1556,0.890697
12.1958,0.894873
12.2359,0.899049
12.2761,0.903226
12.3162,0.907402
12.3564,0.911579
12.3965,0.915756
12.4367,0.919932
12.4769,0.924109
12.517,0.928286
12.5572,0.932463
12.5973,0.93664
12.6375,0.940818
12.6777,0.944995
12.7178,0.949172
12.758,0.95335
12.7981,0.957527
12.8383,0.961705
12.8785,0.965882
12.9186,0.97006
12.9588,0.974238
12.999,0.978416
13.0391,0.982594
13.0793,0.986772
13.1195,0.99095
13.1597,0.995128
13.1998,0.999306
13.24,1.00348
13.2802,1.00766
13.3203,1.01184
13.3605,1.01602
13.4007,1.0202
13.4409,1.02438
13.481,1.02856
13.5212,1.03274
13.5614,1.03691
13.6016,1.04109
13.6418,1.04527
13.6819,1.04945
13.7221,1.05363
13.7623,1.05781
13.8025,1.06199
13.8427,1.06617
13.8829,1.07035
13.923,1.07453
13.9632,1.07871
14.0034,1.08289
14.0436,1.08707
14.0838,1.09125
14.124,1.09543
14.1642,1.09961
14.2043,1.10379
14.2445,1.10797
14.2847,1.11215
14.3249,1.11633
14.3651,1.12051
14.4053,1.12469
14.4455,1.12887
14.4857,1.13305
14.5259,1.13723
14.5661,1.14141
14.6063,1.14559
14.6465,1.14977
14.6867,1.15395
14.7269,1.15813
14.7671,1.16232
14.8073,1.1665
14.8474,1.17068
14.8876,1.17486
14.9278,1.17904
14.968,1.18322
15.0083,1.1874
15.0485,1.19158
15.0887,1.19577
15.1289,1.19995
15.1691,1.20413
15.2093,1.20831
15.2495,1.21249
15.2897,1.21667
15.3299,1.22086
15.3701,1.22504
15.4103,1.22922
15.4505,1.2334
15.4907,1.23758
15.5309,1.24177
15.5711,1.24595
15.6113,1.25013
15.6515,1.25431
15.6918,1.25849
15.732,1.26268
15.7722,1.26686
15.8124,1.27104
15.8526,1.27522
15.8928,1.27941
15.933,1.28359
15.9732,1.28777
16.0135,1.29196
16.0537,1.29614
16.0939,1.30032
16.1341,1.3045
16.1743,1.30869
16.2145,1.31287
16.2548,1.31705
16.295,1.32124
16.3352,1.32542
16.3754,1.3296
16.4156,1.33379
16.4559,1.33797
16.4961,1.34215
16.5363,1.34634
16.5765,1.35052
16.6168,1.3547
16.657,1.35889
16.6972,1.36307
16.7374,1.36726
16.7776,1.37144
16.8179,1.37562
16.8581,1.37981
16.8983,1.38399
16.9385,1.38817
16.9788,1.39236
17.019,1.39654
17.0592,1.40073
17.0995,1.40491
17.1397,1.4091
17.1799,1.41328
17.2201,1.41746
17.2604,1.42165
17.3006,1.42583
17.3408,1.43002
17.3811,1.4342
17.4213,1.43839
17.4615,1.44257
17.5018,1.44676
17.542,1.45094
17.5822,1.45512
17.6225,1.45931
17.6627,1.46349
17.7029,1.46768
17.7432,1.47186
17.7834,1.47605
17.8236,1.48023
17.8639,1.48442
17.9041,1.4886
17.9443,1.49279
17.9846,1.49697
18.0248,1.50116
18.0651,1.50534
18.1053,1.50953
18.1455,1.51371
18.1858,1.5179
18.226,1.52209
18.2663,1.52627
18.3065,1.53046
18.3467,1.53464
18.387,1.53883
18.4272,1.54301
18.4675,1.5472
18.5077,1.55138
18.5479,1.55557
18.5882,1.55976
18.6284,1.56394
18.6687,1.56813
18.7089,1.57231
18.7492,1.5765
18.7894,1.58068
18.8296,1.58487
18.8699,1.58906
18.9101,1.59324
18.9504,1.59743
18.9906,1.60161
19.0309,1.6058
19.0711,1.60999
19.1114,1.61417
19.1516,1.61836
19.1919,1.62254
19.2321,1.62673
19.2724,1.63092
19.3126,1.6351
19.3528,1.63929
19.3931,1.64348
19.4333,1.64766
19.4736,1.65185
19.5138,1.65603
19.5541,1.66022
19.5943,1.66441
19.6346,1.66859
19.6748,1.67278
19.7151,1.67697
19.7553,1.68115
19.7956,1.68534
19.8358,1.68953
19.8761,1.69371
19.9163,1.6979
19.9566,1.70209
19.9969,1.70627
20.0371,1.71046
20.0774,1.71465
20.1176,1.71883
20.1579,1.72302
20.1981,1.72721
20.2384,1.73139
20.2786,1.73558
20.3189,1.73977
20.3591,1.74395
20.3994,1.74814
20.4396,1.75233
20.4799,1.75651
20.5201,1.7607
20.5604,1.76489
20.6007,1.76908
20.6409,1.77326
20.6812,1.77745
20.7214,1.78164
20.7617,1.78582
20.8019,1.79001
20.8422,1.7942
20.8825,1.79838
20.9227,1.80257
20.963,1.80676
21.0032,1.81095
21.0435,1.81513
21.0837,1.81932
21.124,1.82351
21.1643,1.8277
21.2045,1.83188
21.2448,1.83607
21.285,1.84026
21.3253,1.84444
21.3655,1.84863
21.4058,1.85282
21.4461,1.85701
21.4863,1.86119
21.5266,1.86538
21.5668,1.86957
21.6071,1.87376
21.6474,1.87794
21.6876,1.88213
21.7279,1.88632
21.7681,1.89051
21.8084,1.89469
21.8487,1.89888
21.8889,1.90307
21.9292,1.90726
21.9694,1.91144
22.0097,1.91563
22.05,1.91982
22.0902,1.92401
22.1305,1.92819
22.1707,1.93238
22.211,1.93657
22.2513,1.94076
22.2915,1.94494
22.3318,1.94913
22.372,1.95332
22.4123,1.95751
22.4526,1.96169
22.4928,1.96588
22.5331,1.97007
22.5733,1.97426
22.6136,1.97844
22.6539,1.98263
22.6941,1.98682
22.7344,1.99101
22.7746,1.99519
22.8149,1.99938
22.8552,2.00357
22.8954,2.00776
22.9357,2.01194
22.9759,2.01613
23.0162,2.02032
23.0565,2.02451
23.0967,2.02869
23.137,2.03288
23.1787,2.03723
23.222,2.04173
23.2669,2.0464
23.3135,2.05124
23.3617,2.05625
23.4116,2.06145
23.4633,2.06683
23.5169,2.0724
23.5723,2.07816
23.6297,2.08413
23.689,2.0903
23.7504,2.09668
23.8138,2.10328
23.8794,2.1101
23.9471,2.11715
24.0171,2.12442
24.0893,2.13193
24.1638,2.13968
24.2407,2.14768
24.3199,2.15592
24.4016,2.16442
24.4858,2.17317
24.5724,2.18218
24.6616,2.19146
24.7534,2.20101
24.8478,2.21082
24.9448,2.22091
25.0444,2.23127
25.1467,2.24191
25.2517,2.25283
25.3593,2.26403
25.4697,2.27551
25.5827,2.28726
25.6984,2.2993
25.8168,2.31161
25.9379,2.32421
26.0616,2.33707
26.1879,2.35021
26.3168,2.36362
26.4483,2.3773
26.5823,2.39123
26.7187,2.40542
26.8575,2.41986
26.9987,2.43455
27.1422,2.44947
27.2878,2.46461
27.4356,2.47998
27.5854,2.49556
27.7371,2.51134
27.8906,2.52731
28.0459,2.54347
28.2029,2.55979
28.3613,2.57627
28.5211,2.59289
28.6822,2.60964
28.8444,2.62651
29.0076,2.64349
29.1716,2.66055
29.3364,2.67769
29.5018,2.69489
29.6676,2.71214
29.8337,2.72942
30,2.74671
30.1663,2.764
-0.0397757,1.93
0,1.93
0.0397757,1.93
0.0795531,1.93
0.119332,1.93
0.159113,1.93
0.198895,1.93
0.238679,1.93
0.278465,1.93
0.318252,1.93
0.358041,1.93
0.397832,1.93
0.437624,1.93
0.477418,1.93
0.517214,1.93
0.557011,1.93
0.59681,1.93
0.636611,1.93
0.676413,1.93
0.716217,1.93
0.756022,1.93
0.795829,1.93
0.835638,1.93
0.875448,1.93
0.91526,1.93
0.955073,1.93
0.994888,1.93
1.0347,1.93
1.07452,1.93
1.11434,1.93
1.15416,1.93
1.19399,1.93
1.23381,1.93
1.27364,1.93
1.31347,1.93
1.3533,1.93
1.39313,1.93
1.43296,1.93
1.47279,1.93
1.51263,1.93
1.55247,1.93
1.59231,1.93
1.63215,1.93
1.67199,1.93
1.71183,1.93
1.75168,1.93
1.79152,1.93
1.83137,1.93
1.87122,1.93
1.91107,1.93
1.95092,1.93
1.99078,1.93
2.03063,1.93
2.07049,1.93
2.11035,1.93
2.15021,1.93
2.19007,1.93
2.22994,1.93
2.2698,1.93
2.30967,1.93
2.34954,1.93
2.38941,1.93
2.42928,1.93
2.46915,1.93
2.50902,1.93
2.5489,1.93
2.58878,1.93
2.62865,1.93
2.66853,1.93
2.70842,1.93
2.7483,1.93
2.78818,1.93
2.82807,1.93
2.86796,1.93
2.90785,1.93
2.94774,1.93
2.98763,1.93
3.02752,1.93
3.06742,1.93
3.10731,1.93
3.14721,1.93
3.18711,1.93
3.22701,1.93
3.26691,1.93
3.30681,1.93
3.34672,1.93
3.38663,1.93
3.42653,1.91643
3.46644,1.90287
3.50635,1.8893
3.54627,1.87573
3.58618,1.86216
3.62609,1.84859
3.66601,1.83502
3.70593,1.82145
3.74585,1.80788
3.78577,1.79431
3.82569,1.78074
3.86561,1.76716
3.90554,1.75359
3.94546,1.74002
3.98539,1.72644
4.02532,1.71287
4.06525,1.6993
4.10518,1.68572
4.14511,1.67214
4.18505,1.65857
4.22499,1.64499
4.26492,1.63142
4.30486,1.61784
4.3448,1.60426
4.38474,1.59068
4.42468,1.5771
4.46463,1.56352
4.50457,1.54994
4.54452,1.53636
4.58447,1.52278
4.62442,1.5092
4.66437,1.49562
4.70432,1.48204
4.74427,1.46845
4.78423,1.45487
4.82419,1.44129
4.86414,1.4277
4.9041,1.41412
4.94406,1.40053
4.98402,1.38695
5.02399,1.37336
5.06395,1.35978
5.10392,1.34619
5.14388,1.3326
5.18385,1.31902
5.22382,1.30543
5.26379,1.29184
5.30376,1.27825
5.34373,1.26466
5.38371,1.25107
5.42369,1.23748
5.46366,1.22389
5.50364,1.2103
5.54362,1.19671
5.5836,1.18312
5.62358,1.16952
5.66357,1.15593
5.70355,1.14234
5.74354,1.12781
5.78352,1.11329
5.82351,1.09876
5.8635,1.08424
5.90349,1.06971
5.94349,1.05519
5.98348,1.04066
6.02347,1.02613
6.06347,1.0116
6.10347,0.997076
6.14347,0.982547
6.18347,0.968018
6.22347,0.953488
6.26347,0.938958
6.30347,0.924428
6.34348,0.909897
6.38348,0.895366
6.42349,0.880834
6.4635,0.879903
6.50351,0.878972
6.54352,0.878041
6.58353,0.87711
6.62354,0.876179
6.66356,0.875247
6.70357,0.874316
6.74359,0.873385
6.78361,0.872454
6.82363,0.871523
6.86365,0.870591
6.90367,0.86966
6.94369,0.868729
6.98372,0.867797
7.02374,0.866866
7.06377,0.865934
7.1038,0.865003
7.14382,0.864072
7.18385,0.86314
7.22388,0.862209
7.26392,0.861277
7.30395,0.860345
7.34398,0.860345
7.38402,0.860345
7.42406,0.860345
7.46409,0.860345
7.50413,0.860345
7.54417,0.860345
7.58421,0.860345
7.62426,0.860345
7.6643,0.860345
7.70434,0.860345
7.74439,0.860345
7.78444,0.860345
7.82448,0.860345
7.86453,0.860345
7.90458,0.860345
7.94464,0.860345
7.98469,0.860345
8.02474,0.860345
8.0648,0.860345
8.10485,0.860345
8.14491,0.860345
8.18497,0.860345
8.22503,0.860345
8.26509,0.860345
8.30515,0.860345
8.34521,0.860345
8.38527,0.860345
8.42534,0.860345
8.4654,0.860345
8.50547,0.860345
8.54554,0.860345
8.5856,0.860345
8.62567,0.860345
8.66574,0.860345
8.70582,0.860345
8.74589,0.860345
8.78596,0.860345
8.82604,0.860345
8.86611,0.860345
8.90619,0.860345
8.94627,0.860345
8.98635,0.860345
9.02643,0.860345
9.06651,0.860345
9.10659,0.860345
9.14668,0.860345
9.18676,0.860345
9.22684,0.860345
9.26693,0.860345
9.30702,0.860345
9.34711,0.860345
9.3872,0.860345
9.42729,0.860345
9.46738,0.860345
9.50747,0.860345
9.54756,0.860345
9.58766,0.860345
9.62775,0.860345
9.66785,0.860345
9.70795,0.860345
9.74804,0.860345
9.78814,0.860345
9.82824,0.860345
9.86834,0.860345
9.90845,0.860345
9.94855,0.860345
9.98865,0.860345
10.0288,0.860345
10.0689,0.860345
10.109,0.860345
10.1491,0.860345
10.1892,0.860345
10.2293,0.860345
10.2694,0.860345
10.3095,0.860345
10.3496,0.860345
10.3897,0.860345
10.4299,0.860345
10.47,0.860345
10.5101,0.860345
10.5502,0.860345
10.5903,0.860345
10.6304,0.860345
10.6706,0.860345
10.7107,0.860345
10.7508,0.860345
10.7909,0.860345
10.8311,0.860345
10.8712,0.860345
10.9113,0.860345
10.9514,0.860345
10.9916,0.860345
11.0317,0.860345
11.0718,0.860345
11.1119,0.860345
11.1521,0.860345
11.1922,0.860345
11.2323,0.860345
11.2725,0.860345
11.3126,0.860345
11.3527,0.860345
11.3929,0.860345
11.433,0.860345
11.4732,0.860345
11.5133,0.860345
11.5534,0.860345
11.5936,0.860345
11.6337,0.860345
11.6739,0.860345
11.714,0.860345
11.7541,0.864598
11.7943,0.86885
11.8344,0.873103
11.8746,0.877356
11.9147,0.881608
11.9549,0.885861
11.995,0.890114
12.0352,0.894367
12.0753,0.89862
12.1155,0.902873
12.1556,0.907126
12.1958,0.91138
12.2359,0.915633
12.2761,0.919887
12.3162,0.92414
12.3564,0.928394
12.3965,0.932648
12.4367,0.936902
12.4769,0.941155
12.517,0.945409
12.5572,0.949664
12.5973,0.953918
12.6375,0.958172
12.6777,0.962426
12.7178,0.966681
12.758,0.970935
12.7981,0.97519
12.8383,0.979444
12.8785,0.983699
12.9186,0.987954
12.9588,0.992209
12.999,0.996464
13.0391,1.00072
13.0793,1.00497
13.1195,1.00923
13.1597,1.01348
13.1998,1.01774
13.24,1.022
13.2802,1.02625
13.3203,1.03051
13.3605,1.03476
13.4007,1.03902
13.4409,1.04327
13.481,1.04753
13.5212,1.05179
13.5614,1.05604
13.6016,1.0603
13.6418,1.06455
13.6819,1.06881
13.7221,1.07307
13.7623,1.07732
13.8025,1.08158
13.8427,1.08584
13.8829,1.09009
13.923,1.09435
13.9632,1.09861
14.0034,1.10286
14.0436,1.10712
14.0838,1.11138
14.124,1.11563
14.1642,1.11989
14.2043,1.12415
14.2445,1.1284
14.2847,1.13266
14.3249,1.13692
14.3651,1.14118
14.4053,1.14543
14.4455,1.14969
14.4857,1.15395
14.5259,1.15821
14.5661,1.16247
14.6063,1.16672
14.6465,1.17098
14.6867,1.17524
14.7269,1.1795
14.7671,1.18376
14.8073,1.18801
14.8474,1.19227
14.8876,1.19653
14.9278,1.20079
14.968,1.20505
15.0083,1.20931
15.0485,1.21356
15.0887,1.21782
15.1289,1.22208
15.1691,1.22634
15.2093,1.2306
15.2495,1.23486
15.2897,1.23912
15.3299,1.24338
15.3701,1.24763
15.4103,1.25189
15.4505,1.25615
15.4907,1.26041
15.5309,1.26467
15.5711,1.26893
15.6113,1.27319
15.6515,1.27745
15.6918,1.28171
15.732,1.28597
15.7722,1.29023
15.8124,1.29449
15.8526,1.29875
15.8928,1.30301
15.933,1.30727
15.9732,1.31153
16.0135,1.31579
16.0537,1.32005
16.0939,1.32431
16.1341,1.32857
16.1743,1.33283
16.2145,1.33709
16.2548,1.34135
16.295,1.34561
16.3352,1.34987
16.3754,1.35413
16.4156,1.35839
16.4559,1.36265
16.4961,1.36691
16.5363,1.37117
16.5765,1.37543
16.6168,1.37969
16.657,1.38395
16.6972,1.38821
16.7374,1.39248
16.7776,1.39674
16.8179,1.401
16.8581,1.40526
16.8983,1.40952
16.9385,1.41378
16.9788,1.41804
17.019,1.4223
17.0592,1.42656
17.0995,1.43083
17.1397,1.43509
17.1799,1.43935
17.2201,1.44361
17.2604,1.44787
17.3006,1.45213
17.3408,1.4564
17.3811,1.46066
17.4213,1.46492
17.4615,1.46918
17.5018,1.47344
17.542,1.4777
17.5822,1.48197
17.6225,1.48623
17.6627,1.49049
17.7029,1.49475
17.7432,1.49901
17.7834,1.50328
17.8236,1.50754
17.8639,1.5118
17.9041,1.51606
17.9443,1.52032
17.9846,1.52459
18.0248,1.52885
18.0651,1.53311
18.1053,1.53737
18.1455,1.54164
18.1858,1.5459
18.226,1.55016
18.2663,1.55442
18.3065,1.55869
18.3467,1.56295
18.387,1.56721
18.4272,1.57148
18.4675,1.57574
18.5077,1.58
18.5479,1.58426
18.5882,1.58853
18.6284,1.59279
18.6687,1.59705
18.7089,1.60132
18.7492,1.60558
18.7894,1.60984
18.8296,1.6141
18.8699,1.61837
18.9101,1.62263
18.9504,1.62689
18.9906,1.63116
19.0309,1.63542
19.0711,1.63968
19.1114,1.64395
19.1516,1.64821
19.1919,1.65247
19.2321,1.65674
19.2724,1.661
19.3126,1.66526
19.3528,1.66953
19.3931,1.67379
19.4333,1.67805
19.4736,1.68232
19.5138,1.68658
19.5541,1.69084
19.5943,1.69511
19.6346,1.69937
19.6748,1.70364
19.7151,1.7079
19.7553,1.71216
19.7956,1.71643
19.8358,1.72069
19.8761,1.72495
19.9163,1.72922
19.9566,1.73348
19.9969,1.73775
20.0371,1.74201
20.0774,1.74627
20.1176,1.75054
20.1579,1.7548
20.1981,1.75907
20.2384,1.76333
20.2786,1.76759
20.3189,1.77186
20.3591,1.77612
20.3994,1.78039
20.4396,1.78465
20.4799,1.78892
20.5201,1.79318
20.5604,1.79744
20.6007,1.80171
20.6409,1.80597
20.6812,1.81024
20.7214,1.8145
20.7617,1.81876
20.8019,1.82303
20.8422,1.82729
20.8825,1.83156
20.9227,1.83582
20.963,1.84009
21.0032,1.84435
21.0435,1.84862
21.0837,1.85288
21.124,1.85714
21.1643,1.86141
21.2045,1.86567
21.2448,1.86994
21.285,1.8742
21.3253,1.87847
21.3655,1.88273
21.4058,1.887
21.4461,1.89126
21.4863,1.89553
21.5266,1.89979
21.5668,1.90405
21.6071,1.90832
21.6474,1.91258
21.6876,1.91685
21.7279,1.92111
21.7681,1.92538
21.8084,1.92964
21.8487,1.93391
21.8889,1.93817
21.9292,1.94244
21.9694,1.9467
22.0097,1.95097
22.05,1.95523
22.0902,1.9595
22.1305,1.96376
22.1707,1.96802
22.211,1.97229
22.2513,1.97655
22.2915,1.98082
22.3318,1.98508
22.372,1.98935
22.4123,1.99361
22.4526,1.99788
22.4928,2.00214
22.5331,2.00641
22.5733,2.01067
22.6136,2.01494
22.6539,2.0192
22.6941,2.02347
22.7344,2.02773
22.7746,2.032
22.8149,2.03626
22.8552,2.04053
22.8954,2.04479
22.9357,2.04906
22.9759,2.05332
23.0162,2.05759
23.0565,2.06185
23.0967,2.06612
23.137,2.07038
23.1787,2.0748
23.222,2.07939
23.2669,2.08415
23.3135,2.08907
23.3617,2.09418
23.4116,2.09947
23.4633,2.10495
23.5169,2.11062
23.5723,2.1165
23.6297,2.12257
23.689,2.12886
23.7504,2.13536
23.8138,2.14208
23.8794,2.14902
23.9471,2.1562
24.0171,2.16361
24.0893,2.17126
24.1638,2.17915
24.2407,2.18729
24.3199,2.19569
24.4016,2.20434
24.4858,2.21326
24.5724,2.22244
24.6616,2.23189
24.7534,2.24161
24.8478,2.2516
24.9448,2.26188
25.0444,2.27243
25.1467,2.28327
25.2517,2.29439
25.3593,2.30579
25.4697,2.31748
25.5827,2.32945
25.6984,2.34171
25.8168,2.35425
25.9379,2.36708
26.0616,2.38018
26.1879,2.39357
26.3168,2.40722
26.4483,2.42115
26.5823,2.43534
26.7187,2.44979
26.8575,2.4645
26.9987,2.47945
27.1422,2.49465
27.2878,2.51008
27.4356,2.52573
27.5854,2.54159
27.7371,2.55767
27.8906,2.57393
28.0459,2.59038
28.2029,2.60701
28.3613,2.62379
28.5211,2.64072
28.6822,2.65778
28.8444,2.67496
29.0076,2.69225
29.1716,2.70963
29.3364,2.72709
29.5018,2.74461
29.6676,2.76217
29.8337,2.77977
30,2.79738
30.1663,2.81499
-0.0397757,1.9601
0,1.9601
0.0397757,1.9601
0.0795531,1.9601
0.119332,1.9601
0.159113,1.9601
0.198895,1.9601
0.238679,1.9601
0.278465,1.9601
0.318252,1.9601
0.358041,1.9601
0.397832,1.9601
0.437624,1.9601
0.477418,1.9601
0.517214,1.9601
0.557011,1.9601
0.59681,1.9601
0.636611,1.9601
0.676413,1.9601
0.716217,1.9601
0.756022,1.9601
0.795829,1.9601
0.835638,1.9601
0.875448,1.9601
0.91526,1.9601
0.955073,1.9601
0.994888,1.9601
1.0347,1.9601
1.07452,1.9601
1.11434,1.9601
1.15416,1.9601
1.19399,1.9601
1.23381,1.9601
1.27364,1.9601
1.31347,1.9601
1.3533,1.9601
1.39313,1.9601
1.43296,1.9601
1.47279,1.9601
1.51263,1.9601
1.55247,1.9601
1.59231,1.9601
1.63215,1.9601
1.67199,1.9601
1.71183,1.9601
1.75168,1.9601
1.79152,1.9601
1.83137,1.9601
1.87122,1.9601
1.91107,1.9601
1.95092,1.9601
1.99078,1.9601
2.03063,1.9601
2.07049,1.9601
2.11035,1.9601
2.15021,1.9601
2.19007,1.9601
2.22994,1.9601
2.2698,1.9601
2.30967,1.9601
2.34954,1.9601
2.38941,1.9601
2.42928,1.9601
2.46915,1.9601
2.50902,1.9601
2.5489,1.9601
2.58878,1.9601
2.62865,1.9601
2.66853,1.9601
2.70842,1.9601
2.7483,1.9601
2.78818,1.9601
2.82807,1.9601
2.86796,1.9601
2.90785,1.9601
2.94774,1.9601
2.98763,1.9601
3.02752,1.9601
3.06742,1.9601
3.10731,1.9601
3.14721,1.9601
3.18711,1.9601
3.22701,1.9601
3.26691,1.9601
3.30681,1.9601
3.34672,1.9601
3.38663,1.9601
3.42653,1.94629
3.46644,1.93248
3.50635,1.91867
3.54627,1.90485
3.58618,1.89104
3.62609,1.87722
3.66601,1.86341
3.70593,1.84959
3.74585,1.83577
3.78577,1.82196
3.82569,1.80814
3.86561,1.79432
3.90554,1.7805
3.94546,1.76668
3.98539,1.75286
4.02532,1.73904
4.06525,1.72522
4.10518,1.7114
4.14511,1.69758
4.18505,1.68376
4.22499,1.66994
4.26492,1.65611
4.30486,1.64229
4.3448,1.62847
4.38474,1.61464
4.42468,1.60082
4.46463,1.58699
4.50457,1.57317
4.54452,1.55934
4.58447,1.54552
4.62442,1.53169
4.66437,1.51786
4.70432,1.50403
4.74427,1.4902
4.78423,1.47638
4.82419,1.46255
4.86414,1.44872
4.9041,1.43489
4.94406,1.42106
4.98402,1.40722
5.02399,1.39339
5.06395,1.37956
5.10392,1.36573
5.14388,1.35189
5.18385,1.33806
5.22382,1.32423
5.26379,1.31039
5.30376,1.29656
5.34373,1.28272
5.38371,1.26889
5.42369,1.25505
5.46366,1.24121
5.50364,1.22738
5.54362,1.21354
5.5836,1.1997
5.62358,1.18586
5.66357,1.17203
5.70355,1.15819
5.74354,1.14352
5.78352,1.12885
5.82351,1.11419
5.8635,1.09952
5.90349,1.08485
5.94349,1.07018
5.98348,1.05551
6.02347,1.04084
6.06347,1.02617
6.10347,1.0115
6.14347,0.99683
6.18347,0.982158
6.22347,0.967487
6.26347,0.952814
6.30347,0.938141
6.34348,0.923468
6.38348,0.908794
6.42349,0.89412
6.4635,0.893293
6.50351,0.892466
6.54352,0.891639
6.58353,0.890811
6.62354,0.889984
6.66356,0.889157
6.70357,0.888329
6.74359,0.887502
6.78361,0.886675
6.82363,0.885847
6.86365,0.88502
6.90367,0.884192
6.94369,0.883365
6.98372,0.882537
7.02374,0.88171
7.06377,0.880882
7.1038,0.880055
7.14382,0.879227
7.18385,0.878399
7.22388,0.877572
7.26392,0.876744
7.30395,0.875916
7.34398,0.875916
7.38402,0.875916
7.42406,0.875916
7.46409,0.875916
7.50413,0.875916
7.54417,0.875916
7.58421,0.875916
7.62426,0.875916
7.6643,0.875916
7.70434,0.875916
7.74439,0.875916
7.78444,0.875916
7.82448,0.875916
7.86453,0.875916
7.90458,0.875916
7.94464,0.875916
7.98469,0.875916
8.02474,0.875916
8.0648,0.875916
8.10485,0.875916
8.14491,0.875916
8.18497,0.875916
8.22503,0.875916
8.26509,0.875916
8.30515,0.875916
8.34521,0.875916
8.38527,0.875916
8.42534,0.875916
8.4654,0.875916
8.50547,0.875916
8.54554,0.875916
8.5856,0.875916
8.62567,0.875916
8.66574,0.875916
8.70582,0.875916
8.74589,0.875916
8.78596,0.875916
8.82604,0.875916
8.86611,0.875916
8.90619,0.875916
8.94627,0.875916
8.98635,0.875916
9.02643,0.875916
9.06651,0.875916
9.10659,0.875916
9.14668,0.875916
9.18676,0.875916
9.22684,0.875916
9.26693,0.875916
9.30702,0.875916
9.34711,0.875916
9.3872,0.875916
9.42729,0.875916
9.46738,0.875916
9.50747,0.875916
9.54756,0.875916
9.58766,0.875916
9.62775,0.875916
9.66785,0.875916
9.70795,0.875916
9.74804,0.875916
9.78814,0.875916
9.82824,0.875916
9.86834,0.875916
9.90845,0.875916
9.94855,0.875916
9.98865,0.875916
10.0288,0.875916
10.0689,0.875916
10.109,0.875916
10.1491,0.875916
10.1892,0.875916
10.2293,0.875916
10.2694,0.875916
10.3095,0.875916
10.3496,0.875916
10.3897,0.875916
10.4299,0.875916
10.47,0.875916
10.5101,0.875916
10.5502,0.875916
10.5903,0.875916
10.6304,0.875916
10.6706,0.875916
10.7107,0.875916
10.7508,0.875916
10.7909,0.875916
10.8311,0.875916
10.8712,0.875916
10.9113,0.875916
10.9514,0.875916
10.9916,0.875916
11.0317,0.875916
11.0718,0.875916
11.1119,0.875916
11.1521,0.875916
11.1922,0.875916
11.2323,0.875916
11.2725,0.875916
11.3126,0.875916
11.3527,0.875916
11.3929,0.875916
11.433,0.875916
11.4732,0.875916
11.5133,0.875916
11.5534,0.875916
11.5936,0.875916
11.6337,0.875916
11.6739,0.875916
11.714,0.875916
11.7541,0.880246
11.7943,0.884575
11.8344,0.888905
11.8746,0.893234
11.9147,0.897564
11.9549,0.901894
11.995,0.906223
12.0352,0.910553
12.0753,0.914883
12.1155,0.919214
12.1556,0.923544
12.1958,0.927874
12.2359,0.932205
12.2761,0.936535
12.3162,0.940866
12.3564,0.945196
12.3965,0.949527
12.4367,0.953858
12.4769,0.958189
12.517,0.96252
12.5572,0.966851
12.5973,0.971182
12.6375,0.975513
12.6777,0.979845
12.7178,0.984176
12.758,0.988507
12.7981,0.992839
12.8383,0.997171
12.8785,1.0015
12.9186,1.00583
12.9588,1.01017
12.999,1.0145
13.0391,1.01883
13.0793,1.02316
13.1195,1.02749
13.1597,1.03183
13.1998,1.03616
13.24,1.04049
13.2802,1.04482
13.3203,1.04916
13.3605,1.05349
13.4007,1.05782
13.4409,1.06215
13.481,1.06649
13.5212,1.07082
13.5614,1.07515
13.6016,1.07949
13.6418,1.08382
13.6819,1.08815
13.7221,1.09249
13.7623,1.09682
13.8025,1.10115
13.8427,1.10549
13.8829,1.10982
13.923,1.11415
13.9632,1.11849
14.0034,1.12282
14.0436,1.12716
14.0838,1.13149
14.124,1.13582
14.1642,1.14016
14.2043,1.14449
14.2445,1.14883
14.2847,1.15316
14.3249,1.1575
14.3651,1.16183
14.4053,1.16616
14.4455,1.1705
14.4857,1.17483
14.5259,1.17917
14.5661,1.1835
14.6063,1.18784
14.6465,1.19217
14.6867,1.19651
14.7269,1.20084
14.7671,1.20518
14.8073,1.20951
14.8474,1.21385
14.8876,1.21818
14.9278,1.22252
14.968,1.22686
15.0083,1.23119
15.0485,1.23553
15.0887,1.23986
15.1289,1.2442
15.1691,1.24853
15.2093,1.25287
15.2495,1.25721
15.2897,1.26154
15.3299,1.26588
15.3701,1.27021
15.4103,1.27455
15.4505,1.27889
15.4907,1.28322
15.5309,1.28756
15.5711,1.2919
15.6113,1.29623
15.6515,1.30057
15.6918,1.30491
15.732,1.30924
15.7722,1.31358
15.8124,1.31792
15.8526,1.32225
15.8928,1.32659
15.933,1.33093
15.9732,1.33526
16.0135,1.3396
16.0537,1.34394
16.0939,1.34827
16.1341,1.35261
16.1743,1.35695
16.2145,1.36129
16.2548,1.36562
16.295,1.36996
16.3352,1.3743
16.3754,1.37864
16.4156,1.38297
16.4559,1.38731
16.4961,1.39165
16.5363,1.39599
16.5765,1.40033
16.6168,1.40466
16.657,1.409
16.6972,1.41334
16.7374,1.41768
16.7776,1.42202
16.8179,1.42635
16.8581,1.43069
16.8983,1.43503
16.9385,1.43937
16.9788,1.44371
17.019,1.44804
17.0592,1.45238
17.0995,1.45672
17.1397,1.46106
17.1799,1.4654
17.2201,1.46974
17.2604,1.47408
17.3006,1.47841
17.3408,1.48275
17.3811,1.48709
17.4213,1.49143
17.4615,1.49577
17.5018,1.50011
17.542,1.50445
17.5822,1.50879
17.6225,1.51313
17.6627,1.51747
17.7029,1.5218
17.7432,1.52614
17.7834,1.53048
17.8236,1.53482
17.8639,1.53916
17.9041,1.5435
17.9443,1.54784
17.9846,1.55218
18.0248,1.55652
18.0651,1.56086
18.1053,1.5652
18.1455,1.56954
18.1858,1.57388
18.226,1.57822
18.2663,1.58256
18.3065,1.5869
18.3467,1.59124
18.387,1.59558
18.4272,1.59992
18.4675,1.60426
18.5077,1.6086
18.5479,1.61294
18.5882,1.61728
18.6284,1.62162
18.6687,1.62596
18.7089,1.6303
18.7492,1.63464
18.7894,1.63898
18.8296,1.64332
18.8699,1.64766
18.9101,1.652
18.9504,1.65634
18.9906,1.66068
19.0309,1.66502
19.0711,1.66936
19.1114,1.6737
19.1516,1.67804
19.1919,1.68238
19.2321,1.68672
19.2724,1.69106
19.3126,1.6954
19.3528,1.69974
19.3931,1.70408
19.4333,1.70842
19.4736,1.71276
19.5138,1.71711
19.5541,1.72145
19.5943,1.72579
19.6346,1.73013
19.6748,1.73447
19.7151,1.73881
19.7553,1.74315
19.7956,1.74749
19.8358,1.75183
19.8761,1.75617
19.9163,1.76051
19.9566,1.76486
19.9969,1.7692
20.0371,1.77354
20.0774,1.77788
20.1176,1.78222
20.1579,1.78656
20.1981,1.7909
20.2384,1.79524
20.2786,1.79958
20.3189,1.80393
20.3591,1.80827
20.3994,1.81261
20.4396,1.81695
20.4799,1.82129
20.5201,1.82563
20.5604,1.82997
20.6007,1.83432
20.6409,1.83866
20.6812,1.843
20.7214,1.84734
20.7617,1.85168
20.8019,1.85602
20.8422,1.86036
20.8825,1.86471
20.9227,1.86905
20.963,1.87339
21.0032,1.87773
21.0435,1.88207
21.0837,1.88641
21.124,1.89076
21.1643,1.8951
21.2045,1.89944
21.2448,1.90378
21.285,1.90812
21.3253,1.91246
21.3655,1.91681
21.4058,1.92115
21.4461,1.92549
21.4863,1.92983
21.5266,1.93417
21.5668,1.93851
21.6071,1.94286
21.6474,1.9472
21.6876,1.95154
21.7279,1.95588
21.7681,1.96022
21.8084,1.96457
21.8487,1.96891
21.8889,1.97325
21.9292,1.97759
21.9694,1.98193
22.0097,1.98627
22.05,1.99062
22.0902,1.99496
22.1305,1.9993
22.1707,2.00364
22.211,2.00798
22.2513,2.01233
22.2915,2.01667
22.3318,2.02101
22.372,2.02535
22.4123,2.02969
22.4526,2.03404
22.4928,2.03838
22.5331,2.04272
22.5733,2.04706
22.6136,2.0514
22.6539,2.05575
22.6941,2.06009
22.7344,2.06443
22.7746,2.06877
22.8149,2.07311
22.8552,2.07746
22.8954,2.0818
22.9357,2.08614
22.9759,2.09048
23.0162,2.09482
23.0565,2.09917
23.0967,2.10351
23.137,2.10785
23.1787,2.11235
23.222,2.11702
23.2669,2.12186
23.3135,2.12688
23.3617,2.13208
23.4116,2.13747
23.4633,2.14305
23.5169,2.14882
23.5723,2.1548
23.6297,2.16099
23.689,2.16739
23.7504,2.174
23.8138,2.18085
23.8794,2.18792
23.9471,2.19522
24.0171,2.20277
24.0893,2.21055
24.1638,2.21859
24.2407,2.22688
24.3199,2.23543
24.4016,2.24424
24.4858,2.25331
24.5724,2.26266
24.6616,2.27228
24.7534,2.28218
24.8478,2.29235
24.9448,2.30281
25.0444,2.31356
25.1467,2.32459
25.2517,2.33591
25.3593,2.34752
25.4697,2.35942
25.5827,2.37161
25.6984,2.38409
25.8168,2.39686
25.9379,2.40992
26.0616,2.42326
26.1879,2.43688
26.3168,2.45079
26.4483,2.46497
26.5823,2.47941
26.7187,2.49413
26.8575,2.5091
26.9987,2.52433
27.1422,2.5398
27.2878,2.5555
27.4356,2.57144
27.5854,2.58759
27.7371,2.60396
27.8906,2.62052
28.0459,2.63727
28.2029,2.65419
28.3613,2.67127
28.5211,2.68851
28.6822,2.70588
28.8444,2.72337
29.0076,2.74098
29.1716,2.75867
29.3364,2.77644
29.5018,2.79428
29.6676,2.81216
29.8337,2.83007
30,2.848
30.1663,2.86593
-0.0397757,1.99018
0,1.99018
0.0397757,1.99018
0.0795531,1.99018
0.119332,1.99018
0.159113,1.99018
0.198895,1.99018
0.238679,1.99018
0.278465,1.99018
0.318252,1.99018
0.358041,1.99018
0.397832,1.99018
0.437624,1.99018
0.477418,1.99018
0.517214,1.99018
0.557011,1.99018
0.59681,1.99018
0.636611,1.99018
0.676413,1.99018
0.716217,1.99018
0.756022,1.99018
0.795829,1.99018
0.835638,1.99018
0.875448,1.99018
0.91526,1.99018
0.955073,1.99018
0.994888,1.99018
1.0347,1.99018
1.07452,1.99018
1.11434,1.99018
1.15416,1.99018
1.19399,1.99018
1.23381,1.99018
1.27364,1.99018
1.31347,1.99018
1.3533,1.99018
1.39313,1.99018
1.43296,1.99018
1.47279,1.99018
1.51263,1.99018
1.55247,1.99018
1.59231,1.99018
1.63215,1.99018
1.67199,1.99018
1.71183,1.99018
1.75168,1.99018
1.79152,1.99018
1.83137,1.99018
1.87122,1.99018
1.91107,1.99018
1.95092,1.99018
1.99078,1.99018
2.03063,1.99018
2.07049,1.99018
2.11035,1.99018
2.15021,1.99018
2.19007,1.99018
2.22994,1.99018
2.2698,1.99018
2.30967,1.99018
2.34954,1.99018
2.38941,1.99018
2.42928,1.99018
2.46915,1.99018
2.50902,1.99018
2.5489,1.99018
2.58878,1.99018
2.62865,1.99018
2.66853,1.99018
2.70842,1.99018
2.7483,1.99018
2.78818,1.99018
2.82807,1.99018
2.86796,1.99018
2.90785,1.99018
2.94774,1.99018
2.98763,1.99018
3.02752,1.99018
3.06742,1.99018
3.10731,1.99018
3.14721,1.99018
3.18711,1.99018
3.22701,1.99018
3.26691,1.99018
3.30681,1.99018
3.34672,1.99018
3.38663,1.99018
3.42653,1.97613
3.46644,1.96207
3.50635,1.94801
3.54627,1.93395
3.58618,1.91989
3.62609,1.90583
3.66601,1.89177
3.70593,1.87771
3.74585,1.86364
3.78577,1.84958
3.82569,1.83552
3.86561,1.82146
3.90554,1.80739
3.94546,1.79333
3.98539,1.77926
4.02532,1.7652
4.06525,1.75113
4.10518,1.73707
4.14511,1.723
4.18505,1.70893
4.22499,1.69486
4.26492,1.68079
4.30486,1.66673
4.3448,1.65266
4.38474,1.63859
4.42468,1.62452
4.46463,1.61045
4.50457,1.59637
4.54452,1.5823
4.58447,1.56823
4.62442,1.55416
4.66437,1.54009
4.70432,1.52601
4.74427,1.51194
4.78423,1.49786
4.82419,1.48379
4.86414,1.46971
4.9041,1.45564
4.94406,1.44156
4.98402,1.42748
5.02399,1.41341
5.06395,1.39933
5.10392,1.38525
5.14388,1.37117
5.18385,1.35709
5.22382,1.34301
5.26379,1.32893
5.30376,1.31485
5.34373,1.30077
5.38371,1.28669
5.42369,1.27261
5.46366,1.25853
5.50364,1.24444
5.54362,1.23036
5.5836,1.21628
5.62358,1.20219
5.66357,1.18811
5.70355,1.17402
5.74354,1.15921
5.78352,1.1444
5.82351,1.12959
5.8635,1.11478
5.90349,1.09997
5.94349,1.08516
5.98348,1.07035
6.02347,1.05554
6.06347,1.04073
6.10347,1.02591
6.14347,1.0111
6.18347,0.996288
6.22347,0.981474
6.26347,0.966659
6.30347,0.951844
6.34348,0.937028
6.38348,0.922213
6.42349,0.907396
6.4635,0.906673
6.50351,0.905949
6.54352,0.905226
6.58353,0.904502
6.62354,0.903779
6.66356,0.903055
6.70357,0.902331
6.74359,0.901608
6.78361,0.900884
6.82363,0.90016
6.86365,0.899437
6.90367,0.898713
6.94369,0.897989
6.98372,0.897266
7.02374,0.896542
7.06377,0.895818
7.1038,0.895094
7.14382,0.89437
7.18385,0.893646
7.22388,0.892923
7.26392,0.892199
7.30395,0.891475
7.34398,0.891475
7.38402,0.891475
7.42406,0.891475
7.46409,0.891475
7.50413,0.891475
7.54417,0.891475
7.58421,0.891475
7.62426,0.891475
7.6643,0.891475
7.70434,0.891475
7.74439,0.891475
7.78444,0.891475
7.82448,0.891475
7.86453,0.891475
7.90458,0.891475
7.94464,0.891475
7.98469,0.891475
8.02474,0.891475
8.0648,0.891475
8.10485,0.891475
8.14491,0.891475
8.18497,0.891475
8.22503,0.891475
8.26509,0.891475
8.30515,0.891475
8.34521,0.891475
8.38527,0.891475
8.42534,0.891475
8.4654,0.891475
8.50547,0.891475
8.54554,0.891475
8.5856,0.891475
8.62567,0.891475
8.66574,0.891475
8.70582,0.891475
8.74589,0.891475
8.78596,0.891475
8.82604,0.891475
8.86611,0.891475
8.90619,0.891475
8.94627,0.891475
8.98635,0.891475
9.02643,0.891475
9.06651,0.891475
9.10659,0.891475
9.14668,0.891475
9.18676,0.891475
9.22684,0.891475
9.26693,0.891475
9.30702,0.891475
9.34711,0.891475
9.3872,0.891475
9.42729,0.891475
9.46738,0.891475
9.50747,0.891475
9.54756,0.891475
9.58766,0.891475
9.62775,0.891475
9.66785,0.891475
9.70795,0.891475
9.74804,0.891475
9.78814,0.891475
9.82824,0.891475
9.86834,0.891475
9.90845,0.891475
9.94855,0.891475
9.98865,0.891475
10.0288,0.891475
10.0689,0.891475
10.109,0.891475
10.1491,0.891475
10.1892,0.891475
10.2293,0.891475
10.2694,0.891475
10.3095,0.891475
10.3496,0.891475
10.3897,0.891475
10.4299,0.891475
10.47,0.891475
10.5101,0.891475
10.5502,0.891475
10.5903,0.891475
10.6304,0.891475
10.6706,0.891475
10.7107,0.891475
10.7508,0.891475
10.7909,0.891475
10.8311,0.891475
10.8712,0.891475
10.9113,0.891475
10.9514,0.891475
10.9916,0.891475
11.0317,0.891475
11.0718,0.891475
11.1119,0.891475
11.1521,0.891475
11.1922,0.891475
11.2323,0.891475
11.2725,0.891475
11.3126,0.891475
11.3527,0.891475
11.3929,0.891475
11.433,0.891475
11.4732,0.891475
11.5133,0.891475
11.5534,0.891475
11.5936,0.891475
11.6337,0.891475
11.6739,0.891475
11.714,0.891475
11.7541,0.895881
11.7943,0.900287
11.8344,0.904694
11.8746,0.9091
11.9147,0.913507
11.9549,0.917914
11.995,0.92232
12.0352,0.926727
12.0753,0.931134
12.1155,0.935541
12.1556,0.939948
12.1958,0.944356
12.2359,0.948763
12.2761,0.95317
12.3162,0.957578
12.3564,0.961985
12.3965,0.966393
12.4367,0.970801
12.4769,0.975209
12.517,0.979617
12.5572,0.984025
12.5973,0.988433
12.6375,0.992841
12.6777,0.997249
12.7178,1.00166
12.758,1.00607
12.7981,1.01047
12.8383,1.01488
12.8785,1.01929
12.9186,1.0237
12.9588,1.02811
12.999,1.03252
13.0391,1.03693
13.0793,1.04134
13.1195,1.04575
13.1597,1.05015
13.1998,1.05456
13.24,1.05897
13.2802,1.06338
13.3203,1.06779
13.3605,1.0722
13.4007,1.07661
13.4409,1.08102
13.481,1.08543
13.5212,1.08984
13.5614,1.09425
13.6016,1.09866
13.6418,1.10307
13.6819,1.10748
13.7221,1.11189
13.7623,1.1163
13.8025,1.12071
13.8427,1.12512
13.8829,1.12953
13.923,1.13394
13.9632,1.13836
14.0034,1.14277
14.0436,1.14718
14.0838,1.15159
14.124,1.156
14.1642,1.16041
14.2043,1.16482
14.2445,1.16923
14.2847,1.17364
14.3249,1.17806
14.3651,1.18247
14.4053,1.18688
14.4455,1.19129
14.4857,1.1957
14.5259,1.20011
14.5661,1.20453
14.6063,1.20894
14.6465,1.21335
14.6867,1.21776
14.7269,1.22217
14.7671,1.22659
14.8073,1.231
14.8474,1.23541
14.8876,1.23982
14.9278,1.24424
14.968,1.24865
15.0083,1.25306
15.0485,1.25747
15.0887,1.26189
15.1289,1.2663
15.1691,1.27071
15.2093,1.27512
15.2495,1.27954
15.2897,1.28395
15.3299,1.28836
15.3701,1.29278
15.4103,1.29719
15.4505,1.3016
15.4907,1.30602
15.5309,1.31043
15.5711,1.31484
15.6113,1.31926
15.6515,1.32367
15.6918,1.32808
15.732,1.3325
15.7722,1.33691
15.8124,1.34133
15.8526,1.34574
15.8928,1.35015
15.933,1.35457
15.9732,1.35898
16.0135,1.3634
16.0537,1.36781
16.0939,1.37222
16.1341,1.37664
16.1743,1.38105
16.2145,1.38547
16.2548,1.38988
16.295,1.3943
16.3352,1.39871
16.3754,1.40312
16.4156,1.40754
16.4559,1.41195
16.4961,1.41637
16.5363,1.42078
16.5765,1.4252
16.6168,1.42961
16.657,1.43403
16.6972,1.43844
16.7374,1.44286
16.7776,1.44727
16.8179,1.45169
16.8581,1.4561
16.8983,1.46052
16.9385,1.46493
16.9788,1.46935
17.019,1.47377
17.0592,1.47818
17.0995,1.4826
17.1397,1.48701
17.1799,1.49143
17.2201,1.49584
17.2604,1.50026
17.3006,1.50468
17.3408,1.50909
17.3811,1.51351
17.4213,1.51792
17.4615,1.52234
17.5018,1.52675
17.542,1.53117
17.5822,1.53559
17.6225,1.54
17.6627,1.54442
17.7029,1.54884
17.7432,1.55325
17.7834,1.55767
17.8236,1.56208
17.8639,1.5665
17.9041,1.57092
17.9443,1.57533
17.9846,1.57975
18.0248,1.58417
18.0651,1.58858
18.1053,1.593
18.1455,1.59742
18.1858,1.60183
18.226,1.60625
18.2663,1.61067
18.3065,1.61508
18.3467,1.6195
18.387,1.62392
18.4272,1.62833
18.4675,1.63275
18.5077,1.63717
18.5479,1.64159
18.5882,1.646
18.6284,1.65042
18.6687,1.65484
18.7089,1.65925
18.7492,1.66367
18.7894,1.66809
18.8296,1.67251
18.8699,1.67692
18.9101,1.68134
18.9504,1.68576
18.9906,1.69018
19.0309,1.69459
19.0711,1.69901
19.1114,1.70343
19.1516,1.70785
19.1919,1.71226
19.2321,1.71668
19.2724,1.7211
19.3126,1.72552
19.3528,1.72993
19.3931,1.73435
19.4333,1.73877
19.4736,1.74319
19.5138,1.74761
19.5541,1.75202
19.5943,1.75644
19.6346,1.76086
19.6748,1.76528
19.7151,1.7697
19.7553,1.77411
19.7956,1.77853
19.8358,1.78295
19.8761,1.78737
19.9163,1.79179
19.9566,1.7962
19.9969,1.80062
20.0371,1.80504
20.0774,1.80946
20.1176,1.81388
20.1579,1.8183
20.1981,1.82271
20.2384,1.82713
20.2786,1.83155
20.3189,1.83597
20.3591,1.84039
20.3994,1.84481
20.4396,1.84922
20.4799,1.85364
20.5201,1.85806
20.5604,1.86248
20.6007,1.8669
20.6409,1.87132
20.6812,1.87573
20.7214,1.88015
20.7617,1.88457
20.8019,1.88899
20.8422,1.89341
20.8825,1.89783
20.9227,1.90225
20.963,1.90667
21.0032,1.91108
21.0435,1.9155
21.0837,1.91992
21.124,1.92434
21.1643,1.92876
21.2045,1.93318
21.2448,1.9376
21.285,1.94202
21.3253,1.94643
21.3655,1.95085
21.4058,1.95527
21.4461,1.95969
21.4863,1.96411
21.5266,1.96853
21.5668,1.97295
21.6071,1.97737
21.6474,1.98179
21.6876,1.9862
21.7279,1.99062
21.7681,1.99504
21.8084,1.99946
21.8487,2.00388
21.8889,2.0083
21.9292,2.01272
21.9694,2.01714
22.0097,2.02156
22.05,2.02598
22.0902,2.03039
22.1305,2.03481
22.1707,2.03923
22.211,2.04365
22.2513,2.04807
22.2915,2.05249
22.3318,2.05691
22.372,2.06133
22.4123,2.06575
22.4526,2.07017
22.4928,2.07459
22.5331,2.079
22.5733,2.08342
22.6136,2.08784
22.6539,2.09226
22.6941,2.09668
22.7344,2.1011
22.7746,2.10552
22.8149,2.10994
22.8552,2.11436
22.8954,2.11878
22.9357,2.1232
22.9759,2.12761
23.0162,2.13203
23.0565,2.13645
23.0967,2.14087
23.137,2.14529
23.1787,2.14987
23.222,2.15463
23.2669,2.15955
23.3135,2.16466
23.3617,2.16995
23.4116,2.17544
23.4633,2.18111
23.5169,2.18699
23.5723,2.19308
23.6297,2.19937
23.689,2.20589
23.7504,2.21262
23.8138,2.21958
23.8794,2.22678
23.9471,2.23421
24.0171,2.24189
24.0893,2.24982
24.1638,2.258
24.2407,2.26643
24.3199,2.27513
24.4016,2.2841
24.4858,2.29334
24.5724,2.30285
24.6616,2.31264
24.7534,2.32271
24.8478,2.33307
24.9448,2.34372
25.0444,2.35465
25.1467,2.36588
25.2517,2.3774
25.3593,2.38922
25.4697,2.40133
25.5827,2.41374
25.6984,2.42644
25.8168,2.43944
25.9379,2.45272
26.0616,2.4663
26.1879,2.48017
26.3168,2.49432
26.4483,2.50875
26.5823,2.52346
26.7187,2.53843
26.8575,2.55367
26.9987,2.56916
27.1422,2.58491
27.2878,2.6009
27.4356,2.61711
27.5854,2.63356
27.7371,2.65021
27.8906,2.66706
28.0459,2.68411
28.2029,2.70133
28.3613,2.71872
28.5211,2.73626
28.6822,2.75394
28.8444,2.77175
29.0076,2.78966
29.1716,2.80767
29.3364,2.82576
29.5018,2.84391
29.6676,2.86211
29.8337,2.88034
30,2.89859
30.1663,2.91684
-0.0397757,2.02024
0,2.02024
0.0397757,2.02024
0.0795531,2.02024
0.119332,2.02024
0.159113,2.02024
0.198895,2.02024
0.238679,2.02024
0.278465,2.02024
0.318252,2.02024
0.358041,2.02024
0.397832,2.02024
0.437624,2.02024
0.477418,2.02024
0.517214,2.02024
0.557011,2.02024
0.59681,2.02024
0.636611,2.02024
0.676413,2.02024
0.716217,2.02024
0.756022,2.02024
0.795829,2.02024
0.835638,2.02024
0.875448,2.02024
0.91526,2.02024
0.955073,2.02024
0.994888,2.02024
1.0347,2.02024
1.07452,2.02024
1.11434,2.02024
1.15416,2.02024
1.19399,2.02024
1.23381,2.02024
1.27364,2.02024
1.31347,2.02024
1.3533,2.02024
1.39313,2.02024
1.43296,2.02024
1.47279,2.02024
1.51263,2.02024
1.55247,2.02024
1.59231,2.02024
1.63215,2.02024
1.67199,2.02024
1.71183,2.02024
1.75168,2.02024
1.79152,2.02024
1.83137,2.02024
1.87122,2.02024
1.91107,2.02024
1.95092,2.02024
1.99078,2.02024
2.03063,2.02024
2.07049,2.02024
2.11035,2.02024
2.15021,2.02024
2.19007,2.02024
2.22994,2.02024
2.2698,2.02024
2.30967,2.02024
2.34954,2.02024
2.38941,2.02024
2.42928,2.02024
2.46915,2.02024
2.50902,2.02024
2.5489,2.02024
2.58878,2.02024
2.62865,2.02024
2.66853,2.02024
2.70842,2.02024
2.7483,2.02024
2.78818,2.02024
2.82807,2.02024
2.86796,2.02024
2.90785,2.02024
2.94774,2.02024
2.98763,2.02024
3.02752,2.02024
3.06742,2.02024
3.10731,2.02024
3.14721,2.02024
3.18711,2.02024
3.22701,2.02024
3.26691,2.02024
3.30681,2.02024
3.34672,2.02024
3.38663,2.02024
3.42653,2.00594
3.46644,1.99163
3.50635,1.97733
3.54627,1.96302
3.58618,1.94872
3.62609,1.93441
3.66601,1.92011
3.70593,1.9058
3.74585,1.89149
3.78577,1.87719
3.82569,1.86288
3.86561,1.84857
3.90554,1.83426
3.94546,1.81995
3.98539,1.80564
4.02532,1.79133
4.06525,1.77702
4.10518,1.76271
4.14511,1.74839
4.18505,1.73408
4.22499,1.71977
4.26492,1.70545
4.30486,1.69114
4.3448,1.67683
4.38474,1.66251
4.42468,1.6482
4.46463,1.63388
4.50457,1.61956
4.54452,1.60525
4.58447,1.59093
4.62442,1.57661
4.66437,1.56229
4.70432,1.54797
4.74427,1.53365
4.78423,1.51933
4.82419,1.50501
4.86414,1.49069
4.9041,1.47637
4.94406,1.46205
4.98402,1.44773
5.02399,1.4334
5.06395,1.41908
5.10392,1.40476
5.14388,1.39043
5.18385,1.37611
5.22382,1.36178
5.26379,1.34746
5.30376,1.33313
5.34373,1.3188
5.38371,1.30448
5.42369,1.29015
5.46366,1.27582
5.50364,1.26149
5.54362,1.24716
5.5836,1.23283
5.62358,1.21851
5.66357,1.20417
5.70355,1.18984
5.74354,1.17489
5.78352,1.15994
5.82351,1.14499
5.8635,1.13004
5.90349,1.11509
5.94349,1.10013
5.98348,1.08518
6.02347,1.07023
6.06347,1.05527
6.10347,1.04032
6.14347,1.02536
6.18347,1.01041
6.22347,0.995449
6.26347,0.980493
6.30347,0.965535
6.34348,0.950578
6.38348,0.93562
6.42349,0.920661
6.4635,0.920041
6.50351,0.919422
6.54352,0.918802
6.58353,0.918182
6.62354,0.917562
6.66356,0.916942
6.70357,0.916322
6.74359,0.915702
6.78361,0.915082
6.82363,0.914462
6.86365,0.913842
6.90367,0.913222
6.94369,0.912602
6.98372,0.911982
7.02374,0.911362
7.06377,0.910742
7.1038,0.910121
7.14382,0.909501
7.18385,0.908881
7.22388,0.908261
7.26392,0.907641
7.30395,0.907021
7.34398,0.907021
7.38402,0.907021
7.42406,0.907021
7.46409,0.907021
7.50413,0.907021
7.54417,0.907021
7.58421,0.907021
7.62426,0.907021
7.6643,0.907021
7.70434,0.907021
7.74439,0.907021
7.78444,0.907021
7.82448,0.907021
7.86453,0.907021
7.90458,0.907021
7.94464,0.907021
7.98469,0.907021
8.02474,0.907021
8.0648,0.907021
8.10485,0.907021
8.14491,0.907021
8.18497,0.907021
8.22503,0.907021
8.26509,0.907021
8.30515,0.907021
8.34521,0.907021
8.38527,0.907021
8.42534,0.907021
8.4654,0.907021
8.50547,0.907021
8.54554,0.907021
8.5856,0.907021
8.62567,0.907021
8.66574,0.907021
8.70582,0.907021
8.74589,0.907021
8.78596,0.907021
8.82604,0.907021
8.86611,0.907021
8.90619,0.907021
8.94627,0.907021
8.98635,0.907021
9.02643,0.907021
9.06651,0.907021
9.10659,0.907021
9.14668,0.907021
9.18676,0.907021
9.22684,0.907021
9.26693,0.907021
9.30702,0.907021
9.34711,0.907021
9.3872,0.907021
9.42729,0.907021
9.46738,0.907021
9.50747,0.907021
9.54756,0.907021
9.58766,0.907021
9.62775,0.907021
9.66785,0.907021
9.70795,0.907021
9.74804,0.907021
9.78814,0.907021
9.82824,0.907021
9.86834,0.907021
9.90845,0.907021
9.94855,0.907021
9.98865,0.907021
10.0288,0.907021
10.0689,0.907021
10.109,0.907021
10.1491,0.907021
10.1892,0.907021
10.2293,0.907021
10.2694,0.907021
10.3095,0.907021
10.3496,0.907021
10.3897,0.907021
10.4299,0.907021
10.47,0.907021
10.5101,0.907021
10.5502,0.907021
10.5903,0.907021
10.6304,0.907021
10.6706,0.907021
10.7107,0.907021
10.7508,0.907021
10.7909,0.907021
10.8311,0.907021
10.8712,0.907021
10.9113,0.907021
10.9514,0.907021
10.9916,0.907021
11.0317,0.907021
11.0718,0.907021
11.1119,0.907021
11.1521,0.907021
11.1922,0.907021
11.2323,0.907021
11.2725,0.907021
11.3126,0.907021
11.3527,0.907021
11.3929,0.907021
11.433,0.907021
11.4732,0.907021
11.5133,0.907021
11.5534,0.907021
11.5936,0.907021
11.6337,0.907021
11.6739,0.907021
11.714,0.907021
11.7541,0.911504
11.7943,0.915987
11.8344,0.92047
11.8746,0.924953
11.9147,0.929437
11.9549,0.93392
11.995,0.938404
12.0352,0.942888
12.0753,0.947372
12.1155,0.951855
12.1556,0.956339
12.1958,0.960824
12.2359,0.965308
12.2761,0.969792
12.3162,0.974276
12.3564,0.978761
12.3965,0.983245
12.4367,0.98773
12.4769,0.992215
12.517,0.996699
12.5572,1.00118
12.5973,1.00567
12.6375,1.01015
12.6777,1.01464
12.7178,1.01912
12.758,1.02361
12.7981,1.0281
12.8383,1.03258
12.8785,1.03707
12.9186,1.04155
12.9588,1.04604
12.999,1.05052
13.0391,1.05501
13.0793,1.0595
13.1195,1.06398
13.1597,1.06847
13.1998,1.07295
13.24,1.07744
13.2802,1.08193
13.3203,1.08641
13.3605,1.0909
13.4007,1.09539
13.4409,1.09987
13.481,1.10436
13.5212,1.10885
13.5614,1.11333
13.6016,1.11782
13.6418,1.12231
13.6819,1.12679
13.7221,1.13128
13.7623,1.13577
13.8025,1.14026
13.8427,1.14474
13.8829,1.14923
13.923,1.15372
13.9632,1.15821
14.0034,1.16269
14.0436,1.16718
14.0838,1.17167
14.124,1.17616
14.1642,1.18065
14.2043,1.18513
14.2445,1.18962
14.2847,1.19411
14.3249,1.1986
14.3651,1.20309
14.4053,1.20758
14.4455,1.21206
14.4857,1.21655
14.5259,1.22104
14.5661,1.22553
14.6063,1.23002
14.6465,1.23451
14.6867,1.239
14.7269,1.24349
14.7671,1.24798
14.8073,1.25246
14.8474,1.25695
14.8876,1.26144
14.9278,1.26593
14.968,1.27042
15.0083,1.27491
15.0485,1.2794
15.0887,1.28389
15.1289,1.28838
15.1691,1.29287
15.2093,1.29736
15.2495,1.30185
15.2897,1.30634
15.3299,1.31083
15.3701,1.31532
15.4103,1.31981
15.4505,1.3243
15.4907,1.32879
15.5309,1.33328
15.5711,1.33777
15.6113,1.34226
15.6515,1.34675
15.6918,1.35124
15.732,1.35573
15.7722,1.36023
15.8124,1.36472
15.8526,1.36921
15.8928,1.3737
15.933,1.37819
15.9732,1.38268
16.0135,1.38717
16.0537,1.39166
16.0939,1.39615
16.1341,1.40064
16.1743,1.40514
16.2145,1.40963
16.2548,1.41412
16.295,1.41861
16.3352,1.4231
16.3754,1.42759
16.4156,1.43208
16.4559,1.43658
16.4961,1.44107
16.5363,1.44556
16.5765,1.45005
16.6168,1.45454
16.657,1.45904
16.6972,1.46353
16.7374,1.46802
16.7776,1.47251
16.8179,1.477
16.8581,1.4815
16.8983,1.48599
16.9385,1.49048
16.9788,1.49497
17.019,1.49947
17.0592,1.50396
17.0995,1.50845
17.1397,1.51294
17.1799,1.51744
17.2201,1.52193
17.2604,1.52642
17.3006,1.53091
17.3408,1.53541
17.3811,1.5399
17.4213,1.54439
17.4615,1.54889
17.5018,1.55338
17.542,1.55787
17.5822,1.56236
17.6225,1.56686
17.6627,1.57135
17.7029,1.57584
17.7432,1.58034
17.7834,1.58483
17.8236,1.58932
17.8639,1.59382
17.9041,1.59831
17.9443,1.6028
17.9846,1.6073
18.0248,1.61179
18.0651,1.61629
18.1053,1.62078
18.1455,1.62527
18.1858,1.62977
18.226,1.63426
18.2663,1.63875
18.3065,1.64325
18.3467,1.64774
18.387,1.65224
18.4272,1.65673
18.4675,1.66122
18.5077,1.66572
18.5479,1.67021
18.5882,1.67471
18.6284,1.6792
18.6687,1.68369
18.7089,1.68819
18.7492,1.69268
18.7894,1.69718
18.8296,1.70167
18.8699,1.70617
18.9101,1.71066
18.9504,1.71516
18.9906,1.71965
19.0309,1.72414
19.0711,1.72864
19.1114,1.73313
19.1516,1.73763
19.1919,1.74212
19.2321,1.74662
19.2724,1.75111
19.3126,1.75561
19.3528,1.7601
19.3931,1.7646
19.4333,1.76909
19.4736,1.77359
19.5138,1.77808
19.5541,1.78258
19.5943,1.78707
19.6346,1.79157
19.6748,1.79606
19.7151,1.80056
19.7553,1.80505
19.7956,1.80955
19.8358,1.81404
19.8761,1.81854
19.9163,1.82303
19.9566,1.82753
19.9969,1.83202
20.0371,1.83652
20.0774,1.84101
20.1176,1.84551
20.1579,1.85
20.1981,1.8545
20.2384,1.85899
20.2786,1.86349
20.3189,1.86798
20.3591,1.87248
20.3994,1.87698
20.4396,1.88147
20.4799,1.88597
20.5201,1.89046
20.5604,1.89496
20.6007,1.89945
20.6409,1.90395
20.6812,1.90844
20.7214,1.91294
20.7617,1.91744
20.8019,1.92193
20.8422,1.92643
20.8825,1.93092
20.9227,1.93542
20.963,1.93991
21.0032,1.94441
21.0435,1.94891
21.0837,1.9534
21.124,1.9579
21.1643,1.96239
21.2045,1.96689
21.2448,1.97138
21.285,1.97588
21.3253,1.98038
21.3655,1.98487
21.4058,1.98937
21.4461,1.99386
21.4863,1.99836
21.5266,2.00286
21.5668,2.00735
21.6071,2.01185
21.6474,2.01634
21.6876,2.02084
21.7279,2.02534
21.7681,2.02983
21.8084,2.03433
21.8487,2.03882
21.8889,2.04332
21.9292,2.04782
21.9694,2.05231
22.0097,2.05681
22.05,2.0613
22.0902,2.0658
22.1305,2.0703
22.1707,2.07479
22.211,2.07929
22.2513,2.08379
22.2915,2.08828
22.3318,2.09278
22.372,2.09727
22.4123,2.10177
22.4526,2.10627
22.4928,2.11076
22.5331,2.11526
22.5733,2.11975
22.6136,2.12425
22.6539,2.12875
22.6941,2.13324
22.7344,2.13774
22.7746,2.14224
22.8149,2.14673
22.8552,2.15123
22.8954,2.15572
22.9357,2.16022
22.9759,2.16472
23.0162,2.16921
23.0565,2.17371
23.0967,2.17821
23.137,2.1827
23.1787,2.18736
23.222,2.1922
23.2669,2.19721
23.3135,2.20241
23.3617,2.20779
23.4116,2.21337
23.4633,2.21915
23.5169,2.22513
23.5723,2.23132
23.6297,2.23773
23.689,2.24435
23.7504,2.2512
23.8138,2.25829
23.8794,2.26561
23.9471,2.27318
24.0171,2.28099
24.0893,2.28905
24.1638,2.29737
24.2407,2.30596
24.3199,2.31481
24.4016,2.32393
24.4858,2.33333
24.5724,2.34301
24.6616,2.35297
24.7534,2.36322
24.8478,2.37376
24.9448,2.38459
25.0444,2.39571
25.1467,2.40714
25.2517,2.41886
25.3593,2.43088
25.4697,2.44321
25.5827,2.45583
25.6984,2.46875
25.8168,2.48198
25.9379,2.4955
26.0616,2.50931
26.1879,2.52342
26.3168,2.53782
26.4483,2.5525
26.5823,2.56746
26.7187,2.5827
26.8575,2.5982
26.9987,2.61397
27.1422,2.62999
27.2878,2.64625
27.4356,2.66275
27.5854,2.67948
27.7371,2.69642
27.8906,2.71357
28.0459,2.73092
28.2029,2.74844
28.3613,2.76613
28.5211,2.78398
28.6822,2.80197
28.8444,2.82008
29.0076,2.83831
29.1716,2.85663
29.3364,2.87504
29.5018,2.8935
29.6676,2.91202
29.8337,2.93057
30,2.94914
30.1663,2.96771
-0.0397757,2.05027
0,2.05027
0.0397757,2.05027
0.0795531,2.05027
0.119332,2.05027
0.159113,2.05027
0.198895,2.05027
0.238679,2.05027
0.278465,2.05027
0.318252,2.05027
0.358041,2.05027
0.397832,2.05027
0.437624,2.05027
0.477418,2.05027
0.517214,2.05027
0.557011,2.05027
0.59681,2.05027
0.636611,2.05027
0.676413,2.05027
0.716217,2.05027
0.756022,2.05027
0.795829,2.05027
0.835638,2.05027
0.875448,2.05027
0.91526,2.05027
0.955073,2.05027
0.994888,2.05027
1.0347,2.05027
1.07452,2.05027
1.11434,2.05027
1.15416,2.05027
1.19399,2.05027
1.23381,2.05027
1.27364,2.05027
1.31347,2.05027
1.3533,2.05027
1.39313,2.05027
1.43296,2.05027
1.47279,2.05027
1.51263,2.05027
1.55247,2.05027
1.59231,2.05027
1.63215,2.05027
1.67199,2.05027
1.71183,2.05027
1.75168,2.05027
1.79152,2.05027
1.83137,2.05027
1.87122,2.05027
1.91107,2.05027
1.95092,2.05027
1.99078,2.05027
2.03063,2.05027
2.07049,2.05027
2.11035,2.05027
2.15021,2.05027
2.19007,2.05027
2.22994,2.05027
2.2698,2.05027
2.30967,2.05027
2.34954,2.05027
2.38941,2.05027
2.42928,2.05027
2.46915,2.05027
2.50902,2.05027
2.5489,2.05027
2.58878,2.05027
2.62865,2.05027
2.66853,2.05027
2.70842,2.05027
2.7483,2.05027
2.78818,2.05027
2.82807,2.05027
2.86796,2.05027
2.90785,2.05027
2.94774,2.05027
2.98763,2.05027
3.02752,2.05027
3.06742,2.05027
3.10731,2.05027
3.14721,2.05027
3.18711,2.05027
3.22701,2.05027
3.26691,2.05027
3.30681,2.05027
3.34672,2.05027
3.38663,2.05027
3.42653,2.03572
3.46644,2.02117
3.50635,2.00662
3.54627,1.99207
3.58618,1.97752
3.62609,1.96297
3.66601,1.94842
3.70593,1.93387
3.74585,1.91932
3.78577,1.90477
3.82569,1.89021
3.86561,1.87566
3.90554,1.8611
3.94546,1.84655
3.98539,1.83199
4.02532,1.81744
4.06525,1.80288
4.10518,1.78833
4.14511,1.77377
4.18505,1.75921
4.22499,1.74465
4.26492,1.73009
4.30486,1.71553
4.3448,1.70097
4.38474,1.68641
4.42468,1.67185
4.46463,1.65729
4.50457,1.64273
4.54452,1.62817
4.58447,1.61361
4.62442,1.59904
4.66437,1.58448
4.70432,1.56991
4.74427,1.55535
4.78423,1.54078
4.82419,1.52622
4.86414,1.51165
4.9041,1.49709
4.94406,1.48252
4.98402,1.46795
5.02399,1.45338
5.06395,1.43881
5.10392,1.42425
5.14388,1.40968
5.18385,1.39511
5.22382,1.38054
5.26379,1.36596
5.30376,1.35139
5.34373,1.33682
5.38371,1.32225
5.42369,1.30768
5.46366,1.2931
5.50364,1.27853
5.54362,1.26395
5.5836,1.24938
5.62358,1.23481
5.66357,1.22023
5.70355,1.20565
5.74354,1.19056
5.78352,1.17547
5.82351,1.16037
5.8635,1.14528
5.90349,1.13019
5.94349,1.11509
5.98348,1.1
6.02347,1.0849
6.06347,1.0698
6.10347,1.05471
6.14347,1.03961
6.18347,1.02451
6.22347,1.00941
6.26347,0.994314
6.30347,0.979215
6.34348,0.964116
6.38348,0.949016
6.42349,0.933915
6.4635,0.933399
6.50351,0.932882
6.54352,0.932366
6.58353,0.93185
6.62354,0.931333
6.66356,0.930817
6.70357,0.930301
6.74359,0.929784
6.78361,0.929268
6.82363,0.928751
6.86365,0.928235
6.90367,0.927719
6.94369,0.927202
6.98372,0.926686
7.02374,0.926169
7.06377,0.925653
7.1038,0.925136
7.14382,0.924619
7.18385,0.924103
7.22388,0.923586
7.26392,0.92307
7.30395,0.922553
7.34398,0.922553
7.38402,0.922553
7.42406,0.922553
7.46409,0.922553
7.50413,0.922553
7.54417,0.922553
7.58421,0.922553
7.62426,0.922553
7.6643,0.922553
7.70434,0.922553
7.74439,0.922553
7.78444,0.922553
7.82448,0.922553
7.86453,0.922553
7.90458,0.922553
7.94464,0.922553
7.98469,0.922553
8.02474,0.922553
8.0648,0.922553
8.10485,0.922553
8.14491,0.922553
8.18497,0.922553
8.22503,0.922553
8.26509,0.922553
8.30515,0.922553
8.34521,0.922553
8.38527,0.922553
8.42534,0.922553
8.4654,0.922553
8.50547,0.922553
8.54554,0.922553
8.5856,0.922553
8.62567,0.922553
8.66574,0.922553
8.70582,0.922553
8.74589,0.922553
8.78596,0.922553
8.82604,0.922553
8.86611,0.922553
8.90619,0.922553
8.94627,0.922553
8.98635,0.922553
9.02643,0.922553
9.06651,0.922553
9.10659,0.922553
9.14668,0.922553
9.18676,0.922553
9.22684,0.922553
9.26693,0.922553
9.30702,0.922553
9.34711,0.922553
9.3872,0.922553
9.42729,0.922553
9.46738,0.922553
9.50747,0.922553
9.54756,0.922553
9.58766,0.922553
9.62775,0.922553
9.66785,0.922553
9.70795,0.922553
9.74804,0.922553
9.78814,0.922553
9.82824,0.922553
9.86834,0.922553
9.90845,0.922553
9.94855,0.922553
9.98865,0.922553
10.0288,0.922553
10.0689,0.922553
10.109,0.922553
10.1491,0.922553
10.1892,0.922553
10.2293,0.922553
10.2694,0.922553
10.3095,0.922553
10.3496,0.922553
10.3897,0.922553
10.4299,0.922553
10.47,0.922553
10.5101,0.922553
10.5502,0.922553
10.5903,0.922553
10.6304,0.922553
10.6706,0.922553
10.7107,0.922553
10.7508,0.922553
10.7909,0.922553
10.8311,0.922553
10.8712,0.922553
10.9113,0.922553
10.9514,0.922553
10.9916,0.922553
11.0317,0.922553
11.0718,0.922553
11.1119,0.922553
11.1521,0.922553
11.1922,0.922553
11.2323,0.922553
11.2725,0.922553
11.3126,0.922553
11.3527,0.922553
11.3929,0.922553
11.433,0.922553
11.4732,0.922553
11.5133,0.922553
11.5534,0.922553
11.5936,0.922553
11.6337,0.922553
11.6739,0.922553
11.714,0.922553
11.7541,0.927113
11.7943,0.931673
11.8344,0.936233
11.8746,0.940793
11.9147,0.945353
11.9549,0.949914
11.995,0.954474
12.0352,0.959035
12.0753,0.963595
12.1155,0.968156
12.1556,0.972717
12.1958,0.977277
12.2359,0.981838
12.2761,0.986399
12.3162,0.990961
12.3564,0.995522
12.3965,1.00008
12.4367,1.00464
12.4769,1.00921
12.517,1.01377
12.5572,1.01833
12.5973,1.02289
12.6375,1.02745
12.6777,1.03201
12.7178,1.03658
12.758,1.04114
12.7981,1.0457
12.8383,1.05026
12.8785,1.05483
12.9186,1.05939
12.9588,1.06395
12.999,1.06851
13.0391,1.07308
13.0793,1.07764
13.1195,1.0822
13.1597,1.08676
13.1998,1.09133
13.24,1.09589
13.2802,1.10045
13.3203,1.10502
13.3605,1.10958
13.4007,1.11414
13.4409,1.11871
13.481,1.12327
13.5212,1.12783
13.5614,1.1324
13.6016,1.13696
13.6418,1.14153
13.6819,1.14609
13.7221,1.15065
13.7623,1.15522
13.8025,1.15978
13.8427,1.16435
13.8829,1.16891
13.923,1.17348
13.9632,1.17804
14.0034,1.18261
14.0436,1.18717
14.0838,1.19173
14.124,1.1963
14.1642,1.20086
14.2043,1.20543
14.2445,1.20999
14.2847,1.21456
14.3249,1.21912
14.3651,1.22369
14.4053,1.22826
14.4455,1.23282
14.4857,1.23739
14.5259,1.24195
14.5661,1.24652
14.6063,1.25108
14.6465,1.25565
14.6867,1.26022
14.7269,1.26478
14.7671,1.26935
14.8073,1.27391
14.8474,1.27848
14.8876,1.28305
14.9278,1.28761
14.968,1.29218
15.0083,1.29674
15.0485,1.30131
15.0887,1.30588
15.1289,1.31044
15.1691,1.31501
15.2093,1.31958
15.2495,1.32414
15.2897,1.32871
15.3299,1.33328
15.3701,1.33785
15.4103,1.34241
15.4505,1.34698
15.4907,1.35155
15.5309,1.35611
15.5711,1.36068
15.6113,1.36525
15.6515,1.36982
15.6918,1.37438
15.732,1.37895
15.7722,1.38352
15.8124,1.38809
15.8526,1.39265
15.8928,1.39722
15.933,1.40179
15.9732,1.40636
16.0135,1.41093
16.0537,1.41549
16.0939,1.42006
16.1341,1.42463
16.1743,1.4292
16.2145,1.43377
16.2548,1.43833
16.295,1.4429
16.3352,1.44747
16.3754,1.45204
16.4156,1.45661
16.4559,1.46118
16.4961,1.46575
16.5363,1.47031
16.5765,1.47488
16.6168,1.47945
16.657,1.48402
16.6972,1.48859
16.7374,1.49316
16.7776,1.49773
16.8179,1.5023
16.8581,1.50687
16.8983,1.51144
16.9385,1.51601
16.9788,1.52057
17.019,1.52514
17.0592,1.52971
17.0995,1.53428
17.1397,1.53885
17.1799,1.54342
17.2201,1.54799
17.2604,1.55256
17.3006,1.55713
17.3408,1.5617
17.3811,1.56627
17.4213,1.57084
17.4615,1.57541
17.5018,1.57998
17.542,1.58455
17.5822,1.58912
17.6225,1.59369
17.6627,1.59826
17.7029,1.60283
17.7432,1.6074
17.7834,1.61197
17.8236,1.61654
17.8639,1.62111
17.9041,1.62568
17.9443,1.63025
17.9846,1.63482
18.0248,1.63939
18.0651,1.64396
18.1053,1.64853
18.1455,1.65311
18.1858,1.65768
18.226,1.66225
18.2663,1.66682
18.3065,1.67139
18.3467,1.67596
18.387,1.68053
18.4272,1.6851
18.4675,1.68967
18.5077,1.69424
18.5479,1.69881
18.5882,1.70339
18.6284,1.70796
18.6687,1.71253
18.7089,1.7171
18.7492,1.72167
18.7894,1.72624
18.8296,1.73081
18.8699,1.73538
18.9101,1.73996
18.9504,1.74453
18.9906,1.7491
19.0309,1.75367
19.0711,1.75824
19.1114,1.76281
19.1516,1.76738
19.1919,1.77196
19.2321,1.77653
19.2724,1.7811
19.3126,1.78567
19.3528,1.79024
19.3931,1.79481
19.4333,1.79939
19.4736,1.80396
19.5138,1.80853
19.5541,1.8131
19.5943,1.81767
19.6346,1.82225
19.6748,1.82682
19.7151,1.83139
19.7553,1.83596
19.7956,1.84053
19.8358,1.84511
19.8761,1.84968
19.9163,1.85425
19.9566,1.85882
19.9969,1.86339
20.0371,1.86797
20.0774,1.87254
20.1176,1.87711
20.1579,1.88168
20.1981,1.88626
20.2384,1.89083
20.2786,1.8954
20.3189,1.89997
20.3591,1.90455
20.3994,1.90912
20.4396,1.91369
20.4799,1.91826
20.5201,1.92284
20.5604,1.92741
20.6007,1.93198
20.6409,1.93655
20.6812,1.94113
20.7214,1.9457
20.7617,1.95027
20.8019,1.95484
20.8422,1.95942
20.8825,1.96399
20.9227,1.96856
20.963,1.97313
21.0032,1.97771
21.0435,1.98228
21.0837,1.98685
21.124,1.99143
21.1643,1.996
21.2045,2.00057
21.2448,2.00514
21.285,2.00972
21.3253,2.01429
21.3655,2.01886
21.4058,2.02344
21.4461,2.02801
21.4863,2.03258
21.5266,2.03715
21.5668,2.04173
21.6071,2.0463
21.6474,2.05087
21.6876,2.05545
21.7279,2.06002
21.7681,2.06459
21.8084,2.06917
21.8487,2.07374
21.8889,2.07831
21.9292,2.08289
21.9694,2.08746
22.0097,2.09203
22.05,2.0966
22.0902,2.10118
22.1305,2.10575
22.1707,2.11032
22.211,2.1149
22.2513,2.11947
22.2915,2.12404
22.3318,2.12862
22.372,2.13319
22.4123,2.13776
22.4526,2.14234
22.4928,2.14691
22.5331,2.15148
22.5733,2.15606
22.6136,2.16063
22.6539,2.1652
22.6941,2.16977
22.7344,2.17435
22.7746,2.17892
22.8149,2.18349
22.8552,2.18807
22.8954,2.19264
22.9357,2.19721
22.9759,2.20179
23.0162,2.20636
23.0565,2.21093
23.0967,2.21551
23.137,2.22008
23.1787,2.22482
23.222,2.22974
23.2669,2.23484
23.3135,2.24013
23.3617,2.2456
23.4116,2.25127
23.4633,2.25715
23.5169,2.26323
23.5723,2.26953
23.6297,2.27605
23.689,2.28279
23.7504,2.28976
23.8138,2.29696
23.8794,2.30441
23.9471,2.3121
24.0171,2.32005
24.0893,2.32825
24.1638,2.33671
24.2407,2.34545
24.3199,2.35445
24.4016,2.36373
24.4858,2.37329
24.5724,2.38313
24.6616,2.39326
24.7534,2.40369
24.8478,2.41441
24.9448,2.42542
25.0444,2.43674
25.1467,2.44836
25.2517,2.46028
25.3593,2.47251
25.4697,2.48505
25.5827,2.49789
25.6984,2.51103
25.8168,2.52448
25.9379,2.53823
26.0616,2.55228
26.1879,2.56663
26.3168,2.58128
26.4483,2.59621
26.5823,2.61143
26.7187,2.62692
26.8575,2.64269
26.9987,2.65873
27.1422,2.67502
27.2878,2.69157
27.4356,2.70835
27.5854,2.72537
27.7371,2.7426
27.8906,2.76004
28.0459,2.77768
28.2029,2.79551
28.3613,2.8135
28.5211,2.83165
28.6822,2.84995
28.8444,2.86838
29.0076,2.88691
29.1716,2.90555
29.3364,2.92427
29.5018,2.94305
29.6676,2.96189
29.8337,2.98076
30,2.99964
30.1663,3.01853
-0.0397757,2.08027
0,2.08027
0.0397757,2.08027
0.0795531,2.08027
0.119332,2.08027
0.159113,2.08027
0.198895,2.08027
0.238679,2.08027
0.278465,2.08027
0.318252,2.08027
0.358041,2.08027
0.397832,2.08027
0.437624,2.08027
0.477418,2.08027
0.517214,2.08027
0.557011,2.08027
0.59681,2.08027
0.636611,2.08027
0.676413,2.08027
0.716217,2.08027
0.756022,2.08027
0.795829,2.08027
0.835638,2.08027
0.875448,2.08027
0.91526,2.08027
0.955073,2.08027
0.994888,2.08027
1.0347,2.08027
1.07452,2.08027
1.11434,2.08027
1.15416,2.08027
1.19399,2.08027
1.23381,2.08027
1.27364,2.08027
1.31347,2.08027
1.3533,2.08027
1.39313,2.08027
1.43296,2.08027
1.47279,2.08027
1.51263,2.08027
1.55247,2.08027
1.59231,2.08027
1.63215,2.08027
1.67199,2.08027
1.71183,2.08027
1.75168,2.08027
1.79152,2.08027
1.83137,2.08027
1.87122,2.08027
1.91107,2.08027
1.95092,2.08027
1.99078,2.08027
2.03063,2.08027
2.07049,2.08027
2.11035,2.08027
2.15021,2.08027
2.19007,2.08027
2.22994,2.08027
2.2698,2.08027
2.30967,2.08027
2.34954,2.08027
2.38941,2.08027
2.42928,2.08027
2.46915,2.08027
2.50902,2.08027
2.5489,2.08027
2.58878,2.08027
2.62865,2.08027
2.66853,2.08027
2.70842,2.08027
2.7483,2.08027
2.78818,2.08027
2.82807,2.08027
2.86796,2.08027
2.90785,2.08027
2.94774,2.08027
2.98763,2.08027
3.02752,2.08027
3.06742,2.08027
3.10731,2.08027
3.14721,2.08027
3.18711,2.08027
3.22701,2.08027
3.26691,2.08027
3.30681,2.08027
3.34672,2.08027
3.38663,2.08027
3.42653,2.06548
3.46644,2.05069
3.50635,2.03589
3.54627,2.0211
3.58618,2.0063
3.62609,1.99151
3.66601,1.97671
3.70593,1.96192
3.74585,1.94712
3.78577,1.93232
3.82569,1.91752
3.86561,1.90272
3.90554,1.88793
3.94546,1.87313
3.98539,1.85833
4.02532,1.84353
4.06525,1.82872
4.10518,1.81392
4.14511,1.79912
4.18505,1.78432
4.22499,1.76951
4.26492,1.75471
4.30486,1.73991
4.3448,1.7251
4.38474,1.7103
4.42468,1.69549
4.46463,1.68068
4.50457,1.66588
4.54452,1.65107
4.58447,1.63626
4.62442,1.62146
4.66437,1.60665
4.70432,1.59184
4.74427,1.57703
4.78423,1.56222
4.82419,1.54741
4.86414,1.5326
4.9041,1.51778
4.94406,1.50297
4.98402,1.48816
5.02399,1.47335
5.06395,1.45853
5.10392,1.44372
5.14388,1.4289
5.18385,1.41409
5.22382,1.39927
5.26379,1.38446
5.30376,1.36964
5.34373,1.35482
5.38371,1.34001
5.42369,1.32519
5.46366,1.31037
5.50364,1.29555
5.54362,1.28073
5.5836,1.26591
5.62358,1.25109
5.66357,1.23627
5.70355,1.22145
5.74354,1.20621
5.78352,1.19098
5.82351,1.17574
5.8635,1.16051
5.90349,1.14527
5.94349,1.13004
5.98348,1.1148
6.02347,1.09956
6.06347,1.08432
6.10347,1.06908
6.14347,1.05384
6.18347,1.0386
6.22347,1.02336
6.26347,1.00812
6.30347,0.992883
6.34348,0.977642
6.38348,0.9624
6.42349,0.947157
6.4635,0.946744
6.50351,0.946331
6.54352,0.945919
6.58353,0.945506
6.62354,0.945093
6.66356,0.94468
6.70357,0.944267
6.74359,0.943854
6.78361,0.943441
6.82363,0.943028
6.86365,0.942615
6.90367,0.942202
6.94369,0.941789
6.98372,0.941376
7.02374,0.940963
7.06377,0.94055
7.1038,0.940137
7.14382,0.939724
7.18385,0.939311
7.22388,0.938898
7.26392,0.938485
7.30395,0.938072
7.34398,0.938072
7.38402,0.938072
7.42406,0.938072
7.46409,0.938072
7.50413,0.938072
7.54417,0.938072
7.58421,0.938072
7.62426,0.938072
7.6643,0.938072
7.70434,0.938072
7.74439,0.938072
7.78444,0.938072
7.82448,0.938072
7.86453,0.938072
7.90458,0.938072
7.94464,0.938072
7.98469,0.938072
8.02474,0.938072
8.0648,0.938072
8.10485,0.938072
8.14491,0.938072
8.18497,0.938072
8.22503,0.938072
8.26509,0.938072
8.30515,0.938072
8.34521,0.938072
8.38527,0.938072
8.42534,0.938072
8.4654,0.938072
8.50547,0.938072
8.54554,0.938072
8.5856,0.938072
8.62567,0.938072
8.66574,0.938072
8.70582,0.938072
8.74589,0.938072
8.78596,0.938072
8.82604,0.938072
8.86611,0.938072
8.90619,0.938072
8.94627,0.938072
8.98635,0.938072
9.02643,0.938072
9.06651,0.938072
9.10659,0.938072
9.14668,0.938072
9.18676,0.938072
9.22684,0.938072
9.26693,0.938072
9.30702,0.938072
9.34711,0.938072
9.3872,0.938072
9.42729,0.938072
9.46738,0.938072
9.50747,0.938072
9.54756,0.938072
9.58766,0.938072
9.62775,0.938072
9.66785,0.938072
9.70795,0.938072
9.74804,0.938072
9.78814,0.938072
9.82824,0.938072
9.86834,0.938072
9.90845,0.938072
9.94855,0.938072
9.98865,0.938072
10.0288,0.938072
10.0689,0.938072
10.109,0.938072
10.1491,0.938072
10.1892,0.938072
10.2293,0.938072
10.2694,0.938072
10.3095,0.938072
10.3496,0.938072
10.3897,0.938072
10.4299,0.938072
10.47,0.938072
10.5101,0.938072
10.5502,0.938072
10.5903,0.938072
10.6304,0.938072
10.6706,0.938072
10.7107,0.938072
10.7508,0.938072
10.7909,0.938072
10.8311,0.938072
10.8712,0.938072
10.9113,0.938072
10.9514,0.938072
10.9916,0.938072
11.0317,0.938072
11.0718,0.938072
11.1119,0.938072
11.1521,0.938072
11.1922,0.938072
11.2323,0.938072
11.2725,0.938072
11.3126,0.938072
11.3527,0.938072
11.3929,0.938072
11.433,0.938072
11.4732,0.938072
11.5133,0.938072
11.5534,0.938072
11.5936,0.938072
11.6337,0.938072
11.6739,0.938072
11.714,0.938072
11.7541,0.942708
11.7943,0.947345
11.8344,0.951982
11.8746,0.956619
11.9147,0.961256
11.9549,0.965893
11.995,0.97053
12.0352,0.975167
12.0753,0.979804
12.1155,0.984442
12.1556,0.989079
12.1958,0.993717
12.2359,0.998354
12.2761,1.00299
12.3162,1.00763
12.3564,1.01227
12.3965,1.01691
12.4367,1.02154
12.4769,1.02618
12.517,1.03082
12.5572,1.03546
12.5973,1.0401
12.6375,1.04474
12.6777,1.04937
12.7178,1.05401
12.758,1.05865
12.7981,1.06329
12.8383,1.06793
12.8785,1.07257
12.9186,1.07721
12.9588,1.08185
12.999,1.08649
13.0391,1.09113
13.0793,1.09577
13.1195,1.10041
13.1597,1.10505
13.1998,1.10969
13.24,1.11433
13.2802,1.11897
13.3203,1.12361
13.3605,1.12825
13.4007,1.13289
13.4409,1.13753
13.481,1.14217
13.5212,1.14681
13.5614,1.15145
13.6016,1.15609
13.6418,1.16073
13.6819,1.16537
13.7221,1.17001
13.7623,1.17465
13.8025,1.17929
13.8427,1.18393
13.8829,1.18857
13.923,1.19322
13.9632,1.19786
14.0034,1.2025
14.0436,1.20714
14.0838,1.21178
14.124,1.21642
14.1642,1.22106
14.2043,1.22571
14.2445,1.23035
14.2847,1.23499
14.3249,1.23963
14.3651,1.24427
14.4053,1.24892
14.4455,1.25356
14.4857,1.2582
14.5259,1.26284
14.5661,1.26749
14.6063,1.27213
14.6465,1.27677
14.6867,1.28141
14.7269,1.28606
14.7671,1.2907
14.8073,1.29534
14.8474,1.29999
14.8876,1.30463
14.9278,1.30927
14.968,1.31391
15.0083,1.31856
15.0485,1.3232
15.0887,1.32784
15.1289,1.33249
15.1691,1.33713
15.2093,1.34177
15.2495,1.34642
15.2897,1.35106
15.3299,1.35571
15.3701,1.36035
15.4103,1.36499
15.4505,1.36964
15.4907,1.37428
15.5309,1.37893
15.5711,1.38357
15.6113,1.38821
15.6515,1.39286
15.6918,1.3975
15.732,1.40215
15.7722,1.40679
15.8124,1.41144
15.8526,1.41608
15.8928,1.42073
15.933,1.42537
15.9732,1.43001
16.0135,1.43466
16.0537,1.4393
16.0939,1.44395
16.1341,1.44859
16.1743,1.45324
16.2145,1.45788
16.2548,1.46253
16.295,1.46718
16.3352,1.47182
16.3754,1.47647
16.4156,1.48111
16.4559,1.48576
16.4961,1.4904
16.5363,1.49505
16.5765,1.49969
16.6168,1.50434
16.657,1.50899
16.6972,1.51363
16.7374,1.51828
16.7776,1.52292
16.8179,1.52757
16.8581,1.53221
16.8983,1.53686
16.9385,1.54151
16.9788,1.54615
17.019,1.5508
17.0592,1.55545
17.0995,1.56009
17.1397,1.56474
17.1799,1.56938
17.2201,1.57403
17.2604,1.57868
17.3006,1.58332
17.3408,1.58797
17.3811,1.59262
17.4213,1.59726
17.4615,1.60191
17.5018,1.60656
17.542,1.6112
17.5822,1.61585
17.6225,1.6205
17.6627,1.62515
17.7029,1.62979
17.7432,1.63444
17.7834,1.63909
17.8236,1.64373
17.8639,1.64838
17.9041,1.65303
17.9443,1.65768
17.9846,1.66232
18.0248,1.66697
18.0651,1.67162
18.1053,1.67627
18.1455,1.68091
18.1858,1.68556
18.226,1.69021
18.2663,1.69486
18.3065,1.6995
18.3467,1.70415
18.387,1.7088
18.4272,1.71345
18.4675,1.7181
18.5077,1.72274
18.5479,1.72739
18.5882,1.73204
18.6284,1.73669
18.6687,1.74134
18.7089,1.74598
18.7492,1.75063
18.7894,1.75528
18.8296,1.75993
18.8699,1.76458
18.9101,1.76922
18.9504,1.77387
18.9906,1.77852
19.0309,1.78317
19.0711,1.78782
19.1114,1.79247
19.1516,1.79711
19.1919,1.80176
19.2321,1.80641
19.2724,1.81106
19.3126,1.81571
19.3528,1.82036
19.3931,1.82501
19.4333,1.82965
19.4736,1.8343
19.5138,1.83895
19.5541,1.8436
19.5943,1.84825
19.6346,1.8529
19.6748,1.85755
19.7151,1.8622
19.7553,1.86685
19.7956,1.87149
19.8358,1.87614
19.8761,1.88079
19.9163,1.88544
19.9566,1.89009
19.9969,1.89474
20.0371,1.89939
20.0774,1.90404
20.1176,1.90869
20.1579,1.91334
20.1981,1.91799
20.2384,1.92264
20.2786,1.92728
20.3189,1.93193
20.3591,1.93658
20.3994,1.94123
20.4396,1.94588
20.4799,1.95053
20.5201,1.95518
20.5604,1.95983
20.6007,1.96448
20.6409,1.96913
20.6812,1.97378
20.7214,1.97843
20.7617,1.98308
20.8019,1.98773
20.8422,1.99238
20.8825,1.99703
20.9227,2.00168
20.963,2.00633
21.0032,2.01098
21.0435,2.01563
21.0837,2.02028
21.124,2.02492
21.1643,2.02957
21.2045,2.03422
21.2448,2.03887
21.285,2.04352
21.3253,2.04817
21.3655,2.05282
21.4058,2.05747
21.4461,2.06212
21.4863,2.06677
21.5266,2.07142
21.5668,2.07607
21.6071,2.08072
21.6474,2.08537
21.6876,2.09002
21.7279,2.09467
21.7681,2.09932
21.8084,2.10397
21.8487,2.10862
21.8889,2.11327
21.9292,2.11792
21.9694,2.12257
22.0097,2.12722
22.05,2.13187
22.0902,2.13652
22.1305,2.14117
22.1707,2.14582
22.211,2.15047
22.2513,2.15512
22.2915,2.15977
22.3318,2.16442
22.372,2.16907
22.4123,2.17372
22.4526,2.17837
22.4928,2.18302
22.5331,2.18767
22.5733,2.19232
22.6136,2.19697
22.6539,2.20162
22.6941,2.20627
22.7344,2.21092
22.7746,2.21557
22.8149,2.22022
22.8552,2.22487
22.8954,2.22952
22.9357,2.23417
22.9759,2.23882
23.0162,2.24347
23.0565,2.24813
23.0967,2.25278
23.137,2.25743
23.1787,2.26225
23.222,2.26725
23.2669,2.27243
23.3135,2.27781
23.3617,2.28338
23.4116,2.28914
23.4633,2.29512
23.5169,2.3013
23.5723,2.30771
23.6297,2.31433
23.689,2.32119
23.7504,2.32827
23.8138,2.3356
23.8794,2.34317
23.9471,2.351
24.0171,2.35908
24.0893,2.36742
24.1638,2.37602
24.2407,2.3849
24.3199,2.39405
24.4016,2.40349
24.4858,2.41321
24.5724,2.42322
24.6616,2.43352
24.7534,2.44412
24.8478,2.45502
24.9448,2.46622
25.0444,2.47773
25.1467,2.48955
25.2517,2.50167
25.3593,2.5141
25.4697,2.52685
25.5827,2.5399
25.6984,2.55327
25.8168,2.56695
25.9379,2.58093
26.0616,2.59522
26.1879,2.60981
26.3168,2.6247
26.4483,2.63988
26.5823,2.65536
26.7187,2.67111
26.8575,2.68715
26.9987,2.70345
27.1422,2.72002
27.2878,2.73684
27.4356,2.75391
27.5854,2.77121
27.7371,2.78873
27.8906,2.80647
28.0459,2.82441
28.2029,2.84253
28.3613,2.86083
28.5211,2.87929
28.6822,2.89789
28.8444,2.91663
29.0076,2.93548
29.1716,2.95443
29.3364,2.97346
29.5018,2.99256
29.6676,3.01171
29.8337,3.0309
30,3.0501
30.1663,3.0693
-0.0397757,2.11025
0,2.11025
0.0397757,2.11025
0.0795531,2.11025
0.119332,2.11025
0.159113,2.11025
0.198895,2.11025
0.238679,2.11025
0.278465,2.11025
0.318252,2.11025
0.358041,2.11025
0.397832,2.11025
0.437624,2.11025
0.477418,2.11025
0.517214,2.11025
0.557011,2.11025
0.59681,2.11025
0.636611,2.11025
0.676413,2.11025
0.716217,2.11025
0.756022,2.11025
0.795829,2.11025
0.835638,2.11025
0.875448,2.11025
0.91526,2.11025
0.955073,2.11025
0.994888,2.11025
1.0347,2.11025
1.07452,2.11025
1.11434,2.11025
1.15416,2.11025
1.19399,2.11025
1.23381,2.11025
1.27364,2.11025
1.31347,2.11025
1.3533,2.11025
1.39313,2.11025
1.43296,2.11025
1.47279,2.11025
1.51263,2.11025
1.55247,2.11025
1.59231,2.11025
1.63215,2.11025
1.67199,2.11025
1.71183,2.11025
1.75168,2.11025
1.79152,2.11025
1.83137,2.11025
1.87122,2.11025
1.91107,2.11025
1.95092,2.11025
1.99078,2.11025
2.03063,2.11025
2.07049,2.11025
2.11035,2.11025
2.15021,2.11025
2.19007,2.11025
2.22994,2.11025
2.2698,2.11025
2.30967,2.11025
2.34954,2.11025
2.38941,2.11025
2.42928,2.11025
2.46915,2.11025
2.50902,2.11025
2.5489,2.11025
2.58878,2.11025
2.62865,2.11025
2.66853,2.11025
2.70842,2.11025
2.7483,2.11025
2.78818,2.11025
2.82807,2.11025
2.86796,2.11025
2.90785,2.11025
2.94774,2.11025
2.98763,2.11025
3.02752,2.11025
3.06742,2.11025
3.10731,2.11025
3.14721,2.11025
3.18711,2.11025
3.22701,2.11025
3.26691,2.11025
3.30681,2.11025
3.34672,2.11025
3.38663,2.11025
3.42653,2.09521
3.46644,2.08017
3.50635,2.06513
3.54627,2.0501
3.58618,2.03506
3.62609,2.02002
3.66601,2.00498
3.70593,1.98993
3.74585,1.97489
3.78577,1.95985
3.82569,1.94481
3.86561,1.92977
3.90554,1.91472
3.94546,1.89968
3.98539,1.88463
4.02532,1.86959
4.06525,1.85454
4.10518,1.8395
4.14511,1.82445
4.18505,1.8094
4.22499,1.79435
4.26492,1.77931
4.30486,1.76426
4.3448,1.74921
4.38474,1.73416
4.42468,1.71911
4.46463,1.70406
4.50457,1.689
4.54452,1.67395
4.58447,1.6589
4.62442,1.64385
4.66437,1.62879
4.70432,1.61374
4.74427,1.59869
4.78423,1.58363
4.82419,1.56857
4.86414,1.55352
4.9041,1.53846
4.94406,1.52341
4.98402,1.50835
5.02399,1.49329
5.06395,1.47823
5.10392,1.46317
5.14388,1.44811
5.18385,1.43305
5.22382,1.41799
5.26379,1.40293
5.30376,1.38787
5.34373,1.37281
5.38371,1.35775
5.42369,1.34268
5.46366,1.32762
5.50364,1.31256
5.54362,1.29749
5.5836,1.28243
5.62358,1.26736
5.66357,1.2523
5.70355,1.23723
5.74354,1.22185
5.78352,1.20648
5.82351,1.1911
5.8635,1.17572
5.90349,1.16034
5.94349,1.14497
5.98348,1.12959
6.02347,1.11421
6.06347,1.09883
6.10347,1.08345
6.14347,1.06807
6.18347,1.05269
6.22347,1.0373
6.26347,1.02192
6.30347,1.00654
6.34348,0.991155
6.38348,0.975771
6.42349,0.960387
6.4635,0.960078
6.50351,0.959768
6.54352,0.959459
6.58353,0.959149
6.62354,0.95884
6.66356,0.95853
6.70357,0.958221
6.74359,0.957911
6.78361,0.957601
6.82363,0.957292
6.86365,0.956982
6.90367,0.956673
6.94369,0.956363
6.98372,0.956054
7.02374,0.955744
7.06377,0.955434
7.1038,0.955125
7.14382,0.954815
7.18385,0.954505
7.22388,0.954196
7.26392,0.953886
7.30395,0.953576
7.34398,0.953576
7.38402,0.953576
7.42406,0.953576
7.46409,0.953576
7.50413,0.953576
7.54417,0.953576
7.58421,0.953576
7.62426,0.953576
7.6643,0.953576
7.70434,0.953576
7.74439,0.953576
7.78444,0.953576
7.82448,0.953576
7.86453,0.953576
7.90458,0.953576
7.94464,0.953576
7.98469,0.953576
8.02474,0.953576
8.0648,0.953576
8.10485,0.953576
8.14491,0.953576
8.18497,0.953576
8.22503,0.953576
8.26509,0.953576
8.30515,0.953576
8.34521,0.953576
8.38527,0.953576
8.42534,0.953576
8.4654,0.953576
8.50547,0.953576
8.54554,0.953576
8.5856,0.953576
8.62567,0.953576
8.66574,0.953576
8.70582,0.953576
8.74589,0.953576
8.78596,0.953576
8.82604,0.953576
8.86611,0.953576
8.90619,0.953576
8.94627,0.953576
8.98635,0.953576
9.02643,0.953576
9.06651,0.953576
9.10659,0.953576
9.14668,0.953576
9.18676,0.953576
9.22684,0.953576
9.26693,0.953576
9.30702,0.953576
9.34711,0.953576
9.3872,0.953576
9.42729,0.953576
9.46738,0.953576
9.50747,0.953576
9.54756,0.953576
9.58766,0.953576
9.62775,0.953576
9.66785,0.953576
9.70795,0.953576
9.74804,0.953576
9.78814,0.953576
9.82824,0.953576
9.86834,0.953576
9.90845,0.953576
9.94855,0.953576
9.98865,0.953576
10.0288,0.953576
10.0689,0.953576
10.109,0.953576
10.1491,0.953576
10.1892,0.953576
10.2293,0.953576
10.2694,0.953576
10.3095,0.953576
10.3496,0.953576
10.3897,0.953576
10.4299,0.953576
10.47,0.953576
10.5101,0.953576
10.5502,0.953576
10.5903,0.953576
10.6304,0.953576
10.6706,0.953576
10.7107,0.953576
10.7508,0.953576
10.7909,0.953576
10.8311,0.953576
10.8712,0.953576
10.9113,0.953576
10.9514,0.953576
10.9916,0.953576
11.0317,0.953576
11.0718,0.953576
11.1119,0.953576
11.1521,0.953576
11.1922,0.953576
11.2323,0.953576
11.2725,0.953576
11.3126,0.953576
11.3527,0.953576
11.3929,0.953576
11.433,0.953576
11.4732,0.953576
11.5133,0.953576
11.5534,0.953576
11.5936,0.953576
11.6337,0.953576
11.6739,0.953576
11.714,0.953576
11.7541,0.95829
11.7943,0.963003
11.8344,0.967716
11.8746,0.97243
11.9147,0.977143
11.9549,0.981857
11.995,0.986571
12.0352,0.991285
12.0753,0.995999
12.1155,1.00071
12.1556,1.00543
12.1958,1.01014
12.2359,1.01486
12.2761,1.01957
12.3162,1.02428
12.3564,1.029
12.3965,1.03371
12.4367,1.03843
12.4769,1.04314
12.517,1.04786
12.5572,1.05257
12.5973,1.05729
12.6375,1.062
12.6777,1.06672
12.7178,1.07143
12.758,1.07615
12.7981,1.08087
12.8383,1.08558
12.8785,1.0903
12.9186,1.09501
12.9588,1.09973
12.999,1.10445
13.0391,1.10916
13.0793,1.11388
13.1195,1.11859
13.1597,1.12331
13.1998,1.12803
13.24,1.13274
13.2802,1.13746
13.3203,1.14218
13.3605,1.14689
13.4007,1.15161
13.4409,1.15633
13.481,1.16104
13.5212,1.16576
13.5614,1.17048
13.6016,1.1752
13.6418,1.17991
13.6819,1.18463
13.7221,1.18935
13.7623,1.19407
13.8025,1.19878
13.8427,1.2035
13.8829,1.20822
13.923,1.21294
13.9632,1.21766
14.0034,1.22237
14.0436,1.22709
14.0838,1.23181
14.124,1.23653
14.1642,1.24125
14.2043,1.24597
14.2445,1.25068
14.2847,1.2554
14.3249,1.26012
14.3651,1.26484
14.4053,1.26956
14.4455,1.27428
14.4857,1.279
14.5259,1.28372
14.5661,1.28844
14.6063,1.29315
14.6465,1.29787
14.6867,1.30259
14.7269,1.30731
14.7671,1.31203
14.8073,1.31675
14.8474,1.32147
14.8876,1.32619
14.9278,1.33091
14.968,1.33563
15.0083,1.34035
15.0485,1.34507
15.0887,1.34979
15.1289,1.35451
15.1691,1.35923
15.2093,1.36395
15.2495,1.36867
15.2897,1.37339
15.3299,1.37811
15.3701,1.38283
15.4103,1.38755
15.4505,1.39228
15.4907,1.397
15.5309,1.40172
15.5711,1.40644
15.6113,1.41116
15.6515,1.41588
15.6918,1.4206
15.732,1.42532
15.7722,1.43004
15.8124,1.43476
15.8526,1.43949
15.8928,1.44421
15.933,1.44893
15.9732,1.45365
16.0135,1.45837
16.0537,1.46309
16.0939,1.46782
16.1341,1.47254
16.1743,1.47726
16.2145,1.48198
16.2548,1.4867
16.295,1.49142
16.3352,1.49615
16.3754,1.50087
16.4156,1.50559
16.4559,1.51031
16.4961,1.51504
16.5363,1.51976
16.5765,1.52448
16.6168,1.5292
16.657,1.53393
16.6972,1.53865
16.7374,1.54337
16.7776,1.54809
16.8179,1.55282
16.8581,1.55754
16.8983,1.56226
16.9385,1.56699
16.9788,1.57171
17.019,1.57643
17.0592,1.58115
17.0995,1.58588
17.1397,1.5906
17.1799,1.59532
17.2201,1.60005
17.2604,1.60477
17.3006,1.60949
17.3408,1.61422
17.3811,1.61894
17.4213,1.62366
17.4615,1.62839
17.5018,1.63311
17.542,1.63783
17.5822,1.64256
17.6225,1.64728
17.6627,1.65201
17.7029,1.65673
17.7432,1.66145
17.7834,1.66618
17.8236,1.6709
17.8639,1.67563
17.9041,1.68035
17.9443,1.68507
17.9846,1.6898
18.0248,1.69452
18.0651,1.69925
18.1053,1.70397
18.1455,1.7087
18.1858,1.71342
18.226,1.71814
18.2663,1.72287
18.3065,1.72759
18.3467,1.73232
18.387,1.73704
18.4272,1.74177
18.4675,1.74649
18.5077,1.75122
18.5479,1.75594
18.5882,1.76067
18.6284,1.76539
18.6687,1.77012
18.7089,1.77484
18.7492,1.77957
18.7894,1.78429
18.8296,1.78902
18.8699,1.79374
18.9101,1.79847
18.9504,1.80319
18.9906,1.80792
19.0309,1.81264
19.0711,1.81737
19.1114,1.82209
19.1516,1.82682
19.1919,1.83154
19.2321,1.83627
19.2724,1.84099
19.3126,1.84572
19.3528,1.85044
19.3931,1.85517
19.4333,1.8599
19.4736,1.86462
19.5138,1.86935
19.5541,1.87407
19.5943,1.8788
19.6346,1.88352
19.6748,1.88825
19.7151,1.89298
19.7553,1.8977
19.7956,1.90243
19.8358,1.90715
19.8761,1.91188
19.9163,1.9166
19.9566,1.92133
19.9969,1.92606
20.0371,1.93078
20.0774,1.93551
20.1176,1.94023
20.1579,1.94496
20.1981,1.94969
20.2384,1.95441
20.2786,1.95914
20.3189,1.96387
20.3591,1.96859
20.3994,1.97332
20.4396,1.97804
20.4799,1.98277
20.5201,1.9875
20.5604,1.99222
20.6007,1.99695
20.6409,2.00168
20.6812,2.0064
20.7214,2.01113
20.7617,2.01585
20.8019,2.02058
20.8422,2.02531
20.8825,2.03003
20.9227,2.03476
20.963,2.03949
21.0032,2.04421
21.0435,2.04894
21.0837,2.05367
21.124,2.05839
21.1643,2.06312
21.2045,2.06785
21.2448,2.07257
21.285,2.0773
21.3253,2.08203
21.3655,2.08675
21.4058,2.09148
21.4461,2.09621
21.4863,2.10093
21.5266,2.10566
21.5668,2.11039
21.6071,2.11511
21.6474,2.11984
21.6876,2.12457
21.7279,2.12929
21.7681,2.13402
21.8084,2.13875
21.8487,2.14347
21.8889,2.1482
21.9292,2.15293
21.9694,2.15765
22.0097,2.16238
22.05,2.16711
22.0902,2.17184
22.1305,2.17656
22.1707,2.18129
22.211,2.18602
22.2513,2.19074
22.2915,2.19547
22.3318,2.2002
22.372,2.20492
22.4123,2.20965
22.4526,2.21438
22.4928,2.2191
22.5331,2.22383
22.5733,2.22856
22.6136,2.23329
22.6539,2.23801
22.6941,2.24274
22.7344,2.24747
22.7746,2.25219
22.8149,2.25692
22.8552,2.26165
22.8954,2.26637
22.9357,2.2711
22.9759,2.27583
23.0162,2.28056
23.0565,2.28528
23.0967,2.29001
23.137,2.29474
23.1787,2.29964
23.222,2.30472
23.2669,2.30999
23.3135,2.31546
23.3617,2.32112
23.4116,2.32698
23.4633,2.33305
23.5169,2.33934
23.5723,2.34585
23.6297,2.35258
23.689,2.35955
23.7504,2.36676
23.8138,2.3742
23.8794,2.3819
23.9471,2.38985
24.0171,2.39807
24.0893,2.40654
24.1638,2.41529
24.2407,2.42432
24.3199,2.43362
24.4016,2.44321
24.4858,2.4531
24.5724,2.46327
24.6616,2.47374
24.7534,2.48452
24.8478,2.4956
24.9448,2.50698
25.0444,2.51868
25.1467,2.53069
25.2517,2.54302
25.3593,2.55566
25.4697,2.56861
25.5827,2.58188
25.6984,2.59547
25.8168,2.60937
25.9379,2.62359
26.0616,2.63811
26.1879,2.65294
26.3168,2.66808
26.4483,2.68351
26.5823,2.69924
26.7187,2.71526
26.8575,2.73156
26.9987,2.74814
27.1422,2.76498
27.2878,2.78208
27.4356,2.79943
27.5854,2.81701
27.7371,2.83483
27.8906,2.85286
28.0459,2.87109
28.2029,2.88951
28.3613,2.90811
28.5211,2.92688
28.6822,2.94579
28.8444,2.96483
29.0076,2.98399
29.1716,3.00326
29.3364,3.02261
29.5018,3.04202
29.6676,3.06149
29.8337,3.08099
30,3.10051
30.1663,3.12003
-0.0397757,2.14019
0,2.14019
0.0397757,2.14019
0.0795531,2.14019
0.119332,2.14019
0.159113,2.14019
0.198895,2.14019
0.238679,2.14019
0.278465,2.14019
0.318252,2.14019
0.358041,2.14019
0.397832,2.14019
0.437624,2.14019
0.477418,2.14019
0.517214,2.14019
0.557011,2.14019
0.59681,2.14019
0.636611,2.14019
0.676413,2.14019
0.716217,2.14019
0.756022,2.14019
0.795829,2.14019
0.835638,2.14019
0.875448,2.14019
0.91526,2.14019
0.955073,2.14019
0.994888,2.14019
1.0347,2.14019
1.07452,2.14019
1.11434,2.14019
1.15416,2.14019
1.19399,2.14019
1.23381,2.14019
1.27364,2.14019
1.31347,2.14019
1.3533,2.14019
1.39313,2.14019
1.43296,2.14019
1.47279,2.14019
1.51263,2.14019
1.55247,2.14019
1.59231,2.14019
1.63215,2.14019
1.67199,2.14019
1.71183,2.14019
1.75168,2.14019
1.79152,2.14019
1.83137,2.14019
1.87122,2.14019
1.91107,2.14019
1.95092,2.14019
1.99078,2.14019
2.03063,2.14019
2.07049,2.14019
2.11035,2.14019
2.15021,2.14019
2.19007,2.14019
2.22994,2.14019
2.2698,2.14019
2.30967,2.14019
2.34954,2.14019
2.38941,2.14019
2.42928,2.14019
2.46915,2.14019
2.50902,2.14019
2.5489,2.14019
2.58878,2.14019
2.62865,2.14019
2.66853,2.14019
2.70842,2.14019
2.7483,2.14019
2.78818,2.14019
2.82807,2.14019
2.86796,2.14019
2.90785,2.14019
2.94774,2.14019
2.98763,2.14019
3.02752,2.14019
3.06742,2.14019
3.10731,2.14019
3.14721,2.14019
3.18711,2.14019
3.22701,2.14019
3.26691,2.14019
3.30681,2.14019
3.34672,2.14019
3.38663,2.14019
3.42653,2.12491
3.46644,2.10963
3.50635,2.09435
3.54627,2.07907
3.58618,2.06378
3.62609,2.0485
3.66601,2.03321
3.70593,2.01793
3.74585,2.00264
3.78577,1.98736
3.82569,1.97207
3.86561,1.95678
3.90554,1.94149
3.94546,1.9262
3.98539,1.91092
4.02532,1.89563
4.06525,1.88034
4.10518,1.86504
4.14511,1.84975
4.18505,1.83446
4.22499,1.81917
4.26492,1.80388
4.30486,1.78858
4.3448,1.77329
4.38474,1.758
4.42468,1.7427
4.46463,1.7274
4.50457,1.71211
4.54452,1.69681
4.58447,1.68152
4.62442,1.66622
4.66437,1.65092
4.70432,1.63562
4.74427,1.62032
4.78423,1.60502
4.82419,1.58972
4.86414,1.57442
4.9041,1.55912
4.94406,1.54382
4.98402,1.52852
5.02399,1.51322
5.06395,1.49791
5.10392,1.48261
5.14388,1.4673
5.18385,1.452
5.22382,1.43669
5.26379,1.42139
5.30376,1.40608
5.34373,1.39078
5.38371,1.37547
5.42369,1.36016
5.46366,1.34485
5.50364,1.32955
5.54362,1.31424
5.5836,1.29893
5.62358,1.28362
5.66357,1.26831
5.70355,1.253
5.74354,1.23748
5.78352,1.22196
5.82351,1.20644
5.8635,1.19092
5.90349,1.1754
5.94349,1.15988
5.98348,1.14436
6.02347,1.12884
6.06347,1.11332
6.10347,1.0978
6.14347,1.08228
6.18347,1.06675
6.22347,1.05123
6.26347,1.0357
6.30347,1.02018
6.34348,1.00466
6.38348,0.98913
6.42349,0.973605
6.4635,0.973398
6.50351,0.973192
6.54352,0.972986
6.58353,0.97278
6.62354,0.972573
6.66356,0.972367
6.70357,0.972161
6.74359,0.971955
6.78361,0.971748
6.82363,0.971542
6.86365,0.971336
6.90367,0.97113
6.94369,0.970923
6.98372,0.970717
7.02374,0.970511
7.06377,0.970304
7.1038,0.970098
7.14382,0.969892
7.18385,0.969685
7.22388,0.969479
7.26392,0.969273
7.30395,0.969066
7.34398,0.969066
7.38402,0.969066
7.42406,0.969066
7.46409,0.969066
7.50413,0.969066
7.54417,0.969066
7.58421,0.969066
7.62426,0.969066
7.6643,0.969066
7.70434,0.969066
7.74439,0.969066
7.78444,0.969066
7.82448,0.969066
7.86453,0.969066
7.90458,0.969066
7.94464,0.969066
7.98469,0.969066
8.02474,0.969066
8.0648,0.969066
8.10485,0.969066
8.14491,0.969066
8.18497,0.969066
8.22503,0.969066
8.26509,0.969066
8.30515,0.969066
8.34521,0.969066
8.38527,0.969066
8.42534,0.969066
8.4654,0.969066
8.50547,0.969066
8.54554,0.969066
8.5856,0.969066
8.62567,0.969066
8.66574,0.969066
8.70582,0.969066
8.74589,0.969066
8.78596,0.969066
8.82604,0.969066
8.86611,0.969066
8.90619,0.969066
8.94627,0.969066
8.98635,0.969066
9.02643,0.969066
9.06651,0.969066
9.10659,0.969066
9.14668,0.969066
9.18676,0.969066
9.22684,0.969066
9.26693,0.969066
9.30702,0.969066
9.34711,0.969066
9.3872,0.969066
9.42729,0.969066
9.46738,0.969066
9.50747,0.969066
9.54756,0.969066
9.58766,0.969066
9.62775,0.969066
9.66785,0.969066
9.70795,0.969066
9.74804,0.969066
9.78814,0.969066
9.82824,0.969066
9.86834,0.969066
9.90845,0.969066
9.94855,0.969066
9.98865,0.969066
10.0288,0.969066
10.0689,0.969066
10.109,0.969066
10.1491,0.969066
10.1892,0.969066
10.2293,0.969066
10.2694,0.969066
10.3095,0.969066
10.3496,0.969066
10.3897,0.969066
10.4299,0.969066
10.47,0.969066
10.5101,0.969066
10.5502,0.969066
10.5903,0.969066
10.6304,0.969066
10.6706,0.969066
10.7107,0.969066
10.7508,0.969066
10.7909,0.969066
10.8311,0.969066
10.8712,0.969066
10.9113,0.969066
10.9514,0.969066
10.9916,0.969066
11.0317,0.969066
11.0718,0.969066
11.1119,0.969066
11.1521,0.969066
11.1922,0.969066
11.2323,0.969066
11.2725,0.969066
11.3126,0.969066
11.3527,0.969066
11.3929,0.969066
11.433,0.969066
11.4732,0.969066
11.5133,0.969066
11.5534,0.969066
11.5936,0.969066
11.6337,0.969066
11.6739,0.969066
11.714,0.969066
11.7541,0.973856
11.7943,0.978646
11.8344,0.983436
11.8746,0.988226
11.9147,0.993016
11.9549,0.997806
11.995,1.0026
12.0352,1.00739
12.0753,1.01218
12.1155,1.01697
12.1556,1.02176
12.1958,1.02655
12.2359,1.03134
12.2761,1.03613
12.3162,1.04092
12.3564,1.04571
12.3965,1.05051
12.4367,1.0553
12.4769,1.06009
12.517,1.06488
12.5572,1.06967
12.5973,1.07446
12.6375,1.07925
12.6777,1.08405
12.7178,1.08884
12.758,1.09363
12.7981,1.09842
12.8383,1.10322
12.8785,1.10801
12.9186,1.1128
12.9588,1.11759
12.999,1.12239
13.0391,1.12718
13.0793,1.13197
13.1195,1.13676
13.1597,1.14156
13.1998,1.14635
13.24,1.15114
13.2802,1.15594
13.3203,1.16073
13.3605,1.16552
13.4007,1.17032
13.4409,1.17511
13.481,1.1799
13.5212,1.1847
13.5614,1.18949
13.6016,1.19429
13.6418,1.19908
13.6819,1.20387
13.7221,1.20867
13.7623,1.21346
13.8025,1.21826
13.8427,1.22305
13.8829,1.22785
13.923,1.23264
13.9632,1.23744
14.0034,1.24223
14.0436,1.24702
14.0838,1.25182
14.124,1.25661
14.1642,1.26141
14.2043,1.2662
14.2445,1.271
14.2847,1.2758
14.3249,1.28059
14.3651,1.28539
14.4053,1.29018
14.4455,1.29498
14.4857,1.29977
14.5259,1.30457
14.5661,1.30936
14.6063,1.31416
14.6465,1.31896
14.6867,1.32375
14.7269,1.32855
14.7671,1.33334
14.8073,1.33814
14.8474,1.34294
14.8876,1.34773
14.9278,1.35253
14.968,1.35733
15.0083,1.36212
15.0485,1.36692
15.0887,1.37172
15.1289,1.37651
15.1691,1.38131
15.2093,1.38611
15.2495,1.39091
15.2897,1.3957
15.3299,1.4005
15.3701,1.4053
15.4103,1.41009
15.4505,1.41489
15.4907,1.41969
15.5309,1.42449
15.5711,1.42928
15.6113,1.43408
15.6515,1.43888
15.6918,1.44368
15.732,1.44847
15.7722,1.45327
15.8124,1.45807
15.8526,1.46287
15.8928,1.46767
15.933,1.47247
15.9732,1.47726
16.0135,1.48206
16.0537,1.48686
16.0939,1.49166
16.1341,1.49646
16.1743,1.50126
16.2145,1.50605
16.2548,1.51085
16.295,1.51565
16.3352,1.52045
16.3754,1.52525
16.4156,1.53005
16.4559,1.53485
16.4961,1.53965
16.5363,1.54445
16.5765,1.54924
16.6168,1.55404
16.657,1.55884
16.6972,1.56364
16.7374,1.56844
16.7776,1.57324
16.8179,1.57804
16.8581,1.58284
16.8983,1.58764
16.9385,1.59244
16.9788,1.59724
17.019,1.60204
17.0592,1.60684
17.0995,1.61164
17.1397,1.61644
17.1799,1.62124
17.2201,1.62604
17.2604,1.63084
17.3006,1.63564
17.3408,1.64044
17.3811,1.64524
17.4213,1.65004
17.4615,1.65484
17.5018,1.65964
17.542,1.66444
17.5822,1.66924
17.6225,1.67404
17.6627,1.67884
17.7029,1.68364
17.7432,1.68844
17.7834,1.69324
17.8236,1.69804
17.8639,1.70284
17.9041,1.70765
17.9443,1.71245
17.9846,1.71725
18.0248,1.72205
18.0651,1.72685
18.1053,1.73165
18.1455,1.73645
18.1858,1.74125
18.226,1.74605
18.2663,1.75086
18.3065,1.75566
18.3467,1.76046
18.387,1.76526
18.4272,1.77006
18.4675,1.77486
18.5077,1.77966
18.5479,1.78446
18.5882,1.78927
18.6284,1.79407
18.6687,1.79887
18.7089,1.80367
18.7492,1.80847
18.7894,1.81327
18.8296,1.81808
18.8699,1.82288
18.9101,1.82768
18.9504,1.83248
18.9906,1.83728
19.0309,1.84209
19.0711,1.84689
19.1114,1.85169
19.1516,1.85649
19.1919,1.86129
19.2321,1.8661
19.2724,1.8709
19.3126,1.8757
19.3528,1.8805
19.3931,1.88531
19.4333,1.89011
19.4736,1.89491
19.5138,1.89971
19.5541,1.90452
19.5943,1.90932
19.6346,1.91412
19.6748,1.91892
19.7151,1.92372
19.7553,1.92853
19.7956,1.93333
19.8358,1.93813
19.8761,1.94294
19.9163,1.94774
19.9566,1.95254
19.9969,1.95734
20.0371,1.96215
20.0774,1.96695
20.1176,1.97175
20.1579,1.97655
20.1981,1.98136
20.2384,1.98616
20.2786,1.99096
20.3189,1.99577
20.3591,2.00057
20.3994,2.00537
20.4396,2.01018
20.4799,2.01498
20.5201,2.01978
20.5604,2.02458
20.6007,2.02939
20.6409,2.03419
20.6812,2.03899
20.7214,2.0438
20.7617,2.0486
20.8019,2.0534
20.8422,2.05821
20.8825,2.06301
20.9227,2.06781
20.963,2.07262
21.0032,2.07742
21.0435,2.08222
21.0837,2.08703
21.124,2.09183
21.1643,2.09663
21.2045,2.10144
21.2448,2.10624
21.285,2.11104
21.3253,2.11585
21.3655,2.12065
21.4058,2.12545
21.4461,2.13026
21.4863,2.13506
21.5266,2.13986
21.5668,2.14467
21.6071,2.14947
21.6474,2.15427
21.6876,2.15908
21.7279,2.16388
21.7681,2.16869
21.8084,2.17349
21.8487,2.17829
21.8889,2.1831
21.9292,2.1879
21.9694,2.1927
22.0097,2.19751
22.05,2.20231
22.0902,2.20711
22.1305,2.21192
22.1707,2.21672
22.211,2.22153
22.2513,2.22633
22.2915,2.23113
22.3318,2.23594
22.372,2.24074
22.4123,2.24554
22.4526,2.25035
22.4928,2.25515
22.5331,2.25996
22.5733,2.26476
22.6136,2.26956
22.6539,2.27437
22.6941,2.27917
22.7344,2.28397
22.7746,2.28878
22.8149,2.29358
22.8552,2.29839
22.8954,2.30319
22.9357,2.30799
22.9759,2.3128
23.0162,2.3176
23.0565,2.3224
23.0967,2.32721
23.137,2.33201
23.1787,2.33699
23.222,2.34216
23.2669,2.34752
23.3135,2.35307
23.3617,2.35882
23.4116,2.36478
23.4633,2.37095
23.5169,2.37734
23.5723,2.38396
23.6297,2.3908
23.689,2.39788
23.7504,2.4052
23.8138,2.41277
23.8794,2.42059
23.9471,2.42867
24.0171,2.43702
24.0893,2.44564
24.1638,2.45453
24.2407,2.4637
24.3199,2.47316
24.4016,2.4829
24.4858,2.49294
24.5724,2.50328
24.6616,2.51393
24.7534,2.52488
24.8478,2.53614
24.9448,2.54771
25.0444,2.5596
25.1467,2.5718
25.2517,2.58433
25.3593,2.59717
25.4697,2.61034
25.5827,2.62382
25.6984,2.63763
25.8168,2.65176
25.9379,2.6662
26.0616,2.68096
26.1879,2.69604
26.3168,2.71142
26.4483,2.7271
26.5823,2.74309
26.7187,2.75937
26.8575,2.77593
26.9987,2.79278
27.1422,2.80989
27.2878,2.82727
27.4356,2.8449
27.5854,2.86277
27.7371,2.88088
27.8906,2.8992
28.0459,2.91773
28.2029,2.93645
28.3613,2.95535
28.5211,2.97442
28.6822,2.99364
28.8444,3.01299
29.0076,3.03247
29.1716,3.05204
29.3364,3.07171
29.5018,3.09144
29.6676,3.11122
29.8337,3.13104
30,3.15088
30.1663,3.17072
-0.0397757,2.17011
0,2.17011
0.0397757,2.17011
0.0795531,2.17011
0.119332,2.17011
0.159113,2.17011
0.198895,2.17011
0.238679,2.17011
0.278465,2.17011
0.318252,2.17011
0.358041,2.17011
0.397832,2.17011
0.437624,2.17011
0.477418,2.17011
0.517214,2.17011
0.557011,2.17011
0.59681,2.17011
0.636611,2.17011
0.676413,2.17011
0.716217,2.17011
0.756022,2.17011
0.795829,2.17011
0.835638,2.17011
0.875448,2.17011
0.91526,2.17011
0.955073,2.17011
0.994888,2.17011
1.0347,2.17011
1.07452,2.17011
1.11434,2.17011
1.15416,2.17011
1.19399,2.17011
1.23381,2.17011
1.27364,2.17011
1.31347,2.17011
1.3533,2.17011
1.39313,2.17011
1.43296,2.17011
1.47279,2.17011
1.51263,2.17011
1.55247,2.17011
1.59231,2.17011
1.63215,2.17011
1.67199,2.17011
1.71183,2.17011
1.75168,2.17011
1.79152,2.17011
1.83137,2.17011
1.87122,2.17011
1.91107,2.17011
1.95092,2.17011
1.99078,2.17011
2.03063,2.17011
2.07049,2.17011
2.11035,2.17011
2.15021,2.17011
2.19007,2.17011
2.22994,2.17011
2.2698,2.17011
2.30967,2.17011
2.34954,2.17011
2.38941,2.17011
2.42928,2.17011
2.46915,2.17011
2.50902,2.17011
2.5489,2.17011
2.58878,2.17011
2.62865,2.17011
2.66853,2.17011
2.70842,2.17011
2.7483,2.17011
2.78818,2.17011
2.82807,2.17011
2.86796,2.17011
2.90785,2.17011
2.94774,2.17011
2.98763,2.17011
3.02752,2.17011
3.06742,2.17011
3.10731,2.17011
3.14721,2.17011
3.18711,2.17011
3.22701,2.17011
3.26691,2.17011
3.30681,2.17011
3.34672,2.17011
3.38663,2.17011
3.42653,2.15459
3.46644,2.13906
3.50635,2.12353
3.54627,2.10801
3.58618,2.09248
3.62609,2.07695
3.66601,2.06142
3.70593,2.04589
3.74585,2.03036
3.78577,2.01483
3.82569,1.9993
3.86561,1.98377
3.90554,1.96824
3.94546,1.9527
3.98539,1.93717
4.02532,1.92164
4.06525,1.9061
4.10518,1.89057
4.14511,1.87503
4.18505,1.8595
4.22499,1.84396
4.26492,1.82842
4.30486,1.81289
4.3448,1.79735
4.38474,1.78181
4.42468,1.76627
4.46463,1.75073
4.50457,1.73519
4.54452,1.71965
4.58447,1.70411
4.62442,1.68857
4.66437,1.67302
4.70432,1.65748
4.74427,1.64194
4.78423,1.62639
4.82419,1.61085
4.86414,1.59531
4.9041,1.57976
4.94406,1.56421
4.98402,1.54867
5.02399,1.53312
5.06395,1.51757
5.10392,1.50203
5.14388,1.48648
5.18385,1.47093
5.22382,1.45538
5.26379,1.43983
5.30376,1.42428
5.34373,1.40873
5.38371,1.39318
5.42369,1.37762
5.46366,1.36207
5.50364,1.34652
5.54362,1.33096
5.5836,1.31541
5.62358,1.29986
5.66357,1.2843
5.70355,1.26875
5.74354,1.25309
5.78352,1.23743
5.82351,1.22177
5.8635,1.20611
5.90349,1.19045
5.94349,1.17478
5.98348,1.15912
6.02347,1.14346
6.06347,1.1278
6.10347,1.11213
6.14347,1.09647
6.18347,1.08081
6.22347,1.06514
6.26347,1.04948
6.30347,1.03381
6.34348,1.01814
6.38348,1.00248
6.42349,0.986809
6.4635,0.986706
6.50351,0.986603
6.54352,0.9865
6.58353,0.986397
6.62354,0.986294
6.66356,0.986191
6.70357,0.986088
6.74359,0.985984
6.78361,0.985881
6.82363,0.985778
6.86365,0.985675
6.90367,0.985572
6.94369,0.985469
6.98372,0.985366
7.02374,0.985263
7.06377,0.98516
7.1038,0.985057
7.14382,0.984953
7.18385,0.98485
7.22388,0.984747
7.26392,0.984644
7.30395,0.984541
7.34398,0.984541
7.38402,0.984541
7.42406,0.984541
7.46409,0.984541
7.50413,0.984541
7.54417,0.984541
7.58421,0.984541
7.62426,0.984541
7.6643,0.984541
7.70434,0.984541
7.74439,0.984541
7.78444,0.984541
7.82448,0.984541
7.86453,0.984541
7.90458,0.984541
7.94464,0.984541
7.98469,0.984541
8.02474,0.984541
8.0648,0.984541
8.10485,0.984541
8.14491,0.984541
8.18497,0.984541
8.22503,0.984541
8.26509,0.984541
8.30515,0.984541
8.34521,0.984541
8.38527,0.984541
8.42534,0.984541
8.4654,0.984541
8.50547,0.984541
8.54554,0.984541
8.5856,0.984541
8.62567,0.984541
8.66574,0.984541
8.70582,0.984541
8.74589,0.984541
8.78596,0.984541
8.82604,0.984541
8.86611,0.984541
8.90619,0.984541
8.94627,0.984541
8.98635,0.984541
9.02643,0.984541
9.06651,0.984541
9.10659,0.984541
9.14668,0.984541
9.18676,0.984541
9.22684,0.984541
9.26693,0.984541
9.30702,0.984541
9.34711,0.984541
9.3872,0.984541
9.42729,0.984541
9.46738,0.984541
9.50747,0.984541
9.54756,0.984541
9.58766,0.984541
9.62775,0.984541
9.66785,0.984541
9.70795,0.984541
9.74804,0.984541
9.78814,0.984541
9.82824,0.984541
9.86834,0.984541
9.90845,0.984541
9.94855,0.984541
9.98865,0.984541
10.0288,0.984541
10.0689,0.984541
10.109,0.984541
10.1491,0.984541
10.1892,0.984541
10.2293,0.984541
10.2694,0.984541
10.3095,0.984541
10.3496,0.984541
10.3897,0.984541
10.4299,0.984541
10.47,0.984541
10.5101,0.984541
10.5502,0.984541
10.5903,0.984541
10.6304,0.984541
10.6706,0.984541
10.7107,0.984541
10.7508,0.984541
10.7909,0.984541
10.8311,0.984541
10.8712,0.984541
10.9113,0.984541
10.9514,0.984541
10.9916,0.984541
11.0317,0.984541
11.0718,0.984541
11.1119,0.984541
11.1521,0.984541
11.1922,0.984541
11.2323,0.984541
11.2725,0.984541
11.3126,0.984541
11.3527,0.984541
11.3929,0.984541
11.433,0.984541
11.4732,0.984541
11.5133,0.984541
11.5534,0.984541
11.5936,0.984541
11.6337,0.984541
11.6739,0.984541
11.714,0.984541
11.7541,0.989407
11.7943,0.994274
11.8344,0.99914
11.8746,1.00401
11.9147,1.00887
11.9549,1.01374
11.995,1.01861
12.0352,1.02347
12.0753,1.02834
12.1155,1.03321
12.1556,1.03808
12.1958,1.04294
12.2359,1.04781
12.2761,1.05268
12.3162,1.05754
12.3564,1.06241
12.3965,1.06728
12.4367,1.07215
12.4769,1.07702
12.517,1.08188
12.5572,1.08675
12.5973,1.09162
12.6375,1.09649
12.6777,1.10136
12.7178,1.10623
12.758,1.11109
12.7981,1.11596
12.8383,1.12083
12.8785,1.1257
12.9186,1.13057
12.9588,1.13544
12.999,1.14031
13.0391,1.14518
13.0793,1.15005
13.1195,1.15492
13.1597,1.15979
13.1998,1.16466
13.24,1.16953
13.2802,1.1744
13.3203,1.17927
13.3605,1.18414
13.4007,1.18901
13.4409,1.19388
13.481,1.19875
13.5212,1.20362
13.5614,1.20849
13.6016,1.21336
13.6418,1.21823
13.6819,1.2231
13.7221,1.22797
13.7623,1.23284
13.8025,1.23771
13.8427,1.24258
13.8829,1.24745
13.923,1.25232
13.9632,1.2572
14.0034,1.26207
14.0436,1.26694
14.0838,1.27181
14.124,1.27668
14.1642,1.28155
14.2043,1.28642
14.2445,1.2913
14.2847,1.29617
14.3249,1.30104
14.3651,1.30591
14.4053,1.31078
14.4455,1.31566
14.4857,1.32053
14.5259,1.3254
14.5661,1.33027
14.6063,1.33515
14.6465,1.34002
14.6867,1.34489
14.7269,1.34976
14.7671,1.35464
14.8073,1.35951
14.8474,1.36438
14.8876,1.36926
14.9278,1.37413
14.968,1.379
15.0083,1.38388
15.0485,1.38875
15.0887,1.39362
15.1289,1.3985
15.1691,1.40337
15.2093,1.40824
15.2495,1.41312
15.2897,1.41799
15.3299,1.42286
15.3701,1.42774
15.4103,1.43261
15.4505,1.43749
15.4907,1.44236
15.5309,1.44723
15.5711,1.45211
15.6113,1.45698
15.6515,1.46186
15.6918,1.46673
15.732,1.47161
15.7722,1.47648
15.8124,1.48135
15.8526,1.48623
15.8928,1.4911
15.933,1.49598
15.9732,1.50085
16.0135,1.50573
16.0537,1.5106
16.0939,1.51548
16.1341,1.52035
16.1743,1.52523
16.2145,1.5301
16.2548,1.53498
16.295,1.53985
16.3352,1.54473
16.3754,1.54961
16.4156,1.55448
16.4559,1.55936
16.4961,1.56423
16.5363,1.56911
16.5765,1.57398
16.6168,1.57886
16.657,1.58374
16.6972,1.58861
16.7374,1.59349
16.7776,1.59836
16.8179,1.60324
16.8581,1.60812
16.8983,1.61299
16.9385,1.61787
16.9788,1.62274
17.019,1.62762
17.0592,1.6325
17.0995,1.63737
17.1397,1.64225
17.1799,1.64713
17.2201,1.652
17.2604,1.65688
17.3006,1.66176
17.3408,1.66663
17.3811,1.67151
17.4213,1.67639
17.4615,1.68126
17.5018,1.68614
17.542,1.69102
17.5822,1.6959
17.6225,1.70077
17.6627,1.70565
17.7029,1.71053
17.7432,1.7154
17.7834,1.72028
17.8236,1.72516
17.8639,1.73004
17.9041,1.73491
17.9443,1.73979
17.9846,1.74467
18.0248,1.74955
18.0651,1.75442
18.1053,1.7593
18.1455,1.76418
18.1858,1.76906
18.226,1.77394
18.2663,1.77881
18.3065,1.78369
18.3467,1.78857
18.387,1.79345
18.4272,1.79833
18.4675,1.8032
18.5077,1.80808
18.5479,1.81296
18.5882,1.81784
18.6284,1.82272
18.6687,1.8276
18.7089,1.83247
18.7492,1.83735
18.7894,1.84223
18.8296,1.84711
18.8699,1.85199
18.9101,1.85687
18.9504,1.86174
18.9906,1.86662
19.0309,1.8715
19.0711,1.87638
19.1114,1.88126
19.1516,1.88614
19.1919,1.89102
19.2321,1.8959
19.2724,1.90077
19.3126,1.90565
19.3528,1.91053
19.3931,1.91541
19.4333,1.92029
19.4736,1.92517
19.5138,1.93005
19.5541,1.93493
19.5943,1.93981
19.6346,1.94469
19.6748,1.94957
19.7151,1.95444
19.7553,1.95932
19.7956,1.9642
19.8358,1.96908
19.8761,1.97396
19.9163,1.97884
19.9566,1.98372
19.9969,1.9886
20.0371,1.99348
20.0774,1.99836
20.1176,2.00324
20.1579,2.00812
20.1981,2.013
20.2384,2.01788
20.2786,2.02276
20.3189,2.02764
20.3591,2.03252
20.3994,2.0374
20.4396,2.04227
20.4799,2.04715
20.5201,2.05203
20.5604,2.05691
20.6007,2.06179
20.6409,2.06667
20.6812,2.07155
20.7214,2.07643
20.7617,2.08131
20.8019,2.08619
20.8422,2.09107
20.8825,2.09595
20.9227,2.10083
20.963,2.10571
21.0032,2.11059
21.0435,2.11547
21.0837,2.12035
21.124,2.12523
21.1643,2.13011
21.2045,2.13499
21.2448,2.13987
21.285,2.14475
21.3253,2.14963
21.3655,2.15451
21.4058,2.15939
21.4461,2.16427
21.4863,2.16915
21.5266,2.17403
21.5668,2.17892
21.6071,2.1838
21.6474,2.18868
21.6876,2.19356
21.7279,2.19844
21.7681,2.20332
21.8084,2.2082
21.8487,2.21308
21.8889,2.21796
21.9292,2.22284
21.9694,2.22772
22.0097,2.2326
22.05,2.23748
22.0902,2.24236
22.1305,2.24724
22.1707,2.25212
22.211,2.257
22.2513,2.26188
22.2915,2.26676
22.3318,2.27164
22.372,2.27652
22.4123,2.2814
22.4526,2.28628
22.4928,2.29116
22.5331,2.29604
22.5733,2.30092
22.6136,2.3058
22.6539,2.31069
22.6941,2.31557
22.7344,2.32045
22.7746,2.32533
22.8149,2.33021
22.8552,2.33509
22.8954,2.33997
22.9357,2.34485
22.9759,2.34973
23.0162,2.35461
23.0565,2.35949
23.0967,2.36437
23.137,2.36925
23.1787,2.37431
23.222,2.37956
23.2669,2.385
23.3135,2.39064
23.3617,2.39649
23.4116,2.40254
23.4633,2.40881
23.5169,2.4153
23.5723,2.42202
23.6297,2.42898
23.689,2.43617
23.7504,2.44361
23.8138,2.4513
23.8794,2.45925
23.9471,2.46746
24.0171,2.47594
24.0893,2.48469
24.1638,2.49372
24.2407,2.50304
24.3199,2.51265
24.4016,2.52255
24.4858,2.53275
24.5724,2.54326
24.6616,2.55407
24.7534,2.5652
24.8478,2.57663
24.9448,2.58839
25.0444,2.60047
25.1467,2.61287
25.2517,2.62559
25.3593,2.63864
25.4697,2.65202
25.5827,2.66572
25.6984,2.67975
25.8168,2.6941
25.9379,2.70878
26.0616,2.72378
26.1879,2.73909
26.3168,2.75472
26.4483,2.77065
26.5823,2.78689
26.7187,2.80343
26.8575,2.82026
26.9987,2.83738
27.1422,2.85476
27.2878,2.87242
27.4356,2.89033
27.5854,2.90849
27.7371,2.92688
27.8906,2.9455
28.0459,2.96432
28.2029,2.98334
28.3613,3.00255
28.5211,3.02192
28.6822,3.04144
28.8444,3.06111
29.0076,3.08089
29.1716,3.10078
29.3364,3.12076
29.5018,3.1408
29.6676,3.1609
29.8337,3.18104
30,3.20119
30.1663,3.22135
-0.0397757,2.2
0,2.2
0.0397757,2.2
0.0795531,2.2
0.119332,2.2
0.159113,2.2
0.198895,2.2
0.238679,2.2
0.278465,2.2
0.318252,2.2
0.358041,2.2
0.397832,2.2
0.437624,2.2
0.477418,2.2
0.517214,2.2
0.557011,2.2
0.59681,2.2
0.636611,2.2
0.676413,2.2
0.716217,2.2
0.756022,2.2
0.795829,2.2
0.835638,2.2
0.875448,2.2
0.91526,2.2
0.955073,2.2
0.994888,2.2
1.0347,2.2
1.07452,2.2
1.11434,2.2
1.15416,2.2
1.19399,2.2
1.23381,2.2
1.27364,2.2
1.31347,2.2
1.3533,2.2
1.39313,2.2
1.43296,2.2
1.47279,2.2
1.51263,2.2
1.55247,2.2
1.59231,2.2
1.63215,2.2
1.67199,2.2
1.71183,2.2
1.75168,2.2
1.79152,2.2
1.83137,2.2
1.87122,2.2
1.91107,2.2
1.95092,2.2
1.99078,2.2
2.03063,2.2
2.07049,2.2
2.11035,2.2
2.15021,2.2
2.19007,2.2
2.22994,2.2
2.2698,2.2
2.30967,2.2
2.34954,2.2
2.38941,2.2
2.42928,2.2
2.46915,2.2
2.50902,2.2
2.5489,2.2
2.58878,2.2
2.62865,2.2
2.66853,2.2
2.70842,2.2
2.7483,2.2
2.78818,2.2
2.82807,2.2
2.86796,2.2
2.90785,2.2
2.94774,2.2
2.98763,2.2
3.02752,2.2
3.06742,2.2
3.10731,2.2
3.14721,2.2
3.18711,2.2
3.22701,2.2
3.26691,2.2
3.30681,2.2
3.34672,2.2
3.38663,2.2
3.42653,2.18423
3.46644,2.16846
3.50635,2.15269
3.54627,2.13692
3.58618,2.12115
3.62609,2.10538
3.66601,2.0896
3.70593,2.07383
3.74585,2.05806
3.78577,2.04228
3.82569,2.02651
3.86561,2.01073
3.90554,1.99496
3.94546,1.97918
3.98539,1.9634
4.02532,1.94762
4.06525,1.93185
4.10518,1.91607
4.14511,1.90029
4.18505,1.88451
4.22499,1.86873
4.26492,1.85295
4.30486,1.83716
4.3448,1.82138
4.38474,1.8056
4.42468,1.78982
4.46463,1.77403
4.50457,1.75825
4.54452,1.74246
4.58447,1.72668
4.62442,1.71089
4.66437,1.69511
4.70432,1.67932
4.74427,1.66353
4.78423,1.64774
4.82419,1.63196
4.86414,1.61617
4.9041,1.60038
4.94406,1.58459
4.98402,1.5688
5.02399,1.55301
5.06395,1.53721
5.10392,1.52142
5.14388,1.50563
5.18385,1.48984
5.22382,1.47404
5.26379,1.45825
5.30376,1.44245
5.34373,1.42666
5.38371,1.41086
5.42369,1.39507
5.46366,1.37927
5.50364,1.36347
5.54362,1.34768
5.5836,1.33188
5.62358,1.31608
5.66357,1.30028
5.70355,1.28448
5.74354,1.26868
5.78352,1.25288
5.82351,1.23708
5.8635,1.22128
5.90349,1.20547
5.94349,1.18967
5.98348,1.17387
6.02347,1.15806
6.06347,1.14226
6.10347,1.12646
6.14347,1.11065
6.18347,1.09484
6.22347,1.07904
6.26347,1.06323
6.30347,1.04742
6.34348,1.03162
6.38348,1.01581
6.42349,1
6.4635,1
6.50351,1
6.54352,1
6.58353,1
6.62354,1
6.66356,1
6.70357,1
6.74359,1
6.78361,1
6.82363,1
6.86365,1
6.90367,1
6.94369,1
6.98372,1
7.02374,1
7.06377,1
7.1038,1
7.14382,1
7.18385,1
7.22388,1
7.26392,1
7.30395,1
7.34398,1
7.38402,1
7.42406,1
7.46409,1
7.50413,1
7.54417,1
7.58421,1
7.62426,1
7.6643,1
7.70434,1
7.74439,1
7.78444,1
7.82448,1
7.86453,1
7.90458,1
7.94464,1
7.98469,1
8.02474,1
8.0648,1
8.10485,1
8.14491,1
8.18497,1
8.22503,1
8.26509,1
8.30515,1
8.34521,1
8.38527,1
8.42534,1
8.4654,1
8.50547,1
8.54554,1
8.5856,1
8.62567,1
8.66574,1
8.70582,1
8.74589,1
8.78596,1
8.82604,1
8.86611,1
8.90619,1
8.94627,1
8.98635,1
9.02643,1
9.06651,1
9.10659,1
9.14668,1
9.18676,1
9.22684,1
9.26693,1
9.30702,1
9.34711,1
9.3872,1
9.42729,1
9.46738,1
9.50747,1
9.54756,1
9.58766,1
9.62775,1
9.66785,1
9.70795,1
9.74804,1
9.78814,1
9.82824,1
9.86834,1
9.90845,1
9.94855,1
9.98865,1
10.0288,1
10.0689,1
10.109,1
10.1491,1
10.1892,1
10.2293,1
10.2694,1
10.3095,1
10.3496,1
10.3897,1
10.4299,1
10.47,1
10.5101,1
10.5502,1
10.5903,1
10.6304,1
10.6706,1
10.7107,1
10.7508,1
10.7909,1
10.8311,1
10.8712,1
10.9113,1
10.9514,1
10.9916,1
11.0317,1
11.0718,1
11.1119,1
11.1521,1
11.1922,1
11.2323,1
11.2725,1
11.3126,1
11.3527,1
11.3929,1
11.433,1
11.4732,1
11.5133,1
11.5534,1
11.5936,1
11.6337,1
11.6739,1
11.714,1
11.7541,1.00494
11.7943,1.00989
11.8344,1.01483
11.8746,1.01977
11.9147,1.02471
11.9549,1.02966
11.995,1.0346
12.0352,1.03954
12.0753,1.04449
12.1155,1.04943
12.1556,1.05437
12.1958,1.05932
12.2359,1.06426
12.2761,1.06921
12.3162,1.07415
12.3564,1.07909
12.3965,1.08404
12.4367,1.08898
12.4769,1.09393
12.517,1.09887
12.5572,1.10382
12.5973,1.10876
12.6375,1.11371
12.6777,1.11865
12.7178,1.1236
12.758,1.12854
12.7981,1.13349
12.8383,1.13843
12.8785,1.14338
12.9186,1.14832
12.9588,1.15327
12.999,1.15821
13.0391,1.16316
13.0793,1.16811
13.1195,1.17305
13.1597,1.178
13.1998,1.18294
13.24,1.18789
13.2802,1.19284
13.3203,1.19778
13.3605,1.20273
13.4007,1.20767
13.4409,1.21262
13.481,1.21757
13.5212,1.22251
13.5614,1.22746
13.6016,1.23241
13.6418,1.23736
13.6819,1.2423
13.7221,1.24725
13.7623,1.2522
13.8025,1.25715
13.8427,1.26209
13.8829,1.26704
13.923,1.27199
13.9632,1.27694
14.0034,1.28188
14.0436,1.28683
14.0838,1.29178
14.124,1.29673
14.1642,1.30168
14.2043,1.30662
14.2445,1.31157
14.2847,1.31652
14.3249,1.32147
14.3651,1.32642
14.4053,1.33137
14.4455,1.33631
14.4857,1.34126
14.5259,1.34621
14.5661,1.35116
14.6063,1.35611
14.6465,1.36106
14.6867,1.36601
14.7269,1.37096
14.7671,1.37591
14.8073,1.38086
14.8474,1.38581
14.8876,1.39076
14.9278,1.3957
14.968,1.40065
15.0083,1.4056
15.0485,1.41055
15.0887,1.4155
15.1289,1.42045
15.1691,1.4254
15.2093,1.43035
15.2495,1.4353
15.2897,1.44025
15.3299,1.4452
15.3701,1.45016
15.4103,1.45511
15.4505,1.46006
15.4907,1.46501
15.5309,1.46996
15.5711,1.47491
15.6113,1.47986
15.6515,1.48481
15.6918,1.48976
15.732,1.49471
15.7722,1.49966
15.8124,1.50461
15.8526,1.50957
15.8928,1.51452
15.933,1.51947
15.9732,1.52442
16.0135,1.52937
16.0537,1.53432
16.0939,1.53927
16.1341,1.54423
16.1743,1.54918
16.2145,1.55413
16.2548,1.55908
16.295,1.56403
16.3352,1.56898
16.3754,1.57394
16.4156,1.57889
16.4559,1.58384
16.4961,1.58879
16.5363,1.59375
16.5765,1.5987
16.6168,1.60365
16.657,1.6086
16.6972,1.61356
16.7374,1.61851
16.7776,1.62346
16.8179,1.62841
16.8581,1.63337
16.8983,1.63832
16.9385,1.64327
16.9788,1.64822
17.019,1.65318
17.0592,1.65813
17.0995,1.66308
17.1397,1.66804
17.1799,1.67299
17.2201,1.67794
17.2604,1.6829
17.3006,1.68785
17.3408,1.6928
17.3811,1.69776
17.4213,1.70271
17.4615,1.70766
17.5018,1.71262
17.542,1.71757
17.5822,1.72252
17.6225,1.72748
17.6627,1.73243
17.7029,1.73739
17.7432,1.74234
17.7834,1.74729
17.8236,1.75225
17.8639,1.7572
17.9041,1.76216
17.9443,1.76711
17.9846,1.77206
18.0248,1.77702
18.0651,1.78197
18.1053,1.78693
18.1455,1.79188
18.1858,1.79684
18.226,1.80179
18.2663,1.80674
18.3065,1.8117
18.3467,1.81665
18.387,1.82161
18.4272,1.82656
18.4675,1.83152
18.5077,1.83647
18.5479,1.84143
18.5882,1.84638
18.6284,1.85134
18.6687,1.85629
18.7089,1.86125
18.7492,1.8662
18.7894,1.87116
18.8296,1.87611
18.8699,1.88107
18.9101,1.88602
18.9504,1.89098
18.9906,1.89593
19.0309,1.90089
19.0711,1.90584
19.1114,1.9108
19.1516,1.91575
19.1919,1.92071
19.2321,1.92566
19.2724,1.93062
19.3126,1.93558
19.3528,1.94053
19.3931,1.94549
19.4333,1.95044
19.4736,1.9554
19.5138,1.96035
19.5541,1.96531
19.5943,1.97026
19.6346,1.97522
19.6748,1.98018
19.7151,1.98513
19.7553,1.99009
19.7956,1.99504
19.8358,2
19.8761,2.00496
19.9163,2.00991
19.9566,2.01487
19.9969,2.01982
20.0371,2.02478
20.0774,2.02974
20.1176,2.03469
20.1579,2.03965
20.1981,2.0446
20.2384,2.04956
20.2786,2.05452
20.3189,2.05947
20.3591,2.06443
20.3994,2.06939
20.4396,2.07434
20.4799,2.0793
20.5201,2.08425
20.5604,2.08921
20.6007,2.09417
20.6409,2.09912
20.6812,2.10408
20.7214,2.10904
20.7617,2.11399
20.8019,2.11895
20.8422,2.12391
20.8825,2.12886
20.9227,2.13382
20.963,2.13878
21.0032,2.14373
21.0435,2.14869
21.0837,2.15365
21.124,2.1586
21.1643,2.16356
21.2045,2.16852
21.2448,2.17347
21.285,2.17843
21.3253,2.18339
21.3655,2.18834
21.4058,2.1933
21.4461,2.19826
21.4863,2.20321
21.5266,2.20817
21.5668,2.21313
21.6071,2.21808
21.6474,2.22304
21.6876,2.228
21.7279,2.23296
21.7681,2.23791
21.8084,2.24287
21.8487,2.24783
21.8889,2.25278
21.9292,2.25774
21.9694,2.2627
22.0097,2.26765
22.05,2.27261
22.0902,2.27757
22.1305,2.28253
22.1707,2.28748
22.211,2.29244
22.2513,2.2974
22.2915,2.30235
22.3318,2.30731
22.372,2.31227
22.4123,2.31722
22.4526,2.32218
22.4928,2.32714
22.5331,2.3321
22.5733,2.33705
22.6136,2.34201
22.6539,2.34697
22.6941,2.35192
22.7344,2.35688
22.7746,2.36184
22.8149,2.3668
22.8552,2.37175
22.8954,2.37671
22.9357,2.38167
22.9759,2.38662
23.0162,2.39158
23.0565,2.39654
23.0967,2.4015
23.137,2.40645
23.1787,2.41159
23.222,2.41692
23.2669,2.42245
23.3135,2.42818
23.3617,2.43412
23.4116,2.44027
23.4633,2.44663
23.5169,2.45323
23.5723,2.46005
23.6297,2.46712
23.689,2.47442
23.7504,2.48198
23.8138,2.48979
23.8794,2.49786
23.9471,2.5062
24.0171,2.51481
24.0893,2.5237
24.1638,2.53288
24.2407,2.54234
24.3199,2.5521
24.4016,2.56216
24.4858,2.57252
24.5724,2.58319
24.6616,2.59417
24.7534,2.60547
24.8478,2.61709
24.9448,2.62903
25.0444,2.6413
25.1467,2.6539
25.2517,2.66682
25.3593,2.68008
25.4697,2.69366
25.5827,2.70758
25.6984,2.72183
25.8168,2.73641
25.9379,2.75131
26.0616,2.76654
26.1879,2.7821
26.3168,2.79797
26.4483,2.81416
26.5823,2.83065
26.7187,2.84745
26.8575,2.86454
26.9987,2.88193
27.1422,2.89959
27.2878,2.91752
27.4356,2.93571
27.5854,2.95416
27.7371,2.97284
27.8906,2.99174
28.0459,3.01087
28.2029,3.03019
28.3613,3.04969
28.5211,3.06937
28.6822,3.0892
28.8444,3.10917
29.0076,3.12927
29.1716,3.14947
29.3364,3.16976
29.5018,3.19012
29.6676,3.21054
29.8337,3.23099
30,3.25146
30.1663,3.27193
-0.0397757,2.22989
0,2.22989
0.0397757,2.22989
0.0795531,2.22989
0.119332,2.22989
0.159113,2.22989
0.198895,2.22989
0.238679,2.22989
0.278465,2.22989
0.318252,2.22989
0.358041,2.22989
0.397832,2.22989
0.437624,2.22989
0.477418,2.22989
0.517214,2.22989
0.557011,2.22989
0.59681,2.22989
0.636611,2.22989
0.676413,2.22989
0.716217,2.22989
0.756022,2.22989
0.795829,2.22989
0.835638,2.22989
0.875448,2.22989
0.91526,2.22989
0.955073,2.22989
0.994888,2.22989
1.0347,2.22989
1.07452,2.22989
1.11434,2.22989
1.15416,2.22989
1.19399,2.22989
1.23381,2.22989
1.27364,2.22989
1.31347,2.22989
1.3533,2.22989
1.39313,2.22989
1.43296,2.22989
1.47279,2.22989
1.51263,2.22989
1.55247,2.22989
1.59231,2.22989
1.63215,2.22989
1.67199,2.22989
1.71183,2.22989
1.75168,2.22989
1.79152,2.22989
1.83137,2.22989
1.87122,2.22989
1.91107,2.22989
1.95092,2.22989
1.99078,2.22989
2.03063,2.22989
2.07049,2.22989
2.11035,2.22989
2.15021,2.22989
2.19007,2.22989
2.22994,2.22989
2.2698,2.22989
2.30967,2.22989
2.34954,2.22989
2.38941,2.22989
2.42928,2.22989
2.46915,2.22989
2.50902,2.22989
2.5489,2.22989
2.58878,2.22989
2.62865,2.22989
2.66853,2.22989
2.70842,2.22989
2.7483,2.22989
2.78818,2.22989
2.82807,2.22989
2.86796,2.22989
2.90785,2.22989
2.94774,2.22989
2.98763,2.22989
3.02752,2.22989
3.06742,2.22989
3.10731,2.22989
3.14721,2.22989
3.18711,2.22989
3.22701,2.22989
3.26691,2.22989
3.30681,2.22989
3.34672,2.22989
3.38663,2.22989
3.42653,2.21387
3.46644,2.19786
3.50635,2.18185
3.54627,2.16583
3.58618,2.14982
3.62609,2.1338
3.66601,2.11778
3.70593,2.10177
3.74585,2.08575
3.78577,2.06973
3.82569,2.05371
3.86561,2.03769
3.90554,2.02167
3.94546,2.00565
3.98539,1.98963
4.02532,1.97361
4.06525,1.95759
4.10518,1.94156
4.14511,1.92554
4.18505,1.90952
4.22499,1.89349
4.26492,1.87747
4.30486,1.86144
4.3448,1.84542
4.38474,1.82939
4.42468,1.81336
4.46463,1.79734
4.50457,1.78131
4.54452,1.76528
4.58447,1.74925
4.62442,1.73322
4.66437,1.71719
4.70432,1.70116
4.74427,1.68513
4.78423,1.6691
4.82419,1.65306
4.86414,1.63703
4.9041,1.621
4.94406,1.60496
4.98402,1.58893
5.02399,1.57289
5.06395,1.55686
5.10392,1.54082
5.14388,1.52478
5.18385,1.50875
5.22382,1.49271
5.26379,1.47667
5.30376,1.46063
5.34373,1.44459
5.38371,1.42855
5.42369,1.41251
5.46366,1.39647
5.50364,1.38043
5.54362,1.36439
5.5836,1.34834
5.62358,1.3323
5.66357,1.31626
5.70355,1.30021
5.74354,1.28427
5.78352,1.26833
5.82351,1.25239
5.8635,1.23645
5.90349,1.2205
5.94349,1.20456
5.98348,1.18861
6.02347,1.17267
6.06347,1.15672
6.10347,1.14078
6.14347,1.12483
6.18347,1.10888
6.22347,1.09294
6.26347,1.07699
6.30347,1.06104
6.34348,1.04509
6.38348,1.02914
6.42349,1.01319
6.4635,1.01329
6.50351,1.0134
6.54352,1.0135
6.58353,1.0136
6.62354,1.01371
6.66356,1.01381
6.70357,1.01391
6.74359,1.01402
6.78361,1.01412
6.82363,1.01422
6.86365,1.01432
6.90367,1.01443
6.94369,1.01453
6.98372,1.01463
7.02374,1.01474
7.06377,1.01484
7.1038,1.01494
7.14382,1.01505
7.18385,1.01515
7.22388,1.01525
7.26392,1.01536
7.30395,1.01546
7.34398,1.01546
7.38402,1.01546
7.42406,1.01546
7.46409,1.01546
7.50413,1.01546
7.54417,1.01546
7.58421,1.01546
7.62426,1.01546
7.6643,1.01546
7.70434,1.01546
7.74439,1.01546
7.78444,1.01546
7.82448,1.01546
7.86453,1.01546
7.90458,1.01546
7.94464,1.01546
7.98469,1.01546
8.02474,1.01546
8.0648,1.01546
8.10485,1.01546
8.14491,1.01546
8.18497,1.01546
8.22503,1.01546
8.26509,1.01546
8.30515,1.01546
8.34521,1.01546
8.38527,1.01546
8.42534,1.01546
8.4654,1.01546
8.50547,1.01546
8.54554,1.01546
8.5856,1.01546
8.62567,1.01546
8.66574,1.01546
8.70582,1.01546
8.74589,1.01546
8.78596,1.01546
8.82604,1.01546
8.86611,1.01546
8.90619,1.01546
8.94627,1.01546
8.98635,1.01546
9.02643,1.01546
9.06651,1.01546
9.10659,1.01546
9.14668,1.01546
9.18676,1.01546
9.22684,1.01546
9.26693,1.01546
9.30702,1.01546
9.34711,1.01546
9.3872,1.01546
9.42729,1.01546
9.46738,1.01546
9.50747,1.01546
9.54756,1.01546
9.58766,1.01546
9.62775,1.01546
9.66785,1.01546
9.70795,1.01546
9.74804,1.01546
9.78814,1.01546
9.82824,1.01546
9.86834,1.01546
9.90845,1.01546
9.94855,1.01546
9.98865,1.01546
10.0288,1.01546
10.0689,1.01546
10.109,1.01546
10.1491,1.01546
10.1892,1.01546
10.2293,1.01546
10.2694,1.01546
10.3095,1.01546
10.3496,1.01546
10.3897,1.01546
10.4299,1.01546
10.47,1.01546
10.5101,1.01546
10.5502,1.01546
10.5903,1.01546
10.6304,1.01546
10.6706,1.01546
10.7107,1.01546
10.7508,1.01546
10.7909,1.01546
10.8311,1.01546
10.8712,1.01546
10.9113,1.01546
10.9514,1.01546
10.9916,1.01546
11.0317,1.01546
11.0718,1.01546
11.1119,1.01546
11.1521,1.01546
11.1922,1.01546
11.2323,1.01546
11.2725,1.01546
11.3126,1.01546
11.3527,1.01546
11.3929,1.01546
11.433,1.01546
11.4732,1.01546
11.5133,1.01546
11.5534,1.01546
11.5936,1.01546
11.6337,1.01546
11.6739,1.01546
11.714,1.01546
11.7541,1.02048
11.7943,1.0255
11.8344,1.03052
11.8746,1.03554
11.9147,1.04056
11.9549,1.04557
11.995,1.05059
12.0352,1.05561
12.0753,1.06063
12.1155,1.06565
12.1556,1.07067
12.1958,1.07569
12.2359,1.08071
12.2761,1.08574
12.3162,1.09076
12.3564,1.09578
12.3965,1.1008
12.4367,1.10582
12.4769,1.11084
12.517,1.11586
12.5572,1.12088
12.5973,1.1259
12.6375,1.13092
12.6777,1.13594
12.7178,1.14097
12.758,1.14599
12.7981,1.15101
12.8383,1.15603
12.8785,1.16105
12.9186,1.16607
12.9588,1.1711
12.999,1.17612
13.0391,1.18114
13.0793,1.18616
13.1195,1.19118
13.1597,1.19621
13.1998,1.20123
13.24,1.20625
13.2802,1.21128
13.3203,1.2163
13.3605,1.22132
13.4007,1.22634
13.4409,1.23137
13.481,1.23639
13.5212,1.24141
13.5614,1.24644
13.6016,1.25146
13.6418,1.25648
13.6819,1.26151
13.7221,1.26653
13.7623,1.27156
13.8025,1.27658
13.8427,1.2816
13.8829,1.28663
13.923,1.29165
13.9632,1.29668
14.0034,1.3017
14.0436,1.30672
14.0838,1.31175
14.124,1.31677
14.1642,1.3218
14.2043,1.32682
14.2445,1.33185
14.2847,1.33687
14.3249,1.3419
14.3651,1.34692
14.4053,1.35195
14.4455,1.35697
14.4857,1.362
14.5259,1.36702
14.5661,1.37205
14.6063,1.37707
14.6465,1.3821
14.6867,1.38713
14.7269,1.39215
14.7671,1.39718
14.8073,1.4022
14.8474,1.40723
14.8876,1.41225
14.9278,1.41728
14.968,1.42231
15.0083,1.42733
15.0485,1.43236
15.0887,1.43739
15.1289,1.44241
15.1691,1.44744
15.2093,1.45247
15.2495,1.45749
15.2897,1.46252
15.3299,1.46755
15.3701,1.47257
15.4103,1.4776
15.4505,1.48263
15.4907,1.48765
15.5309,1.49268
15.5711,1.49771
15.6113,1.50274
15.6515,1.50776
15.6918,1.51279
15.732,1.51782
15.7722,1.52285
15.8124,1.52787
15.8526,1.5329
15.8928,1.53793
15.933,1.54296
15.9732,1.54799
16.0135,1.55301
16.0537,1.55804
16.0939,1.56307
16.1341,1.5681
16.1743,1.57313
16.2145,1.57815
16.2548,1.58318
16.295,1.58821
16.3352,1.59324
16.3754,1.59827
16.4156,1.6033
16.4559,1.60833
16.4961,1.61335
16.5363,1.61838
16.5765,1.62341
16.6168,1.62844
16.657,1.63347
16.6972,1.6385
16.7374,1.64353
16.7776,1.64856
16.8179,1.65359
16.8581,1.65862
16.8983,1.66365
16.9385,1.66867
16.9788,1.6737
17.019,1.67873
17.0592,1.68376
17.0995,1.68879
17.1397,1.69382
17.1799,1.69885
17.2201,1.70388
17.2604,1.70891
17.3006,1.71394
17.3408,1.71897
17.3811,1.724
17.4213,1.72903
17.4615,1.73406
17.5018,1.73909
17.542,1.74412
17.5822,1.74915
17.6225,1.75418
17.6627,1.75921
17.7029,1.76424
17.7432,1.76927
17.7834,1.7743
17.8236,1.77934
17.8639,1.78437
17.9041,1.7894
17.9443,1.79443
17.9846,1.79946
18.0248,1.80449
18.0651,1.80952
18.1053,1.81455
18.1455,1.81958
18.1858,1.82461
18.226,1.82964
18.2663,1.83467
18.3065,1.83971
18.3467,1.84474
18.387,1.84977
18.4272,1.8548
18.4675,1.85983
18.5077,1.86486
18.5479,1.86989
18.5882,1.87493
18.6284,1.87996
18.6687,1.88499
18.7089,1.89002
18.7492,1.89505
18.7894,1.90008
18.8296,1.90511
18.8699,1.91015
18.9101,1.91518
18.9504,1.92021
18.9906,1.92524
19.0309,1.93027
19.0711,1.93531
19.1114,1.94034
19.1516,1.94537
19.1919,1.9504
19.2321,1.95543
19.2724,1.96047
19.3126,1.9655
19.3528,1.97053
19.3931,1.97556
19.4333,1.98059
19.4736,1.98563
19.5138,1.99066
19.5541,1.99569
19.5943,2.00072
19.6346,2.00576
19.6748,2.01079
19.7151,2.01582
19.7553,2.02085
19.7956,2.02589
19.8358,2.03092
19.8761,2.03595
19.9163,2.04098
19.9566,2.04602
19.9969,2.05105
20.0371,2.05608
20.0774,2.06111
20.1176,2.06615
20.1579,2.07118
20.1981,2.07621
20.2384,2.08124
20.2786,2.08628
20.3189,2.09131
20.3591,2.09634
20.3994,2.10138
20.4396,2.10641
20.4799,2.11144
20.5201,2.11648
20.5604,2.12151
20.6007,2.12654
20.6409,2.13157
20.6812,2.13661
20.7214,2.14164
20.7617,2.14667
20.8019,2.15171
20.8422,2.15674
20.8825,2.16177
20.9227,2.16681
20.963,2.17184
21.0032,2.17687
21.0435,2.18191
21.0837,2.18694
21.124,2.19197
21.1643,2.19701
21.2045,2.20204
21.2448,2.20707
21.285,2.21211
21.3253,2.21714
21.3655,2.22217
21.4058,2.22721
21.4461,2.23224
21.4863,2.23727
21.5266,2.24231
21.5668,2.24734
21.6071,2.25237
21.6474,2.25741
21.6876,2.26244
21.7279,2.26747
21.7681,2.27251
21.8084,2.27754
21.8487,2.28258
21.8889,2.28761
21.9292,2.29264
21.9694,2.29768
22.0097,2.30271
22.05,2.30774
22.0902,2.31278
22.1305,2.31781
22.1707,2.32284
22.211,2.32788
22.2513,2.33291
22.2915,2.33794
22.3318,2.34298
22.372,2.34801
22.4123,2.35305
22.4526,2.35808
22.4928,2.36311
22.5331,2.36815
22.5733,2.37318
22.6136,2.37821
22.6539,2.38325
22.6941,2.38828
22.7344,2.39332
22.7746,2.39835
22.8149,2.40338
22.8552,2.40842
22.8954,2.41345
22.9357,2.41849
22.9759,2.42352
23.0162,2.42855
23.0565,2.43359
23.0967,2.43862
23.137,2.44365
23.1787,2.44887
23.222,2.45429
23.2669,2.4599
23.3135,2.46572
23.3617,2.47175
23.4116,2.47799
23.4633,2.48446
23.5169,2.49115
23.5723,2.49808
23.6297,2.50526
23.689,2.51267
23.7504,2.52035
23.8138,2.52828
23.8794,2.53648
23.9471,2.54494
24.0171,2.55369
24.0893,2.56272
24.1638,2.57203
24.2407,2.58164
24.3199,2.59155
24.4016,2.60177
24.4858,2.61229
24.5724,2.62312
24.6616,2.63428
24.7534,2.64575
24.8478,2.65755
24.9448,2.66968
25.0444,2.68213
25.1467,2.69492
25.2517,2.70805
25.3593,2.72151
25.4697,2.7353
25.5827,2.74944
25.6984,2.7639
25.8168,2.77871
25.9379,2.79384
26.0616,2.80931
26.1879,2.82511
26.3168,2.84122
26.4483,2.85766
26.5823,2.87441
26.7187,2.89147
26.8575,2.90883
26.9987,2.92648
27.1422,2.94441
27.2878,2.96262
27.4356,2.9811
27.5854,2.99982
27.7371,3.01879
27.8906,3.03799
28.0459,3.05741
28.2029,3.07703
28.3613,3.09684
28.5211,3.11682
28.6822,3.13696
28.8444,3.15724
29.0076,3.17764
29.1716,3.19816
29.3364,3.21876
29.5018,3.23944
29.6676,3.26017
29.8337,3.28094
30,3.30172
30.1663,3.32251
