 321, 33
 0.00000000E+00, 0.26666667E+00
 0.79553127E-01, 0.26666667E+00
 0.15911293E+00, 0.26666667E+00
 0.23867938E+00, 0.26666667E+00
 0.31825247E+00, 0.26666667E+00
 0.39783216E+00, 0.26666667E+00
 0.47741844E+00, 0.26666667E+00
 0.55701129E+00, 0.26666667E+00
 0.63661067E+00, 0.26666667E+00
 0.71621657E+00, 0.26666667E+00
 0.79582896E+00, 0.26666667E+00
 0.87544783E+00, 0.26666667E+00
 0.95507315E+00, 0.26666667E+00
 0.10347049E+01, 0.26666667E+00
 0.11143430E+01, 0.26666667E+00
 0.11939876E+01, 0.26666667E+00
 0.12736385E+01, 0.26666667E+00
 0.13532957E+01, 0.26666667E+00
 0.14329592E+01, 0.26666667E+00
 0.15126291E+01, 0.26666667E+00
 0.15923052E+01, 0.26666667E+00
 0.16719875E+01, 0.26666667E+00
 0.17516761E+01, 0.26666667E+00
 0.18313709E+01, 0.26666667E+00
 0.19110718E+01, 0.26666667E+00
 0.19907790E+01, 0.26666667E+00
 0.20704922E+01, 0.26666667E+00
 0.21502116E+01, 0.26666667E+00
 0.22299370E+01, 0.26666667E+00
 0.23096685E+01, 0.26666667E+00
 0.23894061E+01, 0.26666667E+00
 0.24691496E+01, 0.26666667E+00
 0.25488992E+01, 0.26666667E+00
 0.26286547E+01, 0.26666667E+00
 0.27084162E+01, 0.26666667E+00
 0.27881836E+01, 0.26666667E+00
 0.28679570E+01, 0.26666667E+00
 0.29477362E+01, 0.26666667E+00
 0.30275212E+01, 0.26666667E+00
 0.31073121E+01, 0.26666667E+00
 0.31871089E+01, 0.26666667E+00
 0.32669114E+01, 0.26666667E+00
 0.33467197E+01, 0.26666667E+00
 0.34265337E+01, 0.26666667E+00
 0.35063534E+01, 0.26666667E+00
 0.35861789E+01, 0.26666667E+00
 0.36660100E+01, 0.26666667E+00
 0.37458468E+01, 0.26666667E+00
 0.38256892E+01, 0.26666667E+00
 0.39055373E+01, 0.26666667E+00
 0.39853909E+01, 0.26666667E+00
 0.40652500E+01, 0.26666667E+00
 0.41451148E+01, 0.26666667E+00
 0.42249850E+01, 0.26666667E+00
 0.43048607E+01, 0.26666667E+00
 0.43847419E+01, 0.26666667E+00
 0.44646286E+01, 0.26666667E+00
 0.45445207E+01, 0.26666667E+00
 0.46244182E+01, 0.26666667E+00
 0.47043210E+01, 0.26666667E+00
 0.47842292E+01, 0.26666667E+00
 0.48641428E+01, 0.26666667E+00
 0.49440617E+01, 0.26666667E+00
 0.50239858E+01, 0.26666667E+00
 0.51039152E+01, 0.26666667E+00
 0.51838499E+01, 0.26666667E+00
 0.52637898E+01, 0.26666667E+00
 0.53437349E+01, 0.26666667E+00
 0.54236851E+01, 0.26666667E+00
 0.55036405E+01, 0.26666667E+00
 0.55836011E+01, 0.26666667E+00
 0.56635667E+01, 0.26666667E+00
 0.57435374E+01, 0.25334112E+00
 0.58235132E+01, 0.24001474E+00
 0.59034940E+01, 0.22668751E+00
 0.59834799E+01, 0.21335945E+00
 0.60634707E+01, 0.20003056E+00
 0.61434665E+01, 0.18670084E+00
 0.62234672E+01, 0.17337029E+00
 0.63034729E+01, 0.16003893E+00
 0.63834834E+01, 0.14670675E+00
 0.64634989E+01, 0.13337376E+00
 0.65435191E+01, 0.12003996E+00
 0.66235443E+01, 0.10670535E+00
 0.67035742E+01, 0.93369945E-01
 0.67836089E+01, 0.80033741E-01
 0.68636483E+01, 0.66696745E-01
 0.69436925E+01, 0.53358959E-01
 0.70237414E+01, 0.40020388E-01
 0.71037950E+01, 0.26681035E-01
 0.71838533E+01, 0.13340904E-01
 0.72639162E+01, 0.00000000E+00
 0.73439837E+01, 0.00000000E+00
 0.74240559E+01, 0.00000000E+00
 0.75041326E+01, 0.00000000E+00
 0.75842138E+01, 0.00000000E+00
 0.76642996E+01, 0.00000000E+00
 0.77443899E+01, 0.00000000E+00
 0.78244847E+01, 0.00000000E+00
 0.79045839E+01, 0.00000000E+00
 0.79846876E+01, 0.00000000E+00
 0.80647957E+01, 0.00000000E+00
 0.81449081E+01, 0.00000000E+00
 0.82250250E+01, 0.00000000E+00
 0.83051462E+01, 0.00000000E+00
 0.83852717E+01, 0.00000000E+00
 0.84654015E+01, 0.00000000E+00
 0.85455356E+01, 0.00000000E+00
 0.86256739E+01, 0.00000000E+00
 0.87058164E+01, 0.00000000E+00
 0.87859632E+01, 0.00000000E+00
 0.88661141E+01, 0.00000000E+00
 0.89462692E+01, 0.00000000E+00
 0.90264285E+01, 0.00000000E+00
 0.91065918E+01, 0.00000000E+00
 0.91867593E+01, 0.00000000E+00
 0.92669308E+01, 0.00000000E+00
 0.93471063E+01, 0.00000000E+00
 0.94272859E+01, 0.00000000E+00
 0.95074694E+01, 0.00000000E+00
 0.95876569E+01, 0.00000000E+00
 0.96678484E+01, 0.00000000E+00
 0.97480438E+01, 0.00000000E+00
 0.98282431E+01, 0.00000000E+00
 0.99084463E+01, 0.00000000E+00
 0.99886534E+01, 0.00000000E+00
 0.10068864E+02, 0.00000000E+00
 0.10149079E+02, 0.00000000E+00
 0.10229297E+02, 0.00000000E+00
 0.10309520E+02, 0.00000000E+00
 0.10389746E+02, 0.00000000E+00
 0.10469975E+02, 0.00000000E+00
 0.10550209E+02, 0.00000000E+00
 0.10630446E+02, 0.00000000E+00
 0.10710686E+02, 0.00000000E+00
 0.10790931E+02, 0.00000000E+00
 0.10871179E+02, 0.00000000E+00
 0.10951430E+02, 0.00000000E+00
 0.11031685E+02, 0.00000000E+00
 0.11111944E+02, 0.00000000E+00
 0.11192206E+02, 0.00000000E+00
 0.11272471E+02, 0.00000000E+00
 0.11352740E+02, 0.00000000E+00
 0.11433013E+02, 0.00000000E+00
 0.11513289E+02, 0.00000000E+00
 0.11593568E+02, 0.00000000E+00
 0.11673851E+02, 0.00000000E+00
 0.11754137E+02, 0.00000000E+00
 0.11834426E+02, 0.00000000E+00
 0.11914719E+02, 0.00000000E+00
 0.11995015E+02, 0.00000000E+00
 0.12075314E+02, 0.00000000E+00
 0.12155616E+02, 0.00000000E+00
 0.12235922E+02, 0.00000000E+00
 0.12316230E+02, 0.00000000E+00
 0.12396542E+02, 0.00000000E+00
 0.12476857E+02, 0.00000000E+00
 0.12557175E+02, 0.00000000E+00
 0.12637497E+02, 0.00000000E+00
 0.12717821E+02, 0.00000000E+00
 0.12798148E+02, 0.00000000E+00
 0.12878478E+02, 0.00000000E+00
 0.12958812E+02, 0.00000000E+00
 0.13039148E+02, 0.00000000E+00
 0.13119487E+02, 0.00000000E+00
 0.13199829E+02, 0.00000000E+00
 0.13280175E+02, 0.00000000E+00
 0.13360522E+02, 0.00000000E+00
 0.13440873E+02, 0.00000000E+00
 0.13521227E+02, 0.00000000E+00
 0.13601583E+02, 0.00000000E+00
 0.13681943E+02, 0.00000000E+00
 0.13762304E+02, 0.00000000E+00
 0.13842669E+02, 0.00000000E+00
 0.13923037E+02, 0.00000000E+00
 0.14003407E+02, 0.00000000E+00
 0.14083779E+02, 0.00000000E+00
 0.14164155E+02, 0.00000000E+00
 0.14244533E+02, 0.00000000E+00
 0.14324913E+02, 0.00000000E+00
 0.14405297E+02, 0.00000000E+00
 0.14485682E+02, 0.00000000E+00
 0.14566071E+02, 0.00000000E+00
 0.14646461E+02, 0.00000000E+00
 0.14726855E+02, 0.00000000E+00
 0.14807250E+02, 0.00000000E+00
 0.14887648E+02, 0.00000000E+00
 0.14968049E+02, 0.00000000E+00
 0.15048452E+02, 0.00000000E+00
 0.15128857E+02, 0.00000000E+00
 0.15209265E+02, 0.00000000E+00
 0.15289675E+02, 0.00000000E+00
 0.15370087E+02, 0.00000000E+00
 0.15450501E+02, 0.00000000E+00
 0.15530918E+02, 0.00000000E+00
 0.15611337E+02, 0.00000000E+00
 0.15691758E+02, 0.00000000E+00
 0.15772181E+02, 0.00000000E+00
 0.15852607E+02, 0.00000000E+00
 0.15933034E+02, 0.00000000E+00
 0.16013464E+02, 0.00000000E+00
 0.16093896E+02, 0.00000000E+00
 0.16174329E+02, 0.00000000E+00
 0.16254765E+02, 0.00000000E+00
 0.16335203E+02, 0.00000000E+00
 0.16415643E+02, 0.00000000E+00
 0.16496085E+02, 0.00000000E+00
 0.16576528E+02, 0.00000000E+00
 0.16656974E+02, 0.00000000E+00
 0.16737421E+02, 0.00000000E+00
 0.16817871E+02, 0.00000000E+00
 0.16898322E+02, 0.00000000E+00
 0.16978775E+02, 0.00000000E+00
 0.17059230E+02, 0.00000000E+00
 0.17139686E+02, 0.00000000E+00
 0.17220145E+02, 0.00000000E+00
 0.17300605E+02, 0.00000000E+00
 0.17381067E+02, 0.00000000E+00
 0.17461530E+02, 0.00000000E+00
 0.17541995E+02, 0.00000000E+00
 0.17622462E+02, 0.00000000E+00
 0.17702930E+02, 0.00000000E+00
 0.17783400E+02, 0.00000000E+00
 0.17863872E+02, 0.00000000E+00
 0.17944345E+02, 0.00000000E+00
 0.18024819E+02, 0.00000000E+00
 0.18105295E+02, 0.00000000E+00
 0.18185773E+02, 0.00000000E+00
 0.18266252E+02, 0.00000000E+00
 0.18346732E+02, 0.00000000E+00
 0.18427214E+02, 0.00000000E+00
 0.18507697E+02, 0.00000000E+00
 0.18588181E+02, 0.00000000E+00
 0.18668667E+02, 0.00000000E+00
 0.18749154E+02, 0.00000000E+00
 0.18829642E+02, 0.00000000E+00
 0.18910132E+02, 0.00000000E+00
 0.18990623E+02, 0.00000000E+00
 0.19071115E+02, 0.00000000E+00
 0.19151608E+02, 0.00000000E+00
 0.19232102E+02, 0.00000000E+00
 0.19312598E+02, 0.00000000E+00
 0.19393094E+02, 0.00000000E+00
 0.19473592E+02, 0.00000000E+00
 0.19554091E+02, 0.00000000E+00
 0.19634591E+02, 0.00000000E+00
 0.19715091E+02, 0.00000000E+00
 0.19795593E+02, 0.00000000E+00
 0.19876096E+02, 0.00000000E+00
 0.19956600E+02, 0.00000000E+00
 0.20037104E+02, 0.00000000E+00
 0.20117610E+02, 0.00000000E+00
 0.20198116E+02, 0.00000000E+00
 0.20278624E+02, 0.00000000E+00
 0.20359132E+02, 0.00000000E+00
 0.20439640E+02, 0.00000000E+00
 0.20520150E+02, 0.00000000E+00
 0.20600661E+02, 0.00000000E+00
 0.20681172E+02, 0.00000000E+00
 0.20761684E+02, 0.00000000E+00
 0.20842196E+02, 0.00000000E+00
 0.20922709E+02, 0.00000000E+00
 0.21003223E+02, 0.00000000E+00
 0.21083738E+02, 0.00000000E+00
 0.21164253E+02, 0.00000000E+00
 0.21244768E+02, 0.00000000E+00
 0.21325285E+02, 0.00000000E+00
 0.21405801E+02, 0.00000000E+00
 0.21486318E+02, 0.00000000E+00
 0.21566836E+02, 0.00000000E+00
 0.21647354E+02, 0.00000000E+00
 0.21727873E+02, 0.00000000E+00
 0.21808392E+02, 0.00000000E+00
 0.21888911E+02, 0.00000000E+00
 0.21969431E+02, 0.00000000E+00
 0.22049951E+02, 0.00000000E+00
 0.22130471E+02, 0.00000000E+00
 0.22210992E+02, 0.00000000E+00
 0.22291512E+02, 0.00000000E+00
 0.22372033E+02, 0.00000000E+00
 0.22452555E+02, 0.00000000E+00
 0.22533076E+02, 0.00000000E+00
 0.22613598E+02, 0.00000000E+00
 0.22694120E+02, 0.00000000E+00
 0.22774642E+02, 0.00000000E+00
 0.22855164E+02, 0.00000000E+00
 0.22935686E+02, 0.00000000E+00
 0.23016208E+02, 0.00000000E+00
 0.23096730E+02, 0.00000000E+00
 0.23177245E+02, 0.00000000E+00
 0.23263916E+02, 0.00000000E+00
 0.23357127E+02, 0.00000000E+00
 0.23457269E+02, 0.00000000E+00
 0.23564742E+02, 0.00000000E+00
 0.23679948E+02, 0.00000000E+00
 0.23803290E+02, 0.00000000E+00
 0.23935168E+02, 0.00000000E+00
 0.24075970E+02, 0.00000000E+00
 0.24226073E+02, 0.00000000E+00
 0.24385831E+02, 0.00000000E+00
 0.24555573E+02, 0.00000000E+00
 0.24735591E+02, 0.00000000E+00
 0.24926137E+02, 0.00000000E+00
 0.25127412E+02, 0.00000000E+00
 0.25339558E+02, 0.00000000E+00
 0.25562651E+02, 0.00000000E+00
 0.25796691E+02, 0.00000000E+00
 0.26041595E+02, 0.00000000E+00
 0.26297191E+02, 0.00000000E+00
 0.26563211E+02, 0.00000000E+00
 0.26839285E+02, 0.00000000E+00
 0.27124941E+02, 0.00000000E+00
 0.27419601E+02, 0.00000000E+00
 0.27722584E+02, 0.00000000E+00
 0.28033107E+02, 0.00000000E+00
 0.28350293E+02, 0.00000000E+00
 0.28673177E+02, 0.00000000E+00
 0.29000719E+02, 0.00000000E+00
 0.29331813E+02, 0.00000000E+00
 0.29665303E+02, 0.00000000E+00
 0.30000000E+02, 0.00000000E+00
 0.00000000E+00, 0.32678718E+00
 0.79553127E-01, 0.32678718E+00
 0.15911293E+00, 0.32678718E+00
 0.23867938E+00, 0.32678718E+00
 0.31825247E+00, 0.32678718E+00
 0.39783216E+00, 0.32678718E+00
 0.47741844E+00, 0.32678718E+00
 0.55701129E+00, 0.32678718E+00
 0.63661067E+00, 0.32678718E+00
 0.71621657E+00, 0.32678718E+00
 0.79582896E+00, 0.32678718E+00
 0.87544783E+00, 0.32678718E+00
 0.95507315E+00, 0.32678718E+00
 0.10347049E+01, 0.32678718E+00
 0.11143430E+01, 0.32678718E+00
 0.11939876E+01, 0.32678718E+00
 0.12736385E+01, 0.32678718E+00
 0.13532957E+01, 0.32678718E+00
 0.14329592E+01, 0.32678718E+00
 0.15126291E+01, 0.32678718E+00
 0.15923052E+01, 0.32678718E+00
 0.16719875E+01, 0.32678718E+00
 0.17516761E+01, 0.32678718E+00
 0.18313709E+01, 0.32678718E+00
 0.19110718E+01, 0.32678718E+00
 0.19907790E+01, 0.32678718E+00
 0.20704922E+01, 0.32678718E+00
 0.21502116E+01, 0.32678718E+00
 0.22299370E+01, 0.32678718E+00
 0.23096685E+01, 0.32678718E+00
 0.23894061E+01, 0.32678718E+00
 0.24691496E+01, 0.32678718E+00
 0.25488992E+01, 0.32678718E+00
 0.26286547E+01, 0.32678718E+00
 0.27084162E+01, 0.32678718E+00
 0.27881836E+01, 0.32678718E+00
 0.28679570E+01, 0.32678718E+00
 0.29477362E+01, 0.32678718E+00
 0.30275212E+01, 0.32678718E+00
 0.31073121E+01, 0.32678718E+00
 0.31871089E+01, 0.32678718E+00
 0.32669114E+01, 0.32678718E+00
 0.33467197E+01, 0.32678718E+00
 0.34265337E+01, 0.32580641E+00
 0.35063534E+01, 0.32482557E+00
 0.35861789E+01, 0.32384467E+00
 0.36660100E+01, 0.32286369E+00
 0.37458468E+01, 0.32188265E+00
 0.38256892E+01, 0.32090153E+00
 0.39055373E+01, 0.31992035E+00
 0.39853909E+01, 0.31893909E+00
 0.40652500E+01, 0.31795777E+00
 0.41451148E+01, 0.31697639E+00
 0.42249850E+01, 0.31599493E+00
 0.43048607E+01, 0.31501340E+00
 0.43847419E+01, 0.31403181E+00
 0.44646286E+01, 0.31305015E+00
 0.45445207E+01, 0.31206843E+00
 0.46244182E+01, 0.31108664E+00
 0.47043210E+01, 0.31010478E+00
 0.47842292E+01, 0.30912286E+00
 0.48641428E+01, 0.30814087E+00
 0.49440617E+01, 0.30715881E+00
 0.50239858E+01, 0.30617669E+00
 0.51039152E+01, 0.30519451E+00
 0.51838499E+01, 0.30421226E+00
 0.52637898E+01, 0.30322995E+00
 0.53437349E+01, 0.30224757E+00
 0.54236851E+01, 0.30126513E+00
 0.55036405E+01, 0.30028263E+00
 0.55836011E+01, 0.29930006E+00
 0.56635667E+01, 0.29831744E+00
 0.57435374E+01, 0.28442358E+00
 0.58235132E+01, 0.27052885E+00
 0.59034940E+01, 0.25663324E+00
 0.59834799E+01, 0.24273677E+00
 0.60634707E+01, 0.22883942E+00
 0.61434665E+01, 0.21494121E+00
 0.62234672E+01, 0.20104215E+00
 0.63034729E+01, 0.18714223E+00
 0.63834834E+01, 0.17324145E+00
 0.64634989E+01, 0.16032307E+00
 0.65435191E+01, 0.14740391E+00
 0.66235443E+01, 0.13448397E+00
 0.67035742E+01, 0.12156325E+00
 0.67836089E+01, 0.10864176E+00
 0.68636483E+01, 0.95719504E-01
 0.69436925E+01, 0.82796481E-01
 0.70237414E+01, 0.69872696E-01
 0.71037950E+01, 0.56948155E-01
 0.71838533E+01, 0.44022860E-01
 0.72639162E+01, 0.31096815E-01
 0.73439837E+01, 0.31096815E-01
 0.74240559E+01, 0.31096815E-01
 0.75041326E+01, 0.31096815E-01
 0.75842138E+01, 0.31096815E-01
 0.76642996E+01, 0.31096815E-01
 0.77443899E+01, 0.31096815E-01
 0.78244847E+01, 0.31096815E-01
 0.79045839E+01, 0.31096815E-01
 0.79846876E+01, 0.31096815E-01
 0.80647957E+01, 0.31096815E-01
 0.81449081E+01, 0.31096815E-01
 0.82250250E+01, 0.31096815E-01
 0.83051462E+01, 0.31096815E-01
 0.83852717E+01, 0.31096815E-01
 0.84654015E+01, 0.31096815E-01
 0.85455356E+01, 0.31096815E-01
 0.86256739E+01, 0.31096815E-01
 0.87058164E+01, 0.31096815E-01
 0.87859632E+01, 0.31096815E-01
 0.88661141E+01, 0.31096815E-01
 0.89462692E+01, 0.31096815E-01
 0.90264285E+01, 0.31096815E-01
 0.91065918E+01, 0.31096815E-01
 0.91867593E+01, 0.31096815E-01
 0.92669308E+01, 0.31096815E-01
 0.93471063E+01, 0.31096815E-01
 0.94272859E+01, 0.31096815E-01
 0.95074694E+01, 0.31096815E-01
 0.95876569E+01, 0.31096815E-01
 0.96678484E+01, 0.31096815E-01
 0.97480438E+01, 0.31096815E-01
 0.98282431E+01, 0.31096815E-01
 0.99084463E+01, 0.31096815E-01
 0.99886534E+01, 0.31096815E-01
 0.10068864E+02, 0.31096815E-01
 0.10149079E+02, 0.31096815E-01
 0.10229297E+02, 0.31096815E-01
 0.10309520E+02, 0.31096815E-01
 0.10389746E+02, 0.31096815E-01
 0.10469975E+02, 0.31096815E-01
 0.10550209E+02, 0.31096815E-01
 0.10630446E+02, 0.31096815E-01
 0.10710686E+02, 0.31096815E-01
 0.10790931E+02, 0.31096815E-01
 0.10871179E+02, 0.31096815E-01
 0.10951430E+02, 0.31096815E-01
 0.11031685E+02, 0.31096815E-01
 0.11111944E+02, 0.31096815E-01
 0.11192206E+02, 0.31096815E-01
 0.11272471E+02, 0.31096815E-01
 0.11352740E+02, 0.31096815E-01
 0.11433013E+02, 0.31096815E-01
 0.11513289E+02, 0.31096815E-01
 0.11593568E+02, 0.31096815E-01
 0.11673851E+02, 0.31096815E-01
 0.11754137E+02, 0.31404217E-01
 0.11834426E+02, 0.31711632E-01
 0.11914719E+02, 0.32019059E-01
 0.11995015E+02, 0.32326498E-01
 0.12075314E+02, 0.32633950E-01
 0.12155616E+02, 0.32941415E-01
 0.12235922E+02, 0.33248892E-01
 0.12316230E+02, 0.33556381E-01
 0.12396542E+02, 0.33863882E-01
 0.12476857E+02, 0.34171395E-01
 0.12557175E+02, 0.34478919E-01
 0.12637497E+02, 0.34786456E-01
 0.12717821E+02, 0.35094005E-01
 0.12798148E+02, 0.35401565E-01
 0.12878478E+02, 0.35709136E-01
 0.12958812E+02, 0.36016719E-01
 0.13039148E+02, 0.36324314E-01
 0.13119487E+02, 0.36631920E-01
 0.13199829E+02, 0.36939537E-01
 0.13280175E+02, 0.37247165E-01
 0.13360522E+02, 0.37554804E-01
 0.13440873E+02, 0.37862454E-01
 0.13521227E+02, 0.38170114E-01
 0.13601583E+02, 0.38477786E-01
 0.13681943E+02, 0.38785468E-01
 0.13762304E+02, 0.39093161E-01
 0.13842669E+02, 0.39400864E-01
 0.13923037E+02, 0.39708578E-01
 0.14003407E+02, 0.40016301E-01
 0.14083779E+02, 0.40324035E-01
 0.14164155E+02, 0.40631780E-01
 0.14244533E+02, 0.40939534E-01
 0.14324913E+02, 0.41247298E-01
 0.14405297E+02, 0.41555072E-01
 0.14485682E+02, 0.41862856E-01
 0.14566071E+02, 0.42170649E-01
 0.14646461E+02, 0.42478452E-01
 0.14726855E+02, 0.42786264E-01
 0.14807250E+02, 0.43094086E-01
 0.14887648E+02, 0.43401917E-01
 0.14968049E+02, 0.43709758E-01
 0.15048452E+02, 0.44017607E-01
 0.15128857E+02, 0.44325466E-01
 0.15209265E+02, 0.44633333E-01
 0.15289675E+02, 0.44941210E-01
 0.15370087E+02, 0.45249095E-01
 0.15450501E+02, 0.45556988E-01
 0.15530918E+02, 0.45864891E-01
 0.15611337E+02, 0.46172801E-01
 0.15691758E+02, 0.46480721E-01
 0.15772181E+02, 0.46788648E-01
 0.15852607E+02, 0.47096584E-01
 0.15933034E+02, 0.47404528E-01
 0.16013464E+02, 0.47712480E-01
 0.16093896E+02, 0.48020440E-01
 0.16174329E+02, 0.48328407E-01
 0.16254765E+02, 0.48636383E-01
 0.16335203E+02, 0.48944366E-01
 0.16415643E+02, 0.49252357E-01
 0.16496085E+02, 0.49560355E-01
 0.16576528E+02, 0.49868361E-01
 0.16656974E+02, 0.50176374E-01
 0.16737421E+02, 0.50484394E-01
 0.16817871E+02, 0.50792422E-01
 0.16898322E+02, 0.51100456E-01
 0.16978775E+02, 0.51408497E-01
 0.17059230E+02, 0.51716546E-01
 0.17139686E+02, 0.52024601E-01
 0.17220145E+02, 0.52332662E-01
 0.17300605E+02, 0.52640731E-01
 0.17381067E+02, 0.52948806E-01
 0.17461530E+02, 0.53256887E-01
 0.17541995E+02, 0.53564975E-01
 0.17622462E+02, 0.53873068E-01
 0.17702930E+02, 0.54181168E-01
 0.17783400E+02, 0.54489274E-01
 0.17863872E+02, 0.54797386E-01
 0.17944345E+02, 0.55105504E-01
 0.18024819E+02, 0.55413628E-01
 0.18105295E+02, 0.55721757E-01
 0.18185773E+02, 0.56029892E-01
 0.18266252E+02, 0.56338033E-01
 0.18346732E+02, 0.56646179E-01
 0.18427214E+02, 0.56954330E-01
 0.18507697E+02, 0.57262487E-01
 0.18588181E+02, 0.57570648E-01
 0.18668667E+02, 0.57878815E-01
 0.18749154E+02, 0.58186987E-01
 0.18829642E+02, 0.58495163E-01
 0.18910132E+02, 0.58803345E-01
 0.18990623E+02, 0.59111531E-01
 0.19071115E+02, 0.59419721E-01
 0.19151608E+02, 0.59727917E-01
 0.19232102E+02, 0.60036116E-01
 0.19312598E+02, 0.60344320E-01
 0.19393094E+02, 0.60652529E-01
 0.19473592E+02, 0.60960741E-01
 0.19554091E+02, 0.61268957E-01
 0.19634591E+02, 0.61577178E-01
 0.19715091E+02, 0.61885402E-01
 0.19795593E+02, 0.62193630E-01
 0.19876096E+02, 0.62193630E-01
 0.19956600E+02, 0.62193630E-01
 0.20037104E+02, 0.62193630E-01
 0.20117610E+02, 0.62193630E-01
 0.20198116E+02, 0.62193630E-01
 0.20278624E+02, 0.62193630E-01
 0.20359132E+02, 0.62193630E-01
 0.20439640E+02, 0.62193630E-01
 0.20520150E+02, 0.62193630E-01
 0.20600661E+02, 0.62193630E-01
 0.20681172E+02, 0.62193630E-01
 0.20761684E+02, 0.62193630E-01
 0.20842196E+02, 0.62193630E-01
 0.20922709E+02, 0.62193630E-01
 0.21003223E+02, 0.62193630E-01
 0.21083738E+02, 0.62193630E-01
 0.21164253E+02, 0.62193630E-01
 0.21244768E+02, 0.62193630E-01
 0.21325285E+02, 0.62193630E-01
 0.21405801E+02, 0.62193630E-01
 0.21486318E+02, 0.62193630E-01
 0.21566836E+02, 0.62193630E-01
 0.21647354E+02, 0.62193630E-01
 0.21727873E+02, 0.62193630E-01
 0.21808392E+02, 0.62193630E-01
 0.21888911E+02, 0.62193630E-01
 0.21969431E+02, 0.62193630E-01
 0.22049951E+02, 0.62193630E-01
 0.22130471E+02, 0.62193630E-01
 0.22210992E+02, 0.62193630E-01
 0.22291512E+02, 0.62193630E-01
 0.22372033E+02, 0.62193630E-01
 0.22452555E+02, 0.62193630E-01
 0.22533076E+02, 0.62193630E-01
 0.22613598E+02, 0.62193630E-01
 0.22694120E+02, 0.62193630E-01
 0.22774642E+02, 0.62193630E-01
 0.22855164E+02, 0.62193630E-01
 0.22935686E+02, 0.62193630E-01
 0.23016208E+02, 0.62193630E-01
 0.23096730E+02, 0.62193630E-01
 0.23177245E+02, 0.62193630E-01
 0.23263916E+02, 0.62193630E-01
 0.23357127E+02, 0.62193630E-01
 0.23457269E+02, 0.62193630E-01
 0.23564742E+02, 0.62193630E-01
 0.23679948E+02, 0.62193630E-01
 0.23803290E+02, 0.62193630E-01
 0.23935168E+02, 0.62193630E-01
 0.24075970E+02, 0.62193630E-01
 0.24226073E+02, 0.62193630E-01
 0.24385831E+02, 0.62193630E-01
 0.24555573E+02, 0.62193630E-01
 0.24735591E+02, 0.62193630E-01
 0.24926137E+02, 0.62193630E-01
 0.25127412E+02, 0.62193630E-01
 0.25339558E+02, 0.62193630E-01
 0.25562651E+02, 0.62193630E-01
 0.25796691E+02, 0.62193630E-01
 0.26041595E+02, 0.62193630E-01
 0.26297191E+02, 0.62193630E-01
 0.26563211E+02, 0.62193630E-01
 0.26839285E+02, 0.62193630E-01
 0.27124941E+02, 0.62193630E-01
 0.27419601E+02, 0.62193630E-01
 0.27722584E+02, 0.62193630E-01
 0.28033107E+02, 0.62193630E-01
 0.28350293E+02, 0.62193630E-01
 0.28673177E+02, 0.62193630E-01
 0.29000719E+02, 0.62193630E-01
 0.29331813E+02, 0.62193630E-01
 0.29665303E+02, 0.62193630E-01
 0.30000000E+02, 0.62193630E-01
 0.00000000E+00, 0.38696481E+00
 0.79553127E-01, 0.38696481E+00
 0.15911293E+00, 0.38696481E+00
 0.23867938E+00, 0.38696481E+00
 0.31825247E+00, 0.38696481E+00
 0.39783216E+00, 0.38696481E+00
 0.47741844E+00, 0.38696481E+00
 0.55701129E+00, 0.38696481E+00
 0.63661067E+00, 0.38696481E+00
 0.71621657E+00, 0.38696481E+00
 0.79582896E+00, 0.38696481E+00
 0.87544783E+00, 0.38696481E+00
 0.95507315E+00, 0.38696481E+00
 0.10347049E+01, 0.38696481E+00
 0.11143430E+01, 0.38696481E+00
 0.11939876E+01, 0.38696481E+00
 0.12736385E+01, 0.38696481E+00
 0.13532957E+01, 0.38696481E+00
 0.14329592E+01, 0.38696481E+00
 0.15126291E+01, 0.38696481E+00
 0.15923052E+01, 0.38696481E+00
 0.16719875E+01, 0.38696481E+00
 0.17516761E+01, 0.38696481E+00
 0.18313709E+01, 0.38696481E+00
 0.19110718E+01, 0.38696481E+00
 0.19907790E+01, 0.38696481E+00
 0.20704922E+01, 0.38696481E+00
 0.21502116E+01, 0.38696481E+00
 0.22299370E+01, 0.38696481E+00
 0.23096685E+01, 0.38696481E+00
 0.23894061E+01, 0.38696481E+00
 0.24691496E+01, 0.38696481E+00
 0.25488992E+01, 0.38696481E+00
 0.26286547E+01, 0.38696481E+00
 0.27084162E+01, 0.38696481E+00
 0.27881836E+01, 0.38696481E+00
 0.28679570E+01, 0.38696481E+00
 0.29477362E+01, 0.38696481E+00
 0.30275212E+01, 0.38696481E+00
 0.31073121E+01, 0.38696481E+00
 0.31871089E+01, 0.38696481E+00
 0.32669114E+01, 0.38696481E+00
 0.33467197E+01, 0.38696481E+00
 0.34265337E+01, 0.38500235E+00
 0.35063534E+01, 0.38303974E+00
 0.35861789E+01, 0.38107700E+00
 0.36660100E+01, 0.37911411E+00
 0.37458468E+01, 0.37715109E+00
 0.38256892E+01, 0.37518793E+00
 0.39055373E+01, 0.37322463E+00
 0.39853909E+01, 0.37126119E+00
 0.40652500E+01, 0.36929762E+00
 0.41451148E+01, 0.36733391E+00
 0.42249850E+01, 0.36537006E+00
 0.43048607E+01, 0.36340608E+00
 0.43847419E+01, 0.36144196E+00
 0.44646286E+01, 0.35947771E+00
 0.45445207E+01, 0.35751333E+00
 0.46244182E+01, 0.35554882E+00
 0.47043210E+01, 0.35358417E+00
 0.47842292E+01, 0.35161939E+00
 0.48641428E+01, 0.34965448E+00
 0.49440617E+01, 0.34768944E+00
 0.50239858E+01, 0.34572426E+00
 0.51039152E+01, 0.34375896E+00
 0.51838499E+01, 0.34179353E+00
 0.52637898E+01, 0.33982797E+00
 0.53437349E+01, 0.33786229E+00
 0.54236851E+01, 0.33589647E+00
 0.55036405E+01, 0.33393053E+00
 0.55836011E+01, 0.33196447E+00
 0.56635667E+01, 0.32999828E+00
 0.57435374E+01, 0.31553557E+00
 0.58235132E+01, 0.30107196E+00
 0.59034940E+01, 0.28660743E+00
 0.59834799E+01, 0.27214199E+00
 0.60634707E+01, 0.25767566E+00
 0.61434665E+01, 0.24320842E+00
 0.62234672E+01, 0.22874029E+00
 0.63034729E+01, 0.21427127E+00
 0.63834834E+01, 0.19980137E+00
 0.64634989E+01, 0.18729800E+00
 0.65435191E+01, 0.17479387E+00
 0.66235443E+01, 0.16228898E+00
 0.67035742E+01, 0.14978335E+00
 0.67836089E+01, 0.13727697E+00
 0.68636483E+01, 0.12476984E+00
 0.69436925E+01, 0.11226197E+00
 0.70237414E+01, 0.99753370E-01
 0.71037950E+01, 0.87244034E-01
 0.71838533E+01, 0.74733968E-01
 0.72639162E+01, 0.62223177E-01
 0.73439837E+01, 0.62223177E-01
 0.74240559E+01, 0.62223177E-01
 0.75041326E+01, 0.62223177E-01
 0.75842138E+01, 0.62223177E-01
 0.76642996E+01, 0.62223177E-01
 0.77443899E+01, 0.62223177E-01
 0.78244847E+01, 0.62223177E-01
 0.79045839E+01, 0.62223177E-01
 0.79846876E+01, 0.62223177E-01
 0.80647957E+01, 0.62223177E-01
 0.81449081E+01, 0.62223177E-01
 0.82250250E+01, 0.62223177E-01
 0.83051462E+01, 0.62223177E-01
 0.83852717E+01, 0.62223177E-01
 0.84654015E+01, 0.62223177E-01
 0.85455356E+01, 0.62223177E-01
 0.86256739E+01, 0.62223177E-01
 0.87058164E+01, 0.62223177E-01
 0.87859632E+01, 0.62223177E-01
 0.88661141E+01, 0.62223177E-01
 0.89462692E+01, 0.62223177E-01
 0.90264285E+01, 0.62223177E-01
 0.91065918E+01, 0.62223177E-01
 0.91867593E+01, 0.62223177E-01
 0.92669308E+01, 0.62223177E-01
 0.93471063E+01, 0.62223177E-01
 0.94272859E+01, 0.62223177E-01
 0.95074694E+01, 0.62223177E-01
 0.95876569E+01, 0.62223177E-01
 0.96678484E+01, 0.62223177E-01
 0.97480438E+01, 0.62223177E-01
 0.98282431E+01, 0.62223177E-01
 0.99084463E+01, 0.62223177E-01
 0.99886534E+01, 0.62223177E-01
 0.10068864E+02, 0.62223177E-01
 0.10149079E+02, 0.62223177E-01
 0.10229297E+02, 0.62223177E-01
 0.10309520E+02, 0.62223177E-01
 0.10389746E+02, 0.62223177E-01
 0.10469975E+02, 0.62223177E-01
 0.10550209E+02, 0.62223177E-01
 0.10630446E+02, 0.62223177E-01
 0.10710686E+02, 0.62223177E-01
 0.10790931E+02, 0.62223177E-01
 0.10871179E+02, 0.62223177E-01
 0.10951430E+02, 0.62223177E-01
 0.11031685E+02, 0.62223177E-01
 0.11111944E+02, 0.62223177E-01
 0.11192206E+02, 0.62223177E-01
 0.11272471E+02, 0.62223177E-01
 0.11352740E+02, 0.62223177E-01
 0.11433013E+02, 0.62223177E-01
 0.11513289E+02, 0.62223177E-01
 0.11593568E+02, 0.62223177E-01
 0.11673851E+02, 0.62223177E-01
 0.11754137E+02, 0.62838273E-01
 0.11834426E+02, 0.63453394E-01
 0.11914719E+02, 0.64068541E-01
 0.11995015E+02, 0.64683712E-01
 0.12075314E+02, 0.65298909E-01
 0.12155616E+02, 0.65914130E-01
 0.12235922E+02, 0.66529375E-01
 0.12316230E+02, 0.67144645E-01
 0.12396542E+02, 0.67759939E-01
 0.12476857E+02, 0.68375258E-01
 0.12557175E+02, 0.68990600E-01
 0.12637497E+02, 0.69605965E-01
 0.12717821E+02, 0.70221354E-01
 0.12798148E+02, 0.70836767E-01
 0.12878478E+02, 0.71452202E-01
 0.12958812E+02, 0.72067661E-01
 0.13039148E+02, 0.72683142E-01
 0.13119487E+02, 0.73298646E-01
 0.13199829E+02, 0.73914172E-01
 0.13280175E+02, 0.74529720E-01
 0.13360522E+02, 0.75145290E-01
 0.13440873E+02, 0.75760883E-01
 0.13521227E+02, 0.76376497E-01
 0.13601583E+02, 0.76992132E-01
 0.13681943E+02, 0.77607789E-01
 0.13762304E+02, 0.78223466E-01
 0.13842669E+02, 0.78839165E-01
 0.13923037E+02, 0.79454885E-01
 0.14003407E+02, 0.80070625E-01
 0.14083779E+02, 0.80686385E-01
 0.14164155E+02, 0.81302166E-01
 0.14244533E+02, 0.81917967E-01
 0.14324913E+02, 0.82533788E-01
 0.14405297E+02, 0.83149628E-01
 0.14485682E+02, 0.83765488E-01
 0.14566071E+02, 0.84381367E-01
 0.14646461E+02, 0.84997266E-01
 0.14726855E+02, 0.85613183E-01
 0.14807250E+02, 0.86229119E-01
 0.14887648E+02, 0.86845074E-01
 0.14968049E+02, 0.87461047E-01
 0.15048452E+02, 0.88077039E-01
 0.15128857E+02, 0.88693048E-01
 0.15209265E+02, 0.89309075E-01
 0.15289675E+02, 0.89925121E-01
 0.15370087E+02, 0.90541183E-01
 0.15450501E+02, 0.91157263E-01
 0.15530918E+02, 0.91773361E-01
 0.15611337E+02, 0.92389475E-01
 0.15691758E+02, 0.93005606E-01
 0.15772181E+02, 0.93621753E-01
 0.15852607E+02, 0.94237917E-01
 0.15933034E+02, 0.94854098E-01
 0.16013464E+02, 0.95470294E-01
 0.16093896E+02, 0.96086507E-01
 0.16174329E+02, 0.96702735E-01
 0.16254765E+02, 0.97318978E-01
 0.16335203E+02, 0.97935237E-01
 0.16415643E+02, 0.98551512E-01
 0.16496085E+02, 0.99167801E-01
 0.16576528E+02, 0.99784105E-01
 0.16656974E+02, 0.10040042E+00
 0.16737421E+02, 0.10101676E+00
 0.16817871E+02, 0.10163310E+00
 0.16898322E+02, 0.10224947E+00
 0.16978775E+02, 0.10286584E+00
 0.17059230E+02, 0.10348223E+00
 0.17139686E+02, 0.10409863E+00
 0.17220145E+02, 0.10471505E+00
 0.17300605E+02, 0.10533148E+00
 0.17381067E+02, 0.10594792E+00
 0.17461530E+02, 0.10656438E+00
 0.17541995E+02, 0.10718084E+00
 0.17622462E+02, 0.10779732E+00
 0.17702930E+02, 0.10841382E+00
 0.17783400E+02, 0.10903032E+00
 0.17863872E+02, 0.10964684E+00
 0.17944345E+02, 0.11026337E+00
 0.18024819E+02, 0.11087991E+00
 0.18105295E+02, 0.11149646E+00
 0.18185773E+02, 0.11211302E+00
 0.18266252E+02, 0.11272960E+00
 0.18346732E+02, 0.11334618E+00
 0.18427214E+02, 0.11396278E+00
 0.18507697E+02, 0.11457938E+00
 0.18588181E+02, 0.11519600E+00
 0.18668667E+02, 0.11581262E+00
 0.18749154E+02, 0.11642926E+00
 0.18829642E+02, 0.11704591E+00
 0.18910132E+02, 0.11766256E+00
 0.18990623E+02, 0.11827923E+00
 0.19071115E+02, 0.11889590E+00
 0.19151608E+02, 0.11951258E+00
 0.19232102E+02, 0.12012928E+00
 0.19312598E+02, 0.12074598E+00
 0.19393094E+02, 0.12136269E+00
 0.19473592E+02, 0.12197940E+00
 0.19554091E+02, 0.12259613E+00
 0.19634591E+02, 0.12321286E+00
 0.19715091E+02, 0.12382961E+00
 0.19795593E+02, 0.12444635E+00
 0.19876096E+02, 0.12444635E+00
 0.19956600E+02, 0.12444635E+00
 0.20037104E+02, 0.12444635E+00
 0.20117610E+02, 0.12444635E+00
 0.20198116E+02, 0.12444635E+00
 0.20278624E+02, 0.12444635E+00
 0.20359132E+02, 0.12444635E+00
 0.20439640E+02, 0.12444635E+00
 0.20520150E+02, 0.12444635E+00
 0.20600661E+02, 0.12444635E+00
 0.20681172E+02, 0.12444635E+00
 0.20761684E+02, 0.12444635E+00
 0.20842196E+02, 0.12444635E+00
 0.20922709E+02, 0.12444635E+00
 0.21003223E+02, 0.12444635E+00
 0.21083738E+02, 0.12444635E+00
 0.21164253E+02, 0.12444635E+00
 0.21244768E+02, 0.12444635E+00
 0.21325285E+02, 0.12444635E+00
 0.21405801E+02, 0.12444635E+00
 0.21486318E+02, 0.12444635E+00
 0.21566836E+02, 0.12444635E+00
 0.21647354E+02, 0.12444635E+00
 0.21727873E+02, 0.12444635E+00
 0.21808392E+02, 0.12444635E+00
 0.21888911E+02, 0.12444635E+00
 0.21969431E+02, 0.12444635E+00
 0.22049951E+02, 0.12444635E+00
 0.22130471E+02, 0.12444635E+00
 0.22210992E+02, 0.12444635E+00
 0.22291512E+02, 0.12444635E+00
 0.22372033E+02, 0.12444635E+00
 0.22452555E+02, 0.12444635E+00
 0.22533076E+02, 0.12444635E+00
 0.22613598E+02, 0.12444635E+00
 0.22694120E+02, 0.12444635E+00
 0.22774642E+02, 0.12444635E+00
 0.22855164E+02, 0.12444635E+00
 0.22935686E+02, 0.12444635E+00
 0.23016208E+02, 0.12444635E+00
 0.23096730E+02, 0.12444635E+00
 0.23177245E+02, 0.12444635E+00
 0.23263916E+02, 0.12444635E+00
 0.23357127E+02, 0.12444635E+00
 0.23457269E+02, 0.12444635E+00
 0.23564742E+02, 0.12444635E+00
 0.23679948E+02, 0.12444635E+00
 0.23803290E+02, 0.12444635E+00
 0.23935168E+02, 0.12444635E+00
 0.24075970E+02, 0.12444635E+00
 0.24226073E+02, 0.12444635E+00
 0.24385831E+02, 0.12444635E+00
 0.24555573E+02, 0.12444635E+00
 0.24735591E+02, 0.12444635E+00
 0.24926137E+02, 0.12444635E+00
 0.25127412E+02, 0.12444635E+00
 0.25339558E+02, 0.12444635E+00
 0.25562651E+02, 0.12444635E+00
 0.25796691E+02, 0.12444635E+00
 0.26041595E+02, 0.12444635E+00
 0.26297191E+02, 0.12444635E+00
 0.26563211E+02, 0.12444635E+00
 0.26839285E+02, 0.12444635E+00
 0.27124941E+02, 0.12444635E+00
 0.27419601E+02, 0.12444635E+00
 0.27722584E+02, 0.12444635E+00
 0.28033107E+02, 0.12444635E+00
 0.28350293E+02, 0.12444635E+00
 0.28673177E+02, 0.12444635E+00
 0.29000719E+02, 0.12444635E+00
 0.29331813E+02, 0.12444635E+00
 0.29665303E+02, 0.12444635E+00
 0.30000000E+02, 0.12444635E+00
 0.00000000E+00, 0.44719582E+00
 0.79553127E-01, 0.44719582E+00
 0.15911293E+00, 0.44719582E+00
 0.23867938E+00, 0.44719582E+00
 0.31825247E+00, 0.44719582E+00
 0.39783216E+00, 0.44719582E+00
 0.47741844E+00, 0.44719582E+00
 0.55701129E+00, 0.44719582E+00
 0.63661067E+00, 0.44719582E+00
 0.71621657E+00, 0.44719582E+00
 0.79582896E+00, 0.44719582E+00
 0.87544783E+00, 0.44719582E+00
 0.95507315E+00, 0.44719582E+00
 0.10347049E+01, 0.44719582E+00
 0.11143430E+01, 0.44719582E+00
 0.11939876E+01, 0.44719582E+00
 0.12736385E+01, 0.44719582E+00
 0.13532957E+01, 0.44719582E+00
 0.14329592E+01, 0.44719582E+00
 0.15126291E+01, 0.44719582E+00
 0.15923052E+01, 0.44719582E+00
 0.16719875E+01, 0.44719582E+00
 0.17516761E+01, 0.44719582E+00
 0.18313709E+01, 0.44719582E+00
 0.19110718E+01, 0.44719582E+00
 0.19907790E+01, 0.44719582E+00
 0.20704922E+01, 0.44719582E+00
 0.21502116E+01, 0.44719582E+00
 0.22299370E+01, 0.44719582E+00
 0.23096685E+01, 0.44719582E+00
 0.23894061E+01, 0.44719582E+00
 0.24691496E+01, 0.44719582E+00
 0.25488992E+01, 0.44719582E+00
 0.26286547E+01, 0.44719582E+00
 0.27084162E+01, 0.44719582E+00
 0.27881836E+01, 0.44719582E+00
 0.28679570E+01, 0.44719582E+00
 0.29477362E+01, 0.44719582E+00
 0.30275212E+01, 0.44719582E+00
 0.31073121E+01, 0.44719582E+00
 0.31871089E+01, 0.44719582E+00
 0.32669114E+01, 0.44719582E+00
 0.33467197E+01, 0.44719582E+00
 0.34265337E+01, 0.44425079E+00
 0.35063534E+01, 0.44130555E+00
 0.35861789E+01, 0.43836009E+00
 0.36660100E+01, 0.43541443E+00
 0.37458468E+01, 0.43246856E+00
 0.38256892E+01, 0.42952248E+00
 0.39055373E+01, 0.42657619E+00
 0.39853909E+01, 0.42362970E+00
 0.40652500E+01, 0.42068300E+00
 0.41451148E+01, 0.41773610E+00
 0.42249850E+01, 0.41478899E+00
 0.43048607E+01, 0.41184168E+00
 0.43847419E+01, 0.40889417E+00
 0.44646286E+01, 0.40594646E+00
 0.45445207E+01, 0.40299855E+00
 0.46244182E+01, 0.40005043E+00
 0.47043210E+01, 0.39710212E+00
 0.47842292E+01, 0.39415362E+00
 0.48641428E+01, 0.39120491E+00
 0.49440617E+01, 0.38825601E+00
 0.50239858E+01, 0.38530691E+00
 0.51039152E+01, 0.38235762E+00
 0.51838499E+01, 0.37940814E+00
 0.52637898E+01, 0.37645846E+00
 0.53437349E+01, 0.37350860E+00
 0.54236851E+01, 0.37055854E+00
 0.55036405E+01, 0.36760829E+00
 0.55836011E+01, 0.36465785E+00
 0.56635667E+01, 0.36170722E+00
 0.57435374E+01, 0.34667517E+00
 0.58235132E+01, 0.33164216E+00
 0.59034940E+01, 0.31660820E+00
 0.59834799E+01, 0.30157331E+00
 0.60634707E+01, 0.28653747E+00
 0.61434665E+01, 0.27150071E+00
 0.62234672E+01, 0.25646301E+00
 0.63034729E+01, 0.24142439E+00
 0.63834834E+01, 0.22638484E+00
 0.64634989E+01, 0.21429685E+00
 0.65435191E+01, 0.20220812E+00
 0.66235443E+01, 0.19011866E+00
 0.67035742E+01, 0.17802848E+00
 0.67836089E+01, 0.16593757E+00
 0.68636483E+01, 0.15384594E+00
 0.69436925E+01, 0.14175360E+00
 0.70237414E+01, 0.12966055E+00
 0.71037950E+01, 0.11756679E+00
 0.71838533E+01, 0.10547232E+00
 0.72639162E+01, 0.93377151E-01
 0.73439837E+01, 0.93377151E-01
 0.74240559E+01, 0.93377151E-01
 0.75041326E+01, 0.93377151E-01
 0.75842138E+01, 0.93377151E-01
 0.76642996E+01, 0.93377151E-01
 0.77443899E+01, 0.93377151E-01
 0.78244847E+01, 0.93377151E-01
 0.79045839E+01, 0.93377151E-01
 0.79846876E+01, 0.93377151E-01
 0.80647957E+01, 0.93377151E-01
 0.81449081E+01, 0.93377151E-01
 0.82250250E+01, 0.93377151E-01
 0.83051462E+01, 0.93377151E-01
 0.83852717E+01, 0.93377151E-01
 0.84654015E+01, 0.93377151E-01
 0.85455356E+01, 0.93377151E-01
 0.86256739E+01, 0.93377151E-01
 0.87058164E+01, 0.93377151E-01
 0.87859632E+01, 0.93377151E-01
 0.88661141E+01, 0.93377151E-01
 0.89462692E+01, 0.93377151E-01
 0.90264285E+01, 0.93377151E-01
 0.91065918E+01, 0.93377151E-01
 0.91867593E+01, 0.93377151E-01
 0.92669308E+01, 0.93377151E-01
 0.93471063E+01, 0.93377151E-01
 0.94272859E+01, 0.93377151E-01
 0.95074694E+01, 0.93377151E-01
 0.95876569E+01, 0.93377151E-01
 0.96678484E+01, 0.93377151E-01
 0.97480438E+01, 0.93377151E-01
 0.98282431E+01, 0.93377151E-01
 0.99084463E+01, 0.93377151E-01
 0.99886534E+01, 0.93377151E-01
 0.10068864E+02, 0.93377151E-01
 0.10149079E+02, 0.93377151E-01
 0.10229297E+02, 0.93377151E-01
 0.10309520E+02, 0.93377151E-01
 0.10389746E+02, 0.93377151E-01
 0.10469975E+02, 0.93377151E-01
 0.10550209E+02, 0.93377151E-01
 0.10630446E+02, 0.93377151E-01
 0.10710686E+02, 0.93377151E-01
 0.10790931E+02, 0.93377151E-01
 0.10871179E+02, 0.93377151E-01
 0.10951430E+02, 0.93377151E-01
 0.11031685E+02, 0.93377151E-01
 0.11111944E+02, 0.93377151E-01
 0.11192206E+02, 0.93377151E-01
 0.11272471E+02, 0.93377151E-01
 0.11352740E+02, 0.93377151E-01
 0.11433013E+02, 0.93377151E-01
 0.11513289E+02, 0.93377151E-01
 0.11593568E+02, 0.93377151E-01
 0.11673851E+02, 0.93377151E-01
 0.11754137E+02, 0.94300213E-01
 0.11834426E+02, 0.95223314E-01
 0.11914719E+02, 0.96146453E-01
 0.11995015E+02, 0.97069629E-01
 0.12075314E+02, 0.97992843E-01
 0.12155616E+02, 0.98916093E-01
 0.12235922E+02, 0.99839381E-01
 0.12316230E+02, 0.10076270E+00
 0.12396542E+02, 0.10168607E+00
 0.12476857E+02, 0.10260946E+00
 0.12557175E+02, 0.10353289E+00
 0.12637497E+02, 0.10445636E+00
 0.12717821E+02, 0.10537986E+00
 0.12798148E+02, 0.10630340E+00
 0.12878478E+02, 0.10722697E+00
 0.12958812E+02, 0.10815058E+00
 0.13039148E+02, 0.10907422E+00
 0.13119487E+02, 0.10999790E+00
 0.13199829E+02, 0.11092161E+00
 0.13280175E+02, 0.11184535E+00
 0.13360522E+02, 0.11276912E+00
 0.13440873E+02, 0.11369293E+00
 0.13521227E+02, 0.11461677E+00
 0.13601583E+02, 0.11554064E+00
 0.13681943E+02, 0.11646455E+00
 0.13762304E+02, 0.11738848E+00
 0.13842669E+02, 0.11831245E+00
 0.13923037E+02, 0.11923645E+00
 0.14003407E+02, 0.12016048E+00
 0.14083779E+02, 0.12108454E+00
 0.14164155E+02, 0.12200863E+00
 0.14244533E+02, 0.12293275E+00
 0.14324913E+02, 0.12385690E+00
 0.14405297E+02, 0.12478108E+00
 0.14485682E+02, 0.12570529E+00
 0.14566071E+02, 0.12662953E+00
 0.14646461E+02, 0.12755380E+00
 0.14726855E+02, 0.12847809E+00
 0.14807250E+02, 0.12940242E+00
 0.14887648E+02, 0.13032677E+00
 0.14968049E+02, 0.13125115E+00
 0.15048452E+02, 0.13217555E+00
 0.15128857E+02, 0.13309999E+00
 0.15209265E+02, 0.13402445E+00
 0.15289675E+02, 0.13494894E+00
 0.15370087E+02, 0.13587345E+00
 0.15450501E+02, 0.13679799E+00
 0.15530918E+02, 0.13772255E+00
 0.15611337E+02, 0.13864715E+00
 0.15691758E+02, 0.13957176E+00
 0.15772181E+02, 0.14049640E+00
 0.15852607E+02, 0.14142107E+00
 0.15933034E+02, 0.14234576E+00
 0.16013464E+02, 0.14327047E+00
 0.16093896E+02, 0.14419521E+00
 0.16174329E+02, 0.14511997E+00
 0.16254765E+02, 0.14604476E+00
 0.16335203E+02, 0.14696957E+00
 0.16415643E+02, 0.14789440E+00
 0.16496085E+02, 0.14881925E+00
 0.16576528E+02, 0.14974413E+00
 0.16656974E+02, 0.15066903E+00
 0.16737421E+02, 0.15159394E+00
 0.16817871E+02, 0.15251889E+00
 0.16898322E+02, 0.15344385E+00
 0.16978775E+02, 0.15436883E+00
 0.17059230E+02, 0.15529383E+00
 0.17139686E+02, 0.15621886E+00
 0.17220145E+02, 0.15714390E+00
 0.17300605E+02, 0.15806897E+00
 0.17381067E+02, 0.15899405E+00
 0.17461530E+02, 0.15991915E+00
 0.17541995E+02, 0.16084428E+00
 0.17622462E+02, 0.16176942E+00
 0.17702930E+02, 0.16269457E+00
 0.17783400E+02, 0.16361975E+00
 0.17863872E+02, 0.16454495E+00
 0.17944345E+02, 0.16547016E+00
 0.18024819E+02, 0.16639539E+00
 0.18105295E+02, 0.16732064E+00
 0.18185773E+02, 0.16824590E+00
 0.18266252E+02, 0.16917118E+00
 0.18346732E+02, 0.17009648E+00
 0.18427214E+02, 0.17102179E+00
 0.18507697E+02, 0.17194712E+00
 0.18588181E+02, 0.17287247E+00
 0.18668667E+02, 0.17379782E+00
 0.18749154E+02, 0.17472320E+00
 0.18829642E+02, 0.17564859E+00
 0.18910132E+02, 0.17657399E+00
 0.18990623E+02, 0.17749941E+00
 0.19071115E+02, 0.17842484E+00
 0.19151608E+02, 0.17935029E+00
 0.19232102E+02, 0.18027574E+00
 0.19312598E+02, 0.18120121E+00
 0.19393094E+02, 0.18212670E+00
 0.19473592E+02, 0.18305220E+00
 0.19554091E+02, 0.18397770E+00
 0.19634591E+02, 0.18490323E+00
 0.19715091E+02, 0.18582876E+00
 0.19795593E+02, 0.18675430E+00
 0.19876096E+02, 0.18675430E+00
 0.19956600E+02, 0.18675430E+00
 0.20037104E+02, 0.18675430E+00
 0.20117610E+02, 0.18675430E+00
 0.20198116E+02, 0.18675430E+00
 0.20278624E+02, 0.18675430E+00
 0.20359132E+02, 0.18675430E+00
 0.20439640E+02, 0.18675430E+00
 0.20520150E+02, 0.18675430E+00
 0.20600661E+02, 0.18675430E+00
 0.20681172E+02, 0.18675430E+00
 0.20761684E+02, 0.18675430E+00
 0.20842196E+02, 0.18675430E+00
 0.20922709E+02, 0.18675430E+00
 0.21003223E+02, 0.18675430E+00
 0.21083738E+02, 0.18675430E+00
 0.21164253E+02, 0.18675430E+00
 0.21244768E+02, 0.18675430E+00
 0.21325285E+02, 0.18675430E+00
 0.21405801E+02, 0.18675430E+00
 0.21486318E+02, 0.18675430E+00
 0.21566836E+02, 0.18675430E+00
 0.21647354E+02, 0.18675430E+00
 0.21727873E+02, 0.18675430E+00
 0.21808392E+02, 0.18675430E+00
 0.21888911E+02, 0.18675430E+00
 0.21969431E+02, 0.18675430E+00
 0.22049951E+02, 0.18675430E+00
 0.22130471E+02, 0.18675430E+00
 0.22210992E+02, 0.18675430E+00
 0.22291512E+02, 0.18675430E+00
 0.22372033E+02, 0.18675430E+00
 0.22452555E+02, 0.18675430E+00
 0.22533076E+02, 0.18675430E+00
 0.22613598E+02, 0.18675430E+00
 0.22694120E+02, 0.18675430E+00
 0.22774642E+02, 0.18675430E+00
 0.22855164E+02, 0.18675430E+00
 0.22935686E+02, 0.18675430E+00
 0.23016208E+02, 0.18675430E+00
 0.23096730E+02, 0.18675430E+00
 0.23177245E+02, 0.18675430E+00
 0.23263916E+02, 0.18675430E+00
 0.23357127E+02, 0.18675430E+00
 0.23457269E+02, 0.18675430E+00
 0.23564742E+02, 0.18675430E+00
 0.23679948E+02, 0.18675430E+00
 0.23803290E+02, 0.18675430E+00
 0.23935168E+02, 0.18675430E+00
 0.24075970E+02, 0.18675430E+00
 0.24226073E+02, 0.18675430E+00
 0.24385831E+02, 0.18675430E+00
 0.24555573E+02, 0.18675430E+00
 0.24735591E+02, 0.18675430E+00
 0.24926137E+02, 0.18675430E+00
 0.25127412E+02, 0.18675430E+00
 0.25339558E+02, 0.18675430E+00
 0.25562651E+02, 0.18675430E+00
 0.25796691E+02, 0.18675430E+00
 0.26041595E+02, 0.18675430E+00
 0.26297191E+02, 0.18675430E+00
 0.26563211E+02, 0.18675430E+00
 0.26839285E+02, 0.18675430E+00
 0.27124941E+02, 0.18675430E+00
 0.27419601E+02, 0.18675430E+00
 0.27722584E+02, 0.18675430E+00
 0.28033107E+02, 0.18675430E+00
 0.28350293E+02, 0.18675430E+00
 0.28673177E+02, 0.18675430E+00
 0.29000719E+02, 0.18675430E+00
 0.29331813E+02, 0.18675430E+00
 0.29665303E+02, 0.18675430E+00
 0.30000000E+02, 0.18675430E+00
 0.00000000E+00, 0.50747646E+00
 0.79553127E-01, 0.50747646E+00
 0.15911293E+00, 0.50747646E+00
 0.23867938E+00, 0.50747646E+00
 0.31825247E+00, 0.50747646E+00
 0.39783216E+00, 0.50747646E+00
 0.47741844E+00, 0.50747646E+00
 0.55701129E+00, 0.50747646E+00
 0.63661067E+00, 0.50747646E+00
 0.71621657E+00, 0.50747646E+00
 0.79582896E+00, 0.50747646E+00
 0.87544783E+00, 0.50747646E+00
 0.95507315E+00, 0.50747646E+00
 0.10347049E+01, 0.50747646E+00
 0.11143430E+01, 0.50747646E+00
 0.11939876E+01, 0.50747646E+00
 0.12736385E+01, 0.50747646E+00
 0.13532957E+01, 0.50747646E+00
 0.14329592E+01, 0.50747646E+00
 0.15126291E+01, 0.50747646E+00
 0.15923052E+01, 0.50747646E+00
 0.16719875E+01, 0.50747646E+00
 0.17516761E+01, 0.50747646E+00
 0.18313709E+01, 0.50747646E+00
 0.19110718E+01, 0.50747646E+00
 0.19907790E+01, 0.50747646E+00
 0.20704922E+01, 0.50747646E+00
 0.21502116E+01, 0.50747646E+00
 0.22299370E+01, 0.50747646E+00
 0.23096685E+01, 0.50747646E+00
 0.23894061E+01, 0.50747646E+00
 0.24691496E+01, 0.50747646E+00
 0.25488992E+01, 0.50747646E+00
 0.26286547E+01, 0.50747646E+00
 0.27084162E+01, 0.50747646E+00
 0.27881836E+01, 0.50747646E+00
 0.28679570E+01, 0.50747646E+00
 0.29477362E+01, 0.50747646E+00
 0.30275212E+01, 0.50747646E+00
 0.31073121E+01, 0.50747646E+00
 0.31871089E+01, 0.50747646E+00
 0.32669114E+01, 0.50747646E+00
 0.33467197E+01, 0.50747646E+00
 0.34265337E+01, 0.50354805E+00
 0.35063534E+01, 0.49961936E+00
 0.35861789E+01, 0.49569039E+00
 0.36660100E+01, 0.49176114E+00
 0.37458468E+01, 0.48783161E+00
 0.38256892E+01, 0.48390180E+00
 0.39055373E+01, 0.47997171E+00
 0.39853909E+01, 0.47604135E+00
 0.40652500E+01, 0.47211072E+00
 0.41451148E+01, 0.46817982E+00
 0.42249850E+01, 0.46424864E+00
 0.43048607E+01, 0.46031719E+00
 0.43847419E+01, 0.45638547E+00
 0.44646286E+01, 0.45245349E+00
 0.45445207E+01, 0.44852124E+00
 0.46244182E+01, 0.44458872E+00
 0.47043210E+01, 0.44065594E+00
 0.47842292E+01, 0.43672289E+00
 0.48641428E+01, 0.43278958E+00
 0.49440617E+01, 0.42885601E+00
 0.50239858E+01, 0.42492218E+00
 0.51039152E+01, 0.42098809E+00
 0.51838499E+01, 0.41705374E+00
 0.52637898E+01, 0.41311913E+00
 0.53437349E+01, 0.40918427E+00
 0.54236851E+01, 0.40524916E+00
 0.55036405E+01, 0.40131379E+00
 0.55836011E+01, 0.39737816E+00
 0.56635667E+01, 0.39344229E+00
 0.57435374E+01, 0.37784041E+00
 0.58235132E+01, 0.36223755E+00
 0.59034940E+01, 0.34663370E+00
 0.59834799E+01, 0.33102887E+00
 0.60634707E+01, 0.31542307E+00
 0.61434665E+01, 0.29981630E+00
 0.62234672E+01, 0.28420856E+00
 0.63034729E+01, 0.26859987E+00
 0.63834834E+01, 0.25299022E+00
 0.64634989E+01, 0.24131794E+00
 0.65435191E+01, 0.22964496E+00
 0.66235443E+01, 0.21797127E+00
 0.67035742E+01, 0.20629688E+00
 0.67836089E+01, 0.19462179E+00
 0.68636483E+01, 0.18294600E+00
 0.69436925E+01, 0.17126953E+00
 0.70237414E+01, 0.15959237E+00
 0.71037950E+01, 0.14791452E+00
 0.71838533E+01, 0.13623600E+00
 0.72639162E+01, 0.12455679E+00
 0.73439837E+01, 0.12455679E+00
 0.74240559E+01, 0.12455679E+00
 0.75041326E+01, 0.12455679E+00
 0.75842138E+01, 0.12455679E+00
 0.76642996E+01, 0.12455679E+00
 0.77443899E+01, 0.12455679E+00
 0.78244847E+01, 0.12455679E+00
 0.79045839E+01, 0.12455679E+00
 0.79846876E+01, 0.12455679E+00
 0.80647957E+01, 0.12455679E+00
 0.81449081E+01, 0.12455679E+00
 0.82250250E+01, 0.12455679E+00
 0.83051462E+01, 0.12455679E+00
 0.83852717E+01, 0.12455679E+00
 0.84654015E+01, 0.12455679E+00
 0.85455356E+01, 0.12455679E+00
 0.86256739E+01, 0.12455679E+00
 0.87058164E+01, 0.12455679E+00
 0.87859632E+01, 0.12455679E+00
 0.88661141E+01, 0.12455679E+00
 0.89462692E+01, 0.12455679E+00
 0.90264285E+01, 0.12455679E+00
 0.91065918E+01, 0.12455679E+00
 0.91867593E+01, 0.12455679E+00
 0.92669308E+01, 0.12455679E+00
 0.93471063E+01, 0.12455679E+00
 0.94272859E+01, 0.12455679E+00
 0.95074694E+01, 0.12455679E+00
 0.95876569E+01, 0.12455679E+00
 0.96678484E+01, 0.12455679E+00
 0.97480438E+01, 0.12455679E+00
 0.98282431E+01, 0.12455679E+00
 0.99084463E+01, 0.12455679E+00
 0.99886534E+01, 0.12455679E+00
 0.10068864E+02, 0.12455679E+00
 0.10149079E+02, 0.12455679E+00
 0.10229297E+02, 0.12455679E+00
 0.10309520E+02, 0.12455679E+00
 0.10389746E+02, 0.12455679E+00
 0.10469975E+02, 0.12455679E+00
 0.10550209E+02, 0.12455679E+00
 0.10630446E+02, 0.12455679E+00
 0.10710686E+02, 0.12455679E+00
 0.10790931E+02, 0.12455679E+00
 0.10871179E+02, 0.12455679E+00
 0.10951430E+02, 0.12455679E+00
 0.11031685E+02, 0.12455679E+00
 0.11111944E+02, 0.12455679E+00
 0.11192206E+02, 0.12455679E+00
 0.11272471E+02, 0.12455679E+00
 0.11352740E+02, 0.12455679E+00
 0.11433013E+02, 0.12455679E+00
 0.11513289E+02, 0.12455679E+00
 0.11593568E+02, 0.12455679E+00
 0.11673851E+02, 0.12455679E+00
 0.11754137E+02, 0.12578808E+00
 0.11834426E+02, 0.12701941E+00
 0.11914719E+02, 0.12825079E+00
 0.11995015E+02, 0.12948223E+00
 0.12075314E+02, 0.13071371E+00
 0.12155616E+02, 0.13194525E+00
 0.12235922E+02, 0.13317683E+00
 0.12316230E+02, 0.13440846E+00
 0.12396542E+02, 0.13564014E+00
 0.12476857E+02, 0.13687187E+00
 0.12557175E+02, 0.13810365E+00
 0.12637497E+02, 0.13933547E+00
 0.12717821E+02, 0.14056734E+00
 0.12798148E+02, 0.14179926E+00
 0.12878478E+02, 0.14303122E+00
 0.12958812E+02, 0.14426323E+00
 0.13039148E+02, 0.14549529E+00
 0.13119487E+02, 0.14672739E+00
 0.13199829E+02, 0.14795953E+00
 0.13280175E+02, 0.14919172E+00
 0.13360522E+02, 0.15042395E+00
 0.13440873E+02, 0.15165623E+00
 0.13521227E+02, 0.15288855E+00
 0.13601583E+02, 0.15412091E+00
 0.13681943E+02, 0.15535332E+00
 0.13762304E+02, 0.15658577E+00
 0.13842669E+02, 0.15781826E+00
 0.13923037E+02, 0.15905079E+00
 0.14003407E+02, 0.16028336E+00
 0.14083779E+02, 0.16151598E+00
 0.14164155E+02, 0.16274863E+00
 0.14244533E+02, 0.16398133E+00
 0.14324913E+02, 0.16521406E+00
 0.14405297E+02, 0.16644683E+00
 0.14485682E+02, 0.16767965E+00
 0.14566071E+02, 0.16891250E+00
 0.14646461E+02, 0.17014539E+00
 0.14726855E+02, 0.17137832E+00
 0.14807250E+02, 0.17261128E+00
 0.14887648E+02, 0.17384429E+00
 0.14968049E+02, 0.17507732E+00
 0.15048452E+02, 0.17631040E+00
 0.15128857E+02, 0.17754351E+00
 0.15209265E+02, 0.17877666E+00
 0.15289675E+02, 0.18000985E+00
 0.15370087E+02, 0.18124306E+00
 0.15450501E+02, 0.18247632E+00
 0.15530918E+02, 0.18370961E+00
 0.15611337E+02, 0.18494293E+00
 0.15691758E+02, 0.18617628E+00
 0.15772181E+02, 0.18740967E+00
 0.15852607E+02, 0.18864309E+00
 0.15933034E+02, 0.18987655E+00
 0.16013464E+02, 0.19111003E+00
 0.16093896E+02, 0.19234355E+00
 0.16174329E+02, 0.19357710E+00
 0.16254765E+02, 0.19481068E+00
 0.16335203E+02, 0.19604430E+00
 0.16415643E+02, 0.19727794E+00
 0.16496085E+02, 0.19851161E+00
 0.16576528E+02, 0.19974531E+00
 0.16656974E+02, 0.20097904E+00
 0.16737421E+02, 0.20221280E+00
 0.16817871E+02, 0.20344659E+00
 0.16898322E+02, 0.20468041E+00
 0.16978775E+02, 0.20591425E+00
 0.17059230E+02, 0.20714813E+00
 0.17139686E+02, 0.20838203E+00
 0.17220145E+02, 0.20961595E+00
 0.17300605E+02, 0.21084991E+00
 0.17381067E+02, 0.21208389E+00
 0.17461530E+02, 0.21331789E+00
 0.17541995E+02, 0.21455192E+00
 0.17622462E+02, 0.21578597E+00
 0.17702930E+02, 0.21702005E+00
 0.17783400E+02, 0.21825416E+00
 0.17863872E+02, 0.21948829E+00
 0.17944345E+02, 0.22072244E+00
 0.18024819E+02, 0.22195661E+00
 0.18105295E+02, 0.22319081E+00
 0.18185773E+02, 0.22442503E+00
 0.18266252E+02, 0.22565927E+00
 0.18346732E+02, 0.22689353E+00
 0.18427214E+02, 0.22812782E+00
 0.18507697E+02, 0.22936213E+00
 0.18588181E+02, 0.23059645E+00
 0.18668667E+02, 0.23183080E+00
 0.18749154E+02, 0.23306517E+00
 0.18829642E+02, 0.23429955E+00
 0.18910132E+02, 0.23553396E+00
 0.18990623E+02, 0.23676838E+00
 0.19071115E+02, 0.23800283E+00
 0.19151608E+02, 0.23923729E+00
 0.19232102E+02, 0.24047177E+00
 0.19312598E+02, 0.24170626E+00
 0.19393094E+02, 0.24294078E+00
 0.19473592E+02, 0.24417531E+00
 0.19554091E+02, 0.24540985E+00
 0.19634591E+02, 0.24664441E+00
 0.19715091E+02, 0.24787899E+00
 0.19795593E+02, 0.24911358E+00
 0.19876096E+02, 0.24911358E+00
 0.19956600E+02, 0.24911358E+00
 0.20037104E+02, 0.24911358E+00
 0.20117610E+02, 0.24911358E+00
 0.20198116E+02, 0.24911358E+00
 0.20278624E+02, 0.24911358E+00
 0.20359132E+02, 0.24911358E+00
 0.20439640E+02, 0.24911358E+00
 0.20520150E+02, 0.24911358E+00
 0.20600661E+02, 0.24911358E+00
 0.20681172E+02, 0.24911358E+00
 0.20761684E+02, 0.24911358E+00
 0.20842196E+02, 0.24911358E+00
 0.20922709E+02, 0.24911358E+00
 0.21003223E+02, 0.24911358E+00
 0.21083738E+02, 0.24911358E+00
 0.21164253E+02, 0.24911358E+00
 0.21244768E+02, 0.24911358E+00
 0.21325285E+02, 0.24911358E+00
 0.21405801E+02, 0.24911358E+00
 0.21486318E+02, 0.24911358E+00
 0.21566836E+02, 0.24911358E+00
 0.21647354E+02, 0.24911358E+00
 0.21727873E+02, 0.24911358E+00
 0.21808392E+02, 0.24911358E+00
 0.21888911E+02, 0.24911358E+00
 0.21969431E+02, 0.24911358E+00
 0.22049951E+02, 0.24911358E+00
 0.22130471E+02, 0.24911358E+00
 0.22210992E+02, 0.24911358E+00
 0.22291512E+02, 0.24911358E+00
 0.22372033E+02, 0.24911358E+00
 0.22452555E+02, 0.24911358E+00
 0.22533076E+02, 0.24911358E+00
 0.22613598E+02, 0.24911358E+00
 0.22694120E+02, 0.24911358E+00
 0.22774642E+02, 0.24911358E+00
 0.22855164E+02, 0.24911358E+00
 0.22935686E+02, 0.24911358E+00
 0.23016208E+02, 0.24911358E+00
 0.23096730E+02, 0.24911358E+00
 0.23177245E+02, 0.24911358E+00
 0.23263916E+02, 0.24911358E+00
 0.23357127E+02, 0.24911358E+00
 0.23457269E+02, 0.24911358E+00
 0.23564742E+02, 0.24911358E+00
 0.23679948E+02, 0.24911358E+00
 0.23803290E+02, 0.24911358E+00
 0.23935168E+02, 0.24911358E+00
 0.24075970E+02, 0.24911358E+00
 0.24226073E+02, 0.24911358E+00
 0.24385831E+02, 0.24911358E+00
 0.24555573E+02, 0.24911358E+00
 0.24735591E+02, 0.24911358E+00
 0.24926137E+02, 0.24911358E+00
 0.25127412E+02, 0.24911358E+00
 0.25339558E+02, 0.24911358E+00
 0.25562651E+02, 0.24911358E+00
 0.25796691E+02, 0.24911358E+00
 0.26041595E+02, 0.24911358E+00
 0.26297191E+02, 0.24911358E+00
 0.26563211E+02, 0.24911358E+00
 0.26839285E+02, 0.24911358E+00
 0.27124941E+02, 0.24911358E+00
 0.27419601E+02, 0.24911358E+00
 0.27722584E+02, 0.24911358E+00
 0.28033107E+02, 0.24911358E+00
 0.28350293E+02, 0.24911358E+00
 0.28673177E+02, 0.24911358E+00
 0.29000719E+02, 0.24911358E+00
 0.29331813E+02, 0.24911358E+00
 0.29665303E+02, 0.24911358E+00
 0.30000000E+02, 0.24911358E+00
 0.00000000E+00, 0.56780296E+00
 0.79553127E-01, 0.56780296E+00
 0.15911293E+00, 0.56780296E+00
 0.23867938E+00, 0.56780296E+00
 0.31825247E+00, 0.56780296E+00
 0.39783216E+00, 0.56780296E+00
 0.47741844E+00, 0.56780296E+00
 0.55701129E+00, 0.56780296E+00
 0.63661067E+00, 0.56780296E+00
 0.71621657E+00, 0.56780296E+00
 0.79582896E+00, 0.56780296E+00
 0.87544783E+00, 0.56780296E+00
 0.95507315E+00, 0.56780296E+00
 0.10347049E+01, 0.56780296E+00
 0.11143430E+01, 0.56780296E+00
 0.11939876E+01, 0.56780296E+00
 0.12736385E+01, 0.56780296E+00
 0.13532957E+01, 0.56780296E+00
 0.14329592E+01, 0.56780296E+00
 0.15126291E+01, 0.56780296E+00
 0.15923052E+01, 0.56780296E+00
 0.16719875E+01, 0.56780296E+00
 0.17516761E+01, 0.56780296E+00
 0.18313709E+01, 0.56780296E+00
 0.19110718E+01, 0.56780296E+00
 0.19907790E+01, 0.56780296E+00
 0.20704922E+01, 0.56780296E+00
 0.21502116E+01, 0.56780296E+00
 0.22299370E+01, 0.56780296E+00
 0.23096685E+01, 0.56780296E+00
 0.23894061E+01, 0.56780296E+00
 0.24691496E+01, 0.56780296E+00
 0.25488992E+01, 0.56780296E+00
 0.26286547E+01, 0.56780296E+00
 0.27084162E+01, 0.56780296E+00
 0.27881836E+01, 0.56780296E+00
 0.28679570E+01, 0.56780296E+00
 0.29477362E+01, 0.56780296E+00
 0.30275212E+01, 0.56780296E+00
 0.31073121E+01, 0.56780296E+00
 0.31871089E+01, 0.56780296E+00
 0.32669114E+01, 0.56780296E+00
 0.33467197E+01, 0.56780296E+00
 0.34265337E+01, 0.56289042E+00
 0.35063534E+01, 0.55797753E+00
 0.35861789E+01, 0.55306429E+00
 0.36660100E+01, 0.54815070E+00
 0.37458468E+01, 0.54323677E+00
 0.38256892E+01, 0.53832248E+00
 0.39055373E+01, 0.53340785E+00
 0.39853909E+01, 0.52849288E+00
 0.40652500E+01, 0.52357756E+00
 0.41451148E+01, 0.51866191E+00
 0.42249850E+01, 0.51374591E+00
 0.43048607E+01, 0.50882958E+00
 0.43847419E+01, 0.50391290E+00
 0.44646286E+01, 0.49899590E+00
 0.45445207E+01, 0.49407856E+00
 0.46244182E+01, 0.48916088E+00
 0.47043210E+01, 0.48424288E+00
 0.47842292E+01, 0.47932454E+00
 0.48641428E+01, 0.47440588E+00
 0.49440617E+01, 0.46948689E+00
 0.50239858E+01, 0.46456758E+00
 0.51039152E+01, 0.45964794E+00
 0.51838499E+01, 0.45472797E+00
 0.52637898E+01, 0.44980769E+00
 0.53437349E+01, 0.44488709E+00
 0.54236851E+01, 0.43996617E+00
 0.55036405E+01, 0.43504493E+00
 0.55836011E+01, 0.43012337E+00
 0.56635667E+01, 0.42520150E+00
 0.57435374E+01, 0.40902937E+00
 0.58235132E+01, 0.39285621E+00
 0.59034940E+01, 0.37668203E+00
 0.59834799E+01, 0.36050684E+00
 0.60634707E+01, 0.34433064E+00
 0.61434665E+01, 0.32815343E+00
 0.62234672E+01, 0.31197523E+00
 0.63034729E+01, 0.29579603E+00
 0.63834834E+01, 0.27961584E+00
 0.64634989E+01, 0.26835959E+00
 0.65435191E+01, 0.25710267E+00
 0.66235443E+01, 0.24584506E+00
 0.67035742E+01, 0.23458678E+00
 0.67836089E+01, 0.22332783E+00
 0.68636483E+01, 0.21206820E+00
 0.69436925E+01, 0.20080791E+00
 0.70237414E+01, 0.18954696E+00
 0.71037950E+01, 0.17828535E+00
 0.71838533E+01, 0.16702308E+00
 0.72639162E+01, 0.15576015E+00
 0.73439837E+01, 0.15576015E+00
 0.74240559E+01, 0.15576015E+00
 0.75041326E+01, 0.15576015E+00
 0.75842138E+01, 0.15576015E+00
 0.76642996E+01, 0.15576015E+00
 0.77443899E+01, 0.15576015E+00
 0.78244847E+01, 0.15576015E+00
 0.79045839E+01, 0.15576015E+00
 0.79846876E+01, 0.15576015E+00
 0.80647957E+01, 0.15576015E+00
 0.81449081E+01, 0.15576015E+00
 0.82250250E+01, 0.15576015E+00
 0.83051462E+01, 0.15576015E+00
 0.83852717E+01, 0.15576015E+00
 0.84654015E+01, 0.15576015E+00
 0.85455356E+01, 0.15576015E+00
 0.86256739E+01, 0.15576015E+00
 0.87058164E+01, 0.15576015E+00
 0.87859632E+01, 0.15576015E+00
 0.88661141E+01, 0.15576015E+00
 0.89462692E+01, 0.15576015E+00
 0.90264285E+01, 0.15576015E+00
 0.91065918E+01, 0.15576015E+00
 0.91867593E+01, 0.15576015E+00
 0.92669308E+01, 0.15576015E+00
 0.93471063E+01, 0.15576015E+00
 0.94272859E+01, 0.15576015E+00
 0.95074694E+01, 0.15576015E+00
 0.95876569E+01, 0.15576015E+00
 0.96678484E+01, 0.15576015E+00
 0.97480438E+01, 0.15576015E+00
 0.98282431E+01, 0.15576015E+00
 0.99084463E+01, 0.15576015E+00
 0.99886534E+01, 0.15576015E+00
 0.10068864E+02, 0.15576015E+00
 0.10149079E+02, 0.15576015E+00
 0.10229297E+02, 0.15576015E+00
 0.10309520E+02, 0.15576015E+00
 0.10389746E+02, 0.15576015E+00
 0.10469975E+02, 0.15576015E+00
 0.10550209E+02, 0.15576015E+00
 0.10630446E+02, 0.15576015E+00
 0.10710686E+02, 0.15576015E+00
 0.10790931E+02, 0.15576015E+00
 0.10871179E+02, 0.15576015E+00
 0.10951430E+02, 0.15576015E+00
 0.11031685E+02, 0.15576015E+00
 0.11111944E+02, 0.15576015E+00
 0.11192206E+02, 0.15576015E+00
 0.11272471E+02, 0.15576015E+00
 0.11352740E+02, 0.15576015E+00
 0.11433013E+02, 0.15576015E+00
 0.11513289E+02, 0.15576015E+00
 0.11593568E+02, 0.15576015E+00
 0.11673851E+02, 0.15576015E+00
 0.11754137E+02, 0.15729989E+00
 0.11834426E+02, 0.15883969E+00
 0.11914719E+02, 0.16037956E+00
 0.11995015E+02, 0.16191949E+00
 0.12075314E+02, 0.16345948E+00
 0.12155616E+02, 0.16499953E+00
 0.12235922E+02, 0.16653964E+00
 0.12316230E+02, 0.16807982E+00
 0.12396542E+02, 0.16962005E+00
 0.12476857E+02, 0.17116035E+00
 0.12557175E+02, 0.17270070E+00
 0.12637497E+02, 0.17424111E+00
 0.12717821E+02, 0.17578159E+00
 0.12798148E+02, 0.17732212E+00
 0.12878478E+02, 0.17886271E+00
 0.12958812E+02, 0.18040335E+00
 0.13039148E+02, 0.18194406E+00
 0.13119487E+02, 0.18348481E+00
 0.13199829E+02, 0.18502563E+00
 0.13280175E+02, 0.18656650E+00
 0.13360522E+02, 0.18810743E+00
 0.13440873E+02, 0.18964841E+00
 0.13521227E+02, 0.19118944E+00
 0.13601583E+02, 0.19273053E+00
 0.13681943E+02, 0.19427168E+00
 0.13762304E+02, 0.19581287E+00
 0.13842669E+02, 0.19735412E+00
 0.13923037E+02, 0.19889542E+00
 0.14003407E+02, 0.20043677E+00
 0.14083779E+02, 0.20197817E+00
 0.14164155E+02, 0.20351963E+00
 0.14244533E+02, 0.20506113E+00
 0.14324913E+02, 0.20660268E+00
 0.14405297E+02, 0.20814428E+00
 0.14485682E+02, 0.20968594E+00
 0.14566071E+02, 0.21122763E+00
 0.14646461E+02, 0.21276938E+00
 0.14726855E+02, 0.21431118E+00
 0.14807250E+02, 0.21585302E+00
 0.14887648E+02, 0.21739491E+00
 0.14968049E+02, 0.21893684E+00
 0.15048452E+02, 0.22047882E+00
 0.15128857E+02, 0.22202085E+00
 0.15209265E+02, 0.22356292E+00
 0.15289675E+02, 0.22510503E+00
 0.15370087E+02, 0.22664719E+00
 0.15450501E+02, 0.22818939E+00
 0.15530918E+02, 0.22973164E+00
 0.15611337E+02, 0.23127393E+00
 0.15691758E+02, 0.23281626E+00
 0.15772181E+02, 0.23435863E+00
 0.15852607E+02, 0.23590104E+00
 0.15933034E+02, 0.23744349E+00
 0.16013464E+02, 0.23898599E+00
 0.16093896E+02, 0.24052852E+00
 0.16174329E+02, 0.24207109E+00
 0.16254765E+02, 0.24361371E+00
 0.16335203E+02, 0.24515636E+00
 0.16415643E+02, 0.24669904E+00
 0.16496085E+02, 0.24824177E+00
 0.16576528E+02, 0.24978453E+00
 0.16656974E+02, 0.25132733E+00
 0.16737421E+02, 0.25287017E+00
 0.16817871E+02, 0.25441304E+00
 0.16898322E+02, 0.25595595E+00
 0.16978775E+02, 0.25749889E+00
 0.17059230E+02, 0.25904187E+00
 0.17139686E+02, 0.26058488E+00
 0.17220145E+02, 0.26212792E+00
 0.17300605E+02, 0.26367100E+00
 0.17381067E+02, 0.26521411E+00
 0.17461530E+02, 0.26675725E+00
 0.17541995E+02, 0.26830042E+00
 0.17622462E+02, 0.26984362E+00
 0.17702930E+02, 0.27138686E+00
 0.17783400E+02, 0.27293013E+00
 0.17863872E+02, 0.27447342E+00
 0.17944345E+02, 0.27601675E+00
 0.18024819E+02, 0.27756010E+00
 0.18105295E+02, 0.27910348E+00
 0.18185773E+02, 0.28064689E+00
 0.18266252E+02, 0.28219033E+00
 0.18346732E+02, 0.28373380E+00
 0.18427214E+02, 0.28527729E+00
 0.18507697E+02, 0.28682081E+00
 0.18588181E+02, 0.28836435E+00
 0.18668667E+02, 0.28990792E+00
 0.18749154E+02, 0.29145151E+00
 0.18829642E+02, 0.29299513E+00
 0.18910132E+02, 0.29453878E+00
 0.18990623E+02, 0.29608244E+00
 0.19071115E+02, 0.29762613E+00
 0.19151608E+02, 0.29916984E+00
 0.19232102E+02, 0.30071358E+00
 0.19312598E+02, 0.30225734E+00
 0.19393094E+02, 0.30380111E+00
 0.19473592E+02, 0.30534491E+00
 0.19554091E+02, 0.30688873E+00
 0.19634591E+02, 0.30843257E+00
 0.19715091E+02, 0.30997643E+00
 0.19795593E+02, 0.31152030E+00
 0.19876096E+02, 0.31152030E+00
 0.19956600E+02, 0.31152030E+00
 0.20037104E+02, 0.31152030E+00
 0.20117610E+02, 0.31152030E+00
 0.20198116E+02, 0.31152030E+00
 0.20278624E+02, 0.31152030E+00
 0.20359132E+02, 0.31152030E+00
 0.20439640E+02, 0.31152030E+00
 0.20520150E+02, 0.31152030E+00
 0.20600661E+02, 0.31152030E+00
 0.20681172E+02, 0.31152030E+00
 0.20761684E+02, 0.31152030E+00
 0.20842196E+02, 0.31152030E+00
 0.20922709E+02, 0.31152030E+00
 0.21003223E+02, 0.31152030E+00
 0.21083738E+02, 0.31152030E+00
 0.21164253E+02, 0.31152030E+00
 0.21244768E+02, 0.31152030E+00
 0.21325285E+02, 0.31152030E+00
 0.21405801E+02, 0.31152030E+00
 0.21486318E+02, 0.31152030E+00
 0.21566836E+02, 0.31152030E+00
 0.21647354E+02, 0.31152030E+00
 0.21727873E+02, 0.31152030E+00
 0.21808392E+02, 0.31152030E+00
 0.21888911E+02, 0.31152030E+00
 0.21969431E+02, 0.31152030E+00
 0.22049951E+02, 0.31152030E+00
 0.22130471E+02, 0.31152030E+00
 0.22210992E+02, 0.31152030E+00
 0.22291512E+02, 0.31152030E+00
 0.22372033E+02, 0.31152030E+00
 0.22452555E+02, 0.31152030E+00
 0.22533076E+02, 0.31152030E+00
 0.22613598E+02, 0.31152030E+00
 0.22694120E+02, 0.31152030E+00
 0.22774642E+02, 0.31152030E+00
 0.22855164E+02, 0.31152030E+00
 0.22935686E+02, 0.31152030E+00
 0.23016208E+02, 0.31152030E+00
 0.23096730E+02, 0.31152030E+00
 0.23177245E+02, 0.31152030E+00
 0.23263916E+02, 0.31152030E+00
 0.23357127E+02, 0.31152030E+00
 0.23457269E+02, 0.31152030E+00
 0.23564742E+02, 0.31152030E+00
 0.23679948E+02, 0.31152030E+00
 0.23803290E+02, 0.31152030E+00
 0.23935168E+02, 0.31152030E+00
 0.24075970E+02, 0.31152030E+00
 0.24226073E+02, 0.31152030E+00
 0.24385831E+02, 0.31152030E+00
 0.24555573E+02, 0.31152030E+00
 0.24735591E+02, 0.31152030E+00
 0.24926137E+02, 0.31152030E+00
 0.25127412E+02, 0.31152030E+00
 0.25339558E+02, 0.31152030E+00
 0.25562651E+02, 0.31152030E+00
 0.25796691E+02, 0.31152030E+00
 0.26041595E+02, 0.31152030E+00
 0.26297191E+02, 0.31152030E+00
 0.26563211E+02, 0.31152030E+00
 0.26839285E+02, 0.31152030E+00
 0.27124941E+02, 0.31152030E+00
 0.27419601E+02, 0.31152030E+00
 0.27722584E+02, 0.31152030E+00
 0.28033107E+02, 0.31152030E+00
 0.28350293E+02, 0.31152030E+00
 0.28673177E+02, 0.31152030E+00
 0.29000719E+02, 0.31152030E+00
 0.29331813E+02, 0.31152030E+00
 0.29665303E+02, 0.31152030E+00
 0.30000000E+02, 0.31152030E+00
 0.00000000E+00, 0.62817153E+00
 0.79553127E-01, 0.62817153E+00
 0.15911293E+00, 0.62817153E+00
 0.23867938E+00, 0.62817153E+00
 0.31825247E+00, 0.62817153E+00
 0.39783216E+00, 0.62817153E+00
 0.47741844E+00, 0.62817153E+00
 0.55701129E+00, 0.62817153E+00
 0.63661067E+00, 0.62817153E+00
 0.71621657E+00, 0.62817153E+00
 0.79582896E+00, 0.62817153E+00
 0.87544783E+00, 0.62817153E+00
 0.95507315E+00, 0.62817153E+00
 0.10347049E+01, 0.62817153E+00
 0.11143430E+01, 0.62817153E+00
 0.11939876E+01, 0.62817153E+00
 0.12736385E+01, 0.62817153E+00
 0.13532957E+01, 0.62817153E+00
 0.14329592E+01, 0.62817153E+00
 0.15126291E+01, 0.62817153E+00
 0.15923052E+01, 0.62817153E+00
 0.16719875E+01, 0.62817153E+00
 0.17516761E+01, 0.62817153E+00
 0.18313709E+01, 0.62817153E+00
 0.19110718E+01, 0.62817153E+00
 0.19907790E+01, 0.62817153E+00
 0.20704922E+01, 0.62817153E+00
 0.21502116E+01, 0.62817153E+00
 0.22299370E+01, 0.62817153E+00
 0.23096685E+01, 0.62817153E+00
 0.23894061E+01, 0.62817153E+00
 0.24691496E+01, 0.62817153E+00
 0.25488992E+01, 0.62817153E+00
 0.26286547E+01, 0.62817153E+00
 0.27084162E+01, 0.62817153E+00
 0.27881836E+01, 0.62817153E+00
 0.28679570E+01, 0.62817153E+00
 0.29477362E+01, 0.62817153E+00
 0.30275212E+01, 0.62817153E+00
 0.31073121E+01, 0.62817153E+00
 0.31871089E+01, 0.62817153E+00
 0.32669114E+01, 0.62817153E+00
 0.33467197E+01, 0.62817153E+00
 0.34265337E+01, 0.62227418E+00
 0.35063534E+01, 0.61637641E+00
 0.35861789E+01, 0.61047822E+00
 0.36660100E+01, 0.60457960E+00
 0.37458468E+01, 0.59868057E+00
 0.38256892E+01, 0.59278112E+00
 0.39055373E+01, 0.58688126E+00
 0.39853909E+01, 0.58098099E+00
 0.40652500E+01, 0.57508030E+00
 0.41451148E+01, 0.56917921E+00
 0.42249850E+01, 0.56327770E+00
 0.43048607E+01, 0.55737580E+00
 0.43847419E+01, 0.55147348E+00
 0.44646286E+01, 0.54557077E+00
 0.45445207E+01, 0.53966765E+00
 0.46244182E+01, 0.53376413E+00
 0.47043210E+01, 0.52786022E+00
 0.47842292E+01, 0.52195591E+00
 0.48641428E+01, 0.51605121E+00
 0.49440617E+01, 0.51014611E+00
 0.50239858E+01, 0.50424063E+00
 0.51039152E+01, 0.49833475E+00
 0.51838499E+01, 0.49242849E+00
 0.52637898E+01, 0.48652184E+00
 0.53437349E+01, 0.48061480E+00
 0.54236851E+01, 0.47470739E+00
 0.55036405E+01, 0.46879959E+00
 0.55836011E+01, 0.46289142E+00
 0.56635667E+01, 0.45698287E+00
 0.57435374E+01, 0.44024007E+00
 0.58235132E+01, 0.42349623E+00
 0.59034940E+01, 0.40675132E+00
 0.59834799E+01, 0.39000537E+00
 0.60634707E+01, 0.37325837E+00
 0.61434665E+01, 0.35651033E+00
 0.62234672E+01, 0.33976126E+00
 0.63034729E+01, 0.32301115E+00
 0.63834834E+01, 0.30626002E+00
 0.64634989E+01, 0.29542010E+00
 0.65435191E+01, 0.28457953E+00
 0.66235443E+01, 0.27373830E+00
 0.67035742E+01, 0.26289642E+00
 0.67836089E+01, 0.25205389E+00
 0.68636483E+01, 0.24121071E+00
 0.69436925E+01, 0.23036689E+00
 0.70237414E+01, 0.21952244E+00
 0.71037950E+01, 0.20867735E+00
 0.71838533E+01, 0.19783163E+00
 0.72639162E+01, 0.18698528E+00
 0.73439837E+01, 0.18698528E+00
 0.74240559E+01, 0.18698528E+00
 0.75041326E+01, 0.18698528E+00
 0.75842138E+01, 0.18698528E+00
 0.76642996E+01, 0.18698528E+00
 0.77443899E+01, 0.18698528E+00
 0.78244847E+01, 0.18698528E+00
 0.79045839E+01, 0.18698528E+00
 0.79846876E+01, 0.18698528E+00
 0.80647957E+01, 0.18698528E+00
 0.81449081E+01, 0.18698528E+00
 0.82250250E+01, 0.18698528E+00
 0.83051462E+01, 0.18698528E+00
 0.83852717E+01, 0.18698528E+00
 0.84654015E+01, 0.18698528E+00
 0.85455356E+01, 0.18698528E+00
 0.86256739E+01, 0.18698528E+00
 0.87058164E+01, 0.18698528E+00
 0.87859632E+01, 0.18698528E+00
 0.88661141E+01, 0.18698528E+00
 0.89462692E+01, 0.18698528E+00
 0.90264285E+01, 0.18698528E+00
 0.91065918E+01, 0.18698528E+00
 0.91867593E+01, 0.18698528E+00
 0.92669308E+01, 0.18698528E+00
 0.93471063E+01, 0.18698528E+00
 0.94272859E+01, 0.18698528E+00
 0.95074694E+01, 0.18698528E+00
 0.95876569E+01, 0.18698528E+00
 0.96678484E+01, 0.18698528E+00
 0.97480438E+01, 0.18698528E+00
 0.98282431E+01, 0.18698528E+00
 0.99084463E+01, 0.18698528E+00
 0.99886534E+01, 0.18698528E+00
 0.10068864E+02, 0.18698528E+00
 0.10149079E+02, 0.18698528E+00
 0.10229297E+02, 0.18698528E+00
 0.10309520E+02, 0.18698528E+00
 0.10389746E+02, 0.18698528E+00
 0.10469975E+02, 0.18698528E+00
 0.10550209E+02, 0.18698528E+00
 0.10630446E+02, 0.18698528E+00
 0.10710686E+02, 0.18698528E+00
 0.10790931E+02, 0.18698528E+00
 0.10871179E+02, 0.18698528E+00
 0.10951430E+02, 0.18698528E+00
 0.11031685E+02, 0.18698528E+00
 0.11111944E+02, 0.18698528E+00
 0.11192206E+02, 0.18698528E+00
 0.11272471E+02, 0.18698528E+00
 0.11352740E+02, 0.18698528E+00
 0.11433013E+02, 0.18698528E+00
 0.11513289E+02, 0.18698528E+00
 0.11593568E+02, 0.18698528E+00
 0.11673851E+02, 0.18698528E+00
 0.11754137E+02, 0.18883368E+00
 0.11834426E+02, 0.19068217E+00
 0.11914719E+02, 0.19253073E+00
 0.11995015E+02, 0.19437937E+00
 0.12075314E+02, 0.19622808E+00
 0.12155616E+02, 0.19807686E+00
 0.12235922E+02, 0.19992572E+00
 0.12316230E+02, 0.20177465E+00
 0.12396542E+02, 0.20362366E+00
 0.12476857E+02, 0.20547273E+00
 0.12557175E+02, 0.20732188E+00
 0.12637497E+02, 0.20917110E+00
 0.12717821E+02, 0.21102039E+00
 0.12798148E+02, 0.21286975E+00
 0.12878478E+02, 0.21471918E+00
 0.12958812E+02, 0.21656868E+00
 0.13039148E+02, 0.21841825E+00
 0.13119487E+02, 0.22026788E+00
 0.13199829E+02, 0.22211758E+00
 0.13280175E+02, 0.22396735E+00
 0.13360522E+02, 0.22581719E+00
 0.13440873E+02, 0.22766709E+00
 0.13521227E+02, 0.22951705E+00
 0.13601583E+02, 0.23136708E+00
 0.13681943E+02, 0.23321718E+00
 0.13762304E+02, 0.23506733E+00
 0.13842669E+02, 0.23691755E+00
 0.13923037E+02, 0.23876784E+00
 0.14003407E+02, 0.24061818E+00
 0.14083779E+02, 0.24246859E+00
 0.14164155E+02, 0.24431906E+00
 0.14244533E+02, 0.24616958E+00
 0.14324913E+02, 0.24802017E+00
 0.14405297E+02, 0.24987082E+00
 0.14485682E+02, 0.25172152E+00
 0.14566071E+02, 0.25357228E+00
 0.14646461E+02, 0.25542310E+00
 0.14726855E+02, 0.25727398E+00
 0.14807250E+02, 0.25912492E+00
 0.14887648E+02, 0.26097591E+00
 0.14968049E+02, 0.26282695E+00
 0.15048452E+02, 0.26467805E+00
 0.15128857E+02, 0.26652920E+00
 0.15209265E+02, 0.26838041E+00
 0.15289675E+02, 0.27023167E+00
 0.15370087E+02, 0.27208299E+00
 0.15450501E+02, 0.27393436E+00
 0.15530918E+02, 0.27578577E+00
 0.15611337E+02, 0.27763724E+00
 0.15691758E+02, 0.27948876E+00
 0.15772181E+02, 0.28134033E+00
 0.15852607E+02, 0.28319195E+00
 0.15933034E+02, 0.28504362E+00
 0.16013464E+02, 0.28689533E+00
 0.16093896E+02, 0.28874710E+00
 0.16174329E+02, 0.29059891E+00
 0.16254765E+02, 0.29245077E+00
 0.16335203E+02, 0.29430267E+00
 0.16415643E+02, 0.29615462E+00
 0.16496085E+02, 0.29800662E+00
 0.16576528E+02, 0.29985866E+00
 0.16656974E+02, 0.30171074E+00
 0.16737421E+02, 0.30356287E+00
 0.16817871E+02, 0.30541504E+00
 0.16898322E+02, 0.30726725E+00
 0.16978775E+02, 0.30911950E+00
 0.17059230E+02, 0.31097180E+00
 0.17139686E+02, 0.31282413E+00
 0.17220145E+02, 0.31467651E+00
 0.17300605E+02, 0.31652893E+00
 0.17381067E+02, 0.31838138E+00
 0.17461530E+02, 0.32023388E+00
 0.17541995E+02, 0.32208641E+00
 0.17622462E+02, 0.32393898E+00
 0.17702930E+02, 0.32579158E+00
 0.17783400E+02, 0.32764423E+00
 0.17863872E+02, 0.32949691E+00
 0.17944345E+02, 0.33134962E+00
 0.18024819E+02, 0.33320237E+00
 0.18105295E+02, 0.33505515E+00
 0.18185773E+02, 0.33690797E+00
 0.18266252E+02, 0.33876082E+00
 0.18346732E+02, 0.34061370E+00
 0.18427214E+02, 0.34246662E+00
 0.18507697E+02, 0.34431956E+00
 0.18588181E+02, 0.34617254E+00
 0.18668667E+02, 0.34802555E+00
 0.18749154E+02, 0.34987859E+00
 0.18829642E+02, 0.35173165E+00
 0.18910132E+02, 0.35358475E+00
 0.18990623E+02, 0.35543787E+00
 0.19071115E+02, 0.35729102E+00
 0.19151608E+02, 0.35914420E+00
 0.19232102E+02, 0.36099741E+00
 0.19312598E+02, 0.36285064E+00
 0.19393094E+02, 0.36470390E+00
 0.19473592E+02, 0.36655718E+00
 0.19554091E+02, 0.36841049E+00
 0.19634591E+02, 0.37026382E+00
 0.19715091E+02, 0.37211717E+00
 0.19795593E+02, 0.37397055E+00
 0.19876096E+02, 0.37397055E+00
 0.19956600E+02, 0.37397055E+00
 0.20037104E+02, 0.37397055E+00
 0.20117610E+02, 0.37397055E+00
 0.20198116E+02, 0.37397055E+00
 0.20278624E+02, 0.37397055E+00
 0.20359132E+02, 0.37397055E+00
 0.20439640E+02, 0.37397055E+00
 0.20520150E+02, 0.37397055E+00
 0.20600661E+02, 0.37397055E+00
 0.20681172E+02, 0.37397055E+00
 0.20761684E+02, 0.37397055E+00
 0.20842196E+02, 0.37397055E+00
 0.20922709E+02, 0.37397055E+00
 0.21003223E+02, 0.37397055E+00
 0.21083738E+02, 0.37397055E+00
 0.21164253E+02, 0.37397055E+00
 0.21244768E+02, 0.37397055E+00
 0.21325285E+02, 0.37397055E+00
 0.21405801E+02, 0.37397055E+00
 0.21486318E+02, 0.37397055E+00
 0.21566836E+02, 0.37397055E+00
 0.21647354E+02, 0.37397055E+00
 0.21727873E+02, 0.37397055E+00
 0.21808392E+02, 0.37397055E+00
 0.21888911E+02, 0.37397055E+00
 0.21969431E+02, 0.37397055E+00
 0.22049951E+02, 0.37397055E+00
 0.22130471E+02, 0.37397055E+00
 0.22210992E+02, 0.37397055E+00
 0.22291512E+02, 0.37397055E+00
 0.22372033E+02, 0.37397055E+00
 0.22452555E+02, 0.37397055E+00
 0.22533076E+02, 0.37397055E+00
 0.22613598E+02, 0.37397055E+00
 0.22694120E+02, 0.37397055E+00
 0.22774642E+02, 0.37397055E+00
 0.22855164E+02, 0.37397055E+00
 0.22935686E+02, 0.37397055E+00
 0.23016208E+02, 0.37397055E+00
 0.23096730E+02, 0.37397055E+00
 0.23177245E+02, 0.37397055E+00
 0.23263916E+02, 0.37397055E+00
 0.23357127E+02, 0.37397055E+00
 0.23457269E+02, 0.37397055E+00
 0.23564742E+02, 0.37397055E+00
 0.23679948E+02, 0.37397055E+00
 0.23803290E+02, 0.37397055E+00
 0.23935168E+02, 0.37397055E+00
 0.24075970E+02, 0.37397055E+00
 0.24226073E+02, 0.37397055E+00
 0.24385831E+02, 0.37397055E+00
 0.24555573E+02, 0.37397055E+00
 0.24735591E+02, 0.37397055E+00
 0.24926137E+02, 0.37397055E+00
 0.25127412E+02, 0.37397055E+00
 0.25339558E+02, 0.37397055E+00
 0.25562651E+02, 0.37397055E+00
 0.25796691E+02, 0.37397055E+00
 0.26041595E+02, 0.37397055E+00
 0.26297191E+02, 0.37397055E+00
 0.26563211E+02, 0.37397055E+00
 0.26839285E+02, 0.37397055E+00
 0.27124941E+02, 0.37397055E+00
 0.27419601E+02, 0.37397055E+00
 0.27722584E+02, 0.37397055E+00
 0.28033107E+02, 0.37397055E+00
 0.28350293E+02, 0.37397055E+00
 0.28673177E+02, 0.37397055E+00
 0.29000719E+02, 0.37397055E+00
 0.29331813E+02, 0.37397055E+00
 0.29665303E+02, 0.37397055E+00
 0.30000000E+02, 0.37397055E+00
 0.00000000E+00, 0.68857839E+00
 0.79553127E-01, 0.68857839E+00
 0.15911293E+00, 0.68857839E+00
 0.23867938E+00, 0.68857839E+00
 0.31825247E+00, 0.68857839E+00
 0.39783216E+00, 0.68857839E+00
 0.47741844E+00, 0.68857839E+00
 0.55701129E+00, 0.68857839E+00
 0.63661067E+00, 0.68857839E+00
 0.71621657E+00, 0.68857839E+00
 0.79582896E+00, 0.68857839E+00
 0.87544783E+00, 0.68857839E+00
 0.95507315E+00, 0.68857839E+00
 0.10347049E+01, 0.68857839E+00
 0.11143430E+01, 0.68857839E+00
 0.11939876E+01, 0.68857839E+00
 0.12736385E+01, 0.68857839E+00
 0.13532957E+01, 0.68857839E+00
 0.14329592E+01, 0.68857839E+00
 0.15126291E+01, 0.68857839E+00
 0.15923052E+01, 0.68857839E+00
 0.16719875E+01, 0.68857839E+00
 0.17516761E+01, 0.68857839E+00
 0.18313709E+01, 0.68857839E+00
 0.19110718E+01, 0.68857839E+00
 0.19907790E+01, 0.68857839E+00
 0.20704922E+01, 0.68857839E+00
 0.21502116E+01, 0.68857839E+00
 0.22299370E+01, 0.68857839E+00
 0.23096685E+01, 0.68857839E+00
 0.23894061E+01, 0.68857839E+00
 0.24691496E+01, 0.68857839E+00
 0.25488992E+01, 0.68857839E+00
 0.26286547E+01, 0.68857839E+00
 0.27084162E+01, 0.68857839E+00
 0.27881836E+01, 0.68857839E+00
 0.28679570E+01, 0.68857839E+00
 0.29477362E+01, 0.68857839E+00
 0.30275212E+01, 0.68857839E+00
 0.31073121E+01, 0.68857839E+00
 0.31871089E+01, 0.68857839E+00
 0.32669114E+01, 0.68857839E+00
 0.33467197E+01, 0.68857839E+00
 0.34265337E+01, 0.68169560E+00
 0.35063534E+01, 0.67481232E+00
 0.35861789E+01, 0.66792855E+00
 0.36660100E+01, 0.66104429E+00
 0.37458468E+01, 0.65415954E+00
 0.38256892E+01, 0.64727430E+00
 0.39055373E+01, 0.64038858E+00
 0.39853909E+01, 0.63350238E+00
 0.40652500E+01, 0.62661570E+00
 0.41451148E+01, 0.61972855E+00
 0.42249850E+01, 0.61284091E+00
 0.43048607E+01, 0.60595280E+00
 0.43847419E+01, 0.59906422E+00
 0.44646286E+01, 0.59217517E+00
 0.45445207E+01, 0.58528566E+00
 0.46244182E+01, 0.57839567E+00
 0.47043210E+01, 0.57150523E+00
 0.47842292E+01, 0.56461432E+00
 0.48641428E+01, 0.55772295E+00
 0.49440617E+01, 0.55083112E+00
 0.50239858E+01, 0.54393883E+00
 0.51039152E+01, 0.53704610E+00
 0.51838499E+01, 0.53015291E+00
 0.52637898E+01, 0.52325927E+00
 0.53437349E+01, 0.51636518E+00
 0.54236851E+01, 0.50947064E+00
 0.55036405E+01, 0.50257566E+00
 0.55836011E+01, 0.49568024E+00
 0.56635667E+01, 0.48878438E+00
 0.57435374E+01, 0.47147058E+00
 0.58235132E+01, 0.45415567E+00
 0.59034940E+01, 0.43683968E+00
 0.59834799E+01, 0.41952260E+00
 0.60634707E+01, 0.40220444E+00
 0.61434665E+01, 0.38488521E+00
 0.62234672E+01, 0.36756491E+00
 0.63034729E+01, 0.35024354E+00
 0.63834834E+01, 0.33292111E+00
 0.64634989E+01, 0.32249778E+00
 0.65435191E+01, 0.31207381E+00
 0.66235443E+01, 0.30164922E+00
 0.67035742E+01, 0.29122400E+00
 0.67836089E+01, 0.28079816E+00
 0.68636483E+01, 0.27037170E+00
 0.69436925E+01, 0.25994462E+00
 0.70237414E+01, 0.24951693E+00
 0.71037950E+01, 0.23908863E+00
 0.71838533E+01, 0.22865972E+00
 0.72639162E+01, 0.21823020E+00
 0.73439837E+01, 0.21823020E+00
 0.74240559E+01, 0.21823020E+00
 0.75041326E+01, 0.21823020E+00
 0.75842138E+01, 0.21823020E+00
 0.76642996E+01, 0.21823020E+00
 0.77443899E+01, 0.21823020E+00
 0.78244847E+01, 0.21823020E+00
 0.79045839E+01, 0.21823020E+00
 0.79846876E+01, 0.21823020E+00
 0.80647957E+01, 0.21823020E+00
 0.81449081E+01, 0.21823020E+00
 0.82250250E+01, 0.21823020E+00
 0.83051462E+01, 0.21823020E+00
 0.83852717E+01, 0.21823020E+00
 0.84654015E+01, 0.21823020E+00
 0.85455356E+01, 0.21823020E+00
 0.86256739E+01, 0.21823020E+00
 0.87058164E+01, 0.21823020E+00
 0.87859632E+01, 0.21823020E+00
 0.88661141E+01, 0.21823020E+00
 0.89462692E+01, 0.21823020E+00
 0.90264285E+01, 0.21823020E+00
 0.91065918E+01, 0.21823020E+00
 0.91867593E+01, 0.21823020E+00
 0.92669308E+01, 0.21823020E+00
 0.93471063E+01, 0.21823020E+00
 0.94272859E+01, 0.21823020E+00
 0.95074694E+01, 0.21823020E+00
 0.95876569E+01, 0.21823020E+00
 0.96678484E+01, 0.21823020E+00
 0.97480438E+01, 0.21823020E+00
 0.98282431E+01, 0.21823020E+00
 0.99084463E+01, 0.21823020E+00
 0.99886534E+01, 0.21823020E+00
 0.10068864E+02, 0.21823020E+00
 0.10149079E+02, 0.21823020E+00
 0.10229297E+02, 0.21823020E+00
 0.10309520E+02, 0.21823020E+00
 0.10389746E+02, 0.21823020E+00
 0.10469975E+02, 0.21823020E+00
 0.10550209E+02, 0.21823020E+00
 0.10630446E+02, 0.21823020E+00
 0.10710686E+02, 0.21823020E+00
 0.10790931E+02, 0.21823020E+00
 0.10871179E+02, 0.21823020E+00
 0.10951430E+02, 0.21823020E+00
 0.11031685E+02, 0.21823020E+00
 0.11111944E+02, 0.21823020E+00
 0.11192206E+02, 0.21823020E+00
 0.11272471E+02, 0.21823020E+00
 0.11352740E+02, 0.21823020E+00
 0.11433013E+02, 0.21823020E+00
 0.11513289E+02, 0.21823020E+00
 0.11593568E+02, 0.21823020E+00
 0.11673851E+02, 0.21823020E+00
 0.11754137E+02, 0.22038748E+00
 0.11834426E+02, 0.22254484E+00
 0.11914719E+02, 0.22470229E+00
 0.11995015E+02, 0.22685983E+00
 0.12075314E+02, 0.22901746E+00
 0.12155616E+02, 0.23117517E+00
 0.12235922E+02, 0.23333297E+00
 0.12316230E+02, 0.23549086E+00
 0.12396542E+02, 0.23764883E+00
 0.12476857E+02, 0.23980688E+00
 0.12557175E+02, 0.24196502E+00
 0.12637497E+02, 0.24412324E+00
 0.12717821E+02, 0.24628154E+00
 0.12798148E+02, 0.24843993E+00
 0.12878478E+02, 0.25059840E+00
 0.12958812E+02, 0.25275694E+00
 0.13039148E+02, 0.25491557E+00
 0.13119487E+02, 0.25707427E+00
 0.13199829E+02, 0.25923306E+00
 0.13280175E+02, 0.26139192E+00
 0.13360522E+02, 0.26355086E+00
 0.13440873E+02, 0.26570987E+00
 0.13521227E+02, 0.26786897E+00
 0.13601583E+02, 0.27002813E+00
 0.13681943E+02, 0.27218737E+00
 0.13762304E+02, 0.27434669E+00
 0.13842669E+02, 0.27650608E+00
 0.13923037E+02, 0.27866554E+00
 0.14003407E+02, 0.28082508E+00
 0.14083779E+02, 0.28298468E+00
 0.14164155E+02, 0.28514436E+00
 0.14244533E+02, 0.28730411E+00
 0.14324913E+02, 0.28946392E+00
 0.14405297E+02, 0.29162381E+00
 0.14485682E+02, 0.29378376E+00
 0.14566071E+02, 0.29594379E+00
 0.14646461E+02, 0.29810388E+00
 0.14726855E+02, 0.30026403E+00
 0.14807250E+02, 0.30242425E+00
 0.14887648E+02, 0.30458454E+00
 0.14968049E+02, 0.30674489E+00
 0.15048452E+02, 0.30890531E+00
 0.15128857E+02, 0.31106579E+00
 0.15209265E+02, 0.31322633E+00
 0.15289675E+02, 0.31538693E+00
 0.15370087E+02, 0.31754760E+00
 0.15450501E+02, 0.31970833E+00
 0.15530918E+02, 0.32186911E+00
 0.15611337E+02, 0.32402996E+00
 0.15691758E+02, 0.32619086E+00
 0.15772181E+02, 0.32835183E+00
 0.15852607E+02, 0.33051285E+00
 0.15933034E+02, 0.33267393E+00
 0.16013464E+02, 0.33483506E+00
 0.16093896E+02, 0.33699625E+00
 0.16174329E+02, 0.33915750E+00
 0.16254765E+02, 0.34131880E+00
 0.16335203E+02, 0.34348015E+00
 0.16415643E+02, 0.34564156E+00
 0.16496085E+02, 0.34780302E+00
 0.16576528E+02, 0.34996453E+00
 0.16656974E+02, 0.35212610E+00
 0.16737421E+02, 0.35428771E+00
 0.16817871E+02, 0.35644938E+00
 0.16898322E+02, 0.35861109E+00
 0.16978775E+02, 0.36077285E+00
 0.17059230E+02, 0.36293466E+00
 0.17139686E+02, 0.36509652E+00
 0.17220145E+02, 0.36725843E+00
 0.17300605E+02, 0.36942038E+00
 0.17381067E+02, 0.37158238E+00
 0.17461530E+02, 0.37374442E+00
 0.17541995E+02, 0.37590651E+00
 0.17622462E+02, 0.37806864E+00
 0.17702930E+02, 0.38023081E+00
 0.17783400E+02, 0.38239303E+00
 0.17863872E+02, 0.38455529E+00
 0.17944345E+02, 0.38671759E+00
 0.18024819E+02, 0.38887993E+00
 0.18105295E+02, 0.39104231E+00
 0.18185773E+02, 0.39320472E+00
 0.18266252E+02, 0.39536718E+00
 0.18346732E+02, 0.39752968E+00
 0.18427214E+02, 0.39969221E+00
 0.18507697E+02, 0.40185478E+00
 0.18588181E+02, 0.40401739E+00
 0.18668667E+02, 0.40618003E+00
 0.18749154E+02, 0.40834271E+00
 0.18829642E+02, 0.41050542E+00
 0.18910132E+02, 0.41266817E+00
 0.18990623E+02, 0.41483094E+00
 0.19071115E+02, 0.41699376E+00
 0.19151608E+02, 0.41915660E+00
 0.19232102E+02, 0.42131947E+00
 0.19312598E+02, 0.42348237E+00
 0.19393094E+02, 0.42564531E+00
 0.19473592E+02, 0.42780827E+00
 0.19554091E+02, 0.42997126E+00
 0.19634591E+02, 0.43213428E+00
 0.19715091E+02, 0.43429733E+00
 0.19795593E+02, 0.43646040E+00
 0.19876096E+02, 0.43646040E+00
 0.19956600E+02, 0.43646040E+00
 0.20037104E+02, 0.43646040E+00
 0.20117610E+02, 0.43646040E+00
 0.20198116E+02, 0.43646040E+00
 0.20278624E+02, 0.43646040E+00
 0.20359132E+02, 0.43646040E+00
 0.20439640E+02, 0.43646040E+00
 0.20520150E+02, 0.43646040E+00
 0.20600661E+02, 0.43646040E+00
 0.20681172E+02, 0.43646040E+00
 0.20761684E+02, 0.43646040E+00
 0.20842196E+02, 0.43646040E+00
 0.20922709E+02, 0.43646040E+00
 0.21003223E+02, 0.43646040E+00
 0.21083738E+02, 0.43646040E+00
 0.21164253E+02, 0.43646040E+00
 0.21244768E+02, 0.43646040E+00
 0.21325285E+02, 0.43646040E+00
 0.21405801E+02, 0.43646040E+00
 0.21486318E+02, 0.43646040E+00
 0.21566836E+02, 0.43646040E+00
 0.21647354E+02, 0.43646040E+00
 0.21727873E+02, 0.43646040E+00
 0.21808392E+02, 0.43646040E+00
 0.21888911E+02, 0.43646040E+00
 0.21969431E+02, 0.43646040E+00
 0.22049951E+02, 0.43646040E+00
 0.22130471E+02, 0.43646040E+00
 0.22210992E+02, 0.43646040E+00
 0.22291512E+02, 0.43646040E+00
 0.22372033E+02, 0.43646040E+00
 0.22452555E+02, 0.43646040E+00
 0.22533076E+02, 0.43646040E+00
 0.22613598E+02, 0.43646040E+00
 0.22694120E+02, 0.43646040E+00
 0.22774642E+02, 0.43646040E+00
 0.22855164E+02, 0.43646040E+00
 0.22935686E+02, 0.43646040E+00
 0.23016208E+02, 0.43646040E+00
 0.23096730E+02, 0.43646040E+00
 0.23177245E+02, 0.43646040E+00
 0.23263916E+02, 0.43646040E+00
 0.23357127E+02, 0.43646040E+00
 0.23457269E+02, 0.43646040E+00
 0.23564742E+02, 0.43646040E+00
 0.23679948E+02, 0.43646040E+00
 0.23803290E+02, 0.43646040E+00
 0.23935168E+02, 0.43646040E+00
 0.24075970E+02, 0.43646040E+00
 0.24226073E+02, 0.43646040E+00
 0.24385831E+02, 0.43646040E+00
 0.24555573E+02, 0.43646040E+00
 0.24735591E+02, 0.43646040E+00
 0.24926137E+02, 0.43646040E+00
 0.25127412E+02, 0.43646040E+00
 0.25339558E+02, 0.43646040E+00
 0.25562651E+02, 0.43646040E+00
 0.25796691E+02, 0.43646040E+00
 0.26041595E+02, 0.43646040E+00
 0.26297191E+02, 0.43646040E+00
 0.26563211E+02, 0.43646040E+00
 0.26839285E+02, 0.43646040E+00
 0.27124941E+02, 0.43646040E+00
 0.27419601E+02, 0.43646040E+00
 0.27722584E+02, 0.43646040E+00
 0.28033107E+02, 0.43646040E+00
 0.28350293E+02, 0.43646040E+00
 0.28673177E+02, 0.43646040E+00
 0.29000719E+02, 0.43646040E+00
 0.29331813E+02, 0.43646040E+00
 0.29665303E+02, 0.43646040E+00
 0.30000000E+02, 0.43646040E+00
 0.00000000E+00, 0.74901973E+00
 0.79553127E-01, 0.74901973E+00
 0.15911293E+00, 0.74901973E+00
 0.23867938E+00, 0.74901973E+00
 0.31825247E+00, 0.74901973E+00
 0.39783216E+00, 0.74901973E+00
 0.47741844E+00, 0.74901973E+00
 0.55701129E+00, 0.74901973E+00
 0.63661067E+00, 0.74901973E+00
 0.71621657E+00, 0.74901973E+00
 0.79582896E+00, 0.74901973E+00
 0.87544783E+00, 0.74901973E+00
 0.95507315E+00, 0.74901973E+00
 0.10347049E+01, 0.74901973E+00
 0.11143430E+01, 0.74901973E+00
 0.11939876E+01, 0.74901973E+00
 0.12736385E+01, 0.74901973E+00
 0.13532957E+01, 0.74901973E+00
 0.14329592E+01, 0.74901973E+00
 0.15126291E+01, 0.74901973E+00
 0.15923052E+01, 0.74901973E+00
 0.16719875E+01, 0.74901973E+00
 0.17516761E+01, 0.74901973E+00
 0.18313709E+01, 0.74901973E+00
 0.19110718E+01, 0.74901973E+00
 0.19907790E+01, 0.74901973E+00
 0.20704922E+01, 0.74901973E+00
 0.21502116E+01, 0.74901973E+00
 0.22299370E+01, 0.74901973E+00
 0.23096685E+01, 0.74901973E+00
 0.23894061E+01, 0.74901973E+00
 0.24691496E+01, 0.74901973E+00
 0.25488992E+01, 0.74901973E+00
 0.26286547E+01, 0.74901973E+00
 0.27084162E+01, 0.74901973E+00
 0.27881836E+01, 0.74901973E+00
 0.28679570E+01, 0.74901973E+00
 0.29477362E+01, 0.74901973E+00
 0.30275212E+01, 0.74901973E+00
 0.31073121E+01, 0.74901973E+00
 0.31871089E+01, 0.74901973E+00
 0.32669114E+01, 0.74901973E+00
 0.33467197E+01, 0.74901973E+00
 0.34265337E+01, 0.74115094E+00
 0.35063534E+01, 0.73328159E+00
 0.35861789E+01, 0.72541168E+00
 0.36660100E+01, 0.71754120E+00
 0.37458468E+01, 0.70967017E+00
 0.38256892E+01, 0.70179859E+00
 0.39055373E+01, 0.69392645E+00
 0.39853909E+01, 0.68605376E+00
 0.40652500E+01, 0.67818052E+00
 0.41451148E+01, 0.67030674E+00
 0.42249850E+01, 0.66243241E+00
 0.43048607E+01, 0.65455754E+00
 0.43847419E+01, 0.64668213E+00
 0.44646286E+01, 0.63880619E+00
 0.45445207E+01, 0.63092970E+00
 0.46244182E+01, 0.62305269E+00
 0.47043210E+01, 0.61517514E+00
 0.47842292E+01, 0.60729707E+00
 0.48641428E+01, 0.59941847E+00
 0.49440617E+01, 0.59153935E+00
 0.50239858E+01, 0.58365971E+00
 0.51039152E+01, 0.57577954E+00
 0.51838499E+01, 0.56789886E+00
 0.52637898E+01, 0.56001767E+00
 0.53437349E+01, 0.55213596E+00
 0.54236851E+01, 0.54425374E+00
 0.55036405E+01, 0.53637102E+00
 0.55836011E+01, 0.52848779E+00
 0.56635667E+01, 0.52060405E+00
 0.57435374E+01, 0.50271890E+00
 0.58235132E+01, 0.48483262E+00
 0.59034940E+01, 0.46694522E+00
 0.59834799E+01, 0.44905669E+00
 0.60634707E+01, 0.43116705E+00
 0.61434665E+01, 0.41327629E+00
 0.62234672E+01, 0.39538443E+00
 0.63034729E+01, 0.37749147E+00
 0.63834834E+01, 0.35959741E+00
 0.64634989E+01, 0.34959091E+00
 0.65435191E+01, 0.33958380E+00
 0.66235443E+01, 0.32957608E+00
 0.67035742E+01, 0.31956776E+00
 0.67836089E+01, 0.30955885E+00
 0.68636483E+01, 0.29954934E+00
 0.69436925E+01, 0.28953924E+00
 0.70237414E+01, 0.27952855E+00
 0.71037950E+01, 0.26951727E+00
 0.71838533E+01, 0.25950541E+00
 0.72639162E+01, 0.24949296E+00
 0.73439837E+01, 0.24949296E+00
 0.74240559E+01, 0.24949296E+00
 0.75041326E+01, 0.24949296E+00
 0.75842138E+01, 0.24949296E+00
 0.76642996E+01, 0.24949296E+00
 0.77443899E+01, 0.24949296E+00
 0.78244847E+01, 0.24949296E+00
 0.79045839E+01, 0.24949296E+00
 0.79846876E+01, 0.24949296E+00
 0.80647957E+01, 0.24949296E+00
 0.81449081E+01, 0.24949296E+00
 0.82250250E+01, 0.24949296E+00
 0.83051462E+01, 0.24949296E+00
 0.83852717E+01, 0.24949296E+00
 0.84654015E+01, 0.24949296E+00
 0.85455356E+01, 0.24949296E+00
 0.86256739E+01, 0.24949296E+00
 0.87058164E+01, 0.24949296E+00
 0.87859632E+01, 0.24949296E+00
 0.88661141E+01, 0.24949296E+00
 0.89462692E+01, 0.24949296E+00
 0.90264285E+01, 0.24949296E+00
 0.91065918E+01, 0.24949296E+00
 0.91867593E+01, 0.24949296E+00
 0.92669308E+01, 0.24949296E+00
 0.93471063E+01, 0.24949296E+00
 0.94272859E+01, 0.24949296E+00
 0.95074694E+01, 0.24949296E+00
 0.95876569E+01, 0.24949296E+00
 0.96678484E+01, 0.24949296E+00
 0.97480438E+01, 0.24949296E+00
 0.98282431E+01, 0.24949296E+00
 0.99084463E+01, 0.24949296E+00
 0.99886534E+01, 0.24949296E+00
 0.10068864E+02, 0.24949296E+00
 0.10149079E+02, 0.24949296E+00
 0.10229297E+02, 0.24949296E+00
 0.10309520E+02, 0.24949296E+00
 0.10389746E+02, 0.24949296E+00
 0.10469975E+02, 0.24949296E+00
 0.10550209E+02, 0.24949296E+00
 0.10630446E+02, 0.24949296E+00
 0.10710686E+02, 0.24949296E+00
 0.10790931E+02, 0.24949296E+00
 0.10871179E+02, 0.24949296E+00
 0.10951430E+02, 0.24949296E+00
 0.11031685E+02, 0.24949296E+00
 0.11111944E+02, 0.24949296E+00
 0.11192206E+02, 0.24949296E+00
 0.11272471E+02, 0.24949296E+00
 0.11352740E+02, 0.24949296E+00
 0.11433013E+02, 0.24949296E+00
 0.11513289E+02, 0.24949296E+00
 0.11593568E+02, 0.24949296E+00
 0.11673851E+02, 0.24949296E+00
 0.11754137E+02, 0.25195928E+00
 0.11834426E+02, 0.25442570E+00
 0.11914719E+02, 0.25689222E+00
 0.11995015E+02, 0.25935884E+00
 0.12075314E+02, 0.26182556E+00
 0.12155616E+02, 0.26429238E+00
 0.12235922E+02, 0.26675930E+00
 0.12316230E+02, 0.26922631E+00
 0.12396542E+02, 0.27169342E+00
 0.12476857E+02, 0.27416063E+00
 0.12557175E+02, 0.27662794E+00
 0.12637497E+02, 0.27909533E+00
 0.12717821E+02, 0.28156283E+00
 0.12798148E+02, 0.28403041E+00
 0.12878478E+02, 0.28649809E+00
 0.12958812E+02, 0.28896586E+00
 0.13039148E+02, 0.29143373E+00
 0.13119487E+02, 0.29390168E+00
 0.13199829E+02, 0.29636972E+00
 0.13280175E+02, 0.29883785E+00
 0.13360522E+02, 0.30130607E+00
 0.13440873E+02, 0.30377438E+00
 0.13521227E+02, 0.30624277E+00
 0.13601583E+02, 0.30871125E+00
 0.13681943E+02, 0.31117982E+00
 0.13762304E+02, 0.31364847E+00
 0.13842669E+02, 0.31611720E+00
 0.13923037E+02, 0.31858602E+00
 0.14003407E+02, 0.32105492E+00
 0.14083779E+02, 0.32352390E+00
 0.14164155E+02, 0.32599297E+00
 0.14244533E+02, 0.32846211E+00
 0.14324913E+02, 0.33093134E+00
 0.14405297E+02, 0.33340064E+00
 0.14485682E+02, 0.33587002E+00
 0.14566071E+02, 0.33833948E+00
 0.14646461E+02, 0.34080901E+00
 0.14726855E+02, 0.34327862E+00
 0.14807250E+02, 0.34574831E+00
 0.14887648E+02, 0.34821807E+00
 0.14968049E+02, 0.35068791E+00
 0.15048452E+02, 0.35315781E+00
 0.15128857E+02, 0.35562779E+00
 0.15209265E+02, 0.35809785E+00
 0.15289675E+02, 0.36056797E+00
 0.15370087E+02, 0.36303816E+00
 0.15450501E+02, 0.36550843E+00
 0.15530918E+02, 0.36797876E+00
 0.15611337E+02, 0.37044916E+00
 0.15691758E+02, 0.37291963E+00
 0.15772181E+02, 0.37539016E+00
 0.15852607E+02, 0.37786076E+00
 0.15933034E+02, 0.38033143E+00
 0.16013464E+02, 0.38280216E+00
 0.16093896E+02, 0.38527295E+00
 0.16174329E+02, 0.38774381E+00
 0.16254765E+02, 0.39021473E+00
 0.16335203E+02, 0.39268571E+00
 0.16415643E+02, 0.39515675E+00
 0.16496085E+02, 0.39762785E+00
 0.16576528E+02, 0.40009901E+00
 0.16656974E+02, 0.40257023E+00
 0.16737421E+02, 0.40504151E+00
 0.16817871E+02, 0.40751285E+00
 0.16898322E+02, 0.40998424E+00
 0.16978775E+02, 0.41245569E+00
 0.17059230E+02, 0.41492719E+00
 0.17139686E+02, 0.41739875E+00
 0.17220145E+02, 0.41987036E+00
 0.17300605E+02, 0.42234202E+00
 0.17381067E+02, 0.42481374E+00
 0.17461530E+02, 0.42728551E+00
 0.17541995E+02, 0.42975733E+00
 0.17622462E+02, 0.43222920E+00
 0.17702930E+02, 0.43470111E+00
 0.17783400E+02, 0.43717308E+00
 0.17863872E+02, 0.43964510E+00
 0.17944345E+02, 0.44211716E+00
 0.18024819E+02, 0.44458927E+00
 0.18105295E+02, 0.44706142E+00
 0.18185773E+02, 0.44953362E+00
 0.18266252E+02, 0.45200586E+00
 0.18346732E+02, 0.45447815E+00
 0.18427214E+02, 0.45695048E+00
 0.18507697E+02, 0.45942285E+00
 0.18588181E+02, 0.46189526E+00
 0.18668667E+02, 0.46436772E+00
 0.18749154E+02, 0.46684021E+00
 0.18829642E+02, 0.46931274E+00
 0.18910132E+02, 0.47178531E+00
 0.18990623E+02, 0.47425792E+00
 0.19071115E+02, 0.47673057E+00
 0.19151608E+02, 0.47920325E+00
 0.19232102E+02, 0.48167597E+00
 0.19312598E+02, 0.48414872E+00
 0.19393094E+02, 0.48662151E+00
 0.19473592E+02, 0.48909433E+00
 0.19554091E+02, 0.49156718E+00
 0.19634591E+02, 0.49404006E+00
 0.19715091E+02, 0.49651298E+00
 0.19795593E+02, 0.49898593E+00
 0.19876096E+02, 0.49898593E+00
 0.19956600E+02, 0.49898593E+00
 0.20037104E+02, 0.49898593E+00
 0.20117610E+02, 0.49898593E+00
 0.20198116E+02, 0.49898593E+00
 0.20278624E+02, 0.49898593E+00
 0.20359132E+02, 0.49898593E+00
 0.20439640E+02, 0.49898593E+00
 0.20520150E+02, 0.49898593E+00
 0.20600661E+02, 0.49898593E+00
 0.20681172E+02, 0.49898593E+00
 0.20761684E+02, 0.49898593E+00
 0.20842196E+02, 0.49898593E+00
 0.20922709E+02, 0.49898593E+00
 0.21003223E+02, 0.49898593E+00
 0.21083738E+02, 0.49898593E+00
 0.21164253E+02, 0.49898593E+00
 0.21244768E+02, 0.49898593E+00
 0.21325285E+02, 0.49898593E+00
 0.21405801E+02, 0.49898593E+00
 0.21486318E+02, 0.49898593E+00
 0.21566836E+02, 0.49898593E+00
 0.21647354E+02, 0.49898593E+00
 0.21727873E+02, 0.49898593E+00
 0.21808392E+02, 0.49898593E+00
 0.21888911E+02, 0.49898593E+00
 0.21969431E+02, 0.49898593E+00
 0.22049951E+02, 0.49898593E+00
 0.22130471E+02, 0.49898593E+00
 0.22210992E+02, 0.49898593E+00
 0.22291512E+02, 0.49898593E+00
 0.22372033E+02, 0.49898593E+00
 0.22452555E+02, 0.49898593E+00
 0.22533076E+02, 0.49898593E+00
 0.22613598E+02, 0.49898593E+00
 0.22694120E+02, 0.49898593E+00
 0.22774642E+02, 0.49898593E+00
 0.22855164E+02, 0.49898593E+00
 0.22935686E+02, 0.49898593E+00
 0.23016208E+02, 0.49898593E+00
 0.23096730E+02, 0.49898593E+00
 0.23177245E+02, 0.49898593E+00
 0.23263916E+02, 0.49898593E+00
 0.23357127E+02, 0.49898593E+00
 0.23457269E+02, 0.49898593E+00
 0.23564742E+02, 0.49898593E+00
 0.23679948E+02, 0.49898593E+00
 0.23803290E+02, 0.49898593E+00
 0.23935168E+02, 0.49898593E+00
 0.24075970E+02, 0.49898593E+00
 0.24226073E+02, 0.49898593E+00
 0.24385831E+02, 0.49898593E+00
 0.24555573E+02, 0.49898593E+00
 0.24735591E+02, 0.49898593E+00
 0.24926137E+02, 0.49898593E+00
 0.25127412E+02, 0.49898593E+00
 0.25339558E+02, 0.49898593E+00
 0.25562651E+02, 0.49898593E+00
 0.25796691E+02, 0.49898593E+00
 0.26041595E+02, 0.49898593E+00
 0.26297191E+02, 0.49898593E+00
 0.26563211E+02, 0.49898593E+00
 0.26839285E+02, 0.49898593E+00
 0.27124941E+02, 0.49898593E+00
 0.27419601E+02, 0.49898593E+00
 0.27722584E+02, 0.49898593E+00
 0.28033107E+02, 0.49898593E+00
 0.28350293E+02, 0.49898593E+00
 0.28673177E+02, 0.49898593E+00
 0.29000719E+02, 0.49898593E+00
 0.29331813E+02, 0.49898593E+00
 0.29665303E+02, 0.49898593E+00
 0.30000000E+02, 0.49898593E+00
 0.00000000E+00, 0.80949174E+00
 0.79553127E-01, 0.80949174E+00
 0.15911293E+00, 0.80949174E+00
 0.23867938E+00, 0.80949174E+00
 0.31825247E+00, 0.80949174E+00
 0.39783216E+00, 0.80949174E+00
 0.47741844E+00, 0.80949174E+00
 0.55701129E+00, 0.80949174E+00
 0.63661067E+00, 0.80949174E+00
 0.71621657E+00, 0.80949174E+00
 0.79582896E+00, 0.80949174E+00
 0.87544783E+00, 0.80949174E+00
 0.95507315E+00, 0.80949174E+00
 0.10347049E+01, 0.80949174E+00
 0.11143430E+01, 0.80949174E+00
 0.11939876E+01, 0.80949174E+00
 0.12736385E+01, 0.80949174E+00
 0.13532957E+01, 0.80949174E+00
 0.14329592E+01, 0.80949174E+00
 0.15126291E+01, 0.80949174E+00
 0.15923052E+01, 0.80949174E+00
 0.16719875E+01, 0.80949174E+00
 0.17516761E+01, 0.80949174E+00
 0.18313709E+01, 0.80949174E+00
 0.19110718E+01, 0.80949174E+00
 0.19907790E+01, 0.80949174E+00
 0.20704922E+01, 0.80949174E+00
 0.21502116E+01, 0.80949174E+00
 0.22299370E+01, 0.80949174E+00
 0.23096685E+01, 0.80949174E+00
 0.23894061E+01, 0.80949174E+00
 0.24691496E+01, 0.80949174E+00
 0.25488992E+01, 0.80949174E+00
 0.26286547E+01, 0.80949174E+00
 0.27084162E+01, 0.80949174E+00
 0.27881836E+01, 0.80949174E+00
 0.28679570E+01, 0.80949174E+00
 0.29477362E+01, 0.80949174E+00
 0.30275212E+01, 0.80949174E+00
 0.31073121E+01, 0.80949174E+00
 0.31871089E+01, 0.80949174E+00
 0.32669114E+01, 0.80949174E+00
 0.33467197E+01, 0.80949174E+00
 0.34265337E+01, 0.80063646E+00
 0.35063534E+01, 0.79178053E+00
 0.35861789E+01, 0.78292398E+00
 0.36660100E+01, 0.77406679E+00
 0.37458468E+01, 0.76520898E+00
 0.38256892E+01, 0.75635055E+00
 0.39055373E+01, 0.74749149E+00
 0.39853909E+01, 0.73863181E+00
 0.40652500E+01, 0.72977151E+00
 0.41451148E+01, 0.72091060E+00
 0.42249850E+01, 0.71204908E+00
 0.43048607E+01, 0.70318695E+00
 0.43847419E+01, 0.69432421E+00
 0.44646286E+01, 0.68546086E+00
 0.45445207E+01, 0.67659692E+00
 0.46244182E+01, 0.66773237E+00
 0.47043210E+01, 0.65886723E+00
 0.47842292E+01, 0.65000149E+00
 0.48641428E+01, 0.64113516E+00
 0.49440617E+01, 0.63226824E+00
 0.50239858E+01, 0.62340074E+00
 0.51039152E+01, 0.61453265E+00
 0.51838499E+01, 0.60566398E+00
 0.52637898E+01, 0.59679472E+00
 0.53437349E+01, 0.58792490E+00
 0.54236851E+01, 0.57905450E+00
 0.55036405E+01, 0.57018352E+00
 0.55836011E+01, 0.56131198E+00
 0.56635667E+01, 0.55243987E+00
 0.57435374E+01, 0.53398309E+00
 0.58235132E+01, 0.51552514E+00
 0.59034940E+01, 0.49706603E+00
 0.59834799E+01, 0.47860576E+00
 0.60634707E+01, 0.46014434E+00
 0.61434665E+01, 0.44168178E+00
 0.62234672E+01, 0.42321807E+00
 0.63034729E+01, 0.40475323E+00
 0.63834834E+01, 0.38628725E+00
 0.64634989E+01, 0.37669779E+00
 0.65435191E+01, 0.36710774E+00
 0.66235443E+01, 0.35751711E+00
 0.67035742E+01, 0.34792591E+00
 0.67836089E+01, 0.33833413E+00
 0.68636483E+01, 0.32874178E+00
 0.69436925E+01, 0.31914887E+00
 0.70237414E+01, 0.30955539E+00
 0.71037950E+01, 0.29996135E+00
 0.71838533E+01, 0.29036675E+00
 0.72639162E+01, 0.28077159E+00
 0.73439837E+01, 0.28077159E+00
 0.74240559E+01, 0.28077159E+00
 0.75041326E+01, 0.28077159E+00
 0.75842138E+01, 0.28077159E+00
 0.76642996E+01, 0.28077159E+00
 0.77443899E+01, 0.28077159E+00
 0.78244847E+01, 0.28077159E+00
 0.79045839E+01, 0.28077159E+00
 0.79846876E+01, 0.28077159E+00
 0.80647957E+01, 0.28077159E+00
 0.81449081E+01, 0.28077159E+00
 0.82250250E+01, 0.28077159E+00
 0.83051462E+01, 0.28077159E+00
 0.83852717E+01, 0.28077159E+00
 0.84654015E+01, 0.28077159E+00
 0.85455356E+01, 0.28077159E+00
 0.86256739E+01, 0.28077159E+00
 0.87058164E+01, 0.28077159E+00
 0.87859632E+01, 0.28077159E+00
 0.88661141E+01, 0.28077159E+00
 0.89462692E+01, 0.28077159E+00
 0.90264285E+01, 0.28077159E+00
 0.91065918E+01, 0.28077159E+00
 0.91867593E+01, 0.28077159E+00
 0.92669308E+01, 0.28077159E+00
 0.93471063E+01, 0.28077159E+00
 0.94272859E+01, 0.28077159E+00
 0.95074694E+01, 0.28077159E+00
 0.95876569E+01, 0.28077159E+00
 0.96678484E+01, 0.28077159E+00
 0.97480438E+01, 0.28077159E+00
 0.98282431E+01, 0.28077159E+00
 0.99084463E+01, 0.28077159E+00
 0.99886534E+01, 0.28077159E+00
 0.10068864E+02, 0.28077159E+00
 0.10149079E+02, 0.28077159E+00
 0.10229297E+02, 0.28077159E+00
 0.10309520E+02, 0.28077159E+00
 0.10389746E+02, 0.28077159E+00
 0.10469975E+02, 0.28077159E+00
 0.10550209E+02, 0.28077159E+00
 0.10630446E+02, 0.28077159E+00
 0.10710686E+02, 0.28077159E+00
 0.10790931E+02, 0.28077159E+00
 0.10871179E+02, 0.28077159E+00
 0.10951430E+02, 0.28077159E+00
 0.11031685E+02, 0.28077159E+00
 0.11111944E+02, 0.28077159E+00
 0.11192206E+02, 0.28077159E+00
 0.11272471E+02, 0.28077159E+00
 0.11352740E+02, 0.28077159E+00
 0.11433013E+02, 0.28077159E+00
 0.11513289E+02, 0.28077159E+00
 0.11593568E+02, 0.28077159E+00
 0.11673851E+02, 0.28077159E+00
 0.11754137E+02, 0.28354711E+00
 0.11834426E+02, 0.28632274E+00
 0.11914719E+02, 0.28909848E+00
 0.11995015E+02, 0.29187434E+00
 0.12075314E+02, 0.29465031E+00
 0.12155616E+02, 0.29742639E+00
 0.12235922E+02, 0.30020258E+00
 0.12316230E+02, 0.30297888E+00
 0.12396542E+02, 0.30575530E+00
 0.12476857E+02, 0.30853181E+00
 0.12557175E+02, 0.31130844E+00
 0.12637497E+02, 0.31408518E+00
 0.12717821E+02, 0.31686201E+00
 0.12798148E+02, 0.31963896E+00
 0.12878478E+02, 0.32241601E+00
 0.12958812E+02, 0.32519316E+00
 0.13039148E+02, 0.32797042E+00
 0.13119487E+02, 0.33074777E+00
 0.13199829E+02, 0.33352523E+00
 0.13280175E+02, 0.33630279E+00
 0.13360522E+02, 0.33908045E+00
 0.13440873E+02, 0.34185820E+00
 0.13521227E+02, 0.34463606E+00
 0.13601583E+02, 0.34741401E+00
 0.13681943E+02, 0.35019205E+00
 0.13762304E+02, 0.35297020E+00
 0.13842669E+02, 0.35574843E+00
 0.13923037E+02, 0.35852676E+00
 0.14003407E+02, 0.36130519E+00
 0.14083779E+02, 0.36408370E+00
 0.14164155E+02, 0.36686231E+00
 0.14244533E+02, 0.36964101E+00
 0.14324913E+02, 0.37241979E+00
 0.14405297E+02, 0.37519867E+00
 0.14485682E+02, 0.37797763E+00
 0.14566071E+02, 0.38075668E+00
 0.14646461E+02, 0.38353582E+00
 0.14726855E+02, 0.38631504E+00
 0.14807250E+02, 0.38909435E+00
 0.14887648E+02, 0.39187374E+00
 0.14968049E+02, 0.39465322E+00
 0.15048452E+02, 0.39743278E+00
 0.15128857E+02, 0.40021242E+00
 0.15209265E+02, 0.40299214E+00
 0.15289675E+02, 0.40577194E+00
 0.15370087E+02, 0.40855181E+00
 0.15450501E+02, 0.41133177E+00
 0.15530918E+02, 0.41411181E+00
 0.15611337E+02, 0.41689192E+00
 0.15691758E+02, 0.41967211E+00
 0.15772181E+02, 0.42245237E+00
 0.15852607E+02, 0.42523270E+00
 0.15933034E+02, 0.42801311E+00
 0.16013464E+02, 0.43079360E+00
 0.16093896E+02, 0.43357415E+00
 0.16174329E+02, 0.43635478E+00
 0.16254765E+02, 0.43913547E+00
 0.16335203E+02, 0.44191624E+00
 0.16415643E+02, 0.44469707E+00
 0.16496085E+02, 0.44747797E+00
 0.16576528E+02, 0.45025894E+00
 0.16656974E+02, 0.45303997E+00
 0.16737421E+02, 0.45582107E+00
 0.16817871E+02, 0.45860224E+00
 0.16898322E+02, 0.46138346E+00
 0.16978775E+02, 0.46416475E+00
 0.17059230E+02, 0.46694611E+00
 0.17139686E+02, 0.46972752E+00
 0.17220145E+02, 0.47250899E+00
 0.17300605E+02, 0.47529053E+00
 0.17381067E+02, 0.47807212E+00
 0.17461530E+02, 0.48085377E+00
 0.17541995E+02, 0.48363548E+00
 0.17622462E+02, 0.48641724E+00
 0.17702930E+02, 0.48919906E+00
 0.17783400E+02, 0.49198094E+00
 0.17863872E+02, 0.49476286E+00
 0.17944345E+02, 0.49754485E+00
 0.18024819E+02, 0.50032688E+00
 0.18105295E+02, 0.50310896E+00
 0.18185773E+02, 0.50589110E+00
 0.18266252E+02, 0.50867328E+00
 0.18346732E+02, 0.51145552E+00
 0.18427214E+02, 0.51423780E+00
 0.18507697E+02, 0.51702013E+00
 0.18588181E+02, 0.51980251E+00
 0.18668667E+02, 0.52258493E+00
 0.18749154E+02, 0.52536740E+00
 0.18829642E+02, 0.52814991E+00
 0.18910132E+02, 0.53093246E+00
 0.18990623E+02, 0.53371506E+00
 0.19071115E+02, 0.53649770E+00
 0.19151608E+02, 0.53928038E+00
 0.19232102E+02, 0.54206309E+00
 0.19312598E+02, 0.54484585E+00
 0.19393094E+02, 0.54762865E+00
 0.19473592E+02, 0.55041148E+00
 0.19554091E+02, 0.55319436E+00
 0.19634591E+02, 0.55597726E+00
 0.19715091E+02, 0.55876020E+00
 0.19795593E+02, 0.56154318E+00
 0.19876096E+02, 0.56154318E+00
 0.19956600E+02, 0.56154318E+00
 0.20037104E+02, 0.56154318E+00
 0.20117610E+02, 0.56154318E+00
 0.20198116E+02, 0.56154318E+00
 0.20278624E+02, 0.56154318E+00
 0.20359132E+02, 0.56154318E+00
 0.20439640E+02, 0.56154318E+00
 0.20520150E+02, 0.56154318E+00
 0.20600661E+02, 0.56154318E+00
 0.20681172E+02, 0.56154318E+00
 0.20761684E+02, 0.56154318E+00
 0.20842196E+02, 0.56154318E+00
 0.20922709E+02, 0.56154318E+00
 0.21003223E+02, 0.56154318E+00
 0.21083738E+02, 0.56154318E+00
 0.21164253E+02, 0.56154318E+00
 0.21244768E+02, 0.56154318E+00
 0.21325285E+02, 0.56154318E+00
 0.21405801E+02, 0.56154318E+00
 0.21486318E+02, 0.56154318E+00
 0.21566836E+02, 0.56154318E+00
 0.21647354E+02, 0.56154318E+00
 0.21727873E+02, 0.56154318E+00
 0.21808392E+02, 0.56154318E+00
 0.21888911E+02, 0.56154318E+00
 0.21969431E+02, 0.56154318E+00
 0.22049951E+02, 0.56154318E+00
 0.22130471E+02, 0.56154318E+00
 0.22210992E+02, 0.56154318E+00
 0.22291512E+02, 0.56154318E+00
 0.22372033E+02, 0.56154318E+00
 0.22452555E+02, 0.56154318E+00
 0.22533076E+02, 0.56154318E+00
 0.22613598E+02, 0.56154318E+00
 0.22694120E+02, 0.56154318E+00
 0.22774642E+02, 0.56154318E+00
 0.22855164E+02, 0.56154318E+00
 0.22935686E+02, 0.56154318E+00
 0.23016208E+02, 0.56154318E+00
 0.23096730E+02, 0.56154318E+00
 0.23177245E+02, 0.56154318E+00
 0.23263916E+02, 0.56154318E+00
 0.23357127E+02, 0.56154318E+00
 0.23457269E+02, 0.56154318E+00
 0.23564742E+02, 0.56154318E+00
 0.23679948E+02, 0.56154318E+00
 0.23803290E+02, 0.56154318E+00
 0.23935168E+02, 0.56154318E+00
 0.24075970E+02, 0.56154318E+00
 0.24226073E+02, 0.56154318E+00
 0.24385831E+02, 0.56154318E+00
 0.24555573E+02, 0.56154318E+00
 0.24735591E+02, 0.56154318E+00
 0.24926137E+02, 0.56154318E+00
 0.25127412E+02, 0.56154318E+00
 0.25339558E+02, 0.56154318E+00
 0.25562651E+02, 0.56154318E+00
 0.25796691E+02, 0.56154318E+00
 0.26041595E+02, 0.56154318E+00
 0.26297191E+02, 0.56154318E+00
 0.26563211E+02, 0.56154318E+00
 0.26839285E+02, 0.56154318E+00
 0.27124941E+02, 0.56154318E+00
 0.27419601E+02, 0.56154318E+00
 0.27722584E+02, 0.56154318E+00
 0.28033107E+02, 0.56154318E+00
 0.28350293E+02, 0.56154318E+00
 0.28673177E+02, 0.56154318E+00
 0.29000719E+02, 0.56154318E+00
 0.29331813E+02, 0.56154318E+00
 0.29665303E+02, 0.56154318E+00
 0.30000000E+02, 0.56154318E+00
 0.00000000E+00, 0.86999061E+00
 0.79553127E-01, 0.86999061E+00
 0.15911293E+00, 0.86999061E+00
 0.23867938E+00, 0.86999061E+00
 0.31825247E+00, 0.86999061E+00
 0.39783216E+00, 0.86999061E+00
 0.47741844E+00, 0.86999061E+00
 0.55701129E+00, 0.86999061E+00
 0.63661067E+00, 0.86999061E+00
 0.71621657E+00, 0.86999061E+00
 0.79582896E+00, 0.86999061E+00
 0.87544783E+00, 0.86999061E+00
 0.95507315E+00, 0.86999061E+00
 0.10347049E+01, 0.86999061E+00
 0.11143430E+01, 0.86999061E+00
 0.11939876E+01, 0.86999061E+00
 0.12736385E+01, 0.86999061E+00
 0.13532957E+01, 0.86999061E+00
 0.14329592E+01, 0.86999061E+00
 0.15126291E+01, 0.86999061E+00
 0.15923052E+01, 0.86999061E+00
 0.16719875E+01, 0.86999061E+00
 0.17516761E+01, 0.86999061E+00
 0.18313709E+01, 0.86999061E+00
 0.19110718E+01, 0.86999061E+00
 0.19907790E+01, 0.86999061E+00
 0.20704922E+01, 0.86999061E+00
 0.21502116E+01, 0.86999061E+00
 0.22299370E+01, 0.86999061E+00
 0.23096685E+01, 0.86999061E+00
 0.23894061E+01, 0.86999061E+00
 0.24691496E+01, 0.86999061E+00
 0.25488992E+01, 0.86999061E+00
 0.26286547E+01, 0.86999061E+00
 0.27084162E+01, 0.86999061E+00
 0.27881836E+01, 0.86999061E+00
 0.28679570E+01, 0.86999061E+00
 0.29477362E+01, 0.86999061E+00
 0.30275212E+01, 0.86999061E+00
 0.31073121E+01, 0.86999061E+00
 0.31871089E+01, 0.86999061E+00
 0.32669114E+01, 0.86999061E+00
 0.33467197E+01, 0.86999061E+00
 0.34265337E+01, 0.86014839E+00
 0.35063534E+01, 0.85030546E+00
 0.35861789E+01, 0.84046182E+00
 0.36660100E+01, 0.83061749E+00
 0.37458468E+01, 0.82077246E+00
 0.38256892E+01, 0.81092673E+00
 0.39055373E+01, 0.80108031E+00
 0.39853909E+01, 0.79123321E+00
 0.40652500E+01, 0.78138542E+00
 0.41451148E+01, 0.77153694E+00
 0.42249850E+01, 0.76168778E+00
 0.43048607E+01, 0.75183795E+00
 0.43847419E+01, 0.74198744E+00
 0.44646286E+01, 0.73213626E+00
 0.45445207E+01, 0.72228441E+00
 0.46244182E+01, 0.71243189E+00
 0.47043210E+01, 0.70257871E+00
 0.47842292E+01, 0.69272487E+00
 0.48641428E+01, 0.68287037E+00
 0.49440617E+01, 0.67301522E+00
 0.50239858E+01, 0.66315942E+00
 0.51039152E+01, 0.65330296E+00
 0.51838499E+01, 0.64344586E+00
 0.52637898E+01, 0.63358811E+00
 0.53437349E+01, 0.62372973E+00
 0.54236851E+01, 0.61387070E+00
 0.55036405E+01, 0.60401105E+00
 0.55836011E+01, 0.59415075E+00
 0.56635667E+01, 0.58428983E+00
 0.57435374E+01, 0.56526117E+00
 0.58235132E+01, 0.54623129E+00
 0.59034940E+01, 0.52720022E+00
 0.59834799E+01, 0.50816796E+00
 0.60634707E+01, 0.48913451E+00
 0.61434665E+01, 0.47009988E+00
 0.62234672E+01, 0.45106407E+00
 0.63034729E+01, 0.43202709E+00
 0.63834834E+01, 0.41298895E+00
 0.64634989E+01, 0.40381670E+00
 0.65435191E+01, 0.39464390E+00
 0.66235443E+01, 0.38547055E+00
 0.67035742E+01, 0.37629665E+00
 0.67836089E+01, 0.36712219E+00
 0.68636483E+01, 0.35794719E+00
 0.69436925E+01, 0.34877165E+00
 0.70237414E+01, 0.33959557E+00
 0.71037950E+01, 0.33041895E+00
 0.71838533E+01, 0.32124180E+00
 0.72639162E+01, 0.31206411E+00
 0.73439837E+01, 0.31206411E+00
 0.74240559E+01, 0.31206411E+00
 0.75041326E+01, 0.31206411E+00
 0.75842138E+01, 0.31206411E+00
 0.76642996E+01, 0.31206411E+00
 0.77443899E+01, 0.31206411E+00
 0.78244847E+01, 0.31206411E+00
 0.79045839E+01, 0.31206411E+00
 0.79846876E+01, 0.31206411E+00
 0.80647957E+01, 0.31206411E+00
 0.81449081E+01, 0.31206411E+00
 0.82250250E+01, 0.31206411E+00
 0.83051462E+01, 0.31206411E+00
 0.83852717E+01, 0.31206411E+00
 0.84654015E+01, 0.31206411E+00
 0.85455356E+01, 0.31206411E+00
 0.86256739E+01, 0.31206411E+00
 0.87058164E+01, 0.31206411E+00
 0.87859632E+01, 0.31206411E+00
 0.88661141E+01, 0.31206411E+00
 0.89462692E+01, 0.31206411E+00
 0.90264285E+01, 0.31206411E+00
 0.91065918E+01, 0.31206411E+00
 0.91867593E+01, 0.31206411E+00
 0.92669308E+01, 0.31206411E+00
 0.93471063E+01, 0.31206411E+00
 0.94272859E+01, 0.31206411E+00
 0.95074694E+01, 0.31206411E+00
 0.95876569E+01, 0.31206411E+00
 0.96678484E+01, 0.31206411E+00
 0.97480438E+01, 0.31206411E+00
 0.98282431E+01, 0.31206411E+00
 0.99084463E+01, 0.31206411E+00
 0.99886534E+01, 0.31206411E+00
 0.10068864E+02, 0.31206411E+00
 0.10149079E+02, 0.31206411E+00
 0.10229297E+02, 0.31206411E+00
 0.10309520E+02, 0.31206411E+00
 0.10389746E+02, 0.31206411E+00
 0.10469975E+02, 0.31206411E+00
 0.10550209E+02, 0.31206411E+00
 0.10630446E+02, 0.31206411E+00
 0.10710686E+02, 0.31206411E+00
 0.10790931E+02, 0.31206411E+00
 0.10871179E+02, 0.31206411E+00
 0.10951430E+02, 0.31206411E+00
 0.11031685E+02, 0.31206411E+00
 0.11111944E+02, 0.31206411E+00
 0.11192206E+02, 0.31206411E+00
 0.11272471E+02, 0.31206411E+00
 0.11352740E+02, 0.31206411E+00
 0.11433013E+02, 0.31206411E+00
 0.11513289E+02, 0.31206411E+00
 0.11593568E+02, 0.31206411E+00
 0.11673851E+02, 0.31206411E+00
 0.11754137E+02, 0.31514896E+00
 0.11834426E+02, 0.31823394E+00
 0.11914719E+02, 0.32131905E+00
 0.11995015E+02, 0.32440428E+00
 0.12075314E+02, 0.32748964E+00
 0.12155616E+02, 0.33057512E+00
 0.12235922E+02, 0.33366072E+00
 0.12316230E+02, 0.33674645E+00
 0.12396542E+02, 0.33983230E+00
 0.12476857E+02, 0.34291826E+00
 0.12557175E+02, 0.34600435E+00
 0.12637497E+02, 0.34909056E+00
 0.12717821E+02, 0.35217688E+00
 0.12798148E+02, 0.35526332E+00
 0.12878478E+02, 0.35834988E+00
 0.12958812E+02, 0.36143655E+00
 0.13039148E+02, 0.36452333E+00
 0.13119487E+02, 0.36761023E+00
 0.13199829E+02, 0.37069724E+00
 0.13280175E+02, 0.37378436E+00
 0.13360522E+02, 0.37687160E+00
 0.13440873E+02, 0.37995894E+00
 0.13521227E+02, 0.38304639E+00
 0.13601583E+02, 0.38613395E+00
 0.13681943E+02, 0.38922161E+00
 0.13762304E+02, 0.39230938E+00
 0.13842669E+02, 0.39539726E+00
 0.13923037E+02, 0.39848524E+00
 0.14003407E+02, 0.40157333E+00
 0.14083779E+02, 0.40466151E+00
 0.14164155E+02, 0.40774980E+00
 0.14244533E+02, 0.41083819E+00
 0.14324913E+02, 0.41392668E+00
 0.14405297E+02, 0.41701526E+00
 0.14485682E+02, 0.42010395E+00
 0.14566071E+02, 0.42319273E+00
 0.14646461E+02, 0.42628161E+00
 0.14726855E+02, 0.42937058E+00
 0.14807250E+02, 0.43245965E+00
 0.14887648E+02, 0.43554881E+00
 0.14968049E+02, 0.43863806E+00
 0.15048452E+02, 0.44172740E+00
 0.15128857E+02, 0.44481684E+00
 0.15209265E+02, 0.44790636E+00
 0.15289675E+02, 0.45099598E+00
 0.15370087E+02, 0.45408568E+00
 0.15450501E+02, 0.45717547E+00
 0.15530918E+02, 0.46026534E+00
 0.15611337E+02, 0.46335530E+00
 0.15691758E+02, 0.46644535E+00
 0.15772181E+02, 0.46953547E+00
 0.15852607E+02, 0.47262568E+00
 0.15933034E+02, 0.47571598E+00
 0.16013464E+02, 0.47880635E+00
 0.16093896E+02, 0.48189680E+00
 0.16174329E+02, 0.48498733E+00
 0.16254765E+02, 0.48807794E+00
 0.16335203E+02, 0.49116863E+00
 0.16415643E+02, 0.49425939E+00
 0.16496085E+02, 0.49735023E+00
 0.16576528E+02, 0.50044114E+00
 0.16656974E+02, 0.50353213E+00
 0.16737421E+02, 0.50662318E+00
 0.16817871E+02, 0.50971431E+00
 0.16898322E+02, 0.51280551E+00
 0.16978775E+02, 0.51589679E+00
 0.17059230E+02, 0.51898812E+00
 0.17139686E+02, 0.52207953E+00
 0.17220145E+02, 0.52517101E+00
 0.17300605E+02, 0.52826255E+00
 0.17381067E+02, 0.53135415E+00
 0.17461530E+02, 0.53444582E+00
 0.17541995E+02, 0.53753756E+00
 0.17622462E+02, 0.54062936E+00
 0.17702930E+02, 0.54372121E+00
 0.17783400E+02, 0.54681313E+00
 0.17863872E+02, 0.54990511E+00
 0.17944345E+02, 0.55299715E+00
 0.18024819E+02, 0.55608925E+00
 0.18105295E+02, 0.55918140E+00
 0.18185773E+02, 0.56227361E+00
 0.18266252E+02, 0.56536587E+00
 0.18346732E+02, 0.56845819E+00
 0.18427214E+02, 0.57155057E+00
 0.18507697E+02, 0.57464299E+00
 0.18588181E+02, 0.57773547E+00
 0.18668667E+02, 0.58082800E+00
 0.18749154E+02, 0.58392058E+00
 0.18829642E+02, 0.58701320E+00
 0.18910132E+02, 0.59010588E+00
 0.18990623E+02, 0.59319860E+00
 0.19071115E+02, 0.59629137E+00
 0.19151608E+02, 0.59938418E+00
 0.19232102E+02, 0.60247704E+00
 0.19312598E+02, 0.60556994E+00
 0.19393094E+02, 0.60866289E+00
 0.19473592E+02, 0.61175587E+00
 0.19554091E+02, 0.61484890E+00
 0.19634591E+02, 0.61794197E+00
 0.19715091E+02, 0.62103508E+00
 0.19795593E+02, 0.62412822E+00
 0.19876096E+02, 0.62412822E+00
 0.19956600E+02, 0.62412822E+00
 0.20037104E+02, 0.62412822E+00
 0.20117610E+02, 0.62412822E+00
 0.20198116E+02, 0.62412822E+00
 0.20278624E+02, 0.62412822E+00
 0.20359132E+02, 0.62412822E+00
 0.20439640E+02, 0.62412822E+00
 0.20520150E+02, 0.62412822E+00
 0.20600661E+02, 0.62412822E+00
 0.20681172E+02, 0.62412822E+00
 0.20761684E+02, 0.62412822E+00
 0.20842196E+02, 0.62412822E+00
 0.20922709E+02, 0.62412822E+00
 0.21003223E+02, 0.62412822E+00
 0.21083738E+02, 0.62412822E+00
 0.21164253E+02, 0.62412822E+00
 0.21244768E+02, 0.62412822E+00
 0.21325285E+02, 0.62412822E+00
 0.21405801E+02, 0.62412822E+00
 0.21486318E+02, 0.62412822E+00
 0.21566836E+02, 0.62412822E+00
 0.21647354E+02, 0.62412822E+00
 0.21727873E+02, 0.62412822E+00
 0.21808392E+02, 0.62412822E+00
 0.21888911E+02, 0.62412822E+00
 0.21969431E+02, 0.62412822E+00
 0.22049951E+02, 0.62412822E+00
 0.22130471E+02, 0.62412822E+00
 0.22210992E+02, 0.62412822E+00
 0.22291512E+02, 0.62412822E+00
 0.22372033E+02, 0.62412822E+00
 0.22452555E+02, 0.62412822E+00
 0.22533076E+02, 0.62412822E+00
 0.22613598E+02, 0.62412822E+00
 0.22694120E+02, 0.62412822E+00
 0.22774642E+02, 0.62412822E+00
 0.22855164E+02, 0.62412822E+00
 0.22935686E+02, 0.62412822E+00
 0.23016208E+02, 0.62412822E+00
 0.23096730E+02, 0.62412822E+00
 0.23177245E+02, 0.62412822E+00
 0.23263916E+02, 0.62412822E+00
 0.23357127E+02, 0.62412822E+00
 0.23457269E+02, 0.62412822E+00
 0.23564742E+02, 0.62412822E+00
 0.23679948E+02, 0.62412822E+00
 0.23803290E+02, 0.62412822E+00
 0.23935168E+02, 0.62412822E+00
 0.24075970E+02, 0.62412822E+00
 0.24226073E+02, 0.62412822E+00
 0.24385831E+02, 0.62412822E+00
 0.24555573E+02, 0.62412822E+00
 0.24735591E+02, 0.62412822E+00
 0.24926137E+02, 0.62412822E+00
 0.25127412E+02, 0.62412822E+00
 0.25339558E+02, 0.62412822E+00
 0.25562651E+02, 0.62412822E+00
 0.25796691E+02, 0.62412822E+00
 0.26041595E+02, 0.62412822E+00
 0.26297191E+02, 0.62412822E+00
 0.26563211E+02, 0.62412822E+00
 0.26839285E+02, 0.62412822E+00
 0.27124941E+02, 0.62412822E+00
 0.27419601E+02, 0.62412822E+00
 0.27722584E+02, 0.62412822E+00
 0.28033107E+02, 0.62412822E+00
 0.28350293E+02, 0.62412822E+00
 0.28673177E+02, 0.62412822E+00
 0.29000719E+02, 0.62412822E+00
 0.29331813E+02, 0.62412822E+00
 0.29665303E+02, 0.62412822E+00
 0.30000000E+02, 0.62412822E+00
 0.00000000E+00, 0.93051252E+00
 0.79553127E-01, 0.93051252E+00
 0.15911293E+00, 0.93051252E+00
 0.23867938E+00, 0.93051252E+00
 0.31825247E+00, 0.93051252E+00
 0.39783216E+00, 0.93051252E+00
 0.47741844E+00, 0.93051252E+00
 0.55701129E+00, 0.93051252E+00
 0.63661067E+00, 0.93051252E+00
 0.71621657E+00, 0.93051252E+00
 0.79582896E+00, 0.93051252E+00
 0.87544783E+00, 0.93051252E+00
 0.95507315E+00, 0.93051252E+00
 0.10347049E+01, 0.93051252E+00
 0.11143430E+01, 0.93051252E+00
 0.11939876E+01, 0.93051252E+00
 0.12736385E+01, 0.93051252E+00
 0.13532957E+01, 0.93051252E+00
 0.14329592E+01, 0.93051252E+00
 0.15126291E+01, 0.93051252E+00
 0.15923052E+01, 0.93051252E+00
 0.16719875E+01, 0.93051252E+00
 0.17516761E+01, 0.93051252E+00
 0.18313709E+01, 0.93051252E+00
 0.19110718E+01, 0.93051252E+00
 0.19907790E+01, 0.93051252E+00
 0.20704922E+01, 0.93051252E+00
 0.21502116E+01, 0.93051252E+00
 0.22299370E+01, 0.93051252E+00
 0.23096685E+01, 0.93051252E+00
 0.23894061E+01, 0.93051252E+00
 0.24691496E+01, 0.93051252E+00
 0.25488992E+01, 0.93051252E+00
 0.26286547E+01, 0.93051252E+00
 0.27084162E+01, 0.93051252E+00
 0.27881836E+01, 0.93051252E+00
 0.28679570E+01, 0.93051252E+00
 0.29477362E+01, 0.93051252E+00
 0.30275212E+01, 0.93051252E+00
 0.31073121E+01, 0.93051252E+00
 0.31871089E+01, 0.93051252E+00
 0.32669114E+01, 0.93051252E+00
 0.33467197E+01, 0.93051252E+00
 0.34265337E+01, 0.91968298E+00
 0.35063534E+01, 0.90885266E+00
 0.35861789E+01, 0.89802157E+00
 0.36660100E+01, 0.88718971E+00
 0.37458468E+01, 0.87635709E+00
 0.38256892E+01, 0.86552370E+00
 0.39055373E+01, 0.85468954E+00
 0.39853909E+01, 0.84385463E+00
 0.40652500E+01, 0.83301897E+00
 0.41451148E+01, 0.82218255E+00
 0.42249850E+01, 0.81134538E+00
 0.43048607E+01, 0.80050747E+00
 0.43847419E+01, 0.78966882E+00
 0.44646286E+01, 0.77882943E+00
 0.45445207E+01, 0.76798930E+00
 0.46244182E+01, 0.75714843E+00
 0.47043210E+01, 0.74630684E+00
 0.47842292E+01, 0.73546452E+00
 0.48641428E+01, 0.72462148E+00
 0.49440617E+01, 0.71377771E+00
 0.50239858E+01, 0.70293323E+00
 0.51039152E+01, 0.69208804E+00
 0.51838499E+01, 0.68124213E+00
 0.52637898E+01, 0.67039551E+00
 0.53437349E+01, 0.65954819E+00
 0.54236851E+01, 0.64870017E+00
 0.55036405E+01, 0.63785145E+00
 0.55836011E+01, 0.62700203E+00
 0.56635667E+01, 0.61615192E+00
 0.57435374E+01, 0.59655115E+00
 0.58235132E+01, 0.57694914E+00
 0.59034940E+01, 0.55734589E+00
 0.59834799E+01, 0.53774142E+00
 0.60634707E+01, 0.51813572E+00
 0.61434665E+01, 0.49852880E+00
 0.62234672E+01, 0.47892068E+00
 0.63034729E+01, 0.45931134E+00
 0.63834834E+01, 0.43970081E+00
 0.64634989E+01, 0.43094595E+00
 0.65435191E+01, 0.42219055E+00
 0.66235443E+01, 0.41343463E+00
 0.67035742E+01, 0.40467819E+00
 0.67836089E+01, 0.39592122E+00
 0.68636483E+01, 0.38716372E+00
 0.69436925E+01, 0.37840571E+00
 0.70237414E+01, 0.36964719E+00
 0.71037950E+01, 0.36088815E+00
 0.71838533E+01, 0.35212860E+00
 0.72639162E+01, 0.34336854E+00
 0.73439837E+01, 0.34336854E+00
 0.74240559E+01, 0.34336854E+00
 0.75041326E+01, 0.34336854E+00
 0.75842138E+01, 0.34336854E+00
 0.76642996E+01, 0.34336854E+00
 0.77443899E+01, 0.34336854E+00
 0.78244847E+01, 0.34336854E+00
 0.79045839E+01, 0.34336854E+00
 0.79846876E+01, 0.34336854E+00
 0.80647957E+01, 0.34336854E+00
 0.81449081E+01, 0.34336854E+00
 0.82250250E+01, 0.34336854E+00
 0.83051462E+01, 0.34336854E+00
 0.83852717E+01, 0.34336854E+00
 0.84654015E+01, 0.34336854E+00
 0.85455356E+01, 0.34336854E+00
 0.86256739E+01, 0.34336854E+00
 0.87058164E+01, 0.34336854E+00
 0.87859632E+01, 0.34336854E+00
 0.88661141E+01, 0.34336854E+00
 0.89462692E+01, 0.34336854E+00
 0.90264285E+01, 0.34336854E+00
 0.91065918E+01, 0.34336854E+00
 0.91867593E+01, 0.34336854E+00
 0.92669308E+01, 0.34336854E+00
 0.93471063E+01, 0.34336854E+00
 0.94272859E+01, 0.34336854E+00
 0.95074694E+01, 0.34336854E+00
 0.95876569E+01, 0.34336854E+00
 0.96678484E+01, 0.34336854E+00
 0.97480438E+01, 0.34336854E+00
 0.98282431E+01, 0.34336854E+00
 0.99084463E+01, 0.34336854E+00
 0.99886534E+01, 0.34336854E+00
 0.10068864E+02, 0.34336854E+00
 0.10149079E+02, 0.34336854E+00
 0.10229297E+02, 0.34336854E+00
 0.10309520E+02, 0.34336854E+00
 0.10389746E+02, 0.34336854E+00
 0.10469975E+02, 0.34336854E+00
 0.10550209E+02, 0.34336854E+00
 0.10630446E+02, 0.34336854E+00
 0.10710686E+02, 0.34336854E+00
 0.10790931E+02, 0.34336854E+00
 0.10871179E+02, 0.34336854E+00
 0.10951430E+02, 0.34336854E+00
 0.11031685E+02, 0.34336854E+00
 0.11111944E+02, 0.34336854E+00
 0.11192206E+02, 0.34336854E+00
 0.11272471E+02, 0.34336854E+00
 0.11352740E+02, 0.34336854E+00
 0.11433013E+02, 0.34336854E+00
 0.11513289E+02, 0.34336854E+00
 0.11593568E+02, 0.34336854E+00
 0.11673851E+02, 0.34336854E+00
 0.11754137E+02, 0.34676285E+00
 0.11834426E+02, 0.35015730E+00
 0.11914719E+02, 0.35355188E+00
 0.11995015E+02, 0.35694661E+00
 0.12075314E+02, 0.36034147E+00
 0.12155616E+02, 0.36373647E+00
 0.12235922E+02, 0.36713160E+00
 0.12316230E+02, 0.37052687E+00
 0.12396542E+02, 0.37392227E+00
 0.12476857E+02, 0.37731780E+00
 0.12557175E+02, 0.38071347E+00
 0.12637497E+02, 0.38410926E+00
 0.12717821E+02, 0.38750519E+00
 0.12798148E+02, 0.39090124E+00
 0.12878478E+02, 0.39429742E+00
 0.12958812E+02, 0.39769373E+00
 0.13039148E+02, 0.40109017E+00
 0.13119487E+02, 0.40448672E+00
 0.13199829E+02, 0.40788340E+00
 0.13280175E+02, 0.41128021E+00
 0.13360522E+02, 0.41467713E+00
 0.13440873E+02, 0.41807418E+00
 0.13521227E+02, 0.42147135E+00
 0.13601583E+02, 0.42486863E+00
 0.13681943E+02, 0.42826603E+00
 0.13762304E+02, 0.43166355E+00
 0.13842669E+02, 0.43506118E+00
 0.13923037E+02, 0.43845893E+00
 0.14003407E+02, 0.44185680E+00
 0.14083779E+02, 0.44525477E+00
 0.14164155E+02, 0.44865286E+00
 0.14244533E+02, 0.45205105E+00
 0.14324913E+02, 0.45544936E+00
 0.14405297E+02, 0.45884778E+00
 0.14485682E+02, 0.46224630E+00
 0.14566071E+02, 0.46564493E+00
 0.14646461E+02, 0.46904367E+00
 0.14726855E+02, 0.47244251E+00
 0.14807250E+02, 0.47584145E+00
 0.14887648E+02, 0.47924050E+00
 0.14968049E+02, 0.48263965E+00
 0.15048452E+02, 0.48603889E+00
 0.15128857E+02, 0.48943824E+00
 0.15209265E+02, 0.49283769E+00
 0.15289675E+02, 0.49623724E+00
 0.15370087E+02, 0.49963688E+00
 0.15450501E+02, 0.50303662E+00
 0.15530918E+02, 0.50643645E+00
 0.15611337E+02, 0.50983638E+00
 0.15691758E+02, 0.51323640E+00
 0.15772181E+02, 0.51663651E+00
 0.15852607E+02, 0.52003671E+00
 0.15933034E+02, 0.52343700E+00
 0.16013464E+02, 0.52683738E+00
 0.16093896E+02, 0.53023785E+00
 0.16174329E+02, 0.53363840E+00
 0.16254765E+02, 0.53703905E+00
 0.16335203E+02, 0.54043977E+00
 0.16415643E+02, 0.54384058E+00
 0.16496085E+02, 0.54724147E+00
 0.16576528E+02, 0.55064245E+00
 0.16656974E+02, 0.55404350E+00
 0.16737421E+02, 0.55744464E+00
 0.16817871E+02, 0.56084585E+00
 0.16898322E+02, 0.56424714E+00
 0.16978775E+02, 0.56764851E+00
 0.17059230E+02, 0.57104996E+00
 0.17139686E+02, 0.57445148E+00
 0.17220145E+02, 0.57785307E+00
 0.17300605E+02, 0.58125473E+00
 0.17381067E+02, 0.58465647E+00
 0.17461530E+02, 0.58805828E+00
 0.17541995E+02, 0.59146016E+00
 0.17622462E+02, 0.59486211E+00
 0.17702930E+02, 0.59826412E+00
 0.17783400E+02, 0.60166620E+00
 0.17863872E+02, 0.60506835E+00
 0.17944345E+02, 0.60847057E+00
 0.18024819E+02, 0.61187284E+00
 0.18105295E+02, 0.61527518E+00
 0.18185773E+02, 0.61867758E+00
 0.18266252E+02, 0.62208005E+00
 0.18346732E+02, 0.62548257E+00
 0.18427214E+02, 0.62888515E+00
 0.18507697E+02, 0.63228779E+00
 0.18588181E+02, 0.63569049E+00
 0.18668667E+02, 0.63909324E+00
 0.18749154E+02, 0.64249605E+00
 0.18829642E+02, 0.64589891E+00
 0.18910132E+02, 0.64930182E+00
 0.18990623E+02, 0.65270479E+00
 0.19071115E+02, 0.65610781E+00
 0.19151608E+02, 0.65951087E+00
 0.19232102E+02, 0.66291399E+00
 0.19312598E+02, 0.66631715E+00
 0.19393094E+02, 0.66972036E+00
 0.19473592E+02, 0.67312362E+00
 0.19554091E+02, 0.67652692E+00
 0.19634591E+02, 0.67993027E+00
 0.19715091E+02, 0.68333366E+00
 0.19795593E+02, 0.68673709E+00
 0.19876096E+02, 0.68673709E+00
 0.19956600E+02, 0.68673709E+00
 0.20037104E+02, 0.68673709E+00
 0.20117610E+02, 0.68673709E+00
 0.20198116E+02, 0.68673709E+00
 0.20278624E+02, 0.68673709E+00
 0.20359132E+02, 0.68673709E+00
 0.20439640E+02, 0.68673709E+00
 0.20520150E+02, 0.68673709E+00
 0.20600661E+02, 0.68673709E+00
 0.20681172E+02, 0.68673709E+00
 0.20761684E+02, 0.68673709E+00
 0.20842196E+02, 0.68673709E+00
 0.20922709E+02, 0.68673709E+00
 0.21003223E+02, 0.68673709E+00
 0.21083738E+02, 0.68673709E+00
 0.21164253E+02, 0.68673709E+00
 0.21244768E+02, 0.68673709E+00
 0.21325285E+02, 0.68673709E+00
 0.21405801E+02, 0.68673709E+00
 0.21486318E+02, 0.68673709E+00
 0.21566836E+02, 0.68673709E+00
 0.21647354E+02, 0.68673709E+00
 0.21727873E+02, 0.68673709E+00
 0.21808392E+02, 0.68673709E+00
 0.21888911E+02, 0.68673709E+00
 0.21969431E+02, 0.68673709E+00
 0.22049951E+02, 0.68673709E+00
 0.22130471E+02, 0.68673709E+00
 0.22210992E+02, 0.68673709E+00
 0.22291512E+02, 0.68673709E+00
 0.22372033E+02, 0.68673709E+00
 0.22452555E+02, 0.68673709E+00
 0.22533076E+02, 0.68673709E+00
 0.22613598E+02, 0.68673709E+00
 0.22694120E+02, 0.68673709E+00
 0.22774642E+02, 0.68673709E+00
 0.22855164E+02, 0.68673709E+00
 0.22935686E+02, 0.68673709E+00
 0.23016208E+02, 0.68673709E+00
 0.23096730E+02, 0.68673709E+00
 0.23177245E+02, 0.68673709E+00
 0.23263916E+02, 0.68673709E+00
 0.23357127E+02, 0.68673709E+00
 0.23457269E+02, 0.68673709E+00
 0.23564742E+02, 0.68673709E+00
 0.23679948E+02, 0.68673709E+00
 0.23803290E+02, 0.68673709E+00
 0.23935168E+02, 0.68673709E+00
 0.24075970E+02, 0.68673709E+00
 0.24226073E+02, 0.68673709E+00
 0.24385831E+02, 0.68673709E+00
 0.24555573E+02, 0.68673709E+00
 0.24735591E+02, 0.68673709E+00
 0.24926137E+02, 0.68673709E+00
 0.25127412E+02, 0.68673709E+00
 0.25339558E+02, 0.68673709E+00
 0.25562651E+02, 0.68673709E+00
 0.25796691E+02, 0.68673709E+00
 0.26041595E+02, 0.68673709E+00
 0.26297191E+02, 0.68673709E+00
 0.26563211E+02, 0.68673709E+00
 0.26839285E+02, 0.68673709E+00
 0.27124941E+02, 0.68673709E+00
 0.27419601E+02, 0.68673709E+00
 0.27722584E+02, 0.68673709E+00
 0.28033107E+02, 0.68673709E+00
 0.28350293E+02, 0.68673709E+00
 0.28673177E+02, 0.68673709E+00
 0.29000719E+02, 0.68673709E+00
 0.29331813E+02, 0.68673709E+00
 0.29665303E+02, 0.68673709E+00
 0.30000000E+02, 0.68673709E+00
 0.00000000E+00, 0.99105362E+00
 0.79553127E-01, 0.99105362E+00
 0.15911293E+00, 0.99105362E+00
 0.23867938E+00, 0.99105362E+00
 0.31825247E+00, 0.99105362E+00
 0.39783216E+00, 0.99105362E+00
 0.47741844E+00, 0.99105362E+00
 0.55701129E+00, 0.99105362E+00
 0.63661067E+00, 0.99105362E+00
 0.71621657E+00, 0.99105362E+00
 0.79582896E+00, 0.99105362E+00
 0.87544783E+00, 0.99105362E+00
 0.95507315E+00, 0.99105362E+00
 0.10347049E+01, 0.99105362E+00
 0.11143430E+01, 0.99105362E+00
 0.11939876E+01, 0.99105362E+00
 0.12736385E+01, 0.99105362E+00
 0.13532957E+01, 0.99105362E+00
 0.14329592E+01, 0.99105362E+00
 0.15126291E+01, 0.99105362E+00
 0.15923052E+01, 0.99105362E+00
 0.16719875E+01, 0.99105362E+00
 0.17516761E+01, 0.99105362E+00
 0.18313709E+01, 0.99105362E+00
 0.19110718E+01, 0.99105362E+00
 0.19907790E+01, 0.99105362E+00
 0.20704922E+01, 0.99105362E+00
 0.21502116E+01, 0.99105362E+00
 0.22299370E+01, 0.99105362E+00
 0.23096685E+01, 0.99105362E+00
 0.23894061E+01, 0.99105362E+00
 0.24691496E+01, 0.99105362E+00
 0.25488992E+01, 0.99105362E+00
 0.26286547E+01, 0.99105362E+00
 0.27084162E+01, 0.99105362E+00
 0.27881836E+01, 0.99105362E+00
 0.28679570E+01, 0.99105362E+00
 0.29477362E+01, 0.99105362E+00
 0.30275212E+01, 0.99105362E+00
 0.31073121E+01, 0.99105362E+00
 0.31871089E+01, 0.99105362E+00
 0.32669114E+01, 0.99105362E+00
 0.33467197E+01, 0.99105362E+00
 0.34265337E+01, 0.97923646E+00
 0.35063534E+01, 0.96741844E+00
 0.35861789E+01, 0.95559959E+00
 0.36660100E+01, 0.94377989E+00
 0.37458468E+01, 0.93195935E+00
 0.38256892E+01, 0.92013798E+00
 0.39055373E+01, 0.90831578E+00
 0.39853909E+01, 0.89649275E+00
 0.40652500E+01, 0.88466890E+00
 0.41451148E+01, 0.87284423E+00
 0.42249850E+01, 0.86101874E+00
 0.43048607E+01, 0.84919244E+00
 0.43847419E+01, 0.83736533E+00
 0.44646286E+01, 0.82553741E+00
 0.45445207E+01, 0.81370869E+00
 0.46244182E+01, 0.80187916E+00
 0.47043210E+01, 0.79004884E+00
 0.47842292E+01, 0.77821773E+00
 0.48641428E+01, 0.76638583E+00
 0.49440617E+01, 0.75455314E+00
 0.50239858E+01, 0.74271967E+00
 0.51039152E+01, 0.73088542E+00
 0.51838499E+01, 0.71905039E+00
 0.52637898E+01, 0.70721459E+00
 0.53437349E+01, 0.69537802E+00
 0.54236851E+01, 0.68354068E+00
 0.55036405E+01, 0.67170258E+00
 0.55836011E+01, 0.65986373E+00
 0.56635667E+01, 0.64802411E+00
 0.57435374E+01, 0.62785106E+00
 0.58235132E+01, 0.60767672E+00
 0.59034940E+01, 0.58750112E+00
 0.59834799E+01, 0.56732425E+00
 0.60634707E+01, 0.54714613E+00
 0.61434665E+01, 0.52696675E+00
 0.62234672E+01, 0.50678612E+00
 0.63034729E+01, 0.48660425E+00
 0.63834834E+01, 0.46642115E+00
 0.64634989E+01, 0.45808380E+00
 0.65435191E+01, 0.44974595E+00
 0.66235443E+01, 0.44140759E+00
 0.67035742E+01, 0.43306873E+00
 0.67836089E+01, 0.42472938E+00
 0.68636483E+01, 0.41638952E+00
 0.69436925E+01, 0.40804918E+00
 0.70237414E+01, 0.39970834E+00
 0.71037950E+01, 0.39136702E+00
 0.71838533E+01, 0.38302520E+00
 0.72639162E+01, 0.37468291E+00
 0.73439837E+01, 0.37468291E+00
 0.74240559E+01, 0.37468291E+00
 0.75041326E+01, 0.37468291E+00
 0.75842138E+01, 0.37468291E+00
 0.76642996E+01, 0.37468291E+00
 0.77443899E+01, 0.37468291E+00
 0.78244847E+01, 0.37468291E+00
 0.79045839E+01, 0.37468291E+00
 0.79846876E+01, 0.37468291E+00
 0.80647957E+01, 0.37468291E+00
 0.81449081E+01, 0.37468291E+00
 0.82250250E+01, 0.37468291E+00
 0.83051462E+01, 0.37468291E+00
 0.83852717E+01, 0.37468291E+00
 0.84654015E+01, 0.37468291E+00
 0.85455356E+01, 0.37468291E+00
 0.86256739E+01, 0.37468291E+00
 0.87058164E+01, 0.37468291E+00
 0.87859632E+01, 0.37468291E+00
 0.88661141E+01, 0.37468291E+00
 0.89462692E+01, 0.37468291E+00
 0.90264285E+01, 0.37468291E+00
 0.91065918E+01, 0.37468291E+00
 0.91867593E+01, 0.37468291E+00
 0.92669308E+01, 0.37468291E+00
 0.93471063E+01, 0.37468291E+00
 0.94272859E+01, 0.37468291E+00
 0.95074694E+01, 0.37468291E+00
 0.95876569E+01, 0.37468291E+00
 0.96678484E+01, 0.37468291E+00
 0.97480438E+01, 0.37468291E+00
 0.98282431E+01, 0.37468291E+00
 0.99084463E+01, 0.37468291E+00
 0.99886534E+01, 0.37468291E+00
 0.10068864E+02, 0.37468291E+00
 0.10149079E+02, 0.37468291E+00
 0.10229297E+02, 0.37468291E+00
 0.10309520E+02, 0.37468291E+00
 0.10389746E+02, 0.37468291E+00
 0.10469975E+02, 0.37468291E+00
 0.10550209E+02, 0.37468291E+00
 0.10630446E+02, 0.37468291E+00
 0.10710686E+02, 0.37468291E+00
 0.10790931E+02, 0.37468291E+00
 0.10871179E+02, 0.37468291E+00
 0.10951430E+02, 0.37468291E+00
 0.11031685E+02, 0.37468291E+00
 0.11111944E+02, 0.37468291E+00
 0.11192206E+02, 0.37468291E+00
 0.11272471E+02, 0.37468291E+00
 0.11352740E+02, 0.37468291E+00
 0.11433013E+02, 0.37468291E+00
 0.11513289E+02, 0.37468291E+00
 0.11593568E+02, 0.37468291E+00
 0.11673851E+02, 0.37468291E+00
 0.11754137E+02, 0.37838677E+00
 0.11834426E+02, 0.38209078E+00
 0.11914719E+02, 0.38579494E+00
 0.11995015E+02, 0.38949926E+00
 0.12075314E+02, 0.39320372E+00
 0.12155616E+02, 0.39690834E+00
 0.12235922E+02, 0.40061310E+00
 0.12316230E+02, 0.40431801E+00
 0.12396542E+02, 0.40802306E+00
 0.12476857E+02, 0.41172826E+00
 0.12557175E+02, 0.41543360E+00
 0.12637497E+02, 0.41913908E+00
 0.12717821E+02, 0.42284471E+00
 0.12798148E+02, 0.42655047E+00
 0.12878478E+02, 0.43025638E+00
 0.12958812E+02, 0.43396242E+00
 0.13039148E+02, 0.43766860E+00
 0.13119487E+02, 0.44137492E+00
 0.13199829E+02, 0.44508137E+00
 0.13280175E+02, 0.44878795E+00
 0.13360522E+02, 0.45249467E+00
 0.13440873E+02, 0.45620152E+00
 0.13521227E+02, 0.45990849E+00
 0.13601583E+02, 0.46361560E+00
 0.13681943E+02, 0.46732284E+00
 0.13762304E+02, 0.47103020E+00
 0.13842669E+02, 0.47473769E+00
 0.13923037E+02, 0.47844531E+00
 0.14003407E+02, 0.48215305E+00
 0.14083779E+02, 0.48586091E+00
 0.14164155E+02, 0.48956889E+00
 0.14244533E+02, 0.49327700E+00
 0.14324913E+02, 0.49698522E+00
 0.14405297E+02, 0.50069356E+00
 0.14485682E+02, 0.50440202E+00
 0.14566071E+02, 0.50811060E+00
 0.14646461E+02, 0.51181929E+00
 0.14726855E+02, 0.51552810E+00
 0.14807250E+02, 0.51923702E+00
 0.14887648E+02, 0.52294605E+00
 0.14968049E+02, 0.52665519E+00
 0.15048452E+02, 0.53036445E+00
 0.15128857E+02, 0.53407381E+00
 0.15209265E+02, 0.53778328E+00
 0.15289675E+02, 0.54149285E+00
 0.15370087E+02, 0.54520253E+00
 0.15450501E+02, 0.54891232E+00
 0.15530918E+02, 0.55262221E+00
 0.15611337E+02, 0.55633220E+00
 0.15691758E+02, 0.56004229E+00
 0.15772181E+02, 0.56375248E+00
 0.15852607E+02, 0.56746278E+00
 0.15933034E+02, 0.57117317E+00
 0.16013464E+02, 0.57488365E+00
 0.16093896E+02, 0.57859424E+00
 0.16174329E+02, 0.58230491E+00
 0.16254765E+02, 0.58601568E+00
 0.16335203E+02, 0.58972655E+00
 0.16415643E+02, 0.59343750E+00
 0.16496085E+02, 0.59714855E+00
 0.16576528E+02, 0.60085968E+00
 0.16656974E+02, 0.60457091E+00
 0.16737421E+02, 0.60828222E+00
 0.16817871E+02, 0.61199361E+00
 0.16898322E+02, 0.61570509E+00
 0.16978775E+02, 0.61941666E+00
 0.17059230E+02, 0.62312831E+00
 0.17139686E+02, 0.62684004E+00
 0.17220145E+02, 0.63055185E+00
 0.17300605E+02, 0.63426373E+00
 0.17381067E+02, 0.63797570E+00
 0.17461530E+02, 0.64168775E+00
 0.17541995E+02, 0.64539987E+00
 0.17622462E+02, 0.64911207E+00
 0.17702930E+02, 0.65282434E+00
 0.17783400E+02, 0.65653668E+00
 0.17863872E+02, 0.66024910E+00
 0.17944345E+02, 0.66396158E+00
 0.18024819E+02, 0.66767414E+00
 0.18105295E+02, 0.67138676E+00
 0.18185773E+02, 0.67509946E+00
 0.18266252E+02, 0.67881222E+00
 0.18346732E+02, 0.68252504E+00
 0.18427214E+02, 0.68623793E+00
 0.18507697E+02, 0.68995088E+00
 0.18588181E+02, 0.69366389E+00
 0.18668667E+02, 0.69737697E+00
 0.18749154E+02, 0.70109010E+00
 0.18829642E+02, 0.70480330E+00
 0.18910132E+02, 0.70851655E+00
 0.18990623E+02, 0.71222986E+00
 0.19071115E+02, 0.71594322E+00
 0.19151608E+02, 0.71965664E+00
 0.19232102E+02, 0.72337011E+00
 0.19312598E+02, 0.72708364E+00
 0.19393094E+02, 0.73079721E+00
 0.19473592E+02, 0.73451084E+00
 0.19554091E+02, 0.73822451E+00
 0.19634591E+02, 0.74193823E+00
 0.19715091E+02, 0.74565200E+00
 0.19795593E+02, 0.74936582E+00
 0.19876096E+02, 0.74936582E+00
 0.19956600E+02, 0.74936582E+00
 0.20037104E+02, 0.74936582E+00
 0.20117610E+02, 0.74936582E+00
 0.20198116E+02, 0.74936582E+00
 0.20278624E+02, 0.74936582E+00
 0.20359132E+02, 0.74936582E+00
 0.20439640E+02, 0.74936582E+00
 0.20520150E+02, 0.74936582E+00
 0.20600661E+02, 0.74936582E+00
 0.20681172E+02, 0.74936582E+00
 0.20761684E+02, 0.74936582E+00
 0.20842196E+02, 0.74936582E+00
 0.20922709E+02, 0.74936582E+00
 0.21003223E+02, 0.74936582E+00
 0.21083738E+02, 0.74936582E+00
 0.21164253E+02, 0.74936582E+00
 0.21244768E+02, 0.74936582E+00
 0.21325285E+02, 0.74936582E+00
 0.21405801E+02, 0.74936582E+00
 0.21486318E+02, 0.74936582E+00
 0.21566836E+02, 0.74936582E+00
 0.21647354E+02, 0.74936582E+00
 0.21727873E+02, 0.74936582E+00
 0.21808392E+02, 0.74936582E+00
 0.21888911E+02, 0.74936582E+00
 0.21969431E+02, 0.74936582E+00
 0.22049951E+02, 0.74936582E+00
 0.22130471E+02, 0.74936582E+00
 0.22210992E+02, 0.74936582E+00
 0.22291512E+02, 0.74936582E+00
 0.22372033E+02, 0.74936582E+00
 0.22452555E+02, 0.74936582E+00
 0.22533076E+02, 0.74936582E+00
 0.22613598E+02, 0.74936582E+00
 0.22694120E+02, 0.74936582E+00
 0.22774642E+02, 0.74936582E+00
 0.22855164E+02, 0.74936582E+00
 0.22935686E+02, 0.74936582E+00
 0.23016208E+02, 0.74936582E+00
 0.23096730E+02, 0.74936582E+00
 0.23177245E+02, 0.74936582E+00
 0.23263916E+02, 0.74936582E+00
 0.23357127E+02, 0.74936582E+00
 0.23457269E+02, 0.74936582E+00
 0.23564742E+02, 0.74936582E+00
 0.23679948E+02, 0.74936582E+00
 0.23803290E+02, 0.74936582E+00
 0.23935168E+02, 0.74936582E+00
 0.24075970E+02, 0.74936582E+00
 0.24226073E+02, 0.74936582E+00
 0.24385831E+02, 0.74936582E+00
 0.24555573E+02, 0.74936582E+00
 0.24735591E+02, 0.74936582E+00
 0.24926137E+02, 0.74936582E+00
 0.25127412E+02, 0.74936582E+00
 0.25339558E+02, 0.74936582E+00
 0.25562651E+02, 0.74936582E+00
 0.25796691E+02, 0.74936582E+00
 0.26041595E+02, 0.74936582E+00
 0.26297191E+02, 0.74936582E+00
 0.26563211E+02, 0.74936582E+00
 0.26839285E+02, 0.74936582E+00
 0.27124941E+02, 0.74936582E+00
 0.27419601E+02, 0.74936582E+00
 0.27722584E+02, 0.74936582E+00
 0.28033107E+02, 0.74936582E+00
 0.28350293E+02, 0.74936582E+00
 0.28673177E+02, 0.74936582E+00
 0.29000719E+02, 0.74936582E+00
 0.29331813E+02, 0.74936582E+00
 0.29665303E+02, 0.74936582E+00
 0.30000000E+02, 0.74936582E+00
 0.00000000E+00, 0.10516101E+01
 0.79553127E-01, 0.10516101E+01
 0.15911293E+00, 0.10516101E+01
 0.23867938E+00, 0.10516101E+01
 0.31825247E+00, 0.10516101E+01
 0.39783216E+00, 0.10516101E+01
 0.47741844E+00, 0.10516101E+01
 0.55701129E+00, 0.10516101E+01
 0.63661067E+00, 0.10516101E+01
 0.71621657E+00, 0.10516101E+01
 0.79582896E+00, 0.10516101E+01
 0.87544783E+00, 0.10516101E+01
 0.95507315E+00, 0.10516101E+01
 0.10347049E+01, 0.10516101E+01
 0.11143430E+01, 0.10516101E+01
 0.11939876E+01, 0.10516101E+01
 0.12736385E+01, 0.10516101E+01
 0.13532957E+01, 0.10516101E+01
 0.14329592E+01, 0.10516101E+01
 0.15126291E+01, 0.10516101E+01
 0.15923052E+01, 0.10516101E+01
 0.16719875E+01, 0.10516101E+01
 0.17516761E+01, 0.10516101E+01
 0.18313709E+01, 0.10516101E+01
 0.19110718E+01, 0.10516101E+01
 0.19907790E+01, 0.10516101E+01
 0.20704922E+01, 0.10516101E+01
 0.21502116E+01, 0.10516101E+01
 0.22299370E+01, 0.10516101E+01
 0.23096685E+01, 0.10516101E+01
 0.23894061E+01, 0.10516101E+01
 0.24691496E+01, 0.10516101E+01
 0.25488992E+01, 0.10516101E+01
 0.26286547E+01, 0.10516101E+01
 0.27084162E+01, 0.10516101E+01
 0.27881836E+01, 0.10516101E+01
 0.28679570E+01, 0.10516101E+01
 0.29477362E+01, 0.10516101E+01
 0.30275212E+01, 0.10516101E+01
 0.31073121E+01, 0.10516101E+01
 0.31871089E+01, 0.10516101E+01
 0.32669114E+01, 0.10516101E+01
 0.33467197E+01, 0.10516101E+01
 0.34265337E+01, 0.10388051E+01
 0.35063534E+01, 0.10259991E+01
 0.35861789E+01, 0.10131922E+01
 0.36660100E+01, 0.10003844E+01
 0.37458468E+01, 0.98757573E+00
 0.38256892E+01, 0.97476613E+00
 0.39055373E+01, 0.96195563E+00
 0.39853909E+01, 0.94914424E+00
 0.40652500E+01, 0.93633195E+00
 0.41451148E+01, 0.92351877E+00
 0.42249850E+01, 0.91070471E+00
 0.43048607E+01, 0.89788977E+00
 0.43847419E+01, 0.88507394E+00
 0.44646286E+01, 0.87225725E+00
 0.45445207E+01, 0.85943968E+00
 0.46244182E+01, 0.84662125E+00
 0.47043210E+01, 0.83380195E+00
 0.47842292E+01, 0.82098180E+00
 0.48641428E+01, 0.80816078E+00
 0.49440617E+01, 0.79533892E+00
 0.50239858E+01, 0.78251621E+00
 0.51039152E+01, 0.76969265E+00
 0.51838499E+01, 0.75686825E+00
 0.52637898E+01, 0.74404301E+00
 0.53437349E+01, 0.73121694E+00
 0.54236851E+01, 0.71839004E+00
 0.55036405E+01, 0.70556232E+00
 0.55836011E+01, 0.69273377E+00
 0.56635667E+01, 0.67990440E+00
 0.57435374E+01, 0.65915891E+00
 0.58235132E+01, 0.63841211E+00
 0.59034940E+01, 0.61766400E+00
 0.59834799E+01, 0.59691460E+00
 0.60634707E+01, 0.57616390E+00
 0.61434665E+01, 0.55541191E+00
 0.62234672E+01, 0.53465864E+00
 0.63034729E+01, 0.51390409E+00
 0.63834834E+01, 0.49314827E+00
 0.64634989E+01, 0.48522854E+00
 0.65435191E+01, 0.47730833E+00
 0.66235443E+01, 0.46938764E+00
 0.67035742E+01, 0.46146648E+00
 0.67836089E+01, 0.45354485E+00
 0.68636483E+01, 0.44562274E+00
 0.69436925E+01, 0.43770017E+00
 0.70237414E+01, 0.42977712E+00
 0.71037950E+01, 0.42185362E+00
 0.71838533E+01, 0.41392965E+00
 0.72639162E+01, 0.40600522E+00
 0.73439837E+01, 0.40600522E+00
 0.74240559E+01, 0.40600522E+00
 0.75041326E+01, 0.40600522E+00
 0.75842138E+01, 0.40600522E+00
 0.76642996E+01, 0.40600522E+00
 0.77443899E+01, 0.40600522E+00
 0.78244847E+01, 0.40600522E+00
 0.79045839E+01, 0.40600522E+00
 0.79846876E+01, 0.40600522E+00
 0.80647957E+01, 0.40600522E+00
 0.81449081E+01, 0.40600522E+00
 0.82250250E+01, 0.40600522E+00
 0.83051462E+01, 0.40600522E+00
 0.83852717E+01, 0.40600522E+00
 0.84654015E+01, 0.40600522E+00
 0.85455356E+01, 0.40600522E+00
 0.86256739E+01, 0.40600522E+00
 0.87058164E+01, 0.40600522E+00
 0.87859632E+01, 0.40600522E+00
 0.88661141E+01, 0.40600522E+00
 0.89462692E+01, 0.40600522E+00
 0.90264285E+01, 0.40600522E+00
 0.91065918E+01, 0.40600522E+00
 0.91867593E+01, 0.40600522E+00
 0.92669308E+01, 0.40600522E+00
 0.93471063E+01, 0.40600522E+00
 0.94272859E+01, 0.40600522E+00
 0.95074694E+01, 0.40600522E+00
 0.95876569E+01, 0.40600522E+00
 0.96678484E+01, 0.40600522E+00
 0.97480438E+01, 0.40600522E+00
 0.98282431E+01, 0.40600522E+00
 0.99084463E+01, 0.40600522E+00
 0.99886534E+01, 0.40600522E+00
 0.10068864E+02, 0.40600522E+00
 0.10149079E+02, 0.40600522E+00
 0.10229297E+02, 0.40600522E+00
 0.10309520E+02, 0.40600522E+00
 0.10389746E+02, 0.40600522E+00
 0.10469975E+02, 0.40600522E+00
 0.10550209E+02, 0.40600522E+00
 0.10630446E+02, 0.40600522E+00
 0.10710686E+02, 0.40600522E+00
 0.10790931E+02, 0.40600522E+00
 0.10871179E+02, 0.40600522E+00
 0.10951430E+02, 0.40600522E+00
 0.11031685E+02, 0.40600522E+00
 0.11111944E+02, 0.40600522E+00
 0.11192206E+02, 0.40600522E+00
 0.11272471E+02, 0.40600522E+00
 0.11352740E+02, 0.40600522E+00
 0.11433013E+02, 0.40600522E+00
 0.11513289E+02, 0.40600522E+00
 0.11593568E+02, 0.40600522E+00
 0.11673851E+02, 0.40600522E+00
 0.11754137E+02, 0.41001871E+00
 0.11834426E+02, 0.41403237E+00
 0.11914719E+02, 0.41804619E+00
 0.11995015E+02, 0.42206017E+00
 0.12075314E+02, 0.42607432E+00
 0.12155616E+02, 0.43008863E+00
 0.12235922E+02, 0.43410309E+00
 0.12316230E+02, 0.43811772E+00
 0.12396542E+02, 0.44213251E+00
 0.12476857E+02, 0.44614745E+00
 0.12557175E+02, 0.45016254E+00
 0.12637497E+02, 0.45417779E+00
 0.12717821E+02, 0.45819320E+00
 0.12798148E+02, 0.46220875E+00
 0.12878478E+02, 0.46622446E+00
 0.12958812E+02, 0.47024032E+00
 0.13039148E+02, 0.47425632E+00
 0.13119487E+02, 0.47827247E+00
 0.13199829E+02, 0.48228877E+00
 0.13280175E+02, 0.48630521E+00
 0.13360522E+02, 0.49032180E+00
 0.13440873E+02, 0.49433853E+00
 0.13521227E+02, 0.49835540E+00
 0.13601583E+02, 0.50237241E+00
 0.13681943E+02, 0.50638956E+00
 0.13762304E+02, 0.51040685E+00
 0.13842669E+02, 0.51442427E+00
 0.13923037E+02, 0.51844183E+00
 0.14003407E+02, 0.52245953E+00
 0.14083779E+02, 0.52647736E+00
 0.14164155E+02, 0.53049532E+00
 0.14244533E+02, 0.53451341E+00
 0.14324913E+02, 0.53853163E+00
 0.14405297E+02, 0.54254997E+00
 0.14485682E+02, 0.54656845E+00
 0.14566071E+02, 0.55058705E+00
 0.14646461E+02, 0.55460578E+00
 0.14726855E+02, 0.55862463E+00
 0.14807250E+02, 0.56264360E+00
 0.14887648E+02, 0.56666270E+00
 0.14968049E+02, 0.57068191E+00
 0.15048452E+02, 0.57470125E+00
 0.15128857E+02, 0.57872070E+00
 0.15209265E+02, 0.58274027E+00
 0.15289675E+02, 0.58675995E+00
 0.15370087E+02, 0.59077975E+00
 0.15450501E+02, 0.59479966E+00
 0.15530918E+02, 0.59881969E+00
 0.15611337E+02, 0.60283982E+00
 0.15691758E+02, 0.60686007E+00
 0.15772181E+02, 0.61088042E+00
 0.15852607E+02, 0.61490088E+00
 0.15933034E+02, 0.61892145E+00
 0.16013464E+02, 0.62294212E+00
 0.16093896E+02, 0.62696290E+00
 0.16174329E+02, 0.63098378E+00
 0.16254765E+02, 0.63500476E+00
 0.16335203E+02, 0.63902584E+00
 0.16415643E+02, 0.64304701E+00
 0.16496085E+02, 0.64706829E+00
 0.16576528E+02, 0.65108967E+00
 0.16656974E+02, 0.65511114E+00
 0.16737421E+02, 0.65913270E+00
 0.16817871E+02, 0.66315436E+00
 0.16898322E+02, 0.66717611E+00
 0.16978775E+02, 0.67119795E+00
 0.17059230E+02, 0.67521988E+00
 0.17139686E+02, 0.67924189E+00
 0.17220145E+02, 0.68326400E+00
 0.17300605E+02, 0.68728619E+00
 0.17381067E+02, 0.69130847E+00
 0.17461530E+02, 0.69533083E+00
 0.17541995E+02, 0.69935327E+00
 0.17622462E+02, 0.70337580E+00
 0.17702930E+02, 0.70739840E+00
 0.17783400E+02, 0.71142109E+00
 0.17863872E+02, 0.71544385E+00
 0.17944345E+02, 0.71946669E+00
 0.18024819E+02, 0.72348960E+00
 0.18105295E+02, 0.72751259E+00
 0.18185773E+02, 0.73153565E+00
 0.18266252E+02, 0.73555879E+00
 0.18346732E+02, 0.73958199E+00
 0.18427214E+02, 0.74360526E+00
 0.18507697E+02, 0.74762861E+00
 0.18588181E+02, 0.75165202E+00
 0.18668667E+02, 0.75567549E+00
 0.18749154E+02, 0.75969904E+00
 0.18829642E+02, 0.76372264E+00
 0.18910132E+02, 0.76774631E+00
 0.18990623E+02, 0.77177004E+00
 0.19071115E+02, 0.77579383E+00
 0.19151608E+02, 0.77981768E+00
 0.19232102E+02, 0.78384158E+00
 0.19312598E+02, 0.78786554E+00
 0.19393094E+02, 0.79188956E+00
 0.19473592E+02, 0.79591364E+00
 0.19554091E+02, 0.79993776E+00
 0.19634591E+02, 0.80396194E+00
 0.19715091E+02, 0.80798617E+00
 0.19795593E+02, 0.81201045E+00
 0.19876096E+02, 0.81201045E+00
 0.19956600E+02, 0.81201045E+00
 0.20037104E+02, 0.81201045E+00
 0.20117610E+02, 0.81201045E+00
 0.20198116E+02, 0.81201045E+00
 0.20278624E+02, 0.81201045E+00
 0.20359132E+02, 0.81201045E+00
 0.20439640E+02, 0.81201045E+00
 0.20520150E+02, 0.81201045E+00
 0.20600661E+02, 0.81201045E+00
 0.20681172E+02, 0.81201045E+00
 0.20761684E+02, 0.81201045E+00
 0.20842196E+02, 0.81201045E+00
 0.20922709E+02, 0.81201045E+00
 0.21003223E+02, 0.81201045E+00
 0.21083738E+02, 0.81201045E+00
 0.21164253E+02, 0.81201045E+00
 0.21244768E+02, 0.81201045E+00
 0.21325285E+02, 0.81201045E+00
 0.21405801E+02, 0.81201045E+00
 0.21486318E+02, 0.81201045E+00
 0.21566836E+02, 0.81201045E+00
 0.21647354E+02, 0.81201045E+00
 0.21727873E+02, 0.81201045E+00
 0.21808392E+02, 0.81201045E+00
 0.21888911E+02, 0.81201045E+00
 0.21969431E+02, 0.81201045E+00
 0.22049951E+02, 0.81201045E+00
 0.22130471E+02, 0.81201045E+00
 0.22210992E+02, 0.81201045E+00
 0.22291512E+02, 0.81201045E+00
 0.22372033E+02, 0.81201045E+00
 0.22452555E+02, 0.81201045E+00
 0.22533076E+02, 0.81201045E+00
 0.22613598E+02, 0.81201045E+00
 0.22694120E+02, 0.81201045E+00
 0.22774642E+02, 0.81201045E+00
 0.22855164E+02, 0.81201045E+00
 0.22935686E+02, 0.81201045E+00
 0.23016208E+02, 0.81201045E+00
 0.23096730E+02, 0.81201045E+00
 0.23177245E+02, 0.81201045E+00
 0.23263916E+02, 0.81201045E+00
 0.23357127E+02, 0.81201045E+00
 0.23457269E+02, 0.81201045E+00
 0.23564742E+02, 0.81201045E+00
 0.23679948E+02, 0.81201045E+00
 0.23803290E+02, 0.81201045E+00
 0.23935168E+02, 0.81201045E+00
 0.24075970E+02, 0.81201045E+00
 0.24226073E+02, 0.81201045E+00
 0.24385831E+02, 0.81201045E+00
 0.24555573E+02, 0.81201045E+00
 0.24735591E+02, 0.81201045E+00
 0.24926137E+02, 0.81201045E+00
 0.25127412E+02, 0.81201045E+00
 0.25339558E+02, 0.81201045E+00
 0.25562651E+02, 0.81201045E+00
 0.25796691E+02, 0.81201045E+00
 0.26041595E+02, 0.81201045E+00
 0.26297191E+02, 0.81201045E+00
 0.26563211E+02, 0.81201045E+00
 0.26839285E+02, 0.81201045E+00
 0.27124941E+02, 0.81201045E+00
 0.27419601E+02, 0.81201045E+00
 0.27722584E+02, 0.81201045E+00
 0.28033107E+02, 0.81201045E+00
 0.28350293E+02, 0.81201045E+00
 0.28673177E+02, 0.81201045E+00
 0.29000719E+02, 0.81201045E+00
 0.29331813E+02, 0.81201045E+00
 0.29665303E+02, 0.81201045E+00
 0.30000000E+02, 0.81201045E+00
 0.00000000E+00, 0.11121781E+01
 0.79553127E-01, 0.11121781E+01
 0.15911293E+00, 0.11121781E+01
 0.23867938E+00, 0.11121781E+01
 0.31825247E+00, 0.11121781E+01
 0.39783216E+00, 0.11121781E+01
 0.47741844E+00, 0.11121781E+01
 0.55701129E+00, 0.11121781E+01
 0.63661067E+00, 0.11121781E+01
 0.71621657E+00, 0.11121781E+01
 0.79582896E+00, 0.11121781E+01
 0.87544783E+00, 0.11121781E+01
 0.95507315E+00, 0.11121781E+01
 0.10347049E+01, 0.11121781E+01
 0.11143430E+01, 0.11121781E+01
 0.11939876E+01, 0.11121781E+01
 0.12736385E+01, 0.11121781E+01
 0.13532957E+01, 0.11121781E+01
 0.14329592E+01, 0.11121781E+01
 0.15126291E+01, 0.11121781E+01
 0.15923052E+01, 0.11121781E+01
 0.16719875E+01, 0.11121781E+01
 0.17516761E+01, 0.11121781E+01
 0.18313709E+01, 0.11121781E+01
 0.19110718E+01, 0.11121781E+01
 0.19907790E+01, 0.11121781E+01
 0.20704922E+01, 0.11121781E+01
 0.21502116E+01, 0.11121781E+01
 0.22299370E+01, 0.11121781E+01
 0.23096685E+01, 0.11121781E+01
 0.23894061E+01, 0.11121781E+01
 0.24691496E+01, 0.11121781E+01
 0.25488992E+01, 0.11121781E+01
 0.26286547E+01, 0.11121781E+01
 0.27084162E+01, 0.11121781E+01
 0.27881836E+01, 0.11121781E+01
 0.28679570E+01, 0.11121781E+01
 0.29477362E+01, 0.11121781E+01
 0.30275212E+01, 0.11121781E+01
 0.31073121E+01, 0.11121781E+01
 0.31871089E+01, 0.11121781E+01
 0.32669114E+01, 0.11121781E+01
 0.33467197E+01, 0.11121781E+01
 0.34265337E+01, 0.10983850E+01
 0.35063534E+01, 0.10845909E+01
 0.35861789E+01, 0.10707958E+01
 0.36660100E+01, 0.10569997E+01
 0.37458468E+01, 0.10432027E+01
 0.38256892E+01, 0.10294047E+01
 0.39055373E+01, 0.10156057E+01
 0.39853909E+01, 0.10018057E+01
 0.40652500E+01, 0.98800483E+00
 0.41451148E+01, 0.97420296E+00
 0.42249850E+01, 0.96040014E+00
 0.43048607E+01, 0.94659636E+00
 0.43847419E+01, 0.93279164E+00
 0.44646286E+01, 0.91898598E+00
 0.45445207E+01, 0.90517938E+00
 0.46244182E+01, 0.89137185E+00
 0.47043210E+01, 0.87756339E+00
 0.47842292E+01, 0.86375400E+00
 0.48641428E+01, 0.84994369E+00
 0.49440617E+01, 0.83613246E+00
 0.50239858E+01, 0.82232032E+00
 0.51039152E+01, 0.80850727E+00
 0.51838499E+01, 0.79469331E+00
 0.52637898E+01, 0.78087845E+00
 0.53437349E+01, 0.76706269E+00
 0.54236851E+01, 0.75324604E+00
 0.55036405E+01, 0.73942849E+00
 0.55836011E+01, 0.72561006E+00
 0.56635667E+01, 0.71179075E+00
 0.57435374E+01, 0.69047273E+00
 0.58235132E+01, 0.66915335E+00
 0.59034940E+01, 0.64783263E+00
 0.59834799E+01, 0.62651058E+00
 0.60634707E+01, 0.60518719E+00
 0.61434665E+01, 0.58386248E+00
 0.62234672E+01, 0.56253646E+00
 0.63034729E+01, 0.54120912E+00
 0.63834834E+01, 0.51988048E+00
 0.64634989E+01, 0.51237845E+00
 0.65435191E+01, 0.50487596E+00
 0.66235443E+01, 0.49737303E+00
 0.67035742E+01, 0.48986964E+00
 0.67836089E+01, 0.48236581E+00
 0.68636483E+01, 0.47486153E+00
 0.69436925E+01, 0.46735680E+00
 0.70237414E+01, 0.45985163E+00
 0.71037950E+01, 0.45234603E+00
 0.71838533E+01, 0.44483998E+00
 0.72639162E+01, 0.43733350E+00
 0.73439837E+01, 0.43733350E+00
 0.74240559E+01, 0.43733350E+00
 0.75041326E+01, 0.43733350E+00
 0.75842138E+01, 0.43733350E+00
 0.76642996E+01, 0.43733350E+00
 0.77443899E+01, 0.43733350E+00
 0.78244847E+01, 0.43733350E+00
 0.79045839E+01, 0.43733350E+00
 0.79846876E+01, 0.43733350E+00
 0.80647957E+01, 0.43733350E+00
 0.81449081E+01, 0.43733350E+00
 0.82250250E+01, 0.43733350E+00
 0.83051462E+01, 0.43733350E+00
 0.83852717E+01, 0.43733350E+00
 0.84654015E+01, 0.43733350E+00
 0.85455356E+01, 0.43733350E+00
 0.86256739E+01, 0.43733350E+00
 0.87058164E+01, 0.43733350E+00
 0.87859632E+01, 0.43733350E+00
 0.88661141E+01, 0.43733350E+00
 0.89462692E+01, 0.43733350E+00
 0.90264285E+01, 0.43733350E+00
 0.91065918E+01, 0.43733350E+00
 0.91867593E+01, 0.43733350E+00
 0.92669308E+01, 0.43733350E+00
 0.93471063E+01, 0.43733350E+00
 0.94272859E+01, 0.43733350E+00
 0.95074694E+01, 0.43733350E+00
 0.95876569E+01, 0.43733350E+00
 0.96678484E+01, 0.43733350E+00
 0.97480438E+01, 0.43733350E+00
 0.98282431E+01, 0.43733350E+00
 0.99084463E+01, 0.43733350E+00
 0.99886534E+01, 0.43733350E+00
 0.10068864E+02, 0.43733350E+00
 0.10149079E+02, 0.43733350E+00
 0.10229297E+02, 0.43733350E+00
 0.10309520E+02, 0.43733350E+00
 0.10389746E+02, 0.43733350E+00
 0.10469975E+02, 0.43733350E+00
 0.10550209E+02, 0.43733350E+00
 0.10630446E+02, 0.43733350E+00
 0.10710686E+02, 0.43733350E+00
 0.10790931E+02, 0.43733350E+00
 0.10871179E+02, 0.43733350E+00
 0.10951430E+02, 0.43733350E+00
 0.11031685E+02, 0.43733350E+00
 0.11111944E+02, 0.43733350E+00
 0.11192206E+02, 0.43733350E+00
 0.11272471E+02, 0.43733350E+00
 0.11352740E+02, 0.43733350E+00
 0.11433013E+02, 0.43733350E+00
 0.11513289E+02, 0.43733350E+00
 0.11593568E+02, 0.43733350E+00
 0.11673851E+02, 0.43733350E+00
 0.11754137E+02, 0.44165668E+00
 0.11834426E+02, 0.44598004E+00
 0.11914719E+02, 0.45030358E+00
 0.11995015E+02, 0.45462729E+00
 0.12075314E+02, 0.45895117E+00
 0.12155616E+02, 0.46327523E+00
 0.12235922E+02, 0.46759947E+00
 0.12316230E+02, 0.47192387E+00
 0.12396542E+02, 0.47624845E+00
 0.12476857E+02, 0.48057319E+00
 0.12557175E+02, 0.48489810E+00
 0.12637497E+02, 0.48922318E+00
 0.12717821E+02, 0.49354842E+00
 0.12798148E+02, 0.49787382E+00
 0.12878478E+02, 0.50219939E+00
 0.12958812E+02, 0.50652512E+00
 0.13039148E+02, 0.51085101E+00
 0.13119487E+02, 0.51517706E+00
 0.13199829E+02, 0.51950326E+00
 0.13280175E+02, 0.52382962E+00
 0.13360522E+02, 0.52815614E+00
 0.13440873E+02, 0.53248281E+00
 0.13521227E+02, 0.53680963E+00
 0.13601583E+02, 0.54113660E+00
 0.13681943E+02, 0.54546372E+00
 0.13762304E+02, 0.54979099E+00
 0.13842669E+02, 0.55411841E+00
 0.13923037E+02, 0.55844597E+00
 0.14003407E+02, 0.56277368E+00
 0.14083779E+02, 0.56710154E+00
 0.14164155E+02, 0.57142953E+00
 0.14244533E+02, 0.57575766E+00
 0.14324913E+02, 0.58008594E+00
 0.14405297E+02, 0.58441435E+00
 0.14485682E+02, 0.58874290E+00
 0.14566071E+02, 0.59307159E+00
 0.14646461E+02, 0.59740041E+00
 0.14726855E+02, 0.60172937E+00
 0.14807250E+02, 0.60605845E+00
 0.14887648E+02, 0.61038767E+00
 0.14968049E+02, 0.61471702E+00
 0.15048452E+02, 0.61904649E+00
 0.15128857E+02, 0.62337609E+00
 0.15209265E+02, 0.62770582E+00
 0.15289675E+02, 0.63203567E+00
 0.15370087E+02, 0.63636565E+00
 0.15450501E+02, 0.64069575E+00
 0.15530918E+02, 0.64502597E+00
 0.15611337E+02, 0.64935630E+00
 0.15691758E+02, 0.65368676E+00
 0.15772181E+02, 0.65801733E+00
 0.15852607E+02, 0.66234802E+00
 0.15933034E+02, 0.66667882E+00
 0.16013464E+02, 0.67100974E+00
 0.16093896E+02, 0.67534077E+00
 0.16174329E+02, 0.67967191E+00
 0.16254765E+02, 0.68400315E+00
 0.16335203E+02, 0.68833451E+00
 0.16415643E+02, 0.69266597E+00
 0.16496085E+02, 0.69699754E+00
 0.16576528E+02, 0.70132921E+00
 0.16656974E+02, 0.70566099E+00
 0.16737421E+02, 0.70999286E+00
 0.16817871E+02, 0.71432484E+00
 0.16898322E+02, 0.71865692E+00
 0.16978775E+02, 0.72298909E+00
 0.17059230E+02, 0.72732136E+00
 0.17139686E+02, 0.73165373E+00
 0.17220145E+02, 0.73598619E+00
 0.17300605E+02, 0.74031874E+00
 0.17381067E+02, 0.74465139E+00
 0.17461530E+02, 0.74898412E+00
 0.17541995E+02, 0.75331695E+00
 0.17622462E+02, 0.75764986E+00
 0.17702930E+02, 0.76198286E+00
 0.17783400E+02, 0.76631594E+00
 0.17863872E+02, 0.77064911E+00
 0.17944345E+02, 0.77498236E+00
 0.18024819E+02, 0.77931569E+00
 0.18105295E+02, 0.78364910E+00
 0.18185773E+02, 0.78798259E+00
 0.18266252E+02, 0.79231616E+00
 0.18346732E+02, 0.79664980E+00
 0.18427214E+02, 0.80098352E+00
 0.18507697E+02, 0.80531732E+00
 0.18588181E+02, 0.80965118E+00
 0.18668667E+02, 0.81398512E+00
 0.18749154E+02, 0.81831913E+00
 0.18829642E+02, 0.82265320E+00
 0.18910132E+02, 0.82698734E+00
 0.18990623E+02, 0.83132155E+00
 0.19071115E+02, 0.83565583E+00
 0.19151608E+02, 0.83999017E+00
 0.19232102E+02, 0.84432457E+00
 0.19312598E+02, 0.84865903E+00
 0.19393094E+02, 0.85299355E+00
 0.19473592E+02, 0.85732813E+00
 0.19554091E+02, 0.86166276E+00
 0.19634591E+02, 0.86599746E+00
 0.19715091E+02, 0.87033220E+00
 0.19795593E+02, 0.87466700E+00
 0.19876096E+02, 0.87466700E+00
 0.19956600E+02, 0.87466700E+00
 0.20037104E+02, 0.87466700E+00
 0.20117610E+02, 0.87466700E+00
 0.20198116E+02, 0.87466700E+00
 0.20278624E+02, 0.87466700E+00
 0.20359132E+02, 0.87466700E+00
 0.20439640E+02, 0.87466700E+00
 0.20520150E+02, 0.87466700E+00
 0.20600661E+02, 0.87466700E+00
 0.20681172E+02, 0.87466700E+00
 0.20761684E+02, 0.87466700E+00
 0.20842196E+02, 0.87466700E+00
 0.20922709E+02, 0.87466700E+00
 0.21003223E+02, 0.87466700E+00
 0.21083738E+02, 0.87466700E+00
 0.21164253E+02, 0.87466700E+00
 0.21244768E+02, 0.87466700E+00
 0.21325285E+02, 0.87466700E+00
 0.21405801E+02, 0.87466700E+00
 0.21486318E+02, 0.87466700E+00
 0.21566836E+02, 0.87466700E+00
 0.21647354E+02, 0.87466700E+00
 0.21727873E+02, 0.87466700E+00
 0.21808392E+02, 0.87466700E+00
 0.21888911E+02, 0.87466700E+00
 0.21969431E+02, 0.87466700E+00
 0.22049951E+02, 0.87466700E+00
 0.22130471E+02, 0.87466700E+00
 0.22210992E+02, 0.87466700E+00
 0.22291512E+02, 0.87466700E+00
 0.22372033E+02, 0.87466700E+00
 0.22452555E+02, 0.87466700E+00
 0.22533076E+02, 0.87466700E+00
 0.22613598E+02, 0.87466700E+00
 0.22694120E+02, 0.87466700E+00
 0.22774642E+02, 0.87466700E+00
 0.22855164E+02, 0.87466700E+00
 0.22935686E+02, 0.87466700E+00
 0.23016208E+02, 0.87466700E+00
 0.23096730E+02, 0.87466700E+00
 0.23177245E+02, 0.87466700E+00
 0.23263916E+02, 0.87466700E+00
 0.23357127E+02, 0.87466700E+00
 0.23457269E+02, 0.87466700E+00
 0.23564742E+02, 0.87466700E+00
 0.23679948E+02, 0.87466700E+00
 0.23803290E+02, 0.87466700E+00
 0.23935168E+02, 0.87466700E+00
 0.24075970E+02, 0.87466700E+00
 0.24226073E+02, 0.87466700E+00
 0.24385831E+02, 0.87466700E+00
 0.24555573E+02, 0.87466700E+00
 0.24735591E+02, 0.87466700E+00
 0.24926137E+02, 0.87466700E+00
 0.25127412E+02, 0.87466700E+00
 0.25339558E+02, 0.87466700E+00
 0.25562651E+02, 0.87466700E+00
 0.25796691E+02, 0.87466700E+00
 0.26041595E+02, 0.87466700E+00
 0.26297191E+02, 0.87466700E+00
 0.26563211E+02, 0.87466700E+00
 0.26839285E+02, 0.87466700E+00
 0.27124941E+02, 0.87466700E+00
 0.27419601E+02, 0.87466700E+00
 0.27722584E+02, 0.87466700E+00
 0.28033107E+02, 0.87466700E+00
 0.28350293E+02, 0.87466700E+00
 0.28673177E+02, 0.87466700E+00
 0.29000719E+02, 0.87466700E+00
 0.29331813E+02, 0.87466700E+00
 0.29665303E+02, 0.87466700E+00
 0.30000000E+02, 0.87466700E+00
 0.00000000E+00, 0.11727538E+01
 0.79553127E-01, 0.11727538E+01
 0.15911293E+00, 0.11727538E+01
 0.23867938E+00, 0.11727538E+01
 0.31825247E+00, 0.11727538E+01
 0.39783216E+00, 0.11727538E+01
 0.47741844E+00, 0.11727538E+01
 0.55701129E+00, 0.11727538E+01
 0.63661067E+00, 0.11727538E+01
 0.71621657E+00, 0.11727538E+01
 0.79582896E+00, 0.11727538E+01
 0.87544783E+00, 0.11727538E+01
 0.95507315E+00, 0.11727538E+01
 0.10347049E+01, 0.11727538E+01
 0.11143430E+01, 0.11727538E+01
 0.11939876E+01, 0.11727538E+01
 0.12736385E+01, 0.11727538E+01
 0.13532957E+01, 0.11727538E+01
 0.14329592E+01, 0.11727538E+01
 0.15126291E+01, 0.11727538E+01
 0.15923052E+01, 0.11727538E+01
 0.16719875E+01, 0.11727538E+01
 0.17516761E+01, 0.11727538E+01
 0.18313709E+01, 0.11727538E+01
 0.19110718E+01, 0.11727538E+01
 0.19907790E+01, 0.11727538E+01
 0.20704922E+01, 0.11727538E+01
 0.21502116E+01, 0.11727538E+01
 0.22299370E+01, 0.11727538E+01
 0.23096685E+01, 0.11727538E+01
 0.23894061E+01, 0.11727538E+01
 0.24691496E+01, 0.11727538E+01
 0.25488992E+01, 0.11727538E+01
 0.26286547E+01, 0.11727538E+01
 0.27084162E+01, 0.11727538E+01
 0.27881836E+01, 0.11727538E+01
 0.28679570E+01, 0.11727538E+01
 0.29477362E+01, 0.11727538E+01
 0.30275212E+01, 0.11727538E+01
 0.31073121E+01, 0.11727538E+01
 0.31871089E+01, 0.11727538E+01
 0.32669114E+01, 0.11727538E+01
 0.33467197E+01, 0.11727538E+01
 0.34265337E+01, 0.11579725E+01
 0.35063534E+01, 0.11431901E+01
 0.35861789E+01, 0.11284067E+01
 0.36660100E+01, 0.11136222E+01
 0.37458468E+01, 0.10988367E+01
 0.38256892E+01, 0.10840502E+01
 0.39055373E+01, 0.10692626E+01
 0.39853909E+01, 0.10544739E+01
 0.40652500E+01, 0.10396843E+01
 0.41451148E+01, 0.10248936E+01
 0.42249850E+01, 0.10101019E+01
 0.43048607E+01, 0.99530914E+00
 0.43847419E+01, 0.98051540E+00
 0.44646286E+01, 0.96572065E+00
 0.45445207E+01, 0.95092489E+00
 0.46244182E+01, 0.93612813E+00
 0.47043210E+01, 0.92133038E+00
 0.47842292E+01, 0.90653163E+00
 0.48641428E+01, 0.89173190E+00
 0.49440617E+01, 0.87693118E+00
 0.50239858E+01, 0.86212948E+00
 0.51039152E+01, 0.84732681E+00
 0.51838499E+01, 0.83252317E+00
 0.52637898E+01, 0.81771856E+00
 0.53437349E+01, 0.80291299E+00
 0.54236851E+01, 0.78810645E+00
 0.55036405E+01, 0.77329897E+00
 0.55836011E+01, 0.75849053E+00
 0.56635667E+01, 0.74368115E+00
 0.57435374E+01, 0.72179052E+00
 0.58235132E+01, 0.69989849E+00
 0.59034940E+01, 0.67800509E+00
 0.59834799E+01, 0.65611031E+00
 0.60634707E+01, 0.63421417E+00
 0.61434665E+01, 0.61231667E+00
 0.62234672E+01, 0.59041782E+00
 0.63034729E+01, 0.56851762E+00
 0.63834834E+01, 0.54661608E+00
 0.64634989E+01, 0.53953180E+00
 0.65435191E+01, 0.53244710E+00
 0.66235443E+01, 0.52536196E+00
 0.67035742E+01, 0.51827641E+00
 0.67836089E+01, 0.51119042E+00
 0.68636483E+01, 0.50410402E+00
 0.69436925E+01, 0.49701720E+00
 0.70237414E+01, 0.48992996E+00
 0.71037950E+01, 0.48284230E+00
 0.71838533E+01, 0.47575424E+00
 0.72639162E+01, 0.46866576E+00
 0.73439837E+01, 0.46866576E+00
 0.74240559E+01, 0.46866576E+00
 0.75041326E+01, 0.46866576E+00
 0.75842138E+01, 0.46866576E+00
 0.76642996E+01, 0.46866576E+00
 0.77443899E+01, 0.46866576E+00
 0.78244847E+01, 0.46866576E+00
 0.79045839E+01, 0.46866576E+00
 0.79846876E+01, 0.46866576E+00
 0.80647957E+01, 0.46866576E+00
 0.81449081E+01, 0.46866576E+00
 0.82250250E+01, 0.46866576E+00
 0.83051462E+01, 0.46866576E+00
 0.83852717E+01, 0.46866576E+00
 0.84654015E+01, 0.46866576E+00
 0.85455356E+01, 0.46866576E+00
 0.86256739E+01, 0.46866576E+00
 0.87058164E+01, 0.46866576E+00
 0.87859632E+01, 0.46866576E+00
 0.88661141E+01, 0.46866576E+00
 0.89462692E+01, 0.46866576E+00
 0.90264285E+01, 0.46866576E+00
 0.91065918E+01, 0.46866576E+00
 0.91867593E+01, 0.46866576E+00
 0.92669308E+01, 0.46866576E+00
 0.93471063E+01, 0.46866576E+00
 0.94272859E+01, 0.46866576E+00
 0.95074694E+01, 0.46866576E+00
 0.95876569E+01, 0.46866576E+00
 0.96678484E+01, 0.46866576E+00
 0.97480438E+01, 0.46866576E+00
 0.98282431E+01, 0.46866576E+00
 0.99084463E+01, 0.46866576E+00
 0.99886534E+01, 0.46866576E+00
 0.10068864E+02, 0.46866576E+00
 0.10149079E+02, 0.46866576E+00
 0.10229297E+02, 0.46866576E+00
 0.10309520E+02, 0.46866576E+00
 0.10389746E+02, 0.46866576E+00
 0.10469975E+02, 0.46866576E+00
 0.10550209E+02, 0.46866576E+00
 0.10630446E+02, 0.46866576E+00
 0.10710686E+02, 0.46866576E+00
 0.10790931E+02, 0.46866576E+00
 0.10871179E+02, 0.46866576E+00
 0.10951430E+02, 0.46866576E+00
 0.11031685E+02, 0.46866576E+00
 0.11111944E+02, 0.46866576E+00
 0.11192206E+02, 0.46866576E+00
 0.11272471E+02, 0.46866576E+00
 0.11352740E+02, 0.46866576E+00
 0.11433013E+02, 0.46866576E+00
 0.11513289E+02, 0.46866576E+00
 0.11593568E+02, 0.46866576E+00
 0.11673851E+02, 0.46866576E+00
 0.11754137E+02, 0.47329867E+00
 0.11834426E+02, 0.47793177E+00
 0.11914719E+02, 0.48256506E+00
 0.11995015E+02, 0.48719854E+00
 0.12075314E+02, 0.49183220E+00
 0.12155616E+02, 0.49646606E+00
 0.12235922E+02, 0.50110009E+00
 0.12316230E+02, 0.50573431E+00
 0.12396542E+02, 0.51036872E+00
 0.12476857E+02, 0.51500330E+00
 0.12557175E+02, 0.51963807E+00
 0.12637497E+02, 0.52427301E+00
 0.12717821E+02, 0.52890813E+00
 0.12798148E+02, 0.53354342E+00
 0.12878478E+02, 0.53817889E+00
 0.12958812E+02, 0.54281453E+00
 0.13039148E+02, 0.54745034E+00
 0.13119487E+02, 0.55208632E+00
 0.13199829E+02, 0.55672247E+00
 0.13280175E+02, 0.56135879E+00
 0.13360522E+02, 0.56599527E+00
 0.13440873E+02, 0.57063192E+00
 0.13521227E+02, 0.57526873E+00
 0.13601583E+02, 0.57990571E+00
 0.13681943E+02, 0.58454284E+00
 0.13762304E+02, 0.58918013E+00
 0.13842669E+02, 0.59381759E+00
 0.13923037E+02, 0.59845519E+00
 0.14003407E+02, 0.60309296E+00
 0.14083779E+02, 0.60773087E+00
 0.14164155E+02, 0.61236894E+00
 0.14244533E+02, 0.61700716E+00
 0.14324913E+02, 0.62164553E+00
 0.14405297E+02, 0.62628405E+00
 0.14485682E+02, 0.63092271E+00
 0.14566071E+02, 0.63556152E+00
 0.14646461E+02, 0.64020048E+00
 0.14726855E+02, 0.64483957E+00
 0.14807250E+02, 0.64947881E+00
 0.14887648E+02, 0.65411819E+00
 0.14968049E+02, 0.65875771E+00
 0.15048452E+02, 0.66339736E+00
 0.15128857E+02, 0.66803716E+00
 0.15209265E+02, 0.67267708E+00
 0.15289675E+02, 0.67731714E+00
 0.15370087E+02, 0.68195733E+00
 0.15450501E+02, 0.68659766E+00
 0.15530918E+02, 0.69123811E+00
 0.15611337E+02, 0.69587869E+00
 0.15691758E+02, 0.70051939E+00
 0.15772181E+02, 0.70516023E+00
 0.15852607E+02, 0.70980118E+00
 0.15933034E+02, 0.71444226E+00
 0.16013464E+02, 0.71908346E+00
 0.16093896E+02, 0.72372478E+00
 0.16174329E+02, 0.72836622E+00
 0.16254765E+02, 0.73300777E+00
 0.16335203E+02, 0.73764944E+00
 0.16415643E+02, 0.74229123E+00
 0.16496085E+02, 0.74693313E+00
 0.16576528E+02, 0.75157514E+00
 0.16656974E+02, 0.75621726E+00
 0.16737421E+02, 0.76085948E+00
 0.16817871E+02, 0.76550182E+00
 0.16898322E+02, 0.77014426E+00
 0.16978775E+02, 0.77478681E+00
 0.17059230E+02, 0.77942946E+00
 0.17139686E+02, 0.78407222E+00
 0.17220145E+02, 0.78871507E+00
 0.17300605E+02, 0.79335803E+00
 0.17381067E+02, 0.79800108E+00
 0.17461530E+02, 0.80264423E+00
 0.17541995E+02, 0.80728747E+00
 0.17622462E+02, 0.81193081E+00
 0.17702930E+02, 0.81657424E+00
 0.17783400E+02, 0.82121776E+00
 0.17863872E+02, 0.82586138E+00
 0.17944345E+02, 0.83050508E+00
 0.18024819E+02, 0.83514886E+00
 0.18105295E+02, 0.83979274E+00
 0.18185773E+02, 0.84443670E+00
 0.18266252E+02, 0.84908074E+00
 0.18346732E+02, 0.85372486E+00
 0.18427214E+02, 0.85836907E+00
 0.18507697E+02, 0.86301335E+00
 0.18588181E+02, 0.86765771E+00
 0.18668667E+02, 0.87230215E+00
 0.18749154E+02, 0.87694666E+00
 0.18829642E+02, 0.88159124E+00
 0.18910132E+02, 0.88623590E+00
 0.18990623E+02, 0.89088063E+00
 0.19071115E+02, 0.89552543E+00
 0.19151608E+02, 0.90017029E+00
 0.19232102E+02, 0.90481523E+00
 0.19312598E+02, 0.90946022E+00
 0.19393094E+02, 0.91410529E+00
 0.19473592E+02, 0.91875041E+00
 0.19554091E+02, 0.92339560E+00
 0.19634591E+02, 0.92804085E+00
 0.19715091E+02, 0.93268615E+00
 0.19795593E+02, 0.93733151E+00
 0.19876096E+02, 0.93733151E+00
 0.19956600E+02, 0.93733151E+00
 0.20037104E+02, 0.93733151E+00
 0.20117610E+02, 0.93733151E+00
 0.20198116E+02, 0.93733151E+00
 0.20278624E+02, 0.93733151E+00
 0.20359132E+02, 0.93733151E+00
 0.20439640E+02, 0.93733151E+00
 0.20520150E+02, 0.93733151E+00
 0.20600661E+02, 0.93733151E+00
 0.20681172E+02, 0.93733151E+00
 0.20761684E+02, 0.93733151E+00
 0.20842196E+02, 0.93733151E+00
 0.20922709E+02, 0.93733151E+00
 0.21003223E+02, 0.93733151E+00
 0.21083738E+02, 0.93733151E+00
 0.21164253E+02, 0.93733151E+00
 0.21244768E+02, 0.93733151E+00
 0.21325285E+02, 0.93733151E+00
 0.21405801E+02, 0.93733151E+00
 0.21486318E+02, 0.93733151E+00
 0.21566836E+02, 0.93733151E+00
 0.21647354E+02, 0.93733151E+00
 0.21727873E+02, 0.93733151E+00
 0.21808392E+02, 0.93733151E+00
 0.21888911E+02, 0.93733151E+00
 0.21969431E+02, 0.93733151E+00
 0.22049951E+02, 0.93733151E+00
 0.22130471E+02, 0.93733151E+00
 0.22210992E+02, 0.93733151E+00
 0.22291512E+02, 0.93733151E+00
 0.22372033E+02, 0.93733151E+00
 0.22452555E+02, 0.93733151E+00
 0.22533076E+02, 0.93733151E+00
 0.22613598E+02, 0.93733151E+00
 0.22694120E+02, 0.93733151E+00
 0.22774642E+02, 0.93733151E+00
 0.22855164E+02, 0.93733151E+00
 0.22935686E+02, 0.93733151E+00
 0.23016208E+02, 0.93733151E+00
 0.23096730E+02, 0.93733151E+00
 0.23177245E+02, 0.93733151E+00
 0.23263916E+02, 0.93733151E+00
 0.23357127E+02, 0.93733151E+00
 0.23457269E+02, 0.93733151E+00
 0.23564742E+02, 0.93733151E+00
 0.23679948E+02, 0.93733151E+00
 0.23803290E+02, 0.93733151E+00
 0.23935168E+02, 0.93733151E+00
 0.24075970E+02, 0.93733151E+00
 0.24226073E+02, 0.93733151E+00
 0.24385831E+02, 0.93733151E+00
 0.24555573E+02, 0.93733151E+00
 0.24735591E+02, 0.93733151E+00
 0.24926137E+02, 0.93733151E+00
 0.25127412E+02, 0.93733151E+00
 0.25339558E+02, 0.93733151E+00
 0.25562651E+02, 0.93733151E+00
 0.25796691E+02, 0.93733151E+00
 0.26041595E+02, 0.93733151E+00
 0.26297191E+02, 0.93733151E+00
 0.26563211E+02, 0.93733151E+00
 0.26839285E+02, 0.93733151E+00
 0.27124941E+02, 0.93733151E+00
 0.27419601E+02, 0.93733151E+00
 0.27722584E+02, 0.93733151E+00
 0.28033107E+02, 0.93733151E+00
 0.28350293E+02, 0.93733151E+00
 0.28673177E+02, 0.93733151E+00
 0.29000719E+02, 0.93733151E+00
 0.29331813E+02, 0.93733151E+00
 0.29665303E+02, 0.93733151E+00
 0.30000000E+02, 0.93733151E+00
 0.00000000E+00, 0.12333333E+01
 0.79553127E-01, 0.12333333E+01
 0.15911293E+00, 0.12333333E+01
 0.23867938E+00, 0.12333333E+01
 0.31825247E+00, 0.12333333E+01
 0.39783216E+00, 0.12333333E+01
 0.47741844E+00, 0.12333333E+01
 0.55701129E+00, 0.12333333E+01
 0.63661067E+00, 0.12333333E+01
 0.71621657E+00, 0.12333333E+01
 0.79582896E+00, 0.12333333E+01
 0.87544783E+00, 0.12333333E+01
 0.95507315E+00, 0.12333333E+01
 0.10347049E+01, 0.12333333E+01
 0.11143430E+01, 0.12333333E+01
 0.11939876E+01, 0.12333333E+01
 0.12736385E+01, 0.12333333E+01
 0.13532957E+01, 0.12333333E+01
 0.14329592E+01, 0.12333333E+01
 0.15126291E+01, 0.12333333E+01
 0.15923052E+01, 0.12333333E+01
 0.16719875E+01, 0.12333333E+01
 0.17516761E+01, 0.12333333E+01
 0.18313709E+01, 0.12333333E+01
 0.19110718E+01, 0.12333333E+01
 0.19907790E+01, 0.12333333E+01
 0.20704922E+01, 0.12333333E+01
 0.21502116E+01, 0.12333333E+01
 0.22299370E+01, 0.12333333E+01
 0.23096685E+01, 0.12333333E+01
 0.23894061E+01, 0.12333333E+01
 0.24691496E+01, 0.12333333E+01
 0.25488992E+01, 0.12333333E+01
 0.26286547E+01, 0.12333333E+01
 0.27084162E+01, 0.12333333E+01
 0.27881836E+01, 0.12333333E+01
 0.28679570E+01, 0.12333333E+01
 0.29477362E+01, 0.12333333E+01
 0.30275212E+01, 0.12333333E+01
 0.31073121E+01, 0.12333333E+01
 0.31871089E+01, 0.12333333E+01
 0.32669114E+01, 0.12333333E+01
 0.33467197E+01, 0.12333333E+01
 0.34265337E+01, 0.12175638E+01
 0.35063534E+01, 0.12017931E+01
 0.35861789E+01, 0.11860213E+01
 0.36660100E+01, 0.11702483E+01
 0.37458468E+01, 0.11544743E+01
 0.38256892E+01, 0.11386991E+01
 0.39055373E+01, 0.11229228E+01
 0.39853909E+01, 0.11071455E+01
 0.40652500E+01, 0.10913670E+01
 0.41451148E+01, 0.10755874E+01
 0.42249850E+01, 0.10598068E+01
 0.43048607E+01, 0.10440250E+01
 0.43847419E+01, 0.10282422E+01
 0.44646286E+01, 0.10124583E+01
 0.45445207E+01, 0.99667330E+00
 0.46244182E+01, 0.98088726E+00
 0.47043210E+01, 0.96510015E+00
 0.47842292E+01, 0.94931198E+00
 0.48641428E+01, 0.93352276E+00
 0.49440617E+01, 0.91773249E+00
 0.50239858E+01, 0.90194118E+00
 0.51039152E+01, 0.88614882E+00
 0.51838499E+01, 0.87035543E+00
 0.52637898E+01, 0.85456101E+00
 0.53437349E+01, 0.83876556E+00
 0.54236851E+01, 0.82296909E+00
 0.55036405E+01, 0.80717160E+00
 0.55836011E+01, 0.79137309E+00
 0.56635667E+01, 0.77557358E+00
 0.57435374E+01, 0.75311029E+00
 0.58235132E+01, 0.73064558E+00
 0.59034940E+01, 0.70817946E+00
 0.59834799E+01, 0.68571193E+00
 0.60634707E+01, 0.66324300E+00
 0.61434665E+01, 0.64077267E+00
 0.62234672E+01, 0.61830095E+00
 0.63034729E+01, 0.59582785E+00
 0.63834834E+01, 0.57335338E+00
 0.64634989E+01, 0.56668688E+00
 0.65435191E+01, 0.56001998E+00
 0.66235443E+01, 0.55335268E+00
 0.67035742E+01, 0.54668497E+00
 0.67836089E+01, 0.54001687E+00
 0.68636483E+01, 0.53334837E+00
 0.69436925E+01, 0.52667948E+00
 0.70237414E+01, 0.52001019E+00
 0.71037950E+01, 0.51334052E+00
 0.71838533E+01, 0.50667045E+00
 0.72639162E+01, 0.50000000E+00
 0.73439837E+01, 0.50000000E+00
 0.74240559E+01, 0.50000000E+00
 0.75041326E+01, 0.50000000E+00
 0.75842138E+01, 0.50000000E+00
 0.76642996E+01, 0.50000000E+00
 0.77443899E+01, 0.50000000E+00
 0.78244847E+01, 0.50000000E+00
 0.79045839E+01, 0.50000000E+00
 0.79846876E+01, 0.50000000E+00
 0.80647957E+01, 0.50000000E+00
 0.81449081E+01, 0.50000000E+00
 0.82250250E+01, 0.50000000E+00
 0.83051462E+01, 0.50000000E+00
 0.83852717E+01, 0.50000000E+00
 0.84654015E+01, 0.50000000E+00
 0.85455356E+01, 0.50000000E+00
 0.86256739E+01, 0.50000000E+00
 0.87058164E+01, 0.50000000E+00
 0.87859632E+01, 0.50000000E+00
 0.88661141E+01, 0.50000000E+00
 0.89462692E+01, 0.50000000E+00
 0.90264285E+01, 0.50000000E+00
 0.91065918E+01, 0.50000000E+00
 0.91867593E+01, 0.50000000E+00
 0.92669308E+01, 0.50000000E+00
 0.93471063E+01, 0.50000000E+00
 0.94272859E+01, 0.50000000E+00
 0.95074694E+01, 0.50000000E+00
 0.95876569E+01, 0.50000000E+00
 0.96678484E+01, 0.50000000E+00
 0.97480438E+01, 0.50000000E+00
 0.98282431E+01, 0.50000000E+00
 0.99084463E+01, 0.50000000E+00
 0.99886534E+01, 0.50000000E+00
 0.10068864E+02, 0.50000000E+00
 0.10149079E+02, 0.50000000E+00
 0.10229297E+02, 0.50000000E+00
 0.10309520E+02, 0.50000000E+00
 0.10389746E+02, 0.50000000E+00
 0.10469975E+02, 0.50000000E+00
 0.10550209E+02, 0.50000000E+00
 0.10630446E+02, 0.50000000E+00
 0.10710686E+02, 0.50000000E+00
 0.10790931E+02, 0.50000000E+00
 0.10871179E+02, 0.50000000E+00
 0.10951430E+02, 0.50000000E+00
 0.11031685E+02, 0.50000000E+00
 0.11111944E+02, 0.50000000E+00
 0.11192206E+02, 0.50000000E+00
 0.11272471E+02, 0.50000000E+00
 0.11352740E+02, 0.50000000E+00
 0.11433013E+02, 0.50000000E+00
 0.11513289E+02, 0.50000000E+00
 0.11593568E+02, 0.50000000E+00
 0.11673851E+02, 0.50000000E+00
 0.11754137E+02, 0.50494266E+00
 0.11834426E+02, 0.50988552E+00
 0.11914719E+02, 0.51482858E+00
 0.11995015E+02, 0.51977185E+00
 0.12075314E+02, 0.52471532E+00
 0.12155616E+02, 0.52965898E+00
 0.12235922E+02, 0.53460284E+00
 0.12316230E+02, 0.53954690E+00
 0.12396542E+02, 0.54449115E+00
 0.12476857E+02, 0.54943560E+00
 0.12557175E+02, 0.55438024E+00
 0.12637497E+02, 0.55932506E+00
 0.12717821E+02, 0.56427008E+00
 0.12798148E+02, 0.56921528E+00
 0.12878478E+02, 0.57416067E+00
 0.12958812E+02, 0.57910624E+00
 0.13039148E+02, 0.58405200E+00
 0.13119487E+02, 0.58899793E+00
 0.13199829E+02, 0.59394405E+00
 0.13280175E+02, 0.59889034E+00
 0.13360522E+02, 0.60383681E+00
 0.13440873E+02, 0.60878346E+00
 0.13521227E+02, 0.61373028E+00
 0.13601583E+02, 0.61867728E+00
 0.13681943E+02, 0.62362444E+00
 0.13762304E+02, 0.62857178E+00
 0.13842669E+02, 0.63351928E+00
 0.13923037E+02, 0.63846695E+00
 0.14003407E+02, 0.64341479E+00
 0.14083779E+02, 0.64836279E+00
 0.14164155E+02, 0.65331095E+00
 0.14244533E+02, 0.65825927E+00
 0.14324913E+02, 0.66320776E+00
 0.14405297E+02, 0.66815640E+00
 0.14485682E+02, 0.67310519E+00
 0.14566071E+02, 0.67805415E+00
 0.14646461E+02, 0.68300326E+00
 0.14726855E+02, 0.68795252E+00
 0.14807250E+02, 0.69290193E+00
 0.14887648E+02, 0.69785149E+00
 0.14968049E+02, 0.70280120E+00
 0.15048452E+02, 0.70775105E+00
 0.15128857E+02, 0.71270105E+00
 0.15209265E+02, 0.71765120E+00
 0.15289675E+02, 0.72260148E+00
 0.15370087E+02, 0.72755191E+00
 0.15450501E+02, 0.73250248E+00
 0.15530918E+02, 0.73745318E+00
 0.15611337E+02, 0.74240402E+00
 0.15691758E+02, 0.74735500E+00
 0.15772181E+02, 0.75230611E+00
 0.15852607E+02, 0.75725735E+00
 0.15933034E+02, 0.76220873E+00
 0.16013464E+02, 0.76716023E+00
 0.16093896E+02, 0.77211186E+00
 0.16174329E+02, 0.77706362E+00
 0.16254765E+02, 0.78201550E+00
 0.16335203E+02, 0.78696750E+00
 0.16415643E+02, 0.79191963E+00
 0.16496085E+02, 0.79687188E+00
 0.16576528E+02, 0.80182425E+00
 0.16656974E+02, 0.80677673E+00
 0.16737421E+02, 0.81172933E+00
 0.16817871E+02, 0.81668205E+00
 0.16898322E+02, 0.82163488E+00
 0.16978775E+02, 0.82658782E+00
 0.17059230E+02, 0.83154087E+00
 0.17139686E+02, 0.83649403E+00
 0.17220145E+02, 0.84144730E+00
 0.17300605E+02, 0.84640068E+00
 0.17381067E+02, 0.85135416E+00
 0.17461530E+02, 0.85630774E+00
 0.17541995E+02, 0.86126142E+00
 0.17622462E+02, 0.86621521E+00
 0.17702930E+02, 0.87116909E+00
 0.17783400E+02, 0.87612307E+00
 0.17863872E+02, 0.88107715E+00
 0.17944345E+02, 0.88603132E+00
 0.18024819E+02, 0.89098558E+00
 0.18105295E+02, 0.89593994E+00
 0.18185773E+02, 0.90089438E+00
 0.18266252E+02, 0.90584892E+00
 0.18346732E+02, 0.91080354E+00
 0.18427214E+02, 0.91575825E+00
 0.18507697E+02, 0.92071304E+00
 0.18588181E+02, 0.92566792E+00
 0.18668667E+02, 0.93062287E+00
 0.18749154E+02, 0.93557791E+00
 0.18829642E+02, 0.94053302E+00
 0.18910132E+02, 0.94548822E+00
 0.18990623E+02, 0.95044348E+00
 0.19071115E+02, 0.95539883E+00
 0.19151608E+02, 0.96035424E+00
 0.19232102E+02, 0.96530973E+00
 0.19312598E+02, 0.97026528E+00
 0.19393094E+02, 0.97522091E+00
 0.19473592E+02, 0.98017660E+00
 0.19554091E+02, 0.98513235E+00
 0.19634591E+02, 0.99008817E+00
 0.19715091E+02, 0.99504406E+00
 0.19795593E+02, 0.10000000E+01
 0.19876096E+02, 0.10000000E+01
 0.19956600E+02, 0.10000000E+01
 0.20037104E+02, 0.10000000E+01
 0.20117610E+02, 0.10000000E+01
 0.20198116E+02, 0.10000000E+01
 0.20278624E+02, 0.10000000E+01
 0.20359132E+02, 0.10000000E+01
 0.20439640E+02, 0.10000000E+01
 0.20520150E+02, 0.10000000E+01
 0.20600661E+02, 0.10000000E+01
 0.20681172E+02, 0.10000000E+01
 0.20761684E+02, 0.10000000E+01
 0.20842196E+02, 0.10000000E+01
 0.20922709E+02, 0.10000000E+01
 0.21003223E+02, 0.10000000E+01
 0.21083738E+02, 0.10000000E+01
 0.21164253E+02, 0.10000000E+01
 0.21244768E+02, 0.10000000E+01
 0.21325285E+02, 0.10000000E+01
 0.21405801E+02, 0.10000000E+01
 0.21486318E+02, 0.10000000E+01
 0.21566836E+02, 0.10000000E+01
 0.21647354E+02, 0.10000000E+01
 0.21727873E+02, 0.10000000E+01
 0.21808392E+02, 0.10000000E+01
 0.21888911E+02, 0.10000000E+01
 0.21969431E+02, 0.10000000E+01
 0.22049951E+02, 0.10000000E+01
 0.22130471E+02, 0.10000000E+01
 0.22210992E+02, 0.10000000E+01
 0.22291512E+02, 0.10000000E+01
 0.22372033E+02, 0.10000000E+01
 0.22452555E+02, 0.10000000E+01
 0.22533076E+02, 0.10000000E+01
 0.22613598E+02, 0.10000000E+01
 0.22694120E+02, 0.10000000E+01
 0.22774642E+02, 0.10000000E+01
 0.22855164E+02, 0.10000000E+01
 0.22935686E+02, 0.10000000E+01
 0.23016208E+02, 0.10000000E+01
 0.23096730E+02, 0.10000000E+01
 0.23177245E+02, 0.10000000E+01
 0.23263916E+02, 0.10000000E+01
 0.23357127E+02, 0.10000000E+01
 0.23457269E+02, 0.10000000E+01
 0.23564742E+02, 0.10000000E+01
 0.23679948E+02, 0.10000000E+01
 0.23803290E+02, 0.10000000E+01
 0.23935168E+02, 0.10000000E+01
 0.24075970E+02, 0.10000000E+01
 0.24226073E+02, 0.10000000E+01
 0.24385831E+02, 0.10000000E+01
 0.24555573E+02, 0.10000000E+01
 0.24735591E+02, 0.10000000E+01
 0.24926137E+02, 0.10000000E+01
 0.25127412E+02, 0.10000000E+01
 0.25339558E+02, 0.10000000E+01
 0.25562651E+02, 0.10000000E+01
 0.25796691E+02, 0.10000000E+01
 0.26041595E+02, 0.10000000E+01
 0.26297191E+02, 0.10000000E+01
 0.26563211E+02, 0.10000000E+01
 0.26839285E+02, 0.10000000E+01
 0.27124941E+02, 0.10000000E+01
 0.27419601E+02, 0.10000000E+01
 0.27722584E+02, 0.10000000E+01
 0.28033107E+02, 0.10000000E+01
 0.28350293E+02, 0.10000000E+01
 0.28673177E+02, 0.10000000E+01
 0.29000719E+02, 0.10000000E+01
 0.29331813E+02, 0.10000000E+01
 0.29665303E+02, 0.10000000E+01
 0.30000000E+02, 0.10000000E+01
 0.00000000E+00, 0.12939129E+01
 0.79553127E-01, 0.12939129E+01
 0.15911293E+00, 0.12939129E+01
 0.23867938E+00, 0.12939129E+01
 0.31825247E+00, 0.12939129E+01
 0.39783216E+00, 0.12939129E+01
 0.47741844E+00, 0.12939129E+01
 0.55701129E+00, 0.12939129E+01
 0.63661067E+00, 0.12939129E+01
 0.71621657E+00, 0.12939129E+01
 0.79582896E+00, 0.12939129E+01
 0.87544783E+00, 0.12939129E+01
 0.95507315E+00, 0.12939129E+01
 0.10347049E+01, 0.12939129E+01
 0.11143430E+01, 0.12939129E+01
 0.11939876E+01, 0.12939129E+01
 0.12736385E+01, 0.12939129E+01
 0.13532957E+01, 0.12939129E+01
 0.14329592E+01, 0.12939129E+01
 0.15126291E+01, 0.12939129E+01
 0.15923052E+01, 0.12939129E+01
 0.16719875E+01, 0.12939129E+01
 0.17516761E+01, 0.12939129E+01
 0.18313709E+01, 0.12939129E+01
 0.19110718E+01, 0.12939129E+01
 0.19907790E+01, 0.12939129E+01
 0.20704922E+01, 0.12939129E+01
 0.21502116E+01, 0.12939129E+01
 0.22299370E+01, 0.12939129E+01
 0.23096685E+01, 0.12939129E+01
 0.23894061E+01, 0.12939129E+01
 0.24691496E+01, 0.12939129E+01
 0.25488992E+01, 0.12939129E+01
 0.26286547E+01, 0.12939129E+01
 0.27084162E+01, 0.12939129E+01
 0.27881836E+01, 0.12939129E+01
 0.28679570E+01, 0.12939129E+01
 0.29477362E+01, 0.12939129E+01
 0.30275212E+01, 0.12939129E+01
 0.31073121E+01, 0.12939129E+01
 0.31871089E+01, 0.12939129E+01
 0.32669114E+01, 0.12939129E+01
 0.33467197E+01, 0.12939129E+01
 0.34265337E+01, 0.12771551E+01
 0.35063534E+01, 0.12603960E+01
 0.35861789E+01, 0.12436358E+01
 0.36660100E+01, 0.12268744E+01
 0.37458468E+01, 0.12101118E+01
 0.38256892E+01, 0.11933481E+01
 0.39055373E+01, 0.11765831E+01
 0.39853909E+01, 0.11598170E+01
 0.40652500E+01, 0.11430497E+01
 0.41451148E+01, 0.11262813E+01
 0.42249850E+01, 0.11095117E+01
 0.43048607E+01, 0.10927409E+01
 0.43847419E+01, 0.10759690E+01
 0.44646286E+01, 0.10591959E+01
 0.45445207E+01, 0.10424217E+01
 0.46244182E+01, 0.10256464E+01
 0.47043210E+01, 0.10088699E+01
 0.47842292E+01, 0.99209233E+00
 0.48641428E+01, 0.97531363E+00
 0.49440617E+01, 0.95853380E+00
 0.50239858E+01, 0.94175287E+00
 0.51039152E+01, 0.92497083E+00
 0.51838499E+01, 0.90818769E+00
 0.52637898E+01, 0.89140346E+00
 0.53437349E+01, 0.87461813E+00
 0.54236851E+01, 0.85783172E+00
 0.55036405E+01, 0.84104422E+00
 0.55836011E+01, 0.82425565E+00
 0.56635667E+01, 0.80746601E+00
 0.57435374E+01, 0.78443007E+00
 0.58235132E+01, 0.76139268E+00
 0.59034940E+01, 0.73835383E+00
 0.59834799E+01, 0.71531354E+00
 0.60634707E+01, 0.69227182E+00
 0.61434665E+01, 0.66922866E+00
 0.62234672E+01, 0.64618408E+00
 0.63034729E+01, 0.62313808E+00
 0.63834834E+01, 0.60009067E+00
 0.64634989E+01, 0.59384196E+00
 0.65435191E+01, 0.58759286E+00
 0.66235443E+01, 0.58134339E+00
 0.67035742E+01, 0.57509354E+00
 0.67836089E+01, 0.56884332E+00
 0.68636483E+01, 0.56259272E+00
 0.69436925E+01, 0.55634176E+00
 0.70237414E+01, 0.55009043E+00
 0.71037950E+01, 0.54383873E+00
 0.71838533E+01, 0.53758667E+00
 0.72639162E+01, 0.53133424E+00
 0.73439837E+01, 0.53133424E+00
 0.74240559E+01, 0.53133424E+00
 0.75041326E+01, 0.53133424E+00
 0.75842138E+01, 0.53133424E+00
 0.76642996E+01, 0.53133424E+00
 0.77443899E+01, 0.53133424E+00
 0.78244847E+01, 0.53133424E+00
 0.79045839E+01, 0.53133424E+00
 0.79846876E+01, 0.53133424E+00
 0.80647957E+01, 0.53133424E+00
 0.81449081E+01, 0.53133424E+00
 0.82250250E+01, 0.53133424E+00
 0.83051462E+01, 0.53133424E+00
 0.83852717E+01, 0.53133424E+00
 0.84654015E+01, 0.53133424E+00
 0.85455356E+01, 0.53133424E+00
 0.86256739E+01, 0.53133424E+00
 0.87058164E+01, 0.53133424E+00
 0.87859632E+01, 0.53133424E+00
 0.88661141E+01, 0.53133424E+00
 0.89462692E+01, 0.53133424E+00
 0.90264285E+01, 0.53133424E+00
 0.91065918E+01, 0.53133424E+00
 0.91867593E+01, 0.53133424E+00
 0.92669308E+01, 0.53133424E+00
 0.93471063E+01, 0.53133424E+00
 0.94272859E+01, 0.53133424E+00
 0.95074694E+01, 0.53133424E+00
 0.95876569E+01, 0.53133424E+00
 0.96678484E+01, 0.53133424E+00
 0.97480438E+01, 0.53133424E+00
 0.98282431E+01, 0.53133424E+00
 0.99084463E+01, 0.53133424E+00
 0.99886534E+01, 0.53133424E+00
 0.10068864E+02, 0.53133424E+00
 0.10149079E+02, 0.53133424E+00
 0.10229297E+02, 0.53133424E+00
 0.10309520E+02, 0.53133424E+00
 0.10389746E+02, 0.53133424E+00
 0.10469975E+02, 0.53133424E+00
 0.10550209E+02, 0.53133424E+00
 0.10630446E+02, 0.53133424E+00
 0.10710686E+02, 0.53133424E+00
 0.10790931E+02, 0.53133424E+00
 0.10871179E+02, 0.53133424E+00
 0.10951430E+02, 0.53133424E+00
 0.11031685E+02, 0.53133424E+00
 0.11111944E+02, 0.53133424E+00
 0.11192206E+02, 0.53133424E+00
 0.11272471E+02, 0.53133424E+00
 0.11352740E+02, 0.53133424E+00
 0.11433013E+02, 0.53133424E+00
 0.11513289E+02, 0.53133424E+00
 0.11593568E+02, 0.53133424E+00
 0.11673851E+02, 0.53133424E+00
 0.11754137E+02, 0.53658665E+00
 0.11834426E+02, 0.54183927E+00
 0.11914719E+02, 0.54709211E+00
 0.11995015E+02, 0.55234517E+00
 0.12075314E+02, 0.55759843E+00
 0.12155616E+02, 0.56285191E+00
 0.12235922E+02, 0.56810560E+00
 0.12316230E+02, 0.57335949E+00
 0.12396542E+02, 0.57861359E+00
 0.12476857E+02, 0.58386790E+00
 0.12557175E+02, 0.58912241E+00
 0.12637497E+02, 0.59437712E+00
 0.12717821E+02, 0.59963203E+00
 0.12798148E+02, 0.60488714E+00
 0.12878478E+02, 0.61014245E+00
 0.12958812E+02, 0.61539795E+00
 0.13039148E+02, 0.62065365E+00
 0.13119487E+02, 0.62590954E+00
 0.13199829E+02, 0.63116562E+00
 0.13280175E+02, 0.63642189E+00
 0.13360522E+02, 0.64167835E+00
 0.13440873E+02, 0.64693500E+00
 0.13521227E+02, 0.65219183E+00
 0.13601583E+02, 0.65744885E+00
 0.13681943E+02, 0.66270604E+00
 0.13762304E+02, 0.66796342E+00
 0.13842669E+02, 0.67322097E+00
 0.13923037E+02, 0.67847871E+00
 0.14003407E+02, 0.68373662E+00
 0.14083779E+02, 0.68899470E+00
 0.14164155E+02, 0.69425296E+00
 0.14244533E+02, 0.69951138E+00
 0.14324913E+02, 0.70476998E+00
 0.14405297E+02, 0.71002875E+00
 0.14485682E+02, 0.71528768E+00
 0.14566071E+02, 0.72054678E+00
 0.14646461E+02, 0.72580604E+00
 0.14726855E+02, 0.73106546E+00
 0.14807250E+02, 0.73632504E+00
 0.14887648E+02, 0.74158478E+00
 0.14968049E+02, 0.74684468E+00
 0.15048452E+02, 0.75210474E+00
 0.15128857E+02, 0.75736495E+00
 0.15209265E+02, 0.76262531E+00
 0.15289675E+02, 0.76788582E+00
 0.15370087E+02, 0.77314649E+00
 0.15450501E+02, 0.77840730E+00
 0.15530918E+02, 0.78366826E+00
 0.15611337E+02, 0.78892936E+00
 0.15691758E+02, 0.79419061E+00
 0.15772181E+02, 0.79945200E+00
 0.15852607E+02, 0.80471353E+00
 0.15933034E+02, 0.80997520E+00
 0.16013464E+02, 0.81523700E+00
 0.16093896E+02, 0.82049894E+00
 0.16174329E+02, 0.82576102E+00
 0.16254765E+02, 0.83102323E+00
 0.16335203E+02, 0.83628557E+00
 0.16415643E+02, 0.84154804E+00
 0.16496085E+02, 0.84681064E+00
 0.16576528E+02, 0.85207336E+00
 0.16656974E+02, 0.85733621E+00
 0.16737421E+02, 0.86259918E+00
 0.16817871E+02, 0.86786228E+00
 0.16898322E+02, 0.87312549E+00
 0.16978775E+02, 0.87838883E+00
 0.17059230E+02, 0.88365228E+00
 0.17139686E+02, 0.88891585E+00
 0.17220145E+02, 0.89417953E+00
 0.17300605E+02, 0.89944333E+00
 0.17381067E+02, 0.90470723E+00
 0.17461530E+02, 0.90997125E+00
 0.17541995E+02, 0.91523537E+00
 0.17622462E+02, 0.92049960E+00
 0.17702930E+02, 0.92576394E+00
 0.17783400E+02, 0.93102838E+00
 0.17863872E+02, 0.93629292E+00
 0.17944345E+02, 0.94155756E+00
 0.18024819E+02, 0.94682230E+00
 0.18105295E+02, 0.95208714E+00
 0.18185773E+02, 0.95735207E+00
 0.18266252E+02, 0.96261710E+00
 0.18346732E+02, 0.96788222E+00
 0.18427214E+02, 0.97314743E+00
 0.18507697E+02, 0.97841273E+00
 0.18588181E+02, 0.98367812E+00
 0.18668667E+02, 0.98894360E+00
 0.18749154E+02, 0.99420916E+00
 0.18829642E+02, 0.99947481E+00
 0.18910132E+02, 0.10047405E+01
 0.18990623E+02, 0.10100063E+01
 0.19071115E+02, 0.10152722E+01
 0.19151608E+02, 0.10205382E+01
 0.19232102E+02, 0.10258042E+01
 0.19312598E+02, 0.10310703E+01
 0.19393094E+02, 0.10363365E+01
 0.19473592E+02, 0.10416028E+01
 0.19554091E+02, 0.10468691E+01
 0.19634591E+02, 0.10521355E+01
 0.19715091E+02, 0.10574020E+01
 0.19795593E+02, 0.10626685E+01
 0.19876096E+02, 0.10626685E+01
 0.19956600E+02, 0.10626685E+01
 0.20037104E+02, 0.10626685E+01
 0.20117610E+02, 0.10626685E+01
 0.20198116E+02, 0.10626685E+01
 0.20278624E+02, 0.10626685E+01
 0.20359132E+02, 0.10626685E+01
 0.20439640E+02, 0.10626685E+01
 0.20520150E+02, 0.10626685E+01
 0.20600661E+02, 0.10626685E+01
 0.20681172E+02, 0.10626685E+01
 0.20761684E+02, 0.10626685E+01
 0.20842196E+02, 0.10626685E+01
 0.20922709E+02, 0.10626685E+01
 0.21003223E+02, 0.10626685E+01
 0.21083738E+02, 0.10626685E+01
 0.21164253E+02, 0.10626685E+01
 0.21244768E+02, 0.10626685E+01
 0.21325285E+02, 0.10626685E+01
 0.21405801E+02, 0.10626685E+01
 0.21486318E+02, 0.10626685E+01
 0.21566836E+02, 0.10626685E+01
 0.21647354E+02, 0.10626685E+01
 0.21727873E+02, 0.10626685E+01
 0.21808392E+02, 0.10626685E+01
 0.21888911E+02, 0.10626685E+01
 0.21969431E+02, 0.10626685E+01
 0.22049951E+02, 0.10626685E+01
 0.22130471E+02, 0.10626685E+01
 0.22210992E+02, 0.10626685E+01
 0.22291512E+02, 0.10626685E+01
 0.22372033E+02, 0.10626685E+01
 0.22452555E+02, 0.10626685E+01
 0.22533076E+02, 0.10626685E+01
 0.22613598E+02, 0.10626685E+01
 0.22694120E+02, 0.10626685E+01
 0.22774642E+02, 0.10626685E+01
 0.22855164E+02, 0.10626685E+01
 0.22935686E+02, 0.10626685E+01
 0.23016208E+02, 0.10626685E+01
 0.23096730E+02, 0.10626685E+01
 0.23177245E+02, 0.10626685E+01
 0.23263916E+02, 0.10626685E+01
 0.23357127E+02, 0.10626685E+01
 0.23457269E+02, 0.10626685E+01
 0.23564742E+02, 0.10626685E+01
 0.23679948E+02, 0.10626685E+01
 0.23803290E+02, 0.10626685E+01
 0.23935168E+02, 0.10626685E+01
 0.24075970E+02, 0.10626685E+01
 0.24226073E+02, 0.10626685E+01
 0.24385831E+02, 0.10626685E+01
 0.24555573E+02, 0.10626685E+01
 0.24735591E+02, 0.10626685E+01
 0.24926137E+02, 0.10626685E+01
 0.25127412E+02, 0.10626685E+01
 0.25339558E+02, 0.10626685E+01
 0.25562651E+02, 0.10626685E+01
 0.25796691E+02, 0.10626685E+01
 0.26041595E+02, 0.10626685E+01
 0.26297191E+02, 0.10626685E+01
 0.26563211E+02, 0.10626685E+01
 0.26839285E+02, 0.10626685E+01
 0.27124941E+02, 0.10626685E+01
 0.27419601E+02, 0.10626685E+01
 0.27722584E+02, 0.10626685E+01
 0.28033107E+02, 0.10626685E+01
 0.28350293E+02, 0.10626685E+01
 0.28673177E+02, 0.10626685E+01
 0.29000719E+02, 0.10626685E+01
 0.29331813E+02, 0.10626685E+01
 0.29665303E+02, 0.10626685E+01
 0.30000000E+02, 0.10626685E+01
 0.00000000E+00, 0.13544886E+01
 0.79553127E-01, 0.13544886E+01
 0.15911293E+00, 0.13544886E+01
 0.23867938E+00, 0.13544886E+01
 0.31825247E+00, 0.13544886E+01
 0.39783216E+00, 0.13544886E+01
 0.47741844E+00, 0.13544886E+01
 0.55701129E+00, 0.13544886E+01
 0.63661067E+00, 0.13544886E+01
 0.71621657E+00, 0.13544886E+01
 0.79582896E+00, 0.13544886E+01
 0.87544783E+00, 0.13544886E+01
 0.95507315E+00, 0.13544886E+01
 0.10347049E+01, 0.13544886E+01
 0.11143430E+01, 0.13544886E+01
 0.11939876E+01, 0.13544886E+01
 0.12736385E+01, 0.13544886E+01
 0.13532957E+01, 0.13544886E+01
 0.14329592E+01, 0.13544886E+01
 0.15126291E+01, 0.13544886E+01
 0.15923052E+01, 0.13544886E+01
 0.16719875E+01, 0.13544886E+01
 0.17516761E+01, 0.13544886E+01
 0.18313709E+01, 0.13544886E+01
 0.19110718E+01, 0.13544886E+01
 0.19907790E+01, 0.13544886E+01
 0.20704922E+01, 0.13544886E+01
 0.21502116E+01, 0.13544886E+01
 0.22299370E+01, 0.13544886E+01
 0.23096685E+01, 0.13544886E+01
 0.23894061E+01, 0.13544886E+01
 0.24691496E+01, 0.13544886E+01
 0.25488992E+01, 0.13544886E+01
 0.26286547E+01, 0.13544886E+01
 0.27084162E+01, 0.13544886E+01
 0.27881836E+01, 0.13544886E+01
 0.28679570E+01, 0.13544886E+01
 0.29477362E+01, 0.13544886E+01
 0.30275212E+01, 0.13544886E+01
 0.31073121E+01, 0.13544886E+01
 0.31871089E+01, 0.13544886E+01
 0.32669114E+01, 0.13544886E+01
 0.33467197E+01, 0.13544886E+01
 0.34265337E+01, 0.13367426E+01
 0.35063534E+01, 0.13189953E+01
 0.35861789E+01, 0.13012467E+01
 0.36660100E+01, 0.12834969E+01
 0.37458468E+01, 0.12657459E+01
 0.38256892E+01, 0.12479936E+01
 0.39055373E+01, 0.12302400E+01
 0.39853909E+01, 0.12124852E+01
 0.40652500E+01, 0.11947292E+01
 0.41451148E+01, 0.11769719E+01
 0.42249850E+01, 0.11592134E+01
 0.43048607E+01, 0.11414537E+01
 0.43847419E+01, 0.11236927E+01
 0.44646286E+01, 0.11059306E+01
 0.45445207E+01, 0.10881672E+01
 0.46244182E+01, 0.10704027E+01
 0.47043210E+01, 0.10526369E+01
 0.47842292E+01, 0.10348700E+01
 0.48641428E+01, 0.10171018E+01
 0.49440617E+01, 0.99933252E+00
 0.50239858E+01, 0.98156204E+00
 0.51039152E+01, 0.96379038E+00
 0.51838499E+01, 0.94601755E+00
 0.52637898E+01, 0.92824357E+00
 0.53437349E+01, 0.91046843E+00
 0.54236851E+01, 0.89269213E+00
 0.55036405E+01, 0.87491470E+00
 0.55836011E+01, 0.85713612E+00
 0.56635667E+01, 0.83935641E+00
 0.57435374E+01, 0.81574786E+00
 0.58235132E+01, 0.79213782E+00
 0.59034940E+01, 0.76852629E+00
 0.59834799E+01, 0.74491328E+00
 0.60634707E+01, 0.72129880E+00
 0.61434665E+01, 0.69768285E+00
 0.62234672E+01, 0.67406544E+00
 0.63034729E+01, 0.65044658E+00
 0.63834834E+01, 0.62682628E+00
 0.64634989E+01, 0.62099531E+00
 0.65435191E+01, 0.61516399E+00
 0.66235443E+01, 0.60933232E+00
 0.67035742E+01, 0.60350030E+00
 0.67836089E+01, 0.59766793E+00
 0.68636483E+01, 0.59183522E+00
 0.69436925E+01, 0.58600216E+00
 0.70237414E+01, 0.58016875E+00
 0.71037950E+01, 0.57433501E+00
 0.71838533E+01, 0.56850092E+00
 0.72639162E+01, 0.56266650E+00
 0.73439837E+01, 0.56266650E+00
 0.74240559E+01, 0.56266650E+00
 0.75041326E+01, 0.56266650E+00
 0.75842138E+01, 0.56266650E+00
 0.76642996E+01, 0.56266650E+00
 0.77443899E+01, 0.56266650E+00
 0.78244847E+01, 0.56266650E+00
 0.79045839E+01, 0.56266650E+00
 0.79846876E+01, 0.56266650E+00
 0.80647957E+01, 0.56266650E+00
 0.81449081E+01, 0.56266650E+00
 0.82250250E+01, 0.56266650E+00
 0.83051462E+01, 0.56266650E+00
 0.83852717E+01, 0.56266650E+00
 0.84654015E+01, 0.56266650E+00
 0.85455356E+01, 0.56266650E+00
 0.86256739E+01, 0.56266650E+00
 0.87058164E+01, 0.56266650E+00
 0.87859632E+01, 0.56266650E+00
 0.88661141E+01, 0.56266650E+00
 0.89462692E+01, 0.56266650E+00
 0.90264285E+01, 0.56266650E+00
 0.91065918E+01, 0.56266650E+00
 0.91867593E+01, 0.56266650E+00
 0.92669308E+01, 0.56266650E+00
 0.93471063E+01, 0.56266650E+00
 0.94272859E+01, 0.56266650E+00
 0.95074694E+01, 0.56266650E+00
 0.95876569E+01, 0.56266650E+00
 0.96678484E+01, 0.56266650E+00
 0.97480438E+01, 0.56266650E+00
 0.98282431E+01, 0.56266650E+00
 0.99084463E+01, 0.56266650E+00
 0.99886534E+01, 0.56266650E+00
 0.10068864E+02, 0.56266650E+00
 0.10149079E+02, 0.56266650E+00
 0.10229297E+02, 0.56266650E+00
 0.10309520E+02, 0.56266650E+00
 0.10389746E+02, 0.56266650E+00
 0.10469975E+02, 0.56266650E+00
 0.10550209E+02, 0.56266650E+00
 0.10630446E+02, 0.56266650E+00
 0.10710686E+02, 0.56266650E+00
 0.10790931E+02, 0.56266650E+00
 0.10871179E+02, 0.56266650E+00
 0.10951430E+02, 0.56266650E+00
 0.11031685E+02, 0.56266650E+00
 0.11111944E+02, 0.56266650E+00
 0.11192206E+02, 0.56266650E+00
 0.11272471E+02, 0.56266650E+00
 0.11352740E+02, 0.56266650E+00
 0.11433013E+02, 0.56266650E+00
 0.11513289E+02, 0.56266650E+00
 0.11593568E+02, 0.56266650E+00
 0.11673851E+02, 0.56266650E+00
 0.11754137E+02, 0.56822863E+00
 0.11834426E+02, 0.57379100E+00
 0.11914719E+02, 0.57935359E+00
 0.11995015E+02, 0.58491641E+00
 0.12075314E+02, 0.59047946E+00
 0.12155616E+02, 0.59604273E+00
 0.12235922E+02, 0.60160622E+00
 0.12316230E+02, 0.60716993E+00
 0.12396542E+02, 0.61273386E+00
 0.12476857E+02, 0.61829801E+00
 0.12557175E+02, 0.62386237E+00
 0.12637497E+02, 0.62942695E+00
 0.12717821E+02, 0.63499174E+00
 0.12798148E+02, 0.64055674E+00
 0.12878478E+02, 0.64612195E+00
 0.12958812E+02, 0.65168736E+00
 0.13039148E+02, 0.65725298E+00
 0.13119487E+02, 0.66281881E+00
 0.13199829E+02, 0.66838483E+00
 0.13280175E+02, 0.67395106E+00
 0.13360522E+02, 0.67951749E+00
 0.13440873E+02, 0.68508412E+00
 0.13521227E+02, 0.69065094E+00
 0.13601583E+02, 0.69621795E+00
 0.13681943E+02, 0.70178516E+00
 0.13762304E+02, 0.70735256E+00
 0.13842669E+02, 0.71292015E+00
 0.13923037E+02, 0.71848793E+00
 0.14003407E+02, 0.72405589E+00
 0.14083779E+02, 0.72962404E+00
 0.14164155E+02, 0.73519237E+00
 0.14244533E+02, 0.74076088E+00
 0.14324913E+02, 0.74632957E+00
 0.14405297E+02, 0.75189844E+00
 0.14485682E+02, 0.75746749E+00
 0.14566071E+02, 0.76303671E+00
 0.14646461E+02, 0.76860610E+00
 0.14726855E+02, 0.77417567E+00
 0.14807250E+02, 0.77974540E+00
 0.14887648E+02, 0.78531531E+00
 0.14968049E+02, 0.79088538E+00
 0.15048452E+02, 0.79645561E+00
 0.15128857E+02, 0.80202601E+00
 0.15209265E+02, 0.80759657E+00
 0.15289675E+02, 0.81316729E+00
 0.15370087E+02, 0.81873817E+00
 0.15450501E+02, 0.82430921E+00
 0.15530918E+02, 0.82988040E+00
 0.15611337E+02, 0.83545175E+00
 0.15691758E+02, 0.84102324E+00
 0.15772181E+02, 0.84659489E+00
 0.15852607E+02, 0.85216669E+00
 0.15933034E+02, 0.85773863E+00
 0.16013464E+02, 0.86331072E+00
 0.16093896E+02, 0.86888295E+00
 0.16174329E+02, 0.87445533E+00
 0.16254765E+02, 0.88002785E+00
 0.16335203E+02, 0.88560050E+00
 0.16415643E+02, 0.89117329E+00
 0.16496085E+02, 0.89674622E+00
 0.16576528E+02, 0.90231928E+00
 0.16656974E+02, 0.90789248E+00
 0.16737421E+02, 0.91346580E+00
 0.16817871E+02, 0.91903926E+00
 0.16898322E+02, 0.92461284E+00
 0.16978775E+02, 0.93018655E+00
 0.17059230E+02, 0.93576038E+00
 0.17139686E+02, 0.94133434E+00
 0.17220145E+02, 0.94690841E+00
 0.17300605E+02, 0.95248261E+00
 0.17381067E+02, 0.95805692E+00
 0.17461530E+02, 0.96363135E+00
 0.17541995E+02, 0.96920590E+00
 0.17622462E+02, 0.97478055E+00
 0.17702930E+02, 0.98035532E+00
 0.17783400E+02, 0.98593020E+00
 0.17863872E+02, 0.99150519E+00
 0.17944345E+02, 0.99708028E+00
 0.18024819E+02, 0.10026555E+01
 0.18105295E+02, 0.10082308E+01
 0.18185773E+02, 0.10138062E+01
 0.18266252E+02, 0.10193817E+01
 0.18346732E+02, 0.10249573E+01
 0.18427214E+02, 0.10305330E+01
 0.18507697E+02, 0.10361088E+01
 0.18588181E+02, 0.10416846E+01
 0.18668667E+02, 0.10472606E+01
 0.18749154E+02, 0.10528367E+01
 0.18829642E+02, 0.10584128E+01
 0.18910132E+02, 0.10639891E+01
 0.18990623E+02, 0.10695654E+01
 0.19071115E+02, 0.10751418E+01
 0.19151608E+02, 0.10807183E+01
 0.19232102E+02, 0.10862949E+01
 0.19312598E+02, 0.10918715E+01
 0.19393094E+02, 0.10974483E+01
 0.19473592E+02, 0.11030251E+01
 0.19554091E+02, 0.11086019E+01
 0.19634591E+02, 0.11141789E+01
 0.19715091E+02, 0.11197559E+01
 0.19795593E+02, 0.11253330E+01
 0.19876096E+02, 0.11253330E+01
 0.19956600E+02, 0.11253330E+01
 0.20037104E+02, 0.11253330E+01
 0.20117610E+02, 0.11253330E+01
 0.20198116E+02, 0.11253330E+01
 0.20278624E+02, 0.11253330E+01
 0.20359132E+02, 0.11253330E+01
 0.20439640E+02, 0.11253330E+01
 0.20520150E+02, 0.11253330E+01
 0.20600661E+02, 0.11253330E+01
 0.20681172E+02, 0.11253330E+01
 0.20761684E+02, 0.11253330E+01
 0.20842196E+02, 0.11253330E+01
 0.20922709E+02, 0.11253330E+01
 0.21003223E+02, 0.11253330E+01
 0.21083738E+02, 0.11253330E+01
 0.21164253E+02, 0.11253330E+01
 0.21244768E+02, 0.11253330E+01
 0.21325285E+02, 0.11253330E+01
 0.21405801E+02, 0.11253330E+01
 0.21486318E+02, 0.11253330E+01
 0.21566836E+02, 0.11253330E+01
 0.21647354E+02, 0.11253330E+01
 0.21727873E+02, 0.11253330E+01
 0.21808392E+02, 0.11253330E+01
 0.21888911E+02, 0.11253330E+01
 0.21969431E+02, 0.11253330E+01
 0.22049951E+02, 0.11253330E+01
 0.22130471E+02, 0.11253330E+01
 0.22210992E+02, 0.11253330E+01
 0.22291512E+02, 0.11253330E+01
 0.22372033E+02, 0.11253330E+01
 0.22452555E+02, 0.11253330E+01
 0.22533076E+02, 0.11253330E+01
 0.22613598E+02, 0.11253330E+01
 0.22694120E+02, 0.11253330E+01
 0.22774642E+02, 0.11253330E+01
 0.22855164E+02, 0.11253330E+01
 0.22935686E+02, 0.11253330E+01
 0.23016208E+02, 0.11253330E+01
 0.23096730E+02, 0.11253330E+01
 0.23177245E+02, 0.11253330E+01
 0.23263916E+02, 0.11253330E+01
 0.23357127E+02, 0.11253330E+01
 0.23457269E+02, 0.11253330E+01
 0.23564742E+02, 0.11253330E+01
 0.23679948E+02, 0.11253330E+01
 0.23803290E+02, 0.11253330E+01
 0.23935168E+02, 0.11253330E+01
 0.24075970E+02, 0.11253330E+01
 0.24226073E+02, 0.11253330E+01
 0.24385831E+02, 0.11253330E+01
 0.24555573E+02, 0.11253330E+01
 0.24735591E+02, 0.11253330E+01
 0.24926137E+02, 0.11253330E+01
 0.25127412E+02, 0.11253330E+01
 0.25339558E+02, 0.11253330E+01
 0.25562651E+02, 0.11253330E+01
 0.25796691E+02, 0.11253330E+01
 0.26041595E+02, 0.11253330E+01
 0.26297191E+02, 0.11253330E+01
 0.26563211E+02, 0.11253330E+01
 0.26839285E+02, 0.11253330E+01
 0.27124941E+02, 0.11253330E+01
 0.27419601E+02, 0.11253330E+01
 0.27722584E+02, 0.11253330E+01
 0.28033107E+02, 0.11253330E+01
 0.28350293E+02, 0.11253330E+01
 0.28673177E+02, 0.11253330E+01
 0.29000719E+02, 0.11253330E+01
 0.29331813E+02, 0.11253330E+01
 0.29665303E+02, 0.11253330E+01
 0.30000000E+02, 0.11253330E+01
 0.00000000E+00, 0.14150566E+01
 0.79553127E-01, 0.14150566E+01
 0.15911293E+00, 0.14150566E+01
 0.23867938E+00, 0.14150566E+01
 0.31825247E+00, 0.14150566E+01
 0.39783216E+00, 0.14150566E+01
 0.47741844E+00, 0.14150566E+01
 0.55701129E+00, 0.14150566E+01
 0.63661067E+00, 0.14150566E+01
 0.71621657E+00, 0.14150566E+01
 0.79582896E+00, 0.14150566E+01
 0.87544783E+00, 0.14150566E+01
 0.95507315E+00, 0.14150566E+01
 0.10347049E+01, 0.14150566E+01
 0.11143430E+01, 0.14150566E+01
 0.11939876E+01, 0.14150566E+01
 0.12736385E+01, 0.14150566E+01
 0.13532957E+01, 0.14150566E+01
 0.14329592E+01, 0.14150566E+01
 0.15126291E+01, 0.14150566E+01
 0.15923052E+01, 0.14150566E+01
 0.16719875E+01, 0.14150566E+01
 0.17516761E+01, 0.14150566E+01
 0.18313709E+01, 0.14150566E+01
 0.19110718E+01, 0.14150566E+01
 0.19907790E+01, 0.14150566E+01
 0.20704922E+01, 0.14150566E+01
 0.21502116E+01, 0.14150566E+01
 0.22299370E+01, 0.14150566E+01
 0.23096685E+01, 0.14150566E+01
 0.23894061E+01, 0.14150566E+01
 0.24691496E+01, 0.14150566E+01
 0.25488992E+01, 0.14150566E+01
 0.26286547E+01, 0.14150566E+01
 0.27084162E+01, 0.14150566E+01
 0.27881836E+01, 0.14150566E+01
 0.28679570E+01, 0.14150566E+01
 0.29477362E+01, 0.14150566E+01
 0.30275212E+01, 0.14150566E+01
 0.31073121E+01, 0.14150566E+01
 0.31871089E+01, 0.14150566E+01
 0.32669114E+01, 0.14150566E+01
 0.33467197E+01, 0.14150566E+01
 0.34265337E+01, 0.13963225E+01
 0.35063534E+01, 0.13775871E+01
 0.35861789E+01, 0.13588503E+01
 0.36660100E+01, 0.13401123E+01
 0.37458468E+01, 0.13213728E+01
 0.38256892E+01, 0.13026321E+01
 0.39055373E+01, 0.12838901E+01
 0.39853909E+01, 0.12651467E+01
 0.40652500E+01, 0.12464020E+01
 0.41451148E+01, 0.12276561E+01
 0.42249850E+01, 0.12089088E+01
 0.43048607E+01, 0.11901603E+01
 0.43847419E+01, 0.11714104E+01
 0.44646286E+01, 0.11526593E+01
 0.45445207E+01, 0.11339069E+01
 0.46244182E+01, 0.11151533E+01
 0.47043210E+01, 0.10963983E+01
 0.47842292E+01, 0.10776422E+01
 0.48641428E+01, 0.10588847E+01
 0.49440617E+01, 0.10401261E+01
 0.50239858E+01, 0.10213661E+01
 0.51039152E+01, 0.10026050E+01
 0.51838499E+01, 0.98384261E+00
 0.52637898E+01, 0.96507900E+00
 0.53437349E+01, 0.94631417E+00
 0.54236851E+01, 0.92754813E+00
 0.55036405E+01, 0.90878088E+00
 0.55836011E+01, 0.89001242E+00
 0.56635667E+01, 0.87124276E+00
 0.57435374E+01, 0.84706168E+00
 0.58235132E+01, 0.82287906E+00
 0.59034940E+01, 0.79869492E+00
 0.59834799E+01, 0.77450926E+00
 0.60634707E+01, 0.75032210E+00
 0.61434665E+01, 0.72613343E+00
 0.62234672E+01, 0.70194327E+00
 0.63034729E+01, 0.67775161E+00
 0.63834834E+01, 0.65355848E+00
 0.64634989E+01, 0.64814522E+00
 0.65435191E+01, 0.64273163E+00
 0.66235443E+01, 0.63731771E+00
 0.67035742E+01, 0.63190346E+00
 0.67836089E+01, 0.62648889E+00
 0.68636483E+01, 0.62107400E+00
 0.69436925E+01, 0.61565879E+00
 0.70237414E+01, 0.61024326E+00
 0.71037950E+01, 0.60482742E+00
 0.71838533E+01, 0.59941125E+00
 0.72639162E+01, 0.59399478E+00
 0.73439837E+01, 0.59399478E+00
 0.74240559E+01, 0.59399478E+00
 0.75041326E+01, 0.59399478E+00
 0.75842138E+01, 0.59399478E+00
 0.76642996E+01, 0.59399478E+00
 0.77443899E+01, 0.59399478E+00
 0.78244847E+01, 0.59399478E+00
 0.79045839E+01, 0.59399478E+00
 0.79846876E+01, 0.59399478E+00
 0.80647957E+01, 0.59399478E+00
 0.81449081E+01, 0.59399478E+00
 0.82250250E+01, 0.59399478E+00
 0.83051462E+01, 0.59399478E+00
 0.83852717E+01, 0.59399478E+00
 0.84654015E+01, 0.59399478E+00
 0.85455356E+01, 0.59399478E+00
 0.86256739E+01, 0.59399478E+00
 0.87058164E+01, 0.59399478E+00
 0.87859632E+01, 0.59399478E+00
 0.88661141E+01, 0.59399478E+00
 0.89462692E+01, 0.59399478E+00
 0.90264285E+01, 0.59399478E+00
 0.91065918E+01, 0.59399478E+00
 0.91867593E+01, 0.59399478E+00
 0.92669308E+01, 0.59399478E+00
 0.93471063E+01, 0.59399478E+00
 0.94272859E+01, 0.59399478E+00
 0.95074694E+01, 0.59399478E+00
 0.95876569E+01, 0.59399478E+00
 0.96678484E+01, 0.59399478E+00
 0.97480438E+01, 0.59399478E+00
 0.98282431E+01, 0.59399478E+00
 0.99084463E+01, 0.59399478E+00
 0.99886534E+01, 0.59399478E+00
 0.10068864E+02, 0.59399478E+00
 0.10149079E+02, 0.59399478E+00
 0.10229297E+02, 0.59399478E+00
 0.10309520E+02, 0.59399478E+00
 0.10389746E+02, 0.59399478E+00
 0.10469975E+02, 0.59399478E+00
 0.10550209E+02, 0.59399478E+00
 0.10630446E+02, 0.59399478E+00
 0.10710686E+02, 0.59399478E+00
 0.10790931E+02, 0.59399478E+00
 0.10871179E+02, 0.59399478E+00
 0.10951430E+02, 0.59399478E+00
 0.11031685E+02, 0.59399478E+00
 0.11111944E+02, 0.59399478E+00
 0.11192206E+02, 0.59399478E+00
 0.11272471E+02, 0.59399478E+00
 0.11352740E+02, 0.59399478E+00
 0.11433013E+02, 0.59399478E+00
 0.11513289E+02, 0.59399478E+00
 0.11593568E+02, 0.59399478E+00
 0.11673851E+02, 0.59399478E+00
 0.11754137E+02, 0.59986660E+00
 0.11834426E+02, 0.60573867E+00
 0.11914719E+02, 0.61161098E+00
 0.11995015E+02, 0.61748353E+00
 0.12075314E+02, 0.62335632E+00
 0.12155616E+02, 0.62922934E+00
 0.12235922E+02, 0.63510259E+00
 0.12316230E+02, 0.64097608E+00
 0.12396542E+02, 0.64684980E+00
 0.12476857E+02, 0.65272375E+00
 0.12557175E+02, 0.65859793E+00
 0.12637497E+02, 0.66447233E+00
 0.12717821E+02, 0.67034696E+00
 0.12798148E+02, 0.67622181E+00
 0.12878478E+02, 0.68209688E+00
 0.12958812E+02, 0.68797216E+00
 0.13039148E+02, 0.69384767E+00
 0.13119487E+02, 0.69972339E+00
 0.13199829E+02, 0.70559932E+00
 0.13280175E+02, 0.71147547E+00
 0.13360522E+02, 0.71735183E+00
 0.13440873E+02, 0.72322839E+00
 0.13521227E+02, 0.72910516E+00
 0.13601583E+02, 0.73498214E+00
 0.13681943E+02, 0.74085932E+00
 0.13762304E+02, 0.74673670E+00
 0.13842669E+02, 0.75261429E+00
 0.13923037E+02, 0.75849207E+00
 0.14003407E+02, 0.76437004E+00
 0.14083779E+02, 0.77024822E+00
 0.14164155E+02, 0.77612658E+00
 0.14244533E+02, 0.78200514E+00
 0.14324913E+02, 0.78788388E+00
 0.14405297E+02, 0.79376282E+00
 0.14485682E+02, 0.79964194E+00
 0.14566071E+02, 0.80552124E+00
 0.14646461E+02, 0.81140073E+00
 0.14726855E+02, 0.81728040E+00
 0.14807250E+02, 0.82316025E+00
 0.14887648E+02, 0.82904028E+00
 0.14968049E+02, 0.83492048E+00
 0.15048452E+02, 0.84080086E+00
 0.15128857E+02, 0.84668140E+00
 0.15209265E+02, 0.85256212E+00
 0.15289675E+02, 0.85844301E+00
 0.15370087E+02, 0.86432407E+00
 0.15450501E+02, 0.87020529E+00
 0.15530918E+02, 0.87608668E+00
 0.15611337E+02, 0.88196823E+00
 0.15691758E+02, 0.88784993E+00
 0.15772181E+02, 0.89373180E+00
 0.15852607E+02, 0.89961383E+00
 0.15933034E+02, 0.90549601E+00
 0.16013464E+02, 0.91137834E+00
 0.16093896E+02, 0.91726082E+00
 0.16174329E+02, 0.92314346E+00
 0.16254765E+02, 0.92902624E+00
 0.16335203E+02, 0.93490917E+00
 0.16415643E+02, 0.94079225E+00
 0.16496085E+02, 0.94667547E+00
 0.16576528E+02, 0.95255883E+00
 0.16656974E+02, 0.95844233E+00
 0.16737421E+02, 0.96432597E+00
 0.16817871E+02, 0.97020974E+00
 0.16898322E+02, 0.97609365E+00
 0.16978775E+02, 0.98197770E+00
 0.17059230E+02, 0.98786187E+00
 0.17139686E+02, 0.99374617E+00
 0.17220145E+02, 0.99963060E+00
 0.17300605E+02, 0.10055152E+01
 0.17381067E+02, 0.10113998E+01
 0.17461530E+02, 0.10172846E+01
 0.17541995E+02, 0.10231696E+01
 0.17622462E+02, 0.10290546E+01
 0.17702930E+02, 0.10349398E+01
 0.17783400E+02, 0.10408251E+01
 0.17863872E+02, 0.10467104E+01
 0.17944345E+02, 0.10525959E+01
 0.18024819E+02, 0.10584816E+01
 0.18105295E+02, 0.10643673E+01
 0.18185773E+02, 0.10702531E+01
 0.18266252E+02, 0.10761391E+01
 0.18346732E+02, 0.10820251E+01
 0.18427214E+02, 0.10879112E+01
 0.18507697E+02, 0.10937975E+01
 0.18588181E+02, 0.10996838E+01
 0.18668667E+02, 0.11055703E+01
 0.18749154E+02, 0.11114568E+01
 0.18829642E+02, 0.11173434E+01
 0.18910132E+02, 0.11232301E+01
 0.18990623E+02, 0.11291169E+01
 0.19071115E+02, 0.11350038E+01
 0.19151608E+02, 0.11408908E+01
 0.19232102E+02, 0.11467779E+01
 0.19312598E+02, 0.11526650E+01
 0.19393094E+02, 0.11585522E+01
 0.19473592E+02, 0.11644396E+01
 0.19554091E+02, 0.11703269E+01
 0.19634591E+02, 0.11762144E+01
 0.19715091E+02, 0.11821019E+01
 0.19795593E+02, 0.11879896E+01
 0.19876096E+02, 0.11879896E+01
 0.19956600E+02, 0.11879896E+01
 0.20037104E+02, 0.11879896E+01
 0.20117610E+02, 0.11879896E+01
 0.20198116E+02, 0.11879896E+01
 0.20278624E+02, 0.11879896E+01
 0.20359132E+02, 0.11879896E+01
 0.20439640E+02, 0.11879896E+01
 0.20520150E+02, 0.11879896E+01
 0.20600661E+02, 0.11879896E+01
 0.20681172E+02, 0.11879896E+01
 0.20761684E+02, 0.11879896E+01
 0.20842196E+02, 0.11879896E+01
 0.20922709E+02, 0.11879896E+01
 0.21003223E+02, 0.11879896E+01
 0.21083738E+02, 0.11879896E+01
 0.21164253E+02, 0.11879896E+01
 0.21244768E+02, 0.11879896E+01
 0.21325285E+02, 0.11879896E+01
 0.21405801E+02, 0.11879896E+01
 0.21486318E+02, 0.11879896E+01
 0.21566836E+02, 0.11879896E+01
 0.21647354E+02, 0.11879896E+01
 0.21727873E+02, 0.11879896E+01
 0.21808392E+02, 0.11879896E+01
 0.21888911E+02, 0.11879896E+01
 0.21969431E+02, 0.11879896E+01
 0.22049951E+02, 0.11879896E+01
 0.22130471E+02, 0.11879896E+01
 0.22210992E+02, 0.11879896E+01
 0.22291512E+02, 0.11879896E+01
 0.22372033E+02, 0.11879896E+01
 0.22452555E+02, 0.11879896E+01
 0.22533076E+02, 0.11879896E+01
 0.22613598E+02, 0.11879896E+01
 0.22694120E+02, 0.11879896E+01
 0.22774642E+02, 0.11879896E+01
 0.22855164E+02, 0.11879896E+01
 0.22935686E+02, 0.11879896E+01
 0.23016208E+02, 0.11879896E+01
 0.23096730E+02, 0.11879896E+01
 0.23177245E+02, 0.11879896E+01
 0.23263916E+02, 0.11879896E+01
 0.23357127E+02, 0.11879896E+01
 0.23457269E+02, 0.11879896E+01
 0.23564742E+02, 0.11879896E+01
 0.23679948E+02, 0.11879896E+01
 0.23803290E+02, 0.11879896E+01
 0.23935168E+02, 0.11879896E+01
 0.24075970E+02, 0.11879896E+01
 0.24226073E+02, 0.11879896E+01
 0.24385831E+02, 0.11879896E+01
 0.24555573E+02, 0.11879896E+01
 0.24735591E+02, 0.11879896E+01
 0.24926137E+02, 0.11879896E+01
 0.25127412E+02, 0.11879896E+01
 0.25339558E+02, 0.11879896E+01
 0.25562651E+02, 0.11879896E+01
 0.25796691E+02, 0.11879896E+01
 0.26041595E+02, 0.11879896E+01
 0.26297191E+02, 0.11879896E+01
 0.26563211E+02, 0.11879896E+01
 0.26839285E+02, 0.11879896E+01
 0.27124941E+02, 0.11879896E+01
 0.27419601E+02, 0.11879896E+01
 0.27722584E+02, 0.11879896E+01
 0.28033107E+02, 0.11879896E+01
 0.28350293E+02, 0.11879896E+01
 0.28673177E+02, 0.11879896E+01
 0.29000719E+02, 0.11879896E+01
 0.29331813E+02, 0.11879896E+01
 0.29665303E+02, 0.11879896E+01
 0.30000000E+02, 0.11879896E+01
 0.00000000E+00, 0.14756130E+01
 0.79553127E-01, 0.14756130E+01
 0.15911293E+00, 0.14756130E+01
 0.23867938E+00, 0.14756130E+01
 0.31825247E+00, 0.14756130E+01
 0.39783216E+00, 0.14756130E+01
 0.47741844E+00, 0.14756130E+01
 0.55701129E+00, 0.14756130E+01
 0.63661067E+00, 0.14756130E+01
 0.71621657E+00, 0.14756130E+01
 0.79582896E+00, 0.14756130E+01
 0.87544783E+00, 0.14756130E+01
 0.95507315E+00, 0.14756130E+01
 0.10347049E+01, 0.14756130E+01
 0.11143430E+01, 0.14756130E+01
 0.11939876E+01, 0.14756130E+01
 0.12736385E+01, 0.14756130E+01
 0.13532957E+01, 0.14756130E+01
 0.14329592E+01, 0.14756130E+01
 0.15126291E+01, 0.14756130E+01
 0.15923052E+01, 0.14756130E+01
 0.16719875E+01, 0.14756130E+01
 0.17516761E+01, 0.14756130E+01
 0.18313709E+01, 0.14756130E+01
 0.19110718E+01, 0.14756130E+01
 0.19907790E+01, 0.14756130E+01
 0.20704922E+01, 0.14756130E+01
 0.21502116E+01, 0.14756130E+01
 0.22299370E+01, 0.14756130E+01
 0.23096685E+01, 0.14756130E+01
 0.23894061E+01, 0.14756130E+01
 0.24691496E+01, 0.14756130E+01
 0.25488992E+01, 0.14756130E+01
 0.26286547E+01, 0.14756130E+01
 0.27084162E+01, 0.14756130E+01
 0.27881836E+01, 0.14756130E+01
 0.28679570E+01, 0.14756130E+01
 0.29477362E+01, 0.14756130E+01
 0.30275212E+01, 0.14756130E+01
 0.31073121E+01, 0.14756130E+01
 0.31871089E+01, 0.14756130E+01
 0.32669114E+01, 0.14756130E+01
 0.33467197E+01, 0.14756130E+01
 0.34265337E+01, 0.14558911E+01
 0.35063534E+01, 0.14361677E+01
 0.35861789E+01, 0.14164430E+01
 0.36660100E+01, 0.13967168E+01
 0.37458468E+01, 0.13769892E+01
 0.38256892E+01, 0.13572603E+01
 0.39055373E+01, 0.13375299E+01
 0.39853909E+01, 0.13177982E+01
 0.40652500E+01, 0.12980651E+01
 0.41451148E+01, 0.12783306E+01
 0.42249850E+01, 0.12585948E+01
 0.43048607E+01, 0.12388576E+01
 0.43847419E+01, 0.12191190E+01
 0.44646286E+01, 0.11993792E+01
 0.45445207E+01, 0.11796379E+01
 0.46244182E+01, 0.11598954E+01
 0.47043210E+01, 0.11401515E+01
 0.47842292E+01, 0.11204062E+01
 0.48641428E+01, 0.11006597E+01
 0.49440617E+01, 0.10809118E+01
 0.50239858E+01, 0.10611627E+01
 0.51039152E+01, 0.10414122E+01
 0.51838499E+01, 0.10216605E+01
 0.52637898E+01, 0.10019074E+01
 0.53437349E+01, 0.98215309E+00
 0.54236851E+01, 0.96239749E+00
 0.55036405E+01, 0.94264061E+00
 0.55836011E+01, 0.92288246E+00
 0.56635667E+01, 0.90312305E+00
 0.57435374E+01, 0.87836953E+00
 0.58235132E+01, 0.85361445E+00
 0.59034940E+01, 0.82885780E+00
 0.59834799E+01, 0.80409961E+00
 0.60634707E+01, 0.77933987E+00
 0.61434665E+01, 0.75457859E+00
 0.62234672E+01, 0.72981578E+00
 0.63034729E+01, 0.70505145E+00
 0.63834834E+01, 0.68028560E+00
 0.64634989E+01, 0.67528996E+00
 0.65435191E+01, 0.67029401E+00
 0.66235443E+01, 0.66529776E+00
 0.67035742E+01, 0.66030121E+00
 0.67836089E+01, 0.65530437E+00
 0.68636483E+01, 0.65030722E+00
 0.69436925E+01, 0.64530978E+00
 0.70237414E+01, 0.64031205E+00
 0.71037950E+01, 0.63531402E+00
 0.71838533E+01, 0.63031570E+00
 0.72639162E+01, 0.62531709E+00
 0.73439837E+01, 0.62531709E+00
 0.74240559E+01, 0.62531709E+00
 0.75041326E+01, 0.62531709E+00
 0.75842138E+01, 0.62531709E+00
 0.76642996E+01, 0.62531709E+00
 0.77443899E+01, 0.62531709E+00
 0.78244847E+01, 0.62531709E+00
 0.79045839E+01, 0.62531709E+00
 0.79846876E+01, 0.62531709E+00
 0.80647957E+01, 0.62531709E+00
 0.81449081E+01, 0.62531709E+00
 0.82250250E+01, 0.62531709E+00
 0.83051462E+01, 0.62531709E+00
 0.83852717E+01, 0.62531709E+00
 0.84654015E+01, 0.62531709E+00
 0.85455356E+01, 0.62531709E+00
 0.86256739E+01, 0.62531709E+00
 0.87058164E+01, 0.62531709E+00
 0.87859632E+01, 0.62531709E+00
 0.88661141E+01, 0.62531709E+00
 0.89462692E+01, 0.62531709E+00
 0.90264285E+01, 0.62531709E+00
 0.91065918E+01, 0.62531709E+00
 0.91867593E+01, 0.62531709E+00
 0.92669308E+01, 0.62531709E+00
 0.93471063E+01, 0.62531709E+00
 0.94272859E+01, 0.62531709E+00
 0.95074694E+01, 0.62531709E+00
 0.95876569E+01, 0.62531709E+00
 0.96678484E+01, 0.62531709E+00
 0.97480438E+01, 0.62531709E+00
 0.98282431E+01, 0.62531709E+00
 0.99084463E+01, 0.62531709E+00
 0.99886534E+01, 0.62531709E+00
 0.10068864E+02, 0.62531709E+00
 0.10149079E+02, 0.62531709E+00
 0.10229297E+02, 0.62531709E+00
 0.10309520E+02, 0.62531709E+00
 0.10389746E+02, 0.62531709E+00
 0.10469975E+02, 0.62531709E+00
 0.10550209E+02, 0.62531709E+00
 0.10630446E+02, 0.62531709E+00
 0.10710686E+02, 0.62531709E+00
 0.10790931E+02, 0.62531709E+00
 0.10871179E+02, 0.62531709E+00
 0.10951430E+02, 0.62531709E+00
 0.11031685E+02, 0.62531709E+00
 0.11111944E+02, 0.62531709E+00
 0.11192206E+02, 0.62531709E+00
 0.11272471E+02, 0.62531709E+00
 0.11352740E+02, 0.62531709E+00
 0.11433013E+02, 0.62531709E+00
 0.11513289E+02, 0.62531709E+00
 0.11593568E+02, 0.62531709E+00
 0.11673851E+02, 0.62531709E+00
 0.11754137E+02, 0.63149855E+00
 0.11834426E+02, 0.63768026E+00
 0.11914719E+02, 0.64386223E+00
 0.11995015E+02, 0.65004444E+00
 0.12075314E+02, 0.65622691E+00
 0.12155616E+02, 0.66240963E+00
 0.12235922E+02, 0.66859259E+00
 0.12316230E+02, 0.67477580E+00
 0.12396542E+02, 0.68095925E+00
 0.12476857E+02, 0.68714294E+00
 0.12557175E+02, 0.69332687E+00
 0.12637497E+02, 0.69951104E+00
 0.12717821E+02, 0.70569545E+00
 0.12798148E+02, 0.71188009E+00
 0.12878478E+02, 0.71806496E+00
 0.12958812E+02, 0.72425006E+00
 0.13039148E+02, 0.73043539E+00
 0.13119487E+02, 0.73662095E+00
 0.13199829E+02, 0.74280673E+00
 0.13280175E+02, 0.74899273E+00
 0.13360522E+02, 0.75517896E+00
 0.13440873E+02, 0.76136541E+00
 0.13521227E+02, 0.76755207E+00
 0.13601583E+02, 0.77373895E+00
 0.13681943E+02, 0.77992604E+00
 0.13762304E+02, 0.78611335E+00
 0.13842669E+02, 0.79230087E+00
 0.13923037E+02, 0.79848859E+00
 0.14003407E+02, 0.80467653E+00
 0.14083779E+02, 0.81086466E+00
 0.14164155E+02, 0.81705300E+00
 0.14244533E+02, 0.82324155E+00
 0.14324913E+02, 0.82943029E+00
 0.14405297E+02, 0.83561923E+00
 0.14485682E+02, 0.84180837E+00
 0.14566071E+02, 0.84799770E+00
 0.14646461E+02, 0.85418722E+00
 0.14726855E+02, 0.86037693E+00
 0.14807250E+02, 0.86656683E+00
 0.14887648E+02, 0.87275692E+00
 0.14968049E+02, 0.87894720E+00
 0.15048452E+02, 0.88513766E+00
 0.15128857E+02, 0.89132830E+00
 0.15209265E+02, 0.89751912E+00
 0.15289675E+02, 0.90371012E+00
 0.15370087E+02, 0.90990129E+00
 0.15450501E+02, 0.91609264E+00
 0.15530918E+02, 0.92228416E+00
 0.15611337E+02, 0.92847585E+00
 0.15691758E+02, 0.93466771E+00
 0.15772181E+02, 0.94085974E+00
 0.15852607E+02, 0.94705193E+00
 0.15933034E+02, 0.95324429E+00
 0.16013464E+02, 0.95943681E+00
 0.16093896E+02, 0.96562949E+00
 0.16174329E+02, 0.97182232E+00
 0.16254765E+02, 0.97801532E+00
 0.16335203E+02, 0.98420846E+00
 0.16415643E+02, 0.99040176E+00
 0.16496085E+02, 0.99659521E+00
 0.16576528E+02, 0.10027888E+01
 0.16656974E+02, 0.10089826E+01
 0.16737421E+02, 0.10151765E+01
 0.16817871E+02, 0.10213705E+01
 0.16898322E+02, 0.10275647E+01
 0.16978775E+02, 0.10337590E+01
 0.17059230E+02, 0.10399534E+01
 0.17139686E+02, 0.10461480E+01
 0.17220145E+02, 0.10523428E+01
 0.17300605E+02, 0.10585376E+01
 0.17381067E+02, 0.10647326E+01
 0.17461530E+02, 0.10709277E+01
 0.17541995E+02, 0.10771230E+01
 0.17622462E+02, 0.10833183E+01
 0.17702930E+02, 0.10895138E+01
 0.17783400E+02, 0.10957095E+01
 0.17863872E+02, 0.11019052E+01
 0.17944345E+02, 0.11081011E+01
 0.18024819E+02, 0.11142970E+01
 0.18105295E+02, 0.11204931E+01
 0.18185773E+02, 0.11266893E+01
 0.18266252E+02, 0.11328856E+01
 0.18346732E+02, 0.11390820E+01
 0.18427214E+02, 0.11452786E+01
 0.18507697E+02, 0.11514752E+01
 0.18588181E+02, 0.11576719E+01
 0.18668667E+02, 0.11638688E+01
 0.18749154E+02, 0.11700657E+01
 0.18829642E+02, 0.11762627E+01
 0.18910132E+02, 0.11824599E+01
 0.18990623E+02, 0.11886571E+01
 0.19071115E+02, 0.11948544E+01
 0.19151608E+02, 0.12010518E+01
 0.19232102E+02, 0.12072493E+01
 0.19312598E+02, 0.12134469E+01
 0.19393094E+02, 0.12196446E+01
 0.19473592E+02, 0.12258424E+01
 0.19554091E+02, 0.12320402E+01
 0.19634591E+02, 0.12382381E+01
 0.19715091E+02, 0.12444361E+01
 0.19795593E+02, 0.12506342E+01
 0.19876096E+02, 0.12506342E+01
 0.19956600E+02, 0.12506342E+01
 0.20037104E+02, 0.12506342E+01
 0.20117610E+02, 0.12506342E+01
 0.20198116E+02, 0.12506342E+01
 0.20278624E+02, 0.12506342E+01
 0.20359132E+02, 0.12506342E+01
 0.20439640E+02, 0.12506342E+01
 0.20520150E+02, 0.12506342E+01
 0.20600661E+02, 0.12506342E+01
 0.20681172E+02, 0.12506342E+01
 0.20761684E+02, 0.12506342E+01
 0.20842196E+02, 0.12506342E+01
 0.20922709E+02, 0.12506342E+01
 0.21003223E+02, 0.12506342E+01
 0.21083738E+02, 0.12506342E+01
 0.21164253E+02, 0.12506342E+01
 0.21244768E+02, 0.12506342E+01
 0.21325285E+02, 0.12506342E+01
 0.21405801E+02, 0.12506342E+01
 0.21486318E+02, 0.12506342E+01
 0.21566836E+02, 0.12506342E+01
 0.21647354E+02, 0.12506342E+01
 0.21727873E+02, 0.12506342E+01
 0.21808392E+02, 0.12506342E+01
 0.21888911E+02, 0.12506342E+01
 0.21969431E+02, 0.12506342E+01
 0.22049951E+02, 0.12506342E+01
 0.22130471E+02, 0.12506342E+01
 0.22210992E+02, 0.12506342E+01
 0.22291512E+02, 0.12506342E+01
 0.22372033E+02, 0.12506342E+01
 0.22452555E+02, 0.12506342E+01
 0.22533076E+02, 0.12506342E+01
 0.22613598E+02, 0.12506342E+01
 0.22694120E+02, 0.12506342E+01
 0.22774642E+02, 0.12506342E+01
 0.22855164E+02, 0.12506342E+01
 0.22935686E+02, 0.12506342E+01
 0.23016208E+02, 0.12506342E+01
 0.23096730E+02, 0.12506342E+01
 0.23177245E+02, 0.12506342E+01
 0.23263916E+02, 0.12506342E+01
 0.23357127E+02, 0.12506342E+01
 0.23457269E+02, 0.12506342E+01
 0.23564742E+02, 0.12506342E+01
 0.23679948E+02, 0.12506342E+01
 0.23803290E+02, 0.12506342E+01
 0.23935168E+02, 0.12506342E+01
 0.24075970E+02, 0.12506342E+01
 0.24226073E+02, 0.12506342E+01
 0.24385831E+02, 0.12506342E+01
 0.24555573E+02, 0.12506342E+01
 0.24735591E+02, 0.12506342E+01
 0.24926137E+02, 0.12506342E+01
 0.25127412E+02, 0.12506342E+01
 0.25339558E+02, 0.12506342E+01
 0.25562651E+02, 0.12506342E+01
 0.25796691E+02, 0.12506342E+01
 0.26041595E+02, 0.12506342E+01
 0.26297191E+02, 0.12506342E+01
 0.26563211E+02, 0.12506342E+01
 0.26839285E+02, 0.12506342E+01
 0.27124941E+02, 0.12506342E+01
 0.27419601E+02, 0.12506342E+01
 0.27722584E+02, 0.12506342E+01
 0.28033107E+02, 0.12506342E+01
 0.28350293E+02, 0.12506342E+01
 0.28673177E+02, 0.12506342E+01
 0.29000719E+02, 0.12506342E+01
 0.29331813E+02, 0.12506342E+01
 0.29665303E+02, 0.12506342E+01
 0.30000000E+02, 0.12506342E+01
 0.00000000E+00, 0.15361541E+01
 0.79553127E-01, 0.15361541E+01
 0.15911293E+00, 0.15361541E+01
 0.23867938E+00, 0.15361541E+01
 0.31825247E+00, 0.15361541E+01
 0.39783216E+00, 0.15361541E+01
 0.47741844E+00, 0.15361541E+01
 0.55701129E+00, 0.15361541E+01
 0.63661067E+00, 0.15361541E+01
 0.71621657E+00, 0.15361541E+01
 0.79582896E+00, 0.15361541E+01
 0.87544783E+00, 0.15361541E+01
 0.95507315E+00, 0.15361541E+01
 0.10347049E+01, 0.15361541E+01
 0.11143430E+01, 0.15361541E+01
 0.11939876E+01, 0.15361541E+01
 0.12736385E+01, 0.15361541E+01
 0.13532957E+01, 0.15361541E+01
 0.14329592E+01, 0.15361541E+01
 0.15126291E+01, 0.15361541E+01
 0.15923052E+01, 0.15361541E+01
 0.16719875E+01, 0.15361541E+01
 0.17516761E+01, 0.15361541E+01
 0.18313709E+01, 0.15361541E+01
 0.19110718E+01, 0.15361541E+01
 0.19907790E+01, 0.15361541E+01
 0.20704922E+01, 0.15361541E+01
 0.21502116E+01, 0.15361541E+01
 0.22299370E+01, 0.15361541E+01
 0.23096685E+01, 0.15361541E+01
 0.23894061E+01, 0.15361541E+01
 0.24691496E+01, 0.15361541E+01
 0.25488992E+01, 0.15361541E+01
 0.26286547E+01, 0.15361541E+01
 0.27084162E+01, 0.15361541E+01
 0.27881836E+01, 0.15361541E+01
 0.28679570E+01, 0.15361541E+01
 0.29477362E+01, 0.15361541E+01
 0.30275212E+01, 0.15361541E+01
 0.31073121E+01, 0.15361541E+01
 0.31871089E+01, 0.15361541E+01
 0.32669114E+01, 0.15361541E+01
 0.33467197E+01, 0.15361541E+01
 0.34265337E+01, 0.15154446E+01
 0.35063534E+01, 0.14947335E+01
 0.35861789E+01, 0.14740210E+01
 0.36660100E+01, 0.14533070E+01
 0.37458468E+01, 0.14325915E+01
 0.38256892E+01, 0.14118746E+01
 0.39055373E+01, 0.13911562E+01
 0.39853909E+01, 0.13704363E+01
 0.40652500E+01, 0.13497150E+01
 0.41451148E+01, 0.13289923E+01
 0.42249850E+01, 0.13082681E+01
 0.43048607E+01, 0.12875426E+01
 0.43847419E+01, 0.12668156E+01
 0.44646286E+01, 0.12460871E+01
 0.45445207E+01, 0.12253573E+01
 0.46244182E+01, 0.12046261E+01
 0.47043210E+01, 0.11838935E+01
 0.47842292E+01, 0.11631594E+01
 0.48641428E+01, 0.11424240E+01
 0.49440617E+01, 0.11216873E+01
 0.50239858E+01, 0.11009491E+01
 0.51039152E+01, 0.10802096E+01
 0.51838499E+01, 0.10594687E+01
 0.52637898E+01, 0.10387265E+01
 0.53437349E+01, 0.10179829E+01
 0.54236851E+01, 0.99723800E+00
 0.55036405E+01, 0.97649174E+00
 0.55836011E+01, 0.95574416E+00
 0.56635667E+01, 0.93499524E+00
 0.57435374E+01, 0.90966944E+00
 0.58235132E+01, 0.88434203E+00
 0.59034940E+01, 0.85901303E+00
 0.59834799E+01, 0.83368244E+00
 0.60634707E+01, 0.80835027E+00
 0.61434665E+01, 0.78301653E+00
 0.62234672E+01, 0.75768122E+00
 0.63034729E+01, 0.73234436E+00
 0.63834834E+01, 0.70700594E+00
 0.64634989E+01, 0.70242781E+00
 0.65435191E+01, 0.69784940E+00
 0.66235443E+01, 0.69327072E+00
 0.67035742E+01, 0.68869176E+00
 0.67836089E+01, 0.68411253E+00
 0.68636483E+01, 0.67953302E+00
 0.69436925E+01, 0.67495324E+00
 0.70237414E+01, 0.67037320E+00
 0.71037950E+01, 0.66579289E+00
 0.71838533E+01, 0.66121230E+00
 0.72639162E+01, 0.65663146E+00
 0.73439837E+01, 0.65663146E+00
 0.74240559E+01, 0.65663146E+00
 0.75041326E+01, 0.65663146E+00
 0.75842138E+01, 0.65663146E+00
 0.76642996E+01, 0.65663146E+00
 0.77443899E+01, 0.65663146E+00
 0.78244847E+01, 0.65663146E+00
 0.79045839E+01, 0.65663146E+00
 0.79846876E+01, 0.65663146E+00
 0.80647957E+01, 0.65663146E+00
 0.81449081E+01, 0.65663146E+00
 0.82250250E+01, 0.65663146E+00
 0.83051462E+01, 0.65663146E+00
 0.83852717E+01, 0.65663146E+00
 0.84654015E+01, 0.65663146E+00
 0.85455356E+01, 0.65663146E+00
 0.86256739E+01, 0.65663146E+00
 0.87058164E+01, 0.65663146E+00
 0.87859632E+01, 0.65663146E+00
 0.88661141E+01, 0.65663146E+00
 0.89462692E+01, 0.65663146E+00
 0.90264285E+01, 0.65663146E+00
 0.91065918E+01, 0.65663146E+00
 0.91867593E+01, 0.65663146E+00
 0.92669308E+01, 0.65663146E+00
 0.93471063E+01, 0.65663146E+00
 0.94272859E+01, 0.65663146E+00
 0.95074694E+01, 0.65663146E+00
 0.95876569E+01, 0.65663146E+00
 0.96678484E+01, 0.65663146E+00
 0.97480438E+01, 0.65663146E+00
 0.98282431E+01, 0.65663146E+00
 0.99084463E+01, 0.65663146E+00
 0.99886534E+01, 0.65663146E+00
 0.10068864E+02, 0.65663146E+00
 0.10149079E+02, 0.65663146E+00
 0.10229297E+02, 0.65663146E+00
 0.10309520E+02, 0.65663146E+00
 0.10389746E+02, 0.65663146E+00
 0.10469975E+02, 0.65663146E+00
 0.10550209E+02, 0.65663146E+00
 0.10630446E+02, 0.65663146E+00
 0.10710686E+02, 0.65663146E+00
 0.10790931E+02, 0.65663146E+00
 0.10871179E+02, 0.65663146E+00
 0.10951430E+02, 0.65663146E+00
 0.11031685E+02, 0.65663146E+00
 0.11111944E+02, 0.65663146E+00
 0.11192206E+02, 0.65663146E+00
 0.11272471E+02, 0.65663146E+00
 0.11352740E+02, 0.65663146E+00
 0.11433013E+02, 0.65663146E+00
 0.11513289E+02, 0.65663146E+00
 0.11593568E+02, 0.65663146E+00
 0.11673851E+02, 0.65663146E+00
 0.11754137E+02, 0.66312247E+00
 0.11834426E+02, 0.66961374E+00
 0.11914719E+02, 0.67610529E+00
 0.11995015E+02, 0.68259710E+00
 0.12075314E+02, 0.68908917E+00
 0.12155616E+02, 0.69558150E+00
 0.12235922E+02, 0.70207409E+00
 0.12316230E+02, 0.70856694E+00
 0.12396542E+02, 0.71506004E+00
 0.12476857E+02, 0.72155340E+00
 0.12557175E+02, 0.72804700E+00
 0.12637497E+02, 0.73454086E+00
 0.12717821E+02, 0.74103497E+00
 0.12798148E+02, 0.74752932E+00
 0.12878478E+02, 0.75402391E+00
 0.12958812E+02, 0.76051875E+00
 0.13039148E+02, 0.76701383E+00
 0.13119487E+02, 0.77350914E+00
 0.13199829E+02, 0.78000469E+00
 0.13280175E+02, 0.78650048E+00
 0.13360522E+02, 0.79299649E+00
 0.13440873E+02, 0.79949274E+00
 0.13521227E+02, 0.80598922E+00
 0.13601583E+02, 0.81248592E+00
 0.13681943E+02, 0.81898285E+00
 0.13762304E+02, 0.82548000E+00
 0.13842669E+02, 0.83197738E+00
 0.13923037E+02, 0.83847497E+00
 0.14003407E+02, 0.84497278E+00
 0.14083779E+02, 0.85147080E+00
 0.14164155E+02, 0.85796904E+00
 0.14244533E+02, 0.86446749E+00
 0.14324913E+02, 0.87096615E+00
 0.14405297E+02, 0.87746502E+00
 0.14485682E+02, 0.88396409E+00
 0.14566071E+02, 0.89046337E+00
 0.14646461E+02, 0.89696285E+00
 0.14726855E+02, 0.90346253E+00
 0.14807250E+02, 0.90996240E+00
 0.14887648E+02, 0.91646248E+00
 0.14968049E+02, 0.92296275E+00
 0.15048452E+02, 0.92946321E+00
 0.15128857E+02, 0.93596386E+00
 0.15209265E+02, 0.94246470E+00
 0.15289675E+02, 0.94896573E+00
 0.15370087E+02, 0.95546694E+00
 0.15450501E+02, 0.96196834E+00
 0.15530918E+02, 0.96846992E+00
 0.15611337E+02, 0.97497167E+00
 0.15691758E+02, 0.98147361E+00
 0.15772181E+02, 0.98797572E+00
 0.15852607E+02, 0.99447800E+00
 0.15933034E+02, 0.10009805E+01
 0.16013464E+02, 0.10074831E+01
 0.16093896E+02, 0.10139859E+01
 0.16174329E+02, 0.10204888E+01
 0.16254765E+02, 0.10269920E+01
 0.16335203E+02, 0.10334952E+01
 0.16415643E+02, 0.10399987E+01
 0.16496085E+02, 0.10465023E+01
 0.16576528E+02, 0.10530060E+01
 0.16656974E+02, 0.10595100E+01
 0.16737421E+02, 0.10660140E+01
 0.16817871E+02, 0.10725182E+01
 0.16898322E+02, 0.10790226E+01
 0.16978775E+02, 0.10855271E+01
 0.17059230E+02, 0.10920318E+01
 0.17139686E+02, 0.10985366E+01
 0.17220145E+02, 0.11050415E+01
 0.17300605E+02, 0.11115466E+01
 0.17381067E+02, 0.11180518E+01
 0.17461530E+02, 0.11245572E+01
 0.17541995E+02, 0.11310627E+01
 0.17622462E+02, 0.11375683E+01
 0.17702930E+02, 0.11440741E+01
 0.17783400E+02, 0.11505799E+01
 0.17863872E+02, 0.11570859E+01
 0.17944345E+02, 0.11635921E+01
 0.18024819E+02, 0.11700983E+01
 0.18105295E+02, 0.11766047E+01
 0.18185773E+02, 0.11831112E+01
 0.18266252E+02, 0.11896178E+01
 0.18346732E+02, 0.11961245E+01
 0.18427214E+02, 0.12026313E+01
 0.18507697E+02, 0.12091383E+01
 0.18588181E+02, 0.12156453E+01
 0.18668667E+02, 0.12221525E+01
 0.18749154E+02, 0.12286598E+01
 0.18829642E+02, 0.12351671E+01
 0.18910132E+02, 0.12416746E+01
 0.18990623E+02, 0.12481822E+01
 0.19071115E+02, 0.12546898E+01
 0.19151608E+02, 0.12611976E+01
 0.19232102E+02, 0.12677055E+01
 0.19312598E+02, 0.12742134E+01
 0.19393094E+02, 0.12807214E+01
 0.19473592E+02, 0.12872296E+01
 0.19554091E+02, 0.12937378E+01
 0.19634591E+02, 0.13002461E+01
 0.19715091E+02, 0.13067545E+01
 0.19795593E+02, 0.13132629E+01
 0.19876096E+02, 0.13132629E+01
 0.19956600E+02, 0.13132629E+01
 0.20037104E+02, 0.13132629E+01
 0.20117610E+02, 0.13132629E+01
 0.20198116E+02, 0.13132629E+01
 0.20278624E+02, 0.13132629E+01
 0.20359132E+02, 0.13132629E+01
 0.20439640E+02, 0.13132629E+01
 0.20520150E+02, 0.13132629E+01
 0.20600661E+02, 0.13132629E+01
 0.20681172E+02, 0.13132629E+01
 0.20761684E+02, 0.13132629E+01
 0.20842196E+02, 0.13132629E+01
 0.20922709E+02, 0.13132629E+01
 0.21003223E+02, 0.13132629E+01
 0.21083738E+02, 0.13132629E+01
 0.21164253E+02, 0.13132629E+01
 0.21244768E+02, 0.13132629E+01
 0.21325285E+02, 0.13132629E+01
 0.21405801E+02, 0.13132629E+01
 0.21486318E+02, 0.13132629E+01
 0.21566836E+02, 0.13132629E+01
 0.21647354E+02, 0.13132629E+01
 0.21727873E+02, 0.13132629E+01
 0.21808392E+02, 0.13132629E+01
 0.21888911E+02, 0.13132629E+01
 0.21969431E+02, 0.13132629E+01
 0.22049951E+02, 0.13132629E+01
 0.22130471E+02, 0.13132629E+01
 0.22210992E+02, 0.13132629E+01
 0.22291512E+02, 0.13132629E+01
 0.22372033E+02, 0.13132629E+01
 0.22452555E+02, 0.13132629E+01
 0.22533076E+02, 0.13132629E+01
 0.22613598E+02, 0.13132629E+01
 0.22694120E+02, 0.13132629E+01
 0.22774642E+02, 0.13132629E+01
 0.22855164E+02, 0.13132629E+01
 0.22935686E+02, 0.13132629E+01
 0.23016208E+02, 0.13132629E+01
 0.23096730E+02, 0.13132629E+01
 0.23177245E+02, 0.13132629E+01
 0.23263916E+02, 0.13132629E+01
 0.23357127E+02, 0.13132629E+01
 0.23457269E+02, 0.13132629E+01
 0.23564742E+02, 0.13132629E+01
 0.23679948E+02, 0.13132629E+01
 0.23803290E+02, 0.13132629E+01
 0.23935168E+02, 0.13132629E+01
 0.24075970E+02, 0.13132629E+01
 0.24226073E+02, 0.13132629E+01
 0.24385831E+02, 0.13132629E+01
 0.24555573E+02, 0.13132629E+01
 0.24735591E+02, 0.13132629E+01
 0.24926137E+02, 0.13132629E+01
 0.25127412E+02, 0.13132629E+01
 0.25339558E+02, 0.13132629E+01
 0.25562651E+02, 0.13132629E+01
 0.25796691E+02, 0.13132629E+01
 0.26041595E+02, 0.13132629E+01
 0.26297191E+02, 0.13132629E+01
 0.26563211E+02, 0.13132629E+01
 0.26839285E+02, 0.13132629E+01
 0.27124941E+02, 0.13132629E+01
 0.27419601E+02, 0.13132629E+01
 0.27722584E+02, 0.13132629E+01
 0.28033107E+02, 0.13132629E+01
 0.28350293E+02, 0.13132629E+01
 0.28673177E+02, 0.13132629E+01
 0.29000719E+02, 0.13132629E+01
 0.29331813E+02, 0.13132629E+01
 0.29665303E+02, 0.13132629E+01
 0.30000000E+02, 0.13132629E+01
 0.00000000E+00, 0.15966761E+01
 0.79553127E-01, 0.15966761E+01
 0.15911293E+00, 0.15966761E+01
 0.23867938E+00, 0.15966761E+01
 0.31825247E+00, 0.15966761E+01
 0.39783216E+00, 0.15966761E+01
 0.47741844E+00, 0.15966761E+01
 0.55701129E+00, 0.15966761E+01
 0.63661067E+00, 0.15966761E+01
 0.71621657E+00, 0.15966761E+01
 0.79582896E+00, 0.15966761E+01
 0.87544783E+00, 0.15966761E+01
 0.95507315E+00, 0.15966761E+01
 0.10347049E+01, 0.15966761E+01
 0.11143430E+01, 0.15966761E+01
 0.11939876E+01, 0.15966761E+01
 0.12736385E+01, 0.15966761E+01
 0.13532957E+01, 0.15966761E+01
 0.14329592E+01, 0.15966761E+01
 0.15126291E+01, 0.15966761E+01
 0.15923052E+01, 0.15966761E+01
 0.16719875E+01, 0.15966761E+01
 0.17516761E+01, 0.15966761E+01
 0.18313709E+01, 0.15966761E+01
 0.19110718E+01, 0.15966761E+01
 0.19907790E+01, 0.15966761E+01
 0.20704922E+01, 0.15966761E+01
 0.21502116E+01, 0.15966761E+01
 0.22299370E+01, 0.15966761E+01
 0.23096685E+01, 0.15966761E+01
 0.23894061E+01, 0.15966761E+01
 0.24691496E+01, 0.15966761E+01
 0.25488992E+01, 0.15966761E+01
 0.26286547E+01, 0.15966761E+01
 0.27084162E+01, 0.15966761E+01
 0.27881836E+01, 0.15966761E+01
 0.28679570E+01, 0.15966761E+01
 0.29477362E+01, 0.15966761E+01
 0.30275212E+01, 0.15966761E+01
 0.31073121E+01, 0.15966761E+01
 0.31871089E+01, 0.15966761E+01
 0.32669114E+01, 0.15966761E+01
 0.33467197E+01, 0.15966761E+01
 0.34265337E+01, 0.15749792E+01
 0.35063534E+01, 0.15532807E+01
 0.35861789E+01, 0.15315807E+01
 0.36660100E+01, 0.15098792E+01
 0.37458468E+01, 0.14881761E+01
 0.38256892E+01, 0.14664715E+01
 0.39055373E+01, 0.14447654E+01
 0.39853909E+01, 0.14230577E+01
 0.40652500E+01, 0.14013486E+01
 0.41451148E+01, 0.13796379E+01
 0.42249850E+01, 0.13579257E+01
 0.43048607E+01, 0.13362121E+01
 0.43847419E+01, 0.13144969E+01
 0.44646286E+01, 0.12927803E+01
 0.45445207E+01, 0.12710622E+01
 0.46244182E+01, 0.12493426E+01
 0.47043210E+01, 0.12276216E+01
 0.47842292E+01, 0.12058991E+01
 0.48641428E+01, 0.11841752E+01
 0.49440617E+01, 0.11624498E+01
 0.50239858E+01, 0.11407229E+01
 0.51039152E+01, 0.11189947E+01
 0.51838499E+01, 0.10972650E+01
 0.52637898E+01, 0.10755339E+01
 0.53437349E+01, 0.10538014E+01
 0.54236851E+01, 0.10320675E+01
 0.55036405E+01, 0.10103321E+01
 0.55836011E+01, 0.98859543E+00
 0.56635667E+01, 0.96685733E+00
 0.57435374E+01, 0.94095942E+00
 0.58235132E+01, 0.91505987E+00
 0.59034940E+01, 0.88915870E+00
 0.59834799E+01, 0.86325590E+00
 0.60634707E+01, 0.83735148E+00
 0.61434665E+01, 0.81144545E+00
 0.62234672E+01, 0.78553783E+00
 0.63034729E+01, 0.75962861E+00
 0.63834834E+01, 0.73371780E+00
 0.64634989E+01, 0.72955705E+00
 0.65435191E+01, 0.72539605E+00
 0.66235443E+01, 0.72123480E+00
 0.67035742E+01, 0.71707330E+00
 0.67836089E+01, 0.71291155E+00
 0.68636483E+01, 0.70874955E+00
 0.69436925E+01, 0.70458731E+00
 0.70237414E+01, 0.70042482E+00
 0.71037950E+01, 0.69626208E+00
 0.71838533E+01, 0.69209911E+00
 0.72639162E+01, 0.68793589E+00
 0.73439837E+01, 0.68793589E+00
 0.74240559E+01, 0.68793589E+00
 0.75041326E+01, 0.68793589E+00
 0.75842138E+01, 0.68793589E+00
 0.76642996E+01, 0.68793589E+00
 0.77443899E+01, 0.68793589E+00
 0.78244847E+01, 0.68793589E+00
 0.79045839E+01, 0.68793589E+00
 0.79846876E+01, 0.68793589E+00
 0.80647957E+01, 0.68793589E+00
 0.81449081E+01, 0.68793589E+00
 0.82250250E+01, 0.68793589E+00
 0.83051462E+01, 0.68793589E+00
 0.83852717E+01, 0.68793589E+00
 0.84654015E+01, 0.68793589E+00
 0.85455356E+01, 0.68793589E+00
 0.86256739E+01, 0.68793589E+00
 0.87058164E+01, 0.68793589E+00
 0.87859632E+01, 0.68793589E+00
 0.88661141E+01, 0.68793589E+00
 0.89462692E+01, 0.68793589E+00
 0.90264285E+01, 0.68793589E+00
 0.91065918E+01, 0.68793589E+00
 0.91867593E+01, 0.68793589E+00
 0.92669308E+01, 0.68793589E+00
 0.93471063E+01, 0.68793589E+00
 0.94272859E+01, 0.68793589E+00
 0.95074694E+01, 0.68793589E+00
 0.95876569E+01, 0.68793589E+00
 0.96678484E+01, 0.68793589E+00
 0.97480438E+01, 0.68793589E+00
 0.98282431E+01, 0.68793589E+00
 0.99084463E+01, 0.68793589E+00
 0.99886534E+01, 0.68793589E+00
 0.10068864E+02, 0.68793589E+00
 0.10149079E+02, 0.68793589E+00
 0.10229297E+02, 0.68793589E+00
 0.10309520E+02, 0.68793589E+00
 0.10389746E+02, 0.68793589E+00
 0.10469975E+02, 0.68793589E+00
 0.10550209E+02, 0.68793589E+00
 0.10630446E+02, 0.68793589E+00
 0.10710686E+02, 0.68793589E+00
 0.10790931E+02, 0.68793589E+00
 0.10871179E+02, 0.68793589E+00
 0.10951430E+02, 0.68793589E+00
 0.11031685E+02, 0.68793589E+00
 0.11111944E+02, 0.68793589E+00
 0.11192206E+02, 0.68793589E+00
 0.11272471E+02, 0.68793589E+00
 0.11352740E+02, 0.68793589E+00
 0.11433013E+02, 0.68793589E+00
 0.11513289E+02, 0.68793589E+00
 0.11593568E+02, 0.68793589E+00
 0.11673851E+02, 0.68793589E+00
 0.11754137E+02, 0.69473635E+00
 0.11834426E+02, 0.70153710E+00
 0.11914719E+02, 0.70833812E+00
 0.11995015E+02, 0.71513942E+00
 0.12075314E+02, 0.72194100E+00
 0.12155616E+02, 0.72874285E+00
 0.12235922E+02, 0.73554497E+00
 0.12316230E+02, 0.74234736E+00
 0.12396542E+02, 0.74915001E+00
 0.12476857E+02, 0.75595294E+00
 0.12557175E+02, 0.76275612E+00
 0.12637497E+02, 0.76955957E+00
 0.12717821E+02, 0.77636328E+00
 0.12798148E+02, 0.78316724E+00
 0.12878478E+02, 0.78997146E+00
 0.12958812E+02, 0.79677593E+00
 0.13039148E+02, 0.80358066E+00
 0.13119487E+02, 0.81038563E+00
 0.13199829E+02, 0.81719085E+00
 0.13280175E+02, 0.82399632E+00
 0.13360522E+02, 0.83080203E+00
 0.13440873E+02, 0.83760798E+00
 0.13521227E+02, 0.84441418E+00
 0.13601583E+02, 0.85122061E+00
 0.13681943E+02, 0.85802727E+00
 0.13762304E+02, 0.86483417E+00
 0.13842669E+02, 0.87164130E+00
 0.13923037E+02, 0.87844866E+00
 0.14003407E+02, 0.88525625E+00
 0.14083779E+02, 0.89206406E+00
 0.14164155E+02, 0.89887210E+00
 0.14244533E+02, 0.90568036E+00
 0.14324913E+02, 0.91248883E+00
 0.14405297E+02, 0.91929753E+00
 0.14485682E+02, 0.92610644E+00
 0.14566071E+02, 0.93291557E+00
 0.14646461E+02, 0.93972491E+00
 0.14726855E+02, 0.94653445E+00
 0.14807250E+02, 0.95334421E+00
 0.14887648E+02, 0.96015417E+00
 0.14968049E+02, 0.96696433E+00
 0.15048452E+02, 0.97377470E+00
 0.15128857E+02, 0.98058527E+00
 0.15209265E+02, 0.98739603E+00
 0.15289675E+02, 0.99420699E+00
 0.15370087E+02, 0.10010181E+01
 0.15450501E+02, 0.10078295E+01
 0.15530918E+02, 0.10146410E+01
 0.15611337E+02, 0.10214527E+01
 0.15691758E+02, 0.10282647E+01
 0.15772181E+02, 0.10350767E+01
 0.15852607E+02, 0.10418890E+01
 0.15933034E+02, 0.10487015E+01
 0.16013464E+02, 0.10555141E+01
 0.16093896E+02, 0.10623269E+01
 0.16174329E+02, 0.10691399E+01
 0.16254765E+02, 0.10759531E+01
 0.16335203E+02, 0.10827664E+01
 0.16415643E+02, 0.10895799E+01
 0.16496085E+02, 0.10963935E+01
 0.16576528E+02, 0.11032074E+01
 0.16656974E+02, 0.11100213E+01
 0.16737421E+02, 0.11168355E+01
 0.16817871E+02, 0.11236498E+01
 0.16898322E+02, 0.11304642E+01
 0.16978775E+02, 0.11372789E+01
 0.17059230E+02, 0.11440936E+01
 0.17139686E+02, 0.11509085E+01
 0.17220145E+02, 0.11577236E+01
 0.17300605E+02, 0.11645388E+01
 0.17381067E+02, 0.11713542E+01
 0.17461530E+02, 0.11781697E+01
 0.17541995E+02, 0.11849853E+01
 0.17622462E+02, 0.11918011E+01
 0.17702930E+02, 0.11986170E+01
 0.17783400E+02, 0.12054330E+01
 0.17863872E+02, 0.12122492E+01
 0.17944345E+02, 0.12190655E+01
 0.18024819E+02, 0.12258819E+01
 0.18105295E+02, 0.12326985E+01
 0.18185773E+02, 0.12395152E+01
 0.18266252E+02, 0.12463320E+01
 0.18346732E+02, 0.12531489E+01
 0.18427214E+02, 0.12599659E+01
 0.18507697E+02, 0.12667831E+01
 0.18588181E+02, 0.12736004E+01
 0.18668667E+02, 0.12804177E+01
 0.18749154E+02, 0.12872352E+01
 0.18829642E+02, 0.12940528E+01
 0.18910132E+02, 0.13008706E+01
 0.18990623E+02, 0.13076884E+01
 0.19071115E+02, 0.13145063E+01
 0.19151608E+02, 0.13213243E+01
 0.19232102E+02, 0.13281424E+01
 0.19312598E+02, 0.13349606E+01
 0.19393094E+02, 0.13417789E+01
 0.19473592E+02, 0.13485973E+01
 0.19554091E+02, 0.13554158E+01
 0.19634591E+02, 0.13622344E+01
 0.19715091E+02, 0.13690530E+01
 0.19795593E+02, 0.13758718E+01
 0.19876096E+02, 0.13758718E+01
 0.19956600E+02, 0.13758718E+01
 0.20037104E+02, 0.13758718E+01
 0.20117610E+02, 0.13758718E+01
 0.20198116E+02, 0.13758718E+01
 0.20278624E+02, 0.13758718E+01
 0.20359132E+02, 0.13758718E+01
 0.20439640E+02, 0.13758718E+01
 0.20520150E+02, 0.13758718E+01
 0.20600661E+02, 0.13758718E+01
 0.20681172E+02, 0.13758718E+01
 0.20761684E+02, 0.13758718E+01
 0.20842196E+02, 0.13758718E+01
 0.20922709E+02, 0.13758718E+01
 0.21003223E+02, 0.13758718E+01
 0.21083738E+02, 0.13758718E+01
 0.21164253E+02, 0.13758718E+01
 0.21244768E+02, 0.13758718E+01
 0.21325285E+02, 0.13758718E+01
 0.21405801E+02, 0.13758718E+01
 0.21486318E+02, 0.13758718E+01
 0.21566836E+02, 0.13758718E+01
 0.21647354E+02, 0.13758718E+01
 0.21727873E+02, 0.13758718E+01
 0.21808392E+02, 0.13758718E+01
 0.21888911E+02, 0.13758718E+01
 0.21969431E+02, 0.13758718E+01
 0.22049951E+02, 0.13758718E+01
 0.22130471E+02, 0.13758718E+01
 0.22210992E+02, 0.13758718E+01
 0.22291512E+02, 0.13758718E+01
 0.22372033E+02, 0.13758718E+01
 0.22452555E+02, 0.13758718E+01
 0.22533076E+02, 0.13758718E+01
 0.22613598E+02, 0.13758718E+01
 0.22694120E+02, 0.13758718E+01
 0.22774642E+02, 0.13758718E+01
 0.22855164E+02, 0.13758718E+01
 0.22935686E+02, 0.13758718E+01
 0.23016208E+02, 0.13758718E+01
 0.23096730E+02, 0.13758718E+01
 0.23177245E+02, 0.13758718E+01
 0.23263916E+02, 0.13758718E+01
 0.23357127E+02, 0.13758718E+01
 0.23457269E+02, 0.13758718E+01
 0.23564742E+02, 0.13758718E+01
 0.23679948E+02, 0.13758718E+01
 0.23803290E+02, 0.13758718E+01
 0.23935168E+02, 0.13758718E+01
 0.24075970E+02, 0.13758718E+01
 0.24226073E+02, 0.13758718E+01
 0.24385831E+02, 0.13758718E+01
 0.24555573E+02, 0.13758718E+01
 0.24735591E+02, 0.13758718E+01
 0.24926137E+02, 0.13758718E+01
 0.25127412E+02, 0.13758718E+01
 0.25339558E+02, 0.13758718E+01
 0.25562651E+02, 0.13758718E+01
 0.25796691E+02, 0.13758718E+01
 0.26041595E+02, 0.13758718E+01
 0.26297191E+02, 0.13758718E+01
 0.26563211E+02, 0.13758718E+01
 0.26839285E+02, 0.13758718E+01
 0.27124941E+02, 0.13758718E+01
 0.27419601E+02, 0.13758718E+01
 0.27722584E+02, 0.13758718E+01
 0.28033107E+02, 0.13758718E+01
 0.28350293E+02, 0.13758718E+01
 0.28673177E+02, 0.13758718E+01
 0.29000719E+02, 0.13758718E+01
 0.29331813E+02, 0.13758718E+01
 0.29665303E+02, 0.13758718E+01
 0.30000000E+02, 0.13758718E+01
 0.00000000E+00, 0.16571749E+01
 0.79553127E-01, 0.16571749E+01
 0.15911293E+00, 0.16571749E+01
 0.23867938E+00, 0.16571749E+01
 0.31825247E+00, 0.16571749E+01
 0.39783216E+00, 0.16571749E+01
 0.47741844E+00, 0.16571749E+01
 0.55701129E+00, 0.16571749E+01
 0.63661067E+00, 0.16571749E+01
 0.71621657E+00, 0.16571749E+01
 0.79582896E+00, 0.16571749E+01
 0.87544783E+00, 0.16571749E+01
 0.95507315E+00, 0.16571749E+01
 0.10347049E+01, 0.16571749E+01
 0.11143430E+01, 0.16571749E+01
 0.11939876E+01, 0.16571749E+01
 0.12736385E+01, 0.16571749E+01
 0.13532957E+01, 0.16571749E+01
 0.14329592E+01, 0.16571749E+01
 0.15126291E+01, 0.16571749E+01
 0.15923052E+01, 0.16571749E+01
 0.16719875E+01, 0.16571749E+01
 0.17516761E+01, 0.16571749E+01
 0.18313709E+01, 0.16571749E+01
 0.19110718E+01, 0.16571749E+01
 0.19907790E+01, 0.16571749E+01
 0.20704922E+01, 0.16571749E+01
 0.21502116E+01, 0.16571749E+01
 0.22299370E+01, 0.16571749E+01
 0.23096685E+01, 0.16571749E+01
 0.23894061E+01, 0.16571749E+01
 0.24691496E+01, 0.16571749E+01
 0.25488992E+01, 0.16571749E+01
 0.26286547E+01, 0.16571749E+01
 0.27084162E+01, 0.16571749E+01
 0.27881836E+01, 0.16571749E+01
 0.28679570E+01, 0.16571749E+01
 0.29477362E+01, 0.16571749E+01
 0.30275212E+01, 0.16571749E+01
 0.31073121E+01, 0.16571749E+01
 0.31871089E+01, 0.16571749E+01
 0.32669114E+01, 0.16571749E+01
 0.33467197E+01, 0.16571749E+01
 0.34265337E+01, 0.16344911E+01
 0.35063534E+01, 0.16118056E+01
 0.35861789E+01, 0.15891186E+01
 0.36660100E+01, 0.15664299E+01
 0.37458468E+01, 0.15437396E+01
 0.38256892E+01, 0.15210477E+01
 0.39055373E+01, 0.14983542E+01
 0.39853909E+01, 0.14756591E+01
 0.40652500E+01, 0.14529625E+01
 0.41451148E+01, 0.14302642E+01
 0.42249850E+01, 0.14075644E+01
 0.43048607E+01, 0.13848631E+01
 0.43847419E+01, 0.13621602E+01
 0.44646286E+01, 0.13394557E+01
 0.45445207E+01, 0.13167497E+01
 0.46244182E+01, 0.12940421E+01
 0.47043210E+01, 0.12713331E+01
 0.47842292E+01, 0.12486225E+01
 0.48641428E+01, 0.12259104E+01
 0.49440617E+01, 0.12031967E+01
 0.50239858E+01, 0.11804816E+01
 0.51039152E+01, 0.11577650E+01
 0.51838499E+01, 0.11350469E+01
 0.52637898E+01, 0.11123273E+01
 0.53437349E+01, 0.10896062E+01
 0.54236851E+01, 0.10668837E+01
 0.55036405E+01, 0.10441597E+01
 0.55836011E+01, 0.10214342E+01
 0.56635667E+01, 0.99870729E+00
 0.57435374E+01, 0.97223749E+00
 0.58235132E+01, 0.94576602E+00
 0.59034940E+01, 0.91929289E+00
 0.59834799E+01, 0.89281809E+00
 0.60634707E+01, 0.86634165E+00
 0.61434665E+01, 0.83986356E+00
 0.62234672E+01, 0.81338383E+00
 0.63034729E+01, 0.78690247E+00
 0.63834834E+01, 0.76041950E+00
 0.64634989E+01, 0.75667597E+00
 0.65435191E+01, 0.75293222E+00
 0.66235443E+01, 0.74918824E+00
 0.67035742E+01, 0.74544404E+00
 0.67836089E+01, 0.74169961E+00
 0.68636483E+01, 0.73795496E+00
 0.69436925E+01, 0.73421009E+00
 0.70237414E+01, 0.73046500E+00
 0.71037950E+01, 0.72671969E+00
 0.71838533E+01, 0.72297416E+00
 0.72639162E+01, 0.71922841E+00
 0.73439837E+01, 0.71922841E+00
 0.74240559E+01, 0.71922841E+00
 0.75041326E+01, 0.71922841E+00
 0.75842138E+01, 0.71922841E+00
 0.76642996E+01, 0.71922841E+00
 0.77443899E+01, 0.71922841E+00
 0.78244847E+01, 0.71922841E+00
 0.79045839E+01, 0.71922841E+00
 0.79846876E+01, 0.71922841E+00
 0.80647957E+01, 0.71922841E+00
 0.81449081E+01, 0.71922841E+00
 0.82250250E+01, 0.71922841E+00
 0.83051462E+01, 0.71922841E+00
 0.83852717E+01, 0.71922841E+00
 0.84654015E+01, 0.71922841E+00
 0.85455356E+01, 0.71922841E+00
 0.86256739E+01, 0.71922841E+00
 0.87058164E+01, 0.71922841E+00
 0.87859632E+01, 0.71922841E+00
 0.88661141E+01, 0.71922841E+00
 0.89462692E+01, 0.71922841E+00
 0.90264285E+01, 0.71922841E+00
 0.91065918E+01, 0.71922841E+00
 0.91867593E+01, 0.71922841E+00
 0.92669308E+01, 0.71922841E+00
 0.93471063E+01, 0.71922841E+00
 0.94272859E+01, 0.71922841E+00
 0.95074694E+01, 0.71922841E+00
 0.95876569E+01, 0.71922841E+00
 0.96678484E+01, 0.71922841E+00
 0.97480438E+01, 0.71922841E+00
 0.98282431E+01, 0.71922841E+00
 0.99084463E+01, 0.71922841E+00
 0.99886534E+01, 0.71922841E+00
 0.10068864E+02, 0.71922841E+00
 0.10149079E+02, 0.71922841E+00
 0.10229297E+02, 0.71922841E+00
 0.10309520E+02, 0.71922841E+00
 0.10389746E+02, 0.71922841E+00
 0.10469975E+02, 0.71922841E+00
 0.10550209E+02, 0.71922841E+00
 0.10630446E+02, 0.71922841E+00
 0.10710686E+02, 0.71922841E+00
 0.10790931E+02, 0.71922841E+00
 0.10871179E+02, 0.71922841E+00
 0.10951430E+02, 0.71922841E+00
 0.11031685E+02, 0.71922841E+00
 0.11111944E+02, 0.71922841E+00
 0.11192206E+02, 0.71922841E+00
 0.11272471E+02, 0.71922841E+00
 0.11352740E+02, 0.71922841E+00
 0.11433013E+02, 0.71922841E+00
 0.11513289E+02, 0.71922841E+00
 0.11593568E+02, 0.71922841E+00
 0.11673851E+02, 0.71922841E+00
 0.11754137E+02, 0.72633821E+00
 0.11834426E+02, 0.73344830E+00
 0.11914719E+02, 0.74055869E+00
 0.11995015E+02, 0.74766936E+00
 0.12075314E+02, 0.75478033E+00
 0.12155616E+02, 0.76189157E+00
 0.12235922E+02, 0.76900311E+00
 0.12316230E+02, 0.77611492E+00
 0.12396542E+02, 0.78322701E+00
 0.12476857E+02, 0.79033938E+00
 0.12557175E+02, 0.79745203E+00
 0.12637497E+02, 0.80456495E+00
 0.12717821E+02, 0.81167814E+00
 0.12798148E+02, 0.81879160E+00
 0.12878478E+02, 0.82590533E+00
 0.12958812E+02, 0.83301932E+00
 0.13039148E+02, 0.84013357E+00
 0.13119487E+02, 0.84724809E+00
 0.13199829E+02, 0.85436287E+00
 0.13280175E+02, 0.86147790E+00
 0.13360522E+02, 0.86859318E+00
 0.13440873E+02, 0.87570872E+00
 0.13521227E+02, 0.88282451E+00
 0.13601583E+02, 0.88994055E+00
 0.13681943E+02, 0.89705683E+00
 0.13762304E+02, 0.90417336E+00
 0.13842669E+02, 0.91129013E+00
 0.13923037E+02, 0.91840714E+00
 0.14003407E+02, 0.92552439E+00
 0.14083779E+02, 0.93264187E+00
 0.14164155E+02, 0.93975959E+00
 0.14244533E+02, 0.94687754E+00
 0.14324913E+02, 0.95399572E+00
 0.14405297E+02, 0.96111412E+00
 0.14485682E+02, 0.96823276E+00
 0.14566071E+02, 0.97535161E+00
 0.14646461E+02, 0.98247069E+00
 0.14726855E+02, 0.98958999E+00
 0.14807250E+02, 0.99670950E+00
 0.14887648E+02, 0.10038292E+01
 0.14968049E+02, 0.10109492E+01
 0.15048452E+02, 0.10180693E+01
 0.15128857E+02, 0.10251897E+01
 0.15209265E+02, 0.10323103E+01
 0.15289675E+02, 0.10394310E+01
 0.15370087E+02, 0.10465520E+01
 0.15450501E+02, 0.10536732E+01
 0.15530918E+02, 0.10607946E+01
 0.15611337E+02, 0.10679161E+01
 0.15691758E+02, 0.10750379E+01
 0.15772181E+02, 0.10821599E+01
 0.15852607E+02, 0.10892820E+01
 0.15933034E+02, 0.10964043E+01
 0.16013464E+02, 0.11035269E+01
 0.16093896E+02, 0.11106496E+01
 0.16174329E+02, 0.11177725E+01
 0.16254765E+02, 0.11248955E+01
 0.16335203E+02, 0.11320188E+01
 0.16415643E+02, 0.11391422E+01
 0.16496085E+02, 0.11462658E+01
 0.16576528E+02, 0.11533896E+01
 0.16656974E+02, 0.11605135E+01
 0.16737421E+02, 0.11676376E+01
 0.16817871E+02, 0.11747619E+01
 0.16898322E+02, 0.11818863E+01
 0.16978775E+02, 0.11890109E+01
 0.17059230E+02, 0.11961356E+01
 0.17139686E+02, 0.12032605E+01
 0.17220145E+02, 0.12103856E+01
 0.17300605E+02, 0.12175108E+01
 0.17381067E+02, 0.12246362E+01
 0.17461530E+02, 0.12317617E+01
 0.17541995E+02, 0.12388874E+01
 0.17622462E+02, 0.12460132E+01
 0.17702930E+02, 0.12531391E+01
 0.17783400E+02, 0.12602652E+01
 0.17863872E+02, 0.12673914E+01
 0.17944345E+02, 0.12745178E+01
 0.18024819E+02, 0.12816443E+01
 0.18105295E+02, 0.12887709E+01
 0.18185773E+02, 0.12958977E+01
 0.18266252E+02, 0.13030246E+01
 0.18346732E+02, 0.13101516E+01
 0.18427214E+02, 0.13172787E+01
 0.18507697E+02, 0.13244060E+01
 0.18588181E+02, 0.13315333E+01
 0.18668667E+02, 0.13386608E+01
 0.18749154E+02, 0.13457884E+01
 0.18829642E+02, 0.13529161E+01
 0.18910132E+02, 0.13600440E+01
 0.18990623E+02, 0.13671719E+01
 0.19071115E+02, 0.13743000E+01
 0.19151608E+02, 0.13814281E+01
 0.19232102E+02, 0.13885564E+01
 0.19312598E+02, 0.13956847E+01
 0.19393094E+02, 0.14028132E+01
 0.19473592E+02, 0.14099417E+01
 0.19554091E+02, 0.14170703E+01
 0.19634591E+02, 0.14241991E+01
 0.19715091E+02, 0.14313279E+01
 0.19795593E+02, 0.14384568E+01
 0.19876096E+02, 0.14384568E+01
 0.19956600E+02, 0.14384568E+01
 0.20037104E+02, 0.14384568E+01
 0.20117610E+02, 0.14384568E+01
 0.20198116E+02, 0.14384568E+01
 0.20278624E+02, 0.14384568E+01
 0.20359132E+02, 0.14384568E+01
 0.20439640E+02, 0.14384568E+01
 0.20520150E+02, 0.14384568E+01
 0.20600661E+02, 0.14384568E+01
 0.20681172E+02, 0.14384568E+01
 0.20761684E+02, 0.14384568E+01
 0.20842196E+02, 0.14384568E+01
 0.20922709E+02, 0.14384568E+01
 0.21003223E+02, 0.14384568E+01
 0.21083738E+02, 0.14384568E+01
 0.21164253E+02, 0.14384568E+01
 0.21244768E+02, 0.14384568E+01
 0.21325285E+02, 0.14384568E+01
 0.21405801E+02, 0.14384568E+01
 0.21486318E+02, 0.14384568E+01
 0.21566836E+02, 0.14384568E+01
 0.21647354E+02, 0.14384568E+01
 0.21727873E+02, 0.14384568E+01
 0.21808392E+02, 0.14384568E+01
 0.21888911E+02, 0.14384568E+01
 0.21969431E+02, 0.14384568E+01
 0.22049951E+02, 0.14384568E+01
 0.22130471E+02, 0.14384568E+01
 0.22210992E+02, 0.14384568E+01
 0.22291512E+02, 0.14384568E+01
 0.22372033E+02, 0.14384568E+01
 0.22452555E+02, 0.14384568E+01
 0.22533076E+02, 0.14384568E+01
 0.22613598E+02, 0.14384568E+01
 0.22694120E+02, 0.14384568E+01
 0.22774642E+02, 0.14384568E+01
 0.22855164E+02, 0.14384568E+01
 0.22935686E+02, 0.14384568E+01
 0.23016208E+02, 0.14384568E+01
 0.23096730E+02, 0.14384568E+01
 0.23177245E+02, 0.14384568E+01
 0.23263916E+02, 0.14384568E+01
 0.23357127E+02, 0.14384568E+01
 0.23457269E+02, 0.14384568E+01
 0.23564742E+02, 0.14384568E+01
 0.23679948E+02, 0.14384568E+01
 0.23803290E+02, 0.14384568E+01
 0.23935168E+02, 0.14384568E+01
 0.24075970E+02, 0.14384568E+01
 0.24226073E+02, 0.14384568E+01
 0.24385831E+02, 0.14384568E+01
 0.24555573E+02, 0.14384568E+01
 0.24735591E+02, 0.14384568E+01
 0.24926137E+02, 0.14384568E+01
 0.25127412E+02, 0.14384568E+01
 0.25339558E+02, 0.14384568E+01
 0.25562651E+02, 0.14384568E+01
 0.25796691E+02, 0.14384568E+01
 0.26041595E+02, 0.14384568E+01
 0.26297191E+02, 0.14384568E+01
 0.26563211E+02, 0.14384568E+01
 0.26839285E+02, 0.14384568E+01
 0.27124941E+02, 0.14384568E+01
 0.27419601E+02, 0.14384568E+01
 0.27722584E+02, 0.14384568E+01
 0.28033107E+02, 0.14384568E+01
 0.28350293E+02, 0.14384568E+01
 0.28673177E+02, 0.14384568E+01
 0.29000719E+02, 0.14384568E+01
 0.29331813E+02, 0.14384568E+01
 0.29665303E+02, 0.14384568E+01
 0.30000000E+02, 0.14384568E+01
 0.00000000E+00, 0.17176469E+01
 0.79553127E-01, 0.17176469E+01
 0.15911293E+00, 0.17176469E+01
 0.23867938E+00, 0.17176469E+01
 0.31825247E+00, 0.17176469E+01
 0.39783216E+00, 0.17176469E+01
 0.47741844E+00, 0.17176469E+01
 0.55701129E+00, 0.17176469E+01
 0.63661067E+00, 0.17176469E+01
 0.71621657E+00, 0.17176469E+01
 0.79582896E+00, 0.17176469E+01
 0.87544783E+00, 0.17176469E+01
 0.95507315E+00, 0.17176469E+01
 0.10347049E+01, 0.17176469E+01
 0.11143430E+01, 0.17176469E+01
 0.11939876E+01, 0.17176469E+01
 0.12736385E+01, 0.17176469E+01
 0.13532957E+01, 0.17176469E+01
 0.14329592E+01, 0.17176469E+01
 0.15126291E+01, 0.17176469E+01
 0.15923052E+01, 0.17176469E+01
 0.16719875E+01, 0.17176469E+01
 0.17516761E+01, 0.17176469E+01
 0.18313709E+01, 0.17176469E+01
 0.19110718E+01, 0.17176469E+01
 0.19907790E+01, 0.17176469E+01
 0.20704922E+01, 0.17176469E+01
 0.21502116E+01, 0.17176469E+01
 0.22299370E+01, 0.17176469E+01
 0.23096685E+01, 0.17176469E+01
 0.23894061E+01, 0.17176469E+01
 0.24691496E+01, 0.17176469E+01
 0.25488992E+01, 0.17176469E+01
 0.26286547E+01, 0.17176469E+01
 0.27084162E+01, 0.17176469E+01
 0.27881836E+01, 0.17176469E+01
 0.28679570E+01, 0.17176469E+01
 0.29477362E+01, 0.17176469E+01
 0.30275212E+01, 0.17176469E+01
 0.31073121E+01, 0.17176469E+01
 0.31871089E+01, 0.17176469E+01
 0.32669114E+01, 0.17176469E+01
 0.33467197E+01, 0.17176469E+01
 0.34265337E+01, 0.16939766E+01
 0.35063534E+01, 0.16703046E+01
 0.35861789E+01, 0.16466309E+01
 0.36660100E+01, 0.16229555E+01
 0.37458468E+01, 0.15992784E+01
 0.38256892E+01, 0.15755997E+01
 0.39055373E+01, 0.15519192E+01
 0.39853909E+01, 0.15282372E+01
 0.40652500E+01, 0.15045535E+01
 0.41451148E+01, 0.14808681E+01
 0.42249850E+01, 0.14571811E+01
 0.43048607E+01, 0.14334925E+01
 0.43847419E+01, 0.14098022E+01
 0.44646286E+01, 0.13861104E+01
 0.45445207E+01, 0.13624169E+01
 0.46244182E+01, 0.13387218E+01
 0.47043210E+01, 0.13150252E+01
 0.47842292E+01, 0.12913269E+01
 0.48641428E+01, 0.12676271E+01
 0.49440617E+01, 0.12439256E+01
 0.50239858E+01, 0.12202226E+01
 0.51039152E+01, 0.11965181E+01
 0.51838499E+01, 0.11728120E+01
 0.52637898E+01, 0.11491043E+01
 0.53437349E+01, 0.11253952E+01
 0.54236851E+01, 0.11016844E+01
 0.55036405E+01, 0.10779722E+01
 0.55836011E+01, 0.10542584E+01
 0.56635667E+01, 0.10305431E+01
 0.57435374E+01, 0.10035017E+01
 0.58235132E+01, 0.97645854E+00
 0.59034940E+01, 0.94941370E+00
 0.59834799E+01, 0.92236717E+00
 0.60634707E+01, 0.89531895E+00
 0.61434665E+01, 0.86826904E+00
 0.62234672E+01, 0.84121747E+00
 0.63034729E+01, 0.81416423E+00
 0.63834834E+01, 0.78710934E+00
 0.64634989E+01, 0.78378285E+00
 0.65435191E+01, 0.78045616E+00
 0.66235443E+01, 0.77712927E+00
 0.67035742E+01, 0.77380218E+00
 0.67836089E+01, 0.77047489E+00
 0.68636483E+01, 0.76714741E+00
 0.69436925E+01, 0.76381972E+00
 0.70237414E+01, 0.76049184E+00
 0.71037950E+01, 0.75716377E+00
 0.71838533E+01, 0.75383550E+00
 0.72639162E+01, 0.75050704E+00
 0.73439837E+01, 0.75050704E+00
 0.74240559E+01, 0.75050704E+00
 0.75041326E+01, 0.75050704E+00
 0.75842138E+01, 0.75050704E+00
 0.76642996E+01, 0.75050704E+00
 0.77443899E+01, 0.75050704E+00
 0.78244847E+01, 0.75050704E+00
 0.79045839E+01, 0.75050704E+00
 0.79846876E+01, 0.75050704E+00
 0.80647957E+01, 0.75050704E+00
 0.81449081E+01, 0.75050704E+00
 0.82250250E+01, 0.75050704E+00
 0.83051462E+01, 0.75050704E+00
 0.83852717E+01, 0.75050704E+00
 0.84654015E+01, 0.75050704E+00
 0.85455356E+01, 0.75050704E+00
 0.86256739E+01, 0.75050704E+00
 0.87058164E+01, 0.75050704E+00
 0.87859632E+01, 0.75050704E+00
 0.88661141E+01, 0.75050704E+00
 0.89462692E+01, 0.75050704E+00
 0.90264285E+01, 0.75050704E+00
 0.91065918E+01, 0.75050704E+00
 0.91867593E+01, 0.75050704E+00
 0.92669308E+01, 0.75050704E+00
 0.93471063E+01, 0.75050704E+00
 0.94272859E+01, 0.75050704E+00
 0.95074694E+01, 0.75050704E+00
 0.95876569E+01, 0.75050704E+00
 0.96678484E+01, 0.75050704E+00
 0.97480438E+01, 0.75050704E+00
 0.98282431E+01, 0.75050704E+00
 0.99084463E+01, 0.75050704E+00
 0.99886534E+01, 0.75050704E+00
 0.10068864E+02, 0.75050704E+00
 0.10149079E+02, 0.75050704E+00
 0.10229297E+02, 0.75050704E+00
 0.10309520E+02, 0.75050704E+00
 0.10389746E+02, 0.75050704E+00
 0.10469975E+02, 0.75050704E+00
 0.10550209E+02, 0.75050704E+00
 0.10630446E+02, 0.75050704E+00
 0.10710686E+02, 0.75050704E+00
 0.10790931E+02, 0.75050704E+00
 0.10871179E+02, 0.75050704E+00
 0.10951430E+02, 0.75050704E+00
 0.11031685E+02, 0.75050704E+00
 0.11111944E+02, 0.75050704E+00
 0.11192206E+02, 0.75050704E+00
 0.11272471E+02, 0.75050704E+00
 0.11352740E+02, 0.75050704E+00
 0.11433013E+02, 0.75050704E+00
 0.11513289E+02, 0.75050704E+00
 0.11593568E+02, 0.75050704E+00
 0.11673851E+02, 0.75050704E+00
 0.11754137E+02, 0.75792604E+00
 0.11834426E+02, 0.76534534E+00
 0.11914719E+02, 0.77276495E+00
 0.11995015E+02, 0.78018486E+00
 0.12075314E+02, 0.78760508E+00
 0.12155616E+02, 0.79502559E+00
 0.12235922E+02, 0.80244639E+00
 0.12316230E+02, 0.80986749E+00
 0.12396542E+02, 0.81728889E+00
 0.12476857E+02, 0.82471057E+00
 0.12557175E+02, 0.83213254E+00
 0.12637497E+02, 0.83955479E+00
 0.12717821E+02, 0.84697733E+00
 0.12798148E+02, 0.85440015E+00
 0.12878478E+02, 0.86182324E+00
 0.12958812E+02, 0.86924662E+00
 0.13039148E+02, 0.87667027E+00
 0.13119487E+02, 0.88409418E+00
 0.13199829E+02, 0.89151837E+00
 0.13280175E+02, 0.89894283E+00
 0.13360522E+02, 0.90636756E+00
 0.13440873E+02, 0.91379254E+00
 0.13521227E+02, 0.92121779E+00
 0.13601583E+02, 0.92864330E+00
 0.13681943E+02, 0.93606906E+00
 0.13762304E+02, 0.94349508E+00
 0.13842669E+02, 0.95092136E+00
 0.13923037E+02, 0.95834788E+00
 0.14003407E+02, 0.96577465E+00
 0.14083779E+02, 0.97320167E+00
 0.14164155E+02, 0.98062893E+00
 0.14244533E+02, 0.98805643E+00
 0.14324913E+02, 0.99548417E+00
 0.14405297E+02, 0.10029122E+01
 0.14485682E+02, 0.10103404E+01
 0.14566071E+02, 0.10177688E+01
 0.14646461E+02, 0.10251975E+01
 0.14726855E+02, 0.10326264E+01
 0.14807250E+02, 0.10400555E+01
 0.14887648E+02, 0.10474849E+01
 0.14968049E+02, 0.10549145E+01
 0.15048452E+02, 0.10623443E+01
 0.15128857E+02, 0.10697743E+01
 0.15209265E+02, 0.10772045E+01
 0.15289675E+02, 0.10846350E+01
 0.15370087E+02, 0.10920657E+01
 0.15450501E+02, 0.10994965E+01
 0.15530918E+02, 0.11069276E+01
 0.15611337E+02, 0.11143589E+01
 0.15691758E+02, 0.11217904E+01
 0.15772181E+02, 0.11292221E+01
 0.15852607E+02, 0.11366539E+01
 0.15933034E+02, 0.11440860E+01
 0.16013464E+02, 0.11515183E+01
 0.16093896E+02, 0.11589508E+01
 0.16174329E+02, 0.11663834E+01
 0.16254765E+02, 0.11738163E+01
 0.16335203E+02, 0.11812493E+01
 0.16415643E+02, 0.11886825E+01
 0.16496085E+02, 0.11961159E+01
 0.16576528E+02, 0.12035495E+01
 0.16656974E+02, 0.12109832E+01
 0.16737421E+02, 0.12184172E+01
 0.16817871E+02, 0.12258513E+01
 0.16898322E+02, 0.12332855E+01
 0.16978775E+02, 0.12407200E+01
 0.17059230E+02, 0.12481546E+01
 0.17139686E+02, 0.12555893E+01
 0.17220145E+02, 0.12630242E+01
 0.17300605E+02, 0.12704593E+01
 0.17381067E+02, 0.12778946E+01
 0.17461530E+02, 0.12853300E+01
 0.17541995E+02, 0.12927655E+01
 0.17622462E+02, 0.13002012E+01
 0.17702930E+02, 0.13076371E+01
 0.17783400E+02, 0.13150731E+01
 0.17863872E+02, 0.13225092E+01
 0.17944345E+02, 0.13299455E+01
 0.18024819E+02, 0.13373819E+01
 0.18105295E+02, 0.13448185E+01
 0.18185773E+02, 0.13522552E+01
 0.18266252E+02, 0.13596920E+01
 0.18346732E+02, 0.13671289E+01
 0.18427214E+02, 0.13745660E+01
 0.18507697E+02, 0.13820032E+01
 0.18588181E+02, 0.13894406E+01
 0.18668667E+02, 0.13968780E+01
 0.18749154E+02, 0.14043156E+01
 0.18829642E+02, 0.14117533E+01
 0.18910132E+02, 0.14191911E+01
 0.18990623E+02, 0.14266290E+01
 0.19071115E+02, 0.14340671E+01
 0.19151608E+02, 0.14415052E+01
 0.19232102E+02, 0.14489435E+01
 0.19312598E+02, 0.14563818E+01
 0.19393094E+02, 0.14638203E+01
 0.19473592E+02, 0.14712589E+01
 0.19554091E+02, 0.14786975E+01
 0.19634591E+02, 0.14861363E+01
 0.19715091E+02, 0.14935751E+01
 0.19795593E+02, 0.15010141E+01
 0.19876096E+02, 0.15010141E+01
 0.19956600E+02, 0.15010141E+01
 0.20037104E+02, 0.15010141E+01
 0.20117610E+02, 0.15010141E+01
 0.20198116E+02, 0.15010141E+01
 0.20278624E+02, 0.15010141E+01
 0.20359132E+02, 0.15010141E+01
 0.20439640E+02, 0.15010141E+01
 0.20520150E+02, 0.15010141E+01
 0.20600661E+02, 0.15010141E+01
 0.20681172E+02, 0.15010141E+01
 0.20761684E+02, 0.15010141E+01
 0.20842196E+02, 0.15010141E+01
 0.20922709E+02, 0.15010141E+01
 0.21003223E+02, 0.15010141E+01
 0.21083738E+02, 0.15010141E+01
 0.21164253E+02, 0.15010141E+01
 0.21244768E+02, 0.15010141E+01
 0.21325285E+02, 0.15010141E+01
 0.21405801E+02, 0.15010141E+01
 0.21486318E+02, 0.15010141E+01
 0.21566836E+02, 0.15010141E+01
 0.21647354E+02, 0.15010141E+01
 0.21727873E+02, 0.15010141E+01
 0.21808392E+02, 0.15010141E+01
 0.21888911E+02, 0.15010141E+01
 0.21969431E+02, 0.15010141E+01
 0.22049951E+02, 0.15010141E+01
 0.22130471E+02, 0.15010141E+01
 0.22210992E+02, 0.15010141E+01
 0.22291512E+02, 0.15010141E+01
 0.22372033E+02, 0.15010141E+01
 0.22452555E+02, 0.15010141E+01
 0.22533076E+02, 0.15010141E+01
 0.22613598E+02, 0.15010141E+01
 0.22694120E+02, 0.15010141E+01
 0.22774642E+02, 0.15010141E+01
 0.22855164E+02, 0.15010141E+01
 0.22935686E+02, 0.15010141E+01
 0.23016208E+02, 0.15010141E+01
 0.23096730E+02, 0.15010141E+01
 0.23177245E+02, 0.15010141E+01
 0.23263916E+02, 0.15010141E+01
 0.23357127E+02, 0.15010141E+01
 0.23457269E+02, 0.15010141E+01
 0.23564742E+02, 0.15010141E+01
 0.23679948E+02, 0.15010141E+01
 0.23803290E+02, 0.15010141E+01
 0.23935168E+02, 0.15010141E+01
 0.24075970E+02, 0.15010141E+01
 0.24226073E+02, 0.15010141E+01
 0.24385831E+02, 0.15010141E+01
 0.24555573E+02, 0.15010141E+01
 0.24735591E+02, 0.15010141E+01
 0.24926137E+02, 0.15010141E+01
 0.25127412E+02, 0.15010141E+01
 0.25339558E+02, 0.15010141E+01
 0.25562651E+02, 0.15010141E+01
 0.25796691E+02, 0.15010141E+01
 0.26041595E+02, 0.15010141E+01
 0.26297191E+02, 0.15010141E+01
 0.26563211E+02, 0.15010141E+01
 0.26839285E+02, 0.15010141E+01
 0.27124941E+02, 0.15010141E+01
 0.27419601E+02, 0.15010141E+01
 0.27722584E+02, 0.15010141E+01
 0.28033107E+02, 0.15010141E+01
 0.28350293E+02, 0.15010141E+01
 0.28673177E+02, 0.15010141E+01
 0.29000719E+02, 0.15010141E+01
 0.29331813E+02, 0.15010141E+01
 0.29665303E+02, 0.15010141E+01
 0.30000000E+02, 0.15010141E+01
 0.00000000E+00, 0.17780883E+01
 0.79553127E-01, 0.17780883E+01
 0.15911293E+00, 0.17780883E+01
 0.23867938E+00, 0.17780883E+01
 0.31825247E+00, 0.17780883E+01
 0.39783216E+00, 0.17780883E+01
 0.47741844E+00, 0.17780883E+01
 0.55701129E+00, 0.17780883E+01
 0.63661067E+00, 0.17780883E+01
 0.71621657E+00, 0.17780883E+01
 0.79582896E+00, 0.17780883E+01
 0.87544783E+00, 0.17780883E+01
 0.95507315E+00, 0.17780883E+01
 0.10347049E+01, 0.17780883E+01
 0.11143430E+01, 0.17780883E+01
 0.11939876E+01, 0.17780883E+01
 0.12736385E+01, 0.17780883E+01
 0.13532957E+01, 0.17780883E+01
 0.14329592E+01, 0.17780883E+01
 0.15126291E+01, 0.17780883E+01
 0.15923052E+01, 0.17780883E+01
 0.16719875E+01, 0.17780883E+01
 0.17516761E+01, 0.17780883E+01
 0.18313709E+01, 0.17780883E+01
 0.19110718E+01, 0.17780883E+01
 0.19907790E+01, 0.17780883E+01
 0.20704922E+01, 0.17780883E+01
 0.21502116E+01, 0.17780883E+01
 0.22299370E+01, 0.17780883E+01
 0.23096685E+01, 0.17780883E+01
 0.23894061E+01, 0.17780883E+01
 0.24691496E+01, 0.17780883E+01
 0.25488992E+01, 0.17780883E+01
 0.26286547E+01, 0.17780883E+01
 0.27084162E+01, 0.17780883E+01
 0.27881836E+01, 0.17780883E+01
 0.28679570E+01, 0.17780883E+01
 0.29477362E+01, 0.17780883E+01
 0.30275212E+01, 0.17780883E+01
 0.31073121E+01, 0.17780883E+01
 0.31871089E+01, 0.17780883E+01
 0.32669114E+01, 0.17780883E+01
 0.33467197E+01, 0.17780883E+01
 0.34265337E+01, 0.17534320E+01
 0.35063534E+01, 0.17287739E+01
 0.35861789E+01, 0.17041140E+01
 0.36660100E+01, 0.16794524E+01
 0.37458468E+01, 0.16547890E+01
 0.38256892E+01, 0.16301239E+01
 0.39055373E+01, 0.16054571E+01
 0.39853909E+01, 0.15807886E+01
 0.40652500E+01, 0.15561183E+01
 0.41451148E+01, 0.15314463E+01
 0.42249850E+01, 0.15067726E+01
 0.43048607E+01, 0.14820972E+01
 0.43847419E+01, 0.14574201E+01
 0.44646286E+01, 0.14327414E+01
 0.45445207E+01, 0.14080609E+01
 0.46244182E+01, 0.13833788E+01
 0.47043210E+01, 0.13586951E+01
 0.47842292E+01, 0.13340097E+01
 0.48641428E+01, 0.13093226E+01
 0.49440617E+01, 0.12846339E+01
 0.50239858E+01, 0.12599435E+01
 0.51039152E+01, 0.12352515E+01
 0.51838499E+01, 0.12105580E+01
 0.52637898E+01, 0.11858627E+01
 0.53437349E+01, 0.11611659E+01
 0.54236851E+01, 0.11364675E+01
 0.55036405E+01, 0.11117675E+01
 0.55836011E+01, 0.10870659E+01
 0.56635667E+01, 0.10623628E+01
 0.57435374E+01, 0.10347500E+01
 0.58235132E+01, 0.10071355E+01
 0.59034940E+01, 0.97951924E+00
 0.59834799E+01, 0.95190126E+00
 0.60634707E+01, 0.92428155E+00
 0.61434665E+01, 0.89666012E+00
 0.62234672E+01, 0.86903699E+00
 0.63034729E+01, 0.84141216E+00
 0.63834834E+01, 0.81378564E+00
 0.64634989E+01, 0.81087598E+00
 0.65435191E+01, 0.80796614E+00
 0.66235443E+01, 0.80505613E+00
 0.67035742E+01, 0.80214594E+00
 0.67836089E+01, 0.79923558E+00
 0.68636483E+01, 0.79632504E+00
 0.69436925E+01, 0.79341434E+00
 0.70237414E+01, 0.79050346E+00
 0.71037950E+01, 0.78759241E+00
 0.71838533E+01, 0.78468119E+00
 0.72639162E+01, 0.78176980E+00
 0.73439837E+01, 0.78176980E+00
 0.74240559E+01, 0.78176980E+00
 0.75041326E+01, 0.78176980E+00
 0.75842138E+01, 0.78176980E+00
 0.76642996E+01, 0.78176980E+00
 0.77443899E+01, 0.78176980E+00
 0.78244847E+01, 0.78176980E+00
 0.79045839E+01, 0.78176980E+00
 0.79846876E+01, 0.78176980E+00
 0.80647957E+01, 0.78176980E+00
 0.81449081E+01, 0.78176980E+00
 0.82250250E+01, 0.78176980E+00
 0.83051462E+01, 0.78176980E+00
 0.83852717E+01, 0.78176980E+00
 0.84654015E+01, 0.78176980E+00
 0.85455356E+01, 0.78176980E+00
 0.86256739E+01, 0.78176980E+00
 0.87058164E+01, 0.78176980E+00
 0.87859632E+01, 0.78176980E+00
 0.88661141E+01, 0.78176980E+00
 0.89462692E+01, 0.78176980E+00
 0.90264285E+01, 0.78176980E+00
 0.91065918E+01, 0.78176980E+00
 0.91867593E+01, 0.78176980E+00
 0.92669308E+01, 0.78176980E+00
 0.93471063E+01, 0.78176980E+00
 0.94272859E+01, 0.78176980E+00
 0.95074694E+01, 0.78176980E+00
 0.95876569E+01, 0.78176980E+00
 0.96678484E+01, 0.78176980E+00
 0.97480438E+01, 0.78176980E+00
 0.98282431E+01, 0.78176980E+00
 0.99084463E+01, 0.78176980E+00
 0.99886534E+01, 0.78176980E+00
 0.10068864E+02, 0.78176980E+00
 0.10149079E+02, 0.78176980E+00
 0.10229297E+02, 0.78176980E+00
 0.10309520E+02, 0.78176980E+00
 0.10389746E+02, 0.78176980E+00
 0.10469975E+02, 0.78176980E+00
 0.10550209E+02, 0.78176980E+00
 0.10630446E+02, 0.78176980E+00
 0.10710686E+02, 0.78176980E+00
 0.10790931E+02, 0.78176980E+00
 0.10871179E+02, 0.78176980E+00
 0.10951430E+02, 0.78176980E+00
 0.11031685E+02, 0.78176980E+00
 0.11111944E+02, 0.78176980E+00
 0.11192206E+02, 0.78176980E+00
 0.11272471E+02, 0.78176980E+00
 0.11352740E+02, 0.78176980E+00
 0.11433013E+02, 0.78176980E+00
 0.11513289E+02, 0.78176980E+00
 0.11593568E+02, 0.78176980E+00
 0.11673851E+02, 0.78176980E+00
 0.11754137E+02, 0.78949784E+00
 0.11834426E+02, 0.79722620E+00
 0.11914719E+02, 0.80495488E+00
 0.11995015E+02, 0.81268387E+00
 0.12075314E+02, 0.82041318E+00
 0.12155616E+02, 0.82814279E+00
 0.12235922E+02, 0.83587272E+00
 0.12316230E+02, 0.84360295E+00
 0.12396542E+02, 0.85133348E+00
 0.12476857E+02, 0.85906432E+00
 0.12557175E+02, 0.86679545E+00
 0.12637497E+02, 0.87452688E+00
 0.12717821E+02, 0.88225861E+00
 0.12798148E+02, 0.88999063E+00
 0.12878478E+02, 0.89772294E+00
 0.12958812E+02, 0.90545554E+00
 0.13039148E+02, 0.91318842E+00
 0.13119487E+02, 0.92092159E+00
 0.13199829E+02, 0.92865504E+00
 0.13280175E+02, 0.93638877E+00
 0.13360522E+02, 0.94412277E+00
 0.13440873E+02, 0.95185705E+00
 0.13521227E+02, 0.95959160E+00
 0.13601583E+02, 0.96732642E+00
 0.13681943E+02, 0.97506151E+00
 0.13762304E+02, 0.98279686E+00
 0.13842669E+02, 0.99053248E+00
 0.13923037E+02, 0.99826836E+00
 0.14003407E+02, 0.10060045E+01
 0.14083779E+02, 0.10137409E+01
 0.14164155E+02, 0.10214775E+01
 0.14244533E+02, 0.10292144E+01
 0.14324913E+02, 0.10369516E+01
 0.14405297E+02, 0.10446890E+01
 0.14485682E+02, 0.10524266E+01
 0.14566071E+02, 0.10601645E+01
 0.14646461E+02, 0.10679026E+01
 0.14726855E+02, 0.10756410E+01
 0.14807250E+02, 0.10833796E+01
 0.14887648E+02, 0.10911184E+01
 0.14968049E+02, 0.10988575E+01
 0.15048452E+02, 0.11065968E+01
 0.15128857E+02, 0.11143363E+01
 0.15209265E+02, 0.11220761E+01
 0.15289675E+02, 0.11298160E+01
 0.15370087E+02, 0.11375562E+01
 0.15450501E+02, 0.11452966E+01
 0.15530918E+02, 0.11530373E+01
 0.15611337E+02, 0.11607781E+01
 0.15691758E+02, 0.11685191E+01
 0.15772181E+02, 0.11762604E+01
 0.15852607E+02, 0.11840019E+01
 0.15933034E+02, 0.11917435E+01
 0.16013464E+02, 0.11994854E+01
 0.16093896E+02, 0.12072275E+01
 0.16174329E+02, 0.12149697E+01
 0.16254765E+02, 0.12227122E+01
 0.16335203E+02, 0.12304549E+01
 0.16415643E+02, 0.12381977E+01
 0.16496085E+02, 0.12459407E+01
 0.16576528E+02, 0.12536840E+01
 0.16656974E+02, 0.12614274E+01
 0.16737421E+02, 0.12691710E+01
 0.16817871E+02, 0.12769147E+01
 0.16898322E+02, 0.12846587E+01
 0.16978775E+02, 0.12924028E+01
 0.17059230E+02, 0.13001471E+01
 0.17139686E+02, 0.13078915E+01
 0.17220145E+02, 0.13156362E+01
 0.17300605E+02, 0.13233810E+01
 0.17381067E+02, 0.13311259E+01
 0.17461530E+02, 0.13388711E+01
 0.17541995E+02, 0.13466163E+01
 0.17622462E+02, 0.13543618E+01
 0.17702930E+02, 0.13621074E+01
 0.17783400E+02, 0.13698531E+01
 0.17863872E+02, 0.13775990E+01
 0.17944345E+02, 0.13853451E+01
 0.18024819E+02, 0.13930912E+01
 0.18105295E+02, 0.14008376E+01
 0.18185773E+02, 0.14085840E+01
 0.18266252E+02, 0.14163307E+01
 0.18346732E+02, 0.14240774E+01
 0.18427214E+02, 0.14318243E+01
 0.18507697E+02, 0.14395713E+01
 0.18588181E+02, 0.14473184E+01
 0.18668667E+02, 0.14550657E+01
 0.18749154E+02, 0.14628131E+01
 0.18829642E+02, 0.14705606E+01
 0.18910132E+02, 0.14783083E+01
 0.18990623E+02, 0.14860560E+01
 0.19071115E+02, 0.14938039E+01
 0.19151608E+02, 0.15015519E+01
 0.19232102E+02, 0.15093000E+01
 0.19312598E+02, 0.15170482E+01
 0.19393094E+02, 0.15247965E+01
 0.19473592E+02, 0.15325449E+01
 0.19554091E+02, 0.15402934E+01
 0.19634591E+02, 0.15480421E+01
 0.19715091E+02, 0.15557908E+01
 0.19795593E+02, 0.15635396E+01
 0.19876096E+02, 0.15635396E+01
 0.19956600E+02, 0.15635396E+01
 0.20037104E+02, 0.15635396E+01
 0.20117610E+02, 0.15635396E+01
 0.20198116E+02, 0.15635396E+01
 0.20278624E+02, 0.15635396E+01
 0.20359132E+02, 0.15635396E+01
 0.20439640E+02, 0.15635396E+01
 0.20520150E+02, 0.15635396E+01
 0.20600661E+02, 0.15635396E+01
 0.20681172E+02, 0.15635396E+01
 0.20761684E+02, 0.15635396E+01
 0.20842196E+02, 0.15635396E+01
 0.20922709E+02, 0.15635396E+01
 0.21003223E+02, 0.15635396E+01
 0.21083738E+02, 0.15635396E+01
 0.21164253E+02, 0.15635396E+01
 0.21244768E+02, 0.15635396E+01
 0.21325285E+02, 0.15635396E+01
 0.21405801E+02, 0.15635396E+01
 0.21486318E+02, 0.15635396E+01
 0.21566836E+02, 0.15635396E+01
 0.21647354E+02, 0.15635396E+01
 0.21727873E+02, 0.15635396E+01
 0.21808392E+02, 0.15635396E+01
 0.21888911E+02, 0.15635396E+01
 0.21969431E+02, 0.15635396E+01
 0.22049951E+02, 0.15635396E+01
 0.22130471E+02, 0.15635396E+01
 0.22210992E+02, 0.15635396E+01
 0.22291512E+02, 0.15635396E+01
 0.22372033E+02, 0.15635396E+01
 0.22452555E+02, 0.15635396E+01
 0.22533076E+02, 0.15635396E+01
 0.22613598E+02, 0.15635396E+01
 0.22694120E+02, 0.15635396E+01
 0.22774642E+02, 0.15635396E+01
 0.22855164E+02, 0.15635396E+01
 0.22935686E+02, 0.15635396E+01
 0.23016208E+02, 0.15635396E+01
 0.23096730E+02, 0.15635396E+01
 0.23177245E+02, 0.15635396E+01
 0.23263916E+02, 0.15635396E+01
 0.23357127E+02, 0.15635396E+01
 0.23457269E+02, 0.15635396E+01
 0.23564742E+02, 0.15635396E+01
 0.23679948E+02, 0.15635396E+01
 0.23803290E+02, 0.15635396E+01
 0.23935168E+02, 0.15635396E+01
 0.24075970E+02, 0.15635396E+01
 0.24226073E+02, 0.15635396E+01
 0.24385831E+02, 0.15635396E+01
 0.24555573E+02, 0.15635396E+01
 0.24735591E+02, 0.15635396E+01
 0.24926137E+02, 0.15635396E+01
 0.25127412E+02, 0.15635396E+01
 0.25339558E+02, 0.15635396E+01
 0.25562651E+02, 0.15635396E+01
 0.25796691E+02, 0.15635396E+01
 0.26041595E+02, 0.15635396E+01
 0.26297191E+02, 0.15635396E+01
 0.26563211E+02, 0.15635396E+01
 0.26839285E+02, 0.15635396E+01
 0.27124941E+02, 0.15635396E+01
 0.27419601E+02, 0.15635396E+01
 0.27722584E+02, 0.15635396E+01
 0.28033107E+02, 0.15635396E+01
 0.28350293E+02, 0.15635396E+01
 0.28673177E+02, 0.15635396E+01
 0.29000719E+02, 0.15635396E+01
 0.29331813E+02, 0.15635396E+01
 0.29665303E+02, 0.15635396E+01
 0.30000000E+02, 0.15635396E+01
 0.00000000E+00, 0.18384951E+01
 0.79553127E-01, 0.18384951E+01
 0.15911293E+00, 0.18384951E+01
 0.23867938E+00, 0.18384951E+01
 0.31825247E+00, 0.18384951E+01
 0.39783216E+00, 0.18384951E+01
 0.47741844E+00, 0.18384951E+01
 0.55701129E+00, 0.18384951E+01
 0.63661067E+00, 0.18384951E+01
 0.71621657E+00, 0.18384951E+01
 0.79582896E+00, 0.18384951E+01
 0.87544783E+00, 0.18384951E+01
 0.95507315E+00, 0.18384951E+01
 0.10347049E+01, 0.18384951E+01
 0.11143430E+01, 0.18384951E+01
 0.11939876E+01, 0.18384951E+01
 0.12736385E+01, 0.18384951E+01
 0.13532957E+01, 0.18384951E+01
 0.14329592E+01, 0.18384951E+01
 0.15126291E+01, 0.18384951E+01
 0.15923052E+01, 0.18384951E+01
 0.16719875E+01, 0.18384951E+01
 0.17516761E+01, 0.18384951E+01
 0.18313709E+01, 0.18384951E+01
 0.19110718E+01, 0.18384951E+01
 0.19907790E+01, 0.18384951E+01
 0.20704922E+01, 0.18384951E+01
 0.21502116E+01, 0.18384951E+01
 0.22299370E+01, 0.18384951E+01
 0.23096685E+01, 0.18384951E+01
 0.23894061E+01, 0.18384951E+01
 0.24691496E+01, 0.18384951E+01
 0.25488992E+01, 0.18384951E+01
 0.26286547E+01, 0.18384951E+01
 0.27084162E+01, 0.18384951E+01
 0.27881836E+01, 0.18384951E+01
 0.28679570E+01, 0.18384951E+01
 0.29477362E+01, 0.18384951E+01
 0.30275212E+01, 0.18384951E+01
 0.31073121E+01, 0.18384951E+01
 0.31871089E+01, 0.18384951E+01
 0.32669114E+01, 0.18384951E+01
 0.33467197E+01, 0.18384951E+01
 0.34265337E+01, 0.18128534E+01
 0.35063534E+01, 0.17872098E+01
 0.35861789E+01, 0.17615643E+01
 0.36660100E+01, 0.17359171E+01
 0.37458468E+01, 0.17102680E+01
 0.38256892E+01, 0.16846171E+01
 0.39055373E+01, 0.16589644E+01
 0.39853909E+01, 0.16333100E+01
 0.40652500E+01, 0.16076537E+01
 0.41451148E+01, 0.15819956E+01
 0.42249850E+01, 0.15563358E+01
 0.43048607E+01, 0.15306742E+01
 0.43847419E+01, 0.15050109E+01
 0.44646286E+01, 0.14793458E+01
 0.45445207E+01, 0.14536790E+01
 0.46244182E+01, 0.14280104E+01
 0.47043210E+01, 0.14023401E+01
 0.47842292E+01, 0.13766681E+01
 0.48641428E+01, 0.13509943E+01
 0.49440617E+01, 0.13253189E+01
 0.50239858E+01, 0.12996417E+01
 0.51039152E+01, 0.12739629E+01
 0.51838499E+01, 0.12482824E+01
 0.52637898E+01, 0.12226002E+01
 0.53437349E+01, 0.11969163E+01
 0.54236851E+01, 0.11712308E+01
 0.55036405E+01, 0.11455436E+01
 0.55836011E+01, 0.11198548E+01
 0.56635667E+01, 0.10941643E+01
 0.57435374E+01, 0.10659805E+01
 0.58235132E+01, 0.10377949E+01
 0.59034940E+01, 0.10096076E+01
 0.59834799E+01, 0.98141849E+00
 0.60634707E+01, 0.95322762E+00
 0.61434665E+01, 0.92503500E+00
 0.62234672E+01, 0.89684064E+00
 0.63034729E+01, 0.86864455E+00
 0.63834834E+01, 0.84044673E+00
 0.64634989E+01, 0.83795365E+00
 0.65435191E+01, 0.83546043E+00
 0.66235443E+01, 0.83296705E+00
 0.67035742E+01, 0.83047353E+00
 0.67836089E+01, 0.82797986E+00
 0.68636483E+01, 0.82548603E+00
 0.69436925E+01, 0.82299206E+00
 0.70237414E+01, 0.82049795E+00
 0.71037950E+01, 0.81800369E+00
 0.71838533E+01, 0.81550928E+00
 0.72639162E+01, 0.81301472E+00
 0.73439837E+01, 0.81301472E+00
 0.74240559E+01, 0.81301472E+00
 0.75041326E+01, 0.81301472E+00
 0.75842138E+01, 0.81301472E+00
 0.76642996E+01, 0.81301472E+00
 0.77443899E+01, 0.81301472E+00
 0.78244847E+01, 0.81301472E+00
 0.79045839E+01, 0.81301472E+00
 0.79846876E+01, 0.81301472E+00
 0.80647957E+01, 0.81301472E+00
 0.81449081E+01, 0.81301472E+00
 0.82250250E+01, 0.81301472E+00
 0.83051462E+01, 0.81301472E+00
 0.83852717E+01, 0.81301472E+00
 0.84654015E+01, 0.81301472E+00
 0.85455356E+01, 0.81301472E+00
 0.86256739E+01, 0.81301472E+00
 0.87058164E+01, 0.81301472E+00
 0.87859632E+01, 0.81301472E+00
 0.88661141E+01, 0.81301472E+00
 0.89462692E+01, 0.81301472E+00
 0.90264285E+01, 0.81301472E+00
 0.91065918E+01, 0.81301472E+00
 0.91867593E+01, 0.81301472E+00
 0.92669308E+01, 0.81301472E+00
 0.93471063E+01, 0.81301472E+00
 0.94272859E+01, 0.81301472E+00
 0.95074694E+01, 0.81301472E+00
 0.95876569E+01, 0.81301472E+00
 0.96678484E+01, 0.81301472E+00
 0.97480438E+01, 0.81301472E+00
 0.98282431E+01, 0.81301472E+00
 0.99084463E+01, 0.81301472E+00
 0.99886534E+01, 0.81301472E+00
 0.10068864E+02, 0.81301472E+00
 0.10149079E+02, 0.81301472E+00
 0.10229297E+02, 0.81301472E+00
 0.10309520E+02, 0.81301472E+00
 0.10389746E+02, 0.81301472E+00
 0.10469975E+02, 0.81301472E+00
 0.10550209E+02, 0.81301472E+00
 0.10630446E+02, 0.81301472E+00
 0.10710686E+02, 0.81301472E+00
 0.10790931E+02, 0.81301472E+00
 0.10871179E+02, 0.81301472E+00
 0.10951430E+02, 0.81301472E+00
 0.11031685E+02, 0.81301472E+00
 0.11111944E+02, 0.81301472E+00
 0.11192206E+02, 0.81301472E+00
 0.11272471E+02, 0.81301472E+00
 0.11352740E+02, 0.81301472E+00
 0.11433013E+02, 0.81301472E+00
 0.11513289E+02, 0.81301472E+00
 0.11593568E+02, 0.81301472E+00
 0.11673851E+02, 0.81301472E+00
 0.11754137E+02, 0.82105163E+00
 0.11834426E+02, 0.82908887E+00
 0.11914719E+02, 0.83712644E+00
 0.11995015E+02, 0.84516434E+00
 0.12075314E+02, 0.85320256E+00
 0.12155616E+02, 0.86124110E+00
 0.12235922E+02, 0.86927997E+00
 0.12316230E+02, 0.87731915E+00
 0.12396542E+02, 0.88535865E+00
 0.12476857E+02, 0.89339847E+00
 0.12557175E+02, 0.90143859E+00
 0.12637497E+02, 0.90947902E+00
 0.12717821E+02, 0.91751976E+00
 0.12798148E+02, 0.92556081E+00
 0.12878478E+02, 0.93360216E+00
 0.12958812E+02, 0.94164380E+00
 0.13039148E+02, 0.94968574E+00
 0.13119487E+02, 0.95772798E+00
 0.13199829E+02, 0.96577051E+00
 0.13280175E+02, 0.97381333E+00
 0.13360522E+02, 0.98185644E+00
 0.13440873E+02, 0.98989984E+00
 0.13521227E+02, 0.99794351E+00
 0.13601583E+02, 0.10059875E+01
 0.13681943E+02, 0.10140317E+01
 0.13762304E+02, 0.10220762E+01
 0.13842669E+02, 0.10301210E+01
 0.13923037E+02, 0.10381661E+01
 0.14003407E+02, 0.10462114E+01
 0.14083779E+02, 0.10542570E+01
 0.14164155E+02, 0.10623028E+01
 0.14244533E+02, 0.10703490E+01
 0.14324913E+02, 0.10783953E+01
 0.14405297E+02, 0.10864420E+01
 0.14485682E+02, 0.10944889E+01
 0.14566071E+02, 0.11025360E+01
 0.14646461E+02, 0.11105834E+01
 0.14726855E+02, 0.11186311E+01
 0.14807250E+02, 0.11266789E+01
 0.14887648E+02, 0.11347271E+01
 0.14968049E+02, 0.11427754E+01
 0.15048452E+02, 0.11508241E+01
 0.15128857E+02, 0.11588729E+01
 0.15209265E+02, 0.11669220E+01
 0.15289675E+02, 0.11749713E+01
 0.15370087E+02, 0.11830208E+01
 0.15450501E+02, 0.11910706E+01
 0.15530918E+02, 0.11991206E+01
 0.15611337E+02, 0.12071708E+01
 0.15691758E+02, 0.12152212E+01
 0.15772181E+02, 0.12232719E+01
 0.15852607E+02, 0.12313228E+01
 0.15933034E+02, 0.12393738E+01
 0.16013464E+02, 0.12474251E+01
 0.16093896E+02, 0.12554766E+01
 0.16174329E+02, 0.12635283E+01
 0.16254765E+02, 0.12715802E+01
 0.16335203E+02, 0.12796323E+01
 0.16415643E+02, 0.12876846E+01
 0.16496085E+02, 0.12957371E+01
 0.16576528E+02, 0.13037898E+01
 0.16656974E+02, 0.13118427E+01
 0.16737421E+02, 0.13198958E+01
 0.16817871E+02, 0.13279491E+01
 0.16898322E+02, 0.13360025E+01
 0.16978775E+02, 0.13440561E+01
 0.17059230E+02, 0.13521099E+01
 0.17139686E+02, 0.13601639E+01
 0.17220145E+02, 0.13682181E+01
 0.17300605E+02, 0.13762724E+01
 0.17381067E+02, 0.13843269E+01
 0.17461530E+02, 0.13923816E+01
 0.17541995E+02, 0.14004364E+01
 0.17622462E+02, 0.14084914E+01
 0.17702930E+02, 0.14165466E+01
 0.17783400E+02, 0.14246019E+01
 0.17863872E+02, 0.14326574E+01
 0.17944345E+02, 0.14407130E+01
 0.18024819E+02, 0.14487688E+01
 0.18105295E+02, 0.14568247E+01
 0.18185773E+02, 0.14648808E+01
 0.18266252E+02, 0.14729370E+01
 0.18346732E+02, 0.14809934E+01
 0.18427214E+02, 0.14890499E+01
 0.18507697E+02, 0.14971065E+01
 0.18588181E+02, 0.15051633E+01
 0.18668667E+02, 0.15132202E+01
 0.18749154E+02, 0.15212772E+01
 0.18829642E+02, 0.15293344E+01
 0.18910132E+02, 0.15373917E+01
 0.18990623E+02, 0.15454491E+01
 0.19071115E+02, 0.15535066E+01
 0.19151608E+02, 0.15615643E+01
 0.19232102E+02, 0.15696220E+01
 0.19312598E+02, 0.15776799E+01
 0.19393094E+02, 0.15857379E+01
 0.19473592E+02, 0.15937960E+01
 0.19554091E+02, 0.16018542E+01
 0.19634591E+02, 0.16099125E+01
 0.19715091E+02, 0.16179709E+01
 0.19795593E+02, 0.16260294E+01
 0.19876096E+02, 0.16260294E+01
 0.19956600E+02, 0.16260294E+01
 0.20037104E+02, 0.16260294E+01
 0.20117610E+02, 0.16260294E+01
 0.20198116E+02, 0.16260294E+01
 0.20278624E+02, 0.16260294E+01
 0.20359132E+02, 0.16260294E+01
 0.20439640E+02, 0.16260294E+01
 0.20520150E+02, 0.16260294E+01
 0.20600661E+02, 0.16260294E+01
 0.20681172E+02, 0.16260294E+01
 0.20761684E+02, 0.16260294E+01
 0.20842196E+02, 0.16260294E+01
 0.20922709E+02, 0.16260294E+01
 0.21003223E+02, 0.16260294E+01
 0.21083738E+02, 0.16260294E+01
 0.21164253E+02, 0.16260294E+01
 0.21244768E+02, 0.16260294E+01
 0.21325285E+02, 0.16260294E+01
 0.21405801E+02, 0.16260294E+01
 0.21486318E+02, 0.16260294E+01
 0.21566836E+02, 0.16260294E+01
 0.21647354E+02, 0.16260294E+01
 0.21727873E+02, 0.16260294E+01
 0.21808392E+02, 0.16260294E+01
 0.21888911E+02, 0.16260294E+01
 0.21969431E+02, 0.16260294E+01
 0.22049951E+02, 0.16260294E+01
 0.22130471E+02, 0.16260294E+01
 0.22210992E+02, 0.16260294E+01
 0.22291512E+02, 0.16260294E+01
 0.22372033E+02, 0.16260294E+01
 0.22452555E+02, 0.16260294E+01
 0.22533076E+02, 0.16260294E+01
 0.22613598E+02, 0.16260294E+01
 0.22694120E+02, 0.16260294E+01
 0.22774642E+02, 0.16260294E+01
 0.22855164E+02, 0.16260294E+01
 0.22935686E+02, 0.16260294E+01
 0.23016208E+02, 0.16260294E+01
 0.23096730E+02, 0.16260294E+01
 0.23177245E+02, 0.16260294E+01
 0.23263916E+02, 0.16260294E+01
 0.23357127E+02, 0.16260294E+01
 0.23457269E+02, 0.16260294E+01
 0.23564742E+02, 0.16260294E+01
 0.23679948E+02, 0.16260294E+01
 0.23803290E+02, 0.16260294E+01
 0.23935168E+02, 0.16260294E+01
 0.24075970E+02, 0.16260294E+01
 0.24226073E+02, 0.16260294E+01
 0.24385831E+02, 0.16260294E+01
 0.24555573E+02, 0.16260294E+01
 0.24735591E+02, 0.16260294E+01
 0.24926137E+02, 0.16260294E+01
 0.25127412E+02, 0.16260294E+01
 0.25339558E+02, 0.16260294E+01
 0.25562651E+02, 0.16260294E+01
 0.25796691E+02, 0.16260294E+01
 0.26041595E+02, 0.16260294E+01
 0.26297191E+02, 0.16260294E+01
 0.26563211E+02, 0.16260294E+01
 0.26839285E+02, 0.16260294E+01
 0.27124941E+02, 0.16260294E+01
 0.27419601E+02, 0.16260294E+01
 0.27722584E+02, 0.16260294E+01
 0.28033107E+02, 0.16260294E+01
 0.28350293E+02, 0.16260294E+01
 0.28673177E+02, 0.16260294E+01
 0.29000719E+02, 0.16260294E+01
 0.29331813E+02, 0.16260294E+01
 0.29665303E+02, 0.16260294E+01
 0.30000000E+02, 0.16260294E+01
 0.00000000E+00, 0.18988637E+01
 0.79553127E-01, 0.18988637E+01
 0.15911293E+00, 0.18988637E+01
 0.23867938E+00, 0.18988637E+01
 0.31825247E+00, 0.18988637E+01
 0.39783216E+00, 0.18988637E+01
 0.47741844E+00, 0.18988637E+01
 0.55701129E+00, 0.18988637E+01
 0.63661067E+00, 0.18988637E+01
 0.71621657E+00, 0.18988637E+01
 0.79582896E+00, 0.18988637E+01
 0.87544783E+00, 0.18988637E+01
 0.95507315E+00, 0.18988637E+01
 0.10347049E+01, 0.18988637E+01
 0.11143430E+01, 0.18988637E+01
 0.11939876E+01, 0.18988637E+01
 0.12736385E+01, 0.18988637E+01
 0.13532957E+01, 0.18988637E+01
 0.14329592E+01, 0.18988637E+01
 0.15126291E+01, 0.18988637E+01
 0.15923052E+01, 0.18988637E+01
 0.16719875E+01, 0.18988637E+01
 0.17516761E+01, 0.18988637E+01
 0.18313709E+01, 0.18988637E+01
 0.19110718E+01, 0.18988637E+01
 0.19907790E+01, 0.18988637E+01
 0.20704922E+01, 0.18988637E+01
 0.21502116E+01, 0.18988637E+01
 0.22299370E+01, 0.18988637E+01
 0.23096685E+01, 0.18988637E+01
 0.23894061E+01, 0.18988637E+01
 0.24691496E+01, 0.18988637E+01
 0.25488992E+01, 0.18988637E+01
 0.26286547E+01, 0.18988637E+01
 0.27084162E+01, 0.18988637E+01
 0.27881836E+01, 0.18988637E+01
 0.28679570E+01, 0.18988637E+01
 0.29477362E+01, 0.18988637E+01
 0.30275212E+01, 0.18988637E+01
 0.31073121E+01, 0.18988637E+01
 0.31871089E+01, 0.18988637E+01
 0.32669114E+01, 0.18988637E+01
 0.33467197E+01, 0.18988637E+01
 0.34265337E+01, 0.18722371E+01
 0.35063534E+01, 0.18456086E+01
 0.35861789E+01, 0.18189783E+01
 0.36660100E+01, 0.17923460E+01
 0.37458468E+01, 0.17657118E+01
 0.38256892E+01, 0.17390758E+01
 0.39055373E+01, 0.17124378E+01
 0.39853909E+01, 0.16857981E+01
 0.40652500E+01, 0.16591564E+01
 0.41451148E+01, 0.16325129E+01
 0.42249850E+01, 0.16058676E+01
 0.43048607E+01, 0.15792205E+01
 0.43847419E+01, 0.15525715E+01
 0.44646286E+01, 0.15259207E+01
 0.45445207E+01, 0.14992681E+01
 0.46244182E+01, 0.14726136E+01
 0.47043210E+01, 0.14459574E+01
 0.47842292E+01, 0.14192994E+01
 0.48641428E+01, 0.13926396E+01
 0.49440617E+01, 0.13659781E+01
 0.50239858E+01, 0.13393148E+01
 0.51039152E+01, 0.13126497E+01
 0.51838499E+01, 0.12859829E+01
 0.52637898E+01, 0.12593143E+01
 0.53437349E+01, 0.12326440E+01
 0.54236851E+01, 0.12059720E+01
 0.55036405E+01, 0.11792983E+01
 0.55836011E+01, 0.11526228E+01
 0.56635667E+01, 0.11259457E+01
 0.57435374E+01, 0.10971912E+01
 0.58235132E+01, 0.10684350E+01
 0.59034940E+01, 0.10396769E+01
 0.59834799E+01, 0.10109170E+01
 0.60634707E+01, 0.98215535E+00
 0.61434665E+01, 0.95339190E+00
 0.62234672E+01, 0.92462667E+00
 0.63034729E+01, 0.89585967E+00
 0.63834834E+01, 0.86709091E+00
 0.64634989E+01, 0.86501416E+00
 0.65435191E+01, 0.86293729E+00
 0.66235443E+01, 0.86086029E+00
 0.67035742E+01, 0.85878316E+00
 0.67836089E+01, 0.85670592E+00
 0.68636483E+01, 0.85462854E+00
 0.69436925E+01, 0.85255105E+00
 0.70237414E+01, 0.85047343E+00
 0.71037950E+01, 0.84839569E+00
 0.71838533E+01, 0.84631783E+00
 0.72639162E+01, 0.84423985E+00
 0.73439837E+01, 0.84423985E+00
 0.74240559E+01, 0.84423985E+00
 0.75041326E+01, 0.84423985E+00
 0.75842138E+01, 0.84423985E+00
 0.76642996E+01, 0.84423985E+00
 0.77443899E+01, 0.84423985E+00
 0.78244847E+01, 0.84423985E+00
 0.79045839E+01, 0.84423985E+00
 0.79846876E+01, 0.84423985E+00
 0.80647957E+01, 0.84423985E+00
 0.81449081E+01, 0.84423985E+00
 0.82250250E+01, 0.84423985E+00
 0.83051462E+01, 0.84423985E+00
 0.83852717E+01, 0.84423985E+00
 0.84654015E+01, 0.84423985E+00
 0.85455356E+01, 0.84423985E+00
 0.86256739E+01, 0.84423985E+00
 0.87058164E+01, 0.84423985E+00
 0.87859632E+01, 0.84423985E+00
 0.88661141E+01, 0.84423985E+00
 0.89462692E+01, 0.84423985E+00
 0.90264285E+01, 0.84423985E+00
 0.91065918E+01, 0.84423985E+00
 0.91867593E+01, 0.84423985E+00
 0.92669308E+01, 0.84423985E+00
 0.93471063E+01, 0.84423985E+00
 0.94272859E+01, 0.84423985E+00
 0.95074694E+01, 0.84423985E+00
 0.95876569E+01, 0.84423985E+00
 0.96678484E+01, 0.84423985E+00
 0.97480438E+01, 0.84423985E+00
 0.98282431E+01, 0.84423985E+00
 0.99084463E+01, 0.84423985E+00
 0.99886534E+01, 0.84423985E+00
 0.10068864E+02, 0.84423985E+00
 0.10149079E+02, 0.84423985E+00
 0.10229297E+02, 0.84423985E+00
 0.10309520E+02, 0.84423985E+00
 0.10389746E+02, 0.84423985E+00
 0.10469975E+02, 0.84423985E+00
 0.10550209E+02, 0.84423985E+00
 0.10630446E+02, 0.84423985E+00
 0.10710686E+02, 0.84423985E+00
 0.10790931E+02, 0.84423985E+00
 0.10871179E+02, 0.84423985E+00
 0.10951430E+02, 0.84423985E+00
 0.11031685E+02, 0.84423985E+00
 0.11111944E+02, 0.84423985E+00
 0.11192206E+02, 0.84423985E+00
 0.11272471E+02, 0.84423985E+00
 0.11352740E+02, 0.84423985E+00
 0.11433013E+02, 0.84423985E+00
 0.11513289E+02, 0.84423985E+00
 0.11593568E+02, 0.84423985E+00
 0.11673851E+02, 0.84423985E+00
 0.11754137E+02, 0.85258542E+00
 0.11834426E+02, 0.86093135E+00
 0.11914719E+02, 0.86927761E+00
 0.11995015E+02, 0.87762422E+00
 0.12075314E+02, 0.88597116E+00
 0.12155616E+02, 0.89431844E+00
 0.12235922E+02, 0.90266605E+00
 0.12316230E+02, 0.91101399E+00
 0.12396542E+02, 0.91936226E+00
 0.12476857E+02, 0.92771085E+00
 0.12557175E+02, 0.93605977E+00
 0.12637497E+02, 0.94440901E+00
 0.12717821E+02, 0.95275857E+00
 0.12798148E+02, 0.96110844E+00
 0.12878478E+02, 0.96945863E+00
 0.12958812E+02, 0.97780913E+00
 0.13039148E+02, 0.98615994E+00
 0.13119487E+02, 0.99451105E+00
 0.13199829E+02, 0.10028625E+01
 0.13280175E+02, 0.10112142E+01
 0.13360522E+02, 0.10195662E+01
 0.13440873E+02, 0.10279185E+01
 0.13521227E+02, 0.10362711E+01
 0.13601583E+02, 0.10446240E+01
 0.13681943E+02, 0.10529772E+01
 0.13762304E+02, 0.10613307E+01
 0.13842669E+02, 0.10696844E+01
 0.13923037E+02, 0.10780385E+01
 0.14003407E+02, 0.10863928E+01
 0.14083779E+02, 0.10947474E+01
 0.14164155E+02, 0.11031023E+01
 0.14244533E+02, 0.11114574E+01
 0.14324913E+02, 0.11198128E+01
 0.14405297E+02, 0.11281685E+01
 0.14485682E+02, 0.11365245E+01
 0.14566071E+02, 0.11448807E+01
 0.14646461E+02, 0.11532371E+01
 0.14726855E+02, 0.11615939E+01
 0.14807250E+02, 0.11699508E+01
 0.14887648E+02, 0.11783081E+01
 0.14968049E+02, 0.11866655E+01
 0.15048452E+02, 0.11950233E+01
 0.15128857E+02, 0.12033813E+01
 0.15209265E+02, 0.12117395E+01
 0.15289675E+02, 0.12200979E+01
 0.15370087E+02, 0.12284566E+01
 0.15450501E+02, 0.12368156E+01
 0.15530918E+02, 0.12451747E+01
 0.15611337E+02, 0.12535341E+01
 0.15691758E+02, 0.12618937E+01
 0.15772181E+02, 0.12702536E+01
 0.15852607E+02, 0.12786137E+01
 0.15933034E+02, 0.12869740E+01
 0.16013464E+02, 0.12953345E+01
 0.16093896E+02, 0.13036952E+01
 0.16174329E+02, 0.13120561E+01
 0.16254765E+02, 0.13204173E+01
 0.16335203E+02, 0.13287787E+01
 0.16415643E+02, 0.13371402E+01
 0.16496085E+02, 0.13455020E+01
 0.16576528E+02, 0.13538640E+01
 0.16656974E+02, 0.13622261E+01
 0.16737421E+02, 0.13705885E+01
 0.16817871E+02, 0.13789511E+01
 0.16898322E+02, 0.13873138E+01
 0.16978775E+02, 0.13956768E+01
 0.17059230E+02, 0.14040399E+01
 0.17139686E+02, 0.14124032E+01
 0.17220145E+02, 0.14207667E+01
 0.17300605E+02, 0.14291304E+01
 0.17381067E+02, 0.14374942E+01
 0.17461530E+02, 0.14458582E+01
 0.17541995E+02, 0.14542224E+01
 0.17622462E+02, 0.14625868E+01
 0.17702930E+02, 0.14709513E+01
 0.17783400E+02, 0.14793160E+01
 0.17863872E+02, 0.14876809E+01
 0.17944345E+02, 0.14960459E+01
 0.18024819E+02, 0.15044111E+01
 0.18105295E+02, 0.15127764E+01
 0.18185773E+02, 0.15211419E+01
 0.18266252E+02, 0.15295075E+01
 0.18346732E+02, 0.15378733E+01
 0.18427214E+02, 0.15462392E+01
 0.18507697E+02, 0.15546053E+01
 0.18588181E+02, 0.15629715E+01
 0.18668667E+02, 0.15713378E+01
 0.18749154E+02, 0.15797043E+01
 0.18829642E+02, 0.15880709E+01
 0.18910132E+02, 0.15964377E+01
 0.18990623E+02, 0.16048045E+01
 0.19071115E+02, 0.16131715E+01
 0.19151608E+02, 0.16215386E+01
 0.19232102E+02, 0.16299059E+01
 0.19312598E+02, 0.16382732E+01
 0.19393094E+02, 0.16466407E+01
 0.19473592E+02, 0.16550083E+01
 0.19554091E+02, 0.16633760E+01
 0.19634591E+02, 0.16717438E+01
 0.19715091E+02, 0.16801117E+01
 0.19795593E+02, 0.16884797E+01
 0.19876096E+02, 0.16884797E+01
 0.19956600E+02, 0.16884797E+01
 0.20037104E+02, 0.16884797E+01
 0.20117610E+02, 0.16884797E+01
 0.20198116E+02, 0.16884797E+01
 0.20278624E+02, 0.16884797E+01
 0.20359132E+02, 0.16884797E+01
 0.20439640E+02, 0.16884797E+01
 0.20520150E+02, 0.16884797E+01
 0.20600661E+02, 0.16884797E+01
 0.20681172E+02, 0.16884797E+01
 0.20761684E+02, 0.16884797E+01
 0.20842196E+02, 0.16884797E+01
 0.20922709E+02, 0.16884797E+01
 0.21003223E+02, 0.16884797E+01
 0.21083738E+02, 0.16884797E+01
 0.21164253E+02, 0.16884797E+01
 0.21244768E+02, 0.16884797E+01
 0.21325285E+02, 0.16884797E+01
 0.21405801E+02, 0.16884797E+01
 0.21486318E+02, 0.16884797E+01
 0.21566836E+02, 0.16884797E+01
 0.21647354E+02, 0.16884797E+01
 0.21727873E+02, 0.16884797E+01
 0.21808392E+02, 0.16884797E+01
 0.21888911E+02, 0.16884797E+01
 0.21969431E+02, 0.16884797E+01
 0.22049951E+02, 0.16884797E+01
 0.22130471E+02, 0.16884797E+01
 0.22210992E+02, 0.16884797E+01
 0.22291512E+02, 0.16884797E+01
 0.22372033E+02, 0.16884797E+01
 0.22452555E+02, 0.16884797E+01
 0.22533076E+02, 0.16884797E+01
 0.22613598E+02, 0.16884797E+01
 0.22694120E+02, 0.16884797E+01
 0.22774642E+02, 0.16884797E+01
 0.22855164E+02, 0.16884797E+01
 0.22935686E+02, 0.16884797E+01
 0.23016208E+02, 0.16884797E+01
 0.23096730E+02, 0.16884797E+01
 0.23177245E+02, 0.16884797E+01
 0.23263916E+02, 0.16884797E+01
 0.23357127E+02, 0.16884797E+01
 0.23457269E+02, 0.16884797E+01
 0.23564742E+02, 0.16884797E+01
 0.23679948E+02, 0.16884797E+01
 0.23803290E+02, 0.16884797E+01
 0.23935168E+02, 0.16884797E+01
 0.24075970E+02, 0.16884797E+01
 0.24226073E+02, 0.16884797E+01
 0.24385831E+02, 0.16884797E+01
 0.24555573E+02, 0.16884797E+01
 0.24735591E+02, 0.16884797E+01
 0.24926137E+02, 0.16884797E+01
 0.25127412E+02, 0.16884797E+01
 0.25339558E+02, 0.16884797E+01
 0.25562651E+02, 0.16884797E+01
 0.25796691E+02, 0.16884797E+01
 0.26041595E+02, 0.16884797E+01
 0.26297191E+02, 0.16884797E+01
 0.26563211E+02, 0.16884797E+01
 0.26839285E+02, 0.16884797E+01
 0.27124941E+02, 0.16884797E+01
 0.27419601E+02, 0.16884797E+01
 0.27722584E+02, 0.16884797E+01
 0.28033107E+02, 0.16884797E+01
 0.28350293E+02, 0.16884797E+01
 0.28673177E+02, 0.16884797E+01
 0.29000719E+02, 0.16884797E+01
 0.29331813E+02, 0.16884797E+01
 0.29665303E+02, 0.16884797E+01
 0.30000000E+02, 0.16884797E+01
 0.00000000E+00, 0.19591902E+01
 0.79553127E-01, 0.19591902E+01
 0.15911293E+00, 0.19591902E+01
 0.23867938E+00, 0.19591902E+01
 0.31825247E+00, 0.19591902E+01
 0.39783216E+00, 0.19591902E+01
 0.47741844E+00, 0.19591902E+01
 0.55701129E+00, 0.19591902E+01
 0.63661067E+00, 0.19591902E+01
 0.71621657E+00, 0.19591902E+01
 0.79582896E+00, 0.19591902E+01
 0.87544783E+00, 0.19591902E+01
 0.95507315E+00, 0.19591902E+01
 0.10347049E+01, 0.19591902E+01
 0.11143430E+01, 0.19591902E+01
 0.11939876E+01, 0.19591902E+01
 0.12736385E+01, 0.19591902E+01
 0.13532957E+01, 0.19591902E+01
 0.14329592E+01, 0.19591902E+01
 0.15126291E+01, 0.19591902E+01
 0.15923052E+01, 0.19591902E+01
 0.16719875E+01, 0.19591902E+01
 0.17516761E+01, 0.19591902E+01
 0.18313709E+01, 0.19591902E+01
 0.19110718E+01, 0.19591902E+01
 0.19907790E+01, 0.19591902E+01
 0.20704922E+01, 0.19591902E+01
 0.21502116E+01, 0.19591902E+01
 0.22299370E+01, 0.19591902E+01
 0.23096685E+01, 0.19591902E+01
 0.23894061E+01, 0.19591902E+01
 0.24691496E+01, 0.19591902E+01
 0.25488992E+01, 0.19591902E+01
 0.26286547E+01, 0.19591902E+01
 0.27084162E+01, 0.19591902E+01
 0.27881836E+01, 0.19591902E+01
 0.28679570E+01, 0.19591902E+01
 0.29477362E+01, 0.19591902E+01
 0.30275212E+01, 0.19591902E+01
 0.31073121E+01, 0.19591902E+01
 0.31871089E+01, 0.19591902E+01
 0.32669114E+01, 0.19591902E+01
 0.33467197E+01, 0.19591902E+01
 0.34265337E+01, 0.19315795E+01
 0.35063534E+01, 0.19039668E+01
 0.35861789E+01, 0.18763522E+01
 0.36660100E+01, 0.18487355E+01
 0.37458468E+01, 0.18211170E+01
 0.38256892E+01, 0.17934964E+01
 0.39055373E+01, 0.17658740E+01
 0.39853909E+01, 0.17382496E+01
 0.40652500E+01, 0.17106233E+01
 0.41451148E+01, 0.16829950E+01
 0.42249850E+01, 0.16553649E+01
 0.43048607E+01, 0.16277328E+01
 0.43847419E+01, 0.16000989E+01
 0.44646286E+01, 0.15724631E+01
 0.45445207E+01, 0.15448254E+01
 0.46244182E+01, 0.15171858E+01
 0.47043210E+01, 0.14895444E+01
 0.47842292E+01, 0.14619011E+01
 0.48641428E+01, 0.14342559E+01
 0.49440617E+01, 0.14066090E+01
 0.50239858E+01, 0.13789602E+01
 0.51039152E+01, 0.13513096E+01
 0.51838499E+01, 0.13236571E+01
 0.52637898E+01, 0.12960029E+01
 0.53437349E+01, 0.12683468E+01
 0.54236851E+01, 0.12406890E+01
 0.55036405E+01, 0.12130294E+01
 0.55836011E+01, 0.11853680E+01
 0.56635667E+01, 0.11577049E+01
 0.57435374E+01, 0.11283802E+01
 0.58235132E+01, 0.10990536E+01
 0.59034940E+01, 0.10697252E+01
 0.59834799E+01, 0.10403950E+01
 0.60634707E+01, 0.10110629E+01
 0.61434665E+01, 0.98172904E+00
 0.62234672E+01, 0.95239334E+00
 0.63034729E+01, 0.92305583E+00
 0.63834834E+01, 0.89371653E+00
 0.64634989E+01, 0.89205582E+00
 0.65435191E+01, 0.89039500E+00
 0.66235443E+01, 0.88873408E+00
 0.67035742E+01, 0.88707307E+00
 0.67836089E+01, 0.88541195E+00
 0.68636483E+01, 0.88375074E+00
 0.69436925E+01, 0.88208943E+00
 0.70237414E+01, 0.88042802E+00
 0.71037950E+01, 0.87876651E+00
 0.71838533E+01, 0.87710491E+00
 0.72639162E+01, 0.87544321E+00
 0.73439837E+01, 0.87544321E+00
 0.74240559E+01, 0.87544321E+00
 0.75041326E+01, 0.87544321E+00
 0.75842138E+01, 0.87544321E+00
 0.76642996E+01, 0.87544321E+00
 0.77443899E+01, 0.87544321E+00
 0.78244847E+01, 0.87544321E+00
 0.79045839E+01, 0.87544321E+00
 0.79846876E+01, 0.87544321E+00
 0.80647957E+01, 0.87544321E+00
 0.81449081E+01, 0.87544321E+00
 0.82250250E+01, 0.87544321E+00
 0.83051462E+01, 0.87544321E+00
 0.83852717E+01, 0.87544321E+00
 0.84654015E+01, 0.87544321E+00
 0.85455356E+01, 0.87544321E+00
 0.86256739E+01, 0.87544321E+00
 0.87058164E+01, 0.87544321E+00
 0.87859632E+01, 0.87544321E+00
 0.88661141E+01, 0.87544321E+00
 0.89462692E+01, 0.87544321E+00
 0.90264285E+01, 0.87544321E+00
 0.91065918E+01, 0.87544321E+00
 0.91867593E+01, 0.87544321E+00
 0.92669308E+01, 0.87544321E+00
 0.93471063E+01, 0.87544321E+00
 0.94272859E+01, 0.87544321E+00
 0.95074694E+01, 0.87544321E+00
 0.95876569E+01, 0.87544321E+00
 0.96678484E+01, 0.87544321E+00
 0.97480438E+01, 0.87544321E+00
 0.98282431E+01, 0.87544321E+00
 0.99084463E+01, 0.87544321E+00
 0.99886534E+01, 0.87544321E+00
 0.10068864E+02, 0.87544321E+00
 0.10149079E+02, 0.87544321E+00
 0.10229297E+02, 0.87544321E+00
 0.10309520E+02, 0.87544321E+00
 0.10389746E+02, 0.87544321E+00
 0.10469975E+02, 0.87544321E+00
 0.10550209E+02, 0.87544321E+00
 0.10630446E+02, 0.87544321E+00
 0.10710686E+02, 0.87544321E+00
 0.10790931E+02, 0.87544321E+00
 0.10871179E+02, 0.87544321E+00
 0.10951430E+02, 0.87544321E+00
 0.11031685E+02, 0.87544321E+00
 0.11111944E+02, 0.87544321E+00
 0.11192206E+02, 0.87544321E+00
 0.11272471E+02, 0.87544321E+00
 0.11352740E+02, 0.87544321E+00
 0.11433013E+02, 0.87544321E+00
 0.11513289E+02, 0.87544321E+00
 0.11593568E+02, 0.87544321E+00
 0.11673851E+02, 0.87544321E+00
 0.11754137E+02, 0.88409724E+00
 0.11834426E+02, 0.89275163E+00
 0.11914719E+02, 0.90140637E+00
 0.11995015E+02, 0.91006147E+00
 0.12075314E+02, 0.91871692E+00
 0.12155616E+02, 0.92737272E+00
 0.12235922E+02, 0.93602886E+00
 0.12316230E+02, 0.94468534E+00
 0.12396542E+02, 0.95334217E+00
 0.12476857E+02, 0.96199933E+00
 0.12557175E+02, 0.97065683E+00
 0.12637497E+02, 0.97931465E+00
 0.12717821E+02, 0.98797281E+00
 0.12798148E+02, 0.99663130E+00
 0.12878478E+02, 0.10052901E+01
 0.12958812E+02, 0.10139492E+01
 0.13039148E+02, 0.10226087E+01
 0.13119487E+02, 0.10312685E+01
 0.13199829E+02, 0.10399286E+01
 0.13280175E+02, 0.10485890E+01
 0.13360522E+02, 0.10572497E+01
 0.13440873E+02, 0.10659107E+01
 0.13521227E+02, 0.10745720E+01
 0.13601583E+02, 0.10832336E+01
 0.13681943E+02, 0.10918956E+01
 0.13762304E+02, 0.11005578E+01
 0.13842669E+02, 0.11092203E+01
 0.13923037E+02, 0.11178831E+01
 0.14003407E+02, 0.11265462E+01
 0.14083779E+02, 0.11352096E+01
 0.14164155E+02, 0.11438733E+01
 0.14244533E+02, 0.11525372E+01
 0.14324913E+02, 0.11612014E+01
 0.14405297E+02, 0.11698660E+01
 0.14485682E+02, 0.11785307E+01
 0.14566071E+02, 0.11871958E+01
 0.14646461E+02, 0.11958611E+01
 0.14726855E+02, 0.12045267E+01
 0.14807250E+02, 0.12131926E+01
 0.14887648E+02, 0.12218587E+01
 0.14968049E+02, 0.12305251E+01
 0.15048452E+02, 0.12391917E+01
 0.15128857E+02, 0.12478586E+01
 0.15209265E+02, 0.12565257E+01
 0.15289675E+02, 0.12651931E+01
 0.15370087E+02, 0.12738608E+01
 0.15450501E+02, 0.12825286E+01
 0.15530918E+02, 0.12911968E+01
 0.15611337E+02, 0.12998651E+01
 0.15691758E+02, 0.13085337E+01
 0.15772181E+02, 0.13172026E+01
 0.15852607E+02, 0.13258716E+01
 0.15933034E+02, 0.13345409E+01
 0.16013464E+02, 0.13432104E+01
 0.16093896E+02, 0.13518802E+01
 0.16174329E+02, 0.13605501E+01
 0.16254765E+02, 0.13692203E+01
 0.16335203E+02, 0.13778907E+01
 0.16415643E+02, 0.13865613E+01
 0.16496085E+02, 0.13952322E+01
 0.16576528E+02, 0.14039032E+01
 0.16656974E+02, 0.14125744E+01
 0.16737421E+02, 0.14212459E+01
 0.16817871E+02, 0.14299175E+01
 0.16898322E+02, 0.14385893E+01
 0.16978775E+02, 0.14472614E+01
 0.17059230E+02, 0.14559336E+01
 0.17139686E+02, 0.14646060E+01
 0.17220145E+02, 0.14732787E+01
 0.17300605E+02, 0.14819514E+01
 0.17381067E+02, 0.14906244E+01
 0.17461530E+02, 0.14992976E+01
 0.17541995E+02, 0.15079709E+01
 0.17622462E+02, 0.15166444E+01
 0.17702930E+02, 0.15253181E+01
 0.17783400E+02, 0.15339920E+01
 0.17863872E+02, 0.15426660E+01
 0.17944345E+02, 0.15513402E+01
 0.18024819E+02, 0.15600146E+01
 0.18105295E+02, 0.15686891E+01
 0.18185773E+02, 0.15773637E+01
 0.18266252E+02, 0.15860386E+01
 0.18346732E+02, 0.15947135E+01
 0.18427214E+02, 0.16033887E+01
 0.18507697E+02, 0.16120640E+01
 0.18588181E+02, 0.16207394E+01
 0.18668667E+02, 0.16294149E+01
 0.18749154E+02, 0.16380907E+01
 0.18829642E+02, 0.16467665E+01
 0.18910132E+02, 0.16554425E+01
 0.18990623E+02, 0.16641186E+01
 0.19071115E+02, 0.16727948E+01
 0.19151608E+02, 0.16814712E+01
 0.19232102E+02, 0.16901477E+01
 0.19312598E+02, 0.16988243E+01
 0.19393094E+02, 0.17075010E+01
 0.19473592E+02, 0.17161779E+01
 0.19554091E+02, 0.17248549E+01
 0.19634591E+02, 0.17335319E+01
 0.19715091E+02, 0.17422091E+01
 0.19795593E+02, 0.17508864E+01
 0.19876096E+02, 0.17508864E+01
 0.19956600E+02, 0.17508864E+01
 0.20037104E+02, 0.17508864E+01
 0.20117610E+02, 0.17508864E+01
 0.20198116E+02, 0.17508864E+01
 0.20278624E+02, 0.17508864E+01
 0.20359132E+02, 0.17508864E+01
 0.20439640E+02, 0.17508864E+01
 0.20520150E+02, 0.17508864E+01
 0.20600661E+02, 0.17508864E+01
 0.20681172E+02, 0.17508864E+01
 0.20761684E+02, 0.17508864E+01
 0.20842196E+02, 0.17508864E+01
 0.20922709E+02, 0.17508864E+01
 0.21003223E+02, 0.17508864E+01
 0.21083738E+02, 0.17508864E+01
 0.21164253E+02, 0.17508864E+01
 0.21244768E+02, 0.17508864E+01
 0.21325285E+02, 0.17508864E+01
 0.21405801E+02, 0.17508864E+01
 0.21486318E+02, 0.17508864E+01
 0.21566836E+02, 0.17508864E+01
 0.21647354E+02, 0.17508864E+01
 0.21727873E+02, 0.17508864E+01
 0.21808392E+02, 0.17508864E+01
 0.21888911E+02, 0.17508864E+01
 0.21969431E+02, 0.17508864E+01
 0.22049951E+02, 0.17508864E+01
 0.22130471E+02, 0.17508864E+01
 0.22210992E+02, 0.17508864E+01
 0.22291512E+02, 0.17508864E+01
 0.22372033E+02, 0.17508864E+01
 0.22452555E+02, 0.17508864E+01
 0.22533076E+02, 0.17508864E+01
 0.22613598E+02, 0.17508864E+01
 0.22694120E+02, 0.17508864E+01
 0.22774642E+02, 0.17508864E+01
 0.22855164E+02, 0.17508864E+01
 0.22935686E+02, 0.17508864E+01
 0.23016208E+02, 0.17508864E+01
 0.23096730E+02, 0.17508864E+01
 0.23177245E+02, 0.17508864E+01
 0.23263916E+02, 0.17508864E+01
 0.23357127E+02, 0.17508864E+01
 0.23457269E+02, 0.17508864E+01
 0.23564742E+02, 0.17508864E+01
 0.23679948E+02, 0.17508864E+01
 0.23803290E+02, 0.17508864E+01
 0.23935168E+02, 0.17508864E+01
 0.24075970E+02, 0.17508864E+01
 0.24226073E+02, 0.17508864E+01
 0.24385831E+02, 0.17508864E+01
 0.24555573E+02, 0.17508864E+01
 0.24735591E+02, 0.17508864E+01
 0.24926137E+02, 0.17508864E+01
 0.25127412E+02, 0.17508864E+01
 0.25339558E+02, 0.17508864E+01
 0.25562651E+02, 0.17508864E+01
 0.25796691E+02, 0.17508864E+01
 0.26041595E+02, 0.17508864E+01
 0.26297191E+02, 0.17508864E+01
 0.26563211E+02, 0.17508864E+01
 0.26839285E+02, 0.17508864E+01
 0.27124941E+02, 0.17508864E+01
 0.27419601E+02, 0.17508864E+01
 0.27722584E+02, 0.17508864E+01
 0.28033107E+02, 0.17508864E+01
 0.28350293E+02, 0.17508864E+01
 0.28673177E+02, 0.17508864E+01
 0.29000719E+02, 0.17508864E+01
 0.29331813E+02, 0.17508864E+01
 0.29665303E+02, 0.17508864E+01
 0.30000000E+02, 0.17508864E+01
 0.00000000E+00, 0.20194708E+01
 0.79553127E-01, 0.20194708E+01
 0.15911293E+00, 0.20194708E+01
 0.23867938E+00, 0.20194708E+01
 0.31825247E+00, 0.20194708E+01
 0.39783216E+00, 0.20194708E+01
 0.47741844E+00, 0.20194708E+01
 0.55701129E+00, 0.20194708E+01
 0.63661067E+00, 0.20194708E+01
 0.71621657E+00, 0.20194708E+01
 0.79582896E+00, 0.20194708E+01
 0.87544783E+00, 0.20194708E+01
 0.95507315E+00, 0.20194708E+01
 0.10347049E+01, 0.20194708E+01
 0.11143430E+01, 0.20194708E+01
 0.11939876E+01, 0.20194708E+01
 0.12736385E+01, 0.20194708E+01
 0.13532957E+01, 0.20194708E+01
 0.14329592E+01, 0.20194708E+01
 0.15126291E+01, 0.20194708E+01
 0.15923052E+01, 0.20194708E+01
 0.16719875E+01, 0.20194708E+01
 0.17516761E+01, 0.20194708E+01
 0.18313709E+01, 0.20194708E+01
 0.19110718E+01, 0.20194708E+01
 0.19907790E+01, 0.20194708E+01
 0.20704922E+01, 0.20194708E+01
 0.21502116E+01, 0.20194708E+01
 0.22299370E+01, 0.20194708E+01
 0.23096685E+01, 0.20194708E+01
 0.23894061E+01, 0.20194708E+01
 0.24691496E+01, 0.20194708E+01
 0.25488992E+01, 0.20194708E+01
 0.26286547E+01, 0.20194708E+01
 0.27084162E+01, 0.20194708E+01
 0.27881836E+01, 0.20194708E+01
 0.28679570E+01, 0.20194708E+01
 0.29477362E+01, 0.20194708E+01
 0.30275212E+01, 0.20194708E+01
 0.31073121E+01, 0.20194708E+01
 0.31871089E+01, 0.20194708E+01
 0.32669114E+01, 0.20194708E+01
 0.33467197E+01, 0.20194708E+01
 0.34265337E+01, 0.19908768E+01
 0.35063534E+01, 0.19622806E+01
 0.35861789E+01, 0.19336825E+01
 0.36660100E+01, 0.19050823E+01
 0.37458468E+01, 0.18764800E+01
 0.38256892E+01, 0.18478758E+01
 0.39055373E+01, 0.18192695E+01
 0.39853909E+01, 0.17906612E+01
 0.40652500E+01, 0.17620510E+01
 0.41451148E+01, 0.17334388E+01
 0.42249850E+01, 0.17048245E+01
 0.43048607E+01, 0.16762083E+01
 0.43847419E+01, 0.16475902E+01
 0.44646286E+01, 0.16189701E+01
 0.45445207E+01, 0.15903481E+01
 0.46244182E+01, 0.15617241E+01
 0.47043210E+01, 0.15330982E+01
 0.47842292E+01, 0.15044704E+01
 0.48641428E+01, 0.14758406E+01
 0.49440617E+01, 0.14472090E+01
 0.50239858E+01, 0.14185754E+01
 0.51039152E+01, 0.13899400E+01
 0.51838499E+01, 0.13613027E+01
 0.52637898E+01, 0.13326636E+01
 0.53437349E+01, 0.13040225E+01
 0.54236851E+01, 0.12753796E+01
 0.55036405E+01, 0.12467349E+01
 0.55836011E+01, 0.12180883E+01
 0.56635667E+01, 0.11894399E+01
 0.57435374E+01, 0.11595454E+01
 0.58235132E+01, 0.11296490E+01
 0.59034940E+01, 0.10997507E+01
 0.59834799E+01, 0.10698506E+01
 0.60634707E+01, 0.10399485E+01
 0.61434665E+01, 0.10100446E+01
 0.62234672E+01, 0.98013889E+00
 0.63034729E+01, 0.95023132E+00
 0.63834834E+01, 0.92032191E+00
 0.64634989E+01, 0.91907691E+00
 0.65435191E+01, 0.91783184E+00
 0.66235443E+01, 0.91658669E+00
 0.67035742E+01, 0.91534147E+00
 0.67836089E+01, 0.91409617E+00
 0.68636483E+01, 0.91285080E+00
 0.69436925E+01, 0.91160536E+00
 0.70237414E+01, 0.91035984E+00
 0.71037950E+01, 0.90911425E+00
 0.71838533E+01, 0.90786858E+00
 0.72639162E+01, 0.90662285E+00
 0.73439837E+01, 0.90662285E+00
 0.74240559E+01, 0.90662285E+00
 0.75041326E+01, 0.90662285E+00
 0.75842138E+01, 0.90662285E+00
 0.76642996E+01, 0.90662285E+00
 0.77443899E+01, 0.90662285E+00
 0.78244847E+01, 0.90662285E+00
 0.79045839E+01, 0.90662285E+00
 0.79846876E+01, 0.90662285E+00
 0.80647957E+01, 0.90662285E+00
 0.81449081E+01, 0.90662285E+00
 0.82250250E+01, 0.90662285E+00
 0.83051462E+01, 0.90662285E+00
 0.83852717E+01, 0.90662285E+00
 0.84654015E+01, 0.90662285E+00
 0.85455356E+01, 0.90662285E+00
 0.86256739E+01, 0.90662285E+00
 0.87058164E+01, 0.90662285E+00
 0.87859632E+01, 0.90662285E+00
 0.88661141E+01, 0.90662285E+00
 0.89462692E+01, 0.90662285E+00
 0.90264285E+01, 0.90662285E+00
 0.91065918E+01, 0.90662285E+00
 0.91867593E+01, 0.90662285E+00
 0.92669308E+01, 0.90662285E+00
 0.93471063E+01, 0.90662285E+00
 0.94272859E+01, 0.90662285E+00
 0.95074694E+01, 0.90662285E+00
 0.95876569E+01, 0.90662285E+00
 0.96678484E+01, 0.90662285E+00
 0.97480438E+01, 0.90662285E+00
 0.98282431E+01, 0.90662285E+00
 0.99084463E+01, 0.90662285E+00
 0.99886534E+01, 0.90662285E+00
 0.10068864E+02, 0.90662285E+00
 0.10149079E+02, 0.90662285E+00
 0.10229297E+02, 0.90662285E+00
 0.10309520E+02, 0.90662285E+00
 0.10389746E+02, 0.90662285E+00
 0.10469975E+02, 0.90662285E+00
 0.10550209E+02, 0.90662285E+00
 0.10630446E+02, 0.90662285E+00
 0.10710686E+02, 0.90662285E+00
 0.10790931E+02, 0.90662285E+00
 0.10871179E+02, 0.90662285E+00
 0.10951430E+02, 0.90662285E+00
 0.11031685E+02, 0.90662285E+00
 0.11111944E+02, 0.90662285E+00
 0.11192206E+02, 0.90662285E+00
 0.11272471E+02, 0.90662285E+00
 0.11352740E+02, 0.90662285E+00
 0.11433013E+02, 0.90662285E+00
 0.11513289E+02, 0.90662285E+00
 0.11593568E+02, 0.90662285E+00
 0.11673851E+02, 0.90662285E+00
 0.11754137E+02, 0.91558510E+00
 0.11834426E+02, 0.92454772E+00
 0.11914719E+02, 0.93351072E+00
 0.11995015E+02, 0.94247407E+00
 0.12075314E+02, 0.95143779E+00
 0.12155616E+02, 0.96040187E+00
 0.12235922E+02, 0.96936631E+00
 0.12316230E+02, 0.97833110E+00
 0.12396542E+02, 0.98729624E+00
 0.12476857E+02, 0.99626174E+00
 0.12557175E+02, 0.10052276E+01
 0.12637497E+02, 0.10141938E+01
 0.12717821E+02, 0.10231603E+01
 0.12798148E+02, 0.10321272E+01
 0.12878478E+02, 0.10410944E+01
 0.12958812E+02, 0.10500619E+01
 0.13039148E+02, 0.10590298E+01
 0.13119487E+02, 0.10679980E+01
 0.13199829E+02, 0.10769665E+01
 0.13280175E+02, 0.10859353E+01
 0.13360522E+02, 0.10949045E+01
 0.13440873E+02, 0.11038740E+01
 0.13521227E+02, 0.11128438E+01
 0.13601583E+02, 0.11218139E+01
 0.13681943E+02, 0.11307843E+01
 0.13762304E+02, 0.11397551E+01
 0.13842669E+02, 0.11487261E+01
 0.13923037E+02, 0.11576975E+01
 0.14003407E+02, 0.11666691E+01
 0.14083779E+02, 0.11756410E+01
 0.14164155E+02, 0.11846133E+01
 0.14244533E+02, 0.11935858E+01
 0.14324913E+02, 0.12025586E+01
 0.14405297E+02, 0.12115317E+01
 0.14485682E+02, 0.12205051E+01
 0.14566071E+02, 0.12294788E+01
 0.14646461E+02, 0.12384527E+01
 0.14726855E+02, 0.12474269E+01
 0.14807250E+02, 0.12564014E+01
 0.14887648E+02, 0.12653762E+01
 0.14968049E+02, 0.12743512E+01
 0.15048452E+02, 0.12833265E+01
 0.15128857E+02, 0.12923021E+01
 0.15209265E+02, 0.13012779E+01
 0.15289675E+02, 0.13102540E+01
 0.15370087E+02, 0.13192304E+01
 0.15450501E+02, 0.13282070E+01
 0.15530918E+02, 0.13371838E+01
 0.15611337E+02, 0.13461609E+01
 0.15691758E+02, 0.13551382E+01
 0.15772181E+02, 0.13641158E+01
 0.15852607E+02, 0.13730936E+01
 0.15933034E+02, 0.13820717E+01
 0.16013464E+02, 0.13910500E+01
 0.16093896E+02, 0.14000285E+01
 0.16174329E+02, 0.14090073E+01
 0.16254765E+02, 0.14179862E+01
 0.16335203E+02, 0.14269654E+01
 0.16415643E+02, 0.14359449E+01
 0.16496085E+02, 0.14449245E+01
 0.16576528E+02, 0.14539044E+01
 0.16656974E+02, 0.14628844E+01
 0.16737421E+02, 0.14718647E+01
 0.16817871E+02, 0.14808452E+01
 0.16898322E+02, 0.14898259E+01
 0.16978775E+02, 0.14988068E+01
 0.17059230E+02, 0.15077879E+01
 0.17139686E+02, 0.15167692E+01
 0.17220145E+02, 0.15257507E+01
 0.17300605E+02, 0.15347324E+01
 0.17381067E+02, 0.15437143E+01
 0.17461530E+02, 0.15526963E+01
 0.17541995E+02, 0.15616786E+01
 0.17622462E+02, 0.15706610E+01
 0.17702930E+02, 0.15796436E+01
 0.17783400E+02, 0.15886264E+01
 0.17863872E+02, 0.15976093E+01
 0.17944345E+02, 0.16065925E+01
 0.18024819E+02, 0.16155758E+01
 0.18105295E+02, 0.16245592E+01
 0.18185773E+02, 0.16335429E+01
 0.18266252E+02, 0.16425267E+01
 0.18346732E+02, 0.16515106E+01
 0.18427214E+02, 0.16604947E+01
 0.18507697E+02, 0.16694790E+01
 0.18588181E+02, 0.16784634E+01
 0.18668667E+02, 0.16874479E+01
 0.18749154E+02, 0.16964326E+01
 0.18829642E+02, 0.17054175E+01
 0.18910132E+02, 0.17144024E+01
 0.18990623E+02, 0.17233876E+01
 0.19071115E+02, 0.17323728E+01
 0.19151608E+02, 0.17413582E+01
 0.19232102E+02, 0.17503437E+01
 0.19312598E+02, 0.17593293E+01
 0.19393094E+02, 0.17683151E+01
 0.19473592E+02, 0.17773010E+01
 0.19554091E+02, 0.17862870E+01
 0.19634591E+02, 0.17952731E+01
 0.19715091E+02, 0.18042594E+01
 0.19795593E+02, 0.18132457E+01
 0.19876096E+02, 0.18132457E+01
 0.19956600E+02, 0.18132457E+01
 0.20037104E+02, 0.18132457E+01
 0.20117610E+02, 0.18132457E+01
 0.20198116E+02, 0.18132457E+01
 0.20278624E+02, 0.18132457E+01
 0.20359132E+02, 0.18132457E+01
 0.20439640E+02, 0.18132457E+01
 0.20520150E+02, 0.18132457E+01
 0.20600661E+02, 0.18132457E+01
 0.20681172E+02, 0.18132457E+01
 0.20761684E+02, 0.18132457E+01
 0.20842196E+02, 0.18132457E+01
 0.20922709E+02, 0.18132457E+01
 0.21003223E+02, 0.18132457E+01
 0.21083738E+02, 0.18132457E+01
 0.21164253E+02, 0.18132457E+01
 0.21244768E+02, 0.18132457E+01
 0.21325285E+02, 0.18132457E+01
 0.21405801E+02, 0.18132457E+01
 0.21486318E+02, 0.18132457E+01
 0.21566836E+02, 0.18132457E+01
 0.21647354E+02, 0.18132457E+01
 0.21727873E+02, 0.18132457E+01
 0.21808392E+02, 0.18132457E+01
 0.21888911E+02, 0.18132457E+01
 0.21969431E+02, 0.18132457E+01
 0.22049951E+02, 0.18132457E+01
 0.22130471E+02, 0.18132457E+01
 0.22210992E+02, 0.18132457E+01
 0.22291512E+02, 0.18132457E+01
 0.22372033E+02, 0.18132457E+01
 0.22452555E+02, 0.18132457E+01
 0.22533076E+02, 0.18132457E+01
 0.22613598E+02, 0.18132457E+01
 0.22694120E+02, 0.18132457E+01
 0.22774642E+02, 0.18132457E+01
 0.22855164E+02, 0.18132457E+01
 0.22935686E+02, 0.18132457E+01
 0.23016208E+02, 0.18132457E+01
 0.23096730E+02, 0.18132457E+01
 0.23177245E+02, 0.18132457E+01
 0.23263916E+02, 0.18132457E+01
 0.23357127E+02, 0.18132457E+01
 0.23457269E+02, 0.18132457E+01
 0.23564742E+02, 0.18132457E+01
 0.23679948E+02, 0.18132457E+01
 0.23803290E+02, 0.18132457E+01
 0.23935168E+02, 0.18132457E+01
 0.24075970E+02, 0.18132457E+01
 0.24226073E+02, 0.18132457E+01
 0.24385831E+02, 0.18132457E+01
 0.24555573E+02, 0.18132457E+01
 0.24735591E+02, 0.18132457E+01
 0.24926137E+02, 0.18132457E+01
 0.25127412E+02, 0.18132457E+01
 0.25339558E+02, 0.18132457E+01
 0.25562651E+02, 0.18132457E+01
 0.25796691E+02, 0.18132457E+01
 0.26041595E+02, 0.18132457E+01
 0.26297191E+02, 0.18132457E+01
 0.26563211E+02, 0.18132457E+01
 0.26839285E+02, 0.18132457E+01
 0.27124941E+02, 0.18132457E+01
 0.27419601E+02, 0.18132457E+01
 0.27722584E+02, 0.18132457E+01
 0.28033107E+02, 0.18132457E+01
 0.28350293E+02, 0.18132457E+01
 0.28673177E+02, 0.18132457E+01
 0.29000719E+02, 0.18132457E+01
 0.29331813E+02, 0.18132457E+01
 0.29665303E+02, 0.18132457E+01
 0.30000000E+02, 0.18132457E+01
 0.00000000E+00, 0.20797019E+01
 0.79553127E-01, 0.20797019E+01
 0.15911293E+00, 0.20797019E+01
 0.23867938E+00, 0.20797019E+01
 0.31825247E+00, 0.20797019E+01
 0.39783216E+00, 0.20797019E+01
 0.47741844E+00, 0.20797019E+01
 0.55701129E+00, 0.20797019E+01
 0.63661067E+00, 0.20797019E+01
 0.71621657E+00, 0.20797019E+01
 0.79582896E+00, 0.20797019E+01
 0.87544783E+00, 0.20797019E+01
 0.95507315E+00, 0.20797019E+01
 0.10347049E+01, 0.20797019E+01
 0.11143430E+01, 0.20797019E+01
 0.11939876E+01, 0.20797019E+01
 0.12736385E+01, 0.20797019E+01
 0.13532957E+01, 0.20797019E+01
 0.14329592E+01, 0.20797019E+01
 0.15126291E+01, 0.20797019E+01
 0.15923052E+01, 0.20797019E+01
 0.16719875E+01, 0.20797019E+01
 0.17516761E+01, 0.20797019E+01
 0.18313709E+01, 0.20797019E+01
 0.19110718E+01, 0.20797019E+01
 0.19907790E+01, 0.20797019E+01
 0.20704922E+01, 0.20797019E+01
 0.21502116E+01, 0.20797019E+01
 0.22299370E+01, 0.20797019E+01
 0.23096685E+01, 0.20797019E+01
 0.23894061E+01, 0.20797019E+01
 0.24691496E+01, 0.20797019E+01
 0.25488992E+01, 0.20797019E+01
 0.26286547E+01, 0.20797019E+01
 0.27084162E+01, 0.20797019E+01
 0.27881836E+01, 0.20797019E+01
 0.28679570E+01, 0.20797019E+01
 0.29477362E+01, 0.20797019E+01
 0.30275212E+01, 0.20797019E+01
 0.31073121E+01, 0.20797019E+01
 0.31871089E+01, 0.20797019E+01
 0.32669114E+01, 0.20797019E+01
 0.33467197E+01, 0.20797019E+01
 0.34265337E+01, 0.20501252E+01
 0.35063534E+01, 0.20205464E+01
 0.35861789E+01, 0.19909656E+01
 0.36660100E+01, 0.19613826E+01
 0.37458468E+01, 0.19317975E+01
 0.38256892E+01, 0.19022103E+01
 0.39055373E+01, 0.18726211E+01
 0.39853909E+01, 0.18430298E+01
 0.40652500E+01, 0.18134364E+01
 0.41451148E+01, 0.17838409E+01
 0.42249850E+01, 0.17542435E+01
 0.43048607E+01, 0.17246439E+01
 0.43847419E+01, 0.16950424E+01
 0.44646286E+01, 0.16654388E+01
 0.45445207E+01, 0.16358333E+01
 0.46244182E+01, 0.16062257E+01
 0.47043210E+01, 0.15766161E+01
 0.47842292E+01, 0.15470046E+01
 0.48641428E+01, 0.15173910E+01
 0.49440617E+01, 0.14877755E+01
 0.50239858E+01, 0.14581581E+01
 0.51039152E+01, 0.14285387E+01
 0.51838499E+01, 0.13989173E+01
 0.52637898E+01, 0.13692940E+01
 0.53437349E+01, 0.13396688E+01
 0.54236851E+01, 0.13100417E+01
 0.55036405E+01, 0.12804127E+01
 0.55836011E+01, 0.12507817E+01
 0.56635667E+01, 0.12211489E+01
 0.57435374E+01, 0.11906850E+01
 0.58235132E+01, 0.11602192E+01
 0.59034940E+01, 0.11297515E+01
 0.59834799E+01, 0.10992819E+01
 0.60634707E+01, 0.10688103E+01
 0.61434665E+01, 0.10383369E+01
 0.62234672E+01, 0.10078616E+01
 0.63034729E+01, 0.97738443E+00
 0.63834834E+01, 0.94690538E+00
 0.64634989E+01, 0.94607576E+00
 0.65435191E+01, 0.94524609E+00
 0.66235443E+01, 0.94441637E+00
 0.67035742E+01, 0.94358660E+00
 0.67836089E+01, 0.94275678E+00
 0.68636483E+01, 0.94192691E+00
 0.69436925E+01, 0.94109699E+00
 0.70237414E+01, 0.94026702E+00
 0.71037950E+01, 0.93943700E+00
 0.71838533E+01, 0.93860694E+00
 0.72639162E+01, 0.93777682E+00
 0.73439837E+01, 0.93777682E+00
 0.74240559E+01, 0.93777682E+00
 0.75041326E+01, 0.93777682E+00
 0.75842138E+01, 0.93777682E+00
 0.76642996E+01, 0.93777682E+00
 0.77443899E+01, 0.93777682E+00
 0.78244847E+01, 0.93777682E+00
 0.79045839E+01, 0.93777682E+00
 0.79846876E+01, 0.93777682E+00
 0.80647957E+01, 0.93777682E+00
 0.81449081E+01, 0.93777682E+00
 0.82250250E+01, 0.93777682E+00
 0.83051462E+01, 0.93777682E+00
 0.83852717E+01, 0.93777682E+00
 0.84654015E+01, 0.93777682E+00
 0.85455356E+01, 0.93777682E+00
 0.86256739E+01, 0.93777682E+00
 0.87058164E+01, 0.93777682E+00
 0.87859632E+01, 0.93777682E+00
 0.88661141E+01, 0.93777682E+00
 0.89462692E+01, 0.93777682E+00
 0.90264285E+01, 0.93777682E+00
 0.91065918E+01, 0.93777682E+00
 0.91867593E+01, 0.93777682E+00
 0.92669308E+01, 0.93777682E+00
 0.93471063E+01, 0.93777682E+00
 0.94272859E+01, 0.93777682E+00
 0.95074694E+01, 0.93777682E+00
 0.95876569E+01, 0.93777682E+00
 0.96678484E+01, 0.93777682E+00
 0.97480438E+01, 0.93777682E+00
 0.98282431E+01, 0.93777682E+00
 0.99084463E+01, 0.93777682E+00
 0.99886534E+01, 0.93777682E+00
 0.10068864E+02, 0.93777682E+00
 0.10149079E+02, 0.93777682E+00
 0.10229297E+02, 0.93777682E+00
 0.10309520E+02, 0.93777682E+00
 0.10389746E+02, 0.93777682E+00
 0.10469975E+02, 0.93777682E+00
 0.10550209E+02, 0.93777682E+00
 0.10630446E+02, 0.93777682E+00
 0.10710686E+02, 0.93777682E+00
 0.10790931E+02, 0.93777682E+00
 0.10871179E+02, 0.93777682E+00
 0.10951430E+02, 0.93777682E+00
 0.11031685E+02, 0.93777682E+00
 0.11111944E+02, 0.93777682E+00
 0.11192206E+02, 0.93777682E+00
 0.11272471E+02, 0.93777682E+00
 0.11352740E+02, 0.93777682E+00
 0.11433013E+02, 0.93777682E+00
 0.11513289E+02, 0.93777682E+00
 0.11593568E+02, 0.93777682E+00
 0.11673851E+02, 0.93777682E+00
 0.11754137E+02, 0.94704704E+00
 0.11834426E+02, 0.95631764E+00
 0.11914719E+02, 0.96558863E+00
 0.11995015E+02, 0.97485999E+00
 0.12075314E+02, 0.98413173E+00
 0.12155616E+02, 0.99340383E+00
 0.12235922E+02, 0.10026763E+01
 0.12316230E+02, 0.10119492E+01
 0.12396542E+02, 0.10212224E+01
 0.12476857E+02, 0.10304959E+01
 0.12557175E+02, 0.10397699E+01
 0.12637497E+02, 0.10490442E+01
 0.12717821E+02, 0.10583188E+01
 0.12798148E+02, 0.10675938E+01
 0.12878478E+02, 0.10768691E+01
 0.12958812E+02, 0.10861448E+01
 0.13039148E+02, 0.10954208E+01
 0.13119487E+02, 0.11046972E+01
 0.13199829E+02, 0.11139739E+01
 0.13280175E+02, 0.11232510E+01
 0.13360522E+02, 0.11325283E+01
 0.13440873E+02, 0.11418060E+01
 0.13521227E+02, 0.11510841E+01
 0.13601583E+02, 0.11603624E+01
 0.13681943E+02, 0.11696411E+01
 0.13762304E+02, 0.11789201E+01
 0.13842669E+02, 0.11881994E+01
 0.13923037E+02, 0.11974790E+01
 0.14003407E+02, 0.12067589E+01
 0.14083779E+02, 0.12160392E+01
 0.14164155E+02, 0.12253197E+01
 0.14244533E+02, 0.12346006E+01
 0.14324913E+02, 0.12438817E+01
 0.14405297E+02, 0.12531632E+01
 0.14485682E+02, 0.12624449E+01
 0.14566071E+02, 0.12717269E+01
 0.14646461E+02, 0.12810092E+01
 0.14726855E+02, 0.12902918E+01
 0.14807250E+02, 0.12995747E+01
 0.14887648E+02, 0.13088579E+01
 0.14968049E+02, 0.13181413E+01
 0.15048452E+02, 0.13274251E+01
 0.15128857E+02, 0.13367091E+01
 0.15209265E+02, 0.13459933E+01
 0.15289675E+02, 0.13552778E+01
 0.15370087E+02, 0.13645626E+01
 0.15450501E+02, 0.13738477E+01
 0.15530918E+02, 0.13831330E+01
 0.15611337E+02, 0.13924186E+01
 0.15691758E+02, 0.14017044E+01
 0.15772181E+02, 0.14109905E+01
 0.15852607E+02, 0.14202768E+01
 0.15933034E+02, 0.14295634E+01
 0.16013464E+02, 0.14388502E+01
 0.16093896E+02, 0.14481372E+01
 0.16174329E+02, 0.14574245E+01
 0.16254765E+02, 0.14667120E+01
 0.16335203E+02, 0.14759998E+01
 0.16415643E+02, 0.14852878E+01
 0.16496085E+02, 0.14945760E+01
 0.16576528E+02, 0.15038644E+01
 0.16656974E+02, 0.15131530E+01
 0.16737421E+02, 0.15224419E+01
 0.16817871E+02, 0.15317310E+01
 0.16898322E+02, 0.15410203E+01
 0.16978775E+02, 0.15503098E+01
 0.17059230E+02, 0.15595995E+01
 0.17139686E+02, 0.15688894E+01
 0.17220145E+02, 0.15781796E+01
 0.17300605E+02, 0.15874699E+01
 0.17381067E+02, 0.15967604E+01
 0.17461530E+02, 0.16060511E+01
 0.17541995E+02, 0.16153420E+01
 0.17622462E+02, 0.16246331E+01
 0.17702930E+02, 0.16339244E+01
 0.17783400E+02, 0.16432158E+01
 0.17863872E+02, 0.16525075E+01
 0.17944345E+02, 0.16617993E+01
 0.18024819E+02, 0.16710913E+01
 0.18105295E+02, 0.16803834E+01
 0.18185773E+02, 0.16896757E+01
 0.18266252E+02, 0.16989682E+01
 0.18346732E+02, 0.17082609E+01
 0.18427214E+02, 0.17175537E+01
 0.18507697E+02, 0.17268467E+01
 0.18588181E+02, 0.17361398E+01
 0.18668667E+02, 0.17454331E+01
 0.18749154E+02, 0.17547266E+01
 0.18829642E+02, 0.17640201E+01
 0.18910132E+02, 0.17733139E+01
 0.18990623E+02, 0.17826077E+01
 0.19071115E+02, 0.17919017E+01
 0.19151608E+02, 0.18011959E+01
 0.19232102E+02, 0.18104902E+01
 0.19312598E+02, 0.18197846E+01
 0.19393094E+02, 0.18290791E+01
 0.19473592E+02, 0.18383738E+01
 0.19554091E+02, 0.18476686E+01
 0.19634591E+02, 0.18569635E+01
 0.19715091E+02, 0.18662585E+01
 0.19795593E+02, 0.18755536E+01
 0.19876096E+02, 0.18755536E+01
 0.19956600E+02, 0.18755536E+01
 0.20037104E+02, 0.18755536E+01
 0.20117610E+02, 0.18755536E+01
 0.20198116E+02, 0.18755536E+01
 0.20278624E+02, 0.18755536E+01
 0.20359132E+02, 0.18755536E+01
 0.20439640E+02, 0.18755536E+01
 0.20520150E+02, 0.18755536E+01
 0.20600661E+02, 0.18755536E+01
 0.20681172E+02, 0.18755536E+01
 0.20761684E+02, 0.18755536E+01
 0.20842196E+02, 0.18755536E+01
 0.20922709E+02, 0.18755536E+01
 0.21003223E+02, 0.18755536E+01
 0.21083738E+02, 0.18755536E+01
 0.21164253E+02, 0.18755536E+01
 0.21244768E+02, 0.18755536E+01
 0.21325285E+02, 0.18755536E+01
 0.21405801E+02, 0.18755536E+01
 0.21486318E+02, 0.18755536E+01
 0.21566836E+02, 0.18755536E+01
 0.21647354E+02, 0.18755536E+01
 0.21727873E+02, 0.18755536E+01
 0.21808392E+02, 0.18755536E+01
 0.21888911E+02, 0.18755536E+01
 0.21969431E+02, 0.18755536E+01
 0.22049951E+02, 0.18755536E+01
 0.22130471E+02, 0.18755536E+01
 0.22210992E+02, 0.18755536E+01
 0.22291512E+02, 0.18755536E+01
 0.22372033E+02, 0.18755536E+01
 0.22452555E+02, 0.18755536E+01
 0.22533076E+02, 0.18755536E+01
 0.22613598E+02, 0.18755536E+01
 0.22694120E+02, 0.18755536E+01
 0.22774642E+02, 0.18755536E+01
 0.22855164E+02, 0.18755536E+01
 0.22935686E+02, 0.18755536E+01
 0.23016208E+02, 0.18755536E+01
 0.23096730E+02, 0.18755536E+01
 0.23177245E+02, 0.18755536E+01
 0.23263916E+02, 0.18755536E+01
 0.23357127E+02, 0.18755536E+01
 0.23457269E+02, 0.18755536E+01
 0.23564742E+02, 0.18755536E+01
 0.23679948E+02, 0.18755536E+01
 0.23803290E+02, 0.18755536E+01
 0.23935168E+02, 0.18755536E+01
 0.24075970E+02, 0.18755536E+01
 0.24226073E+02, 0.18755536E+01
 0.24385831E+02, 0.18755536E+01
 0.24555573E+02, 0.18755536E+01
 0.24735591E+02, 0.18755536E+01
 0.24926137E+02, 0.18755536E+01
 0.25127412E+02, 0.18755536E+01
 0.25339558E+02, 0.18755536E+01
 0.25562651E+02, 0.18755536E+01
 0.25796691E+02, 0.18755536E+01
 0.26041595E+02, 0.18755536E+01
 0.26297191E+02, 0.18755536E+01
 0.26563211E+02, 0.18755536E+01
 0.26839285E+02, 0.18755536E+01
 0.27124941E+02, 0.18755536E+01
 0.27419601E+02, 0.18755536E+01
 0.27722584E+02, 0.18755536E+01
 0.28033107E+02, 0.18755536E+01
 0.28350293E+02, 0.18755536E+01
 0.28673177E+02, 0.18755536E+01
 0.29000719E+02, 0.18755536E+01
 0.29331813E+02, 0.18755536E+01
 0.29665303E+02, 0.18755536E+01
 0.30000000E+02, 0.18755536E+01
 0.00000000E+00, 0.21398795E+01
 0.79553127E-01, 0.21398795E+01
 0.15911293E+00, 0.21398795E+01
 0.23867938E+00, 0.21398795E+01
 0.31825247E+00, 0.21398795E+01
 0.39783216E+00, 0.21398795E+01
 0.47741844E+00, 0.21398795E+01
 0.55701129E+00, 0.21398795E+01
 0.63661067E+00, 0.21398795E+01
 0.71621657E+00, 0.21398795E+01
 0.79582896E+00, 0.21398795E+01
 0.87544783E+00, 0.21398795E+01
 0.95507315E+00, 0.21398795E+01
 0.10347049E+01, 0.21398795E+01
 0.11143430E+01, 0.21398795E+01
 0.11939876E+01, 0.21398795E+01
 0.12736385E+01, 0.21398795E+01
 0.13532957E+01, 0.21398795E+01
 0.14329592E+01, 0.21398795E+01
 0.15126291E+01, 0.21398795E+01
 0.15923052E+01, 0.21398795E+01
 0.16719875E+01, 0.21398795E+01
 0.17516761E+01, 0.21398795E+01
 0.18313709E+01, 0.21398795E+01
 0.19110718E+01, 0.21398795E+01
 0.19907790E+01, 0.21398795E+01
 0.20704922E+01, 0.21398795E+01
 0.21502116E+01, 0.21398795E+01
 0.22299370E+01, 0.21398795E+01
 0.23096685E+01, 0.21398795E+01
 0.23894061E+01, 0.21398795E+01
 0.24691496E+01, 0.21398795E+01
 0.25488992E+01, 0.21398795E+01
 0.26286547E+01, 0.21398795E+01
 0.27084162E+01, 0.21398795E+01
 0.27881836E+01, 0.21398795E+01
 0.28679570E+01, 0.21398795E+01
 0.29477362E+01, 0.21398795E+01
 0.30275212E+01, 0.21398795E+01
 0.31073121E+01, 0.21398795E+01
 0.31871089E+01, 0.21398795E+01
 0.32669114E+01, 0.21398795E+01
 0.33467197E+01, 0.21398795E+01
 0.34265337E+01, 0.21093211E+01
 0.35063534E+01, 0.20787606E+01
 0.35861789E+01, 0.20481979E+01
 0.36660100E+01, 0.20176330E+01
 0.37458468E+01, 0.19870659E+01
 0.38256892E+01, 0.19564967E+01
 0.39055373E+01, 0.19259254E+01
 0.39853909E+01, 0.18953518E+01
 0.40652500E+01, 0.18647762E+01
 0.41451148E+01, 0.18341985E+01
 0.42249850E+01, 0.18036186E+01
 0.43048607E+01, 0.17730366E+01
 0.43847419E+01, 0.17424526E+01
 0.44646286E+01, 0.17118664E+01
 0.45445207E+01, 0.16812782E+01
 0.46244182E+01, 0.16506879E+01
 0.47043210E+01, 0.16200955E+01
 0.47842292E+01, 0.15895011E+01
 0.48641428E+01, 0.15589047E+01
 0.49440617E+01, 0.15283062E+01
 0.50239858E+01, 0.14977057E+01
 0.51039152E+01, 0.14671031E+01
 0.51838499E+01, 0.14364986E+01
 0.52637898E+01, 0.14058921E+01
 0.53437349E+01, 0.13752835E+01
 0.54236851E+01, 0.13446730E+01
 0.55036405E+01, 0.13140606E+01
 0.55836011E+01, 0.12834461E+01
 0.56635667E+01, 0.12528297E+01
 0.57435374E+01, 0.12217970E+01
 0.58235132E+01, 0.11907623E+01
 0.59034940E+01, 0.11597257E+01
 0.59834799E+01, 0.11286871E+01
 0.60634707E+01, 0.10976466E+01
 0.61434665E+01, 0.10666041E+01
 0.62234672E+01, 0.10355598E+01
 0.63034729E+01, 0.10045135E+01
 0.63834834E+01, 0.97346530E+00
 0.64634989E+01, 0.97305068E+00
 0.65435191E+01, 0.97263605E+00
 0.66235443E+01, 0.97222138E+00
 0.67035742E+01, 0.97180669E+00
 0.67836089E+01, 0.97139198E+00
 0.68636483E+01, 0.97097724E+00
 0.69436925E+01, 0.97056248E+00
 0.70237414E+01, 0.97014769E+00
 0.71037950E+01, 0.96973288E+00
 0.71838533E+01, 0.96931804E+00
 0.72639162E+01, 0.96890318E+00
 0.73439837E+01, 0.96890318E+00
 0.74240559E+01, 0.96890318E+00
 0.75041326E+01, 0.96890318E+00
 0.75842138E+01, 0.96890318E+00
 0.76642996E+01, 0.96890318E+00
 0.77443899E+01, 0.96890318E+00
 0.78244847E+01, 0.96890318E+00
 0.79045839E+01, 0.96890318E+00
 0.79846876E+01, 0.96890318E+00
 0.80647957E+01, 0.96890318E+00
 0.81449081E+01, 0.96890318E+00
 0.82250250E+01, 0.96890318E+00
 0.83051462E+01, 0.96890318E+00
 0.83852717E+01, 0.96890318E+00
 0.84654015E+01, 0.96890318E+00
 0.85455356E+01, 0.96890318E+00
 0.86256739E+01, 0.96890318E+00
 0.87058164E+01, 0.96890318E+00
 0.87859632E+01, 0.96890318E+00
 0.88661141E+01, 0.96890318E+00
 0.89462692E+01, 0.96890318E+00
 0.90264285E+01, 0.96890318E+00
 0.91065918E+01, 0.96890318E+00
 0.91867593E+01, 0.96890318E+00
 0.92669308E+01, 0.96890318E+00
 0.93471063E+01, 0.96890318E+00
 0.94272859E+01, 0.96890318E+00
 0.95074694E+01, 0.96890318E+00
 0.95876569E+01, 0.96890318E+00
 0.96678484E+01, 0.96890318E+00
 0.97480438E+01, 0.96890318E+00
 0.98282431E+01, 0.96890318E+00
 0.99084463E+01, 0.96890318E+00
 0.99886534E+01, 0.96890318E+00
 0.10068864E+02, 0.96890318E+00
 0.10149079E+02, 0.96890318E+00
 0.10229297E+02, 0.96890318E+00
 0.10309520E+02, 0.96890318E+00
 0.10389746E+02, 0.96890318E+00
 0.10469975E+02, 0.96890318E+00
 0.10550209E+02, 0.96890318E+00
 0.10630446E+02, 0.96890318E+00
 0.10710686E+02, 0.96890318E+00
 0.10790931E+02, 0.96890318E+00
 0.10871179E+02, 0.96890318E+00
 0.10951430E+02, 0.96890318E+00
 0.11031685E+02, 0.96890318E+00
 0.11111944E+02, 0.96890318E+00
 0.11192206E+02, 0.96890318E+00
 0.11272471E+02, 0.96890318E+00
 0.11352740E+02, 0.96890318E+00
 0.11433013E+02, 0.96890318E+00
 0.11513289E+02, 0.96890318E+00
 0.11593568E+02, 0.96890318E+00
 0.11673851E+02, 0.96890318E+00
 0.11754137E+02, 0.97848110E+00
 0.11834426E+02, 0.98805941E+00
 0.11914719E+02, 0.99763811E+00
 0.11995015E+02, 0.10072172E+01
 0.12075314E+02, 0.10167967E+01
 0.12155616E+02, 0.10263765E+01
 0.12235922E+02, 0.10359568E+01
 0.12316230E+02, 0.10455374E+01
 0.12396542E+02, 0.10551184E+01
 0.12476857E+02, 0.10646998E+01
 0.12557175E+02, 0.10742816E+01
 0.12637497E+02, 0.10838637E+01
 0.12717821E+02, 0.10934462E+01
 0.12798148E+02, 0.11030290E+01
 0.12878478E+02, 0.11126122E+01
 0.12958812E+02, 0.11221958E+01
 0.13039148E+02, 0.11317797E+01
 0.13119487E+02, 0.11413639E+01
 0.13199829E+02, 0.11509486E+01
 0.13280175E+02, 0.11605335E+01
 0.13360522E+02, 0.11701188E+01
 0.13440873E+02, 0.11797045E+01
 0.13521227E+02, 0.11892905E+01
 0.13601583E+02, 0.11988768E+01
 0.13681943E+02, 0.12084634E+01
 0.13762304E+02, 0.12180504E+01
 0.13842669E+02, 0.12276377E+01
 0.13923037E+02, 0.12372253E+01
 0.14003407E+02, 0.12468133E+01
 0.14083779E+02, 0.12564015E+01
 0.14164155E+02, 0.12659901E+01
 0.14244533E+02, 0.12755790E+01
 0.14324913E+02, 0.12851682E+01
 0.14405297E+02, 0.12947577E+01
 0.14485682E+02, 0.13043475E+01
 0.14566071E+02, 0.13139376E+01
 0.14646461E+02, 0.13235281E+01
 0.14726855E+02, 0.13331188E+01
 0.14807250E+02, 0.13427098E+01
 0.14887648E+02, 0.13523011E+01
 0.14968049E+02, 0.13618926E+01
 0.15048452E+02, 0.13714845E+01
 0.15128857E+02, 0.13810766E+01
 0.15209265E+02, 0.13906691E+01
 0.15289675E+02, 0.14002618E+01
 0.15370087E+02, 0.14098547E+01
 0.15450501E+02, 0.14194480E+01
 0.15530918E+02, 0.14290415E+01
 0.15611337E+02, 0.14386352E+01
 0.15691758E+02, 0.14482293E+01
 0.15772181E+02, 0.14578236E+01
 0.15852607E+02, 0.14674181E+01
 0.15933034E+02, 0.14770129E+01
 0.16013464E+02, 0.14866080E+01
 0.16093896E+02, 0.14962033E+01
 0.16174329E+02, 0.15057988E+01
 0.16254765E+02, 0.15153946E+01
 0.16335203E+02, 0.15249906E+01
 0.16415643E+02, 0.15345869E+01
 0.16496085E+02, 0.15441834E+01
 0.16576528E+02, 0.15537801E+01
 0.16656974E+02, 0.15633771E+01
 0.16737421E+02, 0.15729743E+01
 0.16817871E+02, 0.15825717E+01
 0.16898322E+02, 0.15921693E+01
 0.16978775E+02, 0.16017671E+01
 0.17059230E+02, 0.16113652E+01
 0.17139686E+02, 0.16209635E+01
 0.17220145E+02, 0.16305619E+01
 0.17300605E+02, 0.16401606E+01
 0.17381067E+02, 0.16497595E+01
 0.17461530E+02, 0.16593586E+01
 0.17541995E+02, 0.16689579E+01
 0.17622462E+02, 0.16785573E+01
 0.17702930E+02, 0.16881570E+01
 0.17783400E+02, 0.16977569E+01
 0.17863872E+02, 0.17073569E+01
 0.17944345E+02, 0.17169571E+01
 0.18024819E+02, 0.17265575E+01
 0.18105295E+02, 0.17361581E+01
 0.18185773E+02, 0.17457589E+01
 0.18266252E+02, 0.17553598E+01
 0.18346732E+02, 0.17649609E+01
 0.18427214E+02, 0.17745622E+01
 0.18507697E+02, 0.17841636E+01
 0.18588181E+02, 0.17937652E+01
 0.18668667E+02, 0.18033669E+01
 0.18749154E+02, 0.18129688E+01
 0.18829642E+02, 0.18225709E+01
 0.18910132E+02, 0.18321731E+01
 0.18990623E+02, 0.18417754E+01
 0.19071115E+02, 0.18513779E+01
 0.19151608E+02, 0.18609806E+01
 0.19232102E+02, 0.18705833E+01
 0.19312598E+02, 0.18801862E+01
 0.19393094E+02, 0.18897893E+01
 0.19473592E+02, 0.18993925E+01
 0.19554091E+02, 0.19089957E+01
 0.19634591E+02, 0.19185992E+01
 0.19715091E+02, 0.19282027E+01
 0.19795593E+02, 0.19378064E+01
 0.19876096E+02, 0.19378064E+01
 0.19956600E+02, 0.19378064E+01
 0.20037104E+02, 0.19378064E+01
 0.20117610E+02, 0.19378064E+01
 0.20198116E+02, 0.19378064E+01
 0.20278624E+02, 0.19378064E+01
 0.20359132E+02, 0.19378064E+01
 0.20439640E+02, 0.19378064E+01
 0.20520150E+02, 0.19378064E+01
 0.20600661E+02, 0.19378064E+01
 0.20681172E+02, 0.19378064E+01
 0.20761684E+02, 0.19378064E+01
 0.20842196E+02, 0.19378064E+01
 0.20922709E+02, 0.19378064E+01
 0.21003223E+02, 0.19378064E+01
 0.21083738E+02, 0.19378064E+01
 0.21164253E+02, 0.19378064E+01
 0.21244768E+02, 0.19378064E+01
 0.21325285E+02, 0.19378064E+01
 0.21405801E+02, 0.19378064E+01
 0.21486318E+02, 0.19378064E+01
 0.21566836E+02, 0.19378064E+01
 0.21647354E+02, 0.19378064E+01
 0.21727873E+02, 0.19378064E+01
 0.21808392E+02, 0.19378064E+01
 0.21888911E+02, 0.19378064E+01
 0.21969431E+02, 0.19378064E+01
 0.22049951E+02, 0.19378064E+01
 0.22130471E+02, 0.19378064E+01
 0.22210992E+02, 0.19378064E+01
 0.22291512E+02, 0.19378064E+01
 0.22372033E+02, 0.19378064E+01
 0.22452555E+02, 0.19378064E+01
 0.22533076E+02, 0.19378064E+01
 0.22613598E+02, 0.19378064E+01
 0.22694120E+02, 0.19378064E+01
 0.22774642E+02, 0.19378064E+01
 0.22855164E+02, 0.19378064E+01
 0.22935686E+02, 0.19378064E+01
 0.23016208E+02, 0.19378064E+01
 0.23096730E+02, 0.19378064E+01
 0.23177245E+02, 0.19378064E+01
 0.23263916E+02, 0.19378064E+01
 0.23357127E+02, 0.19378064E+01
 0.23457269E+02, 0.19378064E+01
 0.23564742E+02, 0.19378064E+01
 0.23679948E+02, 0.19378064E+01
 0.23803290E+02, 0.19378064E+01
 0.23935168E+02, 0.19378064E+01
 0.24075970E+02, 0.19378064E+01
 0.24226073E+02, 0.19378064E+01
 0.24385831E+02, 0.19378064E+01
 0.24555573E+02, 0.19378064E+01
 0.24735591E+02, 0.19378064E+01
 0.24926137E+02, 0.19378064E+01
 0.25127412E+02, 0.19378064E+01
 0.25339558E+02, 0.19378064E+01
 0.25562651E+02, 0.19378064E+01
 0.25796691E+02, 0.19378064E+01
 0.26041595E+02, 0.19378064E+01
 0.26297191E+02, 0.19378064E+01
 0.26563211E+02, 0.19378064E+01
 0.26839285E+02, 0.19378064E+01
 0.27124941E+02, 0.19378064E+01
 0.27419601E+02, 0.19378064E+01
 0.27722584E+02, 0.19378064E+01
 0.28033107E+02, 0.19378064E+01
 0.28350293E+02, 0.19378064E+01
 0.28673177E+02, 0.19378064E+01
 0.29000719E+02, 0.19378064E+01
 0.29331813E+02, 0.19378064E+01
 0.29665303E+02, 0.19378064E+01
 0.30000000E+02, 0.19378064E+01
 0.00000000E+00, 0.22000000E+01
 0.79553127E-01, 0.22000000E+01
 0.15911293E+00, 0.22000000E+01
 0.23867938E+00, 0.22000000E+01
 0.31825247E+00, 0.22000000E+01
 0.39783216E+00, 0.22000000E+01
 0.47741844E+00, 0.22000000E+01
 0.55701129E+00, 0.22000000E+01
 0.63661067E+00, 0.22000000E+01
 0.71621657E+00, 0.22000000E+01
 0.79582896E+00, 0.22000000E+01
 0.87544783E+00, 0.22000000E+01
 0.95507315E+00, 0.22000000E+01
 0.10347049E+01, 0.22000000E+01
 0.11143430E+01, 0.22000000E+01
 0.11939876E+01, 0.22000000E+01
 0.12736385E+01, 0.22000000E+01
 0.13532957E+01, 0.22000000E+01
 0.14329592E+01, 0.22000000E+01
 0.15126291E+01, 0.22000000E+01
 0.15923052E+01, 0.22000000E+01
 0.16719875E+01, 0.22000000E+01
 0.17516761E+01, 0.22000000E+01
 0.18313709E+01, 0.22000000E+01
 0.19110718E+01, 0.22000000E+01
 0.19907790E+01, 0.22000000E+01
 0.20704922E+01, 0.22000000E+01
 0.21502116E+01, 0.22000000E+01
 0.22299370E+01, 0.22000000E+01
 0.23096685E+01, 0.22000000E+01
 0.23894061E+01, 0.22000000E+01
 0.24691496E+01, 0.22000000E+01
 0.25488992E+01, 0.22000000E+01
 0.26286547E+01, 0.22000000E+01
 0.27084162E+01, 0.22000000E+01
 0.27881836E+01, 0.22000000E+01
 0.28679570E+01, 0.22000000E+01
 0.29477362E+01, 0.22000000E+01
 0.30275212E+01, 0.22000000E+01
 0.31073121E+01, 0.22000000E+01
 0.31871089E+01, 0.22000000E+01
 0.32669114E+01, 0.22000000E+01
 0.33467197E+01, 0.22000000E+01
 0.34265337E+01, 0.21684609E+01
 0.35063534E+01, 0.21369195E+01
 0.35861789E+01, 0.21053759E+01
 0.36660100E+01, 0.20738300E+01
 0.37458468E+01, 0.20422819E+01
 0.38256892E+01, 0.20107316E+01
 0.39055373E+01, 0.19791790E+01
 0.39853909E+01, 0.19476243E+01
 0.40652500E+01, 0.19160673E+01
 0.41451148E+01, 0.18845082E+01
 0.42249850E+01, 0.18529469E+01
 0.43048607E+01, 0.18213834E+01
 0.43847419E+01, 0.17898177E+01
 0.44646286E+01, 0.17582499E+01
 0.45445207E+01, 0.17266799E+01
 0.46244182E+01, 0.16951078E+01
 0.47043210E+01, 0.16635336E+01
 0.47842292E+01, 0.16319573E+01
 0.48641428E+01, 0.16003789E+01
 0.49440617E+01, 0.15687983E+01
 0.50239858E+01, 0.15372157E+01
 0.51039152E+01, 0.15056310E+01
 0.51838499E+01, 0.14740442E+01
 0.52637898E+01, 0.14424553E+01
 0.53437349E+01, 0.14108644E+01
 0.54236851E+01, 0.13792715E+01
 0.55036405E+01, 0.13476765E+01
 0.55836011E+01, 0.13160795E+01
 0.56635667E+01, 0.12844805E+01
 0.57435374E+01, 0.12528795E+01
 0.58235132E+01, 0.12212764E+01
 0.59034940E+01, 0.11896714E+01
 0.59834799E+01, 0.11580644E+01
 0.60634707E+01, 0.11264554E+01
 0.61434665E+01, 0.10948445E+01
 0.62234672E+01, 0.10632316E+01
 0.63034729E+01, 0.10316168E+01
 0.63834834E+01, 0.10000000E+01
 0.64634989E+01, 0.10000000E+01
 0.65435191E+01, 0.10000000E+01
 0.66235443E+01, 0.10000000E+01
 0.67035742E+01, 0.10000000E+01
 0.67836089E+01, 0.10000000E+01
 0.68636483E+01, 0.10000000E+01
 0.69436925E+01, 0.10000000E+01
 0.70237414E+01, 0.10000000E+01
 0.71037950E+01, 0.10000000E+01
 0.71838533E+01, 0.10000000E+01
 0.72639162E+01, 0.10000000E+01
 0.73439837E+01, 0.10000000E+01
 0.74240559E+01, 0.10000000E+01
 0.75041326E+01, 0.10000000E+01
 0.75842138E+01, 0.10000000E+01
 0.76642996E+01, 0.10000000E+01
 0.77443899E+01, 0.10000000E+01
 0.78244847E+01, 0.10000000E+01
 0.79045839E+01, 0.10000000E+01
 0.79846876E+01, 0.10000000E+01
 0.80647957E+01, 0.10000000E+01
 0.81449081E+01, 0.10000000E+01
 0.82250250E+01, 0.10000000E+01
 0.83051462E+01, 0.10000000E+01
 0.83852717E+01, 0.10000000E+01
 0.84654015E+01, 0.10000000E+01
 0.85455356E+01, 0.10000000E+01
 0.86256739E+01, 0.10000000E+01
 0.87058164E+01, 0.10000000E+01
 0.87859632E+01, 0.10000000E+01
 0.88661141E+01, 0.10000000E+01
 0.89462692E+01, 0.10000000E+01
 0.90264285E+01, 0.10000000E+01
 0.91065918E+01, 0.10000000E+01
 0.91867593E+01, 0.10000000E+01
 0.92669308E+01, 0.10000000E+01
 0.93471063E+01, 0.10000000E+01
 0.94272859E+01, 0.10000000E+01
 0.95074694E+01, 0.10000000E+01
 0.95876569E+01, 0.10000000E+01
 0.96678484E+01, 0.10000000E+01
 0.97480438E+01, 0.10000000E+01
 0.98282431E+01, 0.10000000E+01
 0.99084463E+01, 0.10000000E+01
 0.99886534E+01, 0.10000000E+01
 0.10068864E+02, 0.10000000E+01
 0.10149079E+02, 0.10000000E+01
 0.10229297E+02, 0.10000000E+01
 0.10309520E+02, 0.10000000E+01
 0.10389746E+02, 0.10000000E+01
 0.10469975E+02, 0.10000000E+01
 0.10550209E+02, 0.10000000E+01
 0.10630446E+02, 0.10000000E+01
 0.10710686E+02, 0.10000000E+01
 0.10790931E+02, 0.10000000E+01
 0.10871179E+02, 0.10000000E+01
 0.10951430E+02, 0.10000000E+01
 0.11031685E+02, 0.10000000E+01
 0.11111944E+02, 0.10000000E+01
 0.11192206E+02, 0.10000000E+01
 0.11272471E+02, 0.10000000E+01
 0.11352740E+02, 0.10000000E+01
 0.11433013E+02, 0.10000000E+01
 0.11513289E+02, 0.10000000E+01
 0.11593568E+02, 0.10000000E+01
 0.11673851E+02, 0.10000000E+01
 0.11754137E+02, 0.10098853E+01
 0.11834426E+02, 0.10197710E+01
 0.11914719E+02, 0.10296572E+01
 0.11995015E+02, 0.10395437E+01
 0.12075314E+02, 0.10494306E+01
 0.12155616E+02, 0.10593180E+01
 0.12235922E+02, 0.10692057E+01
 0.12316230E+02, 0.10790938E+01
 0.12396542E+02, 0.10889823E+01
 0.12476857E+02, 0.10988712E+01
 0.12557175E+02, 0.11087605E+01
 0.12637497E+02, 0.11186501E+01
 0.12717821E+02, 0.11285402E+01
 0.12798148E+02, 0.11384306E+01
 0.12878478E+02, 0.11483213E+01
 0.12958812E+02, 0.11582125E+01
 0.13039148E+02, 0.11681040E+01
 0.13119487E+02, 0.11779959E+01
 0.13199829E+02, 0.11878881E+01
 0.13280175E+02, 0.11977807E+01
 0.13360522E+02, 0.12076736E+01
 0.13440873E+02, 0.12175669E+01
 0.13521227E+02, 0.12274606E+01
 0.13601583E+02, 0.12373546E+01
 0.13681943E+02, 0.12472489E+01
 0.13762304E+02, 0.12571436E+01
 0.13842669E+02, 0.12670386E+01
 0.13923037E+02, 0.12769339E+01
 0.14003407E+02, 0.12868296E+01
 0.14083779E+02, 0.12967256E+01
 0.14164155E+02, 0.13066219E+01
 0.14244533E+02, 0.13165185E+01
 0.14324913E+02, 0.13264155E+01
 0.14405297E+02, 0.13363128E+01
 0.14485682E+02, 0.13462104E+01
 0.14566071E+02, 0.13561083E+01
 0.14646461E+02, 0.13660065E+01
 0.14726855E+02, 0.13759050E+01
 0.14807250E+02, 0.13858039E+01
 0.14887648E+02, 0.13957030E+01
 0.14968049E+02, 0.14056024E+01
 0.15048452E+02, 0.14155021E+01
 0.15128857E+02, 0.14254021E+01
 0.15209265E+02, 0.14353024E+01
 0.15289675E+02, 0.14452030E+01
 0.15370087E+02, 0.14551038E+01
 0.15450501E+02, 0.14650050E+01
 0.15530918E+02, 0.14749064E+01
 0.15611337E+02, 0.14848080E+01
 0.15691758E+02, 0.14947100E+01
 0.15772181E+02, 0.15046122E+01
 0.15852607E+02, 0.15145147E+01
 0.15933034E+02, 0.15244175E+01
 0.16013464E+02, 0.15343205E+01
 0.16093896E+02, 0.15442237E+01
 0.16174329E+02, 0.15541272E+01
 0.16254765E+02, 0.15640310E+01
 0.16335203E+02, 0.15739350E+01
 0.16415643E+02, 0.15838393E+01
 0.16496085E+02, 0.15937438E+01
 0.16576528E+02, 0.16036485E+01
 0.16656974E+02, 0.16135535E+01
 0.16737421E+02, 0.16234587E+01
 0.16817871E+02, 0.16333641E+01
 0.16898322E+02, 0.16432698E+01
 0.16978775E+02, 0.16531756E+01
 0.17059230E+02, 0.16630817E+01
 0.17139686E+02, 0.16729881E+01
 0.17220145E+02, 0.16828946E+01
 0.17300605E+02, 0.16928014E+01
 0.17381067E+02, 0.17027083E+01
 0.17461530E+02, 0.17126155E+01
 0.17541995E+02, 0.17225228E+01
 0.17622462E+02, 0.17324304E+01
 0.17702930E+02, 0.17423382E+01
 0.17783400E+02, 0.17522461E+01
 0.17863872E+02, 0.17621543E+01
 0.17944345E+02, 0.17720626E+01
 0.18024819E+02, 0.17819712E+01
 0.18105295E+02, 0.17918799E+01
 0.18185773E+02, 0.18017888E+01
 0.18266252E+02, 0.18116978E+01
 0.18346732E+02, 0.18216071E+01
 0.18427214E+02, 0.18315165E+01
 0.18507697E+02, 0.18414261E+01
 0.18588181E+02, 0.18513358E+01
 0.18668667E+02, 0.18612457E+01
 0.18749154E+02, 0.18711558E+01
 0.18829642E+02, 0.18810660E+01
 0.18910132E+02, 0.18909764E+01
 0.18990623E+02, 0.19008870E+01
 0.19071115E+02, 0.19107977E+01
 0.19151608E+02, 0.19207085E+01
 0.19232102E+02, 0.19306195E+01
 0.19312598E+02, 0.19405306E+01
 0.19393094E+02, 0.19504418E+01
 0.19473592E+02, 0.19603532E+01
 0.19554091E+02, 0.19702647E+01
 0.19634591E+02, 0.19801763E+01
 0.19715091E+02, 0.19900881E+01
 0.19795593E+02, 0.20000000E+01
 0.19876096E+02, 0.20000000E+01
 0.19956600E+02, 0.20000000E+01
 0.20037104E+02, 0.20000000E+01
 0.20117610E+02, 0.20000000E+01
 0.20198116E+02, 0.20000000E+01
 0.20278624E+02, 0.20000000E+01
 0.20359132E+02, 0.20000000E+01
 0.20439640E+02, 0.20000000E+01
 0.20520150E+02, 0.20000000E+01
 0.20600661E+02, 0.20000000E+01
 0.20681172E+02, 0.20000000E+01
 0.20761684E+02, 0.20000000E+01
 0.20842196E+02, 0.20000000E+01
 0.20922709E+02, 0.20000000E+01
 0.21003223E+02, 0.20000000E+01
 0.21083738E+02, 0.20000000E+01
 0.21164253E+02, 0.20000000E+01
 0.21244768E+02, 0.20000000E+01
 0.21325285E+02, 0.20000000E+01
 0.21405801E+02, 0.20000000E+01
 0.21486318E+02, 0.20000000E+01
 0.21566836E+02, 0.20000000E+01
 0.21647354E+02, 0.20000000E+01
 0.21727873E+02, 0.20000000E+01
 0.21808392E+02, 0.20000000E+01
 0.21888911E+02, 0.20000000E+01
 0.21969431E+02, 0.20000000E+01
 0.22049951E+02, 0.20000000E+01
 0.22130471E+02, 0.20000000E+01
 0.22210992E+02, 0.20000000E+01
 0.22291512E+02, 0.20000000E+01
 0.22372033E+02, 0.20000000E+01
 0.22452555E+02, 0.20000000E+01
 0.22533076E+02, 0.20000000E+01
 0.22613598E+02, 0.20000000E+01
 0.22694120E+02, 0.20000000E+01
 0.22774642E+02, 0.20000000E+01
 0.22855164E+02, 0.20000000E+01
 0.22935686E+02, 0.20000000E+01
 0.23016208E+02, 0.20000000E+01
 0.23096730E+02, 0.20000000E+01
 0.23177245E+02, 0.20000000E+01
 0.23263916E+02, 0.20000000E+01
 0.23357127E+02, 0.20000000E+01
 0.23457269E+02, 0.20000000E+01
 0.23564742E+02, 0.20000000E+01
 0.23679948E+02, 0.20000000E+01
 0.23803290E+02, 0.20000000E+01
 0.23935168E+02, 0.20000000E+01
 0.24075970E+02, 0.20000000E+01
 0.24226073E+02, 0.20000000E+01
 0.24385831E+02, 0.20000000E+01
 0.24555573E+02, 0.20000000E+01
 0.24735591E+02, 0.20000000E+01
 0.24926137E+02, 0.20000000E+01
 0.25127412E+02, 0.20000000E+01
 0.25339558E+02, 0.20000000E+01
 0.25562651E+02, 0.20000000E+01
 0.25796691E+02, 0.20000000E+01
 0.26041595E+02, 0.20000000E+01
 0.26297191E+02, 0.20000000E+01
 0.26563211E+02, 0.20000000E+01
 0.26839285E+02, 0.20000000E+01
 0.27124941E+02, 0.20000000E+01
 0.27419601E+02, 0.20000000E+01
 0.27722584E+02, 0.20000000E+01
 0.28033107E+02, 0.20000000E+01
 0.28350293E+02, 0.20000000E+01
 0.28673177E+02, 0.20000000E+01
 0.29000719E+02, 0.20000000E+01
 0.29331813E+02, 0.20000000E+01
 0.29665303E+02, 0.20000000E+01
 0.30000000E+02, 0.20000000E+01
