0.000448311,0.000522473
0.000448311,0.000522486
0.000448311,0.000522498
0.000448311,0.000522511
0.000448311,0.000522523
0.000448311,0.000522536
0.000448311,0.000522548
0.000448311,0.000522561
0.000448311,0.000522573
0.000448311,0.000522585
0.000448311,0.000522598
0.000448311,0.00052261
0.000448311,0.000522622
0.000448311,0.000522635
0.000448311,0.000522647
0.000448311,0.000522659
0.000448311,0.000522671
0.000448311,0.000522683
0.000448311,0.000522696
0.000448311,0.000522708
0.000448311,0.00052272
0.000448311,0.000522732
0.000448311,0.000522745
0.000448311,0.000522756
0.000448311,0.000522768
0.000448311,0.00052278
0.000448311,0.000522792
0.000448311,0.000522804
0.000448311,0.000522817
0.000448311,0.000522828
0.000448311,0.00052284
0.000448311,0.000522852
0.000448311,0.000522864
0.000448311,0.000522876
0.000448311,0.000522888
0.000448311,0.000522899
0.000448311,0.000522911
0.000448311,0.000522924
0.000448311,0.000522935
0.000448311,0.000522946
0.000448311,0.000522959
0.000448311,0.00052297
0.000448311,0.000522981
0.000448311,0.000522994
0.000448311,0.000523005
0.000448311,0.000523017
0.000448311,0.000523028
0.000448311,0.000523039
0.000448311,0.000523052
0.000448311,0.000523063
0.000448311,0.000523074
0.000448311,0.000523086
0.000448311,0.000523096
0.000448311,0.000523109
0.000448311,0.00052312
0.000448311,0.000523132
0.000448311,0.000523143
0.000448311,0.000523154
0.000448311,0.000523164
0.000448311,0.000523179
0.000448311,0.000523188
0.000448311,0.000523198
0.000448311,0.000523211
0.000448311,0.000523222
0.000448311,0.000523232
0.000448311,0.000523245
0.000448311,0.000523256
0.000448311,0.000523266
0.000448311,0.000523277
0.000448311,0.00052329
0.000448311,0.0005233
0.000448311,0.000523311
0.000448311,0.00052332
0.000448311,0.000523334
0.000448311,0.000523343
0.000448311,0.000523354
0.000448311,0.000523366
0.000448311,0.000523377
0.000448311,0.000523388
0.000448311,0.000523399
0.000448311,0.000523408
0.000448311,0.000523422
0.000448311,0.000523431
0.000448311,0.000523442
0.000448311,0.000523452
0.000446482,0.000523469
0.000442826,0.000521651
0.000439169,0.000519833
0.000435512,0.000518017
0.000431855,0.000516198
0.000428197,0.00051438
0.00042454,0.00051256
0.000420882,0.000510744
0.000417225,0.000508926
0.000413567,0.000507108
0.000409909,0.00050529
0.000406251,0.00050347
0.000402593,0.000501653
0.000398935,0.000499833
0.000395276,0.000498014
0.000391618,0.000496194
0.000387959,0.000494377
0.0003843,0.000492559
0.000380641,0.00049074
0.000376982,0.000488918
0.000373323,0.000487102
0.000369664,0.00048528
0.000366004,0.000483461
0.000362345,0.000481642
0.000358685,0.000479823
0.000355025,0.000478004
0.000351365,0.000476184
0.000347705,0.000474362
0.000344045,0.000472546
0.000340385,0.000470723
0.000336724,0.000468904
0.000333064,0.000467084
0.000329403,0.000465261
0.000325742,0.000463445
0.000322081,0.000461622
0.00031842,0.000459802
0.000314759,0.000457982
0.000311098,0.000456159
0.000307437,0.000454342
0.000303775,0.000452519
0.000300113,0.000450699
0.000296452,0.000448878
0.00029279,0.000447055
0.000289128,0.000445234
0.000285466,0.000443414
0.000281803,0.000441594
0.000278141,0.00043977
0.000274478,0.000437949
0.000270816,0.000436129
0.000267153,0.000434308
0.00026349,0.000432484
0.000259827,0.000430663
0.000256164,0.000428842
0.000252501,0.000427018
0.000248838,0.000425197
0.000245174,0.000423376
0.000241511,0.000421551
0.000237847,0.00041973
0.000234956,0.000422214
0.000232837,0.000421162
0.000230718,0.000420114
0.000228599,0.000419065
0.00022648,0.000418013
0.000224361,0.000416964
0.000222242,0.000415915
0.000220122,0.000414863
0.000218003,0.000413814
0.000215884,0.000412762
0.000213764,0.000411713
0.000211645,0.000410664
0.000209525,0.000409611
0.000207405,0.000408559
0.000205285,0.000407513
0.000203166,0.000406461
0.000201046,0.000405408
0.000198926,0.000404359
0.000198639,0.000403008
0.000200185,0.000403788
0.000201731,0.000404568
0.000203277,0.000405352
0.000204823,0.000406136
0.000206368,0.000406916
0.000207915,0.0004077
0.000209461,0.00040848
0.000211007,0.000409264
0.000212553,0.000410045
0.000214099,0.000410829
0.000215646,0.000411609
0.000217192,0.000412393
0.000218739,0.000413174
0.000220285,0.000413954
0.000221831,0.000414738
0.000223378,0.000415522
0.000224925,0.000416303
0.000226471,0.000417083
0.000228018,0.000417868
0.000229565,0.000418648
0.000231111,0.000419432
0.000231885,0.0004162
0.000231885,0.00041621
0.000231885,0.000416218
0.000231885,0.000416225
0.000231885,0.000416235
0.000231885,0.000416243
0.000231885,0.00041625
0.000231885,0.00041626
0.000231885,0.000416268
0.000231885,0.000416278
0.000231885,0.000416285
0.000231885,0.000416293
0.000231885,0.000416303
0.000231885,0.000416311
0.000231885,0.000416318
0.000231885,0.000416328
0.000231885,0.000416336
0.000231885,0.000416343
0.000231885,0.00041635
0.000231885,0.000416364
0.000231885,0.000416364
0.000231885,0.000416378
0.000231885,0.000416386
0.000231885,0.000416393
0.000231885,0.0004164
0.000231885,0.000416407
0.000231885,0.000416421
0.000231885,0.000416421
0.000231885,0.000416436
0.000231885,0.000416443
0.000231885,0.00041645
0.000231885,0.000416457
0.000231885,0.000416464
0.000231885,0.000416471
0.000231885,0.000416479
0.000231885,0.000416493
0.000231885,0.000416493
0.000231885,0.000416507
0.000231885,0.000416507
0.000231885,0.000416522
0.000231885,0.000416529
0.000231885,0.000416536
0.000231885,0.000416543
0.000231885,0.00041655
0.000231885,0.000416564
0.000231885,0.000416564
0.000231885,0.000416572
0.000231885,0.000416586
0.000231885,0.000416586
0.000231885,0.0004166
0.000231885,0.0004166
0.000231885,0.000416614
0.000231885,0.000416622
0.000231885,0.000416622
0.000231885,0.000416636
0.000231885,0.000416643
0.000231885,0.00041665
0.000231885,0.000416657
0.000231885,0.000416665
0.000231885,0.000416672
0.000231885,0.000416679
0.000231885,0.000416686
0.000231885,0.000416693
0.000231885,0.0004167
0.000231885,0.000416707
0.000231885,0.000416715
0.000231885,0.000416722
0.000231885,0.000416729
0.000231885,0.000416736
0.000231885,0.000416743
0.000231885,0.000416758
0.000231885,0.000416758
0.000231885,0.000416758
0.000231885,0.000416779
0.000231885,0.000416779
0.000231885,0.000416786
0.000231885,0.000416793
0.000231885,0.0004168
0.000231885,0.000416808
0.000231885,0.000416815
0.000231885,0.000416822
0.000231885,0.000416829
0.000231885,0.000416836
0.000231885,0.000416836
0.000231885,0.000416843
0.000231885,0.000416858
0.000231885,0.000416865
0.000231885,0.000416865
0.000231885,0.000416879
0.000231885,0.000416886
0.000231885,0.000416886
0.000231885,0.000416893
0.000231885,0.000416901
0.000231885,0.000416908
0.000231885,0.000416922
0.000231885,0.000416915
0.000231885,0.000416936
0.000231885,0.000416929
0.000231885,0.000416944
0.000231885,0.000416951
0.000231885,0.000416951
0.000231885,0.000416958
0.000231885,0.000416972
0.000231885,0.000416972
0.000231885,0.000416986
0.000231885,0.000416979
0.000231885,0.000416994
0.000231885,0.000417001
0.000231885,0.000417008
0.000231885,0.000417008
0.000232458,0.000417023
0.000233604,0.000417596
0.00023475,0.000418176
0.000235896,0.000418756
0.000237043,0.000419337
0.000238189,0.000419917
0.000239335,0.000420497
0.000240481,0.00042107
0.000241628,0.00042165
0.000242774,0.000422231
0.00024392,0.000422811
0.000245067,0.000423391
0.000246213,0.000423972
0.00024736,0.000424552
0.000248506,0.000425118
0.000249652,0.000425713
0.000250799,0.000426279
0.000251945,0.000426867
0.000253092,0.000427447
0.000254238,0.000428027
0.000255385,0.000428593
0.000256532,0.000429188
0.000257678,0.000429762
0.000258825,0.000430335
0.000259972,0.000430922
0.000261118,0.000431496
0.000262265,0.000432076
0.000263412,0.000432657
0.000264558,0.00043323
0.000265705,0.000433818
0.000266852,0.000434391
0.000267999,0.000434972
0.000269146,0.000435552
0.000270292,0.000436126
0.000271439,0.000436706
0.000272586,0.000437294
0.000273733,0.00043786
0.00027488,0.000438448
0.000276027,0.000439029
0.000277174,0.000439595
0.000278321,0.000440183
0.000279468,0.000440764
0.000280615,0.000441337
0.000281762,0.000441918
0.000282909,0.000442498
0.000284056,0.000443079
0.000285203,0.000443646
0.000286351,0.000444241
0.000287498,0.000444814
0.000288645,0.000445388
0.000289792,0.000445968
0.000290939,0.000446549
0.000292087,0.000447123
0.000293234,0.000447711
0.000294381,0.000448284
0.000295528,0.000448858
0.000296676,0.000449446
0.000297823,0.000450027
0.00029897,0.000450593
0.000300118,0.000451181
0.000301265,0.000451755
0.000302413,0.000452336
0.00030356,0.00045291
0.000304707,0.000453498
0.000305855,0.000454064
0.000307002,0.000454652
0.00030815,0.000455233
0.000309297,0.0004558
0.000310445,0.000456381
0.000311592,0.000456969
0.00031274,0.000457542
0.000313888,0.000458123
0.000315035,0.00045869
0.000316183,0.000459285
0.00031733,0.000459859
0.000318478,0.000460426
0.000319626,0.000461014
0.000320774,0.000461595
0.000321921,0.000462162
0.000323069,0.00046275
0.000324217,0.000463331
0.000325364,0.000463905
0.000326512,0.000464486
0.00032766,0.000465053
0.000328808,0.000465641
0.000329956,0.000466222
0.000331104,0.000466796
0.000332251,0.00046737
0.000333399,0.000467958
0.000334547,0.000468525
0.000335695,0.000469113
0.000336843,0.000469687
0.000337991,0.000470268
0.000339139,0.000470842
0.000340287,0.000471423
0.000341435,0.000471997
0.000342583,0.000472578
0.000343731,0.000473159
0.000344879,0.000473733
0.000346027,0.000474307
0.000347175,0.000474889
0.000348323,0.000475477
0.000349471,0.000476044
0.000350619,0.000476625
0.000351768,0.000477199
0.000352916,0.000477788
0.000354064,0.000478354
0.000355212,0.000478943
0.00035636,0.000479517
0.000357508,0.000480077
0.000358657,0.000480679
0.000359805,0.000481239
0.000360953,0.000481828
0.000362101,0.000482416
0.00036325,0.000482976
0.000364398,0.000483564
0.000365546,0.000484139
0.000366695,0.000484713
0.000367843,0.000485287
0.000368991,0.000485875
0.00037014,0.00048645
0.000371288,0.000487024
0.000372436,0.000487612
0.000373585,0.000488172
0.000374733,0.000488761
0.000375882,0.000489335
0.00037703,0.000489923
0.000378179,0.000490483
0.000379327,0.000491072
0.000380476,0.000491646
0.000381624,0.000492235
0.000382773,0.000492809
0.000383921,0.000493383
0.00038507,0.000493957
0.000386218,0.000494532
0.000387367,0.000495106
0.000388515,0.000495695
0.000389664,0.000496269
0.000390812,0.000496857
0.000391961,0.000497417
0.00039311,0.000498006
0.000394258,0.000498566
0.000395407,0.000499169
0.000396556,0.000499729
0.000397704,0.000500303
0.000398853,0.000500892
0.000400002,0.000501466
0.00040115,0.000502055
0.000402299,0.000502615
0.000403448,0.000503189
0.000404597,0.000503778
0.000405745,0.000504352
0.000406894,0.000504941
0.000408043,0.000505501
0.000409192,0.00050609
0.00041034,0.000506664
0.000411489,0.000507224
0.000412638,0.000507827
0.000413787,0.000508387
0.000414936,0.000508976
0.000416085,0.000509551
0.000417233,0.000510111
0.000418382,0.000510714
0.000419531,0.000511274
0.00042068,0.000511848
0.000421829,0.000512437
0.000422978,0.000513012
0.000424127,0.000513586
0.000425276,0.00051416
0.000426425,0.000514749
0.000427574,0.000515309
0.000428723,0.000515898
0.000429871,0.000516473
0.00043102,0.000517047
0.000432169,0.000517622
0.000433318,0.00051821
0.000434467,0.000518771
0.000435616,0.000519359
0.000436765,0.000519934
0.000437914,0.000520508
0.000439064,0.000521097
0.000440213,0.000521657
0.000441362,0.000522246
0.000442511,0.000522807
0.00044366,0.000523395
0.000444809,0.00052397
0.000445958,0.000524544
0.000447107,0.000525133
0.000448256,0.000525694
0.000449405,0.000526282
0.000450554,0.000526843
0.000451703,0.000527446
0.000452853,0.000528006
0.000454002,0.000528581
0.000455151,0.000529155
0.0004563,0.000529744
0.000457449,0.000530304
0.000458598,0.000530893
0.000459748,0.000531468
0.000460897,0.000532042
0.000462046,0.000532617
0.000463195,0.000533192
0.000464344,0.000533781
0.000465494,0.000534341
0.000466643,0.00053493
0.000467792,0.000535504
0.000468941,0.000536065
0.00047009,0.000536654
0.00047124,0.000537243
0.000472389,0.000537803
0.000473538,0.000538377
0.000474687,0.000538966
0.000475837,0.000539527
0.000476986,0.000540101
0.000478135,0.000540705
0.000479285,0.000541251
0.000480434,0.00054184
0.000481583,0.000542414
0.000482733,0.000542989
0.000483882,0.000543578
0.000485031,0.000544138
0.00048618,0.000544727
0.00048733,0.000545288
0.000488479,0.000545877
0.000489628,0.000546451
0.000490778,0.000547026
0.000491927,0.000547586
0.000493076,0.00054819
0.000494226,0.000548736
0.000495375,0.000549339
0.000496525,0.000549899
0.000497674,0.000550474
0.000498823,0.000551063
0.000499973,0.000551623
0.000501122,0.000552212
0.000502271,0.000552787
0.000503421,0.000553347
0.00050457,0.000553936
0.00050572,0.000554511
0.000506869,0.000555086
0.000508018,0.00055566
0.000509168,0.000556235
0.000510317,0.00055681
0.000511467,0.000557385
0.000512616,0.000557959
0.000513766,0.000558548
0.000514915,0.000559109
0.000516064,0.000559683
0.000517214,0.000560272
0.000518363,0.000560833
0.000519513,0.000561422
0.000520662,0.000561997
0.000521812,0.000562557
0.000522961,0.000563146
0.00052411,0.000563721
0.00052526,0.000564296
0.000526409,0.00056487
0.000527559,0.000565445
0.000528708,0.000566005
0.000529858,0.000566594
0.000531007,0.000567183
0.000532157,0.00056773
0.000533306,0.000568319
0.000534456,0.000568908
0.000535605,0.000569454
0.000536755,0.000570057
0.000537904,0.000570618
0.000539054,0.000571207
0.000540203,0.000571753
0.000541352,0.000572356
0.000542502,0.000572917
0.000543651,0.000573491
0.000544801,0.00057408
0.00054595,0.000574641
0.0005471,0.00057523
0.000548249,0.00057579
0.000549399,0.000576365
0.000550548,0.000576954
0.000551698,0.000577514
0.000552847,0.000578089
0.000553997,0.000578678
0.000555146,0.000579239
0.000556296,0.000579813
0.000557445,0.000580388
0.000558616,0.000592178
0.00055983,0.000604361
0.000561089,0.000616896
0.000562394,0.00062981
0.000563746,0.000643106
0.000565148,0.000656797
0.000566599,0.000670871
0.000568102,0.000685328
0.000569658,0.000700198
0.000571268,0.000715437
0.000572934,0.000731091
0.000574657,0.000747144
0.000576439,0.000763556
0.00057828,0.000780397
0.000580183,0.000797584
0.000582149,0.000815187
0.000584178,0.000833152
0.000586272,0.000851478
0.000588434,0.000870165
0.000590662,0.000889187
0.00059296,0.000908572
0.000595327,0.000928234
0.000597766,0.000948247
0.000600276,0.00096851
0.00060286,0.000989052
0.000605517,0.00100983
0.000608249,0.00103086
0.000611055,0.00105206
0.000613938,0.00107345
0.000616897,0.00109497
0.000619932,0.00111661
0.000623044,0.00113832
0.000626233,0.00116008
0.000629499,0.00118186
0.000632841,0.00120358
0.000636259,0.00122526
0.000639754,0.00124683
0.000643323,0.00126823
0.000646967,0.00128943
0.000650684,0.00131041
0.000654473,0.00133107
0.000658333,0.00135144
0.000662263,0.0013714
0.00066626,0.00139093
0.000670323,0.00140998
0.00067445,0.00142851
0.000678638,0.00144646
0.000682886,0.0014638
0.00068719,0.00148044
0.000691548,0.0014964
0.000695957,0.00151158
0.000700414,0.00152596
0.000704916,0.00153951
0.000709459,0.00155217
0.000714039,0.00156392
0.000718654,0.00157472
0.0007233,0.00158453
0.000727972,0.00159333
0.000732666,0.00160114
0.00073738,0.00160784
0.000742108,0.00161349
0.000746846,0.00161806
0.000751591,0.000374609
0.000448765,0.000522701
0.000448765,0.000522713
0.000448765,0.000522726
0.000448765,0.000522738
0.000448765,0.000522751
0.000448765,0.000522763
0.000448765,0.000522776
0.000448765,0.000522788
0.000448765,0.0005228
0.000448765,0.000522813
0.000448765,0.000522825
0.000448765,0.000522837
0.000448765,0.00052285
0.000448765,0.000522862
0.000448765,0.000522874
0.000448765,0.000522887
0.000448765,0.000522899
0.000448765,0.000522911
0.000448765,0.000522923
0.000448765,0.000522935
0.000448765,0.000522947
0.000448765,0.000522959
0.000448765,0.000522972
0.000448765,0.000522984
0.000448765,0.000522996
0.000448765,0.000523008
0.000448765,0.00052302
0.000448765,0.000523031
0.000448765,0.000523044
0.000448765,0.000523056
0.000448765,0.000523067
0.000448765,0.00052308
0.000448765,0.000523091
0.000448765,0.000523103
0.000448765,0.000523115
0.000448765,0.000523126
0.000448765,0.000523139
0.000448765,0.000523151
0.000448765,0.000523162
0.000448765,0.000523174
0.000448765,0.000523186
0.000448765,0.000523197
0.000448765,0.000523208
0.000448765,0.000523221
0.000448765,0.000523233
0.000448765,0.000523244
0.000448765,0.000523255
0.000448765,0.000523267
0.000448765,0.000523279
0.000448765,0.000523291
0.000448765,0.000523301
0.000448765,0.000523313
0.000448765,0.000523324
0.000448765,0.000523336
0.000448765,0.000523347
0.000448765,0.00052336
0.000448765,0.00052337
0.000448765,0.000523381
0.000448765,0.000523392
0.000448765,0.000523406
0.000448765,0.000523415
0.000448765,0.000523426
0.000448765,0.000523438
0.000448765,0.000523449
0.000448765,0.00052346
0.000448765,0.000523472
0.000448765,0.000523483
0.000448765,0.000523494
0.000448765,0.000523504
0.000448765,0.000523517
0.000448765,0.000523528
0.000448765,0.000523538
0.000448765,0.000523547
0.000448765,0.000523562
0.000448765,0.000523571
0.000448765,0.000523581
0.000448765,0.000523594
0.000448765,0.000523605
0.000448765,0.000523615
0.000448765,0.000523626
0.000448765,0.000523635
0.000448765,0.000523649
0.000448765,0.000523658
0.000448765,0.000523669
0.000448765,0.00052368
0.000446935,0.000523713
0.000443275,0.000521893
0.000439615,0.000520074
0.000435954,0.000518256
0.000432293,0.000516435
0.000428632,0.000514615
0.000424971,0.000512793
0.00042131,0.000510975
0.000417648,0.000509155
0.000413987,0.000507335
0.000410325,0.000505516
0.000406664,0.000503693
0.000403002,0.000501875
0.00039934,0.000500053
0.000395677,0.000498233
0.000392015,0.000496411
0.000388353,0.000494592
0.00038469,0.000492771
0.000381027,0.000490951
0.000377365,0.000489127
0.000373702,0.00048731
0.000370039,0.000485485
0.000366376,0.000483664
0.000362712,0.000481843
0.000359049,0.000480023
0.000355386,0.000478202
0.000351722,0.000476381
0.000348058,0.000474556
0.000344394,0.000472738
0.00034073,0.000470913
0.000337066,0.000469092
0.000333402,0.000467271
0.000329738,0.000465446
0.000326073,0.000463628
0.000322408,0.000461803
0.000318744,0.000459981
0.000315079,0.00045816
0.000311414,0.000456334
0.000307749,0.000454516
0.000304083,0.00045269
0.000300418,0.000450868
0.000296753,0.000449047
0.000293087,0.000447221
0.000289421,0.000445399
0.000285755,0.000443577
0.000282089,0.000441754
0.000278424,0.000439929
0.000274757,0.000438106
0.000271091,0.000436284
0.000267425,0.000434462
0.000263758,0.000432635
0.000260091,0.000430813
0.000256424,0.00042899
0.000252757,0.000427164
0.00024909,0.000425341
0.000245423,0.000423518
0.000241756,0.000421692
0.000238089,0.000419869
0.000235195,0.000422514
0.000233073,0.000421461
0.000230952,0.000420411
0.000228831,0.000419361
0.00022671,0.000418308
0.000224589,0.000417258
0.000222467,0.000416208
0.000220346,0.000415155
0.000218224,0.000414105
0.000216103,0.000413052
0.000213981,0.000412001
0.000211859,0.000410952
0.000209737,0.000409898
0.000207616,0.000408844
0.000205494,0.000407798
0.000203372,0.000406744
0.00020125,0.000405691
0.000199128,0.00040464
0.00019884,0.000402984
0.000200388,0.000403765
0.000201935,0.000404546
0.000203483,0.00040533
0.00020503,0.000406115
0.000206578,0.000406896
0.000208126,0.000407681
0.000209673,0.000408462
0.000211221,0.000409247
0.000212769,0.000410028
0.000214317,0.000410813
0.000215865,0.000411594
0.000217412,0.000412379
0.00021896,0.00041316
0.000220508,0.000413941
0.000222057,0.000414726
0.000223605,0.000415511
0.000225153,0.000416292
0.000226701,0.000417074
0.000228249,0.000417859
0.000229798,0.00041864
0.000231346,0.000419425
0.00023212,0.000416317
0.00023212,0.000416328
0.00023212,0.000416335
0.00023212,0.000416342
0.00023212,0.000416353
0.00023212,0.00041636
0.00023212,0.000416367
0.00023212,0.000416378
0.00023212,0.000416385
0.00023212,0.000416396
0.00023212,0.000416403
0.00023212,0.00041641
0.00023212,0.000416421
0.00023212,0.000416428
0.00023212,0.000416435
0.00023212,0.000416446
0.00023212,0.000416453
0.00023212,0.00041646
0.00023212,0.000416467
0.00023212,0.000416482
0.00023212,0.000416482
0.00023212,0.000416496
0.00023212,0.000416503
0.00023212,0.00041651
0.00023212,0.000416518
0.00023212,0.000416525
0.00023212,0.000416539
0.00023212,0.000416539
0.00023212,0.000416553
0.00023212,0.00041656
0.00023212,0.000416568
0.00023212,0.000416575
0.00023212,0.000416582
0.00023212,0.000416589
0.00023212,0.000416596
0.00023212,0.000416611
0.00023212,0.000416611
0.00023212,0.000416625
0.00023212,0.000416625
0.00023212,0.000416639
0.00023212,0.000416646
0.00023212,0.000416653
0.00023212,0.000416661
0.00023212,0.000416668
0.00023212,0.000416682
0.00023212,0.000416682
0.00023212,0.000416689
0.00023212,0.000416704
0.00023212,0.000416704
0.00023212,0.000416718
0.00023212,0.000416718
0.00023212,0.000416732
0.00023212,0.000416739
0.00023212,0.000416739
0.00023212,0.000416754
0.00023212,0.000416761
0.00023212,0.000416768
0.00023212,0.000416775
0.00023212,0.000416782
0.00023212,0.000416789
0.00023212,0.000416796
0.00023212,0.000416804
0.00023212,0.000416811
0.00023212,0.000416818
0.00023212,0.000416825
0.00023212,0.000416832
0.00023212,0.000416839
0.00023212,0.000416847
0.00023212,0.000416854
0.00023212,0.000416861
0.00023212,0.000416875
0.00023212,0.000416875
0.00023212,0.000416875
0.00023212,0.000416897
0.00023212,0.000416897
0.00023212,0.000416904
0.00023212,0.000416911
0.00023212,0.000416918
0.00023212,0.000416925
0.00023212,0.000416932
0.00023212,0.00041694
0.00023212,0.000416947
0.00023212,0.000416954
0.00023212,0.000416954
0.00023212,0.000416961
0.00023212,0.000416975
0.00023212,0.000416982
0.00023212,0.000416982
0.00023212,0.000416997
0.00023212,0.000417004
0.00023212,0.000417004
0.00023212,0.000417011
0.00023212,0.000417018
0.00023212,0.000417025
0.00023212,0.00041704
0.00023212,0.000417033
0.00023212,0.000417054
0.00023212,0.000417047
0.00023212,0.000417061
0.00023212,0.000417068
0.00023212,0.000417068
0.00023212,0.000417075
0.00023212,0.00041709
0.00023212,0.00041709
0.00023212,0.000417104
0.00023212,0.000417097
0.00023212,0.000417111
0.00023212,0.000417118
0.00023212,0.000417126
0.00023212,0.000417126
0.000232694,0.000417142
0.000233841,0.000417716
0.000234988,0.000418296
0.000236136,0.000418877
0.000237283,0.000419458
0.000238431,0.000420039
0.000239578,0.00042062
0.000240725,0.000421194
0.000241873,0.000421774
0.00024302,0.000422355
0.000244168,0.000422936
0.000245315,0.000423517
0.000246463,0.000424098
0.000247611,0.000424679
0.000248758,0.000425246
0.000249906,0.000425841
0.000251053,0.000426408
0.000252201,0.000426996
0.000253349,0.000427577
0.000254496,0.000428158
0.000255644,0.000428724
0.000256792,0.00042932
0.00025794,0.000429894
0.000259088,0.000430467
0.000260235,0.000431056
0.000261383,0.00043163
0.000262531,0.000432211
0.000263679,0.000432792
0.000264827,0.000433366
0.000265975,0.000433954
0.000267123,0.000434528
0.000268271,0.000435109
0.000269419,0.00043569
0.000270567,0.000436264
0.000271715,0.000436845
0.000272863,0.000437434
0.000274011,0.000438001
0.000275159,0.000438589
0.000276307,0.00043917
0.000277455,0.000439737
0.000278603,0.000440325
0.000279752,0.000440907
0.0002809,0.000441481
0.000282048,0.000442062
0.000283196,0.000442643
0.000284344,0.000443225
0.000285493,0.000443792
0.000286641,0.000444387
0.000287789,0.000444961
0.000288938,0.000445536
0.000290086,0.000446117
0.000291234,0.000446698
0.000292383,0.000447272
0.000293531,0.000447861
0.00029468,0.000448435
0.000295828,0.000449009
0.000296977,0.000449598
0.000298125,0.000450179
0.000299274,0.000450746
0.000300422,0.000451335
0.000301571,0.000451909
0.000302719,0.000452491
0.000303868,0.000453065
0.000305016,0.000453654
0.000306165,0.000454221
0.000307314,0.000454809
0.000308462,0.000455391
0.000309611,0.000455958
0.00031076,0.000456539
0.000311909,0.000457128
0.000313057,0.000457702
0.000314206,0.000458284
0.000315355,0.000458851
0.000316504,0.000459447
0.000317652,0.000460021
0.000318801,0.000460589
0.00031995,0.000461177
0.000321099,0.000461759
0.000322248,0.000462326
0.000323397,0.000462915
0.000324546,0.000463497
0.000325695,0.000464071
0.000326843,0.000464653
0.000327992,0.00046522
0.000329141,0.000465809
0.00033029,0.000466391
0.000331439,0.000466965
0.000332588,0.00046754
0.000333738,0.000468128
0.000334887,0.000468696
0.000336036,0.000469285
0.000337185,0.000469859
0.000338334,0.000470441
0.000339483,0.000471015
0.000340632,0.000471597
0.000341781,0.000472172
0.00034293,0.000472753
0.00034408,0.000473335
0.000345229,0.00047391
0.000346378,0.000474484
0.000347527,0.000475066
0.000348677,0.000475655
0.000349826,0.000476223
0.000350975,0.000476804
0.000352124,0.000477379
0.000353274,0.000477968
0.000354423,0.000478535
0.000355572,0.000479124
0.000356722,0.000479699
0.000357871,0.000480259
0.000359021,0.000480863
0.00036017,0.000481423
0.000361319,0.000482012
0.000362469,0.000482601
0.000363618,0.000483162
0.000364768,0.000483751
0.000365917,0.000484325
0.000367067,0.0004849
0.000368216,0.000485475
0.000369366,0.000486064
0.000370515,0.000486639
0.000371665,0.000487213
0.000372814,0.000487803
0.000373964,0.000488363
0.000375113,0.000488952
0.000376263,0.000489527
0.000377413,0.000490116
0.000378562,0.000490676
0.000379712,0.000491266
0.000380862,0.00049184
0.000382011,0.00049243
0.000383161,0.000493004
0.000384311,0.000493579
0.00038546,0.000494154
0.00038661,0.000494729
0.00038776,0.000495304
0.000388909,0.000495893
0.000390059,0.000496468
0.000391209,0.000497057
0.000392359,0.000497618
0.000393509,0.000498207
0.000394658,0.000498767
0.000395808,0.000499371
0.000396958,0.000499932
0.000398108,0.000500506
0.000399258,0.000501096
0.000400408,0.000501671
0.000401557,0.00050226
0.000402707,0.00050282
0.000403857,0.000503395
0.000405007,0.000503985
0.000406157,0.00050456
0.000407307,0.000505149
0.000408457,0.00050571
0.000409607,0.000506299
0.000410757,0.000506874
0.000411907,0.000507434
0.000413057,0.000508038
0.000414207,0.000508599
0.000415357,0.000509188
0.000416507,0.000509763
0.000417657,0.000510324
0.000418807,0.000510927
0.000419957,0.000511488
0.000421107,0.000512063
0.000422257,0.000512652
0.000423407,0.000513227
0.000424557,0.000513803
0.000425707,0.000514378
0.000426857,0.000514967
0.000428007,0.000515528
0.000429157,0.000516117
0.000430308,0.000516692
0.000431458,0.000517267
0.000432608,0.000517842
0.000433758,0.000518432
0.000434908,0.000518992
0.000436058,0.000519582
0.000437209,0.000520157
0.000438359,0.000520732
0.000439509,0.000521321
0.000440659,0.000521882
0.000441809,0.000522472
0.00044296,0.000523032
0.00044411,0.000523622
0.00044526,0.000524197
0.00044641,0.000524772
0.000447561,0.000525361
0.000448711,0.000525922
0.000449861,0.000526512
0.000451011,0.000527073
0.000452162,0.000527676
0.000453312,0.000528237
0.000454462,0.000528812
0.000455613,0.000529387
0.000456763,0.000529977
0.000457913,0.000530538
0.000459064,0.000531127
0.000460214,0.000531702
0.000461364,0.000532278
0.000462515,0.000532853
0.000463665,0.000533428
0.000464815,0.000534017
0.000465966,0.000534578
0.000467116,0.000535168
0.000468267,0.000535743
0.000469417,0.000536304
0.000470567,0.000536893
0.000471718,0.000537483
0.000472868,0.000538044
0.000474019,0.000538619
0.000475169,0.000539209
0.00047632,0.00053977
0.00047747,0.000540345
0.00047862,0.000540949
0.000479771,0.000541495
0.000480921,0.000542085
0.000482072,0.00054266
0.000483222,0.000543235
0.000484373,0.000543825
0.000485523,0.000544386
0.000486674,0.000544975
0.000487824,0.000545536
0.000488975,0.000546126
0.000490125,0.000546701
0.000491276,0.000547276
0.000492426,0.000547837
0.000493577,0.000548441
0.000494727,0.000548988
0.000495878,0.000549592
0.000497028,0.000550153
0.000498179,0.000550728
0.000499329,0.000551317
0.00050048,0.000551878
0.000501631,0.000552468
0.000502781,0.000553043
0.000503932,0.000553604
0.000505082,0.000554194
0.000506233,0.000554769
0.000507383,0.000555344
0.000508534,0.00055592
0.000509684,0.000556495
0.000510835,0.00055707
0.000511986,0.000557645
0.000513136,0.000558221
0.000514287,0.00055881
0.000515437,0.000559371
0.000516588,0.000559947
0.000517739,0.000560536
0.000518889,0.000561097
0.00052004,0.000561687
0.00052119,0.000562262
0.000522341,0.000562823
0.000523492,0.000563413
0.000524642,0.000563988
0.000525793,0.000564563
0.000526943,0.000565139
0.000528094,0.000565714
0.000529245,0.000566275
0.000530395,0.000566865
0.000531546,0.000567454
0.000532697,0.000568001
0.000533847,0.00056859
0.000534998,0.00056918
0.000536148,0.000569727
0.000537299,0.000570331
0.00053845,0.000570892
0.0005396,0.000571481
0.000540751,0.000572028
0.000541902,0.000572632
0.000543052,0.000573193
0.000544203,0.000573768
0.000545354,0.000574358
0.000546504,0.000574919
0.000547655,0.000575509
0.000548806,0.00057607
0.000549956,0.000576645
0.000551107,0.000577235
0.000552258,0.000577796
0.000553408,0.000578371
0.000554559,0.000578961
0.000555709,0.000579522
0.00055686,0.000580097
0.000558011,0.000580672
0.000559183,0.000592463
0.000560398,0.000604647
0.000561658,0.000617182
0.000562965,0.000630097
0.000564318,0.000643393
0.000565721,0.000657086
0.000567174,0.000671161
0.000568678,0.000685618
0.000570236,0.000700489
0.000571848,0.000715729
0.000573515,0.000731383
0.00057524,0.000747438
0.000577024,0.00076385
0.000578867,0.000780693
0.000580772,0.00079788
0.000582739,0.000815485
0.000584771,0.000833451
0.000586867,0.000851778
0.000589031,0.000870466
0.000591262,0.000889489
0.000593561,0.000908875
0.000595931,0.000928539
0.000598372,0.000948553
0.000600885,0.000968818
0.000603471,0.000989361
0.000606131,0.00101014
0.000608866,0.00103117
0.000611675,0.00105237
0.000614561,0.00107377
0.000617523,0.00109528
0.000620561,0.00111693
0.000623676,0.00113864
0.000626868,0.0011604
0.000630137,0.00118218
0.000633483,0.00120391
0.000636905,0.00122558
0.000640403,0.00124715
0.000643976,0.00126856
0.000647623,0.00128977
0.000651344,0.00131075
0.000655137,0.00133141
0.000659001,0.00135178
0.000662935,0.00137174
0.000666936,0.00139127
0.000671003,0.00141033
0.000675134,0.00142886
0.000679327,0.0014468
0.000683579,0.00146415
0.000687887,0.0014808
0.00069225,0.00149676
0.000696663,0.00151194
0.000701125,0.00152632
0.000705631,0.00153987
0.000710178,0.00155254
0.000714764,0.00156429
0.000719383,0.00157509
0.000724034,0.00158491
0.00072871,0.0015937
0.00073341,0.00160151
0.000738128,0.00160822
0.00074286,0.00161387
0.000747604,0.00161844
0.000752353,0.000374989
0.000449207,0.000522921
0.000449207,0.000522934
0.000449207,0.000522946
0.000449207,0.000522959
0.000449207,0.000522971
0.000449207,0.000522984
0.000449207,0.000522996
0.000449207,0.000523009
0.000449207,0.000523021
0.000449207,0.000523033
0.000449207,0.000523046
0.000449207,0.000523058
0.000449207,0.00052307
0.000449207,0.000523083
0.000449207,0.000523095
0.000449207,0.000523107
0.000449207,0.000523119
0.000449207,0.000523131
0.000449207,0.000523144
0.000449207,0.000523155
0.000449207,0.000523168
0.000449207,0.00052318
0.000449207,0.000523193
0.000449207,0.000523204
0.000449207,0.000523216
0.000449207,0.000523228
0.000449207,0.00052324
0.000449207,0.000523252
0.000449207,0.000523265
0.000449207,0.000523276
0.000449207,0.000523288
0.000449207,0.0005233
0.000449207,0.000523312
0.000449207,0.000523324
0.000449207,0.000523336
0.000449207,0.000523347
0.000449207,0.000523359
0.000449207,0.000523372
0.000449207,0.000523383
0.000449207,0.000523394
0.000449207,0.000523407
0.000449207,0.000523417
0.000449207,0.000523429
0.000449207,0.000523442
0.000449207,0.000523453
0.000449207,0.000523465
0.000449207,0.000523476
0.000449207,0.000523487
0.000449207,0.0005235
0.000449207,0.000523511
0.000449207,0.000523522
0.000449207,0.000523534
0.000449207,0.000523544
0.000449207,0.000523557
0.000449207,0.000523568
0.000449207,0.00052358
0.000449207,0.000523591
0.000449207,0.000523602
0.000449207,0.000523612
0.000449207,0.000523627
0.000449207,0.000523636
0.000449207,0.000523646
0.000449207,0.000523659
0.000449207,0.00052367
0.000449207,0.00052368
0.000449207,0.000523693
0.000449207,0.000523704
0.000449207,0.000523714
0.000449207,0.000523725
0.000449207,0.000523738
0.000449207,0.000523748
0.000449207,0.000523759
0.000449207,0.000523768
0.000449207,0.000523782
0.000449207,0.000523791
0.000449207,0.000523802
0.000449207,0.000523814
0.000449207,0.000523825
0.000449207,0.000523836
0.000449207,0.000523847
0.000449207,0.000523856
0.000449207,0.00052387
0.000449207,0.000523879
0.000449207,0.00052389
0.000449207,0.0005239
0.000447375,0.000523961
0.00044371,0.00052214
0.000440046,0.000520319
0.000436382,0.000518499
0.000432717,0.000516676
0.000429053,0.000514854
0.000425388,0.000513031
0.000421723,0.000511211
0.000418058,0.000509389
0.000414393,0.000507567
0.000410728,0.000505746
0.000407063,0.000503922
0.000403397,0.000502102
0.000399732,0.000500278
0.000396066,0.000498456
0.0003924,0.000496632
0.000388734,0.000494812
0.000385068,0.000492989
0.000381402,0.000491167
0.000377735,0.000489341
0.000374069,0.000487522
0.000370402,0.000485696
0.000366736,0.000483873
0.000363069,0.000482051
0.000359402,0.000480228
0.000355735,0.000478405
0.000352068,0.000476582
0.0003484,0.000474756
0.000344733,0.000472936
0.000341065,0.00047111
0.000337397,0.000469287
0.000333729,0.000467464
0.000330061,0.000465637
0.000326393,0.000463817
0.000322725,0.00046199
0.000319057,0.000460167
0.000315388,0.000458343
0.000311719,0.000456516
0.000308051,0.000454696
0.000304382,0.000452869
0.000300713,0.000451045
0.000297044,0.000449221
0.000293375,0.000447394
0.000289706,0.00044557
0.000286036,0.000443746
0.000282367,0.000441922
0.000278697,0.000440094
0.000275027,0.00043827
0.000271357,0.000436446
0.000267687,0.000434621
0.000264017,0.000432794
0.000260347,0.000430969
0.000256676,0.000429145
0.000253006,0.000427317
0.000249335,0.000425492
0.000245664,0.000423668
0.000241994,0.000421839
0.000238323,0.000420015
0.000235425,0.000422813
0.000233302,0.000421759
0.000231179,0.000420708
0.000229056,0.000419657
0.000226933,0.000418603
0.000224809,0.000417552
0.000222686,0.000416502
0.000220562,0.000415447
0.000218438,0.000414396
0.000216315,0.000413342
0.000214191,0.000412291
0.000212067,0.00041124
0.000209943,0.000410185
0.00020782,0.00040913
0.000205696,0.000408083
0.000203571,0.000407028
0.000201447,0.000405973
0.000199323,0.000404922
0.000199035,0.000402959
0.000200584,0.00040374
0.000202133,0.000404522
0.000203683,0.000405308
0.000205232,0.000406093
0.000206781,0.000406875
0.00020833,0.00040766
0.000209879,0.000408442
0.000211429,0.000409228
0.000212978,0.000410009
0.000214527,0.000410795
0.000216077,0.000411577
0.000217626,0.000412362
0.000219175,0.000413144
0.000220725,0.000413926
0.000222275,0.000414712
0.000223824,0.000415498
0.000225374,0.00041628
0.000226924,0.000417062
0.000228474,0.000417848
0.000230023,0.00041863
0.000231573,0.000419416
0.000232348,0.000416431
0.000232348,0.000416442
0.000232348,0.000416449
0.000232348,0.000416456
0.000232348,0.000416467
0.000232348,0.000416474
0.000232348,0.000416481
0.000232348,0.000416492
0.000232348,0.000416499
0.000232348,0.00041651
0.000232348,0.000416517
0.000232348,0.000416524
0.000232348,0.000416535
0.000232348,0.000416542
0.000232348,0.000416549
0.000232348,0.00041656
0.000232348,0.000416567
0.000232348,0.000416574
0.000232348,0.000416581
0.000232348,0.000416596
0.000232348,0.000416596
0.000232348,0.00041661
0.000232348,0.000416617
0.000232348,0.000416624
0.000232348,0.000416632
0.000232348,0.000416639
0.000232348,0.000416653
0.000232348,0.000416653
0.000232348,0.000416667
0.000232348,0.000416674
0.000232348,0.000416682
0.000232348,0.000416689
0.000232348,0.000416696
0.000232348,0.000416703
0.000232348,0.00041671
0.000232348,0.000416725
0.000232348,0.000416725
0.000232348,0.000416739
0.000232348,0.000416739
0.000232348,0.000416753
0.000232348,0.00041676
0.000232348,0.000416767
0.000232348,0.000416775
0.000232348,0.000416782
0.000232348,0.000416796
0.000232348,0.000416796
0.000232348,0.000416803
0.000232348,0.000416817
0.000232348,0.000416817
0.000232348,0.000416832
0.000232348,0.000416832
0.000232348,0.000416846
0.000232348,0.000416853
0.000232348,0.000416853
0.000232348,0.000416868
0.000232348,0.000416875
0.000232348,0.000416882
0.000232348,0.000416889
0.000232348,0.000416896
0.000232348,0.000416903
0.000232348,0.00041691
0.000232348,0.000416918
0.000232348,0.000416925
0.000232348,0.000416932
0.000232348,0.000416939
0.000232348,0.000416946
0.000232348,0.000416953
0.000232348,0.000416961
0.000232348,0.000416968
0.000232348,0.000416975
0.000232348,0.000416989
0.000232348,0.000416989
0.000232348,0.000416989
0.000232348,0.000417011
0.000232348,0.000417011
0.000232348,0.000417018
0.000232348,0.000417025
0.000232348,0.000417032
0.000232348,0.000417039
0.000232348,0.000417046
0.000232348,0.000417054
0.000232348,0.000417061
0.000232348,0.000417068
0.000232348,0.000417068
0.000232348,0.000417075
0.000232348,0.000417089
0.000232348,0.000417096
0.000232348,0.000417096
0.000232348,0.000417111
0.000232348,0.000417118
0.000232348,0.000417118
0.000232348,0.000417125
0.000232348,0.000417132
0.000232348,0.000417139
0.000232348,0.000417154
0.000232348,0.000417147
0.000232348,0.000417168
0.000232348,0.000417161
0.000232348,0.000417175
0.000232348,0.000417182
0.000232348,0.000417182
0.000232348,0.000417189
0.000232348,0.000417204
0.000232348,0.000417204
0.000232348,0.000417218
0.000232348,0.000417211
0.000232348,0.000417225
0.000232348,0.000417232
0.000232348,0.000417239
0.000232348,0.000417239
0.000232922,0.000417259
0.000234071,0.000417833
0.000235219,0.000418414
0.000236368,0.000418996
0.000237516,0.000419577
0.000238665,0.000420158
0.000239813,0.00042074
0.000240962,0.000421314
0.00024211,0.000421896
0.000243259,0.000422477
0.000244408,0.000423059
0.000245556,0.00042364
0.000246705,0.000424222
0.000247854,0.000424803
0.000249002,0.00042537
0.000250151,0.000425966
0.0002513,0.000426533
0.000252449,0.000427122
0.000253598,0.000427704
0.000254746,0.000428285
0.000255895,0.000428852
0.000257044,0.000429448
0.000258193,0.000430023
0.000259342,0.000430597
0.000260491,0.000431186
0.00026164,0.00043176
0.000262789,0.000432342
0.000263938,0.000432924
0.000265087,0.000433498
0.000266236,0.000434087
0.000267385,0.000434662
0.000268534,0.000435243
0.000269683,0.000435825
0.000270832,0.0004364
0.000271982,0.000436981
0.000273131,0.00043757
0.00027428,0.000438138
0.000275429,0.000438727
0.000276578,0.000439308
0.000277728,0.000439876
0.000278877,0.000440465
0.000280026,0.000441047
0.000281176,0.000441621
0.000282325,0.000442203
0.000283474,0.000442785
0.000284624,0.000443367
0.000285773,0.000443934
0.000286923,0.00044453
0.000288072,0.000445105
0.000289222,0.00044568
0.000290371,0.000446262
0.00029152,0.000446844
0.00029267,0.000447418
0.00029382,0.000448007
0.000294969,0.000448582
0.000296119,0.000449157
0.000297268,0.000449746
0.000298418,0.000450328
0.000299568,0.000450896
0.000300717,0.000451485
0.000301867,0.00045206
0.000303017,0.000452642
0.000304166,0.000453217
0.000305316,0.000453806
0.000306466,0.000454373
0.000307616,0.000454963
0.000308765,0.000455545
0.000309915,0.000456112
0.000311065,0.000456695
0.000312215,0.000457284
0.000313365,0.000457859
0.000314515,0.000458441
0.000315665,0.000459009
0.000316814,0.000459605
0.000317964,0.00046018
0.000319114,0.000460748
0.000320264,0.000461337
0.000321414,0.000461919
0.000322564,0.000462487
0.000323714,0.000463076
0.000324864,0.000463659
0.000326014,0.000464234
0.000327165,0.000464816
0.000328315,0.000465384
0.000329465,0.000465973
0.000330615,0.000466555
0.000331765,0.00046713
0.000332915,0.000467705
0.000334065,0.000468295
0.000335215,0.000468863
0.000336366,0.000469452
0.000337516,0.000470027
0.000338666,0.000470609
0.000339816,0.000471185
0.000340967,0.000471767
0.000342117,0.000472342
0.000343267,0.000472924
0.000344418,0.000473507
0.000345568,0.000474082
0.000346718,0.000474657
0.000347869,0.000475239
0.000349019,0.000475829
0.000350169,0.000476397
0.00035132,0.000476979
0.00035247,0.000477554
0.000353621,0.000478144
0.000354771,0.000478712
0.000355922,0.000479302
0.000357072,0.000479877
0.000358223,0.000480438
0.000359373,0.000481042
0.000360524,0.000481602
0.000361674,0.000482192
0.000362825,0.000482782
0.000363975,0.000483343
0.000365126,0.000483932
0.000366277,0.000484508
0.000367427,0.000485083
0.000368578,0.000485658
0.000369728,0.000486248
0.000370879,0.000486823
0.00037203,0.000487398
0.00037318,0.000487988
0.000374331,0.000488549
0.000375482,0.000489139
0.000376633,0.000489714
0.000377783,0.000490304
0.000378934,0.000490865
0.000380085,0.000491454
0.000381236,0.00049203
0.000382386,0.00049262
0.000383537,0.000493195
0.000384688,0.00049377
0.000385839,0.000494346
0.00038699,0.000494921
0.000388141,0.000495497
0.000389291,0.000496086
0.000390442,0.000496662
0.000391593,0.000497252
0.000392744,0.000497813
0.000393895,0.000498403
0.000395046,0.000498964
0.000396197,0.000499568
0.000397348,0.000500129
0.000398499,0.000500704
0.00039965,0.000501294
0.000400801,0.00050187
0.000401952,0.000502459
0.000403103,0.000503021
0.000404254,0.000503596
0.000405405,0.000504186
0.000406556,0.000504761
0.000407707,0.000505351
0.000408858,0.000505913
0.000410009,0.000506502
0.00041116,0.000507078
0.000412311,0.000507639
0.000413462,0.000508243
0.000414613,0.000508805
0.000415765,0.000509394
0.000416916,0.00050997
0.000418067,0.000510531
0.000419218,0.000511135
0.000420369,0.000511697
0.00042152,0.000512272
0.000422672,0.000512862
0.000423823,0.000513438
0.000424974,0.000514013
0.000426125,0.000514589
0.000427276,0.000515179
0.000428428,0.00051574
0.000429579,0.00051633
0.00043073,0.000516906
0.000431882,0.000517482
0.000433033,0.000518057
0.000434184,0.000518647
0.000435335,0.000519208
0.000436487,0.000519798
0.000437638,0.000520374
0.000438789,0.00052095
0.000439941,0.00052154
0.000441092,0.000522101
0.000442243,0.000522691
0.000443395,0.000523252
0.000444546,0.000523842
0.000445697,0.000524418
0.000446849,0.000524994
0.000448,0.000525584
0.000449152,0.000526145
0.000450303,0.000526735
0.000451454,0.000527297
0.000452606,0.000527901
0.000453757,0.000528462
0.000454909,0.000529038
0.00045606,0.000529614
0.000457212,0.000530204
0.000458363,0.000530765
0.000459515,0.000531355
0.000460666,0.000531931
0.000461817,0.000532507
0.000462969,0.000533082
0.000464121,0.000533658
0.000465272,0.000534248
0.000466423,0.00053481
0.000467575,0.0005354
0.000468727,0.000535975
0.000469878,0.000536537
0.00047103,0.000537127
0.000472181,0.000537717
0.000473333,0.000538279
0.000474484,0.000538854
0.000475636,0.000539444
0.000476787,0.000540006
0.000477939,0.000540582
0.00047909,0.000541186
0.000480242,0.000541733
0.000481394,0.000542323
0.000482545,0.000542899
0.000483697,0.000543475
0.000484849,0.000544065
0.000486,0.000544627
0.000487152,0.000545217
0.000488303,0.000545778
0.000489455,0.000546368
0.000490607,0.000546944
0.000491758,0.00054752
0.00049291,0.000548081
0.000494062,0.000548686
0.000495213,0.000549233
0.000496365,0.000549837
0.000497517,0.000550399
0.000498668,0.000550975
0.00049982,0.000551565
0.000500972,0.000552127
0.000502123,0.000552717
0.000503275,0.000553293
0.000504427,0.000553854
0.000505578,0.000554444
0.00050673,0.00055502
0.000507882,0.000555596
0.000509033,0.000556172
0.000510185,0.000556748
0.000511337,0.000557323
0.000512489,0.000557899
0.00051364,0.000558475
0.000514792,0.000559065
0.000515944,0.000559627
0.000517095,0.000560203
0.000518247,0.000560793
0.000519399,0.000561354
0.000520551,0.000561945
0.000521702,0.00056252
0.000522854,0.000563082
0.000524006,0.000563672
0.000525158,0.000564248
0.000526309,0.000564824
0.000527461,0.0005654
0.000528613,0.000565976
0.000529764,0.000566537
0.000530916,0.000567128
0.000532068,0.000567718
0.00053322,0.000568265
0.000534372,0.000568855
0.000535523,0.000569445
0.000536675,0.000569993
0.000537827,0.000570597
0.000538979,0.000571159
0.00054013,0.000571749
0.000541282,0.000572296
0.000542434,0.000572901
0.000543586,0.000573462
0.000544737,0.000574038
0.000545889,0.000574628
0.000547041,0.00057519
0.000548193,0.00057578
0.000549345,0.000576342
0.000550496,0.000576918
0.000551648,0.000577508
0.0005528,0.000578069
0.000553952,0.000578645
0.000555103,0.000579235
0.000556255,0.000579797
0.000557407,0.000580373
0.000558559,0.000580949
0.000559732,0.00059274
0.000560949,0.000604925
0.00056221,0.00061746
0.000563518,0.000630376
0.000564873,0.000643674
0.000566277,0.000657367
0.000567731,0.000671442
0.000569237,0.000685901
0.000570796,0.000700772
0.000572409,0.000716013
0.000574079,0.000731669
0.000575805,0.000747724
0.00057759,0.000764137
0.000579436,0.000780981
0.000581342,0.00079817
0.000583312,0.000815776
0.000585345,0.000833742
0.000587444,0.00085207
0.000589609,0.00087076
0.000591842,0.000889784
0.000594144,0.000909172
0.000596517,0.000928837
0.00059896,0.000948852
0.000601475,0.000969118
0.000604064,0.000989663
0.000606727,0.00101045
0.000609464,0.00103148
0.000612276,0.00105268
0.000615165,0.00107408
0.000618129,0.00109559
0.000621171,0.00111724
0.000624289,0.00113895
0.000627484,0.00116071
0.000630756,0.0011825
0.000634105,0.00120422
0.00063753,0.0012259
0.000641032,0.00124748
0.000644608,0.00126889
0.000648259,0.00129009
0.000651984,0.00131108
0.00065578,0.00133174
0.000659648,0.00135211
0.000663586,0.00137207
0.000667591,0.00139161
0.000671662,0.00141067
0.000675797,0.0014292
0.000679994,0.00144715
0.00068425,0.0014645
0.000688563,0.00148114
0.00069293,0.0014971
0.000697348,0.00151229
0.000701813,0.00152667
0.000706324,0.00154023
0.000710876,0.0015529
0.000715466,0.00156465
0.00072009,0.00157545
0.000724745,0.00158527
0.000729426,0.00159407
0.00073413,0.00160188
0.000738853,0.00160859
0.00074359,0.00161424
0.000748338,0.00161882
0.000753092,0.000375357
0.000449633,0.000523134
0.000449633,0.000523147
0.000449633,0.000523159
0.000449633,0.000523172
0.000449633,0.000523185
0.000449633,0.000523197
0.000449633,0.000523209
0.000449633,0.000523222
0.000449633,0.000523234
0.000449633,0.000523246
0.000449633,0.000523259
0.000449633,0.000523271
0.000449633,0.000523284
0.000449633,0.000523296
0.000449633,0.000523308
0.000449633,0.00052332
0.000449633,0.000523333
0.000449633,0.000523345
0.000449633,0.000523357
0.000449633,0.000523369
0.000449633,0.000523381
0.000449633,0.000523393
0.000449633,0.000523406
0.000449633,0.000523417
0.000449633,0.00052343
0.000449633,0.000523442
0.000449633,0.000523454
0.000449633,0.000523465
0.000449633,0.000523478
0.000449633,0.000523489
0.000449633,0.000523501
0.000449633,0.000523514
0.000449633,0.000523525
0.000449633,0.000523537
0.000449633,0.000523549
0.000449633,0.00052356
0.000449633,0.000523573
0.000449633,0.000523585
0.000449633,0.000523596
0.000449633,0.000523607
0.000449633,0.00052362
0.000449633,0.000523631
0.000449633,0.000523642
0.000449633,0.000523655
0.000449633,0.000523666
0.000449633,0.000523678
0.000449633,0.000523689
0.000449633,0.0005237
0.000449633,0.000523713
0.000449633,0.000523725
0.000449633,0.000523735
0.000449633,0.000523747
0.000449633,0.000523758
0.000449633,0.00052377
0.000449633,0.000523781
0.000449633,0.000523793
0.000449633,0.000523804
0.000449633,0.000523815
0.000449633,0.000523826
0.000449633,0.00052384
0.000449633,0.000523849
0.000449633,0.00052386
0.000449633,0.000523872
0.000449633,0.000523883
0.000449633,0.000523894
0.000449633,0.000523906
0.000449633,0.000523917
0.000449633,0.000523928
0.000449633,0.000523938
0.000449633,0.000523951
0.000449633,0.000523961
0.000449633,0.000523972
0.000449633,0.000523981
0.000449633,0.000523995
0.000449633,0.000524004
0.000449633,0.000524015
0.000449633,0.000524028
0.000449633,0.000524038
0.000449633,0.000524049
0.000449633,0.00052406
0.000449633,0.000524069
0.000449633,0.000524083
0.000449633,0.000524092
0.000449633,0.000524103
0.000449633,0.000524113
0.000447799,0.000524214
0.000444132,0.000522391
0.000440464,0.000520568
0.000436796,0.000518746
0.000433128,0.000516922
0.00042946,0.000515098
0.000425792,0.000513273
0.000422124,0.000511451
0.000418456,0.000509628
0.000414787,0.000507805
0.000411118,0.000505981
0.000407449,0.000504155
0.00040378,0.000502333
0.000400111,0.000500508
0.000396442,0.000498684
0.000392773,0.000496858
0.000389103,0.000495036
0.000385434,0.000493212
0.000381764,0.000491388
0.000378094,0.00048956
0.000374424,0.00048774
0.000370754,0.000485912
0.000367084,0.000484088
0.000363414,0.000482263
0.000359743,0.000480439
0.000356072,0.000478614
0.000352402,0.00047679
0.000348731,0.000474961
0.00034506,0.00047314
0.000341389,0.000471312
0.000337717,0.000469487
0.000334046,0.000467662
0.000330375,0.000465834
0.000326703,0.000464012
0.000323031,0.000462183
0.00031936,0.000460358
0.000315688,0.000458533
0.000312016,0.000456704
0.000308344,0.000454882
0.000304671,0.000453054
0.000300999,0.000451228
0.000297326,0.000449402
0.000293653,0.000447573
0.000289981,0.000445747
0.000286308,0.000443922
0.000282635,0.000442096
0.000278962,0.000440267
0.000275288,0.000438441
0.000271615,0.000436615
0.000267942,0.000434789
0.000264268,0.000432959
0.000260594,0.000431133
0.00025692,0.000429307
0.000253246,0.000427477
0.000249572,0.000425651
0.000245898,0.000423824
0.000242223,0.000421995
0.000238549,0.000420168
0.000235649,0.000423113
0.000233524,0.000422057
0.000231399,0.000421006
0.000229273,0.000419954
0.000227148,0.000418899
0.000225022,0.000417847
0.000222897,0.000416795
0.000220772,0.000415739
0.000218646,0.000414688
0.000216521,0.000413632
0.000214395,0.00041258
0.000212269,0.000411528
0.000210143,0.000410473
0.000208017,0.000409417
0.000205891,0.000408368
0.000203765,0.000407313
0.000201639,0.000406257
0.000199513,0.000405205
0.000199225,0.000402932
0.000200775,0.000403715
0.000202326,0.000404497
0.000203876,0.000405283
0.000205426,0.000406069
0.000206977,0.000406852
0.000208528,0.000407638
0.000210079,0.000408421
0.000211629,0.000409207
0.00021318,0.000409989
0.000214731,0.000410776
0.000216282,0.000411558
0.000217833,0.000412345
0.000219384,0.000413127
0.000220935,0.00041391
0.000222486,0.000414697
0.000224037,0.000415483
0.000225588,0.000416266
0.000227139,0.000417049
0.00022869,0.000417835
0.000230242,0.000418618
0.000231793,0.000419404
0.000232569,0.000416542
0.000232569,0.000416552
0.000232569,0.000416559
0.000232569,0.000416567
0.000232569,0.000416577
0.000232569,0.000416585
0.000232569,0.000416592
0.000232569,0.000416602
0.000232569,0.00041661
0.000232569,0.00041662
0.000232569,0.000416627
0.000232569,0.000416635
0.000232569,0.000416645
0.000232569,0.000416652
0.000232569,0.00041666
0.000232569,0.00041667
0.000232569,0.000416678
0.000232569,0.000416685
0.000232569,0.000416692
0.000232569,0.000416706
0.000232569,0.000416706
0.000232569,0.00041672
0.000232569,0.000416728
0.000232569,0.000416735
0.000232569,0.000416742
0.000232569,0.000416749
0.000232569,0.000416763
0.000232569,0.000416763
0.000232569,0.000416778
0.000232569,0.000416785
0.000232569,0.000416792
0.000232569,0.000416799
0.000232569,0.000416806
0.000232569,0.000416813
0.000232569,0.000416821
0.000232569,0.000416835
0.000232569,0.000416835
0.000232569,0.000416849
0.000232569,0.000416849
0.000232569,0.000416863
0.000232569,0.000416871
0.000232569,0.000416878
0.000232569,0.000416885
0.000232569,0.000416892
0.000232569,0.000416906
0.000232569,0.000416906
0.000232569,0.000416914
0.000232569,0.000416928
0.000232569,0.000416928
0.000232569,0.000416942
0.000232569,0.000416942
0.000232569,0.000416956
0.000232569,0.000416964
0.000232569,0.000416964
0.000232569,0.000416978
0.000232569,0.000416985
0.000232569,0.000416992
0.000232569,0.000416999
0.000232569,0.000417007
0.000232569,0.000417014
0.000232569,0.000417021
0.000232569,0.000417028
0.000232569,0.000417035
0.000232569,0.000417042
0.000232569,0.000417049
0.000232569,0.000417057
0.000232569,0.000417064
0.000232569,0.000417071
0.000232569,0.000417078
0.000232569,0.000417085
0.000232569,0.0004171
0.000232569,0.0004171
0.000232569,0.0004171
0.000232569,0.000417121
0.000232569,0.000417121
0.000232569,0.000417128
0.000232569,0.000417135
0.000232569,0.000417142
0.000232569,0.00041715
0.000232569,0.000417157
0.000232569,0.000417164
0.000232569,0.000417171
0.000232569,0.000417178
0.000232569,0.000417178
0.000232569,0.000417185
0.000232569,0.0004172
0.000232569,0.000417207
0.000232569,0.000417207
0.000232569,0.000417221
0.000232569,0.000417228
0.000232569,0.000417228
0.000232569,0.000417235
0.000232569,0.000417243
0.000232569,0.00041725
0.000232569,0.000417264
0.000232569,0.000417257
0.000232569,0.000417278
0.000232569,0.000417271
0.000232569,0.000417285
0.000232569,0.000417293
0.000232569,0.000417293
0.000232569,0.0004173
0.000232569,0.000417314
0.000232569,0.000417314
0.000232569,0.000417328
0.000232569,0.000417321
0.000232569,0.000417336
0.000232569,0.000417343
0.000232569,0.00041735
0.000232569,0.00041735
0.000233144,0.000417373
0.000234293,0.000417948
0.000235443,0.00041853
0.000236592,0.000419111
0.000237742,0.000419693
0.000238891,0.000420275
0.000240041,0.000420857
0.000241191,0.000421432
0.00024234,0.000422014
0.00024349,0.000422596
0.00024464,0.000423178
0.000245789,0.00042376
0.000246939,0.000424342
0.000248089,0.000424924
0.000249239,0.000425492
0.000250389,0.000426088
0.000251539,0.000426656
0.000252688,0.000427245
0.000253838,0.000427827
0.000254988,0.00042841
0.000256138,0.000428977
0.000257288,0.000429574
0.000258438,0.000430149
0.000259588,0.000430724
0.000260738,0.000431313
0.000261888,0.000431888
0.000263038,0.00043247
0.000264189,0.000433053
0.000265339,0.000433628
0.000266489,0.000434217
0.000267639,0.000434792
0.000268789,0.000435374
0.000269939,0.000435957
0.00027109,0.000436532
0.00027224,0.000437114
0.00027339,0.000437703
0.00027454,0.000438271
0.000275691,0.000438861
0.000276841,0.000439443
0.000277991,0.000440011
0.000279142,0.000440601
0.000280292,0.000441183
0.000281443,0.000441758
0.000282593,0.000442341
0.000283744,0.000442923
0.000284894,0.000443505
0.000286045,0.000444073
0.000287195,0.00044467
0.000288346,0.000445246
0.000289496,0.000445821
0.000290647,0.000446403
0.000291797,0.000446986
0.000292948,0.000447561
0.000294099,0.000448151
0.000295249,0.000448726
0.0002964,0.000449301
0.000297551,0.000449891
0.000298701,0.000450473
0.000299852,0.000451042
0.000301003,0.000451631
0.000302154,0.000452207
0.000303304,0.000452789
0.000304455,0.000453365
0.000305606,0.000453954
0.000306757,0.000454523
0.000307908,0.000455112
0.000309059,0.000455695
0.00031021,0.000456263
0.00031136,0.000456846
0.000312511,0.000457436
0.000313662,0.000458011
0.000314813,0.000458594
0.000315964,0.000459162
0.000317115,0.000459759
0.000318266,0.000460335
0.000319417,0.000460903
0.000320568,0.000461493
0.00032172,0.000462075
0.000322871,0.000462644
0.000324022,0.000463234
0.000325173,0.000463816
0.000326324,0.000464392
0.000327475,0.000464975
0.000328626,0.000465543
0.000329778,0.000466133
0.000330929,0.000466716
0.00033208,0.000467291
0.000333231,0.000467867
0.000334383,0.000468457
0.000335534,0.000469025
0.000336685,0.000469615
0.000337836,0.000470191
0.000338988,0.000470774
0.000340139,0.00047135
0.000341291,0.000471932
0.000342442,0.000472508
0.000343593,0.000473091
0.000344745,0.000473674
0.000345896,0.000474249
0.000347048,0.000474825
0.000348199,0.000475408
0.000349351,0.000475998
0.000350502,0.000476567
0.000351654,0.00047715
0.000352805,0.000477725
0.000353957,0.000478315
0.000355108,0.000478884
0.00035626,0.000479474
0.000357411,0.00048005
0.000358563,0.000480611
0.000359714,0.000481216
0.000360866,0.000481777
0.000362018,0.000482367
0.000363169,0.000482957
0.000364321,0.000483519
0.000365473,0.000484109
0.000366624,0.000484685
0.000367776,0.000485261
0.000368928,0.000485837
0.00037008,0.000486427
0.000371231,0.000487003
0.000372383,0.000487579
0.000373535,0.000488169
0.000374687,0.00048873
0.000375838,0.000489321
0.00037699,0.000489896
0.000378142,0.000490487
0.000379294,0.000491048
0.000380446,0.000491639
0.000381598,0.000492214
0.00038275,0.000492805
0.000383901,0.000493381
0.000385053,0.000493957
0.000386205,0.000494533
0.000387357,0.000495109
0.000388509,0.000495685
0.000389661,0.000496275
0.000390813,0.000496851
0.000391965,0.000497441
0.000393117,0.000498003
0.000394269,0.000498593
0.000395421,0.000499155
0.000396573,0.000499759
0.000397725,0.000500321
0.000398877,0.000500897
0.000400029,0.000501487
0.000401181,0.000502063
0.000402334,0.000502654
0.000403486,0.000503216
0.000404638,0.000503792
0.00040579,0.000504382
0.000406942,0.000504958
0.000408094,0.000505549
0.000409246,0.00050611
0.000410399,0.000506701
0.000411551,0.000507277
0.000412703,0.000507839
0.000413855,0.000508443
0.000415007,0.000509005
0.000416159,0.000509595
0.000417312,0.000510172
0.000418464,0.000510733
0.000419616,0.000511338
0.000420768,0.0005119
0.000421921,0.000512476
0.000423073,0.000513067
0.000424225,0.000513643
0.000425378,0.000514219
0.00042653,0.000514795
0.000427682,0.000515385
0.000428835,0.000515947
0.000429987,0.000516538
0.000431139,0.000517114
0.000432292,0.00051769
0.000433444,0.000518266
0.000434596,0.000518857
0.000435749,0.000519419
0.000436901,0.000520009
0.000438054,0.000520585
0.000439206,0.000521162
0.000440358,0.000521752
0.000441511,0.000522314
0.000442663,0.000522905
0.000443816,0.000523466
0.000444968,0.000524057
0.000446121,0.000524633
0.000447273,0.000525209
0.000448426,0.0005258
0.000449578,0.000526362
0.000450731,0.000526952
0.000451883,0.000527514
0.000453036,0.000528119
0.000454188,0.000528681
0.000455341,0.000529258
0.000456493,0.000529834
0.000457646,0.000530424
0.000458798,0.000530986
0.000459951,0.000531577
0.000461104,0.000532153
0.000462256,0.00053273
0.000463409,0.000533306
0.000464561,0.000533882
0.000465714,0.000534473
0.000466867,0.000535035
0.000468019,0.000535625
0.000469172,0.000536202
0.000470324,0.000536764
0.000471477,0.000537354
0.00047263,0.000537945
0.000473782,0.000538507
0.000474935,0.000539083
0.000476088,0.000539674
0.00047724,0.000540236
0.000478393,0.000540812
0.000479546,0.000541417
0.000480698,0.000541965
0.000481851,0.000542556
0.000483004,0.000543132
0.000484156,0.000543708
0.000485309,0.000544299
0.000486462,0.000544861
0.000487614,0.000545452
0.000488767,0.000546014
0.00048992,0.000546604
0.000491073,0.000547181
0.000492225,0.000547757
0.000493378,0.000548319
0.000494531,0.000548924
0.000495683,0.000549472
0.000496836,0.000550077
0.000497989,0.000550639
0.000499142,0.000551215
0.000500295,0.000551806
0.000501447,0.000552368
0.0005026,0.000552959
0.000503753,0.000553535
0.000504906,0.000554097
0.000506058,0.000554688
0.000507211,0.000555264
0.000508364,0.000555841
0.000509517,0.000556417
0.00051067,0.000556993
0.000511822,0.00055757
0.000512975,0.000558146
0.000514128,0.000558723
0.000515281,0.000559313
0.000516434,0.000559875
0.000517586,0.000560452
0.000518739,0.000561043
0.000519892,0.000561605
0.000521045,0.000562195
0.000522198,0.000562772
0.000523351,0.000563334
0.000524504,0.000563925
0.000525656,0.000564501
0.000526809,0.000565077
0.000527962,0.000565654
0.000529115,0.00056623
0.000530268,0.000566793
0.00053142,0.000567383
0.000532573,0.000567974
0.000533726,0.000568522
0.000534879,0.000569112
0.000536032,0.000569703
0.000537185,0.000570251
0.000538338,0.000570856
0.000539491,0.000571418
0.000540643,0.000572009
0.000541796,0.000572557
0.000542949,0.000573162
0.000544102,0.000573724
0.000545255,0.0005743
0.000546408,0.000574891
0.000547561,0.000575453
0.000548714,0.000576044
0.000549866,0.000576606
0.000551019,0.000577182
0.000552172,0.000577773
0.000553325,0.000578335
0.000554478,0.000578912
0.000555631,0.000579502
0.000556784,0.000580065
0.000557936,0.000580641
0.000559089,0.000581218
0.000560264,0.000593009
0.000561481,0.000605195
0.000562744,0.000617731
0.000564053,0.000630648
0.000565409,0.000643946
0.000566814,0.00065764
0.00056827,0.000671716
0.000569777,0.000686176
0.000571338,0.000701048
0.000572953,0.00071629
0.000574624,0.000731946
0.000576352,0.000748003
0.000578139,0.000764417
0.000579986,0.000781262
0.000581894,0.000798452
0.000583865,0.000816059
0.000585901,0.000834027
0.000588002,0.000852356
0.000590169,0.000871047
0.000592404,0.000890073
0.000594709,0.000909461
0.000597083,0.000929128
0.000599529,0.000949144
0.000602047,0.000969412
0.000604638,0.000989958
0.000607303,0.00101074
0.000610043,0.00103178
0.000612858,0.00105298
0.000615749,0.00107438
0.000618716,0.0010959
0.00062176,0.00111754
0.000624882,0.00113925
0.00062808,0.00116102
0.000631355,0.00118281
0.000634707,0.00120454
0.000638136,0.00122622
0.00064164,0.00124779
0.00064522,0.0012692
0.000648875,0.00129041
0.000652603,0.0013114
0.000656403,0.00133206
0.000660275,0.00135244
0.000664216,0.0013724
0.000668225,0.00139194
0.0006723,0.001411
0.000676439,0.00142953
0.00068064,0.00144748
0.0006849,0.00146483
0.000689217,0.00148148
0.000693588,0.00149745
0.00069801,0.00151264
0.00070248,0.00152702
0.000706995,0.00154058
0.000711551,0.00155325
0.000716145,0.00156501
0.000720774,0.00157581
0.000725433,0.00158563
0.000730119,0.00159443
0.000734827,0.00160225
0.000739555,0.00160895
0.000744296,0.00161461
0.000749049,0.00161919
0.000753807,0.000375713
0.000450045,0.000523341
0.000450045,0.000523353
0.000450045,0.000523366
0.000450045,0.000523378
0.000450045,0.000523391
0.000450045,0.000523403
0.000450045,0.000523415
0.000450045,0.000523428
0.000450045,0.00052344
0.000450045,0.000523453
0.000450045,0.000523465
0.000450045,0.000523477
0.000450045,0.00052349
0.000450045,0.000523502
0.000450045,0.000523514
0.000450045,0.000523527
0.000450045,0.000523539
0.000450045,0.000523551
0.000450045,0.000523563
0.000450045,0.000523575
0.000450045,0.000523587
0.000450045,0.000523599
0.000450045,0.000523612
0.000450045,0.000523624
0.000450045,0.000523636
0.000450045,0.000523648
0.000450045,0.00052366
0.000450045,0.000523671
0.000450045,0.000523684
0.000450045,0.000523695
0.000450045,0.000523707
0.000450045,0.00052372
0.000450045,0.000523731
0.000450045,0.000523743
0.000450045,0.000523755
0.000450045,0.000523766
0.000450045,0.000523779
0.000450045,0.000523791
0.000450045,0.000523802
0.000450045,0.000523814
0.000450045,0.000523826
0.000450045,0.000523837
0.000450045,0.000523848
0.000450045,0.000523861
0.000450045,0.000523873
0.000450045,0.000523884
0.000450045,0.000523895
0.000450045,0.000523906
0.000450045,0.000523919
0.000450045,0.000523931
0.000450045,0.000523941
0.000450045,0.000523953
0.000450045,0.000523964
0.000450045,0.000523976
0.000450045,0.000523987
0.000450045,0.000523999
0.000450045,0.00052401
0.000450045,0.000524021
0.000450045,0.000524032
0.000450045,0.000524046
0.000450045,0.000524055
0.000450045,0.000524066
0.000450045,0.000524078
0.000450045,0.000524089
0.000450045,0.0005241
0.000450045,0.000524112
0.000450045,0.000524123
0.000450045,0.000524134
0.000450045,0.000524144
0.000450045,0.000524157
0.000450045,0.000524168
0.000450045,0.000524178
0.000450045,0.000524187
0.000450045,0.000524202
0.000450045,0.00052421
0.000450045,0.000524221
0.000450045,0.000524234
0.000450045,0.000524244
0.000450045,0.000524255
0.000450045,0.000524266
0.000450045,0.000524275
0.000450045,0.000524289
0.000450045,0.000524298
0.000450045,0.000524309
0.000450045,0.00052432
0.00044821,0.00052447
0.000444539,0.000522646
0.000440868,0.000520821
0.000437197,0.000518998
0.000433525,0.000517171
0.000429854,0.000515346
0.000426183,0.00051352
0.000422511,0.000511696
0.000418839,0.000509871
0.000415167,0.000508046
0.000411495,0.000506221
0.000407823,0.000504394
0.000404151,0.00050257
0.000400478,0.000500743
0.000396806,0.000498917
0.000393133,0.00049709
0.00038946,0.000495266
0.000385787,0.00049344
0.000382114,0.000491615
0.000378441,0.000489785
0.000374768,0.000487963
0.000371094,0.000486133
0.000367421,0.000484307
0.000363747,0.000482481
0.000360073,0.000480655
0.000356399,0.000478829
0.000352725,0.000477003
0.000349051,0.000475173
0.000345376,0.00047335
0.000341702,0.00047152
0.000338028,0.000469693
0.000334353,0.000467867
0.000330678,0.000466036
0.000327003,0.000464213
0.000323328,0.000462383
0.000319652,0.000460556
0.000315977,0.000458729
0.000312302,0.000456899
0.000308626,0.000455075
0.000304951,0.000453245
0.000301275,0.000451418
0.000297599,0.00044959
0.000293923,0.000447759
0.000290247,0.000445932
0.00028657,0.000444105
0.000282894,0.000442277
0.000279218,0.000440446
0.000275541,0.000438619
0.000271864,0.000436791
0.000268187,0.000434963
0.00026451,0.000433132
0.000260833,0.000431304
0.000257155,0.000429476
0.000253478,0.000427645
0.000249801,0.000425817
0.000246123,0.000423989
0.000242446,0.000422157
0.000238768,0.000420329
0.000235865,0.000423412
0.000233738,0.000422356
0.000231611,0.000421303
0.000229484,0.000420251
0.000227356,0.000419194
0.000225229,0.000418141
0.000223102,0.000417089
0.000220974,0.000416032
0.000218846,0.000414979
0.000216719,0.000413923
0.000214591,0.00041287
0.000212463,0.000411817
0.000210336,0.00041076
0.000208208,0.000409704
0.00020608,0.000408654
0.000203952,0.000407598
0.000201824,0.000406541
0.000199695,0.000405488
0.000199407,0.000402904
0.000200959,0.000403687
0.000202511,0.000404471
0.000204063,0.000405258
0.000205615,0.000406044
0.000207167,0.000406828
0.000208719,0.000407614
0.000210271,0.000408398
0.000211823,0.000409185
0.000213376,0.000409968
0.000214928,0.000410755
0.00021648,0.000411538
0.000218032,0.000412325
0.000219585,0.000413109
0.000221137,0.000413892
0.00022269,0.000414679
0.000224242,0.000415466
0.000225795,0.00041625
0.000227348,0.000417033
0.0002289,0.000417821
0.000230453,0.000418604
0.000232006,0.000419391
0.000232782,0.000416648
0.000232782,0.000416659
0.000232782,0.000416666
0.000232782,0.000416673
0.000232782,0.000416684
0.000232782,0.000416691
0.000232782,0.000416698
0.000232782,0.000416709
0.000232782,0.000416716
0.000232782,0.000416727
0.000232782,0.000416734
0.000232782,0.000416741
0.000232782,0.000416752
0.000232782,0.000416759
0.000232782,0.000416766
0.000232782,0.000416777
0.000232782,0.000416784
0.000232782,0.000416791
0.000232782,0.000416798
0.000232782,0.000416813
0.000232782,0.000416813
0.000232782,0.000416827
0.000232782,0.000416834
0.000232782,0.000416841
0.000232782,0.000416849
0.000232782,0.000416856
0.000232782,0.00041687
0.000232782,0.00041687
0.000232782,0.000416884
0.000232782,0.000416891
0.000232782,0.000416899
0.000232782,0.000416906
0.000232782,0.000416913
0.000232782,0.00041692
0.000232782,0.000416927
0.000232782,0.000416941
0.000232782,0.000416941
0.000232782,0.000416956
0.000232782,0.000416956
0.000232782,0.00041697
0.000232782,0.000416977
0.000232782,0.000416984
0.000232782,0.000416992
0.000232782,0.000416999
0.000232782,0.000417013
0.000232782,0.000417013
0.000232782,0.00041702
0.000232782,0.000417034
0.000232782,0.000417034
0.000232782,0.000417049
0.000232782,0.000417049
0.000232782,0.000417063
0.000232782,0.00041707
0.000232782,0.00041707
0.000232782,0.000417085
0.000232782,0.000417092
0.000232782,0.000417099
0.000232782,0.000417106
0.000232782,0.000417113
0.000232782,0.00041712
0.000232782,0.000417127
0.000232782,0.000417135
0.000232782,0.000417142
0.000232782,0.000417149
0.000232782,0.000417156
0.000232782,0.000417163
0.000232782,0.00041717
0.000232782,0.000417178
0.000232782,0.000417185
0.000232782,0.000417192
0.000232782,0.000417206
0.000232782,0.000417206
0.000232782,0.000417206
0.000232782,0.000417228
0.000232782,0.000417228
0.000232782,0.000417235
0.000232782,0.000417242
0.000232782,0.000417249
0.000232782,0.000417256
0.000232782,0.000417263
0.000232782,0.000417271
0.000232782,0.000417278
0.000232782,0.000417285
0.000232782,0.000417285
0.000232782,0.000417292
0.000232782,0.000417306
0.000232782,0.000417313
0.000232782,0.000417313
0.000232782,0.000417328
0.000232782,0.000417335
0.000232782,0.000417335
0.000232782,0.000417342
0.000232782,0.000417349
0.000232782,0.000417356
0.000232782,0.000417371
0.000232782,0.000417363
0.000232782,0.000417385
0.000232782,0.000417378
0.000232782,0.000417392
0.000232782,0.000417399
0.000232782,0.000417399
0.000232782,0.000417406
0.000232782,0.000417421
0.000232782,0.000417421
0.000232782,0.000417435
0.000232782,0.000417428
0.000232782,0.000417442
0.000232782,0.000417449
0.000232782,0.000417456
0.000232782,0.000417456
0.000233357,0.000417484
0.000234508,0.00041806
0.000235659,0.000418642
0.000236809,0.000419225
0.00023796,0.000419807
0.00023911,0.00042039
0.000240261,0.000420972
0.000241412,0.000421547
0.000242563,0.00042213
0.000243713,0.000422713
0.000244864,0.000423295
0.000246015,0.000423878
0.000247166,0.00042446
0.000248317,0.000425043
0.000249467,0.000425611
0.000250618,0.000426208
0.000251769,0.000426776
0.00025292,0.000427366
0.000254071,0.000427949
0.000255222,0.000428531
0.000256373,0.0004291
0.000257524,0.000429697
0.000258675,0.000430272
0.000259826,0.000430848
0.000260977,0.000431437
0.000262129,0.000432013
0.00026328,0.000432596
0.000264431,0.000433178
0.000265582,0.000433754
0.000266733,0.000434344
0.000267885,0.00043492
0.000269036,0.000435502
0.000270187,0.000436085
0.000271338,0.000436661
0.00027249,0.000437243
0.000273641,0.000437834
0.000274792,0.000438402
0.000275944,0.000438992
0.000277095,0.000439575
0.000278246,0.000440143
0.000279398,0.000440733
0.000280549,0.000441316
0.000281701,0.000441892
0.000282852,0.000442475
0.000284004,0.000443058
0.000285155,0.000443641
0.000286307,0.000444209
0.000287458,0.000444807
0.00028861,0.000445382
0.000289762,0.000445958
0.000290913,0.000446541
0.000292065,0.000447124
0.000293217,0.0004477
0.000294368,0.00044829
0.00029552,0.000448866
0.000296672,0.000449442
0.000297824,0.000450032
0.000298975,0.000450615
0.000300127,0.000451184
0.000301279,0.000451774
0.000302431,0.00045235
0.000303583,0.000452933
0.000304734,0.000453509
0.000305886,0.000454099
0.000307038,0.000454668
0.00030819,0.000455258
0.000309342,0.000455841
0.000310494,0.00045641
0.000311646,0.000456993
0.000312798,0.000457584
0.00031395,0.00045816
0.000315102,0.000458743
0.000316254,0.000459312
0.000317406,0.000459909
0.000318558,0.000460485
0.00031971,0.000461054
0.000320862,0.000461644
0.000322015,0.000462228
0.000323167,0.000462796
0.000324319,0.000463387
0.000325471,0.00046397
0.000326623,0.000464546
0.000327776,0.00046513
0.000328928,0.000465698
0.00033008,0.000466289
0.000331232,0.000466872
0.000332385,0.000467448
0.000333537,0.000468024
0.000334689,0.000468615
0.000335842,0.000469184
0.000336994,0.000469774
0.000338146,0.000470351
0.000339299,0.000470934
0.000340451,0.00047151
0.000341604,0.000472094
0.000342756,0.00047267
0.000343908,0.000473253
0.000345061,0.000473836
0.000346213,0.000474413
0.000347366,0.000474989
0.000348518,0.000475572
0.000349671,0.000476163
0.000350823,0.000476732
0.000351976,0.000477315
0.000353129,0.000477892
0.000354281,0.000478482
0.000355434,0.000479052
0.000356586,0.000479642
0.000357739,0.000480218
0.000358892,0.00048078
0.000360044,0.000481385
0.000361197,0.000481947
0.00036235,0.000482538
0.000363502,0.000483129
0.000364655,0.000483691
0.000365808,0.000484281
0.000366961,0.000484858
0.000368113,0.000485434
0.000369266,0.000486011
0.000370419,0.000486601
0.000371572,0.000487178
0.000372725,0.000487754
0.000373878,0.000488345
0.00037503,0.000488907
0.000376183,0.000489498
0.000377336,0.000490074
0.000378489,0.000490665
0.000379642,0.000491227
0.000380795,0.000491818
0.000381948,0.000492394
0.000383101,0.000492985
0.000384254,0.000493561
0.000385407,0.000494138
0.00038656,0.000494714
0.000387712,0.000495291
0.000388865,0.000495867
0.000390019,0.000496458
0.000391172,0.000497035
0.000392325,0.000497626
0.000393478,0.000498188
0.000394631,0.000498779
0.000395784,0.000499341
0.000396937,0.000499946
0.00039809,0.000500508
0.000399243,0.000501085
0.000400396,0.000501676
0.000401549,0.000502252
0.000402703,0.000502843
0.000403856,0.000503405
0.000405009,0.000503982
0.000406162,0.000504573
0.000407315,0.00050515
0.000408469,0.00050574
0.000409622,0.000506303
0.000410775,0.000506894
0.000411928,0.00050747
0.000413081,0.000508032
0.000414235,0.000508638
0.000415388,0.0005092
0.000416541,0.000509791
0.000417694,0.000510368
0.000418848,0.00051093
0.000420001,0.000511535
0.000421154,0.000512098
0.000422308,0.000512674
0.000423461,0.000513265
0.000424614,0.000513842
0.000425768,0.000514419
0.000426921,0.000514995
0.000428074,0.000515586
0.000429228,0.000516149
0.000430381,0.00051674
0.000431535,0.000517316
0.000432688,0.000517893
0.000433842,0.00051847
0.000434995,0.000519061
0.000436149,0.000519623
0.000437302,0.000520214
0.000438455,0.000520791
0.000439609,0.000521368
0.000440762,0.000521959
0.000441916,0.000522521
0.000443069,0.000523112
0.000444223,0.000523675
0.000445376,0.000524266
0.00044653,0.000524843
0.000447683,0.000525419
0.000448837,0.00052601
0.000449991,0.000526573
0.000451144,0.000527164
0.000452298,0.000527726
0.000453451,0.000528332
0.000454605,0.000528894
0.000455758,0.000529471
0.000456912,0.000530048
0.000458066,0.000530639
0.000459219,0.000531201
0.000460373,0.000531793
0.000461526,0.000532369
0.00046268,0.000532946
0.000463834,0.000533523
0.000464987,0.0005341
0.000466141,0.000534691
0.000467295,0.000535253
0.000468448,0.000535845
0.000469602,0.000536421
0.000470756,0.000536984
0.000471909,0.000537575
0.000473063,0.000538166
0.000474217,0.000538729
0.00047537,0.000539306
0.000476524,0.000539897
0.000477678,0.00054046
0.000478832,0.000541036
0.000479985,0.000541642
0.000481139,0.00054219
0.000482293,0.000542781
0.000483447,0.000543358
0.0004846,0.000543935
0.000485754,0.000544526
0.000486908,0.000545089
0.000488062,0.00054568
0.000489215,0.000546242
0.000490369,0.000546834
0.000491523,0.00054741
0.000492677,0.000547987
0.000493831,0.00054855
0.000494984,0.000549156
0.000496138,0.000549704
0.000497292,0.000550309
0.000498446,0.000550872
0.0004996,0.000551449
0.000500753,0.00055204
0.000501907,0.000552603
0.000503061,0.000553194
0.000504215,0.000553771
0.000505369,0.000554333
0.000506523,0.000554925
0.000507676,0.000555502
0.00050883,0.000556078
0.000509984,0.000556655
0.000511138,0.000557232
0.000512292,0.000557809
0.000513446,0.000558386
0.0005146,0.000558963
0.000515753,0.000559554
0.000516907,0.000560117
0.000518061,0.000560694
0.000519215,0.000561285
0.000520369,0.000561848
0.000521523,0.000562439
0.000522677,0.000563016
0.000523831,0.000563579
0.000524984,0.00056417
0.000526138,0.000564747
0.000527292,0.000565324
0.000528446,0.000565901
0.0005296,0.000566478
0.000530754,0.00056704
0.000531908,0.000567632
0.000533062,0.000568223
0.000534216,0.000568771
0.00053537,0.000569362
0.000536524,0.000569954
0.000537677,0.000570502
0.000538831,0.000571108
0.000539985,0.00057167
0.000541139,0.000572262
0.000542293,0.00057281
0.000543447,0.000573415
0.000544601,0.000573978
0.000545755,0.000574555
0.000546909,0.000575146
0.000548063,0.000575709
0.000549217,0.0005763
0.000550371,0.000576863
0.000551525,0.00057744
0.000552679,0.000578031
0.000553832,0.000578594
0.000554986,0.000579171
0.00055614,0.000579762
0.000557294,0.000580325
0.000558448,0.000580902
0.000559602,0.000581479
0.000560777,0.000593271
0.000561996,0.000605457
0.00056326,0.000617995
0.00056457,0.000630912
0.000565928,0.000644211
0.000567334,0.000657906
0.000568791,0.000671983
0.0005703,0.000686444
0.000571862,0.000701317
0.000573478,0.00071656
0.000575151,0.000732217
0.00057688,0.000748274
0.000578669,0.00076469
0.000580518,0.000781535
0.000582428,0.000798726
0.000584401,0.000816335
0.000586438,0.000834304
0.000588541,0.000852634
0.00059071,0.000871327
0.000592948,0.000890353
0.000595254,0.000909743
0.000597631,0.000929411
0.000600079,0.00094943
0.000602599,0.000969698
0.000605192,0.000990246
0.00060786,0.00101103
0.000610602,0.00103207
0.00061342,0.00105327
0.000616314,0.00107467
0.000619284,0.00109619
0.000622331,0.00111784
0.000625455,0.00113955
0.000628656,0.00116132
0.000631934,0.00118311
0.000635289,0.00120484
0.000638721,0.00122652
0.000642229,0.0012481
0.000645812,0.00126951
0.00064947,0.00129072
0.000653201,0.00131171
0.000657005,0.00133238
0.00066088,0.00135275
0.000664825,0.00137272
0.000668838,0.00139226
0.000672917,0.00141132
0.000677059,0.00142986
0.000681264,0.00144781
0.000685528,0.00146517
0.000689849,0.00148182
0.000694224,0.00149778
0.00069865,0.00151297
0.000703124,0.00152736
0.000707643,0.00154092
0.000712204,0.00155359
0.000716802,0.00156535
0.000721435,0.00157616
0.000726098,0.00158598
0.000730788,0.00159479
0.000735501,0.0016026
0.000740233,0.00160931
0.000744979,0.00161497
0.000749736,0.00161955
0.000754499,0.000376058
0.000450443,0.00052354
0.000450443,0.000523552
0.000450443,0.000523565
0.000450443,0.000523577
0.000450443,0.00052359
0.000450443,0.000523602
0.000450443,0.000523615
0.000450443,0.000523627
0.000450443,0.000523639
0.000450443,0.000523652
0.000450443,0.000523664
0.000450443,0.000523676
0.000450443,0.000523689
0.000450443,0.000523701
0.000450443,0.000523713
0.000450443,0.000523726
0.000450443,0.000523738
0.000450443,0.00052375
0.000450443,0.000523762
0.000450443,0.000523774
0.000450443,0.000523786
0.000450443,0.000523799
0.000450443,0.000523811
0.000450443,0.000523823
0.000450443,0.000523835
0.000450443,0.000523847
0.000450443,0.000523859
0.000450443,0.000523871
0.000450443,0.000523883
0.000450443,0.000523895
0.000450443,0.000523906
0.000450443,0.000523919
0.000450443,0.00052393
0.000450443,0.000523942
0.000450443,0.000523955
0.000450443,0.000523965
0.000450443,0.000523978
0.000450443,0.00052399
0.000450443,0.000524001
0.000450443,0.000524013
0.000450443,0.000524025
0.000450443,0.000524036
0.000450443,0.000524048
0.000450443,0.00052406
0.000450443,0.000524072
0.000450443,0.000524083
0.000450443,0.000524094
0.000450443,0.000524106
0.000450443,0.000524118
0.000450443,0.00052413
0.000450443,0.000524141
0.000450443,0.000524152
0.000450443,0.000524163
0.000450443,0.000524175
0.000450443,0.000524186
0.000450443,0.000524199
0.000450443,0.000524209
0.000450443,0.00052422
0.000450443,0.000524231
0.000450443,0.000524245
0.000450443,0.000524254
0.000450443,0.000524265
0.000450443,0.000524277
0.000450443,0.000524288
0.000450443,0.000524299
0.000450443,0.000524311
0.000450443,0.000524322
0.000450443,0.000524333
0.000450443,0.000524343
0.000450443,0.000524356
0.000450443,0.000524367
0.000450443,0.000524377
0.000450443,0.000524386
0.000450443,0.000524401
0.000450443,0.00052441
0.000450443,0.00052442
0.000450443,0.000524433
0.000450443,0.000524444
0.000450443,0.000524454
0.000450443,0.000524465
0.000450443,0.000524474
0.000450443,0.000524488
0.000450443,0.000524497
0.000450443,0.000524508
0.000450443,0.000524519
0.000448606,0.000524731
0.000444932,0.000522905
0.000441258,0.000521079
0.000437584,0.000519254
0.000433909,0.000517426
0.000430234,0.000515599
0.00042656,0.000513771
0.000422885,0.000511946
0.00041921,0.000510119
0.000415535,0.000508292
0.000411859,0.000506466
0.000408184,0.000504637
0.000404508,0.000502811
0.000400833,0.000500983
0.000397157,0.000499156
0.000393481,0.000497326
0.000389805,0.000495501
0.000386129,0.000493674
0.000382452,0.000491847
0.000378776,0.000490015
0.000375099,0.000488191
0.000371422,0.00048636
0.000367745,0.000484532
0.000364069,0.000482705
0.000360392,0.000480877
0.000356714,0.000479049
0.000353037,0.000477221
0.00034936,0.00047539
0.000345682,0.000473565
0.000342004,0.000471734
0.000338326,0.000469905
0.000334648,0.000468077
0.00033097,0.000466245
0.000327292,0.000464421
0.000323614,0.000462589
0.000319936,0.00046076
0.000316257,0.000458932
0.000312578,0.0004571
0.000308899,0.000455275
0.00030522,0.000453442
0.000301542,0.000451614
0.000297862,0.000449785
0.000294183,0.000447952
0.000290503,0.000446123
0.000286824,0.000444294
0.000283144,0.000442465
0.000279464,0.000440632
0.000275785,0.000438803
0.000272105,0.000436974
0.000268424,0.000435145
0.000264744,0.000433312
0.000261064,0.000431482
0.000257383,0.000429653
0.000253703,0.00042782
0.000250022,0.00042599
0.000246341,0.000424161
0.00024266,0.000422327
0.000238979,0.000420497
0.000236074,0.000423712
0.000233945,0.000422655
0.000231816,0.000421601
0.000229687,0.000420547
0.000227558,0.00041949
0.000225428,0.000418437
0.000223299,0.000417383
0.00022117,0.000416325
0.00021904,0.000415271
0.000216911,0.000414214
0.000214781,0.00041316
0.000212652,0.000412106
0.000210522,0.000411049
0.000208392,0.000409991
0.000206262,0.000408941
0.000204132,0.000407883
0.000202002,0.000406826
0.000199872,0.000405771
0.000199584,0.000402875
0.000201137,0.000403659
0.00020269,0.000404443
0.000204244,0.00040523
0.000205797,0.000406018
0.00020735,0.000406802
0.000208904,0.000407589
0.000210457,0.000408373
0.000212011,0.000409161
0.000213564,0.000409945
0.000215118,0.000410733
0.000216672,0.000411517
0.000218225,0.000412304
0.000219779,0.000413089
0.000221333,0.000413873
0.000222887,0.00041466
0.000224441,0.000415448
0.000225995,0.000416232
0.000227549,0.000417017
0.000229103,0.000417804
0.000230657,0.000418589
0.000232211,0.000419377
0.000232988,0.000416751
0.000232988,0.000416762
0.000232988,0.000416769
0.000232988,0.000416776
0.000232988,0.000416787
0.000232988,0.000416794
0.000232988,0.000416801
0.000232988,0.000416812
0.000232988,0.000416819
0.000232988,0.00041683
0.000232988,0.000416837
0.000232988,0.000416844
0.000232988,0.000416855
0.000232988,0.000416862
0.000232988,0.000416869
0.000232988,0.00041688
0.000232988,0.000416887
0.000232988,0.000416894
0.000232988,0.000416901
0.000232988,0.000416916
0.000232988,0.000416916
0.000232988,0.00041693
0.000232988,0.000416937
0.000232988,0.000416944
0.000232988,0.000416952
0.000232988,0.000416959
0.000232988,0.000416973
0.000232988,0.000416973
0.000232988,0.000416987
0.000232988,0.000416994
0.000232988,0.000417002
0.000232988,0.000417009
0.000232988,0.000417016
0.000232988,0.000417023
0.000232988,0.00041703
0.000232988,0.000417044
0.000232988,0.000417044
0.000232988,0.000417059
0.000232988,0.000417059
0.000232988,0.000417073
0.000232988,0.00041708
0.000232988,0.000417087
0.000232988,0.000417095
0.000232988,0.000417102
0.000232988,0.000417116
0.000232988,0.000417116
0.000232988,0.000417123
0.000232988,0.000417137
0.000232988,0.000417137
0.000232988,0.000417152
0.000232988,0.000417152
0.000232988,0.000417166
0.000232988,0.000417173
0.000232988,0.000417173
0.000232988,0.000417188
0.000232988,0.000417195
0.000232988,0.000417202
0.000232988,0.000417209
0.000232988,0.000417216
0.000232988,0.000417223
0.000232988,0.00041723
0.000232988,0.000417238
0.000232988,0.000417245
0.000232988,0.000417252
0.000232988,0.000417259
0.000232988,0.000417266
0.000232988,0.000417273
0.000232988,0.000417281
0.000232988,0.000417288
0.000232988,0.000417295
0.000232988,0.000417309
0.000232988,0.000417309
0.000232988,0.000417309
0.000232988,0.000417331
0.000232988,0.000417331
0.000232988,0.000417338
0.000232988,0.000417345
0.000232988,0.000417352
0.000232988,0.000417359
0.000232988,0.000417366
0.000232988,0.000417374
0.000232988,0.000417381
0.000232988,0.000417388
0.000232988,0.000417388
0.000232988,0.000417395
0.000232988,0.000417409
0.000232988,0.000417416
0.000232988,0.000417416
0.000232988,0.000417431
0.000232988,0.000417438
0.000232988,0.000417438
0.000232988,0.000417445
0.000232988,0.000417452
0.000232988,0.000417459
0.000232988,0.000417474
0.000232988,0.000417466
0.000232988,0.000417488
0.000232988,0.000417481
0.000232988,0.000417495
0.000232988,0.000417502
0.000232988,0.000417502
0.000232988,0.000417509
0.000232988,0.000417524
0.000232988,0.000417524
0.000232988,0.000417538
0.000232988,0.000417531
0.000232988,0.000417545
0.000232988,0.000417552
0.000232988,0.000417559
0.000232988,0.000417559
0.000233564,0.000417594
0.000234715,0.000418169
0.000235867,0.000418752
0.000237019,0.000419335
0.00023817,0.000419918
0.000239322,0.000420501
0.000240474,0.000421084
0.000241625,0.00042166
0.000242777,0.000422243
0.000243929,0.000422826
0.000245081,0.000423409
0.000246233,0.000423992
0.000247384,0.000424575
0.000248536,0.000425158
0.000249688,0.000425727
0.00025084,0.000426325
0.000251992,0.000426893
0.000253144,0.000427484
0.000254296,0.000428067
0.000255448,0.00042865
0.0002566,0.000429219
0.000257752,0.000429816
0.000258904,0.000430392
0.000260056,0.000430968
0.000261208,0.000431559
0.00026236,0.000432135
0.000263513,0.000432718
0.000264665,0.000433301
0.000265817,0.000433877
0.000266969,0.000434468
0.000268121,0.000435044
0.000269274,0.000435627
0.000270426,0.00043621
0.000271578,0.000436787
0.000272731,0.00043737
0.000273883,0.00043796
0.000275035,0.000438529
0.000276188,0.00043912
0.00027734,0.000439703
0.000278493,0.000440272
0.000279645,0.000440863
0.000280798,0.000441446
0.00028195,0.000442022
0.000283103,0.000442606
0.000284255,0.000443189
0.000285408,0.000443773
0.00028656,0.000444342
0.000287713,0.00044494
0.000288865,0.000445516
0.000290018,0.000446092
0.000291171,0.000446676
0.000292323,0.000447259
0.000293476,0.000447835
0.000294629,0.000448426
0.000295782,0.000449002
0.000296934,0.000449579
0.000298087,0.00045017
0.00029924,0.000450753
0.000300393,0.000451322
0.000301545,0.000451913
0.000302698,0.000452489
0.000303851,0.000453073
0.000305004,0.00045365
0.000306157,0.00045424
0.00030731,0.00045481
0.000308463,0.0004554
0.000309616,0.000455984
0.000310769,0.000456553
0.000311922,0.000457137
0.000313075,0.000457728
0.000314228,0.000458304
0.000315381,0.000458888
0.000316534,0.000459457
0.000317687,0.000460055
0.00031884,0.000460632
0.000319993,0.000461201
0.000321146,0.000461792
0.0003223,0.000462376
0.000323453,0.000462945
0.000324606,0.000463536
0.000325759,0.00046412
0.000326912,0.000464696
0.000328066,0.00046528
0.000329219,0.00046585
0.000330372,0.000466441
0.000331525,0.000467024
0.000332679,0.000467601
0.000333832,0.000468178
0.000334985,0.000468769
0.000336139,0.000469338
0.000337292,0.000469929
0.000338445,0.000470506
0.000339599,0.00047109
0.000340752,0.000471667
0.000341906,0.00047225
0.000343059,0.000472827
0.000344213,0.000473411
0.000345366,0.000473995
0.00034652,0.000474572
0.000347673,0.000475148
0.000348827,0.000475732
0.00034998,0.000476323
0.000351134,0.000476893
0.000352287,0.000477477
0.000353441,0.000478054
0.000354595,0.000478645
0.000355748,0.000479215
0.000356902,0.000479806
0.000358056,0.000480382
0.000359209,0.000480945
0.000360363,0.00048155
0.000361517,0.000482113
0.00036267,0.000482704
0.000363824,0.000483295
0.000364978,0.000483858
0.000366132,0.000484449
0.000367285,0.000485026
0.000368439,0.000485603
0.000369593,0.00048618
0.000370747,0.000486771
0.000371901,0.000487348
0.000373054,0.000487925
0.000374208,0.000488516
0.000375362,0.000489079
0.000376516,0.00048967
0.00037767,0.000490247
0.000378824,0.000490838
0.000379978,0.000491401
0.000381132,0.000491992
0.000382286,0.000492569
0.00038344,0.00049316
0.000384594,0.000493737
0.000385748,0.000494314
0.000386902,0.000494891
0.000388056,0.000495468
0.00038921,0.000496045
0.000390363,0.000496636
0.000391517,0.000497213
0.000392672,0.000497805
0.000393826,0.000498368
0.00039498,0.000498959
0.000396134,0.000499522
0.000397288,0.000500127
0.000398442,0.00050069
0.000399596,0.000501267
0.00040075,0.000501859
0.000401905,0.000502436
0.000403059,0.000503027
0.000404213,0.00050359
0.000405367,0.000504167
0.000406521,0.000504758
0.000407675,0.000505335
0.00040883,0.000505927
0.000409984,0.00050649
0.000411138,0.000507081
0.000412293,0.000507658
0.000413447,0.000508221
0.000414601,0.000508827
0.000415755,0.00050939
0.00041691,0.000509981
0.000418064,0.000510558
0.000419218,0.000511121
0.000420373,0.000511727
0.000421527,0.00051229
0.000422681,0.000512867
0.000423836,0.000513458
0.00042499,0.000514036
0.000426145,0.000514613
0.000427299,0.00051519
0.000428453,0.000515782
0.000429608,0.000516344
0.000430762,0.000516936
0.000431917,0.000517513
0.000433071,0.00051809
0.000434225,0.000518667
0.00043538,0.000519259
0.000436534,0.000519822
0.000437689,0.000520413
0.000438843,0.000520991
0.000439998,0.000521568
0.000441152,0.000522159
0.000442307,0.000522722
0.000443461,0.000523314
0.000444616,0.000523877
0.000445771,0.000524469
0.000446925,0.000525046
0.000448079,0.000525623
0.000449234,0.000526215
0.000450389,0.000526778
0.000451543,0.000527369
0.000452698,0.000527932
0.000453852,0.000528538
0.000455007,0.000529101
0.000456162,0.000529678
0.000457316,0.000530256
0.000458471,0.000530847
0.000459625,0.00053141
0.00046078,0.000532002
0.000461935,0.000532579
0.00046309,0.000533157
0.000464244,0.000533734
0.000465399,0.000534311
0.000466553,0.000534903
0.000467708,0.000535466
0.000468863,0.000536058
0.000470018,0.000536635
0.000471172,0.000537198
0.000472327,0.00053779
0.000473482,0.000538381
0.000474636,0.000538944
0.000475791,0.000539522
0.000476946,0.000540113
0.0004781,0.000540676
0.000479255,0.000541254
0.00048041,0.00054186
0.000481565,0.000542409
0.000482719,0.000543
0.000483874,0.000543578
0.000485029,0.000544155
0.000486184,0.000544747
0.000487339,0.00054531
0.000488493,0.000545902
0.000489648,0.000546465
0.000490803,0.000547056
0.000491958,0.000547634
0.000493113,0.000548211
0.000494268,0.000548774
0.000495422,0.00054938
0.000496577,0.000549929
0.000497732,0.000550535
0.000498887,0.000551098
0.000500042,0.000551676
0.000501196,0.000552267
0.000502351,0.00055283
0.000503506,0.000553422
0.000504661,0.000554
0.000505816,0.000554563
0.000506971,0.000555154
0.000508126,0.000555732
0.00050928,0.000556309
0.000510435,0.000556887
0.00051159,0.000557464
0.000512745,0.000558042
0.0005139,0.000558619
0.000515055,0.000559196
0.00051621,0.000559788
0.000517365,0.000560351
0.00051852,0.000560929
0.000519674,0.000561521
0.000520829,0.000562084
0.000521984,0.000562675
0.000523139,0.000563253
0.000524294,0.000563816
0.000525449,0.000564408
0.000526604,0.000564985
0.000527759,0.000565563
0.000528914,0.00056614
0.000530069,0.000566718
0.000531224,0.000567281
0.000532378,0.000567873
0.000533533,0.000568464
0.000534688,0.000569013
0.000535843,0.000569605
0.000536998,0.000570197
0.000538153,0.000570746
0.000539308,0.000571352
0.000540463,0.000571915
0.000541618,0.000572507
0.000542773,0.000573056
0.000543928,0.000573662
0.000545083,0.000574225
0.000546238,0.000574802
0.000547393,0.000575394
0.000548548,0.000575957
0.000549703,0.000576549
0.000550857,0.000577112
0.000552012,0.00057769
0.000553167,0.000578281
0.000554323,0.000578845
0.000555477,0.000579422
0.000556632,0.000580014
0.000557787,0.000580577
0.000558942,0.000581155
0.000560097,0.000581732
0.000561274,0.000593525
0.000562494,0.000605712
0.000563758,0.00061825
0.00056507,0.000631169
0.000566429,0.000644468
0.000567836,0.000658164
0.000569295,0.000672242
0.000570805,0.000686704
0.000572368,0.000701577
0.000573986,0.000716822
0.00057566,0.00073248
0.000577391,0.000748538
0.000579181,0.000764955
0.000581031,0.000781802
0.000582943,0.000798994
0.000584918,0.000816603
0.000586957,0.000834574
0.000589062,0.000852905
0.000591233,0.000871599
0.000593472,0.000890627
0.000595781,0.000910018
0.00059816,0.000929688
0.00060061,0.000949707
0.000603132,0.000969978
0.000605728,0.000990527
0.000608398,0.00101131
0.000611142,0.00103235
0.000613962,0.00105356
0.000616859,0.00107496
0.000619832,0.00109648
0.000622882,0.00111813
0.000626008,0.00113985
0.000629212,0.00116161
0.000632493,0.00118341
0.000635851,0.00120514
0.000639286,0.00122682
0.000642797,0.0012484
0.000646384,0.00126982
0.000650045,0.00129103
0.000653779,0.00131202
0.000657587,0.00133269
0.000661465,0.00135307
0.000665413,0.00137303
0.00066943,0.00139258
0.000673512,0.00141164
0.000677659,0.00143018
0.000681867,0.00144814
0.000686135,0.00146549
0.000690459,0.00148215
0.000694838,0.00149811
0.000699268,0.0015133
0.000703746,0.00152769
0.000708269,0.00154126
0.000712834,0.00155393
0.000717436,0.00156569
0.000722073,0.0015765
0.000726741,0.00158633
0.000731435,0.00159513
0.000736152,0.00160295
0.000740888,0.00160966
0.000745638,0.00161533
0.000750399,0.00161991
0.000755166,0.000376391
0.000450827,0.000523732
0.000450827,0.000523744
0.000450827,0.000523757
0.000450827,0.000523769
0.000450827,0.000523782
0.000450827,0.000523794
0.000450827,0.000523807
0.000450827,0.000523819
0.000450827,0.000523831
0.000450827,0.000523844
0.000450827,0.000523856
0.000450827,0.000523869
0.000450827,0.000523881
0.000450827,0.000523893
0.000450827,0.000523905
0.000450827,0.000523918
0.000450827,0.00052393
0.000450827,0.000523942
0.000450827,0.000523954
0.000450827,0.000523966
0.000450827,0.000523978
0.000450827,0.000523991
0.000450827,0.000524003
0.000450827,0.000524015
0.000450827,0.000524027
0.000450827,0.000524039
0.000450827,0.000524051
0.000450827,0.000524063
0.000450827,0.000524075
0.000450827,0.000524087
0.000450827,0.000524098
0.000450827,0.000524111
0.000450827,0.000524122
0.000450827,0.000524134
0.000450827,0.000524147
0.000450827,0.000524157
0.000450827,0.00052417
0.000450827,0.000524182
0.000450827,0.000524193
0.000450827,0.000524205
0.000450827,0.000524217
0.000450827,0.000524228
0.000450827,0.00052424
0.000450827,0.000524252
0.000450827,0.000524264
0.000450827,0.000524275
0.000450827,0.000524286
0.000450827,0.000524298
0.000450827,0.00052431
0.000450827,0.000524322
0.000450827,0.000524333
0.000450827,0.000524344
0.000450827,0.000524355
0.000450827,0.000524367
0.000450827,0.000524378
0.000450827,0.000524391
0.000450827,0.000524401
0.000450827,0.000524412
0.000450827,0.000524423
0.000450827,0.000524437
0.000450827,0.000524446
0.000450827,0.000524457
0.000450827,0.000524469
0.000450827,0.00052448
0.000450827,0.000524491
0.000450827,0.000524503
0.000450827,0.000524514
0.000450827,0.000524525
0.000450827,0.000524535
0.000450827,0.000524548
0.000450827,0.000524559
0.000450827,0.000524569
0.000450827,0.000524578
0.000450827,0.000524593
0.000450827,0.000524602
0.000450827,0.000524612
0.000450827,0.000524625
0.000450827,0.000524636
0.000450827,0.000524646
0.000450827,0.000524657
0.000450827,0.000524666
0.000450827,0.00052468
0.000450827,0.000524689
0.000450827,0.0005247
0.000450827,0.000524711
0.000448989,0.000524997
0.000445312,0.000523169
0.000441634,0.000521341
0.000437956,0.000519514
0.000434279,0.000517685
0.000430601,0.000515857
0.000426923,0.000514027
0.000423245,0.0005122
0.000419567,0.000510372
0.000415889,0.000508543
0.00041221,0.000506715
0.000408532,0.000504885
0.000404853,0.000503058
0.000401174,0.000501227
0.000397495,0.000499399
0.000393816,0.000497568
0.000390137,0.000495741
0.000386458,0.000493912
0.000382778,0.000492083
0.000379099,0.000490251
0.000375419,0.000488425
0.000371739,0.000486592
0.000368059,0.000484763
0.000364379,0.000482934
0.000360699,0.000481105
0.000357019,0.000479275
0.000353338,0.000477446
0.000349657,0.000475612
0.000345976,0.000473786
0.000342296,0.000471953
0.000338615,0.000470124
0.000334934,0.000468294
0.000331253,0.000466461
0.000327571,0.000464634
0.000323889,0.0004628
0.000320208,0.000460971
0.000316526,0.00045914
0.000312845,0.000457307
0.000309163,0.00045548
0.000305481,0.000453646
0.000301798,0.000451816
0.000298116,0.000449985
0.000294434,0.000448152
0.000290751,0.000446321
0.000287069,0.000444491
0.000283385,0.00044266
0.000279703,0.000440825
0.000276019,0.000438995
0.000272336,0.000437164
0.000268653,0.000435333
0.00026497,0.000433499
0.000261286,0.000431668
0.000257603,0.000429837
0.000253919,0.000428002
0.000250235,0.000426171
0.000246551,0.000424339
0.000242867,0.000422504
0.000239182,0.000420673
0.000236275,0.000424011
0.000234144,0.000422953
0.000232014,0.000421899
0.000229882,0.000420844
0.000227751,0.000419786
0.00022562,0.000418732
0.000223489,0.000417677
0.000221358,0.000416619
0.000219227,0.000415564
0.000217095,0.000414506
0.000214964,0.000413451
0.000212833,0.000412396
0.000210701,0.000411337
0.000208569,0.000410279
0.000206438,0.000409228
0.000204306,0.000408169
0.000202174,0.000407111
0.000200043,0.000406056
0.000199754,0.000402845
0.000201308,0.000403629
0.000202863,0.000404414
0.000204418,0.000405202
0.000205972,0.00040599
0.000207527,0.000406775
0.000209082,0.000407563
0.000210636,0.000408348
0.000212191,0.000409136
0.000213746,0.00040992
0.000215301,0.000410709
0.000216856,0.000411493
0.000218411,0.000412282
0.000219966,0.000413067
0.000221522,0.000413851
0.000223077,0.00041464
0.000224632,0.000415428
0.000226187,0.000416213
0.000227743,0.000416998
0.000229298,0.000417787
0.000230853,0.000418571
0.000232409,0.00041936
0.000233187,0.00041685
0.000233187,0.000416861
0.000233187,0.000416868
0.000233187,0.000416876
0.000233187,0.000416886
0.000233187,0.000416893
0.000233187,0.000416901
0.000233187,0.000416911
0.000233187,0.000416918
0.000233187,0.000416929
0.000233187,0.000416936
0.000233187,0.000416943
0.000233187,0.000416954
0.000233187,0.000416961
0.000233187,0.000416969
0.000233187,0.000416979
0.000233187,0.000416986
0.000233187,0.000416994
0.000233187,0.000417001
0.000233187,0.000417015
0.000233187,0.000417015
0.000233187,0.000417029
0.000233187,0.000417036
0.000233187,0.000417044
0.000233187,0.000417051
0.000233187,0.000417058
0.000233187,0.000417072
0.000233187,0.000417072
0.000233187,0.000417087
0.000233187,0.000417094
0.000233187,0.000417101
0.000233187,0.000417108
0.000233187,0.000417115
0.000233187,0.000417122
0.000233187,0.000417129
0.000233187,0.000417144
0.000233187,0.000417144
0.000233187,0.000417158
0.000233187,0.000417158
0.000233187,0.000417172
0.000233187,0.00041718
0.000233187,0.000417187
0.000233187,0.000417194
0.000233187,0.000417201
0.000233187,0.000417215
0.000233187,0.000417215
0.000233187,0.000417222
0.000233187,0.000417237
0.000233187,0.000417237
0.000233187,0.000417251
0.000233187,0.000417251
0.000233187,0.000417265
0.000233187,0.000417272
0.000233187,0.000417272
0.000233187,0.000417287
0.000233187,0.000417294
0.000233187,0.000417301
0.000233187,0.000417308
0.000233187,0.000417315
0.000233187,0.000417323
0.000233187,0.00041733
0.000233187,0.000417337
0.000233187,0.000417344
0.000233187,0.000417351
0.000233187,0.000417358
0.000233187,0.000417365
0.000233187,0.000417373
0.000233187,0.00041738
0.000233187,0.000417387
0.000233187,0.000417394
0.000233187,0.000417408
0.000233187,0.000417408
0.000233187,0.000417408
0.000233187,0.00041743
0.000233187,0.00041743
0.000233187,0.000417437
0.000233187,0.000417444
0.000233187,0.000417451
0.000233187,0.000417458
0.000233187,0.000417466
0.000233187,0.000417473
0.000233187,0.00041748
0.000233187,0.000417487
0.000233187,0.000417487
0.000233187,0.000417494
0.000233187,0.000417509
0.000233187,0.000417516
0.000233187,0.000417516
0.000233187,0.00041753
0.000233187,0.000417537
0.000233187,0.000417537
0.000233187,0.000417544
0.000233187,0.000417551
0.000233187,0.000417559
0.000233187,0.000417573
0.000233187,0.000417566
0.000233187,0.000417587
0.000233187,0.00041758
0.000233187,0.000417594
0.000233187,0.000417602
0.000233187,0.000417602
0.000233187,0.000417609
0.000233187,0.000417623
0.000233187,0.000417623
0.000233187,0.000417637
0.000233187,0.00041763
0.000233187,0.000417644
0.000233187,0.000417652
0.000233187,0.000417659
0.000233187,0.000417659
0.000233763,0.0004177
0.000234915,0.000418276
0.000236068,0.00041886
0.000237221,0.000419443
0.000238373,0.000420027
0.000239526,0.00042061
0.000240679,0.000421194
0.000241831,0.00042177
0.000242984,0.000422353
0.000244137,0.000422937
0.00024529,0.00042352
0.000246442,0.000424104
0.000247595,0.000424688
0.000248748,0.000425271
0.000249901,0.00042584
0.000251054,0.000426438
0.000252207,0.000427008
0.00025336,0.000427598
0.000254513,0.000428182
0.000255666,0.000428766
0.000256819,0.000429335
0.000257972,0.000429933
0.000259125,0.00043051
0.000260278,0.000431086
0.000261431,0.000431677
0.000262584,0.000432253
0.000263737,0.000432837
0.00026489,0.000433421
0.000266044,0.000433998
0.000267197,0.000434588
0.00026835,0.000435165
0.000269503,0.000435749
0.000270657,0.000436333
0.00027181,0.000436909
0.000272963,0.000437493
0.000274116,0.000438084
0.00027527,0.000438653
0.000276423,0.000439244
0.000277577,0.000439828
0.00027873,0.000440398
0.000279883,0.000440989
0.000281037,0.000441573
0.00028219,0.000442149
0.000283344,0.000442733
0.000284497,0.000443317
0.000285651,0.000443901
0.000286804,0.000444471
0.000287958,0.000445069
0.000289112,0.000445646
0.000290265,0.000446223
0.000291419,0.000446807
0.000292573,0.000447391
0.000293726,0.000447967
0.00029488,0.000448559
0.000296033,0.000449135
0.000297187,0.000449712
0.000298341,0.000450304
0.000299495,0.000450887
0.000300649,0.000451457
0.000301802,0.000452048
0.000302956,0.000452625
0.00030411,0.000453209
0.000305264,0.000453786
0.000306418,0.000454378
0.000307572,0.000454947
0.000308726,0.000455539
0.00030988,0.000456123
0.000311034,0.000456693
0.000312188,0.000457277
0.000313342,0.000457868
0.000314496,0.000458445
0.00031565,0.000459029
0.000316804,0.000459599
0.000317958,0.000460198
0.000319112,0.000460775
0.000320266,0.000461345
0.00032142,0.000461936
0.000322574,0.00046252
0.000323728,0.00046309
0.000324883,0.000463681
0.000326037,0.000464266
0.000327191,0.000464843
0.000328345,0.000465427
0.0003295,0.000465997
0.000330654,0.000466588
0.000331808,0.000467173
0.000332962,0.00046775
0.000334117,0.000468327
0.000335271,0.000468919
0.000336425,0.000469488
0.00033758,0.00047008
0.000338734,0.000470657
0.000339888,0.000471242
0.000341043,0.000471819
0.000342197,0.000472403
0.000343352,0.00047298
0.000344506,0.000473565
0.000345661,0.000474149
0.000346815,0.000474726
0.000347969,0.000475303
0.000349124,0.000475888
0.000350279,0.00047648
0.000351433,0.00047705
0.000352588,0.000477634
0.000353742,0.000478211
0.000354897,0.000478803
0.000356051,0.000479373
0.000357206,0.000479965
0.000358361,0.000480542
0.000359515,0.000481105
0.00036067,0.000481711
0.000361825,0.000482274
0.00036298,0.000482866
0.000364134,0.000483457
0.000365289,0.00048402
0.000366444,0.000484612
0.000367598,0.000485189
0.000368753,0.000485767
0.000369908,0.000486344
0.000371063,0.000486936
0.000372217,0.000487513
0.000373372,0.000488091
0.000374527,0.000488682
0.000375682,0.000489246
0.000376837,0.000489837
0.000377992,0.000490415
0.000379147,0.000491006
0.000380302,0.00049157
0.000381457,0.000492161
0.000382611,0.000492739
0.000383766,0.00049333
0.000384921,0.000493908
0.000386076,0.000494485
0.000387231,0.000495063
0.000388386,0.00049564
0.000389541,0.000496218
0.000390696,0.00049681
0.000391852,0.000497387
0.000393007,0.000497979
0.000394162,0.000498542
0.000395317,0.000499134
0.000396472,0.000499697
0.000397627,0.000500304
0.000398782,0.000500867
0.000399937,0.000501444
0.000401092,0.000502036
0.000402247,0.000502614
0.000403402,0.000503206
0.000404558,0.000503769
0.000405713,0.000504347
0.000406868,0.000504938
0.000408023,0.000505516
0.000409178,0.000506108
0.000410334,0.000506671
0.000411489,0.000507263
0.000412644,0.000507841
0.000413799,0.000508404
0.000414954,0.00050901
0.00041611,0.000509574
0.000417265,0.000510166
0.00041842,0.000510743
0.000419576,0.000511307
0.000420731,0.000511913
0.000421886,0.000512476
0.000423042,0.000513054
0.000424197,0.000513646
0.000425352,0.000514224
0.000426508,0.000514801
0.000427663,0.000515379
0.000428818,0.000515971
0.000429974,0.000516534
0.000431129,0.000517126
0.000432285,0.000517704
0.00043344,0.000518282
0.000434596,0.000518859
0.000435751,0.000519451
0.000436906,0.000520015
0.000438062,0.000520607
0.000439217,0.000521185
0.000440373,0.000521762
0.000441528,0.000522354
0.000442684,0.000522918
0.000443839,0.00052351
0.000444995,0.000524073
0.00044615,0.000524665
0.000447306,0.000525243
0.000448461,0.000525821
0.000449617,0.000526413
0.000450772,0.000526977
0.000451928,0.000527569
0.000453084,0.000528132
0.000454239,0.000528739
0.000455395,0.000529302
0.00045655,0.00052988
0.000457706,0.000530458
0.000458862,0.00053105
0.000460017,0.000531613
0.000461173,0.000532205
0.000462328,0.000532783
0.000463484,0.000533361
0.00046464,0.000533939
0.000465795,0.000534517
0.000466951,0.000535109
0.000468107,0.000535672
0.000469262,0.000536264
0.000470418,0.000536842
0.000471574,0.000537406
0.000472729,0.000537998
0.000473885,0.00053859
0.000475041,0.000539154
0.000476197,0.000539731
0.000477352,0.000540324
0.000478508,0.000540887
0.000479664,0.000541465
0.000480819,0.000542071
0.000481975,0.000542621
0.000483131,0.000543213
0.000484287,0.000543791
0.000485443,0.000544369
0.000486598,0.000544961
0.000487754,0.000545524
0.00048891,0.000546117
0.000490065,0.00054668
0.000491221,0.000547272
0.000492377,0.00054785
0.000493533,0.000548428
0.000494689,0.000548992
0.000495844,0.000549598
0.000497,0.000550148
0.000498156,0.000550754
0.000499312,0.000551318
0.000500468,0.000551896
0.000501623,0.000552488
0.000502779,0.000553051
0.000503935,0.000553644
0.000505091,0.000554222
0.000506247,0.000554785
0.000507403,0.000555377
0.000508559,0.000555955
0.000509714,0.000556533
0.00051087,0.000557111
0.000512026,0.000557689
0.000513182,0.000558267
0.000514338,0.000558845
0.000515494,0.000559423
0.00051665,0.000560015
0.000517805,0.000560579
0.000518961,0.000561157
0.000520117,0.000561749
0.000521273,0.000562313
0.000522429,0.000562905
0.000523585,0.000563483
0.000524741,0.000564046
0.000525897,0.000564639
0.000527053,0.000565217
0.000528208,0.000565795
0.000529364,0.000566372
0.00053052,0.00056695
0.000531676,0.000567514
0.000532832,0.000568106
0.000533988,0.000568699
0.000535144,0.000569248
0.0005363,0.00056984
0.000537456,0.000570433
0.000538612,0.000570982
0.000539768,0.000571588
0.000540924,0.000572152
0.00054208,0.000572745
0.000543236,0.000573294
0.000544391,0.0005739
0.000545547,0.000574464
0.000546703,0.000575042
0.000547859,0.000575634
0.000549015,0.000576198
0.000550171,0.00057679
0.000551327,0.000577354
0.000552483,0.000577932
0.000553639,0.000578524
0.000554795,0.000579088
0.000555951,0.000579666
0.000557107,0.000580258
0.000558263,0.000580822
0.000559419,0.0005814
0.000560574,0.000581978
0.000561752,0.000593772
0.000562973,0.000605959
0.000564239,0.000618498
0.000565551,0.000631417
0.000566911,0.000644718
0.00056832,0.000658414
0.00056978,0.000672494
0.000571291,0.000686956
0.000572856,0.000701831
0.000574475,0.000717076
0.00057615,0.000732735
0.000577883,0.000748795
0.000579675,0.000765213
0.000581527,0.000782061
0.00058344,0.000799254
0.000585417,0.000816865
0.000587457,0.000834836
0.000589564,0.000853169
0.000591737,0.000871864
0.000593978,0.000890894
0.000596288,0.000910286
0.000598669,0.000929957
0.000601121,0.000949978
0.000603646,0.00097025
0.000606244,0.000990801
0.000608916,0.00101159
0.000611663,0.00103263
0.000614486,0.00105384
0.000617385,0.00107524
0.00062036,0.00109676
0.000623412,0.00111841
0.000626542,0.00114013
0.000629748,0.0011619
0.000633032,0.0011837
0.000636393,0.00120543
0.000639831,0.00122712
0.000643345,0.0012487
0.000646934,0.00127012
0.000650598,0.00129133
0.000654336,0.00131232
0.000658147,0.00133299
0.000662029,0.00135337
0.00066598,0.00137334
0.00067,0.00139289
0.000674086,0.00141195
0.000678236,0.00143049
0.000682448,0.00144845
0.000686719,0.00146581
0.000691047,0.00148247
0.00069543,0.00149843
0.000699864,0.00151363
0.000704346,0.00152802
0.000708873,0.00154159
0.000713441,0.00155426
0.000718048,0.00156603
0.000722688,0.00157684
0.00072736,0.00158666
0.000732058,0.00159547
0.000736779,0.00160329
0.000741519,0.00161001
0.000746273,0.00161567
0.000751038,0.00162026
0.00075581,0.000376712
0.000451197,0.000523917
0.000451197,0.000523929
0.000451197,0.000523942
0.000451197,0.000523954
0.000451197,0.000523967
0.000451197,0.000523979
0.000451197,0.000523991
0.000451197,0.000524004
0.000451197,0.000524016
0.000451197,0.000524029
0.000451197,0.000524041
0.000451197,0.000524053
0.000451197,0.000524066
0.000451197,0.000524078
0.000451197,0.00052409
0.000451197,0.000524103
0.000451197,0.000524115
0.000451197,0.000524127
0.000451197,0.000524139
0.000451197,0.000524151
0.000451197,0.000524163
0.000451197,0.000524175
0.000451197,0.000524188
0.000451197,0.0005242
0.000451197,0.000524212
0.000451197,0.000524224
0.000451197,0.000524236
0.000451197,0.000524247
0.000451197,0.00052426
0.000451197,0.000524272
0.000451197,0.000524283
0.000451197,0.000524296
0.000451197,0.000524307
0.000451197,0.000524319
0.000451197,0.000524331
0.000451197,0.000524342
0.000451197,0.000524355
0.000451197,0.000524367
0.000451197,0.000524378
0.000451197,0.00052439
0.000451197,0.000524402
0.000451197,0.000524413
0.000451197,0.000524424
0.000451197,0.000524437
0.000451197,0.000524449
0.000451197,0.00052446
0.000451197,0.000524471
0.000451197,0.000524483
0.000451197,0.000524495
0.000451197,0.000524507
0.000451197,0.000524517
0.000451197,0.000524529
0.000451197,0.00052454
0.000451197,0.000524552
0.000451197,0.000524563
0.000451197,0.000524575
0.000451197,0.000524586
0.000451197,0.000524597
0.000451197,0.000524608
0.000451197,0.000524622
0.000451197,0.000524631
0.000451197,0.000524642
0.000451197,0.000524654
0.000451197,0.000524665
0.000451197,0.000524676
0.000451197,0.000524688
0.000451197,0.000524699
0.000451197,0.00052471
0.000451197,0.00052472
0.000451197,0.000524733
0.000451197,0.000524744
0.000451197,0.000524754
0.000451197,0.000524763
0.000451197,0.000524778
0.000451197,0.000524786
0.000451197,0.000524797
0.000451197,0.00052481
0.000451197,0.00052482
0.000451197,0.000524831
0.000451197,0.000524842
0.000451197,0.000524851
0.000451197,0.000524865
0.000451197,0.000524874
0.000451197,0.000524885
0.000451197,0.000524896
0.000449357,0.000525266
0.000445677,0.000523437
0.000441996,0.000521607
0.000438316,0.000519779
0.000434635,0.000517948
0.000430954,0.000516118
0.000427273,0.000514287
0.000423592,0.000512459
0.000419911,0.000510629
0.00041623,0.000508799
0.000412548,0.000506969
0.000408867,0.000505137
0.000405185,0.000503309
0.000401503,0.000501477
0.000397821,0.000499647
0.000394139,0.000497815
0.000390457,0.000495986
0.000386774,0.000494156
0.000383092,0.000492325
0.000379409,0.000490491
0.000375727,0.000488664
0.000372044,0.00048683
0.000368361,0.000484999
0.000364678,0.000483169
0.000360994,0.000481338
0.000357311,0.000479507
0.000353628,0.000477676
0.000349944,0.000475841
0.00034626,0.000474014
0.000342576,0.000472179
0.000338892,0.000470348
0.000335208,0.000468517
0.000331524,0.000466682
0.00032784,0.000464854
0.000324155,0.000463019
0.000320471,0.000461187
0.000316786,0.000459355
0.000313101,0.00045752
0.000309416,0.000455692
0.000305731,0.000453857
0.000302046,0.000452025
0.00029836,0.000450193
0.000294675,0.000448357
0.000290989,0.000446525
0.000287303,0.000444693
0.000283618,0.000442861
0.000279932,0.000441026
0.000276246,0.000439193
0.00027256,0.000437361
0.000268873,0.000435529
0.000265187,0.000433692
0.0002615,0.00043186
0.000257813,0.000430027
0.000254127,0.000428191
0.00025044,0.000426358
0.000246753,0.000424526
0.000243066,0.000422689
0.000239379,0.000420857
0.000236469,0.000424311
0.000234336,0.000423252
0.000232203,0.000422196
0.000230071,0.000421141
0.000227938,0.000420082
0.000225805,0.000419027
0.000223673,0.000417971
0.00022154,0.000416912
0.000219407,0.000415857
0.000217274,0.000414797
0.00021514,0.000413742
0.000213007,0.000412686
0.000210874,0.000411627
0.00020874,0.000410567
0.000206607,0.000409515
0.000204474,0.000408456
0.00020234,0.000407396
0.000200207,0.00040634
0.000199918,0.000402813
0.000201473,0.000403598
0.000203029,0.000404383
0.000204585,0.000405172
0.000206141,0.000405961
0.000207697,0.000406746
0.000209253,0.000407535
0.000210809,0.00040832
0.000212365,0.000409109
0.000213921,0.000409894
0.000215478,0.000410683
0.000217034,0.000411469
0.00021859,0.000412258
0.000220147,0.000413043
0.000221703,0.000413829
0.00022326,0.000414618
0.000224816,0.000415407
0.000226373,0.000416192
0.000227929,0.000416978
0.000229486,0.000417767
0.000231043,0.000418552
0.000232599,0.000419342
0.000233378,0.000416946
0.000233378,0.000416957
0.000233378,0.000416964
0.000233378,0.000416971
0.000233378,0.000416982
0.000233378,0.000416989
0.000233378,0.000416996
0.000233378,0.000417007
0.000233378,0.000417014
0.000233378,0.000417025
0.000233378,0.000417032
0.000233378,0.000417039
0.000233378,0.00041705
0.000233378,0.000417057
0.000233378,0.000417064
0.000233378,0.000417075
0.000233378,0.000417082
0.000233378,0.000417089
0.000233378,0.000417096
0.000233378,0.000417111
0.000233378,0.000417111
0.000233378,0.000417125
0.000233378,0.000417132
0.000233378,0.000417139
0.000233378,0.000417146
0.000233378,0.000417154
0.000233378,0.000417168
0.000233378,0.000417168
0.000233378,0.000417182
0.000233378,0.000417189
0.000233378,0.000417196
0.000233378,0.000417204
0.000233378,0.000417211
0.000233378,0.000417218
0.000233378,0.000417225
0.000233378,0.000417239
0.000233378,0.000417239
0.000233378,0.000417254
0.000233378,0.000417254
0.000233378,0.000417268
0.000233378,0.000417275
0.000233378,0.000417282
0.000233378,0.000417289
0.000233378,0.000417297
0.000233378,0.000417311
0.000233378,0.000417311
0.000233378,0.000417318
0.000233378,0.000417332
0.000233378,0.000417332
0.000233378,0.000417347
0.000233378,0.000417347
0.000233378,0.000417361
0.000233378,0.000417368
0.000233378,0.000417368
0.000233378,0.000417382
0.000233378,0.00041739
0.000233378,0.000417397
0.000233378,0.000417404
0.000233378,0.000417411
0.000233378,0.000417418
0.000233378,0.000417425
0.000233378,0.000417432
0.000233378,0.00041744
0.000233378,0.000417447
0.000233378,0.000417454
0.000233378,0.000417461
0.000233378,0.000417468
0.000233378,0.000417475
0.000233378,0.000417483
0.000233378,0.00041749
0.000233378,0.000417504
0.000233378,0.000417504
0.000233378,0.000417504
0.000233378,0.000417525
0.000233378,0.000417525
0.000233378,0.000417533
0.000233378,0.00041754
0.000233378,0.000417547
0.000233378,0.000417554
0.000233378,0.000417561
0.000233378,0.000417568
0.000233378,0.000417576
0.000233378,0.000417583
0.000233378,0.000417583
0.000233378,0.00041759
0.000233378,0.000417604
0.000233378,0.000417611
0.000233378,0.000417611
0.000233378,0.000417626
0.000233378,0.000417633
0.000233378,0.000417633
0.000233378,0.00041764
0.000233378,0.000417647
0.000233378,0.000417654
0.000233378,0.000417669
0.000233378,0.000417661
0.000233378,0.000417683
0.000233378,0.000417676
0.000233378,0.00041769
0.000233378,0.000417697
0.000233378,0.000417697
0.000233378,0.000417704
0.000233378,0.000417719
0.000233378,0.000417719
0.000233378,0.000417733
0.000233378,0.000417726
0.000233378,0.00041774
0.000233378,0.000417747
0.000233378,0.000417754
0.000233378,0.000417754
0.000233955,0.000417804
0.000235108,0.000418381
0.000236261,0.000418964
0.000237415,0.000419548
0.000238569,0.000420132
0.000239722,0.000420716
0.000240876,0.0004213
0.00024203,0.000421877
0.000243183,0.000422461
0.000244337,0.000423045
0.000245491,0.000423629
0.000246644,0.000424213
0.000247798,0.000424797
0.000248952,0.000425381
0.000250106,0.000425951
0.00025126,0.000426549
0.000252414,0.000427119
0.000253567,0.00042771
0.000254721,0.000428294
0.000255875,0.000428878
0.000257029,0.000429448
0.000258183,0.000430047
0.000259337,0.000430624
0.000260491,0.000431201
0.000261645,0.000431792
0.000262799,0.000432369
0.000263953,0.000432953
0.000265107,0.000433537
0.000266262,0.000434114
0.000267416,0.000434706
0.00026857,0.000435283
0.000269724,0.000435867
0.000270878,0.000436451
0.000272033,0.000437029
0.000273187,0.000437613
0.000274341,0.000438204
0.000275495,0.000438774
0.00027665,0.000439366
0.000277804,0.00043995
0.000278958,0.00044052
0.000280113,0.000441112
0.000281267,0.000441696
0.000282422,0.000442273
0.000283576,0.000442858
0.000284731,0.000443442
0.000285885,0.000444026
0.00028704,0.000444596
0.000288194,0.000445195
0.000289349,0.000445772
0.000290503,0.00044635
0.000291658,0.000446934
0.000292812,0.000447518
0.000293967,0.000448096
0.000295122,0.000448687
0.000296276,0.000449265
0.000297431,0.000449842
0.000298586,0.000450434
0.00029974,0.000451018
0.000300895,0.000451588
0.00030205,0.00045218
0.000303205,0.000452758
0.000304359,0.000453342
0.000305514,0.000453919
0.000306669,0.000454511
0.000307824,0.000455081
0.000308979,0.000455673
0.000310134,0.000456258
0.000311288,0.000456828
0.000312443,0.000457413
0.000313599,0.000458005
0.000314753,0.000458582
0.000315908,0.000459167
0.000317063,0.000459737
0.000318218,0.000460336
0.000319373,0.000460913
0.000320528,0.000461484
0.000321684,0.000462076
0.000322839,0.00046266
0.000323994,0.000463231
0.000325149,0.000463823
0.000326304,0.000464407
0.000327459,0.000464985
0.000328614,0.00046557
0.000329769,0.00046614
0.000330925,0.000466732
0.00033208,0.000467317
0.000333235,0.000467894
0.00033439,0.000468472
0.000335546,0.000469064
0.000336701,0.000469634
0.000337856,0.000470226
0.000339012,0.000470804
0.000340167,0.000471389
0.000341322,0.000471967
0.000342478,0.000472551
0.000343633,0.000473129
0.000344788,0.000473714
0.000345944,0.000474299
0.000347099,0.000474876
0.000348255,0.000475454
0.00034941,0.000476039
0.000350566,0.000476631
0.000351721,0.000477202
0.000352877,0.000477786
0.000354032,0.000478364
0.000355188,0.000478956
0.000356343,0.000479527
0.000357499,0.000480119
0.000358655,0.000480697
0.00035981,0.00048126
0.000360966,0.000481867
0.000362121,0.00048243
0.000363277,0.000483022
0.000364433,0.000483614
0.000365588,0.000484178
0.000366744,0.00048477
0.0003679,0.000485348
0.000369056,0.000485926
0.000370211,0.000486504
0.000371367,0.000487096
0.000372523,0.000487674
0.000373678,0.000488252
0.000374834,0.000488844
0.00037599,0.000489407
0.000377146,0.00049
0.000378302,0.000490578
0.000379457,0.00049117
0.000380613,0.000491733
0.000381769,0.000492326
0.000382925,0.000492904
0.000384081,0.000493496
0.000385237,0.000494074
0.000386393,0.000494652
0.000387549,0.00049523
0.000388705,0.000495808
0.00038986,0.000496386
0.000391016,0.000496978
0.000392172,0.000497556
0.000393328,0.000498148
0.000394484,0.000498712
0.00039564,0.000499304
0.000396797,0.000499868
0.000397953,0.000500475
0.000399109,0.000501038
0.000400265,0.000501616
0.000401421,0.000502209
0.000402577,0.000502787
0.000403733,0.000503379
0.000404889,0.000503943
0.000406045,0.000504521
0.000407201,0.000505113
0.000408357,0.000505691
0.000409514,0.000506284
0.00041067,0.000506847
0.000411826,0.00050744
0.000412982,0.000508018
0.000414138,0.000508582
0.000415295,0.000509188
0.000416451,0.000509752
0.000417607,0.000510345
0.000418763,0.000510923
0.00041992,0.000511487
0.000421076,0.000512093
0.000422232,0.000512657
0.000423388,0.000513235
0.000424545,0.000513828
0.000425701,0.000514406
0.000426857,0.000514984
0.000428014,0.000515562
0.00042917,0.000516155
0.000430326,0.000516719
0.000431482,0.000517311
0.000432639,0.000517889
0.000433795,0.000518467
0.000434952,0.000519046
0.000436108,0.000519638
0.000437264,0.000520202
0.000438421,0.000520794
0.000439577,0.000521373
0.000440734,0.000521951
0.00044189,0.000522544
0.000443047,0.000523107
0.000444203,0.0005237
0.00044536,0.000524264
0.000446516,0.000524856
0.000447672,0.000525435
0.000448829,0.000526013
0.000449985,0.000526605
0.000451142,0.000527169
0.000452298,0.000527762
0.000453455,0.000528326
0.000454611,0.000528933
0.000455768,0.000529497
0.000456925,0.000530075
0.000458081,0.000530653
0.000459238,0.000531246
0.000460394,0.00053181
0.000461551,0.000532402
0.000462707,0.000532981
0.000463864,0.000533559
0.000465021,0.000534137
0.000466177,0.000534715
0.000467334,0.000535308
0.00046849,0.000535872
0.000469647,0.000536465
0.000470803,0.000537043
0.00047196,0.000537607
0.000473117,0.0005382
0.000474273,0.000538792
0.00047543,0.000539356
0.000476587,0.000539935
0.000477743,0.000540527
0.0004789,0.000541091
0.000480057,0.00054167
0.000481213,0.000542277
0.00048237,0.000542826
0.000483527,0.000543419
0.000484684,0.000543997
0.00048584,0.000544576
0.000486997,0.000545168
0.000488154,0.000545732
0.00048931,0.000546325
0.000490467,0.000546889
0.000491624,0.000547482
0.00049278,0.00054806
0.000493937,0.000548638
0.000495094,0.000549203
0.000496251,0.00054981
0.000497408,0.000550359
0.000498564,0.000550966
0.000499721,0.00055153
0.000500878,0.000552109
0.000502035,0.000552701
0.000503191,0.000553266
0.000504348,0.000553858
0.000505505,0.000554437
0.000506662,0.000555001
0.000507819,0.000555593
0.000508976,0.000556172
0.000510132,0.00055675
0.000511289,0.000557329
0.000512446,0.000557907
0.000513603,0.000558486
0.00051476,0.000559064
0.000515916,0.000559642
0.000517073,0.000560235
0.00051823,0.000560799
0.000519387,0.000561378
0.000520544,0.00056197
0.0005217,0.000562534
0.000522857,0.000563127
0.000524014,0.000563705
0.000525171,0.00056427
0.000526328,0.000564862
0.000527485,0.000565441
0.000528642,0.000566019
0.000529798,0.000566598
0.000530955,0.000567176
0.000532112,0.00056774
0.000533269,0.000568333
0.000534426,0.000568926
0.000535583,0.000569475
0.00053674,0.000570068
0.000537896,0.000570661
0.000539053,0.000571211
0.00054021,0.000571818
0.000541367,0.000572382
0.000542524,0.000572975
0.000543681,0.000573524
0.000544838,0.000574131
0.000545994,0.000574696
0.000547151,0.000575274
0.000548308,0.000575867
0.000549465,0.000576431
0.000550622,0.000577024
0.000551779,0.000577588
0.000552936,0.000578166
0.000554093,0.000578759
0.000555249,0.000579323
0.000556406,0.000579902
0.000557563,0.000580494
0.00055872,0.000581058
0.000559877,0.000581637
0.000561034,0.000582215
0.000562212,0.00059401
0.000563434,0.000606199
0.000564701,0.000618738
0.000566015,0.000631658
0.000567376,0.00064496
0.000568786,0.000658657
0.000570247,0.000672737
0.000571759,0.000687201
0.000573325,0.000702077
0.000574946,0.000717323
0.000576622,0.000732983
0.000578357,0.000749044
0.00058015,0.000765463
0.000582003,0.000782312
0.000583918,0.000799506
0.000585896,0.000817118
0.000587939,0.000835091
0.000590047,0.000853425
0.000592222,0.000872122
0.000594465,0.000891153
0.000596777,0.000910547
0.00059916,0.000930219
0.000601614,0.000950242
0.000604141,0.000970515
0.000606741,0.000991068
0.000609415,0.00101186
0.000612164,0.0010329
0.000614989,0.00105411
0.000617891,0.00107551
0.000620869,0.00109704
0.000623923,0.00111869
0.000627055,0.00114041
0.000630265,0.00116218
0.000633551,0.00118398
0.000636915,0.00120571
0.000640355,0.0012274
0.000643872,0.00124899
0.000647464,0.00127041
0.000651132,0.00129162
0.000654873,0.00131262
0.000658686,0.00133329
0.000662571,0.00135367
0.000666526,0.00137364
0.000670549,0.00139319
0.000674638,0.00141226
0.000678792,0.0014308
0.000683007,0.00144876
0.000687282,0.00146612
0.000691614,0.00148278
0.000696,0.00149875
0.000700437,0.00151395
0.000704923,0.00152834
0.000709454,0.00154191
0.000714026,0.00155459
0.000718636,0.00156635
0.000723281,0.00157717
0.000727956,0.00158699
0.000732658,0.00159581
0.000737383,0.00160363
0.000742127,0.00161035
0.000746885,0.00161601
0.000751654,0.0016206
0.000756429,0.00037702
0.000451552,0.000524094
0.000451552,0.000524106
0.000451552,0.000524119
0.000451552,0.000524131
0.000451552,0.000524144
0.000451552,0.000524156
0.000451552,0.000524169
0.000451552,0.000524181
0.000451552,0.000524193
0.000451552,0.000524206
0.000451552,0.000524218
0.000451552,0.000524231
0.000451552,0.000524243
0.000451552,0.000524255
0.000451552,0.000524267
0.000451552,0.00052428
0.000451552,0.000524292
0.000451552,0.000524304
0.000451552,0.000524316
0.000451552,0.000524328
0.000451552,0.000524341
0.000451552,0.000524353
0.000451552,0.000524365
0.000451552,0.000524377
0.000451552,0.000524389
0.000451552,0.000524401
0.000451552,0.000524413
0.000451552,0.000524425
0.000451552,0.000524437
0.000451552,0.000524449
0.000451552,0.00052446
0.000451552,0.000524473
0.000451552,0.000524485
0.000451552,0.000524496
0.000451552,0.000524509
0.000451552,0.000524519
0.000451552,0.000524532
0.000451552,0.000524544
0.000451552,0.000524555
0.000451552,0.000524567
0.000451552,0.000524579
0.000451552,0.00052459
0.000451552,0.000524602
0.000451552,0.000524614
0.000451552,0.000524626
0.000451552,0.000524637
0.000451552,0.000524648
0.000451552,0.00052466
0.000451552,0.000524672
0.000451552,0.000524684
0.000451552,0.000524695
0.000451552,0.000524706
0.000451552,0.000524717
0.000451552,0.000524729
0.000451552,0.00052474
0.000451552,0.000524753
0.000451552,0.000524763
0.000451552,0.000524774
0.000451552,0.000524785
0.000451552,0.000524799
0.000451552,0.000524808
0.000451552,0.000524819
0.000451552,0.000524831
0.000451552,0.000524842
0.000451552,0.000524853
0.000451552,0.000524865
0.000451552,0.000524876
0.000451552,0.000524887
0.000451552,0.000524898
0.000451552,0.00052491
0.000451552,0.000524921
0.000451552,0.000524932
0.000451552,0.00052494
0.000451552,0.000524955
0.000451552,0.000524964
0.000451552,0.000524974
0.000451552,0.000524987
0.000451552,0.000524998
0.000451552,0.000525008
0.000451552,0.000525019
0.000451552,0.000525028
0.000451552,0.000525042
0.000451552,0.000525051
0.000451552,0.000525062
0.000451552,0.000525073
0.00044971,0.000525539
0.000446027,0.000523708
0.000442344,0.000521877
0.00043866,0.000520048
0.000434977,0.000518215
0.000431293,0.000516384
0.000427609,0.000514551
0.000423925,0.000512722
0.000420241,0.000510891
0.000416557,0.000509059
0.000412873,0.000507228
0.000409188,0.000505395
0.000405504,0.000503565
0.000401819,0.000501732
0.000398134,0.0004999
0.000394449,0.000498066
0.000390764,0.000496236
0.000387079,0.000494405
0.000383393,0.000492573
0.000379708,0.000490737
0.000376022,0.000488909
0.000372337,0.000487073
0.000368651,0.000485241
0.000364965,0.000483409
0.000361278,0.000481576
0.000357592,0.000479744
0.000353906,0.000477912
0.000350219,0.000476076
0.000346533,0.000474247
0.000342846,0.00047241
0.000339159,0.000470578
0.000335472,0.000468745
0.000331785,0.000466909
0.000328098,0.000465079
0.00032441,0.000463243
0.000320723,0.00046141
0.000317035,0.000459577
0.000313347,0.00045774
0.000309659,0.00045591
0.000305972,0.000454074
0.000302284,0.000452241
0.000298595,0.000450407
0.000294907,0.00044857
0.000291218,0.000446737
0.00028753,0.000444903
0.000283841,0.00044307
0.000280152,0.000441232
0.000276463,0.000439399
0.000272774,0.000437565
0.000269085,0.000435731
0.000265396,0.000433894
0.000261706,0.00043206
0.000258016,0.000430226
0.000254327,0.000428388
0.000250637,0.000426554
0.000246947,0.00042472
0.000243257,0.000422882
0.000239567,0.000421048
0.000236655,0.00042461
0.000234521,0.000423551
0.000232386,0.000422495
0.000230252,0.000421438
0.000228117,0.000420378
0.000225983,0.000419322
0.000223848,0.000418266
0.000221714,0.000417206
0.000219579,0.000416149
0.000217444,0.000415089
0.000215309,0.000414033
0.000213175,0.000412976
0.00021104,0.000411916
0.000208905,0.000410856
0.00020677,0.000409803
0.000204634,0.000408743
0.000202499,0.000407682
0.000200364,0.000406626
0.000200075,0.00040278
0.000201632,0.000403566
0.000203189,0.000404352
0.000204746,0.000405141
0.000206303,0.00040593
0.00020786,0.000406716
0.000209418,0.000407505
0.000210975,0.000408291
0.000212533,0.000409081
0.00021409,0.000409867
0.000215647,0.000410656
0.000217205,0.000411442
0.000218763,0.000412232
0.00022032,0.000413018
0.000221878,0.000413804
0.000223435,0.000414594
0.000224993,0.000415383
0.000226551,0.000416169
0.000228108,0.000416955
0.000229666,0.000417745
0.000231224,0.000418532
0.000232782,0.000419321
0.000233561,0.000417038
0.000233561,0.000417049
0.000233561,0.000417056
0.000233561,0.000417063
0.000233561,0.000417074
0.000233561,0.000417081
0.000233561,0.000417088
0.000233561,0.000417099
0.000233561,0.000417106
0.000233561,0.000417117
0.000233561,0.000417124
0.000233561,0.000417131
0.000233561,0.000417142
0.000233561,0.000417149
0.000233561,0.000417156
0.000233561,0.000417167
0.000233561,0.000417174
0.000233561,0.000417181
0.000233561,0.000417188
0.000233561,0.000417202
0.000233561,0.000417202
0.000233561,0.000417217
0.000233561,0.000417224
0.000233561,0.000417231
0.000233561,0.000417238
0.000233561,0.000417245
0.000233561,0.00041726
0.000233561,0.00041726
0.000233561,0.000417274
0.000233561,0.000417281
0.000233561,0.000417288
0.000233561,0.000417295
0.000233561,0.000417303
0.000233561,0.00041731
0.000233561,0.000417317
0.000233561,0.000417331
0.000233561,0.000417331
0.000233561,0.000417345
0.000233561,0.000417345
0.000233561,0.00041736
0.000233561,0.000417367
0.000233561,0.000417374
0.000233561,0.000417381
0.000233561,0.000417388
0.000233561,0.000417403
0.000233561,0.000417403
0.000233561,0.00041741
0.000233561,0.000417424
0.000233561,0.000417424
0.000233561,0.000417438
0.000233561,0.000417438
0.000233561,0.000417453
0.000233561,0.00041746
0.000233561,0.00041746
0.000233561,0.000417474
0.000233561,0.000417481
0.000233561,0.000417489
0.000233561,0.000417496
0.000233561,0.000417503
0.000233561,0.00041751
0.000233561,0.000417517
0.000233561,0.000417524
0.000233561,0.000417531
0.000233561,0.000417539
0.000233561,0.000417546
0.000233561,0.000417553
0.000233561,0.00041756
0.000233561,0.000417567
0.000233561,0.000417574
0.000233561,0.000417581
0.000233561,0.000417596
0.000233561,0.000417596
0.000233561,0.000417596
0.000233561,0.000417617
0.000233561,0.000417617
0.000233561,0.000417624
0.000233561,0.000417632
0.000233561,0.000417639
0.000233561,0.000417646
0.000233561,0.000417653
0.000233561,0.00041766
0.000233561,0.000417667
0.000233561,0.000417674
0.000233561,0.000417674
0.000233561,0.000417682
0.000233561,0.000417696
0.000233561,0.000417703
0.000233561,0.000417703
0.000233561,0.000417717
0.000233561,0.000417725
0.000233561,0.000417725
0.000233561,0.000417732
0.000233561,0.000417739
0.000233561,0.000417746
0.000233561,0.00041776
0.000233561,0.000417753
0.000233561,0.000417775
0.000233561,0.000417767
0.000233561,0.000417782
0.000233561,0.000417789
0.000233561,0.000417789
0.000233561,0.000417796
0.000233561,0.00041781
0.000233561,0.00041781
0.000233561,0.000417825
0.000233561,0.000417818
0.000233561,0.000417832
0.000233561,0.000417839
0.000233561,0.000417846
0.000233561,0.000417846
0.000234139,0.000417905
0.000235293,0.000418482
0.000236447,0.000419066
0.000237602,0.000419651
0.000238756,0.000420235
0.000239911,0.00042082
0.000241066,0.000421404
0.00024222,0.000421981
0.000243375,0.000422566
0.000244529,0.00042315
0.000245684,0.000423735
0.000246839,0.000424319
0.000247993,0.000424904
0.000249148,0.000425488
0.000250303,0.000426058
0.000251458,0.000426657
0.000252612,0.000427228
0.000253767,0.000427819
0.000254922,0.000428404
0.000256077,0.000428988
0.000257231,0.000429559
0.000258386,0.000430157
0.000259541,0.000430735
0.000260696,0.000431312
0.000261851,0.000431904
0.000263006,0.000432482
0.000264161,0.000433066
0.000265316,0.000433651
0.000266471,0.000434228
0.000267626,0.00043482
0.000268781,0.000435398
0.000269936,0.000435983
0.000271091,0.000436567
0.000272247,0.000437145
0.000273402,0.000437729
0.000274557,0.000438321
0.000275712,0.000438892
0.000276867,0.000439484
0.000278023,0.000440069
0.000279178,0.000440639
0.000280333,0.000441231
0.000281489,0.000441816
0.000282644,0.000442393
0.000283799,0.000442978
0.000284955,0.000443563
0.00028611,0.000444148
0.000287265,0.000444718
0.000288421,0.000445318
0.000289576,0.000445895
0.000290732,0.000446473
0.000291887,0.000447058
0.000293043,0.000447643
0.000294198,0.000448221
0.000295354,0.000448813
0.000296509,0.000449391
0.000297665,0.000449968
0.000298821,0.00045056
0.000299976,0.000451145
0.000301132,0.000451716
0.000302288,0.000452308
0.000303443,0.000452886
0.000304599,0.000453471
0.000305755,0.000454049
0.00030691,0.000454641
0.000308066,0.000455212
0.000309222,0.000455804
0.000310378,0.000456389
0.000311534,0.00045696
0.000312689,0.000457545
0.000313845,0.000458137
0.000315001,0.000458715
0.000316157,0.0004593
0.000317313,0.000459871
0.000318469,0.00046047
0.000319625,0.000461048
0.000320781,0.000461619
0.000321937,0.000462211
0.000323093,0.000462796
0.000324249,0.000463367
0.000325405,0.00046396
0.000326561,0.000464545
0.000327717,0.000465123
0.000328873,0.000465708
0.000330029,0.000466279
0.000331185,0.000466871
0.000332341,0.000467456
0.000333497,0.000468035
0.000334654,0.000468613
0.00033581,0.000469205
0.000336966,0.000469776
0.000338122,0.000470368
0.000339278,0.000470946
0.000340435,0.000471532
0.000341591,0.00047211
0.000342747,0.000472695
0.000343904,0.000473273
0.00034506,0.000473859
0.000346216,0.000474444
0.000347373,0.000475022
0.000348529,0.0004756
0.000349685,0.000476186
0.000350842,0.000476778
0.000351998,0.000477349
0.000353154,0.000477935
0.000354311,0.000478513
0.000355467,0.000479105
0.000356624,0.000479676
0.00035778,0.000480269
0.000358937,0.000480847
0.000360093,0.000481411
0.00036125,0.000482018
0.000362406,0.000482582
0.000363563,0.000483174
0.000364719,0.000483767
0.000365876,0.000484331
0.000367033,0.000484924
0.000368189,0.000485502
0.000369346,0.00048608
0.000370502,0.000486659
0.000371659,0.000487251
0.000372816,0.00048783
0.000373972,0.000488408
0.000375129,0.000489001
0.000376286,0.000489565
0.000377443,0.000490157
0.000378599,0.000490736
0.000379756,0.000491328
0.000380913,0.000491892
0.000382069,0.000492485
0.000383226,0.000493063
0.000384383,0.000493656
0.00038554,0.000494235
0.000386697,0.000494813
0.000387854,0.000495391
0.00038901,0.00049597
0.000390167,0.000496548
0.000391324,0.000497141
0.000392481,0.000497719
0.000393638,0.000498312
0.000394795,0.000498876
0.000395952,0.000499469
0.000397109,0.000500033
0.000398266,0.00050064
0.000399423,0.000501205
0.00040058,0.000501783
0.000401737,0.000502376
0.000402894,0.000502954
0.000404051,0.000503547
0.000405208,0.000504111
0.000406365,0.00050469
0.000407522,0.000505283
0.000408679,0.000505861
0.000409836,0.000506454
0.000410993,0.000507018
0.00041215,0.000507611
0.000413307,0.00050819
0.000414464,0.000508754
0.000415621,0.000509361
0.000416779,0.000509925
0.000417936,0.000510518
0.000419093,0.000511097
0.00042025,0.000511661
0.000421407,0.000512268
0.000422564,0.000512833
0.000423722,0.000513411
0.000424879,0.000514004
0.000426036,0.000514583
0.000427193,0.000515161
0.00042835,0.00051574
0.000429508,0.000516333
0.000430665,0.000516897
0.000431822,0.00051749
0.00043298,0.000518069
0.000434137,0.000518647
0.000435294,0.000519226
0.000436451,0.000519819
0.000437609,0.000520383
0.000438766,0.000520976
0.000439923,0.000521555
0.000441081,0.000522134
0.000442238,0.000522726
0.000443395,0.000523291
0.000444553,0.000523884
0.00044571,0.000524448
0.000446867,0.000525041
0.000448025,0.00052562
0.000449182,0.000526199
0.00045034,0.000526792
0.000451497,0.000527356
0.000452654,0.000527949
0.000453812,0.000528513
0.000454969,0.000529121
0.000456127,0.000529685
0.000457284,0.000530264
0.000458442,0.000530843
0.000459599,0.000531436
0.000460756,0.000532
0.000461914,0.000532593
0.000463071,0.000533172
0.000464229,0.00053375
0.000465387,0.000534329
0.000466544,0.000534908
0.000467702,0.000535501
0.000468859,0.000536066
0.000470017,0.000536659
0.000471174,0.000537237
0.000472332,0.000537802
0.000473489,0.000538395
0.000474647,0.000538988
0.000475804,0.000539553
0.000476962,0.000540131
0.000478119,0.000540724
0.000479277,0.000541289
0.000480435,0.000541868
0.000481592,0.000542475
0.00048275,0.000543025
0.000483907,0.000543618
0.000485065,0.000544197
0.000486223,0.000544776
0.00048738,0.000545369
0.000488538,0.000545934
0.000489696,0.000546527
0.000490853,0.000547091
0.000492011,0.000547684
0.000493169,0.000548263
0.000494326,0.000548842
0.000495484,0.000549406
0.000496641,0.000550014
0.000497799,0.000550564
0.000498957,0.000551172
0.000500114,0.000551736
0.000501272,0.000552315
0.00050243,0.000552908
0.000503587,0.000553473
0.000504745,0.000554066
0.000505903,0.000554645
0.000507061,0.000555209
0.000508218,0.000555802
0.000509376,0.000556381
0.000510533,0.00055696
0.000511691,0.000557539
0.000512849,0.000558118
0.000514007,0.000558697
0.000515164,0.000559275
0.000516322,0.000559854
0.00051748,0.000560448
0.000518638,0.000561012
0.000519795,0.000561591
0.000520953,0.000562184
0.000522111,0.000562749
0.000523269,0.000563342
0.000524427,0.000563921
0.000525584,0.000564485
0.000526742,0.000565079
0.0005279,0.000565657
0.000529057,0.000566236
0.000530215,0.000566815
0.000531373,0.000567394
0.000532531,0.000567959
0.000533689,0.000568552
0.000534846,0.000569145
0.000536004,0.000569695
0.000537162,0.000570289
0.000538319,0.000570882
0.000539477,0.000571432
0.000540635,0.00057204
0.000541793,0.000572604
0.000542951,0.000573197
0.000544108,0.000573747
0.000545266,0.000574355
0.000546425,0.00057492
0.000547582,0.000575499
0.00054874,0.000576092
0.000549898,0.000576656
0.000551055,0.00057725
0.000552213,0.000577814
0.000553371,0.000578393
0.000554529,0.000578986
0.000555686,0.000579551
0.000556844,0.00058013
0.000558002,0.000580723
0.00055916,0.000581288
0.000560318,0.000581867
0.000561476,0.000582445
0.000562655,0.000594241
0.000563878,0.00060643
0.000565146,0.000618971
0.00056646,0.000631892
0.000567822,0.000645194
0.000569234,0.000658893
0.000570695,0.000672974
0.00057221,0.000687438
0.000573777,0.000702315
0.000575398,0.000717562
0.000577076,0.000733224
0.000578812,0.000749285
0.000580606,0.000765706
0.000582461,0.000782556
0.000584378,0.000799752
0.000586357,0.000817365
0.000588402,0.000835339
0.000590511,0.000853675
0.000592688,0.000872373
0.000594933,0.000891405
0.000597247,0.000910801
0.000599632,0.000930474
0.000602088,0.000950498
0.000604616,0.000970773
0.000607218,0.000991328
0.000609895,0.00101212
0.000612646,0.00103316
0.000615473,0.00105437
0.000618377,0.00107578
0.000621357,0.00109731
0.000624414,0.00111896
0.000627549,0.00114068
0.000630761,0.00116246
0.00063405,0.00118426
0.000637416,0.00120599
0.000640859,0.00122768
0.000644379,0.00124927
0.000647974,0.00127069
0.000651644,0.00129191
0.000655388,0.0013129
0.000659205,0.00133358
0.000663093,0.00135396
0.000667051,0.00137394
0.000671077,0.00139349
0.000675169,0.00141256
0.000679326,0.0014311
0.000683545,0.00144906
0.000687823,0.00146642
0.000692158,0.00148309
0.000696548,0.00149906
0.000700989,0.00151426
0.000705478,0.00152865
0.000710012,0.00154223
0.000714588,0.0015549
0.000719202,0.00156667
0.00072385,0.00157749
0.000728529,0.00158732
0.000733235,0.00159613
0.000737964,0.00160396
0.000742711,0.00161067
0.000747473,0.00161634
0.000752246,0.00162093
0.000757025,0.000377317
0.000451893,0.000524265
0.000451893,0.000524277
0.000451893,0.00052429
0.000451893,0.000524302
0.000451893,0.000524315
0.000451893,0.000524327
0.000451893,0.000524339
0.000451893,0.000524352
0.000451893,0.000524364
0.000451893,0.000524377
0.000451893,0.000524389
0.000451893,0.000524401
0.000451893,0.000524414
0.000451893,0.000524426
0.000451893,0.000524438
0.000451893,0.000524451
0.000451893,0.000524463
0.000451893,0.000524475
0.000451893,0.000524487
0.000451893,0.000524499
0.000451893,0.000524511
0.000451893,0.000524523
0.000451893,0.000524536
0.000451893,0.000524548
0.000451893,0.00052456
0.000451893,0.000524572
0.000451893,0.000524584
0.000451893,0.000524595
0.000451893,0.000524608
0.000451893,0.00052462
0.000451893,0.000524631
0.000451893,0.000524644
0.000451893,0.000524655
0.000451893,0.000524667
0.000451893,0.000524679
0.000451893,0.00052469
0.000451893,0.000524703
0.000451893,0.000524715
0.000451893,0.000524726
0.000451893,0.000524738
0.000451893,0.00052475
0.000451893,0.000524761
0.000451893,0.000524772
0.000451893,0.000524785
0.000451893,0.000524797
0.000451893,0.000524808
0.000451893,0.000524819
0.000451893,0.000524831
0.000451893,0.000524843
0.000451893,0.000524855
0.000451893,0.000524865
0.000451893,0.000524877
0.000451893,0.000524888
0.000451893,0.0005249
0.000451893,0.000524911
0.000451893,0.000524924
0.000451893,0.000524934
0.000451893,0.000524945
0.000451893,0.000524956
0.000451893,0.00052497
0.000451893,0.000524979
0.000451893,0.00052499
0.000451893,0.000525002
0.000451893,0.000525013
0.000451893,0.000525024
0.000451893,0.000525036
0.000451893,0.000525047
0.000451893,0.000525058
0.000451893,0.000525068
0.000451893,0.000525081
0.000451893,0.000525092
0.000451893,0.000525102
0.000451893,0.000525111
0.000451893,0.000525126
0.000451893,0.000525135
0.000451893,0.000525145
0.000451893,0.000525158
0.000451893,0.000525168
0.000451893,0.000525179
0.000451893,0.00052519
0.000451893,0.000525199
0.000451893,0.000525213
0.000451893,0.000525222
0.000451893,0.000525233
0.000451893,0.000525244
0.00045005,0.000525817
0.000446364,0.000523984
0.000442678,0.000522153
0.000438992,0.000520322
0.000435306,0.000518488
0.000431619,0.000516655
0.000427933,0.000514821
0.000424246,0.00051299
0.000420559,0.000511157
0.000416872,0.000509325
0.000413184,0.000507492
0.000409497,0.000505657
0.00040581,0.000503826
0.000402123,0.000501992
0.000398435,0.000500158
0.000394747,0.000498324
0.000391059,0.000496492
0.000387371,0.000494659
0.000383683,0.000492825
0.000379995,0.000490989
0.000376306,0.000489159
0.000372618,0.000487322
0.000368929,0.000485488
0.00036524,0.000483654
0.000361551,0.000481821
0.000357862,0.000479987
0.000354173,0.000478153
0.000350483,0.000476316
0.000346794,0.000474485
0.000343105,0.000472648
0.000339415,0.000470814
0.000335725,0.00046898
0.000332035,0.000467142
0.000328345,0.000465311
0.000324655,0.000463473
0.000320965,0.000461639
0.000317274,0.000459804
0.000313584,0.000457966
0.000309893,0.000456136
0.000306202,0.000454297
0.000302511,0.000452463
0.00029882,0.000450628
0.000295129,0.000448789
0.000291438,0.000446955
0.000287746,0.00044512
0.000284055,0.000443285
0.000280363,0.000441446
0.000276672,0.000439611
0.00027298,0.000437776
0.000269288,0.000435941
0.000265596,0.000434102
0.000261904,0.000432266
0.000258211,0.000430431
0.000254519,0.000428592
0.000250826,0.000426756
0.000247133,0.000424921
0.000243441,0.000423082
0.000239748,0.000421246
0.000236833,0.00042491
0.000234698,0.000423849
0.000232562,0.000422792
0.000230426,0.000421735
0.00022829,0.000420675
0.000226153,0.000419617
0.000224017,0.00041856
0.000221881,0.0004175
0.000219745,0.000416442
0.000217609,0.000415382
0.000215472,0.000414324
0.000213336,0.000413267
0.000211199,0.000412206
0.000209062,0.000411145
0.000206926,0.000410091
0.000204789,0.00040903
0.000202652,0.000407969
0.000200515,0.000406912
0.000200226,0.000402745
0.000201784,0.000403532
0.000203342,0.000404318
0.000204901,0.000405108
0.000206459,0.000405898
0.000208017,0.000406685
0.000209576,0.000407475
0.000211134,0.000408261
0.000212693,0.000409051
0.000214251,0.000409837
0.00021581,0.000410628
0.000217369,0.000411414
0.000218927,0.000412204
0.000220486,0.000412991
0.000222045,0.000413778
0.000223604,0.000414568
0.000225163,0.000415358
0.000226722,0.000416145
0.000228281,0.000416932
0.00022984,0.000417722
0.000231399,0.000418509
0.000232958,0.000419299
0.000233738,0.000417126
0.000233738,0.000417137
0.000233738,0.000417144
0.000233738,0.000417151
0.000233738,0.000417162
0.000233738,0.000417169
0.000233738,0.000417176
0.000233738,0.000417187
0.000233738,0.000417194
0.000233738,0.000417205
0.000233738,0.000417212
0.000233738,0.000417219
0.000233738,0.00041723
0.000233738,0.000417237
0.000233738,0.000417244
0.000233738,0.000417255
0.000233738,0.000417262
0.000233738,0.000417269
0.000233738,0.000417276
0.000233738,0.00041729
0.000233738,0.00041729
0.000233738,0.000417305
0.000233738,0.000417312
0.000233738,0.000417319
0.000233738,0.000417326
0.000233738,0.000417333
0.000233738,0.000417348
0.000233738,0.000417348
0.000233738,0.000417362
0.000233738,0.000417369
0.000233738,0.000417376
0.000233738,0.000417383
0.000233738,0.000417391
0.000233738,0.000417398
0.000233738,0.000417405
0.000233738,0.000417419
0.000233738,0.000417419
0.000233738,0.000417434
0.000233738,0.000417434
0.000233738,0.000417448
0.000233738,0.000417455
0.000233738,0.000417462
0.000233738,0.000417469
0.000233738,0.000417476
0.000233738,0.000417491
0.000233738,0.000417491
0.000233738,0.000417498
0.000233738,0.000417512
0.000233738,0.000417512
0.000233738,0.000417527
0.000233738,0.000417527
0.000233738,0.000417541
0.000233738,0.000417548
0.000233738,0.000417548
0.000233738,0.000417562
0.000233738,0.000417569
0.000233738,0.000417577
0.000233738,0.000417584
0.000233738,0.000417591
0.000233738,0.000417598
0.000233738,0.000417605
0.000233738,0.000417612
0.000233738,0.000417619
0.000233738,0.000417627
0.000233738,0.000417634
0.000233738,0.000417641
0.000233738,0.000417648
0.000233738,0.000417655
0.000233738,0.000417662
0.000233738,0.00041767
0.000233738,0.000417684
0.000233738,0.000417684
0.000233738,0.000417684
0.000233738,0.000417705
0.000233738,0.000417705
0.000233738,0.000417712
0.000233738,0.00041772
0.000233738,0.000417727
0.000233738,0.000417734
0.000233738,0.000417741
0.000233738,0.000417748
0.000233738,0.000417755
0.000233738,0.000417763
0.000233738,0.000417763
0.000233738,0.00041777
0.000233738,0.000417784
0.000233738,0.000417791
0.000233738,0.000417791
0.000233738,0.000417805
0.000233738,0.000417813
0.000233738,0.000417813
0.000233738,0.00041782
0.000233738,0.000417827
0.000233738,0.000417834
0.000233738,0.000417848
0.000233738,0.000417841
0.000233738,0.000417863
0.000233738,0.000417856
0.000233738,0.00041787
0.000233738,0.000417877
0.000233738,0.000417877
0.000233738,0.000417884
0.000233738,0.000417898
0.000233738,0.000417898
0.000233738,0.000417913
0.000233738,0.000417906
0.000233738,0.00041792
0.000233738,0.000417927
0.000233738,0.000417934
0.000233738,0.000417934
0.000234315,0.000418004
0.00023547,0.000418581
0.000236626,0.000419166
0.000237781,0.000419751
0.000238937,0.000420336
0.000240092,0.00042092
0.000241247,0.000421505
0.000242403,0.000422083
0.000243558,0.000422668
0.000244714,0.000423253
0.000245869,0.000423838
0.000247025,0.000424423
0.00024818,0.000425008
0.000249336,0.000425592
0.000250491,0.000426163
0.000251647,0.000426762
0.000252803,0.000427333
0.000253958,0.000427925
0.000255114,0.00042851
0.00025627,0.000429095
0.000257425,0.000429666
0.000258581,0.000430265
0.000259737,0.000430843
0.000260893,0.000431421
0.000262049,0.000432013
0.000263205,0.000432591
0.00026436,0.000433176
0.000265516,0.000433761
0.000266672,0.000434339
0.000267828,0.000434932
0.000268984,0.00043551
0.00027014,0.000436095
0.000271296,0.00043668
0.000272452,0.000437258
0.000273608,0.000437843
0.000274764,0.000438435
0.00027592,0.000439006
0.000277076,0.000439598
0.000278232,0.000440184
0.000279389,0.000440755
0.000280545,0.000441347
0.000281701,0.000441932
0.000282857,0.00044251
0.000284013,0.000443096
0.00028517,0.000443681
0.000286326,0.000444266
0.000287482,0.000444837
0.000288638,0.000445437
0.000289795,0.000446015
0.000290951,0.000446593
0.000292108,0.000447178
0.000293264,0.000447764
0.00029442,0.000448342
0.000295577,0.000448934
0.000296733,0.000449513
0.000297889,0.000450091
0.000299046,0.000450683
0.000300202,0.000451269
0.000301359,0.00045184
0.000302516,0.000452432
0.000303672,0.000453011
0.000304829,0.000453596
0.000305985,0.000454174
0.000307142,0.000454767
0.000308299,0.000455338
0.000309455,0.000455931
0.000310612,0.000456516
0.000311768,0.000457087
0.000312925,0.000457673
0.000314082,0.000458266
0.000315239,0.000458844
0.000316396,0.00045943
0.000317552,0.000460001
0.000318709,0.000460601
0.000319866,0.000461179
0.000321023,0.00046175
0.00032218,0.000462343
0.000323336,0.000462929
0.000324493,0.0004635
0.00032565,0.000464093
0.000326807,0.000464678
0.000327964,0.000465257
0.000329121,0.000465842
0.000330278,0.000466414
0.000331435,0.000467006
0.000332592,0.000467592
0.000333749,0.000468171
0.000334906,0.000468749
0.000336063,0.000469342
0.00033722,0.000469913
0.000338377,0.000470506
0.000339534,0.000471085
0.000340692,0.000471671
0.000341849,0.000472249
0.000343006,0.000472835
0.000344163,0.000473413
0.00034532,0.000473999
0.000346477,0.000474585
0.000347634,0.000475163
0.000348792,0.000475742
0.000349949,0.000476328
0.000351106,0.000476921
0.000352264,0.000477492
0.000353421,0.000478078
0.000354578,0.000478657
0.000355735,0.00047925
0.000356893,0.000479821
0.00035805,0.000480414
0.000359207,0.000480993
0.000360365,0.000481557
0.000361522,0.000482165
0.00036268,0.000482729
0.000363837,0.000483322
0.000364995,0.000483915
0.000366152,0.000484479
0.000367309,0.000485072
0.000368467,0.000485651
0.000369624,0.00048623
0.000370782,0.000486809
0.00037194,0.000487402
0.000373097,0.000487981
0.000374255,0.000488559
0.000375412,0.000489152
0.00037657,0.000489717
0.000377727,0.00049031
0.000378885,0.000490889
0.000380043,0.000491482
0.0003812,0.000492046
0.000382358,0.000492639
0.000383516,0.000493218
0.000384673,0.000493812
0.000385831,0.00049439
0.000386989,0.000494969
0.000388146,0.000495548
0.000389304,0.000496127
0.000390462,0.000496706
0.00039162,0.000497299
0.000392777,0.000497878
0.000393935,0.000498471
0.000395093,0.000499036
0.000396251,0.000499629
0.000397408,0.000500193
0.000398566,0.000500801
0.000399724,0.000501365
0.000400882,0.000501944
0.00040204,0.000502538
0.000403198,0.000503117
0.000404355,0.00050371
0.000405513,0.000504274
0.000406671,0.000504853
0.000407829,0.000505447
0.000408987,0.000506026
0.000410145,0.000506619
0.000411303,0.000507184
0.000412461,0.000507777
0.000413619,0.000508356
0.000414777,0.00050892
0.000415935,0.000509528
0.000417093,0.000510093
0.000418251,0.000510686
0.000419409,0.000511265
0.000420567,0.00051183
0.000421725,0.000512438
0.000422883,0.000513002
0.000424041,0.000513581
0.000425199,0.000514174
0.000426357,0.000514754
0.000427516,0.000515333
0.000428674,0.000515912
0.000429831,0.000516505
0.00043099,0.00051707
0.000432148,0.000517663
0.000433306,0.000518242
0.000434464,0.000518821
0.000435622,0.0005194
0.000436781,0.000519994
0.000437939,0.000520559
0.000439097,0.000521152
0.000440255,0.000521731
0.000441413,0.00052231
0.000442571,0.000522903
0.00044373,0.000523468
0.000444888,0.000524062
0.000446046,0.000524627
0.000447204,0.00052522
0.000448363,0.000525799
0.000449521,0.000526378
0.000450679,0.000526972
0.000451838,0.000527537
0.000452996,0.00052813
0.000454155,0.000528695
0.000455313,0.000529303
0.000456471,0.000529868
0.000457629,0.000530447
0.000458787,0.000531026
0.000459946,0.000531619
0.000461104,0.000532184
0.000462263,0.000532778
0.000463421,0.000533357
0.000464579,0.000533936
0.000465738,0.000534515
0.000466896,0.000535094
0.000468054,0.000535688
0.000469212,0.000536253
0.000470371,0.000536846
0.00047153,0.000537426
0.000472688,0.00053799
0.000473846,0.000538584
0.000475005,0.000539177
0.000476163,0.000539742
0.000477322,0.000540322
0.00047848,0.000540915
0.000479639,0.00054148
0.000480797,0.000542059
0.000481955,0.000542667
0.000483114,0.000543217
0.000484272,0.000543811
0.000485431,0.00054439
0.000486589,0.00054497
0.000487748,0.000545563
0.000488906,0.000546128
0.000490065,0.000546722
0.000491223,0.000547287
0.000492382,0.00054788
0.000493541,0.00054846
0.000494699,0.000549039
0.000495858,0.000549604
0.000497016,0.000550212
0.000498175,0.000550762
0.000499333,0.00055137
0.000500492,0.000551935
0.00050165,0.000552514
0.000502809,0.000553108
0.000503967,0.000553673
0.000505126,0.000554267
0.000506285,0.000554846
0.000507443,0.000555411
0.000508602,0.000556004
0.00050976,0.000556584
0.000510919,0.000557163
0.000512078,0.000557742
0.000513236,0.000558322
0.000514395,0.000558901
0.000515553,0.00055948
0.000516712,0.000560059
0.000517871,0.000560653
0.000519029,0.000561218
0.000520188,0.000561798
0.000521346,0.000562391
0.000522505,0.000562956
0.000523664,0.00056355
0.000524822,0.000564129
0.000525981,0.000564694
0.000527139,0.000565288
0.000528298,0.000565867
0.000529457,0.000566446
0.000530615,0.000567026
0.000531774,0.000567605
0.000532933,0.00056817
0.000534091,0.000568763
0.00053525,0.000569357
0.000536408,0.000569908
0.000537567,0.000570501
0.000538726,0.000571095
0.000539885,0.000571646
0.000541043,0.000572254
0.000542202,0.000572819
0.000543361,0.000573412
0.000544519,0.000573963
0.000545678,0.000574571
0.000546836,0.000575136
0.000547995,0.000575715
0.000549154,0.000576309
0.000550312,0.000576874
0.000551471,0.000577468
0.00055263,0.000578033
0.000553788,0.000578612
0.000554947,0.000579206
0.000556106,0.000579771
0.000557265,0.00058035
0.000558423,0.000580944
0.000559582,0.000581509
0.00056074,0.000582088
0.000561899,0.000582667
0.000563079,0.000594464
0.000564303,0.000606654
0.000565572,0.000619196
0.000566887,0.000632117
0.000568251,0.000645421
0.000569663,0.00065912
0.000571126,0.000673202
0.000572641,0.000687667
0.000574209,0.000702546
0.000575832,0.000717794
0.000577512,0.000733456
0.000579249,0.00074952
0.000581044,0.000765941
0.000582901,0.000782792
0.000584819,0.000799989
0.0005868,0.000817604
0.000588845,0.00083558
0.000590957,0.000853916
0.000593135,0.000872616
0.000595382,0.00089165
0.000597697,0.000911047
0.000600084,0.000930722
0.000602542,0.000950748
0.000605072,0.000971024
0.000607677,0.00099158
0.000610355,0.00101237
0.000613109,0.00103342
0.000615938,0.00105463
0.000618844,0.00107604
0.000621826,0.00109757
0.000624885,0.00111922
0.000628022,0.00114095
0.000631236,0.00116272
0.000634528,0.00118452
0.000637897,0.00120626
0.000641343,0.00122795
0.000644865,0.00124954
0.000648463,0.00127097
0.000652136,0.00129219
0.000655883,0.00131318
0.000659702,0.00133386
0.000663593,0.00135425
0.000667554,0.00137422
0.000671583,0.00139378
0.000675679,0.00141285
0.000679839,0.0014314
0.00068406,0.00144936
0.000688342,0.00146672
0.000692681,0.00148339
0.000697073,0.00149936
0.000701518,0.00151456
0.00070601,0.00152896
0.000710548,0.00154253
0.000715127,0.00155522
0.000719745,0.00156699
0.000724396,0.0015778
0.000729079,0.00158763
0.000733788,0.00159645
0.00073852,0.00160428
0.000743271,0.001611
0.000748037,0.00161667
0.000752813,0.00162126
0.000757596,0.000377602
0.000452219,0.000524427
0.000452219,0.00052444
0.000452219,0.000524452
0.000452219,0.000524465
0.000452219,0.000524477
0.000452219,0.00052449
0.000452219,0.000524502
0.000452219,0.000524515
0.000452219,0.000524527
0.000452219,0.000524539
0.000452219,0.000524552
0.000452219,0.000524564
0.000452219,0.000524576
0.000452219,0.000524589
0.000452219,0.000524601
0.000452219,0.000524613
0.000452219,0.000524625
0.000452219,0.000524637
0.000452219,0.00052465
0.000452219,0.000524662
0.000452219,0.000524674
0.000452219,0.000524686
0.000452219,0.000524699
0.000452219,0.00052471
0.000452219,0.000524722
0.000452219,0.000524734
0.000452219,0.000524746
0.000452219,0.000524758
0.000452219,0.000524771
0.000452219,0.000524782
0.000452219,0.000524794
0.000452219,0.000524806
0.000452219,0.000524818
0.000452219,0.00052483
0.000452219,0.000524842
0.000452219,0.000524853
0.000452219,0.000524865
0.000452219,0.000524878
0.000452219,0.000524889
0.000452219,0.0005249
0.000452219,0.000524913
0.000452219,0.000524924
0.000452219,0.000524935
0.000452219,0.000524948
0.000452219,0.000524959
0.000452219,0.000524971
0.000452219,0.000524982
0.000452219,0.000524993
0.000452219,0.000525006
0.000452219,0.000525017
0.000452219,0.000525028
0.000452219,0.00052504
0.000452219,0.00052505
0.000452219,0.000525063
0.000452219,0.000525074
0.000452219,0.000525086
0.000452219,0.000525097
0.000452219,0.000525108
0.000452219,0.000525118
0.000452219,0.000525133
0.000452219,0.000525142
0.000452219,0.000525152
0.000452219,0.000525165
0.000452219,0.000525176
0.000452219,0.000525186
0.000452219,0.000525199
0.000452219,0.00052521
0.000452219,0.00052522
0.000452219,0.000525231
0.000452219,0.000525244
0.000452219,0.000525254
0.000452219,0.000525265
0.000452219,0.000525274
0.000452219,0.000525288
0.000452219,0.000525297
0.000452219,0.000525308
0.000452219,0.00052532
0.000452219,0.000525331
0.000452219,0.000525342
0.000452219,0.000525353
0.000452219,0.000525362
0.000452219,0.000525376
0.000452219,0.000525385
0.000452219,0.000525396
0.000452219,0.000525406
0.000450375,0.000526098
0.000446686,0.000524265
0.000442997,0.000522431
0.000439308,0.000520599
0.000435619,0.000518764
0.00043193,0.00051693
0.000428241,0.000515094
0.000424552,0.000513262
0.000420862,0.000511428
0.000417172,0.000509594
0.000413483,0.00050776
0.000409793,0.000505924
0.000406103,0.000504092
0.000402412,0.000502255
0.000398722,0.000500421
0.000395032,0.000498585
0.000391341,0.000496752
0.000387651,0.000494918
0.00038396,0.000493083
0.000380268,0.000491245
0.000376577,0.000489414
0.000372886,0.000487575
0.000369195,0.00048574
0.000365503,0.000483905
0.000361812,0.00048207
0.000358121,0.000480235
0.000354429,0.000478401
0.000350737,0.000476562
0.000347044,0.00047473
0.000343352,0.000472891
0.00033966,0.000471056
0.000335968,0.00046922
0.000332275,0.000467381
0.000328582,0.000465549
0.000324889,0.00046371
0.000321197,0.000461874
0.000317503,0.000460038
0.00031381,0.000458199
0.000310117,0.000456367
0.000306423,0.000454527
0.00030273,0.000452691
0.000299036,0.000450855
0.000295342,0.000449015
0.000291648,0.000447179
0.000287955,0.000445343
0.00028426,0.000443507
0.000280566,0.000441667
0.000276871,0.00043983
0.000273177,0.000437994
0.000269482,0.000436157
0.000265787,0.000434317
0.000262093,0.00043248
0.000258398,0.000430644
0.000254703,0.000428803
0.000251007,0.000426967
0.000247312,0.00042513
0.000243616,0.000423289
0.000239921,0.000421452
0.000237004,0.000425209
0.000234867,0.000424148
0.000232729,0.00042309
0.000230592,0.000422032
0.000228454,0.000420971
0.000226317,0.000419913
0.000224179,0.000418855
0.000222041,0.000417794
0.000219903,0.000416735
0.000217765,0.000415674
0.000215627,0.000414616
0.000213489,0.000413558
0.000211351,0.000412496
0.000209213,0.000411435
0.000207075,0.00041038
0.000204937,0.000409318
0.000202798,0.000408256
0.00020066,0.000407198
0.00020037,0.00040271
0.00020193,0.000403497
0.000203489,0.000404284
0.000205048,0.000405074
0.000206608,0.000405865
0.000208167,0.000406651
0.000209727,0.000407442
0.000211287,0.000408229
0.000212846,0.00040902
0.000214406,0.000409807
0.000215966,0.000410598
0.000217526,0.000411385
0.000219085,0.000412175
0.000220645,0.000412963
0.000222205,0.00041375
0.000223765,0.000414541
0.000225325,0.000415331
0.000226885,0.000416119
0.000228445,0.000416906
0.000230006,0.000417697
0.000231566,0.000418484
0.000233126,0.000419275
0.000233906,0.00041721
0.000233906,0.000417221
0.000233906,0.000417228
0.000233906,0.000417235
0.000233906,0.000417246
0.000233906,0.000417253
0.000233906,0.00041726
0.000233906,0.000417271
0.000233906,0.000417278
0.000233906,0.000417289
0.000233906,0.000417296
0.000233906,0.000417303
0.000233906,0.000417314
0.000233906,0.000417321
0.000233906,0.000417328
0.000233906,0.000417339
0.000233906,0.000417346
0.000233906,0.000417353
0.000233906,0.000417361
0.000233906,0.000417375
0.000233906,0.000417375
0.000233906,0.000417389
0.000233906,0.000417396
0.000233906,0.000417403
0.000233906,0.000417411
0.000233906,0.000417418
0.000233906,0.000417432
0.000233906,0.000417432
0.000233906,0.000417446
0.000233906,0.000417454
0.000233906,0.000417461
0.000233906,0.000417468
0.000233906,0.000417475
0.000233906,0.000417482
0.000233906,0.000417489
0.000233906,0.000417504
0.000233906,0.000417504
0.000233906,0.000417518
0.000233906,0.000417518
0.000233906,0.000417532
0.000233906,0.000417539
0.000233906,0.000417547
0.000233906,0.000417554
0.000233906,0.000417561
0.000233906,0.000417575
0.000233906,0.000417575
0.000233906,0.000417582
0.000233906,0.000417597
0.000233906,0.000417597
0.000233906,0.000417611
0.000233906,0.000417611
0.000233906,0.000417625
0.000233906,0.000417632
0.000233906,0.000417632
0.000233906,0.000417647
0.000233906,0.000417654
0.000233906,0.000417661
0.000233906,0.000417668
0.000233906,0.000417675
0.000233906,0.000417682
0.000233906,0.00041769
0.000233906,0.000417697
0.000233906,0.000417704
0.000233906,0.000417711
0.000233906,0.000417718
0.000233906,0.000417725
0.000233906,0.000417732
0.000233906,0.00041774
0.000233906,0.000417747
0.000233906,0.000417754
0.000233906,0.000417768
0.000233906,0.000417768
0.000233906,0.000417768
0.000233906,0.00041779
0.000233906,0.00041779
0.000233906,0.000417797
0.000233906,0.000417804
0.000233906,0.000417811
0.000233906,0.000417818
0.000233906,0.000417825
0.000233906,0.000417833
0.000233906,0.00041784
0.000233906,0.000417847
0.000233906,0.000417847
0.000233906,0.000417854
0.000233906,0.000417868
0.000233906,0.000417876
0.000233906,0.000417876
0.000233906,0.00041789
0.000233906,0.000417897
0.000233906,0.000417897
0.000233906,0.000417904
0.000233906,0.000417911
0.000233906,0.000417918
0.000233906,0.000417933
0.000233906,0.000417926
0.000233906,0.000417947
0.000233906,0.00041794
0.000233906,0.000417954
0.000233906,0.000417961
0.000233906,0.000417961
0.000233906,0.000417969
0.000233906,0.000417983
0.000233906,0.000417983
0.000233906,0.000417997
0.000233906,0.00041799
0.000233906,0.000418004
0.000233906,0.000418011
0.000233906,0.000418019
0.000233906,0.000418019
0.000234484,0.000418099
0.000235641,0.000418678
0.000236797,0.000419263
0.000237953,0.000419848
0.000239109,0.000420433
0.000240265,0.000421019
0.000241421,0.000421604
0.000242578,0.000422182
0.000243734,0.000422767
0.00024489,0.000423352
0.000246047,0.000423938
0.000247203,0.000424523
0.000248359,0.000425109
0.000249516,0.000425694
0.000250672,0.000426265
0.000251829,0.000426865
0.000252985,0.000427436
0.000254142,0.000428028
0.000255298,0.000428614
0.000256455,0.000429199
0.000257611,0.00042977
0.000258768,0.00043037
0.000259924,0.000430948
0.000261081,0.000431527
0.000262238,0.000432119
0.000263394,0.000432698
0.000264551,0.000433283
0.000265708,0.000433868
0.000266865,0.000434447
0.000268021,0.00043504
0.000269178,0.000435618
0.000270335,0.000436204
0.000271492,0.000436789
0.000272649,0.000437368
0.000273806,0.000437953
0.000274962,0.000438546
0.000276119,0.000439117
0.000277276,0.00043971
0.000278433,0.000440296
0.00027959,0.000440867
0.000280747,0.00044146
0.000281904,0.000442045
0.000283061,0.000442624
0.000284218,0.000443209
0.000285376,0.000443795
0.000286533,0.000444381
0.00028769,0.000444952
0.000288847,0.000445552
0.000290004,0.000446131
0.000291161,0.000446709
0.000292318,0.000447295
0.000293475,0.000447881
0.000294633,0.00044846
0.00029579,0.000449052
0.000296947,0.000449631
0.000298105,0.00045021
0.000299262,0.000450803
0.000300419,0.000451389
0.000301577,0.00045196
0.000302734,0.000452553
0.000303891,0.000453132
0.000305049,0.000453718
0.000306206,0.000454296
0.000307364,0.000454889
0.000308521,0.000455461
0.000309679,0.000456054
0.000310836,0.00045664
0.000311994,0.000457212
0.000313151,0.000457797
0.000314309,0.00045839
0.000315466,0.000458969
0.000316624,0.000459555
0.000317781,0.000460127
0.000318939,0.000460727
0.000320097,0.000461306
0.000321254,0.000461878
0.000322412,0.000462471
0.00032357,0.000463057
0.000324728,0.000463629
0.000325885,0.000464222
0.000327043,0.000464808
0.000328201,0.000465386
0.000329359,0.000465973
0.000330517,0.000466544
0.000331674,0.000467138
0.000332832,0.000467724
0.00033399,0.000468302
0.000335148,0.000468882
0.000336306,0.000469475
0.000337464,0.000470047
0.000338621,0.00047064
0.000339779,0.000471219
0.000340937,0.000471805
0.000342095,0.000472384
0.000343253,0.00047297
0.000344411,0.000473549
0.000345569,0.000474135
0.000346727,0.000474721
0.000347885,0.0004753
0.000349043,0.000475879
0.000350201,0.000476465
0.00035136,0.000477059
0.000352518,0.000477631
0.000353676,0.000478217
0.000354834,0.000478796
0.000355992,0.00047939
0.00035715,0.000479961
0.000358308,0.000480555
0.000359467,0.000481134
0.000360625,0.000481699
0.000361783,0.000482306
0.000362941,0.000482871
0.0003641,0.000483465
0.000365258,0.000484058
0.000366416,0.000484623
0.000367575,0.000485216
0.000368733,0.000485796
0.000369891,0.000486375
0.00037105,0.000486954
0.000372208,0.000487547
0.000373366,0.000488127
0.000374525,0.000488706
0.000375683,0.000489299
0.000376842,0.000489864
0.000378,0.000490458
0.000379158,0.000491037
0.000380317,0.00049163
0.000381475,0.000492195
0.000382634,0.000492789
0.000383792,0.000493368
0.000384951,0.000493962
0.000386109,0.000494541
0.000387268,0.00049512
0.000388426,0.000495699
0.000389585,0.000496279
0.000390744,0.000496858
0.000391902,0.000497452
0.000393061,0.000498031
0.000394219,0.000498625
0.000395378,0.000499189
0.000396537,0.000499783
0.000397695,0.000500348
0.000398854,0.000500956
0.000400013,0.000501521
0.000401171,0.0005021
0.00040233,0.000502694
0.000403489,0.000503274
0.000404647,0.000503867
0.000405806,0.000504432
0.000406965,0.000505012
0.000408124,0.000505605
0.000409282,0.000506185
0.000410441,0.000506778
0.0004116,0.000507343
0.000412758,0.000507937
0.000413917,0.000508516
0.000415076,0.000509082
0.000416235,0.00050969
0.000417394,0.000510255
0.000418553,0.000510849
0.000419712,0.000511428
0.00042087,0.000511993
0.000422029,0.000512601
0.000423188,0.000513166
0.000424347,0.000513746
0.000425506,0.000514339
0.000426665,0.000514919
0.000427824,0.000515498
0.000428983,0.000516078
0.000430142,0.000516672
0.000431301,0.000517237
0.00043246,0.000517831
0.000433619,0.00051841
0.000434778,0.00051899
0.000435937,0.000519569
0.000437096,0.000520163
0.000438255,0.000520728
0.000439414,0.000521322
0.000440573,0.000521901
0.000441732,0.000522481
0.000442891,0.000523075
0.00044405,0.00052364
0.000445209,0.000524234
0.000446368,0.000524799
0.000447527,0.000525393
0.000448686,0.000525972
0.000449846,0.000526552
0.000451005,0.000527146
0.000452164,0.000527711
0.000453323,0.000528305
0.000454482,0.00052887
0.000455641,0.000529478
0.0004568,0.000530044
0.000457959,0.000530623
0.000459119,0.000531203
0.000460278,0.000531797
0.000461437,0.000532362
0.000462596,0.000532956
0.000463755,0.000533535
0.000464915,0.000534115
0.000466074,0.000534695
0.000467233,0.000535274
0.000468392,0.000535868
0.000469552,0.000536433
0.000470711,0.000537028
0.00047187,0.000537607
0.000473029,0.000538172
0.000474189,0.000538766
0.000475348,0.00053936
0.000476507,0.000539926
0.000477666,0.000540505
0.000478825,0.000541099
0.000479985,0.000541664
0.000481144,0.000542244
0.000482304,0.000542852
0.000483463,0.000543404
0.000484622,0.000543998
0.000485782,0.000544577
0.000486941,0.000545157
0.0004881,0.000545751
0.00048926,0.000546316
0.000490419,0.00054691
0.000491578,0.000547475
0.000492737,0.000548069
0.000493897,0.000548649
0.000495056,0.000549229
0.000496216,0.000549794
0.000497375,0.000550402
0.000498534,0.000550953
0.000499694,0.000551562
0.000500853,0.000552127
0.000502013,0.000552707
0.000503172,0.000553301
0.000504331,0.000553866
0.000505491,0.00055446
0.00050665,0.00055504
0.000507809,0.000555605
0.000508969,0.000556199
0.000510128,0.000556779
0.000511288,0.000557359
0.000512447,0.000557939
0.000513606,0.000558518
0.000514766,0.000559098
0.000515925,0.000559678
0.000517085,0.000560258
0.000518244,0.000560851
0.000519404,0.000561417
0.000520563,0.000561997
0.000521723,0.000562591
0.000522882,0.000563156
0.000524042,0.00056375
0.000525201,0.00056433
0.000526361,0.000564895
0.00052752,0.000565489
0.000528679,0.000566069
0.000529839,0.000566649
0.000530998,0.000567228
0.000532158,0.000567808
0.000533317,0.000568373
0.000534477,0.000568968
0.000535636,0.000569562
0.000536796,0.000570113
0.000537955,0.000570707
0.000539114,0.000571301
0.000540274,0.000571852
0.000541434,0.00057246
0.000542593,0.000573026
0.000543753,0.00057362
0.000544912,0.000574171
0.000546072,0.000574779
0.000547231,0.000575345
0.000548391,0.000575925
0.00054955,0.000576519
0.00055071,0.000577084
0.000551869,0.000577678
0.000553029,0.000578244
0.000554188,0.000578823
0.000555347,0.000579417
0.000556507,0.000579983
0.000557667,0.000580563
0.000558826,0.000581157
0.000559986,0.000581722
0.000561145,0.000582302
0.000562305,0.000582882
0.000563485,0.000594679
0.00056471,0.00060687
0.00056598,0.000619412
0.000567297,0.000632335
0.000568661,0.000645639
0.000570074,0.00065934
0.000571539,0.000673423
0.000573054,0.000687889
0.000574624,0.000702769
0.000576248,0.000718018
0.000577929,0.000733682
0.000579666,0.000749746
0.000581464,0.000766168
0.000583321,0.000783021
0.000585241,0.00080022
0.000587223,0.000817836
0.00058927,0.000835812
0.000591383,0.000854151
0.000593563,0.000872852
0.000595811,0.000891887
0.000598129,0.000911285
0.000600517,0.000930962
0.000602977,0.00095099
0.000605509,0.000971268
0.000608115,0.000991825
0.000610795,0.00101262
0.000613551,0.00103367
0.000616382,0.00105488
0.00061929,0.00107629
0.000622275,0.00109782
0.000625336,0.00111948
0.000628475,0.00114121
0.000631692,0.00116298
0.000634986,0.00118479
0.000638358,0.00120653
0.000641806,0.00122822
0.00064533,0.00124981
0.000648931,0.00127124
0.000652607,0.00129246
0.000656356,0.00131346
0.000660178,0.00133414
0.000664072,0.00135452
0.000668036,0.0013745
0.000672068,0.00139406
0.000676166,0.00141313
0.000680329,0.00143168
0.000684554,0.00144965
0.000688839,0.00146701
0.00069318,0.00148368
0.000697577,0.00149966
0.000702024,0.00151486
0.00070652,0.00152926
0.000711061,0.00154284
0.000715643,0.00155552
0.000720264,0.00156729
0.000724919,0.00157811
0.000729605,0.00158794
0.000734318,0.00159676
0.000739054,0.00160459
0.000743807,0.00161131
0.000748576,0.00161698
0.000753356,0.00162158
0.000758142,0.000377874
0.000452531,0.000524583
0.000452531,0.000524596
0.000452531,0.000524608
0.000452531,0.000524621
0.000452531,0.000524633
0.000452531,0.000524646
0.000452531,0.000524658
0.000452531,0.000524671
0.000452531,0.000524683
0.000452531,0.000524695
0.000452531,0.000524708
0.000452531,0.00052472
0.000452531,0.000524732
0.000452531,0.000524745
0.000452531,0.000524757
0.000452531,0.000524769
0.000452531,0.000524781
0.000452531,0.000524793
0.000452531,0.000524806
0.000452531,0.000524818
0.000452531,0.00052483
0.000452531,0.000524842
0.000452531,0.000524855
0.000452531,0.000524866
0.000452531,0.000524878
0.000452531,0.00052489
0.000452531,0.000524902
0.000452531,0.000524914
0.000452531,0.000524927
0.000452531,0.000524938
0.000452531,0.00052495
0.000452531,0.000524962
0.000452531,0.000524974
0.000452531,0.000524986
0.000452531,0.000524998
0.000452531,0.000525009
0.000452531,0.000525021
0.000452531,0.000525034
0.000452531,0.000525045
0.000452531,0.000525056
0.000452531,0.000525069
0.000452531,0.00052508
0.000452531,0.000525091
0.000452531,0.000525104
0.000452531,0.000525115
0.000452531,0.000525127
0.000452531,0.000525138
0.000452531,0.000525149
0.000452531,0.000525162
0.000452531,0.000525173
0.000452531,0.000525184
0.000452531,0.000525196
0.000452531,0.000525206
0.000452531,0.000525219
0.000452531,0.00052523
0.000452531,0.000525242
0.000452531,0.000525253
0.000452531,0.000525264
0.000452531,0.000525274
0.000452531,0.000525289
0.000452531,0.000525298
0.000452531,0.000525308
0.000452531,0.000525321
0.000452531,0.000525332
0.000452531,0.000525342
0.000452531,0.000525355
0.000452531,0.000525366
0.000452531,0.000525376
0.000452531,0.000525387
0.000452531,0.0005254
0.000452531,0.00052541
0.000452531,0.000525421
0.000452531,0.00052543
0.000452531,0.000525444
0.000452531,0.000525453
0.000452531,0.000525464
0.000452531,0.000525476
0.000452531,0.000525487
0.000452531,0.000525498
0.000452531,0.000525509
0.000452531,0.000525518
0.000452531,0.000525532
0.000452531,0.000525541
0.000452531,0.000525552
0.000452531,0.000525562
0.000450685,0.000526384
0.000446994,0.000524549
0.000443303,0.000522714
0.000439611,0.000520881
0.00043592,0.000519044
0.000432228,0.00051721
0.000428536,0.000515372
0.000424844,0.000513539
0.000421152,0.000511704
0.00041746,0.000509869
0.000413767,0.000508033
0.000410075,0.000506196
0.000406382,0.000504362
0.00040269,0.000502525
0.000398997,0.000500689
0.000395304,0.000498852
0.000391611,0.000497018
0.000387918,0.000495182
0.000384224,0.000493346
0.000380531,0.000491507
0.000376837,0.000489674
0.000373144,0.000487835
0.00036945,0.000485998
0.000365756,0.000484162
0.000362062,0.000482326
0.000358367,0.00048049
0.000354673,0.000478653
0.000350978,0.000476813
0.000347284,0.00047498
0.000343589,0.00047314
0.000339894,0.000471303
0.000336199,0.000469466
0.000332504,0.000467626
0.000328809,0.000465793
0.000325113,0.000463953
0.000321417,0.000462115
0.000317722,0.000460278
0.000314027,0.000458438
0.00031033,0.000456604
0.000306634,0.000454764
0.000302938,0.000452926
0.000299242,0.000451089
0.000295546,0.000449248
0.000291849,0.000447411
0.000288153,0.000445573
0.000284456,0.000443735
0.000280759,0.000441894
0.000277062,0.000440057
0.000273365,0.000438219
0.000269668,0.000436381
0.000265971,0.00043454
0.000262273,0.000432702
0.000258575,0.000430863
0.000254878,0.000429022
0.00025118,0.000427184
0.000247482,0.000425345
0.000243784,0.000423504
0.000240086,0.000421666
0.000237167,0.000425508
0.000235029,0.000424446
0.00023289,0.000423388
0.000230751,0.000422329
0.000228612,0.000421267
0.000226473,0.000420208
0.000224334,0.00041915
0.000222194,0.000418088
0.000220055,0.000417029
0.000217916,0.000415967
0.000215776,0.000414908
0.000213637,0.000413849
0.000211497,0.000412787
0.000209357,0.000411724
0.000207218,0.000410669
0.000205078,0.000409606
0.000202938,0.000408544
0.000200798,0.000407485
0.000200508,0.000402673
0.000202069,0.00040346
0.00020363,0.000404248
0.00020519,0.000405039
0.00020675,0.00040583
0.000208311,0.000406617
0.000209871,0.000407408
0.000211432,0.000408196
0.000212993,0.000408987
0.000214554,0.000409775
0.000216115,0.000410566
0.000217676,0.000411354
0.000219236,0.000412145
0.000220797,0.000412933
0.000222358,0.00041372
0.00022392,0.000414512
0.000225481,0.000415303
0.000227042,0.000416091
0.000228603,0.000416879
0.000230164,0.00041767
0.000231725,0.000418458
0.000233287,0.000419249
0.000234067,0.000417291
0.000234067,0.000417302
0.000234067,0.000417309
0.000234067,0.000417316
0.000234067,0.000417327
0.000234067,0.000417334
0.000234067,0.000417341
0.000234067,0.000417352
0.000234067,0.000417359
0.000234067,0.00041737
0.000234067,0.000417377
0.000234067,0.000417384
0.000234067,0.000417395
0.000234067,0.000417402
0.000234067,0.000417409
0.000234067,0.00041742
0.000234067,0.000417427
0.000234067,0.000417434
0.000234067,0.000417441
0.000234067,0.000417455
0.000234067,0.000417455
0.000234067,0.00041747
0.000234067,0.000417477
0.000234067,0.000417484
0.000234067,0.000417491
0.000234067,0.000417498
0.000234067,0.000417513
0.000234067,0.000417513
0.000234067,0.000417527
0.000234067,0.000417534
0.000234067,0.000417541
0.000234067,0.000417548
0.000234067,0.000417556
0.000234067,0.000417563
0.000234067,0.00041757
0.000234067,0.000417584
0.000234067,0.000417584
0.000234067,0.000417598
0.000234067,0.000417598
0.000234067,0.000417613
0.000234067,0.00041762
0.000234067,0.000417627
0.000234067,0.000417634
0.000234067,0.000417641
0.000234067,0.000417656
0.000234067,0.000417656
0.000234067,0.000417663
0.000234067,0.000417677
0.000234067,0.000417677
0.000234067,0.000417691
0.000234067,0.000417691
0.000234067,0.000417706
0.000234067,0.000417713
0.000234067,0.000417713
0.000234067,0.000417727
0.000234067,0.000417734
0.000234067,0.000417742
0.000234067,0.000417749
0.000234067,0.000417756
0.000234067,0.000417763
0.000234067,0.00041777
0.000234067,0.000417777
0.000234067,0.000417784
0.000234067,0.000417792
0.000234067,0.000417799
0.000234067,0.000417806
0.000234067,0.000417813
0.000234067,0.00041782
0.000234067,0.000417827
0.000234067,0.000417835
0.000234067,0.000417849
0.000234067,0.000417849
0.000234067,0.000417849
0.000234067,0.00041787
0.000234067,0.00041787
0.000234067,0.000417877
0.000234067,0.000417885
0.000234067,0.000417892
0.000234067,0.000417899
0.000234067,0.000417906
0.000234067,0.000417913
0.000234067,0.00041792
0.000234067,0.000417928
0.000234067,0.000417928
0.000234067,0.000417935
0.000234067,0.000417949
0.000234067,0.000417956
0.000234067,0.000417956
0.000234067,0.00041797
0.000234067,0.000417978
0.000234067,0.000417978
0.000234067,0.000417985
0.000234067,0.000417992
0.000234067,0.000417999
0.000234067,0.000418013
0.000234067,0.000418006
0.000234067,0.000418028
0.000234067,0.00041802
0.000234067,0.000418035
0.000234067,0.000418042
0.000234067,0.000418042
0.000234067,0.000418049
0.000234067,0.000418063
0.000234067,0.000418063
0.000234067,0.000418078
0.000234067,0.000418071
0.000234067,0.000418085
0.000234067,0.000418092
0.000234067,0.000418099
0.000234067,0.000418099
0.000234646,0.000418193
0.000235803,0.000418771
0.00023696,0.000419357
0.000238117,0.000419942
0.000239274,0.000420528
0.000240431,0.000421114
0.000241588,0.0004217
0.000242745,0.000422278
0.000243902,0.000422864
0.000245059,0.000423449
0.000246216,0.000424035
0.000247373,0.000424621
0.000248531,0.000425207
0.000249688,0.000425792
0.000250845,0.000426364
0.000252002,0.000426964
0.00025316,0.000427535
0.000254317,0.000428128
0.000255474,0.000428714
0.000256632,0.0004293
0.000257789,0.000429871
0.000258946,0.000430472
0.000260104,0.00043105
0.000261261,0.000431629
0.000262419,0.000432222
0.000263576,0.000432801
0.000264734,0.000433387
0.000265891,0.000433973
0.000267049,0.000434551
0.000268206,0.000435144
0.000269364,0.000435723
0.000270521,0.000436309
0.000271679,0.000436895
0.000272837,0.000437474
0.000273994,0.00043806
0.000275152,0.000438653
0.00027631,0.000439225
0.000277467,0.000439818
0.000278625,0.000440404
0.000279783,0.000440976
0.000280941,0.000441569
0.000282098,0.000442155
0.000283256,0.000442734
0.000284414,0.00044332
0.000285572,0.000443906
0.00028673,0.000444492
0.000287888,0.000445064
0.000289046,0.000445664
0.000290204,0.000446243
0.000291362,0.000446822
0.00029252,0.000447408
0.000293678,0.000447995
0.000294836,0.000448574
0.000295994,0.000449167
0.000297152,0.000449746
0.00029831,0.000450325
0.000299468,0.000450918
0.000300626,0.000451505
0.000301784,0.000452077
0.000302943,0.00045267
0.000304101,0.000453249
0.000305259,0.000453835
0.000306417,0.000454414
0.000307575,0.000455008
0.000308734,0.00045558
0.000309892,0.000456173
0.00031105,0.000456759
0.000312209,0.000457332
0.000313367,0.000457918
0.000314525,0.000458511
0.000315684,0.000459091
0.000316842,0.000459677
0.000318001,0.000460249
0.000319159,0.00046085
0.000320317,0.000461429
0.000321476,0.000462001
0.000322634,0.000462594
0.000323793,0.000463181
0.000324951,0.000463753
0.00032611,0.000464346
0.000327268,0.000464933
0.000328427,0.000465512
0.000329586,0.000466099
0.000330744,0.000466671
0.000331903,0.000467264
0.000333062,0.000467851
0.00033422,0.00046843
0.000335378,0.000469009
0.000336537,0.000469603
0.000337696,0.000470175
0.000338855,0.000470769
0.000340014,0.000471348
0.000341172,0.000471935
0.000342331,0.000472514
0.00034349,0.000473101
0.000344649,0.00047368
0.000345807,0.000474267
0.000346966,0.000474853
0.000348125,0.000475433
0.000349284,0.000476012
0.000350443,0.000476599
0.000351602,0.000477193
0.000352761,0.000477765
0.00035392,0.000478352
0.000355078,0.000478931
0.000356237,0.000479525
0.000357397,0.000480097
0.000358556,0.000480691
0.000359715,0.00048127
0.000360874,0.000481835
0.000362033,0.000482444
0.000363191,0.000483009
0.000364351,0.000483603
0.00036551,0.000484197
0.000366669,0.000484762
0.000367828,0.000485356
0.000368987,0.000485935
0.000370146,0.000486515
0.000371305,0.000487094
0.000372464,0.000487688
0.000373623,0.000488268
0.000374783,0.000488847
0.000375942,0.000489441
0.000377101,0.000490007
0.00037826,0.0004906
0.00037942,0.00049118
0.000380579,0.000491774
0.000381738,0.000492339
0.000382897,0.000492933
0.000384057,0.000493513
0.000385216,0.000494107
0.000386375,0.000494686
0.000387535,0.000495266
0.000388694,0.000495846
0.000389853,0.000496425
0.000391013,0.000497005
0.000392172,0.000497599
0.000393332,0.000498179
0.000394491,0.000498773
0.00039565,0.000499338
0.00039681,0.000499932
0.000397969,0.000500498
0.000399129,0.000501106
0.000400288,0.000501672
0.000401448,0.000502251
0.000402607,0.000502845
0.000403767,0.000503425
0.000404926,0.000504019
0.000406086,0.000504585
0.000407245,0.000505164
0.000408405,0.000505759
0.000409564,0.000506338
0.000410724,0.000506932
0.000411884,0.000507498
0.000413043,0.000508092
0.000414203,0.000508672
0.000415362,0.000509237
0.000416522,0.000509846
0.000417682,0.000510411
0.000418841,0.000511005
0.000420001,0.000511585
0.000421161,0.000512151
0.000422321,0.000512759
0.00042348,0.000513325
0.00042464,0.000513904
0.0004258,0.000514499
0.000426959,0.000515078
0.000428119,0.000515658
0.000429279,0.000516238
0.000430438,0.000516832
0.000431598,0.000517398
0.000432758,0.000517992
0.000433918,0.000518572
0.000435077,0.000519152
0.000436237,0.000519732
0.000437397,0.000520326
0.000438557,0.000520892
0.000439717,0.000521486
0.000440877,0.000522066
0.000442037,0.000522646
0.000443196,0.00052324
0.000444356,0.000523805
0.000445516,0.0005244
0.000446676,0.000524965
0.000447836,0.00052556
0.000448996,0.00052614
0.000450155,0.000526719
0.000451315,0.000527314
0.000452475,0.000527879
0.000453635,0.000528474
0.000454795,0.000529039
0.000455955,0.000529648
0.000457115,0.000530214
0.000458275,0.000530793
0.000459435,0.000531374
0.000460595,0.000531968
0.000461755,0.000532534
0.000462915,0.000533128
0.000464075,0.000533708
0.000465235,0.000534288
0.000466395,0.000534868
0.000467555,0.000535448
0.000468715,0.000536042
0.000469875,0.000536608
0.000471035,0.000537202
0.000472195,0.000537782
0.000473355,0.000538348
0.000474515,0.000538942
0.000475675,0.000539537
0.000476835,0.000540102
0.000477995,0.000540682
0.000479155,0.000541277
0.000480315,0.000541842
0.000481476,0.000542422
0.000482636,0.000543031
0.000483796,0.000543582
0.000484956,0.000544177
0.000486116,0.000544757
0.000487276,0.000545337
0.000488436,0.000545931
0.000489596,0.000546497
0.000490756,0.000547091
0.000491917,0.000547657
0.000493077,0.000548252
0.000494237,0.000548832
0.000495397,0.000549412
0.000496557,0.000549978
0.000497717,0.000550586
0.000498878,0.000551138
0.000500038,0.000551746
0.000501198,0.000552312
0.000502358,0.000552892
0.000503519,0.000553487
0.000504679,0.000554053
0.000505839,0.000554647
0.000506999,0.000555227
0.000508159,0.000555793
0.00050932,0.000556387
0.00051048,0.000556968
0.00051164,0.000557547
0.0005128,0.000558128
0.00051396,0.000558708
0.000515121,0.000559288
0.000516281,0.000559868
0.000517441,0.000560448
0.000518602,0.000561043
0.000519762,0.000561608
0.000520922,0.000562189
0.000522082,0.000562783
0.000523242,0.000563349
0.000524402,0.000563943
0.000525563,0.000564523
0.000526723,0.000565089
0.000527883,0.000565683
0.000529044,0.000566264
0.000530204,0.000566844
0.000531364,0.000567424
0.000532524,0.000568004
0.000533685,0.00056857
0.000534845,0.000569165
0.000536005,0.000569759
0.000537166,0.00057031
0.000538326,0.000570905
0.000539487,0.000571499
0.000540647,0.000572051
0.000541807,0.00057266
0.000542967,0.000573225
0.000544127,0.00057382
0.000545288,0.000574371
0.000546448,0.00057498
0.000547608,0.000575546
0.000548769,0.000576126
0.000549929,0.000576721
0.000551089,0.000577286
0.000552249,0.000577881
0.00055341,0.000578447
0.00055457,0.000579027
0.00055573,0.000579621
0.000556891,0.000580187
0.000558051,0.000580767
0.000559211,0.000581362
0.000560371,0.000581928
0.000561532,0.000582508
0.000562692,0.000583088
0.000563874,0.000594886
0.0005651,0.000607078
0.000566371,0.000619622
0.000567688,0.000632545
0.000569053,0.00064585
0.000570467,0.000659552
0.000571932,0.000673636
0.000573449,0.000688104
0.00057502,0.000702984
0.000576645,0.000718235
0.000578327,0.000733899
0.000580066,0.000749965
0.000581865,0.000766389
0.000583723,0.000783243
0.000585644,0.000800442
0.000587628,0.00081806
0.000589677,0.000836038
0.000591791,0.000854378
0.000593972,0.00087308
0.000596222,0.000892117
0.000598541,0.000911517
0.000600931,0.000931196
0.000603392,0.000951225
0.000605926,0.000971504
0.000608534,0.000992064
0.000611216,0.00101286
0.000613974,0.00103391
0.000616807,0.00105512
0.000619717,0.00107654
0.000622703,0.00109807
0.000625767,0.00111973
0.000628909,0.00114146
0.000632128,0.00116324
0.000635424,0.00118504
0.000638798,0.00120678
0.000642248,0.00122848
0.000645775,0.00125007
0.000649378,0.0012715
0.000653056,0.00129272
0.000656808,0.00131373
0.000660633,0.00133441
0.000664529,0.0013548
0.000668496,0.00137478
0.000672531,0.00139433
0.000676633,0.00141341
0.000680798,0.00143196
0.000685026,0.00144993
0.000689313,0.0014673
0.000693658,0.00148396
0.000698057,0.00149994
0.000702508,0.00151515
0.000707007,0.00152955
0.000711551,0.00154313
0.000716136,0.00155582
0.00072076,0.00156759
0.000725419,0.00157841
0.000730108,0.00158825
0.000734823,0.00159707
0.000739562,0.0016049
0.00074432,0.00161162
0.000749093,0.00161729
0.000753876,0.00162189
0.000758665,0.000378135
0.000452828,0.000524732
0.000452828,0.000524744
0.000452828,0.000524757
0.000452828,0.000524769
0.000452828,0.000524782
0.000452828,0.000524794
0.000452828,0.000524807
0.000452828,0.000524819
0.000452828,0.000524831
0.000452828,0.000524844
0.000452828,0.000524856
0.000452828,0.000524869
0.000452828,0.000524881
0.000452828,0.000524893
0.000452828,0.000524905
0.000452828,0.000524918
0.000452828,0.00052493
0.000452828,0.000524942
0.000452828,0.000524954
0.000452828,0.000524966
0.000452828,0.000524978
0.000452828,0.000524991
0.000452828,0.000525003
0.000452828,0.000525015
0.000452828,0.000525027
0.000452828,0.000525039
0.000452828,0.000525051
0.000452828,0.000525063
0.000452828,0.000525075
0.000452828,0.000525087
0.000452828,0.000525098
0.000452828,0.000525111
0.000452828,0.000525122
0.000452828,0.000525134
0.000452828,0.000525147
0.000452828,0.000525157
0.000452828,0.00052517
0.000452828,0.000525182
0.000452828,0.000525193
0.000452828,0.000525205
0.000452828,0.000525217
0.000452828,0.000525228
0.000452828,0.00052524
0.000452828,0.000525252
0.000452828,0.000525264
0.000452828,0.000525275
0.000452828,0.000525286
0.000452828,0.000525298
0.000452828,0.00052531
0.000452828,0.000525322
0.000452828,0.000525333
0.000452828,0.000525344
0.000452828,0.000525355
0.000452828,0.000525367
0.000452828,0.000525378
0.000452828,0.000525391
0.000452828,0.000525401
0.000452828,0.000525412
0.000452828,0.000525423
0.000452828,0.000525437
0.000452828,0.000525446
0.000452828,0.000525457
0.000452828,0.000525469
0.000452828,0.00052548
0.000452828,0.000525491
0.000452828,0.000525503
0.000452828,0.000525514
0.000452828,0.000525525
0.000452828,0.000525535
0.000452828,0.000525548
0.000452828,0.000525559
0.000452828,0.000525569
0.000452828,0.000525578
0.000452828,0.000525593
0.000452828,0.000525602
0.000452828,0.000525612
0.000452828,0.000525625
0.000452828,0.000525636
0.000452828,0.000525646
0.000452828,0.000525657
0.000452828,0.000525666
0.000452828,0.00052568
0.000452828,0.000525689
0.000452828,0.0005257
0.000452828,0.000525711
0.000450981,0.000526674
0.000447287,0.000524838
0.000443594,0.000523002
0.0004399,0.000521168
0.000436206,0.00051933
0.000432512,0.000517493
0.000428818,0.000515656
0.000425123,0.000513821
0.000421428,0.000511984
0.000417733,0.000510147
0.000414039,0.000508311
0.000410344,0.000506472
0.000406649,0.000504638
0.000402954,0.000502799
0.000399259,0.000500962
0.000395563,0.000499124
0.000391868,0.000497288
0.000388172,0.000495451
0.000384476,0.000493614
0.000380781,0.000491774
0.000377085,0.00048994
0.000373389,0.000488099
0.000369692,0.000486262
0.000365995,0.000484424
0.000362299,0.000482587
0.000358602,0.000480749
0.000354905,0.000478911
0.000351208,0.00047707
0.000347511,0.000475236
0.000343814,0.000473395
0.000340117,0.000471557
0.00033642,0.000469719
0.000332722,0.000467877
0.000329024,0.000466043
0.000325327,0.000464201
0.000321629,0.000462363
0.000317931,0.000460525
0.000314232,0.000458683
0.000310535,0.000456848
0.000306836,0.000455007
0.000303137,0.000453168
0.000299439,0.000451329
0.00029574,0.000449487
0.000292041,0.000447648
0.000288342,0.00044581
0.000284643,0.000443971
0.000280944,0.000442128
0.000277244,0.00044029
0.000273544,0.00043845
0.000269845,0.000436611
0.000266145,0.000434769
0.000262445,0.00043293
0.000258745,0.000431091
0.000255045,0.000429248
0.000251345,0.000427408
0.000247645,0.000425569
0.000243944,0.000423726
0.000240244,0.000421887
0.000237323,0.000425808
0.000235183,0.000424745
0.000233043,0.000423686
0.000230902,0.000422626
0.000228762,0.000421564
0.000226621,0.000420504
0.000224481,0.000419445
0.00022234,0.000418382
0.000220199,0.000417323
0.000218058,0.000416259
0.000215918,0.0004152
0.000213777,0.00041414
0.000211636,0.000413077
0.000209495,0.000412014
0.000207354,0.000410958
0.000205213,0.000409895
0.000203071,0.000408832
0.00020093,0.000407772
0.00020064,0.000402634
0.000202201,0.000403422
0.000203763,0.00040421
0.000205324,0.000405002
0.000206886,0.000405794
0.000208448,0.000406581
0.000210009,0.000407373
0.000211571,0.000408161
0.000213133,0.000408953
0.000214695,0.000409741
0.000216256,0.000410533
0.000217819,0.000411321
0.000219381,0.000412113
0.000220942,0.000412901
0.000222504,0.000413689
0.000224066,0.000414481
0.000225629,0.000415273
0.000227191,0.000416061
0.000228753,0.00041685
0.000230315,0.000417641
0.000231878,0.00041843
0.00023344,0.000419222
0.000234221,0.000417368
0.000234221,0.000417379
0.000234221,0.000417386
0.000234221,0.000417393
0.000234221,0.000417404
0.000234221,0.000417411
0.000234221,0.000417418
0.000234221,0.000417429
0.000234221,0.000417436
0.000234221,0.000417446
0.000234221,0.000417454
0.000234221,0.000417461
0.000234221,0.000417472
0.000234221,0.000417479
0.000234221,0.000417486
0.000234221,0.000417497
0.000234221,0.000417504
0.000234221,0.000417511
0.000234221,0.000417518
0.000234221,0.000417532
0.000234221,0.000417532
0.000234221,0.000417547
0.000234221,0.000417554
0.000234221,0.000417561
0.000234221,0.000417568
0.000234221,0.000417575
0.000234221,0.00041759
0.000234221,0.00041759
0.000234221,0.000417604
0.000234221,0.000417611
0.000234221,0.000417618
0.000234221,0.000417625
0.000234221,0.000417632
0.000234221,0.00041764
0.000234221,0.000417647
0.000234221,0.000417661
0.000234221,0.000417661
0.000234221,0.000417675
0.000234221,0.000417675
0.000234221,0.00041769
0.000234221,0.000417697
0.000234221,0.000417704
0.000234221,0.000417711
0.000234221,0.000417718
0.000234221,0.000417733
0.000234221,0.000417733
0.000234221,0.00041774
0.000234221,0.000417754
0.000234221,0.000417754
0.000234221,0.000417768
0.000234221,0.000417768
0.000234221,0.000417783
0.000234221,0.00041779
0.000234221,0.00041779
0.000234221,0.000417804
0.000234221,0.000417811
0.000234221,0.000417818
0.000234221,0.000417826
0.000234221,0.000417833
0.000234221,0.00041784
0.000234221,0.000417847
0.000234221,0.000417854
0.000234221,0.000417861
0.000234221,0.000417868
0.000234221,0.000417876
0.000234221,0.000417883
0.000234221,0.00041789
0.000234221,0.000417897
0.000234221,0.000417904
0.000234221,0.000417911
0.000234221,0.000417926
0.000234221,0.000417926
0.000234221,0.000417926
0.000234221,0.000417947
0.000234221,0.000417947
0.000234221,0.000417954
0.000234221,0.000417961
0.000234221,0.000417969
0.000234221,0.000417976
0.000234221,0.000417983
0.000234221,0.00041799
0.000234221,0.000417997
0.000234221,0.000418004
0.000234221,0.000418004
0.000234221,0.000418012
0.000234221,0.000418026
0.000234221,0.000418033
0.000234221,0.000418033
0.000234221,0.000418047
0.000234221,0.000418054
0.000234221,0.000418054
0.000234221,0.000418062
0.000234221,0.000418069
0.000234221,0.000418076
0.000234221,0.00041809
0.000234221,0.000418083
0.000234221,0.000418105
0.000234221,0.000418097
0.000234221,0.000418112
0.000234221,0.000418119
0.000234221,0.000418119
0.000234221,0.000418126
0.000234221,0.00041814
0.000234221,0.00041814
0.000234221,0.000418155
0.000234221,0.000418147
0.000234221,0.000418162
0.000234221,0.000418169
0.000234221,0.000418176
0.000234221,0.000418176
0.0002348,0.000418284
0.000235958,0.000418862
0.000237115,0.000419448
0.000238273,0.000420034
0.000239431,0.00042062
0.000240589,0.000421206
0.000241746,0.000421792
0.000242904,0.000422371
0.000244062,0.000422957
0.00024522,0.000423543
0.000246378,0.00042413
0.000247536,0.000424716
0.000248694,0.000425302
0.000249852,0.000425888
0.00025101,0.00042646
0.000252168,0.00042706
0.000253326,0.000427632
0.000254484,0.000428225
0.000255642,0.000428812
0.0002568,0.000429398
0.000257958,0.00042997
0.000259116,0.00043057
0.000260274,0.000431149
0.000261433,0.000431728
0.000262591,0.000432322
0.000263749,0.000432901
0.000264907,0.000433487
0.000266066,0.000434074
0.000267224,0.000434653
0.000268382,0.000435246
0.000269541,0.000435825
0.000270699,0.000436412
0.000271857,0.000436998
0.000273016,0.000437577
0.000274174,0.000438163
0.000275333,0.000438757
0.000276491,0.000439329
0.000277649,0.000439923
0.000278808,0.000440509
0.000279967,0.000441081
0.000281125,0.000441675
0.000282284,0.000442261
0.000283442,0.00044284
0.000284601,0.000443427
0.000285759,0.000444013
0.000286918,0.0004446
0.000288077,0.000445172
0.000289236,0.000445773
0.000290394,0.000446352
0.000291553,0.000446932
0.000292712,0.000447518
0.00029387,0.000448105
0.000295029,0.000448684
0.000296188,0.000449278
0.000297347,0.000449857
0.000298506,0.000450437
0.000299665,0.00045103
0.000300824,0.000451617
0.000301983,0.000452189
0.000303141,0.000452783
0.0003043,0.000453363
0.000305459,0.000453949
0.000306618,0.000454529
0.000307777,0.000455122
0.000308936,0.000455695
0.000310095,0.000456289
0.000311254,0.000456875
0.000312414,0.000457448
0.000313573,0.000458034
0.000314732,0.000458628
0.000315891,0.000459208
0.00031705,0.000459794
0.000318209,0.000460367
0.000319368,0.000460968
0.000320528,0.000461548
0.000321687,0.00046212
0.000322846,0.000462714
0.000324005,0.000463301
0.000325165,0.000463873
0.000326324,0.000464467
0.000327483,0.000465054
0.000328643,0.000465634
0.000329802,0.000466221
0.000330961,0.000466793
0.000332121,0.000467387
0.00033328,0.000467974
0.00033444,0.000468553
0.000335599,0.000469133
0.000336758,0.000469727
0.000337918,0.0004703
0.000339077,0.000470894
0.000340237,0.000471474
0.000341396,0.00047206
0.000342556,0.00047264
0.000343715,0.000473227
0.000344875,0.000473807
0.000346034,0.000474394
0.000347194,0.000474981
0.000348354,0.000475561
0.000349514,0.00047614
0.000350673,0.000476728
0.000351833,0.000477322
0.000352992,0.000477894
0.000354152,0.000478481
0.000355312,0.000479061
0.000356472,0.000479656
0.000357631,0.000480228
0.000358791,0.000480822
0.000359951,0.000481402
0.00036111,0.000481968
0.00036227,0.000482576
0.00036343,0.000483142
0.00036459,0.000483736
0.00036575,0.00048433
0.000366909,0.000484896
0.000368069,0.00048549
0.000369229,0.00048607
0.000370389,0.00048665
0.000371549,0.00048723
0.000372709,0.000487824
0.000373869,0.000488404
0.000375029,0.000488984
0.000376189,0.000489578
0.000377349,0.000490144
0.000378509,0.000490738
0.000379669,0.000491318
0.000380829,0.000491912
0.000381989,0.000492478
0.000383149,0.000493073
0.000384309,0.000493653
0.000385469,0.000494247
0.000386629,0.000494827
0.000387789,0.000495407
0.000388949,0.000495987
0.000390109,0.000496567
0.000391269,0.000497147
0.00039243,0.000497742
0.00039359,0.000498322
0.00039475,0.000498916
0.00039591,0.000499482
0.00039707,0.000500076
0.00039823,0.000500642
0.000399391,0.000501251
0.000400551,0.000501816
0.000401711,0.000502397
0.000402871,0.000502991
0.000404032,0.000503571
0.000405192,0.000504166
0.000406352,0.000504732
0.000407513,0.000505312
0.000408673,0.000505906
0.000409833,0.000506486
0.000410994,0.000507081
0.000412154,0.000507647
0.000413314,0.000508241
0.000414475,0.000508821
0.000415635,0.000509387
0.000416795,0.000509996
0.000417956,0.000510562
0.000419116,0.000511156
0.000420277,0.000511737
0.000421437,0.000512303
0.000422597,0.000512911
0.000423758,0.000513477
0.000424918,0.000514058
0.000426079,0.000514652
0.00042724,0.000515232
0.0004284,0.000515813
0.00042956,0.000516393
0.000430721,0.000516987
0.000431881,0.000517553
0.000433042,0.000518148
0.000434202,0.000518728
0.000435363,0.000519308
0.000436523,0.000519889
0.000437684,0.000520483
0.000438845,0.000521049
0.000440005,0.000521644
0.000441166,0.000522224
0.000442326,0.000522804
0.000443487,0.000523399
0.000444648,0.000523965
0.000445809,0.00052456
0.000446969,0.000525126
0.000448129,0.00052572
0.00044929,0.000526301
0.000450451,0.000526881
0.000451612,0.000527476
0.000452772,0.000528042
0.000453933,0.000528636
0.000455094,0.000529202
0.000456254,0.000529811
0.000457415,0.000530377
0.000458576,0.000530958
0.000459737,0.000531538
0.000460897,0.000532133
0.000462058,0.000532699
0.000463219,0.000533293
0.00046438,0.000533874
0.00046554,0.000534454
0.000466701,0.000535035
0.000467862,0.000535615
0.000469023,0.00053621
0.000470184,0.000536776
0.000471344,0.00053737
0.000472505,0.000537951
0.000473666,0.000538517
0.000474827,0.000539112
0.000475987,0.000539706
0.000477148,0.000540272
0.000478309,0.000540853
0.00047947,0.000541448
0.000480631,0.000542014
0.000481792,0.000542594
0.000482953,0.000543203
0.000484114,0.000543755
0.000485274,0.00054435
0.000486435,0.00054493
0.000487596,0.000545511
0.000488757,0.000546106
0.000489918,0.000546672
0.000491079,0.000547266
0.00049224,0.000547832
0.000493401,0.000548427
0.000494562,0.000549008
0.000495723,0.000549588
0.000496883,0.000550154
0.000498044,0.000550763
0.000499205,0.000551315
0.000500366,0.000551924
0.000501527,0.00055249
0.000502688,0.000553071
0.000503849,0.000553666
0.00050501,0.000554232
0.000506171,0.000554827
0.000507332,0.000555407
0.000508493,0.000555973
0.000509654,0.000556568
0.000510815,0.000557148
0.000511976,0.000557729
0.000513137,0.00055831
0.000514298,0.00055889
0.000515459,0.000559471
0.00051662,0.000560051
0.000517781,0.000560632
0.000518942,0.000561227
0.000520103,0.000561792
0.000521264,0.000562373
0.000522425,0.000562968
0.000523586,0.000563534
0.000524747,0.000564129
0.000525908,0.00056471
0.000527069,0.000565276
0.00052823,0.000565871
0.000529391,0.000566451
0.000530552,0.000567031
0.000531713,0.000567612
0.000532874,0.000568193
0.000534035,0.000568759
0.000535196,0.000569354
0.000536357,0.000569948
0.000537518,0.0005705
0.000538679,0.000571095
0.00053984,0.00057169
0.000541001,0.000572242
0.000542162,0.000572851
0.000543323,0.000573417
0.000544485,0.000574012
0.000545646,0.000574564
0.000546807,0.000575173
0.000547968,0.000575739
0.000549129,0.00057632
0.00055029,0.000576915
0.000551451,0.000577481
0.000552612,0.000578076
0.000553773,0.000578642
0.000554934,0.000579223
0.000556095,0.000579817
0.000557256,0.000580384
0.000558417,0.000580964
0.000559578,0.000581559
0.000560739,0.000582125
0.000561901,0.000582706
0.000563062,0.000583286
0.000564244,0.000595086
0.00056547,0.000607278
0.000566742,0.000619823
0.00056806,0.000632747
0.000569426,0.000646054
0.000570842,0.000659756
0.000572308,0.000673841
0.000573826,0.00068831
0.000575397,0.000703191
0.000577024,0.000718443
0.000578706,0.00073411
0.000580447,0.000750176
0.000582246,0.000766601
0.000584106,0.000783457
0.000586028,0.000800658
0.000588014,0.000818276
0.000590064,0.000836256
0.000592179,0.000854598
0.000594362,0.000873301
0.000596614,0.00089234
0.000598934,0.000911742
0.000601325,0.000931421
0.000603788,0.000951452
0.000606325,0.000971733
0.000608934,0.000992295
0.000611618,0.00101309
0.000614377,0.00103414
0.000617212,0.00105536
0.000620124,0.00107677
0.000623112,0.00109831
0.000626178,0.00111997
0.000629322,0.0011417
0.000632543,0.00116348
0.000635841,0.00118529
0.000639216,0.00120703
0.000642669,0.00122873
0.000646199,0.00125032
0.000649805,0.00127176
0.000653485,0.00129298
0.00065724,0.00131399
0.000661068,0.00133467
0.000664967,0.00135506
0.000668935,0.00137504
0.000672972,0.0013946
0.000677076,0.00141368
0.000681245,0.00143223
0.000685476,0.0014502
0.000689766,0.00146757
0.000694114,0.00148424
0.000698516,0.00150023
0.000702969,0.00151543
0.000707471,0.00152984
0.000712018,0.00154342
0.000716607,0.0015561
0.000721234,0.00156788
0.000725895,0.0015787
0.000730587,0.00158854
0.000735306,0.00159736
0.000740048,0.00160519
0.000744809,0.00161192
0.000749584,0.0016176
0.00075437,0.00162219
0.000759163,0.000378383
0.00045311,0.000524873
0.00045311,0.000524886
0.00045311,0.000524898
0.00045311,0.000524911
0.00045311,0.000524923
0.00045311,0.000524935
0.00045311,0.000524948
0.00045311,0.00052496
0.00045311,0.000524973
0.00045311,0.000524985
0.00045311,0.000524997
0.00045311,0.00052501
0.00045311,0.000525022
0.00045311,0.000525034
0.00045311,0.000525046
0.00045311,0.000525059
0.00045311,0.000525071
0.00045311,0.000525083
0.00045311,0.000525096
0.00045311,0.000525107
0.00045311,0.00052512
0.00045311,0.000525132
0.00045311,0.000525144
0.00045311,0.000525156
0.00045311,0.000525168
0.00045311,0.00052518
0.00045311,0.000525192
0.00045311,0.000525204
0.00045311,0.000525216
0.00045311,0.000525228
0.00045311,0.00052524
0.00045311,0.000525252
0.00045311,0.000525264
0.00045311,0.000525275
0.00045311,0.000525288
0.00045311,0.000525299
0.00045311,0.000525311
0.00045311,0.000525324
0.00045311,0.000525334
0.00045311,0.000525346
0.00045311,0.000525358
0.00045311,0.000525369
0.00045311,0.000525381
0.00045311,0.000525393
0.00045311,0.000525405
0.00045311,0.000525417
0.00045311,0.000525427
0.00045311,0.000525439
0.00045311,0.000525451
0.00045311,0.000525463
0.00045311,0.000525474
0.00045311,0.000525485
0.00045311,0.000525496
0.00045311,0.000525509
0.00045311,0.000525519
0.00045311,0.000525532
0.00045311,0.000525543
0.00045311,0.000525553
0.00045311,0.000525564
0.00045311,0.000525578
0.00045311,0.000525587
0.00045311,0.000525598
0.00045311,0.000525611
0.00045311,0.000525621
0.00045311,0.000525632
0.00045311,0.000525645
0.00045311,0.000525655
0.00045311,0.000525666
0.00045311,0.000525677
0.00045311,0.000525689
0.00045311,0.0005257
0.00045311,0.000525711
0.00045311,0.00052572
0.00045311,0.000525734
0.00045311,0.000525743
0.00045311,0.000525754
0.00045311,0.000525766
0.00045311,0.000525777
0.00045311,0.000525788
0.00045311,0.000525798
0.00045311,0.000525807
0.00045311,0.000525822
0.00045311,0.000525831
0.00045311,0.000525841
0.00045311,0.000525852
0.000451262,0.000526968
0.000447566,0.000525131
0.00044387,0.000523293
0.000440174,0.000521458
0.000436478,0.000519619
0.000432781,0.000517782
0.000429085,0.000515942
0.000425388,0.000514107
0.000421692,0.000512269
0.000417995,0.000510432
0.000414298,0.000508593
0.000410601,0.000506754
0.000406903,0.000504918
0.000403205,0.000503078
0.000399508,0.00050124
0.00039581,0.0004994
0.000392112,0.000497564
0.000388414,0.000495726
0.000384716,0.000493888
0.000381018,0.000492046
0.000377319,0.000490211
0.000373621,0.000488369
0.000369923,0.00048653
0.000366224,0.000484692
0.000362525,0.000482853
0.000358826,0.000481015
0.000355127,0.000479176
0.000351428,0.000477333
0.000347728,0.000475498
0.000344029,0.000473655
0.000340329,0.000471817
0.00033663,0.000469977
0.00033293,0.000468135
0.00032923,0.000466299
0.000325529,0.000464456
0.000321829,0.000462617
0.000318129,0.000460778
0.000314429,0.000458935
0.000310728,0.000457099
0.000307027,0.000455255
0.000303327,0.000453416
0.000299626,0.000451576
0.000295925,0.000449733
0.000292223,0.000447893
0.000288522,0.000446053
0.00028482,0.000444213
0.000281119,0.00044237
0.000277417,0.00044053
0.000273715,0.00043869
0.000270013,0.000436849
0.000266311,0.000435006
0.000262609,0.000433165
0.000258906,0.000431325
0.000255204,0.000429481
0.000251502,0.000427641
0.000247799,0.0004258
0.000244096,0.000423956
0.000240393,0.000422115
0.000237471,0.000426106
0.00023533,0.000425043
0.000233188,0.000423983
0.000231046,0.000422923
0.000228904,0.00042186
0.000226763,0.0004208
0.000224621,0.00041974
0.000222479,0.000418676
0.000220337,0.000417616
0.000218195,0.000416553
0.000216053,0.000415492
0.00021391,0.000414432
0.000211768,0.000413369
0.000209626,0.000412305
0.000207483,0.000411248
0.00020534,0.000410184
0.000203198,0.00040912
0.000201055,0.00040806
0.000200765,0.000402595
0.000202328,0.000403383
0.00020389,0.000404172
0.000205453,0.000404964
0.000207015,0.000405756
0.000208578,0.000406544
0.00021014,0.000407336
0.000211703,0.000408125
0.000213266,0.000408917
0.000214829,0.000409706
0.000216391,0.000410498
0.000217954,0.000411286
0.000219517,0.000412079
0.00022108,0.000412867
0.000222643,0.000413656
0.000224206,0.000414449
0.000225769,0.000415241
0.000227333,0.00041603
0.000228896,0.000416818
0.000230459,0.000417611
0.000232022,0.0004184
0.000233586,0.000419192
0.000234367,0.000417441
0.000234367,0.000417452
0.000234367,0.000417459
0.000234367,0.000417466
0.000234367,0.000417477
0.000234367,0.000417484
0.000234367,0.000417491
0.000234367,0.000417502
0.000234367,0.000417509
0.000234367,0.000417519
0.000234367,0.000417527
0.000234367,0.000417534
0.000234367,0.000417545
0.000234367,0.000417552
0.000234367,0.000417559
0.000234367,0.00041757
0.000234367,0.000417577
0.000234367,0.000417584
0.000234367,0.000417591
0.000234367,0.000417605
0.000234367,0.000417605
0.000234367,0.00041762
0.000234367,0.000417627
0.000234367,0.000417634
0.000234367,0.000417641
0.000234367,0.000417648
0.000234367,0.000417663
0.000234367,0.000417663
0.000234367,0.000417677
0.000234367,0.000417684
0.000234367,0.000417691
0.000234367,0.000417698
0.000234367,0.000417705
0.000234367,0.000417713
0.000234367,0.00041772
0.000234367,0.000417734
0.000234367,0.000417734
0.000234367,0.000417748
0.000234367,0.000417748
0.000234367,0.000417763
0.000234367,0.00041777
0.000234367,0.000417777
0.000234367,0.000417784
0.000234367,0.000417791
0.000234367,0.000417806
0.000234367,0.000417806
0.000234367,0.000417813
0.000234367,0.000417827
0.000234367,0.000417827
0.000234367,0.000417841
0.000234367,0.000417841
0.000234367,0.000417856
0.000234367,0.000417863
0.000234367,0.000417863
0.000234367,0.000417877
0.000234367,0.000417884
0.000234367,0.000417891
0.000234367,0.000417899
0.000234367,0.000417906
0.000234367,0.000417913
0.000234367,0.00041792
0.000234367,0.000417927
0.000234367,0.000417934
0.000234367,0.000417941
0.000234367,0.000417949
0.000234367,0.000417956
0.000234367,0.000417963
0.000234367,0.00041797
0.000234367,0.000417977
0.000234367,0.000417984
0.000234367,0.000417999
0.000234367,0.000417999
0.000234367,0.000417999
0.000234367,0.00041802
0.000234367,0.00041802
0.000234367,0.000418027
0.000234367,0.000418034
0.000234367,0.000418042
0.000234367,0.000418049
0.000234367,0.000418056
0.000234367,0.000418063
0.000234367,0.00041807
0.000234367,0.000418077
0.000234367,0.000418077
0.000234367,0.000418085
0.000234367,0.000418099
0.000234367,0.000418106
0.000234367,0.000418106
0.000234367,0.00041812
0.000234367,0.000418127
0.000234367,0.000418127
0.000234367,0.000418135
0.000234367,0.000418142
0.000234367,0.000418149
0.000234367,0.000418163
0.000234367,0.000418156
0.000234367,0.000418178
0.000234367,0.00041817
0.000234367,0.000418185
0.000234367,0.000418192
0.000234367,0.000418192
0.000234367,0.000418199
0.000234367,0.000418213
0.000234367,0.000418213
0.000234367,0.000418228
0.000234367,0.00041822
0.000234367,0.000418235
0.000234367,0.000418242
0.000234367,0.000418249
0.000234367,0.000418249
0.000234946,0.000418371
0.000236105,0.000418951
0.000237263,0.000419537
0.000238422,0.000420123
0.00023958,0.00042071
0.000240739,0.000421296
0.000241897,0.000421883
0.000243056,0.000422462
0.000244214,0.000423048
0.000245373,0.000423635
0.000246532,0.000424221
0.00024769,0.000424808
0.000248849,0.000425394
0.000250008,0.000425981
0.000251166,0.000426553
0.000252325,0.000427154
0.000253484,0.000427726
0.000254643,0.00042832
0.000255801,0.000428906
0.00025696,0.000429493
0.000258119,0.000430065
0.000259278,0.000430666
0.000260437,0.000431245
0.000261596,0.000431825
0.000262755,0.000432419
0.000263914,0.000432998
0.000265073,0.000433585
0.000266232,0.000434171
0.000267391,0.000434751
0.00026855,0.000435345
0.000269709,0.000435924
0.000270868,0.000436511
0.000272027,0.000437098
0.000273186,0.000437677
0.000274345,0.000438264
0.000275504,0.000438858
0.000276664,0.00043943
0.000277823,0.000440024
0.000278982,0.000440611
0.000280141,0.000441183
0.0002813,0.000441777
0.00028246,0.000442364
0.000283619,0.000442944
0.000284778,0.00044353
0.000285938,0.000444117
0.000287097,0.000444704
0.000288257,0.000445277
0.000289416,0.000445878
0.000290576,0.000446458
0.000291735,0.000447037
0.000292894,0.000447624
0.000294054,0.000448211
0.000295214,0.000448791
0.000296373,0.000449385
0.000297533,0.000449965
0.000298692,0.000450545
0.000299852,0.000451139
0.000301011,0.000451725
0.000302171,0.000452298
0.000303331,0.000452892
0.00030449,0.000453472
0.00030565,0.000454059
0.00030681,0.000454639
0.000307969,0.000455233
0.000309129,0.000455806
0.000310289,0.0004564
0.000311449,0.000456987
0.000312608,0.00045756
0.000313768,0.000458147
0.000314928,0.000458741
0.000316088,0.000459321
0.000317248,0.000459908
0.000318408,0.000460481
0.000319568,0.000461082
0.000320728,0.000461662
0.000321887,0.000462235
0.000323047,0.000462829
0.000324207,0.000463417
0.000325367,0.000463989
0.000326527,0.000464584
0.000327687,0.000465171
0.000328848,0.000465751
0.000330008,0.000466338
0.000331168,0.000466911
0.000332328,0.000467505
0.000333488,0.000468093
0.000334648,0.000468673
0.000335808,0.000469253
0.000336968,0.000469847
0.000338128,0.00047042
0.000339289,0.000471014
0.000340449,0.000471595
0.000341609,0.000472182
0.00034277,0.000472762
0.00034393,0.000473349
0.00034509,0.000473929
0.00034625,0.000474517
0.000347411,0.000475104
0.000348571,0.000475684
0.000349731,0.000476264
0.000350892,0.000476852
0.000352052,0.000477446
0.000353213,0.000478019
0.000354373,0.000478607
0.000355533,0.000479187
0.000356694,0.000479781
0.000357854,0.000480354
0.000359015,0.000480949
0.000360175,0.000481529
0.000361336,0.000482095
0.000362496,0.000482704
0.000363657,0.00048327
0.000364817,0.000483864
0.000365978,0.000484459
0.000367138,0.000485025
0.000368299,0.000485619
0.00036946,0.0004862
0.00037062,0.00048678
0.000371781,0.000487361
0.000372941,0.000487955
0.000374102,0.000488535
0.000375263,0.000489116
0.000376423,0.00048971
0.000377584,0.000490276
0.000378744,0.000490871
0.000379905,0.000491451
0.000381066,0.000492046
0.000382227,0.000492612
0.000383388,0.000493207
0.000384549,0.000493787
0.000385709,0.000494382
0.00038687,0.000494962
0.000388031,0.000495543
0.000389192,0.000496123
0.000390353,0.000496703
0.000391514,0.000497284
0.000392675,0.000497879
0.000393835,0.000498459
0.000394996,0.000499054
0.000396157,0.00049962
0.000397318,0.000500215
0.000398479,0.000500781
0.00039964,0.00050139
0.000400801,0.000501956
0.000401962,0.000502537
0.000403123,0.000503132
0.000404284,0.000503712
0.000405445,0.000504307
0.000406606,0.000504873
0.000407767,0.000505454
0.000408928,0.000506048
0.000410089,0.000506629
0.00041125,0.000507224
0.000412411,0.00050779
0.000413572,0.000508385
0.000414733,0.000508965
0.000415894,0.000509532
0.000417056,0.000510141
0.000418217,0.000510707
0.000419377,0.000511302
0.000420539,0.000511882
0.0004217,0.000512449
0.000422861,0.000513058
0.000424022,0.000513624
0.000425183,0.000514205
0.000426345,0.0005148
0.000427506,0.00051538
0.000428667,0.000515961
0.000429828,0.000516542
0.00043099,0.000517136
0.000432151,0.000517703
0.000433312,0.000518298
0.000434473,0.000518878
0.000435635,0.000519459
0.000436796,0.00052004
0.000437957,0.000520635
0.000439119,0.000521201
0.00044028,0.000521796
0.000441441,0.000522377
0.000442602,0.000522957
0.000443764,0.000523552
0.000444925,0.000524118
0.000446086,0.000524713
0.000447248,0.00052528
0.000448409,0.000525875
0.000449571,0.000526456
0.000450732,0.000527036
0.000451893,0.000527631
0.000453055,0.000528198
0.000454216,0.000528793
0.000455377,0.000529359
0.000456539,0.000529968
0.0004577,0.000530535
0.000458862,0.000531115
0.000460023,0.000531696
0.000461185,0.000532291
0.000462346,0.000532858
0.000463508,0.000533453
0.000464669,0.000534034
0.000465831,0.000534614
0.000466992,0.000535195
0.000468154,0.000535776
0.000469315,0.000536371
0.000470477,0.000536937
0.000471638,0.000537532
0.0004728,0.000538113
0.000473962,0.00053868
0.000475123,0.000539275
0.000476285,0.00053987
0.000477446,0.000540436
0.000478607,0.000541017
0.000479769,0.000541612
0.000480931,0.000542179
0.000482092,0.000542759
0.000483254,0.000543369
0.000484415,0.000543921
0.000485577,0.000544516
0.000486739,0.000545097
0.0004879,0.000545678
0.000489062,0.000546273
0.000490224,0.000546839
0.000491385,0.000547434
0.000492547,0.000548001
0.000493708,0.000548596
0.00049487,0.000549177
0.000496032,0.000549757
0.000497193,0.000550324
0.000498355,0.000550934
0.000499517,0.000551486
0.000500678,0.000552095
0.00050184,0.000552662
0.000503002,0.000553243
0.000504163,0.000553838
0.000505325,0.000554404
0.000506487,0.000555
0.000507649,0.00055558
0.00050881,0.000556147
0.000509972,0.000556742
0.000511133,0.000557323
0.000512295,0.000557904
0.000513457,0.000558484
0.000514618,0.000559065
0.00051578,0.000559646
0.000516942,0.000560227
0.000518104,0.000560808
0.000519265,0.000561403
0.000520427,0.00056197
0.000521589,0.00056255
0.000522751,0.000563146
0.000523912,0.000563712
0.000525074,0.000564307
0.000526236,0.000564888
0.000527398,0.000565455
0.000528559,0.00056605
0.000529721,0.000566631
0.000530883,0.000567212
0.000532045,0.000567793
0.000533206,0.000568374
0.000534368,0.00056894
0.00053553,0.000569535
0.000536692,0.000570131
0.000537854,0.000570683
0.000539016,0.000571278
0.000540177,0.000571873
0.000541339,0.000572425
0.000542501,0.000573035
0.000543662,0.000573602
0.000544824,0.000574197
0.000545986,0.000574749
0.000547148,0.000575359
0.00054831,0.000575925
0.000549471,0.000576506
0.000550633,0.000577101
0.000551795,0.000577668
0.000552957,0.000578263
0.000554118,0.00057883
0.00055528,0.00057941
0.000556442,0.000580006
0.000557604,0.000580572
0.000558766,0.000581153
0.000559927,0.000581748
0.000561089,0.000582315
0.000562251,0.000582896
0.000563413,0.000583477
0.000564597,0.000595277
0.000565823,0.000607471
0.000567095,0.000620016
0.000568415,0.000632942
0.000569782,0.000646249
0.000571198,0.000659953
0.000572665,0.000674039
0.000574184,0.000688509
0.000575756,0.000703391
0.000577384,0.000718645
0.000579068,0.000734312
0.000580809,0.00075038
0.00058261,0.000766806
0.000584471,0.000783663
0.000586394,0.000800866
0.000588381,0.000818486
0.000590432,0.000836467
0.000592549,0.00085481
0.000594733,0.000873515
0.000596986,0.000892555
0.000599308,0.000911958
0.000601701,0.00093164
0.000604165,0.000951672
0.000606702,0.000971955
0.000609313,0.000992518
0.000611999,0.00101332
0.00061476,0.00103437
0.000617597,0.00105559
0.000620511,0.001077
0.000623501,0.00109854
0.000626568,0.00112021
0.000629713,0.00114194
0.000632937,0.00116372
0.000636238,0.00118553
0.000639616,0.00120728
0.000643071,0.00122898
0.000646602,0.00125057
0.000650209,0.001272
0.000653893,0.00129323
0.000657649,0.00131424
0.000661479,0.00133493
0.000665381,0.00135532
0.000669352,0.0013753
0.000673393,0.00139487
0.000677499,0.00141395
0.00068167,0.0014325
0.000685903,0.00145047
0.000690196,0.00146784
0.000694547,0.00148452
0.000698951,0.0015005
0.000703407,0.00151571
0.000707912,0.00153011
0.000712462,0.0015437
0.000717053,0.00155639
0.000721683,0.00156817
0.000726348,0.00157899
0.000731043,0.00158883
0.000735765,0.00159765
0.00074051,0.00160549
0.000745273,0.00161221
0.000750052,0.00161789
0.000754841,0.00162249
0.000759636,0.000378619
0.000453377,0.000525007
0.000453377,0.000525019
0.000453377,0.000525032
0.000453377,0.000525044
0.000453377,0.000525057
0.000453377,0.000525069
0.000453377,0.000525082
0.000453377,0.000525094
0.000453377,0.000525106
0.000453377,0.000525119
0.000453377,0.000525131
0.000453377,0.000525143
0.000453377,0.000525156
0.000453377,0.000525168
0.000453377,0.00052518
0.000453377,0.000525193
0.000453377,0.000525205
0.000453377,0.000525217
0.000453377,0.000525229
0.000453377,0.000525241
0.000453377,0.000525253
0.000453377,0.000525265
0.000453377,0.000525278
0.000453377,0.00052529
0.000453377,0.000525302
0.000453377,0.000525314
0.000453377,0.000525326
0.000453377,0.000525337
0.000453377,0.00052535
0.000453377,0.000525362
0.000453377,0.000525373
0.000453377,0.000525386
0.000453377,0.000525397
0.000453377,0.000525409
0.000453377,0.000525422
0.000453377,0.000525432
0.000453377,0.000525445
0.000453377,0.000525457
0.000453377,0.000525468
0.000453377,0.00052548
0.000453377,0.000525492
0.000453377,0.000525503
0.000453377,0.000525514
0.000453377,0.000525527
0.000453377,0.000525539
0.000453377,0.00052555
0.000453377,0.000525561
0.000453377,0.000525573
0.000453377,0.000525585
0.000453377,0.000525597
0.000453377,0.000525607
0.000453377,0.000525619
0.000453377,0.00052563
0.000453377,0.000525642
0.000453377,0.000525653
0.000453377,0.000525666
0.000453377,0.000525676
0.000453377,0.000525687
0.000453377,0.000525698
0.000453377,0.000525712
0.000453377,0.000525721
0.000453377,0.000525732
0.000453377,0.000525744
0.000453377,0.000525755
0.000453377,0.000525766
0.000453377,0.000525778
0.000453377,0.000525789
0.000453377,0.0005258
0.000453377,0.00052581
0.000453377,0.000525823
0.000453377,0.000525834
0.000453377,0.000525844
0.000453377,0.000525853
0.000453377,0.000525868
0.000453377,0.000525877
0.000453377,0.000525887
0.000453377,0.0005259
0.000453377,0.000525911
0.000453377,0.000525921
0.000453377,0.000525932
0.000453377,0.000525941
0.000453377,0.000525955
0.000453377,0.000525964
0.000453377,0.000525975
0.000453377,0.000525986
0.000451528,0.000527266
0.000447831,0.000525427
0.000444133,0.00052359
0.000440434,0.000521753
0.000436736,0.000519913
0.000433037,0.000518074
0.000429339,0.000516234
0.000425639,0.000514397
0.000421941,0.000512558
0.000418242,0.000510719
0.000414543,0.000508881
0.000410843,0.00050704
0.000407144,0.000505203
0.000403444,0.000503362
0.000399744,0.000501523
0.000396044,0.000499682
0.000392344,0.000497845
0.000388644,0.000496005
0.000384943,0.000494166
0.000381243,0.000492323
0.000377543,0.000490487
0.000373842,0.000488644
0.000370141,0.000486804
0.00036644,0.000484965
0.000362739,0.000483125
0.000359038,0.000481285
0.000355337,0.000479445
0.000351635,0.000477602
0.000347934,0.000475765
0.000344232,0.000473922
0.00034053,0.000472082
0.000336828,0.000470241
0.000333126,0.000468398
0.000329424,0.000466561
0.000325722,0.000464717
0.00032202,0.000462877
0.000318317,0.000461036
0.000314614,0.000459192
0.000310911,0.000457355
0.000307209,0.000455511
0.000303506,0.00045367
0.000299803,0.00045183
0.000296099,0.000449985
0.000292396,0.000448144
0.000288692,0.000446303
0.000284989,0.000444462
0.000281285,0.000442618
0.000277581,0.000440776
0.000273877,0.000438935
0.000270173,0.000437094
0.000266469,0.000435249
0.000262764,0.000433407
0.00025906,0.000431567
0.000255355,0.000429721
0.00025165,0.00042788
0.000247945,0.000426038
0.000244241,0.000424193
0.000240536,0.000422351
0.000237612,0.000426405
0.000235469,0.000425342
0.000233326,0.000424281
0.000231183,0.000423221
0.00022904,0.000422156
0.000226897,0.000421096
0.000224753,0.000420035
0.00022261,0.000418971
0.000220467,0.00041791
0.000218324,0.000416846
0.00021618,0.000415785
0.000214037,0.000414724
0.000211893,0.00041366
0.000209749,0.000412595
0.000207606,0.000411538
0.000205462,0.000410474
0.000203318,0.000409409
0.000201174,0.000408348
0.000200884,0.000402554
0.000202447,0.000403343
0.000204011,0.000404132
0.000205574,0.000404924
0.000207137,0.000405717
0.000208701,0.000406506
0.000210264,0.000407298
0.000211828,0.000408087
0.000213392,0.00040888
0.000214956,0.000409669
0.000216519,0.000410461
0.000218083,0.000411251
0.000219647,0.000412043
0.000221211,0.000412833
0.000222775,0.000413622
0.000224339,0.000414415
0.000225903,0.000415207
0.000227467,0.000415997
0.000229031,0.000416786
0.000230595,0.000417579
0.000232159,0.000418368
0.000233724,0.000419161
0.000234506,0.00041751
0.000234506,0.000417521
0.000234506,0.000417528
0.000234506,0.000417535
0.000234506,0.000417546
0.000234506,0.000417553
0.000234506,0.00041756
0.000234506,0.000417571
0.000234506,0.000417578
0.000234506,0.000417589
0.000234506,0.000417596
0.000234506,0.000417603
0.000234506,0.000417614
0.000234506,0.000417621
0.000234506,0.000417628
0.000234506,0.000417639
0.000234506,0.000417646
0.000234506,0.000417653
0.000234506,0.00041766
0.000234506,0.000417675
0.000234506,0.000417675
0.000234506,0.000417689
0.000234506,0.000417696
0.000234506,0.000417703
0.000234506,0.00041771
0.000234506,0.000417718
0.000234506,0.000417732
0.000234506,0.000417732
0.000234506,0.000417746
0.000234506,0.000417753
0.000234506,0.000417761
0.000234506,0.000417768
0.000234506,0.000417775
0.000234506,0.000417782
0.000234506,0.000417789
0.000234506,0.000417803
0.000234506,0.000417803
0.000234506,0.000417818
0.000234506,0.000417818
0.000234506,0.000417832
0.000234506,0.000417839
0.000234506,0.000417846
0.000234506,0.000417854
0.000234506,0.000417861
0.000234506,0.000417875
0.000234506,0.000417875
0.000234506,0.000417882
0.000234506,0.000417896
0.000234506,0.000417896
0.000234506,0.000417911
0.000234506,0.000417911
0.000234506,0.000417925
0.000234506,0.000417932
0.000234506,0.000417932
0.000234506,0.000417947
0.000234506,0.000417954
0.000234506,0.000417961
0.000234506,0.000417968
0.000234506,0.000417975
0.000234506,0.000417982
0.000234506,0.000417989
0.000234506,0.000417997
0.000234506,0.000418004
0.000234506,0.000418011
0.000234506,0.000418018
0.000234506,0.000418025
0.000234506,0.000418032
0.000234506,0.000418039
0.000234506,0.000418047
0.000234506,0.000418054
0.000234506,0.000418068
0.000234506,0.000418068
0.000234506,0.000418068
0.000234506,0.00041809
0.000234506,0.00041809
0.000234506,0.000418097
0.000234506,0.000418104
0.000234506,0.000418111
0.000234506,0.000418118
0.000234506,0.000418125
0.000234506,0.000418132
0.000234506,0.00041814
0.000234506,0.000418147
0.000234506,0.000418147
0.000234506,0.000418154
0.000234506,0.000418168
0.000234506,0.000418175
0.000234506,0.000418175
0.000234506,0.00041819
0.000234506,0.000418197
0.000234506,0.000418197
0.000234506,0.000418204
0.000234506,0.000418211
0.000234506,0.000418218
0.000234506,0.000418233
0.000234506,0.000418225
0.000234506,0.000418247
0.000234506,0.00041824
0.000234506,0.000418254
0.000234506,0.000418261
0.000234506,0.000418261
0.000234506,0.000418268
0.000234506,0.000418283
0.000234506,0.000418283
0.000234506,0.000418297
0.000234506,0.00041829
0.000234506,0.000418304
0.000234506,0.000418311
0.000234506,0.000418318
0.000234506,0.000418318
0.000235085,0.000418457
0.000236244,0.000419036
0.000237403,0.000419623
0.000238563,0.00042021
0.000239722,0.000420797
0.000240881,0.000421383
0.00024204,0.00042197
0.000243199,0.00042255
0.000244359,0.000423136
0.000245518,0.000423723
0.000246677,0.00042431
0.000247837,0.000424897
0.000248996,0.000425484
0.000250155,0.00042607
0.000251315,0.000426643
0.000252474,0.000427244
0.000253634,0.000427817
0.000254793,0.000428411
0.000255952,0.000428998
0.000257112,0.000429584
0.000258272,0.000430157
0.000259431,0.000430758
0.000260591,0.000431338
0.00026175,0.000431918
0.00026291,0.000432512
0.000264069,0.000433092
0.000265229,0.000433679
0.000266389,0.000434266
0.000267549,0.000434846
0.000268708,0.00043544
0.000269868,0.00043602
0.000271028,0.000436607
0.000272188,0.000437194
0.000273347,0.000437774
0.000274507,0.000438361
0.000275667,0.000438955
0.000276827,0.000439528
0.000277987,0.000440122
0.000279147,0.000440709
0.000280307,0.000441282
0.000281467,0.000441876
0.000282627,0.000442463
0.000283787,0.000443044
0.000284947,0.000443631
0.000286107,0.000444218
0.000287267,0.000444805
0.000288427,0.000445378
0.000289587,0.000445979
0.000290747,0.000446559
0.000291907,0.000447139
0.000293068,0.000447727
0.000294228,0.000448314
0.000295388,0.000448894
0.000296548,0.000449488
0.000297708,0.000450068
0.000298868,0.000450649
0.000300029,0.000451243
0.000301189,0.00045183
0.00030235,0.000452404
0.00030351,0.000452998
0.00030467,0.000453578
0.000305831,0.000454166
0.000306991,0.000454746
0.000308151,0.00045534
0.000309312,0.000455913
0.000310472,0.000456508
0.000311633,0.000457095
0.000312793,0.000457668
0.000313954,0.000458256
0.000315114,0.00045885
0.000316275,0.000459431
0.000317435,0.000460018
0.000318596,0.000460591
0.000319757,0.000461193
0.000320917,0.000461773
0.000322078,0.000462346
0.000323239,0.000462941
0.000324399,0.000463528
0.00032556,0.000464102
0.00032672,0.000464696
0.000327881,0.000465284
0.000329042,0.000465864
0.000330203,0.000466451
0.000331363,0.000467025
0.000332524,0.00046762
0.000333685,0.000468207
0.000334846,0.000468787
0.000336007,0.000469368
0.000337168,0.000469963
0.000338329,0.000470536
0.000339489,0.000471131
0.00034065,0.000471711
0.000341811,0.000472299
0.000342972,0.000472879
0.000344133,0.000473467
0.000345294,0.000474047
0.000346455,0.000474635
0.000347616,0.000475223
0.000348777,0.000475803
0.000349938,0.000476384
0.000351099,0.000476971
0.00035226,0.000477566
0.000353421,0.00047814
0.000354582,0.000478727
0.000355743,0.000479308
0.000356904,0.000479903
0.000358066,0.000480476
0.000359227,0.000481071
0.000360388,0.000481652
0.000361549,0.000482218
0.000362711,0.000482827
0.000363872,0.000483393
0.000365033,0.000483988
0.000366194,0.000484583
0.000367356,0.00048515
0.000368517,0.000485744
0.000369678,0.000486325
0.000370839,0.000486906
0.000372001,0.000487486
0.000373162,0.000488082
0.000374323,0.000488662
0.000375485,0.000489243
0.000376646,0.000489838
0.000377807,0.000490404
0.000378969,0.000490999
0.00038013,0.00049158
0.000381292,0.000492175
0.000382453,0.000492741
0.000383614,0.000493336
0.000384776,0.000493917
0.000385937,0.000494512
0.000387099,0.000495093
0.00038826,0.000495673
0.000389422,0.000496254
0.000390583,0.000496835
0.000391745,0.000497416
0.000392906,0.000498011
0.000394068,0.000498592
0.00039523,0.000499187
0.000396391,0.000499753
0.000397553,0.000500348
0.000398714,0.000500915
0.000399876,0.000501524
0.000401038,0.000502091
0.000402199,0.000502672
0.000403361,0.000503267
0.000404522,0.000503847
0.000405684,0.000504443
0.000406846,0.000505009
0.000408008,0.00050559
0.00040917,0.000506185
0.000410331,0.000506766
0.000411493,0.000507361
0.000412655,0.000507928
0.000413816,0.000508523
0.000414978,0.000509104
0.00041614,0.00050967
0.000417302,0.00051028
0.000418464,0.000510847
0.000419626,0.000511442
0.000420788,0.000512023
0.000421949,0.000512589
0.000423111,0.000513199
0.000424273,0.000513765
0.000425435,0.000514346
0.000426597,0.000514942
0.000427758,0.000515523
0.00042892,0.000516104
0.000430082,0.000516684
0.000431244,0.00051728
0.000432406,0.000517846
0.000433568,0.000518442
0.00043473,0.000519023
0.000435892,0.000519604
0.000437054,0.000520184
0.000438216,0.00052078
0.000439378,0.000521347
0.00044054,0.000521942
0.000441702,0.000522523
0.000442864,0.000523104
0.000444026,0.000523699
0.000445188,0.000524266
0.00044635,0.000524861
0.000447512,0.000525428
0.000448674,0.000526023
0.000449836,0.000526604
0.000450998,0.000527185
0.000452161,0.000527781
0.000453323,0.000528348
0.000454485,0.000528943
0.000455647,0.00052951
0.000456809,0.000530119
0.000457971,0.000530686
0.000459133,0.000531267
0.000460295,0.000531848
0.000461458,0.000532444
0.00046262,0.00053301
0.000463782,0.000533606
0.000464944,0.000534187
0.000466106,0.000534768
0.000467268,0.000535349
0.000468431,0.00053593
0.000469593,0.000536526
0.000470755,0.000537092
0.000471917,0.000537688
0.000473079,0.000538269
0.000474241,0.000538835
0.000475404,0.000539431
0.000476566,0.000540026
0.000477728,0.000540593
0.00047889,0.000541174
0.000480052,0.00054177
0.000481215,0.000542336
0.000482377,0.000542918
0.000483539,0.000543527
0.000484702,0.00054408
0.000485864,0.000544675
0.000487026,0.000545256
0.000488189,0.000545838
0.000489351,0.000546433
0.000490513,0.000547
0.000491676,0.000547596
0.000492838,0.000548162
0.000494,0.000548758
0.000495163,0.000549339
0.000496325,0.00054992
0.000497487,0.000550487
0.000498649,0.000551097
0.000499812,0.000551649
0.000500975,0.000552259
0.000502137,0.000552826
0.000503299,0.000553407
0.000504461,0.000554002
0.000505624,0.00055457
0.000506786,0.000555165
0.000507949,0.000555746
0.000509111,0.000556313
0.000510274,0.000556909
0.000511436,0.00055749
0.000512598,0.000558071
0.000513761,0.000558652
0.000514923,0.000559233
0.000516085,0.000559814
0.000517248,0.000560396
0.00051841,0.000560977
0.000519573,0.000561573
0.000520735,0.000562139
0.000521897,0.000562721
0.00052306,0.000563316
0.000524222,0.000563883
0.000525385,0.000564479
0.000526547,0.00056506
0.000527709,0.000565627
0.000528872,0.000566222
0.000530034,0.000566804
0.000531197,0.000567385
0.000532359,0.000567966
0.000533522,0.000568547
0.000534684,0.000569114
0.000535846,0.00056971
0.000537009,0.000570305
0.000538171,0.000570858
0.000539334,0.000571453
0.000540496,0.000572049
0.000541659,0.000572601
0.000542821,0.000573211
0.000543984,0.000573778
0.000545146,0.000574374
0.000546308,0.000574926
0.000547471,0.000575536
0.000548633,0.000576103
0.000549796,0.000576684
0.000550959,0.00057728
0.000552122,0.000577847
0.000553284,0.000578443
0.000554446,0.000579009
0.000555608,0.00057959
0.000556771,0.000580186
0.000557933,0.000580753
0.000559096,0.000581334
0.000560258,0.00058193
0.000561421,0.000582497
0.000562583,0.000583078
0.000563746,0.000583659
0.00056493,0.00059546
0.000566158,0.000607655
0.000567431,0.000620201
0.000568751,0.000633128
0.000570118,0.000646436
0.000571535,0.000660141
0.000573003,0.000674229
0.000574523,0.000688699
0.000576096,0.000703583
0.000577725,0.000718838
0.000579409,0.000734506
0.000581152,0.000750575
0.000582954,0.000767004
0.000584816,0.000783862
0.00058674,0.000801065
0.000588728,0.000818687
0.000590781,0.00083667
0.000592899,0.000855014
0.000595084,0.000873722
0.000597338,0.000892762
0.000599661,0.000912168
0.000602056,0.000931851
0.000604522,0.000951885
0.000607061,0.00097217
0.000609674,0.000992735
0.000612361,0.00101354
0.000615124,0.00103459
0.000617962,0.00105581
0.000620877,0.00107723
0.000623869,0.00109877
0.000626939,0.00112043
0.000630087,0.00114217
0.000633311,0.00116395
0.000636613,0.00118576
0.000639993,0.00120751
0.000643451,0.00122921
0.000646985,0.00125081
0.000650594,0.00127225
0.000654279,0.00129348
0.000658038,0.00131449
0.00066187,0.00133517
0.000665774,0.00135557
0.000669748,0.00137556
0.000673791,0.00139512
0.0006779,0.0014142
0.000682073,0.00143276
0.000686309,0.00145073
0.000690604,0.00146811
0.000694957,0.00148478
0.000699365,0.00150077
0.000703824,0.00151598
0.000708331,0.00153039
0.000712883,0.00154397
0.000717478,0.00155666
0.000722111,0.00156844
0.000726777,0.00157927
0.000731475,0.00158911
0.0007362,0.00159793
0.000740948,0.00160577
0.000745714,0.0016125
0.000750495,0.00161818
0.000755287,0.00162278
0.000760086,0.000378843
0.000453631,0.000525134
0.000453631,0.000525146
0.000453631,0.000525159
0.000453631,0.000525171
0.000453631,0.000525184
0.000453631,0.000525196
0.000453631,0.000525208
0.000453631,0.000525221
0.000453631,0.000525233
0.000453631,0.000525246
0.000453631,0.000525258
0.000453631,0.00052527
0.000453631,0.000525283
0.000453631,0.000525295
0.000453631,0.000525307
0.000453631,0.00052532
0.000453631,0.000525332
0.000453631,0.000525344
0.000453631,0.000525356
0.000453631,0.000525368
0.000453631,0.00052538
0.000453631,0.000525392
0.000453631,0.000525405
0.000453631,0.000525417
0.000453631,0.000525429
0.000453631,0.000525441
0.000453631,0.000525453
0.000453631,0.000525464
0.000453631,0.000525477
0.000453631,0.000525489
0.000453631,0.0005255
0.000453631,0.000525513
0.000453631,0.000525524
0.000453631,0.000525536
0.000453631,0.000525548
0.000453631,0.000525559
0.000453631,0.000525572
0.000453631,0.000525584
0.000453631,0.000525595
0.000453631,0.000525607
0.000453631,0.000525619
0.000453631,0.00052563
0.000453631,0.000525641
0.000453631,0.000525654
0.000453631,0.000525666
0.000453631,0.000525677
0.000453631,0.000525688
0.000453631,0.0005257
0.000453631,0.000525712
0.000453631,0.000525724
0.000453631,0.000525734
0.000453631,0.000525746
0.000453631,0.000525757
0.000453631,0.000525769
0.000453631,0.00052578
0.000453631,0.000525793
0.000453631,0.000525803
0.000453631,0.000525814
0.000453631,0.000525825
0.000453631,0.000525839
0.000453631,0.000525848
0.000453631,0.000525859
0.000453631,0.000525871
0.000453631,0.000525882
0.000453631,0.000525893
0.000453631,0.000525905
0.000453631,0.000525916
0.000453631,0.000525927
0.000453631,0.000525937
0.000453631,0.00052595
0.000453631,0.000525961
0.000453631,0.000525971
0.000453631,0.00052598
0.000453631,0.000525995
0.000453631,0.000526004
0.000453631,0.000526014
0.000453631,0.000526027
0.000453631,0.000526038
0.000453631,0.000526048
0.000453631,0.000526059
0.000453631,0.000526068
0.000453631,0.000526082
0.000453631,0.000526091
0.000453631,0.000526102
0.000453631,0.000526113
0.000451781,0.000527568
0.00044808,0.000525729
0.00044438,0.000523889
0.00044068,0.000522052
0.00043698,0.000520211
0.000433279,0.000518371
0.000429578,0.000516529
0.000425877,0.000514692
0.000422176,0.000512852
0.000418475,0.000511012
0.000414773,0.000509172
0.000411072,0.00050733
0.000407371,0.000505493
0.000403669,0.000503651
0.000399967,0.000501811
0.000396266,0.000499969
0.000392563,0.00049813
0.000388861,0.00049629
0.000385159,0.00049445
0.000381456,0.000492606
0.000377754,0.000490769
0.000374051,0.000488925
0.000370348,0.000487084
0.000366645,0.000485243
0.000362942,0.000483403
0.000359239,0.000481562
0.000355535,0.000479721
0.000351832,0.000477876
0.000348128,0.000476039
0.000344424,0.000474194
0.000340721,0.000472353
0.000337017,0.000470512
0.000333312,0.000468667
0.000329608,0.000466829
0.000325904,0.000464984
0.000322199,0.000463143
0.000318494,0.000461301
0.00031479,0.000459456
0.000311085,0.000457618
0.00030738,0.000455773
0.000303675,0.000453931
0.00029997,0.000452089
0.000296265,0.000450244
0.000292559,0.000448402
0.000288854,0.00044656
0.000285148,0.000444718
0.000281442,0.000442872
0.000277736,0.00044103
0.00027403,0.000439188
0.000270324,0.000437346
0.000266617,0.0004355
0.000262911,0.000433657
0.000259205,0.000431815
0.000255498,0.000429969
0.000251791,0.000428126
0.000248084,0.000426284
0.000244377,0.000424437
0.00024067,0.000422595
0.000237745,0.000426704
0.0002356,0.00042564
0.000233456,0.000424578
0.000231312,0.000423517
0.000229168,0.000422453
0.000227023,0.000421391
0.000224879,0.00042033
0.000222735,0.000419266
0.00022059,0.000418204
0.000218445,0.000417139
0.000216301,0.000416078
0.000214156,0.000415016
0.000212011,0.000413951
0.000209867,0.000412886
0.000207722,0.000411829
0.000205577,0.000410763
0.000203432,0.000409698
0.000201287,0.000408637
0.000200996,0.000402512
0.00020256,0.000403301
0.000204124,0.00040409
0.000205689,0.000404883
0.000207253,0.000405676
0.000208818,0.000406465
0.000210382,0.000407259
0.000211947,0.000408048
0.000213511,0.000408841
0.000215076,0.000409631
0.00021664,0.000410424
0.000218205,0.000411213
0.00021977,0.000412006
0.000221335,0.000412796
0.000222899,0.000413586
0.000224464,0.000414379
0.000226029,0.000415172
0.000227594,0.000415962
0.000229159,0.000416751
0.000230724,0.000417545
0.000232289,0.000418334
0.000233854,0.000419128
0.000234637,0.000417575
0.000234637,0.000417586
0.000234637,0.000417593
0.000234637,0.0004176
0.000234637,0.000417611
0.000234637,0.000417618
0.000234637,0.000417626
0.000234637,0.000417636
0.000234637,0.000417643
0.000234637,0.000417654
0.000234637,0.000417661
0.000234637,0.000417668
0.000234637,0.000417679
0.000234637,0.000417686
0.000234637,0.000417693
0.000234637,0.000417704
0.000234637,0.000417711
0.000234637,0.000417719
0.000234637,0.000417726
0.000234637,0.00041774
0.000234637,0.00041774
0.000234637,0.000417754
0.000234637,0.000417761
0.000234637,0.000417769
0.000234637,0.000417776
0.000234637,0.000417783
0.000234637,0.000417797
0.000234637,0.000417797
0.000234637,0.000417811
0.000234637,0.000417819
0.000234637,0.000417826
0.000234637,0.000417833
0.000234637,0.00041784
0.000234637,0.000417847
0.000234637,0.000417854
0.000234637,0.000417869
0.000234637,0.000417869
0.000234637,0.000417883
0.000234637,0.000417883
0.000234637,0.000417897
0.000234637,0.000417904
0.000234637,0.000417912
0.000234637,0.000417919
0.000234637,0.000417926
0.000234637,0.00041794
0.000234637,0.00041794
0.000234637,0.000417947
0.000234637,0.000417962
0.000234637,0.000417962
0.000234637,0.000417976
0.000234637,0.000417976
0.000234637,0.00041799
0.000234637,0.000417997
0.000234637,0.000417997
0.000234637,0.000418012
0.000234637,0.000418019
0.000234637,0.000418026
0.000234637,0.000418033
0.000234637,0.00041804
0.000234637,0.000418048
0.000234637,0.000418055
0.000234637,0.000418062
0.000234637,0.000418069
0.000234637,0.000418076
0.000234637,0.000418083
0.000234637,0.00041809
0.000234637,0.000418098
0.000234637,0.000418105
0.000234637,0.000418112
0.000234637,0.000418119
0.000234637,0.000418133
0.000234637,0.000418133
0.000234637,0.000418133
0.000234637,0.000418155
0.000234637,0.000418155
0.000234637,0.000418162
0.000234637,0.000418169
0.000234637,0.000418176
0.000234637,0.000418183
0.000234637,0.000418191
0.000234637,0.000418198
0.000234637,0.000418205
0.000234637,0.000418212
0.000234637,0.000418212
0.000234637,0.000418219
0.000234637,0.000418233
0.000234637,0.000418241
0.000234637,0.000418241
0.000234637,0.000418255
0.000234637,0.000418262
0.000234637,0.000418262
0.000234637,0.000418269
0.000234637,0.000418276
0.000234637,0.000418284
0.000234637,0.000418298
0.000234637,0.000418291
0.000234637,0.000418312
0.000234637,0.000418305
0.000234637,0.000418319
0.000234637,0.000418326
0.000234637,0.000418326
0.000234637,0.000418334
0.000234637,0.000418348
0.000234637,0.000418348
0.000234637,0.000418362
0.000234637,0.000418355
0.000234637,0.000418369
0.000234637,0.000418377
0.000234637,0.000418384
0.000234637,0.000418384
0.000235216,0.000418539
0.000236376,0.000419119
0.000237536,0.000419707
0.000238696,0.000420293
0.000239856,0.000420881
0.000241015,0.000421468
0.000242175,0.000422055
0.000243335,0.000422635
0.000244495,0.000423222
0.000245655,0.000423809
0.000246815,0.000424396
0.000247975,0.000424983
0.000249135,0.00042557
0.000250295,0.000426157
0.000251455,0.00042673
0.000252615,0.000427332
0.000253775,0.000427905
0.000254935,0.000428499
0.000256096,0.000429086
0.000257256,0.000429674
0.000258415,0.000430246
0.000259576,0.000430848
0.000260736,0.000431428
0.000261896,0.000432008
0.000263057,0.000432603
0.000264217,0.000433183
0.000265377,0.00043377
0.000266537,0.000434357
0.000267698,0.000434937
0.000268858,0.000435532
0.000270019,0.000436112
0.000271179,0.000436699
0.000272339,0.000437287
0.0002735,0.000437867
0.000274661,0.000438454
0.000275821,0.000439049
0.000276981,0.000439622
0.000278142,0.000440217
0.000279303,0.000440804
0.000280463,0.000441377
0.000281624,0.000441972
0.000282784,0.000442559
0.000283945,0.00044314
0.000285106,0.000443727
0.000286266,0.000444315
0.000287427,0.000444902
0.000288588,0.000445475
0.000289749,0.000446077
0.000290909,0.000446658
0.00029207,0.000447238
0.000293231,0.000447825
0.000294392,0.000448413
0.000295553,0.000448994
0.000296714,0.000449588
0.000297875,0.000450169
0.000299035,0.000450749
0.000300197,0.000451344
0.000301357,0.000451932
0.000302518,0.000452505
0.000303679,0.0004531
0.00030484,0.00045368
0.000306001,0.000454268
0.000307162,0.000454848
0.000308323,0.000455443
0.000309484,0.000456017
0.000310646,0.000456612
0.000311807,0.000457199
0.000312968,0.000457772
0.000314129,0.00045836
0.00031529,0.000458955
0.000316451,0.000459536
0.000317613,0.000460124
0.000318774,0.000460697
0.000319935,0.000461299
0.000321096,0.00046188
0.000322258,0.000462453
0.000323419,0.000463048
0.00032458,0.000463636
0.000325741,0.000464209
0.000326903,0.000464804
0.000328064,0.000465392
0.000329226,0.000465973
0.000330387,0.000466561
0.000331549,0.000467134
0.00033271,0.00046773
0.000333871,0.000468317
0.000335032,0.000468898
0.000336194,0.000469479
0.000337356,0.000470074
0.000338517,0.000470647
0.000339679,0.000471242
0.00034084,0.000471823
0.000342002,0.000472411
0.000343164,0.000472992
0.000344325,0.00047358
0.000345487,0.000474161
0.000346648,0.000474749
0.00034781,0.000475337
0.000348971,0.000475917
0.000350133,0.000476498
0.000351295,0.000477086
0.000352457,0.000477681
0.000353618,0.000478255
0.00035478,0.000478843
0.000355942,0.000479424
0.000357104,0.000480019
0.000358266,0.000480593
0.000359427,0.000481188
0.000360589,0.000481769
0.000361751,0.000482336
0.000362913,0.000482945
0.000364075,0.000483512
0.000365237,0.000484107
0.000366398,0.000484702
0.00036756,0.000485269
0.000368722,0.000485864
0.000369884,0.000486445
0.000371046,0.000487026
0.000372208,0.000487607
0.00037337,0.000488202
0.000374532,0.000488784
0.000375694,0.000489365
0.000376856,0.00048996
0.000378018,0.000490527
0.00037918,0.000491122
0.000380342,0.000491703
0.000381504,0.000492298
0.000382667,0.000492865
0.000383829,0.00049346
0.000384991,0.000494041
0.000386153,0.000494637
0.000387315,0.000495218
0.000388477,0.000495799
0.00038964,0.00049638
0.000390802,0.000496961
0.000391964,0.000497542
0.000393126,0.000498138
0.000394288,0.000498719
0.00039545,0.000499314
0.000396613,0.000499881
0.000397775,0.000500477
0.000398937,0.000501043
0.000400099,0.000501653
0.000401262,0.00050222
0.000402424,0.000502801
0.000403586,0.000503396
0.000404748,0.000503977
0.000405911,0.000504573
0.000407073,0.00050514
0.000408235,0.000505721
0.000409398,0.000506316
0.00041056,0.000506898
0.000411723,0.000507493
0.000412885,0.00050806
0.000414047,0.000508655
0.00041521,0.000509237
0.000416372,0.000509804
0.000417535,0.000510413
0.000418698,0.000510981
0.00041986,0.000511576
0.000421022,0.000512157
0.000422185,0.000512724
0.000423348,0.000513334
0.00042451,0.000513901
0.000425672,0.000514482
0.000426835,0.000515078
0.000427997,0.000515659
0.00042916,0.000516241
0.000430322,0.000516822
0.000431485,0.000517417
0.000432648,0.000517984
0.00043381,0.00051858
0.000434973,0.000519161
0.000436136,0.000519743
0.000437298,0.000520324
0.000438461,0.000520919
0.000439623,0.000521486
0.000440786,0.000522082
0.000441949,0.000522663
0.000443111,0.000523245
0.000444274,0.00052384
0.000445437,0.000524407
0.000446599,0.000525003
0.000447762,0.00052557
0.000448925,0.000526166
0.000450088,0.000526747
0.00045125,0.000527328
0.000452413,0.000527924
0.000453576,0.000528491
0.000454738,0.000529087
0.000455901,0.000529654
0.000457064,0.000530264
0.000458227,0.000530831
0.000459389,0.000531412
0.000460552,0.000531994
0.000461715,0.00053259
0.000462878,0.000533156
0.000464041,0.000533752
0.000465204,0.000534334
0.000466366,0.000534915
0.000467529,0.000535496
0.000468692,0.000536078
0.000469855,0.000536673
0.000471018,0.000537241
0.00047218,0.000537836
0.000473343,0.000538418
0.000474506,0.000538985
0.000475669,0.000539581
0.000476832,0.000540176
0.000477995,0.000540743
0.000479158,0.000541325
0.000480321,0.000541921
0.000481484,0.000542488
0.000482647,0.000543069
0.000483809,0.00054368
0.000484972,0.000544232
0.000486135,0.000544828
0.000487298,0.00054541
0.000488461,0.000545991
0.000489624,0.000546587
0.000490787,0.000547154
0.00049195,0.00054775
0.000493113,0.000548317
0.000494276,0.000548913
0.000495439,0.000549494
0.000496602,0.000550076
0.000497765,0.000550643
0.000498928,0.000551253
0.00050009,0.000551806
0.000501254,0.000552416
0.000502417,0.000552983
0.00050358,0.000553565
0.000504743,0.000554161
0.000505906,0.000554728
0.000507068,0.000555323
0.000508232,0.000555905
0.000509395,0.000556472
0.000510558,0.000557068
0.000511721,0.00055765
0.000512884,0.000558231
0.000514047,0.000558812
0.000515211,0.000559394
0.000516374,0.000559976
0.000517536,0.000560557
0.000518699,0.000561139
0.000519863,0.000561735
0.000521025,0.000562302
0.000522189,0.000562883
0.000523352,0.000563479
0.000524514,0.000564046
0.000525678,0.000564642
0.000526841,0.000565224
0.000528004,0.000565791
0.000529167,0.000566387
0.00053033,0.000566969
0.000531494,0.00056755
0.000532656,0.000568132
0.000533819,0.000568713
0.000534982,0.00056928
0.000536145,0.000569876
0.000537309,0.000570472
0.000538472,0.000571025
0.000539635,0.000571621
0.000540798,0.000572217
0.000541961,0.00057277
0.000543125,0.00057338
0.000544287,0.000573947
0.00054545,0.000574543
0.000546614,0.000575096
0.000547777,0.000575706
0.00054894,0.000576273
0.000550103,0.000576855
0.000551266,0.000577451
0.000552429,0.000578018
0.000553592,0.000578614
0.000554755,0.000579181
0.000555919,0.000579763
0.000557082,0.000580359
0.000558245,0.000580926
0.000559408,0.000581507
0.000560571,0.000582103
0.000561734,0.00058267
0.000562897,0.000583252
0.00056406,0.000583833
0.000565245,0.000595635
0.000566474,0.000607832
0.000567748,0.000620379
0.000569068,0.000633306
0.000570437,0.000646616
0.000571854,0.000660322
0.000573323,0.00067441
0.000574844,0.000688883
0.000576418,0.000703768
0.000578047,0.000719023
0.000579734,0.000734694
0.000581477,0.000750764
0.000583279,0.000767193
0.000585143,0.000784053
0.000587068,0.000801258
0.000589057,0.000818881
0.000591111,0.000836865
0.00059323,0.000855212
0.000595416,0.00087392
0.000597672,0.000892963
0.000599996,0.00091237
0.000602392,0.000932055
0.00060486,0.000952091
0.0006074,0.000972377
0.000610014,0.000992944
0.000612703,0.00101375
0.000615467,0.0010348
0.000618307,0.00105603
0.000621224,0.00107745
0.000624218,0.00109899
0.000627289,0.00112066
0.000630438,0.00114239
0.000633665,0.00116418
0.00063697,0.00118599
0.000640351,0.00120774
0.00064381,0.00122945
0.000647345,0.00125104
0.000650957,0.00127248
0.000654644,0.00129371
0.000658405,0.00131472
0.00066224,0.00133542
0.000666145,0.00135581
0.000670121,0.0013758
0.000674166,0.00139537
0.000678278,0.00141445
0.000682454,0.00143301
0.000686692,0.00145099
0.00069099,0.00146836
0.000695345,0.00148504
0.000699754,0.00150103
0.000704216,0.00151624
0.000708726,0.00153065
0.000713281,0.00154424
0.000717878,0.00155693
0.000722512,0.00156871
0.000727183,0.00157954
0.000731884,0.00158938
0.000736611,0.00159821
0.000741361,0.00160605
0.000746131,0.00161278
0.000750914,0.00161846
0.000755709,0.00162306
0.00076051,0.000379054
0.000453869,0.000525252
0.000453869,0.000525265
0.000453869,0.000525277
0.000453869,0.00052529
0.000453869,0.000525303
0.000453869,0.000525315
0.000453869,0.000525327
0.000453869,0.00052534
0.000453869,0.000525352
0.000453869,0.000525365
0.000453869,0.000525377
0.000453869,0.000525389
0.000453869,0.000525402
0.000453869,0.000525414
0.000453869,0.000525426
0.000453869,0.000525438
0.000453869,0.000525451
0.000453869,0.000525463
0.000453869,0.000525475
0.000453869,0.000525487
0.000453869,0.000525499
0.000453869,0.000525511
0.000453869,0.000525524
0.000453869,0.000525535
0.000453869,0.000525548
0.000453869,0.00052556
0.000453869,0.000525572
0.000453869,0.000525583
0.000453869,0.000525596
0.000453869,0.000525607
0.000453869,0.000525619
0.000453869,0.000525632
0.000453869,0.000525643
0.000453869,0.000525655
0.000453869,0.000525667
0.000453869,0.000525678
0.000453869,0.000525691
0.000453869,0.000525703
0.000453869,0.000525714
0.000453869,0.000525725
0.000453869,0.000525738
0.000453869,0.000525749
0.000453869,0.00052576
0.000453869,0.000525773
0.000453869,0.000525784
0.000453869,0.000525796
0.000453869,0.000525807
0.000453869,0.000525818
0.000453869,0.000525831
0.000453869,0.000525843
0.000453869,0.000525853
0.000453869,0.000525865
0.000453869,0.000525876
0.000453869,0.000525888
0.000453869,0.000525899
0.000453869,0.000525911
0.000453869,0.000525922
0.000453869,0.000525933
0.000453869,0.000525944
0.000453869,0.000525958
0.000453869,0.000525967
0.000453869,0.000525978
0.000453869,0.00052599
0.000453869,0.000526001
0.000453869,0.000526012
0.000453869,0.000526024
0.000453869,0.000526035
0.000453869,0.000526046
0.000453869,0.000526056
0.000453869,0.000526069
0.000453869,0.00052608
0.000453869,0.00052609
0.000453869,0.000526099
0.000453869,0.000526114
0.000453869,0.000526122
0.000453869,0.000526133
0.000453869,0.000526146
0.000453869,0.000526156
0.000453869,0.000526167
0.000453869,0.000526178
0.000453869,0.000526187
0.000453869,0.000526201
0.000453869,0.00052621
0.000453869,0.000526221
0.000453869,0.000526232
0.000452018,0.000527874
0.000448316,0.000526034
0.000444614,0.000524193
0.000440912,0.000522355
0.000437209,0.000520513
0.000433507,0.000518672
0.000429804,0.00051683
0.000426102,0.000514991
0.000422398,0.000513151
0.000418695,0.000511309
0.000414992,0.000509469
0.000411288,0.000507626
0.000407585,0.000505787
0.000403881,0.000503944
0.000400177,0.000502103
0.000396473,0.00050026
0.00039277,0.000498421
0.000389066,0.00049658
0.000385361,0.000494738
0.000381657,0.000492894
0.000377952,0.000491055
0.000374247,0.00048921
0.000370543,0.000487369
0.000366838,0.000485527
0.000363133,0.000483685
0.000359427,0.000481844
0.000355722,0.000480001
0.000352017,0.000478156
0.000348311,0.000476318
0.000344605,0.000474472
0.000340899,0.00047263
0.000337193,0.000470788
0.000333488,0.000468942
0.000329781,0.000467104
0.000326075,0.000465257
0.000322369,0.000463416
0.000318662,0.000461573
0.000314956,0.000459727
0.000311249,0.000457888
0.000307542,0.000456042
0.000303835,0.000454198
0.000300128,0.000452356
0.00029642,0.000450509
0.000292713,0.000448667
0.000289005,0.000446823
0.000285297,0.00044498
0.000281589,0.000443134
0.000277882,0.000441291
0.000274174,0.000439448
0.000270465,0.000437604
0.000266757,0.000435757
0.000263049,0.000433914
0.00025934,0.00043207
0.000255632,0.000430223
0.000251923,0.00042838
0.000248214,0.000426536
0.000244505,0.000424689
0.000240796,0.000422845
0.000237869,0.000427003
0.000235724,0.000425937
0.000233579,0.000424876
0.000231433,0.000423814
0.000229288,0.000422749
0.000227143,0.000421687
0.000224998,0.000420626
0.000222852,0.00041956
0.000220706,0.000418498
0.00021856,0.000417433
0.000216414,0.000416371
0.000214269,0.000415309
0.000212123,0.000414243
0.000209977,0.000413178
0.000207831,0.000412119
0.000205685,0.000411054
0.000203538,0.000409988
0.000201392,0.000408926
0.000201102,0.000402468
0.000202667,0.000403258
0.000204232,0.000404047
0.000205797,0.000404841
0.000207362,0.000405634
0.000208927,0.000406424
0.000210492,0.000407217
0.000212058,0.000408007
0.000213623,0.000408801
0.000215188,0.00040959
0.000216754,0.000410384
0.00021832,0.000411174
0.000219885,0.000411968
0.000221451,0.000412758
0.000223016,0.000413548
0.000224582,0.000414341
0.000226148,0.000415135
0.000227714,0.000415925
0.000229279,0.000416715
0.000230845,0.000417509
0.000232411,0.000418299
0.000233977,0.000419093
0.00023476,0.000417637
0.00023476,0.000417648
0.00023476,0.000417655
0.00023476,0.000417662
0.00023476,0.000417673
0.00023476,0.00041768
0.00023476,0.000417687
0.00023476,0.000417698
0.00023476,0.000417705
0.00023476,0.000417716
0.00023476,0.000417723
0.00023476,0.00041773
0.00023476,0.000417741
0.00023476,0.000417748
0.00023476,0.000417755
0.00023476,0.000417766
0.00023476,0.000417773
0.00023476,0.00041778
0.00023476,0.000417787
0.00023476,0.000417802
0.00023476,0.000417802
0.00023476,0.000417816
0.00023476,0.000417823
0.00023476,0.00041783
0.00023476,0.000417837
0.00023476,0.000417845
0.00023476,0.000417859
0.00023476,0.000417859
0.00023476,0.000417873
0.00023476,0.00041788
0.00023476,0.000417887
0.00023476,0.000417895
0.00023476,0.000417902
0.00023476,0.000417909
0.00023476,0.000417916
0.00023476,0.00041793
0.00023476,0.00041793
0.00023476,0.000417945
0.00023476,0.000417945
0.00023476,0.000417959
0.00023476,0.000417966
0.00023476,0.000417973
0.00023476,0.00041798
0.00023476,0.000417988
0.00023476,0.000418002
0.00023476,0.000418002
0.00023476,0.000418009
0.00023476,0.000418023
0.00023476,0.000418023
0.00023476,0.000418038
0.00023476,0.000418038
0.00023476,0.000418052
0.00023476,0.000418059
0.00023476,0.000418059
0.00023476,0.000418073
0.00023476,0.000418081
0.00023476,0.000418088
0.00023476,0.000418095
0.00023476,0.000418102
0.00023476,0.000418109
0.00023476,0.000418116
0.00023476,0.000418124
0.00023476,0.000418131
0.00023476,0.000418138
0.00023476,0.000418145
0.00023476,0.000418152
0.00023476,0.000418159
0.00023476,0.000418166
0.00023476,0.000418174
0.00023476,0.000418181
0.00023476,0.000418195
0.00023476,0.000418195
0.00023476,0.000418195
0.00023476,0.000418217
0.00023476,0.000418217
0.00023476,0.000418224
0.00023476,0.000418231
0.00023476,0.000418238
0.00023476,0.000418245
0.00023476,0.000418252
0.00023476,0.000418259
0.00023476,0.000418267
0.00023476,0.000418274
0.00023476,0.000418274
0.00023476,0.000418281
0.00023476,0.000418295
0.00023476,0.000418302
0.00023476,0.000418302
0.00023476,0.000418317
0.00023476,0.000418324
0.00023476,0.000418324
0.00023476,0.000418331
0.00023476,0.000418338
0.00023476,0.000418345
0.00023476,0.00041836
0.00023476,0.000418352
0.00023476,0.000418374
0.00023476,0.000418367
0.00023476,0.000418381
0.00023476,0.000418388
0.00023476,0.000418388
0.00023476,0.000418395
0.00023476,0.00041841
0.00023476,0.00041841
0.00023476,0.000418424
0.00023476,0.000418417
0.00023476,0.000418431
0.00023476,0.000418438
0.00023476,0.000418445
0.00023476,0.000418445
0.00023534,0.000418619
0.0002365,0.0004192
0.000237661,0.000419787
0.000238821,0.000420374
0.000239982,0.000420962
0.000241142,0.000421549
0.000242303,0.000422137
0.000243463,0.000422717
0.000244623,0.000423304
0.000245784,0.000423892
0.000246945,0.000424479
0.000248105,0.000425066
0.000249266,0.000425654
0.000250426,0.000426241
0.000251587,0.000426814
0.000252748,0.000427416
0.000253908,0.000427989
0.000255069,0.000428584
0.00025623,0.000429172
0.000257391,0.000429759
0.000258552,0.000430332
0.000259713,0.000430934
0.000260873,0.000431515
0.000262034,0.000432095
0.000263195,0.00043269
0.000264356,0.00043327
0.000265517,0.000433858
0.000266678,0.000434446
0.000267838,0.000435026
0.000269,0.000435621
0.000270161,0.000436201
0.000271322,0.000436789
0.000272483,0.000437377
0.000273644,0.000437957
0.000274805,0.000438545
0.000275966,0.00043914
0.000277127,0.000439713
0.000278288,0.000440308
0.000279449,0.000440896
0.00028061,0.000441469
0.000281772,0.000442064
0.000282933,0.000442652
0.000284094,0.000443232
0.000285256,0.00044382
0.000286417,0.000444408
0.000287578,0.000444996
0.000288739,0.000445569
0.000289901,0.000446171
0.000291062,0.000446752
0.000292224,0.000447333
0.000293385,0.000447921
0.000294547,0.000448509
0.000295708,0.000449089
0.00029687,0.000449684
0.000298031,0.000450265
0.000299193,0.000450846
0.000300354,0.000451441
0.000301516,0.000452029
0.000302677,0.000452603
0.000303839,0.000453198
0.000305,0.000453778
0.000306162,0.000454366
0.000307324,0.000454947
0.000308485,0.000455542
0.000309647,0.000456116
0.000310809,0.000456711
0.00031197,0.000457299
0.000313132,0.000457873
0.000314294,0.000458461
0.000315456,0.000459056
0.000316618,0.000459637
0.000317779,0.000460225
0.000318941,0.000460799
0.000320103,0.000461401
0.000321265,0.000461982
0.000322427,0.000462556
0.000323589,0.000463151
0.000324751,0.00046374
0.000325913,0.000464313
0.000327075,0.000464909
0.000328237,0.000465497
0.000329399,0.000466078
0.000330561,0.000466666
0.000331723,0.00046724
0.000332884,0.000467835
0.000334047,0.000468423
0.000335209,0.000469004
0.000336371,0.000469585
0.000337533,0.00047018
0.000338695,0.000470755
0.000339857,0.00047135
0.000341019,0.000471931
0.000342181,0.000472519
0.000343344,0.0004731
0.000344506,0.000473689
0.000345668,0.00047427
0.00034683,0.000474858
0.000347993,0.000475446
0.000349155,0.000476027
0.000350318,0.000476609
0.00035148,0.000477197
0.000352642,0.000477792
0.000353804,0.000478366
0.000354967,0.000478955
0.000356129,0.000479536
0.000357292,0.000480131
0.000358454,0.000480705
0.000359616,0.000481301
0.000360779,0.000481882
0.000361941,0.000482449
0.000363104,0.000483059
0.000364266,0.000483626
0.000365429,0.000484221
0.000366591,0.000484817
0.000367754,0.000485384
0.000368916,0.00048598
0.000370079,0.000486561
0.000371241,0.000487142
0.000372404,0.000487723
0.000373566,0.000488319
0.000374729,0.0004889
0.000375892,0.000489481
0.000377054,0.000490077
0.000378217,0.000490644
0.000379379,0.00049124
0.000380542,0.000491821
0.000381705,0.000492417
0.000382868,0.000492984
0.00038403,0.000493579
0.000385193,0.000494161
0.000386356,0.000494756
0.000387519,0.000495338
0.000388681,0.000495919
0.000389844,0.000496501
0.000391007,0.000497082
0.00039217,0.000497663
0.000393333,0.000498259
0.000394495,0.000498841
0.000395658,0.000499436
0.000396821,0.000500003
0.000397984,0.000500599
0.000399147,0.000501166
0.00040031,0.000501776
0.000401472,0.000502343
0.000402635,0.000502925
0.000403799,0.000503521
0.000404961,0.000504102
0.000406124,0.000504698
0.000407287,0.000505265
0.00040845,0.000505847
0.000409613,0.000506442
0.000410776,0.000507024
0.000411939,0.00050762
0.000413102,0.000508187
0.000414265,0.000508783
0.000415429,0.000509364
0.000416592,0.000509932
0.000417754,0.000510542
0.000418917,0.000511109
0.00042008,0.000511705
0.000421244,0.000512286
0.000422407,0.000512853
0.00042357,0.000513463
0.000424733,0.000514031
0.000425896,0.000514612
0.000427059,0.000515208
0.000428222,0.00051579
0.000429385,0.000516371
0.000430549,0.000516953
0.000431712,0.000517549
0.000432875,0.000518116
0.000434038,0.000518712
0.000435201,0.000519294
0.000436365,0.000519875
0.000437528,0.000520457
0.000438691,0.000521053
0.000439855,0.00052162
0.000441018,0.000522216
0.000442181,0.000522798
0.000443344,0.000523379
0.000444508,0.000523975
0.000445671,0.000524543
0.000446834,0.000525138
0.000447997,0.000525706
0.000449161,0.000526302
0.000450324,0.000526884
0.000451488,0.000527465
0.000452651,0.000528061
0.000453814,0.000528628
0.000454977,0.000529225
0.00045614,0.000529792
0.000457304,0.000530402
0.000458468,0.00053097
0.000459631,0.000531551
0.000460794,0.000532133
0.000461958,0.000532729
0.000463121,0.000533296
0.000464284,0.000533892
0.000465448,0.000534474
0.000466611,0.000535056
0.000467775,0.000535637
0.000468938,0.000536219
0.000470102,0.000536815
0.000471265,0.000537383
0.000472429,0.000537979
0.000473592,0.00053856
0.000474755,0.000539128
0.000475919,0.000539724
0.000477083,0.00054032
0.000478246,0.000540888
0.000479409,0.000541469
0.000480573,0.000542065
0.000481736,0.000542632
0.0004829,0.000543215
0.000484064,0.000543825
0.000485227,0.000544378
0.000486391,0.000544974
0.000487555,0.000545556
0.000488718,0.000546138
0.000489882,0.000546734
0.000491045,0.000547301
0.000492209,0.000547898
0.000493372,0.000548465
0.000494536,0.000549061
0.000495699,0.000549643
0.000496863,0.000550224
0.000498027,0.000550792
0.00049919,0.000551402
0.000500354,0.000551956
0.000501517,0.000552566
0.000502681,0.000553133
0.000503845,0.000553715
0.000505009,0.000554312
0.000506172,0.000554879
0.000507336,0.000555475
0.000508499,0.000556057
0.000509663,0.000556624
0.000510826,0.000557221
0.00051199,0.000557802
0.000513154,0.000558384
0.000514317,0.000558966
0.00051548,0.000559547
0.000516644,0.000560129
0.000517808,0.000560711
0.000518972,0.000561294
0.000520136,0.000561889
0.000521299,0.000562457
0.000522463,0.000563039
0.000523627,0.000563635
0.000524791,0.000564203
0.000525954,0.000564799
0.000527118,0.00056538
0.000528282,0.000565948
0.000529445,0.000566544
0.000530608,0.000567126
0.000531772,0.000567708
0.000532936,0.00056829
0.0005341,0.000568872
0.000535264,0.000569439
0.000536427,0.000570035
0.000537592,0.000570632
0.000538755,0.000571185
0.000539918,0.000571781
0.000541082,0.000572377
0.000542246,0.00057293
0.00054341,0.000573541
0.000544573,0.000574108
0.000545737,0.000574705
0.000546901,0.000575258
0.000548065,0.000575868
0.000549228,0.000576436
0.000550392,0.000577018
0.000551556,0.000577614
0.00055272,0.000578182
0.000553883,0.000578778
0.000555047,0.000579345
0.000556211,0.000579927
0.000557375,0.000580523
0.000558538,0.000581091
0.000559702,0.000581673
0.000560866,0.000582269
0.00056203,0.000582837
0.000563193,0.000583418
0.000564357,0.000584
0.000565542,0.000595803
0.000566771,0.000608
0.000568046,0.000620548
0.000569367,0.000633477
0.000570736,0.000646787
0.000572155,0.000660495
0.000573624,0.000674585
0.000575146,0.000689058
0.000576721,0.000703944
0.000578351,0.000719202
0.000580038,0.000734873
0.000581782,0.000750944
0.000583587,0.000767375
0.000585451,0.000784237
0.000587377,0.000801443
0.000589367,0.000819068
0.000591421,0.000837053
0.000593542,0.000855401
0.00059573,0.000874111
0.000597986,0.000893156
0.000600312,0.000912564
0.000602708,0.000932251
0.000605177,0.000952289
0.00060772,0.000972577
0.000610335,0.000993146
0.000613025,0.00101395
0.00061579,0.00103501
0.000618632,0.00105623
0.00062155,0.00107766
0.000624546,0.0010992
0.000627619,0.00112087
0.000630769,0.00114261
0.000633997,0.0011644
0.000637304,0.00118621
0.000640688,0.00120796
0.000644148,0.00122967
0.000647686,0.00125127
0.0006513,0.00127271
0.000654989,0.00129394
0.000658751,0.00131496
0.000662587,0.00133565
0.000666496,0.00135605
0.000670474,0.00137604
0.000674521,0.00139561
0.000678634,0.0014147
0.000682812,0.00143326
0.000687053,0.00145124
0.000691353,0.00146861
0.000695711,0.00148529
0.000700123,0.00150128
0.000704587,0.0015165
0.000709098,0.00153091
0.000713655,0.0015445
0.000718255,0.00155719
0.000722893,0.00156898
0.000727565,0.00157981
0.000732268,0.00158965
0.000736998,0.00159848
0.000741751,0.00160632
0.000746522,0.00161305
0.000751309,0.00161873
0.000756106,0.00162333
0.000760909,0.000379253
0.000454093,0.000525364
0.000454093,0.000525377
0.000454093,0.000525389
0.000454093,0.000525402
0.000454093,0.000525414
0.000454093,0.000525427
0.000454093,0.000525439
0.000454093,0.000525452
0.000454093,0.000525464
0.000454093,0.000525476
0.000454093,0.000525489
0.000454093,0.000525501
0.000454093,0.000525513
0.000454093,0.000525526
0.000454093,0.000525538
0.000454093,0.00052555
0.000454093,0.000525562
0.000454093,0.000525574
0.000454093,0.000525587
0.000454093,0.000525599
0.000454093,0.000525611
0.000454093,0.000525623
0.000454093,0.000525636
0.000454093,0.000525647
0.000454093,0.000525659
0.000454093,0.000525671
0.000454093,0.000525683
0.000454093,0.000525695
0.000454093,0.000525708
0.000454093,0.000525719
0.000454093,0.000525731
0.000454093,0.000525743
0.000454093,0.000525755
0.000454093,0.000525767
0.000454093,0.000525779
0.000454093,0.00052579
0.000454093,0.000525802
0.000454093,0.000525815
0.000454093,0.000525826
0.000454093,0.000525837
0.000454093,0.00052585
0.000454093,0.00052586
0.000454093,0.000525872
0.000454093,0.000525885
0.000454093,0.000525896
0.000454093,0.000525908
0.000454093,0.000525919
0.000454093,0.00052593
0.000454093,0.000525943
0.000454093,0.000525954
0.000454093,0.000525965
0.000454093,0.000525977
0.000454093,0.000525987
0.000454093,0.000526
0.000454093,0.000526011
0.000454093,0.000526023
0.000454093,0.000526034
0.000454093,0.000526045
0.000454093,0.000526055
0.000454093,0.00052607
0.000454093,0.000526079
0.000454093,0.000526089
0.000454093,0.000526102
0.000454093,0.000526113
0.000454093,0.000526123
0.000454093,0.000526136
0.000454093,0.000526147
0.000454093,0.000526157
0.000454093,0.000526168
0.000454093,0.000526181
0.000454093,0.000526191
0.000454093,0.000526202
0.000454093,0.000526211
0.000454093,0.000526225
0.000454093,0.000526234
0.000454093,0.000526245
0.000454093,0.000526257
0.000454093,0.000526268
0.000454093,0.000526279
0.000454093,0.00052629
0.000454093,0.000526299
0.000454093,0.000526313
0.000454093,0.000526322
0.000454093,0.000526333
0.000454093,0.000526343
0.000452241,0.000528184
0.000448537,0.000526342
0.000444833,0.000524502
0.000441129,0.000522662
0.000437425,0.000520819
0.00043372,0.000518978
0.000430016,0.000517134
0.000426311,0.000515295
0.000422606,0.000513453
0.000418901,0.000511611
0.000415196,0.00050977
0.000411491,0.000507926
0.000407786,0.000506086
0.00040408,0.000504242
0.000400375,0.000502401
0.000396669,0.000500557
0.000392963,0.000498716
0.000389257,0.000496874
0.000385551,0.000495032
0.000381845,0.000493186
0.000378138,0.000491347
0.000374432,0.000489501
0.000370725,0.000487659
0.000367018,0.000485816
0.000363311,0.000483974
0.000359605,0.000482131
0.000355898,0.000480288
0.000352191,0.000478442
0.000348483,0.000476603
0.000344775,0.000474756
0.000341067,0.000472913
0.00033736,0.00047107
0.000333652,0.000469223
0.000329944,0.000467384
0.000326236,0.000465537
0.000322527,0.000463693
0.000318819,0.00046185
0.00031511,0.000460003
0.000311402,0.000458163
0.000307693,0.000456316
0.000303984,0.000454472
0.000300275,0.000452629
0.000296566,0.000450781
0.000292857,0.000448938
0.000289148,0.000447094
0.000285438,0.00044525
0.000281729,0.000443403
0.000278019,0.000441559
0.000274309,0.000439714
0.000270599,0.00043787
0.000266889,0.000436022
0.000263179,0.000434178
0.000259469,0.000432334
0.000255758,0.000430486
0.000252047,0.000428641
0.000248337,0.000426797
0.000244626,0.000424949
0.000240915,0.000423104
0.000237987,0.000427301
0.000235841,0.000426236
0.000233694,0.000425173
0.000231548,0.000424111
0.000229402,0.000423045
0.000227255,0.000421983
0.000225108,0.00042092
0.000222961,0.000419855
0.000220815,0.000418792
0.000218668,0.000417726
0.000216521,0.000416664
0.000214374,0.000415601
0.000212227,0.000414535
0.00021008,0.000413469
0.000207933,0.00041241
0.000205786,0.000411344
0.000203639,0.000410278
0.000201492,0.000409215
0.000201201,0.000402423
0.000202767,0.000403213
0.000204332,0.000404004
0.000205898,0.000404797
0.000207464,0.000405591
0.00020903,0.000406381
0.000210596,0.000407175
0.000212162,0.000407965
0.000213729,0.000408759
0.000215295,0.000409549
0.000216861,0.000410343
0.000218427,0.000411134
0.000219993,0.000411927
0.00022156,0.000412718
0.000223126,0.000413508
0.000224693,0.000414302
0.000226259,0.000415096
0.000227825,0.000415887
0.000229392,0.000416677
0.000230959,0.000417471
0.000232525,0.000418262
0.000234092,0.000419056
0.000234876,0.000417695
0.000234876,0.000417706
0.000234876,0.000417713
0.000234876,0.00041772
0.000234876,0.000417731
0.000234876,0.000417738
0.000234876,0.000417745
0.000234876,0.000417756
0.000234876,0.000417763
0.000234876,0.000417774
0.000234876,0.000417781
0.000234876,0.000417788
0.000234876,0.000417799
0.000234876,0.000417806
0.000234876,0.000417813
0.000234876,0.000417824
0.000234876,0.000417831
0.000234876,0.000417838
0.000234876,0.000417845
0.000234876,0.00041786
0.000234876,0.00041786
0.000234876,0.000417874
0.000234876,0.000417881
0.000234876,0.000417888
0.000234876,0.000417895
0.000234876,0.000417902
0.000234876,0.000417917
0.000234876,0.000417917
0.000234876,0.000417931
0.000234876,0.000417938
0.000234876,0.000417945
0.000234876,0.000417953
0.000234876,0.00041796
0.000234876,0.000417967
0.000234876,0.000417974
0.000234876,0.000417988
0.000234876,0.000417988
0.000234876,0.000418003
0.000234876,0.000418003
0.000234876,0.000418017
0.000234876,0.000418024
0.000234876,0.000418031
0.000234876,0.000418038
0.000234876,0.000418046
0.000234876,0.00041806
0.000234876,0.00041806
0.000234876,0.000418067
0.000234876,0.000418081
0.000234876,0.000418081
0.000234876,0.000418096
0.000234876,0.000418096
0.000234876,0.00041811
0.000234876,0.000418117
0.000234876,0.000418117
0.000234876,0.000418131
0.000234876,0.000418139
0.000234876,0.000418146
0.000234876,0.000418153
0.000234876,0.00041816
0.000234876,0.000418167
0.000234876,0.000418174
0.000234876,0.000418181
0.000234876,0.000418189
0.000234876,0.000418196
0.000234876,0.000418203
0.000234876,0.00041821
0.000234876,0.000418217
0.000234876,0.000418224
0.000234876,0.000418231
0.000234876,0.000418239
0.000234876,0.000418253
0.000234876,0.000418253
0.000234876,0.000418253
0.000234876,0.000418274
0.000234876,0.000418274
0.000234876,0.000418282
0.000234876,0.000418289
0.000234876,0.000418296
0.000234876,0.000418303
0.000234876,0.00041831
0.000234876,0.000418317
0.000234876,0.000418324
0.000234876,0.000418332
0.000234876,0.000418332
0.000234876,0.000418339
0.000234876,0.000418353
0.000234876,0.00041836
0.000234876,0.00041836
0.000234876,0.000418375
0.000234876,0.000418382
0.000234876,0.000418382
0.000234876,0.000418389
0.000234876,0.000418396
0.000234876,0.000418403
0.000234876,0.000418417
0.000234876,0.00041841
0.000234876,0.000418432
0.000234876,0.000418425
0.000234876,0.000418439
0.000234876,0.000418446
0.000234876,0.000418446
0.000234876,0.000418453
0.000234876,0.000418468
0.000234876,0.000418468
0.000234876,0.000418482
0.000234876,0.000418475
0.000234876,0.000418489
0.000234876,0.000418496
0.000234876,0.000418503
0.000234876,0.000418503
0.000235456,0.000418697
0.000236617,0.000419277
0.000237778,0.000419865
0.000238939,0.000420453
0.0002401,0.00042104
0.000241261,0.000421628
0.000242422,0.000422215
0.000243583,0.000422796
0.000244744,0.000423384
0.000245905,0.000423971
0.000247066,0.000424559
0.000248228,0.000425147
0.000249389,0.000425735
0.00025055,0.000426322
0.000251711,0.000426896
0.000252872,0.000427498
0.000254034,0.000428071
0.000255195,0.000428666
0.000256356,0.000429254
0.000257518,0.000429842
0.000258679,0.000430415
0.00025984,0.000431018
0.000261002,0.000431598
0.000262163,0.000432179
0.000263325,0.000432774
0.000264486,0.000433355
0.000265647,0.000433943
0.000266809,0.00043453
0.000267971,0.000435111
0.000269132,0.000435706
0.000270294,0.000436287
0.000271455,0.000436875
0.000272617,0.000437463
0.000273778,0.000438044
0.00027494,0.000438632
0.000276102,0.000439227
0.000277264,0.000439801
0.000278425,0.000440396
0.000279587,0.000440984
0.000280749,0.000441558
0.000281911,0.000442153
0.000283073,0.000442741
0.000284234,0.000443322
0.000285396,0.00044391
0.000286558,0.000444498
0.00028772,0.000445086
0.000288882,0.00044566
0.000290044,0.000446262
0.000291206,0.000446843
0.000292368,0.000447424
0.00029353,0.000448012
0.000294692,0.000448601
0.000295854,0.000449182
0.000297016,0.000449777
0.000298178,0.000450358
0.00029934,0.000450939
0.000300502,0.000451534
0.000301664,0.000452122
0.000302826,0.000452696
0.000303988,0.000453292
0.000305151,0.000453873
0.000306313,0.000454461
0.000307475,0.000455042
0.000308638,0.000455638
0.0003098,0.000456212
0.000310962,0.000456807
0.000312124,0.000457396
0.000313286,0.000457969
0.000314449,0.000458558
0.000315611,0.000459153
0.000316774,0.000459735
0.000317936,0.000460323
0.000319099,0.000460897
0.000320261,0.0004615
0.000321423,0.000462081
0.000322586,0.000462655
0.000323748,0.000463251
0.000324911,0.000463839
0.000326073,0.000464413
0.000327236,0.000465009
0.000328398,0.000465597
0.000329561,0.000466178
0.000330724,0.000466767
0.000331886,0.000467341
0.000333049,0.000467936
0.000334212,0.000468525
0.000335374,0.000469106
0.000336537,0.000469687
0.0003377,0.000470283
0.000338862,0.000470857
0.000340025,0.000471453
0.000341188,0.000472035
0.00034235,0.000472623
0.000343513,0.000473204
0.000344676,0.000473793
0.000345839,0.000474374
0.000347001,0.000474963
0.000348164,0.000475551
0.000349327,0.000476133
0.00035049,0.000476714
0.000351653,0.000477303
0.000352816,0.000477899
0.000353979,0.000478473
0.000355142,0.000479062
0.000356304,0.000479643
0.000357467,0.000480239
0.000358631,0.000480813
0.000359794,0.000481409
0.000360956,0.00048199
0.000362119,0.000482558
0.000363282,0.000483168
0.000364445,0.000483735
0.000365608,0.000484331
0.000366772,0.000484926
0.000367935,0.000485494
0.000369098,0.00048609
0.000370261,0.000486671
0.000371424,0.000487253
0.000372587,0.000487834
0.000373751,0.00048843
0.000374914,0.000489012
0.000376077,0.000489593
0.00037724,0.000490189
0.000378403,0.000490757
0.000379567,0.000491353
0.00038073,0.000491934
0.000381893,0.00049253
0.000383056,0.000493097
0.00038422,0.000493693
0.000385383,0.000494275
0.000386546,0.000494871
0.00038771,0.000495453
0.000388873,0.000496034
0.000390036,0.000496616
0.0003912,0.000497198
0.000392363,0.000497779
0.000393526,0.000498375
0.00039469,0.000498957
0.000395853,0.000499553
0.000397017,0.000500121
0.00039818,0.000500716
0.000399343,0.000501284
0.000400507,0.000501894
0.00040167,0.000502462
0.000402834,0.000503043
0.000403997,0.00050364
0.000405161,0.000504221
0.000406324,0.000504817
0.000407488,0.000505385
0.000408652,0.000505967
0.000409815,0.000506563
0.000410979,0.000507144
0.000412142,0.00050774
0.000413306,0.000508308
0.000414469,0.000508904
0.000415633,0.000509486
0.000416796,0.000510053
0.00041796,0.000510664
0.000419124,0.000511231
0.000420288,0.000511828
0.000421451,0.000512409
0.000422615,0.000512977
0.000423779,0.000513587
0.000424942,0.000514155
0.000426106,0.000514737
0.00042727,0.000515333
0.000428434,0.000515915
0.000429598,0.000516497
0.000430761,0.000517079
0.000431925,0.000517675
0.000433088,0.000518242
0.000434252,0.000518838
0.000435416,0.00051942
0.00043658,0.000520002
0.000437743,0.000520584
0.000438907,0.00052118
0.000440071,0.000521748
0.000441235,0.000522344
0.000442399,0.000522926
0.000443562,0.000523508
0.000444726,0.000524104
0.00044589,0.000524672
0.000447055,0.000525268
0.000448219,0.000525836
0.000449382,0.000526432
0.000450546,0.000527014
0.000451709,0.000527596
0.000452874,0.000528192
0.000454038,0.00052876
0.000455202,0.000529356
0.000456365,0.000529924
0.000457529,0.000530534
0.000458693,0.000531101
0.000459857,0.000531684
0.000461021,0.000532266
0.000462186,0.000532862
0.000463349,0.00053343
0.000464513,0.000534026
0.000465678,0.000534608
0.000466841,0.00053519
0.000468005,0.000535772
0.000469169,0.000536354
0.000470333,0.00053695
0.000471497,0.000537518
0.000472662,0.000538115
0.000473826,0.000538697
0.00047499,0.000539264
0.000476154,0.000539861
0.000477318,0.000540457
0.000478482,0.000541025
0.000479646,0.000541607
0.00048081,0.000542203
0.000481974,0.000542771
0.000483138,0.000543353
0.000484302,0.000543963
0.000485466,0.000544517
0.00048663,0.000545113
0.000487795,0.000545695
0.000488959,0.000546277
0.000490123,0.000546874
0.000491287,0.000547442
0.000492451,0.000548038
0.000493615,0.000548606
0.000494779,0.000549202
0.000495944,0.000549784
0.000497108,0.000550366
0.000498272,0.000550934
0.000499436,0.000551545
0.0005006,0.000552098
0.000501764,0.000552709
0.000502928,0.000553277
0.000504093,0.000553859
0.000505257,0.000554455
0.000506421,0.000555023
0.000507585,0.000555619
0.00050875,0.000556202
0.000509914,0.000556769
0.000511078,0.000557366
0.000512242,0.000557948
0.000513407,0.00055853
0.000514571,0.000559112
0.000515735,0.000559694
0.000516899,0.000560276
0.000518063,0.000560858
0.000519227,0.00056144
0.000520391,0.000562037
0.000521556,0.000562605
0.000522721,0.000563187
0.000523885,0.000563783
0.000525049,0.000564351
0.000526213,0.000564947
0.000527378,0.00056553
0.000528542,0.000566098
0.000529706,0.000566694
0.00053087,0.000567276
0.000532035,0.000567859
0.000533199,0.000568441
0.000534363,0.000569023
0.000535528,0.00056959
0.000536692,0.000570187
0.000537856,0.000570783
0.00053902,0.000571337
0.000540185,0.000571933
0.000541349,0.00057253
0.000542513,0.000573083
0.000543678,0.000573694
0.000544842,0.000574262
0.000546007,0.000574859
0.000547171,0.000575412
0.000548335,0.000576023
0.000549499,0.00057659
0.000550663,0.000577172
0.000551827,0.000577769
0.000552992,0.000578337
0.000554156,0.000578933
0.00055532,0.000579501
0.000556485,0.000580083
0.000557649,0.00058068
0.000558813,0.000581248
0.000559978,0.00058183
0.000561142,0.000582426
0.000562306,0.000582994
0.000563471,0.000583576
0.000564635,0.000584159
0.00056582,0.000595962
0.000567051,0.00060816
0.000568326,0.00062071
0.000569648,0.00063364
0.000571018,0.000646952
0.000572437,0.00066066
0.000573906,0.000674751
0.000575429,0.000689225
0.000577005,0.000704113
0.000578636,0.000719371
0.000580324,0.000735044
0.000582069,0.000751118
0.000583873,0.000767549
0.000585739,0.000784412
0.000587666,0.00080162
0.000589657,0.000819247
0.000591713,0.000837234
0.000593834,0.000855583
0.000596023,0.000874295
0.000598281,0.000893342
0.000600608,0.000912752
0.000603006,0.000932441
0.000605476,0.00095248
0.000608018,0.00097277
0.000610635,0.00099334
0.000613326,0.00101415
0.000616094,0.00103521
0.000618937,0.00105643
0.000621857,0.00107786
0.000624853,0.0010994
0.000627927,0.00112108
0.00063108,0.00114281
0.00063431,0.00116461
0.000637617,0.00118642
0.000641003,0.00120818
0.000644466,0.00122989
0.000648005,0.00125149
0.00065162,0.00127293
0.000655311,0.00129417
0.000659076,0.00131518
0.000662914,0.00133588
0.000666824,0.00135628
0.000670804,0.00137627
0.000674853,0.00139584
0.000678968,0.00141493
0.000683148,0.0014335
0.000687391,0.00145148
0.000691693,0.00146886
0.000696053,0.00148554
0.000700467,0.00150153
0.000704933,0.00151675
0.000709448,0.00153116
0.000714008,0.00154475
0.000718609,0.00155745
0.000723249,0.00156923
0.000727923,0.00158006
0.000732628,0.00158991
0.00073736,0.00159874
0.000742116,0.00160658
0.00074689,0.00161331
0.000751679,0.001619
0.000756479,0.0016236
0.000761284,0.00037944
0.000454302,0.000525469
0.000454302,0.000525481
0.000454302,0.000525494
0.000454302,0.000525506
0.000454302,0.000525519
0.000454302,0.000525531
0.000454302,0.000525544
0.000454302,0.000525556
0.000454302,0.000525569
0.000454302,0.000525581
0.000454302,0.000525593
0.000454302,0.000525606
0.000454302,0.000525618
0.000454302,0.00052563
0.000454302,0.000525642
0.000454302,0.000525655
0.000454302,0.000525667
0.000454302,0.000525679
0.000454302,0.000525692
0.000454302,0.000525703
0.000454302,0.000525716
0.000454302,0.000525728
0.000454302,0.00052574
0.000454302,0.000525752
0.000454302,0.000525764
0.000454302,0.000525776
0.000454302,0.000525788
0.000454302,0.0005258
0.000454302,0.000525812
0.000454302,0.000525824
0.000454302,0.000525835
0.000454302,0.000525848
0.000454302,0.00052586
0.000454302,0.000525871
0.000454302,0.000525884
0.000454302,0.000525894
0.000454302,0.000525907
0.000454302,0.000525919
0.000454302,0.00052593
0.000454302,0.000525942
0.000454302,0.000525954
0.000454302,0.000525965
0.000454302,0.000525977
0.000454302,0.000525989
0.000454302,0.000526001
0.000454302,0.000526012
0.000454302,0.000526023
0.000454302,0.000526035
0.000454302,0.000526047
0.000454302,0.000526059
0.000454302,0.00052607
0.000454302,0.000526081
0.000454302,0.000526092
0.000454302,0.000526105
0.000454302,0.000526115
0.000454302,0.000526128
0.000454302,0.000526139
0.000454302,0.000526149
0.000454302,0.00052616
0.000454302,0.000526174
0.000454302,0.000526183
0.000454302,0.000526194
0.000454302,0.000526206
0.000454302,0.000526217
0.000454302,0.000526228
0.000454302,0.00052624
0.000454302,0.000526251
0.000454302,0.000526262
0.000454302,0.000526273
0.000454302,0.000526285
0.000454302,0.000526296
0.000454302,0.000526307
0.000454302,0.000526316
0.000454302,0.00052633
0.000454302,0.000526339
0.000454302,0.00052635
0.000454302,0.000526362
0.000454302,0.000526373
0.000454302,0.000526384
0.000454302,0.000526394
0.000454302,0.000526403
0.000454302,0.000526417
0.000454302,0.000526426
0.000454302,0.000526437
0.000454302,0.000526448
0.000452449,0.000528498
0.000448744,0.000526656
0.000445037,0.000524814
0.000441331,0.000522973
0.000437626,0.000521129
0.00043392,0.000519288
0.000430213,0.000517443
0.000426507,0.000515603
0.000422801,0.000513761
0.000419094,0.000511918
0.000415387,0.000510075
0.00041168,0.000508231
0.000407973,0.00050639
0.000404266,0.000504545
0.000400559,0.000502703
0.000396851,0.000500858
0.000393143,0.000499017
0.000389436,0.000497174
0.000385728,0.000495331
0.00038202,0.000493484
0.000378312,0.000491644
0.000374604,0.000489797
0.000370896,0.000487954
0.000367187,0.000486111
0.000363479,0.000484267
0.00035977,0.000482424
0.000356061,0.00048058
0.000352352,0.000478733
0.000348643,0.000476893
0.000344934,0.000475046
0.000341225,0.000473202
0.000337515,0.000471358
0.000333805,0.00046951
0.000330095,0.00046767
0.000326386,0.000465822
0.000322676,0.000463978
0.000318967,0.000462134
0.000315256,0.000460286
0.000311546,0.000458445
0.000307835,0.000456597
0.000304125,0.000454753
0.000300414,0.000452908
0.000296703,0.00045106
0.000292992,0.000449215
0.000289281,0.00044737
0.000285569,0.000445526
0.000281858,0.000443677
0.000278146,0.000441832
0.000274435,0.000439988
0.000270724,0.000438143
0.000267012,0.000436294
0.0002633,0.000434449
0.000259588,0.000432604
0.000255876,0.000430755
0.000252163,0.000428909
0.000248451,0.000427064
0.000244739,0.000425215
0.000241026,0.00042337
0.000238096,0.000427599
0.000235949,0.000426533
0.000233801,0.00042547
0.000231654,0.000424408
0.000229507,0.000423341
0.000227359,0.000422278
0.000225212,0.000421216
0.000223064,0.000420149
0.000220916,0.000419086
0.000218769,0.00041802
0.000216621,0.000416957
0.000214473,0.000415894
0.000212325,0.000414827
0.000210177,0.000413761
0.000208029,0.000412701
0.000205881,0.000411635
0.000203733,0.000410568
0.000201584,0.000409505
0.000201293,0.000402377
0.00020286,0.000403168
0.000204427,0.000403958
0.000205993,0.000404752
0.00020756,0.000405546
0.000209126,0.000406337
0.000210693,0.000407131
0.00021226,0.000407921
0.000213827,0.000408716
0.000215394,0.000409506
0.000216961,0.000410301
0.000218527,0.000411091
0.000220094,0.000411885
0.000221662,0.000412676
0.000223229,0.000413467
0.000224796,0.000414262
0.000226363,0.000415056
0.000227931,0.000415847
0.000229498,0.000416638
0.000231065,0.000417432
0.000232632,0.000418223
0.0002342,0.000419017
0.000234984,0.000417749
0.000234984,0.00041776
0.000234984,0.000417767
0.000234984,0.000417774
0.000234984,0.000417785
0.000234984,0.000417792
0.000234984,0.000417799
0.000234984,0.00041781
0.000234984,0.000417817
0.000234984,0.000417828
0.000234984,0.000417835
0.000234984,0.000417842
0.000234984,0.000417853
0.000234984,0.00041786
0.000234984,0.000417867
0.000234984,0.000417878
0.000234984,0.000417885
0.000234984,0.000417892
0.000234984,0.000417899
0.000234984,0.000417914
0.000234984,0.000417914
0.000234984,0.000417928
0.000234984,0.000417935
0.000234984,0.000417942
0.000234984,0.000417949
0.000234984,0.000417957
0.000234984,0.000417971
0.000234984,0.000417971
0.000234984,0.000417985
0.000234984,0.000417992
0.000234984,0.000417999
0.000234984,0.000418007
0.000234984,0.000418014
0.000234984,0.000418021
0.000234984,0.000418028
0.000234984,0.000418042
0.000234984,0.000418042
0.000234984,0.000418057
0.000234984,0.000418057
0.000234984,0.000418071
0.000234984,0.000418078
0.000234984,0.000418085
0.000234984,0.000418092
0.000234984,0.0004181
0.000234984,0.000418114
0.000234984,0.000418114
0.000234984,0.000418121
0.000234984,0.000418135
0.000234984,0.000418135
0.000234984,0.00041815
0.000234984,0.00041815
0.000234984,0.000418164
0.000234984,0.000418171
0.000234984,0.000418171
0.000234984,0.000418185
0.000234984,0.000418193
0.000234984,0.0004182
0.000234984,0.000418207
0.000234984,0.000418214
0.000234984,0.000418221
0.000234984,0.000418228
0.000234984,0.000418236
0.000234984,0.000418243
0.000234984,0.00041825
0.000234984,0.000418257
0.000234984,0.000418264
0.000234984,0.000418271
0.000234984,0.000418278
0.000234984,0.000418286
0.000234984,0.000418293
0.000234984,0.000418307
0.000234984,0.000418307
0.000234984,0.000418307
0.000234984,0.000418328
0.000234984,0.000418328
0.000234984,0.000418336
0.000234984,0.000418343
0.000234984,0.00041835
0.000234984,0.000418357
0.000234984,0.000418364
0.000234984,0.000418371
0.000234984,0.000418379
0.000234984,0.000418386
0.000234984,0.000418386
0.000234984,0.000418393
0.000234984,0.000418407
0.000234984,0.000418414
0.000234984,0.000418414
0.000234984,0.000418429
0.000234984,0.000418436
0.000234984,0.000418436
0.000234984,0.000418443
0.000234984,0.00041845
0.000234984,0.000418457
0.000234984,0.000418472
0.000234984,0.000418464
0.000234984,0.000418486
0.000234984,0.000418479
0.000234984,0.000418493
0.000234984,0.0004185
0.000234984,0.0004185
0.000234984,0.000418507
0.000234984,0.000418522
0.000234984,0.000418522
0.000234984,0.000418536
0.000234984,0.000418529
0.000234984,0.000418543
0.000234984,0.00041855
0.000234984,0.000418557
0.000234984,0.000418557
0.000235564,0.000418771
0.000236726,0.000419352
0.000237887,0.00041994
0.000239049,0.000420528
0.00024021,0.000421116
0.000241372,0.000421704
0.000242534,0.000422292
0.000243695,0.000422873
0.000244857,0.00042346
0.000246018,0.000424049
0.00024718,0.000424636
0.000248342,0.000425224
0.000249504,0.000425812
0.000250665,0.000426401
0.000251827,0.000426974
0.000252989,0.000427577
0.00025415,0.00042815
0.000255312,0.000428745
0.000256474,0.000429333
0.000257636,0.000429921
0.000258798,0.000430495
0.00025996,0.000431098
0.000261122,0.000431679
0.000262284,0.00043226
0.000263446,0.000432855
0.000264608,0.000433436
0.00026577,0.000434024
0.000266932,0.000434612
0.000268094,0.000435193
0.000269256,0.000435789
0.000270418,0.00043637
0.00027158,0.000436958
0.000272742,0.000437546
0.000273905,0.000438127
0.000275067,0.000438716
0.000276229,0.000439311
0.000277391,0.000439885
0.000278554,0.000440481
0.000279716,0.000441069
0.000280878,0.000441643
0.000282041,0.000442238
0.000283203,0.000442827
0.000284365,0.000443408
0.000285527,0.000443996
0.00028669,0.000444584
0.000287853,0.000445173
0.000289015,0.000445747
0.000290177,0.000446349
0.00029134,0.000446931
0.000292502,0.000447512
0.000293665,0.0004481
0.000294827,0.000448689
0.00029599,0.00044927
0.000297152,0.000449866
0.000298315,0.000450447
0.000299478,0.000451028
0.000300641,0.000451624
0.000301803,0.000452213
0.000302966,0.000452787
0.000304129,0.000453382
0.000305291,0.000453964
0.000306454,0.000454552
0.000307617,0.000455134
0.000308779,0.000455729
0.000309942,0.000456303
0.000311105,0.000456899
0.000312268,0.000457488
0.000313431,0.000458062
0.000314594,0.000458651
0.000315757,0.000459246
0.000316919,0.000459828
0.000318082,0.000460416
0.000319245,0.000460991
0.000320408,0.000461594
0.000321571,0.000462175
0.000322734,0.000462749
0.000323897,0.000463345
0.00032506,0.000463934
0.000326223,0.000464508
0.000327386,0.000465104
0.000328549,0.000465693
0.000329712,0.000466274
0.000330876,0.000466863
0.000332039,0.000467438
0.000333202,0.000468034
0.000334365,0.000468622
0.000335528,0.000469204
0.000336692,0.000469786
0.000337855,0.000470381
0.000339018,0.000470956
0.000340181,0.000471552
0.000341344,0.000472133
0.000342508,0.000472722
0.000343671,0.000473304
0.000344834,0.000473893
0.000345998,0.000474474
0.000347161,0.000475063
0.000348325,0.000475652
0.000349488,0.000476234
0.000350651,0.000476815
0.000351815,0.000477404
0.000352978,0.000478
0.000354142,0.000478575
0.000355305,0.000479164
0.000356468,0.000479745
0.000357632,0.000480341
0.000358795,0.000480916
0.000359959,0.000481512
0.000361123,0.000482094
0.000362286,0.000482661
0.00036345,0.000483272
0.000364613,0.000483839
0.000365777,0.000484435
0.00036694,0.000485032
0.000368104,0.000485599
0.000369268,0.000486195
0.000370431,0.000486777
0.000371595,0.000487359
0.000372759,0.000487941
0.000373923,0.000488537
0.000375086,0.000489119
0.00037625,0.0004897
0.000377413,0.000490297
0.000378577,0.000490864
0.000379741,0.00049146
0.000380905,0.000492042
0.000382069,0.000492639
0.000383232,0.000493206
0.000384396,0.000493802
0.00038556,0.000494384
0.000386724,0.00049498
0.000387888,0.000495562
0.000389052,0.000496144
0.000390216,0.000496726
0.000391379,0.000497308
0.000392544,0.00049789
0.000393708,0.000498486
0.000394871,0.000499069
0.000396035,0.000499665
0.000397199,0.000500232
0.000398363,0.000500828
0.000399527,0.000501396
0.000400691,0.000502007
0.000401855,0.000502575
0.000403019,0.000503156
0.000404183,0.000503753
0.000405347,0.000504335
0.000406511,0.000504931
0.000407675,0.000505499
0.000408839,0.000506081
0.000410003,0.000506677
0.000411168,0.000507259
0.000412332,0.000507856
0.000413496,0.000508424
0.00041466,0.00050902
0.000415824,0.000509602
0.000416988,0.00051017
0.000418152,0.00051078
0.000419316,0.000511348
0.000420481,0.000511944
0.000421645,0.000512527
0.000422809,0.000513095
0.000423973,0.000513705
0.000425138,0.000514273
0.000426302,0.000514855
0.000427466,0.000515452
0.00042863,0.000516034
0.000429794,0.000516616
0.000430959,0.000517198
0.000432123,0.000517794
0.000433288,0.000518362
0.000434452,0.000518959
0.000435616,0.000519541
0.000436781,0.000520123
0.000437945,0.000520705
0.000439109,0.000521302
0.000440273,0.000521869
0.000441438,0.000522466
0.000442602,0.000523048
0.000443767,0.000523631
0.000444931,0.000524227
0.000446096,0.000524795
0.00044726,0.000525392
0.000448424,0.000525959
0.000449588,0.000526556
0.000450753,0.000527138
0.000451918,0.00052772
0.000453082,0.000528317
0.000454246,0.000528885
0.000455411,0.000529481
0.000456575,0.000530049
0.00045774,0.00053066
0.000458905,0.000531228
0.000460069,0.00053181
0.000461234,0.000532393
0.000462398,0.000532989
0.000463563,0.000533557
0.000464727,0.000534154
0.000465891,0.000534736
0.000467056,0.000535318
0.000468221,0.0005359
0.000469385,0.000536483
0.00047055,0.000537079
0.000471714,0.000537647
0.000472879,0.000538244
0.000474043,0.000538826
0.000475208,0.000539394
0.000476372,0.00053999
0.000477537,0.000540587
0.000478702,0.000541155
0.000479867,0.000541738
0.000481031,0.000542334
0.000482196,0.000542902
0.00048336,0.000543484
0.000484525,0.000544096
0.000485689,0.000544649
0.000486854,0.000545246
0.000488019,0.000545828
0.000489184,0.000546411
0.000490348,0.000547007
0.000491513,0.000547575
0.000492678,0.000548172
0.000493843,0.00054874
0.000495007,0.000549337
0.000496172,0.000549919
0.000497337,0.000550501
0.000498501,0.000551069
0.000499666,0.00055168
0.000500831,0.000552234
0.000501996,0.000552845
0.00050316,0.000553413
0.000504325,0.000553995
0.00050549,0.000554592
0.000506655,0.00055516
0.000507819,0.000555757
0.000508984,0.000556339
0.000510148,0.000556907
0.000511313,0.000557503
0.000512478,0.000558086
0.000513643,0.000558668
0.000514808,0.000559251
0.000515973,0.000559833
0.000517137,0.000560416
0.000518302,0.000560998
0.000519467,0.00056158
0.000520632,0.000562177
0.000521796,0.000562745
0.000522961,0.000563328
0.000524126,0.000563924
0.000525291,0.000564492
0.000526455,0.000565089
0.00052762,0.000565671
0.000528785,0.00056624
0.00052995,0.000566836
0.000531114,0.000567419
0.000532279,0.000568001
0.000533444,0.000568583
0.000534609,0.000569166
0.000535773,0.000569734
0.000536938,0.000570331
0.000538103,0.000570927
0.000539268,0.000571481
0.000540433,0.000572078
0.000541598,0.000572675
0.000542763,0.000573229
0.000543927,0.000573839
0.000545092,0.000574408
0.000546257,0.000575004
0.000547422,0.000575558
0.000548587,0.000576169
0.000549752,0.000576738
0.000550917,0.00057732
0.000552082,0.000577917
0.000553246,0.000578485
0.000554411,0.000579081
0.000555576,0.00057965
0.000556741,0.000580232
0.000557905,0.000580828
0.000559071,0.000581397
0.000560236,0.00058198
0.0005614,0.000582576
0.000562565,0.000583144
0.00056373,0.000583727
0.000564895,0.000584309
0.000566082,0.000596114
0.000567312,0.000608313
0.000568588,0.000620863
0.00056991,0.000633795
0.000571281,0.000647107
0.000572701,0.000660817
0.000574172,0.000674909
0.000575694,0.000689385
0.00057727,0.000704274
0.000578903,0.000719534
0.000580591,0.000735208
0.000582336,0.000751282
0.000584142,0.000767716
0.000586009,0.00078458
0.000587937,0.00080179
0.000589928,0.000819418
0.000591985,0.000837407
0.000594107,0.000855758
0.000596297,0.000874471
0.000598556,0.00089352
0.000600884,0.000912931
0.000603283,0.000932622
0.000605754,0.000952663
0.000608298,0.000972955
0.000610916,0.000993527
0.000613609,0.00101434
0.000616377,0.0010354
0.000619221,0.00105663
0.000622142,0.00107805
0.000625141,0.0010996
0.000628217,0.00112127
0.000631371,0.00114302
0.000634602,0.00116481
0.000637911,0.00118663
0.000641298,0.00120839
0.000644762,0.0012301
0.000648303,0.0012517
0.00065192,0.00127315
0.000655612,0.00129438
0.00065938,0.0013154
0.00066322,0.0013361
0.000667131,0.0013565
0.000671113,0.0013765
0.000675164,0.00139607
0.000679281,0.00141516
0.000683463,0.00143373
0.000687708,0.00145171
0.000692012,0.00146909
0.000696374,0.00148577
0.00070079,0.00150177
0.000705258,0.00151699
0.000709774,0.0015314
0.000714336,0.00154499
0.00071894,0.00155769
0.000723581,0.00156948
0.000728258,0.00158031
0.000732966,0.00159016
0.0007377,0.00159899
0.000742458,0.00160683
0.000747234,0.00161357
0.000752025,0.00161925
0.000756826,0.00162386
0.000761635,0.000379615
0.000454497,0.000525566
0.000454497,0.000525579
0.000454497,0.000525591
0.000454497,0.000525604
0.000454497,0.000525616
0.000454497,0.000525629
0.000454497,0.000525641
0.000454497,0.000525654
0.000454497,0.000525666
0.000454497,0.000525678
0.000454497,0.000525691
0.000454497,0.000525703
0.000454497,0.000525715
0.000454497,0.000525728
0.000454497,0.00052574
0.000454497,0.000525752
0.000454497,0.000525764
0.000454497,0.000525776
0.000454497,0.000525789
0.000454497,0.000525801
0.000454497,0.000525813
0.000454497,0.000525825
0.000454497,0.000525838
0.000454497,0.000525849
0.000454497,0.000525861
0.000454497,0.000525873
0.000454497,0.000525886
0.000454497,0.000525897
0.000454497,0.00052591
0.000454497,0.000525921
0.000454497,0.000525933
0.000454497,0.000525945
0.000454497,0.000525957
0.000454497,0.000525969
0.000454497,0.000525981
0.000454497,0.000525992
0.000454497,0.000526004
0.000454497,0.000526017
0.000454497,0.000526028
0.000454497,0.000526039
0.000454497,0.000526052
0.000454497,0.000526063
0.000454497,0.000526074
0.000454497,0.000526087
0.000454497,0.000526098
0.000454497,0.00052611
0.000454497,0.000526121
0.000454497,0.000526132
0.000454497,0.000526145
0.000454497,0.000526156
0.000454497,0.000526167
0.000454497,0.000526179
0.000454497,0.00052619
0.000454497,0.000526202
0.000454497,0.000526213
0.000454497,0.000526225
0.000454497,0.000526236
0.000454497,0.000526247
0.000454497,0.000526257
0.000454497,0.000526272
0.000454497,0.000526281
0.000454497,0.000526291
0.000454497,0.000526304
0.000454497,0.000526315
0.000454497,0.000526325
0.000454497,0.000526338
0.000454497,0.000526349
0.000454497,0.000526359
0.000454497,0.00052637
0.000454497,0.000526383
0.000454497,0.000526393
0.000454497,0.000526404
0.000454497,0.000526413
0.000454497,0.000526427
0.000454497,0.000526436
0.000454497,0.000526447
0.000454497,0.00052646
0.000454497,0.00052647
0.000454497,0.000526481
0.000454497,0.000526492
0.000454497,0.000526501
0.000454497,0.000526515
0.000454497,0.000526524
0.000454497,0.000526535
0.000454497,0.000526545
0.000452643,0.000528816
0.000448935,0.000526973
0.000445228,0.00052513
0.000441521,0.000523289
0.000437813,0.000521445
0.000434105,0.000519602
0.000430397,0.000517757
0.000426689,0.000515915
0.000422981,0.000514072
0.000419273,0.000512229
0.000415564,0.000510385
0.000411856,0.00050854
0.000408147,0.000506698
0.000404438,0.000504853
0.00040073,0.000503009
0.000397021,0.000501164
0.000393312,0.000499322
0.000389602,0.000497479
0.000385893,0.000495634
0.000382183,0.000493787
0.000378474,0.000491946
0.000374764,0.000490099
0.000371054,0.000488255
0.000367344,0.000486411
0.000363634,0.000484567
0.000359923,0.000482722
0.000356213,0.000480877
0.000352503,0.00047903
0.000348791,0.000477189
0.00034508,0.00047534
0.00034137,0.000473496
0.000337659,0.000471651
0.000333948,0.000469803
0.000330237,0.000467962
0.000326525,0.000466113
0.000322814,0.000464269
0.000319102,0.000462423
0.00031539,0.000460574
0.000311678,0.000458733
0.000307966,0.000456884
0.000304254,0.000455039
0.000300542,0.000453194
0.000296829,0.000451345
0.000293117,0.000449499
0.000289404,0.000447654
0.000285691,0.000445808
0.000281979,0.000443959
0.000278266,0.000442114
0.000274552,0.000440268
0.000270839,0.000438422
0.000267125,0.000436572
0.000263412,0.000434727
0.000259699,0.000432881
0.000255985,0.000431031
0.000252272,0.000429185
0.000248557,0.000427339
0.000244843,0.000425489
0.000241129,0.000423643
0.000238198,0.000427897
0.00023605,0.00042683
0.000233902,0.000425767
0.000231753,0.000424704
0.000229605,0.000423637
0.000227456,0.000422574
0.000225308,0.000421511
0.000223159,0.000420444
0.000221011,0.00041938
0.000218862,0.000418314
0.000216713,0.00041725
0.000214564,0.000416187
0.000212416,0.00041512
0.000210267,0.000414053
0.000208118,0.000412993
0.000205968,0.000411926
0.000203819,0.000410859
0.00020167,0.000409795
0.000201379,0.000402329
0.000202946,0.00040312
0.000204514,0.000403911
0.000206081,0.000404705
0.000207648,0.0004055
0.000209216,0.000406291
0.000210783,0.000407085
0.00021235,0.000407876
0.000213918,0.000408671
0.000215486,0.000409462
0.000217053,0.000410256
0.000218621,0.000411047
0.000220189,0.000411842
0.000221756,0.000412633
0.000223324,0.000413424
0.000224892,0.000414219
0.00022646,0.000415013
0.000228028,0.000415805
0.000229596,0.000416596
0.000231164,0.000417391
0.000232732,0.000418182
0.0002343,0.000418977
0.000235084,0.000417799
0.000235084,0.00041781
0.000235084,0.000417817
0.000235084,0.000417824
0.000235084,0.000417835
0.000235084,0.000417842
0.000235084,0.000417849
0.000235084,0.00041786
0.000235084,0.000417867
0.000235084,0.000417878
0.000235084,0.000417885
0.000235084,0.000417892
0.000235084,0.000417903
0.000235084,0.00041791
0.000235084,0.000417917
0.000235084,0.000417928
0.000235084,0.000417935
0.000235084,0.000417942
0.000235084,0.000417949
0.000235084,0.000417964
0.000235084,0.000417964
0.000235084,0.000417978
0.000235084,0.000417985
0.000235084,0.000417992
0.000235084,0.000417999
0.000235084,0.000418007
0.000235084,0.000418021
0.000235084,0.000418021
0.000235084,0.000418035
0.000235084,0.000418042
0.000235084,0.00041805
0.000235084,0.000418057
0.000235084,0.000418064
0.000235084,0.000418071
0.000235084,0.000418078
0.000235084,0.000418092
0.000235084,0.000418092
0.000235084,0.000418107
0.000235084,0.000418107
0.000235084,0.000418121
0.000235084,0.000418128
0.000235084,0.000418135
0.000235084,0.000418143
0.000235084,0.00041815
0.000235084,0.000418164
0.000235084,0.000418164
0.000235084,0.000418171
0.000235084,0.000418185
0.000235084,0.000418185
0.000235084,0.0004182
0.000235084,0.0004182
0.000235084,0.000418214
0.000235084,0.000418221
0.000235084,0.000418221
0.000235084,0.000418236
0.000235084,0.000418243
0.000235084,0.00041825
0.000235084,0.000418257
0.000235084,0.000418264
0.000235084,0.000418271
0.000235084,0.000418278
0.000235084,0.000418286
0.000235084,0.000418293
0.000235084,0.0004183
0.000235084,0.000418307
0.000235084,0.000418314
0.000235084,0.000418321
0.000235084,0.000418328
0.000235084,0.000418336
0.000235084,0.000418343
0.000235084,0.000418357
0.000235084,0.000418357
0.000235084,0.000418357
0.000235084,0.000418379
0.000235084,0.000418379
0.000235084,0.000418386
0.000235084,0.000418393
0.000235084,0.0004184
0.000235084,0.000418407
0.000235084,0.000418414
0.000235084,0.000418421
0.000235084,0.000418429
0.000235084,0.000418436
0.000235084,0.000418436
0.000235084,0.000418443
0.000235084,0.000418457
0.000235084,0.000418464
0.000235084,0.000418464
0.000235084,0.000418479
0.000235084,0.000418486
0.000235084,0.000418486
0.000235084,0.000418493
0.000235084,0.0004185
0.000235084,0.000418507
0.000235084,0.000418522
0.000235084,0.000418514
0.000235084,0.000418536
0.000235084,0.000418529
0.000235084,0.000418543
0.000235084,0.00041855
0.000235084,0.00041855
0.000235084,0.000418557
0.000235084,0.000418572
0.000235084,0.000418572
0.000235084,0.000418586
0.000235084,0.000418579
0.000235084,0.000418593
0.000235084,0.0004186
0.000235084,0.000418607
0.000235084,0.000418607
0.000235665,0.000418843
0.000236827,0.000419424
0.000237989,0.000420012
0.000239151,0.0004206
0.000240313,0.000421189
0.000241475,0.000421777
0.000242637,0.000422365
0.000243799,0.000422946
0.000244961,0.000423534
0.000246124,0.000424123
0.000247286,0.000424711
0.000248448,0.000425299
0.00024961,0.000425887
0.000250772,0.000426475
0.000251935,0.00042705
0.000253097,0.000427652
0.000254259,0.000428226
0.000255421,0.000428822
0.000256584,0.00042941
0.000257746,0.000429998
0.000258908,0.000430572
0.000260071,0.000431175
0.000261233,0.000431756
0.000262396,0.000432337
0.000263558,0.000432933
0.000264721,0.000433514
0.000265883,0.000434103
0.000267046,0.000434691
0.000268209,0.000435272
0.000269371,0.000435868
0.000270534,0.000436449
0.000271696,0.000437038
0.000272859,0.000437626
0.000274022,0.000438208
0.000275184,0.000438796
0.000276347,0.000439392
0.00027751,0.000439966
0.000278672,0.000440561
0.000279835,0.00044115
0.000280998,0.000441724
0.000282161,0.00044232
0.000283324,0.000442909
0.000284486,0.00044349
0.000285649,0.000444079
0.000286812,0.000444667
0.000287975,0.000445256
0.000289138,0.00044583
0.000290301,0.000446433
0.000291464,0.000447015
0.000292627,0.000447596
0.00029379,0.000448185
0.000294953,0.000448774
0.000296116,0.000449355
0.00029728,0.000449951
0.000298442,0.000450532
0.000299605,0.000451114
0.000300769,0.00045171
0.000301932,0.000452298
0.000303095,0.000452873
0.000304258,0.000453469
0.000305422,0.00045405
0.000306585,0.000454639
0.000307748,0.000455221
0.000308911,0.000455817
0.000310075,0.000456391
0.000311238,0.000456987
0.000312401,0.000457576
0.000313565,0.000458151
0.000314728,0.000458739
0.000315891,0.000459335
0.000317055,0.000459917
0.000318218,0.000460506
0.000319382,0.000461081
0.000320545,0.000461684
0.000321709,0.000462266
0.000322872,0.00046284
0.000324036,0.000463436
0.000325199,0.000464025
0.000326363,0.0004646
0.000327526,0.000465196
0.00032869,0.000465785
0.000329853,0.000466366
0.000331017,0.000466955
0.000332181,0.00046753
0.000333344,0.000468126
0.000334508,0.000468715
0.000335672,0.000469297
0.000336835,0.000469879
0.000337999,0.000470475
0.000339163,0.00047105
0.000340327,0.000471646
0.00034149,0.000472228
0.000342654,0.000472817
0.000343818,0.000473399
0.000344982,0.000473988
0.000346146,0.00047457
0.000347309,0.000475159
0.000348473,0.000475748
0.000349637,0.00047633
0.000350801,0.000476912
0.000351965,0.000477501
0.000353128,0.000478097
0.000354293,0.000478672
0.000355457,0.000479261
0.000356621,0.000479843
0.000357785,0.000480439
0.000358949,0.000481014
0.000360113,0.00048161
0.000361277,0.000482193
0.000362441,0.00048276
0.000363605,0.000483371
0.000364769,0.000483939
0.000365933,0.000484535
0.000367097,0.000485131
0.000368261,0.000485699
0.000369426,0.000486296
0.00037059,0.000486878
0.000371754,0.00048746
0.000372918,0.000488042
0.000374082,0.000488638
0.000375246,0.00048922
0.00037641,0.000489802
0.000377575,0.000490399
0.000378739,0.000490967
0.000379903,0.000491563
0.000381067,0.000492145
0.000382232,0.000492741
0.000383396,0.00049331
0.00038456,0.000493906
0.000385725,0.000494488
0.000386889,0.000495085
0.000388054,0.000495667
0.000389218,0.000496249
0.000390383,0.000496831
0.000391547,0.000497413
0.000392711,0.000497996
0.000393875,0.000498592
0.00039504,0.000499174
0.000396204,0.000499771
0.000397369,0.000500339
0.000398533,0.000500935
0.000399698,0.000501503
0.000400862,0.000502114
0.000402027,0.000502682
0.000403191,0.000503264
0.000404356,0.000503861
0.000405521,0.000504443
0.000406685,0.00050504
0.00040785,0.000505608
0.000409014,0.00050619
0.000410179,0.000506787
0.000411344,0.000507369
0.000412508,0.000507965
0.000413672,0.000508533
0.000414837,0.00050913
0.000416002,0.000509713
0.000417167,0.000510281
0.000418331,0.000510891
0.000419496,0.00051146
0.000420661,0.000512056
0.000421825,0.000512638
0.00042299,0.000513207
0.000424155,0.000513818
0.000425319,0.000514385
0.000426484,0.000514967
0.000427649,0.000515565
0.000428813,0.000516147
0.000429978,0.000516729
0.000431143,0.000517312
0.000432308,0.000517908
0.000433472,0.000518476
0.000434638,0.000519073
0.000435802,0.000519656
0.000436967,0.000520238
0.000438132,0.00052082
0.000439297,0.000521417
0.000440462,0.000521985
0.000441627,0.000522582
0.000442792,0.000523165
0.000443956,0.000523747
0.000445121,0.000524344
0.000446286,0.000524912
0.000447451,0.000525509
0.000448616,0.000526077
0.000449781,0.000526674
0.000450946,0.000527256
0.00045211,0.000527838
0.000453275,0.000528435
0.00045444,0.000529003
0.000455605,0.0005296
0.000456771,0.000530168
0.000457936,0.00053078
0.000459101,0.000531348
0.000460266,0.00053193
0.000461431,0.000532513
0.000462596,0.000533109
0.00046376,0.000533678
0.000464925,0.000534274
0.000466091,0.000534857
0.000467256,0.000535439
0.000468421,0.000536022
0.000469586,0.000536604
0.000470751,0.000537201
0.000471916,0.00053777
0.000473081,0.000538366
0.000474246,0.000538949
0.000475411,0.000539517
0.000476576,0.000540114
0.000477741,0.000540711
0.000478906,0.000541279
0.000480071,0.000541862
0.000481236,0.000542458
0.000482402,0.000543027
0.000483567,0.000543609
0.000484732,0.000544221
0.000485897,0.000544774
0.000487062,0.000545371
0.000488227,0.000545954
0.000489392,0.000546536
0.000490558,0.000547133
0.000491723,0.000547702
0.000492888,0.000548299
0.000494053,0.000548867
0.000495218,0.000549464
0.000496383,0.000550046
0.000497549,0.000550629
0.000498714,0.000551197
0.000499879,0.000551809
0.000501045,0.000552362
0.00050221,0.000552974
0.000503375,0.000553542
0.000504541,0.000554125
0.000505706,0.000554722
0.000506871,0.00055529
0.000508036,0.000555887
0.000509201,0.000556469
0.000510367,0.000557038
0.000511532,0.000557635
0.000512697,0.000558217
0.000513862,0.0005588
0.000515027,0.000559382
0.000516192,0.000559965
0.000517357,0.000560548
0.000518523,0.00056113
0.000519689,0.000561713
0.000520854,0.00056231
0.000522019,0.000562879
0.000523184,0.000563461
0.00052435,0.000564058
0.000525515,0.000564626
0.00052668,0.000565223
0.000527846,0.000565806
0.000529011,0.000566374
0.000530176,0.000566971
0.000531342,0.000567554
0.000532507,0.000568137
0.000533672,0.000568719
0.000534838,0.000569302
0.000536003,0.000569871
0.000537168,0.000570467
0.000538334,0.000571064
0.000539499,0.000571618
0.000540664,0.000572215
0.000541829,0.000572812
0.000542995,0.000573366
0.00054416,0.000573977
0.000545325,0.000574546
0.00054649,0.000575142
0.000547656,0.000575697
0.000548821,0.000576308
0.000549987,0.000576877
0.000551151,0.000577459
0.000552317,0.000578056
0.000553482,0.000578624
0.000554648,0.000579221
0.000555813,0.00057979
0.000556979,0.000580372
0.000558144,0.00058097
0.000559309,0.000581538
0.000560474,0.00058212
0.00056164,0.000582717
0.000562805,0.000583286
0.000563971,0.000583869
0.000565136,0.000584451
0.000566323,0.000596257
0.000567554,0.000608457
0.00056883,0.000621009
0.000570153,0.000633941
0.000571524,0.000647255
0.000572944,0.000660966
0.000574416,0.000675059
0.00057594,0.000689536
0.000577517,0.000704427
0.000579149,0.000719688
0.000580839,0.000735364
0.000582586,0.00075144
0.000584392,0.000767875
0.000586258,0.000784741
0.000588187,0.000801952
0.00059018,0.000819581
0.000592238,0.000837572
0.000594361,0.000855925
0.000596552,0.00087464
0.000598812,0.00089369
0.000601141,0.000913104
0.000603541,0.000932796
0.000606013,0.000952839
0.000608558,0.000973133
0.000611178,0.000993707
0.000613871,0.00101452
0.000616641,0.00103558
0.000619486,0.00105681
0.000622408,0.00107824
0.000625408,0.00109979
0.000628485,0.00112147
0.00063164,0.00114321
0.000634873,0.00116501
0.000638184,0.00118683
0.000641572,0.00120859
0.000645038,0.0012303
0.00064858,0.00125191
0.000652199,0.00127335
0.000655893,0.00129459
0.000659661,0.00131561
0.000663502,0.00133631
0.000667416,0.00135672
0.0006714,0.00137672
0.000675452,0.00139629
0.000679572,0.00141538
0.000683755,0.00143395
0.000688001,0.00145194
0.000692307,0.00146932
0.000696671,0.001486
0.000701089,0.001502
0.000705559,0.00151722
0.000710078,0.00153164
0.000714641,0.00154523
0.000719247,0.00155793
0.000723891,0.00156972
0.00072857,0.00158056
0.000733279,0.0015904
0.000738015,0.00159924
0.000742774,0.00160708
0.000747553,0.00161382
0.000752346,0.0016195
0.00075715,0.00162411
0.00076196,0.000379777
0.000454675,0.000525655
0.000454675,0.000525668
0.000454675,0.00052568
0.000454675,0.000525693
0.000454675,0.000525705
0.000454675,0.000525718
0.000454675,0.00052573
0.000454675,0.000525743
0.000454675,0.000525755
0.000454675,0.000525767
0.000454675,0.00052578
0.000454675,0.000525792
0.000454675,0.000525804
0.000454675,0.000525817
0.000454675,0.000525829
0.000454675,0.000525841
0.000454675,0.000525853
0.000454675,0.000525865
0.000454675,0.000525878
0.000454675,0.00052589
0.000454675,0.000525902
0.000454675,0.000525914
0.000454675,0.000525927
0.000454675,0.000525938
0.000454675,0.00052595
0.000454675,0.000525962
0.000454675,0.000525974
0.000454675,0.000525986
0.000454675,0.000525999
0.000454675,0.00052601
0.000454675,0.000526022
0.000454675,0.000526034
0.000454675,0.000526046
0.000454675,0.000526058
0.000454675,0.00052607
0.000454675,0.000526081
0.000454675,0.000526093
0.000454675,0.000526106
0.000454675,0.000526117
0.000454675,0.000526128
0.000454675,0.000526141
0.000454675,0.000526152
0.000454675,0.000526163
0.000454675,0.000526176
0.000454675,0.000526187
0.000454675,0.000526199
0.000454675,0.00052621
0.000454675,0.000526221
0.000454675,0.000526234
0.000454675,0.000526245
0.000454675,0.000526256
0.000454675,0.000526268
0.000454675,0.000526278
0.000454675,0.000526291
0.000454675,0.000526302
0.000454675,0.000526314
0.000454675,0.000526325
0.000454675,0.000526336
0.000454675,0.000526346
0.000454675,0.000526361
0.000454675,0.00052637
0.000454675,0.00052638
0.000454675,0.000526393
0.000454675,0.000526404
0.000454675,0.000526414
0.000454675,0.000526427
0.000454675,0.000526438
0.000454675,0.000526448
0.000454675,0.000526459
0.000454675,0.000526472
0.000454675,0.000526482
0.000454675,0.000526493
0.000454675,0.000526502
0.000454675,0.000526516
0.000454675,0.000526525
0.000454675,0.000526536
0.000454675,0.000526548
0.000454675,0.000526559
0.000454675,0.00052657
0.000454675,0.000526581
0.000454675,0.00052659
0.000454675,0.000526604
0.000454675,0.000526613
0.000454675,0.000526624
0.000454675,0.000526634
0.00045282,0.000529137
0.000449112,0.000527294
0.000445403,0.000525451
0.000441695,0.000523609
0.000437986,0.000521764
0.000434276,0.00051992
0.000430567,0.000518074
0.000426858,0.000516232
0.000423148,0.000514388
0.000419438,0.000512544
0.000415729,0.0005107
0.000412019,0.000508854
0.000408309,0.000507012
0.000404599,0.000505166
0.000400888,0.000503322
0.000397177,0.000501475
0.000393467,0.000499632
0.000389756,0.000497788
0.000386045,0.000495944
0.000382334,0.000494095
0.000378623,0.000492254
0.000374912,0.000490405
0.0003712,0.000488561
0.000367489,0.000486716
0.000363777,0.000484871
0.000360066,0.000483026
0.000356354,0.000481181
0.000352642,0.000479332
0.00034893,0.00047749
0.000345218,0.000475642
0.000341505,0.000473796
0.000337792,0.000471951
0.00033408,0.000470102
0.000330367,0.00046826
0.000326654,0.00046641
0.000322941,0.000464565
0.000319228,0.000462719
0.000315515,0.00046087
0.000311801,0.000459028
0.000308088,0.000457178
0.000304374,0.000455332
0.00030066,0.000453486
0.000296947,0.000451636
0.000293233,0.000449791
0.000289519,0.000447944
0.000285805,0.000446098
0.00028209,0.000444248
0.000278375,0.000442402
0.000274661,0.000440555
0.000270946,0.000438709
0.000267232,0.000436859
0.000263516,0.000435012
0.000259801,0.000433165
0.000256086,0.000431315
0.00025237,0.000429468
0.000248655,0.000427621
0.000244939,0.00042577
0.000241224,0.000423923
0.000238291,0.000428194
0.000236143,0.000427127
0.000233993,0.000426064
0.000231844,0.000425
0.000229695,0.000423933
0.000227546,0.00042287
0.000225397,0.000421806
0.000223247,0.000420739
0.000221098,0.000419675
0.000218948,0.000418607
0.000216799,0.000417544
0.000214649,0.00041648
0.000212499,0.000415413
0.000210349,0.000414345
0.0002082,0.000413285
0.00020605,0.000412217
0.0002039,0.00041115
0.00020175,0.000410086
0.000201459,0.000402281
0.000203026,0.000403072
0.000204594,0.000403863
0.000206162,0.000404658
0.00020773,0.000405452
0.000209298,0.000406244
0.000210866,0.000407038
0.000212435,0.00040783
0.000214003,0.000408625
0.000215571,0.000409416
0.000217139,0.000410211
0.000218707,0.000411002
0.000220276,0.000411797
0.000221844,0.000412588
0.000223412,0.00041338
0.000224981,0.000414175
0.000226549,0.00041497
0.000228118,0.000415761
0.000229686,0.000416553
0.000231255,0.000417348
0.000232824,0.000418139
0.000234392,0.000418934
0.000235177,0.000417846
0.000235177,0.000417856
0.000235177,0.000417864
0.000235177,0.000417871
0.000235177,0.000417881
0.000235177,0.000417889
0.000235177,0.000417896
0.000235177,0.000417906
0.000235177,0.000417914
0.000235177,0.000417924
0.000235177,0.000417932
0.000235177,0.000417939
0.000235177,0.000417949
0.000235177,0.000417957
0.000235177,0.000417964
0.000235177,0.000417974
0.000235177,0.000417982
0.000235177,0.000417989
0.000235177,0.000417996
0.000235177,0.00041801
0.000235177,0.00041801
0.000235177,0.000418025
0.000235177,0.000418032
0.000235177,0.000418039
0.000235177,0.000418046
0.000235177,0.000418053
0.000235177,0.000418067
0.000235177,0.000418067
0.000235177,0.000418082
0.000235177,0.000418089
0.000235177,0.000418096
0.000235177,0.000418103
0.000235177,0.00041811
0.000235177,0.000418117
0.000235177,0.000418125
0.000235177,0.000418139
0.000235177,0.000418139
0.000235177,0.000418153
0.000235177,0.000418153
0.000235177,0.000418168
0.000235177,0.000418175
0.000235177,0.000418182
0.000235177,0.000418189
0.000235177,0.000418196
0.000235177,0.00041821
0.000235177,0.00041821
0.000235177,0.000418218
0.000235177,0.000418232
0.000235177,0.000418232
0.000235177,0.000418246
0.000235177,0.000418246
0.000235177,0.000418261
0.000235177,0.000418268
0.000235177,0.000418268
0.000235177,0.000418282
0.000235177,0.000418289
0.000235177,0.000418296
0.000235177,0.000418303
0.000235177,0.000418311
0.000235177,0.000418318
0.000235177,0.000418325
0.000235177,0.000418332
0.000235177,0.000418339
0.000235177,0.000418346
0.000235177,0.000418354
0.000235177,0.000418361
0.000235177,0.000418368
0.000235177,0.000418375
0.000235177,0.000418382
0.000235177,0.000418389
0.000235177,0.000418404
0.000235177,0.000418404
0.000235177,0.000418404
0.000235177,0.000418425
0.000235177,0.000418425
0.000235177,0.000418432
0.000235177,0.000418439
0.000235177,0.000418447
0.000235177,0.000418454
0.000235177,0.000418461
0.000235177,0.000418468
0.000235177,0.000418475
0.000235177,0.000418482
0.000235177,0.000418482
0.000235177,0.000418489
0.000235177,0.000418504
0.000235177,0.000418511
0.000235177,0.000418511
0.000235177,0.000418525
0.000235177,0.000418532
0.000235177,0.000418532
0.000235177,0.000418539
0.000235177,0.000418547
0.000235177,0.000418554
0.000235177,0.000418568
0.000235177,0.000418561
0.000235177,0.000418582
0.000235177,0.000418575
0.000235177,0.00041859
0.000235177,0.000418597
0.000235177,0.000418597
0.000235177,0.000418604
0.000235177,0.000418618
0.000235177,0.000418618
0.000235177,0.000418632
0.000235177,0.000418625
0.000235177,0.00041864
0.000235177,0.000418647
0.000235177,0.000418654
0.000235177,0.000418654
0.000235758,0.000418913
0.00023692,0.000419494
0.000238083,0.000420082
0.000239245,0.000420671
0.000240408,0.000421259
0.00024157,0.000421847
0.000242733,0.000422436
0.000243895,0.000423017
0.000245058,0.000423605
0.00024622,0.000424194
0.000247383,0.000424782
0.000248546,0.000425371
0.000249709,0.000425959
0.000250871,0.000426548
0.000252034,0.000427122
0.000253197,0.000427725
0.000254359,0.000428299
0.000255522,0.000428895
0.000256685,0.000429483
0.000257848,0.000430072
0.000259011,0.000430646
0.000260174,0.000431249
0.000261337,0.000431831
0.000262499,0.000432412
0.000263662,0.000433008
0.000264825,0.000433589
0.000265988,0.000434178
0.000267151,0.000434766
0.000268314,0.000435348
0.000269477,0.000435944
0.00027064,0.000436525
0.000271803,0.000437114
0.000272967,0.000437703
0.00027413,0.000438284
0.000275293,0.000438873
0.000276456,0.000439469
0.000277619,0.000440043
0.000278783,0.000440639
0.000279946,0.000441228
0.000281109,0.000441803
0.000282272,0.000442399
0.000283436,0.000442987
0.000284599,0.000443569
0.000285762,0.000444158
0.000286926,0.000444746
0.000288089,0.000445335
0.000289252,0.00044591
0.000290416,0.000446513
0.000291579,0.000447095
0.000292743,0.000447676
0.000293906,0.000448266
0.00029507,0.000448854
0.000296233,0.000449436
0.000297397,0.000450032
0.00029856,0.000450614
0.000299724,0.000451196
0.000300888,0.000451792
0.000302051,0.000452381
0.000303215,0.000452955
0.000304379,0.000453552
0.000305542,0.000454134
0.000306705,0.000454722
0.000307869,0.000455304
0.000309033,0.0004559
0.000310197,0.000456475
0.000311361,0.000457071
0.000312525,0.000457661
0.000313688,0.000458235
0.000314852,0.000458824
0.000316016,0.00045942
0.00031718,0.000460003
0.000318344,0.000460592
0.000319508,0.000461166
0.000320671,0.00046177
0.000321835,0.000462352
0.000322999,0.000462927
0.000324163,0.000463523
0.000325327,0.000464112
0.000326491,0.000464687
0.000327656,0.000465283
0.00032882,0.000465872
0.000329984,0.000466454
0.000331148,0.000467044
0.000332312,0.000467618
0.000333476,0.000468215
0.00033464,0.000468804
0.000335804,0.000469386
0.000336968,0.000469968
0.000338132,0.000470565
0.000339296,0.000471139
0.000340461,0.000471736
0.000341625,0.000472318
0.000342789,0.000472907
0.000343954,0.000473489
0.000345118,0.000474079
0.000346282,0.000474661
0.000347446,0.00047525
0.000348611,0.00047584
0.000349775,0.000476422
0.000350939,0.000477004
0.000352104,0.000477593
0.000353268,0.00047819
0.000354433,0.000478765
0.000355597,0.000479354
0.000356762,0.000479936
0.000357926,0.000480533
0.00035909,0.000481108
0.000360255,0.000481704
0.000361419,0.000482287
0.000362584,0.000482855
0.000363748,0.000483465
0.000364913,0.000484033
0.000366077,0.00048463
0.000367242,0.000485227
0.000368407,0.000485795
0.000369571,0.000486391
0.000370735,0.000486973
0.0003719,0.000487556
0.000373065,0.000488138
0.00037423,0.000488735
0.000375394,0.000489317
0.000376559,0.0004899
0.000377723,0.000490496
0.000378888,0.000491064
0.000380053,0.000491661
0.000381218,0.000492243
0.000382383,0.00049284
0.000383547,0.000493408
0.000384712,0.000494005
0.000385877,0.000494587
0.000387042,0.000495184
0.000388206,0.000495766
0.000389371,0.000496348
0.000390536,0.000496931
0.000391701,0.000497513
0.000392866,0.000498095
0.000394031,0.000498693
0.000395196,0.000499275
0.000396361,0.000499872
0.000397525,0.00050044
0.00039869,0.000501037
0.000399855,0.000501605
0.00040102,0.000502216
0.000402185,0.000502784
0.00040335,0.000503366
0.000404515,0.000503963
0.00040568,0.000504546
0.000406845,0.000505143
0.00040801,0.000505711
0.000409175,0.000506293
0.00041034,0.00050689
0.000411505,0.000507473
0.00041267,0.000508069
0.000413836,0.000508638
0.000415001,0.000509235
0.000416166,0.000509817
0.000417331,0.000510385
0.000418496,0.000510997
0.000419661,0.000511565
0.000420826,0.000512162
0.000421991,0.000512744
0.000423156,0.000513313
0.000424322,0.000513924
0.000425487,0.000514492
0.000426652,0.000515075
0.000427818,0.000515672
0.000428983,0.000516255
0.000430148,0.000516837
0.000431313,0.00051742
0.000432478,0.000518016
0.000433644,0.000518585
0.000434809,0.000519182
0.000435974,0.000519764
0.00043714,0.000520347
0.000438305,0.00052093
0.00043947,0.000521526
0.000440635,0.000522095
0.0004418,0.000522691
0.000442966,0.000523274
0.000444131,0.000523857
0.000445296,0.000524454
0.000446462,0.000525022
0.000447627,0.00052562
0.000448793,0.000526188
0.000449958,0.000526785
0.000451123,0.000527367
0.000452289,0.00052795
0.000453455,0.000528548
0.00045462,0.000529116
0.000455786,0.000529713
0.000456951,0.000530281
0.000458116,0.000530892
0.000459281,0.000531461
0.000460447,0.000532043
0.000461612,0.000532626
0.000462778,0.000533223
0.000463943,0.000533792
0.000465109,0.000534389
0.000466274,0.000534972
0.00046744,0.000535554
0.000468605,0.000536137
0.000469771,0.00053672
0.000470936,0.000537317
0.000472102,0.000537885
0.000473267,0.000538483
0.000474433,0.000539065
0.000475599,0.000539634
0.000476764,0.000540231
0.000477929,0.000540828
0.000479095,0.000541396
0.000480261,0.000541979
0.000481427,0.000542576
0.000482592,0.000543145
0.000483758,0.000543728
0.000484923,0.000544339
0.000486089,0.000544893
0.000487254,0.00054549
0.00048842,0.000546073
0.000489586,0.000546656
0.000490751,0.000547253
0.000491916,0.000547821
0.000493083,0.000548418
0.000494248,0.000548987
0.000495414,0.000549584
0.00049658,0.000550167
0.000497745,0.00055075
0.000498911,0.000551318
0.000500076,0.00055193
0.000501242,0.000552484
0.000502408,0.000553095
0.000503574,0.000553664
0.000504739,0.000554247
0.000505905,0.000554844
0.000507071,0.000555413
0.000508237,0.00055601
0.000509402,0.000556593
0.000510567,0.000557161
0.000511733,0.000557758
0.000512899,0.000558341
0.000514065,0.000558924
0.000515231,0.000559507
0.000516397,0.00056009
0.000517562,0.000560673
0.000518728,0.000561255
0.000519893,0.000561838
0.000521058,0.000562435
0.000522225,0.000563004
0.000523391,0.000563587
0.000524556,0.000564184
0.000525722,0.000564753
0.000526888,0.00056535
0.000528054,0.000565933
0.00052922,0.000566501
0.000530385,0.000567099
0.000531551,0.000567682
0.000532717,0.000568264
0.000533882,0.000568847
0.000535048,0.00056943
0.000536214,0.000569999
0.00053738,0.000570596
0.000538546,0.000571193
0.000539711,0.000571747
0.000540877,0.000572345
0.000542043,0.000572942
0.000543208,0.000573496
0.000544374,0.000574107
0.000545541,0.000574676
0.000546706,0.000575274
0.000547872,0.000575827
0.000549037,0.000576439
0.000550203,0.000577008
0.000551369,0.000577591
0.000552535,0.000578188
0.000553701,0.000578756
0.000554867,0.000579354
0.000556033,0.000579922
0.000557199,0.000580505
0.000558364,0.000581102
0.00055953,0.000581671
0.000560696,0.000582254
0.000561862,0.000582851
0.000563027,0.00058342
0.000564193,0.000584002
0.000565359,0.000584586
0.000566546,0.000596393
0.000567778,0.000608594
0.000569055,0.000621146
0.000570378,0.00063408
0.00057175,0.000647395
0.000573171,0.000661107
0.000574643,0.000675202
0.000576167,0.000689681
0.000577745,0.000704572
0.000579378,0.000719835
0.000581068,0.000735512
0.000582815,0.00075159
0.000584622,0.000768026
0.00058649,0.000784893
0.00058842,0.000802107
0.000590413,0.000819737
0.000592471,0.00083773
0.000594595,0.000856084
0.000596787,0.000874801
0.000599047,0.000893853
0.000601378,0.000913268
0.000603779,0.000932963
0.000606252,0.000953008
0.000608798,0.000973304
0.000611418,0.000993879
0.000614113,0.00101469
0.000616883,0.00103576
0.00061973,0.00105699
0.000622654,0.00107842
0.000625654,0.00109997
0.000628733,0.00112165
0.000631889,0.0011434
0.000635123,0.0011652
0.000638435,0.00118702
0.000641824,0.00120878
0.000645292,0.00123049
0.000648835,0.0012521
0.000652455,0.00127355
0.000656151,0.0012948
0.000659921,0.00131582
0.000663764,0.00133652
0.00066768,0.00135693
0.000671664,0.00137693
0.000675718,0.0013965
0.000679839,0.0014156
0.000684025,0.00143417
0.000688272,0.00145215
0.00069258,0.00146954
0.000696946,0.00148623
0.000701366,0.00150223
0.000705837,0.00151745
0.000710358,0.00153187
0.000714923,0.00154546
0.00071953,0.00155816
0.000724176,0.00156996
0.000728856,0.00158079
0.000733567,0.00159064
0.000738306,0.00159948
0.000743068,0.00160732
0.000747848,0.00161406
0.000752643,0.00161975
0.000757449,0.00162435
0.000762261,0.000379927
0.00045484,0.000525738
0.00045484,0.000525751
0.00045484,0.000525763
0.00045484,0.000525776
0.00045484,0.000525788
0.00045484,0.0005258
0.00045484,0.000525813
0.00045484,0.000525825
0.00045484,0.000525838
0.00045484,0.00052585
0.00045484,0.000525863
0.00045484,0.000525875
0.00045484,0.000525887
0.00045484,0.000525899
0.00045484,0.000525911
0.00045484,0.000525924
0.00045484,0.000525936
0.00045484,0.000525948
0.00045484,0.000525961
0.00045484,0.000525972
0.00045484,0.000525985
0.00045484,0.000525997
0.00045484,0.000526009
0.00045484,0.000526021
0.00045484,0.000526033
0.00045484,0.000526045
0.00045484,0.000526057
0.00045484,0.000526069
0.00045484,0.000526081
0.00045484,0.000526093
0.00045484,0.000526105
0.00045484,0.000526117
0.00045484,0.000526129
0.00045484,0.00052614
0.00045484,0.000526153
0.00045484,0.000526164
0.00045484,0.000526176
0.00045484,0.000526189
0.00045484,0.000526199
0.00045484,0.000526211
0.00045484,0.000526223
0.00045484,0.000526234
0.00045484,0.000526246
0.00045484,0.000526258
0.00045484,0.00052627
0.00045484,0.000526282
0.00045484,0.000526292
0.00045484,0.000526304
0.00045484,0.000526316
0.00045484,0.000526328
0.00045484,0.000526339
0.00045484,0.00052635
0.00045484,0.000526361
0.00045484,0.000526374
0.00045484,0.000526384
0.00045484,0.000526397
0.00045484,0.000526408
0.00045484,0.000526418
0.00045484,0.000526429
0.00045484,0.000526443
0.00045484,0.000526452
0.00045484,0.000526463
0.00045484,0.000526476
0.00045484,0.000526486
0.00045484,0.000526497
0.00045484,0.00052651
0.00045484,0.00052652
0.00045484,0.000526531
0.00045484,0.000526542
0.00045484,0.000526554
0.00045484,0.000526565
0.00045484,0.000526576
0.00045484,0.000526585
0.00045484,0.000526599
0.00045484,0.000526608
0.00045484,0.000526619
0.00045484,0.000526631
0.00045484,0.000526642
0.00045484,0.000526653
0.00045484,0.000526663
0.00045484,0.000526672
0.00045484,0.000526687
0.00045484,0.000526696
0.00045484,0.000526706
0.00045484,0.000526717
0.000452985,0.000529464
0.000449275,0.000527619
0.000445565,0.000525775
0.000441855,0.000523933
0.000438144,0.000522087
0.000434433,0.000520242
0.000430723,0.000518396
0.000427012,0.000516553
0.000423301,0.000514708
0.00041959,0.000512864
0.000415879,0.000511019
0.000412167,0.000509173
0.000408456,0.000507329
0.000404744,0.000505482
0.000401033,0.000503638
0.000397321,0.000501791
0.000393609,0.000499947
0.000389897,0.000498102
0.000386184,0.000496257
0.000382472,0.000494408
0.00037876,0.000492566
0.000375047,0.000490718
0.000371334,0.000488872
0.000367622,0.000487026
0.000363909,0.000485181
0.000360196,0.000483335
0.000356483,0.000481489
0.000352769,0.00047964
0.000349056,0.000477798
0.000345342,0.000475948
0.000341628,0.000474102
0.000337915,0.000472256
0.000334201,0.000470406
0.000330487,0.000468564
0.000326772,0.000466714
0.000323058,0.000464867
0.000319343,0.000463021
0.000315628,0.000461171
0.000311914,0.000459328
0.000308199,0.000457478
0.000304484,0.000455631
0.00030077,0.000453785
0.000297054,0.000451934
0.000293338,0.000450087
0.000289623,0.000448241
0.000285907,0.000446394
0.000282192,0.000444543
0.000278476,0.000442696
0.00027476,0.000440849
0.000271043,0.000439001
0.000267327,0.000437151
0.000263611,0.000435303
0.000259895,0.000433456
0.000256179,0.000431605
0.000252462,0.000429758
0.000248745,0.00042791
0.000245028,0.000426059
0.000241311,0.000424212
0.000238378,0.000428491
0.000236228,0.000427424
0.000234078,0.00042636
0.000231929,0.000425296
0.000229779,0.000424229
0.000227628,0.000423165
0.000225478,0.000422101
0.000223328,0.000421033
0.000221178,0.000419969
0.000219028,0.000418902
0.000216877,0.000417837
0.000214726,0.000416773
0.000212576,0.000415705
0.000210426,0.000414638
0.000208275,0.000413577
0.000206124,0.000412509
0.000203974,0.000411441
0.000201823,0.000410377
0.000201532,0.000402231
0.0002031,0.000403022
0.000204668,0.000403813
0.000206237,0.000404609
0.000207805,0.000405403
0.000209374,0.000406195
0.000210943,0.00040699
0.000212511,0.000407782
0.00021408,0.000408577
0.000215649,0.000409368
0.000217217,0.000410164
0.000218786,0.000410955
0.000220355,0.00041175
0.000221924,0.000412542
0.000223493,0.000413334
0.000225062,0.000414129
0.000226631,0.000414924
0.0002282,0.000415716
0.000229769,0.000416508
0.000231339,0.000417303
0.000232908,0.000418095
0.000234477,0.00041889
0.000235262,0.000417888
0.000235262,0.000417899
0.000235262,0.000417906
0.000235262,0.000417913
0.000235262,0.000417924
0.000235262,0.000417931
0.000235262,0.000417938
0.000235262,0.000417949
0.000235262,0.000417956
0.000235262,0.000417967
0.000235262,0.000417974
0.000235262,0.000417981
0.000235262,0.000417992
0.000235262,0.000417999
0.000235262,0.000418006
0.000235262,0.000418017
0.000235262,0.000418024
0.000235262,0.000418031
0.000235262,0.000418038
0.000235262,0.000418053
0.000235262,0.000418053
0.000235262,0.000418067
0.000235262,0.000418074
0.000235262,0.000418081
0.000235262,0.000418088
0.000235262,0.000418096
0.000235262,0.00041811
0.000235262,0.00041811
0.000235262,0.000418124
0.000235262,0.000418131
0.000235262,0.000418139
0.000235262,0.000418146
0.000235262,0.000418153
0.000235262,0.00041816
0.000235262,0.000418167
0.000235262,0.000418181
0.000235262,0.000418181
0.000235262,0.000418196
0.000235262,0.000418196
0.000235262,0.00041821
0.000235262,0.000418217
0.000235262,0.000418224
0.000235262,0.000418231
0.000235262,0.000418239
0.000235262,0.000418253
0.000235262,0.000418253
0.000235262,0.00041826
0.000235262,0.000418274
0.000235262,0.000418274
0.000235262,0.000418289
0.000235262,0.000418289
0.000235262,0.000418303
0.000235262,0.00041831
0.000235262,0.00041831
0.000235262,0.000418324
0.000235262,0.000418332
0.000235262,0.000418339
0.000235262,0.000418346
0.000235262,0.000418353
0.000235262,0.00041836
0.000235262,0.000418367
0.000235262,0.000418375
0.000235262,0.000418382
0.000235262,0.000418389
0.000235262,0.000418396
0.000235262,0.000418403
0.000235262,0.00041841
0.000235262,0.000418417
0.000235262,0.000418425
0.000235262,0.000418432
0.000235262,0.000418446
0.000235262,0.000418446
0.000235262,0.000418446
0.000235262,0.000418468
0.000235262,0.000418468
0.000235262,0.000418475
0.000235262,0.000418482
0.000235262,0.000418489
0.000235262,0.000418496
0.000235262,0.000418503
0.000235262,0.00041851
0.000235262,0.000418518
0.000235262,0.000418525
0.000235262,0.000418525
0.000235262,0.000418532
0.000235262,0.000418546
0.000235262,0.000418553
0.000235262,0.000418553
0.000235262,0.000418568
0.000235262,0.000418575
0.000235262,0.000418575
0.000235262,0.000418582
0.000235262,0.000418589
0.000235262,0.000418596
0.000235262,0.000418611
0.000235262,0.000418603
0.000235262,0.000418625
0.000235262,0.000418618
0.000235262,0.000418632
0.000235262,0.000418639
0.000235262,0.000418639
0.000235262,0.000418646
0.000235262,0.000418661
0.000235262,0.000418661
0.000235262,0.000418675
0.000235262,0.000418668
0.000235262,0.000418682
0.000235262,0.000418689
0.000235262,0.000418696
0.000235262,0.000418696
0.000235843,0.000418979
0.000237006,0.00041956
0.000238169,0.000420149
0.000239332,0.000420737
0.000240495,0.000421326
0.000241658,0.000421915
0.000242821,0.000422503
0.000243984,0.000423085
0.000245147,0.000423674
0.00024631,0.000424262
0.000247473,0.000424851
0.000248636,0.00042544
0.000249799,0.000426028
0.000250962,0.000426617
0.000252125,0.000427191
0.000253288,0.000427794
0.000254451,0.000428369
0.000255615,0.000428965
0.000256778,0.000429553
0.000257941,0.000430142
0.000259104,0.000430717
0.000260267,0.00043132
0.000261431,0.000431901
0.000262594,0.000432483
0.000263757,0.000433079
0.000264921,0.000433661
0.000266084,0.00043425
0.000267248,0.000434839
0.000268411,0.00043542
0.000269575,0.000436016
0.000270738,0.000436598
0.000271902,0.000437187
0.000273065,0.000437776
0.000274229,0.000438357
0.000275392,0.000438947
0.000276556,0.000439543
0.00027772,0.000440117
0.000278883,0.000440714
0.000280047,0.000441302
0.00028121,0.000441877
0.000282374,0.000442473
0.000283538,0.000443062
0.000284702,0.000443644
0.000285866,0.000444233
0.000287029,0.000444822
0.000288193,0.000445411
0.000289357,0.000445986
0.000290521,0.000446589
0.000291685,0.000447172
0.000292848,0.000447753
0.000294012,0.000448342
0.000295176,0.000448932
0.00029634,0.000449514
0.000297504,0.00045011
0.000298668,0.000450692
0.000299832,0.000451274
0.000300996,0.00045187
0.00030216,0.000452459
0.000303324,0.000453034
0.000304488,0.00045363
0.000305652,0.000454213
0.000306817,0.000454802
0.000307981,0.000455384
0.000309145,0.00045598
0.000310309,0.000456555
0.000311473,0.000457152
0.000312637,0.000457741
0.000313802,0.000458316
0.000314966,0.000458905
0.00031613,0.000459501
0.000317294,0.000460084
0.000318459,0.000460673
0.000319623,0.000461248
0.000320788,0.000461852
0.000321952,0.000462434
0.000323116,0.000463009
0.000324281,0.000463605
0.000325445,0.000464195
0.000326609,0.00046477
0.000327774,0.000465366
0.000328938,0.000465956
0.000330103,0.000466538
0.000331267,0.000467127
0.000332432,0.000467702
0.000333596,0.000468299
0.000334761,0.000468888
0.000335925,0.000469471
0.00033709,0.000470053
0.000338254,0.000470649
0.000339419,0.000471225
0.000340584,0.000471821
0.000341749,0.000472404
0.000342913,0.000472993
0.000344078,0.000473575
0.000345243,0.000474165
0.000346407,0.000474747
0.000347572,0.000475337
0.000348737,0.000475926
0.000349902,0.000476509
0.000351066,0.000477091
0.000352231,0.000477681
0.000353396,0.000478277
0.00035456,0.000478852
0.000355726,0.000479442
0.00035689,0.000480025
0.000358055,0.000480621
0.00035922,0.000481197
0.000360385,0.000481793
0.00036155,0.000482376
0.000362715,0.000482944
0.000363881,0.000483555
0.000365046,0.000484124
0.00036621,0.00048472
0.000367375,0.000485317
0.00036854,0.000485885
0.000369705,0.000486482
0.00037087,0.000487065
0.000372035,0.000487647
0.0003732,0.00048823
0.000374365,0.000488826
0.00037553,0.000489409
0.000376695,0.000489991
0.00037786,0.000490588
0.000379026,0.000491156
0.000380191,0.000491754
0.000381355,0.000492336
0.000382521,0.000492933
0.000383686,0.000493501
0.000384851,0.000494098
0.000386016,0.00049468
0.000387182,0.000495278
0.000388347,0.00049586
0.000389512,0.000496443
0.000390677,0.000497025
0.000391843,0.000497608
0.000393008,0.000498191
0.000394173,0.000498788
0.000395338,0.00049937
0.000396504,0.000499967
0.000397669,0.000500536
0.000398835,0.000501133
0.0004,0.000501701
0.000401165,0.000502312
0.00040233,0.00050288
0.000403496,0.000503463
0.000404662,0.000504061
0.000405827,0.000504643
0.000406992,0.00050524
0.000408158,0.000505809
0.000409323,0.000506391
0.000410489,0.000506988
0.000411655,0.000507571
0.00041282,0.000508168
0.000413985,0.000508737
0.000415151,0.000509333
0.000416316,0.000509916
0.000417482,0.000510485
0.000418647,0.000511096
0.000419813,0.000511665
0.000420979,0.000512262
0.000422144,0.000512844
0.00042331,0.000513413
0.000424475,0.000514025
0.000425641,0.000514593
0.000426806,0.000515176
0.000427971,0.000515773
0.000429138,0.000516355
0.000430304,0.000516939
0.000431469,0.000517521
0.000432635,0.000518119
0.0004338,0.000518687
0.000434966,0.000519284
0.000436132,0.000519867
0.000437297,0.00052045
0.000438463,0.000521032
0.000439629,0.00052163
0.000440795,0.000522199
0.000441961,0.000522796
0.000443126,0.000523378
0.000444292,0.000523961
0.000445458,0.000524559
0.000446623,0.000525127
0.000447789,0.000525724
0.000448955,0.000526293
0.000450121,0.00052689
0.000451287,0.000527473
0.000452452,0.000528056
0.000453618,0.000528653
0.000454784,0.000529222
0.00045595,0.000529819
0.000457116,0.000530388
0.000458282,0.000530999
0.000459447,0.000531568
0.000460613,0.000532151
0.000461779,0.000532734
0.000462945,0.000533331
0.000464111,0.000533899
0.000465277,0.000534497
0.000466443,0.00053508
0.000467609,0.000535663
0.000468775,0.000536246
0.000469941,0.000536829
0.000471107,0.000537426
0.000472273,0.000537995
0.000473439,0.000538592
0.000474605,0.000539175
0.00047577,0.000539744
0.000476937,0.000540341
0.000478103,0.000540938
0.000479268,0.000541507
0.000480434,0.00054209
0.0004816,0.000542687
0.000482766,0.000543256
0.000483932,0.000543839
0.000485099,0.00054445
0.000486265,0.000545005
0.000487431,0.000545602
0.000488597,0.000546185
0.000489762,0.000546768
0.000490929,0.000547365
0.000492095,0.000547935
0.000493261,0.000548532
0.000494427,0.0005491
0.000495593,0.000549698
0.000496759,0.000550281
0.000497925,0.000550864
0.000499091,0.000551433
0.000500257,0.000552044
0.000501423,0.000552599
0.00050259,0.00055321
0.000503756,0.000553779
0.000504921,0.000554362
0.000506087,0.000554959
0.000507254,0.000555528
0.00050842,0.000556126
0.000509586,0.000556709
0.000510752,0.000557278
0.000511918,0.000557875
0.000513085,0.000558458
0.000514251,0.000559041
0.000515417,0.000559624
0.000516583,0.000560207
0.000517749,0.00056079
0.000518915,0.000561373
0.000520082,0.000561956
0.000521248,0.000562554
0.000522414,0.000563123
0.00052358,0.000563706
0.000524746,0.000564303
0.000525912,0.000564872
0.000527079,0.000565469
0.000528245,0.000566052
0.00052941,0.000566621
0.000530577,0.000567218
0.000531743,0.000567801
0.000532909,0.000568384
0.000534076,0.000568968
0.000535242,0.000569551
0.000536408,0.00057012
0.000537574,0.000570717
0.00053874,0.000571314
0.000539906,0.000571869
0.000541073,0.000572466
0.000542239,0.000573064
0.000543405,0.000573618
0.000544572,0.00057423
0.000545737,0.000574799
0.000546904,0.000575396
0.000548071,0.000575951
0.000549236,0.000576563
0.000550402,0.000577131
0.000551569,0.000577714
0.000552735,0.000578312
0.000553901,0.000578881
0.000555067,0.000579478
0.000556233,0.000580046
0.0005574,0.00058063
0.000558566,0.000581227
0.000559732,0.000581796
0.000560899,0.000582379
0.000562065,0.000582977
0.000563231,0.000583545
0.000564397,0.000584129
0.000565563,0.000584711
0.000566751,0.00059652
0.000567983,0.000608722
0.00056926,0.000621276
0.000570585,0.000634211
0.000571956,0.000647528
0.000573378,0.00066124
0.000574851,0.000675337
0.000576375,0.000689817
0.000577954,0.00070471
0.000579587,0.000719974
0.000581278,0.000735652
0.000583026,0.000751731
0.000584834,0.00076817
0.000586702,0.000785038
0.000588632,0.000802253
0.000590626,0.000819885
0.000592685,0.00083788
0.000594811,0.000856236
0.000597003,0.000874955
0.000599264,0.000894008
0.000601595,0.000913426
0.000603997,0.000933122
0.000606471,0.000953168
0.000609018,0.000973466
0.000611639,0.000994045
0.000614335,0.00101486
0.000617107,0.00103593
0.000619955,0.00105716
0.000622879,0.00107859
0.000625881,0.00110015
0.000628961,0.00112183
0.000632118,0.00114358
0.000635353,0.00116538
0.000638666,0.0011872
0.000642057,0.00120897
0.000645525,0.00123068
0.00064907,0.0012523
0.000652692,0.00127375
0.000656388,0.00129499
0.00066016,0.00131601
0.000664004,0.00133672
0.00066792,0.00135713
0.000671907,0.00137713
0.000675963,0.00139671
0.000680085,0.00141581
0.000684272,0.00143438
0.000688521,0.00145237
0.000692831,0.00146976
0.000697198,0.00148644
0.00070162,0.00150244
0.000706093,0.00151767
0.000710615,0.00153209
0.000715182,0.00154569
0.000719792,0.00155839
0.000724438,0.00157018
0.000729119,0.00158102
0.000733833,0.00159087
0.000738573,0.00159971
0.000743336,0.00160755
0.000748118,0.00161429
0.000752915,0.00161998
0.000757722,0.00162459
0.000762537,0.000380065
0.000454988,0.000525812
0.000454988,0.000525825
0.000454988,0.000525837
0.000454988,0.00052585
0.000454988,0.000525862
0.000454988,0.000525875
0.000454988,0.000525887
0.000454988,0.0005259
0.000454988,0.000525912
0.000454988,0.000525924
0.000454988,0.000525937
0.000454988,0.000525949
0.000454988,0.000525961
0.000454988,0.000525974
0.000454988,0.000525986
0.000454988,0.000525998
0.000454988,0.00052601
0.000454988,0.000526022
0.000454988,0.000526035
0.000454988,0.000526046
0.000454988,0.000526059
0.000454988,0.000526071
0.000454988,0.000526084
0.000454988,0.000526095
0.000454988,0.000526107
0.000454988,0.000526119
0.000454988,0.000526131
0.000454988,0.000526143
0.000454988,0.000526156
0.000454988,0.000526167
0.000454988,0.000526179
0.000454988,0.000526191
0.000454988,0.000526203
0.000454988,0.000526215
0.000454988,0.000526227
0.000454988,0.000526238
0.000454988,0.00052625
0.000454988,0.000526263
0.000454988,0.000526274
0.000454988,0.000526285
0.000454988,0.000526298
0.000454988,0.000526308
0.000454988,0.00052632
0.000454988,0.000526333
0.000454988,0.000526344
0.000454988,0.000526356
0.000454988,0.000526367
0.000454988,0.000526378
0.000454988,0.000526391
0.000454988,0.000526402
0.000454988,0.000526413
0.000454988,0.000526425
0.000454988,0.000526435
0.000454988,0.000526448
0.000454988,0.000526459
0.000454988,0.000526471
0.000454988,0.000526482
0.000454988,0.000526493
0.000454988,0.000526503
0.000454988,0.000526518
0.000454988,0.000526527
0.000454988,0.000526537
0.000454988,0.00052655
0.000454988,0.000526561
0.000454988,0.000526571
0.000454988,0.000526584
0.000454988,0.000526595
0.000454988,0.000526605
0.000454988,0.000526616
0.000454988,0.000526628
0.000454988,0.000526639
0.000454988,0.00052665
0.000454988,0.000526659
0.000454988,0.000526673
0.000454988,0.000526682
0.000454988,0.000526693
0.000454988,0.000526705
0.000454988,0.000526716
0.000454988,0.000526727
0.000454988,0.000526738
0.000454988,0.000526747
0.000454988,0.000526761
0.000454988,0.00052677
0.000454988,0.00052678
0.000454988,0.000526791
0.000453133,0.000529793
0.000449422,0.000527948
0.000445711,0.000526104
0.000441999,0.00052426
0.000438288,0.000522413
0.000434576,0.000520569
0.000430864,0.000518722
0.000427153,0.000516879
0.00042344,0.000515033
0.000419728,0.000513188
0.000416015,0.000511342
0.000412303,0.000509495
0.000408591,0.000507652
0.000404878,0.000505805
0.000401165,0.000503959
0.000397452,0.000502112
0.000393738,0.000500268
0.000390025,0.000498422
0.000386312,0.000496576
0.000382598,0.000494727
0.000378884,0.000492884
0.00037517,0.000491034
0.000371457,0.000489188
0.000367743,0.000487342
0.000364029,0.000485496
0.000360314,0.00048365
0.000356599,0.000481803
0.000352885,0.000479953
0.00034917,0.00047811
0.000345456,0.00047626
0.000341741,0.000474414
0.000338025,0.000472567
0.00033431,0.000470716
0.000330595,0.000468873
0.00032688,0.000467023
0.000323164,0.000465176
0.000319448,0.000463329
0.000315733,0.000461478
0.000312016,0.000459635
0.0003083,0.000457784
0.000304584,0.000455937
0.000300868,0.000454089
0.000297152,0.000452239
0.000293435,0.000450391
0.000289718,0.000448543
0.000286002,0.000446696
0.000282285,0.000444845
0.000278568,0.000442997
0.00027485,0.00044115
0.000271133,0.000439302
0.000267416,0.000437451
0.000263699,0.000435603
0.000259981,0.000433755
0.000256263,0.000431903
0.000252544,0.000430054
0.000248827,0.000428206
0.000245109,0.000426355
0.000241391,0.000424507
0.000238456,0.000428789
0.000236306,0.000427721
0.000234155,0.000426657
0.000232004,0.000425592
0.000229853,0.000424524
0.000227703,0.00042346
0.000225552,0.000422396
0.000223401,0.000421328
0.00022125,0.000420263
0.000219099,0.000419195
0.000216948,0.00041813
0.000214797,0.000417066
0.000212646,0.000415998
0.000210495,0.00041493
0.000208343,0.000413869
0.000206192,0.000412801
0.000204041,0.000411732
0.000201889,0.000410668
0.000201598,0.000402179
0.000203167,0.000402971
0.000204736,0.000403763
0.000206305,0.000404558
0.000207874,0.000405353
0.000209443,0.000406145
0.000211012,0.00040694
0.000212581,0.000407732
0.00021415,0.000408527
0.000215719,0.000409319
0.000217289,0.000410114
0.000218858,0.000410906
0.000220428,0.000411702
0.000221997,0.000412494
0.000223566,0.000413286
0.000225136,0.000414081
0.000226705,0.000414877
0.000228275,0.000415669
0.000229845,0.000416461
0.000231415,0.000417257
0.000232984,0.000418049
0.000234554,0.000418844
0.000235339,0.000417927
0.000235339,0.000417938
0.000235339,0.000417945
0.000235339,0.000417952
0.000235339,0.000417963
0.000235339,0.00041797
0.000235339,0.000417977
0.000235339,0.000417988
0.000235339,0.000417995
0.000235339,0.000418006
0.000235339,0.000418013
0.000235339,0.00041802
0.000235339,0.000418031
0.000235339,0.000418038
0.000235339,0.000418045
0.000235339,0.000418056
0.000235339,0.000418063
0.000235339,0.00041807
0.000235339,0.000418077
0.000235339,0.000418091
0.000235339,0.000418091
0.000235339,0.000418106
0.000235339,0.000418113
0.000235339,0.00041812
0.000235339,0.000418127
0.000235339,0.000418134
0.000235339,0.000418149
0.000235339,0.000418149
0.000235339,0.000418163
0.000235339,0.00041817
0.000235339,0.000418177
0.000235339,0.000418184
0.000235339,0.000418191
0.000235339,0.000418199
0.000235339,0.000418206
0.000235339,0.00041822
0.000235339,0.00041822
0.000235339,0.000418234
0.000235339,0.000418234
0.000235339,0.000418249
0.000235339,0.000418256
0.000235339,0.000418263
0.000235339,0.00041827
0.000235339,0.000418277
0.000235339,0.000418292
0.000235339,0.000418292
0.000235339,0.000418299
0.000235339,0.000418313
0.000235339,0.000418313
0.000235339,0.000418327
0.000235339,0.000418327
0.000235339,0.000418342
0.000235339,0.000418349
0.000235339,0.000418349
0.000235339,0.000418363
0.000235339,0.00041837
0.000235339,0.000418377
0.000235339,0.000418385
0.000235339,0.000418392
0.000235339,0.000418399
0.000235339,0.000418406
0.000235339,0.000418413
0.000235339,0.00041842
0.000235339,0.000418428
0.000235339,0.000418435
0.000235339,0.000418442
0.000235339,0.000418449
0.000235339,0.000418456
0.000235339,0.000418463
0.000235339,0.00041847
0.000235339,0.000418485
0.000235339,0.000418485
0.000235339,0.000418485
0.000235339,0.000418506
0.000235339,0.000418506
0.000235339,0.000418513
0.000235339,0.00041852
0.000235339,0.000418528
0.000235339,0.000418535
0.000235339,0.000418542
0.000235339,0.000418549
0.000235339,0.000418556
0.000235339,0.000418563
0.000235339,0.000418563
0.000235339,0.000418571
0.000235339,0.000418585
0.000235339,0.000418592
0.000235339,0.000418592
0.000235339,0.000418606
0.000235339,0.000418613
0.000235339,0.000418613
0.000235339,0.000418621
0.000235339,0.000418628
0.000235339,0.000418635
0.000235339,0.000418649
0.000235339,0.000418642
0.000235339,0.000418664
0.000235339,0.000418656
0.000235339,0.000418671
0.000235339,0.000418678
0.000235339,0.000418678
0.000235339,0.000418685
0.000235339,0.000418699
0.000235339,0.000418699
0.000235339,0.000418714
0.000235339,0.000418706
0.000235339,0.000418721
0.000235339,0.000418728
0.000235339,0.000418735
0.000235339,0.000418735
0.000235921,0.000419043
0.000237084,0.000419624
0.000238247,0.000420213
0.00023941,0.000420802
0.000240574,0.000421391
0.000241737,0.000421979
0.0002429,0.000422568
0.000244064,0.00042315
0.000245227,0.000423739
0.000246391,0.000424328
0.000247554,0.000424917
0.000248717,0.000425505
0.000249881,0.000426094
0.000251044,0.000426683
0.000252208,0.000427258
0.000253372,0.000427861
0.000254535,0.000428436
0.000255699,0.000429032
0.000256862,0.000429621
0.000258026,0.00043021
0.000259189,0.000430784
0.000260353,0.000431388
0.000261517,0.00043197
0.000262681,0.000432551
0.000263844,0.000433148
0.000265008,0.00043373
0.000266172,0.000434318
0.000267336,0.000434908
0.000268499,0.000435489
0.000269663,0.000436086
0.000270827,0.000436668
0.000271991,0.000437257
0.000273155,0.000437846
0.000274319,0.000438428
0.000275483,0.000439017
0.000276647,0.000439613
0.000277811,0.000440188
0.000278975,0.000440784
0.000280139,0.000441374
0.000281303,0.000441949
0.000282467,0.000442545
0.000283631,0.000443134
0.000284795,0.000443716
0.000285959,0.000444305
0.000287124,0.000444894
0.000288288,0.000445484
0.000289452,0.000446059
0.000290616,0.000446662
0.00029178,0.000447244
0.000292945,0.000447827
0.000294109,0.000448416
0.000295273,0.000449005
0.000296438,0.000449587
0.000297602,0.000450184
0.000298766,0.000450766
0.000299931,0.000451348
0.000301095,0.000451945
0.000302259,0.000452534
0.000303424,0.000453109
0.000304589,0.000453706
0.000305753,0.000454288
0.000306918,0.000454877
0.000308082,0.00045546
0.000309247,0.000456056
0.000310411,0.000456631
0.000311575,0.000457228
0.00031274,0.000457817
0.000313905,0.000458392
0.000315069,0.000458982
0.000316234,0.000459578
0.000317399,0.000460161
0.000318563,0.00046075
0.000319728,0.000461326
0.000320893,0.000461929
0.000322058,0.000462512
0.000323222,0.000463087
0.000324387,0.000463684
0.000325552,0.000464273
0.000326717,0.000464848
0.000327881,0.000465445
0.000329046,0.000466035
0.000330211,0.000466617
0.000331376,0.000467207
0.000332541,0.000467782
0.000333706,0.000468379
0.000334871,0.000468968
0.000336036,0.000469551
0.000337201,0.000470134
0.000338366,0.00047073
0.000339531,0.000471306
0.000340696,0.000471902
0.000341861,0.000472485
0.000343026,0.000473075
0.000344191,0.000473657
0.000345356,0.000474246
0.000346521,0.000474829
0.000347686,0.000475419
0.000348851,0.000476009
0.000350017,0.000476591
0.000351182,0.000477174
0.000352347,0.000477764
0.000353512,0.000478361
0.000354678,0.000478936
0.000355842,0.000479526
0.000357007,0.000480108
0.000358173,0.000480705
0.000359338,0.000481281
0.000360504,0.000481878
0.000361669,0.00048246
0.000362834,0.000483029
0.000363999,0.00048364
0.000365164,0.000484208
0.00036633,0.000484805
0.000367495,0.000485402
0.000368661,0.00048597
0.000369826,0.000486568
0.000370992,0.00048715
0.000372157,0.000487733
0.000373322,0.000488316
0.000374488,0.000488913
0.000375654,0.000489496
0.000376819,0.000490078
0.000377985,0.000490676
0.00037915,0.000491244
0.000380316,0.000491841
0.000381482,0.000492424
0.000382647,0.000493021
0.000383812,0.000493589
0.000384978,0.000494187
0.000386143,0.000494769
0.000387309,0.000495366
0.000388475,0.000495949
0.00038964,0.000496532
0.000390806,0.000497115
0.000391971,0.000497698
0.000393137,0.00049828
0.000394303,0.000498877
0.000395468,0.00049946
0.000396634,0.000500058
0.0003978,0.000500626
0.000398966,0.000501223
0.000400131,0.000501792
0.000401297,0.000502403
0.000402463,0.000502972
0.000403629,0.000503555
0.000404795,0.000504152
0.00040596,0.000504735
0.000407126,0.000505332
0.000408292,0.000505901
0.000409458,0.000506484
0.000410624,0.000507081
0.000411789,0.000507664
0.000412955,0.000508261
0.000414121,0.000508829
0.000415287,0.000509427
0.000416453,0.00051001
0.000417619,0.000510579
0.000418785,0.00051119
0.000419951,0.000511759
0.000421117,0.000512356
0.000422283,0.000512939
0.000423448,0.000513508
0.000424615,0.000514119
0.000425781,0.000514688
0.000426947,0.000515271
0.000428113,0.000515869
0.000429279,0.000516451
0.000430444,0.000517034
0.00043161,0.000517617
0.000432777,0.000518214
0.000433943,0.000518783
0.000435109,0.000519381
0.000436275,0.000519964
0.000437441,0.000520547
0.000438607,0.00052113
0.000439773,0.000521727
0.000440939,0.000522296
0.000442105,0.000522893
0.000443272,0.000523476
0.000444438,0.000524059
0.000445604,0.000524657
0.000446771,0.000525226
0.000447937,0.000525823
0.000449102,0.000526392
0.000450269,0.000526989
0.000451435,0.000527572
0.000452601,0.000528156
0.000453767,0.000528753
0.000454933,0.000529321
0.0004561,0.000529919
0.000457266,0.000530488
0.000458432,0.0005311
0.000459599,0.000531668
0.000460765,0.000532252
0.000461931,0.000532835
0.000463097,0.000533432
0.000464264,0.000534001
0.00046543,0.000534598
0.000466597,0.000535182
0.000467763,0.000535765
0.000468929,0.000536348
0.000470095,0.000536931
0.000471261,0.000537528
0.000472428,0.000538097
0.000473594,0.000538695
0.00047476,0.000539278
0.000475927,0.000539847
0.000477093,0.000540444
0.00047826,0.000541042
0.000479426,0.000541611
0.000480592,0.000542194
0.000481759,0.000542791
0.000482925,0.000543361
0.000484091,0.000543944
0.000485258,0.000544555
0.000486424,0.00054511
0.000487591,0.000545708
0.000488757,0.000546291
0.000489924,0.000546874
0.00049109,0.000547472
0.000492256,0.00054804
0.000493423,0.000548638
0.000494589,0.000549207
0.000495756,0.000549804
0.000496923,0.000550388
0.000498089,0.000550971
0.000499255,0.00055154
0.000500422,0.000552152
0.000501588,0.000552706
0.000502755,0.000553318
0.000503921,0.000553887
0.000505087,0.00055447
0.000506254,0.000555068
0.00050742,0.000555637
0.000508587,0.000556234
0.000509753,0.000556817
0.00051092,0.000557386
0.000512087,0.000557984
0.000513253,0.000558567
0.00051442,0.00055915
0.000515586,0.000559734
0.000516753,0.000560317
0.000517919,0.0005609
0.000519086,0.000561483
0.000520252,0.000562067
0.000521419,0.000562665
0.000522586,0.000563234
0.000523752,0.000563817
0.000524919,0.000564414
0.000526085,0.000564983
0.000527251,0.000565581
0.000528418,0.000566164
0.000529585,0.000566733
0.000530751,0.000567331
0.000531918,0.000567914
0.000533085,0.000568497
0.000534251,0.00056908
0.000535418,0.000569664
0.000536584,0.000570233
0.000537751,0.000570831
0.000538917,0.000571428
0.000540084,0.000571983
0.000541251,0.000572581
0.000542417,0.000573178
0.000543584,0.000573733
0.00054475,0.000574344
0.000545917,0.000574913
0.000547083,0.000575511
0.00054825,0.000576066
0.000549417,0.000576677
0.000550584,0.000577247
0.00055175,0.00057783
0.000552916,0.000578427
0.000554083,0.000578996
0.00055525,0.000579594
0.000556417,0.000580163
0.000557583,0.000580747
0.000558749,0.000581344
0.000559916,0.000581913
0.000561083,0.000582496
0.000562249,0.000583094
0.000563415,0.000583663
0.000564583,0.000584246
0.000565749,0.00058483
0.000566937,0.000596639
0.00056817,0.000608842
0.000569448,0.000621398
0.000570772,0.000634334
0.000572144,0.000647651
0.000573567,0.000661366
0.00057504,0.000675464
0.000576565,0.000689945
0.000578143,0.000704839
0.000579778,0.000720105
0.000581469,0.000735785
0.000583218,0.000751866
0.000585026,0.000768305
0.000586895,0.000785176
0.000588826,0.000802392
0.00059082,0.000820026
0.00059288,0.000838022
0.000595006,0.00085638
0.000597199,0.000875101
0.000599461,0.000894156
0.000601793,0.000913575
0.000604196,0.000933274
0.000606671,0.000953322
0.000609218,0.000973622
0.00061184,0.000994202
0.000614537,0.00101502
0.000617309,0.00103609
0.000620158,0.00105733
0.000623084,0.00107876
0.000626087,0.00110032
0.000629167,0.001122
0.000632325,0.00114375
0.000635561,0.00116555
0.000638876,0.00118738
0.000642268,0.00120915
0.000645738,0.00123087
0.000649284,0.00125248
0.000652906,0.00127393
0.000656604,0.00129518
0.000660377,0.00131621
0.000664223,0.00133691
0.000668141,0.00135732
0.000672129,0.00137733
0.000676185,0.00139691
0.000680308,0.00141601
0.000684496,0.00143458
0.000688747,0.00145257
0.000693058,0.00146996
0.000697426,0.00148665
0.000701849,0.00150265
0.000706324,0.00151788
0.000710847,0.0015323
0.000715416,0.0015459
0.000720026,0.00155861
0.000724676,0.0015704
0.000729361,0.00158124
0.000734075,0.00159109
0.000738815,0.00159993
0.00074358,0.00160778
0.000748363,0.00161452
0.000753163,0.00162021
0.000757972,0.00162482
0.000762786,0.000380189
0.000455123,0.00052588
0.000455123,0.000525892
0.000455123,0.000525905
0.000455123,0.000525917
0.000455123,0.00052593
0.000455123,0.000525942
0.000455123,0.000525955
0.000455123,0.000525967
0.000455123,0.000525979
0.000455123,0.000525992
0.000455123,0.000526004
0.000455123,0.000526017
0.000455123,0.000526029
0.000455123,0.000526041
0.000455123,0.000526053
0.000455123,0.000526066
0.000455123,0.000526078
0.000455123,0.00052609
0.000455123,0.000526102
0.000455123,0.000526114
0.000455123,0.000526126
0.000455123,0.000526139
0.000455123,0.000526151
0.000455123,0.000526163
0.000455123,0.000526175
0.000455123,0.000526187
0.000455123,0.000526199
0.000455123,0.000526211
0.000455123,0.000526223
0.000455123,0.000526235
0.000455123,0.000526246
0.000455123,0.000526259
0.000455123,0.00052627
0.000455123,0.000526282
0.000455123,0.000526295
0.000455123,0.000526305
0.000455123,0.000526318
0.000455123,0.00052633
0.000455123,0.000526341
0.000455123,0.000526353
0.000455123,0.000526365
0.000455123,0.000526376
0.000455123,0.000526388
0.000455123,0.0005264
0.000455123,0.000526412
0.000455123,0.000526423
0.000455123,0.000526434
0.000455123,0.000526446
0.000455123,0.000526458
0.000455123,0.00052647
0.000455123,0.000526481
0.000455123,0.000526492
0.000455123,0.000526503
0.000455123,0.000526515
0.000455123,0.000526526
0.000455123,0.000526539
0.000455123,0.000526549
0.000455123,0.00052656
0.000455123,0.000526571
0.000455123,0.000526585
0.000455123,0.000526594
0.000455123,0.000526605
0.000455123,0.000526617
0.000455123,0.000526628
0.000455123,0.000526639
0.000455123,0.000526651
0.000455123,0.000526662
0.000455123,0.000526673
0.000455123,0.000526683
0.000455123,0.000526696
0.000455123,0.000526707
0.000455123,0.000526717
0.000455123,0.000526726
0.000455123,0.000526741
0.000455123,0.00052675
0.000455123,0.00052676
0.000455123,0.000526773
0.000455123,0.000526784
0.000455123,0.000526794
0.000455123,0.000526805
0.000455123,0.000526814
0.000455123,0.000526828
0.000455123,0.000526837
0.000455123,0.000526848
0.000455123,0.000526859
0.000453267,0.000530126
0.000449555,0.000528281
0.000445843,0.000526435
0.00044213,0.000524592
0.000438418,0.000522745
0.000434705,0.0005209
0.000430992,0.000519052
0.000427279,0.000517208
0.000423566,0.000515362
0.000419852,0.000513516
0.000416139,0.000511671
0.000412425,0.000509823
0.000408711,0.000507979
0.000404997,0.00050613
0.000401283,0.000504285
0.000397569,0.000502436
0.000393855,0.000500592
0.000390141,0.000498746
0.000386426,0.0004969
0.000382711,0.00049505
0.000378997,0.000493207
0.000375282,0.000491356
0.000371566,0.00048951
0.000367851,0.000487663
0.000364136,0.000485816
0.000360421,0.00048397
0.000356706,0.000482122
0.00035299,0.000480272
0.000349274,0.000478428
0.000345558,0.000476578
0.000341842,0.000474731
0.000338126,0.000472883
0.000334409,0.000471033
0.000330693,0.000469189
0.000326976,0.000467338
0.00032326,0.00046549
0.000319543,0.000463643
0.000315826,0.000461792
0.000312109,0.000459947
0.000308391,0.000458096
0.000304674,0.000456248
0.000300957,0.000454401
0.00029724,0.000452549
0.000293522,0.000450701
0.000289804,0.000448853
0.000286086,0.000447005
0.000282368,0.000445153
0.00027865,0.000443305
0.000274932,0.000441457
0.000271213,0.000439609
0.000267494,0.000437756
0.000263776,0.000435908
0.000260057,0.00043406
0.000256338,0.000432207
0.00025262,0.000430359
0.000248901,0.000428511
0.000245181,0.000426658
0.000241461,0.000424809
0.000238526,0.000429085
0.000236375,0.000428017
0.000234225,0.000426953
0.000232074,0.000425888
0.000229922,0.00042482
0.000227771,0.000423755
0.000225619,0.000422691
0.000223468,0.000421622
0.000221317,0.000420558
0.000219165,0.000419489
0.000217013,0.000418424
0.000214861,0.000417359
0.000212709,0.000416291
0.000210557,0.000415222
0.000208405,0.000414161
0.000206253,0.000413093
0.000204101,0.000412024
0.000201949,0.000410959
0.000201657,0.000402126
0.000203227,0.000402918
0.000204796,0.00040371
0.000206365,0.000404506
0.000207935,0.000405301
0.000209505,0.000406093
0.000211074,0.000406889
0.000212644,0.000407681
0.000214214,0.000408477
0.000215783,0.000409268
0.000217353,0.000410064
0.000218923,0.000410856
0.000220493,0.000411652
0.000222063,0.000412444
0.000223633,0.000413236
0.000225203,0.000414032
0.000226773,0.000414828
0.000228343,0.00041562
0.000229913,0.000416412
0.000231483,0.000417208
0.000233054,0.000418001
0.000234624,0.000418796
0.000235409,0.000417961
0.000235409,0.000417972
0.000235409,0.000417979
0.000235409,0.000417987
0.000235409,0.000417997
0.000235409,0.000418004
0.000235409,0.000418012
0.000235409,0.000418022
0.000235409,0.000418029
0.000235409,0.00041804
0.000235409,0.000418047
0.000235409,0.000418054
0.000235409,0.000418065
0.000235409,0.000418072
0.000235409,0.000418079
0.000235409,0.00041809
0.000235409,0.000418097
0.000235409,0.000418105
0.000235409,0.000418112
0.000235409,0.000418126
0.000235409,0.000418126
0.000235409,0.00041814
0.000235409,0.000418147
0.000235409,0.000418155
0.000235409,0.000418162
0.000235409,0.000418169
0.000235409,0.000418183
0.000235409,0.000418183
0.000235409,0.000418198
0.000235409,0.000418205
0.000235409,0.000418212
0.000235409,0.000418219
0.000235409,0.000418226
0.000235409,0.000418233
0.000235409,0.00041824
0.000235409,0.000418255
0.000235409,0.000418255
0.000235409,0.000418269
0.000235409,0.000418269
0.000235409,0.000418283
0.000235409,0.00041829
0.000235409,0.000418298
0.000235409,0.000418305
0.000235409,0.000418312
0.000235409,0.000418326
0.000235409,0.000418326
0.000235409,0.000418333
0.000235409,0.000418348
0.000235409,0.000418348
0.000235409,0.000418362
0.000235409,0.000418362
0.000235409,0.000418376
0.000235409,0.000418383
0.000235409,0.000418383
0.000235409,0.000418398
0.000235409,0.000418405
0.000235409,0.000418412
0.000235409,0.000418419
0.000235409,0.000418426
0.000235409,0.000418434
0.000235409,0.000418441
0.000235409,0.000418448
0.000235409,0.000418455
0.000235409,0.000418462
0.000235409,0.000418469
0.000235409,0.000418476
0.000235409,0.000418484
0.000235409,0.000418491
0.000235409,0.000418498
0.000235409,0.000418505
0.000235409,0.000418519
0.000235409,0.000418519
0.000235409,0.000418519
0.000235409,0.000418541
0.000235409,0.000418541
0.000235409,0.000418548
0.000235409,0.000418555
0.000235409,0.000418562
0.000235409,0.000418569
0.000235409,0.000418577
0.000235409,0.000418584
0.000235409,0.000418591
0.000235409,0.000418598
0.000235409,0.000418598
0.000235409,0.000418605
0.000235409,0.00041862
0.000235409,0.000418627
0.000235409,0.000418627
0.000235409,0.000418641
0.000235409,0.000418648
0.000235409,0.000418648
0.000235409,0.000418655
0.000235409,0.000418662
0.000235409,0.00041867
0.000235409,0.000418684
0.000235409,0.000418677
0.000235409,0.000418698
0.000235409,0.000418691
0.000235409,0.000418705
0.000235409,0.000418712
0.000235409,0.000418712
0.000235409,0.00041872
0.000235409,0.000418734
0.000235409,0.000418734
0.000235409,0.000418748
0.000235409,0.000418741
0.000235409,0.000418755
0.000235409,0.000418763
0.000235409,0.00041877
0.000235409,0.00041877
0.00023599,0.000419104
0.000237154,0.000419685
0.000238318,0.000420274
0.000239482,0.000420864
0.000240645,0.000421453
0.000241809,0.000422041
0.000242972,0.00042263
0.000244136,0.000423212
0.000245299,0.000423801
0.000246463,0.00042439
0.000247627,0.000424979
0.000248791,0.000425568
0.000249955,0.000426157
0.000251118,0.000426746
0.000252282,0.000427321
0.000253446,0.000427925
0.00025461,0.0004285
0.000255774,0.000429096
0.000256938,0.000429685
0.000258102,0.000430274
0.000259266,0.000430849
0.00026043,0.000431452
0.000261594,0.000432034
0.000262758,0.000432616
0.000263922,0.000433213
0.000265087,0.000433795
0.000266251,0.000434384
0.000267415,0.000434973
0.000268579,0.000435555
0.000269743,0.000436152
0.000270907,0.000436734
0.000272072,0.000437323
0.000273236,0.000437912
0.0002744,0.000438494
0.000275564,0.000439084
0.000276729,0.00043968
0.000277893,0.000440255
0.000279057,0.000440852
0.000280222,0.000441441
0.000281386,0.000442016
0.000282551,0.000442613
0.000283715,0.000443202
0.000284879,0.000443784
0.000286044,0.000444374
0.000287209,0.000444963
0.000288373,0.000445553
0.000289538,0.000446128
0.000290702,0.000446731
0.000291867,0.000447314
0.000293031,0.000447896
0.000294196,0.000448485
0.000295361,0.000449075
0.000296525,0.000449657
0.00029769,0.000450254
0.000298855,0.000450836
0.00030002,0.000451419
0.000301184,0.000452015
0.000302349,0.000452605
0.000303514,0.00045318
0.000304678,0.000453777
0.000305843,0.000454359
0.000307008,0.000454949
0.000308173,0.000455531
0.000309338,0.000456128
0.000310503,0.000456703
0.000311668,0.0004573
0.000312833,0.00045789
0.000313997,0.000458465
0.000315162,0.000459054
0.000316328,0.000459651
0.000317493,0.000460234
0.000318658,0.000460824
0.000319823,0.000461399
0.000320988,0.000462003
0.000322153,0.000462585
0.000323318,0.000463161
0.000324483,0.000463758
0.000325649,0.000464348
0.000326814,0.000464923
0.000327979,0.00046552
0.000329144,0.00046611
0.000330309,0.000466692
0.000331474,0.000467282
0.00033264,0.000467857
0.000333805,0.000468455
0.00033497,0.000469044
0.000336135,0.000469627
0.0003373,0.000470209
0.000338466,0.000470806
0.000339631,0.000471382
0.000340797,0.000471979
0.000341962,0.000472561
0.000343127,0.000473151
0.000344293,0.000473734
0.000345458,0.000474324
0.000346624,0.000474907
0.000347789,0.000475497
0.000348954,0.000476086
0.00035012,0.000476669
0.000351285,0.000477252
0.000352451,0.000477842
0.000353617,0.000478439
0.000354782,0.000479014
0.000355948,0.000479605
0.000357113,0.000480187
0.000358279,0.000480784
0.000359445,0.00048136
0.00036061,0.000481957
0.000361776,0.00048254
0.000362941,0.000483108
0.000364107,0.00048372
0.000365273,0.000484288
0.000366439,0.000484886
0.000367605,0.000485483
0.00036877,0.000486052
0.000369936,0.000486649
0.000371101,0.000487231
0.000372267,0.000487814
0.000373433,0.000488397
0.000374599,0.000488994
0.000375765,0.000489578
0.000376931,0.00049016
0.000378096,0.000490758
0.000379262,0.000491326
0.000380428,0.000491923
0.000381593,0.000492506
0.00038276,0.000493103
0.000383926,0.000493672
0.000385091,0.000494269
0.000386258,0.000494853
0.000387424,0.00049545
0.00038859,0.000496033
0.000389755,0.000496616
0.000390921,0.000497199
0.000392088,0.000497782
0.000393254,0.000498365
0.00039442,0.000498962
0.000395586,0.000499545
0.000396751,0.000500142
0.000397918,0.000500711
0.000399084,0.000501309
0.00040025,0.000501877
0.000401416,0.000502489
0.000402582,0.000503058
0.000403748,0.000503641
0.000404914,0.000504238
0.000406081,0.000504821
0.000407247,0.000505419
0.000408413,0.000505987
0.000409579,0.00050657
0.000410745,0.000507168
0.000411911,0.000507751
0.000413078,0.000508349
0.000414244,0.000508917
0.00041541,0.000509514
0.000416576,0.000510097
0.000417742,0.000510667
0.000418909,0.000511278
0.000420075,0.000511847
0.000421241,0.000512444
0.000422408,0.000513028
0.000423574,0.000513597
0.00042474,0.000514208
0.000425907,0.000514777
0.000427073,0.00051536
0.000428239,0.000515958
0.000429406,0.000516541
0.000430572,0.000517124
0.000431739,0.000517707
0.000432905,0.000518305
0.000434071,0.000518874
0.000435238,0.000519471
0.000436404,0.000520055
0.000437571,0.000520638
0.000438737,0.000521221
0.000439903,0.000521818
0.00044107,0.000522387
0.000442236,0.000522985
0.000443403,0.000523568
0.000444569,0.000524151
0.000445736,0.000524749
0.000446903,0.000525318
0.000448069,0.000525915
0.000449236,0.000526484
0.000450402,0.000527082
0.000451569,0.000527666
0.000452735,0.000528248
0.000453902,0.000528846
0.000455068,0.000529415
0.000456235,0.000530013
0.000457401,0.000530582
0.000458568,0.000531194
0.000459735,0.000531763
0.000460901,0.000532346
0.000462068,0.000532929
0.000463235,0.000533527
0.000464401,0.000534096
0.000465568,0.000534693
0.000466734,0.000535277
0.000467901,0.00053586
0.000469067,0.000536443
0.000470235,0.000537027
0.000471401,0.000537625
0.000472568,0.000538194
0.000473734,0.000538791
0.000474901,0.000539374
0.000476068,0.000539943
0.000477235,0.000540542
0.000478401,0.000541139
0.000479568,0.000541708
0.000480735,0.000542291
0.000481901,0.000542889
0.000483068,0.000543458
0.000484235,0.000544041
0.000485402,0.000544653
0.000486568,0.000545208
0.000487735,0.000545806
0.000488902,0.000546389
0.000490069,0.000546973
0.000491235,0.00054757
0.000492402,0.000548139
0.000493569,0.000548737
0.000494736,0.000549306
0.000495902,0.000549904
0.000497069,0.000550487
0.000498236,0.000551071
0.000499403,0.00055164
0.000500569,0.000552252
0.000501737,0.000552806
0.000502903,0.000553419
0.00050407,0.000553987
0.000505237,0.000554571
0.000506404,0.000555169
0.000507571,0.000555738
0.000508738,0.000556336
0.000509904,0.000556919
0.000511071,0.000557488
0.000512238,0.000558086
0.000513405,0.000558669
0.000514572,0.000559253
0.000515738,0.000559836
0.000516905,0.000560419
0.000518073,0.000561003
0.000519239,0.000561587
0.000520406,0.00056217
0.000521573,0.000562768
0.00052274,0.000563337
0.000523907,0.000563921
0.000525074,0.000564518
0.000526241,0.000565087
0.000527408,0.000565685
0.000528574,0.000566268
0.000529742,0.000566838
0.000530909,0.000567436
0.000532076,0.000568019
0.000533242,0.000568602
0.000534409,0.000569186
0.000535576,0.000569769
0.000536743,0.000570338
0.00053791,0.000570936
0.000539077,0.000571534
0.000540244,0.000572089
0.000541411,0.000572687
0.000542578,0.000573284
0.000543745,0.000573839
0.000544912,0.000574451
0.000546079,0.00057502
0.000547245,0.000575618
0.000548413,0.000576173
0.00054958,0.000576785
0.000550746,0.000577354
0.000551913,0.000577937
0.00055308,0.000578536
0.000554247,0.000579105
0.000555414,0.000579703
0.000556581,0.000580272
0.000557748,0.000580855
0.000558916,0.000581453
0.000560082,0.000582022
0.000561248,0.000582605
0.000562415,0.000583203
0.000563583,0.000583773
0.000564749,0.000584356
0.000565917,0.000584939
0.000567105,0.00059675
0.000568338,0.000608955
0.000569616,0.000621511
0.000570941,0.000634448
0.000572314,0.000647768
0.000573736,0.000661483
0.00057521,0.000675582
0.000576736,0.000690065
0.000578315,0.000704961
0.000579949,0.000720228
0.000581641,0.000735909
0.00058339,0.000751992
0.000585199,0.000768433
0.000587068,0.000785305
0.000589001,0.000802523
0.000590996,0.00082016
0.000593056,0.000838157
0.000595182,0.000856517
0.000597376,0.000875239
0.000599638,0.000894296
0.000601971,0.000913718
0.000604375,0.000933418
0.00060685,0.000953469
0.000609399,0.000973771
0.000612022,0.000994353
0.000614719,0.00101517
0.000617492,0.00103624
0.000620342,0.00105748
0.000623268,0.00107892
0.000626272,0.00110048
0.000629352,0.00112216
0.000632511,0.00114391
0.000635749,0.00116572
0.000639064,0.00118755
0.000642457,0.00120932
0.000645929,0.00123104
0.000649476,0.00125266
0.0006531,0.00127411
0.000656798,0.00129536
0.000660572,0.00131639
0.000664418,0.0013371
0.000668337,0.00135751
0.000672326,0.00137752
0.000676384,0.0013971
0.00068051,0.0014162
0.000684699,0.00143478
0.000688952,0.00145277
0.000693264,0.00147016
0.000697633,0.00148685
0.000702057,0.00150286
0.000706533,0.00151809
0.000711058,0.00153251
0.000715628,0.00154611
0.000720241,0.00155882
0.000724892,0.00157061
0.000729576,0.00158145
0.000734292,0.00159131
0.000739035,0.00160015
0.000743801,0.00160799
0.000748586,0.00161474
0.000753385,0.00162043
0.000758194,0.00162503
0.000763012,0.000380301
0.000455244,0.00052594
0.000455244,0.000525953
0.000455244,0.000525965
0.000455244,0.000525978
0.000455244,0.00052599
0.000455244,0.000526002
0.000455244,0.000526015
0.000455244,0.000526027
0.000455244,0.00052604
0.000455244,0.000526052
0.000455244,0.000526065
0.000455244,0.000526077
0.000455244,0.000526089
0.000455244,0.000526101
0.000455244,0.000526114
0.000455244,0.000526126
0.000455244,0.000526138
0.000455244,0.00052615
0.000455244,0.000526163
0.000455244,0.000526174
0.000455244,0.000526187
0.000455244,0.000526199
0.000455244,0.000526211
0.000455244,0.000526223
0.000455244,0.000526235
0.000455244,0.000526247
0.000455244,0.000526259
0.000455244,0.000526271
0.000455244,0.000526283
0.000455244,0.000526295
0.000455244,0.000526307
0.000455244,0.000526319
0.000455244,0.000526331
0.000455244,0.000526342
0.000455244,0.000526355
0.000455244,0.000526366
0.000455244,0.000526378
0.000455244,0.000526391
0.000455244,0.000526401
0.000455244,0.000526413
0.000455244,0.000526426
0.000455244,0.000526436
0.000455244,0.000526448
0.000455244,0.00052646
0.000455244,0.000526472
0.000455244,0.000526484
0.000455244,0.000526494
0.000455244,0.000526506
0.000455244,0.000526519
0.000455244,0.00052653
0.000455244,0.000526541
0.000455244,0.000526552
0.000455244,0.000526563
0.000455244,0.000526576
0.000455244,0.000526586
0.000455244,0.000526599
0.000455244,0.00052661
0.000455244,0.00052662
0.000455244,0.000526631
0.000455244,0.000526645
0.000455244,0.000526654
0.000455244,0.000526665
0.000455244,0.000526678
0.000455244,0.000526688
0.000455244,0.000526699
0.000455244,0.000526712
0.000455244,0.000526722
0.000455244,0.000526733
0.000455244,0.000526744
0.000455244,0.000526756
0.000455244,0.000526767
0.000455244,0.000526778
0.000455244,0.000526787
0.000455244,0.000526801
0.000455244,0.00052681
0.000455244,0.000526821
0.000455244,0.000526833
0.000455244,0.000526844
0.000455244,0.000526855
0.000455244,0.000526865
0.000455244,0.000526874
0.000455244,0.000526889
0.000455244,0.000526898
0.000455244,0.000526908
0.000455244,0.000526919
0.000453387,0.000530464
0.000449674,0.000528618
0.000445961,0.000526773
0.000442247,0.000524928
0.000438533,0.00052308
0.000434819,0.000521234
0.000431105,0.000519386
0.000427391,0.000517542
0.000423676,0.000515695
0.000419962,0.000513849
0.000416248,0.000512003
0.000412533,0.000510155
0.000408819,0.00050831
0.000405104,0.000506462
0.000401389,0.000504615
0.000397674,0.000502767
0.000393959,0.000500922
0.000390243,0.000499075
0.000386527,0.000497228
0.000382812,0.000495378
0.000379096,0.000493534
0.000375381,0.000491683
0.000371665,0.000489836
0.000367949,0.000487989
0.000364232,0.000486142
0.000360515,0.000484294
0.000356799,0.000482447
0.000353082,0.000480596
0.000349365,0.000478752
0.000345648,0.000476901
0.000341931,0.000475053
0.000338214,0.000473206
0.000334497,0.000471355
0.000330779,0.00046951
0.000327062,0.000467659
0.000323344,0.000465811
0.000319627,0.000463962
0.000315909,0.000462111
0.000312191,0.000460267
0.000308473,0.000458415
0.000304754,0.000456567
0.000301036,0.000454718
0.000297318,0.000452866
0.000293599,0.000451018
0.00028988,0.000449169
0.000286161,0.000447321
0.000282442,0.000445468
0.000278723,0.00044362
0.000275004,0.000441771
0.000271285,0.000439922
0.000267565,0.00043807
0.000263845,0.000436221
0.000260126,0.000434372
0.000256406,0.00043252
0.000252686,0.00043067
0.000248966,0.000428821
0.000245246,0.000426968
0.000241526,0.000425119
0.00023859,0.000429381
0.000236438,0.000428314
0.000234286,0.000427248
0.000232134,0.000426183
0.000229982,0.000425115
0.00022783,0.00042405
0.000225678,0.000422985
0.000223526,0.000421916
0.000221374,0.000420851
0.000219222,0.000419783
0.00021707,0.000418718
0.000214917,0.000417653
0.000212765,0.000416584
0.000210612,0.000415515
0.00020846,0.000414453
0.000206308,0.000413385
0.000204155,0.000412316
0.000202002,0.000411251
0.00020171,0.000402073
0.00020328,0.000402865
0.00020485,0.000403657
0.00020642,0.000404453
0.00020799,0.000405248
0.00020956,0.00040604
0.00021113,0.000406836
0.0002127,0.000407628
0.00021427,0.000408424
0.00021584,0.000409216
0.00021741,0.000410012
0.00021898,0.000410804
0.000220551,0.0004116
0.000222121,0.000412393
0.000223692,0.000413185
0.000225262,0.000413981
0.000226832,0.000414777
0.000228403,0.00041557
0.000229973,0.000416362
0.000231544,0.000417158
0.000233115,0.00041795
0.000234685,0.000418747
0.000235471,0.000417993
0.000235471,0.000418003
0.000235471,0.00041801
0.000235471,0.000418018
0.000235471,0.000418028
0.000235471,0.000418035
0.000235471,0.000418043
0.000235471,0.000418053
0.000235471,0.00041806
0.000235471,0.000418071
0.000235471,0.000418078
0.000235471,0.000418086
0.000235471,0.000418096
0.000235471,0.000418103
0.000235471,0.000418111
0.000235471,0.000418121
0.000235471,0.000418128
0.000235471,0.000418136
0.000235471,0.000418143
0.000235471,0.000418157
0.000235471,0.000418157
0.000235471,0.000418171
0.000235471,0.000418179
0.000235471,0.000418186
0.000235471,0.000418193
0.000235471,0.0004182
0.000235471,0.000418214
0.000235471,0.000418214
0.000235471,0.000418229
0.000235471,0.000418236
0.000235471,0.000418243
0.000235471,0.00041825
0.000235471,0.000418257
0.000235471,0.000418264
0.000235471,0.000418271
0.000235471,0.000418286
0.000235471,0.000418286
0.000235471,0.0004183
0.000235471,0.0004183
0.000235471,0.000418314
0.000235471,0.000418322
0.000235471,0.000418329
0.000235471,0.000418336
0.000235471,0.000418343
0.000235471,0.000418357
0.000235471,0.000418357
0.000235471,0.000418364
0.000235471,0.000418379
0.000235471,0.000418379
0.000235471,0.000418393
0.000235471,0.000418393
0.000235471,0.000418407
0.000235471,0.000418415
0.000235471,0.000418415
0.000235471,0.000418429
0.000235471,0.000418436
0.000235471,0.000418443
0.000235471,0.00041845
0.000235471,0.000418457
0.000235471,0.000418465
0.000235471,0.000418472
0.000235471,0.000418479
0.000235471,0.000418486
0.000235471,0.000418493
0.000235471,0.0004185
0.000235471,0.000418508
0.000235471,0.000418515
0.000235471,0.000418522
0.000235471,0.000418529
0.000235471,0.000418536
0.000235471,0.00041855
0.000235471,0.00041855
0.000235471,0.00041855
0.000235471,0.000418572
0.000235471,0.000418572
0.000235471,0.000418579
0.000235471,0.000418586
0.000235471,0.000418593
0.000235471,0.000418601
0.000235471,0.000418608
0.000235471,0.000418615
0.000235471,0.000418622
0.000235471,0.000418629
0.000235471,0.000418629
0.000235471,0.000418636
0.000235471,0.000418651
0.000235471,0.000418658
0.000235471,0.000418658
0.000235471,0.000418672
0.000235471,0.000418679
0.000235471,0.000418679
0.000235471,0.000418686
0.000235471,0.000418693
0.000235471,0.000418701
0.000235471,0.000418715
0.000235471,0.000418708
0.000235471,0.000418729
0.000235471,0.000418722
0.000235471,0.000418736
0.000235471,0.000418744
0.000235471,0.000418744
0.000235471,0.000418751
0.000235471,0.000418765
0.000235471,0.000418765
0.000235471,0.000418779
0.000235471,0.000418772
0.000235471,0.000418786
0.000235471,0.000418794
0.000235471,0.000418801
0.000235471,0.000418801
0.000236053,0.000419162
0.000237217,0.000419744
0.00023838,0.000420333
0.000239544,0.000420922
0.000240708,0.000421511
0.000241872,0.000422101
0.000243036,0.00042269
0.0002442,0.000423272
0.000245364,0.000423861
0.000246528,0.00042445
0.000247692,0.000425039
0.000248856,0.000425628
0.00025002,0.000426217
0.000251185,0.000426807
0.000252349,0.000427382
0.000253513,0.000427985
0.000254677,0.00042856
0.000255841,0.000429157
0.000257005,0.000429746
0.00025817,0.000430335
0.000259335,0.00043091
0.000260499,0.000431514
0.000261663,0.000432096
0.000262827,0.000432678
0.000263992,0.000433275
0.000265156,0.000433857
0.000266321,0.000434446
0.000267485,0.000435036
0.000268649,0.000435618
0.000269814,0.000436214
0.000270978,0.000436797
0.000272143,0.000437386
0.000273307,0.000437976
0.000274472,0.000438558
0.000275637,0.000439147
0.000276801,0.000439744
0.000277966,0.000440319
0.000279131,0.000440916
0.000280295,0.000441505
0.00028146,0.00044208
0.000282625,0.000442677
0.00028379,0.000443266
0.000284955,0.000443849
0.000286119,0.000444439
0.000287284,0.000445028
0.000288449,0.000445618
0.000289614,0.000446193
0.000290779,0.000446797
0.000291944,0.000447379
0.000293109,0.000447962
0.000294273,0.000448552
0.000295438,0.000449141
0.000296603,0.000449724
0.000297769,0.000450321
0.000298934,0.000450903
0.000300098,0.000451486
0.000301263,0.000452082
0.000302429,0.000452672
0.000303594,0.000453247
0.000304759,0.000453844
0.000305924,0.000454427
0.000307089,0.000455017
0.000308254,0.000455599
0.00030942,0.000456196
0.000310584,0.000456772
0.00031175,0.000457368
0.000312915,0.000457958
0.000314081,0.000458534
0.000315246,0.000459124
0.000316411,0.00045972
0.000317576,0.000460303
0.000318742,0.000460893
0.000319907,0.000461468
0.000321072,0.000462072
0.000322237,0.000462655
0.000323402,0.000463231
0.000324568,0.000463827
0.000325734,0.000464417
0.000326899,0.000464993
0.000328065,0.00046559
0.00032923,0.00046618
0.000330396,0.000466763
0.000331562,0.000467353
0.000332727,0.000467929
0.000333893,0.000468526
0.000335058,0.000469115
0.000336224,0.000469698
0.000337389,0.000470281
0.000338555,0.000470878
0.000339721,0.000471454
0.000340886,0.000472051
0.000342052,0.000472634
0.000343218,0.000473224
0.000344383,0.000473807
0.000345549,0.000474397
0.000346715,0.00047498
0.000347881,0.00047557
0.000349047,0.00047616
0.000350212,0.000476743
0.000351378,0.000477326
0.000352543,0.000477915
0.00035371,0.000478513
0.000354875,0.000479089
0.000356041,0.000479678
0.000357207,0.000480261
0.000358374,0.000480859
0.000359539,0.000481435
0.000360704,0.000482032
0.000361871,0.000482615
0.000363037,0.000483184
0.000364203,0.000483795
0.000365369,0.000484364
0.000366535,0.000484961
0.0003677,0.000485558
0.000368867,0.000486127
0.000370033,0.000486725
0.000371199,0.000487308
0.000372366,0.000487891
0.000373532,0.000488474
0.000374697,0.000489071
0.000375863,0.000489654
0.000377029,0.000490237
0.000378195,0.000490834
0.000379362,0.000491403
0.000380528,0.000492001
0.000381694,0.000492584
0.00038286,0.000493181
0.000384027,0.00049375
0.000385193,0.000494348
0.000386359,0.000494931
0.000387526,0.000495528
0.000388692,0.000496111
0.000389858,0.000496694
0.000391024,0.000497277
0.00039219,0.00049786
0.000393357,0.000498444
0.000394523,0.000499041
0.00039569,0.000499624
0.000396856,0.000500222
0.000398022,0.000500791
0.000399189,0.000501388
0.000400355,0.000501957
0.000401521,0.000502569
0.000402688,0.000503138
0.000403854,0.000503721
0.00040502,0.000504318
0.000406187,0.000504902
0.000407353,0.000505499
0.00040852,0.000506068
0.000409687,0.000506652
0.000410853,0.000507249
0.000412019,0.000507832
0.000413186,0.00050843
0.000414353,0.000508999
0.000415519,0.000509596
0.000416686,0.00051018
0.000417852,0.000510749
0.000419019,0.000511361
0.000420185,0.00051193
0.000421352,0.000512527
0.000422519,0.000513111
0.000423685,0.00051368
0.000424852,0.000514291
0.000426019,0.000514861
0.000427185,0.000515444
0.000428352,0.000516041
0.000429519,0.000516625
0.000430686,0.000517209
0.000431852,0.000517792
0.000433019,0.000518389
0.000434186,0.000518958
0.000435352,0.000519556
0.000436518,0.000520139
0.000437686,0.000520722
0.000438853,0.000521306
0.00044002,0.000521904
0.000441186,0.000522473
0.000442353,0.000523071
0.00044352,0.000523654
0.000444687,0.000524237
0.000445853,0.000524835
0.00044702,0.000525404
0.000448187,0.000526002
0.000449354,0.000526571
0.00045052,0.000527169
0.000451687,0.000527752
0.000452854,0.000528335
0.000454021,0.000528933
0.000455187,0.000529502
0.000456355,0.0005301
0.000457522,0.000530669
0.000458689,0.000531281
0.000459855,0.00053185
0.000461023,0.000532434
0.000462189,0.000533018
0.000463356,0.000533615
0.000464523,0.000534184
0.00046569,0.000534782
0.000466857,0.000535365
0.000468024,0.000535949
0.000469191,0.000536533
0.000470358,0.000537116
0.000471525,0.000537714
0.000472692,0.000538283
0.000473859,0.000538881
0.000475026,0.000539464
0.000476193,0.000540033
0.00047736,0.000540631
0.000478527,0.000541229
0.000479694,0.000541798
0.000480862,0.000542382
0.000482028,0.00054298
0.000483195,0.000543549
0.000484362,0.000544132
0.000485529,0.000544745
0.000486696,0.0005453
0.000487863,0.000545897
0.00048903,0.000546481
0.000490197,0.000547064
0.000491365,0.000547662
0.000492532,0.000548232
0.000493699,0.000548829
0.000494866,0.000549399
0.000496033,0.000549996
0.0004972,0.00055058
0.000498367,0.000551164
0.000499535,0.000551733
0.000500702,0.000552345
0.000501869,0.0005529
0.000503036,0.000553512
0.000504203,0.000554082
0.00050537,0.000554665
0.000506537,0.000555263
0.000507704,0.000555832
0.000508871,0.00055643
0.000510039,0.000557014
0.000511206,0.000557583
0.000512373,0.000558181
0.00051354,0.000558764
0.000514707,0.000559348
0.000515875,0.000559931
0.000517042,0.000560515
0.000518209,0.000561099
0.000519376,0.000561682
0.000520543,0.000562266
0.00052171,0.000562864
0.000522877,0.000563433
0.000524045,0.000564016
0.000525212,0.000564615
0.000526379,0.000565184
0.000527547,0.000565782
0.000528714,0.000566366
0.000529881,0.000566935
0.000531048,0.000567532
0.000532215,0.000568116
0.000533382,0.0005687
0.00053455,0.000569283
0.000535717,0.000569867
0.000536884,0.000570436
0.000538052,0.000571034
0.000539219,0.000571632
0.000540386,0.000572187
0.000541553,0.000572785
0.00054272,0.000573383
0.000543888,0.000573938
0.000545055,0.00057455
0.000546222,0.000575119
0.000547389,0.000575718
0.000548556,0.000576272
0.000549724,0.000576885
0.000550891,0.000577454
0.000552059,0.000578038
0.000553226,0.000578636
0.000554393,0.000579205
0.00055556,0.000579803
0.000556727,0.000580372
0.000557894,0.000580956
0.000559061,0.000581554
0.000560229,0.000582123
0.000561397,0.000582707
0.000562564,0.000583305
0.000563731,0.000583874
0.000564898,0.000584458
0.000566065,0.000585041
0.000567255,0.000596853
0.000568487,0.000609059
0.000569766,0.000621616
0.000571091,0.000634555
0.000572464,0.000647875
0.000573887,0.000661593
0.000575361,0.000675693
0.000576887,0.000690177
0.000578467,0.000705074
0.000580102,0.000720343
0.000581793,0.000736026
0.000583544,0.00075211
0.000585353,0.000768553
0.000587222,0.000785427
0.000589155,0.000802646
0.000591151,0.000820285
0.000593212,0.000838284
0.000595339,0.000856646
0.000597533,0.00087537
0.000599796,0.000894429
0.000602129,0.000913852
0.000604533,0.000933554
0.00060701,0.000953607
0.000609559,0.000973912
0.000612182,0.000994495
0.00061488,0.00101532
0.000617655,0.00103639
0.000620505,0.00105763
0.000623432,0.00107907
0.000626436,0.00110063
0.000629519,0.00112232
0.000632679,0.00114407
0.000635917,0.00116588
0.000639233,0.00118771
0.000642627,0.00120948
0.000646098,0.00123121
0.000649645,0.00125282
0.000653271,0.00127428
0.000656971,0.00129553
0.000660746,0.00131656
0.000664594,0.00133728
0.000668514,0.00135769
0.000672504,0.0013777
0.000676562,0.00139729
0.000680688,0.00141639
0.00068488,0.00143497
0.000689133,0.00145296
0.000693447,0.00147036
0.000697818,0.00148705
0.000702243,0.00150306
0.00070672,0.00151829
0.000711246,0.00153271
0.000715817,0.00154631
0.000720429,0.00155902
0.00072508,0.00157082
0.000729766,0.00158166
0.000734484,0.00159152
0.000739229,0.00160036
0.000743997,0.0016082
0.000748783,0.00161495
0.000753585,0.00162064
0.000758396,0.00162525
0.000763214,0.000380402
0.000455348,0.000525992
0.000455348,0.000526004
0.000455348,0.000526017
0.000455348,0.00052603
0.000455348,0.000526042
0.000455348,0.000526054
0.000455348,0.000526067
0.000455348,0.000526079
0.000455348,0.000526092
0.000455348,0.000526104
0.000455348,0.000526116
0.000455348,0.000526129
0.000455348,0.000526141
0.000455348,0.000526153
0.000455348,0.000526165
0.000455348,0.000526178
0.000455348,0.00052619
0.000455348,0.000526202
0.000455348,0.000526215
0.000455348,0.000526226
0.000455348,0.000526239
0.000455348,0.000526251
0.000455348,0.000526263
0.000455348,0.000526275
0.000455348,0.000526287
0.000455348,0.000526299
0.000455348,0.000526311
0.000455348,0.000526323
0.000455348,0.000526335
0.000455348,0.000526347
0.000455348,0.000526358
0.000455348,0.000526371
0.000455348,0.000526383
0.000455348,0.000526394
0.000455348,0.000526407
0.000455348,0.000526417
0.000455348,0.00052643
0.000455348,0.000526443
0.000455348,0.000526453
0.000455348,0.000526465
0.000455348,0.000526477
0.000455348,0.000526488
0.000455348,0.0005265
0.000455348,0.000526512
0.000455348,0.000526524
0.000455348,0.000526536
0.000455348,0.000526546
0.000455348,0.000526558
0.000455348,0.00052657
0.000455348,0.000526582
0.000455348,0.000526593
0.000455348,0.000526604
0.000455348,0.000526615
0.000455348,0.000526628
0.000455348,0.000526638
0.000455348,0.000526651
0.000455348,0.000526662
0.000455348,0.000526672
0.000455348,0.000526683
0.000455348,0.000526697
0.000455348,0.000526706
0.000455348,0.000526717
0.000455348,0.00052673
0.000455348,0.00052674
0.000455348,0.000526751
0.000455348,0.000526763
0.000455348,0.000526774
0.000455348,0.000526785
0.000455348,0.000526796
0.000455348,0.000526808
0.000455348,0.000526819
0.000455348,0.00052683
0.000455348,0.000526839
0.000455348,0.000526853
0.000455348,0.000526862
0.000455348,0.000526873
0.000455348,0.000526885
0.000455348,0.000526896
0.000455348,0.000526907
0.000455348,0.000526917
0.000455348,0.000526926
0.000455348,0.000526941
0.000455348,0.000526949
0.000455348,0.00052696
0.000455348,0.000526971
0.000453491,0.000530804
0.000449776,0.000528958
0.000446062,0.000527111
0.000442348,0.000525268
0.000438633,0.000523419
0.000434918,0.000521573
0.000431204,0.000519724
0.000427489,0.000517879
0.000423774,0.000516033
0.000420059,0.000514186
0.000416344,0.00051234
0.000412629,0.000510491
0.000408913,0.000508646
0.000405197,0.000506797
0.000401481,0.00050495
0.000397765,0.000503101
0.000394049,0.000501255
0.000390333,0.000499408
0.000386617,0.000497561
0.0003829,0.00049571
0.000379183,0.000493866
0.000375466,0.000492015
0.000371749,0.000490168
0.000368033,0.00048832
0.000364316,0.000486473
0.000360598,0.000484625
0.000356881,0.000482777
0.000353164,0.000480926
0.000349446,0.000479081
0.000345729,0.00047723
0.000342011,0.000475382
0.000338292,0.000473534
0.000334574,0.000471682
0.000330856,0.000469837
0.000327138,0.000467985
0.000323419,0.000466137
0.000319701,0.000464289
0.000315982,0.000462436
0.000312263,0.000460591
0.000308544,0.00045874
0.000304825,0.000456891
0.000301105,0.000455042
0.000297386,0.000453189
0.000293667,0.000451341
0.000289947,0.000449492
0.000286227,0.000447643
0.000282508,0.00044579
0.000278787,0.000443941
0.000275067,0.000442092
0.000271347,0.000440243
0.000267627,0.00043839
0.000263906,0.00043654
0.000260185,0.000434691
0.000256465,0.000432838
0.000252744,0.000430989
0.000249023,0.000429138
0.000245302,0.000427286
0.000241581,0.000425435
0.000238644,0.000429678
0.000236492,0.000428609
0.00023434,0.000427544
0.000232188,0.000426479
0.000230035,0.00042541
0.000227883,0.000424345
0.000225731,0.00042328
0.000223578,0.000422211
0.000221425,0.000421146
0.000219272,0.000420077
0.000217119,0.000419011
0.000214967,0.000417946
0.000212814,0.000416877
0.000210661,0.000415809
0.000208508,0.000414746
0.000206355,0.000413677
0.000204201,0.000412608
0.000202048,0.000411542
0.000201757,0.000402017
0.000203327,0.00040281
0.000204897,0.000403602
0.000206468,0.000404398
0.000208038,0.000405194
0.000209608,0.000405986
0.000211179,0.000406782
0.000212749,0.000407575
0.000214319,0.00040837
0.00021589,0.000409163
0.00021746,0.000409959
0.000219031,0.000410751
0.000220602,0.000411548
0.000222172,0.00041234
0.000223743,0.000413132
0.000225314,0.000413929
0.000226884,0.000414725
0.000228455,0.000415517
0.000230026,0.00041631
0.000231597,0.000417106
0.000233168,0.000417899
0.000234739,0.000418695
0.000235525,0.00041802
0.000235525,0.00041803
0.000235525,0.000418037
0.000235525,0.000418045
0.000235525,0.000418055
0.000235525,0.000418063
0.000235525,0.00041807
0.000235525,0.00041808
0.000235525,0.000418088
0.000235525,0.000418098
0.000235525,0.000418105
0.000235525,0.000418113
0.000235525,0.000418123
0.000235525,0.00041813
0.000235525,0.000418138
0.000235525,0.000418148
0.000235525,0.000418155
0.000235525,0.000418163
0.000235525,0.00041817
0.000235525,0.000418184
0.000235525,0.000418184
0.000235525,0.000418198
0.000235525,0.000418206
0.000235525,0.000418213
0.000235525,0.00041822
0.000235525,0.000418227
0.000235525,0.000418241
0.000235525,0.000418241
0.000235525,0.000418256
0.000235525,0.000418263
0.000235525,0.00041827
0.000235525,0.000418277
0.000235525,0.000418284
0.000235525,0.000418291
0.000235525,0.000418299
0.000235525,0.000418313
0.000235525,0.000418313
0.000235525,0.000418327
0.000235525,0.000418327
0.000235525,0.000418341
0.000235525,0.000418349
0.000235525,0.000418356
0.000235525,0.000418363
0.000235525,0.00041837
0.000235525,0.000418384
0.000235525,0.000418384
0.000235525,0.000418392
0.000235525,0.000418406
0.000235525,0.000418406
0.000235525,0.00041842
0.000235525,0.00041842
0.000235525,0.000418434
0.000235525,0.000418442
0.000235525,0.000418442
0.000235525,0.000418456
0.000235525,0.000418463
0.000235525,0.00041847
0.000235525,0.000418477
0.000235525,0.000418485
0.000235525,0.000418492
0.000235525,0.000418499
0.000235525,0.000418506
0.000235525,0.000418513
0.000235525,0.00041852
0.000235525,0.000418527
0.000235525,0.000418535
0.000235525,0.000418542
0.000235525,0.000418549
0.000235525,0.000418556
0.000235525,0.000418563
0.000235525,0.000418577
0.000235525,0.000418577
0.000235525,0.000418577
0.000235525,0.000418599
0.000235525,0.000418599
0.000235525,0.000418606
0.000235525,0.000418613
0.000235525,0.00041862
0.000235525,0.000418628
0.000235525,0.000418635
0.000235525,0.000418642
0.000235525,0.000418649
0.000235525,0.000418656
0.000235525,0.000418656
0.000235525,0.000418663
0.000235525,0.000418678
0.000235525,0.000418685
0.000235525,0.000418685
0.000235525,0.000418699
0.000235525,0.000418706
0.000235525,0.000418706
0.000235525,0.000418713
0.000235525,0.000418721
0.000235525,0.000418728
0.000235525,0.000418742
0.000235525,0.000418735
0.000235525,0.000418756
0.000235525,0.000418749
0.000235525,0.000418763
0.000235525,0.000418771
0.000235525,0.000418771
0.000235525,0.000418778
0.000235525,0.000418792
0.000235525,0.000418792
0.000235525,0.000418806
0.000235525,0.000418799
0.000235525,0.000418814
0.000235525,0.000418821
0.000235525,0.000418828
0.000235525,0.000418828
0.000236107,0.000419218
0.000237271,0.0004198
0.000238435,0.000420389
0.000239599,0.000420978
0.000240764,0.000421567
0.000241928,0.000422157
0.000243092,0.000422746
0.000244256,0.000423328
0.000245421,0.000423918
0.000246585,0.000424507
0.000247749,0.000425096
0.000248914,0.000425685
0.000250078,0.000426275
0.000251243,0.000426864
0.000252407,0.000427439
0.000253571,0.000428043
0.000254736,0.000428618
0.0002559,0.000429215
0.000257065,0.000429804
0.000258229,0.000430393
0.000259394,0.000430969
0.000260559,0.000431572
0.000261723,0.000432155
0.000262888,0.000432737
0.000264052,0.000433333
0.000265217,0.000433916
0.000266382,0.000434505
0.000267547,0.000435095
0.000268711,0.000435677
0.000269876,0.000436274
0.000271041,0.000436856
0.000272206,0.000437446
0.000273371,0.000438036
0.000274535,0.000438618
0.0002757,0.000439207
0.000276865,0.000439804
0.00027803,0.00044038
0.000279195,0.000440976
0.00028036,0.000441566
0.000281525,0.000442141
0.00028269,0.000442738
0.000283855,0.000443328
0.00028502,0.00044391
0.000286185,0.0004445
0.00028735,0.00044509
0.000288515,0.000445679
0.00028968,0.000446255
0.000290846,0.000446859
0.000292011,0.000447441
0.000293176,0.000448024
0.000294341,0.000448614
0.000295507,0.000449204
0.000296672,0.000449786
0.000297837,0.000450383
0.000299002,0.000450966
0.000300168,0.000451548
0.000301333,0.000452145
0.000302498,0.000452735
0.000303663,0.000453311
0.000304829,0.000453907
0.000305994,0.00045449
0.000307159,0.00045508
0.000308325,0.000455663
0.00030949,0.00045626
0.000310656,0.000456836
0.000311822,0.000457433
0.000312987,0.000458022
0.000314152,0.000458598
0.000315318,0.000459188
0.000316484,0.000459785
0.000317649,0.000460368
0.000318815,0.000460958
0.00031998,0.000461534
0.000321146,0.000462138
0.000322312,0.000462721
0.000323478,0.000463297
0.000324643,0.000463894
0.000325809,0.000464484
0.000326975,0.000465059
0.00032814,0.000465657
0.000329306,0.000466246
0.000330472,0.00046683
0.000331638,0.000467419
0.000332804,0.000467995
0.000333969,0.000468592
0.000335136,0.000469183
0.000336301,0.000469766
0.000337467,0.000470348
0.000338632,0.000470945
0.000339798,0.000471521
0.000340964,0.000472118
0.000342131,0.000472701
0.000343297,0.000473292
0.000344463,0.000473875
0.000345629,0.000474465
0.000346794,0.000475048
0.000347961,0.000475638
0.000349127,0.000476229
0.000350292,0.000476811
0.000351459,0.000477394
0.000352625,0.000477985
0.000353791,0.000478582
0.000354957,0.000479158
0.000356124,0.000479748
0.00035729,0.000480332
0.000358456,0.000480929
0.000359622,0.000481505
0.000360788,0.000482102
0.000361954,0.000482685
0.000363121,0.000483254
0.000364287,0.000483866
0.000365453,0.000484434
0.00036662,0.000485032
0.000367786,0.000485629
0.000368952,0.000486198
0.000370118,0.000486796
0.000371285,0.000487379
0.000372451,0.000487962
0.000373617,0.000488545
0.000374783,0.000489143
0.00037595,0.000489726
0.000377116,0.000490309
0.000378283,0.000490907
0.00037945,0.000491476
0.000380616,0.000492073
0.000381783,0.000492656
0.000382949,0.000493254
0.000384116,0.000493823
0.000385282,0.00049442
0.000386448,0.000495004
0.000387615,0.000495601
0.000388781,0.000496184
0.000389948,0.000496768
0.000391115,0.000497351
0.000392281,0.000497935
0.000393447,0.000498517
0.000394614,0.000499115
0.000395781,0.000499699
0.000396947,0.000500296
0.000398114,0.000500865
0.000399281,0.000501463
0.000400447,0.000502032
0.000401614,0.000502644
0.000402781,0.000503213
0.000403947,0.000503796
0.000405114,0.000504394
0.000406281,0.000504977
0.000407448,0.000505575
0.000408614,0.000506144
0.00040978,0.000506727
0.000410948,0.000507325
0.000412115,0.000507908
0.000413281,0.000508506
0.000414448,0.000509075
0.000415615,0.000509673
0.000416782,0.000510256
0.000417949,0.000510825
0.000419116,0.000511437
0.000420283,0.000512007
0.000421449,0.000512604
0.000422616,0.000513187
0.000423783,0.000513757
0.00042495,0.000514369
0.000426117,0.000514938
0.000427283,0.000515521
0.000428451,0.000516119
0.000429617,0.000516703
0.000430784,0.000517286
0.000431951,0.00051787
0.000433119,0.000518467
0.000434285,0.000519037
0.000435452,0.000519634
0.00043662,0.000520218
0.000437787,0.000520802
0.000438953,0.000521385
0.000440121,0.000521983
0.000441287,0.000522552
0.000442455,0.00052315
0.000443622,0.000523734
0.000444788,0.000524317
0.000445955,0.000524915
0.000447122,0.000525484
0.00044829,0.000526082
0.000449457,0.000526651
0.000450624,0.000527249
0.000451791,0.000527832
0.000452958,0.000528416
0.000454126,0.000529014
0.000455293,0.000529583
0.00045646,0.000530181
0.000457627,0.000530751
0.000458794,0.000531362
0.000459961,0.000531932
0.000461129,0.000532516
0.000462296,0.000533099
0.000463463,0.000533697
0.000464631,0.000534267
0.000465797,0.000534864
0.000466965,0.000535448
0.000468132,0.000536031
0.000469299,0.000536615
0.000470466,0.000537199
0.000471633,0.000537796
0.000472801,0.000538366
0.000473968,0.000538964
0.000475135,0.000539547
0.000476303,0.000540117
0.000477469,0.000540715
0.000478637,0.000541312
0.000479804,0.000541882
0.000480971,0.000542466
0.000482139,0.000543063
0.000483306,0.000543633
0.000484474,0.000544217
0.000485641,0.000544829
0.000486808,0.000545384
0.000487975,0.000545982
0.000489143,0.000546565
0.00049031,0.000547149
0.000491478,0.000547747
0.000492644,0.000548316
0.000493812,0.000548914
0.000494979,0.000549484
0.000496147,0.000550082
0.000497314,0.000550666
0.000498481,0.000551249
0.000499649,0.000551819
0.000500816,0.000552431
0.000501983,0.000552986
0.000503151,0.000553598
0.000504319,0.000554168
0.000505486,0.000554752
0.000506654,0.00055535
0.000507821,0.000555919
0.000508988,0.000556517
0.000510156,0.000557101
0.000511323,0.00055767
0.000512491,0.000558268
0.000513658,0.000558852
0.000514826,0.000559436
0.000515993,0.000560019
0.00051716,0.000560603
0.000518328,0.000561187
0.000519496,0.00056177
0.000520663,0.000562354
0.00052183,0.000562952
0.000522998,0.000563522
0.000524165,0.000564105
0.000525333,0.000564703
0.000526501,0.000565273
0.000527668,0.000565871
0.000528835,0.000566455
0.000530003,0.000567024
0.00053117,0.000567622
0.000532338,0.000568206
0.000533505,0.00056879
0.000534673,0.000569373
0.000535841,0.000569957
0.000537008,0.000570527
0.000538175,0.000571125
0.000539343,0.000571723
0.00054051,0.000572278
0.000541677,0.000572876
0.000542845,0.000573474
0.000544013,0.000574029
0.00054518,0.000574642
0.000546348,0.000575211
0.000547516,0.000575809
0.000548683,0.000576364
0.00054985,0.000576976
0.000551018,0.000577546
0.000552185,0.00057813
0.000553353,0.000578728
0.00055452,0.000579297
0.000555688,0.000579895
0.000556856,0.000580465
0.000558023,0.000581049
0.000559191,0.000581647
0.000560358,0.000582216
0.000561526,0.0005828
0.000562693,0.000583398
0.000563861,0.000583967
0.000565028,0.000584551
0.000566196,0.000585135
0.000567385,0.000596948
0.000568618,0.000609155
0.000569897,0.000621714
0.000571222,0.000634654
0.000572596,0.000647976
0.000574019,0.000661694
0.000575493,0.000675796
0.00057702,0.000690281
0.0005786,0.000705181
0.000580235,0.00072045
0.000581928,0.000736135
0.000583678,0.000752221
0.000585487,0.000768665
0.000587358,0.000785541
0.00058929,0.000802762
0.000591286,0.000820402
0.000593348,0.000838403
0.000595475,0.000856766
0.000597671,0.000875493
0.000599934,0.000894554
0.000602268,0.000913979
0.000604673,0.000933684
0.000607149,0.000953739
0.000609699,0.000974044
0.000612323,0.000994631
0.000615022,0.00101546
0.000617797,0.00103653
0.000620647,0.00105777
0.000623575,0.00107921
0.00062658,0.00110078
0.000629663,0.00112247
0.000632824,0.00114422
0.000636064,0.00116603
0.000639381,0.00118787
0.000642775,0.00120964
0.000646248,0.00123137
0.000649796,0.00125299
0.000653421,0.00127445
0.000657122,0.0012957
0.000660898,0.00131673
0.000664747,0.00133745
0.000668668,0.00135787
0.000672659,0.00137788
0.000676719,0.00139746
0.000680846,0.00141657
0.000685038,0.00143515
0.000689291,0.00145315
0.000693604,0.00147054
0.000697976,0.00148724
0.000702403,0.00150324
0.000706882,0.00151848
0.000711409,0.0015329
0.000715981,0.00154651
0.000720595,0.00155922
0.000725248,0.00157102
0.000729935,0.00158186
0.000734653,0.00159172
0.000739398,0.00160056
0.000744166,0.00160841
0.000748953,0.00161515
0.000753755,0.00162084
0.000758569,0.00162545
0.000763389,0.000380489
0.000455439,0.000526037
0.000455439,0.00052605
0.000455439,0.000526062
0.000455439,0.000526075
0.000455439,0.000526088
0.000455439,0.0005261
0.000455439,0.000526112
0.000455439,0.000526125
0.000455439,0.000526137
0.000455439,0.000526149
0.000455439,0.000526162
0.000455439,0.000526174
0.000455439,0.000526187
0.000455439,0.000526199
0.000455439,0.000526211
0.000455439,0.000526223
0.000455439,0.000526236
0.000455439,0.000526248
0.000455439,0.00052626
0.000455439,0.000526272
0.000455439,0.000526284
0.000455439,0.000526296
0.000455439,0.000526309
0.000455439,0.00052632
0.000455439,0.000526333
0.000455439,0.000526345
0.000455439,0.000526357
0.000455439,0.000526368
0.000455439,0.000526381
0.000455439,0.000526392
0.000455439,0.000526404
0.000455439,0.000526417
0.000455439,0.000526428
0.000455439,0.00052644
0.000455439,0.000526452
0.000455439,0.000526463
0.000455439,0.000526476
0.000455439,0.000526488
0.000455439,0.000526499
0.000455439,0.00052651
0.000455439,0.000526523
0.000455439,0.000526534
0.000455439,0.000526545
0.000455439,0.000526558
0.000455439,0.000526569
0.000455439,0.000526581
0.000455439,0.000526592
0.000455439,0.000526603
0.000455439,0.000526616
0.000455439,0.000526628
0.000455439,0.000526638
0.000455439,0.00052665
0.000455439,0.000526661
0.000455439,0.000526673
0.000455439,0.000526684
0.000455439,0.000526696
0.000455439,0.000526707
0.000455439,0.000526718
0.000455439,0.000526729
0.000455439,0.000526743
0.000455439,0.000526752
0.000455439,0.000526763
0.000455439,0.000526775
0.000455439,0.000526786
0.000455439,0.000526797
0.000455439,0.000526809
0.000455439,0.00052682
0.000455439,0.000526831
0.000455439,0.000526841
0.000455439,0.000526854
0.000455439,0.000526865
0.000455439,0.000526875
0.000455439,0.000526884
0.000455439,0.000526899
0.000455439,0.000526907
0.000455439,0.000526918
0.000455439,0.000526931
0.000455439,0.000526941
0.000455439,0.000526952
0.000455439,0.000526963
0.000455439,0.000526972
0.000455439,0.000526986
0.000455439,0.000526995
0.000455439,0.000527006
0.000455439,0.000527017
0.000453581,0.000531149
0.000449866,0.000529302
0.000446151,0.000527456
0.000442437,0.000525611
0.000438722,0.000523763
0.000435006,0.000521916
0.00043129,0.000520067
0.000427575,0.000518222
0.000423859,0.000516375
0.000420143,0.000514528
0.000416425,0.000512681
0.000412709,0.000510831
0.000408994,0.000508986
0.000405277,0.000507137
0.000401561,0.00050529
0.000397844,0.00050344
0.000394127,0.000501594
0.00039041,0.000499747
0.000386693,0.0004979
0.000382975,0.000496048
0.000379259,0.000494204
0.000375541,0.000492353
0.000371823,0.000490505
0.000368105,0.000488657
0.000364388,0.000486809
0.00036067,0.000484961
0.000356952,0.000483112
0.000353233,0.000481261
0.000349515,0.000479416
0.000345796,0.000477564
0.000342078,0.000475715
0.000338359,0.000473867
0.00033464,0.000472015
0.000330921,0.00047017
0.000327202,0.000468318
0.000323482,0.000466469
0.000319763,0.00046462
0.000316044,0.000462768
0.000312324,0.000460922
0.000308604,0.00045907
0.000304885,0.000457221
0.000301165,0.000455372
0.000297444,0.000453519
0.000293724,0.000451669
0.000290004,0.00044982
0.000286283,0.000447971
0.000282563,0.000446118
0.000278842,0.000444269
0.000275121,0.000442419
0.0002714,0.000440569
0.00026768,0.000438716
0.000263958,0.000436867
0.000260237,0.000435017
0.000256515,0.000433164
0.000252794,0.000431313
0.000249072,0.000429464
0.000245351,0.00042761
0.000241629,0.00042576
0.000238691,0.000429973
0.000236539,0.000428904
0.000234386,0.000427839
0.000232234,0.000426774
0.000230081,0.000425705
0.000227928,0.00042464
0.000225774,0.000423574
0.000223621,0.000422505
0.000221469,0.000421439
0.000219316,0.000420371
0.000217163,0.000419305
0.000215009,0.000418239
0.000212856,0.00041717
0.000210703,0.000416101
0.000208549,0.000415039
0.000206395,0.000413969
0.000204242,0.0004129
0.000202089,0.000411835
0.000201797,0.000401961
0.000203367,0.000402753
0.000204938,0.000403546
0.000206508,0.000404342
0.000208079,0.000405138
0.000209649,0.00040593
0.00021122,0.000406726
0.000212791,0.000407519
0.000214361,0.000408315
0.000215932,0.000409108
0.000217503,0.000409904
0.000219074,0.000410697
0.000220645,0.000411493
0.000222216,0.000412285
0.000223787,0.000413078
0.000225358,0.000413875
0.000226929,0.000414671
0.000228501,0.000415464
0.000230072,0.000416256
0.000231643,0.000417053
0.000233214,0.000417846
0.000234786,0.000418642
0.000235572,0.000418043
0.000235572,0.000418054
0.000235572,0.000418061
0.000235572,0.000418068
0.000235572,0.000418079
0.000235572,0.000418086
0.000235572,0.000418093
0.000235572,0.000418104
0.000235572,0.000418111
0.000235572,0.000418122
0.000235572,0.000418129
0.000235572,0.000418136
0.000235572,0.000418147
0.000235572,0.000418154
0.000235572,0.000418161
0.000235572,0.000418172
0.000235572,0.000418179
0.000235572,0.000418186
0.000235572,0.000418193
0.000235572,0.000418208
0.000235572,0.000418208
0.000235572,0.000418222
0.000235572,0.000418229
0.000235572,0.000418236
0.000235572,0.000418243
0.000235572,0.00041825
0.000235572,0.000418265
0.000235572,0.000418265
0.000235572,0.000418279
0.000235572,0.000418286
0.000235572,0.000418293
0.000235572,0.000418301
0.000235572,0.000418308
0.000235572,0.000418315
0.000235572,0.000418322
0.000235572,0.000418336
0.000235572,0.000418336
0.000235572,0.000418351
0.000235572,0.000418351
0.000235572,0.000418365
0.000235572,0.000418372
0.000235572,0.000418379
0.000235572,0.000418386
0.000235572,0.000418394
0.000235572,0.000418408
0.000235572,0.000418408
0.000235572,0.000418415
0.000235572,0.000418429
0.000235572,0.000418429
0.000235572,0.000418444
0.000235572,0.000418444
0.000235572,0.000418458
0.000235572,0.000418465
0.000235572,0.000418465
0.000235572,0.000418479
0.000235572,0.000418487
0.000235572,0.000418494
0.000235572,0.000418501
0.000235572,0.000418508
0.000235572,0.000418515
0.000235572,0.000418522
0.000235572,0.000418529
0.000235572,0.000418537
0.000235572,0.000418544
0.000235572,0.000418551
0.000235572,0.000418558
0.000235572,0.000418565
0.000235572,0.000418572
0.000235572,0.00041858
0.000235572,0.000418587
0.000235572,0.000418601
0.000235572,0.000418601
0.000235572,0.000418601
0.000235572,0.000418622
0.000235572,0.000418622
0.000235572,0.00041863
0.000235572,0.000418637
0.000235572,0.000418644
0.000235572,0.000418651
0.000235572,0.000418658
0.000235572,0.000418665
0.000235572,0.000418672
0.000235572,0.00041868
0.000235572,0.00041868
0.000235572,0.000418687
0.000235572,0.000418701
0.000235572,0.000418708
0.000235572,0.000418708
0.000235572,0.000418723
0.000235572,0.00041873
0.000235572,0.00041873
0.000235572,0.000418737
0.000235572,0.000418744
0.000235572,0.000418751
0.000235572,0.000418765
0.000235572,0.000418758
0.000235572,0.00041878
0.000235572,0.000418773
0.000235572,0.000418787
0.000235572,0.000418794
0.000235572,0.000418794
0.000235572,0.000418801
0.000235572,0.000418816
0.000235572,0.000418816
0.000235572,0.00041883
0.000235572,0.000418823
0.000235572,0.000418837
0.000235572,0.000418844
0.000235572,0.000418851
0.000235572,0.000418851
0.000236154,0.000419271
0.000237318,0.000419853
0.000238482,0.000420442
0.000239647,0.000421031
0.000240811,0.000421621
0.000241975,0.00042221
0.00024314,0.0004228
0.000244305,0.000423382
0.000245469,0.000423971
0.000246634,0.000424561
0.000247798,0.00042515
0.000248963,0.00042574
0.000250127,0.000426329
0.000251292,0.000426918
0.000252457,0.000427494
0.000253621,0.000428097
0.000254786,0.000428673
0.000255951,0.000429269
0.000257116,0.000429859
0.00025828,0.000430448
0.000259445,0.000431024
0.00026061,0.000431627
0.000261775,0.00043221
0.00026294,0.000432793
0.000264105,0.000433389
0.00026527,0.000433972
0.000266435,0.000434561
0.0002676,0.000435151
0.000268764,0.000435733
0.000269929,0.00043633
0.000271094,0.000436912
0.000272259,0.000437502
0.000273424,0.000438092
0.00027459,0.000438674
0.000275755,0.000439264
0.00027692,0.000439861
0.000278085,0.000440437
0.00027925,0.000441034
0.000280415,0.000441623
0.000281581,0.000442199
0.000282746,0.000442796
0.000283911,0.000443385
0.000285076,0.000443968
0.000286242,0.000444558
0.000287407,0.000445148
0.000288572,0.000445737
0.000289738,0.000446313
0.000290903,0.000446917
0.000292068,0.0004475
0.000293234,0.000448083
0.000294399,0.000448672
0.000295565,0.000449262
0.00029673,0.000449845
0.000297895,0.000450442
0.000299061,0.000451025
0.000300227,0.000451608
0.000301392,0.000452205
0.000302558,0.000452794
0.000303724,0.00045337
0.000304889,0.000453967
0.000306054,0.00045455
0.00030722,0.00045514
0.000308386,0.000455723
0.000309552,0.00045632
0.000310717,0.000456896
0.000311883,0.000457493
0.000313049,0.000458083
0.000314215,0.000458659
0.00031538,0.000459249
0.000316546,0.000459846
0.000317712,0.000460429
0.000318878,0.000461019
0.000320044,0.000461595
0.00032121,0.000462199
0.000322375,0.000462782
0.000323541,0.000463358
0.000324707,0.000463955
0.000325873,0.000464545
0.000327039,0.000465121
0.000328205,0.000465718
0.000329371,0.000466309
0.000330537,0.000466891
0.000331703,0.000467482
0.000332869,0.000468058
0.000334035,0.000468655
0.000335201,0.000469245
0.000336367,0.000469828
0.000337534,0.000470411
0.0003387,0.000471009
0.000339866,0.000471584
0.000341033,0.000472182
0.000342198,0.000472766
0.000343364,0.000473355
0.000344531,0.000473939
0.000345697,0.000474529
0.000346863,0.000475112
0.000348029,0.000475702
0.000349195,0.000476292
0.000350362,0.000476876
0.000351528,0.000477459
0.000352695,0.000478049
0.000353861,0.000478647
0.000355027,0.000479223
0.000356194,0.000479813
0.00035736,0.000480396
0.000358526,0.000480993
0.000359693,0.00048157
0.000360859,0.000482167
0.000362026,0.000482751
0.000363192,0.000483319
0.000364358,0.000483931
0.000365525,0.0004845
0.000366691,0.000485098
0.000367858,0.000485695
0.000369024,0.000486264
0.000370191,0.000486862
0.000371358,0.000487445
0.000372524,0.000488028
0.000373691,0.000488612
0.000374858,0.000489209
0.000376024,0.000489793
0.000377191,0.000490376
0.000378357,0.000490973
0.000379524,0.000491542
0.00038069,0.00049214
0.000381857,0.000492724
0.000383023,0.000493321
0.000384191,0.00049389
0.000385358,0.000494488
0.000386525,0.000495071
0.000387691,0.000495669
0.000388857,0.000496252
0.000390024,0.000496835
0.000391191,0.000497419
0.000392358,0.000498002
0.000393525,0.000498586
0.000394692,0.000499184
0.000395859,0.000499767
0.000397025,0.000500365
0.000398192,0.000500934
0.000399359,0.000501532
0.000400526,0.000502101
0.000401693,0.000502713
0.00040286,0.000503282
0.000404027,0.000503866
0.000405194,0.000504463
0.000406361,0.000505047
0.000407528,0.000505644
0.000408695,0.000506214
0.000409862,0.000506797
0.000411029,0.000507395
0.000412196,0.000507979
0.000413363,0.000508576
0.00041453,0.000509146
0.000415697,0.000509744
0.000416864,0.000510327
0.000418031,0.000510896
0.000419198,0.000511508
0.000420365,0.000512077
0.000421532,0.000512675
0.0004227,0.000513259
0.000423867,0.000513828
0.000425034,0.000514441
0.000426201,0.000515009
0.000427368,0.000515594
0.000428535,0.000516191
0.000429702,0.000516775
0.00043087,0.000517358
0.000432037,0.000517942
0.000433204,0.00051854
0.000434371,0.000519109
0.000435538,0.000519707
0.000436705,0.000520291
0.000437872,0.000520874
0.00043904,0.000521458
0.000440207,0.000522056
0.000441374,0.000522625
0.000442542,0.000523223
0.000443709,0.000523807
0.000444877,0.00052439
0.000446044,0.000524988
0.000447211,0.000525558
0.000448378,0.000526156
0.000449545,0.000526725
0.000450713,0.000527323
0.00045188,0.000527907
0.000453047,0.00052849
0.000454215,0.000529088
0.000455383,0.000529658
0.00045655,0.000530256
0.000457717,0.000530825
0.000458885,0.000531437
0.000460052,0.000532007
0.000461219,0.00053259
0.000462387,0.000533174
0.000463554,0.000533772
0.000464721,0.000534341
0.000465889,0.00053494
0.000467057,0.000535523
0.000468224,0.000536107
0.000469392,0.000536691
0.00047056,0.000537275
0.000471727,0.000537873
0.000472894,0.000538442
0.000474062,0.00053904
0.000475229,0.000539624
0.000476396,0.000540193
0.000477564,0.000540791
0.000478732,0.00054139
0.000479899,0.000541959
0.000481066,0.000542542
0.000482234,0.000543141
0.000483402,0.00054371
0.000484569,0.000544294
0.000485736,0.000544906
0.000486905,0.000545461
0.000488072,0.00054606
0.000489239,0.000546643
0.000490407,0.000547227
0.000491575,0.000547825
0.000492742,0.000548395
0.00049391,0.000548993
0.000495078,0.000549563
0.000496245,0.000550161
0.000497413,0.000550745
0.000498581,0.000551328
0.000499748,0.000551898
0.000500915,0.00055251
0.000502083,0.000553066
0.00050325,0.000553678
0.000504418,0.000554247
0.000505586,0.000554831
0.000506754,0.000555429
0.000507922,0.000555999
0.000509089,0.000556597
0.000510257,0.000557181
0.000511425,0.000557751
0.000512592,0.000558349
0.000513759,0.000558932
0.000514927,0.000559516
0.000516095,0.0005601
0.000517263,0.000560684
0.00051843,0.000561268
0.000519598,0.000561851
0.000520766,0.000562435
0.000521933,0.000563033
0.000523101,0.000563603
0.000524269,0.000564187
0.000525437,0.000564785
0.000526604,0.000565355
0.000527772,0.000565953
0.00052894,0.000566537
0.000530107,0.000567106
0.000531275,0.000567704
0.000532443,0.000568288
0.000533611,0.000568872
0.000534778,0.000569456
0.000535946,0.00057004
0.000537114,0.000570609
0.000538281,0.000571207
0.000539449,0.000571805
0.000540617,0.000572361
0.000541785,0.000572959
0.000542952,0.000573557
0.00054412,0.000574112
0.000545288,0.000574725
0.000546455,0.000575294
0.000547623,0.000575893
0.000548791,0.000576448
0.000549959,0.000577061
0.000551127,0.00057763
0.000552295,0.000578214
0.000553462,0.000578812
0.00055463,0.000579382
0.000555798,0.00057998
0.000556966,0.00058055
0.000558133,0.000581133
0.000559301,0.000581731
0.000560469,0.000582302
0.000561637,0.000582885
0.000562804,0.000583483
0.000563972,0.000584053
0.00056514,0.000584637
0.000566307,0.00058522
0.000567496,0.000597034
0.000568731,0.000609243
0.00057001,0.000621804
0.000571335,0.000634744
0.00057271,0.000648068
0.000574134,0.000661788
0.000575608,0.000675891
0.000577134,0.000690378
0.000578714,0.000705278
0.00058035,0.000720549
0.000582043,0.000736237
0.000583794,0.000752323
0.000585603,0.00076877
0.000587473,0.000785647
0.000589406,0.00080287
0.000591404,0.000820512
0.000593465,0.000838515
0.000595593,0.00085688
0.000597788,0.000875608
0.000600053,0.000894672
0.000602387,0.000914099
0.000604793,0.000933806
0.000607269,0.000953862
0.00060982,0.00097417
0.000612445,0.00099476
0.000615144,0.00101559
0.000617919,0.00103666
0.00062077,0.00105791
0.000623699,0.00107935
0.000626704,0.00110092
0.000629789,0.00112261
0.00063295,0.00114437
0.000636189,0.00116618
0.000639507,0.00118802
0.000642902,0.00120979
0.000646375,0.00123152
0.000649925,0.00125314
0.000653552,0.00127461
0.000657253,0.00129586
0.000661029,0.0013169
0.000664878,0.00133761
0.000668799,0.00135803
0.000672791,0.00137804
0.000676853,0.00139763
0.00068098,0.00141674
0.000685171,0.00143532
0.000689427,0.00145332
0.000693743,0.00147072
0.000698116,0.00148742
0.000702543,0.00150343
0.000707021,0.00151866
0.000711549,0.00153309
0.000716123,0.00154669
0.000720738,0.00155941
0.000725392,0.00157121
0.00073008,0.00158205
0.000734799,0.00159191
0.000739545,0.00160075
0.000744315,0.0016086
0.000749104,0.00161535
0.000753907,0.00162104
0.00075872,0.00162565
0.000763539,0.000380564
0.000455512,0.000526074
0.000455512,0.000526087
0.000455512,0.000526099
0.000455512,0.000526112
0.000455512,0.000526124
0.000455512,0.000526137
0.000455512,0.000526149
0.000455512,0.000526162
0.000455512,0.000526174
0.000455512,0.000526186
0.000455512,0.000526199
0.000455512,0.000526211
0.000455512,0.000526223
0.000455512,0.000526236
0.000455512,0.000526248
0.000455512,0.00052626
0.000455512,0.000526272
0.000455512,0.000526284
0.000455512,0.000526297
0.000455512,0.000526308
0.000455512,0.000526321
0.000455512,0.000526333
0.000455512,0.000526346
0.000455512,0.000526357
0.000455512,0.000526369
0.000455512,0.000526381
0.000455512,0.000526393
0.000455512,0.000526405
0.000455512,0.000526417
0.000455512,0.000526429
0.000455512,0.000526441
0.000455512,0.000526453
0.000455512,0.000526465
0.000455512,0.000526477
0.000455512,0.000526489
0.000455512,0.0005265
0.000455512,0.000526512
0.000455512,0.000526525
0.000455512,0.000526536
0.000455512,0.000526547
0.000455512,0.00052656
0.000455512,0.00052657
0.000455512,0.000526582
0.000455512,0.000526595
0.000455512,0.000526606
0.000455512,0.000526618
0.000455512,0.000526628
0.000455512,0.00052664
0.000455512,0.000526653
0.000455512,0.000526664
0.000455512,0.000526675
0.000455512,0.000526687
0.000455512,0.000526697
0.000455512,0.00052671
0.000455512,0.000526721
0.000455512,0.000526733
0.000455512,0.000526744
0.000455512,0.000526755
0.000455512,0.000526765
0.000455512,0.00052678
0.000455512,0.000526789
0.000455512,0.000526799
0.000455512,0.000526812
0.000455512,0.000526823
0.000455512,0.000526833
0.000455512,0.000526846
0.000455512,0.000526856
0.000455512,0.000526867
0.000455512,0.000526878
0.000455512,0.00052689
0.000455512,0.000526901
0.000455512,0.000526912
0.000455512,0.000526921
0.000455512,0.000526935
0.000455512,0.000526944
0.000455512,0.000526955
0.000455512,0.000526967
0.000455512,0.000526978
0.000455512,0.000526989
0.000455512,0.000527
0.000455512,0.000527008
0.000455512,0.000527023
0.000455512,0.000527032
0.000455512,0.000527042
0.000455512,0.000527053
0.000453655,0.000531497
0.00044994,0.000529649
0.000446224,0.000527804
0.000442507,0.000525957
0.000438792,0.000524109
0.000435077,0.000522262
0.000431361,0.000520414
0.000427644,0.000518568
0.000423928,0.000516721
0.00042021,0.000514873
0.000416493,0.000513025
0.000412777,0.000511176
0.00040906,0.00050933
0.000405343,0.000507481
0.000401626,0.000505633
0.000397909,0.000503784
0.000394192,0.000501939
0.000390474,0.00050009
0.000386756,0.000498242
0.000383039,0.000496391
0.000379321,0.000494546
0.000375602,0.000492694
0.000371884,0.000490846
0.000368166,0.000488998
0.000364447,0.00048715
0.000360729,0.000485301
0.00035701,0.000483453
0.000353291,0.000481601
0.000349572,0.000479756
0.000345853,0.000477903
0.000342134,0.000476055
0.000338415,0.000474206
0.000334695,0.000472354
0.000330976,0.000470508
0.000327256,0.000468656
0.000323536,0.000466807
0.000319816,0.000464958
0.000316096,0.000463105
0.000312376,0.000461259
0.000308655,0.000459407
0.000304935,0.000457557
0.000301214,0.000455708
0.000297494,0.000453855
0.000293773,0.000452006
0.000290052,0.000450156
0.000286331,0.000448306
0.00028261,0.000446453
0.000278888,0.000444603
0.000275167,0.000442753
0.000271445,0.000440903
0.000267723,0.00043905
0.000264002,0.0004372
0.00026028,0.00043535
0.000256558,0.000433496
0.000252836,0.000431646
0.000249114,0.000429796
0.000245391,0.000427942
0.000241668,0.000426091
0.000238731,0.000430268
0.000236578,0.0004292
0.000234425,0.000428134
0.000232271,0.000427068
0.000230118,0.000425999
0.000227965,0.000424934
0.000225812,0.000423868
0.000223659,0.0004228
0.000221505,0.000421734
0.000219352,0.000420664
0.000217198,0.000419598
0.000215045,0.000418533
0.000212891,0.000417463
0.000210737,0.000416394
0.000208583,0.000415332
0.00020643,0.000414262
0.000204275,0.000413193
0.000202121,0.000412127
0.00020183,0.000401903
0.000203401,0.000402695
0.000204971,0.000403488
0.000206542,0.000404284
0.000208113,0.000405081
0.000209684,0.000405873
0.000211255,0.000406669
0.000212826,0.000407462
0.000214397,0.000408258
0.000215968,0.000409051
0.000217539,0.000409847
0.00021911,0.00041064
0.000220681,0.000411436
0.000222253,0.000412229
0.000223824,0.000413022
0.000225395,0.000413818
0.000226967,0.000414615
0.000228538,0.000415408
0.000230109,0.000416201
0.000231681,0.000416997
0.000233253,0.00041779
0.000234824,0.000418587
0.00023561,0.000418062
0.00023561,0.000418073
0.00023561,0.00041808
0.00023561,0.000418087
0.00023561,0.000418098
0.00023561,0.000418105
0.00023561,0.000418112
0.00023561,0.000418123
0.00023561,0.00041813
0.00023561,0.000418141
0.00023561,0.000418148
0.00023561,0.000418155
0.00023561,0.000418166
0.00023561,0.000418173
0.00023561,0.00041818
0.00023561,0.000418191
0.00023561,0.000418198
0.00023561,0.000418205
0.00023561,0.000418212
0.00023561,0.000418227
0.00023561,0.000418227
0.00023561,0.000418241
0.00023561,0.000418248
0.00023561,0.000418255
0.00023561,0.000418262
0.00023561,0.000418269
0.00023561,0.000418284
0.00023561,0.000418284
0.00023561,0.000418298
0.00023561,0.000418305
0.00023561,0.000418312
0.00023561,0.00041832
0.00023561,0.000418327
0.00023561,0.000418334
0.00023561,0.000418341
0.00023561,0.000418355
0.00023561,0.000418355
0.00023561,0.00041837
0.00023561,0.00041837
0.00023561,0.000418384
0.00023561,0.000418391
0.00023561,0.000418398
0.00023561,0.000418405
0.00023561,0.000418413
0.00023561,0.000418427
0.00023561,0.000418427
0.00023561,0.000418434
0.00023561,0.000418448
0.00023561,0.000418448
0.00023561,0.000418463
0.00023561,0.000418463
0.00023561,0.000418477
0.00023561,0.000418484
0.00023561,0.000418484
0.00023561,0.000418498
0.00023561,0.000418506
0.00023561,0.000418513
0.00023561,0.00041852
0.00023561,0.000418527
0.00023561,0.000418534
0.00023561,0.000418541
0.00023561,0.000418548
0.00023561,0.000418556
0.00023561,0.000418563
0.00023561,0.00041857
0.00023561,0.000418577
0.00023561,0.000418584
0.00023561,0.000418591
0.00023561,0.000418599
0.00023561,0.000418606
0.00023561,0.00041862
0.00023561,0.00041862
0.00023561,0.00041862
0.00023561,0.000418641
0.00023561,0.000418641
0.00023561,0.000418649
0.00023561,0.000418656
0.00023561,0.000418663
0.00023561,0.00041867
0.00023561,0.000418677
0.00023561,0.000418684
0.00023561,0.000418691
0.00023561,0.000418699
0.00023561,0.000418699
0.00023561,0.000418706
0.00023561,0.00041872
0.00023561,0.000418727
0.00023561,0.000418727
0.00023561,0.000418742
0.00023561,0.000418749
0.00023561,0.000418749
0.00023561,0.000418756
0.00023561,0.000418763
0.00023561,0.00041877
0.00023561,0.000418784
0.00023561,0.000418777
0.00023561,0.000418799
0.00023561,0.000418792
0.00023561,0.000418806
0.00023561,0.000418813
0.00023561,0.000418813
0.00023561,0.00041882
0.00023561,0.000418835
0.00023561,0.000418835
0.00023561,0.000418849
0.00023561,0.000418842
0.00023561,0.000418856
0.00023561,0.000418863
0.00023561,0.00041887
0.00023561,0.00041887
0.000236192,0.00041932
0.000237357,0.000419903
0.000238521,0.000420492
0.000239686,0.000421082
0.000240851,0.000421671
0.000242015,0.000422261
0.00024318,0.00042285
0.000244345,0.000423433
0.000245509,0.000424022
0.000246674,0.000424612
0.000247839,0.000425201
0.000249004,0.000425791
0.000250169,0.00042638
0.000251333,0.00042697
0.000252498,0.000427545
0.000253663,0.000428149
0.000254828,0.000428724
0.000255993,0.000429321
0.000257158,0.000429911
0.000258323,0.0004305
0.000259488,0.000431076
0.000260653,0.00043168
0.000261818,0.000432262
0.000262983,0.000432845
0.000264148,0.000433442
0.000265313,0.000434024
0.000266478,0.000434614
0.000267643,0.000435203
0.000268808,0.000435786
0.000269974,0.000436383
0.000271139,0.000436966
0.000272304,0.000437555
0.00027347,0.000438145
0.000274635,0.000438728
0.0002758,0.000439318
0.000276965,0.000439914
0.000278131,0.00044049
0.000279296,0.000441087
0.000280461,0.000441677
0.000281627,0.000442252
0.000282792,0.00044285
0.000283958,0.00044344
0.000285123,0.000444022
0.000286288,0.000444612
0.000287454,0.000445202
0.00028862,0.000445792
0.000289785,0.000446368
0.000290951,0.000446972
0.000292116,0.000447555
0.000293282,0.000448137
0.000294448,0.000448728
0.000295613,0.000449317
0.000296779,0.0004499
0.000297945,0.000450498
0.000299111,0.00045108
0.000300276,0.000451663
0.000301442,0.00045226
0.000302608,0.00045285
0.000303774,0.000453426
0.000304939,0.000454023
0.000306105,0.000454606
0.000307271,0.000455196
0.000308436,0.000455779
0.000309602,0.000456376
0.000310768,0.000456952
0.000311934,0.000457549
0.0003131,0.00045814
0.000314266,0.000458715
0.000315432,0.000459306
0.000316598,0.000459903
0.000317764,0.000460486
0.000318931,0.000461076
0.000320096,0.000461652
0.000321262,0.000462256
0.000322429,0.000462839
0.000323595,0.000463416
0.000324761,0.000464012
0.000325927,0.000464603
0.000327093,0.000465179
0.000328259,0.000465776
0.000329425,0.000466366
0.000330592,0.00046695
0.000331757,0.00046754
0.000332923,0.000468115
0.00033409,0.000468713
0.000335256,0.000469304
0.000336423,0.000469887
0.00033759,0.00047047
0.000338756,0.000471068
0.000339922,0.000471643
0.000341088,0.000472241
0.000342254,0.000472824
0.000343421,0.000473414
0.000344587,0.000473997
0.000345754,0.000474588
0.00034692,0.000475171
0.000348086,0.000475762
0.000349253,0.000476352
0.000350419,0.000476935
0.000351586,0.000477518
0.000352753,0.000478109
0.000353919,0.000478706
0.000355086,0.000479282
0.000356252,0.000479873
0.000357419,0.000480456
0.000358586,0.000481054
0.000359752,0.00048163
0.000360918,0.000482227
0.000362085,0.000482811
0.000363252,0.00048338
0.000364418,0.000483992
0.000365585,0.000484561
0.000366751,0.000485158
0.000367919,0.000485756
0.000369086,0.000486326
0.000370252,0.000486923
0.000371418,0.000487506
0.000372585,0.00048809
0.000373752,0.000488673
0.000374919,0.000489271
0.000376086,0.000489854
0.000377253,0.000490438
0.000378419,0.000491035
0.000379586,0.000491604
0.000380753,0.000492202
0.00038192,0.000492786
0.000383087,0.000493383
0.000384254,0.000493952
0.00038542,0.00049455
0.000386588,0.000495134
0.000387755,0.000495732
0.000388922,0.000496315
0.000390089,0.000496899
0.000391256,0.000497482
0.000392423,0.000498066
0.00039359,0.000498649
0.000394757,0.000499247
0.000395924,0.000499831
0.000397091,0.000500428
0.000398258,0.000500997
0.000399425,0.000501595
0.000400592,0.000502165
0.000401759,0.000502777
0.000402926,0.000503346
0.000404094,0.000503929
0.000405261,0.000504528
0.000406428,0.000505111
0.000407595,0.000505709
0.000408762,0.000506278
0.00040993,0.000506862
0.000411096,0.00050746
0.000412264,0.000508043
0.000413431,0.000508641
0.000414598,0.00050921
0.000415765,0.000509808
0.000416932,0.000510392
0.0004181,0.000510961
0.000419268,0.000511574
0.000420435,0.000512143
0.000421602,0.000512741
0.000422769,0.000513324
0.000423936,0.000513894
0.000425104,0.000514506
0.000426271,0.000515076
0.000427438,0.000515659
0.000428605,0.000516257
0.000429773,0.000516841
0.000430941,0.000517425
0.000432108,0.000518008
0.000433275,0.000518606
0.000434442,0.000519176
0.00043561,0.000519773
0.000436778,0.000520358
0.000437945,0.000520941
0.000439112,0.000521525
0.00044028,0.000522123
0.000441447,0.000522692
0.000442615,0.00052329
0.000443782,0.000523874
0.000444949,0.000524458
0.000446117,0.000525056
0.000447285,0.000525626
0.000448452,0.000526223
0.00044962,0.000526793
0.000450787,0.000527391
0.000451955,0.000527975
0.000453122,0.000528559
0.000454289,0.000529156
0.000455457,0.000529726
0.000456625,0.000530324
0.000457792,0.000530893
0.00045896,0.000531506
0.000460128,0.000532075
0.000461295,0.000532659
0.000462463,0.000533243
0.000463631,0.000533841
0.000464798,0.000534411
0.000465966,0.000535009
0.000467133,0.000535593
0.000468301,0.000536176
0.000469469,0.00053676
0.000470636,0.000537344
0.000471804,0.000537942
0.000472972,0.000538512
0.000474139,0.00053911
0.000475307,0.000539694
0.000476475,0.000540263
0.000477642,0.000540861
0.00047881,0.00054146
0.000479978,0.000542029
0.000481146,0.000542613
0.000482314,0.000543211
0.000483482,0.000543781
0.000484649,0.000544365
0.000485817,0.000544977
0.000486984,0.000545533
0.000488152,0.00054613
0.00048932,0.000546714
0.000490488,0.000547298
0.000491655,0.000547896
0.000492823,0.000548466
0.000493991,0.000549065
0.000495158,0.000549634
0.000496326,0.000550232
0.000497494,0.000550816
0.000498662,0.0005514
0.00049983,0.000551969
0.000500998,0.000552582
0.000502166,0.000553137
0.000503334,0.00055375
0.000504501,0.000554319
0.000505669,0.000554903
0.000506837,0.000555502
0.000508005,0.000556071
0.000509173,0.00055667
0.00051034,0.000557253
0.000511508,0.000557823
0.000512676,0.000558421
0.000513844,0.000559005
0.000515012,0.000559589
0.00051618,0.000560173
0.000517347,0.000560757
0.000518515,0.000561341
0.000519683,0.000561925
0.000520851,0.000562509
0.00052202,0.000563107
0.000523187,0.000563677
0.000524355,0.000564261
0.000525523,0.000564859
0.00052669,0.000565428
0.000527858,0.000566026
0.000529026,0.000566611
0.000530194,0.00056718
0.000531363,0.000567779
0.00053253,0.000568363
0.000533698,0.000568946
0.000534866,0.00056953
0.000536034,0.000570115
0.000537202,0.000570684
0.00053837,0.000571283
0.000539538,0.000571881
0.000540707,0.000572436
0.000541874,0.000573035
0.000543042,0.000573633
0.000544209,0.000574188
0.000545377,0.0005748
0.000546546,0.00057537
0.000547714,0.000575969
0.000548881,0.000576524
0.000550049,0.000577136
0.000551217,0.000577706
0.000552385,0.00057829
0.000553553,0.000578888
0.000554721,0.000579458
0.000555889,0.000580057
0.000557056,0.000580626
0.000558224,0.00058121
0.000559392,0.000581808
0.000560559,0.000582377
0.000561728,0.000582961
0.000562897,0.00058356
0.000564065,0.00058413
0.000565233,0.000584713
0.000566401,0.000585298
0.00056759,0.000597113
0.000568823,0.000609323
0.000570103,0.000621884
0.000571429,0.000634827
0.000572802,0.000648151
0.000574225,0.000661872
0.0005757,0.000675977
0.000577228,0.000690466
0.00057881,0.000705368
0.000580446,0.000720642
0.000582139,0.000736329
0.000583889,0.000752419
0.0005857,0.000768866
0.000587572,0.000785746
0.000589504,0.000802971
0.0005915,0.000820613
0.000593564,0.000838619
0.000595692,0.000856987
0.000597887,0.000875717
0.000600151,0.000894782
0.000602486,0.000914211
0.000604891,0.000933919
0.000607368,0.000953978
0.000609918,0.000974288
0.000612543,0.000994878
0.000615243,0.00101571
0.000618019,0.00103679
0.000620871,0.00105804
0.000623801,0.00107948
0.000626808,0.00110105
0.000629891,0.00112274
0.000633053,0.0011445
0.000636295,0.00116632
0.000639612,0.00118816
0.000643007,0.00120993
0.000646479,0.00123167
0.00065003,0.00125329
0.000653658,0.00127475
0.00065736,0.00129601
0.000661137,0.00131705
0.000664987,0.00133777
0.000668909,0.00135819
0.000672903,0.00137821
0.000676964,0.0013978
0.000681092,0.00141691
0.000685286,0.00143549
0.000689541,0.00145349
0.000693857,0.00147089
0.00069823,0.00148759
0.000702657,0.0015036
0.000707138,0.00151884
0.000711666,0.00153327
0.00071624,0.00154687
0.000720856,0.00155959
0.00072551,0.00157139
0.000730198,0.00158223
0.000734919,0.00159209
0.000739667,0.00160094
0.000744436,0.00160879
0.000749224,0.00161553
0.000754029,0.00162123
0.000758844,0.00162584
0.000763665,0.000380627
0.000455571,0.000526104
0.000455571,0.000526116
0.000455571,0.000526129
0.000455571,0.000526141
0.000455571,0.000526154
0.000455571,0.000526166
0.000455571,0.000526179
0.000455571,0.000526191
0.000455571,0.000526203
0.000455571,0.000526216
0.000455571,0.000526228
0.000455571,0.00052624
0.000455571,0.000526253
0.000455571,0.000526265
0.000455571,0.000526277
0.000455571,0.00052629
0.000455571,0.000526302
0.000455571,0.000526314
0.000455571,0.000526326
0.000455571,0.000526338
0.000455571,0.00052635
0.000455571,0.000526363
0.000455571,0.000526375
0.000455571,0.000526387
0.000455571,0.000526399
0.000455571,0.000526411
0.000455571,0.000526423
0.000455571,0.000526434
0.000455571,0.000526447
0.000455571,0.000526459
0.000455571,0.00052647
0.000455571,0.000526483
0.000455571,0.000526494
0.000455571,0.000526506
0.000455571,0.000526519
0.000455571,0.000526529
0.000455571,0.000526542
0.000455571,0.000526554
0.000455571,0.000526565
0.000455571,0.000526577
0.000455571,0.000526589
0.000455571,0.0005266
0.000455571,0.000526612
0.000455571,0.000526624
0.000455571,0.000526636
0.000455571,0.000526647
0.000455571,0.000526658
0.000455571,0.00052667
0.000455571,0.000526682
0.000455571,0.000526694
0.000455571,0.000526704
0.000455571,0.000526716
0.000455571,0.000526727
0.000455571,0.000526739
0.000455571,0.00052675
0.000455571,0.000526763
0.000455571,0.000526773
0.000455571,0.000526784
0.000455571,0.000526795
0.000455571,0.000526809
0.000455571,0.000526818
0.000455571,0.000526829
0.000455571,0.000526841
0.000455571,0.000526852
0.000455571,0.000526863
0.000455571,0.000526875
0.000455571,0.000526886
0.000455571,0.000526897
0.000455571,0.000526907
0.000455571,0.00052692
0.000455571,0.000526931
0.000455571,0.000526941
0.000455571,0.00052695
0.000455571,0.000526965
0.000455571,0.000526974
0.000455571,0.000526984
0.000455571,0.000526997
0.000455571,0.000527008
0.000455571,0.000527018
0.000455571,0.000527029
0.000455571,0.000527038
0.000455571,0.000527052
0.000455571,0.000527061
0.000455571,0.000527072
0.000455571,0.000527083
0.000453714,0.000531848
0.000449999,0.000530002
0.000446282,0.000528154
0.000442566,0.000526309
0.00043885,0.00052446
0.000435133,0.000522612
0.000431417,0.000520763
0.0004277,0.000518918
0.000423982,0.000517069
0.000420266,0.000515222
0.000416551,0.000513375
0.000412833,0.000511527
0.000409115,0.00050968
0.000405397,0.00050783
0.00040168,0.000505982
0.000397961,0.000504132
0.000394243,0.000502285
0.000390525,0.000500438
0.000386807,0.00049859
0.000383089,0.000496738
0.000379371,0.000494893
0.000375652,0.000493042
0.000371933,0.000491193
0.000368215,0.000489345
0.000364495,0.000487496
0.000360776,0.000485647
0.000357057,0.000483798
0.000353338,0.000481946
0.000349619,0.000480101
0.000345899,0.000478249
0.000342179,0.000476399
0.000338459,0.000474551
0.000334739,0.000472698
0.000331019,0.000470852
0.000327299,0.000469
0.000323579,0.00046715
0.000319858,0.000465301
0.000316137,0.000463448
0.000312417,0.000461602
0.000308696,0.000459749
0.000304975,0.0004579
0.000301254,0.00045605
0.000297532,0.000454196
0.000293811,0.000452347
0.00029009,0.000450497
0.000286368,0.000448647
0.000282647,0.000446794
0.000278925,0.000444944
0.000275203,0.000443094
0.000271481,0.000441243
0.000267759,0.00043939
0.000264036,0.000437539
0.000260314,0.000435689
0.000256592,0.000433836
0.000252869,0.000431985
0.000249146,0.000430134
0.000245423,0.00042828
0.0002417,0.00042643
0.000238762,0.000430563
0.000236608,0.000429494
0.000234455,0.000428428
0.000232302,0.000427363
0.000230149,0.000426293
0.000227995,0.000425228
0.000225842,0.000424162
0.000223688,0.000423093
0.000221534,0.000422027
0.000219381,0.000420958
0.000217227,0.000419892
0.000215072,0.000418826
0.000212919,0.000417756
0.000210765,0.000416687
0.000208611,0.000415625
0.000206457,0.000414555
0.000204303,0.000413486
0.000202148,0.00041242
0.000201856,0.000401844
0.000203427,0.000402637
0.000204998,0.000403429
0.000206569,0.000404225
0.00020814,0.000405022
0.000209711,0.000405814
0.000211283,0.000406611
0.000212854,0.000407403
0.000214425,0.0004082
0.000215996,0.000408993
0.000217568,0.000409789
0.000219139,0.000410582
0.00022071,0.000411378
0.000222282,0.000412171
0.000223853,0.000412964
0.000225425,0.000413761
0.000226997,0.000414557
0.000228568,0.000415351
0.00023014,0.000416143
0.000231712,0.00041694
0.000233283,0.000417733
0.000234855,0.00041853
0.000235641,0.000418078
0.000235641,0.000418089
0.000235641,0.000418096
0.000235641,0.000418103
0.000235641,0.000418114
0.000235641,0.000418121
0.000235641,0.000418128
0.000235641,0.000418139
0.000235641,0.000418146
0.000235641,0.000418157
0.000235641,0.000418164
0.000235641,0.000418171
0.000235641,0.000418182
0.000235641,0.000418189
0.000235641,0.000418196
0.000235641,0.000418207
0.000235641,0.000418214
0.000235641,0.000418221
0.000235641,0.000418228
0.000235641,0.000418242
0.000235641,0.000418242
0.000235641,0.000418257
0.000235641,0.000418264
0.000235641,0.000418271
0.000235641,0.000418278
0.000235641,0.000418285
0.000235641,0.0004183
0.000235641,0.0004183
0.000235641,0.000418314
0.000235641,0.000418321
0.000235641,0.000418328
0.000235641,0.000418335
0.000235641,0.000418343
0.000235641,0.00041835
0.000235641,0.000418357
0.000235641,0.000418371
0.000235641,0.000418371
0.000235641,0.000418385
0.000235641,0.000418385
0.000235641,0.0004184
0.000235641,0.000418407
0.000235641,0.000418414
0.000235641,0.000418421
0.000235641,0.000418428
0.000235641,0.000418443
0.000235641,0.000418443
0.000235641,0.00041845
0.000235641,0.000418464
0.000235641,0.000418464
0.000235641,0.000418478
0.000235641,0.000418478
0.000235641,0.000418493
0.000235641,0.0004185
0.000235641,0.0004185
0.000235641,0.000418514
0.000235641,0.000418521
0.000235641,0.000418529
0.000235641,0.000418536
0.000235641,0.000418543
0.000235641,0.00041855
0.000235641,0.000418557
0.000235641,0.000418564
0.000235641,0.000418571
0.000235641,0.000418579
0.000235641,0.000418586
0.000235641,0.000418593
0.000235641,0.0004186
0.000235641,0.000418607
0.000235641,0.000418614
0.000235641,0.000418622
0.000235641,0.000418636
0.000235641,0.000418636
0.000235641,0.000418636
0.000235641,0.000418657
0.000235641,0.000418657
0.000235641,0.000418664
0.000235641,0.000418672
0.000235641,0.000418679
0.000235641,0.000418686
0.000235641,0.000418693
0.000235641,0.0004187
0.000235641,0.000418707
0.000235641,0.000418715
0.000235641,0.000418715
0.000235641,0.000418722
0.000235641,0.000418736
0.000235641,0.000418743
0.000235641,0.000418743
0.000235641,0.000418757
0.000235641,0.000418765
0.000235641,0.000418765
0.000235641,0.000418772
0.000235641,0.000418779
0.000235641,0.000418786
0.000235641,0.0004188
0.000235641,0.000418793
0.000235641,0.000418815
0.000235641,0.000418807
0.000235641,0.000418822
0.000235641,0.000418829
0.000235641,0.000418829
0.000235641,0.000418836
0.000235641,0.00041885
0.000235641,0.00041885
0.000235641,0.000418865
0.000235641,0.000418858
0.000235641,0.000418872
0.000235641,0.000418879
0.000235641,0.000418886
0.000235641,0.000418886
0.000236224,0.000419368
0.000237388,0.00041995
0.000238553,0.00042054
0.000239718,0.000421129
0.000240882,0.000421719
0.000242047,0.000422309
0.000243212,0.000422898
0.000244377,0.00042348
0.000245542,0.00042407
0.000246707,0.00042466
0.000247872,0.000425249
0.000249036,0.000425839
0.000250202,0.000426428
0.000251367,0.000427018
0.000252532,0.000427594
0.000253697,0.000428198
0.000254861,0.000428773
0.000256026,0.00042937
0.000257191,0.000429959
0.000258357,0.000430549
0.000259522,0.000431125
0.000260687,0.000431729
0.000261852,0.000432311
0.000263017,0.000432894
0.000264183,0.000433491
0.000265348,0.000434073
0.000266513,0.000434663
0.000267679,0.000435253
0.000268844,0.000435836
0.000270009,0.000436433
0.000271175,0.000437015
0.00027234,0.000437605
0.000273505,0.000438195
0.000274671,0.000438778
0.000275837,0.000439368
0.000277002,0.000439965
0.000278167,0.00044054
0.000279332,0.000441137
0.000280498,0.000441727
0.000281664,0.000442303
0.00028283,0.0004429
0.000283995,0.00044349
0.000285161,0.000444073
0.000286326,0.000444663
0.000287492,0.000445253
0.000288657,0.000445843
0.000289823,0.000446418
0.000290989,0.000447023
0.000292155,0.000447605
0.000293321,0.000448189
0.000294486,0.000448778
0.000295652,0.000449369
0.000296818,0.000449951
0.000297984,0.000450549
0.000299149,0.000451132
0.000300315,0.000451715
0.000301481,0.000452312
0.000302647,0.000452902
0.000303813,0.000453478
0.000304979,0.000454075
0.000306146,0.000454658
0.000307311,0.000455248
0.000308477,0.000455831
0.000309643,0.000456429
0.000310809,0.000457004
0.000311976,0.000457602
0.000313142,0.000458192
0.000314308,0.000458768
0.000315473,0.000459358
0.00031664,0.000459955
0.000317806,0.000460539
0.000318972,0.000461129
0.000320138,0.000461705
0.000321305,0.000462309
0.00032247,0.000462892
0.000323637,0.000463468
0.000324803,0.000464066
0.00032597,0.000464656
0.000327136,0.000465232
0.000328302,0.000465829
0.000329468,0.00046642
0.000330635,0.000467003
0.000331801,0.000467593
0.000332968,0.00046817
0.000334134,0.000468767
0.0003353,0.000469357
0.000336467,0.000469941
0.000337633,0.000470524
0.0003388,0.000471121
0.000339966,0.000471698
0.000341133,0.000472295
0.000342299,0.000472878
0.000343466,0.000473469
0.000344632,0.000474052
0.000345799,0.000474642
0.000346966,0.000475226
0.000348132,0.000475816
0.000349299,0.000476407
0.000350465,0.00047699
0.000351632,0.000477573
0.000352799,0.000478164
0.000353966,0.000478762
0.000355132,0.000479338
0.000356299,0.000479928
0.000357466,0.000480512
0.000358632,0.000481109
0.000359799,0.000481685
0.000360966,0.000482283
0.000362133,0.000482866
0.0003633,0.000483436
0.000364467,0.000484048
0.000365633,0.000484617
0.000366801,0.000485215
0.000367967,0.000485812
0.000369134,0.000486382
0.000370301,0.000486979
0.000371468,0.000487563
0.000372635,0.000488146
0.000373802,0.00048873
0.000374969,0.000489328
0.000376136,0.000489911
0.000377302,0.000490494
0.00037847,0.000491092
0.000379637,0.000491662
0.000380803,0.000492259
0.000381971,0.000492843
0.000383138,0.000493441
0.000384305,0.00049401
0.000385472,0.000494608
0.000386639,0.000495191
0.000387805,0.000495789
0.000388973,0.000496372
0.00039014,0.000496956
0.000391307,0.00049754
0.000392475,0.000498123
0.000393642,0.000498707
0.000394809,0.000499305
0.000395975,0.000499888
0.000397143,0.000500486
0.00039831,0.000501056
0.000399477,0.000501653
0.000400645,0.000502223
0.000401812,0.000502835
0.000402979,0.000503404
0.000404146,0.000503988
0.000405314,0.000504586
0.000406481,0.000505169
0.000407648,0.000505767
0.000408816,0.000506337
0.000409983,0.00050692
0.00041115,0.000507518
0.000412318,0.000508102
0.000413485,0.0005087
0.000414653,0.000509269
0.00041582,0.000509868
0.000416988,0.000510451
0.000418155,0.000511021
0.000419322,0.000511633
0.000420489,0.000512202
0.000421657,0.0005128
0.000422825,0.000513384
0.000423992,0.000513954
0.000425159,0.000514566
0.000426327,0.000515135
0.000427495,0.000515719
0.000428662,0.000516317
0.000429829,0.000516901
0.000430997,0.000517485
0.000432165,0.000518069
0.000433332,0.000518667
0.0004345,0.000519236
0.000435667,0.000519834
0.000436835,0.000520418
0.000438003,0.000521002
0.000439171,0.000521586
0.000440338,0.000522184
0.000441505,0.000522753
0.000442673,0.000523352
0.00044384,0.000523935
0.000445008,0.000524519
0.000446176,0.000525117
0.000447343,0.000525687
0.000448511,0.000526285
0.000449679,0.000526855
0.000450846,0.000527452
0.000452014,0.000528036
0.000453182,0.00052862
0.00045435,0.000529219
0.000455517,0.000529788
0.000456685,0.000530386
0.000457853,0.000530956
0.000459021,0.000531568
0.000460188,0.000532138
0.000461356,0.000532722
0.000462524,0.000533305
0.000463691,0.000533903
0.000464859,0.000534473
0.000466027,0.000535071
0.000467195,0.000535655
0.000468363,0.000536239
0.000469531,0.000536823
0.000470698,0.000537407
0.000471866,0.000538005
0.000473034,0.000538575
0.000474202,0.000539173
0.00047537,0.000539757
0.000476538,0.000540327
0.000477705,0.000540925
0.000478873,0.000541523
0.000480041,0.000542093
0.000481209,0.000542677
0.000482377,0.000543275
0.000483544,0.000543844
0.000484712,0.000544428
0.00048588,0.000545041
0.000487048,0.000545596
0.000488217,0.000546195
0.000489385,0.000546779
0.000490552,0.000547363
0.00049172,0.000547961
0.000492888,0.000548531
0.000494056,0.000549129
0.000495224,0.000549699
0.000496392,0.000550297
0.00049756,0.000550881
0.000498728,0.000551464
0.000499896,0.000552034
0.000501063,0.000552647
0.000502232,0.000553202
0.0005034,0.000553815
0.000504568,0.000554385
0.000505736,0.000554969
0.000506904,0.000555567
0.000508071,0.000556136
0.000509239,0.000556735
0.000510408,0.000557319
0.000511576,0.000557889
0.000512744,0.000558487
0.000513912,0.000559071
0.00051508,0.000559655
0.000516247,0.000560239
0.000517416,0.000560823
0.000518584,0.000561407
0.000519751,0.000561991
0.000520919,0.000562575
0.000522088,0.000563173
0.000523257,0.000563743
0.000524424,0.000564327
0.000525592,0.000564925
0.00052676,0.000565495
0.000527928,0.000566094
0.000529097,0.000566678
0.000530265,0.000567248
0.000531432,0.000567846
0.0005326,0.000568429
0.000533769,0.000569014
0.000534937,0.000569598
0.000536105,0.000570182
0.000537272,0.000570751
0.000538441,0.00057135
0.000539608,0.000571948
0.000540776,0.000572503
0.000541945,0.000573102
0.000543112,0.0005737
0.000544281,0.000574255
0.00054545,0.000574869
0.000546617,0.000575438
0.000547785,0.000576036
0.000548953,0.000576591
0.000550123,0.000577205
0.000551291,0.000577775
0.000552458,0.000578358
0.000553627,0.000578957
0.000554794,0.000579527
0.000555963,0.000580125
0.000557131,0.000580695
0.0005583,0.000581279
0.000559468,0.000581878
0.000560635,0.000582447
0.000561803,0.000583031
0.00056297,0.000583629
0.000564138,0.000584198
0.000565307,0.000584783
0.000566474,0.000585367
0.000567665,0.000597183
0.000568899,0.000609395
0.000570179,0.000621958
0.000571505,0.000634901
0.000572879,0.000648228
0.000574303,0.00066195
0.000575777,0.000676057
0.000577304,0.000690546
0.000578886,0.000705451
0.000580522,0.000720725
0.000582215,0.000736415
0.000583965,0.000752505
0.000585777,0.000768955
0.000587648,0.000785836
0.000589582,0.000803063
0.000591579,0.000820709
0.000593641,0.000838715
0.000595769,0.000857085
0.000597965,0.000875816
0.00060023,0.000894884
0.000602565,0.000914315
0.00060497,0.000934025
0.000607449,0.000954087
0.00061,0.000974399
0.000612626,0.000994993
0.000615326,0.00101582
0.000618103,0.00103691
0.000620955,0.00105816
0.000623884,0.0010796
0.000626889,0.00110117
0.000629974,0.00112287
0.000633136,0.00114463
0.000636376,0.00116645
0.000639694,0.00118829
0.000643091,0.00121007
0.000646565,0.0012318
0.000650117,0.00125343
0.000653744,0.0012749
0.000657447,0.00129616
0.000661224,0.0013172
0.000665074,0.00133792
0.000668998,0.00135834
0.00067299,0.00137836
0.000677052,0.00139795
0.000681182,0.00141707
0.000685375,0.00143565
0.000689632,0.00145365
0.000693947,0.00147106
0.000698321,0.00148776
0.00070275,0.00150377
0.000707231,0.00151901
0.00071176,0.00153344
0.000716334,0.00154705
0.000720951,0.00155976
0.000725606,0.00157156
0.000730296,0.00158241
0.000735016,0.00159227
0.000739763,0.00160112
0.000744535,0.00160897
0.000749326,0.00161572
0.000754129,0.00162141
0.000758944,0.00162602
0.000763765,0.000380677
0.000455618,0.000526127
0.000455618,0.000526139
0.000455618,0.000526152
0.000455618,0.000526165
0.000455618,0.000526177
0.000455618,0.000526189
0.000455618,0.000526202
0.000455618,0.000526214
0.000455618,0.000526227
0.000455618,0.000526239
0.000455618,0.000526251
0.000455618,0.000526264
0.000455618,0.000526276
0.000455618,0.000526288
0.000455618,0.0005263
0.000455618,0.000526313
0.000455618,0.000526325
0.000455618,0.000526337
0.000455618,0.00052635
0.000455618,0.000526361
0.000455618,0.000526374
0.000455618,0.000526386
0.000455618,0.000526398
0.000455618,0.00052641
0.000455618,0.000526422
0.000455618,0.000526434
0.000455618,0.000526446
0.000455618,0.000526458
0.000455618,0.00052647
0.000455618,0.000526482
0.000455618,0.000526493
0.000455618,0.000526506
0.000455618,0.000526518
0.000455618,0.000526529
0.000455618,0.000526542
0.000455618,0.000526552
0.000455618,0.000526565
0.000455618,0.000526578
0.000455618,0.000526588
0.000455618,0.0005266
0.000455618,0.000526612
0.000455618,0.000526623
0.000455618,0.000526635
0.000455618,0.000526647
0.000455618,0.000526659
0.000455618,0.000526671
0.000455618,0.000526681
0.000455618,0.000526693
0.000455618,0.000526705
0.000455618,0.000526717
0.000455618,0.000526728
0.000455618,0.000526739
0.000455618,0.00052675
0.000455618,0.000526763
0.000455618,0.000526773
0.000455618,0.000526786
0.000455618,0.000526797
0.000455618,0.000526807
0.000455618,0.000526818
0.000455618,0.000526832
0.000455618,0.000526841
0.000455618,0.000526852
0.000455618,0.000526865
0.000455618,0.000526875
0.000455618,0.000526886
0.000455618,0.000526899
0.000455618,0.000526909
0.000455618,0.00052692
0.000455618,0.000526931
0.000455618,0.000526943
0.000455618,0.000526954
0.000455618,0.000526965
0.000455618,0.000526974
0.000455618,0.000526988
0.000455618,0.000526997
0.000455618,0.000527008
0.000455618,0.00052702
0.000455618,0.000527031
0.000455618,0.000527042
0.000455618,0.000527052
0.000455618,0.000527061
0.000455618,0.000527076
0.000455618,0.000527084
0.000455618,0.000527095
0.000455618,0.000527106
0.00045376,0.000532204
0.000450043,0.000530357
0.000446328,0.000528509
0.000442612,0.000526665
0.000438894,0.000524815
0.000435177,0.000522967
0.000431459,0.000521118
0.000427743,0.000519272
0.000424026,0.000517425
0.000420308,0.000515577
0.000416591,0.000513729
0.000412873,0.000511879
0.000409156,0.000510033
0.000405437,0.000508184
0.000401719,0.000506335
0.000398001,0.000504485
0.000394283,0.000502639
0.000390564,0.00050079
0.000386845,0.000498941
0.000383127,0.00049709
0.000379408,0.000495245
0.000375689,0.000493394
0.00037197,0.000491544
0.000368251,0.000489696
0.000364532,0.000487847
0.000360812,0.000485998
0.000357092,0.000484149
0.000353373,0.000482297
0.000349653,0.000480451
0.000345933,0.000478599
0.000342213,0.00047675
0.000338493,0.0004749
0.000334772,0.000473048
0.000331052,0.000471202
0.000327331,0.000469349
0.00032361,0.0004675
0.00031989,0.00046565
0.000316169,0.000463797
0.000312447,0.000461951
0.000308726,0.000460097
0.000305005,0.000458248
0.000301284,0.000456398
0.000297562,0.000454545
0.00029384,0.000452695
0.000290119,0.000450845
0.000286397,0.000448995
0.000282674,0.000447141
0.000278952,0.000445291
0.00027523,0.000443441
0.000271508,0.00044159
0.000267785,0.000439736
0.000264063,0.000437886
0.00026034,0.000436036
0.000256617,0.000434181
0.000252894,0.000432331
0.000249171,0.00043048
0.000245447,0.000428626
0.000241724,0.000426775
0.000238785,0.000430857
0.000236632,0.000429788
0.000234479,0.000428722
0.000232325,0.000427657
0.000230172,0.000426588
0.000228018,0.000425522
0.000225864,0.000424456
0.00022371,0.000423387
0.000221556,0.000422321
0.000219402,0.000421251
0.000217248,0.000420185
0.000215094,0.00041912
0.00021294,0.00041805
0.000210785,0.00041698
0.000208631,0.000415918
0.000206477,0.000414848
0.000204323,0.000413779
0.000202168,0.000412712
0.000201876,0.000401783
0.000203448,0.000402577
0.000205019,0.000403369
0.00020659,0.000404165
0.000208161,0.000404962
0.000209732,0.000405755
0.000211304,0.000406551
0.000212875,0.000407344
0.000214446,0.00040814
0.000216018,0.000408933
0.000217589,0.000409729
0.00021916,0.000410522
0.000220732,0.000411319
0.000222303,0.000412112
0.000223875,0.000412905
0.000225447,0.000413701
0.000227019,0.000414498
0.000228591,0.000415291
0.000230163,0.000416085
0.000231734,0.000416881
0.000233306,0.000417674
0.000234878,0.000418471
0.000235664,0.000418089
0.000235664,0.0004181
0.000235664,0.000418107
0.000235664,0.000418114
0.000235664,0.000418125
0.000235664,0.000418132
0.000235664,0.000418139
0.000235664,0.00041815
0.000235664,0.000418157
0.000235664,0.000418168
0.000235664,0.000418175
0.000235664,0.000418182
0.000235664,0.000418193
0.000235664,0.0004182
0.000235664,0.000418207
0.000235664,0.000418218
0.000235664,0.000418225
0.000235664,0.000418232
0.000235664,0.00041824
0.000235664,0.000418254
0.000235664,0.000418254
0.000235664,0.000418268
0.000235664,0.000418275
0.000235664,0.000418282
0.000235664,0.00041829
0.000235664,0.000418297
0.000235664,0.000418311
0.000235664,0.000418311
0.000235664,0.000418325
0.000235664,0.000418333
0.000235664,0.00041834
0.000235664,0.000418347
0.000235664,0.000418354
0.000235664,0.000418361
0.000235664,0.000418368
0.000235664,0.000418383
0.000235664,0.000418383
0.000235664,0.000418397
0.000235664,0.000418397
0.000235664,0.000418411
0.000235664,0.000418418
0.000235664,0.000418426
0.000235664,0.000418433
0.000235664,0.00041844
0.000235664,0.000418454
0.000235664,0.000418454
0.000235664,0.000418461
0.000235664,0.000418476
0.000235664,0.000418476
0.000235664,0.00041849
0.000235664,0.00041849
0.000235664,0.000418504
0.000235664,0.000418511
0.000235664,0.000418511
0.000235664,0.000418526
0.000235664,0.000418533
0.000235664,0.00041854
0.000235664,0.000418547
0.000235664,0.000418554
0.000235664,0.000418561
0.000235664,0.000418569
0.000235664,0.000418576
0.000235664,0.000418583
0.000235664,0.00041859
0.000235664,0.000418597
0.000235664,0.000418604
0.000235664,0.000418611
0.000235664,0.000418619
0.000235664,0.000418626
0.000235664,0.000418633
0.000235664,0.000418647
0.000235664,0.000418647
0.000235664,0.000418647
0.000235664,0.000418669
0.000235664,0.000418669
0.000235664,0.000418676
0.000235664,0.000418683
0.000235664,0.00041869
0.000235664,0.000418697
0.000235664,0.000418704
0.000235664,0.000418712
0.000235664,0.000418719
0.000235664,0.000418726
0.000235664,0.000418726
0.000235664,0.000418733
0.000235664,0.000418747
0.000235664,0.000418755
0.000235664,0.000418755
0.000235664,0.000418769
0.000235664,0.000418776
0.000235664,0.000418776
0.000235664,0.000418783
0.000235664,0.00041879
0.000235664,0.000418797
0.000235664,0.000418812
0.000235664,0.000418805
0.000235664,0.000418826
0.000235664,0.000418819
0.000235664,0.000418833
0.000235664,0.00041884
0.000235664,0.00041884
0.000235664,0.000418848
0.000235664,0.000418862
0.000235664,0.000418862
0.000235664,0.000418876
0.000235664,0.000418869
0.000235664,0.000418883
0.000235664,0.00041889
0.000235664,0.000418898
0.000235664,0.000418898
0.000236247,0.000419413
0.000237412,0.000419995
0.000238576,0.000420585
0.000239741,0.000421174
0.000240906,0.000421764
0.000242071,0.000422353
0.000243236,0.000422943
0.000244401,0.000423525
0.000245566,0.000424115
0.000246731,0.000424705
0.000247896,0.000425294
0.000249061,0.000425884
0.000250226,0.000426474
0.000251391,0.000427063
0.000252556,0.000427639
0.000253721,0.000428243
0.000254887,0.000428818
0.000256052,0.000429416
0.000257217,0.000430005
0.000258382,0.000430595
0.000259547,0.00043117
0.000260713,0.000431774
0.000261878,0.000432357
0.000263044,0.00043294
0.000264209,0.000433537
0.000265374,0.000434119
0.00026654,0.000434709
0.000267705,0.000435299
0.00026887,0.000435882
0.000270036,0.000436479
0.000271201,0.000437062
0.000272367,0.000437651
0.000273533,0.000438241
0.000274698,0.000438824
0.000275863,0.000439414
0.000277029,0.000440011
0.000278194,0.000440587
0.00027936,0.000441184
0.000280526,0.000441774
0.000281691,0.00044235
0.000282857,0.000442947
0.000284023,0.000443537
0.000285189,0.00044412
0.000286354,0.00044471
0.00028752,0.0004453
0.000288686,0.00044589
0.000289852,0.000446466
0.000291017,0.00044707
0.000292184,0.000447653
0.00029335,0.000448236
0.000294515,0.000448826
0.000295681,0.000449416
0.000296847,0.000449999
0.000298013,0.000450596
0.000299179,0.000451179
0.000300345,0.000451762
0.000301511,0.00045236
0.000302677,0.00045295
0.000303843,0.000453526
0.000305009,0.000454123
0.000306175,0.000454706
0.000307341,0.000455296
0.000308508,0.00045588
0.000309674,0.000456477
0.00031084,0.000457053
0.000312006,0.00045765
0.000313172,0.00045824
0.000314339,0.000458817
0.000315505,0.000459407
0.000316671,0.000460004
0.000317837,0.000460587
0.000319004,0.000461177
0.00032017,0.000461754
0.000321336,0.000462358
0.000322503,0.000462941
0.000323669,0.000463518
0.000324835,0.000464115
0.000326001,0.000464705
0.000327168,0.000465281
0.000328335,0.000465879
0.000329501,0.000466469
0.000330668,0.000467052
0.000331834,0.000467643
0.000333001,0.000468219
0.000334167,0.000468816
0.000335334,0.000469407
0.0003365,0.00046999
0.000337666,0.000470573
0.000338833,0.000471171
0.00034,0.000471747
0.000341167,0.000472345
0.000342333,0.000472928
0.0003435,0.000473519
0.000344667,0.000474102
0.000345833,0.000474692
0.000347,0.000475276
0.000348167,0.000475866
0.000349334,0.000476457
0.0003505,0.00047704
0.000351667,0.000477624
0.000352833,0.000478214
0.000354001,0.000478812
0.000355167,0.000479388
0.000356334,0.000479979
0.000357501,0.000480562
0.000358668,0.00048116
0.000359834,0.000481736
0.000361002,0.000482334
0.000362168,0.000482917
0.000363335,0.000483487
0.000364502,0.000484098
0.000365669,0.000484668
0.000366836,0.000485265
0.000368003,0.000485863
0.00036917,0.000486432
0.000370337,0.00048703
0.000371504,0.000487614
0.000372671,0.000488197
0.000373838,0.000488781
0.000375005,0.000489378
0.000376173,0.000489962
0.00037734,0.000490546
0.000378507,0.000491144
0.000379674,0.000491713
0.000380841,0.000492311
0.000382008,0.000492894
0.000383175,0.000493492
0.000384343,0.000494062
0.00038551,0.00049466
0.000386677,0.000495243
0.000387845,0.000495841
0.000389012,0.000496425
0.000390179,0.000497009
0.000391345,0.000497592
0.000392513,0.000498175
0.00039368,0.000498759
0.000394848,0.000499357
0.000396016,0.000499941
0.000397183,0.000500539
0.00039835,0.000501108
0.000399517,0.000501706
0.000400684,0.000502276
0.000401851,0.000502888
0.000403019,0.000503457
0.000404187,0.000504041
0.000405354,0.000504639
0.000406521,0.000505223
0.000407689,0.000505821
0.000408856,0.00050639
0.000410023,0.000506974
0.000411191,0.000507572
0.000412358,0.000508155
0.000413526,0.000508754
0.000414694,0.000509323
0.000415861,0.000509921
0.000417028,0.000510505
0.000418196,0.000511074
0.000419364,0.000511687
0.000420531,0.000512257
0.000421699,0.000512854
0.000422866,0.000513438
0.000424034,0.000514008
0.000425202,0.00051462
0.000426369,0.00051519
0.000427537,0.000515773
0.000428704,0.000516371
0.000429872,0.000516955
0.000431039,0.000517539
0.000432207,0.000518123
0.000433375,0.000518721
0.000434543,0.000519291
0.000435711,0.000519889
0.000436878,0.000520473
0.000438045,0.000521056
0.000439213,0.00052164
0.000440381,0.000522238
0.000441549,0.000522808
0.000442717,0.000523406
0.000443885,0.00052399
0.000445052,0.000524574
0.000446219,0.000525172
0.000447388,0.000525742
0.000448555,0.00052634
0.000449723,0.000526909
0.000450891,0.000527508
0.000452059,0.000528092
0.000453226,0.000528675
0.000454394,0.000529274
0.000455562,0.000529844
0.00045673,0.000530442
0.000457898,0.000531011
0.000459065,0.000531624
0.000460233,0.000532193
0.000461401,0.000532777
0.000462569,0.000533361
0.000463737,0.000533959
0.000464906,0.000534529
0.000466074,0.000535127
0.000467241,0.000535712
0.000468408,0.000536295
0.000469577,0.000536879
0.000470745,0.000537463
0.000471913,0.000538061
0.000473081,0.000538631
0.000474249,0.000539229
0.000475417,0.000539814
0.000476584,0.000540383
0.000477752,0.000540981
0.00047892,0.00054158
0.000480088,0.000542149
0.000481256,0.000542733
0.000482424,0.000543332
0.000483593,0.000543901
0.000484761,0.000544486
0.000485929,0.000545098
0.000487096,0.000545653
0.000488264,0.000546252
0.000489433,0.000546836
0.000490601,0.00054742
0.000491769,0.000548018
0.000492936,0.000548588
0.000494104,0.000549186
0.000495273,0.000549756
0.000496441,0.000550354
0.000497609,0.000550938
0.000498777,0.000551523
0.000499945,0.000552092
0.000501113,0.000552705
0.000502281,0.00055326
0.00050345,0.000553873
0.000504617,0.000554443
0.000505785,0.000555026
0.000506954,0.000555625
0.000508122,0.000556195
0.00050929,0.000556793
0.000510458,0.000557377
0.000511626,0.000557947
0.000512794,0.000558545
0.000513962,0.000559129
0.00051513,0.000559713
0.000516298,0.000560297
0.000517467,0.000560881
0.000518635,0.000561466
0.000519804,0.00056205
0.000520971,0.000562634
0.000522138,0.000563231
0.000523307,0.000563802
0.000524476,0.000564386
0.000525644,0.000564985
0.000526813,0.000565554
0.000527981,0.000566153
0.000529149,0.000566737
0.000530317,0.000567307
0.000531484,0.000567905
0.000532653,0.000568488
0.000533821,0.000569073
0.000534989,0.000569657
0.000536157,0.000570241
0.000537325,0.000570811
0.000538493,0.000571409
0.000539662,0.000572008
0.000540831,0.000572564
0.000541998,0.000573162
0.000543167,0.00057376
0.000544335,0.000574316
0.000545502,0.000574928
0.000546671,0.000575498
0.000547839,0.000576096
0.000549008,0.000576652
0.000550176,0.000577265
0.000551344,0.000577834
0.000552512,0.000578419
0.000553679,0.000579016
0.000554848,0.000579587
0.000556016,0.000580185
0.000557184,0.000580754
0.000558353,0.000581339
0.000559521,0.000581937
0.00056069,0.000582508
0.000561858,0.000583091
0.000563027,0.00058369
0.000564195,0.00058426
0.000565363,0.000584844
0.000566532,0.000585428
0.000567722,0.000597246
0.000568956,0.000609459
0.000570234,0.000622022
0.00057156,0.000634967
0.000572935,0.000648295
0.000574359,0.00066202
0.000575835,0.000676127
0.000577361,0.00069062
0.000578941,0.000705523
0.000580578,0.000720801
0.000582272,0.000736491
0.000584024,0.000752585
0.000585834,0.000769037
0.000587705,0.000785918
0.00058964,0.000803148
0.000591637,0.000820795
0.000593699,0.000838804
0.000595829,0.000857175
0.000598025,0.00087591
0.000600288,0.000894979
0.000602624,0.000914411
0.00060503,0.000934125
0.000607509,0.000954188
0.00061006,0.000974503
0.000612685,0.000995098
0.000615385,0.00101593
0.000618162,0.00103702
0.000621015,0.00105827
0.000623944,0.00107972
0.000626951,0.00110129
0.000630037,0.00112299
0.000633199,0.00114475
0.000636441,0.00116657
0.00063976,0.00118842
0.000643156,0.0012102
0.000646631,0.00123194
0.000650183,0.00125357
0.000653809,0.00127503
0.000657511,0.0012963
0.00066129,0.00131734
0.00066514,0.00133806
0.000669062,0.00135849
0.000673056,0.00137851
0.000677119,0.0013981
0.000681248,0.00141722
0.000685441,0.0014358
0.000689698,0.00145381
0.000694015,0.00147121
0.00069839,0.00148792
0.00070282,0.00150393
0.000707301,0.00151917
0.000711831,0.0015336
0.000716406,0.00154721
0.000721023,0.00155993
0.000725678,0.00157173
0.000730367,0.00158258
0.000735088,0.00159244
0.000739837,0.00160129
0.000744609,0.00160914
0.000749398,0.00161589
0.000754203,0.00162158
0.000759019,0.00162619
0.00076384,0.000380714
0.000455648,0.000526142
0.000455648,0.000526155
0.000455648,0.000526167
0.000455648,0.00052618
0.000455648,0.000526192
0.000455648,0.000526204
0.000455648,0.000526217
0.000455648,0.00052623
0.000455648,0.000526242
0.000455648,0.000526254
0.000455648,0.000526267
0.000455648,0.000526279
0.000455648,0.000526291
0.000455648,0.000526303
0.000455648,0.000526316
0.000455648,0.000526328
0.000455648,0.00052634
0.000455648,0.000526352
0.000455648,0.000526365
0.000455648,0.000526376
0.000455648,0.000526389
0.000455648,0.000526401
0.000455648,0.000526413
0.000455648,0.000526425
0.000455648,0.000526437
0.000455648,0.000526449
0.000455648,0.000526461
0.000455648,0.000526473
0.000455648,0.000526485
0.000455648,0.000526497
0.000455648,0.000526509
0.000455648,0.000526521
0.000455648,0.000526533
0.000455648,0.000526544
0.000455648,0.000526557
0.000455648,0.000526568
0.000455648,0.00052658
0.000455648,0.000526593
0.000455648,0.000526603
0.000455648,0.000526615
0.000455648,0.000526628
0.000455648,0.000526638
0.000455648,0.00052665
0.000455648,0.000526662
0.000455648,0.000526674
0.000455648,0.000526686
0.000455648,0.000526696
0.000455648,0.000526708
0.000455648,0.000526721
0.000455648,0.000526732
0.000455648,0.000526743
0.000455648,0.000526755
0.000455648,0.000526765
0.000455648,0.000526778
0.000455648,0.000526789
0.000455648,0.000526801
0.000455648,0.000526812
0.000455648,0.000526823
0.000455648,0.000526833
0.000455648,0.000526848
0.000455648,0.000526856
0.000455648,0.000526867
0.000455648,0.00052688
0.000455648,0.00052689
0.000455648,0.000526901
0.000455648,0.000526914
0.000455648,0.000526924
0.000455648,0.000526935
0.000455648,0.000526946
0.000455648,0.000526958
0.000455648,0.000526969
0.000455648,0.00052698
0.000455648,0.000526989
0.000455648,0.000527003
0.000455648,0.000527012
0.000455648,0.000527023
0.000455648,0.000527035
0.000455648,0.000527046
0.000455648,0.000527057
0.000455648,0.000527067
0.000455648,0.000527076
0.000455648,0.000527091
0.000455648,0.0005271
0.000455648,0.00052711
0.000455648,0.000527121
0.00045379,0.000532563
0.000450073,0.000530715
0.000446356,0.000528868
0.000442639,0.000527022
0.000438922,0.000525172
0.000435205,0.000523326
0.000431487,0.000521475
0.00042777,0.00051963
0.000424053,0.000517782
0.000420335,0.000515934
0.000416617,0.000514086
0.000412899,0.000512236
0.000409182,0.000510391
0.000405463,0.00050854
0.000401746,0.000506692
0.000398026,0.000504843
0.000394308,0.000502994
0.000390591,0.000501148
0.000386872,0.0004993
0.000383153,0.000497447
0.000379432,0.000495602
0.000375712,0.000493748
0.000371994,0.0004919
0.000368275,0.000490052
0.000364556,0.000488203
0.000360836,0.000486354
0.000357116,0.000484505
0.000353396,0.000482653
0.000349676,0.000480807
0.000345956,0.000478954
0.000342236,0.000477105
0.000338515,0.000475256
0.000334794,0.000473403
0.000331074,0.000471557
0.000327353,0.000469704
0.000323632,0.000467855
0.000319911,0.000466005
0.00031619,0.000464152
0.000312468,0.000462306
0.000308747,0.000460452
0.000305025,0.000458602
0.000301304,0.000456753
0.000297582,0.000454899
0.00029386,0.000453049
0.000290138,0.000451199
0.000286415,0.000449349
0.000282693,0.000447494
0.000278971,0.000445645
0.000275248,0.000443794
0.000271525,0.000441944
0.000267802,0.00044009
0.00026408,0.000438239
0.000260357,0.000436388
0.000256633,0.000434534
0.00025291,0.000432683
0.000249187,0.000430833
0.000245464,0.000428979
0.00024174,0.000427128
0.000238802,0.000431151
0.000236648,0.000430082
0.000234494,0.000429017
0.00023234,0.00042795
0.000230187,0.000426881
0.000228033,0.000425815
0.000225879,0.00042475
0.000223725,0.00042368
0.000221571,0.000422614
0.000219417,0.000421545
0.000217263,0.000420479
0.000215108,0.000419412
0.000212954,0.000418343
0.0002108,0.000417274
0.000208645,0.00041621
0.000206491,0.000415141
0.000204336,0.000414071
0.000202181,0.000413005
0.000201889,0.000401722
0.00020346,0.000402515
0.000205032,0.000403307
0.000206603,0.000404104
0.000208174,0.0004049
0.000209746,0.000405693
0.000211317,0.000406489
0.000212888,0.000407282
0.00021446,0.000408078
0.000216032,0.000408872
0.000217604,0.000409669
0.000219175,0.000410461
0.000220747,0.000411258
0.000222318,0.000412051
0.00022389,0.000412844
0.000225462,0.000413641
0.000227034,0.000414438
0.000228606,0.00041523
0.000230178,0.000416024
0.00023175,0.00041682
0.000233322,0.000417614
0.000234894,0.00041841
0.00023568,0.000418097
0.00023568,0.000418108
0.00023568,0.000418115
0.00023568,0.000418122
0.00023568,0.000418133
0.00023568,0.00041814
0.00023568,0.000418147
0.00023568,0.000418158
0.00023568,0.000418165
0.00023568,0.000418176
0.00023568,0.000418183
0.00023568,0.00041819
0.00023568,0.000418201
0.00023568,0.000418208
0.00023568,0.000418215
0.00023568,0.000418226
0.00023568,0.000418233
0.00023568,0.00041824
0.00023568,0.000418247
0.00023568,0.000418262
0.00023568,0.000418262
0.00023568,0.000418276
0.00023568,0.000418283
0.00023568,0.00041829
0.00023568,0.000418297
0.00023568,0.000418305
0.00023568,0.000418319
0.00023568,0.000418319
0.00023568,0.000418333
0.00023568,0.00041834
0.00023568,0.000418347
0.00023568,0.000418355
0.00023568,0.000418362
0.00023568,0.000418369
0.00023568,0.000418376
0.00023568,0.00041839
0.00023568,0.00041839
0.00023568,0.000418405
0.00023568,0.000418405
0.00023568,0.000418419
0.00023568,0.000418426
0.00023568,0.000418433
0.00023568,0.00041844
0.00023568,0.000418448
0.00023568,0.000418462
0.00023568,0.000418462
0.00023568,0.000418469
0.00023568,0.000418483
0.00023568,0.000418483
0.00023568,0.000418498
0.00023568,0.000418498
0.00023568,0.000418512
0.00023568,0.000418519
0.00023568,0.000418519
0.00023568,0.000418533
0.00023568,0.000418541
0.00023568,0.000418548
0.00023568,0.000418555
0.00023568,0.000418562
0.00023568,0.000418569
0.00023568,0.000418576
0.00023568,0.000418584
0.00023568,0.000418591
0.00023568,0.000418598
0.00023568,0.000418605
0.00023568,0.000418612
0.00023568,0.000418619
0.00023568,0.000418626
0.00023568,0.000418634
0.00023568,0.000418641
0.00023568,0.000418655
0.00023568,0.000418655
0.00023568,0.000418655
0.00023568,0.000418677
0.00023568,0.000418677
0.00023568,0.000418684
0.00023568,0.000418691
0.00023568,0.000418698
0.00023568,0.000418705
0.00023568,0.000418712
0.00023568,0.000418719
0.00023568,0.000418727
0.00023568,0.000418734
0.00023568,0.000418734
0.00023568,0.000418741
0.00023568,0.000418755
0.00023568,0.000418762
0.00023568,0.000418762
0.00023568,0.000418777
0.00023568,0.000418784
0.00023568,0.000418784
0.00023568,0.000418791
0.00023568,0.000418798
0.00023568,0.000418805
0.00023568,0.00041882
0.00023568,0.000418812
0.00023568,0.000418834
0.00023568,0.000418827
0.00023568,0.000418841
0.00023568,0.000418848
0.00023568,0.000418848
0.00023568,0.000418855
0.00023568,0.00041887
0.00023568,0.00041887
0.00023568,0.000418884
0.00023568,0.000418877
0.00023568,0.000418891
0.00023568,0.000418898
0.00023568,0.000418905
0.00023568,0.000418905
0.000236262,0.000419454
0.000237427,0.000420037
0.000238592,0.000420626
0.000239757,0.000421216
0.000240922,0.000421806
0.000242087,0.000422395
0.000243252,0.000422985
0.000244417,0.000423568
0.000245582,0.000424157
0.000246747,0.000424747
0.000247912,0.000425336
0.000249078,0.000425927
0.000250242,0.000426516
0.000251408,0.000427106
0.000252573,0.000427682
0.000253738,0.000428286
0.000254903,0.000428861
0.000256069,0.000429458
0.000257234,0.000430048
0.000258399,0.000430637
0.000259565,0.000431213
0.00026073,0.000431817
0.000261895,0.0004324
0.000263061,0.000432983
0.000264226,0.000433579
0.000265392,0.000434162
0.000266557,0.000434752
0.000267723,0.000435342
0.000268888,0.000435925
0.000270054,0.000436522
0.000271219,0.000437105
0.000272385,0.000437694
0.00027355,0.000438285
0.000274716,0.000438868
0.000275882,0.000439458
0.000277047,0.000440054
0.000278213,0.00044063
0.000279379,0.000441227
0.000280544,0.000441818
0.00028171,0.000442393
0.000282876,0.000442991
0.000284042,0.000443581
0.000285207,0.000444163
0.000286373,0.000444753
0.000287539,0.000445343
0.000288705,0.000445933
0.000289872,0.00044651
0.000291037,0.000447114
0.000292203,0.000447697
0.000293368,0.00044828
0.000294534,0.00044887
0.000295701,0.00044946
0.000296867,0.000450043
0.000298033,0.00045064
0.000299199,0.000451223
0.000300365,0.000451806
0.000301531,0.000452404
0.000302697,0.000452994
0.000303863,0.00045357
0.000305029,0.000454167
0.000306196,0.00045475
0.000307361,0.000455341
0.000308528,0.000455924
0.000309694,0.000456521
0.00031086,0.000457097
0.000312027,0.000457695
0.000313193,0.000458285
0.000314359,0.000458861
0.000315525,0.000459451
0.000316692,0.000460048
0.000317858,0.000460632
0.000319024,0.000461222
0.000320191,0.000461798
0.000321357,0.000462403
0.000322524,0.000462986
0.00032369,0.000463562
0.000324857,0.00046416
0.000326023,0.00046475
0.00032719,0.000465326
0.000328356,0.000465924
0.000329522,0.000466514
0.000330689,0.000467097
0.000331855,0.000467688
0.000333022,0.000468264
0.000334189,0.000468861
0.000335356,0.000469452
0.000336522,0.000470035
0.000337689,0.000470619
0.000338856,0.000471216
0.000340022,0.000471793
0.000341189,0.00047239
0.000342355,0.000472974
0.000343522,0.000473564
0.000344689,0.000474148
0.000345856,0.000474738
0.000347022,0.000475321
0.00034819,0.000475912
0.000349356,0.000476503
0.000350523,0.000477086
0.00035169,0.000477669
0.000352857,0.00047826
0.000354023,0.000478858
0.000355191,0.000479434
0.000356358,0.000480025
0.000357524,0.000480608
0.000358691,0.000481205
0.000359859,0.000481783
0.000361025,0.00048238
0.000362192,0.000482963
0.000363359,0.000483533
0.000364526,0.000484145
0.000365693,0.000484714
0.00036686,0.000485312
0.000368027,0.00048591
0.000369194,0.000486479
0.000370362,0.000487077
0.000371529,0.00048766
0.000372696,0.000488244
0.000373863,0.000488827
0.00037503,0.000489426
0.000376197,0.000490009
0.000377364,0.000490592
0.000378532,0.00049119
0.000379698,0.00049176
0.000380866,0.000492357
0.000382033,0.000492941
0.000383201,0.000493539
0.000384368,0.000494109
0.000385535,0.000494706
0.000386702,0.00049529
0.000387869,0.000495888
0.000389037,0.000496471
0.000390204,0.000497055
0.000391372,0.000497639
0.000392539,0.000498223
0.000393706,0.000498806
0.000394873,0.000499404
0.000396041,0.000499988
0.000397208,0.000500586
0.000398376,0.000501155
0.000399544,0.000501754
0.000400711,0.000502323
0.000401879,0.000502936
0.000403046,0.000503505
0.000404213,0.000504089
0.00040538,0.000504686
0.000406548,0.00050527
0.000407715,0.000505868
0.000408883,0.000506438
0.000410051,0.000507022
0.000411218,0.00050762
0.000412386,0.000508203
0.000413553,0.000508802
0.00041472,0.000509371
0.000415889,0.000509969
0.000417056,0.000510553
0.000418223,0.000511122
0.000419391,0.000511735
0.000420559,0.000512304
0.000421726,0.000512902
0.000422894,0.000513486
0.000424062,0.000514056
0.000425229,0.000514668
0.000426397,0.000515238
0.000427565,0.000515821
0.000428733,0.00051642
0.0004299,0.000517003
0.000431068,0.000517588
0.000432236,0.000518171
0.000433403,0.00051877
0.000434571,0.000519339
0.000435739,0.000519937
0.000436907,0.000520521
0.000438074,0.000521105
0.000439243,0.000521689
0.00044041,0.000522287
0.000441577,0.000522857
0.000442745,0.000523455
0.000443913,0.000524039
0.000445082,0.000524623
0.00044625,0.000525221
0.000447417,0.000525791
0.000448585,0.000526389
0.000449753,0.000526959
0.00045092,0.000527557
0.000452089,0.000528141
0.000453257,0.000528725
0.000454424,0.000529323
0.000455592,0.000529892
0.00045676,0.000530491
0.000457928,0.00053106
0.000459096,0.000531673
0.000460264,0.000532243
0.000461432,0.000532827
0.0004626,0.000533411
0.000463767,0.000534009
0.000464935,0.000534578
0.000466104,0.000535177
0.000467272,0.000535761
0.00046844,0.000536345
0.000469607,0.000536929
0.000470776,0.000537513
0.000471944,0.000538111
0.000473111,0.000538681
0.000474279,0.000539279
0.000475447,0.000539863
0.000476616,0.000540433
0.000477784,0.000541031
0.000478952,0.00054163
0.00048012,0.000542199
0.000481288,0.000542783
0.000482456,0.000543382
0.000483624,0.000543951
0.000484792,0.000544535
0.00048596,0.000545148
0.000487129,0.000545704
0.000488297,0.000546302
0.000489465,0.000546886
0.000490632,0.00054747
0.000491801,0.000548068
0.000492969,0.000548638
0.000494138,0.000549237
0.000495305,0.000549807
0.000496473,0.000550404
0.000497642,0.000550989
0.00049881,0.000551573
0.000499979,0.000552143
0.000501147,0.000552756
0.000502315,0.000553311
0.000503482,0.000553924
0.00050465,0.000554493
0.000505819,0.000555078
0.000506987,0.000555676
0.000508155,0.000556245
0.000509325,0.000556844
0.000510492,0.000557429
0.00051166,0.000557998
0.000512829,0.000558597
0.000513996,0.000559181
0.000515164,0.000559764
0.000516332,0.000560348
0.000517502,0.000560933
0.000518669,0.000561518
0.000519836,0.000562101
0.000521006,0.000562684
0.000522174,0.000563284
0.000523342,0.000563853
0.00052451,0.000564438
0.000525678,0.000565036
0.000526846,0.000565605
0.000528013,0.000566203
0.000529182,0.000566787
0.000530351,0.000567358
0.000531521,0.000567957
0.000532688,0.000568541
0.000533856,0.000569124
0.000535025,0.000569709
0.000536192,0.000570293
0.000537361,0.000570862
0.00053853,0.000571462
0.000539698,0.00057206
0.000540865,0.000572615
0.000542033,0.000573213
0.000543202,0.000573812
0.000544371,0.000574367
0.00054554,0.000574981
0.000546708,0.00057555
0.000547876,0.000576149
0.000549044,0.000576704
0.000550211,0.000577317
0.000551379,0.000577886
0.000552548,0.00057847
0.000553718,0.00057907
0.000554886,0.00057964
0.000556054,0.000580238
0.000557222,0.000580808
0.000558389,0.000581391
0.000559558,0.00058199
0.000560727,0.00058256
0.000561895,0.000583144
0.000563063,0.000583742
0.000564231,0.000584312
0.0005654,0.000584897
0.000566568,0.000585481
0.000567758,0.0005973
0.000568991,0.000609513
0.000570271,0.000622078
0.000571598,0.000635026
0.000572973,0.000648355
0.000574397,0.000662081
0.000575871,0.00067619
0.000577399,0.000690683
0.000578981,0.000705591
0.000580617,0.000720868
0.00058231,0.000736562
0.000584061,0.000752656
0.000585872,0.000769108
0.000587744,0.000785994
0.000589678,0.000803224
0.000591677,0.000820874
0.000593739,0.000838885
0.000595867,0.000857258
0.000598063,0.000875994
0.000600329,0.000895066
0.000602665,0.000914502
0.000605071,0.000934216
0.000607549,0.000954282
0.000610101,0.000974599
0.000612727,0.000995196
0.000615427,0.00101603
0.000618203,0.00103712
0.000621056,0.00105837
0.000623986,0.00107983
0.000626994,0.0011014
0.000630079,0.0011231
0.000633242,0.00114487
0.000636482,0.00116669
0.000639801,0.00118854
0.000643198,0.00121032
0.000646672,0.00123206
0.000650223,0.00125369
0.000653851,0.00127516
0.000657554,0.00129643
0.000661333,0.00131747
0.000665184,0.0013382
0.000669107,0.00135863
0.000673101,0.00137865
0.000677164,0.00139825
0.000681294,0.00141736
0.000685489,0.00143595
0.000689745,0.00145396
0.000694062,0.00147136
0.000698436,0.00148807
0.000702865,0.00150408
0.000707346,0.00151932
0.000711876,0.00153376
0.000716451,0.00154737
0.000721068,0.00156009
0.000725724,0.00157189
0.000730416,0.00158274
0.000735137,0.0015926
0.000739886,0.00160145
0.000744656,0.0016093
0.000749447,0.00161605
0.000754252,0.00162175
0.000759069,0.00162636
0.00076389,0.00038074
0.000455663,0.000526149
0.000455663,0.000526162
0.000455663,0.000526174
0.000455663,0.000526187
0.000455663,0.000526199
0.000455663,0.000526212
0.000455663,0.000526224
0.000455663,0.000526237
0.000455663,0.000526249
0.000455663,0.000526261
0.000455663,0.000526274
0.000455663,0.000526286
0.000455663,0.000526298
0.000455663,0.000526311
0.000455663,0.000526323
0.000455663,0.000526335
0.000455663,0.000526347
0.000455663,0.000526359
0.000455663,0.000526372
0.000455663,0.000526384
0.000455663,0.000526396
0.000455663,0.000526408
0.000455663,0.000526421
0.000455663,0.000526432
0.000455663,0.000526444
0.000455663,0.000526456
0.000455663,0.000526468
0.000455663,0.00052648
0.000455663,0.000526493
0.000455663,0.000526504
0.000455663,0.000526516
0.000455663,0.000526528
0.000455663,0.00052654
0.000455663,0.000526552
0.000455663,0.000526564
0.000455663,0.000526575
0.000455663,0.000526587
0.000455663,0.0005266
0.000455663,0.000526611
0.000455663,0.000526622
0.000455663,0.000526635
0.000455663,0.000526645
0.000455663,0.000526657
0.000455663,0.00052667
0.000455663,0.000526681
0.000455663,0.000526693
0.000455663,0.000526704
0.000455663,0.000526715
0.000455663,0.000526728
0.000455663,0.000526739
0.000455663,0.00052675
0.000455663,0.000526762
0.000455663,0.000526772
0.000455663,0.000526785
0.000455663,0.000526796
0.000455663,0.000526808
0.000455663,0.000526819
0.000455663,0.00052683
0.000455663,0.00052684
0.000455663,0.000526855
0.000455663,0.000526864
0.000455663,0.000526874
0.000455663,0.000526887
0.000455663,0.000526898
0.000455663,0.000526908
0.000455663,0.000526921
0.000455663,0.000526932
0.000455663,0.000526942
0.000455663,0.000526953
0.000455663,0.000526966
0.000455663,0.000526976
0.000455663,0.000526987
0.000455663,0.000526996
0.000455663,0.00052701
0.000455663,0.000527019
0.000455663,0.00052703
0.000455663,0.000527042
0.000455663,0.000527053
0.000455663,0.000527064
0.000455663,0.000527075
0.000455663,0.000527084
0.000455663,0.000527098
0.000455663,0.000527107
0.000455663,0.000527118
0.000455663,0.000527128
0.000453805,0.000532925
0.000450088,0.000531078
0.000446371,0.00052923
0.000442653,0.000527384
0.000438935,0.000525534
0.00043522,0.000523686
0.000431503,0.000521839
0.000427785,0.000519992
0.000424067,0.000518144
0.00042035,0.000516296
0.000416632,0.000514448
0.000412914,0.000512599
0.000409195,0.000510752
0.000405478,0.000508902
0.000401758,0.000507054
0.00039804,0.000505203
0.000394322,0.000503357
0.000390602,0.000501509
0.000386883,0.000499659
0.000383164,0.000497808
0.000379446,0.000495963
0.000375727,0.000494111
0.000372006,0.000492262
0.000368287,0.000490413
0.000364568,0.000488564
0.000360847,0.000486716
0.000357127,0.000484866
0.000353407,0.000483014
0.000349686,0.000481167
0.000345967,0.000479315
0.000342247,0.000477466
0.000338526,0.000475617
0.000334805,0.000473764
0.000331085,0.000471918
0.000327364,0.000470065
0.000323642,0.000468215
0.000319921,0.000466365
0.0003162,0.000464512
0.000312478,0.000462666
0.000308757,0.000460812
0.000305035,0.000458962
0.000301313,0.000457112
0.000297591,0.000455259
0.000293869,0.000453409
0.000290147,0.000451558
0.000286425,0.000449708
0.000282702,0.000447855
0.00027898,0.000446004
0.000275258,0.000444154
0.000271535,0.000442304
0.000267812,0.00044045
0.000264089,0.000438599
0.000260365,0.000436748
0.000256642,0.000434894
0.000252918,0.000433043
0.000249195,0.000431192
0.000245472,0.000429338
0.000241748,0.000427487
0.000238809,0.000431445
0.000236655,0.000430375
0.000234502,0.000429309
0.000232348,0.000428244
0.000230194,0.000427174
0.00022804,0.000426108
0.000225886,0.000425043
0.000223732,0.000423973
0.000221578,0.000422907
0.000219424,0.000421838
0.00021727,0.000420772
0.000215115,0.000419705
0.000212961,0.000418636
0.000210806,0.000417567
0.000208652,0.000416503
0.000206497,0.000415434
0.000204343,0.000414364
0.000202188,0.000413298
0.000201897,0.000401659
0.000203467,0.000402452
0.000205038,0.000403244
0.00020661,0.000404041
0.000208181,0.000404837
0.000209753,0.00040563
0.000211325,0.000406427
0.000212896,0.00040722
0.000214467,0.000408016
0.000216039,0.000408809
0.00021761,0.000409606
0.000219182,0.000410399
0.000220754,0.000411195
0.000222326,0.000411988
0.000223897,0.000412781
0.000225469,0.000413578
0.000227041,0.000414375
0.000228613,0.000415168
0.000230185,0.000415961
0.000231757,0.000416758
0.000233329,0.000417551
0.000234902,0.000418348
0.000235687,0.000418101
0.000235687,0.000418112
0.000235687,0.000418119
0.000235687,0.000418126
0.000235687,0.000418137
0.000235687,0.000418144
0.000235687,0.000418151
0.000235687,0.000418162
0.000235687,0.000418169
0.000235687,0.00041818
0.000235687,0.000418187
0.000235687,0.000418194
0.000235687,0.000418205
0.000235687,0.000418212
0.000235687,0.000418219
0.000235687,0.00041823
0.000235687,0.000418237
0.000235687,0.000418244
0.000235687,0.000418251
0.000235687,0.000418265
0.000235687,0.000418265
0.000235687,0.00041828
0.000235687,0.000418287
0.000235687,0.000418294
0.000235687,0.000418301
0.000235687,0.000418308
0.000235687,0.000418323
0.000235687,0.000418323
0.000235687,0.000418337
0.000235687,0.000418344
0.000235687,0.000418351
0.000235687,0.000418358
0.000235687,0.000418366
0.000235687,0.000418373
0.000235687,0.00041838
0.000235687,0.000418394
0.000235687,0.000418394
0.000235687,0.000418409
0.000235687,0.000418409
0.000235687,0.000418423
0.000235687,0.00041843
0.000235687,0.000418437
0.000235687,0.000418444
0.000235687,0.000418451
0.000235687,0.000418466
0.000235687,0.000418466
0.000235687,0.000418473
0.000235687,0.000418487
0.000235687,0.000418487
0.000235687,0.000418501
0.000235687,0.000418501
0.000235687,0.000418516
0.000235687,0.000418523
0.000235687,0.000418523
0.000235687,0.000418537
0.000235687,0.000418544
0.000235687,0.000418552
0.000235687,0.000418559
0.000235687,0.000418566
0.000235687,0.000418573
0.000235687,0.00041858
0.000235687,0.000418587
0.000235687,0.000418594
0.000235687,0.000418602
0.000235687,0.000418609
0.000235687,0.000418616
0.000235687,0.000418623
0.000235687,0.00041863
0.000235687,0.000418637
0.000235687,0.000418645
0.000235687,0.000418659
0.000235687,0.000418659
0.000235687,0.000418659
0.000235687,0.00041868
0.000235687,0.00041868
0.000235687,0.000418687
0.000235687,0.000418695
0.000235687,0.000418702
0.000235687,0.000418709
0.000235687,0.000418716
0.000235687,0.000418723
0.000235687,0.00041873
0.000235687,0.000418738
0.000235687,0.000418738
0.000235687,0.000418745
0.000235687,0.000418759
0.000235687,0.000418766
0.000235687,0.000418766
0.000235687,0.00041878
0.000235687,0.000418788
0.000235687,0.000418788
0.000235687,0.000418795
0.000235687,0.000418802
0.000235687,0.000418809
0.000235687,0.000418823
0.000235687,0.000418816
0.000235687,0.000418838
0.000235687,0.000418831
0.000235687,0.000418845
0.000235687,0.000418852
0.000235687,0.000418852
0.000235687,0.000418859
0.000235687,0.000418873
0.000235687,0.000418873
0.000235687,0.000418888
0.000235687,0.000418881
0.000235687,0.000418895
0.000235687,0.000418902
0.000235687,0.000418909
0.000235687,0.000418909
0.00023627,0.000419493
0.000237435,0.000420076
0.0002386,0.000420666
0.000239765,0.000421255
0.00024093,0.000421845
0.000242095,0.000422435
0.00024326,0.000423024
0.000244425,0.000423607
0.00024559,0.000424196
0.000246756,0.000424786
0.000247921,0.000425376
0.000249086,0.000425966
0.000250251,0.000426556
0.000251416,0.000427146
0.000252581,0.00042772
0.000253746,0.000428325
0.000254912,0.0004289
0.000256077,0.000429497
0.000257243,0.000430087
0.000258408,0.000430677
0.000259573,0.000431253
0.000260739,0.000431857
0.000261904,0.000432439
0.000263069,0.000433022
0.000264235,0.000433619
0.000265401,0.000434202
0.000266566,0.000434792
0.000267731,0.000435381
0.000268897,0.000435964
0.000270062,0.000436562
0.000271228,0.000437144
0.000272394,0.000437735
0.000273559,0.000438324
0.000274725,0.000438907
0.00027589,0.000439497
0.000277057,0.000440094
0.000278222,0.00044067
0.000279388,0.000441267
0.000280554,0.000441857
0.000281719,0.000442433
0.000282885,0.00044303
0.000284051,0.00044362
0.000285217,0.000444203
0.000286383,0.000444793
0.000287549,0.000445384
0.000288714,0.000445974
0.00028988,0.000446549
0.000291047,0.000447154
0.000292213,0.000447737
0.000293379,0.00044832
0.000294545,0.00044891
0.00029571,0.0004495
0.000296876,0.000450083
0.000298043,0.000450681
0.000299209,0.000451263
0.000300375,0.000451847
0.000301541,0.000452444
0.000302707,0.000453034
0.000303873,0.00045361
0.000305039,0.000454208
0.000306205,0.00045479
0.000307372,0.000455381
0.000308538,0.000455964
0.000309704,0.000456561
0.00031087,0.000457137
0.000312037,0.000457735
0.000313203,0.000458325
0.00031437,0.000458901
0.000315536,0.000459492
0.000316702,0.000460089
0.000317869,0.000460672
0.000319035,0.000461263
0.000320202,0.000461839
0.000321368,0.000462444
0.000322534,0.000463027
0.000323701,0.000463603
0.000324867,0.0004642
0.000326034,0.000464791
0.0003272,0.000465367
0.000328367,0.000465964
0.000329534,0.000466555
0.0003307,0.000467138
0.000331867,0.000467728
0.000333034,0.000468305
0.0003342,0.000468902
0.000335367,0.000469493
0.000336533,0.000470076
0.0003377,0.000470659
0.000338866,0.000471257
0.000340033,0.000471833
0.000341201,0.000472431
0.000342367,0.000473015
0.000343534,0.000473605
0.000344701,0.000474188
0.000345868,0.000474779
0.000347034,0.000475363
0.000348201,0.000475953
0.000349368,0.000476543
0.000350535,0.000477127
0.000351702,0.00047771
0.000352869,0.000478301
0.000354036,0.000478899
0.000355202,0.000479475
0.000356369,0.000480065
0.000357537,0.000480649
0.000358703,0.000481247
0.00035987,0.000481823
0.000361037,0.000482421
0.000362204,0.000483005
0.000363371,0.000483574
0.000364539,0.000484186
0.000365705,0.000484755
0.000366873,0.000485353
0.00036804,0.000485951
0.000369207,0.00048652
0.000370374,0.000487118
0.000371541,0.000487702
0.000372708,0.000488285
0.000373875,0.000488869
0.000375043,0.000489467
0.00037621,0.000490051
0.000377377,0.000490634
0.000378544,0.000491232
0.000379712,0.000491802
0.000380879,0.000492399
0.000382046,0.000492983
0.000383213,0.000493581
0.00038438,0.00049415
0.000385548,0.000494748
0.000386715,0.000495332
0.000387882,0.00049593
0.00038905,0.000496513
0.000390217,0.000497097
0.000391384,0.000497681
0.000392552,0.000498264
0.000393719,0.000498848
0.000394887,0.000499446
0.000396054,0.00050003
0.000397221,0.000500628
0.000398389,0.000501197
0.000399556,0.000501795
0.000400724,0.000502365
0.000401891,0.000502977
0.000403059,0.000503547
0.000404227,0.000504131
0.000405394,0.000504729
0.000406561,0.000505312
0.000407729,0.00050591
0.000408897,0.00050648
0.000410064,0.000507064
0.000411232,0.000507662
0.000412399,0.000508246
0.000413567,0.000508844
0.000414735,0.000509413
0.000415902,0.000510011
0.00041707,0.000510595
0.000418238,0.000511165
0.000419405,0.000511777
0.000420573,0.000512346
0.00042174,0.000512945
0.000422908,0.000513528
0.000424076,0.000514098
0.000425244,0.000514711
0.000426411,0.00051528
0.000427578,0.000515864
0.000428746,0.000516462
0.000429914,0.000517046
0.000431082,0.000517629
0.00043225,0.000518214
0.000433418,0.000518812
0.000434586,0.000519382
0.000435753,0.00051998
0.000436921,0.000520563
0.000438089,0.000521147
0.000439256,0.000521731
0.000440425,0.000522329
0.000441593,0.000522899
0.00044276,0.000523498
0.000443928,0.000524081
0.000445096,0.000524665
0.000446264,0.000525263
0.000447432,0.000525833
0.000448599,0.000526431
0.000449768,0.000527001
0.000450936,0.0005276
0.000452103,0.000528183
0.000453271,0.000528767
0.000454439,0.000529365
0.000455607,0.000529935
0.000456775,0.000530533
0.000457943,0.000531103
0.000459111,0.000531716
0.000460279,0.000532285
0.000461447,0.00053287
0.000462615,0.000533454
0.000463783,0.000534052
0.000464951,0.000534622
0.000466119,0.00053522
0.000467287,0.000535804
0.000468455,0.000536388
0.000469624,0.000536972
0.000470791,0.000537556
0.000471959,0.000538154
0.000473128,0.000538724
0.000474296,0.000539323
0.000475464,0.000539907
0.000476632,0.000540477
0.0004778,0.000541074
0.000478968,0.000541673
0.000480136,0.000542243
0.000481303,0.000542826
0.000482472,0.000543425
0.00048364,0.000543995
0.000484808,0.000544579
0.000485976,0.000545191
0.000487144,0.000545747
0.000488312,0.000546345
0.000489481,0.000546929
0.000490648,0.000547513
0.000491816,0.000548111
0.000492985,0.000548681
0.000494153,0.00054928
0.000495322,0.00054985
0.00049649,0.000550449
0.000497658,0.000551032
0.000498826,0.000551616
0.000499993,0.000552186
0.000501161,0.000552798
0.000502329,0.000553353
0.000503498,0.000553967
0.000504667,0.000554536
0.000505835,0.000555121
0.000507004,0.000555719
0.000508171,0.00055629
0.000509339,0.000556887
0.000510508,0.000557472
0.000511676,0.000558042
0.000512845,0.000558639
0.000514014,0.000559225
0.000515182,0.000559809
0.00051635,0.000560392
0.000517518,0.000560977
0.000518686,0.00056156
0.000519855,0.000562145
0.000521024,0.00056273
0.000522191,0.000563328
0.000523358,0.000563897
0.000524527,0.00056448
0.000525697,0.00056508
0.000526865,0.00056565
0.000528032,0.000566248
0.000529201,0.000566832
0.000530368,0.000567402
0.000531536,0.000568
0.000532705,0.000568584
0.000533873,0.000569169
0.000535041,0.000569752
0.00053621,0.000570336
0.00053738,0.000570908
0.000538546,0.000571506
0.000539715,0.000572103
0.000540884,0.00057266
0.000542052,0.000573258
0.00054322,0.000573856
0.000544387,0.000574412
0.000545557,0.000575024
0.000546726,0.000575595
0.000547894,0.000576193
0.000549062,0.000576749
0.00055023,0.000577361
0.000551399,0.000577931
0.000552566,0.000578515
0.000553735,0.000579113
0.000554903,0.000579684
0.000556071,0.000580282
0.00055724,0.000580851
0.000558408,0.000581436
0.000559577,0.000582034
0.000560745,0.000582605
0.000561914,0.000583189
0.000563083,0.000583788
0.000564251,0.000584358
0.000565419,0.000584941
0.000566587,0.000585526
0.000567777,0.000597346
0.000569011,0.000609561
0.00057029,0.000622128
0.000571617,0.000635076
0.00057299,0.000648407
0.000574415,0.000662133
0.000575892,0.000676245
0.00057742,0.000690741
0.000579,0.000705649
0.000580637,0.000720929
0.00058233,0.000736623
0.000584081,0.000752719
0.000585892,0.000769175
0.000587763,0.000786061
0.000589697,0.000803294
0.000591694,0.000820944
0.000593757,0.000838957
0.000595887,0.000857333
0.000598084,0.000876072
0.000600349,0.000895146
0.000602683,0.000914583
0.00060509,0.0009343
0.000607569,0.000954368
0.000610119,0.000974687
0.000612745,0.000995286
0.000615447,0.00101612
0.000618224,0.00103721
0.000621076,0.00105847
0.000624005,0.00107992
0.000627012,0.0011015
0.000630097,0.00112321
0.000633261,0.00114498
0.000636502,0.0011668
0.000639822,0.00118865
0.00064322,0.00121044
0.000646693,0.00123218
0.000650244,0.00125381
0.000653872,0.00127528
0.000657576,0.00129655
0.000661354,0.0013176
0.000665206,0.00133832
0.000669129,0.00135876
0.000673124,0.00137878
0.000677186,0.00139838
0.000681315,0.0014175
0.00068551,0.00143609
0.000689768,0.0014541
0.000694085,0.00147151
0.00069846,0.00148821
0.00070289,0.00150423
0.000707371,0.00151947
0.0007119,0.00153391
0.000716476,0.00154752
0.000721093,0.00156024
0.000725749,0.00157205
0.00073044,0.0015829
0.000735162,0.00159276
0.000739911,0.00160161
0.000744681,0.00160946
0.000749472,0.00161621
0.000754277,0.00162191
0.000759093,0.00162652
0.000763916,0.000380752
0.000455663,0.000526149
0.000455663,0.000526162
0.000455663,0.000526174
0.000455663,0.000526187
0.000455663,0.000526199
0.000455663,0.000526212
0.000455663,0.000526224
0.000455663,0.000526237
0.000455663,0.000526249
0.000455663,0.000526261
0.000455663,0.000526274
0.000455663,0.000526286
0.000455663,0.000526298
0.000455663,0.000526311
0.000455663,0.000526323
0.000455663,0.000526335
0.000455663,0.000526347
0.000455663,0.000526359
0.000455663,0.000526372
0.000455663,0.000526384
0.000455663,0.000526396
0.000455663,0.000526408
0.000455663,0.000526421
0.000455663,0.000526432
0.000455663,0.000526444
0.000455663,0.000526456
0.000455663,0.000526468
0.000455663,0.00052648
0.000455663,0.000526493
0.000455663,0.000526504
0.000455663,0.000526516
0.000455663,0.000526528
0.000455663,0.00052654
0.000455663,0.000526552
0.000455663,0.000526564
0.000455663,0.000526575
0.000455663,0.000526587
0.000455663,0.0005266
0.000455663,0.000526611
0.000455663,0.000526622
0.000455663,0.000526635
0.000455663,0.000526645
0.000455663,0.000526657
0.000455663,0.00052667
0.000455663,0.000526681
0.000455663,0.000526693
0.000455663,0.000526704
0.000455663,0.000526715
0.000455663,0.000526728
0.000455663,0.000526739
0.000455663,0.00052675
0.000455663,0.000526762
0.000455663,0.000526772
0.000455663,0.000526785
0.000455663,0.000526796
0.000455663,0.000526808
0.000455663,0.000526819
0.000455663,0.00052683
0.000455663,0.00052684
0.000455663,0.000526855
0.000455663,0.000526864
0.000455663,0.000526874
0.000455663,0.000526887
0.000455663,0.000526898
0.000455663,0.000526908
0.000455663,0.000526921
0.000455663,0.000526932
0.000455663,0.000526942
0.000455663,0.000526953
0.000455663,0.000526966
0.000455663,0.000526976
0.000455663,0.000526987
0.000455663,0.000526996
0.000455663,0.00052701
0.000455663,0.000527019
0.000455663,0.00052703
0.000455663,0.000527042
0.000455663,0.000527053
0.000455663,0.000527064
0.000455663,0.000527075
0.000455663,0.000527084
0.000455663,0.000527098
0.000455663,0.000527107
0.000455663,0.000527118
0.000455663,0.000527128
0.000453804,0.00053329
0.000450087,0.000531443
0.000446371,0.000529596
0.000442654,0.00052775
0.000438938,0.000525901
0.000435221,0.000524054
0.000431502,0.000522204
0.000427785,0.000520357
0.000424067,0.00051851
0.00042035,0.000516662
0.000416631,0.000514814
0.000412913,0.000512963
0.000409195,0.000511117
0.000405477,0.000509268
0.000401758,0.000507419
0.00039804,0.00050557
0.00039432,0.000503722
0.000390602,0.000501874
0.000386884,0.000500026
0.000383163,0.000498174
0.000379444,0.000496327
0.000375726,0.000494476
0.000372006,0.000492627
0.000368286,0.000490779
0.000364567,0.000488929
0.000360848,0.000487081
0.000357128,0.000485233
0.000353408,0.000483379
0.000349688,0.000481534
0.000345967,0.000479681
0.000342246,0.000477832
0.000338525,0.000475982
0.000334805,0.000474129
0.000331085,0.000472284
0.000327364,0.000470431
0.000323642,0.000468581
0.000319921,0.000466731
0.0003162,0.000464878
0.000312478,0.000463032
0.000308757,0.000461179
0.000305036,0.000459329
0.000301314,0.000457479
0.000297592,0.000455625
0.00029387,0.000453775
0.000290148,0.000451925
0.000286426,0.000450075
0.000282703,0.000448221
0.00027898,0.000446371
0.000275257,0.00044452
0.000271534,0.00044267
0.000267812,0.000440816
0.000264089,0.000438966
0.000260366,0.000437115
0.000256643,0.00043526
0.000252919,0.00043341
0.000249196,0.000431559
0.000245472,0.000429705
0.000241748,0.000427854
0.000238809,0.000431738
0.000236656,0.000430668
0.000234502,0.000429603
0.000232348,0.000428537
0.000230194,0.000427468
0.00022804,0.000426401
0.000225886,0.000425336
0.000223732,0.000424266
0.000221578,0.0004232
0.000219424,0.000422131
0.00021727,0.000421065
0.000215115,0.000419999
0.00021296,0.000418929
0.000210806,0.000417859
0.000208652,0.000416797
0.000206497,0.000415727
0.000204342,0.000414657
0.000202188,0.000413591
0.000201896,0.000401595
0.000203468,0.000402388
0.000205039,0.000403181
0.00020661,0.000403977
0.000208181,0.000404773
0.000209753,0.000405566
0.000211324,0.000406362
0.000212896,0.000407155
0.000214467,0.000407952
0.000216039,0.000408745
0.000217611,0.000409541
0.000219183,0.000410335
0.000220754,0.000411131
0.000222326,0.000411924
0.000223897,0.000412717
0.000225469,0.000413514
0.000227041,0.00041431
0.000228614,0.000415104
0.000230185,0.000415897
0.000231758,0.000416694
0.000233329,0.000417487
0.000234901,0.000418283
0.000235687,0.000418101
0.000235687,0.000418112
0.000235687,0.000418119
0.000235687,0.000418126
0.000235687,0.000418137
0.000235687,0.000418144
0.000235687,0.000418151
0.000235687,0.000418162
0.000235687,0.000418169
0.000235687,0.00041818
0.000235687,0.000418187
0.000235687,0.000418194
0.000235687,0.000418205
0.000235687,0.000418212
0.000235687,0.000418219
0.000235687,0.00041823
0.000235687,0.000418237
0.000235687,0.000418244
0.000235687,0.000418251
0.000235687,0.000418265
0.000235687,0.000418265
0.000235687,0.00041828
0.000235687,0.000418287
0.000235687,0.000418294
0.000235687,0.000418301
0.000235687,0.000418308
0.000235687,0.000418323
0.000235687,0.000418323
0.000235687,0.000418337
0.000235687,0.000418344
0.000235687,0.000418351
0.000235687,0.000418358
0.000235687,0.000418366
0.000235687,0.000418373
0.000235687,0.00041838
0.000235687,0.000418394
0.000235687,0.000418394
0.000235687,0.000418409
0.000235687,0.000418409
0.000235687,0.000418423
0.000235687,0.00041843
0.000235687,0.000418437
0.000235687,0.000418444
0.000235687,0.000418451
0.000235687,0.000418466
0.000235687,0.000418466
0.000235687,0.000418473
0.000235687,0.000418487
0.000235687,0.000418487
0.000235687,0.000418501
0.000235687,0.000418501
0.000235687,0.000418516
0.000235687,0.000418523
0.000235687,0.000418523
0.000235687,0.000418537
0.000235687,0.000418544
0.000235687,0.000418552
0.000235687,0.000418559
0.000235687,0.000418566
0.000235687,0.000418573
0.000235687,0.00041858
0.000235687,0.000418587
0.000235687,0.000418594
0.000235687,0.000418602
0.000235687,0.000418609
0.000235687,0.000418616
0.000235687,0.000418623
0.000235687,0.00041863
0.000235687,0.000418637
0.000235687,0.000418645
0.000235687,0.000418659
0.000235687,0.000418659
0.000235687,0.000418659
0.000235687,0.00041868
0.000235687,0.00041868
0.000235687,0.000418687
0.000235687,0.000418695
0.000235687,0.000418702
0.000235687,0.000418709
0.000235687,0.000418716
0.000235687,0.000418723
0.000235687,0.00041873
0.000235687,0.000418738
0.000235687,0.000418738
0.000235687,0.000418745
0.000235687,0.000418759
0.000235687,0.000418766
0.000235687,0.000418766
0.000235687,0.00041878
0.000235687,0.000418788
0.000235687,0.000418788
0.000235687,0.000418795
0.000235687,0.000418802
0.000235687,0.000418809
0.000235687,0.000418823
0.000235687,0.000418816
0.000235687,0.000418838
0.000235687,0.000418831
0.000235687,0.000418845
0.000235687,0.000418852
0.000235687,0.000418852
0.000235687,0.000418859
0.000235687,0.000418873
0.000235687,0.000418873
0.000235687,0.000418888
0.000235687,0.000418881
0.000235687,0.000418895
0.000235687,0.000418902
0.000235687,0.000418909
0.000235687,0.000418909
0.00023627,0.00041953
0.000237435,0.000420112
0.0002386,0.000420702
0.000239765,0.000421292
0.00024093,0.000421881
0.000242095,0.000422471
0.00024326,0.000423061
0.000244425,0.000423643
0.00024559,0.000424233
0.000246755,0.000424822
0.00024792,0.000425412
0.000249085,0.000426002
0.000250251,0.000426592
0.000251416,0.000427181
0.000252581,0.000427757
0.000253747,0.000428361
0.000254912,0.000428937
0.000256077,0.000429533
0.000257242,0.000430123
0.000258408,0.000430713
0.000259573,0.000431289
0.000260738,0.000431893
0.000261904,0.000432476
0.000263069,0.000433058
0.000264235,0.000433656
0.0002654,0.000434238
0.000266566,0.000434828
0.000267731,0.000435418
0.000268897,0.000436001
0.000270063,0.000436598
0.000271228,0.000437181
0.000272394,0.000437771
0.000273559,0.000438361
0.000274725,0.000438943
0.000275891,0.000439534
0.000277057,0.000440131
0.000278222,0.000440706
0.000279388,0.000441304
0.000280554,0.000441894
0.00028172,0.000442469
0.000282885,0.000443067
0.000284051,0.000443657
0.000285217,0.00044424
0.000286383,0.00044483
0.000287549,0.00044542
0.000288715,0.00044601
0.000289881,0.000446586
0.000291047,0.00044719
0.000292212,0.000447773
0.000293378,0.000448356
0.000294544,0.000448946
0.00029571,0.000449536
0.000296877,0.00045012
0.000298043,0.000450717
0.000299208,0.0004513
0.000300375,0.000451883
0.000301541,0.00045248
0.000302707,0.00045307
0.000303874,0.000453647
0.00030504,0.000454244
0.000306206,0.000454827
0.000307372,0.000455418
0.000308539,0.000456001
0.000309705,0.000456598
0.000310871,0.000457174
0.000312037,0.000457771
0.000313204,0.000458362
0.00031437,0.000458938
0.000315536,0.000459528
0.000316702,0.000460125
0.000317869,0.000460709
0.000319035,0.000461299
0.000320202,0.000461875
0.000321368,0.00046248
0.000322535,0.000463063
0.000323701,0.000463639
0.000324867,0.000464237
0.000326034,0.000464827
0.0003272,0.000465403
0.000328367,0.000466001
0.000329534,0.000466591
0.0003307,0.000467174
0.000331867,0.000467765
0.000333033,0.000468341
0.0003342,0.000468939
0.000335366,0.000469529
0.000336533,0.000470112
0.0003377,0.000470696
0.000338867,0.000471294
0.000340033,0.00047187
0.0003412,0.000472467
0.000342367,0.000473051
0.000343534,0.000473641
0.000344701,0.000474225
0.000345867,0.000474815
0.000347034,0.000475399
0.000348201,0.000475989
0.000349368,0.00047658
0.000350535,0.000477163
0.000351702,0.000477747
0.000352868,0.000478337
0.000354035,0.000478935
0.000355202,0.000479511
0.000356369,0.000480102
0.000357536,0.000480686
0.000358703,0.000481283
0.00035987,0.00048186
0.000361037,0.000482457
0.000362205,0.000483041
0.000363371,0.000483611
0.000364538,0.000484222
0.000365706,0.000484792
0.000366873,0.00048539
0.000368039,0.000485987
0.000369207,0.000486557
0.000370374,0.000487155
0.000371541,0.000487738
0.000372708,0.000488322
0.000373875,0.000488905
0.000375042,0.000489503
0.000376209,0.000490087
0.000377377,0.00049067
0.000378544,0.000491268
0.000379711,0.000491838
0.000380879,0.000492436
0.000382046,0.00049302
0.000383213,0.000493617
0.00038438,0.000494186
0.000385547,0.000494784
0.000386715,0.000495368
0.000387882,0.000495966
0.00038905,0.00049655
0.000390218,0.000497134
0.000391385,0.000497718
0.000392552,0.000498301
0.000393719,0.000498885
0.000394887,0.000499482
0.000396054,0.000500067
0.000397221,0.000500664
0.000398389,0.000501234
0.000399557,0.000501832
0.000400724,0.000502401
0.000401891,0.000503014
0.000403059,0.000503583
0.000404226,0.000504167
0.000405394,0.000504765
0.000406562,0.000505349
0.000407729,0.000505947
0.000408897,0.000506516
0.000410064,0.0005071
0.000411231,0.000507698
0.000412399,0.000508281
0.000413567,0.00050888
0.000414734,0.00050945
0.000415902,0.000510047
0.00041707,0.000510632
0.000418237,0.000511201
0.000419405,0.000511813
0.000420573,0.000512383
0.000421741,0.000512981
0.000422908,0.000513565
0.000424075,0.000514134
0.000425243,0.000514747
0.000426411,0.000515317
0.000427579,0.0005159
0.000428747,0.000516499
0.000429915,0.000517082
0.000431082,0.000517667
0.00043225,0.00051825
0.000433417,0.000518848
0.000434585,0.000519418
0.000435753,0.000520016
0.000436921,0.0005206
0.000438089,0.000521184
0.000439256,0.000521768
0.000440424,0.000522366
0.000441592,0.000522935
0.00044276,0.000523534
0.000443928,0.000524118
0.000445096,0.000524702
0.000446263,0.0005253
0.000447431,0.000525869
0.000448599,0.000526468
0.000449767,0.000527037
0.000450935,0.000527636
0.000452103,0.00052822
0.000453271,0.000528804
0.00045444,0.000529402
0.000455607,0.000529972
0.000456775,0.00053057
0.000457943,0.00053114
0.000459111,0.000531752
0.000460278,0.000532321
0.000461447,0.000532906
0.000462615,0.00053349
0.000463783,0.000534089
0.000464951,0.000534658
0.00046612,0.000535256
0.000467288,0.000535841
0.000468455,0.000536424
0.000469623,0.000537009
0.000470791,0.000537592
0.000471959,0.000538191
0.000473126,0.00053876
0.000474294,0.000539358
0.000475463,0.000539942
0.000476631,0.000540513
0.000477799,0.000541111
0.000478967,0.000541709
0.000480136,0.000542278
0.000481305,0.000542864
0.000482472,0.000543462
0.00048364,0.000544031
0.000484808,0.000544615
0.000485976,0.000545228
0.000487145,0.000545783
0.000488313,0.000546382
0.000489482,0.000546966
0.00049065,0.000547551
0.000491818,0.000548149
0.000492986,0.000548718
0.000494153,0.000549316
0.000495321,0.000549886
0.000496489,0.000550484
0.000497658,0.000551069
0.000498827,0.000551653
0.000499995,0.000552223
0.000501164,0.000552836
0.000502332,0.000553392
0.000503501,0.000554004
0.000504669,0.000554575
0.000505837,0.000555158
0.000507004,0.000555756
0.000508171,0.000556325
0.000509339,0.000556924
0.000510507,0.000557507
0.000511676,0.000558077
0.000512845,0.000558677
0.000514013,0.00055926
0.000515182,0.000559845
0.000516349,0.000560429
0.000517517,0.000561013
0.000518686,0.000561597
0.000519854,0.000562181
0.000521022,0.000562765
0.00052219,0.000563363
0.00052336,0.000563934
0.000524527,0.000564518
0.000525695,0.000565116
0.000526864,0.000565686
0.000528032,0.000566284
0.000529201,0.000566869
0.000530368,0.000567438
0.000531537,0.000568037
0.000532706,0.000568621
0.000533875,0.000569206
0.000535043,0.00056979
0.00053621,0.000570374
0.000537378,0.000570943
0.000538546,0.000571541
0.000539715,0.00057214
0.000540883,0.000572696
0.000542052,0.000573294
0.000543222,0.000573894
0.000544389,0.000574449
0.000545557,0.000575061
0.000546724,0.000575631
0.000547893,0.000576229
0.000549062,0.000576785
0.000550231,0.000577398
0.0005514,0.000577968
0.000552567,0.000578553
0.000553735,0.00057915
0.000554903,0.00057972
0.000556072,0.000580318
0.000557241,0.000580889
0.000558409,0.000581473
0.000559578,0.000582072
0.000560745,0.000582641
0.000561913,0.000583225
0.000563081,0.000583823
0.000564249,0.000584393
0.000565418,0.000584977
0.000566586,0.000585561
0.000567776,0.000597384
0.000569011,0.0006096
0.000570291,0.000622169
0.000571617,0.000635119
0.000572992,0.00064845
0.000574417,0.00066218
0.000575891,0.000676292
0.000577418,0.000690788
0.000579,0.000705699
0.000580637,0.000720981
0.00058233,0.000736677
0.000584081,0.000752775
0.000585892,0.000769232
0.000587764,0.00078612
0.000589699,0.000803356
0.000591696,0.000821009
0.000593758,0.000839023
0.000595887,0.0008574
0.000598083,0.000876141
0.000600348,0.000895216
0.000602684,0.000914657
0.00060509,0.000934376
0.000607569,0.000954446
0.00061012,0.000974767
0.000612746,0.00099537
0.000615447,0.00101621
0.000618223,0.0010373
0.000621076,0.00105856
0.000624007,0.00108002
0.000627015,0.0011016
0.000630099,0.0011233
0.000633262,0.00114508
0.000636503,0.0011669
0.000639821,0.00118875
0.000643218,0.00121054
0.000646693,0.00123228
0.000650245,0.00125392
0.000653872,0.0012754
0.000657577,0.00129667
0.000661355,0.00131772
0.000665206,0.00133845
0.00066913,0.00135888
0.000673124,0.00137891
0.000677186,0.00139851
0.000681317,0.00141763
0.000685511,0.00143622
0.000689768,0.00145423
0.000694085,0.00147164
0.00069846,0.00148835
0.000702889,0.00150437
0.000707371,0.00151961
0.0007119,0.00153405
0.000716475,0.00154766
0.000721094,0.00156038
0.000725749,0.00157219
0.00073044,0.00158304
0.000735161,0.00159291
0.000739909,0.00160175
0.00074468,0.00160961
0.000749473,0.00161636
0.000754279,0.00162206
0.000759095,0.00162667
0.000763917,0.000380752
0.000455648,0.000526142
0.000455648,0.000526155
0.000455648,0.000526167
0.000455648,0.00052618
0.000455648,0.000526192
0.000455648,0.000526204
0.000455648,0.000526217
0.000455648,0.00052623
0.000455648,0.000526242
0.000455648,0.000526254
0.000455648,0.000526267
0.000455648,0.000526279
0.000455648,0.000526291
0.000455648,0.000526303
0.000455648,0.000526316
0.000455648,0.000526328
0.000455648,0.00052634
0.000455648,0.000526352
0.000455648,0.000526365
0.000455648,0.000526376
0.000455648,0.000526389
0.000455648,0.000526401
0.000455648,0.000526413
0.000455648,0.000526425
0.000455648,0.000526437
0.000455648,0.000526449
0.000455648,0.000526461
0.000455648,0.000526473
0.000455648,0.000526485
0.000455648,0.000526497
0.000455648,0.000526509
0.000455648,0.000526521
0.000455648,0.000526533
0.000455648,0.000526544
0.000455648,0.000526557
0.000455648,0.000526568
0.000455648,0.00052658
0.000455648,0.000526593
0.000455648,0.000526603
0.000455648,0.000526615
0.000455648,0.000526628
0.000455648,0.000526638
0.000455648,0.00052665
0.000455648,0.000526662
0.000455648,0.000526674
0.000455648,0.000526686
0.000455648,0.000526696
0.000455648,0.000526708
0.000455648,0.000526721
0.000455648,0.000526732
0.000455648,0.000526743
0.000455648,0.000526755
0.000455648,0.000526765
0.000455648,0.000526778
0.000455648,0.000526789
0.000455648,0.000526801
0.000455648,0.000526812
0.000455648,0.000526823
0.000455648,0.000526833
0.000455648,0.000526848
0.000455648,0.000526856
0.000455648,0.000526867
0.000455648,0.00052688
0.000455648,0.00052689
0.000455648,0.000526901
0.000455648,0.000526914
0.000455648,0.000526924
0.000455648,0.000526935
0.000455648,0.000526946
0.000455648,0.000526958
0.000455648,0.000526969
0.000455648,0.00052698
0.000455648,0.000526989
0.000455648,0.000527003
0.000455648,0.000527012
0.000455648,0.000527023
0.000455648,0.000527035
0.000455648,0.000527046
0.000455648,0.000527057
0.000455648,0.000527067
0.000455648,0.000527076
0.000455648,0.000527091
0.000455648,0.0005271
0.000455648,0.00052711
0.000455648,0.000527121
0.00045379,0.00053366
0.000450074,0.000531813
0.000446357,0.000529965
0.00044264,0.00052812
0.000438923,0.00052627
0.000435205,0.000524423
0.000431489,0.000522573
0.000427772,0.000520728
0.000424054,0.00051888
0.000420335,0.000517031
0.000416618,0.000515184
0.000412899,0.000513334
0.000409182,0.000511487
0.000405464,0.000509638
0.000401746,0.000507789
0.000398027,0.00050594
0.000394309,0.000504093
0.00039059,0.000502245
0.000386871,0.000500396
0.000383153,0.000498544
0.000379433,0.0004967
0.000375715,0.000494847
0.000371996,0.000493
0.000368276,0.00049115
0.000364556,0.000489301
0.000360835,0.000487452
0.000357115,0.000485602
0.000353395,0.00048375
0.000349676,0.000481905
0.000345956,0.000480053
0.000342236,0.000478203
0.000338516,0.000476354
0.000334795,0.000474502
0.000331074,0.000472655
0.000327353,0.000470803
0.000323632,0.000468953
0.000319911,0.000467103
0.00031619,0.00046525
0.000312468,0.000463404
0.000308747,0.000461551
0.000305025,0.000459701
0.000301304,0.000457851
0.000297582,0.000455997
0.00029386,0.000454147
0.000290137,0.000452297
0.000286415,0.000450447
0.000282693,0.000448593
0.000278971,0.000446743
0.000275248,0.000444893
0.000271525,0.000443042
0.000267802,0.000441188
0.00026408,0.000439338
0.000260357,0.000437487
0.000256633,0.000435633
0.00025291,0.000433782
0.000249187,0.000431932
0.000245463,0.000430077
0.00024174,0.000428227
0.000238801,0.00043203
0.000236647,0.000430961
0.000234494,0.000429895
0.000232341,0.000428829
0.000230187,0.00042776
0.000228033,0.000426694
0.000225879,0.000425629
0.000223725,0.000424559
0.000221571,0.000423493
0.000219416,0.000422424
0.000217263,0.000421357
0.000215109,0.000420292
0.000212954,0.000419222
0.0002108,0.000418153
0.000208645,0.000417089
0.000206491,0.00041602
0.000204336,0.000414951
0.000202181,0.000413884
0.000201889,0.000401529
0.00020346,0.000402322
0.000205032,0.000403115
0.000206603,0.000403911
0.000208175,0.000404708
0.000209746,0.0004055
0.000211317,0.000406297
0.000212889,0.00040709
0.00021446,0.000407886
0.000216032,0.000408679
0.000217604,0.000409476
0.000219175,0.000410269
0.000220747,0.000411065
0.000222318,0.000411858
0.00022389,0.000412651
0.000225462,0.000413448
0.000227034,0.000414245
0.000228606,0.000415038
0.000230177,0.000415831
0.00023175,0.000416627
0.000233322,0.000417421
0.000234894,0.000418218
0.000235679,0.000418097
0.000235679,0.000418108
0.000235679,0.000418115
0.000235679,0.000418122
0.000235679,0.000418133
0.000235679,0.00041814
0.000235679,0.000418147
0.000235679,0.000418158
0.000235679,0.000418165
0.000235679,0.000418176
0.000235679,0.000418183
0.000235679,0.00041819
0.000235679,0.000418201
0.000235679,0.000418208
0.000235679,0.000418215
0.000235679,0.000418226
0.000235679,0.000418233
0.000235679,0.00041824
0.000235679,0.000418247
0.000235679,0.000418261
0.000235679,0.000418261
0.000235679,0.000418276
0.000235679,0.000418283
0.000235679,0.00041829
0.000235679,0.000418297
0.000235679,0.000418304
0.000235679,0.000418319
0.000235679,0.000418319
0.000235679,0.000418333
0.000235679,0.00041834
0.000235679,0.000418347
0.000235679,0.000418354
0.000235679,0.000418362
0.000235679,0.000418369
0.000235679,0.000418376
0.000235679,0.00041839
0.000235679,0.00041839
0.000235679,0.000418404
0.000235679,0.000418404
0.000235679,0.000418419
0.000235679,0.000418426
0.000235679,0.000418433
0.000235679,0.00041844
0.000235679,0.000418447
0.000235679,0.000418462
0.000235679,0.000418462
0.000235679,0.000418469
0.000235679,0.000418483
0.000235679,0.000418483
0.000235679,0.000418497
0.000235679,0.000418497
0.000235679,0.000418512
0.000235679,0.000418519
0.000235679,0.000418519
0.000235679,0.000418533
0.000235679,0.00041854
0.000235679,0.000418548
0.000235679,0.000418555
0.000235679,0.000418562
0.000235679,0.000418569
0.000235679,0.000418576
0.000235679,0.000418583
0.000235679,0.00041859
0.000235679,0.000418598
0.000235679,0.000418605
0.000235679,0.000418612
0.000235679,0.000418619
0.000235679,0.000418626
0.000235679,0.000418633
0.000235679,0.000418641
0.000235679,0.000418655
0.000235679,0.000418655
0.000235679,0.000418655
0.000235679,0.000418676
0.000235679,0.000418676
0.000235679,0.000418683
0.000235679,0.000418691
0.000235679,0.000418698
0.000235679,0.000418705
0.000235679,0.000418712
0.000235679,0.000418719
0.000235679,0.000418726
0.000235679,0.000418734
0.000235679,0.000418734
0.000235679,0.000418741
0.000235679,0.000418755
0.000235679,0.000418762
0.000235679,0.000418762
0.000235679,0.000418776
0.000235679,0.000418784
0.000235679,0.000418784
0.000235679,0.000418791
0.000235679,0.000418798
0.000235679,0.000418805
0.000235679,0.000418819
0.000235679,0.000418812
0.000235679,0.000418834
0.000235679,0.000418826
0.000235679,0.000418841
0.000235679,0.000418848
0.000235679,0.000418848
0.000235679,0.000418855
0.000235679,0.000418869
0.000235679,0.000418869
0.000235679,0.000418884
0.000235679,0.000418877
0.000235679,0.000418891
0.000235679,0.000418898
0.000235679,0.000418905
0.000235679,0.000418905
0.000236262,0.000419563
0.000237427,0.000420146
0.000238592,0.000420735
0.000239757,0.000421325
0.000240922,0.000421915
0.000242087,0.000422504
0.000243252,0.000423094
0.000244418,0.000423677
0.000245583,0.000424267
0.000246747,0.000424856
0.000247912,0.000425446
0.000249078,0.000426036
0.000250243,0.000426625
0.000251408,0.000427215
0.000252573,0.000427791
0.000253738,0.000428395
0.000254904,0.00042897
0.000256069,0.000429567
0.000257234,0.000430156
0.0002584,0.000430747
0.000259565,0.000431322
0.00026073,0.000431926
0.000261895,0.000432509
0.000263061,0.000433092
0.000264226,0.000433689
0.000265392,0.000434271
0.000266557,0.000434861
0.000267723,0.000435451
0.000268888,0.000436034
0.000270054,0.000436631
0.000271219,0.000437214
0.000272385,0.000437804
0.00027355,0.000438394
0.000274716,0.000438977
0.000275881,0.000439566
0.000277047,0.000440164
0.000278213,0.000440739
0.000279378,0.000441336
0.000280545,0.000441927
0.000281711,0.000442502
0.000282876,0.0004431
0.000284041,0.000443689
0.000285207,0.000444272
0.000286373,0.000444862
0.000287539,0.000445453
0.000288705,0.000446043
0.000289871,0.000446618
0.000291037,0.000447223
0.000292203,0.000447806
0.000293369,0.000448389
0.000294535,0.000448979
0.000295701,0.000449569
0.000296867,0.000450152
0.000298033,0.000450749
0.000299199,0.000451332
0.000300365,0.000451916
0.000301531,0.000452513
0.000302697,0.000453103
0.000303863,0.000453679
0.000305029,0.000454276
0.000306196,0.00045486
0.000307361,0.00045545
0.000308527,0.000456033
0.000309694,0.00045663
0.00031086,0.000457206
0.000312027,0.000457804
0.000313193,0.000458394
0.000314359,0.00045897
0.000315526,0.00045956
0.000316692,0.000460158
0.000317858,0.000460741
0.000319025,0.000461331
0.000320191,0.000461907
0.000321357,0.000462512
0.000322524,0.000463095
0.00032369,0.000463671
0.000324857,0.000464269
0.000326023,0.00046486
0.000327189,0.000465435
0.000328356,0.000466033
0.000329523,0.000466623
0.00033069,0.000467207
0.000331856,0.000467797
0.000333023,0.000468373
0.000334189,0.000468971
0.000335356,0.000469561
0.000336522,0.000470145
0.000337689,0.000470728
0.000338856,0.000471326
0.000340022,0.000471902
0.000341189,0.000472499
0.000342356,0.000473083
0.000343522,0.000473673
0.000344689,0.000474256
0.000345856,0.000474847
0.000347022,0.00047543
0.00034819,0.000476021
0.000349356,0.000476612
0.000350523,0.000477195
0.00035169,0.000477779
0.000352857,0.000478369
0.000354024,0.000478967
0.000355191,0.000479544
0.000356357,0.000480134
0.000357524,0.000480717
0.000358692,0.000481315
0.000359859,0.000481892
0.000361026,0.000482489
0.000362192,0.000483073
0.000363359,0.000483642
0.000364527,0.000484254
0.000365693,0.000484823
0.00036686,0.000485421
0.000368028,0.000486019
0.000369195,0.000486588
0.000370362,0.000487186
0.000371529,0.00048777
0.000372696,0.000488353
0.000373863,0.000488937
0.00037503,0.000489534
0.000376197,0.000490118
0.000377364,0.000490702
0.000378532,0.0004913
0.000379699,0.000491869
0.000380866,0.000492467
0.000382033,0.00049305
0.000383201,0.000493649
0.000384368,0.000494218
0.000385535,0.000494815
0.000386703,0.0004954
0.00038787,0.000495997
0.000389037,0.000496581
0.000390204,0.000497165
0.000391371,0.000497748
0.000392539,0.000498332
0.000393706,0.000498916
0.000394873,0.000499514
0.000396041,0.000500097
0.000397209,0.000500696
0.000398376,0.000501265
0.000399543,0.000501862
0.00040071,0.000502432
0.000401878,0.000503044
0.000403046,0.000503614
0.000404213,0.000504198
0.000405381,0.000504796
0.000406548,0.000505379
0.000407716,0.000505978
0.000408883,0.000506547
0.00041005,0.00050713
0.000411218,0.000507729
0.000412386,0.000508313
0.000413553,0.000508911
0.000414721,0.00050948
0.000415889,0.000510079
0.000417056,0.000510662
0.000418223,0.000511232
0.000419391,0.000511844
0.000420558,0.000512413
0.000421726,0.000513011
0.000422894,0.000513595
0.000424062,0.000514165
0.000425229,0.000514777
0.000426397,0.000515347
0.000427565,0.000515931
0.000428732,0.000516529
0.0004299,0.000517113
0.000431068,0.000517697
0.000432236,0.00051828
0.000433404,0.000518879
0.000434571,0.000519449
0.000435739,0.000520046
0.000436907,0.000520631
0.000438075,0.000521214
0.000439243,0.000521799
0.00044041,0.000522396
0.000441578,0.000522966
0.000442746,0.000523564
0.000443914,0.000524148
0.000445082,0.000524732
0.000446249,0.00052533
0.000447417,0.0005259
0.000448584,0.000526498
0.000449752,0.000527067
0.000450921,0.000527666
0.000452089,0.00052825
0.000453257,0.000528834
0.000454424,0.000529433
0.000455592,0.000530001
0.00045676,0.0005306
0.000457927,0.000531169
0.000459096,0.000531782
0.000460264,0.000532352
0.000461432,0.000532936
0.0004626,0.00053352
0.000463767,0.000534118
0.000464936,0.000534688
0.000466104,0.000535287
0.00046727,0.00053587
0.000468438,0.000536453
0.000469607,0.000537037
0.000470777,0.000537623
0.000471945,0.000538221
0.000473112,0.000538791
0.000474281,0.000539389
0.000475448,0.000539973
0.000476616,0.000540542
0.000477785,0.000541141
0.000478953,0.000541739
0.00048012,0.00054231
0.000481287,0.000542892
0.000482456,0.000543491
0.000483625,0.000544061
0.000484792,0.000544645
0.000485961,0.000545257
0.000487128,0.000545813
0.000488295,0.000546411
0.000489464,0.000546995
0.000490632,0.000547579
0.000491801,0.000548177
0.000492969,0.000548748
0.000494137,0.000549346
0.000495306,0.000549916
0.000496474,0.000550515
0.000497642,0.000551098
0.00049881,0.000551682
0.000499977,0.000552252
0.000501146,0.000552864
0.000502313,0.00055342
0.000503481,0.000554032
0.00050465,0.000554602
0.000505818,0.000555186
0.000506988,0.000555785
0.000508156,0.000556356
0.000509325,0.000556954
0.000510492,0.000557538
0.00051166,0.000558107
0.000512829,0.000558706
0.000513995,0.00055929
0.000515164,0.000559873
0.000516332,0.000560458
0.0005175,0.000561041
0.000518669,0.000561626
0.000519838,0.000562211
0.000521006,0.000562795
0.000522174,0.000563393
0.000523343,0.000563963
0.00052451,0.000564547
0.000525677,0.000565145
0.000526846,0.000565714
0.000528015,0.000566314
0.000529184,0.000566898
0.000530352,0.000567468
0.00053152,0.000568066
0.000532687,0.00056865
0.000533855,0.000569233
0.000535026,0.000569818
0.000536193,0.000570403
0.000537361,0.000570972
0.000538529,0.000571571
0.000539697,0.000572169
0.000540866,0.000572724
0.000542034,0.000573323
0.000543203,0.000573921
0.000544371,0.000574478
0.000545539,0.00057509
0.000546707,0.000575659
0.000547875,0.000576258
0.000549044,0.000576814
0.000550211,0.000577426
0.000551379,0.000577996
0.000552548,0.00057858
0.000553717,0.000579179
0.000554885,0.000579748
0.000556053,0.000580347
0.000557222,0.000580917
0.00055839,0.000581501
0.000559559,0.000582099
0.000560727,0.00058267
0.000561895,0.000583254
0.000563064,0.000583852
0.000564232,0.000584422
0.000565401,0.000585006
0.000566568,0.000585591
0.000567757,0.000597413
0.000568992,0.000609631
0.000570272,0.000622201
0.000571598,0.000635152
0.000572972,0.000648485
0.000574396,0.000662216
0.000575871,0.00067633
0.000577398,0.000690829
0.00057898,0.000705741
0.000580618,0.000721024
0.000582311,0.000736724
0.000584062,0.000752823
0.000585873,0.000769282
0.000587744,0.000786172
0.000589677,0.000803408
0.000591675,0.000821063
0.000593738,0.00083908
0.000595868,0.000857461
0.000598065,0.000876203
0.000600329,0.000895282
0.000602664,0.000914723
0.00060507,0.000934445
0.000607549,0.000954516
0.000610102,0.000974842
0.000612727,0.000995446
0.000615427,0.00101629
0.000618204,0.00103738
0.000621057,0.00105865
0.000623986,0.0010801
0.000626992,0.00110169
0.000630078,0.00112339
0.000633241,0.00114517
0.000636482,0.001167
0.000639801,0.00118885
0.000643197,0.00121064
0.000646673,0.00123239
0.000650224,0.00125403
0.000653852,0.00127551
0.000657555,0.00129678
0.000661333,0.00131783
0.000665184,0.00133856
0.000669107,0.001359
0.0006731,0.00137902
0.000677163,0.00139863
0.000681292,0.00141775
0.000685487,0.00143635
0.000689744,0.00145436
0.000694062,0.00147177
0.000698436,0.00148848
0.000702866,0.0015045
0.000707347,0.00151975
0.000711878,0.00153418
0.000716453,0.0015478
0.000721068,0.00156052
0.000725724,0.00157233
0.000730416,0.00158318
0.000735136,0.00159305
0.000739886,0.00160189
0.000744657,0.00160975
0.000749447,0.0016165
0.000754252,0.0016222
0.000759068,0.00162681
0.00076389,0.000380739
0.000455618,0.000526127
0.000455618,0.000526139
0.000455618,0.000526152
0.000455618,0.000526165
0.000455618,0.000526177
0.000455618,0.000526189
0.000455618,0.000526202
0.000455618,0.000526214
0.000455618,0.000526227
0.000455618,0.000526239
0.000455618,0.000526251
0.000455618,0.000526264
0.000455618,0.000526276
0.000455618,0.000526288
0.000455618,0.0005263
0.000455618,0.000526313
0.000455618,0.000526325
0.000455618,0.000526337
0.000455618,0.00052635
0.000455618,0.000526361
0.000455618,0.000526374
0.000455618,0.000526386
0.000455618,0.000526398
0.000455618,0.00052641
0.000455618,0.000526422
0.000455618,0.000526434
0.000455618,0.000526446
0.000455618,0.000526458
0.000455618,0.00052647
0.000455618,0.000526482
0.000455618,0.000526493
0.000455618,0.000526506
0.000455618,0.000526518
0.000455618,0.000526529
0.000455618,0.000526542
0.000455618,0.000526552
0.000455618,0.000526565
0.000455618,0.000526578
0.000455618,0.000526588
0.000455618,0.0005266
0.000455618,0.000526612
0.000455618,0.000526623
0.000455618,0.000526635
0.000455618,0.000526647
0.000455618,0.000526659
0.000455618,0.000526671
0.000455618,0.000526681
0.000455618,0.000526693
0.000455618,0.000526705
0.000455618,0.000526717
0.000455618,0.000526728
0.000455618,0.000526739
0.000455618,0.00052675
0.000455618,0.000526763
0.000455618,0.000526773
0.000455618,0.000526786
0.000455618,0.000526797
0.000455618,0.000526807
0.000455618,0.000526818
0.000455618,0.000526832
0.000455618,0.000526841
0.000455618,0.000526852
0.000455618,0.000526865
0.000455618,0.000526875
0.000455618,0.000526886
0.000455618,0.000526899
0.000455618,0.000526909
0.000455618,0.00052692
0.000455618,0.000526931
0.000455618,0.000526943
0.000455618,0.000526954
0.000455618,0.000526965
0.000455618,0.000526974
0.000455618,0.000526988
0.000455618,0.000526997
0.000455618,0.000527008
0.000455618,0.00052702
0.000455618,0.000527031
0.000455618,0.000527042
0.000455618,0.000527052
0.000455618,0.000527061
0.000455618,0.000527076
0.000455618,0.000527084
0.000455618,0.000527095
0.000455618,0.000527106
0.000453759,0.000534032
0.000450042,0.000532184
0.000446326,0.000530337
0.000442609,0.000528491
0.000438893,0.000526642
0.000435175,0.000524795
0.000431457,0.000522945
0.000427741,0.000521099
0.000424025,0.000519252
0.000420308,0.000517405
0.00041659,0.000515556
0.000412874,0.000513708
0.000409156,0.000511863
0.000405436,0.000510011
0.000401719,0.000508163
0.000398001,0.000506314
0.000394282,0.000504468
0.000390563,0.000502618
0.000386845,0.00050077
0.000383128,0.000498919
0.000379408,0.000497075
0.000375688,0.000495222
0.000371969,0.000493373
0.00036825,0.000491524
0.000364531,0.000489677
0.000360812,0.000487827
0.000357093,0.000485979
0.000353373,0.000484127
0.000349653,0.000482281
0.000345933,0.000480428
0.000342213,0.00047858
0.000338492,0.00047673
0.000334772,0.000474877
0.000331052,0.000473032
0.000327331,0.000471179
0.00032361,0.000469329
0.000319889,0.00046748
0.000316168,0.000465626
0.000312447,0.000463781
0.000308726,0.000461928
0.000305005,0.000460078
0.000301284,0.000458228
0.000297562,0.000456375
0.000293841,0.000454526
0.000290119,0.000452676
0.000286397,0.000450826
0.000282675,0.000448972
0.000278952,0.000447122
0.00027523,0.000445271
0.000271508,0.000443421
0.000267785,0.000441568
0.000264063,0.000439717
0.00026034,0.000437867
0.000256617,0.000436013
0.000252894,0.000434162
0.000249171,0.000432312
0.000245448,0.000430458
0.000241724,0.000428607
0.000238786,0.000432322
0.000236632,0.000431253
0.000234478,0.000430187
0.000232324,0.000429121
0.000230171,0.000428052
0.000228018,0.000426986
0.000225864,0.000425921
0.00022371,0.000424851
0.000221556,0.000423785
0.000219402,0.000422716
0.000217248,0.00042165
0.000215094,0.000420584
0.00021294,0.000419515
0.000210785,0.000418445
0.000208631,0.000417383
0.000206476,0.000416313
0.000204322,0.000415243
0.000202168,0.000414177
0.000201876,0.000401462
0.000203447,0.000402255
0.000205019,0.000403048
0.00020659,0.000403844
0.00020816,0.000404641
0.000209732,0.000405433
0.000211303,0.00040623
0.000212874,0.000407022
0.000214446,0.000407819
0.000216018,0.000408612
0.000217589,0.000409408
0.000219161,0.000410201
0.000220732,0.000410998
0.000222304,0.000411791
0.000223875,0.000412584
0.000225447,0.00041338
0.000227019,0.000414177
0.000228591,0.00041497
0.000230163,0.000415764
0.000231734,0.00041656
0.000233306,0.000417353
0.000234879,0.00041815
0.000235665,0.00041809
0.000235665,0.000418101
0.000235665,0.000418108
0.000235665,0.000418115
0.000235665,0.000418126
0.000235665,0.000418133
0.000235665,0.00041814
0.000235665,0.000418151
0.000235665,0.000418158
0.000235665,0.000418168
0.000235665,0.000418176
0.000235665,0.000418183
0.000235665,0.000418193
0.000235665,0.000418201
0.000235665,0.000418208
0.000235665,0.000418219
0.000235665,0.000418226
0.000235665,0.000418233
0.000235665,0.00041824
0.000235665,0.000418254
0.000235665,0.000418254
0.000235665,0.000418269
0.000235665,0.000418276
0.000235665,0.000418283
0.000235665,0.00041829
0.000235665,0.000418297
0.000235665,0.000418312
0.000235665,0.000418312
0.000235665,0.000418326
0.000235665,0.000418333
0.000235665,0.00041834
0.000235665,0.000418347
0.000235665,0.000418354
0.000235665,0.000418362
0.000235665,0.000418369
0.000235665,0.000418383
0.000235665,0.000418383
0.000235665,0.000418397
0.000235665,0.000418397
0.000235665,0.000418412
0.000235665,0.000418419
0.000235665,0.000418426
0.000235665,0.000418433
0.000235665,0.00041844
0.000235665,0.000418455
0.000235665,0.000418455
0.000235665,0.000418462
0.000235665,0.000418476
0.000235665,0.000418476
0.000235665,0.00041849
0.000235665,0.00041849
0.000235665,0.000418505
0.000235665,0.000418512
0.000235665,0.000418512
0.000235665,0.000418526
0.000235665,0.000418533
0.000235665,0.00041854
0.000235665,0.000418548
0.000235665,0.000418555
0.000235665,0.000418562
0.000235665,0.000418569
0.000235665,0.000418576
0.000235665,0.000418583
0.000235665,0.00041859
0.000235665,0.000418598
0.000235665,0.000418605
0.000235665,0.000418612
0.000235665,0.000418619
0.000235665,0.000418626
0.000235665,0.000418633
0.000235665,0.000418648
0.000235665,0.000418648
0.000235665,0.000418648
0.000235665,0.000418669
0.000235665,0.000418669
0.000235665,0.000418676
0.000235665,0.000418683
0.000235665,0.000418691
0.000235665,0.000418698
0.000235665,0.000418705
0.000235665,0.000418712
0.000235665,0.000418719
0.000235665,0.000418726
0.000235665,0.000418726
0.000235665,0.000418734
0.000235665,0.000418748
0.000235665,0.000418755
0.000235665,0.000418755
0.000235665,0.000418769
0.000235665,0.000418776
0.000235665,0.000418776
0.000235665,0.000418784
0.000235665,0.000418791
0.000235665,0.000418798
0.000235665,0.000418812
0.000235665,0.000418805
0.000235665,0.000418826
0.000235665,0.000418819
0.000235665,0.000418834
0.000235665,0.000418841
0.000235665,0.000418841
0.000235665,0.000418848
0.000235665,0.000418862
0.000235665,0.000418862
0.000235665,0.000418877
0.000235665,0.000418869
0.000235665,0.000418884
0.000235665,0.000418891
0.000235665,0.000418898
0.000235665,0.000418898
0.000236247,0.000419595
0.000237412,0.000420177
0.000238577,0.000420766
0.000239741,0.000421356
0.000240906,0.000421945
0.000242072,0.000422535
0.000243236,0.000423125
0.000244401,0.000423707
0.000245566,0.000424297
0.000246731,0.000424886
0.000247896,0.000425476
0.000249061,0.000426066
0.000250226,0.000426655
0.000251391,0.000427245
0.000252556,0.00042782
0.000253721,0.000428425
0.000254886,0.000429
0.000256052,0.000429597
0.000257217,0.000430187
0.000258382,0.000430777
0.000259548,0.000431352
0.000260713,0.000431956
0.000261878,0.000432539
0.000263044,0.000433122
0.000264209,0.000433719
0.000265374,0.000434301
0.00026654,0.000434891
0.000267705,0.000435481
0.00026887,0.000436064
0.000270035,0.000436661
0.000271201,0.000437243
0.000272367,0.000437834
0.000273533,0.000438423
0.000274698,0.000439006
0.000275864,0.000439596
0.000277029,0.000440193
0.000278195,0.000440769
0.000279361,0.000441366
0.000280526,0.000441956
0.000281691,0.000442532
0.000282857,0.000443129
0.000284023,0.000443719
0.000285189,0.000444302
0.000286354,0.000444892
0.00028752,0.000445482
0.000288686,0.000446072
0.000289852,0.000446648
0.000291017,0.000447252
0.000292183,0.000447835
0.000293349,0.000448417
0.000294515,0.000449008
0.000295681,0.000449598
0.000296847,0.000450181
0.000298013,0.000450778
0.000299179,0.000451361
0.000300345,0.000451944
0.000301511,0.000452541
0.000302677,0.000453132
0.000303843,0.000453708
0.000305009,0.000454305
0.000306175,0.000454888
0.000307341,0.000455478
0.000308508,0.000456061
0.000309674,0.000456659
0.00031084,0.000457235
0.000312006,0.000457832
0.000313172,0.000458422
0.000314339,0.000458999
0.000315505,0.000459589
0.000316671,0.000460186
0.000317837,0.000460769
0.000319004,0.000461359
0.00032017,0.000461936
0.000321336,0.00046254
0.000322503,0.000463123
0.000323669,0.000463699
0.000324835,0.000464297
0.000326001,0.000464887
0.000327168,0.000465463
0.000328335,0.000466061
0.000329501,0.000466651
0.000330667,0.000467234
0.000331834,0.000467825
0.000333,0.000468401
0.000334167,0.000468998
0.000335333,0.000469589
0.0003365,0.000470172
0.000337667,0.000470756
0.000338833,0.000471353
0.00034,0.000471929
0.000341166,0.000472527
0.000342333,0.00047311
0.0003435,0.000473701
0.000344667,0.000474284
0.000345833,0.000474874
0.000347001,0.000475458
0.000348167,0.000476049
0.000349333,0.000476639
0.0003505,0.000477222
0.000351667,0.000477806
0.000352833,0.000478396
0.000354,0.000478994
0.000355167,0.00047957
0.000356334,0.000480161
0.000357501,0.000480744
0.000358667,0.000481342
0.000359834,0.000481918
0.000361002,0.000482516
0.000362169,0.000483099
0.000363336,0.000483669
0.000364502,0.000484281
0.00036567,0.00048485
0.000366836,0.000485448
0.000368003,0.000486045
0.00036917,0.000486615
0.000370337,0.000487212
0.000371504,0.000487796
0.000372671,0.000488379
0.000373839,0.000488963
0.000375005,0.000489561
0.000376173,0.000490144
0.00037734,0.000490728
0.000378507,0.000491326
0.000379673,0.000491895
0.000380841,0.000492493
0.000382008,0.000493077
0.000383175,0.000493674
0.000384343,0.000494244
0.00038551,0.000494842
0.000386677,0.000495425
0.000387844,0.000496023
0.000389012,0.000496607
0.000390179,0.000497191
0.000391346,0.000497774
0.000392513,0.000498358
0.00039368,0.000498941
0.000394848,0.000499539
0.000396015,0.000500123
0.000397182,0.000500721
0.000398349,0.00050129
0.000399517,0.000501888
0.000400684,0.000502458
0.000401851,0.00050307
0.000403019,0.000503639
0.000404186,0.000504223
0.000405353,0.000504821
0.000406521,0.000505405
0.000407689,0.000506003
0.000408856,0.000506572
0.000410024,0.000507156
0.000411191,0.000507754
0.000412358,0.000508338
0.000413526,0.000508936
0.000414693,0.000509505
0.00041586,0.000510103
0.000417029,0.000510687
0.000418197,0.000511257
0.000419364,0.000511869
0.000420531,0.000512438
0.000421699,0.000513037
0.000422866,0.00051362
0.000424034,0.00051419
0.000425201,0.000514802
0.000426369,0.000515371
0.000427537,0.000515956
0.000428705,0.000516554
0.000429872,0.000517138
0.000431039,0.000517721
0.000432208,0.000518305
0.000433374,0.000518903
0.000434542,0.000519472
0.00043571,0.000520071
0.000436878,0.000520654
0.000438046,0.000521239
0.000439214,0.000521823
0.000440381,0.000522421
0.000441548,0.000522989
0.000442716,0.000523588
0.000443883,0.000524172
0.000445052,0.000524756
0.00044622,0.000525355
0.000447388,0.000525924
0.000448556,0.000526522
0.000449723,0.000527092
0.00045089,0.00052769
0.000452058,0.000528273
0.000453226,0.000528858
0.000454395,0.000529456
0.000455562,0.000530026
0.000456729,0.000530623
0.000457898,0.000531193
0.000459066,0.000531806
0.000460234,0.000532376
0.000461402,0.00053296
0.000462569,0.000533543
0.000463738,0.000534142
0.000464906,0.000534712
0.000466073,0.000535309
0.000467243,0.000535894
0.00046841,0.000536479
0.000469576,0.000537062
0.000470744,0.000537645
0.000471912,0.000538244
0.000473081,0.000538813
0.000474249,0.000539412
0.000475416,0.000539995
0.000476584,0.000540566
0.000477751,0.000541163
0.00047892,0.000541762
0.000480089,0.000542331
0.000481258,0.000542917
0.000482425,0.000543514
0.000483592,0.000544084
0.00048476,0.000544668
0.000485928,0.00054528
0.000487097,0.000545835
0.000488266,0.000546435
0.000489432,0.000547018
0.000490599,0.000547601
0.000491768,0.0005482
0.000492936,0.00054877
0.000494105,0.000549369
0.000495273,0.000549938
0.00049644,0.000550536
0.000497608,0.00055112
0.000498776,0.000551704
0.000499944,0.000552273
0.000501113,0.000552887
0.000502281,0.000553442
0.000503449,0.000554055
0.000504616,0.000554624
0.000505784,0.000555209
0.000506952,0.000555806
0.000508121,0.000556376
0.00050929,0.000556975
0.000510458,0.000557559
0.000511627,0.00055813
0.000512795,0.000558728
0.000513963,0.000559312
0.000515131,0.000559896
0.000516298,0.000560479
0.000517467,0.000561064
0.000518635,0.000561648
0.000519803,0.000562232
0.000520972,0.000562816
0.000522138,0.000563414
0.000523306,0.000563983
0.000524476,0.000564568
0.000525645,0.000565167
0.000526813,0.000565737
0.000527979,0.000566335
0.000529148,0.000566918
0.000530317,0.000567489
0.000531484,0.000568087
0.000532654,0.000568671
0.000533822,0.000569256
0.000534989,0.000569839
0.000536157,0.000570423
0.000537326,0.000570994
0.000538494,0.000571592
0.000539662,0.00057219
0.000540831,0.000572746
0.000541998,0.000573344
0.000543167,0.000573942
0.000544335,0.000574498
0.000545502,0.00057511
0.000546671,0.00057568
0.000547839,0.000576278
0.000549007,0.000576834
0.000550176,0.000577447
0.000551344,0.000578016
0.000552513,0.000578601
0.000553681,0.000579199
0.00055485,0.00057977
0.000556017,0.000580368
0.000557186,0.000580937
0.000558354,0.000581522
0.00055952,0.000582119
0.000560689,0.000582689
0.000561858,0.000583274
0.000563026,0.000583873
0.000564194,0.000584441
0.000565361,0.000585026
0.00056653,0.000585609
0.000567721,0.000597435
0.000568955,0.000609654
0.000570235,0.000622226
0.000571561,0.000635179
0.000572935,0.000648513
0.000574359,0.000662246
0.000575835,0.000676361
0.000577362,0.000690862
0.000578943,0.000705776
0.000580578,0.000721061
0.000582271,0.00073676
0.000584022,0.000752862
0.000585833,0.000769323
0.000587705,0.000786215
0.00058964,0.000803455
0.000591638,0.000821112
0.0005937,0.000839132
0.000595827,0.000857512
0.000598023,0.000876257
0.000600289,0.000895337
0.000602625,0.000914783
0.000605031,0.000934506
0.000607509,0.000954581
0.000610059,0.000974906
0.000612685,0.000995513
0.000615386,0.00101636
0.000618162,0.00103746
0.000621015,0.00105872
0.000623944,0.00108018
0.000626952,0.00110177
0.000630036,0.00112348
0.000633198,0.00114525
0.00063644,0.00116709
0.000639759,0.00118894
0.000643156,0.00121074
0.00064663,0.00123248
0.000650181,0.00125413
0.000653809,0.00127561
0.000657511,0.00129688
0.000661289,0.00131793
0.00066514,0.00133867
0.000669065,0.00135911
0.000673057,0.00137914
0.000677119,0.00139874
0.00068125,0.00141787
0.000685444,0.00143647
0.000689699,0.00145448
0.000694015,0.00147189
0.00069839,0.0014886
0.000702819,0.00150463
0.0007073,0.00151987
0.00071183,0.00153431
0.000716405,0.00154793
0.000721022,0.00156065
0.000725679,0.00157246
0.000730368,0.00158332
0.000735088,0.00159318
0.000739836,0.00160203
0.000744609,0.00160989
0.000749398,0.00161664
0.000754202,0.00162233
0.000759019,0.00162695
0.00076384,0.000380715
0.000455571,0.000526104
0.000455571,0.000526116
0.000455571,0.000526129
0.000455571,0.000526141
0.000455571,0.000526154
0.000455571,0.000526166
0.000455571,0.000526179
0.000455571,0.000526191
0.000455571,0.000526203
0.000455571,0.000526216
0.000455571,0.000526228
0.000455571,0.00052624
0.000455571,0.000526253
0.000455571,0.000526265
0.000455571,0.000526277
0.000455571,0.00052629
0.000455571,0.000526302
0.000455571,0.000526314
0.000455571,0.000526326
0.000455571,0.000526338
0.000455571,0.00052635
0.000455571,0.000526363
0.000455571,0.000526375
0.000455571,0.000526387
0.000455571,0.000526399
0.000455571,0.000526411
0.000455571,0.000526423
0.000455571,0.000526434
0.000455571,0.000526447
0.000455571,0.000526459
0.000455571,0.00052647
0.000455571,0.000526483
0.000455571,0.000526494
0.000455571,0.000526506
0.000455571,0.000526519
0.000455571,0.000526529
0.000455571,0.000526542
0.000455571,0.000526554
0.000455571,0.000526565
0.000455571,0.000526577
0.000455571,0.000526589
0.000455571,0.0005266
0.000455571,0.000526612
0.000455571,0.000526624
0.000455571,0.000526636
0.000455571,0.000526647
0.000455571,0.000526658
0.000455571,0.00052667
0.000455571,0.000526682
0.000455571,0.000526694
0.000455571,0.000526704
0.000455571,0.000526716
0.000455571,0.000526727
0.000455571,0.000526739
0.000455571,0.00052675
0.000455571,0.000526763
0.000455571,0.000526773
0.000455571,0.000526784
0.000455571,0.000526795
0.000455571,0.000526809
0.000455571,0.000526818
0.000455571,0.000526829
0.000455571,0.000526841
0.000455571,0.000526852
0.000455571,0.000526863
0.000455571,0.000526875
0.000455571,0.000526886
0.000455571,0.000526897
0.000455571,0.000526907
0.000455571,0.00052692
0.000455571,0.000526931
0.000455571,0.000526941
0.000455571,0.00052695
0.000455571,0.000526965
0.000455571,0.000526974
0.000455571,0.000526984
0.000455571,0.000526997
0.000455571,0.000527008
0.000455571,0.000527018
0.000455571,0.000527029
0.000455571,0.000527038
0.000455571,0.000527052
0.000455571,0.000527061
0.000455571,0.000527072
0.000455571,0.000527083
0.000453714,0.000534406
0.000449999,0.000532561
0.000446282,0.000530713
0.000442566,0.000528868
0.00043885,0.000527019
0.000435134,0.000525171
0.000431418,0.000523324
0.000427701,0.000521477
0.000423983,0.00051963
0.000420266,0.000517782
0.00041655,0.000515935
0.000412831,0.000514086
0.000409114,0.000512238
0.000405397,0.00051039
0.00040168,0.000508542
0.000397961,0.000506693
0.000394244,0.000504845
0.000390526,0.000502999
0.000386808,0.00050115
0.000383088,0.000499299
0.000379371,0.000497452
0.000375653,0.000495603
0.000371934,0.000493753
0.000368215,0.000491906
0.000364495,0.000490056
0.000360777,0.000488208
0.000357057,0.00048636
0.000353338,0.000484507
0.000349619,0.000482662
0.000345899,0.00048081
0.000342178,0.000478961
0.000338459,0.000477112
0.000334739,0.00047526
0.000331019,0.000473413
0.0003273,0.000471561
0.00032358,0.000469714
0.000319859,0.000467863
0.000316138,0.000466011
0.000312417,0.000464164
0.000308696,0.000462312
0.000304975,0.000460462
0.000301254,0.000458612
0.000297533,0.000456759
0.000293811,0.000454909
0.00029009,0.000453059
0.000286368,0.00045121
0.000282646,0.000449356
0.000278925,0.000447506
0.000275203,0.000445657
0.000271481,0.000443807
0.000267758,0.000441953
0.000264036,0.000440103
0.000260314,0.000438252
0.000256592,0.000436399
0.000252869,0.000434548
0.000249146,0.000432698
0.000245423,0.000430844
0.0002417,0.000428993
0.000238762,0.000432613
0.000236609,0.000431544
0.000234456,0.000430479
0.000232303,0.000429413
0.000230149,0.000428344
0.000227995,0.000427279
0.000225842,0.000426213
0.000223688,0.000425143
0.000221534,0.000424078
0.000219381,0.000423008
0.000217227,0.000421943
0.000215072,0.000420877
0.000212919,0.000419807
0.000210765,0.000418738
0.000208611,0.000417676
0.000206457,0.000416606
0.000204303,0.000415537
0.000202149,0.000414471
0.000201857,0.000401395
0.000203428,0.000402188
0.000204998,0.00040298
0.000206569,0.000403776
0.000208141,0.000404573
0.000209711,0.000405365
0.000211282,0.000406161
0.000212853,0.000406954
0.000214425,0.00040775
0.000215996,0.000408543
0.000217567,0.000409339
0.000219139,0.000410133
0.00022071,0.000410929
0.000222282,0.000411722
0.000223854,0.000412515
0.000225425,0.000413311
0.000226997,0.000414108
0.000228568,0.000414901
0.00023014,0.000415694
0.000231712,0.00041649
0.000233283,0.000417284
0.000234855,0.00041808
0.000235641,0.000418078
0.000235641,0.000418088
0.000235641,0.000418096
0.000235641,0.000418103
0.000235641,0.000418113
0.000235641,0.000418121
0.000235641,0.000418128
0.000235641,0.000418139
0.000235641,0.000418146
0.000235641,0.000418156
0.000235641,0.000418164
0.000235641,0.000418171
0.000235641,0.000418181
0.000235641,0.000418189
0.000235641,0.000418196
0.000235641,0.000418206
0.000235641,0.000418214
0.000235641,0.000418221
0.000235641,0.000418228
0.000235641,0.000418242
0.000235641,0.000418242
0.000235641,0.000418257
0.000235641,0.000418264
0.000235641,0.000418271
0.000235641,0.000418278
0.000235641,0.000418285
0.000235641,0.000418299
0.000235641,0.000418299
0.000235641,0.000418314
0.000235641,0.000418321
0.000235641,0.000418328
0.000235641,0.000418335
0.000235641,0.000418342
0.000235641,0.00041835
0.000235641,0.000418357
0.000235641,0.000418371
0.000235641,0.000418371
0.000235641,0.000418385
0.000235641,0.000418385
0.000235641,0.0004184
0.000235641,0.000418407
0.000235641,0.000418414
0.000235641,0.000418421
0.000235641,0.000418428
0.000235641,0.000418442
0.000235641,0.000418442
0.000235641,0.00041845
0.000235641,0.000418464
0.000235641,0.000418464
0.000235641,0.000418478
0.000235641,0.000418478
0.000235641,0.000418493
0.000235641,0.0004185
0.000235641,0.0004185
0.000235641,0.000418514
0.000235641,0.000418521
0.000235641,0.000418528
0.000235641,0.000418535
0.000235641,0.000418543
0.000235641,0.00041855
0.000235641,0.000418557
0.000235641,0.000418564
0.000235641,0.000418571
0.000235641,0.000418578
0.000235641,0.000418586
0.000235641,0.000418593
0.000235641,0.0004186
0.000235641,0.000418607
0.000235641,0.000418614
0.000235641,0.000418621
0.000235641,0.000418636
0.000235641,0.000418636
0.000235641,0.000418636
0.000235641,0.000418657
0.000235641,0.000418657
0.000235641,0.000418664
0.000235641,0.000418671
0.000235641,0.000418679
0.000235641,0.000418686
0.000235641,0.000418693
0.000235641,0.0004187
0.000235641,0.000418707
0.000235641,0.000418714
0.000235641,0.000418714
0.000235641,0.000418721
0.000235641,0.000418736
0.000235641,0.000418743
0.000235641,0.000418743
0.000235641,0.000418757
0.000235641,0.000418764
0.000235641,0.000418764
0.000235641,0.000418772
0.000235641,0.000418779
0.000235641,0.000418786
0.000235641,0.0004188
0.000235641,0.000418793
0.000235641,0.000418814
0.000235641,0.000418807
0.000235641,0.000418822
0.000235641,0.000418829
0.000235641,0.000418829
0.000235641,0.000418836
0.000235641,0.00041885
0.000235641,0.00041885
0.000235641,0.000418864
0.000235641,0.000418857
0.000235641,0.000418872
0.000235641,0.000418879
0.000235641,0.000418886
0.000235641,0.000418886
0.000236223,0.000419622
0.000237388,0.000420205
0.000238553,0.000420794
0.000239718,0.000421384
0.000240882,0.000421973
0.000242047,0.000422563
0.000243212,0.000423152
0.000244377,0.000423735
0.000245541,0.000424324
0.000246706,0.000424914
0.000247871,0.000425504
0.000249036,0.000426093
0.000250201,0.000426683
0.000251366,0.000427273
0.000252531,0.000427848
0.000253696,0.000428452
0.000254862,0.000429027
0.000256027,0.000429625
0.000257192,0.000430214
0.000258357,0.000430804
0.000259522,0.000431379
0.000260687,0.000431983
0.000261852,0.000432566
0.000263017,0.000433148
0.000264183,0.000433745
0.000265348,0.000434328
0.000266513,0.000434918
0.000267679,0.000435508
0.000268844,0.00043609
0.000270009,0.000436687
0.000271174,0.00043727
0.00027234,0.00043786
0.000273505,0.00043845
0.00027467,0.000439032
0.000275836,0.000439622
0.000277002,0.000440219
0.000278167,0.000440794
0.000279332,0.000441392
0.000280498,0.000441982
0.000281664,0.000442557
0.00028283,0.000443155
0.000283995,0.000443744
0.000285161,0.000444327
0.000286327,0.000444918
0.000287492,0.000445508
0.000288658,0.000446097
0.000289823,0.000446673
0.000290989,0.000447277
0.000292155,0.00044786
0.000293321,0.000448443
0.000294486,0.000449033
0.000295652,0.000449624
0.000296818,0.000450206
0.000297984,0.000450803
0.000299149,0.000451386
0.000300315,0.000451969
0.000301481,0.000452566
0.000302647,0.000453157
0.000303813,0.000453732
0.00030498,0.00045433
0.000306146,0.000454913
0.000307311,0.000455503
0.000308477,0.000456086
0.000309643,0.000456683
0.000310809,0.000457259
0.000311975,0.000457856
0.000313142,0.000458447
0.000314308,0.000459023
0.000315474,0.000459613
0.00031664,0.00046021
0.000317806,0.000460793
0.000318972,0.000461383
0.000320139,0.00046196
0.000321305,0.000462564
0.000322471,0.000463147
0.000323637,0.000463723
0.000324803,0.000464321
0.00032597,0.000464911
0.000327136,0.000465487
0.000328302,0.000466085
0.000329468,0.000466675
0.000330635,0.000467258
0.000331802,0.000467849
0.000332968,0.000468424
0.000334134,0.000469022
0.000335301,0.000469612
0.000336467,0.000470196
0.000337633,0.000470779
0.0003388,0.000471376
0.000339966,0.000471952
0.000341133,0.00047255
0.0003423,0.000473134
0.000343466,0.000473724
0.000344633,0.000474307
0.000345799,0.000474898
0.000346966,0.000475481
0.000348132,0.000476071
0.000349299,0.000476662
0.000350466,0.000477245
0.000351633,0.000477828
0.000352799,0.000478419
0.000353966,0.000479017
0.000355132,0.000479592
0.000356299,0.000480183
0.000357466,0.000480766
0.000358632,0.000481364
0.000359799,0.00048194
0.000360966,0.000482538
0.000362133,0.000483121
0.000363299,0.00048369
0.000364466,0.000484302
0.000365633,0.000484872
0.000366801,0.00048547
0.000367967,0.000486067
0.000369134,0.000486636
0.000370301,0.000487234
0.000371468,0.000487818
0.000372634,0.000488401
0.000373802,0.000488984
0.000374969,0.000489582
0.000376136,0.000490166
0.000377302,0.000490749
0.00037847,0.000491347
0.000379637,0.000491916
0.000380803,0.000492514
0.00038197,0.000493098
0.000383137,0.000493695
0.000384304,0.000494264
0.000385471,0.000494862
0.000386639,0.000495446
0.000387806,0.000496044
0.000388973,0.000496627
0.00039014,0.000497211
0.000391307,0.000497795
0.000392474,0.000498378
0.000393641,0.000498962
0.000394809,0.00049956
0.000395976,0.000500143
0.000397143,0.000500741
0.000398311,0.000501311
0.000399478,0.000501909
0.000400645,0.000502478
0.000401812,0.00050309
0.00040298,0.000503659
0.000404147,0.000504243
0.000405314,0.000504841
0.000406481,0.000505425
0.000407648,0.000506022
0.000408816,0.000506592
0.000409983,0.000507176
0.00041115,0.000507773
0.000412318,0.000508357
0.000413485,0.000508955
0.000414653,0.000509525
0.00041582,0.000510123
0.000416987,0.000510706
0.000418154,0.000511276
0.000419322,0.000511888
0.000420489,0.000512458
0.000421657,0.000513055
0.000422824,0.000513639
0.000423992,0.000514208
0.000425159,0.000514821
0.000426326,0.00051539
0.000427494,0.000515974
0.000428661,0.000516572
0.000429829,0.000517156
0.000430997,0.00051774
0.000432164,0.000518323
0.000433332,0.000518921
0.000434501,0.000519492
0.000435669,0.00052009
0.000436835,0.000520674
0.000438002,0.000521257
0.00043917,0.00052184
0.000440338,0.000522439
0.000441506,0.000523009
0.000442674,0.000523606
0.000443841,0.000524191
0.000445008,0.000524774
0.000446176,0.000525372
0.000447343,0.000525942
0.000448512,0.00052654
0.000449679,0.00052711
0.000450847,0.000527707
0.000452016,0.000528292
0.000453182,0.000528876
0.000454348,0.000529472
0.000455517,0.000530043
0.000456685,0.000530641
0.000457853,0.000531211
0.00045902,0.000531823
0.000460187,0.000532392
0.000461356,0.000532976
0.000462525,0.000533561
0.000463691,0.000534159
0.000464859,0.000534728
0.000466028,0.000535327
0.000467194,0.00053591
0.000468362,0.000536493
0.000469531,0.000537078
0.000470698,0.000537662
0.000471866,0.00053826
0.000473033,0.00053883
0.000474202,0.000539428
0.00047537,0.000540013
0.000476537,0.000540581
0.000477705,0.00054118
0.000478873,0.000541777
0.00048004,0.000542348
0.000481208,0.000542931
0.000482377,0.00054353
0.000483544,0.000544099
0.000484713,0.000544683
0.000485881,0.000545297
0.000487048,0.000545852
0.000488216,0.000546449
0.000489385,0.000547034
0.000490554,0.000547618
0.00049172,0.000548217
0.000492887,0.000548785
0.000494056,0.000549383
0.000495224,0.000549954
0.000496392,0.000550552
0.000497561,0.000551136
0.000498729,0.00055172
0.000499898,0.00055229
0.000501064,0.000552903
0.000502231,0.000553457
0.0005034,0.00055407
0.000504567,0.00055464
0.000505736,0.000555223
0.000506904,0.000555822
0.000508071,0.000556392
0.000509239,0.000556989
0.000510407,0.000557574
0.000511575,0.000558144
0.000512743,0.000558742
0.00051391,0.000559325
0.000515079,0.000559909
0.000516247,0.000560494
0.000517416,0.000561078
0.000518585,0.000561663
0.000519751,0.000562246
0.000520919,0.000562829
0.000522088,0.000563428
0.000523257,0.000563999
0.000524424,0.000564583
0.000525591,0.00056518
0.000526761,0.00056575
0.000527929,0.000566349
0.000529096,0.000566933
0.000530264,0.000567502
0.000531433,0.000568101
0.000532601,0.000568685
0.000533768,0.000569268
0.000534935,0.000569852
0.000536104,0.000570436
0.000537273,0.000571007
0.000538442,0.000571606
0.000539609,0.000572204
0.000540777,0.000572759
0.000541945,0.000573357
0.000543112,0.000573955
0.00054428,0.00057451
0.00054545,0.000575124
0.000546618,0.000575693
0.000547787,0.000576292
0.000548954,0.000576848
0.000550122,0.00057746
0.00055129,0.000578029
0.000552457,0.000578613
0.000553625,0.000579211
0.000554793,0.000579781
0.000555962,0.00058038
0.00055713,0.00058095
0.000558298,0.000581533
0.000559467,0.000582132
0.000560634,0.000582702
0.000561802,0.000583286
0.000562971,0.000583884
0.000564139,0.000584454
0.000565308,0.000585038
0.000566475,0.000585623
0.000567665,0.000597448
0.000568899,0.00060967
0.000570177,0.000622241
0.000571504,0.000635195
0.000572879,0.000648533
0.000574302,0.000662267
0.000575777,0.000676384
0.000577305,0.000690887
0.000578886,0.000705802
0.000580522,0.000721089
0.000582215,0.000736791
0.000583966,0.000752895
0.000585777,0.000769357
0.000587648,0.000786252
0.000589581,0.000803492
0.000591578,0.000821151
0.000593641,0.000839173
0.00059577,0.000857557
0.000597965,0.000876304
0.000600229,0.000895386
0.000602565,0.000914832
0.000604971,0.00093456
0.000607449,0.000954636
0.00061,0.000974965
0.000612625,0.000995574
0.000615325,0.00101642
0.000618102,0.00103752
0.000620955,0.00105879
0.000623884,0.00108025
0.00062689,0.00110184
0.000629975,0.00112355
0.000633137,0.00114533
0.000636377,0.00116717
0.000639695,0.00118902
0.000643091,0.00121082
0.000646565,0.00123257
0.000650117,0.00125422
0.000653744,0.0012757
0.000657446,0.00129698
0.000661224,0.00131803
0.000665074,0.00133877
0.000668997,0.00135921
0.00067299,0.00137924
0.000677053,0.00139885
0.000681181,0.00141798
0.000685374,0.00143657
0.000689632,0.00145459
0.000693948,0.00147201
0.000698322,0.00148872
0.00070275,0.00150474
0.000707231,0.00151999
0.00071176,0.00153443
0.000716335,0.00154805
0.000720952,0.00156077
0.000725606,0.00157259
0.000730296,0.00158344
0.000735017,0.00159331
0.000739764,0.00160216
0.000744534,0.00161001
0.000749324,0.00161676
0.000754129,0.00162246
0.000758944,0.00162707
0.000763765,0.000380676
0.000455512,0.000526074
0.000455512,0.000526087
0.000455512,0.000526099
0.000455512,0.000526112
0.000455512,0.000526124
0.000455512,0.000526137
0.000455512,0.000526149
0.000455512,0.000526162
0.000455512,0.000526174
0.000455512,0.000526186
0.000455512,0.000526199
0.000455512,0.000526211
0.000455512,0.000526223
0.000455512,0.000526236
0.000455512,0.000526248
0.000455512,0.00052626
0.000455512,0.000526272
0.000455512,0.000526284
0.000455512,0.000526297
0.000455512,0.000526308
0.000455512,0.000526321
0.000455512,0.000526333
0.000455512,0.000526346
0.000455512,0.000526357
0.000455512,0.000526369
0.000455512,0.000526381
0.000455512,0.000526393
0.000455512,0.000526405
0.000455512,0.000526417
0.000455512,0.000526429
0.000455512,0.000526441
0.000455512,0.000526453
0.000455512,0.000526465
0.000455512,0.000526477
0.000455512,0.000526489
0.000455512,0.0005265
0.000455512,0.000526512
0.000455512,0.000526525
0.000455512,0.000526536
0.000455512,0.000526547
0.000455512,0.00052656
0.000455512,0.00052657
0.000455512,0.000526582
0.000455512,0.000526595
0.000455512,0.000526606
0.000455512,0.000526618
0.000455512,0.000526628
0.000455512,0.00052664
0.000455512,0.000526653
0.000455512,0.000526664
0.000455512,0.000526675
0.000455512,0.000526687
0.000455512,0.000526697
0.000455512,0.00052671
0.000455512,0.000526721
0.000455512,0.000526733
0.000455512,0.000526744
0.000455512,0.000526755
0.000455512,0.000526765
0.000455512,0.00052678
0.000455512,0.000526789
0.000455512,0.000526799
0.000455512,0.000526812
0.000455512,0.000526823
0.000455512,0.000526833
0.000455512,0.000526846
0.000455512,0.000526856
0.000455512,0.000526867
0.000455512,0.000526878
0.000455512,0.00052689
0.000455512,0.000526901
0.000455512,0.000526912
0.000455512,0.000526921
0.000455512,0.000526935
0.000455512,0.000526944
0.000455512,0.000526955
0.000455512,0.000526967
0.000455512,0.000526978
0.000455512,0.000526989
0.000455512,0.000527
0.000455512,0.000527008
0.000455512,0.000527023
0.000455512,0.000527032
0.000455512,0.000527042
0.000455512,0.000527053
0.000453655,0.000534786
0.00044994,0.000532939
0.000446225,0.000531093
0.000442509,0.000529248
0.000438793,0.000527399
0.000435077,0.000525552
0.000431361,0.000523703
0.000427645,0.000521859
0.000423928,0.000520011
0.00042021,0.000518163
0.000416493,0.000516315
0.000412778,0.000514466
0.00040906,0.000512622
0.000405343,0.000510771
0.000401626,0.000508924
0.000397909,0.000507075
0.000394192,0.00050523
0.000390474,0.000503381
0.000386757,0.000501534
0.000383039,0.000499682
0.000379321,0.000497838
0.000375602,0.000495985
0.000371884,0.000494139
0.000368165,0.000492289
0.000364448,0.000490442
0.000360729,0.000488593
0.000357009,0.000486745
0.000353291,0.000484892
0.000349572,0.000483048
0.000345853,0.000481196
0.000342135,0.000479347
0.000338415,0.000477499
0.000334696,0.000475646
0.000330976,0.000473802
0.000327255,0.000471948
0.000323536,0.000470099
0.000319816,0.000468252
0.000316096,0.000466397
0.000312376,0.000464553
0.000308655,0.0004627
0.000304935,0.00046085
0.000301214,0.000459002
0.000297493,0.000457148
0.000293773,0.000455299
0.000290052,0.000453449
0.000286331,0.0004516
0.00028261,0.000449747
0.000278888,0.000447898
0.000275166,0.000446048
0.000271445,0.000444198
0.000267724,0.000442344
0.000264002,0.000440495
0.00026028,0.000438645
0.000256558,0.000436791
0.000252836,0.000434941
0.000249113,0.000433091
0.000245391,0.000431237
0.000241668,0.000429387
0.00023873,0.000432903
0.000236578,0.000431835
0.000234425,0.000430769
0.000232272,0.000429705
0.000230118,0.000428635
0.000227965,0.00042757
0.000225812,0.000426504
0.000223659,0.000425436
0.000221505,0.00042437
0.000219352,0.000423301
0.000217198,0.000422235
0.000215045,0.000421169
0.000212891,0.0004201
0.000210737,0.000419031
0.000208583,0.000417968
0.00020643,0.000416899
0.000204276,0.00041583
0.000202121,0.000414764
0.00020183,0.000401325
0.0002034,0.000402118
0.000204971,0.00040291
0.000206542,0.000403707
0.000208113,0.000404502
0.000209684,0.000405295
0.000211255,0.000406091
0.000212826,0.000406885
0.000214397,0.00040768
0.000215968,0.000408473
0.000217539,0.00040927
0.00021911,0.000410062
0.000220681,0.000410858
0.000222253,0.000411651
0.000223824,0.000412444
0.000225395,0.00041324
0.000226966,0.000414037
0.000228538,0.000414829
0.000230109,0.000415623
0.000231681,0.000416419
0.000233253,0.000417212
0.000234824,0.000418009
0.00023561,0.000418062
0.00023561,0.000418073
0.00023561,0.00041808
0.00023561,0.000418087
0.00023561,0.000418098
0.00023561,0.000418105
0.00023561,0.000418112
0.00023561,0.000418123
0.00023561,0.00041813
0.00023561,0.000418141
0.00023561,0.000418148
0.00023561,0.000418155
0.00023561,0.000418166
0.00023561,0.000418173
0.00023561,0.00041818
0.00023561,0.000418191
0.00023561,0.000418198
0.00023561,0.000418205
0.00023561,0.000418212
0.00023561,0.000418227
0.00023561,0.000418227
0.00023561,0.000418241
0.00023561,0.000418248
0.00023561,0.000418255
0.00023561,0.000418262
0.00023561,0.000418269
0.00023561,0.000418284
0.00023561,0.000418284
0.00023561,0.000418298
0.00023561,0.000418305
0.00023561,0.000418312
0.00023561,0.00041832
0.00023561,0.000418327
0.00023561,0.000418334
0.00023561,0.000418341
0.00023561,0.000418355
0.00023561,0.000418355
0.00023561,0.00041837
0.00023561,0.00041837
0.00023561,0.000418384
0.00023561,0.000418391
0.00023561,0.000418398
0.00023561,0.000418405
0.00023561,0.000418413
0.00023561,0.000418427
0.00023561,0.000418427
0.00023561,0.000418434
0.00023561,0.000418448
0.00023561,0.000418448
0.00023561,0.000418463
0.00023561,0.000418463
0.00023561,0.000418477
0.00023561,0.000418484
0.00023561,0.000418484
0.00023561,0.000418498
0.00023561,0.000418506
0.00023561,0.000418513
0.00023561,0.00041852
0.00023561,0.000418527
0.00023561,0.000418534
0.00023561,0.000418541
0.00023561,0.000418548
0.00023561,0.000418556
0.00023561,0.000418563
0.00023561,0.00041857
0.00023561,0.000418577
0.00023561,0.000418584
0.00023561,0.000418591
0.00023561,0.000418599
0.00023561,0.000418606
0.00023561,0.00041862
0.00023561,0.00041862
0.00023561,0.00041862
0.00023561,0.000418641
0.00023561,0.000418641
0.00023561,0.000418649
0.00023561,0.000418656
0.00023561,0.000418663
0.00023561,0.00041867
0.00023561,0.000418677
0.00023561,0.000418684
0.00023561,0.000418691
0.00023561,0.000418699
0.00023561,0.000418699
0.00023561,0.000418706
0.00023561,0.00041872
0.00023561,0.000418727
0.00023561,0.000418727
0.00023561,0.000418742
0.00023561,0.000418749
0.00023561,0.000418749
0.00023561,0.000418756
0.00023561,0.000418763
0.00023561,0.00041877
0.00023561,0.000418784
0.00023561,0.000418777
0.00023561,0.000418799
0.00023561,0.000418792
0.00023561,0.000418806
0.00023561,0.000418813
0.00023561,0.000418813
0.00023561,0.00041882
0.00023561,0.000418835
0.00023561,0.000418835
0.00023561,0.000418849
0.00023561,0.000418842
0.00023561,0.000418856
0.00023561,0.000418863
0.00023561,0.00041887
0.00023561,0.00041887
0.000236192,0.000419648
0.000237357,0.00042023
0.000238522,0.00042082
0.000239686,0.000421409
0.000240851,0.000421999
0.000242015,0.000422588
0.00024318,0.000423177
0.000244345,0.00042376
0.00024551,0.00042435
0.000246674,0.000424939
0.000247839,0.000425528
0.000249004,0.000426118
0.000250169,0.000426708
0.000251334,0.000427297
0.000252499,0.000427873
0.000253663,0.000428476
0.000254828,0.000429052
0.000255992,0.000429648
0.000257157,0.000430238
0.000258322,0.000430827
0.000259487,0.000431403
0.000260653,0.000432007
0.000261818,0.00043259
0.000262983,0.000433172
0.000264148,0.000433769
0.000265313,0.000434351
0.000266478,0.000434941
0.000267643,0.000435531
0.000268808,0.000436113
0.000269974,0.00043671
0.00027114,0.000437293
0.000272304,0.000437883
0.000273469,0.000438472
0.000274635,0.000439055
0.0002758,0.000439645
0.000276965,0.000440242
0.000278131,0.000440818
0.000279296,0.000441415
0.000280462,0.000442004
0.000281627,0.00044258
0.000282792,0.000443177
0.000283958,0.000443767
0.000285123,0.00044435
0.000286289,0.00044494
0.000287454,0.000445529
0.00028862,0.000446119
0.000289785,0.000446695
0.000290951,0.000447299
0.000292116,0.000447882
0.000293282,0.000448465
0.000294448,0.000449055
0.000295613,0.000449645
0.000296779,0.000450228
0.000297945,0.000450824
0.000299111,0.000451408
0.000300276,0.00045199
0.000301442,0.000452588
0.000302608,0.000453178
0.000303773,0.000453754
0.000304939,0.00045435
0.000306105,0.000454933
0.000307271,0.000455524
0.000308437,0.000456106
0.000309602,0.000456704
0.000310768,0.000457279
0.000311935,0.000457877
0.0003131,0.000458467
0.000314266,0.000459043
0.000315432,0.000459633
0.000316598,0.00046023
0.000317764,0.000460813
0.00031893,0.000461404
0.000320096,0.000461979
0.000321262,0.000462584
0.000322428,0.000463167
0.000323594,0.000463743
0.000324761,0.00046434
0.000325927,0.00046493
0.000327093,0.000465506
0.000328259,0.000466104
0.000329425,0.000466694
0.000330591,0.000467277
0.000331758,0.000467867
0.000332924,0.000468443
0.000334091,0.000469041
0.000335256,0.000469631
0.000336423,0.000470214
0.000337589,0.000470797
0.000338755,0.000471395
0.000339922,0.000471971
0.000341088,0.000472568
0.000342254,0.000473151
0.000343421,0.000473742
0.000344587,0.000474325
0.000345753,0.000474915
0.00034692,0.000475499
0.000348086,0.000476089
0.000349253,0.000476679
0.000350419,0.000477263
0.000351585,0.000477846
0.000352752,0.000478436
0.000353919,0.000479034
0.000355086,0.00047961
0.000356252,0.000480201
0.000357419,0.000480784
0.000358586,0.000481382
0.000359752,0.000481958
0.000360918,0.000482555
0.000362085,0.000483139
0.000363252,0.000483708
0.000364419,0.00048432
0.000365585,0.000484889
0.000366751,0.000485486
0.000367918,0.000486084
0.000369085,0.000486653
0.000370252,0.00048725
0.000371419,0.000487834
0.000372586,0.000488418
0.000373752,0.000489001
0.000374919,0.000489598
0.000376086,0.000490182
0.000377252,0.000490765
0.000378419,0.000491363
0.000379586,0.000491932
0.000380753,0.00049253
0.000381921,0.000493113
0.000383088,0.000493712
0.000384254,0.000494281
0.000385421,0.000494878
0.000386588,0.000495462
0.000387754,0.000496059
0.000388922,0.000496643
0.000390089,0.000497227
0.000391256,0.00049781
0.000392423,0.000498393
0.00039359,0.000498977
0.000394757,0.000499575
0.000395924,0.000500158
0.000397091,0.000500756
0.000398258,0.000501325
0.000399425,0.000501923
0.000400592,0.000502492
0.000401759,0.000503104
0.000402926,0.000503674
0.000404093,0.000504257
0.00040526,0.000504855
0.000406428,0.000505439
0.000407595,0.000506037
0.000408762,0.000506606
0.000409929,0.000507189
0.000411096,0.000507787
0.000412264,0.000508371
0.000413431,0.000508969
0.000414598,0.000509538
0.000415765,0.000510136
0.000416932,0.00051072
0.0004181,0.000511289
0.000419268,0.000511902
0.000420435,0.000512471
0.000421601,0.000513069
0.000422768,0.000513651
0.000423936,0.000514222
0.000425103,0.000514833
0.000426271,0.000515404
0.000427438,0.000515987
0.000428605,0.000516585
0.000429772,0.000517169
0.00043094,0.000517752
0.000432108,0.000518336
0.000433276,0.000518934
0.000434442,0.000519504
0.000435609,0.0005201
0.000436777,0.000520685
0.000437944,0.000521269
0.000439111,0.000521852
0.000440279,0.00052245
0.000441448,0.00052302
0.000442615,0.000523619
0.000443782,0.000524202
0.00044495,0.000524786
0.000446117,0.000525383
0.000447284,0.000525953
0.000448451,0.000526551
0.000449619,0.00052712
0.000450787,0.000527719
0.000451954,0.000528303
0.000453122,0.000528886
0.00045429,0.000529485
0.000455458,0.000530054
0.000456626,0.000530652
0.000457793,0.000531222
0.000458961,0.000531834
0.000460128,0.000532404
0.000461295,0.000532988
0.000462462,0.000533571
0.00046363,0.000534169
0.000464797,0.000534738
0.000465965,0.000535336
0.000467134,0.00053592
0.000468302,0.000536505
0.00046947,0.000537089
0.000470636,0.000537673
0.000471804,0.00053827
0.000472973,0.00053884
0.000474139,0.000539438
0.000475307,0.000540021
0.000476476,0.000540592
0.000477643,0.00054119
0.00047881,0.000541788
0.000479978,0.000542357
0.000481145,0.000542941
0.000482313,0.000543539
0.000483481,0.000544109
0.000484648,0.000544692
0.000485816,0.000545305
0.000486984,0.00054586
0.000488152,0.000546459
0.000489319,0.000547042
0.000490487,0.000547625
0.000491656,0.000548224
0.000492824,0.000548795
0.00049399,0.000549392
0.000495158,0.000549962
0.000496327,0.00055056
0.000497495,0.000551144
0.000498663,0.000551728
0.00049983,0.000552298
0.000500997,0.000552909
0.000502166,0.000553466
0.000503334,0.000554078
0.000504503,0.000554648
0.000505671,0.000555232
0.000506838,0.00055583
0.000508007,0.0005564
0.000509174,0.000556999
0.000510341,0.000557582
0.000511509,0.000558151
0.000512677,0.000558749
0.000513844,0.000559333
0.000515012,0.000559917
0.00051618,0.000560501
0.000517347,0.000561085
0.000518515,0.000561669
0.000519683,0.000562252
0.000520852,0.000562837
0.00052202,0.000563435
0.000523186,0.000564005
0.000524355,0.000564588
0.000525523,0.000565188
0.00052669,0.000565756
0.000527859,0.000566355
0.000529026,0.000566939
0.000530194,0.000567508
0.000531363,0.000568107
0.00053253,0.000568691
0.000533698,0.000569274
0.000534866,0.000569858
0.000536035,0.000570443
0.000537202,0.000571013
0.000538369,0.00057161
0.000539538,0.000572209
0.000540706,0.000572764
0.000541873,0.000573362
0.000543042,0.00057396
0.00054421,0.000574517
0.000545378,0.000575129
0.000546546,0.000575698
0.000547713,0.000576297
0.000548881,0.000576852
0.00055005,0.000577464
0.000551218,0.000578035
0.000552386,0.000578618
0.000553553,0.000579217
0.000554721,0.000579786
0.00055589,0.000580384
0.000557057,0.000580955
0.000558225,0.000581538
0.000559393,0.000582137
0.00056056,0.000582705
0.000561729,0.00058329
0.000562896,0.000583888
0.000564065,0.000584458
0.000565233,0.000585042
0.0005664,0.000585625
0.00056759,0.000597454
0.000568824,0.000609675
0.000570104,0.00062225
0.000571429,0.000635206
0.000572804,0.000648545
0.000574227,0.00066228
0.000575701,0.000676399
0.000577227,0.000690902
0.000578808,0.000705819
0.000580445,0.000721109
0.000582138,0.000736813
0.000583889,0.000752918
0.0005857,0.000769384
0.00058757,0.000786279
0.000589503,0.000803523
0.0005915,0.000821183
0.000593563,0.000839207
0.000595692,0.000857594
0.000597888,0.000876343
0.000600152,0.000895428
0.000602486,0.000914877
0.000604891,0.000934605
0.000607369,0.000954684
0.000609921,0.000975016
0.000612546,0.000995628
0.000615245,0.00101648
0.000618019,0.00103758
0.000620871,0.00105885
0.0006238,0.00108031
0.000626806,0.0011019
0.000629891,0.00112362
0.000633053,0.0011454
0.000636293,0.00116724
0.000639612,0.0011891
0.000643008,0.0012109
0.000646481,0.00123265
0.000650032,0.0012543
0.000653658,0.00127578
0.000657361,0.00129706
0.000661137,0.00131812
0.000664987,0.00133886
0.00066891,0.0013593
0.000672902,0.00137934
0.000676963,0.00139895
0.000681092,0.00141808
0.000685285,0.00143668
0.000689541,0.0014547
0.000693857,0.00147211
0.00069823,0.00148883
0.000702657,0.00150485
0.000707138,0.0015201
0.000711666,0.00153454
0.000716239,0.00154816
0.000720855,0.00156089
0.00072551,0.0015727
0.000730199,0.00158356
0.000734919,0.00159342
0.000739667,0.00160227
0.000744436,0.00161013
0.000749225,0.00161688
0.000754029,0.00162258
0.000758844,0.00162719
0.000763666,0.000380628
0.000455437,0.000526037
0.000455437,0.000526049
0.000455437,0.000526062
0.000455437,0.000526074
0.000455437,0.000526087
0.000455437,0.000526099
0.000455437,0.000526111
0.000455437,0.000526124
0.000455437,0.000526136
0.000455437,0.000526149
0.000455437,0.000526161
0.000455437,0.000526173
0.000455437,0.000526186
0.000455437,0.000526198
0.000455437,0.00052621
0.000455437,0.000526223
0.000455437,0.000526235
0.000455437,0.000526247
0.000455437,0.000526259
0.000455437,0.000526271
0.000455437,0.000526283
0.000455437,0.000526295
0.000455437,0.000526308
0.000455437,0.00052632
0.000455437,0.000526332
0.000455437,0.000526344
0.000455437,0.000526356
0.000455437,0.000526367
0.000455437,0.00052638
0.000455437,0.000526392
0.000455437,0.000526403
0.000455437,0.000526416
0.000455437,0.000526427
0.000455437,0.000526439
0.000455437,0.000526451
0.000455437,0.000526462
0.000455437,0.000526475
0.000455437,0.000526487
0.000455437,0.000526498
0.000455437,0.00052651
0.000455437,0.000526522
0.000455437,0.000526533
0.000455437,0.000526544
0.000455437,0.000526557
0.000455437,0.000526569
0.000455437,0.00052658
0.000455437,0.000526591
0.000455437,0.000526603
0.000455437,0.000526615
0.000455437,0.000526627
0.000455437,0.000526637
0.000455437,0.000526649
0.000455437,0.00052666
0.000455437,0.000526672
0.000455437,0.000526683
0.000455437,0.000526696
0.000455437,0.000526706
0.000455437,0.000526717
0.000455437,0.000526728
0.000455437,0.000526742
0.000455437,0.000526751
0.000455437,0.000526762
0.000455437,0.000526774
0.000455437,0.000526785
0.000455437,0.000526796
0.000455437,0.000526808
0.000455437,0.000526819
0.000455437,0.00052683
0.000455437,0.00052684
0.000455437,0.000526853
0.000455437,0.000526864
0.000455437,0.000526874
0.000455437,0.000526883
0.000455437,0.000526898
0.000455437,0.000526907
0.000455437,0.000526917
0.000455437,0.00052693
0.000455437,0.000526941
0.000455437,0.000526951
0.000455437,0.000526962
0.000455437,0.000526971
0.000455437,0.000526985
0.000455437,0.000526994
0.000455437,0.000527005
0.000455437,0.000527016
0.00045358,0.000535167
0.000449866,0.000533321
0.000446151,0.000531476
0.000442435,0.000529631
0.00043872,0.000527781
0.000435006,0.000525936
0.000431289,0.000524087
0.000427574,0.000522241
0.000423859,0.000520395
0.000420143,0.000518548
0.000416426,0.000516702
0.00041271,0.000514852
0.000408994,0.000513007
0.000405278,0.000511158
0.000401562,0.000509311
0.000397844,0.000507462
0.000394127,0.000505616
0.000390411,0.000503769
0.000386693,0.000501921
0.000382976,0.00050007
0.000379258,0.000498226
0.00037554,0.000496374
0.000371823,0.000494526
0.000368106,0.00049268
0.000364387,0.000490831
0.000360669,0.000488982
0.000356953,0.000487135
0.000353234,0.000485284
0.000349515,0.000483439
0.000345796,0.000481587
0.000342077,0.000479738
0.000338359,0.000477891
0.00033464,0.000476038
0.000330921,0.000474193
0.000327202,0.000472342
0.000323482,0.000470492
0.000319763,0.000468644
0.000316044,0.000466792
0.000312324,0.000464946
0.000308605,0.000463094
0.000304885,0.000461246
0.000301165,0.000459396
0.000297445,0.000457545
0.000293725,0.000455695
0.000290004,0.000453846
0.000286283,0.000451996
0.000282563,0.000450144
0.000278842,0.000448294
0.000275121,0.000446445
0.000271401,0.000444595
0.00026768,0.000442743
0.000263958,0.000440893
0.000260237,0.000439043
0.000256515,0.00043719
0.000252794,0.00043534
0.000249072,0.00043349
0.00024535,0.000431637
0.000241629,0.000429787
0.000238692,0.000433194
0.000236539,0.000432125
0.000234386,0.000431061
0.000232233,0.000429995
0.000230081,0.000428926
0.000227928,0.000427861
0.000225774,0.000426796
0.000223621,0.000425726
0.000221469,0.000424661
0.000219316,0.000423593
0.000217162,0.000422527
0.000215009,0.000421461
0.000212857,0.000420393
0.000210703,0.000419324
0.000208549,0.000418261
0.000206396,0.000417192
0.000204242,0.000416123
0.000202088,0.000415057
0.000201797,0.000401255
0.000203367,0.000402047
0.000204938,0.00040284
0.000206508,0.000403636
0.000208079,0.000404432
0.000209649,0.000405224
0.00021122,0.00040602
0.000212791,0.000406813
0.000214362,0.000407609
0.000215933,0.000408401
0.000217503,0.000409198
0.000219074,0.00040999
0.000220645,0.000410787
0.000222216,0.000411579
0.000223787,0.000412372
0.000225358,0.000413168
0.000226929,0.000413964
0.000228501,0.000414757
0.000230071,0.00041555
0.000231643,0.000416346
0.000233214,0.000417139
0.000234785,0.000417935
0.000235571,0.000418043
0.000235571,0.000418054
0.000235571,0.000418061
0.000235571,0.000418068
0.000235571,0.000418079
0.000235571,0.000418086
0.000235571,0.000418093
0.000235571,0.000418104
0.000235571,0.000418111
0.000235571,0.000418122
0.000235571,0.000418129
0.000235571,0.000418136
0.000235571,0.000418147
0.000235571,0.000418154
0.000235571,0.000418161
0.000235571,0.000418172
0.000235571,0.000418179
0.000235571,0.000418186
0.000235571,0.000418193
0.000235571,0.000418207
0.000235571,0.000418207
0.000235571,0.000418222
0.000235571,0.000418229
0.000235571,0.000418236
0.000235571,0.000418243
0.000235571,0.00041825
0.000235571,0.000418265
0.000235571,0.000418265
0.000235571,0.000418279
0.000235571,0.000418286
0.000235571,0.000418293
0.000235571,0.0004183
0.000235571,0.000418307
0.000235571,0.000418315
0.000235571,0.000418322
0.000235571,0.000418336
0.000235571,0.000418336
0.000235571,0.00041835
0.000235571,0.00041835
0.000235571,0.000418365
0.000235571,0.000418372
0.000235571,0.000418379
0.000235571,0.000418386
0.000235571,0.000418393
0.000235571,0.000418408
0.000235571,0.000418408
0.000235571,0.000418415
0.000235571,0.000418429
0.000235571,0.000418429
0.000235571,0.000418443
0.000235571,0.000418443
0.000235571,0.000418458
0.000235571,0.000418465
0.000235571,0.000418465
0.000235571,0.000418479
0.000235571,0.000418486
0.000235571,0.000418493
0.000235571,0.000418501
0.000235571,0.000418508
0.000235571,0.000418515
0.000235571,0.000418522
0.000235571,0.000418529
0.000235571,0.000418536
0.000235571,0.000418544
0.000235571,0.000418551
0.000235571,0.000418558
0.000235571,0.000418565
0.000235571,0.000418572
0.000235571,0.000418579
0.000235571,0.000418586
0.000235571,0.000418601
0.000235571,0.000418601
0.000235571,0.000418601
0.000235571,0.000418622
0.000235571,0.000418622
0.000235571,0.000418629
0.000235571,0.000418637
0.000235571,0.000418644
0.000235571,0.000418651
0.000235571,0.000418658
0.000235571,0.000418665
0.000235571,0.000418672
0.000235571,0.000418679
0.000235571,0.000418679
0.000235571,0.000418687
0.000235571,0.000418701
0.000235571,0.000418708
0.000235571,0.000418708
0.000235571,0.000418722
0.000235571,0.000418729
0.000235571,0.000418729
0.000235571,0.000418737
0.000235571,0.000418744
0.000235571,0.000418751
0.000235571,0.000418765
0.000235571,0.000418758
0.000235571,0.00041878
0.000235571,0.000418772
0.000235571,0.000418787
0.000235571,0.000418794
0.000235571,0.000418794
0.000235571,0.000418801
0.000235571,0.000418815
0.000235571,0.000418815
0.000235571,0.00041883
0.000235571,0.000418822
0.000235571,0.000418837
0.000235571,0.000418844
0.000235571,0.000418851
0.000235571,0.000418851
0.000236153,0.00041967
0.000237317,0.000420252
0.000238482,0.000420842
0.000239647,0.000421432
0.000240811,0.000422021
0.000241976,0.00042261
0.00024314,0.0004232
0.000244305,0.000423782
0.000245469,0.000424371
0.000246634,0.000424961
0.000247798,0.00042555
0.000248963,0.000426139
0.000250127,0.000426729
0.000251292,0.000427318
0.000252456,0.000427893
0.000253621,0.000428497
0.000254786,0.000429073
0.000255951,0.000429669
0.000257116,0.000430259
0.000258281,0.000430849
0.000259445,0.000431424
0.00026061,0.000432027
0.000261775,0.00043261
0.00026294,0.000433192
0.000264105,0.000433789
0.00026527,0.000434372
0.000266434,0.000434961
0.0002676,0.000435551
0.000268764,0.000436134
0.000269929,0.00043673
0.000271094,0.000437312
0.000272259,0.000437902
0.000273425,0.000438492
0.00027459,0.000439075
0.000275755,0.000439664
0.00027692,0.000440261
0.000278085,0.000440837
0.00027925,0.000441433
0.000280416,0.000442023
0.000281581,0.000442599
0.000282746,0.000443196
0.000283911,0.000443785
0.000285076,0.000444368
0.000286241,0.000444957
0.000287407,0.000445548
0.000288572,0.000446138
0.000289738,0.000446713
0.000290903,0.000447317
0.000292068,0.0004479
0.000293234,0.000448483
0.000294399,0.000449072
0.000295564,0.000449662
0.00029673,0.000450245
0.000297896,0.000450842
0.000299061,0.000451425
0.000300227,0.000452008
0.000301392,0.000452605
0.000302558,0.000453195
0.000303724,0.00045377
0.000304889,0.000454368
0.000306055,0.000454951
0.00030722,0.00045554
0.000308386,0.000456123
0.000309552,0.00045672
0.000310717,0.000457296
0.000311883,0.000457893
0.000313049,0.000458483
0.000314215,0.000459059
0.00031538,0.000459649
0.000316546,0.000460246
0.000317712,0.000460829
0.000318878,0.000461419
0.000320044,0.000461995
0.00032121,0.0004626
0.000322376,0.000463183
0.000323541,0.000463758
0.000324707,0.000464356
0.000325873,0.000464945
0.000327039,0.000465521
0.000328205,0.000466119
0.000329372,0.000466709
0.000330538,0.000467292
0.000331703,0.000467882
0.000332869,0.000468458
0.000334035,0.000469055
0.000335201,0.000469645
0.000336367,0.000470229
0.000337533,0.000470811
0.0003387,0.000471409
0.000339866,0.000471985
0.000341032,0.000472582
0.000342198,0.000473165
0.000343364,0.000473756
0.000344531,0.000474339
0.000345697,0.000474929
0.000346863,0.000475512
0.000348029,0.000476102
0.000349196,0.000476693
0.000350362,0.000477276
0.000351529,0.000477859
0.000352694,0.00047845
0.000353861,0.000479047
0.000355027,0.000479623
0.000356194,0.000480214
0.00035736,0.000480797
0.000358526,0.000481394
0.000359693,0.00048197
0.000360859,0.000482568
0.000362026,0.000483151
0.000363192,0.00048372
0.000364358,0.000484332
0.000365525,0.0004849
0.000366692,0.000485498
0.000367858,0.000486096
0.000369025,0.000486665
0.000370191,0.000487262
0.000371358,0.000487845
0.000372524,0.000488429
0.000373691,0.000489012
0.000374857,0.00048961
0.000376024,0.000490193
0.000377191,0.000490776
0.000378358,0.000491374
0.000379525,0.000491944
0.000380691,0.000492541
0.000381857,0.000493124
0.000383023,0.000493721
0.000384191,0.000494291
0.000385357,0.000494889
0.000386524,0.000495472
0.000387691,0.00049607
0.000388857,0.000496653
0.000390024,0.000497236
0.000391192,0.00049782
0.000392358,0.000498403
0.000393525,0.000498987
0.000394692,0.000499584
0.000395859,0.000500168
0.000397026,0.000500766
0.000398193,0.000501335
0.000399359,0.000501932
0.000400527,0.000502501
0.000401694,0.000503114
0.000402861,0.000503683
0.000404027,0.000504267
0.000405195,0.000504864
0.000406362,0.000505448
0.000407528,0.000506045
0.000408694,0.000506614
0.000409862,0.000507198
0.000411029,0.000507796
0.000412196,0.000508379
0.000413362,0.000508977
0.000414529,0.000509546
0.000415697,0.000510144
0.000416864,0.000510728
0.00041803,0.000511296
0.000419197,0.000511909
0.000420364,0.000512477
0.000421532,0.000513076
0.000422701,0.00051366
0.000423868,0.00051423
0.000425034,0.000514841
0.000426201,0.00051541
0.000427369,0.000515995
0.000428536,0.000516592
0.000429703,0.000517176
0.00043087,0.00051776
0.000432036,0.000518343
0.000433203,0.00051894
0.000434371,0.000519509
0.000435539,0.000520108
0.000436706,0.000520691
0.000437874,0.000521275
0.000439042,0.00052186
0.000440208,0.000522457
0.000441374,0.000523026
0.00044254,0.000523623
0.000443708,0.000524207
0.000444876,0.000524791
0.000446043,0.000525389
0.000447211,0.000525958
0.000448379,0.000526556
0.000449546,0.000527126
0.000450713,0.000527724
0.000451881,0.000528307
0.000453048,0.000528892
0.000454214,0.000529489
0.000455382,0.000530058
0.00045655,0.000530657
0.000457716,0.000531225
0.000458884,0.000531838
0.000460051,0.000532407
0.000461218,0.00053299
0.000462387,0.000533575
0.000463555,0.000534173
0.000464721,0.000534743
0.000465889,0.00053534
0.000467057,0.000535925
0.000468223,0.000536508
0.000469391,0.000537091
0.000470559,0.000537675
0.000471725,0.000538273
0.000472892,0.000538842
0.000474061,0.00053944
0.000475228,0.000540025
0.000476395,0.000540594
0.000477563,0.000541192
0.000478731,0.00054179
0.0004799,0.00054236
0.000481068,0.000542944
0.000482235,0.000543542
0.000483403,0.000544112
0.00048457,0.000544696
0.000485737,0.000545307
0.000486905,0.000545863
0.000488072,0.00054646
0.000489239,0.000547044
0.000490407,0.000547628
0.000491574,0.000548226
0.000492741,0.000548795
0.00049391,0.000549394
0.000495078,0.000549963
0.000496244,0.000550562
0.000497411,0.000551145
0.00049858,0.000551728
0.000499748,0.000552299
0.000500916,0.000552911
0.000502084,0.000553467
0.00050325,0.000554079
0.000504417,0.000554648
0.000505585,0.000555231
0.000506752,0.000555829
0.00050792,0.000556399
0.000509088,0.000556997
0.000510255,0.000557581
0.000511424,0.000558151
0.000512592,0.000558749
0.00051376,0.000559333
0.000514928,0.000559917
0.000516095,0.000560501
0.000517263,0.000561085
0.000518431,0.000561669
0.000519598,0.000562253
0.000520765,0.000562836
0.000521933,0.000563434
0.000523102,0.000564004
0.000524269,0.000564589
0.000525436,0.000565185
0.000526604,0.000565755
0.000527771,0.000566354
0.00052894,0.000566937
0.000530108,0.000567508
0.000531274,0.000568105
0.000532442,0.000568688
0.000533611,0.000569273
0.000534779,0.000569857
0.000535946,0.00057044
0.000537114,0.00057101
0.000538282,0.000571609
0.000539449,0.000572206
0.000540617,0.000572761
0.000541786,0.00057336
0.000542953,0.000573959
0.000544121,0.000574514
0.000545288,0.000575126
0.000546454,0.000575695
0.000547623,0.000576293
0.000548792,0.000576849
0.000549959,0.000577462
0.000551127,0.000578031
0.000552295,0.000578615
0.000553462,0.000579213
0.00055463,0.000579783
0.000555798,0.000580381
0.000556966,0.00058095
0.000558134,0.000581535
0.000559301,0.000582132
0.000560469,0.000582703
0.000561636,0.000583286
0.000562804,0.000583884
0.000563972,0.000584454
0.00056514,0.000585037
0.000566307,0.000585622
0.000567496,0.00059745
0.00056873,0.000609674
0.000570009,0.00062225
0.000571335,0.000635207
0.000572709,0.000648547
0.000574132,0.000662285
0.000575607,0.000676406
0.000577134,0.000690911
0.000578715,0.000705831
0.00058035,0.000721121
0.000582043,0.000736827
0.000583793,0.000752935
0.000585603,0.000769401
0.000587474,0.0007863
0.000589407,0.000803545
0.000591404,0.000821209
0.000593465,0.000839234
0.000595593,0.000857622
0.000597787,0.000876374
0.000600052,0.00089546
0.000602386,0.000914913
0.000604791,0.000934642
0.000607269,0.000954725
0.000609819,0.000975058
0.000612444,0.000995673
0.000615144,0.00101653
0.000617918,0.00103763
0.000620769,0.0010589
0.000623698,0.00108037
0.000626704,0.00110196
0.000629788,0.00112368
0.000632949,0.00114547
0.000636189,0.00116731
0.000639506,0.00118917
0.000642901,0.00121097
0.000646374,0.00123273
0.000649924,0.00125437
0.000653551,0.00127586
0.000657252,0.00129714
0.00066103,0.00131821
0.000664878,0.00133895
0.000668799,0.00135939
0.000672791,0.00137943
0.000676852,0.00139904
0.000680979,0.00141817
0.000685172,0.00143677
0.000689428,0.00145479
0.000693742,0.00147221
0.000698115,0.00148893
0.000702544,0.00150496
0.000707022,0.00152021
0.000711549,0.00153465
0.000716123,0.00154827
0.000720738,0.001561
0.000725391,0.00157281
0.000730079,0.00158367
0.000734799,0.00159353
0.000739545,0.00160238
0.000744315,0.00161024
0.000749103,0.00161699
0.000753905,0.00162269
0.000758719,0.0016273
0.000763539,0.000380564
0.00045535,0.000525993
0.00045535,0.000526005
0.00045535,0.000526018
0.00045535,0.00052603
0.00045535,0.000526043
0.00045535,0.000526055
0.00045535,0.000526068
0.00045535,0.00052608
0.00045535,0.000526092
0.00045535,0.000526105
0.00045535,0.000526117
0.00045535,0.00052613
0.00045535,0.000526142
0.00045535,0.000526154
0.00045535,0.000526166
0.00045535,0.000526179
0.00045535,0.000526191
0.00045535,0.000526203
0.00045535,0.000526215
0.00045535,0.000526227
0.00045535,0.00052624
0.00045535,0.000526252
0.00045535,0.000526264
0.00045535,0.000526276
0.00045535,0.000526288
0.00045535,0.0005263
0.00045535,0.000526312
0.00045535,0.000526324
0.00045535,0.000526336
0.00045535,0.000526348
0.00045535,0.000526359
0.00045535,0.000526372
0.00045535,0.000526384
0.00045535,0.000526395
0.00045535,0.000526408
0.00045535,0.000526418
0.00045535,0.000526431
0.00045535,0.000526443
0.00045535,0.000526454
0.00045535,0.000526466
0.00045535,0.000526478
0.00045535,0.000526489
0.00045535,0.000526501
0.00045535,0.000526513
0.00045535,0.000526525
0.00045535,0.000526536
0.00045535,0.000526547
0.00045535,0.000526559
0.00045535,0.000526571
0.00045535,0.000526583
0.00045535,0.000526594
0.00045535,0.000526605
0.00045535,0.000526616
0.00045535,0.000526628
0.00045535,0.000526639
0.00045535,0.000526652
0.00045535,0.000526662
0.00045535,0.000526673
0.00045535,0.000526684
0.00045535,0.000526698
0.00045535,0.000526707
0.00045535,0.000526718
0.00045535,0.00052673
0.00045535,0.000526741
0.00045535,0.000526752
0.00045535,0.000526764
0.00045535,0.000526775
0.00045535,0.000526786
0.00045535,0.000526797
0.00045535,0.000526809
0.00045535,0.00052682
0.00045535,0.000526831
0.00045535,0.000526839
0.00045535,0.000526854
0.00045535,0.000526863
0.00045535,0.000526873
0.00045535,0.000526886
0.00045535,0.000526897
0.00045535,0.000526907
0.00045535,0.000526918
0.00045535,0.000526927
0.00045535,0.000526941
0.00045535,0.00052695
0.00045535,0.000526961
0.00045535,0.000526972
0.000453492,0.000535553
0.000449776,0.000533707
0.000446062,0.00053186
0.000442349,0.000530017
0.000438634,0.000528169
0.000434918,0.000526322
0.000431204,0.000524473
0.000427489,0.000522629
0.000423774,0.000520782
0.00042006,0.000518936
0.000416345,0.00051709
0.000412628,0.000515242
0.000408913,0.000513396
0.000405197,0.000511548
0.00040148,0.0005097
0.000397764,0.000507852
0.000394049,0.000506006
0.000390332,0.00050416
0.000386615,0.000502312
0.000382899,0.000500462
0.000379182,0.000498617
0.000375466,0.000496767
0.00037175,0.00049492
0.000368032,0.000493072
0.000364316,0.000491224
0.0003606,0.000489379
0.00035688,0.00048753
0.000353162,0.000485678
0.000349445,0.000483833
0.00034573,0.000481983
0.000342011,0.000480137
0.000338292,0.000478287
0.000334574,0.000476435
0.000330856,0.000474591
0.000327137,0.000472739
0.000323419,0.000470891
0.000319701,0.000469043
0.000315982,0.000467191
0.000312264,0.000465346
0.000308544,0.000463495
0.000304825,0.000461645
0.000301106,0.000459798
0.000297386,0.000457944
0.000293667,0.000456097
0.000289947,0.000454247
0.000286227,0.000452399
0.000282507,0.000450546
0.000278787,0.000448697
0.000275067,0.000446848
0.000271347,0.000444999
0.000267627,0.000443146
0.000263906,0.000441297
0.000260185,0.000439448
0.000256465,0.000437595
0.000252745,0.000435746
0.000249023,0.000433896
0.000245302,0.000432043
0.000241581,0.000430194
0.000238644,0.000433484
0.000236492,0.000432415
0.00023434,0.00043135
0.000232187,0.000430285
0.000230035,0.000429216
0.000227883,0.000428151
0.000225731,0.000427086
0.000223578,0.000426018
0.000221425,0.000424953
0.000219272,0.000423884
0.00021712,0.000422819
0.000214967,0.000421754
0.000212814,0.000420684
0.000210661,0.000419616
0.000208508,0.000418554
0.000206354,0.000417485
0.000204201,0.000416416
0.000202049,0.000415351
0.000201757,0.000401183
0.000203327,0.000401975
0.000204897,0.000402767
0.000206468,0.000403563
0.000208037,0.000404359
0.000209608,0.000405151
0.000211178,0.000405948
0.000212749,0.00040674
0.000214319,0.000407536
0.000215889,0.000408328
0.00021746,0.000409124
0.000219031,0.000409917
0.000220601,0.000410713
0.000222172,0.000411505
0.000223743,0.000412298
0.000225314,0.000413094
0.000226884,0.00041389
0.000228455,0.000414682
0.000230027,0.000415475
0.000231598,0.000416272
0.000233168,0.000417064
0.00023474,0.00041786
0.000235526,0.00041802
0.000235526,0.000418031
0.000235526,0.000418038
0.000235526,0.000418045
0.000235526,0.000418056
0.000235526,0.000418063
0.000235526,0.00041807
0.000235526,0.000418081
0.000235526,0.000418088
0.000235526,0.000418099
0.000235526,0.000418106
0.000235526,0.000418113
0.000235526,0.000418124
0.000235526,0.000418131
0.000235526,0.000418138
0.000235526,0.000418149
0.000235526,0.000418156
0.000235526,0.000418163
0.000235526,0.00041817
0.000235526,0.000418185
0.000235526,0.000418185
0.000235526,0.000418199
0.000235526,0.000418206
0.000235526,0.000418213
0.000235526,0.00041822
0.000235526,0.000418227
0.000235526,0.000418242
0.000235526,0.000418242
0.000235526,0.000418256
0.000235526,0.000418263
0.000235526,0.00041827
0.000235526,0.000418278
0.000235526,0.000418285
0.000235526,0.000418292
0.000235526,0.000418299
0.000235526,0.000418313
0.000235526,0.000418313
0.000235526,0.000418328
0.000235526,0.000418328
0.000235526,0.000418342
0.000235526,0.000418349
0.000235526,0.000418356
0.000235526,0.000418363
0.000235526,0.000418371
0.000235526,0.000418385
0.000235526,0.000418385
0.000235526,0.000418392
0.000235526,0.000418406
0.000235526,0.000418406
0.000235526,0.000418421
0.000235526,0.000418421
0.000235526,0.000418435
0.000235526,0.000418442
0.000235526,0.000418442
0.000235526,0.000418456
0.000235526,0.000418463
0.000235526,0.000418471
0.000235526,0.000418478
0.000235526,0.000418485
0.000235526,0.000418492
0.000235526,0.000418499
0.000235526,0.000418506
0.000235526,0.000418514
0.000235526,0.000418521
0.000235526,0.000418528
0.000235526,0.000418535
0.000235526,0.000418542
0.000235526,0.000418549
0.000235526,0.000418556
0.000235526,0.000418564
0.000235526,0.000418578
0.000235526,0.000418578
0.000235526,0.000418578
0.000235526,0.000418599
0.000235526,0.000418599
0.000235526,0.000418607
0.000235526,0.000418614
0.000235526,0.000418621
0.000235526,0.000418628
0.000235526,0.000418635
0.000235526,0.000418642
0.000235526,0.000418649
0.000235526,0.000418657
0.000235526,0.000418657
0.000235526,0.000418664
0.000235526,0.000418678
0.000235526,0.000418685
0.000235526,0.000418685
0.000235526,0.0004187
0.000235526,0.000418707
0.000235526,0.000418707
0.000235526,0.000418714
0.000235526,0.000418721
0.000235526,0.000418728
0.000235526,0.000418742
0.000235526,0.000418735
0.000235526,0.000418757
0.000235526,0.00041875
0.000235526,0.000418764
0.000235526,0.000418771
0.000235526,0.000418771
0.000235526,0.000418778
0.000235526,0.000418793
0.000235526,0.000418793
0.000235526,0.000418807
0.000235526,0.0004188
0.000235526,0.000418814
0.000235526,0.000418821
0.000235526,0.000418828
0.000235526,0.000418828
0.000236107,0.00041969
0.000237271,0.000420272
0.000238435,0.000420862
0.000239599,0.00042145
0.000240763,0.00042204
0.000241927,0.000422629
0.000243092,0.000423218
0.000244256,0.000423801
0.00024542,0.00042439
0.000246585,0.000424979
0.000247749,0.000425569
0.000248914,0.000426158
0.000250078,0.000426748
0.000251243,0.000427337
0.000252407,0.000427912
0.000253572,0.000428516
0.000254736,0.000429091
0.0002559,0.000429687
0.000257065,0.000430277
0.000258229,0.000430866
0.000259394,0.000431441
0.000260559,0.000432045
0.000261723,0.000432627
0.000262887,0.000433209
0.000264052,0.000433806
0.000265217,0.000434388
0.000266382,0.000434978
0.000267547,0.000435568
0.000268711,0.00043615
0.000269876,0.000436747
0.000271041,0.000437329
0.000272205,0.000437918
0.00027337,0.000438508
0.000274535,0.000439091
0.0002757,0.00043968
0.000276865,0.000440277
0.00027803,0.000440852
0.000279195,0.000441449
0.00028036,0.000442038
0.000281525,0.000442614
0.00028269,0.000443211
0.000283855,0.000443801
0.00028502,0.000444383
0.000286185,0.000444973
0.00028735,0.000445562
0.000288515,0.000446152
0.00028968,0.000446727
0.000290846,0.000447332
0.000292011,0.000447914
0.000293176,0.000448497
0.000294341,0.000449086
0.000295507,0.000449677
0.000296672,0.000450259
0.000297837,0.000450856
0.000299002,0.000451439
0.000300167,0.000452021
0.000301333,0.000452618
0.000302498,0.000453208
0.000303663,0.000453784
0.000304829,0.00045438
0.000305994,0.000454963
0.000307159,0.000455553
0.000308325,0.000456136
0.00030949,0.000456733
0.000310656,0.000457309
0.000311822,0.000457906
0.000312987,0.000458495
0.000314152,0.000459071
0.000315318,0.000459661
0.000316484,0.000460258
0.00031765,0.000460841
0.000318815,0.000461431
0.00031998,0.000462007
0.000321146,0.000462611
0.000322312,0.000463194
0.000323478,0.000463769
0.000324644,0.000464367
0.000325809,0.000464957
0.000326975,0.000465532
0.00032814,0.00046613
0.000329306,0.000466719
0.000330471,0.000467302
0.000331638,0.000467892
0.000332804,0.000468469
0.000333969,0.000469065
0.000335135,0.000469655
0.000336301,0.000470238
0.000337467,0.000470822
0.000338633,0.000471419
0.000339799,0.000471995
0.000340965,0.000472592
0.000342131,0.000473175
0.000343297,0.000473765
0.000344463,0.000474348
0.000345629,0.000474938
0.000346795,0.000475521
0.000347961,0.000476112
0.000349127,0.000476701
0.000350293,0.000477285
0.000351459,0.000477868
0.000352625,0.000478458
0.000353791,0.000479055
0.000354957,0.000479631
0.000356123,0.000480221
0.000357289,0.000480804
0.000358455,0.000481402
0.000359622,0.000481978
0.000360788,0.000482575
0.000361954,0.000483158
0.00036312,0.000483727
0.000364286,0.000484339
0.000365453,0.000484908
0.000366619,0.000485505
0.000367785,0.000486103
0.000368952,0.000486671
0.000370118,0.000487269
0.000371284,0.000487852
0.000372451,0.000488435
0.000373617,0.000489019
0.000374784,0.000489616
0.00037595,0.000490199
0.000377117,0.000490783
0.000378283,0.00049138
0.000379449,0.000491949
0.000380616,0.000492546
0.000381783,0.00049313
0.000382949,0.000493727
0.000384116,0.000494296
0.000385282,0.000494894
0.000386448,0.000495477
0.000387614,0.000496074
0.00038878,0.000496657
0.000389948,0.000497241
0.000391114,0.000497825
0.00039228,0.000498407
0.000393447,0.000498991
0.000394614,0.000499589
0.000395779,0.000500171
0.000396946,0.000500769
0.000398114,0.000501338
0.000399281,0.000501936
0.000400446,0.000502505
0.000401613,0.000503116
0.00040278,0.000503686
0.000403947,0.000504269
0.000405114,0.000504867
0.00040628,0.00050545
0.000407446,0.000506047
0.000408614,0.000506617
0.000409781,0.000507201
0.000410948,0.000507798
0.000412115,0.000508382
0.000413283,0.00050898
0.00041445,0.00050955
0.000415615,0.000510147
0.000416782,0.00051073
0.000417949,0.000511299
0.000419116,0.000511911
0.000420283,0.00051248
0.00042145,0.000513078
0.000422616,0.000513661
0.000423783,0.00051423
0.00042495,0.000514842
0.000426117,0.000515412
0.000427284,0.000515995
0.000428451,0.000516593
0.000429617,0.000517176
0.000430785,0.00051776
0.000431953,0.000518344
0.00043312,0.000518942
0.000434285,0.00051951
0.000435452,0.000520108
0.00043662,0.000520692
0.000437786,0.000521275
0.000438952,0.000521858
0.00044012,0.000522456
0.000441288,0.000523025
0.000442455,0.000523624
0.000443621,0.000524207
0.000444789,0.00052479
0.000445957,0.000525389
0.000447123,0.000525958
0.00044829,0.000526556
0.000449457,0.000527125
0.000450624,0.000527723
0.00045179,0.000528306
0.000452958,0.000528889
0.000454127,0.000529488
0.000455293,0.000530058
0.000456459,0.000530654
0.000457627,0.000531224
0.000458795,0.000531836
0.000459962,0.000532406
0.000461129,0.00053299
0.000462296,0.000533573
0.000463463,0.000534171
0.000464631,0.00053474
0.000465797,0.000535338
0.000466964,0.00053592
0.000468131,0.000536505
0.000469298,0.000537088
0.000470466,0.000537672
0.000471634,0.00053827
0.000472802,0.00053884
0.000473969,0.000539438
0.000475136,0.000540022
0.000476303,0.000540591
0.00047747,0.000541188
0.000478638,0.000541786
0.000479803,0.000542356
0.00048097,0.000542938
0.000482139,0.000543537
0.000483306,0.000544107
0.000484474,0.00054469
0.000485641,0.000545303
0.000486808,0.000545857
0.000487975,0.000546455
0.000489143,0.000547039
0.00049031,0.000547623
0.000491478,0.000548221
0.000492645,0.000548791
0.000493813,0.000549388
0.00049498,0.000549958
0.000496147,0.000550556
0.000497315,0.000551139
0.000498481,0.000551723
0.000499648,0.000552292
0.000500817,0.000552904
0.000501984,0.00055346
0.000503151,0.000554072
0.000504319,0.000554642
0.000505486,0.000555225
0.000506654,0.000555823
0.000507822,0.000556393
0.000508988,0.000556991
0.000510155,0.000557574
0.000511322,0.000558144
0.00051249,0.000558741
0.000513658,0.000559326
0.000514826,0.000559909
0.000515994,0.000560493
0.000517162,0.000561078
0.000518329,0.000561661
0.000519496,0.000562245
0.000520663,0.000562828
0.000521831,0.000563427
0.000522998,0.000563995
0.000524166,0.000564579
0.000525333,0.000565178
0.000526499,0.000565746
0.000527667,0.000566344
0.000528835,0.000566929
0.000530002,0.000567497
0.00053117,0.000568096
0.000532339,0.00056868
0.000533506,0.000569264
0.000534673,0.000569847
0.000535841,0.000570432
0.000537007,0.000571
0.000538175,0.000571598
0.000539343,0.000572197
0.000540511,0.000572752
0.000541677,0.00057335
0.000542844,0.000573947
0.000544012,0.000574502
0.00054518,0.000575115
0.000546349,0.000575685
0.000547515,0.000576283
0.000548682,0.000576837
0.00054985,0.00057745
0.000551018,0.00057802
0.000552185,0.000578603
0.000553352,0.000579201
0.000554521,0.000579771
0.000555688,0.000580369
0.000556854,0.000580938
0.000558022,0.000581522
0.000559191,0.00058212
0.000560359,0.00058269
0.000561527,0.000583274
0.000562693,0.000583872
0.00056386,0.000584441
0.000565028,0.000585025
0.000566196,0.000585609
0.000567385,0.000597439
0.000568618,0.000609664
0.000569898,0.000622242
0.000571223,0.000635203
0.000572595,0.000648542
0.00057402,0.000662282
0.000575493,0.000676405
0.000577019,0.000690911
0.0005786,0.000705833
0.000580235,0.000721125
0.000581928,0.000736833
0.000583679,0.000752944
0.000585487,0.000769412
0.000587357,0.000786312
0.00058929,0.000803559
0.000591287,0.000821225
0.000593348,0.000839253
0.000595475,0.000857644
0.00059767,0.000876397
0.000599934,0.000895487
0.000602269,0.000914941
0.000604673,0.000934675
0.000607148,0.000954758
0.000609699,0.000975094
0.000612323,0.000995711
0.000615022,0.00101657
0.000617797,0.00103767
0.000620648,0.00105895
0.000623575,0.00108042
0.00062658,0.00110201
0.000629663,0.00112373
0.000632823,0.00114552
0.000636063,0.00116736
0.000639381,0.00118923
0.000642775,0.00121103
0.000646248,0.00123279
0.000649796,0.00125444
0.000653421,0.00127593
0.000657122,0.00129722
0.000660896,0.00131828
0.000664745,0.00133902
0.000668668,0.00135947
0.00067266,0.00137951
0.00067672,0.00139913
0.000680847,0.00141826
0.000685037,0.00143686
0.000689291,0.00145488
0.000693606,0.0014723
0.000697977,0.00148902
0.000702403,0.00150505
0.000706882,0.0015203
0.000711409,0.00153475
0.000715981,0.00154837
0.000720595,0.0015611
0.000725249,0.00157291
0.000729935,0.00158377
0.000734653,0.00159364
0.0007394,0.00160249
0.000744168,0.00161035
0.000748955,0.0016171
0.000753758,0.00162279
0.00075857,0.00162741
0.000763388,0.000380488
0.000455242,0.000525939
0.000455242,0.000525952
0.000455242,0.000525964
0.000455242,0.000525977
0.000455242,0.000525989
0.000455242,0.000526002
0.000455242,0.000526014
0.000455242,0.000526027
0.000455242,0.000526039
0.000455242,0.000526051
0.000455242,0.000526064
0.000455242,0.000526076
0.000455242,0.000526088
0.000455242,0.000526101
0.000455242,0.000526113
0.000455242,0.000526125
0.000455242,0.000526137
0.000455242,0.000526149
0.000455242,0.000526162
0.000455242,0.000526173
0.000455242,0.000526186
0.000455242,0.000526198
0.000455242,0.000526211
0.000455242,0.000526222
0.000455242,0.000526234
0.000455242,0.000526246
0.000455242,0.000526258
0.000455242,0.00052627
0.000455242,0.000526282
0.000455242,0.000526294
0.000455242,0.000526306
0.000455242,0.000526318
0.000455242,0.00052633
0.000455242,0.000526341
0.000455242,0.000526354
0.000455242,0.000526365
0.000455242,0.000526377
0.000455242,0.00052639
0.000455242,0.000526401
0.000455242,0.000526412
0.000455242,0.000526425
0.000455242,0.000526435
0.000455242,0.000526447
0.000455242,0.00052646
0.000455242,0.000526471
0.000455242,0.000526483
0.000455242,0.000526493
0.000455242,0.000526505
0.000455242,0.000526518
0.000455242,0.000526529
0.000455242,0.00052654
0.000455242,0.000526552
0.000455242,0.000526562
0.000455242,0.000526575
0.000455242,0.000526586
0.000455242,0.000526598
0.000455242,0.000526609
0.000455242,0.00052662
0.000455242,0.00052663
0.000455242,0.000526645
0.000455242,0.000526654
0.000455242,0.000526664
0.000455242,0.000526677
0.000455242,0.000526688
0.000455242,0.000526698
0.000455242,0.000526711
0.000455242,0.000526721
0.000455242,0.000526732
0.000455242,0.000526743
0.000455242,0.000526755
0.000455242,0.000526766
0.000455242,0.000526777
0.000455242,0.000526786
0.000455242,0.0005268
0.000455242,0.000526809
0.000455242,0.00052682
0.000455242,0.000526832
0.000455242,0.000526843
0.000455242,0.000526854
0.000455242,0.000526865
0.000455242,0.000526873
0.000455242,0.000526888
0.000455242,0.000526897
0.000455242,0.000526907
0.000455242,0.000526918
0.000453386,0.00053594
0.000449673,0.000534095
0.00044596,0.000532249
0.000442247,0.000530406
0.000438532,0.000528558
0.000434818,0.000526711
0.000431105,0.000524865
0.000427391,0.00052302
0.000423677,0.000521174
0.000419962,0.000519329
0.000416247,0.000517481
0.000412534,0.000515634
0.000408819,0.00051379
0.000405103,0.000511941
0.000401389,0.000510094
0.000397675,0.000508248
0.000393959,0.000506402
0.000390244,0.000504556
0.000386529,0.000502709
0.000382814,0.000500859
0.000379098,0.000499016
0.000375381,0.000497166
0.000371665,0.000495318
0.000367949,0.000493471
0.000364231,0.000491624
0.000360515,0.000489775
0.000356799,0.00048793
0.000353083,0.000486078
0.000349367,0.000484236
0.000345648,0.000482384
0.000341932,0.000480536
0.000338215,0.000478689
0.000334497,0.000476838
0.000330781,0.000474994
0.000327064,0.000473143
0.000323346,0.000471296
0.000319627,0.000469447
0.00031591,0.000467596
0.00031219,0.000465752
0.000308472,0.000463898
0.000304754,0.000462052
0.000301036,0.000460203
0.000297318,0.000458351
0.000293599,0.000456503
0.000289881,0.000454655
0.000286162,0.000452806
0.000282443,0.000450955
0.000278723,0.000449105
0.000275004,0.000447257
0.000271284,0.000445409
0.000267565,0.000443556
0.000263846,0.000441707
0.000260126,0.000439859
0.000256406,0.000438007
0.000252686,0.000436157
0.000248966,0.000434308
0.000245246,0.000432456
0.000241525,0.000430607
0.00023859,0.000433772
0.000236438,0.000432705
0.000234286,0.00043164
0.000232135,0.000430575
0.000229982,0.000429507
0.00022783,0.000428442
0.000225678,0.000427377
0.000223526,0.000426308
0.000221374,0.000425243
0.000219222,0.000424175
0.000217069,0.00042311
0.000214917,0.000422045
0.000212765,0.000420977
0.000210612,0.000419908
0.00020846,0.000418846
0.000206308,0.000417778
0.000204155,0.00041671
0.000202002,0.000415644
0.00020171,0.00040111
0.00020328,0.000401902
0.00020485,0.000402694
0.00020642,0.00040349
0.00020799,0.000404286
0.00020956,0.000405078
0.00021113,0.000405874
0.0002127,0.000406665
0.00021427,0.000407461
0.00021584,0.000408254
0.00021741,0.000409049
0.00021898,0.000409842
0.00022055,0.000410637
0.000222121,0.00041143
0.000223691,0.000412222
0.000225262,0.000413018
0.000226832,0.000413814
0.000228403,0.000414607
0.000229973,0.000415399
0.000231544,0.000416195
0.000233115,0.000416988
0.000234685,0.000417784
0.00023547,0.000417992
0.00023547,0.000418003
0.00023547,0.00041801
0.00023547,0.000418017
0.00023547,0.000418028
0.00023547,0.000418035
0.00023547,0.000418042
0.00023547,0.000418053
0.00023547,0.00041806
0.00023547,0.000418071
0.00023547,0.000418078
0.00023547,0.000418085
0.00023547,0.000418096
0.00023547,0.000418103
0.00023547,0.00041811
0.00023547,0.000418121
0.00023547,0.000418128
0.00023547,0.000418135
0.00023547,0.000418143
0.00023547,0.000418157
0.00023547,0.000418157
0.00023547,0.000418171
0.00023547,0.000418178
0.00023547,0.000418185
0.00023547,0.000418193
0.00023547,0.0004182
0.00023547,0.000418214
0.00023547,0.000418214
0.00023547,0.000418228
0.00023547,0.000418236
0.00023547,0.000418243
0.00023547,0.00041825
0.00023547,0.000418257
0.00023547,0.000418264
0.00023547,0.000418271
0.00023547,0.000418286
0.00023547,0.000418286
0.00023547,0.0004183
0.00023547,0.0004183
0.00023547,0.000418314
0.00023547,0.000418321
0.00023547,0.000418328
0.00023547,0.000418336
0.00023547,0.000418343
0.00023547,0.000418357
0.00023547,0.000418357
0.00023547,0.000418364
0.00023547,0.000418379
0.00023547,0.000418379
0.00023547,0.000418393
0.00023547,0.000418393
0.00023547,0.000418407
0.00023547,0.000418414
0.00023547,0.000418414
0.00023547,0.000418429
0.00023547,0.000418436
0.00023547,0.000418443
0.00023547,0.00041845
0.00023547,0.000418457
0.00023547,0.000418464
0.00023547,0.000418472
0.00023547,0.000418479
0.00023547,0.000418486
0.00023547,0.000418493
0.00023547,0.0004185
0.00023547,0.000418507
0.00023547,0.000418514
0.00023547,0.000418522
0.00023547,0.000418529
0.00023547,0.000418536
0.00023547,0.00041855
0.00023547,0.00041855
0.00023547,0.00041855
0.00023547,0.000418572
0.00023547,0.000418572
0.00023547,0.000418579
0.00023547,0.000418586
0.00023547,0.000418593
0.00023547,0.0004186
0.00023547,0.000418607
0.00023547,0.000418615
0.00023547,0.000418622
0.00023547,0.000418629
0.00023547,0.000418629
0.00023547,0.000418636
0.00023547,0.00041865
0.00023547,0.000418658
0.00023547,0.000418658
0.00023547,0.000418672
0.00023547,0.000418679
0.00023547,0.000418679
0.00023547,0.000418686
0.00023547,0.000418693
0.00023547,0.0004187
0.00023547,0.000418715
0.00023547,0.000418708
0.00023547,0.000418729
0.00023547,0.000418722
0.00023547,0.000418736
0.00023547,0.000418743
0.00023547,0.000418743
0.00023547,0.00041875
0.00023547,0.000418765
0.00023547,0.000418765
0.00023547,0.000418779
0.00023547,0.000418772
0.00023547,0.000418786
0.00023547,0.000418793
0.00023547,0.000418801
0.00023547,0.000418801
0.000236053,0.000419707
0.000237217,0.000420289
0.00023838,0.000420878
0.000239545,0.000421467
0.000240709,0.000422057
0.000241873,0.000422646
0.000243036,0.000423235
0.0002442,0.000423817
0.000245364,0.000424406
0.000246529,0.000424995
0.000247692,0.000425584
0.000248856,0.000426173
0.00025002,0.000426763
0.000251185,0.000427352
0.000252349,0.000427927
0.000253513,0.00042853
0.000254678,0.000429106
0.000255842,0.000429702
0.000257006,0.000430291
0.00025817,0.00043088
0.000259334,0.000431456
0.000260498,0.000432059
0.000261663,0.000432641
0.000262828,0.000433224
0.000263992,0.00043382
0.000265156,0.000434402
0.00026632,0.000434991
0.000267485,0.000435581
0.000268649,0.000436163
0.000269814,0.00043676
0.000270979,0.000437342
0.000272143,0.000437932
0.000273308,0.000438521
0.000274472,0.000439103
0.000275637,0.000439693
0.000276801,0.000440289
0.000277966,0.000440864
0.000279131,0.000441461
0.000280295,0.000442051
0.00028146,0.000442626
0.000282625,0.000443222
0.000283789,0.000443812
0.000284954,0.000444394
0.000286119,0.000444984
0.000287284,0.000445574
0.000288449,0.000446163
0.000289614,0.000446739
0.000290779,0.000447342
0.000291944,0.000447925
0.000293109,0.000448507
0.000294274,0.000449097
0.000295438,0.000449687
0.000296603,0.000450269
0.000297768,0.000450866
0.000298933,0.000451448
0.000300099,0.000452031
0.000301263,0.000452628
0.000302428,0.000453218
0.000303594,0.000453793
0.000304759,0.00045439
0.000305924,0.000454972
0.000307089,0.000455562
0.000308254,0.000456145
0.000309419,0.000456742
0.000310584,0.000457317
0.00031175,0.000457914
0.000312915,0.000458504
0.00031408,0.000459079
0.000315246,0.000459669
0.000316411,0.000460266
0.000317576,0.000460849
0.000318742,0.000461439
0.000319907,0.000462014
0.000321072,0.000462618
0.000322238,0.000463201
0.000323403,0.000463777
0.000324568,0.000464374
0.000325734,0.000464963
0.0003269,0.000465539
0.000328065,0.000466136
0.00032923,0.000466726
0.000330396,0.000467309
0.000331562,0.000467899
0.000332727,0.000468474
0.000333893,0.000469072
0.000335058,0.000469662
0.000336223,0.000470244
0.000337389,0.000470827
0.000338555,0.000471424
0.00033972,0.000472
0.000340886,0.000472597
0.000342052,0.00047318
0.000343218,0.00047377
0.000344383,0.000474353
0.000345549,0.000474943
0.000346715,0.000475526
0.000347881,0.000476116
0.000349046,0.000476706
0.000350212,0.000477288
0.000351378,0.000477871
0.000352544,0.000478462
0.000353709,0.000479059
0.000354875,0.000479634
0.000356041,0.000480224
0.000357208,0.000480808
0.000358373,0.000481405
0.000359539,0.00048198
0.000360705,0.000482578
0.000361871,0.000483161
0.000363037,0.00048373
0.000364203,0.000484341
0.000365369,0.00048491
0.000366535,0.000485507
0.000367701,0.000486105
0.000368867,0.000486673
0.000370033,0.00048727
0.000371199,0.000487854
0.000372365,0.000488437
0.000373531,0.00048902
0.000374697,0.000489617
0.000375864,0.0004902
0.00037703,0.000490784
0.000378196,0.000491381
0.000379362,0.00049195
0.000380529,0.000492547
0.000381694,0.00049313
0.000382861,0.000493727
0.000384027,0.000494296
0.000385193,0.000494893
0.00038636,0.000495477
0.000387526,0.000496074
0.000388693,0.000496658
0.000389858,0.000497241
0.000391024,0.000497823
0.000392192,0.000498407
0.000393358,0.000498991
0.000394524,0.000499587
0.000395691,0.000500172
0.000396856,0.000500768
0.000398022,0.000501337
0.000399189,0.000501934
0.000400356,0.000502504
0.000401522,0.000503116
0.000402687,0.000503684
0.000403854,0.000504267
0.000405021,0.000504865
0.000406187,0.000505448
0.000407354,0.000506046
0.00040852,0.000506615
0.000409687,0.000507198
0.000410854,0.000507796
0.000412019,0.000508379
0.000413185,0.000508975
0.000414353,0.000509545
0.00041552,0.000510143
0.000416687,0.000510727
0.000417853,0.000511295
0.000419019,0.000511908
0.000420185,0.000512475
0.000421352,0.000513074
0.000422519,0.000513657
0.000423686,0.000514226
0.000424853,0.000514838
0.000426019,0.000515407
0.000427186,0.00051599
0.000428352,0.000516588
0.000429518,0.000517171
0.000430684,0.000517754
0.000431851,0.000518337
0.000433019,0.000518935
0.000434185,0.000519505
0.000435352,0.000520102
0.000436519,0.000520686
0.000437686,0.000521269
0.000438853,0.000521853
0.000440019,0.00052245
0.000441186,0.000523019
0.000442353,0.000523617
0.000443521,0.000524201
0.000444687,0.000524784
0.000445853,0.000525381
0.00044702,0.00052595
0.000448187,0.000526548
0.000449354,0.000527118
0.000450521,0.000527715
0.000451688,0.000528299
0.000452854,0.000528882
0.00045402,0.00052948
0.000455187,0.000530048
0.000456355,0.000530647
0.000457521,0.000531215
0.000458688,0.000531828
0.000459856,0.000532396
0.000461023,0.000532981
0.000462188,0.000533563
0.000463356,0.000534161
0.000464524,0.000534731
0.00046569,0.000535329
0.000466857,0.000535912
0.000468025,0.000536496
0.000469192,0.00053708
0.000470358,0.000537663
0.000471525,0.000538261
0.000472692,0.000538829
0.000473859,0.000539427
0.000475025,0.00054001
0.000476193,0.00054058
0.00047736,0.000541178
0.000478527,0.000541775
0.000479694,0.000542345
0.000480861,0.000542929
0.000482028,0.000543526
0.000483195,0.000544095
0.000484362,0.000544679
0.000485529,0.000545291
0.000486696,0.000545846
0.000487863,0.000546443
0.000489032,0.000547028
0.000490199,0.000547612
0.000491365,0.000548209
0.000492533,0.000548779
0.000493699,0.000549377
0.000494866,0.000549945
0.000496033,0.000550543
0.0004972,0.000551126
0.000498368,0.00055171
0.000499536,0.00055228
0.000500702,0.000552892
0.000501868,0.000553447
0.000503035,0.000554058
0.000504203,0.000554628
0.00050537,0.000555212
0.000506537,0.00055581
0.000507704,0.000556378
0.000508871,0.000556976
0.000510039,0.00055756
0.000511207,0.00055813
0.000512373,0.000558728
0.00051354,0.000559311
0.000514707,0.000559895
0.000515873,0.000560478
0.00051704,0.000561061
0.000518208,0.000561645
0.000519375,0.000562228
0.000520543,0.000562812
0.00052171,0.00056341
0.000522877,0.00056398
0.000524044,0.000564563
0.000525212,0.000565161
0.000526381,0.000565731
0.000527547,0.000566329
0.000528713,0.000566911
0.000529881,0.000567482
0.000531048,0.000568079
0.000532215,0.000568663
0.000533382,0.000569246
0.000534549,0.00056983
0.000535716,0.000570413
0.000536884,0.000570983
0.000538052,0.000571581
0.000539219,0.000572179
0.000540385,0.000572734
0.000541552,0.000573331
0.000542721,0.00057393
0.000543889,0.000574485
0.000545055,0.000575097
0.000546221,0.000575666
0.00054739,0.000576263
0.000548557,0.00057682
0.000549723,0.000577431
0.000550891,0.000578001
0.000552059,0.000578584
0.000553226,0.000579183
0.000554393,0.000579752
0.00055556,0.000580349
0.000556727,0.000580919
0.000557895,0.000581503
0.000559062,0.000582101
0.000560229,0.000582669
0.000561396,0.000583253
0.000562564,0.000583851
0.000563731,0.000584421
0.000564899,0.000585005
0.000566066,0.000585588
0.000567254,0.00059742
0.000568487,0.000609646
0.000569765,0.000622226
0.000571091,0.000635186
0.000572465,0.000648531
0.000573887,0.000662271
0.000575362,0.000676395
0.000576887,0.000690905
0.000578467,0.000705827
0.000580102,0.000721122
0.000581793,0.000736831
0.000583543,0.000752943
0.000585354,0.000769415
0.000587224,0.000786318
0.000589156,0.000803567
0.000591152,0.000821235
0.000593212,0.000839265
0.000595339,0.000857657
0.000597534,0.000876414
0.000599796,0.000895506
0.000602128,0.000914961
0.000604534,0.000934697
0.000607011,0.000954785
0.000609559,0.000975122
0.000612182,0.000995741
0.000614881,0.0010166
0.000617655,0.00103771
0.000620505,0.00105899
0.000623433,0.00108046
0.000626437,0.00110206
0.00062952,0.00112378
0.000632679,0.00114557
0.000635917,0.00116741
0.000639233,0.00118928
0.000642627,0.00121109
0.000646099,0.00123285
0.000649646,0.00125451
0.000653271,0.001276
0.000656971,0.00129728
0.000660746,0.00131835
0.000664594,0.00133909
0.000668513,0.00135954
0.000672503,0.00137958
0.000676562,0.0013992
0.000680688,0.00141834
0.00068488,0.00143694
0.000689132,0.00145497
0.000693445,0.00147239
0.000697817,0.00148911
0.000702243,0.00150514
0.00070672,0.00152039
0.000711245,0.00153484
0.000715816,0.00154846
0.000720429,0.00156119
0.00072508,0.001573
0.000729766,0.00158386
0.000734484,0.00159373
0.000739228,0.00160258
0.000743996,0.00161044
0.000748782,0.00161719
0.000753583,0.00162289
0.000758394,0.0016275
0.000763214,0.000380401
0.000455124,0.00052588
0.000455124,0.000525893
0.000455124,0.000525905
0.000455124,0.000525918
0.000455124,0.00052593
0.000455124,0.000525943
0.000455124,0.000525955
0.000455124,0.000525968
0.000455124,0.00052598
0.000455124,0.000525992
0.000455124,0.000526005
0.000455124,0.000526017
0.000455124,0.000526029
0.000455124,0.000526042
0.000455124,0.000526054
0.000455124,0.000526066
0.000455124,0.000526078
0.000455124,0.00052609
0.000455124,0.000526103
0.000455124,0.000526114
0.000455124,0.000526127
0.000455124,0.000526139
0.000455124,0.000526152
0.000455124,0.000526163
0.000455124,0.000526175
0.000455124,0.000526187
0.000455124,0.000526199
0.000455124,0.000526211
0.000455124,0.000526223
0.000455124,0.000526235
0.000455124,0.000526247
0.000455124,0.000526259
0.000455124,0.000526271
0.000455124,0.000526282
0.000455124,0.000526295
0.000455124,0.000526306
0.000455124,0.000526318
0.000455124,0.000526331
0.000455124,0.000526341
0.000455124,0.000526353
0.000455124,0.000526366
0.000455124,0.000526376
0.000455124,0.000526388
0.000455124,0.000526401
0.000455124,0.000526412
0.000455124,0.000526424
0.000455124,0.000526434
0.000455124,0.000526446
0.000455124,0.000526459
0.000455124,0.00052647
0.000455124,0.000526481
0.000455124,0.000526493
0.000455124,0.000526503
0.000455124,0.000526516
0.000455124,0.000526527
0.000455124,0.000526539
0.000455124,0.00052655
0.000455124,0.000526561
0.000455124,0.000526571
0.000455124,0.000526586
0.000455124,0.000526595
0.000455124,0.000526605
0.000455124,0.000526618
0.000455124,0.000526628
0.000455124,0.000526639
0.000455124,0.000526652
0.000455124,0.000526662
0.000455124,0.000526673
0.000455124,0.000526684
0.000455124,0.000526696
0.000455124,0.000526707
0.000455124,0.000526718
0.000455124,0.000526727
0.000455124,0.000526741
0.000455124,0.00052675
0.000455124,0.000526761
0.000455124,0.000526773
0.000455124,0.000526784
0.000455124,0.000526795
0.000455124,0.000526806
0.000455124,0.000526814
0.000455124,0.000526829
0.000455124,0.000526838
0.000455124,0.000526848
0.000455124,0.000526859
0.000453268,0.000536332
0.000449556,0.000534487
0.000445843,0.000532642
0.00044213,0.000530798
0.000438418,0.000528951
0.000434705,0.000527106
0.000430992,0.000525258
0.000427279,0.000523415
0.000423565,0.000521569
0.000419852,0.000519723
0.000416139,0.000517879
0.000412425,0.00051603
0.000408711,0.000514186
0.000404999,0.000512339
0.000401284,0.000510494
0.000397569,0.000508645
0.000393855,0.000506801
0.000390142,0.000504955
0.000386427,0.00050311
0.000382711,0.000501258
0.000378996,0.000499416
0.000375282,0.000497565
0.000371567,0.000495721
0.000367851,0.000493873
0.000364136,0.000492026
0.000360421,0.00049018
0.000356706,0.000488333
0.000352989,0.000486484
0.000349273,0.000484639
0.000345557,0.000482789
0.000341841,0.000480941
0.000338126,0.000479096
0.000334408,0.000477244
0.000330691,0.0004754
0.000326975,0.00047355
0.000323259,0.000471702
0.000319543,0.000469856
0.000315826,0.000468005
0.000312109,0.000466161
0.000308391,0.00046431
0.000304674,0.000462462
0.000300957,0.000460615
0.000297239,0.000458764
0.00029352,0.000456915
0.000289803,0.000455067
0.000286084,0.000453219
0.000282367,0.000451367
0.000278649,0.00044952
0.000274931,0.000447672
0.000271213,0.000445825
0.000267494,0.000443972
0.000263776,0.000442124
0.000260057,0.000440276
0.000256338,0.000438424
0.000252619,0.000436575
0.000248901,0.000434727
0.000245182,0.000432875
0.000241462,0.000431027
0.000238526,0.000434061
0.000236375,0.000432993
0.000234224,0.000431928
0.000232073,0.000430864
0.000229922,0.000429796
0.000227771,0.000428732
0.000225619,0.000427666
0.000223468,0.000426599
0.000221316,0.000425534
0.000219165,0.000424466
0.000217013,0.000423401
0.000214861,0.000422337
0.000212709,0.000421268
0.000210557,0.0004202
0.000208405,0.000419139
0.000206252,0.00041807
0.000204101,0.000417002
0.000201949,0.000415937
0.000201658,0.000401036
0.000203227,0.000401828
0.000204796,0.00040262
0.000206366,0.000403415
0.000207935,0.000404211
0.000209505,0.000405002
0.000211075,0.000405798
0.000212644,0.00040659
0.000214213,0.000407385
0.000215783,0.000408177
0.000217353,0.000408973
0.000218923,0.000409765
0.000220493,0.000410561
0.000222063,0.000411353
0.000223633,0.000412145
0.000225203,0.000412941
0.000226773,0.000413737
0.000228344,0.000414529
0.000229913,0.000415321
0.000231483,0.000416117
0.000233053,0.000416909
0.000234624,0.000417705
0.000235409,0.000417961
0.000235409,0.000417972
0.000235409,0.000417979
0.000235409,0.000417987
0.000235409,0.000417997
0.000235409,0.000418004
0.000235409,0.000418012
0.000235409,0.000418022
0.000235409,0.000418029
0.000235409,0.00041804
0.000235409,0.000418047
0.000235409,0.000418054
0.000235409,0.000418065
0.000235409,0.000418072
0.000235409,0.000418079
0.000235409,0.00041809
0.000235409,0.000418097
0.000235409,0.000418105
0.000235409,0.000418112
0.000235409,0.000418126
0.000235409,0.000418126
0.000235409,0.00041814
0.000235409,0.000418147
0.000235409,0.000418155
0.000235409,0.000418162
0.000235409,0.000418169
0.000235409,0.000418183
0.000235409,0.000418183
0.000235409,0.000418198
0.000235409,0.000418205
0.000235409,0.000418212
0.000235409,0.000418219
0.000235409,0.000418226
0.000235409,0.000418233
0.000235409,0.00041824
0.000235409,0.000418255
0.000235409,0.000418255
0.000235409,0.000418269
0.000235409,0.000418269
0.000235409,0.000418283
0.000235409,0.00041829
0.000235409,0.000418298
0.000235409,0.000418305
0.000235409,0.000418312
0.000235409,0.000418326
0.000235409,0.000418326
0.000235409,0.000418333
0.000235409,0.000418348
0.000235409,0.000418348
0.000235409,0.000418362
0.000235409,0.000418362
0.000235409,0.000418376
0.000235409,0.000418383
0.000235409,0.000418383
0.000235409,0.000418398
0.000235409,0.000418405
0.000235409,0.000418412
0.000235409,0.000418419
0.000235409,0.000418426
0.000235409,0.000418434
0.000235409,0.000418441
0.000235409,0.000418448
0.000235409,0.000418455
0.000235409,0.000418462
0.000235409,0.000418469
0.000235409,0.000418476
0.000235409,0.000418484
0.000235409,0.000418491
0.000235409,0.000418498
0.000235409,0.000418505
0.000235409,0.000418519
0.000235409,0.000418519
0.000235409,0.000418519
0.000235409,0.000418541
0.000235409,0.000418541
0.000235409,0.000418548
0.000235409,0.000418555
0.000235409,0.000418562
0.000235409,0.000418569
0.000235409,0.000418577
0.000235409,0.000418584
0.000235409,0.000418591
0.000235409,0.000418598
0.000235409,0.000418598
0.000235409,0.000418605
0.000235409,0.00041862
0.000235409,0.000418627
0.000235409,0.000418627
0.000235409,0.000418641
0.000235409,0.000418648
0.000235409,0.000418648
0.000235409,0.000418655
0.000235409,0.000418662
0.000235409,0.00041867
0.000235409,0.000418684
0.000235409,0.000418677
0.000235409,0.000418698
0.000235409,0.000418691
0.000235409,0.000418705
0.000235409,0.000418712
0.000235409,0.000418712
0.000235409,0.00041872
0.000235409,0.000418734
0.000235409,0.000418734
0.000235409,0.000418748
0.000235409,0.000418741
0.000235409,0.000418755
0.000235409,0.000418763
0.000235409,0.00041877
0.000235409,0.00041877
0.00023599,0.000419721
0.000237154,0.000420303
0.000238317,0.000420892
0.000239481,0.000421481
0.000240645,0.00042207
0.000241808,0.000422659
0.000242972,0.000423248
0.000244136,0.00042383
0.0002453,0.000424419
0.000246463,0.000425008
0.000247627,0.000425597
0.000248791,0.000426186
0.000249955,0.000426775
0.000251119,0.000427364
0.000252282,0.000427939
0.000253446,0.000428542
0.00025461,0.000429117
0.000255774,0.000429714
0.000256938,0.000430302
0.000258102,0.000430892
0.000259266,0.000431467
0.00026043,0.000432071
0.000261594,0.000432652
0.000262758,0.000433234
0.000263922,0.000433831
0.000265086,0.000434413
0.000266251,0.000435002
0.000267415,0.000435591
0.000268579,0.000436173
0.000269743,0.00043677
0.000270907,0.000437352
0.000272072,0.000437941
0.000273236,0.00043853
0.0002744,0.000439112
0.000275564,0.000439702
0.000276729,0.000440298
0.000277893,0.000440873
0.000279058,0.00044147
0.000280222,0.000442059
0.000281386,0.000442634
0.00028255,0.000443231
0.000283715,0.00044382
0.00028488,0.000444403
0.000286044,0.000444992
0.000287209,0.000445581
0.000288373,0.000446171
0.000289537,0.000446746
0.000290702,0.000447349
0.000291867,0.000447932
0.000293031,0.000448514
0.000294196,0.000449104
0.000295361,0.000449693
0.000296525,0.000450276
0.00029769,0.000450872
0.000298854,0.000451455
0.000300019,0.000452037
0.000301184,0.000452633
0.000302349,0.000453223
0.000303513,0.000453798
0.000304678,0.000454395
0.000305843,0.000454978
0.000307008,0.000455567
0.000308173,0.000456149
0.000309338,0.000456747
0.000310503,0.000457322
0.000311668,0.000457918
0.000312833,0.000458508
0.000313998,0.000459083
0.000315163,0.000459673
0.000316328,0.00046027
0.000317493,0.000460852
0.000318658,0.000461442
0.000319823,0.000462017
0.000320988,0.000462621
0.000322153,0.000463204
0.000323317,0.000463779
0.000324483,0.000464376
0.000325648,0.000464966
0.000326813,0.000465541
0.000327979,0.000466138
0.000329144,0.000466728
0.000330309,0.000467311
0.000331474,0.0004679
0.000332639,0.000468476
0.000333804,0.000469073
0.000334969,0.000469662
0.000336135,0.000470245
0.000337301,0.000470828
0.000338466,0.000471425
0.000339631,0.000472
0.000340797,0.000472598
0.000341962,0.00047318
0.000343127,0.00047377
0.000344292,0.000474353
0.000345458,0.000474942
0.000346623,0.000475525
0.000347789,0.000476115
0.000348954,0.000476705
0.00035012,0.000477288
0.000351286,0.000477871
0.000352451,0.000478461
0.000353617,0.000479058
0.000354782,0.000479634
0.000355947,0.000480223
0.000357113,0.000480806
0.000358279,0.000481403
0.000359445,0.000481979
0.00036061,0.000482576
0.000361775,0.000483159
0.000362941,0.000483727
0.000364107,0.000484339
0.000365273,0.000484907
0.000366438,0.000485505
0.000367604,0.000486101
0.00036877,0.00048667
0.000369936,0.000487268
0.000371101,0.00048785
0.000372267,0.000488433
0.000373433,0.000489016
0.000374598,0.000489613
0.000375763,0.000490195
0.000376929,0.000490778
0.000378096,0.000491376
0.000379263,0.000491945
0.000380428,0.000492542
0.000381593,0.000493125
0.000382759,0.000493723
0.000383925,0.00049429
0.000385091,0.000494889
0.000386257,0.000495471
0.000387424,0.000496069
0.00038859,0.000496652
0.000389756,0.000497235
0.000390922,0.000497818
0.000392087,0.000498401
0.000393253,0.000498983
0.000394419,0.000499581
0.000395586,0.000500164
0.000396752,0.000500762
0.000397918,0.00050133
0.000399084,0.000501928
0.00040025,0.000502496
0.000401416,0.000503108
0.000402583,0.000503677
0.000403748,0.00050426
0.000404914,0.000504857
0.000406081,0.00050544
0.000407247,0.000506038
0.000408413,0.000506606
0.000409579,0.000507189
0.000410745,0.000507787
0.000411912,0.00050837
0.000413078,0.000508968
0.000414243,0.000509535
0.00041541,0.000510134
0.000416576,0.000510716
0.000417742,0.000511285
0.000418909,0.000511897
0.000420076,0.000512467
0.000421242,0.000513063
0.000422408,0.000513647
0.000423573,0.000514215
0.000424739,0.000514827
0.000425907,0.000515396
0.000427073,0.00051598
0.00042824,0.000516576
0.000429406,0.000517161
0.000430572,0.000517743
0.000431739,0.000518327
0.000432905,0.000518924
0.000434072,0.000519493
0.000435238,0.000520091
0.000436403,0.000520673
0.00043757,0.000521257
0.000438737,0.00052184
0.000439904,0.000522438
0.00044107,0.000523007
0.000442235,0.000523604
0.000443402,0.000524187
0.000444569,0.000524771
0.000445736,0.000525368
0.000446903,0.000525937
0.000448069,0.000526535
0.000449236,0.000527104
0.000450402,0.000527701
0.000451568,0.000528284
0.000452735,0.000528867
0.000453902,0.000529465
0.000455068,0.000530035
0.000456235,0.000530631
0.000457402,0.000531202
0.000458568,0.000531813
0.000459734,0.000532382
0.000460901,0.000532965
0.000462068,0.000533549
0.000463234,0.000534146
0.0004644,0.000534715
0.000465567,0.000535312
0.000466735,0.000535897
0.000467901,0.000536479
0.000469067,0.000537062
0.000470235,0.000537646
0.000471402,0.000538244
0.000472568,0.000538813
0.000473734,0.00053941
0.0004749,0.000539993
0.000476068,0.000540563
0.000477236,0.000541161
0.000478401,0.000541759
0.000479567,0.000542327
0.000480734,0.000542911
0.0004819,0.000543508
0.000483067,0.000544076
0.000484234,0.00054466
0.000485402,0.000545273
0.00048657,0.000545828
0.000487736,0.000546426
0.000488901,0.000547008
0.000490067,0.000547591
0.000491235,0.000548189
0.000492402,0.000548759
0.000493568,0.000549356
0.000494735,0.000549925
0.000495902,0.000550523
0.000497069,0.000551107
0.000498236,0.00055169
0.000499402,0.000552259
0.000500569,0.000552871
0.000501737,0.000553426
0.000502904,0.000554038
0.000504071,0.000554608
0.000505237,0.000555191
0.000506404,0.000555788
0.000507571,0.000556357
0.000508737,0.000556955
0.000509904,0.000557538
0.000511071,0.000558107
0.000512238,0.000558705
0.000513405,0.000559289
0.000514572,0.000559872
0.00051574,0.000560456
0.000516905,0.00056104
0.000518072,0.000561622
0.000519241,0.000562206
0.000520408,0.00056279
0.000521573,0.000563388
0.00052274,0.000563956
0.000523908,0.00056454
0.000525075,0.000565138
0.00052624,0.000565707
0.000527407,0.000566304
0.000528574,0.000566888
0.000529742,0.000567457
0.000530909,0.000568056
0.000532076,0.000568638
0.000533242,0.000569222
0.000534409,0.000569804
0.000535576,0.000570389
0.000536743,0.000570958
0.00053791,0.000571556
0.000539077,0.000572153
0.000540244,0.000572708
0.000541411,0.000573306
0.000542577,0.000573904
0.000543744,0.000574458
0.000544911,0.00057507
0.00054608,0.00057564
0.000547247,0.000576239
0.000548413,0.000576792
0.00054958,0.000577405
0.000550747,0.000577974
0.000551915,0.000578557
0.000553081,0.000579156
0.000554247,0.000579724
0.000555415,0.000580322
0.000556582,0.000580892
0.000557748,0.000581475
0.000558915,0.000582073
0.000560081,0.000582641
0.000561248,0.000583224
0.000562415,0.000583822
0.000563581,0.000584391
0.000564748,0.000584975
0.000565916,0.000585558
0.000567106,0.000597393
0.000568339,0.000609621
0.000569616,0.000622202
0.00057094,0.000635164
0.000572314,0.000648509
0.000573736,0.000662252
0.00057521,0.000676378
0.000576736,0.000690889
0.000578314,0.000705814
0.000579948,0.000721109
0.000581641,0.000736822
0.000583389,0.000752936
0.000585198,0.000769408
0.000587068,0.000786314
0.000589,0.000803565
0.000590995,0.000821236
0.000593055,0.000839267
0.000595182,0.000857663
0.000597375,0.000876422
0.000599638,0.000895515
0.000601972,0.000914975
0.000604374,0.000934713
0.00060685,0.000954801
0.0006094,0.000975143
0.000612022,0.000995765
0.000614718,0.00101662
0.000617493,0.00103774
0.000620343,0.00105902
0.000623268,0.00108049
0.000626271,0.00110209
0.000629353,0.00112382
0.000632512,0.00114561
0.00063575,0.00116746
0.000639066,0.00118933
0.00064246,0.00121114
0.000645929,0.0012329
0.000649475,0.00125456
0.000653099,0.00127605
0.000656798,0.00129734
0.000660573,0.00131841
0.00066442,0.00133916
0.000668339,0.00135961
0.000672328,0.00137965
0.000676385,0.00139927
0.00068051,0.00141841
0.000684699,0.00143702
0.000688951,0.00145504
0.000693263,0.00147247
0.000697633,0.00148919
0.000702057,0.00150522
0.000706533,0.00152047
0.000711059,0.00153492
0.000715629,0.00154855
0.000720241,0.00156128
0.000724892,0.00157309
0.000729576,0.00158395
0.000734292,0.00159382
0.000739035,0.00160267
0.0007438,0.00161053
0.000748584,0.00161728
0.000753385,0.00162298
0.000758198,0.00162759
0.000763013,0.000380303
0.000454988,0.000525812
0.000454988,0.000525825
0.000454988,0.000525837
0.000454988,0.00052585
0.000454988,0.000525862
0.000454988,0.000525875
0.000454988,0.000525887
0.000454988,0.0005259
0.000454988,0.000525912
0.000454988,0.000525924
0.000454988,0.000525937
0.000454988,0.000525949
0.000454988,0.000525961
0.000454988,0.000525974
0.000454988,0.000525986
0.000454988,0.000525998
0.000454988,0.00052601
0.000454988,0.000526022
0.000454988,0.000526035
0.000454988,0.000526046
0.000454988,0.000526059
0.000454988,0.000526071
0.000454988,0.000526084
0.000454988,0.000526095
0.000454988,0.000526107
0.000454988,0.000526119
0.000454988,0.000526131
0.000454988,0.000526143
0.000454988,0.000526156
0.000454988,0.000526167
0.000454988,0.000526179
0.000454988,0.000526191
0.000454988,0.000526203
0.000454988,0.000526215
0.000454988,0.000526227
0.000454988,0.000526238
0.000454988,0.00052625
0.000454988,0.000526263
0.000454988,0.000526274
0.000454988,0.000526285
0.000454988,0.000526298
0.000454988,0.000526308
0.000454988,0.00052632
0.000454988,0.000526333
0.000454988,0.000526344
0.000454988,0.000526356
0.000454988,0.000526367
0.000454988,0.000526378
0.000454988,0.000526391
0.000454988,0.000526402
0.000454988,0.000526413
0.000454988,0.000526425
0.000454988,0.000526435
0.000454988,0.000526448
0.000454988,0.000526459
0.000454988,0.000526471
0.000454988,0.000526482
0.000454988,0.000526493
0.000454988,0.000526503
0.000454988,0.000526518
0.000454988,0.000526527
0.000454988,0.000526537
0.000454988,0.00052655
0.000454988,0.000526561
0.000454988,0.000526571
0.000454988,0.000526584
0.000454988,0.000526595
0.000454988,0.000526605
0.000454988,0.000526616
0.000454988,0.000526628
0.000454988,0.000526639
0.000454988,0.00052665
0.000454988,0.000526659
0.000454988,0.000526673
0.000454988,0.000526682
0.000454988,0.000526693
0.000454988,0.000526705
0.000454988,0.000526716
0.000454988,0.000526727
0.000454988,0.000526738
0.000454988,0.000526747
0.000454988,0.000526761
0.000454988,0.00052677
0.000454988,0.00052678
0.000454988,0.000526791
0.000453133,0.000536725
0.000449422,0.000534881
0.00044571,0.000533036
0.000441999,0.000531193
0.000438288,0.000529347
0.000434578,0.000527503
0.000430866,0.000525657
0.000427153,0.000523813
0.00042344,0.000521968
0.000419727,0.000520123
0.000416015,0.000518276
0.000412303,0.000516431
0.00040859,0.000514586
0.000404877,0.00051274
0.000401164,0.000510894
0.000397452,0.000509047
0.000393738,0.000507204
0.000390024,0.000505357
0.000386311,0.000503512
0.000382597,0.000501664
0.000378883,0.00049982
0.00037517,0.000497972
0.000371456,0.000496125
0.000367743,0.000494281
0.000364029,0.000492434
0.000360315,0.000490589
0.000356599,0.000488741
0.000352885,0.000486892
0.00034917,0.000485049
0.000345456,0.000483199
0.000341741,0.000481354
0.000338025,0.000479506
0.000334311,0.000477657
0.000330595,0.000475813
0.00032688,0.000473963
0.000323165,0.000472117
0.000319448,0.000470271
0.000315732,0.000468419
0.000312016,0.000466576
0.0003083,0.000464726
0.000304585,0.000462878
0.000300868,0.000461032
0.000297151,0.000459181
0.000293435,0.000457334
0.000289719,0.000455487
0.000286002,0.000453639
0.000282286,0.000451789
0.000278568,0.000449941
0.00027485,0.000448093
0.000271133,0.000446246
0.000267415,0.000444394
0.000263698,0.000442546
0.00025998,0.000440699
0.000256263,0.000438848
0.000252545,0.000437
0.000248827,0.000435152
0.000245109,0.0004333
0.000241391,0.000431452
0.000238456,0.000434349
0.000236306,0.000433281
0.000234155,0.000432217
0.000232004,0.000431152
0.000229854,0.000430085
0.000227703,0.000429021
0.000225552,0.000427957
0.000223402,0.000426889
0.000221251,0.000425825
0.000219099,0.000424756
0.000216948,0.000423692
0.000214797,0.000422627
0.000212646,0.00042156
0.000210495,0.000420492
0.000208343,0.000419431
0.000206192,0.000418363
0.000204041,0.000417295
0.000201889,0.00041623
0.000201598,0.00040096
0.000203167,0.000401752
0.000204736,0.000402544
0.000206304,0.000403339
0.000207873,0.000404134
0.000209443,0.000404926
0.000211012,0.000405721
0.000212581,0.000406513
0.00021415,0.000407308
0.00021572,0.0004081
0.000217289,0.000408895
0.000218858,0.000409687
0.000220428,0.000410483
0.000221997,0.000411275
0.000223566,0.000412066
0.000225136,0.000412862
0.000226705,0.000413657
0.000228275,0.000414449
0.000229845,0.000415241
0.000231415,0.000416037
0.000232984,0.000416829
0.000234554,0.000417624
0.00023534,0.000417927
0.00023534,0.000417938
0.00023534,0.000417945
0.00023534,0.000417952
0.00023534,0.000417963
0.00023534,0.00041797
0.00023534,0.000417977
0.00023534,0.000417988
0.00023534,0.000417995
0.00023534,0.000418006
0.00023534,0.000418013
0.00023534,0.00041802
0.00023534,0.000418031
0.00023534,0.000418038
0.00023534,0.000418045
0.00023534,0.000418056
0.00023534,0.000418063
0.00023534,0.00041807
0.00023534,0.000418077
0.00023534,0.000418092
0.00023534,0.000418092
0.00023534,0.000418106
0.00023534,0.000418113
0.00023534,0.00041812
0.00023534,0.000418127
0.00023534,0.000418134
0.00023534,0.000418149
0.00023534,0.000418149
0.00023534,0.000418163
0.00023534,0.00041817
0.00023534,0.000418177
0.00023534,0.000418185
0.00023534,0.000418192
0.00023534,0.000418199
0.00023534,0.000418206
0.00023534,0.00041822
0.00023534,0.00041822
0.00023534,0.000418235
0.00023534,0.000418235
0.00023534,0.000418249
0.00023534,0.000418256
0.00023534,0.000418263
0.00023534,0.00041827
0.00023534,0.000418278
0.00023534,0.000418292
0.00023534,0.000418292
0.00023534,0.000418299
0.00023534,0.000418313
0.00023534,0.000418313
0.00023534,0.000418328
0.00023534,0.000418328
0.00023534,0.000418342
0.00023534,0.000418349
0.00023534,0.000418349
0.00023534,0.000418363
0.00023534,0.000418371
0.00023534,0.000418378
0.00023534,0.000418385
0.00023534,0.000418392
0.00023534,0.000418399
0.00023534,0.000418406
0.00023534,0.000418413
0.00023534,0.000418421
0.00023534,0.000418428
0.00023534,0.000418435
0.00023534,0.000418442
0.00023534,0.000418449
0.00023534,0.000418456
0.00023534,0.000418463
0.00023534,0.000418471
0.00023534,0.000418485
0.00023534,0.000418485
0.00023534,0.000418485
0.00023534,0.000418506
0.00023534,0.000418506
0.00023534,0.000418514
0.00023534,0.000418521
0.00023534,0.000418528
0.00023534,0.000418535
0.00023534,0.000418542
0.00023534,0.000418549
0.00023534,0.000418556
0.00023534,0.000418564
0.00023534,0.000418564
0.00023534,0.000418571
0.00023534,0.000418585
0.00023534,0.000418592
0.00023534,0.000418592
0.00023534,0.000418607
0.00023534,0.000418614
0.00023534,0.000418614
0.00023534,0.000418621
0.00023534,0.000418628
0.00023534,0.000418635
0.00023534,0.000418649
0.00023534,0.000418642
0.00023534,0.000418664
0.00023534,0.000418657
0.00023534,0.000418671
0.00023534,0.000418678
0.00023534,0.000418678
0.00023534,0.000418685
0.00023534,0.0004187
0.00023534,0.0004187
0.00023534,0.000418714
0.00023534,0.000418707
0.00023534,0.000418721
0.00023534,0.000418728
0.00023534,0.000418735
0.00023534,0.000418735
0.000235921,0.000419733
0.000237084,0.000420315
0.000238247,0.000420903
0.00023941,0.000421492
0.000240574,0.000422081
0.000241737,0.00042267
0.0002429,0.000423259
0.000244064,0.00042384
0.000245227,0.000424429
0.000246391,0.000425018
0.000247554,0.000425607
0.000248718,0.000426196
0.00024988,0.000426784
0.000251044,0.000427373
0.000252208,0.000427948
0.000253371,0.000428552
0.000254534,0.000429126
0.000255699,0.000429722
0.000256862,0.000430311
0.000258026,0.0004309
0.000259189,0.000431475
0.000260353,0.000432078
0.000261517,0.00043266
0.00026268,0.000433242
0.000263844,0.000433838
0.000265008,0.00043442
0.000266172,0.000435009
0.000267336,0.000435598
0.000268499,0.00043618
0.000269663,0.000436776
0.000270828,0.000437359
0.000271991,0.000437947
0.000273155,0.000438537
0.000274319,0.000439118
0.000275483,0.000439708
0.000276647,0.000440304
0.000277811,0.000440879
0.000278975,0.000441475
0.000280139,0.000442064
0.000281303,0.000442639
0.000282467,0.000443235
0.000283632,0.000443825
0.000284795,0.000444407
0.000285959,0.000444996
0.000287123,0.000445585
0.000288288,0.000446174
0.000289452,0.00044675
0.000290616,0.000447353
0.000291781,0.000447935
0.000292945,0.000448517
0.000294109,0.000449107
0.000295273,0.000449696
0.000296438,0.000450278
0.000297602,0.000450875
0.000298767,0.000451457
0.000299931,0.000452039
0.000301095,0.000452636
0.00030226,0.000453225
0.000303424,0.0004538
0.000304589,0.000454397
0.000305753,0.000454979
0.000306918,0.000455568
0.000308082,0.000456151
0.000309247,0.000456747
0.000310411,0.000457322
0.000311576,0.000457919
0.000312741,0.000458508
0.000313905,0.000459084
0.000315069,0.000459673
0.000316234,0.000460269
0.000317399,0.000460852
0.000318564,0.000461441
0.000319728,0.000462017
0.000320893,0.00046262
0.000322058,0.000463203
0.000323223,0.000463778
0.000324387,0.000464375
0.000325552,0.000464964
0.000326717,0.00046554
0.000327882,0.000466136
0.000329046,0.000466726
0.000330211,0.000467308
0.000331376,0.000467898
0.000332542,0.000468474
0.000333707,0.00046907
0.000334872,0.00046966
0.000336036,0.000470242
0.000337201,0.000470825
0.000338366,0.000471421
0.000339531,0.000471997
0.000340696,0.000472594
0.000341861,0.000473176
0.000343026,0.000473766
0.000344191,0.000474349
0.000345356,0.000474938
0.000346521,0.000475521
0.000347687,0.00047611
0.000348852,0.0004767
0.000350016,0.000477283
0.000351182,0.000477865
0.000352347,0.000478455
0.000353512,0.000479052
0.000354677,0.000479627
0.000355842,0.000480217
0.000357008,0.0004808
0.000358172,0.000481397
0.000359338,0.000481972
0.000360504,0.00048257
0.000361669,0.000483152
0.000362834,0.00048372
0.000363999,0.000484331
0.000365164,0.000484899
0.00036633,0.000485497
0.000367495,0.000486094
0.00036866,0.000486662
0.000369825,0.000487258
0.000370992,0.000487841
0.000372157,0.000488425
0.000373322,0.000489007
0.000374489,0.000489604
0.000375655,0.000490188
0.000376819,0.00049077
0.000377984,0.000491367
0.000379149,0.000491935
0.000380315,0.000492532
0.000381481,0.000493115
0.000382647,0.000493712
0.000383813,0.000494281
0.000384978,0.000494879
0.000386142,0.000495461
0.000387307,0.000496057
0.000388474,0.00049664
0.00038964,0.000497224
0.000390805,0.000497806
0.000391971,0.000498389
0.000393137,0.000498972
0.000394303,0.000499569
0.000395468,0.000500152
0.000396633,0.000500749
0.000397799,0.000501317
0.000398966,0.000501915
0.000400131,0.000502484
0.000401297,0.000503094
0.000402463,0.000503664
0.000403629,0.000504246
0.000404795,0.000504844
0.00040596,0.000505426
0.000407127,0.000506024
0.000408293,0.000506593
0.000409459,0.000507176
0.000410625,0.000507773
0.00041179,0.000508356
0.000412956,0.000508952
0.000414122,0.000509522
0.000415288,0.000510119
0.000416454,0.000510702
0.00041762,0.000511271
0.000418785,0.000511882
0.00041995,0.00051245
0.000421116,0.000513047
0.000422283,0.00051363
0.000423449,0.0005142
0.000424615,0.000514811
0.00042578,0.00051538
0.000426946,0.000515962
0.000428113,0.00051656
0.00042928,0.000517143
0.000430445,0.000517727
0.00043161,0.000518309
0.000432776,0.000518906
0.000433942,0.000519475
0.000435109,0.000520072
0.000436276,0.000520656
0.000437441,0.000521239
0.000438606,0.000521821
0.000439773,0.000522419
0.00044094,0.000522988
0.000442107,0.000523586
0.000443273,0.000524169
0.000444438,0.000524752
0.000445604,0.000525349
0.00044677,0.000525918
0.000447936,0.000526515
0.000449102,0.000527084
0.000450269,0.000527681
0.000451436,0.000528265
0.000452602,0.000528848
0.000453767,0.000529445
0.000454934,0.000530013
0.0004561,0.000530612
0.000457266,0.000531179
0.000458432,0.000531792
0.000459598,0.00053236
0.000460765,0.000532943
0.000461932,0.000533527
0.000463097,0.000534124
0.000464264,0.000534692
0.000465431,0.000535291
0.000466597,0.000535874
0.000467764,0.000536457
0.00046893,0.000537041
0.000470094,0.000537623
0.00047126,0.000538219
0.000472427,0.000538789
0.000473595,0.000539387
0.000474762,0.000539971
0.000475928,0.000540539
0.000477093,0.000541137
0.000478259,0.000541734
0.000479426,0.000542303
0.000480593,0.000542886
0.000481759,0.000543484
0.000482925,0.000544052
0.000484091,0.000544636
0.000485257,0.000545247
0.000486424,0.000545802
0.000487591,0.000546399
0.000488757,0.000546983
0.000489923,0.000547566
0.000491089,0.000548163
0.000492256,0.000548732
0.000493423,0.00054933
0.000494589,0.000549899
0.000495755,0.000550496
0.000496923,0.00055108
0.000498089,0.000551663
0.000499255,0.000552231
0.000500422,0.000552844
0.000501588,0.000553398
0.000502755,0.00055401
0.000503921,0.000554579
0.000505087,0.000555162
0.000506254,0.000555759
0.000507421,0.000556329
0.000508588,0.000556927
0.000509755,0.00055751
0.000510921,0.000558079
0.000512086,0.000558677
0.000513252,0.000559259
0.00051442,0.000559843
0.000515587,0.000560426
0.000516753,0.000561009
0.000517919,0.000561593
0.000519085,0.000562175
0.000520252,0.000562759
0.000521419,0.000563356
0.000522586,0.000563926
0.000523751,0.000564509
0.000524917,0.000565106
0.000526084,0.000565675
0.000527252,0.000566273
0.000528419,0.000566857
0.000529586,0.000567426
0.000530752,0.000568023
0.000531917,0.000568606
0.000533084,0.000569188
0.000534251,0.000569773
0.000535418,0.000570356
0.000536585,0.000570925
0.000537751,0.000571523
0.000538917,0.00057212
0.000540085,0.000572675
0.000541251,0.000573273
0.000542417,0.00057387
0.000543584,0.000574425
0.000544749,0.000575036
0.000545915,0.000575605
0.000547082,0.000576202
0.00054825,0.000576758
0.000549416,0.00057737
0.000550582,0.000577938
0.00055175,0.000578522
0.000552916,0.00057912
0.000554083,0.000579688
0.000555249,0.000580286
0.000556416,0.000580855
0.000557583,0.000581439
0.00055875,0.000582036
0.000559917,0.000582606
0.000561084,0.000583189
0.00056225,0.000583787
0.000563416,0.000584355
0.000564584,0.000584938
0.000565751,0.000585523
0.000566938,0.000597358
0.00056817,0.000609586
0.000569448,0.00062217
0.000570772,0.000635134
0.000572144,0.00064848
0.000573566,0.000662224
0.00057504,0.000676353
0.000576565,0.000690865
0.000578145,0.000705793
0.000579779,0.000721091
0.000581469,0.000736806
0.000583218,0.00075292
0.000585026,0.000769397
0.000586894,0.000786303
0.000588825,0.000803556
0.000590821,0.000821229
0.000592881,0.000839264
0.000595006,0.000857661
0.000597199,0.000876422
0.000599461,0.000895519
0.000601792,0.00091498
0.000604195,0.00093472
0.00060667,0.000954813
0.000609217,0.000975155
0.00061184,0.00099578
0.000614537,0.00101664
0.00061731,0.00103776
0.000620158,0.00105904
0.000623085,0.00108052
0.000626087,0.00110212
0.000629167,0.00112385
0.000632325,0.00114565
0.000635562,0.0011675
0.000638876,0.00118937
0.000642267,0.00121118
0.000645736,0.00123295
0.000649284,0.00125461
0.000652908,0.0012761
0.000656606,0.0012974
0.000660377,0.00131847
0.000664222,0.00133921
0.00066814,0.00135967
0.000672128,0.00137971
0.000676186,0.00139934
0.000680309,0.00141848
0.000684497,0.00143709
0.000688748,0.00145511
0.00069306,0.00147254
0.000697428,0.00148926
0.00070185,0.00150529
0.000706324,0.00152055
0.000710847,0.001535
0.000715416,0.00154862
0.000720026,0.00156135
0.000724677,0.00157317
0.000729361,0.00158403
0.000734075,0.0015939
0.000738816,0.00160275
0.000743582,0.00161061
0.000748365,0.00161736
0.000753163,0.00162306
0.000757971,0.00162767
0.000762786,0.000380189
0.00045484,0.000525738
0.00045484,0.000525751
0.00045484,0.000525763
0.00045484,0.000525776
0.00045484,0.000525788
0.00045484,0.0005258
0.00045484,0.000525813
0.00045484,0.000525825
0.00045484,0.000525838
0.00045484,0.00052585
0.00045484,0.000525863
0.00045484,0.000525875
0.00045484,0.000525887
0.00045484,0.000525899
0.00045484,0.000525911
0.00045484,0.000525924
0.00045484,0.000525936
0.00045484,0.000525948
0.00045484,0.000525961
0.00045484,0.000525972
0.00045484,0.000525985
0.00045484,0.000525997
0.00045484,0.000526009
0.00045484,0.000526021
0.00045484,0.000526033
0.00045484,0.000526045
0.00045484,0.000526057
0.00045484,0.000526069
0.00045484,0.000526081
0.00045484,0.000526093
0.00045484,0.000526105
0.00045484,0.000526117
0.00045484,0.000526129
0.00045484,0.00052614
0.00045484,0.000526153
0.00045484,0.000526164
0.00045484,0.000526176
0.00045484,0.000526189
0.00045484,0.000526199
0.00045484,0.000526211
0.00045484,0.000526223
0.00045484,0.000526234
0.00045484,0.000526246
0.00045484,0.000526258
0.00045484,0.00052627
0.00045484,0.000526282
0.00045484,0.000526292
0.00045484,0.000526304
0.00045484,0.000526316
0.00045484,0.000526328
0.00045484,0.000526339
0.00045484,0.00052635
0.00045484,0.000526361
0.00045484,0.000526374
0.00045484,0.000526384
0.00045484,0.000526397
0.00045484,0.000526408
0.00045484,0.000526418
0.00045484,0.000526429
0.00045484,0.000526443
0.00045484,0.000526452
0.00045484,0.000526463
0.00045484,0.000526476
0.00045484,0.000526486
0.00045484,0.000526497
0.00045484,0.00052651
0.00045484,0.00052652
0.00045484,0.000526531
0.00045484,0.000526542
0.00045484,0.000526554
0.00045484,0.000526565
0.00045484,0.000526576
0.00045484,0.000526585
0.00045484,0.000526599
0.00045484,0.000526608
0.00045484,0.000526619
0.00045484,0.000526631
0.00045484,0.000526642
0.00045484,0.000526653
0.00045484,0.000526663
0.00045484,0.000526672
0.00045484,0.000526687
0.00045484,0.000526696
0.00045484,0.000526706
0.00045484,0.000526717
0.000452985,0.000537122
0.000449275,0.000535278
0.000445565,0.000533435
0.000441854,0.000531591
0.000438143,0.000529746
0.000434432,0.000527902
0.000430721,0.000526055
0.000427011,0.000524212
0.000423302,0.000522369
0.000419591,0.000520525
0.000415879,0.000518681
0.000412168,0.000516833
0.000408458,0.000514992
0.000404745,0.000513145
0.000401033,0.0005113
0.000397321,0.000509454
0.00039361,0.00050761
0.000389898,0.000505766
0.000386184,0.00050392
0.000382472,0.000502072
0.000378761,0.00050023
0.000375049,0.000498383
0.000371334,0.000496537
0.000367621,0.00049469
0.000363909,0.000492846
0.000360196,0.000491
0.000356483,0.000489155
0.00035277,0.000487306
0.000349056,0.000485464
0.000345342,0.000483614
0.000341628,0.000481769
0.000337915,0.000479923
0.000334202,0.000478074
0.000330487,0.000476232
0.000326772,0.000474382
0.000323057,0.000472534
0.000319344,0.000470689
0.00031563,0.00046884
0.000311915,0.000466997
0.0003082,0.000465148
0.000304484,0.0004633
0.000300769,0.000461454
0.000297054,0.000459603
0.000293339,0.000457757
0.000289623,0.000455911
0.000285907,0.000454064
0.000282192,0.000452214
0.000278476,0.000450367
0.00027476,0.00044852
0.000271045,0.000446673
0.00026733,0.000444824
0.000263612,0.000442976
0.000259895,0.000441127
0.00025618,0.000439278
0.000252462,0.000437431
0.000248745,0.000435583
0.000245028,0.000433732
0.000241311,0.000431884
0.000238378,0.000434635
0.000236228,0.000433568
0.000234079,0.000432505
0.000231928,0.000431441
0.000229778,0.000430373
0.000227628,0.000429309
0.000225479,0.000428246
0.000223328,0.000427178
0.000221178,0.000426114
0.000219028,0.000425047
0.000216878,0.000423983
0.000214727,0.000422919
0.000212576,0.000421851
0.000210426,0.000420784
0.000208275,0.000419723
0.000206124,0.000418655
0.000203974,0.000417587
0.000201823,0.000416523
0.000201531,0.000400884
0.0002031,0.000401675
0.000204668,0.000402466
0.000206237,0.000403261
0.000207805,0.000404056
0.000209374,0.000404848
0.000210942,0.000405643
0.000212511,0.000406434
0.00021408,0.000407229
0.000215648,0.000408021
0.000217217,0.000408816
0.000218786,0.000409608
0.000220355,0.000410402
0.000221925,0.000411195
0.000223494,0.000411986
0.000225062,0.000412782
0.000226631,0.000413576
0.0002282,0.000414368
0.000229769,0.00041516
0.000231339,0.000415955
0.000232908,0.000416747
0.000234477,0.000417543
0.000235262,0.000417888
0.000235262,0.000417899
0.000235262,0.000417906
0.000235262,0.000417913
0.000235262,0.000417924
0.000235262,0.000417931
0.000235262,0.000417938
0.000235262,0.000417949
0.000235262,0.000417956
0.000235262,0.000417967
0.000235262,0.000417974
0.000235262,0.000417981
0.000235262,0.000417992
0.000235262,0.000417999
0.000235262,0.000418006
0.000235262,0.000418017
0.000235262,0.000418024
0.000235262,0.000418031
0.000235262,0.000418038
0.000235262,0.000418053
0.000235262,0.000418053
0.000235262,0.000418067
0.000235262,0.000418074
0.000235262,0.000418081
0.000235262,0.000418088
0.000235262,0.000418096
0.000235262,0.00041811
0.000235262,0.00041811
0.000235262,0.000418124
0.000235262,0.000418131
0.000235262,0.000418139
0.000235262,0.000418146
0.000235262,0.000418153
0.000235262,0.00041816
0.000235262,0.000418167
0.000235262,0.000418181
0.000235262,0.000418181
0.000235262,0.000418196
0.000235262,0.000418196
0.000235262,0.00041821
0.000235262,0.000418217
0.000235262,0.000418224
0.000235262,0.000418231
0.000235262,0.000418239
0.000235262,0.000418253
0.000235262,0.000418253
0.000235262,0.00041826
0.000235262,0.000418274
0.000235262,0.000418274
0.000235262,0.000418289
0.000235262,0.000418289
0.000235262,0.000418303
0.000235262,0.00041831
0.000235262,0.00041831
0.000235262,0.000418324
0.000235262,0.000418332
0.000235262,0.000418339
0.000235262,0.000418346
0.000235262,0.000418353
0.000235262,0.00041836
0.000235262,0.000418367
0.000235262,0.000418375
0.000235262,0.000418382
0.000235262,0.000418389
0.000235262,0.000418396
0.000235262,0.000418403
0.000235262,0.00041841
0.000235262,0.000418417
0.000235262,0.000418425
0.000235262,0.000418432
0.000235262,0.000418446
0.000235262,0.000418446
0.000235262,0.000418446
0.000235262,0.000418468
0.000235262,0.000418468
0.000235262,0.000418475
0.000235262,0.000418482
0.000235262,0.000418489
0.000235262,0.000418496
0.000235262,0.000418503
0.000235262,0.00041851
0.000235262,0.000418518
0.000235262,0.000418525
0.000235262,0.000418525
0.000235262,0.000418532
0.000235262,0.000418546
0.000235262,0.000418553
0.000235262,0.000418553
0.000235262,0.000418568
0.000235262,0.000418575
0.000235262,0.000418575
0.000235262,0.000418582
0.000235262,0.000418589
0.000235262,0.000418596
0.000235262,0.000418611
0.000235262,0.000418603
0.000235262,0.000418625
0.000235262,0.000418618
0.000235262,0.000418632
0.000235262,0.000418639
0.000235262,0.000418639
0.000235262,0.000418646
0.000235262,0.000418661
0.000235262,0.000418661
0.000235262,0.000418675
0.000235262,0.000418668
0.000235262,0.000418682
0.000235262,0.000418689
0.000235262,0.000418696
0.000235262,0.000418696
0.000235843,0.000419742
0.000237006,0.000420323
0.000238169,0.000420912
0.000239332,0.0004215
0.000240495,0.000422089
0.000241658,0.000422678
0.00024282,0.000423266
0.000243983,0.000423847
0.000245146,0.000424436
0.000246309,0.000425025
0.000247472,0.000425614
0.000248635,0.000426202
0.000249799,0.000426791
0.000250962,0.00042738
0.000252125,0.000427954
0.000253288,0.000428557
0.000254452,0.000429132
0.000255615,0.000429728
0.000256777,0.000430316
0.00025794,0.000430905
0.000259104,0.00043148
0.000260268,0.000432083
0.000261431,0.000432665
0.000262594,0.000433246
0.000263758,0.000433842
0.000264921,0.000434424
0.000266085,0.000435013
0.000267248,0.000435602
0.000268411,0.000436183
0.000269575,0.00043678
0.000270738,0.000437361
0.000271902,0.00043795
0.000273065,0.000438539
0.000274229,0.000439121
0.000275392,0.00043971
0.000276556,0.000440306
0.000277719,0.000440881
0.000278883,0.000441476
0.000280047,0.000442066
0.000281211,0.000442641
0.000282374,0.000443237
0.000283538,0.000443826
0.000284701,0.000444407
0.000285865,0.000444996
0.000287029,0.000445586
0.000288193,0.000446175
0.000289357,0.000446749
0.00029052,0.000447353
0.000291684,0.000447934
0.000292848,0.000448517
0.000294013,0.000449106
0.000295176,0.000449695
0.00029634,0.000450277
0.000297504,0.000450873
0.000298668,0.000451455
0.000299833,0.000452037
0.000300996,0.000452634
0.00030216,0.000453223
0.000303324,0.000453798
0.000304488,0.000454394
0.000305652,0.000454976
0.000306817,0.000455566
0.000307981,0.000456148
0.000309145,0.000456744
0.000310309,0.000457319
0.000311473,0.000457915
0.000312637,0.000458504
0.000313801,0.000459079
0.000314966,0.000459669
0.000316131,0.000460265
0.000317294,0.000460847
0.000318458,0.000461436
0.000319623,0.000462012
0.000320788,0.000462615
0.000321952,0.000463198
0.000323116,0.000463772
0.00032428,0.000464369
0.000325445,0.000464958
0.000326609,0.000465534
0.000327774,0.00046613
0.000328939,0.000466719
0.000330103,0.000467302
0.000331267,0.000467891
0.000332432,0.000468466
0.000333596,0.000469063
0.00033476,0.000469652
0.000335925,0.000470234
0.000337091,0.000470817
0.000338255,0.000471414
0.000339419,0.000471988
0.000340584,0.000472585
0.000341748,0.000473168
0.000342913,0.000473757
0.000344078,0.000474339
0.000345242,0.000474929
0.000346407,0.000475511
0.000347572,0.000476101
0.000348737,0.00047669
0.000349901,0.000477273
0.000351065,0.000477854
0.00035223,0.000478444
0.000353395,0.000479041
0.000354561,0.000479617
0.000355726,0.000480207
0.00035689,0.000480789
0.000358055,0.000481385
0.000359219,0.000481961
0.000360384,0.000482556
0.00036155,0.00048314
0.000362715,0.000483708
0.000363881,0.00048432
0.000365046,0.000484888
0.00036621,0.000485485
0.000367375,0.000486081
0.000368541,0.00048665
0.000369706,0.000487247
0.00037087,0.000487829
0.000372035,0.000488411
0.0003732,0.000488994
0.000374365,0.00048959
0.00037553,0.000490173
0.000376696,0.000490755
0.000377861,0.000491353
0.000379026,0.00049192
0.000380192,0.000492518
0.000381356,0.0004931
0.000382521,0.000493698
0.000383685,0.000494265
0.000384851,0.000494862
0.000386018,0.000495446
0.000387183,0.000496043
0.000388346,0.000496625
0.00038951,0.000497206
0.000390677,0.000497789
0.000391844,0.000498373
0.000393009,0.000498956
0.000394173,0.000499552
0.000395337,0.000500134
0.000396504,0.000500731
0.00039767,0.000501301
0.000398834,0.000501896
0.000400001,0.000502465
0.000401165,0.000503077
0.00040233,0.000503644
0.000403496,0.000504227
0.000404662,0.000504825
0.000405826,0.000505408
0.000406992,0.000506004
0.000408158,0.000506573
0.000409323,0.000507156
0.000410489,0.000507753
0.000411654,0.000508336
0.000412819,0.000508932
0.000413985,0.000509501
0.00041515,0.000510098
0.000416315,0.00051068
0.000417481,0.000511249
0.000418647,0.00051186
0.000419814,0.00051243
0.000420979,0.000513027
0.000422144,0.000513609
0.00042331,0.000514178
0.000424475,0.000514789
0.00042564,0.000515357
0.000426807,0.00051594
0.000427972,0.000516538
0.000429137,0.00051712
0.000430304,0.000517703
0.00043147,0.000518287
0.000432635,0.000518883
0.000433801,0.000519452
0.000434966,0.000520049
0.000436131,0.000520631
0.000437298,0.000521214
0.000438463,0.000521798
0.000439629,0.000522394
0.000440795,0.000522964
0.00044196,0.00052356
0.000443126,0.000524143
0.000444292,0.000524726
0.000445458,0.000525323
0.000446624,0.000525892
0.000447789,0.000526489
0.000448954,0.000527057
0.000450121,0.000527655
0.000451286,0.000528238
0.000452452,0.00052882
0.000453618,0.000529418
0.000454784,0.000529986
0.00045595,0.000530584
0.000457116,0.000531153
0.000458282,0.000531764
0.000459448,0.000532333
0.000460614,0.000532916
0.00046178,0.000533499
0.000462946,0.000534096
0.000464111,0.000534665
0.000465276,0.000535261
0.000466442,0.000535844
0.000467607,0.000536427
0.000468774,0.00053701
0.000469942,0.000537594
0.000471108,0.000538192
0.000472273,0.00053876
0.000473439,0.000539357
0.000474603,0.00053994
0.000475769,0.000540508
0.000476936,0.000541106
0.000478103,0.000541703
0.000479269,0.000542272
0.000480435,0.000542854
0.000481601,0.000543452
0.000482766,0.000544021
0.000483933,0.000544603
0.0004851,0.000545216
0.000486265,0.00054577
0.00048743,0.000546367
0.000488597,0.000546949
0.000489764,0.000547534
0.000490929,0.000548131
0.000492094,0.000548699
0.000493261,0.000549296
0.000494428,0.000549866
0.000495593,0.000550463
0.000496758,0.000551045
0.000497924,0.000551628
0.000499091,0.000552198
0.000500257,0.000552809
0.000501423,0.000553363
0.000502589,0.000553975
0.000503756,0.000554544
0.000504922,0.000555127
0.000506088,0.000555725
0.000507254,0.000556293
0.00050842,0.00055689
0.000509586,0.000557473
0.000510752,0.000558042
0.000511918,0.000558639
0.000513086,0.000559223
0.000514251,0.000559807
0.000515416,0.000560388
0.000516583,0.000560972
0.000517749,0.000561555
0.000518914,0.000562138
0.000520081,0.000562721
0.000521247,0.000563319
0.000522413,0.000563887
0.000523581,0.000564471
0.000524747,0.000565068
0.000525913,0.000565637
0.000527079,0.000566234
0.000528244,0.000566817
0.000529409,0.000567385
0.000530576,0.000567982
0.000531743,0.000568566
0.00053291,0.00056915
0.000534076,0.000569733
0.000535241,0.000570316
0.000536407,0.000570884
0.000537575,0.000571482
0.00053874,0.00057208
0.000539905,0.000572633
0.000541072,0.000573231
0.00054224,0.000573829
0.000543406,0.000574384
0.000544572,0.000574995
0.000545739,0.000575565
0.000546904,0.000576161
0.00054807,0.000576716
0.000549237,0.000577327
0.000550403,0.000577897
0.000551568,0.000578479
0.000552734,0.000579076
0.000553901,0.000579646
0.000555067,0.000580243
0.000556233,0.000580811
0.000557399,0.000581394
0.000558565,0.000581992
0.000559731,0.00058256
0.000560898,0.000583144
0.000562065,0.000583741
0.000563232,0.000584311
0.000564397,0.000584894
0.000565563,0.000585476
0.000566751,0.000597313
0.000567982,0.000609544
0.00056926,0.000622128
0.000570584,0.000635095
0.000571956,0.000648443
0.000573378,0.00066219
0.00057485,0.000676319
0.000576375,0.000690835
0.000577954,0.000705763
0.000579589,0.000721064
0.000581279,0.00073678
0.000583026,0.000752898
0.000584833,0.000769374
0.000586703,0.000786284
0.000588632,0.00080354
0.000590625,0.000821214
0.000592684,0.000839251
0.00059481,0.000857651
0.000597003,0.000876415
0.000599264,0.000895513
0.000601596,0.000914978
0.000603998,0.000934722
0.000606472,0.000954815
0.000609019,0.000975162
0.000611639,0.000995788
0.000614335,0.00101665
0.000617106,0.00103777
0.000619953,0.00105906
0.000622878,0.00108054
0.000625881,0.00110214
0.00062896,0.00112388
0.000632118,0.00114567
0.000635355,0.00116753
0.000638665,0.0011894
0.000642056,0.00121122
0.000645525,0.00123298
0.00064907,0.00125465
0.000652691,0.00127615
0.000656388,0.00129744
0.00066016,0.00131851
0.000664004,0.00133926
0.00066792,0.00135972
0.000671907,0.00137977
0.000675962,0.00139939
0.000680085,0.00141853
0.000684272,0.00143715
0.000688521,0.00145517
0.000692831,0.0014726
0.000697197,0.00148933
0.000701619,0.00150536
0.000706092,0.00152062
0.000710613,0.00153507
0.000715182,0.00154869
0.00071979,0.00156143
0.000724436,0.00157324
0.000729117,0.0015841
0.000733833,0.00159397
0.000738573,0.00160282
0.000743335,0.00161068
0.000748118,0.00161743
0.000752916,0.00162313
0.000757722,0.00162774
0.000762536,0.000380064
0.000454676,0.000525656
0.000454676,0.000525668
0.000454676,0.000525681
0.000454676,0.000525693
0.000454676,0.000525706
0.000454676,0.000525718
0.000454676,0.000525731
0.000454676,0.000525743
0.000454676,0.000525755
0.000454676,0.000525768
0.000454676,0.00052578
0.000454676,0.000525793
0.000454676,0.000525805
0.000454676,0.000525817
0.000454676,0.000525829
0.000454676,0.000525842
0.000454676,0.000525854
0.000454676,0.000525866
0.000454676,0.000525878
0.000454676,0.00052589
0.000454676,0.000525903
0.000454676,0.000525915
0.000454676,0.000525927
0.000454676,0.000525939
0.000454676,0.000525951
0.000454676,0.000525963
0.000454676,0.000525975
0.000454676,0.000525987
0.000454676,0.000525999
0.000454676,0.000526011
0.000454676,0.000526022
0.000454676,0.000526035
0.000454676,0.000526046
0.000454676,0.000526058
0.000454676,0.000526071
0.000454676,0.000526081
0.000454676,0.000526094
0.000454676,0.000526106
0.000454676,0.000526117
0.000454676,0.000526129
0.000454676,0.000526141
0.000454676,0.000526152
0.000454676,0.000526164
0.000454676,0.000526176
0.000454676,0.000526188
0.000454676,0.000526199
0.000454676,0.00052621
0.000454676,0.000526222
0.000454676,0.000526234
0.000454676,0.000526246
0.000454676,0.000526257
0.000454676,0.000526268
0.000454676,0.000526279
0.000454676,0.000526291
0.000454676,0.000526302
0.000454676,0.000526315
0.000454676,0.000526325
0.000454676,0.000526336
0.000454676,0.000526347
0.000454676,0.000526361
0.000454676,0.00052637
0.000454676,0.000526381
0.000454676,0.000526393
0.000454676,0.000526404
0.000454676,0.000526415
0.000454676,0.000526427
0.000454676,0.000526438
0.000454676,0.000526449
0.000454676,0.00052646
0.000454676,0.000526472
0.000454676,0.000526483
0.000454676,0.000526493
0.000454676,0.000526502
0.000454676,0.000526517
0.000454676,0.000526526
0.000454676,0.000526536
0.000454676,0.000526549
0.000454676,0.00052656
0.000454676,0.00052657
0.000454676,0.000526581
0.000454676,0.00052659
0.000454676,0.000526604
0.000454676,0.000526613
0.000454676,0.000526624
0.000454676,0.000526635
0.00045282,0.000537521
0.000449111,0.000535677
0.000445403,0.000533834
0.000441695,0.000531993
0.000437986,0.000530149
0.000434276,0.000528305
0.000430568,0.00052646
0.000426857,0.000524618
0.000423147,0.000522773
0.000419438,0.00052093
0.000415728,0.000519086
0.000412019,0.000517241
0.000408307,0.000515399
0.000404597,0.000513552
0.000400887,0.000511709
0.000397177,0.000509863
0.000393467,0.00050802
0.000389756,0.000506176
0.000386046,0.000504332
0.000382335,0.000502485
0.000378623,0.000500644
0.000374911,0.000498795
0.000371201,0.000496951
0.000367489,0.000495107
0.000363777,0.000493261
0.000360065,0.000491417
0.000356353,0.000489571
0.000352642,0.000487723
0.000348929,0.000485883
0.000345216,0.000484033
0.000341504,0.000482188
0.000337791,0.000480343
0.000334078,0.000478494
0.000330366,0.000476652
0.000326654,0.000474804
0.000322941,0.000472959
0.000319227,0.000471113
0.000315514,0.000469263
0.000311801,0.000467422
0.000308087,0.000465572
0.000304374,0.000463727
0.00030066,0.000461882
0.000296946,0.000460032
0.000293233,0.000458186
0.000289519,0.00045634
0.000285805,0.000454494
0.00028209,0.000452645
0.000278375,0.000450798
0.000274661,0.000448952
0.000270945,0.000447106
0.000267229,0.000445255
0.000263516,0.000443409
0.000259801,0.000441564
0.000256085,0.000439713
0.00025237,0.000437866
0.000248655,0.00043602
0.00024494,0.00043417
0.000241224,0.000432323
0.000238291,0.000434921
0.000236143,0.000433855
0.000233994,0.000432791
0.000231845,0.000431728
0.000229695,0.000430661
0.000227546,0.000429598
0.000225396,0.000428534
0.000223247,0.000427467
0.000221098,0.000426403
0.000218948,0.000425337
0.000216798,0.000424273
0.000214649,0.000423209
0.000212499,0.000422142
0.00021035,0.000421075
0.0002082,0.000420015
0.00020605,0.000418948
0.0002039,0.00041788
0.00020175,0.000416816
0.000201458,0.000400806
0.000203026,0.000401596
0.000204594,0.000402388
0.000206163,0.000403183
0.00020773,0.000403977
0.000209298,0.000404768
0.000210866,0.000405563
0.000212435,0.000406354
0.000214003,0.000407149
0.000215571,0.00040794
0.000217139,0.000408735
0.000218707,0.000409527
0.000220276,0.000410321
0.000221844,0.000411113
0.000223412,0.000411904
0.000224981,0.000412699
0.000226549,0.000413494
0.000228118,0.000414285
0.000229686,0.000415077
0.000231255,0.000415872
0.000232823,0.000416663
0.000234392,0.000417458
0.000235176,0.000417845
0.000235176,0.000417856
0.000235176,0.000417863
0.000235176,0.00041787
0.000235176,0.000417881
0.000235176,0.000417888
0.000235176,0.000417895
0.000235176,0.000417906
0.000235176,0.000417913
0.000235176,0.000417924
0.000235176,0.000417931
0.000235176,0.000417938
0.000235176,0.000417949
0.000235176,0.000417956
0.000235176,0.000417963
0.000235176,0.000417974
0.000235176,0.000417981
0.000235176,0.000417988
0.000235176,0.000417995
0.000235176,0.00041801
0.000235176,0.00041801
0.000235176,0.000418024
0.000235176,0.000418031
0.000235176,0.000418038
0.000235176,0.000418046
0.000235176,0.000418053
0.000235176,0.000418067
0.000235176,0.000418067
0.000235176,0.000418081
0.000235176,0.000418088
0.000235176,0.000418096
0.000235176,0.000418103
0.000235176,0.00041811
0.000235176,0.000418117
0.000235176,0.000418124
0.000235176,0.000418139
0.000235176,0.000418139
0.000235176,0.000418153
0.000235176,0.000418153
0.000235176,0.000418167
0.000235176,0.000418174
0.000235176,0.000418181
0.000235176,0.000418189
0.000235176,0.000418196
0.000235176,0.00041821
0.000235176,0.00041821
0.000235176,0.000418217
0.000235176,0.000418231
0.000235176,0.000418231
0.000235176,0.000418246
0.000235176,0.000418246
0.000235176,0.00041826
0.000235176,0.000418267
0.000235176,0.000418267
0.000235176,0.000418282
0.000235176,0.000418289
0.000235176,0.000418296
0.000235176,0.000418303
0.000235176,0.00041831
0.000235176,0.000418317
0.000235176,0.000418324
0.000235176,0.000418332
0.000235176,0.000418339
0.000235176,0.000418346
0.000235176,0.000418353
0.000235176,0.00041836
0.000235176,0.000418367
0.000235176,0.000418375
0.000235176,0.000418382
0.000235176,0.000418389
0.000235176,0.000418403
0.000235176,0.000418403
0.000235176,0.000418403
0.000235176,0.000418425
0.000235176,0.000418425
0.000235176,0.000418432
0.000235176,0.000418439
0.000235176,0.000418446
0.000235176,0.000418453
0.000235176,0.00041846
0.000235176,0.000418468
0.000235176,0.000418475
0.000235176,0.000418482
0.000235176,0.000418482
0.000235176,0.000418489
0.000235176,0.000418503
0.000235176,0.00041851
0.000235176,0.00041851
0.000235176,0.000418525
0.000235176,0.000418532
0.000235176,0.000418532
0.000235176,0.000418539
0.000235176,0.000418546
0.000235176,0.000418553
0.000235176,0.000418568
0.000235176,0.000418561
0.000235176,0.000418582
0.000235176,0.000418575
0.000235176,0.000418589
0.000235176,0.000418596
0.000235176,0.000418596
0.000235176,0.000418603
0.000235176,0.000418618
0.000235176,0.000418618
0.000235176,0.000418632
0.000235176,0.000418625
0.000235176,0.000418639
0.000235176,0.000418646
0.000235176,0.000418653
0.000235176,0.000418653
0.000235758,0.000419747
0.00023692,0.000420329
0.000238083,0.000420917
0.000239245,0.000421506
0.000240408,0.000422094
0.00024157,0.000422683
0.000242733,0.000423271
0.000243896,0.000423853
0.000245058,0.000424441
0.000246221,0.000425029
0.000247383,0.000425618
0.000248546,0.000426206
0.000249708,0.000426795
0.000250871,0.000427383
0.000252034,0.000427957
0.000253197,0.00042856
0.000254359,0.000429135
0.000255522,0.00042973
0.000256685,0.000430319
0.000257848,0.000430908
0.000259011,0.000431482
0.000260173,0.000432084
0.000261336,0.000432666
0.000262499,0.000433247
0.000263662,0.000433843
0.000264825,0.000434424
0.000265988,0.000435013
0.000267151,0.000435602
0.000268314,0.000436184
0.000269477,0.000436779
0.00027064,0.000437361
0.000271803,0.000437949
0.000272967,0.000438538
0.00027413,0.00043912
0.000275293,0.000439709
0.000276456,0.000440305
0.000277619,0.000440879
0.000278783,0.000441475
0.000279946,0.000442064
0.000281108,0.000442638
0.000282272,0.000443234
0.000283435,0.000443823
0.000284599,0.000444405
0.000285762,0.000444994
0.000286925,0.000445582
0.000288089,0.000446171
0.000289253,0.000446746
0.000290416,0.000447349
0.00029158,0.000447931
0.000292743,0.000448513
0.000293906,0.000449101
0.000295069,0.00044969
0.000296233,0.000450272
0.000297397,0.000450868
0.00029856,0.00045145
0.000299723,0.000452032
0.000300888,0.000452628
0.000302051,0.000453217
0.000303215,0.000453792
0.000304378,0.000454388
0.000305542,0.00045497
0.000306706,0.000455559
0.000307869,0.00045614
0.000309033,0.000456737
0.000310197,0.000457311
0.00031136,0.000457908
0.000312524,0.000458496
0.000313688,0.000459071
0.000314852,0.00045966
0.000316016,0.000460257
0.00031718,0.000460839
0.000318344,0.000461428
0.000319507,0.000462003
0.000320671,0.000462606
0.000321836,0.000463188
0.000323,0.000463763
0.000324164,0.000464359
0.000325327,0.000464948
0.000326491,0.000465523
0.000327656,0.00046612
0.000328819,0.000466709
0.000329983,0.000467291
0.000331147,0.00046788
0.000332311,0.000468455
0.000333475,0.000469051
0.00033464,0.00046964
0.000335804,0.000470223
0.000336968,0.000470804
0.000338132,0.000471401
0.000339297,0.000471976
0.000340461,0.000472572
0.000341625,0.000473155
0.000342789,0.000473744
0.000343953,0.000474326
0.000345118,0.000474915
0.000346283,0.000475498
0.000347447,0.000476087
0.000348612,0.000476676
0.000349777,0.000477259
0.000350941,0.000477841
0.000352105,0.000478431
0.000353268,0.000479027
0.000354432,0.000479601
0.000355597,0.00048019
0.000356762,0.000480773
0.000357926,0.000481369
0.000359091,0.000481945
0.000360255,0.000482542
0.000361419,0.000483123
0.000362584,0.000483691
0.000363748,0.000484302
0.000364912,0.00048487
0.000366077,0.000485466
0.000367242,0.000486063
0.000368407,0.000486631
0.000369572,0.000487228
0.000370736,0.00048781
0.0003719,0.000488392
0.000373066,0.000488975
0.00037423,0.000489573
0.000375394,0.000490153
0.00037656,0.000490737
0.000377724,0.000491333
0.000378888,0.000491901
0.000380053,0.000492497
0.000381218,0.00049308
0.000382383,0.000493677
0.000383548,0.000494245
0.000384712,0.000494842
0.000385877,0.000495424
0.000387042,0.000496021
0.000388207,0.000496603
0.000389373,0.000497186
0.000390538,0.000497769
0.000391701,0.000498351
0.000392866,0.000498932
0.000394032,0.00049953
0.000395197,0.000500112
0.000396361,0.000500709
0.000397526,0.000501276
0.000398691,0.000501874
0.000399855,0.000502441
0.000401021,0.000503053
0.000402187,0.000503622
0.000403351,0.000504204
0.000404515,0.0005048
0.00040568,0.000505383
0.000406844,0.000505979
0.00040801,0.000506547
0.000409175,0.000507131
0.00041034,0.000507727
0.000411505,0.000508309
0.000412671,0.000508907
0.000413835,0.000509475
0.000415001,0.000510072
0.000416166,0.000510655
0.00041733,0.000511222
0.000418496,0.000511834
0.000419661,0.000512402
0.000420826,0.000512999
0.000421991,0.000513582
0.000423156,0.000514149
0.000424322,0.000514761
0.000425488,0.00051533
0.000426652,0.000515913
0.000427816,0.000516508
0.000428982,0.000517091
0.000430147,0.000517674
0.000431313,0.000518256
0.000432478,0.000518854
0.000433643,0.000519422
0.000434809,0.000520019
0.000435974,0.000520602
0.000437139,0.000521184
0.000438304,0.000521767
0.000439469,0.000522363
0.000440635,0.000522932
0.000441801,0.000523529
0.000442966,0.000524112
0.000444131,0.000524694
0.000445297,0.000525291
0.000446463,0.00052586
0.000447628,0.000526457
0.000448793,0.000527026
0.000449958,0.000527622
0.000451124,0.000528205
0.000452289,0.000528788
0.000453455,0.000529385
0.00045462,0.000529954
0.000455785,0.00053055
0.000456951,0.000531119
0.000458116,0.00053173
0.000459281,0.000532298
0.000460446,0.00053288
0.000461612,0.000533463
0.000462778,0.000534061
0.000463943,0.000534629
0.000465109,0.000535226
0.000466274,0.000535809
0.00046744,0.000536392
0.000468606,0.000536975
0.000469771,0.000537557
0.000470937,0.000538155
0.000472102,0.000538723
0.000473267,0.00053932
0.000474434,0.000539903
0.000475599,0.000540472
0.000476764,0.000541068
0.000477929,0.000541666
0.000479094,0.000542233
0.00048026,0.000542816
0.000481426,0.000543414
0.000482592,0.000543982
0.000483757,0.000544565
0.000484922,0.000545176
0.000486089,0.00054573
0.000487255,0.000546328
0.00048842,0.000546911
0.000489585,0.000547493
0.00049075,0.00054809
0.000491918,0.000548659
0.000493084,0.000549257
0.000494248,0.000549825
0.000495414,0.000550421
0.000496581,0.000551005
0.000497746,0.000551588
0.000498911,0.000552156
0.000500076,0.000552767
0.000501242,0.000553322
0.000502408,0.000553933
0.000503573,0.000554502
0.000504739,0.000555084
0.000505905,0.000555682
0.000507069,0.00055625
0.000508235,0.000556846
0.000509402,0.00055743
0.000510568,0.000557999
0.000511733,0.000558596
0.000512898,0.000559179
0.000514064,0.000559761
0.00051523,0.000560345
0.000516396,0.000560927
0.000517563,0.000561511
0.000518728,0.000562094
0.000519893,0.000562676
0.000521058,0.000563273
0.000522225,0.000563842
0.00052339,0.000564425
0.000524555,0.000565021
0.000525722,0.00056559
0.000526888,0.000566187
0.000528055,0.00056677
0.000529221,0.00056734
0.000530386,0.000567937
0.000531551,0.000568519
0.000532717,0.000569102
0.000533883,0.000569685
0.000535049,0.000570268
0.000536215,0.000570837
0.00053738,0.000571434
0.000538546,0.00057203
0.000539711,0.000572585
0.000540877,0.000573182
0.000542043,0.00057378
0.000543209,0.000574333
0.000544375,0.000574946
0.00054554,0.000575513
0.000546706,0.000576111
0.000547872,0.000576665
0.000549037,0.000577277
0.000550203,0.000577845
0.000551369,0.000578428
0.000552535,0.000579025
0.000553701,0.000579594
0.000554867,0.000580191
0.000556033,0.00058076
0.000557199,0.000581343
0.000558366,0.000581941
0.000559531,0.00058251
0.000560696,0.000583092
0.000561862,0.000583689
0.000563028,0.000584258
0.000564194,0.00058484
0.000565359,0.000585423
0.000566547,0.000597261
0.00056778,0.000609496
0.000569056,0.000622081
0.000570379,0.000635048
0.00057175,0.000648399
0.000573171,0.000662146
0.000574643,0.000676279
0.000576166,0.000690795
0.000577744,0.000705725
0.000579377,0.000721028
0.000581066,0.000736745
0.000582815,0.000752865
0.000584621,0.000769346
0.000586489,0.000786257
0.00058842,0.000803516
0.000590414,0.000821193
0.000592472,0.000839233
0.000594596,0.000857635
0.000596787,0.0008764
0.000599047,0.000895502
0.000601376,0.000914968
0.000603778,0.000934713
0.000606252,0.000954811
0.000608798,0.000975159
0.000611418,0.000995789
0.000614114,0.00101666
0.000616885,0.00103778
0.000619731,0.00105907
0.000622654,0.00108055
0.000625655,0.00110216
0.000628733,0.00112389
0.000631889,0.00114569
0.000635123,0.00116755
0.000638436,0.00118943
0.000641826,0.00121124
0.000645292,0.00123301
0.000648836,0.00125468
0.000652456,0.00127618
0.000656151,0.00129748
0.000659921,0.00131855
0.000663764,0.00133931
0.000667679,0.00135977
0.000671664,0.00137982
0.000675717,0.00139944
0.000679839,0.00141858
0.000684025,0.0014372
0.000688271,0.00145523
0.000692579,0.00147266
0.000696944,0.00148938
0.000701365,0.00150542
0.000705839,0.00152068
0.00071036,0.00153513
0.000714923,0.00154876
0.000719529,0.00156149
0.000724177,0.00157331
0.000728858,0.00158417
0.000733568,0.00159404
0.000738307,0.00160289
0.000743068,0.00161075
0.000747848,0.0016175
0.000752644,0.0016232
0.000757449,0.00162781
0.000762259,0.000379926
0.000454497,0.000525566
0.000454497,0.000525579
0.000454497,0.000525591
0.000454497,0.000525604
0.000454497,0.000525616
0.000454497,0.000525629
0.000454497,0.000525641
0.000454497,0.000525654
0.000454497,0.000525666
0.000454497,0.000525678
0.000454497,0.000525691
0.000454497,0.000525703
0.000454497,0.000525715
0.000454497,0.000525728
0.000454497,0.00052574
0.000454497,0.000525752
0.000454497,0.000525764
0.000454497,0.000525776
0.000454497,0.000525789
0.000454497,0.000525801
0.000454497,0.000525813
0.000454497,0.000525825
0.000454497,0.000525838
0.000454497,0.000525849
0.000454497,0.000525861
0.000454497,0.000525873
0.000454497,0.000525886
0.000454497,0.000525897
0.000454497,0.00052591
0.000454497,0.000525921
0.000454497,0.000525933
0.000454497,0.000525945
0.000454497,0.000525957
0.000454497,0.000525969
0.000454497,0.000525981
0.000454497,0.000525992
0.000454497,0.000526004
0.000454497,0.000526017
0.000454497,0.000526028
0.000454497,0.000526039
0.000454497,0.000526052
0.000454497,0.000526063
0.000454497,0.000526074
0.000454497,0.000526087
0.000454497,0.000526098
0.000454497,0.00052611
0.000454497,0.000526121
0.000454497,0.000526132
0.000454497,0.000526145
0.000454497,0.000526156
0.000454497,0.000526167
0.000454497,0.000526179
0.000454497,0.00052619
0.000454497,0.000526202
0.000454497,0.000526213
0.000454497,0.000526225
0.000454497,0.000526236
0.000454497,0.000526247
0.000454497,0.000526257
0.000454497,0.000526272
0.000454497,0.000526281
0.000454497,0.000526291
0.000454497,0.000526304
0.000454497,0.000526315
0.000454497,0.000526325
0.000454497,0.000526338
0.000454497,0.000526349
0.000454497,0.000526359
0.000454497,0.00052637
0.000454497,0.000526383
0.000454497,0.000526393
0.000454497,0.000526404
0.000454497,0.000526413
0.000454497,0.000526427
0.000454497,0.000526436
0.000454497,0.000526447
0.000454497,0.00052646
0.000454497,0.00052647
0.000454497,0.000526481
0.000454497,0.000526492
0.000454497,0.000526501
0.000454497,0.000526515
0.000454497,0.000526524
0.000454497,0.000526535
0.000454497,0.000526545
0.000452643,0.000537924
0.000448936,0.000536082
0.000445228,0.000534238
0.00044152,0.000532398
0.000437813,0.000530553
0.000434106,0.00052871
0.000430398,0.000526867
0.00042669,0.000525025
0.000422982,0.000523183
0.000419273,0.000521339
0.000415565,0.000519496
0.000411857,0.000517651
0.000408148,0.00051581
0.00040444,0.000513965
0.00040073,0.000512122
0.000397021,0.000510276
0.000393312,0.000508435
0.000389602,0.000506592
0.000385892,0.000504747
0.000382183,0.0005029
0.000378473,0.00050106
0.000374764,0.000499212
0.000371054,0.000497369
0.000367344,0.000495525
0.000363633,0.000493681
0.000359924,0.000491837
0.000356213,0.000489994
0.000352502,0.000488145
0.000348792,0.000486305
0.00034508,0.000484457
0.00034137,0.000482612
0.00033766,0.000480769
0.000333948,0.000478921
0.000330237,0.00047708
0.000326526,0.000475231
0.000322815,0.000473387
0.000319102,0.000471542
0.00031539,0.000469694
0.000311678,0.000467852
0.000307966,0.000466004
0.000304254,0.000464159
0.000300542,0.000462314
0.000296829,0.000460465
0.000293116,0.000458621
0.000289403,0.000456774
0.000285691,0.000454929
0.000281979,0.000453081
0.000278267,0.000451236
0.000274553,0.000449391
0.00027084,0.000447544
0.000267127,0.000445697
0.000263413,0.000443851
0.000259699,0.000442004
0.000255986,0.000440155
0.000252272,0.000438309
0.000248558,0.000436464
0.000244843,0.000434614
0.000241129,0.000432768
0.000238198,0.000435207
0.000236049,0.000434141
0.000233901,0.000433077
0.000231753,0.000432015
0.000229605,0.000430948
0.000227456,0.000429885
0.000225308,0.000428822
0.00022316,0.000427756
0.00022101,0.000426693
0.000218862,0.000425626
0.000216713,0.000424563
0.000214564,0.0004235
0.000212415,0.000422433
0.000210266,0.000421366
0.000208118,0.000420306
0.000205969,0.00041924
0.000203819,0.000418173
0.00020167,0.000417109
0.000201379,0.000400726
0.000202947,0.000401518
0.000204514,0.000402308
0.000206081,0.000403102
0.000207648,0.000403897
0.000209215,0.000404687
0.000210783,0.000405482
0.00021235,0.000406273
0.000213918,0.000407067
0.000215486,0.000407858
0.000217053,0.000408653
0.000218621,0.000409444
0.000220188,0.000410238
0.000221756,0.000411029
0.000223324,0.00041182
0.000224892,0.000412615
0.000226461,0.00041341
0.000228028,0.000414201
0.000229595,0.000414992
0.000231164,0.000415787
0.000232732,0.000416578
0.0002343,0.000417373
0.000235084,0.000417799
0.000235084,0.00041781
0.000235084,0.000417817
0.000235084,0.000417824
0.000235084,0.000417835
0.000235084,0.000417842
0.000235084,0.000417849
0.000235084,0.00041786
0.000235084,0.000417867
0.000235084,0.000417878
0.000235084,0.000417885
0.000235084,0.000417892
0.000235084,0.000417903
0.000235084,0.00041791
0.000235084,0.000417917
0.000235084,0.000417928
0.000235084,0.000417935
0.000235084,0.000417942
0.000235084,0.000417949
0.000235084,0.000417964
0.000235084,0.000417964
0.000235084,0.000417978
0.000235084,0.000417985
0.000235084,0.000417992
0.000235084,0.000417999
0.000235084,0.000418007
0.000235084,0.000418021
0.000235084,0.000418021
0.000235084,0.000418035
0.000235084,0.000418042
0.000235084,0.00041805
0.000235084,0.000418057
0.000235084,0.000418064
0.000235084,0.000418071
0.000235084,0.000418078
0.000235084,0.000418092
0.000235084,0.000418092
0.000235084,0.000418107
0.000235084,0.000418107
0.000235084,0.000418121
0.000235084,0.000418128
0.000235084,0.000418135
0.000235084,0.000418143
0.000235084,0.00041815
0.000235084,0.000418164
0.000235084,0.000418164
0.000235084,0.000418171
0.000235084,0.000418185
0.000235084,0.000418185
0.000235084,0.0004182
0.000235084,0.0004182
0.000235084,0.000418214
0.000235084,0.000418221
0.000235084,0.000418221
0.000235084,0.000418236
0.000235084,0.000418243
0.000235084,0.00041825
0.000235084,0.000418257
0.000235084,0.000418264
0.000235084,0.000418271
0.000235084,0.000418278
0.000235084,0.000418286
0.000235084,0.000418293
0.000235084,0.0004183
0.000235084,0.000418307
0.000235084,0.000418314
0.000235084,0.000418321
0.000235084,0.000418328
0.000235084,0.000418336
0.000235084,0.000418343
0.000235084,0.000418357
0.000235084,0.000418357
0.000235084,0.000418357
0.000235084,0.000418379
0.000235084,0.000418379
0.000235084,0.000418386
0.000235084,0.000418393
0.000235084,0.0004184
0.000235084,0.000418407
0.000235084,0.000418414
0.000235084,0.000418421
0.000235084,0.000418429
0.000235084,0.000418436
0.000235084,0.000418436
0.000235084,0.000418443
0.000235084,0.000418457
0.000235084,0.000418464
0.000235084,0.000418464
0.000235084,0.000418479
0.000235084,0.000418486
0.000235084,0.000418486
0.000235084,0.000418493
0.000235084,0.0004185
0.000235084,0.000418507
0.000235084,0.000418522
0.000235084,0.000418514
0.000235084,0.000418536
0.000235084,0.000418529
0.000235084,0.000418543
0.000235084,0.00041855
0.000235084,0.00041855
0.000235084,0.000418557
0.000235084,0.000418572
0.000235084,0.000418572
0.000235084,0.000418586
0.000235084,0.000418579
0.000235084,0.000418593
0.000235084,0.0004186
0.000235084,0.000418607
0.000235084,0.000418607
0.000235665,0.000419751
0.000236827,0.000420332
0.000237989,0.00042092
0.000239151,0.000421508
0.000240313,0.000422097
0.000241475,0.000422684
0.000242637,0.000423273
0.000243798,0.000423854
0.000244961,0.000424442
0.000246124,0.000425031
0.000247286,0.000425619
0.000248448,0.000426207
0.00024961,0.000426795
0.000250773,0.000427384
0.000251935,0.000427957
0.000253097,0.00042856
0.000254259,0.000429134
0.000255421,0.00042973
0.000256584,0.000430318
0.000257746,0.000430906
0.000258909,0.00043148
0.000260071,0.000432083
0.000261234,0.000432664
0.000262396,0.000433246
0.000263558,0.000433841
0.000264721,0.000434422
0.000265883,0.000435011
0.000267046,0.000435599
0.000268209,0.000436181
0.000269371,0.000436776
0.000270533,0.000437357
0.000271696,0.000437946
0.000272858,0.000438534
0.000274022,0.000439115
0.000275185,0.000439705
0.000276347,0.0004403
0.000277509,0.000440874
0.000278672,0.00044147
0.000279835,0.000442058
0.000280998,0.000442633
0.000282161,0.000443229
0.000283324,0.000443817
0.000284487,0.000444399
0.000285649,0.000444987
0.000286812,0.000445576
0.000287975,0.000446164
0.000289138,0.000446739
0.000290301,0.000447342
0.000291464,0.000447923
0.000292627,0.000448504
0.00029379,0.000449094
0.000294953,0.000449682
0.000296116,0.000450264
0.00029728,0.000450859
0.000298443,0.000451441
0.000299606,0.000452023
0.000300769,0.000452619
0.000301932,0.000453207
0.000303095,0.000453782
0.000304258,0.000454377
0.000305421,0.000454959
0.000306585,0.000455548
0.000307748,0.00045613
0.000308911,0.000456726
0.000310075,0.0004573
0.000311238,0.000457896
0.000312402,0.000458485
0.000313565,0.00045906
0.000314728,0.000459648
0.000315891,0.000460244
0.000317055,0.000460826
0.000318218,0.000461415
0.000319382,0.00046199
0.000320545,0.000462593
0.000321708,0.000463174
0.000322872,0.000463749
0.000324035,0.000464345
0.000325199,0.000464934
0.000326363,0.000465509
0.000327526,0.000466105
0.00032869,0.000466693
0.000329854,0.000467275
0.000331017,0.000467865
0.00033218,0.000468439
0.000333344,0.000469035
0.000334508,0.000469624
0.000335672,0.000470206
0.000336835,0.000470788
0.000337998,0.000471384
0.000339162,0.000471958
0.000340326,0.000472555
0.00034149,0.000473137
0.000342654,0.000473726
0.000343818,0.000474308
0.000344982,0.000474898
0.000346145,0.000475479
0.000347309,0.000476068
0.000348472,0.000476656
0.000349636,0.000477238
0.0003508,0.00047782
0.000351964,0.00047841
0.000353129,0.000479006
0.000354293,0.000479582
0.000355456,0.00048017
0.00035662,0.000480752
0.000357784,0.000481349
0.000358948,0.000481923
0.000360112,0.00048252
0.000361277,0.000483102
0.000362442,0.00048367
0.000363606,0.000484281
0.00036477,0.000484848
0.000365934,0.000485445
0.000367098,0.000486041
0.000368261,0.000486609
0.000369424,0.000487204
0.00037059,0.000487787
0.000371754,0.00048837
0.000372917,0.000488951
0.000374081,0.000489547
0.000375246,0.000490129
0.00037641,0.000490711
0.000377575,0.000491308
0.00037874,0.000491877
0.000379904,0.000492473
0.000381068,0.000493055
0.000382233,0.000493651
0.000383398,0.00049422
0.000384561,0.000494816
0.000385724,0.000495397
0.000386889,0.000495994
0.000388054,0.000496577
0.000389217,0.000497159
0.000390381,0.00049774
0.000391546,0.000498323
0.00039271,0.000498905
0.000393875,0.000499501
0.00039504,0.000500084
0.000396205,0.000500681
0.000397369,0.000501249
0.000398533,0.000501845
0.000399697,0.000502413
0.000400862,0.000503023
0.000402026,0.000503592
0.000403191,0.000504174
0.000404356,0.00050477
0.00040552,0.000505353
0.000406685,0.000505949
0.00040785,0.000506518
0.000409013,0.000507099
0.000410179,0.000507696
0.000411344,0.000508279
0.000412508,0.000508875
0.000413673,0.000509443
0.000414837,0.00051004
0.000416002,0.000510622
0.000417167,0.000511191
0.00041833,0.000511801
0.000419495,0.000512368
0.000420662,0.000512966
0.000421827,0.000513549
0.000422991,0.000514117
0.000424155,0.000514727
0.000425319,0.000515295
0.000426484,0.000515877
0.000427649,0.000516475
0.000428814,0.000517057
0.000429979,0.00051764
0.000431143,0.000518222
0.000432308,0.000518818
0.000433473,0.000519387
0.000434638,0.000519983
0.000435803,0.000520566
0.000436968,0.000521148
0.000438133,0.000521731
0.000439298,0.000522328
0.000440462,0.000522895
0.000441627,0.000523492
0.000442792,0.000524074
0.000443957,0.000524657
0.000445121,0.000525253
0.000446285,0.000525821
0.00044745,0.000526418
0.000448615,0.000526986
0.00044978,0.000527583
0.000450945,0.000528166
0.00045211,0.000528748
0.000453275,0.000529345
0.000454441,0.000529914
0.000455605,0.000530511
0.000456769,0.000531078
0.000457935,0.000531689
0.0004591,0.000532258
0.000460265,0.00053284
0.00046143,0.000533423
0.000462595,0.000534019
0.00046376,0.000534588
0.000464925,0.000535184
0.000466091,0.000535767
0.000467256,0.00053635
0.000468421,0.000536932
0.000469585,0.000537515
0.00047075,0.000538111
0.000471917,0.00053868
0.000473082,0.000539277
0.000474246,0.000539859
0.00047541,0.000540427
0.000476575,0.000541023
0.000477741,0.000541621
0.000478908,0.000542189
0.000480073,0.000542773
0.000481237,0.000543369
0.000482402,0.000543937
0.000483567,0.000544519
0.000484731,0.000545131
0.000485896,0.000545684
0.000487061,0.000546281
0.000488227,0.000546864
0.000489393,0.000547446
0.000490559,0.000548044
0.000491722,0.000548612
0.000492886,0.000549208
0.000494054,0.000549777
0.00049522,0.000550375
0.000496383,0.000550957
0.000497549,0.000551539
0.000498715,0.000552108
0.00049988,0.000552719
0.000501045,0.000553273
0.00050221,0.000553884
0.000503376,0.000554452
0.000504541,0.000555035
0.000505705,0.000555632
0.000506871,0.0005562
0.000508036,0.000556798
0.0005092,0.00055738
0.000510366,0.000557947
0.000511532,0.000558545
0.000512697,0.000559128
0.000513863,0.00055971
0.000515028,0.000560293
0.000516192,0.000560875
0.000517358,0.000561458
0.000518524,0.000562041
0.000519689,0.000562623
0.000520855,0.000563221
0.00052202,0.000563789
0.000523185,0.000564371
0.00052435,0.000564969
0.000525515,0.000565537
0.00052668,0.000566134
0.000527845,0.000566716
0.00052901,0.000567284
0.000530176,0.000567881
0.000531342,0.000568464
0.000532507,0.000569047
0.000533672,0.000569629
0.000534838,0.000570212
0.000536003,0.000570781
0.000537168,0.000571377
0.000538333,0.000571974
0.000539498,0.000572528
0.000540664,0.000573125
0.000541829,0.000573722
0.000542994,0.000574276
0.000544159,0.000574887
0.000545324,0.000575455
0.00054649,0.000576053
0.000547655,0.000576607
0.000548821,0.000577218
0.000549986,0.000577787
0.000551151,0.000578369
0.000552317,0.000578966
0.000553483,0.000579535
0.000554649,0.000580132
0.000555814,0.000580701
0.000556978,0.000581283
0.000558143,0.000581879
0.000559309,0.000582448
0.000560474,0.000583031
0.00056164,0.000583628
0.000562806,0.000584196
0.000563972,0.000584779
0.000565137,0.000585362
0.000566323,0.000597202
0.000567554,0.000609436
0.00056883,0.000622023
0.000570154,0.000634994
0.000571524,0.000648345
0.000572945,0.000662095
0.000574417,0.000676229
0.000575941,0.000690748
0.000577518,0.000705681
0.00057915,0.000720985
0.000580839,0.000736705
0.000582586,0.000752828
0.000584393,0.000769309
0.00058626,0.000786224
0.000588188,0.000803484
0.00059018,0.000821162
0.000592238,0.000839205
0.000594361,0.00085761
0.000596553,0.000876378
0.000598812,0.000895483
0.000601141,0.000914951
0.000603541,0.0009347
0.000606012,0.000954798
0.000608558,0.00097515
0.000611177,0.000995783
0.000613869,0.00101665
0.000616639,0.00103777
0.000619486,0.00105907
0.000622408,0.00108055
0.000625408,0.00110216
0.000628485,0.0011239
0.00063164,0.00114571
0.000634872,0.00116756
0.000638182,0.00118944
0.000641572,0.00121126
0.000645038,0.00123304
0.00064858,0.0012547
0.000652198,0.00127621
0.000655893,0.00129751
0.000659662,0.00131859
0.000663503,0.00133934
0.000667417,0.0013598
0.000671401,0.00137986
0.000675454,0.00139948
0.000679571,0.00141863
0.000683753,0.00143724
0.000688003,0.00145528
0.00069231,0.00147271
0.000696673,0.00148944
0.00070109,0.00150547
0.000705559,0.00152073
0.000710077,0.00153518
0.000714642,0.00154881
0.000719249,0.00156155
0.000723891,0.00157336
0.000728568,0.00158422
0.000733278,0.00159409
0.000738015,0.00160295
0.000742775,0.00161081
0.000747553,0.00161756
0.000752344,0.00162325
0.000757148,0.00162786
0.00076196,0.000379778
0.000454302,0.000525469
0.000454302,0.000525481
0.000454302,0.000525494
0.000454302,0.000525506
0.000454302,0.000525519
0.000454302,0.000525531
0.000454302,0.000525544
0.000454302,0.000525556
0.000454302,0.000525569
0.000454302,0.000525581
0.000454302,0.000525593
0.000454302,0.000525606
0.000454302,0.000525618
0.000454302,0.00052563
0.000454302,0.000525642
0.000454302,0.000525655
0.000454302,0.000525667
0.000454302,0.000525679
0.000454302,0.000525692
0.000454302,0.000525703
0.000454302,0.000525716
0.000454302,0.000525728
0.000454302,0.00052574
0.000454302,0.000525752
0.000454302,0.000525764
0.000454302,0.000525776
0.000454302,0.000525788
0.000454302,0.0005258
0.000454302,0.000525812
0.000454302,0.000525824
0.000454302,0.000525835
0.000454302,0.000525848
0.000454302,0.00052586
0.000454302,0.000525871
0.000454302,0.000525884
0.000454302,0.000525894
0.000454302,0.000525907
0.000454302,0.000525919
0.000454302,0.00052593
0.000454302,0.000525942
0.000454302,0.000525954
0.000454302,0.000525965
0.000454302,0.000525977
0.000454302,0.000525989
0.000454302,0.000526001
0.000454302,0.000526012
0.000454302,0.000526023
0.000454302,0.000526035
0.000454302,0.000526047
0.000454302,0.000526059
0.000454302,0.00052607
0.000454302,0.000526081
0.000454302,0.000526092
0.000454302,0.000526105
0.000454302,0.000526115
0.000454302,0.000526128
0.000454302,0.000526139
0.000454302,0.000526149
0.000454302,0.00052616
0.000454302,0.000526174
0.000454302,0.000526183
0.000454302,0.000526194
0.000454302,0.000526206
0.000454302,0.000526217
0.000454302,0.000526228
0.000454302,0.00052624
0.000454302,0.000526251
0.000454302,0.000526262
0.000454302,0.000526273
0.000454302,0.000526285
0.000454302,0.000526296
0.000454302,0.000526307
0.000454302,0.000526316
0.000454302,0.00052633
0.000454302,0.000526339
0.000454302,0.00052635
0.000454302,0.000526362
0.000454302,0.000526373
0.000454302,0.000526384
0.000454302,0.000526394
0.000454302,0.000526403
0.000454302,0.000526417
0.000454302,0.000526426
0.000454302,0.000526437
0.000454302,0.000526448
0.000452449,0.000538328
0.000448744,0.000536487
0.000445038,0.000534645
0.000441332,0.000532805
0.000437626,0.000530962
0.000433919,0.000529118
0.000430214,0.000527275
0.000426507,0.000525436
0.0004228,0.000523592
0.000419093,0.000521751
0.000415387,0.000519908
0.00041168,0.000518065
0.000407973,0.000516223
0.000404266,0.00051438
0.000400558,0.000512537
0.000396852,0.000510693
0.000393144,0.000508853
0.000389435,0.00050701
0.000385728,0.000505166
0.00038202,0.000503321
0.000378312,0.000501481
0.000374604,0.000499635
0.000370895,0.000497791
0.000367187,0.000495949
0.000363479,0.000494106
0.00035977,0.000492262
0.000356061,0.000490419
0.000352352,0.000488573
0.000348643,0.000486732
0.000344936,0.000484886
0.000341225,0.000483043
0.000337515,0.000481198
0.000333805,0.000479351
0.000330096,0.000477511
0.000326385,0.000475664
0.000322675,0.000473819
0.000318966,0.000471976
0.000315256,0.000470128
0.000311547,0.000468289
0.000307835,0.000466441
0.000304124,0.000464596
0.000300414,0.000462752
0.000296703,0.000460904
0.000292993,0.00045906
0.000289282,0.000457216
0.000285569,0.000455371
0.000281858,0.000453523
0.000278147,0.000451679
0.000274436,0.000449833
0.000270723,0.00044799
0.000267011,0.00044614
0.0002633,0.000444296
0.000259588,0.000442451
0.000255876,0.000440603
0.000252163,0.000438758
0.000248449,0.000436912
0.000244738,0.000435063
0.000241026,0.000433219
0.000238096,0.000435491
0.000235949,0.000434426
0.000233801,0.000433364
0.000231654,0.000432301
0.000229507,0.000431235
0.000227359,0.000430172
0.000225211,0.00042911
0.000223064,0.000428043
0.000220917,0.000426981
0.000218769,0.000425915
0.000216621,0.000424853
0.000214473,0.000423789
0.000212325,0.000422723
0.000210177,0.000421657
0.000208029,0.000420598
0.00020588,0.000419531
0.000203733,0.000418465
0.000201585,0.000417402
0.000201293,0.000400646
0.000202859,0.000401436
0.000204426,0.000402227
0.000205993,0.000403021
0.00020756,0.000403815
0.000209126,0.000404606
0.000210693,0.0004054
0.00021226,0.00040619
0.000213827,0.000406984
0.000215394,0.000407775
0.00021696,0.000408569
0.000218528,0.00040936
0.000220095,0.000410154
0.000221662,0.000410945
0.000223229,0.000411736
0.000224795,0.000412529
0.000226363,0.000413324
0.000227931,0.000414115
0.000229498,0.000414906
0.000231066,0.0004157
0.000232633,0.000416491
0.0002342,0.000417286
0.000234984,0.000417749
0.000234984,0.00041776
0.000234984,0.000417767
0.000234984,0.000417774
0.000234984,0.000417785
0.000234984,0.000417792
0.000234984,0.000417799
0.000234984,0.00041781
0.000234984,0.000417817
0.000234984,0.000417828
0.000234984,0.000417835
0.000234984,0.000417842
0.000234984,0.000417853
0.000234984,0.00041786
0.000234984,0.000417867
0.000234984,0.000417878
0.000234984,0.000417885
0.000234984,0.000417892
0.000234984,0.000417899
0.000234984,0.000417914
0.000234984,0.000417914
0.000234984,0.000417928
0.000234984,0.000417935
0.000234984,0.000417942
0.000234984,0.000417949
0.000234984,0.000417957
0.000234984,0.000417971
0.000234984,0.000417971
0.000234984,0.000417985
0.000234984,0.000417992
0.000234984,0.000417999
0.000234984,0.000418007
0.000234984,0.000418014
0.000234984,0.000418021
0.000234984,0.000418028
0.000234984,0.000418042
0.000234984,0.000418042
0.000234984,0.000418057
0.000234984,0.000418057
0.000234984,0.000418071
0.000234984,0.000418078
0.000234984,0.000418085
0.000234984,0.000418092
0.000234984,0.0004181
0.000234984,0.000418114
0.000234984,0.000418114
0.000234984,0.000418121
0.000234984,0.000418135
0.000234984,0.000418135
0.000234984,0.00041815
0.000234984,0.00041815
0.000234984,0.000418164
0.000234984,0.000418171
0.000234984,0.000418171
0.000234984,0.000418185
0.000234984,0.000418193
0.000234984,0.0004182
0.000234984,0.000418207
0.000234984,0.000418214
0.000234984,0.000418221
0.000234984,0.000418228
0.000234984,0.000418236
0.000234984,0.000418243
0.000234984,0.00041825
0.000234984,0.000418257
0.000234984,0.000418264
0.000234984,0.000418271
0.000234984,0.000418278
0.000234984,0.000418286
0.000234984,0.000418293
0.000234984,0.000418307
0.000234984,0.000418307
0.000234984,0.000418307
0.000234984,0.000418328
0.000234984,0.000418328
0.000234984,0.000418336
0.000234984,0.000418343
0.000234984,0.00041835
0.000234984,0.000418357
0.000234984,0.000418364
0.000234984,0.000418371
0.000234984,0.000418379
0.000234984,0.000418386
0.000234984,0.000418386
0.000234984,0.000418393
0.000234984,0.000418407
0.000234984,0.000418414
0.000234984,0.000418414
0.000234984,0.000418429
0.000234984,0.000418436
0.000234984,0.000418436
0.000234984,0.000418443
0.000234984,0.00041845
0.000234984,0.000418457
0.000234984,0.000418472
0.000234984,0.000418464
0.000234984,0.000418486
0.000234984,0.000418479
0.000234984,0.000418493
0.000234984,0.0004185
0.000234984,0.0004185
0.000234984,0.000418507
0.000234984,0.000418522
0.000234984,0.000418522
0.000234984,0.000418536
0.000234984,0.000418529
0.000234984,0.000418543
0.000234984,0.00041855
0.000234984,0.000418557
0.000234984,0.000418557
0.000235565,0.000419752
0.000236726,0.000420332
0.000237887,0.00042092
0.000239049,0.000421508
0.000240211,0.000422096
0.000241372,0.000422684
0.000242533,0.000423272
0.000243695,0.000423853
0.000244857,0.000424441
0.000246018,0.000425029
0.00024718,0.000425616
0.000248342,0.000426205
0.000249503,0.000426793
0.000250665,0.00042738
0.000251827,0.000427955
0.000252989,0.000428557
0.00025415,0.00042913
0.000255312,0.000429726
0.000256474,0.000430314
0.000257636,0.000430902
0.000258798,0.000431476
0.00025996,0.000432078
0.000261122,0.000432659
0.000262283,0.00043324
0.000263446,0.000433835
0.000264608,0.000434417
0.00026577,0.000435005
0.000266932,0.000435593
0.000268094,0.000436174
0.000269256,0.000436769
0.000270419,0.000437351
0.000271581,0.000437939
0.000272743,0.000438527
0.000273905,0.000439108
0.000275067,0.000439696
0.000276229,0.000440292
0.000277391,0.000440866
0.000278554,0.000441461
0.000279716,0.00044205
0.000280878,0.000442624
0.00028204,0.000443219
0.000283203,0.000443807
0.000284365,0.000444389
0.000285527,0.000444977
0.00028669,0.000445565
0.000287853,0.000446154
0.000289015,0.000446728
0.000290177,0.00044733
0.00029134,0.000447912
0.000292502,0.000448493
0.000293665,0.000449081
0.000294828,0.00044967
0.00029599,0.000450251
0.000297152,0.000450847
0.000298315,0.000451428
0.000299478,0.000452009
0.00030064,0.000452605
0.000301803,0.000453194
0.000302966,0.000453768
0.000304129,0.000454364
0.000305291,0.000454945
0.000306454,0.000455534
0.000307617,0.000456115
0.000308779,0.000456711
0.000309942,0.000457285
0.000311105,0.000457881
0.000312268,0.000458469
0.00031343,0.000459043
0.000314593,0.000459632
0.000315756,0.000460228
0.000316919,0.000460809
0.000318082,0.000461398
0.000319245,0.000461972
0.000320408,0.000462575
0.000321571,0.000463157
0.000322734,0.000463731
0.000323897,0.000464327
0.00032506,0.000464915
0.000326223,0.00046549
0.000327386,0.000466086
0.000328549,0.000466674
0.000329713,0.000467256
0.000330875,0.000467845
0.000332039,0.000468419
0.000333203,0.000469016
0.000334366,0.000469604
0.000335528,0.000470186
0.000336691,0.000470767
0.000337856,0.000471363
0.000339019,0.000471938
0.000340182,0.000472533
0.000341345,0.000473116
0.000342509,0.000473704
0.000343672,0.000474287
0.000344834,0.000474874
0.000345997,0.000475455
0.000347161,0.000476045
0.000348325,0.000476634
0.000349489,0.000477216
0.000350652,0.000477798
0.000351815,0.000478386
0.000352978,0.000478982
0.000354143,0.000479557
0.000355306,0.000480147
0.000356469,0.000480727
0.000357632,0.000481324
0.000358796,0.000481897
0.00035996,0.000482495
0.000361123,0.000483077
0.000362285,0.000483643
0.000363449,0.000484253
0.000364612,0.000484821
0.000365776,0.000485416
0.000366939,0.000486013
0.000368104,0.00048658
0.000369269,0.000487178
0.000370431,0.000487759
0.000371595,0.00048834
0.000372758,0.000488923
0.000373922,0.000489518
0.000375087,0.000490101
0.00037625,0.000490683
0.000377415,0.000491279
0.000378578,0.000491847
0.000379741,0.000492442
0.000380905,0.000493024
0.000382068,0.000493621
0.000383231,0.000494188
0.000384396,0.000494784
0.00038556,0.000495367
0.000386724,0.000495962
0.000387888,0.000496544
0.000389052,0.000497126
0.000390215,0.000497708
0.000391379,0.00049829
0.000392544,0.000498873
0.000393707,0.000499469
0.00039487,0.00050005
0.000396034,0.000500646
0.000397199,0.000501214
0.000398364,0.000501811
0.000399528,0.000502379
0.000400693,0.00050299
0.000401857,0.000503558
0.00040302,0.00050414
0.000404183,0.000504735
0.000405348,0.000505317
0.000406512,0.000505914
0.000407675,0.000506481
0.00040884,0.000507063
0.000410004,0.000507661
0.000411167,0.000508242
0.000412332,0.000508838
0.000413496,0.000509406
0.000414661,0.000510003
0.000415824,0.000510584
0.000416989,0.000511152
0.000418154,0.000511763
0.000419317,0.000512331
0.000420479,0.000512927
0.000421643,0.000513508
0.000422808,0.000514077
0.000423973,0.000514687
0.000425138,0.000515256
0.000426303,0.000515838
0.000427467,0.000516435
0.00042863,0.000517016
0.000429795,0.000517598
0.000430959,0.000518181
0.000432124,0.000518777
0.000433288,0.000519345
0.000434452,0.000519941
0.000435617,0.000520524
0.00043678,0.000521106
0.000437944,0.000521687
0.000439109,0.000522284
0.000440273,0.000522852
0.000441437,0.000523448
0.000442601,0.00052403
0.000443766,0.000524612
0.000444931,0.00052521
0.000446095,0.000525777
0.000447259,0.000526374
0.000448424,0.000526942
0.000449589,0.000527539
0.000450754,0.000528121
0.000451919,0.000528704
0.000453082,0.0005293
0.000454246,0.000529867
0.00045541,0.000530463
0.000456575,0.000531032
0.00045774,0.000531642
0.000458905,0.00053221
0.000460069,0.000532793
0.000461234,0.000533375
0.000462398,0.000533972
0.000463563,0.000534539
0.000464727,0.000535137
0.000465891,0.000535718
0.000467055,0.000536301
0.000468219,0.000536882
0.000469385,0.000537465
0.00047055,0.000538062
0.000471714,0.00053863
0.000472878,0.000539226
0.000474043,0.000539808
0.000475209,0.000540377
0.000476374,0.000540974
0.000477538,0.00054157
0.000478701,0.000542138
0.000479865,0.000542719
0.000481031,0.000543317
0.000482197,0.000543885
0.000483361,0.000544468
0.000484525,0.000545078
0.000485691,0.000545632
0.000486855,0.000546229
0.000488018,0.000546811
0.000489182,0.000547393
0.000490347,0.000547989
0.000491513,0.000548558
0.000492678,0.000549155
0.000493841,0.000549723
0.000495006,0.000550318
0.000496173,0.000550902
0.000497337,0.000551485
0.000498501,0.000552052
0.000499666,0.000552663
0.00050083,0.000553217
0.000501995,0.000553827
0.00050316,0.000554396
0.000504325,0.000554978
0.00050549,0.000555575
0.000506654,0.000556143
0.000507819,0.000556739
0.000508984,0.000557322
0.000510148,0.00055789
0.000511312,0.000558486
0.000512477,0.000559068
0.000513642,0.000559651
0.000514807,0.000560233
0.000515973,0.000560816
0.000517137,0.000561399
0.0005183,0.00056198
0.000519465,0.000562563
0.000520631,0.00056316
0.000521796,0.000563728
0.000522961,0.00056431
0.000524126,0.000564908
0.000525291,0.000565475
0.000526456,0.000566073
0.00052762,0.000566655
0.000528785,0.000567222
0.00052995,0.00056782
0.000531114,0.000568402
0.000532279,0.000568984
0.000533444,0.000569567
0.000534609,0.000570149
0.000535774,0.000570717
0.000536938,0.000571314
0.000538103,0.00057191
0.000539269,0.000572464
0.000540434,0.000573062
0.000541599,0.000573658
0.000542764,0.000574212
0.000543929,0.000574823
0.000545094,0.000575392
0.000546258,0.000575988
0.000547422,0.000576541
0.000548587,0.000577152
0.000549753,0.000577721
0.000550918,0.000578304
0.000552082,0.0005789
0.000553246,0.000579468
0.00055441,0.000580064
0.000555576,0.000580632
0.000556742,0.000581216
0.000557906,0.000581812
0.00055907,0.00058238
0.000560234,0.000582962
0.000561399,0.000583558
0.000562564,0.000584127
0.000563729,0.000584709
0.000564895,0.000585291
0.000566081,0.000597134
0.000567311,0.00060937
0.000568587,0.000621959
0.00056991,0.00063493
0.00057128,0.000648284
0.000572701,0.000662036
0.000574171,0.000676173
0.000575693,0.000690692
0.00057727,0.000705628
0.000578903,0.000720934
0.000580592,0.000736658
0.000582337,0.000752781
0.000584141,0.000769265
0.000586006,0.00078618
0.000587936,0.000803443
0.000589929,0.000821126
0.000591984,0.00083917
0.000594107,0.000857576
0.000596297,0.000876348
0.000598556,0.000895454
0.000600885,0.000914926
0.000603284,0.000934677
0.000605755,0.00095478
0.000608298,0.000975134
0.000610916,0.000995767
0.00061361,0.00101664
0.000616378,0.00103777
0.000619222,0.00105906
0.000622142,0.00108055
0.00062514,0.00110216
0.000628216,0.0011239
0.000631371,0.00114571
0.000634603,0.00116757
0.000637912,0.00118945
0.000641297,0.00121128
0.000644761,0.00123305
0.000648303,0.00125472
0.000651921,0.00127623
0.000655612,0.00129753
0.00065938,0.00131861
0.000663221,0.00133937
0.000667132,0.00135983
0.000671112,0.00137989
0.000675162,0.00139952
0.000679282,0.00141866
0.000683464,0.00143728
0.000687706,0.00145532
0.00069201,0.00147275
0.000696371,0.00148948
0.000700788,0.00150552
0.000705256,0.00152078
0.000709773,0.00153523
0.000714335,0.00154886
0.000718938,0.00156159
0.000723581,0.00157341
0.000728259,0.00158427
0.000732965,0.00159415
0.000737699,0.001603
0.000742457,0.00161086
0.000747235,0.00161761
0.000752027,0.0016233
0.000756828,0.00162791
0.000761635,0.000379615
0.000454091,0.000525363
0.000454091,0.000525376
0.000454091,0.000525388
0.000454091,0.000525401
0.000454091,0.000525413
0.000454091,0.000525426
0.000454091,0.000525438
0.000454091,0.000525451
0.000454091,0.000525463
0.000454091,0.000525475
0.000454091,0.000525488
0.000454091,0.0005255
0.000454091,0.000525512
0.000454091,0.000525525
0.000454091,0.000525537
0.000454091,0.000525549
0.000454091,0.000525561
0.000454091,0.000525573
0.000454091,0.000525586
0.000454091,0.000525598
0.000454091,0.00052561
0.000454091,0.000525622
0.000454091,0.000525635
0.000454091,0.000525646
0.000454091,0.000525658
0.000454091,0.00052567
0.000454091,0.000525683
0.000454091,0.000525694
0.000454091,0.000525707
0.000454091,0.000525718
0.000454091,0.00052573
0.000454091,0.000525742
0.000454091,0.000525754
0.000454091,0.000525766
0.000454091,0.000525778
0.000454091,0.000525789
0.000454091,0.000525801
0.000454091,0.000525814
0.000454091,0.000525825
0.000454091,0.000525836
0.000454091,0.000525849
0.000454091,0.00052586
0.000454091,0.000525871
0.000454091,0.000525884
0.000454091,0.000525895
0.000454091,0.000525907
0.000454091,0.000525918
0.000454091,0.000525929
0.000454091,0.000525942
0.000454091,0.000525953
0.000454091,0.000525964
0.000454091,0.000525976
0.000454091,0.000525987
0.000454091,0.000525999
0.000454091,0.00052601
0.000454091,0.000526022
0.000454091,0.000526033
0.000454091,0.000526044
0.000454091,0.000526055
0.000454091,0.000526069
0.000454091,0.000526078
0.000454091,0.000526088
0.000454091,0.000526101
0.000454091,0.000526112
0.000454091,0.000526122
0.000454091,0.000526135
0.000454091,0.000526146
0.000454091,0.000526156
0.000454091,0.000526167
0.000454091,0.00052618
0.000454091,0.00052619
0.000454091,0.000526201
0.000454091,0.00052621
0.000454091,0.000526224
0.000454091,0.000526233
0.000454091,0.000526244
0.000454091,0.000526257
0.000454091,0.000526267
0.000454091,0.000526278
0.000454091,0.000526289
0.000454091,0.000526298
0.000454091,0.000526312
0.000454091,0.000526321
0.000454091,0.000526332
0.000454091,0.000526342
0.000452239,0.000538734
0.000448536,0.000536894
0.000444833,0.000535053
0.000441129,0.000533215
0.000437425,0.000531371
0.000433721,0.000529532
0.000430015,0.000527688
0.000426311,0.000525848
0.000422606,0.000524008
0.000418901,0.000522165
0.000415196,0.000520325
0.000411491,0.000518481
0.000407786,0.000516642
0.000404079,0.000514799
0.000400374,0.000512956
0.000396669,0.000511114
0.000392963,0.000509273
0.000389258,0.000507432
0.000385551,0.000505591
0.000381845,0.000503744
0.000378139,0.000501906
0.000374433,0.00050006
0.000370726,0.000498219
0.000367018,0.000496376
0.000363311,0.000494534
0.000359605,0.000492691
0.000355898,0.000490849
0.00035219,0.000489004
0.000348482,0.000487164
0.000344775,0.000485318
0.000341067,0.000483475
0.000337359,0.000481633
0.000333652,0.000479786
0.000329944,0.000477947
0.000326236,0.0004761
0.000322528,0.000474258
0.00031882,0.000472415
0.00031511,0.000470568
0.000311401,0.000468728
0.000307692,0.000466881
0.000303984,0.000465038
0.000300275,0.000463195
0.000296566,0.000461348
0.000292856,0.000459504
0.000289147,0.000457661
0.000285438,0.000455818
0.000281729,0.00045397
0.000278019,0.000452127
0.000274309,0.000450283
0.000270598,0.000448439
0.000266888,0.000446591
0.000263178,0.000444747
0.000259468,0.000442904
0.000255758,0.000441055
0.000252048,0.000439212
0.000248338,0.000437368
0.000244626,0.00043552
0.000240916,0.000433675
0.000237987,0.000435776
0.000235839,0.00043471
0.000233694,0.000433648
0.000231548,0.000432586
0.000229401,0.000431521
0.000227255,0.000430459
0.000225108,0.000429396
0.000222962,0.000428331
0.000220815,0.000427269
0.000218668,0.000426204
0.000216521,0.000425141
0.000214374,0.000424079
0.000212228,0.000423013
0.00021008,0.000421948
0.000207933,0.000420889
0.000205786,0.000419823
0.000203639,0.000418757
0.000201491,0.000417694
0.000201201,0.000400564
0.000202767,0.000401355
0.000204333,0.000402145
0.000205898,0.000402938
0.000207464,0.000403732
0.00020903,0.000404522
0.000210596,0.000405316
0.000212163,0.000406106
0.000213729,0.0004069
0.000215295,0.00040769
0.000216861,0.000408484
0.000218427,0.000409274
0.000219993,0.000410068
0.00022156,0.000410859
0.000223126,0.000411649
0.000224693,0.000412443
0.000226259,0.000413236
0.000227826,0.000414027
0.000229392,0.000414818
0.000230959,0.000415612
0.000232526,0.000416402
0.000234092,0.000417196
0.000234876,0.000417695
0.000234876,0.000417706
0.000234876,0.000417713
0.000234876,0.00041772
0.000234876,0.000417731
0.000234876,0.000417738
0.000234876,0.000417745
0.000234876,0.000417756
0.000234876,0.000417763
0.000234876,0.000417774
0.000234876,0.000417781
0.000234876,0.000417788
0.000234876,0.000417799
0.000234876,0.000417806
0.000234876,0.000417813
0.000234876,0.000417824
0.000234876,0.000417831
0.000234876,0.000417838
0.000234876,0.000417845
0.000234876,0.00041786
0.000234876,0.00041786
0.000234876,0.000417874
0.000234876,0.000417881
0.000234876,0.000417888
0.000234876,0.000417895
0.000234876,0.000417902
0.000234876,0.000417917
0.000234876,0.000417917
0.000234876,0.000417931
0.000234876,0.000417938
0.000234876,0.000417945
0.000234876,0.000417953
0.000234876,0.00041796
0.000234876,0.000417967
0.000234876,0.000417974
0.000234876,0.000417988
0.000234876,0.000417988
0.000234876,0.000418003
0.000234876,0.000418003
0.000234876,0.000418017
0.000234876,0.000418024
0.000234876,0.000418031
0.000234876,0.000418038
0.000234876,0.000418046
0.000234876,0.00041806
0.000234876,0.00041806
0.000234876,0.000418067
0.000234876,0.000418081
0.000234876,0.000418081
0.000234876,0.000418096
0.000234876,0.000418096
0.000234876,0.00041811
0.000234876,0.000418117
0.000234876,0.000418117
0.000234876,0.000418131
0.000234876,0.000418139
0.000234876,0.000418146
0.000234876,0.000418153
0.000234876,0.00041816
0.000234876,0.000418167
0.000234876,0.000418174
0.000234876,0.000418181
0.000234876,0.000418189
0.000234876,0.000418196
0.000234876,0.000418203
0.000234876,0.00041821
0.000234876,0.000418217
0.000234876,0.000418224
0.000234876,0.000418231
0.000234876,0.000418239
0.000234876,0.000418253
0.000234876,0.000418253
0.000234876,0.000418253
0.000234876,0.000418274
0.000234876,0.000418274
0.000234876,0.000418282
0.000234876,0.000418289
0.000234876,0.000418296
0.000234876,0.000418303
0.000234876,0.00041831
0.000234876,0.000418317
0.000234876,0.000418324
0.000234876,0.000418332
0.000234876,0.000418332
0.000234876,0.000418339
0.000234876,0.000418353
0.000234876,0.00041836
0.000234876,0.00041836
0.000234876,0.000418375
0.000234876,0.000418382
0.000234876,0.000418382
0.000234876,0.000418389
0.000234876,0.000418396
0.000234876,0.000418403
0.000234876,0.000418417
0.000234876,0.00041841
0.000234876,0.000418432
0.000234876,0.000418425
0.000234876,0.000418439
0.000234876,0.000418446
0.000234876,0.000418446
0.000234876,0.000418453
0.000234876,0.000418468
0.000234876,0.000418468
0.000234876,0.000418482
0.000234876,0.000418475
0.000234876,0.000418489
0.000234876,0.000418496
0.000234876,0.000418503
0.000234876,0.000418503
0.000235456,0.000419749
0.000236617,0.00042033
0.000237778,0.000420917
0.000238939,0.000421505
0.0002401,0.000422093
0.000241261,0.00042268
0.000242422,0.000423268
0.000243583,0.000423849
0.000244744,0.000424437
0.000245905,0.000425024
0.000247066,0.000425612
0.000248227,0.000426199
0.000249389,0.000426787
0.00025055,0.000427375
0.000251711,0.000427949
0.000252872,0.00042855
0.000254034,0.000429124
0.000255195,0.000429719
0.000256356,0.000430307
0.000257518,0.000430895
0.000258679,0.000431468
0.00025984,0.00043207
0.000261002,0.000432651
0.000262163,0.000433232
0.000263325,0.000433827
0.000264486,0.000434408
0.000265648,0.000434996
0.000266809,0.000435583
0.000267971,0.000436165
0.000269132,0.000436759
0.000270294,0.00043734
0.000271455,0.000437928
0.000272617,0.000438516
0.000273778,0.000439097
0.00027494,0.000439685
0.000276102,0.00044028
0.000277264,0.000440854
0.000278425,0.000441449
0.000279587,0.000442037
0.000280749,0.000442611
0.000281911,0.000443207
0.000283073,0.000443794
0.000284235,0.000444375
0.000285396,0.000444963
0.000286558,0.000445551
0.00028772,0.000446139
0.000288882,0.000446713
0.000290044,0.000447316
0.000291206,0.000447897
0.000292368,0.000448478
0.00029353,0.000449066
0.000294692,0.000449654
0.000295854,0.000450235
0.000297016,0.000450831
0.000298178,0.000451412
0.00029934,0.000451992
0.000300502,0.000452588
0.000301664,0.000453176
0.000302827,0.00045375
0.000303989,0.000454346
0.00030515,0.000454926
0.000306313,0.000455515
0.000307475,0.000456096
0.000308638,0.000456691
0.0003098,0.000457266
0.000310962,0.000457861
0.000312124,0.000458449
0.000313287,0.000459023
0.000314449,0.000459612
0.000315612,0.000460207
0.000316774,0.000460789
0.000317936,0.000461376
0.000319098,0.000461951
0.00032026,0.000462553
0.000321423,0.000463134
0.000322586,0.000463709
0.000323748,0.000464304
0.000324911,0.000464893
0.000326074,0.000465467
0.000327237,0.000466063
0.000328399,0.000466651
0.00032956,0.000467232
0.000330724,0.00046782
0.000331887,0.000468396
0.000333048,0.00046899
0.00033421,0.000469578
0.000335373,0.00047016
0.000336536,0.000470741
0.000337699,0.000471337
0.000338862,0.000471911
0.000340025,0.000472508
0.000341188,0.000473089
0.00034235,0.000473677
0.000343513,0.000474258
0.000344677,0.000474847
0.00034584,0.000475429
0.000347002,0.000476017
0.000348164,0.000476606
0.000349326,0.000477186
0.000350489,0.000477768
0.000351653,0.000478357
0.000352816,0.000478953
0.000353978,0.000479527
0.000355141,0.000480115
0.000356305,0.000480698
0.000357467,0.000481293
0.000358629,0.000481867
0.000359792,0.000482462
0.000360956,0.000483044
0.00036212,0.000483612
0.000363283,0.000484222
0.000364446,0.00048479
0.000365609,0.000485385
0.000366773,0.000485982
0.000367936,0.000486549
0.000369097,0.000487144
0.00037026,0.000487725
0.000371424,0.000488307
0.000372588,0.000488889
0.000373752,0.000489486
0.000374914,0.000490067
0.000376076,0.000490648
0.000377239,0.000491243
0.000378403,0.000491811
0.000379567,0.000492407
0.000380729,0.000492989
0.000381892,0.000493584
0.000383056,0.000494152
0.000384219,0.000494748
0.000385382,0.000495329
0.000386547,0.000495926
0.00038771,0.000496508
0.000388873,0.000497089
0.000390036,0.000497671
0.000391199,0.000498252
0.000392362,0.000498834
0.000393527,0.00049943
0.000394691,0.000500012
0.000395853,0.000500608
0.000397015,0.000501175
0.000398178,0.00050177
0.000399342,0.000502338
0.000400506,0.000502949
0.000401669,0.000503516
0.000402834,0.000504098
0.000403998,0.000504695
0.000405161,0.000505276
0.000406324,0.000505872
0.000407487,0.000506439
0.000408652,0.000507021
0.000409815,0.000507618
0.000410978,0.000508199
0.000412142,0.000508795
0.000413305,0.000509363
0.000414468,0.000509958
0.000415633,0.00051054
0.000416797,0.000511109
0.000417961,0.000511719
0.000419124,0.000512287
0.000420288,0.000512882
0.000421452,0.000513465
0.000422615,0.000514032
0.000423779,0.000514643
0.000424943,0.00051521
0.000426106,0.000515792
0.000427269,0.000516387
0.000428434,0.00051697
0.000429597,0.000517552
0.000430761,0.000518133
0.000431924,0.00051873
0.000433088,0.000519296
0.000434252,0.000519894
0.000435416,0.000520475
0.00043658,0.000521058
0.000437744,0.00052164
0.000438907,0.000522235
0.000440071,0.000522803
0.000441235,0.000523399
0.000442399,0.000523981
0.000443563,0.000524563
0.000444727,0.00052516
0.000445891,0.000525727
0.000447055,0.000526324
0.000448219,0.000526891
0.000449382,0.000527487
0.000450546,0.000528069
0.00045171,0.000528651
0.000452873,0.000529247
0.000454037,0.000529814
0.000455202,0.000530411
0.000456365,0.000530979
0.000457529,0.000531589
0.000458694,0.000532158
0.000459857,0.000532739
0.000461022,0.000533321
0.000462186,0.000533918
0.00046335,0.000534485
0.000464515,0.000535082
0.000465678,0.000535664
0.000466842,0.000536245
0.000468007,0.000536828
0.00046917,0.00053741
0.000470333,0.000538006
0.000471497,0.000538573
0.000472662,0.00053917
0.000473826,0.000539752
0.00047499,0.00054032
0.000476154,0.000540916
0.000477318,0.000541512
0.000478482,0.00054208
0.000479646,0.000542662
0.00048081,0.000543259
0.000481973,0.000543826
0.000483137,0.000544407
0.000484302,0.000545019
0.000485466,0.000545573
0.00048663,0.000546169
0.000487795,0.000546751
0.00048896,0.000547334
0.000490124,0.00054793
0.000491288,0.000548497
0.000492452,0.000549094
0.000493616,0.000549661
0.00049478,0.000550258
0.000495943,0.000550839
0.000497107,0.000551421
0.000498272,0.000551989
0.000499436,0.000552601
0.0005006,0.000553153
0.000501765,0.000553765
0.000502929,0.000554333
0.000504093,0.000554915
0.000505257,0.00055551
0.000506422,0.000556079
0.000507586,0.000556675
0.00050875,0.000557257
0.000509913,0.000557825
0.000511078,0.00055842
0.000512243,0.000559004
0.000513406,0.000559585
0.000514571,0.000560167
0.000515735,0.00056075
0.000516899,0.000561331
0.000518064,0.000561914
0.000519228,0.000562496
0.000520392,0.000563093
0.000521556,0.000563661
0.000522721,0.000564243
0.000523885,0.000564839
0.000525049,0.000565407
0.000526213,0.000566003
0.000527377,0.000566585
0.000528541,0.000567153
0.000529705,0.000567749
0.00053087,0.000568331
0.000532035,0.000568914
0.000533199,0.000569496
0.000534363,0.000570078
0.000535527,0.000570646
0.000536692,0.000571242
0.000537857,0.000571839
0.000539021,0.000572393
0.000540185,0.000572989
0.000541348,0.000573585
0.000542512,0.000574138
0.000543677,0.000574749
0.000544842,0.000575317
0.000546007,0.000575914
0.000547172,0.000576468
0.000548335,0.000577079
0.000549499,0.000577646
0.000550664,0.000578228
0.000551828,0.000578825
0.000552992,0.000579393
0.000554157,0.000579989
0.000555321,0.000580558
0.000556484,0.000581139
0.000557649,0.000581735
0.000558814,0.000582304
0.000559979,0.000582886
0.000561143,0.000583483
0.000562306,0.00058405
0.00056347,0.000584632
0.000564635,0.000585214
0.00056582,0.000597057
0.00056705,0.000609295
0.000568325,0.000621887
0.000569648,0.000634859
0.000571018,0.000648216
0.000572436,0.000661969
0.000573907,0.000676106
0.000575429,0.00069063
0.000577005,0.000705566
0.000578636,0.000720875
0.000580323,0.000736599
0.000582069,0.000752726
0.000583874,0.000769213
0.00058574,0.000786131
0.000587668,0.000803397
0.000589657,0.000821081
0.000591713,0.000839126
0.000593835,0.000857538
0.000596023,0.00087631
0.00059828,0.00089542
0.000600607,0.000914893
0.000603006,0.000934647
0.000605476,0.000954752
0.000608018,0.000975108
0.000610636,0.000995746
0.000613327,0.00101662
0.000616094,0.00103775
0.000618937,0.00105905
0.000621857,0.00108054
0.000624854,0.00110216
0.000627927,0.0011239
0.00063108,0.00114571
0.00063431,0.00116757
0.000637617,0.00118946
0.000641002,0.00121128
0.000644465,0.00123306
0.000648004,0.00125473
0.000651619,0.00127624
0.00065531,0.00129755
0.000659074,0.00131863
0.000662913,0.00133939
0.000666824,0.00135986
0.000670804,0.00137991
0.000674855,0.00139955
0.000678969,0.00141869
0.00068315,0.00143731
0.000687393,0.00145535
0.000691693,0.00147278
0.000696053,0.00148951
0.000700468,0.00150555
0.000704935,0.00152082
0.000709448,0.00153527
0.000714008,0.0015489
0.00071861,0.00156164
0.000723249,0.00157345
0.000727923,0.00158432
0.000732629,0.00159419
0.000737363,0.00160304
0.000742117,0.0016109
0.00074689,0.00161765
0.000751678,0.00162334
0.000756478,0.00162795
0.000761284,0.00037944
0.000453871,0.000525253
0.000453871,0.000525266
0.000453871,0.000525278
0.000453871,0.000525291
0.000453871,0.000525303
0.000453871,0.000525316
0.000453871,0.000525328
0.000453871,0.000525341
0.000453871,0.000525353
0.000453871,0.000525365
0.000453871,0.000525378
0.000453871,0.00052539
0.000453871,0.000525403
0.000453871,0.000525415
0.000453871,0.000525427
0.000453871,0.000525439
0.000453871,0.000525451
0.000453871,0.000525464
0.000453871,0.000525476
0.000453871,0.000525488
0.000453871,0.0005255
0.000453871,0.000525512
0.000453871,0.000525525
0.000453871,0.000525536
0.000453871,0.000525548
0.000453871,0.000525561
0.000453871,0.000525573
0.000453871,0.000525584
0.000453871,0.000525597
0.000453871,0.000525608
0.000453871,0.00052562
0.000453871,0.000525633
0.000453871,0.000525644
0.000453871,0.000525656
0.000453871,0.000525668
0.000453871,0.000525679
0.000453871,0.000525692
0.000453871,0.000525704
0.000453871,0.000525715
0.000453871,0.000525726
0.000453871,0.000525739
0.000453871,0.00052575
0.000453871,0.000525761
0.000453871,0.000525774
0.000453871,0.000525785
0.000453871,0.000525797
0.000453871,0.000525808
0.000453871,0.000525819
0.000453871,0.000525832
0.000453871,0.000525844
0.000453871,0.000525854
0.000453871,0.000525866
0.000453871,0.000525877
0.000453871,0.000525889
0.000453871,0.0005259
0.000453871,0.000525912
0.000453871,0.000525923
0.000453871,0.000525934
0.000453871,0.000525945
0.000453871,0.000525959
0.000453871,0.000525968
0.000453871,0.000525979
0.000453871,0.000525991
0.000453871,0.000526002
0.000453871,0.000526012
0.000453871,0.000526025
0.000453871,0.000526036
0.000453871,0.000526046
0.000453871,0.000526057
0.000453871,0.00052607
0.000453871,0.00052608
0.000453871,0.000526091
0.000453871,0.0005261
0.000453871,0.000526114
0.000453871,0.000526123
0.000453871,0.000526134
0.000453871,0.000526147
0.000453871,0.000526157
0.000453871,0.000526168
0.000453871,0.000526179
0.000453871,0.000526188
0.000453871,0.000526202
0.000453871,0.000526211
0.000453871,0.000526222
0.000453871,0.000526232
0.000452019,0.000539146
0.000448317,0.000537305
0.000444615,0.000535466
0.000440911,0.000533627
0.000437209,0.000531785
0.000433507,0.000529945
0.000429803,0.000528103
0.000426101,0.000526264
0.0004224,0.000524425
0.000418696,0.000522586
0.000414991,0.000520743
0.000411288,0.000518902
0.000407584,0.000517062
0.000403882,0.00051522
0.000400178,0.000513381
0.000396474,0.000511537
0.000392769,0.000509699
0.000389064,0.000507856
0.000385361,0.000506016
0.000381657,0.000504172
0.000377952,0.000502334
0.000374247,0.000500489
0.000370543,0.000498648
0.000366839,0.000496808
0.000363134,0.000494966
0.000359428,0.000493125
0.000355722,0.000491283
0.000352017,0.000489438
0.000348312,0.0004876
0.000344606,0.000485755
0.0003409,0.000483913
0.000337195,0.000482071
0.000333489,0.000480227
0.000329782,0.000478388
0.000326075,0.000476542
0.000322368,0.0004747
0.000318662,0.000472858
0.000314955,0.000471012
0.000311248,0.000469173
0.000307542,0.000467327
0.000303835,0.000465486
0.000300128,0.000463643
0.000296421,0.000461797
0.000292714,0.000459955
0.000289006,0.000458112
0.000285299,0.000456269
0.000281591,0.000454423
0.000277882,0.00045258
0.000274174,0.000450737
0.000270466,0.000448894
0.000266758,0.000447048
0.00026305,0.000445205
0.000259341,0.000443362
0.000255632,0.000441515
0.000251922,0.000439671
0.000248213,0.000437828
0.000244505,0.000435981
0.000240795,0.000434138
0.000237869,0.000436058
0.000235725,0.000434995
0.000233579,0.000433933
0.000231434,0.000432871
0.000229288,0.000431806
0.000227143,0.000430744
0.000224998,0.000429684
0.000222851,0.000428618
0.000220706,0.000427556
0.00021856,0.000426491
0.000216415,0.00042543
0.000214269,0.000424368
0.000212122,0.000423303
0.000209977,0.000422238
0.000207831,0.000421179
0.000205685,0.000420114
0.000203539,0.000419049
0.000201392,0.000417986
0.000201102,0.000400482
0.000202667,0.000401272
0.000204231,0.000402061
0.000205797,0.000402854
0.000207362,0.000403648
0.000208928,0.000404437
0.000210493,0.000405231
0.000212058,0.00040602
0.000213623,0.000406814
0.000215188,0.000407603
0.000216754,0.000408397
0.00021832,0.000409187
0.000219885,0.000409981
0.00022145,0.00041077
0.000223016,0.000411561
0.000224582,0.000412354
0.000226148,0.000413148
0.000227713,0.000413938
0.000229279,0.000414727
0.000230845,0.000415521
0.000232411,0.000416312
0.000233977,0.000417105
0.00023476,0.000417637
0.00023476,0.000417648
0.00023476,0.000417655
0.00023476,0.000417662
0.00023476,0.000417673
0.00023476,0.00041768
0.00023476,0.000417687
0.00023476,0.000417698
0.00023476,0.000417705
0.00023476,0.000417716
0.00023476,0.000417723
0.00023476,0.00041773
0.00023476,0.000417741
0.00023476,0.000417748
0.00023476,0.000417755
0.00023476,0.000417766
0.00023476,0.000417773
0.00023476,0.00041778
0.00023476,0.000417788
0.00023476,0.000417802
0.00023476,0.000417802
0.00023476,0.000417816
0.00023476,0.000417823
0.00023476,0.00041783
0.00023476,0.000417838
0.00023476,0.000417845
0.00023476,0.000417859
0.00023476,0.000417859
0.00023476,0.000417873
0.00023476,0.000417881
0.00023476,0.000417888
0.00023476,0.000417895
0.00023476,0.000417902
0.00023476,0.000417909
0.00023476,0.000417916
0.00023476,0.000417931
0.00023476,0.000417931
0.00023476,0.000417945
0.00023476,0.000417945
0.00023476,0.000417959
0.00023476,0.000417966
0.00023476,0.000417974
0.00023476,0.000417981
0.00023476,0.000417988
0.00023476,0.000418002
0.00023476,0.000418002
0.00023476,0.000418009
0.00023476,0.000418024
0.00023476,0.000418024
0.00023476,0.000418038
0.00023476,0.000418038
0.00023476,0.000418052
0.00023476,0.000418059
0.00023476,0.000418059
0.00023476,0.000418074
0.00023476,0.000418081
0.00023476,0.000418088
0.00023476,0.000418095
0.00023476,0.000418102
0.00023476,0.000418109
0.00023476,0.000418117
0.00023476,0.000418124
0.00023476,0.000418131
0.00023476,0.000418138
0.00023476,0.000418145
0.00023476,0.000418152
0.00023476,0.00041816
0.00023476,0.000418167
0.00023476,0.000418174
0.00023476,0.000418181
0.00023476,0.000418195
0.00023476,0.000418195
0.00023476,0.000418195
0.00023476,0.000418217
0.00023476,0.000418217
0.00023476,0.000418224
0.00023476,0.000418231
0.00023476,0.000418238
0.00023476,0.000418245
0.00023476,0.000418252
0.00023476,0.00041826
0.00023476,0.000418267
0.00023476,0.000418274
0.00023476,0.000418274
0.00023476,0.000418281
0.00023476,0.000418295
0.00023476,0.000418303
0.00023476,0.000418303
0.00023476,0.000418317
0.00023476,0.000418324
0.00023476,0.000418324
0.00023476,0.000418331
0.00023476,0.000418338
0.00023476,0.000418345
0.00023476,0.00041836
0.00023476,0.000418353
0.00023476,0.000418374
0.00023476,0.000418367
0.00023476,0.000418381
0.00023476,0.000418388
0.00023476,0.000418388
0.00023476,0.000418396
0.00023476,0.00041841
0.00023476,0.00041841
0.00023476,0.000418424
0.00023476,0.000418417
0.00023476,0.000418431
0.00023476,0.000418438
0.00023476,0.000418446
0.00023476,0.000418446
0.000235341,0.000419744
0.000236501,0.000420325
0.000237661,0.000420912
0.000238821,0.000421499
0.000239982,0.000422087
0.000241142,0.000422674
0.000242303,0.000423261
0.000243463,0.000423842
0.000244624,0.000424429
0.000245784,0.000425017
0.000246945,0.000425604
0.000248105,0.000426191
0.000249266,0.000426779
0.000250426,0.000427366
0.000251587,0.000427939
0.000252748,0.000428542
0.000253909,0.000429115
0.00025507,0.000429709
0.000256231,0.000430297
0.000257391,0.000430885
0.000258551,0.000431457
0.000259712,0.000432059
0.000260873,0.00043264
0.000262034,0.000433221
0.000263195,0.000433815
0.000264356,0.000434396
0.000265517,0.000434983
0.000266678,0.000435571
0.000267839,0.000436151
0.000269,0.000436746
0.000270161,0.000437327
0.000271322,0.000437914
0.000272482,0.000438502
0.000273644,0.000439083
0.000274805,0.000439671
0.000275966,0.000440265
0.000277127,0.000440839
0.000278288,0.000441434
0.000279449,0.000442021
0.00028061,0.000442595
0.000281771,0.00044319
0.000282932,0.000443777
0.000284094,0.000444358
0.000285256,0.000444946
0.000286417,0.000445534
0.000287578,0.000446122
0.000288739,0.000446695
0.000289901,0.000447297
0.000291062,0.000447878
0.000292224,0.000448459
0.000293385,0.000449047
0.000294547,0.000449635
0.000295708,0.000450215
0.000296869,0.00045081
0.000298031,0.000451391
0.000299193,0.000451972
0.000300354,0.000452567
0.000301516,0.000453155
0.000302677,0.000453729
0.000303839,0.000454324
0.000305001,0.000454905
0.000306162,0.000455493
0.000307323,0.000456073
0.000308485,0.000456668
0.000309647,0.000457242
0.000310809,0.000457838
0.000311971,0.000458426
0.000313133,0.000458999
0.000314295,0.000459588
0.000315456,0.000460183
0.000316618,0.000460763
0.00031778,0.000461352
0.000318941,0.000461925
0.000320104,0.000462528
0.000321265,0.000463109
0.000322427,0.000463682
0.00032359,0.000464278
0.000324751,0.000464866
0.000325913,0.00046544
0.000327074,0.000466034
0.000328236,0.000466623
0.000329399,0.000467204
0.000330561,0.000467793
0.000331722,0.000468366
0.000332884,0.000468962
0.000334047,0.000469549
0.00033521,0.000470131
0.000336372,0.000470712
0.000337535,0.000471308
0.000338696,0.000471882
0.000339857,0.000472476
0.000341019,0.000473058
0.00034218,0.000473645
0.000343343,0.000474226
0.000344506,0.000474815
0.000345668,0.000475396
0.00034683,0.000475985
0.000347992,0.000476572
0.000349156,0.000477154
0.000350318,0.000477736
0.00035148,0.000478324
0.000352643,0.000478919
0.000353804,0.000479493
0.000354966,0.000480081
0.000356129,0.000480663
0.000357293,0.000481258
0.000358455,0.000481833
0.000359616,0.000482428
0.000360779,0.000483009
0.000361941,0.000483576
0.000363104,0.000484186
0.000364267,0.000484753
0.00036543,0.000485349
0.000366591,0.000485944
0.000367753,0.00048651
0.000368917,0.000487107
0.00037008,0.000487689
0.000371241,0.000488269
0.000372403,0.00048885
0.000373566,0.000489446
0.000374729,0.000490027
0.000375892,0.000490609
0.000377054,0.000491204
0.000378217,0.000491771
0.000379379,0.000492366
0.000380543,0.000492948
0.000381707,0.000493545
0.000382868,0.000494112
0.000384031,0.000494706
0.000385194,0.000495288
0.000386355,0.000495884
0.000387518,0.000496464
0.000388682,0.000497046
0.000389845,0.000497628
0.000391007,0.000498209
0.000392169,0.000498791
0.000393332,0.000499386
0.000394495,0.000499967
0.000395659,0.000500564
0.000396822,0.000501131
0.000397984,0.000501727
0.000399147,0.000502294
0.00040031,0.000502903
0.000401473,0.000503471
0.000402635,0.000504052
0.000403799,0.000504648
0.000404962,0.00050523
0.000406125,0.000505825
0.000407288,0.000506393
0.00040845,0.000506974
0.000409613,0.00050757
0.000410776,0.000508151
0.000411939,0.000508747
0.000413102,0.000509314
0.000414265,0.00050991
0.000415427,0.000510491
0.00041659,0.000511058
0.000417754,0.000511669
0.000418917,0.000512236
0.00042008,0.000512832
0.000421244,0.000513413
0.000422407,0.000513981
0.000423569,0.000514591
0.000424732,0.000515158
0.000425896,0.00051574
0.00042706,0.000516336
0.000428222,0.000516917
0.000429385,0.000517498
0.000430548,0.000518081
0.000431712,0.000518676
0.000432875,0.000519245
0.000434039,0.000519839
0.000435202,0.000520422
0.000436363,0.000521002
0.000437527,0.000521584
0.000438692,0.000522181
0.000439855,0.000522749
0.000441018,0.000523344
0.00044218,0.000523925
0.000443343,0.000524506
0.000444507,0.000525103
0.00044567,0.00052567
0.000446834,0.000526266
0.000447998,0.000526834
0.000449161,0.00052743
0.000450323,0.000528011
0.000451486,0.000528592
0.00045265,0.000529189
0.000453814,0.000529756
0.000454977,0.000530352
0.000456141,0.00053092
0.000457304,0.00053153
0.000458467,0.000532097
0.000459631,0.000532679
0.000460795,0.000533261
0.000461959,0.000533857
0.000463122,0.000534425
0.000464283,0.00053502
0.000465447,0.000535601
0.000466611,0.000536184
0.000467774,0.000536765
0.000468938,0.000537346
0.000470102,0.000537943
0.000471264,0.00053851
0.000472428,0.000539106
0.000473592,0.000539689
0.000474755,0.000540256
0.000475919,0.000540852
0.000477082,0.000541447
0.000478246,0.000542015
0.000479409,0.000542597
0.000480572,0.000543193
0.000481736,0.00054376
0.0004829,0.000544342
0.000484064,0.000544953
0.000485227,0.000545506
0.000486391,0.000546102
0.000487554,0.000546684
0.000488717,0.000547265
0.000489882,0.000547862
0.000491045,0.00054843
0.000492209,0.000549025
0.000493373,0.000549593
0.000494536,0.000550189
0.000495699,0.000550771
0.000496863,0.000551352
0.000498026,0.000551921
0.000499189,0.000552529
0.000500354,0.000553083
0.000501517,0.000553694
0.000502679,0.00055426
0.000503844,0.000554843
0.000505008,0.00055544
0.000506171,0.000556007
0.000507335,0.000556603
0.000508499,0.000557185
0.000509664,0.000557753
0.000510827,0.000558349
0.00051199,0.00055893
0.000513154,0.000559512
0.000514317,0.000560094
0.00051548,0.000560675
0.000516644,0.000561258
0.000517809,0.00056184
0.000518973,0.000562422
0.000520137,0.000563018
0.0005213,0.000563586
0.000522463,0.000564167
0.000523627,0.000564763
0.000524791,0.000565331
0.000525954,0.000565927
0.000527118,0.000566508
0.000528281,0.000567076
0.000529445,0.000567672
0.000530609,0.000568254
0.000531772,0.000568836
0.000532936,0.000569418
0.0005341,0.00057
0.000535264,0.000570567
0.000536427,0.000571164
0.000537591,0.000571759
0.000538755,0.000572313
0.000539919,0.000572909
0.000541084,0.000573505
0.000542248,0.00057406
0.00054341,0.000574669
0.000544573,0.000575236
0.000545737,0.000575833
0.000546901,0.000576386
0.000548065,0.000576996
0.000549229,0.000577564
0.000550392,0.000578146
0.000551555,0.000578742
0.000552719,0.000579309
0.000553883,0.000579906
0.000555046,0.000580473
0.000556211,0.000581055
0.000557375,0.000581651
0.000558539,0.000582219
0.000559701,0.000582801
0.000560864,0.000583396
0.000562029,0.000583964
0.000563193,0.000584546
0.000564356,0.000585128
0.000565542,0.000596973
0.000566771,0.000609213
0.000568045,0.000621805
0.000569366,0.000634781
0.000570736,0.000648138
0.000572155,0.000661894
0.000573624,0.000676034
0.000575146,0.000690559
0.000576721,0.000705498
0.00057835,0.000720808
0.000580038,0.000736535
0.000581783,0.000752665
0.000583586,0.000769153
0.00058545,0.000786074
0.000587376,0.00080334
0.000589366,0.000821027
0.000591421,0.000839077
0.000593542,0.000857489
0.000595729,0.000876265
0.000597986,0.000895376
0.000600312,0.000914854
0.000602708,0.000934609
0.000605177,0.000954716
0.00060772,0.000975077
0.000610334,0.000995717
0.000613025,0.0010166
0.00061579,0.00103773
0.000618631,0.00105903
0.000621549,0.00108052
0.000624545,0.00110214
0.00062762,0.00112389
0.000630771,0.0011457
0.000633998,0.00116756
0.000637304,0.00118945
0.000640689,0.00121128
0.000644149,0.00123306
0.000647686,0.00125474
0.000651299,0.00127625
0.000654988,0.00129756
0.000658752,0.00131864
0.000662588,0.0013394
0.000666495,0.00135987
0.000670474,0.00137993
0.00067452,0.00139956
0.000678633,0.00141871
0.00068281,0.00143734
0.000687051,0.00145537
0.000691354,0.00147281
0.000695711,0.00148954
0.000700123,0.00150558
0.000704586,0.00152085
0.000709097,0.0015353
0.000713655,0.00154893
0.000718256,0.00156167
0.000722895,0.00157349
0.000727565,0.00158435
0.000732266,0.00159422
0.000736996,0.00160307
0.000741749,0.00161093
0.000746521,0.00161768
0.000751308,0.00162338
0.000756106,0.00162799
0.000760911,0.000379254
0.000453629,0.000525133
0.000453629,0.000525145
0.000453629,0.000525158
0.000453629,0.00052517
0.000453629,0.000525183
0.000453629,0.000525195
0.000453629,0.000525208
0.000453629,0.00052522
0.000453629,0.000525232
0.000453629,0.000525245
0.000453629,0.000525257
0.000453629,0.00052527
0.000453629,0.000525282
0.000453629,0.000525294
0.000453629,0.000525306
0.000453629,0.000525319
0.000453629,0.000525331
0.000453629,0.000525343
0.000453629,0.000525355
0.000453629,0.000525367
0.000453629,0.000525379
0.000453629,0.000525392
0.000453629,0.000525404
0.000453629,0.000525416
0.000453629,0.000525428
0.000453629,0.00052544
0.000453629,0.000525452
0.000453629,0.000525464
0.000453629,0.000525476
0.000453629,0.000525488
0.000453629,0.000525499
0.000453629,0.000525512
0.000453629,0.000525523
0.000453629,0.000525535
0.000453629,0.000525548
0.000453629,0.000525558
0.000453629,0.000525571
0.000453629,0.000525583
0.000453629,0.000525594
0.000453629,0.000525606
0.000453629,0.000525618
0.000453629,0.000525629
0.000453629,0.000525641
0.000453629,0.000525653
0.000453629,0.000525665
0.000453629,0.000525676
0.000453629,0.000525687
0.000453629,0.000525699
0.000453629,0.000525711
0.000453629,0.000525723
0.000453629,0.000525734
0.000453629,0.000525745
0.000453629,0.000525756
0.000453629,0.000525768
0.000453629,0.000525779
0.000453629,0.000525792
0.000453629,0.000525802
0.000453629,0.000525813
0.000453629,0.000525824
0.000453629,0.000525838
0.000453629,0.000525847
0.000453629,0.000525858
0.000453629,0.00052587
0.000453629,0.000525881
0.000453629,0.000525892
0.000453629,0.000525904
0.000453629,0.000525915
0.000453629,0.000525926
0.000453629,0.000525936
0.000453629,0.000525949
0.000453629,0.00052596
0.000453629,0.00052597
0.000453629,0.000525979
0.000453629,0.000525994
0.000453629,0.000526003
0.000453629,0.000526013
0.000453629,0.000526026
0.000453629,0.000526037
0.000453629,0.000526047
0.000453629,0.000526058
0.000453629,0.000526067
0.000453629,0.000526081
0.000453629,0.00052609
0.000453629,0.000526101
0.000453629,0.000526112
0.00045178,0.000539556
0.00044808,0.000537718
0.00044438,0.000535879
0.000440681,0.000534042
0.000436979,0.000532202
0.000433278,0.000530361
0.000429577,0.000528521
0.000425876,0.000526683
0.000422175,0.000524844
0.000418476,0.000523005
0.000414774,0.000521167
0.000411073,0.000519324
0.000407371,0.000517488
0.000403668,0.000515645
0.000399966,0.000513805
0.000396263,0.000511964
0.000392562,0.000510125
0.00038886,0.000508286
0.000385158,0.000506446
0.000381456,0.000504603
0.000377753,0.000502766
0.000374051,0.000500923
0.000370348,0.000499082
0.000366645,0.000497242
0.000362941,0.000495401
0.000359238,0.000493561
0.000355535,0.000491721
0.000351832,0.000489877
0.000348127,0.00048804
0.000344423,0.000486195
0.00034072,0.000484354
0.000337017,0.000482514
0.000333312,0.00048067
0.000329608,0.000478831
0.000325904,0.000476988
0.000322199,0.000475147
0.000318495,0.000473305
0.000314791,0.000471462
0.000311085,0.000469624
0.00030738,0.000467778
0.000303676,0.000465938
0.00029997,0.000464096
0.000296264,0.00046225
0.000292558,0.000460409
0.000288852,0.000458567
0.000285147,0.000456725
0.000281442,0.000454881
0.000277736,0.000453038
0.000274031,0.000451197
0.000270325,0.000449356
0.000266618,0.00044751
0.000262911,0.000445667
0.000259204,0.000443825
0.000255497,0.00044198
0.000251791,0.000440137
0.000248085,0.000438295
0.000244378,0.00043645
0.00024067,0.000434607
0.000237744,0.000436341
0.000235599,0.000435276
0.000233456,0.000434215
0.000231312,0.000433156
0.000229168,0.000432091
0.000227024,0.00043103
0.000224879,0.000429969
0.000222735,0.000428905
0.00022059,0.000427843
0.000218446,0.000426779
0.000216301,0.000425718
0.000214157,0.000424657
0.000212012,0.000423593
0.000209866,0.000422527
0.000207721,0.00042147
0.000205577,0.000420405
0.000203432,0.00041934
0.000201286,0.000418279
0.000200996,0.000400397
0.00020256,0.000401187
0.000204124,0.000401976
0.000205689,0.000402769
0.000207253,0.000403562
0.000208817,0.000404351
0.000210382,0.000405144
0.000211946,0.000405934
0.000213511,0.000406727
0.000215076,0.000407516
0.00021664,0.000408309
0.000218205,0.000409099
0.00021977,0.000409892
0.000221335,0.000410682
0.000222899,0.000411471
0.000224464,0.000412264
0.000226029,0.000413057
0.000227594,0.000413847
0.000229159,0.000414637
0.000230724,0.00041543
0.000232289,0.000416219
0.000233854,0.000417013
0.000234637,0.000417576
0.000234637,0.000417586
0.000234637,0.000417594
0.000234637,0.000417601
0.000234637,0.000417611
0.000234637,0.000417619
0.000234637,0.000417626
0.000234637,0.000417636
0.000234637,0.000417644
0.000234637,0.000417654
0.000234637,0.000417662
0.000234637,0.000417669
0.000234637,0.000417679
0.000234637,0.000417687
0.000234637,0.000417694
0.000234637,0.000417704
0.000234637,0.000417712
0.000234637,0.000417719
0.000234637,0.000417726
0.000234637,0.00041774
0.000234637,0.00041774
0.000234637,0.000417755
0.000234637,0.000417762
0.000234637,0.000417769
0.000234637,0.000417776
0.000234637,0.000417783
0.000234637,0.000417797
0.000234637,0.000417797
0.000234637,0.000417812
0.000234637,0.000417819
0.000234637,0.000417826
0.000234637,0.000417833
0.000234637,0.00041784
0.000234637,0.000417847
0.000234637,0.000417855
0.000234637,0.000417869
0.000234637,0.000417869
0.000234637,0.000417883
0.000234637,0.000417883
0.000234637,0.000417898
0.000234637,0.000417905
0.000234637,0.000417912
0.000234637,0.000417919
0.000234637,0.000417926
0.000234637,0.00041794
0.000234637,0.00041794
0.000234637,0.000417948
0.000234637,0.000417962
0.000234637,0.000417962
0.000234637,0.000417976
0.000234637,0.000417976
0.000234637,0.000417991
0.000234637,0.000417998
0.000234637,0.000417998
0.000234637,0.000418012
0.000234637,0.000418019
0.000234637,0.000418026
0.000234637,0.000418033
0.000234637,0.000418041
0.000234637,0.000418048
0.000234637,0.000418055
0.000234637,0.000418062
0.000234637,0.000418069
0.000234637,0.000418076
0.000234637,0.000418084
0.000234637,0.000418091
0.000234637,0.000418098
0.000234637,0.000418105
0.000234637,0.000418112
0.000234637,0.000418119
0.000234637,0.000418134
0.000234637,0.000418134
0.000234637,0.000418134
0.000234637,0.000418155
0.000234637,0.000418155
0.000234637,0.000418162
0.000234637,0.000418169
0.000234637,0.000418177
0.000234637,0.000418184
0.000234637,0.000418191
0.000234637,0.000418198
0.000234637,0.000418205
0.000234637,0.000418212
0.000234637,0.000418212
0.000234637,0.000418219
0.000234637,0.000418234
0.000234637,0.000418241
0.000234637,0.000418241
0.000234637,0.000418255
0.000234637,0.000418262
0.000234637,0.000418262
0.000234637,0.000418269
0.000234637,0.000418277
0.000234637,0.000418284
0.000234637,0.000418298
0.000234637,0.000418291
0.000234637,0.000418312
0.000234637,0.000418305
0.000234637,0.00041832
0.000234637,0.000418327
0.000234637,0.000418327
0.000234637,0.000418334
0.000234637,0.000418348
0.000234637,0.000418348
0.000234637,0.000418362
0.000234637,0.000418355
0.000234637,0.00041837
0.000234637,0.000418377
0.000234637,0.000418384
0.000234637,0.000418384
0.000235217,0.000419737
0.000236376,0.000420317
0.000237536,0.000420904
0.000238696,0.000421491
0.000239856,0.000422078
0.000241016,0.000422665
0.000242175,0.000423252
0.000243335,0.000423832
0.000244495,0.000424419
0.000245655,0.000425006
0.000246815,0.000425593
0.000247975,0.000426181
0.000249135,0.000426768
0.000250295,0.000427355
0.000251455,0.000427928
0.000252615,0.000428529
0.000253775,0.000429102
0.000254935,0.000429697
0.000256096,0.000430284
0.000257256,0.000430871
0.000258416,0.000431444
0.000259576,0.000432045
0.000260737,0.000432626
0.000261897,0.000433206
0.000263057,0.0004338
0.000264217,0.00043438
0.000265377,0.000434967
0.000266537,0.000435555
0.000267698,0.000436135
0.000268858,0.00043673
0.000270018,0.00043731
0.000271179,0.000437897
0.00027234,0.000438485
0.0002735,0.000439065
0.000274661,0.000439653
0.000275821,0.000440247
0.000276982,0.00044082
0.000278142,0.000441415
0.000279303,0.000442002
0.000280463,0.000442575
0.000281624,0.00044317
0.000282785,0.000443757
0.000283946,0.000444338
0.000285106,0.000444926
0.000286266,0.000445513
0.000287427,0.0004461
0.000288588,0.000446674
0.000289749,0.000447276
0.000290909,0.000447856
0.00029207,0.000448436
0.000293231,0.000449024
0.000294392,0.000449611
0.000295554,0.000450192
0.000296714,0.000450787
0.000297875,0.000451367
0.000299035,0.000451947
0.000300196,0.000452542
0.000301357,0.00045313
0.000302518,0.000453703
0.000303679,0.000454298
0.00030484,0.000454879
0.000306002,0.000455466
0.000307163,0.000456047
0.000308324,0.000456641
0.000309485,0.000457215
0.000310645,0.00045781
0.000311806,0.000458397
0.000312967,0.000458971
0.000314128,0.000459558
0.000315289,0.000460153
0.00031645,0.000460734
0.000317612,0.000461321
0.000318774,0.000461896
0.000319935,0.000462498
0.000321096,0.000463078
0.000322257,0.000463652
0.000323418,0.000464246
0.00032458,0.000464835
0.000325741,0.000465408
0.000326903,0.000466003
0.000328065,0.000466592
0.000329225,0.000467171
0.000330388,0.00046776
0.000331549,0.000468334
0.000332709,0.000468927
0.000333872,0.000469517
0.000335034,0.000470098
0.000336193,0.000470678
0.000337355,0.000471272
0.000338517,0.000471846
0.000339679,0.000472441
0.000340841,0.000473022
0.000342003,0.000473611
0.000343164,0.000474192
0.000344324,0.000474778
0.000345486,0.000475359
0.000346649,0.000475948
0.00034781,0.000476536
0.000348971,0.000477116
0.000350134,0.000477698
0.000351295,0.000478286
0.000352456,0.00047888
0.000353618,0.000479454
0.00035478,0.000480043
0.000355941,0.000480623
0.000357103,0.000481218
0.000358266,0.000481792
0.000359428,0.000482388
0.000360589,0.000482968
0.00036175,0.000483535
0.000362912,0.000484144
0.000364074,0.000484711
0.000365236,0.000485306
0.000366399,0.000485902
0.00036756,0.000486469
0.000368721,0.000487063
0.000369885,0.000487644
0.000371047,0.000488226
0.000372208,0.000488807
0.00037337,0.000489402
0.000374531,0.000489982
0.000375694,0.000490564
0.000376857,0.00049116
0.000378018,0.000491726
0.00037918,0.000492321
0.000380342,0.000492903
0.000381503,0.000493497
0.000382666,0.000494064
0.000383829,0.00049466
0.00038499,0.000495241
0.000386153,0.000495836
0.000387316,0.000496418
0.000388478,0.000496999
0.00038964,0.00049758
0.000390802,0.000498161
0.000391965,0.000498742
0.000393127,0.000499338
0.000394288,0.000499918
0.00039545,0.000500514
0.000396612,0.00050108
0.000397775,0.000501676
0.000398937,0.000502243
0.0004001,0.000502853
0.000401262,0.00050342
0.000402424,0.000504001
0.000403586,0.000504596
0.000404747,0.000505177
0.00040591,0.000505772
0.000407073,0.00050634
0.000408235,0.000506921
0.000409398,0.000507516
0.000410562,0.000508099
0.000411724,0.000508694
0.000412885,0.00050926
0.000414047,0.000509855
0.00041521,0.000510437
0.000416373,0.000511004
0.000417534,0.000511613
0.000418697,0.00051218
0.00041986,0.000512776
0.000421023,0.000513357
0.000422185,0.000513924
0.000423347,0.000514534
0.00042451,0.000515101
0.000425672,0.000515682
0.000426835,0.000516278
0.000427997,0.00051686
0.000429159,0.00051744
0.000430322,0.000518021
0.000431484,0.000518617
0.000432647,0.000519183
0.00043381,0.00051978
0.000434973,0.000520361
0.000436137,0.000520943
0.000437298,0.000521525
0.000438459,0.000522119
0.000439622,0.000522686
0.000440786,0.000523282
0.000441949,0.000523864
0.000443111,0.000524445
0.000444273,0.00052504
0.000445437,0.000525607
0.0004466,0.000526204
0.000447763,0.000526771
0.000448925,0.000527366
0.000450087,0.000527947
0.000451249,0.000528528
0.000452413,0.000529124
0.000453577,0.000529692
0.000454739,0.000530288
0.000455901,0.000530854
0.000457065,0.000531464
0.000458227,0.000532031
0.000459389,0.000532613
0.000460551,0.000533194
0.000461714,0.000533789
0.000462877,0.000534356
0.000464041,0.000534952
0.000465203,0.000535534
0.000466366,0.000536115
0.00046753,0.000536697
0.000468693,0.000537279
0.000469856,0.000537874
0.000471019,0.000538442
0.000472181,0.000539037
0.000473344,0.000539618
0.000474506,0.000540185
0.000475669,0.000540781
0.000476832,0.000541377
0.000477996,0.000541944
0.000479159,0.000542526
0.000480321,0.000543122
0.000481483,0.000543688
0.000482646,0.00054427
0.00048381,0.000544879
0.000484973,0.000545434
0.000486135,0.000546028
0.000487298,0.00054661
0.000488461,0.000547191
0.000489623,0.000547787
0.000490786,0.000548354
0.000491949,0.00054895
0.000493113,0.000549517
0.000494276,0.000550113
0.000495439,0.000550694
0.000496602,0.000551276
0.000497765,0.000551843
0.000498929,0.000552454
0.000500092,0.000553007
0.000501254,0.000553616
0.000502417,0.000554184
0.00050358,0.000554765
0.000504743,0.000555361
0.000505907,0.000555928
0.00050707,0.000556525
0.000508232,0.000557106
0.000509395,0.000557673
0.000510558,0.000558269
0.000511721,0.00055885
0.000512884,0.000559431
0.000514048,0.000560013
0.000515211,0.000560595
0.000516374,0.000561177
0.000517536,0.000561758
0.000518698,0.000562339
0.00051986,0.000562934
0.000521024,0.000563501
0.000522188,0.000564083
0.000523351,0.000564679
0.000524513,0.000565246
0.000525677,0.000565842
0.000526841,0.000566425
0.000528004,0.000566992
0.000529167,0.000567588
0.000530329,0.000568168
0.000531492,0.00056875
0.000532655,0.000569331
0.000533819,0.000569913
0.000534982,0.00057048
0.000536146,0.000571077
0.000537309,0.000571673
0.000538472,0.000572226
0.000539635,0.000572822
0.000540796,0.000573416
0.00054196,0.000573969
0.000543124,0.00057458
0.000544287,0.000575147
0.00054545,0.000575744
0.000546614,0.000576296
0.000547777,0.000576907
0.000548939,0.000577474
0.000550102,0.000578055
0.000551266,0.000578651
0.00055243,0.000579219
0.000553593,0.000579814
0.000554756,0.000580382
0.000555919,0.000580963
0.000557081,0.00058156
0.000558244,0.000582126
0.000559409,0.000582708
0.000560573,0.000583305
0.000561735,0.000583872
0.000562897,0.000584453
0.000564061,0.000585034
0.000565245,0.000596881
0.000566474,0.000609122
0.000567749,0.000621717
0.000569069,0.000634695
0.000570436,0.000648054
0.000571854,0.000661811
0.000573323,0.000675953
0.000574843,0.00069048
0.000576418,0.00070542
0.000578048,0.000720735
0.000579733,0.000736463
0.000581476,0.000752593
0.00058328,0.000769085
0.000585144,0.000786009
0.000587068,0.000803278
0.000589058,0.000820967
0.000591111,0.000839019
0.00059323,0.000857433
0.000595417,0.000876212
0.000597673,0.000895327
0.000599997,0.000914806
0.000602393,0.000934564
0.00060486,0.000954676
0.0006074,0.000975037
0.000610014,0.00099568
0.000612702,0.00101656
0.000615468,0.0010377
0.000618309,0.001059
0.000621226,0.0010805
0.000624219,0.00110212
0.000627288,0.00112387
0.000630437,0.00114568
0.000633663,0.00116755
0.000636967,0.00118944
0.000640351,0.00121127
0.000643809,0.00123306
0.000647346,0.00125473
0.000650958,0.00127625
0.000654645,0.00129756
0.000658405,0.00131865
0.000662239,0.00133941
0.000666146,0.00135988
0.000670121,0.00137994
0.000674166,0.00139958
0.000678279,0.00141873
0.000682456,0.00143736
0.000686694,0.0014554
0.000690991,0.00147283
0.000695347,0.00148956
0.000699756,0.00150561
0.000704216,0.00152087
0.000708727,0.00153533
0.000713283,0.00154896
0.000717877,0.0015617
0.00072251,0.00157352
0.000727181,0.00158438
0.000731884,0.00159425
0.000736611,0.0016031
0.000741361,0.00161096
0.00074613,0.00161771
0.000750915,0.0016234
0.000755711,0.00162801
0.00076051,0.000379055
0.000453379,0.000525008
0.000453379,0.00052502
0.000453379,0.000525033
0.000453379,0.000525045
0.000453379,0.000525058
0.000453379,0.00052507
0.000453379,0.000525082
0.000453379,0.000525095
0.000453379,0.000525107
0.000453379,0.00052512
0.000453379,0.000525132
0.000453379,0.000525144
0.000453379,0.000525157
0.000453379,0.000525169
0.000453379,0.000525181
0.000453379,0.000525194
0.000453379,0.000525206
0.000453379,0.000525218
0.000453379,0.00052523
0.000453379,0.000525242
0.000453379,0.000525254
0.000453379,0.000525266
0.000453379,0.000525279
0.000453379,0.000525291
0.000453379,0.000525303
0.000453379,0.000525315
0.000453379,0.000525327
0.000453379,0.000525338
0.000453379,0.000525351
0.000453379,0.000525362
0.000453379,0.000525374
0.000453379,0.000525387
0.000453379,0.000525398
0.000453379,0.00052541
0.000453379,0.000525422
0.000453379,0.000525433
0.000453379,0.000525446
0.000453379,0.000525458
0.000453379,0.000525469
0.000453379,0.000525481
0.000453379,0.000525493
0.000453379,0.000525504
0.000453379,0.000525515
0.000453379,0.000525528
0.000453379,0.00052554
0.000453379,0.000525551
0.000453379,0.000525562
0.000453379,0.000525573
0.000453379,0.000525586
0.000453379,0.000525598
0.000453379,0.000525608
0.000453379,0.00052562
0.000453379,0.000525631
0.000453379,0.000525643
0.000453379,0.000525654
0.000453379,0.000525666
0.000453379,0.000525677
0.000453379,0.000525688
0.000453379,0.000525699
0.000453379,0.000525713
0.000453379,0.000525722
0.000453379,0.000525733
0.000453379,0.000525745
0.000453379,0.000525756
0.000453379,0.000525767
0.000453379,0.000525779
0.000453379,0.00052579
0.000453379,0.000525801
0.000453379,0.000525811
0.000453379,0.000525824
0.000453379,0.000525835
0.000453379,0.000525845
0.000453379,0.000525854
0.000453379,0.000525869
0.000453379,0.000525877
0.000453379,0.000525888
0.000453379,0.000525901
0.000453379,0.000525911
0.000453379,0.000525922
0.000453379,0.000525933
0.000453379,0.000525942
0.000453379,0.000525956
0.000453379,0.000525965
0.000453379,0.000525976
0.000453379,0.000525987
0.00045153,0.000539972
0.000447831,0.000538135
0.000444133,0.000536296
0.000440434,0.00053446
0.000436735,0.00053262
0.000433037,0.000530782
0.000429339,0.000528943
0.000425641,0.000527107
0.00042194,0.000525268
0.000418241,0.000523428
0.000414543,0.000521592
0.000410842,0.00051975
0.000407143,0.000517913
0.000403444,0.000516074
0.000399745,0.000514235
0.000396045,0.000512395
0.000392345,0.000510558
0.000388644,0.000508719
0.000384943,0.00050688
0.000381243,0.000505037
0.000377542,0.000503202
0.000373842,0.000501359
0.000370141,0.00049952
0.00036644,0.000497681
0.000362738,0.000495841
0.000359038,0.000494001
0.000355336,0.000492163
0.000351635,0.000490319
0.000347934,0.000488484
0.000344233,0.000486641
0.000340531,0.000484801
0.000336827,0.000482961
0.000333126,0.000481117
0.000329424,0.000479282
0.000325722,0.000477438
0.00032202,0.000475598
0.000318317,0.000473758
0.000314614,0.000471914
0.000310912,0.000470078
0.000307208,0.000468234
0.000303504,0.000466392
0.000299802,0.000464553
0.000296099,0.000462709
0.000292396,0.000460869
0.000288692,0.000459028
0.000284988,0.000457188
0.000281284,0.000455343
0.00027758,0.000453503
0.000273876,0.000451661
0.000270173,0.000449821
0.000266469,0.000447977
0.000262764,0.000446135
0.000259059,0.000444294
0.000255356,0.00044245
0.000251651,0.00044061
0.000247945,0.000438767
0.00024424,0.000436923
0.000240535,0.000435081
0.000237612,0.000436622
0.00023547,0.00043556
0.000233326,0.000434499
0.000231183,0.000433438
0.00022904,0.000432375
0.000226897,0.000431314
0.000224753,0.000430254
0.00022261,0.00042919
0.000220467,0.00042813
0.000218323,0.000427066
0.00021618,0.000426006
0.000214036,0.000424945
0.000211893,0.000423881
0.00020975,0.000422817
0.000207606,0.00042176
0.000205462,0.000420696
0.000203318,0.000419631
0.000201175,0.000418571
0.000200884,0.000400313
0.000202447,0.000401101
0.000204011,0.00040189
0.000205574,0.000402683
0.000207138,0.000403475
0.000208701,0.000404264
0.000210265,0.000405056
0.000211828,0.000405846
0.000213392,0.000406638
0.000214956,0.000407427
0.00021652,0.00040822
0.000218083,0.000409008
0.000219647,0.000409801
0.000221211,0.00041059
0.000222775,0.00041138
0.000224339,0.000412172
0.000225903,0.000412965
0.000227467,0.000413754
0.000229031,0.000414543
0.000230595,0.000415336
0.000232159,0.000416125
0.000233724,0.000416918
0.000234506,0.00041751
0.000234506,0.000417521
0.000234506,0.000417528
0.000234506,0.000417535
0.000234506,0.000417546
0.000234506,0.000417553
0.000234506,0.00041756
0.000234506,0.000417571
0.000234506,0.000417578
0.000234506,0.000417589
0.000234506,0.000417596
0.000234506,0.000417603
0.000234506,0.000417614
0.000234506,0.000417621
0.000234506,0.000417628
0.000234506,0.000417639
0.000234506,0.000417646
0.000234506,0.000417653
0.000234506,0.00041766
0.000234506,0.000417674
0.000234506,0.000417674
0.000234506,0.000417689
0.000234506,0.000417696
0.000234506,0.000417703
0.000234506,0.00041771
0.000234506,0.000417717
0.000234506,0.000417732
0.000234506,0.000417732
0.000234506,0.000417746
0.000234506,0.000417753
0.000234506,0.00041776
0.000234506,0.000417767
0.000234506,0.000417775
0.000234506,0.000417782
0.000234506,0.000417789
0.000234506,0.000417803
0.000234506,0.000417803
0.000234506,0.000417818
0.000234506,0.000417818
0.000234506,0.000417832
0.000234506,0.000417839
0.000234506,0.000417846
0.000234506,0.000417853
0.000234506,0.00041786
0.000234506,0.000417875
0.000234506,0.000417875
0.000234506,0.000417882
0.000234506,0.000417896
0.000234506,0.000417896
0.000234506,0.000417911
0.000234506,0.000417911
0.000234506,0.000417925
0.000234506,0.000417932
0.000234506,0.000417932
0.000234506,0.000417946
0.000234506,0.000417953
0.000234506,0.000417961
0.000234506,0.000417968
0.000234506,0.000417975
0.000234506,0.000417982
0.000234506,0.000417989
0.000234506,0.000417996
0.000234506,0.000418003
0.000234506,0.000418011
0.000234506,0.000418018
0.000234506,0.000418025
0.000234506,0.000418032
0.000234506,0.000418039
0.000234506,0.000418046
0.000234506,0.000418054
0.000234506,0.000418068
0.000234506,0.000418068
0.000234506,0.000418068
0.000234506,0.000418089
0.000234506,0.000418089
0.000234506,0.000418096
0.000234506,0.000418104
0.000234506,0.000418111
0.000234506,0.000418118
0.000234506,0.000418125
0.000234506,0.000418132
0.000234506,0.000418139
0.000234506,0.000418147
0.000234506,0.000418147
0.000234506,0.000418154
0.000234506,0.000418168
0.000234506,0.000418175
0.000234506,0.000418175
0.000234506,0.000418189
0.000234506,0.000418197
0.000234506,0.000418197
0.000234506,0.000418204
0.000234506,0.000418211
0.000234506,0.000418218
0.000234506,0.000418232
0.000234506,0.000418225
0.000234506,0.000418247
0.000234506,0.00041824
0.000234506,0.000418254
0.000234506,0.000418261
0.000234506,0.000418261
0.000234506,0.000418268
0.000234506,0.000418282
0.000234506,0.000418282
0.000234506,0.000418297
0.000234506,0.00041829
0.000234506,0.000418304
0.000234506,0.000418311
0.000234506,0.000418318
0.000234506,0.000418318
0.000235085,0.000419726
0.000236244,0.000420305
0.000237403,0.000420892
0.000238562,0.000421479
0.000239721,0.000422065
0.000240881,0.000422652
0.00024204,0.000423239
0.000243199,0.000423819
0.000244359,0.000424406
0.000245518,0.000424993
0.000246677,0.00042558
0.000247837,0.000426166
0.000248996,0.000426753
0.000250155,0.00042734
0.000251315,0.000427913
0.000252474,0.000428514
0.000253633,0.000429086
0.000254793,0.000429681
0.000255952,0.000430267
0.000257112,0.000430854
0.000258272,0.000431427
0.000259431,0.000432028
0.00026059,0.000432608
0.00026175,0.000433188
0.00026291,0.000433782
0.00026407,0.000434362
0.000265229,0.000434949
0.000266389,0.000435536
0.000267549,0.000436116
0.000268709,0.00043671
0.000269869,0.00043729
0.000271028,0.000437877
0.000272187,0.000438464
0.000273347,0.000439044
0.000274507,0.000439631
0.000275667,0.000440225
0.000276827,0.000440798
0.000277987,0.000441392
0.000279147,0.00044198
0.000280306,0.000442552
0.000281467,0.000443146
0.000282627,0.000443734
0.000283787,0.000444314
0.000284947,0.000444901
0.000286106,0.000445488
0.000287266,0.000446075
0.000288427,0.000446648
0.000289587,0.00044725
0.000290747,0.00044783
0.000291907,0.00044841
0.000293068,0.000448997
0.000294228,0.000449585
0.000295387,0.000450164
0.000296548,0.000450759
0.000297708,0.000451339
0.000298868,0.000451919
0.000300029,0.000452513
0.000301189,0.000453101
0.00030235,0.000453674
0.00030351,0.000454269
0.00030467,0.000454849
0.00030583,0.000455436
0.00030699,0.000456016
0.000308151,0.000456611
0.000309311,0.000457184
0.000310472,0.000457778
0.000311632,0.000458366
0.000312794,0.000458939
0.000313954,0.000459527
0.000315115,0.000460121
0.000316276,0.000460702
0.000317436,0.000461289
0.000318595,0.000461862
0.000319757,0.000462463
0.000320918,0.000463045
0.000322079,0.000463618
0.000323238,0.000464212
0.000324399,0.000464799
0.00032556,0.000465373
0.00032672,0.000465967
0.000327881,0.000466554
0.000329043,0.000467136
0.000330202,0.000467723
0.000331364,0.000468296
0.000332525,0.000468891
0.000333685,0.000469479
0.000334844,0.000470058
0.000336007,0.000470638
0.000337168,0.000471235
0.000338328,0.000471807
0.000339489,0.000472402
0.00034065,0.000472982
0.000341812,0.000473571
0.000342972,0.00047415
0.000344134,0.000474739
0.000345294,0.000475319
0.000346455,0.000475906
0.000347616,0.000476494
0.000348777,0.000477075
0.000349938,0.000477655
0.000351099,0.000478243
0.000352262,0.000478838
0.000353422,0.000479412
0.000354582,0.000479999
0.000355744,0.000480579
0.000356905,0.000481175
0.000358066,0.000481747
0.000359228,0.000482343
0.000360389,0.000482924
0.000361549,0.000483489
0.000362711,0.000484099
0.000363872,0.000484665
0.000365033,0.00048526
0.000366194,0.000485855
0.000367355,0.000486421
0.000368517,0.000487016
0.000369677,0.000487597
0.00037084,0.000488177
0.000372002,0.000488759
0.000373163,0.000489354
0.000374325,0.000489935
0.000375484,0.000490515
0.000376645,0.000491109
0.000377807,0.000491676
0.000378969,0.000492271
0.000380131,0.000492852
0.000381292,0.000493447
0.000382453,0.000494013
0.000383613,0.000494607
0.000384776,0.000495188
0.000385938,0.000495785
0.000387098,0.000496364
0.00038826,0.000496945
0.000389421,0.000497526
0.000390583,0.000498107
0.000391745,0.000498688
0.000392906,0.000499282
0.000394067,0.000499864
0.000395229,0.000500458
0.000396391,0.000501025
0.000397553,0.00050162
0.000398714,0.000502187
0.000399875,0.000502796
0.000401036,0.000503362
0.000402198,0.000503943
0.000403361,0.000504539
0.000404523,0.00050512
0.000405683,0.000505714
0.000406845,0.00050628
0.000408008,0.000506862
0.00040917,0.000507458
0.000410331,0.000508038
0.000411493,0.000508633
0.000412655,0.000509201
0.000413817,0.000509795
0.000414979,0.000510376
0.00041614,0.000510943
0.000417303,0.000511552
0.000418465,0.00051212
0.000419625,0.000512714
0.000420787,0.000513295
0.000421949,0.000513862
0.00042311,0.000514471
0.000424272,0.000515037
0.000425434,0.000515618
0.000426596,0.000516214
0.000427759,0.000516795
0.000428921,0.000517376
0.000430082,0.000517957
0.000431245,0.000518552
0.000432407,0.00051912
0.000433568,0.000519714
0.00043473,0.000520295
0.000435891,0.000520876
0.000437054,0.000521457
0.000438218,0.000522053
0.000439379,0.00052262
0.000440539,0.000523214
0.000441702,0.000523795
0.000442865,0.000524377
0.000444026,0.000524972
0.000445188,0.000525538
0.000446349,0.000526134
0.000447511,0.0005267
0.000448675,0.000527296
0.000449837,0.000527877
0.000450999,0.000528458
0.000452161,0.000529054
0.000453323,0.000529621
0.000454484,0.000530215
0.000455646,0.000530782
0.000456807,0.000531391
0.000457971,0.000531958
0.000459134,0.000532541
0.000460296,0.000533121
0.000461458,0.000533716
0.00046262,0.000534283
0.000463783,0.000534879
0.000464945,0.00053546
0.000466106,0.000536041
0.000467268,0.000536621
0.00046843,0.000537202
0.000469592,0.000537798
0.000470755,0.000538365
0.000471918,0.000538961
0.000473079,0.000539541
0.000474241,0.000540108
0.000475404,0.000540704
0.000476566,0.000541299
0.000477728,0.000541866
0.000478891,0.000542447
0.000480053,0.000543043
0.000481215,0.000543609
0.000482378,0.000544191
0.000483541,0.000544801
0.000484702,0.000545353
0.000485864,0.000545948
0.000487027,0.000546529
0.000488189,0.000547111
0.000489351,0.000547706
0.000490513,0.000548273
0.000491677,0.000548868
0.000492838,0.000549436
0.000493999,0.00055003
0.000495163,0.000550612
0.000496324,0.000551193
0.000497486,0.000551759
0.000498649,0.00055237
0.000499812,0.000552922
0.000500975,0.000553532
0.000502138,0.0005541
0.0005033,0.000554681
0.000504461,0.000555275
0.000505623,0.000555842
0.000506786,0.000556438
0.000507948,0.000557019
0.00050911,0.000557586
0.000510272,0.000558181
0.000511436,0.000558762
0.000512599,0.000559344
0.00051376,0.000559925
0.000514922,0.000560506
0.000516086,0.000561088
0.000517248,0.000561669
0.000518411,0.00056225
0.000519573,0.000562846
0.000520735,0.000563412
0.000521898,0.000563994
0.000523061,0.00056459
0.000524223,0.000565157
0.000525385,0.000565752
0.000526547,0.000566332
0.000527709,0.0005669
0.000528872,0.000567495
0.000530035,0.000568077
0.000531197,0.000568658
0.000532359,0.000569239
0.000533522,0.00056982
0.000534684,0.000570387
0.000535846,0.000570983
0.000537009,0.000571578
0.00053817,0.000572131
0.000539332,0.000572725
0.000540496,0.000573321
0.000541659,0.000573875
0.000542821,0.000574484
0.000543983,0.000575051
0.000545146,0.000575646
0.000546309,0.000576199
0.000547471,0.000576809
0.000548634,0.000577376
0.000549797,0.000577958
0.000550959,0.000578553
0.000552122,0.00057912
0.000553283,0.000579716
0.000554445,0.000580282
0.000555607,0.000580863
0.00055677,0.000581458
0.000557933,0.000582026
0.000559096,0.000582607
0.000560258,0.000583203
0.000561421,0.00058377
0.000562584,0.000584352
0.000563747,0.000584933
0.00056493,0.000596781
0.000566158,0.000609024
0.00056743,0.000621621
0.000568751,0.000634599
0.00057012,0.000647962
0.000571536,0.000661721
0.000573003,0.000675864
0.000574523,0.000690393
0.000576096,0.000705336
0.000577725,0.000720652
0.000579409,0.000736382
0.000581152,0.000752516
0.000582953,0.000769009
0.000584815,0.000785934
0.00058674,0.000803207
0.000588729,0.000820899
0.000590781,0.000838953
0.000592899,0.00085737
0.000595084,0.000876152
0.000597338,0.000895268
0.000599662,0.000914751
0.000602056,0.000934512
0.000604522,0.000954625
0.000607062,0.00097499
0.000609674,0.000995637
0.000612362,0.00101652
0.000615124,0.00103766
0.000617961,0.00105896
0.000620876,0.00108046
0.000623868,0.00110209
0.00062694,0.00112384
0.000630087,0.00114566
0.000633312,0.00116753
0.000636615,0.00118942
0.000639993,0.00121126
0.000643451,0.00123304
0.000646985,0.00125472
0.000650593,0.00127624
0.000654278,0.00129755
0.000658039,0.00131864
0.000661871,0.00133941
0.000665774,0.00135988
0.000669749,0.00137995
0.000673791,0.00139958
0.000677898,0.00141874
0.000682071,0.00143736
0.000686308,0.0014554
0.000690603,0.00147284
0.000694957,0.00148958
0.000699365,0.00150562
0.000703824,0.00152089
0.000708332,0.00153535
0.000712883,0.00154898
0.000717478,0.00156172
0.000722111,0.00157354
0.000726779,0.0015844
0.000731476,0.00159427
0.0007362,0.00160312
0.000740948,0.00161098
0.000745713,0.00161773
0.000750495,0.00162342
0.000755287,0.00162803
0.000760086,0.000378842
0.000453111,0.000524873
0.000453111,0.000524886
0.000453111,0.000524898
0.000453111,0.000524911
0.000453111,0.000524924
0.000453111,0.000524936
0.000453111,0.000524948
0.000453111,0.000524961
0.000453111,0.000524973
0.000453111,0.000524985
0.000453111,0.000524998
0.000453111,0.00052501
0.000453111,0.000525023
0.000453111,0.000525035
0.000453111,0.000525047
0.000453111,0.000525059
0.000453111,0.000525071
0.000453111,0.000525084
0.000453111,0.000525096
0.000453111,0.000525108
0.000453111,0.00052512
0.000453111,0.000525132
0.000453111,0.000525145
0.000453111,0.000525156
0.000453111,0.000525168
0.000453111,0.000525181
0.000453111,0.000525193
0.000453111,0.000525204
0.000453111,0.000525217
0.000453111,0.000525228
0.000453111,0.00052524
0.000453111,0.000525253
0.000453111,0.000525264
0.000453111,0.000525276
0.000453111,0.000525288
0.000453111,0.000525299
0.000453111,0.000525312
0.000453111,0.000525324
0.000453111,0.000525335
0.000453111,0.000525346
0.000453111,0.000525359
0.000453111,0.00052537
0.000453111,0.000525381
0.000453111,0.000525394
0.000453111,0.000525405
0.000453111,0.000525417
0.000453111,0.000525428
0.000453111,0.000525439
0.000453111,0.000525452
0.000453111,0.000525464
0.000453111,0.000525474
0.000453111,0.000525486
0.000453111,0.000525497
0.000453111,0.000525509
0.000453111,0.00052552
0.000453111,0.000525532
0.000453111,0.000525543
0.000453111,0.000525554
0.000453111,0.000525565
0.000453111,0.000525579
0.000453111,0.000525588
0.000453111,0.000525599
0.000453111,0.000525611
0.000453111,0.000525622
0.000453111,0.000525633
0.000453111,0.000525645
0.000453111,0.000525656
0.000453111,0.000525666
0.000453111,0.000525677
0.000453111,0.00052569
0.000453111,0.0005257
0.000453111,0.000525711
0.000453111,0.00052572
0.000453111,0.000525734
0.000453111,0.000525743
0.000453111,0.000525754
0.000453111,0.000525767
0.000453111,0.000525777
0.000453111,0.000525788
0.000453111,0.000525799
0.000453111,0.000525808
0.000453111,0.000525822
0.000453111,0.000525831
0.000453111,0.000525842
0.000453111,0.000525852
0.000451262,0.000540389
0.000447566,0.000538551
0.00044387,0.000536715
0.000440174,0.000534879
0.000436479,0.000533042
0.000432782,0.000531205
0.000429085,0.000529367
0.000425388,0.000527529
0.000421692,0.000525694
0.000417995,0.000523857
0.000414297,0.000522018
0.000410601,0.000520179
0.000406904,0.000518345
0.000403206,0.000516505
0.000399508,0.000514667
0.00039581,0.000512828
0.000392112,0.000510992
0.000388414,0.000509154
0.000384716,0.000507317
0.000381019,0.000505475
0.000377321,0.000503641
0.000373622,0.0005018
0.000369922,0.000499962
0.000366224,0.000498123
0.000362526,0.000496286
0.000358825,0.000494446
0.000355127,0.000492608
0.000351428,0.000490768
0.000347728,0.000488931
0.000344029,0.000487089
0.000340329,0.000485252
0.000336629,0.000483412
0.000332929,0.00048157
0.00032923,0.000479735
0.000325529,0.000477893
0.000321828,0.000476053
0.000318129,0.000474214
0.000314428,0.000472373
0.000310729,0.000470536
0.000307028,0.000468695
0.000303327,0.000466854
0.000299627,0.000465016
0.000295925,0.000463174
0.000292223,0.000461334
0.000288522,0.000459494
0.00028482,0.000457654
0.000281119,0.000455811
0.000277417,0.000453972
0.000273715,0.000452132
0.000270013,0.000450292
0.000266311,0.000448449
0.00026261,0.000446609
0.000258907,0.00044477
0.000255204,0.000442926
0.000251502,0.000441085
0.000247799,0.000439246
0.000244096,0.000437402
0.000240394,0.000435561
0.000237471,0.000436904
0.000235329,0.00043584
0.000233188,0.000434781
0.000231045,0.000433721
0.000228904,0.000432657
0.000226763,0.000431599
0.000224621,0.000430539
0.000222479,0.000429475
0.000220337,0.000428416
0.000218195,0.000427353
0.000216053,0.000426293
0.00021391,0.000425233
0.000211768,0.000424169
0.000209625,0.000423106
0.000207483,0.000422049
0.000205341,0.000420986
0.000203198,0.000419922
0.000201055,0.000418862
0.000200765,0.000400226
0.000202328,0.000401015
0.00020389,0.000401803
0.000205453,0.000402595
0.000207015,0.000403387
0.000208578,0.000404175
0.00021014,0.000404968
0.000211703,0.000405755
0.000213266,0.000406548
0.000214828,0.000407336
0.000216391,0.000408128
0.000217955,0.000408917
0.000219517,0.000409709
0.00022108,0.000410498
0.000222643,0.000411287
0.000224207,0.000412079
0.00022577,0.000412871
0.000227332,0.00041366
0.000228895,0.000414448
0.000230459,0.000415241
0.000232022,0.00041603
0.000233585,0.000416822
0.000234367,0.000417441
0.000234367,0.000417451
0.000234367,0.000417459
0.000234367,0.000417466
0.000234367,0.000417476
0.000234367,0.000417484
0.000234367,0.000417491
0.000234367,0.000417501
0.000234367,0.000417509
0.000234367,0.000417519
0.000234367,0.000417527
0.000234367,0.000417534
0.000234367,0.000417544
0.000234367,0.000417552
0.000234367,0.000417559
0.000234367,0.000417569
0.000234367,0.000417577
0.000234367,0.000417584
0.000234367,0.000417591
0.000234367,0.000417605
0.000234367,0.000417605
0.000234367,0.000417619
0.000234367,0.000417627
0.000234367,0.000417634
0.000234367,0.000417641
0.000234367,0.000417648
0.000234367,0.000417662
0.000234367,0.000417662
0.000234367,0.000417677
0.000234367,0.000417684
0.000234367,0.000417691
0.000234367,0.000417698
0.000234367,0.000417705
0.000234367,0.000417712
0.000234367,0.00041772
0.000234367,0.000417734
0.000234367,0.000417734
0.000234367,0.000417748
0.000234367,0.000417748
0.000234367,0.000417763
0.000234367,0.00041777
0.000234367,0.000417777
0.000234367,0.000417784
0.000234367,0.000417791
0.000234367,0.000417805
0.000234367,0.000417805
0.000234367,0.000417813
0.000234367,0.000417827
0.000234367,0.000417827
0.000234367,0.000417841
0.000234367,0.000417841
0.000234367,0.000417856
0.000234367,0.000417863
0.000234367,0.000417863
0.000234367,0.000417877
0.000234367,0.000417884
0.000234367,0.000417891
0.000234367,0.000417898
0.000234367,0.000417906
0.000234367,0.000417913
0.000234367,0.00041792
0.000234367,0.000417927
0.000234367,0.000417934
0.000234367,0.000417941
0.000234367,0.000417949
0.000234367,0.000417956
0.000234367,0.000417963
0.000234367,0.00041797
0.000234367,0.000417977
0.000234367,0.000417984
0.000234367,0.000417999
0.000234367,0.000417999
0.000234367,0.000417999
0.000234367,0.00041802
0.000234367,0.00041802
0.000234367,0.000418027
0.000234367,0.000418034
0.000234367,0.000418041
0.000234367,0.000418049
0.000234367,0.000418056
0.000234367,0.000418063
0.000234367,0.00041807
0.000234367,0.000418077
0.000234367,0.000418077
0.000234367,0.000418084
0.000234367,0.000418099
0.000234367,0.000418106
0.000234367,0.000418106
0.000234367,0.00041812
0.000234367,0.000418127
0.000234367,0.000418127
0.000234367,0.000418134
0.000234367,0.000418142
0.000234367,0.000418149
0.000234367,0.000418163
0.000234367,0.000418156
0.000234367,0.000418177
0.000234367,0.00041817
0.000234367,0.000418185
0.000234367,0.000418192
0.000234367,0.000418192
0.000234367,0.000418199
0.000234367,0.000418213
0.000234367,0.000418213
0.000234367,0.000418227
0.000234367,0.00041822
0.000234367,0.000418235
0.000234367,0.000418242
0.000234367,0.000418249
0.000234367,0.000418249
0.000234946,0.000419713
0.000236105,0.000420292
0.000237263,0.000420879
0.000238422,0.000421465
0.000239581,0.000422052
0.000240739,0.000422638
0.000241897,0.000423224
0.000243056,0.000423803
0.000244214,0.00042439
0.000245373,0.000424976
0.000246531,0.000425563
0.00024769,0.00042615
0.000248849,0.000426736
0.000250007,0.000427323
0.000251166,0.000427894
0.000252325,0.000428496
0.000253484,0.000429068
0.000254642,0.000429661
0.000255801,0.000430248
0.00025696,0.000430835
0.000258119,0.000431407
0.000259278,0.000432008
0.000260437,0.000432587
0.000261596,0.000433167
0.000262755,0.000433761
0.000263913,0.00043434
0.000265072,0.000434927
0.000266232,0.000435514
0.00026739,0.000436093
0.000268549,0.000436687
0.000269709,0.000437266
0.000270868,0.000437853
0.000272027,0.00043844
0.000273186,0.000439019
0.000274345,0.000439606
0.000275504,0.0004402
0.000276664,0.000440773
0.000277823,0.000441366
0.000278982,0.000441953
0.000280141,0.000442526
0.000281301,0.00044312
0.00028246,0.000443707
0.000283619,0.000444286
0.000284778,0.000444873
0.000285938,0.00044546
0.000287097,0.000446047
0.000288256,0.000446619
0.000289416,0.00044722
0.000290576,0.0004478
0.000291735,0.00044838
0.000292894,0.000448967
0.000294054,0.000449554
0.000295213,0.000450134
0.000296373,0.000450728
0.000297533,0.000451308
0.000298692,0.000451887
0.000299851,0.000452482
0.000301011,0.000453068
0.000302171,0.000453641
0.00030333,0.000454235
0.000304491,0.000454815
0.00030565,0.000455403
0.000306811,0.000455982
0.00030797,0.000456577
0.000309128,0.000457149
0.000310288,0.000457742
0.000311448,0.00045833
0.000312608,0.000458903
0.000313768,0.00045949
0.000314929,0.000460085
0.000316088,0.000460664
0.000317247,0.000461251
0.000318408,0.000461824
0.000319567,0.000462426
0.000320727,0.000463005
0.000321887,0.000463578
0.000323047,0.000464173
0.000324207,0.000464759
0.000325367,0.000465332
0.000326529,0.000465927
0.000327688,0.000466515
0.000328847,0.000467094
0.000330006,0.000467681
0.000331167,0.000468254
0.000332327,0.000468849
0.000333487,0.000469436
0.000334648,0.000470016
0.000335809,0.000470597
0.000336968,0.000471191
0.000338127,0.000471763
0.000339289,0.000472357
0.000340448,0.000472939
0.000341608,0.000473524
0.000342768,0.000474105
0.000343929,0.000474692
0.00034509,0.000475273
0.000346251,0.000475861
0.00034741,0.000476448
0.00034857,0.000477027
0.000349731,0.000477608
0.000350891,0.000478195
0.000352052,0.00047879
0.000353213,0.000479363
0.000354374,0.000479951
0.000355534,0.000480531
0.000356694,0.000481125
0.000357853,0.000481698
0.000359014,0.000482292
0.000360176,0.000482873
0.000361337,0.00048344
0.000362497,0.000484049
0.000363657,0.000484614
0.000364817,0.000485208
0.000365978,0.000485803
0.000367139,0.00048637
0.000368299,0.000486963
0.00036946,0.000487545
0.000370619,0.000488124
0.000371779,0.000488703
0.000372941,0.000489299
0.000374101,0.000489879
0.000375262,0.000490459
0.000376424,0.000491055
0.000377584,0.000491621
0.000378745,0.000492215
0.000379905,0.000492796
0.000381066,0.00049339
0.000382227,0.000493956
0.000383389,0.000494552
0.000384548,0.000495132
0.000385709,0.000495726
0.00038687,0.000496307
0.000388032,0.000496887
0.000389192,0.000497468
0.000390353,0.000498048
0.000391514,0.000498629
0.000392675,0.000499223
0.000393836,0.000499804
0.000394997,0.000500399
0.000396158,0.000500965
0.000397318,0.000501559
0.000398479,0.000502126
0.00039964,0.000502734
0.000400802,0.000503301
0.000401963,0.000503882
0.000403123,0.000504476
0.000404285,0.000505057
0.000405445,0.000505652
0.000406607,0.000506218
0.000407767,0.000506799
0.000408927,0.000507393
0.000410088,0.000507973
0.000411249,0.000508568
0.00041241,0.000509134
0.000413572,0.00050973
0.000414733,0.00051031
0.000415894,0.000510876
0.000417056,0.000511486
0.000418216,0.000512052
0.000419378,0.000512646
0.000420539,0.000513227
0.0004217,0.000513794
0.000422863,0.000514403
0.000424024,0.00051497
0.000425185,0.00051555
0.000426345,0.000516145
0.000427507,0.000516725
0.000428668,0.000517306
0.000429828,0.000517887
0.000430989,0.000518481
0.00043215,0.000519047
0.000433311,0.000519642
0.000434472,0.000520222
0.000435635,0.000520804
0.000436795,0.000521384
0.000437956,0.000521979
0.000439118,0.000522546
0.000440279,0.00052314
0.000441442,0.000523721
0.000442603,0.000524302
0.000443764,0.000524897
0.000444925,0.000525464
0.000446086,0.000526058
0.000447248,0.000526625
0.000448408,0.000527219
0.00044957,0.0005278
0.000450732,0.000528381
0.000451892,0.000528976
0.000453054,0.000529542
0.000454216,0.000530137
0.000455378,0.000530704
0.000456541,0.000531314
0.000457701,0.000531881
0.000458862,0.00053246
0.000460023,0.000533041
0.000461184,0.000533636
0.000462346,0.000534203
0.000463507,0.000534797
0.000464669,0.000535378
0.000465831,0.00053596
0.000466992,0.00053654
0.000468155,0.000537121
0.000469316,0.000537716
0.000470476,0.000538282
0.000471637,0.000538877
0.000472799,0.000539457
0.000473962,0.000540025
0.000475123,0.00054062
0.000476285,0.000541215
0.000477446,0.000541782
0.000478607,0.000542361
0.000479769,0.000542958
0.000480931,0.000543524
0.000482092,0.000544105
0.000483253,0.000544713
0.000484415,0.000545265
0.000485577,0.000545862
0.000486739,0.000546442
0.000487901,0.000547023
0.000489062,0.000547618
0.000490224,0.000548184
0.000491385,0.00054878
0.000492547,0.000549346
0.00049371,0.000549942
0.00049487,0.000550522
0.000496032,0.000551103
0.000497193,0.00055167
0.000498354,0.000552278
0.000499517,0.000552831
0.000500677,0.000553441
0.000501839,0.000554006
0.000503001,0.000554588
0.000504162,0.000555182
0.000505325,0.000555749
0.000506487,0.000556345
0.000507648,0.000556926
0.00050881,0.000557492
0.000509972,0.000558087
0.000511133,0.000558668
0.000512294,0.000559249
0.000513456,0.000559829
0.000514618,0.000560411
0.00051578,0.000560991
0.000516941,0.000561572
0.000518103,0.000562153
0.000519266,0.000562748
0.000520429,0.000563316
0.00052159,0.000563897
0.000522749,0.00056449
0.000523911,0.000565057
0.000525075,0.000565653
0.000526236,0.000566234
0.000527398,0.0005668
0.000528561,0.000567396
0.000529722,0.000567977
0.000530883,0.000568558
0.000532045,0.000569138
0.000533207,0.000569719
0.000534368,0.000570286
0.00053553,0.000570881
0.000536692,0.000571476
0.000537854,0.000572029
0.000539017,0.000572624
0.000540178,0.000573219
0.00054134,0.000573771
0.000542501,0.000574381
0.000543662,0.000574947
0.000544824,0.000575542
0.000545986,0.000576094
0.000547148,0.000576704
0.00054831,0.000577271
0.000549472,0.000577852
0.000550633,0.000578447
0.000551794,0.000579013
0.000552956,0.000579608
0.000554119,0.000580175
0.000555281,0.000580756
0.000556442,0.000581351
0.000557604,0.000581918
0.000558765,0.000582498
0.000559927,0.000583094
0.000561089,0.00058366
0.00056225,0.000584241
0.000563412,0.000584822
0.000564596,0.000596672
0.000565823,0.000608917
0.000567096,0.000621515
0.000568416,0.000634497
0.000569781,0.00064786
0.000571197,0.000661621
0.000572665,0.000675767
0.000574184,0.000690299
0.000575756,0.000705244
0.000577383,0.000720561
0.000579067,0.000736295
0.000580809,0.000752431
0.00058261,0.000768926
0.000584471,0.000785854
0.000586394,0.000803129
0.00058838,0.000820823
0.000590431,0.000838879
0.000592549,0.0008573
0.000594732,0.000876084
0.000596985,0.000895203
0.000599307,0.000914688
0.0006017,0.000934452
0.000604164,0.000954568
0.000606701,0.000974935
0.000609312,0.000995584
0.000611998,0.00101647
0.000614761,0.00103761
0.000617597,0.00105892
0.000620511,0.00108042
0.000623503,0.00110205
0.000626568,0.0011238
0.000629713,0.00114562
0.000632937,0.0011675
0.000636238,0.0011894
0.000639616,0.00121123
0.00064307,0.00123302
0.000646604,0.00125471
0.000650212,0.00127623
0.000653894,0.00129754
0.000657649,0.00131863
0.000661477,0.0013394
0.000665379,0.00135988
0.000669352,0.00137994
0.000673394,0.00139958
0.000677501,0.00141874
0.000681671,0.00143737
0.000685903,0.00145541
0.000690197,0.00147285
0.000694546,0.00148959
0.000698951,0.00150563
0.000703408,0.0015209
0.00070791,0.00153536
0.000712459,0.00154899
0.000717051,0.00156173
0.000721682,0.00157355
0.000726348,0.00158441
0.000731043,0.00159428
0.000735764,0.00160314
0.00074051,0.00161099
0.000745275,0.00161774
0.000750051,0.00162343
0.000754838,0.00162804
0.000759636,0.000378617
0.000452827,0.000524731
0.000452827,0.000524744
0.000452827,0.000524756
0.000452827,0.000524769
0.000452827,0.000524781
0.000452827,0.000524794
0.000452827,0.000524806
0.000452827,0.000524819
0.000452827,0.000524831
0.000452827,0.000524843
0.000452827,0.000524856
0.000452827,0.000524868
0.000452827,0.00052488
0.000452827,0.000524893
0.000452827,0.000524905
0.000452827,0.000524917
0.000452827,0.000524929
0.000452827,0.000524941
0.000452827,0.000524954
0.000452827,0.000524966
0.000452827,0.000524978
0.000452827,0.00052499
0.000452827,0.000525003
0.000452827,0.000525014
0.000452827,0.000525026
0.000452827,0.000525038
0.000452827,0.00052505
0.000452827,0.000525062
0.000452827,0.000525075
0.000452827,0.000525086
0.000452827,0.000525098
0.000452827,0.00052511
0.000452827,0.000525122
0.000452827,0.000525134
0.000452827,0.000525146
0.000452827,0.000525157
0.000452827,0.000525169
0.000452827,0.000525182
0.000452827,0.000525193
0.000452827,0.000525204
0.000452827,0.000525217
0.000452827,0.000525227
0.000452827,0.000525239
0.000452827,0.000525252
0.000452827,0.000525263
0.000452827,0.000525275
0.000452827,0.000525286
0.000452827,0.000525297
0.000452827,0.00052531
0.000452827,0.000525321
0.000452827,0.000525332
0.000452827,0.000525344
0.000452827,0.000525354
0.000452827,0.000525367
0.000452827,0.000525378
0.000452827,0.00052539
0.000452827,0.000525401
0.000452827,0.000525412
0.000452827,0.000525422
0.000452827,0.000525437
0.000452827,0.000525446
0.000452827,0.000525456
0.000452827,0.000525469
0.000452827,0.00052548
0.000452827,0.00052549
0.000452827,0.000525503
0.000452827,0.000525514
0.000452827,0.000525524
0.000452827,0.000525535
0.000452827,0.000525548
0.000452827,0.000525558
0.000452827,0.000525569
0.000452827,0.000525578
0.000452827,0.000525592
0.000452827,0.000525601
0.000452827,0.000525612
0.000452827,0.000525624
0.000452827,0.000525635
0.000452827,0.000525646
0.000452827,0.000525657
0.000452827,0.000525666
0.000452827,0.00052568
0.000452827,0.000525689
0.000452827,0.0005257
0.000452827,0.00052571
0.00045098,0.000540807
0.000447287,0.000538972
0.000443594,0.000537136
0.0004399,0.000535303
0.000436206,0.000533465
0.000432511,0.00053163
0.000428817,0.000529791
0.000425124,0.000527958
0.000421429,0.000526122
0.000417734,0.000524286
0.00041404,0.00052245
0.000410344,0.000520613
0.000406648,0.000518776
0.000402954,0.000516939
0.000399258,0.000515103
0.000395562,0.000513264
0.000391867,0.000511429
0.000388173,0.000509593
0.000384478,0.000507758
0.000380781,0.000505917
0.000377084,0.000504083
0.000373388,0.000502243
0.000369692,0.000500406
0.000365995,0.00049857
0.000362298,0.000496731
0.000358603,0.000494895
0.000354905,0.000493059
0.000351208,0.000491217
0.000347511,0.000489383
0.000343813,0.000487542
0.000340117,0.000485704
0.000336421,0.000483868
0.000332724,0.000482028
0.000329024,0.000480193
0.000325326,0.000478351
0.000321629,0.000476514
0.000317931,0.000474676
0.000314233,0.000472835
0.000310535,0.000471001
0.000306837,0.000469159
0.000303137,0.000467322
0.000299437,0.000465481
0.00029574,0.000463641
0.000292042,0.000461804
0.000288342,0.000459965
0.000284643,0.000458126
0.000280944,0.000456285
0.000277244,0.000454445
0.000273545,0.000452608
0.000269845,0.000450769
0.000266146,0.000448927
0.000262445,0.000447088
0.000258746,0.000445248
0.000255046,0.000443408
0.000251345,0.000441568
0.000247645,0.000439729
0.000243944,0.000437886
0.000240244,0.000436048
0.000237323,0.000437183
0.000235182,0.000436121
0.000233042,0.000435062
0.000230902,0.000434002
0.000228763,0.000432941
0.000226622,0.000431882
0.000224481,0.000430822
0.00022234,0.00042976
0.000220199,0.000428701
0.000218058,0.000427638
0.000215918,0.000426579
0.000213777,0.00042552
0.000211636,0.000424457
0.000209495,0.000423395
0.000207354,0.000422339
0.000205213,0.000421276
0.000203071,0.000420213
0.00020093,0.000419154
0.00020064,0.000400139
0.000202201,0.000400926
0.000203763,0.000401714
0.000205324,0.000402506
0.000206886,0.000403297
0.000208448,0.000404085
0.000210009,0.000404877
0.000211571,0.000405665
0.000213133,0.000406456
0.000214695,0.000407245
0.000216257,0.000408036
0.000217818,0.000408824
0.00021938,0.000409616
0.000220942,0.000410404
0.000222504,0.000411192
0.000224066,0.000411984
0.000225628,0.000412775
0.000227191,0.000413564
0.000228754,0.000414353
0.000230315,0.000415144
0.000231878,0.000415932
0.00023344,0.000416725
0.000234221,0.000417368
0.000234221,0.000417379
0.000234221,0.000417386
0.000234221,0.000417393
0.000234221,0.000417404
0.000234221,0.000417411
0.000234221,0.000417418
0.000234221,0.000417429
0.000234221,0.000417436
0.000234221,0.000417446
0.000234221,0.000417454
0.000234221,0.000417461
0.000234221,0.000417472
0.000234221,0.000417479
0.000234221,0.000417486
0.000234221,0.000417497
0.000234221,0.000417504
0.000234221,0.000417511
0.000234221,0.000417518
0.000234221,0.000417532
0.000234221,0.000417532
0.000234221,0.000417547
0.000234221,0.000417554
0.000234221,0.000417561
0.000234221,0.000417568
0.000234221,0.000417575
0.000234221,0.00041759
0.000234221,0.00041759
0.000234221,0.000417604
0.000234221,0.000417611
0.000234221,0.000417618
0.000234221,0.000417625
0.000234221,0.000417632
0.000234221,0.00041764
0.000234221,0.000417647
0.000234221,0.000417661
0.000234221,0.000417661
0.000234221,0.000417675
0.000234221,0.000417675
0.000234221,0.00041769
0.000234221,0.000417697
0.000234221,0.000417704
0.000234221,0.000417711
0.000234221,0.000417718
0.000234221,0.000417733
0.000234221,0.000417733
0.000234221,0.00041774
0.000234221,0.000417754
0.000234221,0.000417754
0.000234221,0.000417768
0.000234221,0.000417768
0.000234221,0.000417783
0.000234221,0.00041779
0.000234221,0.00041779
0.000234221,0.000417804
0.000234221,0.000417811
0.000234221,0.000417818
0.000234221,0.000417826
0.000234221,0.000417833
0.000234221,0.00041784
0.000234221,0.000417847
0.000234221,0.000417854
0.000234221,0.000417861
0.000234221,0.000417868
0.000234221,0.000417876
0.000234221,0.000417883
0.000234221,0.00041789
0.000234221,0.000417897
0.000234221,0.000417904
0.000234221,0.000417911
0.000234221,0.000417926
0.000234221,0.000417926
0.000234221,0.000417926
0.000234221,0.000417947
0.000234221,0.000417947
0.000234221,0.000417954
0.000234221,0.000417961
0.000234221,0.000417969
0.000234221,0.000417976
0.000234221,0.000417983
0.000234221,0.00041799
0.000234221,0.000417997
0.000234221,0.000418004
0.000234221,0.000418004
0.000234221,0.000418012
0.000234221,0.000418026
0.000234221,0.000418033
0.000234221,0.000418033
0.000234221,0.000418047
0.000234221,0.000418054
0.000234221,0.000418054
0.000234221,0.000418062
0.000234221,0.000418069
0.000234221,0.000418076
0.000234221,0.00041809
0.000234221,0.000418083
0.000234221,0.000418105
0.000234221,0.000418097
0.000234221,0.000418112
0.000234221,0.000418119
0.000234221,0.000418119
0.000234221,0.000418126
0.000234221,0.00041814
0.000234221,0.00041814
0.000234221,0.000418155
0.000234221,0.000418147
0.000234221,0.000418162
0.000234221,0.000418169
0.000234221,0.000418176
0.000234221,0.000418176
0.0002348,0.000419697
0.000235958,0.000420276
0.000237115,0.000420862
0.000238273,0.000421448
0.000239431,0.000422034
0.000240588,0.00042262
0.000241746,0.000423206
0.000242904,0.000423785
0.000244063,0.000424372
0.000245221,0.000424958
0.000246378,0.000425544
0.000247536,0.00042613
0.000248694,0.000426716
0.000249852,0.000427302
0.00025101,0.000427874
0.000252168,0.000428474
0.000253326,0.000429046
0.000254484,0.00042964
0.000255642,0.000430226
0.0002568,0.000430812
0.000257958,0.000431384
0.000259117,0.000431984
0.000260274,0.000432564
0.000261432,0.000433142
0.000262591,0.000433736
0.000263749,0.000434315
0.000264907,0.000434902
0.000266066,0.000435488
0.000267224,0.000436067
0.000268382,0.000436661
0.00026954,0.00043724
0.000270698,0.000437826
0.000271857,0.000438412
0.000273016,0.000438992
0.000274174,0.000439578
0.000275332,0.000440171
0.000276491,0.000440744
0.000277649,0.000441337
0.000278808,0.000441923
0.000279966,0.000442496
0.000281125,0.000443089
0.000282284,0.000443676
0.000283442,0.000444255
0.000284601,0.000444842
0.000285759,0.000445428
0.000286918,0.000446014
0.000288078,0.000446587
0.000289236,0.000447188
0.000290393,0.000447766
0.000291553,0.000448346
0.000292711,0.000448933
0.000293871,0.000449519
0.00029503,0.0004501
0.000296188,0.000450693
0.000297347,0.000451272
0.000298507,0.000451852
0.000299665,0.000452446
0.000300824,0.000453032
0.000301983,0.000453605
0.000303141,0.000454198
0.000304301,0.000454778
0.000305461,0.000455365
0.000306619,0.000455944
0.000307777,0.000456537
0.000308937,0.00045711
0.000310096,0.000457704
0.000311255,0.000458291
0.000312414,0.000458863
0.000313573,0.00045945
0.00031473,0.000460043
0.00031589,0.000460622
0.000317051,0.00046121
0.00031821,0.000461783
0.000319369,0.000462384
0.000320528,0.000462963
0.000321686,0.000463535
0.000322847,0.000464129
0.000324006,0.000464717
0.000325164,0.000465289
0.000326323,0.000465882
0.000327483,0.000466469
0.000328643,0.000467049
0.000329804,0.000467637
0.000330962,0.00046821
0.000332121,0.000468803
0.000333281,0.00046939
0.000334439,0.000469969
0.000335599,0.000470549
0.000336758,0.000471143
0.000337917,0.000471716
0.000339077,0.000472309
0.000340237,0.000472889
0.000341397,0.000473477
0.000342557,0.000474056
0.000343715,0.000474644
0.000344874,0.000475222
0.000346034,0.00047581
0.000347195,0.000476397
0.000348355,0.000476977
0.000349514,0.000477557
0.000350673,0.000478143
0.000351833,0.000478738
0.000352992,0.00047931
0.000354152,0.000479897
0.000355311,0.000480477
0.000356471,0.000481071
0.000357631,0.000481644
0.00035879,0.000482238
0.00035995,0.000482818
0.000361109,0.000483384
0.000362269,0.000483991
0.000363429,0.000484558
0.000364589,0.000485152
0.000365748,0.000485746
0.000366908,0.000486311
0.000368069,0.000486906
0.000369228,0.000487486
0.000370389,0.000488066
0.000371549,0.000488646
0.00037271,0.000489241
0.00037387,0.000489821
0.000375029,0.0004904
0.000376189,0.000490995
0.000377348,0.00049156
0.000378508,0.000492155
0.000379668,0.000492734
0.000380828,0.000493329
0.000381989,0.000493895
0.000383149,0.000494489
0.00038431,0.000495069
0.00038547,0.000495664
0.00038663,0.000496244
0.000387788,0.000496824
0.000388949,0.000497403
0.000390109,0.000497984
0.000391269,0.000498564
0.00039243,0.000499158
0.00039359,0.000499738
0.00039475,0.000500333
0.000395908,0.000500898
0.000397069,0.000501492
0.000398231,0.000502059
0.000399392,0.000502668
0.000400551,0.000503233
0.000401711,0.000503814
0.00040287,0.000504407
0.00040403,0.000504987
0.000405192,0.000505582
0.000406353,0.000506149
0.000407512,0.000506728
0.000408674,0.000507323
0.000409834,0.000507904
0.000410995,0.000508498
0.000412155,0.000509065
0.000413315,0.000509658
0.000414475,0.000510238
0.000415634,0.000510804
0.000416795,0.000511413
0.000417956,0.000511979
0.000419118,0.000512574
0.000420277,0.000513154
0.000421436,0.000513719
0.000422595,0.000514327
0.000423757,0.000514893
0.000424918,0.000515474
0.000426078,0.000516069
0.000427238,0.000516648
0.0004284,0.000517229
0.000429561,0.00051781
0.000430722,0.000518405
0.000431882,0.00051897
0.000433044,0.000519566
0.000434203,0.000520146
0.000435363,0.000520725
0.000436524,0.000521306
0.000437685,0.000521901
0.000438845,0.000522466
0.000440007,0.000523062
0.000441166,0.000523642
0.000442326,0.000524221
0.000443486,0.000524816
0.000444648,0.000525382
0.000445809,0.000525977
0.00044697,0.000526543
0.000448131,0.000527139
0.000449291,0.000527718
0.000450451,0.000528298
0.000451612,0.000528893
0.000452773,0.00052946
0.000453933,0.000530053
0.000455094,0.00053062
0.000456254,0.000531228
0.000457415,0.000531794
0.000458575,0.000532375
0.000459736,0.000532955
0.000460897,0.00053355
0.000462059,0.000534116
0.000463219,0.000534711
0.000464379,0.000535291
0.00046554,0.000535871
0.000466702,0.000536452
0.000467862,0.000537033
0.000469023,0.000537627
0.000470183,0.000538193
0.000471345,0.000538788
0.000472505,0.000539369
0.000473666,0.000539934
0.000474826,0.000540529
0.000475987,0.000541123
0.000477149,0.00054169
0.000478309,0.000542271
0.00047947,0.000542865
0.000480631,0.000543432
0.000481792,0.000544012
0.000482953,0.000544621
0.000484114,0.000545173
0.000485273,0.000545767
0.000486435,0.000546347
0.000487596,0.000546928
0.000488757,0.000547523
0.000489917,0.000548089
0.000491078,0.000548683
0.00049224,0.00054925
0.0004934,0.000549845
0.000494561,0.000550425
0.000495722,0.000551005
0.000496884,0.000551572
0.000498044,0.000552181
0.000499206,0.000552733
0.000500368,0.000553342
0.000501528,0.000553909
0.000502689,0.000554489
0.00050385,0.000555084
0.000505011,0.00055565
0.00050617,0.000556244
0.000507331,0.000556824
0.000508493,0.000557391
0.000509655,0.000557986
0.000510816,0.000558567
0.000511977,0.000559148
0.000513137,0.000559728
0.000514297,0.000560307
0.000515459,0.000560888
0.00051662,0.000561469
0.000517782,0.00056205
0.000518942,0.000562644
0.000520103,0.00056321
0.000521263,0.000563791
0.000522425,0.000564385
0.000523587,0.000564953
0.000524746,0.000565546
0.000525908,0.000566127
0.000527068,0.000566694
0.00052823,0.000567287
0.000529391,0.000567869
0.000530552,0.000568449
0.000531713,0.00056903
0.000532874,0.00056961
0.000534035,0.000570176
0.000535196,0.000570772
0.000536357,0.000571366
0.000537518,0.000571918
0.00053868,0.000572513
0.00053984,0.000573108
0.000541002,0.00057366
0.000542163,0.000574269
0.000543324,0.000574835
0.000544486,0.00057543
0.000545646,0.000575982
0.000546807,0.000576591
0.000547966,0.000577157
0.000549128,0.000577736
0.00055029,0.000578333
0.000551451,0.000578899
0.000552612,0.000579493
0.000553773,0.00058006
0.000554935,0.00058064
0.000556096,0.000581236
0.000557257,0.000581802
0.000558418,0.000582382
0.000559579,0.000582977
0.000560739,0.000583542
0.0005619,0.000584124
0.000563061,0.000584704
0.000564244,0.000596556
0.000565471,0.000608803
0.000566743,0.000621404
0.00056806,0.000634386
0.000569427,0.000647751
0.000570842,0.000661516
0.000572307,0.000675662
0.000573826,0.000690196
0.000575396,0.000705143
0.000577024,0.000720463
0.000578707,0.000736199
0.000580447,0.000752337
0.000582246,0.000768835
0.000584106,0.000785765
0.000586027,0.000803042
0.000588014,0.000820739
0.000590065,0.000838799
0.000592178,0.000857222
0.000594361,0.000876007
0.000596613,0.000895131
0.000598932,0.000914617
0.000601324,0.000934384
0.000603788,0.000954504
0.000606324,0.000974875
0.000608935,0.000995526
0.000611619,0.00101642
0.000614376,0.00103756
0.000617212,0.00105887
0.000620123,0.00108038
0.000623111,0.00110201
0.000626178,0.00112376
0.000629321,0.00114559
0.000632542,0.00116746
0.000635839,0.00118936
0.000639217,0.0012112
0.000642672,0.001233
0.000646198,0.00125468
0.000649803,0.0012762
0.000653484,0.00129752
0.00065724,0.00131861
0.000661068,0.00133939
0.000664966,0.00135987
0.000668934,0.00137993
0.000672972,0.00139957
0.000677075,0.00141873
0.000681244,0.00143736
0.000685474,0.00145541
0.000689766,0.00147285
0.000694115,0.00148959
0.000698515,0.00150563
0.000702969,0.0015209
0.000707472,0.00153536
0.000712019,0.001549
0.000716608,0.00156173
0.000721233,0.00157355
0.000725895,0.00158442
0.000730587,0.00159429
0.000735308,0.00160314
0.00074005,0.001611
0.00074481,0.00161774
0.000749586,0.00162344
0.000754373,0.00162804
0.000759163,0.000378385
0.000452532,0.000524584
0.000452532,0.000524596
0.000452532,0.000524609
0.000452532,0.000524621
0.000452532,0.000524634
0.000452532,0.000524646
0.000452532,0.000524659
0.000452532,0.000524671
0.000452532,0.000524683
0.000452532,0.000524696
0.000452532,0.000524708
0.000452532,0.000524721
0.000452532,0.000524733
0.000452532,0.000524745
0.000452532,0.000524757
0.000452532,0.00052477
0.000452532,0.000524782
0.000452532,0.000524794
0.000452532,0.000524806
0.000452532,0.000524818
0.000452532,0.000524831
0.000452532,0.000524843
0.000452532,0.000524855
0.000452532,0.000524867
0.000452532,0.000524879
0.000452532,0.000524891
0.000452532,0.000524903
0.000452532,0.000524915
0.000452532,0.000524927
0.000452532,0.000524939
0.000452532,0.00052495
0.000452532,0.000524963
0.000452532,0.000524974
0.000452532,0.000524986
0.000452532,0.000524999
0.000452532,0.000525009
0.000452532,0.000525022
0.000452532,0.000525034
0.000452532,0.000525045
0.000452532,0.000525057
0.000452532,0.000525069
0.000452532,0.00052508
0.000452532,0.000525092
0.000452532,0.000525104
0.000452532,0.000525116
0.000452532,0.000525127
0.000452532,0.000525138
0.000452532,0.00052515
0.000452532,0.000525162
0.000452532,0.000525174
0.000452532,0.000525185
0.000452532,0.000525196
0.000452532,0.000525207
0.000452532,0.000525219
0.000452532,0.00052523
0.000452532,0.000525243
0.000452532,0.000525253
0.000452532,0.000525264
0.000452532,0.000525275
0.000452532,0.000525289
0.000452532,0.000525298
0.000452532,0.000525309
0.000452532,0.000525321
0.000452532,0.000525332
0.000452532,0.000525343
0.000452532,0.000525355
0.000452532,0.000525366
0.000452532,0.000525377
0.000452532,0.000525388
0.000452532,0.0005254
0.000452532,0.000525411
0.000452532,0.000525422
0.000452532,0.00052543
0.000452532,0.000525445
0.000452532,0.000525454
0.000452532,0.000525464
0.000452532,0.000525477
0.000452532,0.000525488
0.000452532,0.000525498
0.000452532,0.000525509
0.000452532,0.000525518
0.000452532,0.000525532
0.000452532,0.000525541
0.000452532,0.000525552
0.000452532,0.000525563
0.000450685,0.00054123
0.000446994,0.000539394
0.000443303,0.00053756
0.000439611,0.000535728
0.000435919,0.000533891
0.000432228,0.000532056
0.000428537,0.000530222
0.000424843,0.000528387
0.000421151,0.000526552
0.000417459,0.000524717
0.000413767,0.000522883
0.000410076,0.000521046
0.000406383,0.000519214
0.00040269,0.000517376
0.000398997,0.000515541
0.000395305,0.000513705
0.000391611,0.000511872
0.000387917,0.000510035
0.000384224,0.0005082
0.00038053,0.000506362
0.000376837,0.000504529
0.000373144,0.00050269
0.000369449,0.000500854
0.000365756,0.000499019
0.000362062,0.000497184
0.000358367,0.000495348
0.000354673,0.000493511
0.000350979,0.000491673
0.000347284,0.000489839
0.00034359,0.000488001
0.000339894,0.000486164
0.000336198,0.000484327
0.000332504,0.000482487
0.000328809,0.000480655
0.000325113,0.000478815
0.000321418,0.000476978
0.000317722,0.000475142
0.000314025,0.000473301
0.00031033,0.000471467
0.000306635,0.000469628
0.000302939,0.000467791
0.000299242,0.000465956
0.000295545,0.000464113
0.000291849,0.000462276
0.000288153,0.000460441
0.000284455,0.000458603
0.000280759,0.000456762
0.000277063,0.000454926
0.000273365,0.000453088
0.000269668,0.00045125
0.00026597,0.000449409
0.000262274,0.000447571
0.000258576,0.000445736
0.000254877,0.000443892
0.00025118,0.000442056
0.000247482,0.000440218
0.000243784,0.000438377
0.000240086,0.000436539
0.000237168,0.000437462
0.000235029,0.000436401
0.000232891,0.000435343
0.000230751,0.000434285
0.000228612,0.000433222
0.000226472,0.000432165
0.000224333,0.000431105
0.000222195,0.000430044
0.000220055,0.000428986
0.000217916,0.000427924
0.000215776,0.000426865
0.000213637,0.000425807
0.000211497,0.000424745
0.000209358,0.000423683
0.000207218,0.000422628
0.000205078,0.000421566
0.000202938,0.000420504
0.000200798,0.000419445
0.000200509,0.00040005
0.000202069,0.000400837
0.000203629,0.000401625
0.000205189,0.000402415
0.00020675,0.000403206
0.000208311,0.000403994
0.000209872,0.000404785
0.000211433,0.000405573
0.000212993,0.000406364
0.000214553,0.000407151
0.000216115,0.000407942
0.000217676,0.00040873
0.000219237,0.000409521
0.000220797,0.000410309
0.000222358,0.000411096
0.00022392,0.000411888
0.000225481,0.000412679
0.000227042,0.000413467
0.000228603,0.000414254
0.000230164,0.000415045
0.000231725,0.000415833
0.000233286,0.000416624
0.000234067,0.000417291
0.000234067,0.000417302
0.000234067,0.000417309
0.000234067,0.000417316
0.000234067,0.000417327
0.000234067,0.000417334
0.000234067,0.000417341
0.000234067,0.000417352
0.000234067,0.000417359
0.000234067,0.00041737
0.000234067,0.000417377
0.000234067,0.000417384
0.000234067,0.000417395
0.000234067,0.000417402
0.000234067,0.000417409
0.000234067,0.00041742
0.000234067,0.000417427
0.000234067,0.000417434
0.000234067,0.000417441
0.000234067,0.000417455
0.000234067,0.000417455
0.000234067,0.00041747
0.000234067,0.000417477
0.000234067,0.000417484
0.000234067,0.000417491
0.000234067,0.000417498
0.000234067,0.000417513
0.000234067,0.000417513
0.000234067,0.000417527
0.000234067,0.000417534
0.000234067,0.000417541
0.000234067,0.000417548
0.000234067,0.000417556
0.000234067,0.000417563
0.000234067,0.00041757
0.000234067,0.000417584
0.000234067,0.000417584
0.000234067,0.000417598
0.000234067,0.000417598
0.000234067,0.000417613
0.000234067,0.00041762
0.000234067,0.000417627
0.000234067,0.000417634
0.000234067,0.000417641
0.000234067,0.000417656
0.000234067,0.000417656
0.000234067,0.000417663
0.000234067,0.000417677
0.000234067,0.000417677
0.000234067,0.000417691
0.000234067,0.000417691
0.000234067,0.000417706
0.000234067,0.000417713
0.000234067,0.000417713
0.000234067,0.000417727
0.000234067,0.000417734
0.000234067,0.000417742
0.000234067,0.000417749
0.000234067,0.000417756
0.000234067,0.000417763
0.000234067,0.00041777
0.000234067,0.000417777
0.000234067,0.000417784
0.000234067,0.000417792
0.000234067,0.000417799
0.000234067,0.000417806
0.000234067,0.000417813
0.000234067,0.00041782
0.000234067,0.000417827
0.000234067,0.000417835
0.000234067,0.000417849
0.000234067,0.000417849
0.000234067,0.000417849
0.000234067,0.00041787
0.000234067,0.00041787
0.000234067,0.000417877
0.000234067,0.000417885
0.000234067,0.000417892
0.000234067,0.000417899
0.000234067,0.000417906
0.000234067,0.000417913
0.000234067,0.00041792
0.000234067,0.000417928
0.000234067,0.000417928
0.000234067,0.000417935
0.000234067,0.000417949
0.000234067,0.000417956
0.000234067,0.000417956
0.000234067,0.00041797
0.000234067,0.000417978
0.000234067,0.000417978
0.000234067,0.000417985
0.000234067,0.000417992
0.000234067,0.000417999
0.000234067,0.000418013
0.000234067,0.000418006
0.000234067,0.000418028
0.000234067,0.00041802
0.000234067,0.000418035
0.000234067,0.000418042
0.000234067,0.000418042
0.000234067,0.000418049
0.000234067,0.000418063
0.000234067,0.000418063
0.000234067,0.000418078
0.000234067,0.000418071
0.000234067,0.000418085
0.000234067,0.000418092
0.000234067,0.000418099
0.000234067,0.000418099
0.000234646,0.000419678
0.000235803,0.000420257
0.00023696,0.000420843
0.000238117,0.000421428
0.000239274,0.000422014
0.000240431,0.0004226
0.000241588,0.000423185
0.000242745,0.000423764
0.000243902,0.00042435
0.000245059,0.000424935
0.000246216,0.000425521
0.000247373,0.000426107
0.00024853,0.000426692
0.000249688,0.000427278
0.000250846,0.00042785
0.000252002,0.00042845
0.00025316,0.000429022
0.000254317,0.000429615
0.000255475,0.0004302
0.000256632,0.000430786
0.000257789,0.000431358
0.000258946,0.000431958
0.000260104,0.000432537
0.000261261,0.000433116
0.000262418,0.000433708
0.000263576,0.000434287
0.000264733,0.000434873
0.000265891,0.000435459
0.000267048,0.000436038
0.000268206,0.000436631
0.000269364,0.00043721
0.000270522,0.000437796
0.000271679,0.000438382
0.000272837,0.000438961
0.000273994,0.000439547
0.000275152,0.00044014
0.00027631,0.000440712
0.000277467,0.000441304
0.000278626,0.000441891
0.000279783,0.000442463
0.000280941,0.000443056
0.000282099,0.000443642
0.000283256,0.000444221
0.000284414,0.000444807
0.000285572,0.000445393
0.00028673,0.000445979
0.000287888,0.000446551
0.000289046,0.000447151
0.000290203,0.00044773
0.000291361,0.000448309
0.00029252,0.000448895
0.000293678,0.000449482
0.000294835,0.00045006
0.000295993,0.000450653
0.000297152,0.000451233
0.000298309,0.000451812
0.000299468,0.000452405
0.000300626,0.000452992
0.000301784,0.000453564
0.000302942,0.000454157
0.0003041,0.000454736
0.000305259,0.000455322
0.000306416,0.000455902
0.000307574,0.000456494
0.000308734,0.000457067
0.000309893,0.000457661
0.00031105,0.000458247
0.000312208,0.000458819
0.000313367,0.000459405
0.000314527,0.000459999
0.000315684,0.000460579
0.000316842,0.000461164
0.000318,0.000461737
0.000319159,0.000462337
0.000320317,0.000462917
0.000321475,0.000463488
0.000322633,0.000464082
0.000323792,0.000464668
0.000324952,0.000465241
0.000326111,0.000465835
0.000327268,0.000466421
0.000328426,0.000466999
0.000329584,0.000467586
0.000330744,0.000468158
0.000331903,0.000468753
0.000333062,0.000469338
0.00033422,0.000469918
0.000335378,0.000470497
0.000336538,0.000471091
0.000337697,0.000471664
0.000338855,0.000472258
0.000340013,0.000472836
0.000341173,0.000473423
0.000342332,0.000474003
0.000343491,0.000474589
0.00034465,0.000475169
0.000345808,0.000475755
0.000346967,0.000476342
0.000348125,0.000476921
0.000349284,0.0004775
0.000350444,0.000478088
0.000351602,0.000478681
0.000352761,0.000479253
0.000353919,0.000479839
0.000355078,0.000480419
0.000356238,0.000481013
0.000357397,0.000481586
0.000358555,0.000482179
0.000359714,0.000482758
0.000360874,0.000483324
0.000362033,0.000483933
0.000363191,0.000484497
0.00036435,0.000485091
0.000365511,0.000485685
0.00036667,0.000486251
0.000367828,0.000486844
0.000368988,0.000487424
0.000370148,0.000488004
0.000371306,0.000488584
0.000372464,0.000489177
0.000373624,0.000489756
0.000374782,0.000490336
0.000375942,0.000490929
0.000377102,0.000491496
0.00037826,0.000492089
0.000379421,0.000492669
0.00038058,0.000493263
0.000381738,0.000493828
0.000382898,0.000494422
0.000384057,0.000495002
0.000385215,0.000495595
0.000386375,0.000496175
0.000387535,0.000496755
0.000388695,0.000497335
0.000389854,0.000497915
0.000391013,0.000498494
0.000392173,0.000499088
0.000393331,0.000499668
0.00039449,0.000500261
0.000395652,0.000500828
0.00039681,0.000501422
0.000397968,0.000501986
0.000399128,0.000502594
0.000400288,0.00050316
0.000401447,0.00050374
0.000402608,0.000504334
0.000403768,0.000504915
0.000404927,0.000505509
0.000406086,0.000506073
0.000407246,0.000506654
0.000408405,0.000507248
0.000409563,0.000507827
0.000410724,0.000508421
0.000411884,0.000508987
0.000413042,0.000509581
0.000414203,0.00051016
0.000415363,0.000510727
0.000416522,0.000511335
0.000417681,0.0005119
0.00041884,0.000512494
0.000420001,0.000513074
0.000421161,0.00051364
0.000422322,0.000514249
0.000423481,0.000514815
0.000424639,0.000515393
0.0004258,0.000515988
0.000426959,0.000516568
0.000428119,0.000517147
0.000429279,0.000517728
0.000430439,0.000518321
0.000431598,0.000518888
0.000432757,0.00051948
0.000433918,0.000520061
0.000435078,0.000520641
0.000436237,0.000521221
0.000437397,0.000521815
0.000438556,0.000522381
0.000439716,0.000522975
0.000440876,0.000523555
0.000442038,0.000524136
0.000443197,0.00052473
0.000444356,0.000525295
0.000445516,0.000525889
0.000446675,0.000526455
0.000447835,0.000527049
0.000448996,0.000527629
0.000450156,0.000528209
0.000451316,0.000528804
0.000452475,0.000529369
0.000453635,0.000529963
0.000454795,0.000530528
0.000455956,0.000531138
0.000457115,0.000531703
0.000458275,0.000532283
0.000459436,0.000532864
0.000460595,0.000533458
0.000461754,0.000534023
0.000462914,0.000534617
0.000464075,0.000535197
0.000465235,0.000535778
0.000466395,0.000536358
0.000467555,0.000536937
0.000468715,0.000537532
0.000469875,0.000538098
0.000471034,0.000538691
0.000472196,0.000539272
0.000473356,0.000539838
0.000474516,0.000540432
0.000475675,0.000541027
0.000476835,0.000541592
0.000477996,0.000542172
0.000479155,0.000542767
0.000480316,0.000543332
0.000481476,0.000543913
0.000482635,0.000544521
0.000483795,0.000545072
0.000484957,0.000545667
0.000486116,0.000546247
0.000487275,0.000546827
0.000488436,0.00054742
0.000489597,0.000547987
0.000490756,0.000548582
0.000491915,0.000549146
0.000493077,0.000549741
0.000494237,0.000550322
0.000495397,0.000550902
0.000496557,0.000551467
0.000497718,0.000552077
0.000498877,0.000552628
0.000500037,0.000553236
0.000501198,0.000553801
0.000502358,0.000554382
0.000503518,0.000554976
0.000504678,0.000555542
0.00050584,0.000556137
0.000507001,0.000556718
0.00050816,0.000557284
0.000509318,0.000557877
0.000510479,0.000558457
0.000511639,0.000559037
0.000512801,0.000559617
0.000513961,0.000560198
0.000515121,0.000560778
0.000516281,0.000561358
0.00051744,0.000561937
0.000518601,0.000562532
0.000519761,0.000563098
0.000520922,0.000563678
0.000522081,0.000564273
0.000523242,0.000564838
0.000524403,0.000565433
0.000525563,0.000566013
0.000526723,0.000566579
0.000527884,0.000567174
0.000529043,0.000567753
0.000530204,0.000568334
0.000531364,0.000568914
0.000532524,0.000569494
0.000533684,0.000570059
0.000534845,0.000570654
0.000536006,0.000571249
0.000537166,0.000571801
0.000538326,0.000572395
0.000539486,0.000572989
0.000540646,0.000573541
0.000541806,0.000574149
0.000542968,0.000574716
0.000544127,0.00057531
0.000545287,0.000575861
0.000546448,0.00057647
0.00054761,0.000577037
0.000548768,0.000577617
0.000549928,0.00057821
0.00055109,0.000578776
0.00055225,0.000579372
0.000553409,0.000579936
0.000554571,0.000580517
0.00055573,0.000581112
0.000556891,0.000581677
0.000558051,0.000582258
0.00055921,0.000582851
0.000560371,0.000583418
0.00056153,0.000583997
0.000562692,0.000584577
0.000563875,0.000596432
0.0005651,0.000608681
0.00056637,0.000621283
0.000567687,0.000634266
0.000569053,0.000647635
0.000570467,0.0006614
0.000571933,0.00067555
0.00057345,0.000690086
0.000575021,0.000705036
0.000576646,0.000720358
0.000578327,0.000736096
0.000580067,0.000752236
0.000581866,0.000768737
0.000583724,0.000785669
0.000585644,0.000802949
0.000587627,0.000820649
0.000589676,0.000838709
0.000591792,0.000857136
0.000593972,0.000875925
0.000596223,0.00089505
0.000598544,0.000914542
0.000600933,0.000934311
0.000603393,0.000954432
0.000605927,0.000974805
0.000608534,0.00099546
0.000611215,0.00101635
0.000613972,0.0010375
0.000616806,0.00105881
0.000619717,0.00108032
0.000622703,0.00110196
0.000625767,0.00112371
0.000628908,0.00114554
0.000632127,0.00116742
0.000635424,0.00118932
0.000638798,0.00121117
0.000642248,0.00123296
0.000645776,0.00125465
0.000649379,0.00127618
0.000653055,0.00129749
0.000656809,0.00131859
0.000660633,0.00133937
0.00066453,0.00135984
0.000668498,0.00137992
0.000672532,0.00139956
0.000676632,0.00141872
0.000680798,0.00143735
0.000685027,0.0014554
0.000689313,0.00147284
0.000693657,0.00148958
0.000698057,0.00150563
0.000702508,0.0015209
0.000707007,0.00153536
0.000711551,0.00154899
0.000716137,0.00156173
0.000720761,0.00157355
0.000725418,0.00158441
0.000730106,0.00159429
0.000734822,0.00160314
0.00073956,0.00161099
0.000744318,0.00161774
0.000749091,0.00162343
0.000753874,0.00162803
0.000758665,0.000378134
0.000452217,0.000524426
0.000452217,0.000524439
0.000452217,0.000524451
0.000452217,0.000524464
0.000452217,0.000524476
0.000452217,0.000524489
0.000452217,0.000524501
0.000452217,0.000524514
0.000452217,0.000524526
0.000452217,0.000524538
0.000452217,0.000524551
0.000452217,0.000524563
0.000452217,0.000524575
0.000452217,0.000524588
0.000452217,0.0005246
0.000452217,0.000524612
0.000452217,0.000524624
0.000452217,0.000524637
0.000452217,0.000524649
0.000452217,0.000524661
0.000452217,0.000524673
0.000452217,0.000524685
0.000452217,0.000524698
0.000452217,0.000524709
0.000452217,0.000524721
0.000452217,0.000524734
0.000452217,0.000524746
0.000452217,0.000524757
0.000452217,0.00052477
0.000452217,0.000524781
0.000452217,0.000524793
0.000452217,0.000524805
0.000452217,0.000524817
0.000452217,0.000524829
0.000452217,0.000524841
0.000452217,0.000524852
0.000452217,0.000524864
0.000452217,0.000524877
0.000452217,0.000524888
0.000452217,0.000524899
0.000452217,0.000524912
0.000452217,0.000524923
0.000452217,0.000524934
0.000452217,0.000524947
0.000452217,0.000524958
0.000452217,0.00052497
0.000452217,0.000524981
0.000452217,0.000524992
0.000452217,0.000525005
0.000452217,0.000525016
0.000452217,0.000525027
0.000452217,0.000525039
0.000452217,0.00052505
0.000452217,0.000525062
0.000452217,0.000525073
0.000452217,0.000525085
0.000452217,0.000525096
0.000452217,0.000525107
0.000452217,0.000525118
0.000452217,0.000525132
0.000452217,0.000525141
0.000452217,0.000525151
0.000452217,0.000525164
0.000452217,0.000525175
0.000452217,0.000525185
0.000452217,0.000525198
0.000452217,0.000525209
0.000452217,0.000525219
0.000452217,0.00052523
0.000452217,0.000525243
0.000452217,0.000525253
0.000452217,0.000525264
0.000452217,0.000525273
0.000452217,0.000525287
0.000452217,0.000525296
0.000452217,0.000525307
0.000452217,0.00052532
0.000452217,0.00052533
0.000452217,0.000525341
0.000452217,0.000525352
0.000452217,0.000525361
0.000452217,0.000525375
0.000452217,0.000525384
0.000452217,0.000525395
0.000452217,0.000525405
0.000450374,0.000541651
0.000446686,0.00053982
0.000442996,0.000537985
0.000439308,0.000536154
0.000435621,0.00053432
0.00043193,0.000532488
0.000428241,0.00053065
0.000424553,0.000528821
0.000420863,0.000526987
0.000417173,0.000525153
0.000413482,0.00052332
0.000409792,0.000521483
0.000406103,0.000519652
0.000402413,0.000517818
0.000398722,0.000515982
0.000395032,0.000514147
0.000391341,0.000512315
0.000387651,0.000510481
0.00038396,0.000508647
0.000380269,0.00050681
0.000376578,0.000504979
0.000372886,0.00050314
0.000369194,0.000501306
0.000365503,0.000499471
0.000361811,0.000497637
0.00035812,0.000495802
0.000354428,0.000493968
0.000350736,0.00049213
0.000347045,0.000490299
0.000343353,0.00048846
0.000339661,0.000486627
0.000335967,0.00048479
0.000332275,0.000482952
0.000328582,0.000481121
0.00032489,0.000479282
0.000321196,0.000477447
0.000317503,0.000475611
0.00031381,0.000473773
0.000310117,0.000471941
0.000306423,0.000470102
0.000302729,0.000468266
0.000299036,0.000466431
0.000295343,0.000464591
0.000291648,0.000462757
0.000287954,0.000460919
0.000284261,0.000459085
0.000280565,0.000457245
0.000276871,0.000455408
0.000273178,0.000453573
0.000269483,0.000451737
0.000265788,0.000449898
0.000262092,0.000448061
0.000258397,0.000446225
0.000254703,0.000444385
0.000251007,0.000442549
0.000247311,0.000440712
0.000243616,0.000438872
0.000239921,0.000437036
0.000237004,0.00043774
0.000234867,0.00043668
0.000232729,0.000435621
0.000230592,0.000434564
0.000228454,0.000433504
0.000226318,0.000432446
0.00022418,0.00043139
0.000222041,0.000430327
0.000219904,0.00042927
0.000217766,0.000428209
0.000215627,0.000427151
0.00021349,0.000426093
0.000211352,0.000425032
0.000209213,0.000423971
0.000207075,0.000422916
0.000204937,0.000421855
0.000202799,0.000420794
0.00020066,0.000419736
0.00020037,0.00039996
0.000201929,0.000400746
0.000203489,0.000401533
0.000205049,0.000402324
0.000206608,0.000403114
0.000208168,0.000403901
0.000209727,0.000404692
0.000211287,0.000405479
0.000212847,0.00040627
0.000214406,0.000407056
0.000215966,0.000407847
0.000217526,0.000408634
0.000219086,0.000409425
0.000220645,0.000410212
0.000222205,0.000410999
0.000223766,0.00041179
0.000225325,0.00041258
0.000226885,0.000413367
0.000228446,0.000414154
0.000230006,0.000414946
0.000231566,0.000415733
0.000233126,0.000416524
0.000233907,0.00041721
0.000233907,0.000417221
0.000233907,0.000417228
0.000233907,0.000417235
0.000233907,0.000417246
0.000233907,0.000417253
0.000233907,0.000417261
0.000233907,0.000417271
0.000233907,0.000417278
0.000233907,0.000417289
0.000233907,0.000417296
0.000233907,0.000417303
0.000233907,0.000417314
0.000233907,0.000417321
0.000233907,0.000417328
0.000233907,0.000417339
0.000233907,0.000417346
0.000233907,0.000417354
0.000233907,0.000417361
0.000233907,0.000417375
0.000233907,0.000417375
0.000233907,0.000417389
0.000233907,0.000417396
0.000233907,0.000417404
0.000233907,0.000417411
0.000233907,0.000417418
0.000233907,0.000417432
0.000233907,0.000417432
0.000233907,0.000417446
0.000233907,0.000417454
0.000233907,0.000417461
0.000233907,0.000417468
0.000233907,0.000417475
0.000233907,0.000417482
0.000233907,0.000417489
0.000233907,0.000417504
0.000233907,0.000417504
0.000233907,0.000417518
0.000233907,0.000417518
0.000233907,0.000417532
0.000233907,0.000417539
0.000233907,0.000417547
0.000233907,0.000417554
0.000233907,0.000417561
0.000233907,0.000417575
0.000233907,0.000417575
0.000233907,0.000417582
0.000233907,0.000417597
0.000233907,0.000417597
0.000233907,0.000417611
0.000233907,0.000417611
0.000233907,0.000417625
0.000233907,0.000417632
0.000233907,0.000417632
0.000233907,0.000417647
0.000233907,0.000417654
0.000233907,0.000417661
0.000233907,0.000417668
0.000233907,0.000417675
0.000233907,0.000417683
0.000233907,0.00041769
0.000233907,0.000417697
0.000233907,0.000417704
0.000233907,0.000417711
0.000233907,0.000417718
0.000233907,0.000417725
0.000233907,0.000417733
0.000233907,0.00041774
0.000233907,0.000417747
0.000233907,0.000417754
0.000233907,0.000417768
0.000233907,0.000417768
0.000233907,0.000417768
0.000233907,0.00041779
0.000233907,0.00041779
0.000233907,0.000417797
0.000233907,0.000417804
0.000233907,0.000417811
0.000233907,0.000417818
0.000233907,0.000417826
0.000233907,0.000417833
0.000233907,0.00041784
0.000233907,0.000417847
0.000233907,0.000417847
0.000233907,0.000417854
0.000233907,0.000417868
0.000233907,0.000417876
0.000233907,0.000417876
0.000233907,0.00041789
0.000233907,0.000417897
0.000233907,0.000417897
0.000233907,0.000417904
0.000233907,0.000417911
0.000233907,0.000417919
0.000233907,0.000417933
0.000233907,0.000417926
0.000233907,0.000417947
0.000233907,0.00041794
0.000233907,0.000417954
0.000233907,0.000417961
0.000233907,0.000417961
0.000233907,0.000417969
0.000233907,0.000417983
0.000233907,0.000417983
0.000233907,0.000417997
0.000233907,0.00041799
0.000233907,0.000418004
0.000233907,0.000418012
0.000233907,0.000418019
0.000233907,0.000418019
0.000234485,0.000419657
0.000235641,0.000420235
0.000236797,0.00042082
0.000237953,0.000421406
0.000239109,0.000421991
0.000240265,0.000422576
0.000241422,0.000423162
0.000242578,0.00042374
0.000243734,0.000424325
0.00024489,0.00042491
0.000246047,0.000425496
0.000247203,0.000426081
0.00024836,0.000426667
0.000249516,0.000427252
0.000250672,0.000427823
0.000251829,0.000428423
0.000252985,0.000428994
0.000254142,0.000429586
0.000255298,0.000430172
0.000256454,0.000430757
0.000257611,0.000431328
0.000258767,0.000431928
0.000259924,0.000432506
0.000261081,0.000433085
0.000262238,0.000433677
0.000263395,0.000434256
0.000264552,0.000434842
0.000265708,0.000435427
0.000266865,0.000436005
0.000268022,0.000436598
0.000269178,0.000437177
0.000270335,0.000437762
0.000271492,0.000438347
0.000272649,0.000438926
0.000273805,0.000439512
0.000274962,0.000440104
0.00027612,0.000440676
0.000277276,0.000441269
0.000278433,0.000441854
0.00027959,0.000442426
0.000280747,0.000443018
0.000281903,0.000443604
0.000283061,0.000444182
0.000284218,0.000444768
0.000285375,0.000445353
0.000286532,0.00044594
0.000287689,0.000446511
0.000288846,0.000447111
0.000290004,0.00044769
0.000291162,0.000448269
0.000292319,0.000448855
0.000293476,0.00044944
0.000294634,0.000450019
0.00029579,0.000450612
0.000296947,0.00045119
0.000298105,0.000451769
0.000299262,0.000452362
0.000300419,0.000452948
0.000301576,0.000453519
0.000302735,0.000454112
0.000303892,0.000454692
0.000305048,0.000455277
0.000306205,0.000455855
0.000307364,0.000456449
0.000308521,0.000457021
0.000309678,0.000457613
0.000310836,0.000458199
0.000311995,0.000458771
0.000313151,0.000459358
0.000314308,0.00045995
0.000315467,0.000460529
0.000316624,0.000461115
0.000317781,0.000461686
0.000318939,0.000462287
0.000320097,0.000462865
0.000321255,0.000463438
0.000322413,0.000464031
0.00032357,0.000464617
0.000324727,0.000465188
0.000325885,0.000465781
0.000327044,0.000466367
0.000328201,0.000466947
0.000329358,0.000467532
0.000330515,0.000468104
0.000331673,0.000468697
0.000332832,0.000469283
0.00033399,0.000469863
0.000335148,0.000470442
0.000336306,0.000471035
0.000337464,0.000471607
0.000338622,0.0004722
0.00033978,0.000472779
0.000340937,0.000473366
0.000342094,0.000473943
0.000343254,0.00047453
0.000344413,0.00047511
0.000345569,0.000475696
0.000346726,0.00047628
0.000347885,0.00047686
0.000349043,0.00047744
0.0003502,0.000478025
0.00035136,0.000478619
0.000352518,0.000479192
0.000353676,0.000479777
0.000354834,0.000480357
0.000355992,0.000480949
0.00035715,0.000481522
0.000358309,0.000482115
0.000359467,0.000482695
0.000360625,0.000483259
0.000361784,0.000483867
0.000362942,0.000484432
0.0003641,0.000485026
0.000365257,0.000485618
0.000366416,0.000486183
0.000367574,0.000486777
0.000368732,0.000487356
0.00036989,0.000487935
0.000371048,0.000488514
0.000372207,0.000489107
0.000373366,0.000489687
0.000374526,0.000490267
0.000375684,0.000490861
0.000376841,0.000491425
0.000378,0.000492018
0.000379158,0.000492598
0.000380317,0.000493191
0.000381475,0.000493757
0.000382633,0.000494349
0.000383792,0.000494929
0.000384951,0.000495522
0.000386109,0.000496102
0.000387268,0.000496681
0.000388426,0.00049726
0.000389585,0.000497839
0.000390743,0.000498419
0.000391902,0.000499012
0.000393062,0.000499592
0.000394219,0.000500186
0.000395377,0.00050075
0.000396537,0.000501344
0.000397696,0.00050191
0.000398854,0.000502518
0.000400012,0.000503082
0.000401172,0.000503661
0.000402331,0.000504256
0.000403488,0.000504835
0.000404646,0.000505427
0.000405806,0.000505993
0.000406964,0.000506573
0.000408124,0.000507166
0.000409283,0.000507746
0.00041044,0.000508339
0.000411598,0.000508903
0.000412759,0.000509498
0.000413918,0.000510078
0.000415076,0.000510643
0.000416235,0.000511251
0.000417394,0.000511816
0.000418552,0.00051241
0.000419711,0.000512989
0.000420871,0.000513555
0.000422029,0.000514162
0.000423187,0.000514727
0.000424348,0.000515307
0.000425507,0.000515901
0.000426665,0.00051648
0.000427824,0.00051706
0.000428983,0.000517639
0.000430141,0.000518233
0.000431301,0.000518797
0.000432461,0.000519393
0.000433619,0.000519971
0.000434779,0.000520552
0.000435937,0.000521131
0.000437096,0.000521724
0.000438256,0.000522291
0.000439415,0.000522883
0.000440573,0.000523464
0.00044173,0.000524041
0.000442891,0.000524636
0.000444051,0.000525202
0.000445209,0.000525796
0.000446367,0.00052636
0.000447527,0.000526954
0.000448686,0.000527534
0.000449845,0.000528114
0.000451004,0.000528707
0.000452164,0.000529273
0.000453323,0.000529867
0.000454482,0.000530431
0.000455641,0.00053104
0.000456801,0.000531605
0.000457959,0.000532185
0.000459117,0.000532764
0.000460278,0.000533358
0.000461437,0.000533925
0.000462596,0.000534517
0.000463756,0.000535098
0.000464914,0.000535677
0.000466074,0.000536256
0.000467233,0.000536837
0.000468391,0.000537429
0.000469552,0.000537995
0.000470712,0.00053859
0.000471869,0.000539169
0.000473028,0.000539733
0.000474188,0.000540328
0.000475347,0.000540922
0.000476507,0.000541488
0.000477667,0.000542067
0.000478826,0.000542661
0.000479984,0.000543227
0.000481144,0.000543805
0.000482305,0.000544415
0.000483464,0.000544966
0.000484622,0.000545559
0.000485781,0.000546139
0.000486942,0.000546719
0.000488101,0.000547313
0.00048926,0.000547878
0.00049042,0.000548472
0.000491578,0.000549038
0.000492737,0.000549631
0.000493897,0.000550211
0.000495056,0.00055079
0.000496215,0.000551357
0.000497375,0.000551964
0.000498534,0.000552516
0.000499694,0.000553123
0.000500853,0.00055369
0.000502011,0.000554268
0.000503172,0.000554862
0.000504332,0.000555429
0.000505491,0.000556023
0.00050665,0.000556602
0.000507809,0.000557167
0.00050897,0.000557762
0.000510128,0.000558342
0.000511287,0.00055892
0.000512447,0.000559501
0.000513606,0.00056008
0.000514766,0.00056066
0.000515926,0.00056124
0.000517085,0.00056182
0.000518245,0.000562414
0.000519404,0.000562979
0.000520564,0.000563559
0.000521724,0.000564153
0.000522882,0.000564718
0.000524041,0.000565312
0.000525201,0.000565891
0.00052636,0.000566457
0.000527519,0.000567051
0.000528679,0.00056763
0.00052984,0.000568212
0.000530999,0.000568791
0.000532158,0.00056937
0.000533319,0.000569936
0.000534478,0.000570531
0.000535635,0.000571123
0.000536795,0.000571674
0.000537955,0.000572269
0.000539115,0.000572863
0.000540275,0.000573414
0.000541433,0.000574023
0.000542592,0.000574587
0.000543753,0.000575182
0.000544912,0.000575734
0.000546071,0.000576341
0.000547231,0.000576906
0.000548391,0.000577487
0.000549551,0.000578081
0.000550709,0.000578646
0.000551869,0.00057924
0.000553029,0.000579806
0.000554188,0.000580385
0.000555349,0.00058098
0.000556508,0.000581546
0.000557668,0.000582125
0.000558828,0.00058272
0.000559987,0.000583285
0.000561147,0.000583865
0.000562305,0.000584444
0.000563485,0.000596299
0.000564709,0.00060855
0.00056598,0.000621153
0.000567298,0.000634142
0.00056866,0.00064751
0.000570073,0.000661277
0.000571538,0.000675429
0.000573054,0.000689967
0.000574624,0.000704919
0.000576249,0.000720245
0.000577928,0.000735985
0.000579665,0.000752126
0.000581462,0.000768629
0.000583321,0.000785564
0.000585242,0.000802849
0.000587223,0.00082055
0.000589269,0.000838614
0.000591382,0.000857041
0.000593564,0.000875835
0.00059581,0.000894963
0.000598125,0.000914453
0.000600514,0.000934226
0.000602975,0.000954351
0.000605509,0.000974728
0.000608116,0.000995386
0.000610796,0.00101628
0.000613552,0.00103743
0.000616382,0.00105875
0.00061929,0.00108026
0.000622276,0.0011019
0.000625337,0.00112366
0.000628476,0.00114549
0.000631692,0.00116737
0.000634986,0.00118928
0.000638357,0.00121112
0.000641804,0.00123292
0.000645329,0.00125461
0.00064893,0.00127614
0.000652606,0.00129746
0.000656354,0.00131856
0.000660177,0.00133934
0.000664072,0.00135982
0.000668035,0.00137989
0.000672067,0.00139954
0.000676167,0.0014187
0.00068033,0.00143733
0.000684553,0.00145538
0.00068884,0.00147282
0.000693181,0.00148957
0.000697575,0.00150561
0.000702022,0.00152088
0.000706519,0.00153535
0.000711061,0.00154898
0.000715644,0.00156172
0.000720264,0.00157354
0.000724919,0.0015844
0.000729606,0.00159428
0.000734319,0.00160313
0.000739054,0.00161098
0.000743807,0.00161773
0.000748576,0.00162342
0.000753357,0.00162802
0.000758142,0.000377875
0.000451893,0.000524265
0.000451893,0.000524277
0.000451893,0.00052429
0.000451893,0.000524302
0.000451893,0.000524315
0.000451893,0.000524327
0.000451893,0.000524339
0.000451893,0.000524352
0.000451893,0.000524364
0.000451893,0.000524377
0.000451893,0.000524389
0.000451893,0.000524401
0.000451893,0.000524414
0.000451893,0.000524426
0.000451893,0.000524438
0.000451893,0.000524451
0.000451893,0.000524463
0.000451893,0.000524475
0.000451893,0.000524487
0.000451893,0.000524499
0.000451893,0.000524511
0.000451893,0.000524523
0.000451893,0.000524536
0.000451893,0.000524548
0.000451893,0.00052456
0.000451893,0.000524572
0.000451893,0.000524584
0.000451893,0.000524595
0.000451893,0.000524608
0.000451893,0.00052462
0.000451893,0.000524631
0.000451893,0.000524644
0.000451893,0.000524655
0.000451893,0.000524667
0.000451893,0.000524679
0.000451893,0.00052469
0.000451893,0.000524703
0.000451893,0.000524715
0.000451893,0.000524726
0.000451893,0.000524738
0.000451893,0.00052475
0.000451893,0.000524761
0.000451893,0.000524772
0.000451893,0.000524785
0.000451893,0.000524797
0.000451893,0.000524808
0.000451893,0.000524819
0.000451893,0.000524831
0.000451893,0.000524843
0.000451893,0.000524855
0.000451893,0.000524865
0.000451893,0.000524877
0.000451893,0.000524888
0.000451893,0.0005249
0.000451893,0.000524911
0.000451893,0.000524924
0.000451893,0.000524934
0.000451893,0.000524945
0.000451893,0.000524956
0.000451893,0.00052497
0.000451893,0.000524979
0.000451893,0.00052499
0.000451893,0.000525002
0.000451893,0.000525013
0.000451893,0.000525024
0.000451893,0.000525036
0.000451893,0.000525047
0.000451893,0.000525058
0.000451893,0.000525068
0.000451893,0.000525081
0.000451893,0.000525092
0.000451893,0.000525102
0.000451893,0.000525111
0.000451893,0.000525126
0.000451893,0.000525135
0.000451893,0.000525145
0.000451893,0.000525158
0.000451893,0.000525168
0.000451893,0.000525179
0.000451893,0.00052519
0.000451893,0.000525199
0.000451893,0.000525213
0.000451893,0.000525222
0.000451893,0.000525233
0.000451893,0.000525244
0.00045005,0.000542078
0.000446364,0.000540245
0.000442678,0.000538415
0.000438991,0.000536583
0.000435305,0.00053475
0.000431618,0.000532918
0.000427932,0.000531085
0.000424245,0.000529255
0.000420558,0.000527422
0.000416871,0.00052559
0.000413184,0.000523758
0.000409497,0.000521925
0.000405808,0.000520093
0.000402121,0.000518258
0.000398434,0.000516427
0.000394746,0.000514592
0.000391059,0.000512761
0.000387371,0.000510929
0.000383682,0.000509096
0.000379995,0.000507259
0.000376308,0.000505432
0.000372619,0.000503595
0.00036893,0.000501762
0.00036524,0.000499929
0.000361551,0.000498094
0.000357862,0.000496262
0.000354173,0.000494428
0.000350484,0.000492593
0.000346794,0.000490761
0.000343105,0.000488925
0.000339415,0.000487091
0.000335726,0.000485258
0.000332035,0.000483421
0.000328344,0.00048159
0.000324655,0.000479753
0.000320965,0.000477919
0.000317275,0.000476086
0.000313584,0.000474248
0.000309893,0.000472417
0.000306202,0.00047058
0.00030251,0.000468745
0.00029882,0.000466911
0.00029513,0.000465074
0.000291438,0.000463239
0.000287746,0.000461405
0.000284055,0.00045957
0.000280364,0.000457733
0.000276672,0.000455898
0.000272979,0.000454062
0.000269288,0.000452228
0.000265596,0.00045039
0.000261903,0.000448556
0.000258211,0.00044672
0.000254518,0.000444882
0.000250826,0.000443046
0.000247134,0.000441212
0.000243441,0.000439374
0.000239747,0.000437538
0.000236833,0.000438018
0.000234697,0.000436957
0.000232562,0.0004359
0.000230426,0.000434844
0.000228289,0.000433784
0.000226153,0.000432726
0.000224017,0.000431671
0.00022188,0.00043061
0.000219744,0.000429553
0.000217608,0.000428493
0.000215472,0.000427436
0.000213336,0.000426379
0.000211199,0.000425319
0.000209062,0.000424258
0.000206925,0.000423204
0.000204789,0.000422144
0.000202652,0.000421084
0.000200515,0.000420026
0.000200226,0.000399869
0.000201784,0.000400655
0.000203342,0.000401441
0.000204901,0.000402231
0.000206459,0.000403021
0.000208017,0.000403807
0.000209576,0.000404597
0.000211134,0.000405384
0.000212693,0.000406174
0.000214252,0.00040696
0.00021581,0.00040775
0.000217368,0.000408537
0.000218927,0.000409326
0.000220487,0.000410113
0.000222045,0.0004109
0.000223604,0.00041169
0.000225163,0.00041248
0.000226722,0.000413267
0.000228281,0.000414053
0.000229839,0.000414843
0.000231399,0.00041563
0.000232958,0.00041642
0.000233738,0.000417126
0.000233738,0.000417137
0.000233738,0.000417144
0.000233738,0.000417151
0.000233738,0.000417162
0.000233738,0.000417169
0.000233738,0.000417176
0.000233738,0.000417187
0.000233738,0.000417194
0.000233738,0.000417205
0.000233738,0.000417212
0.000233738,0.000417219
0.000233738,0.00041723
0.000233738,0.000417237
0.000233738,0.000417244
0.000233738,0.000417255
0.000233738,0.000417262
0.000233738,0.000417269
0.000233738,0.000417276
0.000233738,0.00041729
0.000233738,0.00041729
0.000233738,0.000417305
0.000233738,0.000417312
0.000233738,0.000417319
0.000233738,0.000417326
0.000233738,0.000417333
0.000233738,0.000417348
0.000233738,0.000417348
0.000233738,0.000417362
0.000233738,0.000417369
0.000233738,0.000417376
0.000233738,0.000417383
0.000233738,0.000417391
0.000233738,0.000417398
0.000233738,0.000417405
0.000233738,0.000417419
0.000233738,0.000417419
0.000233738,0.000417434
0.000233738,0.000417434
0.000233738,0.000417448
0.000233738,0.000417455
0.000233738,0.000417462
0.000233738,0.000417469
0.000233738,0.000417476
0.000233738,0.000417491
0.000233738,0.000417491
0.000233738,0.000417498
0.000233738,0.000417512
0.000233738,0.000417512
0.000233738,0.000417527
0.000233738,0.000417527
0.000233738,0.000417541
0.000233738,0.000417548
0.000233738,0.000417548
0.000233738,0.000417562
0.000233738,0.000417569
0.000233738,0.000417577
0.000233738,0.000417584
0.000233738,0.000417591
0.000233738,0.000417598
0.000233738,0.000417605
0.000233738,0.000417612
0.000233738,0.000417619
0.000233738,0.000417627
0.000233738,0.000417634
0.000233738,0.000417641
0.000233738,0.000417648
0.000233738,0.000417655
0.000233738,0.000417662
0.000233738,0.00041767
0.000233738,0.000417684
0.000233738,0.000417684
0.000233738,0.000417684
0.000233738,0.000417705
0.000233738,0.000417705
0.000233738,0.000417712
0.000233738,0.00041772
0.000233738,0.000417727
0.000233738,0.000417734
0.000233738,0.000417741
0.000233738,0.000417748
0.000233738,0.000417755
0.000233738,0.000417763
0.000233738,0.000417763
0.000233738,0.00041777
0.000233738,0.000417784
0.000233738,0.000417791
0.000233738,0.000417791
0.000233738,0.000417805
0.000233738,0.000417813
0.000233738,0.000417813
0.000233738,0.00041782
0.000233738,0.000417827
0.000233738,0.000417834
0.000233738,0.000417848
0.000233738,0.000417841
0.000233738,0.000417863
0.000233738,0.000417856
0.000233738,0.00041787
0.000233738,0.000417877
0.000233738,0.000417877
0.000233738,0.000417884
0.000233738,0.000417898
0.000233738,0.000417898
0.000233738,0.000417913
0.000233738,0.000417906
0.000233738,0.00041792
0.000233738,0.000417927
0.000233738,0.000417934
0.000233738,0.000417934
0.000234315,0.000419633
0.000235471,0.000420211
0.000236626,0.000420796
0.000237781,0.000421381
0.000238937,0.000421965
0.000240092,0.00042255
0.000241248,0.000423135
0.000242403,0.000423713
0.000243558,0.000424298
0.000244714,0.000424883
0.000245869,0.000425468
0.000247024,0.000426052
0.00024818,0.000426637
0.000249336,0.000427222
0.000250491,0.000427793
0.000251647,0.000428392
0.000252803,0.000428963
0.000253958,0.000429555
0.000255114,0.00043014
0.000256269,0.000430725
0.000257425,0.000431296
0.000258581,0.000431895
0.000259737,0.000432473
0.000260893,0.000433051
0.000262049,0.000433643
0.000263205,0.000434222
0.00026436,0.000434807
0.000265516,0.000435391
0.000266672,0.00043597
0.000267828,0.000436562
0.000268984,0.00043714
0.00027014,0.000437725
0.000271297,0.00043831
0.000272453,0.000438889
0.000273608,0.000439474
0.000274764,0.000440066
0.00027592,0.000440637
0.000277075,0.000441229
0.000278232,0.000441814
0.000279389,0.000442385
0.000280546,0.000442978
0.000281702,0.000443564
0.000282858,0.000444141
0.000284015,0.000444727
0.000285171,0.000445312
0.000286326,0.000445897
0.000287482,0.000446468
0.00028864,0.000447068
0.000289796,0.000447647
0.000290951,0.000448224
0.000292107,0.000448809
0.000293263,0.000449394
0.000294419,0.000449973
0.000295576,0.000450565
0.000296733,0.000451144
0.00029789,0.000451722
0.000299046,0.000452315
0.000300202,0.000452899
0.00030136,0.000453471
0.000302515,0.000454064
0.000303671,0.000454641
0.000304829,0.000455227
0.000305986,0.000455807
0.000307142,0.000456399
0.000308298,0.00045697
0.000309455,0.000457562
0.000310612,0.000458148
0.000311767,0.000458719
0.000312925,0.000459304
0.000314083,0.000459898
0.000315239,0.000460476
0.000316396,0.000461061
0.000317553,0.000461633
0.000318709,0.000462233
0.000319866,0.00046281
0.000321023,0.000463383
0.00032218,0.000463975
0.000323337,0.000464561
0.000324493,0.000465131
0.00032565,0.000465724
0.000326807,0.00046631
0.000327964,0.000466888
0.000329121,0.000467474
0.000330279,0.000468046
0.000331436,0.000468639
0.000332592,0.000469225
0.000333748,0.000469802
0.000334906,0.000470381
0.000336063,0.000470974
0.00033722,0.000471545
0.000338378,0.000472139
0.000339535,0.000472717
0.000340692,0.000473303
0.000341848,0.000473881
0.000343005,0.000474467
0.000344161,0.000475045
0.000345319,0.00047563
0.000346478,0.000476217
0.000347634,0.000476796
0.000348791,0.000477374
0.00034995,0.00047796
0.000351107,0.000478554
0.000352263,0.000479124
0.00035342,0.00047971
0.000354578,0.000480289
0.000355735,0.000480882
0.000356892,0.000481453
0.00035805,0.000482046
0.000359208,0.000482625
0.000360365,0.00048319
0.000361522,0.000483797
0.000362679,0.000484362
0.000363836,0.000484954
0.000364995,0.000485547
0.000366153,0.000486113
0.00036731,0.000486705
0.000368467,0.000487284
0.000369624,0.000487862
0.000370782,0.000488442
0.00037194,0.000489034
0.000373097,0.000489614
0.000374254,0.000490191
0.000375412,0.000490785
0.00037657,0.000491349
0.000377727,0.000491943
0.000378884,0.000492521
0.000380041,0.000493114
0.000381199,0.000493678
0.000382358,0.000494272
0.000383516,0.000494851
0.000384673,0.000495444
0.00038583,0.000496023
0.000386987,0.000496601
0.000388146,0.000497181
0.000389304,0.00049776
0.000390461,0.000498338
0.000391618,0.000498931
0.000392776,0.00049951
0.000393935,0.000500104
0.000395093,0.000500669
0.000396251,0.000501262
0.000397408,0.000501826
0.000398566,0.000502433
0.000399724,0.000502999
0.000400881,0.000503578
0.000402038,0.00050417
0.000403198,0.000504749
0.000404356,0.000505344
0.000405512,0.000505907
0.000406671,0.000506486
0.000407829,0.00050708
0.000408987,0.000507658
0.000410146,0.000508252
0.000411303,0.000508817
0.000412461,0.00050941
0.000413619,0.000509989
0.000414777,0.000510554
0.000415936,0.000511161
0.000417093,0.000511727
0.000418251,0.000512319
0.000419409,0.000512899
0.000420567,0.000513463
0.000421726,0.000514071
0.000422883,0.000514636
0.00042404,0.000515215
0.000425199,0.000515807
0.000426358,0.000516388
0.000427516,0.000516966
0.000428673,0.000517545
0.000429831,0.000518138
0.000430989,0.000518703
0.000432147,0.000519296
0.000433306,0.000519875
0.000434464,0.000520455
0.000435622,0.000521034
0.00043678,0.000521627
0.000437938,0.000522192
0.000439095,0.000522785
0.000440255,0.000523364
0.000441415,0.000523944
0.000442573,0.000524538
0.000443729,0.000525102
0.000444888,0.000525695
0.000446047,0.000526261
0.000447206,0.000526854
0.000448363,0.000527434
0.000449521,0.000528012
0.00045068,0.000528606
0.000451838,0.00052917
0.000452996,0.000529764
0.000454154,0.000530329
0.000455312,0.000530936
0.000456471,0.000531501
0.00045763,0.000532081
0.000458788,0.00053266
0.000459946,0.000533254
0.000461104,0.000533818
0.000462263,0.000534411
0.00046342,0.000534991
0.000464579,0.000535569
0.000465738,0.00053615
0.000466896,0.000536728
0.000468054,0.000537322
0.000469213,0.000537887
0.000470371,0.00053848
0.000471529,0.000539059
0.000472687,0.000539624
0.000473847,0.000540218
0.000475006,0.000540812
0.000476164,0.000541376
0.000477321,0.000541956
0.00047848,0.000542549
0.00047964,0.000543114
0.000480797,0.000543694
0.000481954,0.0005443
0.000483113,0.000544851
0.000484273,0.000545445
0.000485432,0.000546025
0.000486589,0.000546604
0.000487747,0.000547197
0.000488906,0.000547762
0.000490065,0.000548356
0.000491224,0.000548921
0.000492383,0.000549515
0.000493542,0.000550094
0.0004947,0.000550674
0.000495858,0.000551238
0.000497016,0.000551846
0.000498175,0.000552396
0.000499333,0.000553005
0.000500491,0.000553569
0.000501651,0.000554148
0.00050281,0.000554743
0.000503967,0.000555307
0.000505125,0.0005559
0.000506285,0.00055648
0.000507444,0.000557045
0.000508601,0.000557639
0.00050976,0.000558217
0.00051092,0.000558798
0.000512078,0.000559377
0.000513236,0.000559956
0.000514394,0.000560535
0.000515553,0.000561114
0.000516711,0.000561693
0.00051787,0.000562287
0.000519029,0.000562852
0.000520188,0.000563432
0.000521346,0.000564025
0.000522505,0.00056459
0.000523665,0.000565184
0.000524824,0.000565764
0.000525982,0.000566329
0.00052714,0.000566922
0.000528298,0.000567501
0.000529456,0.00056808
0.000530614,0.000568659
0.000531774,0.000569239
0.000532933,0.000569805
0.00053409,0.000570397
0.00053525,0.000570991
0.000536409,0.000571543
0.000537567,0.000572135
0.000538726,0.000572729
0.000539885,0.000573281
0.000541044,0.000573888
0.000542202,0.000574454
0.00054336,0.000575046
0.000544519,0.000575597
0.000545678,0.000576205
0.000546836,0.00057677
0.000547995,0.00057735
0.000549154,0.000577943
0.000550312,0.000578508
0.000551471,0.000579102
0.00055263,0.000579667
0.000553788,0.000580246
0.000554945,0.000580839
0.000556104,0.000581404
0.000557263,0.000581984
0.000558422,0.000582577
0.00055958,0.000583142
0.000560739,0.000583722
0.0005619,0.000584301
0.00056308,0.00059616
0.000564303,0.000608411
0.000565572,0.000621018
0.000566887,0.000634006
0.000568249,0.000647377
0.000569664,0.000661147
0.000571126,0.000675303
0.000572641,0.000689841
0.000574209,0.000704797
0.000575829,0.000720121
0.00057751,0.000735863
0.00057925,0.000752011
0.000581045,0.000768517
0.000582901,0.000785454
0.00058482,0.000802739
0.000586801,0.000820444
0.000588847,0.000838511
0.000590957,0.000856942
0.000593135,0.000875736
0.000595382,0.000894867
0.000597698,0.000914363
0.000600085,0.000934138
0.000602544,0.000954267
0.000605072,0.000974645
0.000607676,0.000995304
0.000610356,0.0010162
0.00061311,0.00103736
0.000615939,0.00105868
0.000618843,0.00108019
0.000621824,0.00110183
0.000624885,0.00112359
0.000628023,0.00114543
0.000631236,0.00116731
0.000634528,0.00118922
0.000637897,0.00121107
0.000641343,0.00123287
0.000644866,0.00125456
0.000648463,0.00127609
0.000652138,0.00129742
0.000655886,0.00131852
0.000659704,0.0013393
0.000663593,0.00135978
0.000667555,0.00137986
0.000671584,0.00139951
0.000675679,0.00141867
0.00067984,0.00143731
0.000684062,0.00145536
0.000688342,0.0014728
0.00069268,0.00148954
0.000697074,0.00150559
0.000701519,0.00152087
0.000706011,0.00153533
0.000710548,0.00154896
0.000715125,0.0015617
0.000719742,0.00157352
0.000724397,0.00158439
0.00072908,0.00159426
0.000733788,0.00160311
0.000738521,0.00161097
0.000743274,0.00161771
0.000748039,0.0016234
0.000752812,0.001628
0.000757594,0.0003776
0.000451552,0.000524094
0.000451552,0.000524106
0.000451552,0.000524119
0.000451552,0.000524131
0.000451552,0.000524144
0.000451552,0.000524156
0.000451552,0.000524169
0.000451552,0.000524181
0.000451552,0.000524193
0.000451552,0.000524206
0.000451552,0.000524218
0.000451552,0.000524231
0.000451552,0.000524243
0.000451552,0.000524255
0.000451552,0.000524267
0.000451552,0.00052428
0.000451552,0.000524292
0.000451552,0.000524304
0.000451552,0.000524316
0.000451552,0.000524328
0.000451552,0.000524341
0.000451552,0.000524353
0.000451552,0.000524365
0.000451552,0.000524377
0.000451552,0.000524389
0.000451552,0.000524401
0.000451552,0.000524413
0.000451552,0.000524425
0.000451552,0.000524437
0.000451552,0.000524449
0.000451552,0.00052446
0.000451552,0.000524473
0.000451552,0.000524485
0.000451552,0.000524496
0.000451552,0.000524509
0.000451552,0.000524519
0.000451552,0.000524532
0.000451552,0.000524544
0.000451552,0.000524555
0.000451552,0.000524567
0.000451552,0.000524579
0.000451552,0.00052459
0.000451552,0.000524602
0.000451552,0.000524614
0.000451552,0.000524626
0.000451552,0.000524637
0.000451552,0.000524648
0.000451552,0.00052466
0.000451552,0.000524672
0.000451552,0.000524684
0.000451552,0.000524695
0.000451552,0.000524706
0.000451552,0.000524717
0.000451552,0.000524729
0.000451552,0.00052474
0.000451552,0.000524753
0.000451552,0.000524763
0.000451552,0.000524774
0.000451552,0.000524785
0.000451552,0.000524799
0.000451552,0.000524808
0.000451552,0.000524819
0.000451552,0.000524831
0.000451552,0.000524842
0.000451552,0.000524853
0.000451552,0.000524865
0.000451552,0.000524876
0.000451552,0.000524887
0.000451552,0.000524898
0.000451552,0.00052491
0.000451552,0.000524921
0.000451552,0.000524932
0.000451552,0.00052494
0.000451552,0.000524955
0.000451552,0.000524964
0.000451552,0.000524974
0.000451552,0.000524987
0.000451552,0.000524998
0.000451552,0.000525008
0.000451552,0.000525019
0.000451552,0.000525028
0.000451552,0.000525042
0.000451552,0.000525051
0.000451552,0.000525062
0.000451552,0.000525073
0.00044971,0.000542504
0.000446026,0.000540674
0.000442345,0.000538843
0.000438662,0.000537017
0.000434977,0.000535184
0.000431293,0.000533352
0.000427609,0.000531521
0.000423925,0.000529691
0.000420241,0.000527861
0.000416558,0.00052603
0.000412873,0.0005242
0.000409188,0.000522367
0.000405504,0.000520537
0.000401819,0.000518705
0.000398135,0.000516873
0.00039445,0.000515042
0.000390765,0.000513212
0.000387079,0.000511381
0.000383394,0.000509549
0.000379708,0.000507714
0.000376021,0.000505886
0.000372335,0.00050405
0.000368651,0.000502219
0.000364965,0.000500388
0.000361278,0.000498555
0.000357593,0.000496724
0.000353906,0.000494893
0.00035022,0.000493056
0.000346533,0.000491229
0.000342845,0.000489393
0.000339159,0.00048756
0.000335472,0.000485729
0.000331785,0.000483892
0.000328099,0.000482064
0.00032441,0.000480229
0.000320722,0.000478395
0.000317035,0.000476563
0.000313347,0.000474728
0.000309659,0.000472898
0.000305972,0.000471062
0.000302284,0.00046923
0.000298595,0.000467397
0.000294906,0.00046556
0.000291217,0.000463727
0.000287529,0.000461893
0.000283841,0.000460061
0.000280152,0.000458225
0.000276463,0.000456391
0.000272774,0.000454558
0.000269084,0.000452724
0.000265395,0.000450887
0.000261707,0.000449054
0.000258018,0.000447222
0.000254328,0.000445384
0.000250637,0.000443551
0.000246947,0.000441716
0.000243258,0.000439879
0.000239568,0.000438046
0.000236656,0.000438294
0.000234522,0.000437235
0.000232387,0.000436179
0.000230252,0.000435123
0.000228117,0.000434063
0.000225983,0.000433008
0.000223849,0.000431951
0.000221714,0.000430893
0.000219579,0.000429835
0.000217445,0.000428777
0.00021531,0.000427721
0.000213175,0.000426664
0.00021104,0.000425605
0.000208905,0.000424545
0.00020677,0.000423492
0.000204635,0.000422432
0.0002025,0.000421373
0.000200364,0.000420316
0.000200075,0.000399776
0.000201632,0.000400562
0.000203189,0.000401348
0.000204746,0.000402137
0.000206303,0.000402927
0.00020786,0.000403712
0.000209417,0.000404501
0.000210975,0.000405287
0.000212532,0.000406077
0.000214089,0.000406862
0.000215647,0.000407652
0.000217205,0.000408438
0.000218763,0.000409228
0.00022032,0.000410013
0.000221878,0.000410799
0.000223436,0.000411589
0.000224994,0.000412379
0.000226551,0.000413165
0.000228109,0.00041395
0.000229667,0.00041474
0.000231225,0.000415526
0.000232783,0.000416316
0.000233561,0.000417038
0.000233561,0.000417049
0.000233561,0.000417056
0.000233561,0.000417063
0.000233561,0.000417074
0.000233561,0.000417081
0.000233561,0.000417088
0.000233561,0.000417099
0.000233561,0.000417106
0.000233561,0.000417117
0.000233561,0.000417124
0.000233561,0.000417131
0.000233561,0.000417142
0.000233561,0.000417149
0.000233561,0.000417156
0.000233561,0.000417167
0.000233561,0.000417174
0.000233561,0.000417181
0.000233561,0.000417188
0.000233561,0.000417202
0.000233561,0.000417202
0.000233561,0.000417217
0.000233561,0.000417224
0.000233561,0.000417231
0.000233561,0.000417238
0.000233561,0.000417245
0.000233561,0.00041726
0.000233561,0.00041726
0.000233561,0.000417274
0.000233561,0.000417281
0.000233561,0.000417288
0.000233561,0.000417295
0.000233561,0.000417303
0.000233561,0.00041731
0.000233561,0.000417317
0.000233561,0.000417331
0.000233561,0.000417331
0.000233561,0.000417345
0.000233561,0.000417345
0.000233561,0.00041736
0.000233561,0.000417367
0.000233561,0.000417374
0.000233561,0.000417381
0.000233561,0.000417388
0.000233561,0.000417403
0.000233561,0.000417403
0.000233561,0.00041741
0.000233561,0.000417424
0.000233561,0.000417424
0.000233561,0.000417438
0.000233561,0.000417438
0.000233561,0.000417453
0.000233561,0.00041746
0.000233561,0.00041746
0.000233561,0.000417474
0.000233561,0.000417481
0.000233561,0.000417489
0.000233561,0.000417496
0.000233561,0.000417503
0.000233561,0.00041751
0.000233561,0.000417517
0.000233561,0.000417524
0.000233561,0.000417531
0.000233561,0.000417539
0.000233561,0.000417546
0.000233561,0.000417553
0.000233561,0.00041756
0.000233561,0.000417567
0.000233561,0.000417574
0.000233561,0.000417581
0.000233561,0.000417596
0.000233561,0.000417596
0.000233561,0.000417596
0.000233561,0.000417617
0.000233561,0.000417617
0.000233561,0.000417624
0.000233561,0.000417632
0.000233561,0.000417639
0.000233561,0.000417646
0.000233561,0.000417653
0.000233561,0.00041766
0.000233561,0.000417667
0.000233561,0.000417674
0.000233561,0.000417674
0.000233561,0.000417682
0.000233561,0.000417696
0.000233561,0.000417703
0.000233561,0.000417703
0.000233561,0.000417717
0.000233561,0.000417725
0.000233561,0.000417725
0.000233561,0.000417732
0.000233561,0.000417739
0.000233561,0.000417746
0.000233561,0.00041776
0.000233561,0.000417753
0.000233561,0.000417775
0.000233561,0.000417767
0.000233561,0.000417782
0.000233561,0.000417789
0.000233561,0.000417789
0.000233561,0.000417796
0.000233561,0.00041781
0.000233561,0.00041781
0.000233561,0.000417825
0.000233561,0.000417818
0.000233561,0.000417832
0.000233561,0.000417839
0.000233561,0.000417846
0.000233561,0.000417846
0.000234139,0.000419606
0.000235293,0.000420183
0.000236447,0.000420768
0.000237602,0.000421352
0.000238756,0.000421937
0.000239911,0.000422521
0.000241065,0.000423105
0.00024222,0.000423683
0.000243374,0.000424267
0.000244529,0.000424852
0.000245684,0.000425436
0.000246839,0.000426021
0.000247993,0.000426605
0.000249148,0.00042719
0.000250303,0.00042776
0.000251458,0.000428359
0.000252612,0.000428929
0.000253767,0.000429521
0.000254922,0.000430106
0.000256077,0.00043069
0.000257231,0.000431261
0.000258386,0.000431859
0.000259541,0.000432437
0.000260696,0.000433015
0.000261852,0.000433606
0.000263006,0.000434184
0.000264161,0.000434768
0.000265317,0.000435354
0.000266471,0.000435931
0.000267625,0.000436522
0.000268781,0.0004371
0.000269937,0.000437685
0.00027109,0.00043827
0.000272246,0.000438846
0.000273403,0.000439433
0.000274558,0.000440024
0.000275713,0.000440595
0.000276868,0.000441187
0.000278023,0.000441772
0.000279178,0.000442342
0.000280333,0.000442933
0.000281489,0.000443519
0.000282643,0.000444096
0.000283797,0.00044468
0.000284953,0.000445265
0.00028611,0.000445851
0.000287265,0.000446422
0.00028842,0.00044702
0.000289576,0.000447598
0.000290733,0.000448176
0.000291889,0.000448762
0.000293044,0.000449346
0.0002942,0.000449924
0.000295354,0.000450517
0.000296508,0.000451093
0.000297664,0.000451671
0.00029882,0.000452263
0.000299976,0.000452849
0.000301133,0.000453419
0.000302289,0.000454012
0.000303444,0.00045459
0.000304599,0.000455174
0.000305754,0.000455752
0.00030691,0.000456344
0.000308067,0.000456915
0.000309222,0.000457508
0.000310377,0.000458092
0.000311533,0.000458663
0.000312688,0.000459248
0.000313844,0.00045984
0.000315,0.000460418
0.000316156,0.000461003
0.000317313,0.000461575
0.000318469,0.000462174
0.000319625,0.000462752
0.000320781,0.000463322
0.000321936,0.000463915
0.000323091,0.000464499
0.000324248,0.00046507
0.000325405,0.000465663
0.000326562,0.000466249
0.000327718,0.000466827
0.000328873,0.000467412
0.000330029,0.000467983
0.000331185,0.000468575
0.000332341,0.00046916
0.000333498,0.000469739
0.000334654,0.000470317
0.00033581,0.000470909
0.000336967,0.00047148
0.000338123,0.000472073
0.000339278,0.000472651
0.000340434,0.000473235
0.000341591,0.000473814
0.000342747,0.000474399
0.000343904,0.000474977
0.000345061,0.000475564
0.000346216,0.000476148
0.000347372,0.000476726
0.000348529,0.000477305
0.000349685,0.00047789
0.000350841,0.000478482
0.000351998,0.000479053
0.000353155,0.000479639
0.000354312,0.000480217
0.000355468,0.00048081
0.000356624,0.000481381
0.00035778,0.000481973
0.000358936,0.000482551
0.000360093,0.000483115
0.000361249,0.000483722
0.000362406,0.000484286
0.000363564,0.000484879
0.000364721,0.000485472
0.000365877,0.000486036
0.000367033,0.000486628
0.00036819,0.000487207
0.000369346,0.000487785
0.000370502,0.000488363
0.000371659,0.000488956
0.000372815,0.000489534
0.000373972,0.000490113
0.000375129,0.000490705
0.000376286,0.00049127
0.000377443,0.000491862
0.0003786,0.000492441
0.000379757,0.000493033
0.000380914,0.000493598
0.00038207,0.00049419
0.000383227,0.000494768
0.000384384,0.000495362
0.000385541,0.000495939
0.000386698,0.000496519
0.000387854,0.000497096
0.000389011,0.000497675
0.000390168,0.000498253
0.000391326,0.000498847
0.000392482,0.000499425
0.000393638,0.000500017
0.000394795,0.000500582
0.000395952,0.000501174
0.000397109,0.000501739
0.000398266,0.000502345
0.000399422,0.00050291
0.00040058,0.000503487
0.000401738,0.000504082
0.000402894,0.00050466
0.000404052,0.000505252
0.000405209,0.000505817
0.000406365,0.000506396
0.000407521,0.000506988
0.000408679,0.000507566
0.000409837,0.00050816
0.000410993,0.000508724
0.000412149,0.000509316
0.000413307,0.000509894
0.000414465,0.00051046
0.000415622,0.000511066
0.000416779,0.000511631
0.000417936,0.000512223
0.000419093,0.000512802
0.000420251,0.000513367
0.000421408,0.000513974
0.000422566,0.000514538
0.000423723,0.000515118
0.000424879,0.00051571
0.000426036,0.000516288
0.000427194,0.000516867
0.000428351,0.000517446
0.000429507,0.000518038
0.000430666,0.000518603
0.000431823,0.000519196
0.000432979,0.000519774
0.000434137,0.000520353
0.000435295,0.000520932
0.000436451,0.000521525
0.000437609,0.000522088
0.000438767,0.000522683
0.000439924,0.000523261
0.00044108,0.00052384
0.000442237,0.000524431
0.000443396,0.000524997
0.000444554,0.00052559
0.00044571,0.000526154
0.000446866,0.000526746
0.000448024,0.000527325
0.000449182,0.000527904
0.00045034,0.000528498
0.000451497,0.000529062
0.000452654,0.000529655
0.000453812,0.000530219
0.00045497,0.000530827
0.000456127,0.000531391
0.000457284,0.00053197
0.000458441,0.000532549
0.000459598,0.000533141
0.000460757,0.000533706
0.000461915,0.0005343
0.000463072,0.000534878
0.000464229,0.000535457
0.000465386,0.000536035
0.000466543,0.000536613
0.000467701,0.000537207
0.000468858,0.000537771
0.000470017,0.000538364
0.000471176,0.000538944
0.000472333,0.000539509
0.000473489,0.000540101
0.000474646,0.000540694
0.000475804,0.000541258
0.000476962,0.000541838
0.000478119,0.00054243
0.000479276,0.000542994
0.000480435,0.000543573
0.000481593,0.000544182
0.00048275,0.000544732
0.000483907,0.000545324
0.000485065,0.000545903
0.000486223,0.000546482
0.00048738,0.000547075
0.000488538,0.000547639
0.000489695,0.000548233
0.000490852,0.000548797
0.00049201,0.00054939
0.000493168,0.000549969
0.000494327,0.000550548
0.000495485,0.000551114
0.000496642,0.000551721
0.000497799,0.000552271
0.000498956,0.000552878
0.000500114,0.000553442
0.000501272,0.000554021
0.00050243,0.000554614
0.000503588,0.000555179
0.000504746,0.000555773
0.000505903,0.000556351
0.00050706,0.000556915
0.000508218,0.000557508
0.000509376,0.000558087
0.000510533,0.000558666
0.00051169,0.000559245
0.000512848,0.000559823
0.000514007,0.000560403
0.000515165,0.000560982
0.000516323,0.000561561
0.000517479,0.000562154
0.000518637,0.000562718
0.000519795,0.000563297
0.000520953,0.00056389
0.000522111,0.000564455
0.000523268,0.000565048
0.000524425,0.000565626
0.000525583,0.000566191
0.000526742,0.000566785
0.0005279,0.000567364
0.000529058,0.000567943
0.000530216,0.000568521
0.000531372,0.000569101
0.00053253,0.000569664
0.00053369,0.000570259
0.000534847,0.000570852
0.000536005,0.000571401
0.000537162,0.000571996
0.000538319,0.000572588
0.000539477,0.000573138
0.000540635,0.000573745
0.000541792,0.00057431
0.00054295,0.000574902
0.000544109,0.000575454
0.000545266,0.000576062
0.000546423,0.000576625
0.000547582,0.000577205
0.000548739,0.000577798
0.000549898,0.000578362
0.000551056,0.000578957
0.000552213,0.00057952
0.000553372,0.0005801
0.000554529,0.000580693
0.000555686,0.000581257
0.000556844,0.000581836
0.000558003,0.00058243
0.000559162,0.000582995
0.000560319,0.000583574
0.000561476,0.000584152
0.000562656,0.000596011
0.000563879,0.000608266
0.000565145,0.000620874
0.000566459,0.000633863
0.000567824,0.000647238
0.000569234,0.00066101
0.000570695,0.000675166
0.000572208,0.000689708
0.000573776,0.000704663
0.0005754,0.000719994
0.000577077,0.000735739
0.000578812,0.000751887
0.000580607,0.000768394
0.000582461,0.000785336
0.000584376,0.000802621
0.000586358,0.000820329
0.000588402,0.0008384
0.000590512,0.000856832
0.00059269,0.000875631
0.000594934,0.000894765
0.000597247,0.000914263
0.000599631,0.000934041
0.000602088,0.00095417
0.000604618,0.000974555
0.000607218,0.000995217
0.000609893,0.00101612
0.000612645,0.00103727
0.000615474,0.0010586
0.000618378,0.00108011
0.000621357,0.00110176
0.000624415,0.00112352
0.000627548,0.00114536
0.000630759,0.00116725
0.000634049,0.00118916
0.000637416,0.00121101
0.00064086,0.00123281
0.000644379,0.00125451
0.000647973,0.00127604
0.000651643,0.00129737
0.000655387,0.00131847
0.000659205,0.00133926
0.000663094,0.00135974
0.000667051,0.00137982
0.000671078,0.00139947
0.000675169,0.00141864
0.000679325,0.00143727
0.000683545,0.00145533
0.000687822,0.00147277
0.000692158,0.00148952
0.000696548,0.00150557
0.000700988,0.00152084
0.000705478,0.0015353
0.000710013,0.00154894
0.000714589,0.00156168
0.000719202,0.0015735
0.00072385,0.00158436
0.000728527,0.00159423
0.000733234,0.00160308
0.000737963,0.00161094
0.000742711,0.00161768
0.000747473,0.00162337
0.000752247,0.00162797
0.000757027,0.000377319
0.000451198,0.000523917
0.000451198,0.000523929
0.000451198,0.000523942
0.000451198,0.000523954
0.000451198,0.000523967
0.000451198,0.000523979
0.000451198,0.000523992
0.000451198,0.000524004
0.000451198,0.000524016
0.000451198,0.000524029
0.000451198,0.000524041
0.000451198,0.000524054
0.000451198,0.000524066
0.000451198,0.000524078
0.000451198,0.00052409
0.000451198,0.000524103
0.000451198,0.000524115
0.000451198,0.000524127
0.000451198,0.000524139
0.000451198,0.000524151
0.000451198,0.000524164
0.000451198,0.000524176
0.000451198,0.000524188
0.000451198,0.0005242
0.000451198,0.000524212
0.000451198,0.000524224
0.000451198,0.000524236
0.000451198,0.000524248
0.000451198,0.00052426
0.000451198,0.000524272
0.000451198,0.000524283
0.000451198,0.000524296
0.000451198,0.000524307
0.000451198,0.000524319
0.000451198,0.000524332
0.000451198,0.000524342
0.000451198,0.000524355
0.000451198,0.000524367
0.000451198,0.000524378
0.000451198,0.00052439
0.000451198,0.000524402
0.000451198,0.000524413
0.000451198,0.000524425
0.000451198,0.000524437
0.000451198,0.000524449
0.000451198,0.00052446
0.000451198,0.000524471
0.000451198,0.000524483
0.000451198,0.000524495
0.000451198,0.000524507
0.000451198,0.000524518
0.000451198,0.000524529
0.000451198,0.00052454
0.000451198,0.000524552
0.000451198,0.000524563
0.000451198,0.000524576
0.000451198,0.000524586
0.000451198,0.000524597
0.000451198,0.000524608
0.000451198,0.000524622
0.000451198,0.000524631
0.000451198,0.000524642
0.000451198,0.000524654
0.000451198,0.000524665
0.000451198,0.000524676
0.000451198,0.000524688
0.000451198,0.000524699
0.000451198,0.00052471
0.000451198,0.000524721
0.000451198,0.000524733
0.000451198,0.000524744
0.000451198,0.000524755
0.000451198,0.000524763
0.000451198,0.000524778
0.000451198,0.000524787
0.000451198,0.000524797
0.000451198,0.00052481
0.000451198,0.000524821
0.000451198,0.000524831
0.000451198,0.000524842
0.000451198,0.000524851
0.000451198,0.000524865
0.000451198,0.000524874
0.000451198,0.000524885
0.000451198,0.000524896
0.000449358,0.000542934
0.000445677,0.000541105
0.000441996,0.000539275
0.000438315,0.000537449
0.000434635,0.000535617
0.000430955,0.00053379
0.000427274,0.000531958
0.000423593,0.000530132
0.000419911,0.000528302
0.00041623,0.000526473
0.000412548,0.000524643
0.000408866,0.000522812
0.000405185,0.000520984
0.000401504,0.000519154
0.000397822,0.000517324
0.000394139,0.000515492
0.000390457,0.000513664
0.000386775,0.000511835
0.000383091,0.000510004
0.000379408,0.00050817
0.000375727,0.000506344
0.000372044,0.000504511
0.00036836,0.000502681
0.000364678,0.00050085
0.000360995,0.00049902
0.000357311,0.00049719
0.000353628,0.00049536
0.000349943,0.000493526
0.000346259,0.000491698
0.000342575,0.000489864
0.000338892,0.000488033
0.000335208,0.000486203
0.000331524,0.000484369
0.000327839,0.000482541
0.000324156,0.000480707
0.000320471,0.000478877
0.000316786,0.000477046
0.000313101,0.000475211
0.000309416,0.000473384
0.000305731,0.000471548
0.000302046,0.000469717
0.000298361,0.000467886
0.000294676,0.000466051
0.00029099,0.00046422
0.000287304,0.000462389
0.000283617,0.000460556
0.000279931,0.00045872
0.000276246,0.00045689
0.00027256,0.000455058
0.000268874,0.000453226
0.000265186,0.000451391
0.0002615,0.000449558
0.000257814,0.000447727
0.000254127,0.000445891
0.000250441,0.000444059
0.000246754,0.000442227
0.000243066,0.000440392
0.000239378,0.000438558
0.000236469,0.000438569
0.000234337,0.000437511
0.000232203,0.000436455
0.00023007,0.0004354
0.000227938,0.000434341
0.000225805,0.000433287
0.000223672,0.000432232
0.00022154,0.000431173
0.000219406,0.000430119
0.000217272,0.000429059
0.000215139,0.000428004
0.000213006,0.000426948
0.000210873,0.00042589
0.000208741,0.000424831
0.000206607,0.00042378
0.000204473,0.00042272
0.00020234,0.000421661
0.000200206,0.000420606
0.000199918,0.000399683
0.000201473,0.000400468
0.000203029,0.000401253
0.000204585,0.000402042
0.000206141,0.00040283
0.000207697,0.000403616
0.000209253,0.000404404
0.000210809,0.00040519
0.000212365,0.000405978
0.000213922,0.000406764
0.000215478,0.000407553
0.000217034,0.000408338
0.00021859,0.000409127
0.000220146,0.000409912
0.000221703,0.000410697
0.000223259,0.000411486
0.000224816,0.000412275
0.000226373,0.000413061
0.000227929,0.000413846
0.000229486,0.000414635
0.000231042,0.00041542
0.000232599,0.000416209
0.000233378,0.000416946
0.000233378,0.000416957
0.000233378,0.000416964
0.000233378,0.000416971
0.000233378,0.000416982
0.000233378,0.000416989
0.000233378,0.000416996
0.000233378,0.000417007
0.000233378,0.000417014
0.000233378,0.000417025
0.000233378,0.000417032
0.000233378,0.000417039
0.000233378,0.00041705
0.000233378,0.000417057
0.000233378,0.000417064
0.000233378,0.000417075
0.000233378,0.000417082
0.000233378,0.000417089
0.000233378,0.000417096
0.000233378,0.000417111
0.000233378,0.000417111
0.000233378,0.000417125
0.000233378,0.000417132
0.000233378,0.000417139
0.000233378,0.000417147
0.000233378,0.000417154
0.000233378,0.000417168
0.000233378,0.000417168
0.000233378,0.000417182
0.000233378,0.000417189
0.000233378,0.000417197
0.000233378,0.000417204
0.000233378,0.000417211
0.000233378,0.000417218
0.000233378,0.000417225
0.000233378,0.00041724
0.000233378,0.00041724
0.000233378,0.000417254
0.000233378,0.000417254
0.000233378,0.000417268
0.000233378,0.000417275
0.000233378,0.000417282
0.000233378,0.00041729
0.000233378,0.000417297
0.000233378,0.000417311
0.000233378,0.000417311
0.000233378,0.000417318
0.000233378,0.000417333
0.000233378,0.000417333
0.000233378,0.000417347
0.000233378,0.000417347
0.000233378,0.000417361
0.000233378,0.000417368
0.000233378,0.000417368
0.000233378,0.000417383
0.000233378,0.00041739
0.000233378,0.000417397
0.000233378,0.000417404
0.000233378,0.000417411
0.000233378,0.000417418
0.000233378,0.000417425
0.000233378,0.000417433
0.000233378,0.00041744
0.000233378,0.000417447
0.000233378,0.000417454
0.000233378,0.000417461
0.000233378,0.000417468
0.000233378,0.000417476
0.000233378,0.000417483
0.000233378,0.00041749
0.000233378,0.000417504
0.000233378,0.000417504
0.000233378,0.000417504
0.000233378,0.000417526
0.000233378,0.000417526
0.000233378,0.000417533
0.000233378,0.00041754
0.000233378,0.000417547
0.000233378,0.000417554
0.000233378,0.000417561
0.000233378,0.000417569
0.000233378,0.000417576
0.000233378,0.000417583
0.000233378,0.000417583
0.000233378,0.00041759
0.000233378,0.000417604
0.000233378,0.000417611
0.000233378,0.000417611
0.000233378,0.000417626
0.000233378,0.000417633
0.000233378,0.000417633
0.000233378,0.00041764
0.000233378,0.000417647
0.000233378,0.000417654
0.000233378,0.000417669
0.000233378,0.000417662
0.000233378,0.000417683
0.000233378,0.000417676
0.000233378,0.00041769
0.000233378,0.000417697
0.000233378,0.000417697
0.000233378,0.000417704
0.000233378,0.000417719
0.000233378,0.000417719
0.000233378,0.000417733
0.000233378,0.000417726
0.000233378,0.00041774
0.000233378,0.000417747
0.000233378,0.000417755
0.000233378,0.000417755
0.000233955,0.000419577
0.000235108,0.000420154
0.000236262,0.000420738
0.000237416,0.000421322
0.000238569,0.000421906
0.000239722,0.00042249
0.000240876,0.000423074
0.00024203,0.000423651
0.000243183,0.000424235
0.000244337,0.000424818
0.000245491,0.000425402
0.000246645,0.000425987
0.000247799,0.000426571
0.000248952,0.000427155
0.000250106,0.000427724
0.00025126,0.000428323
0.000252413,0.000428893
0.000253567,0.000429484
0.000254721,0.000430068
0.000255875,0.000430652
0.000257029,0.000431222
0.000258183,0.000431821
0.000259337,0.000432397
0.000260491,0.000432975
0.000261645,0.000433566
0.000262799,0.000434143
0.000263954,0.000434727
0.000265108,0.000435311
0.000266263,0.000435889
0.000267417,0.000436481
0.00026857,0.000437058
0.000269725,0.000437641
0.00027088,0.000438226
0.000272032,0.000438804
0.000273185,0.000439386
0.000274339,0.000439978
0.000275494,0.000440547
0.00027665,0.00044114
0.000277804,0.000441725
0.000278959,0.000442295
0.000280112,0.000442886
0.000281266,0.000443469
0.000282422,0.000444048
0.000283577,0.000444633
0.000284732,0.000445217
0.000285885,0.000445801
0.00028704,0.000446371
0.000288194,0.000446971
0.000289349,0.000447547
0.000290503,0.000448125
0.000291656,0.000448708
0.000292811,0.000449293
0.000293967,0.00044987
0.000295123,0.000450462
0.000296278,0.000451041
0.000297432,0.000451618
0.000298586,0.000452209
0.00029974,0.000452793
0.000300895,0.000453364
0.00030205,0.000453955
0.000303205,0.000454533
0.000304358,0.000455117
0.000305513,0.000455694
0.000306669,0.000456287
0.000307824,0.000456857
0.000308978,0.000457448
0.000310134,0.000458033
0.00031129,0.000458604
0.000312444,0.000459189
0.000313599,0.00045978
0.000314754,0.000460357
0.000315908,0.000460942
0.000317062,0.000461512
0.000318218,0.000462111
0.000319374,0.000462689
0.000320529,0.00046326
0.000321684,0.000463852
0.00032284,0.000464436
0.000323995,0.000465007
0.00032515,0.000465599
0.000326304,0.000466183
0.000327458,0.00046676
0.000328614,0.000467345
0.00032977,0.000467916
0.000330925,0.000468507
0.00033208,0.000469093
0.000333235,0.00046967
0.000334391,0.000470248
0.000335545,0.00047084
0.000336699,0.00047141
0.000337855,0.000472001
0.000339011,0.000472579
0.000340167,0.000473165
0.000341322,0.000473742
0.000342478,0.000474327
0.000343633,0.000474905
0.000344788,0.000475489
0.000345944,0.000476075
0.0003471,0.000476653
0.000348256,0.000477231
0.00034941,0.000477816
0.000350566,0.000478407
0.000351721,0.000478978
0.000352876,0.000479562
0.000354032,0.00048014
0.000355187,0.000480732
0.000356343,0.000481303
0.0003575,0.000481896
0.000358656,0.000482474
0.00035981,0.000483037
0.000360965,0.000483643
0.000362121,0.000484207
0.000363277,0.000484799
0.000364432,0.000485391
0.000365587,0.000485954
0.000366743,0.000486546
0.0003679,0.000487124
0.000369056,0.000487703
0.000370211,0.00048828
0.000371366,0.000488872
0.000372522,0.00048945
0.000373678,0.000490028
0.000374834,0.00049062
0.00037599,0.000491185
0.000377145,0.000491776
0.000378301,0.000492354
0.000379458,0.000492947
0.000380614,0.000493511
0.000381769,0.000494102
0.000382924,0.00049468
0.00038408,0.000495271
0.000385237,0.000495851
0.000386392,0.000496428
0.000387548,0.000497006
0.000388705,0.000497584
0.000389861,0.000498163
0.000391016,0.000498755
0.000392172,0.000499332
0.000393329,0.000499925
0.000394485,0.000500489
0.00039564,0.000501081
0.000396796,0.000501645
0.000397952,0.000502251
0.000399109,0.000502815
0.000400265,0.000503394
0.00040142,0.000503985
0.000402576,0.000504564
0.000403732,0.000505156
0.000404888,0.00050572
0.000406044,0.000506297
0.000407201,0.00050689
0.000408357,0.000507469
0.000409513,0.00050806
0.000410669,0.000508624
0.000411827,0.000509218
0.000412983,0.000509796
0.000414138,0.000510359
0.000415293,0.000510965
0.00041645,0.000511529
0.000417607,0.000512122
0.000418763,0.0005127
0.000419919,0.000513263
0.000421076,0.00051387
0.000422232,0.000514435
0.000423388,0.000515012
0.000424545,0.000515605
0.000425701,0.000516183
0.000426857,0.000516761
0.000428014,0.000517339
0.00042917,0.000517932
0.000430326,0.000518496
0.000431482,0.000519088
0.000432639,0.000519667
0.000433795,0.000520245
0.000434951,0.000520823
0.000436108,0.000521416
0.000437264,0.00052198
0.00043842,0.000522572
0.000439577,0.00052315
0.000440733,0.000523729
0.000441889,0.000524321
0.000443045,0.000524885
0.000444202,0.000525477
0.000445359,0.000526041
0.000446517,0.000526635
0.000447673,0.000527213
0.000448828,0.000527791
0.000449984,0.000528382
0.00045114,0.000528947
0.000452298,0.000529539
0.000453456,0.000530104
0.000454612,0.00053071
0.000455768,0.000531275
0.000456923,0.000531852
0.00045808,0.00053243
0.000459237,0.000533024
0.000460393,0.000533587
0.00046155,0.00053418
0.000462708,0.000534758
0.000463865,0.000535338
0.000465021,0.000535915
0.000466177,0.000536494
0.000467333,0.000537085
0.000468491,0.00053765
0.000469647,0.000538243
0.000470803,0.00053882
0.000471961,0.000539385
0.000473117,0.000539978
0.000474273,0.00054057
0.00047543,0.000541134
0.000476587,0.000541712
0.000477743,0.000542305
0.000478901,0.000542869
0.000480057,0.000543449
0.000481212,0.000544054
0.000482369,0.000544604
0.000483527,0.000545197
0.000484683,0.000545776
0.000485839,0.000546353
0.000486997,0.000546946
0.000488154,0.000547511
0.000489311,0.000548103
0.000490468,0.000548668
0.000491624,0.00054926
0.00049278,0.000549838
0.000493937,0.000550416
0.000495094,0.00055098
0.000496251,0.000551587
0.000497407,0.000552137
0.000498564,0.000552743
0.000499721,0.000553309
0.000500878,0.000553887
0.000502034,0.00055448
0.000503191,0.000555043
0.000504347,0.000555637
0.000505503,0.000556213
0.000506662,0.000556779
0.00050782,0.000557372
0.000508977,0.000557951
0.000510133,0.000558529
0.00051129,0.000559107
0.000512447,0.000559686
0.000513603,0.000560264
0.00051476,0.000560842
0.000515917,0.000561421
0.000517074,0.000562013
0.00051823,0.000562578
0.000519387,0.000563156
0.000520543,0.000563748
0.000521701,0.000564313
0.000522858,0.000564906
0.000524015,0.000565484
0.000525172,0.000566048
0.000526328,0.000566641
0.000527484,0.000567219
0.000528642,0.000567797
0.0005298,0.000568377
0.000530956,0.000568955
0.000532111,0.000569518
0.000533267,0.00057011
0.000534425,0.000570703
0.000535582,0.000571254
0.000536739,0.000571845
0.000537896,0.000572439
0.000539052,0.000572988
0.000540209,0.000573596
0.000541366,0.000574159
0.000542523,0.000574753
0.00054368,0.000575302
0.000544839,0.00057591
0.000545996,0.000576475
0.000547151,0.000577053
0.00054831,0.000577645
0.000549467,0.000578211
0.000550622,0.000578801
0.000551779,0.000579366
0.000552936,0.000579944
0.000554094,0.000580538
0.000555251,0.000581103
0.000556406,0.00058168
0.000557563,0.000582272
0.00055872,0.000582837
0.000559877,0.000583415
0.000561034,0.000583994
0.000562211,0.000595854
0.000563434,0.00060811
0.000564703,0.000620722
0.000566016,0.000633715
0.000567375,0.000647089
0.000568786,0.000660863
0.000570247,0.000675022
0.000571759,0.000689566
0.000573326,0.000704526
0.000574946,0.000719857
0.000576623,0.000735604
0.000578358,0.000751755
0.000580149,0.000768265
0.000582004,0.000785207
0.00058392,0.000802499
0.000585896,0.000820209
0.000587938,0.00083828
0.000590048,0.000856717
0.000592223,0.000875518
0.000594465,0.000894654
0.000596777,0.000914155
0.000599161,0.000933936
0.000601614,0.000954071
0.000604139,0.000974454
0.000606741,0.000995121
0.000609416,0.00101603
0.000612164,0.00103718
0.000614988,0.00105851
0.00061789,0.00108003
0.000620869,0.00110168
0.000623923,0.00112345
0.000627056,0.00114528
0.000630265,0.00116718
0.000633552,0.00118909
0.000636916,0.00121095
0.000640356,0.00123275
0.000643873,0.00125445
0.000647466,0.00127599
0.000651131,0.00129732
0.000654872,0.00131842
0.000658686,0.00133921
0.000662572,0.0013597
0.000666525,0.00137978
0.000670547,0.00139943
0.000674638,0.00141859
0.000678792,0.00143723
0.000683007,0.00145529
0.000687282,0.00147274
0.000691615,0.00148948
0.000696001,0.00150553
0.000700437,0.00152081
0.000704922,0.00153527
0.000709453,0.00154891
0.000714025,0.00156165
0.000718637,0.00157347
0.000723283,0.00158433
0.000727957,0.0015942
0.000732658,0.00160305
0.000737382,0.00161091
0.000742126,0.00161765
0.000746886,0.00162334
0.000751653,0.00162794
0.000756428,0.000377018
0.000450826,0.000523731
0.000450826,0.000523743
0.000450826,0.000523756
0.000450826,0.000523768
0.000450826,0.000523781
0.000450826,0.000523793
0.000450826,0.000523806
0.000450826,0.000523818
0.000450826,0.000523831
0.000450826,0.000523843
0.000450826,0.000523855
0.000450826,0.000523868
0.000450826,0.00052388
0.000450826,0.000523892
0.000450826,0.000523904
0.000450826,0.000523917
0.000450826,0.000523929
0.000450826,0.000523941
0.000450826,0.000523953
0.000450826,0.000523965
0.000450826,0.000523978
0.000450826,0.00052399
0.000450826,0.000524002
0.000450826,0.000524014
0.000450826,0.000524026
0.000450826,0.000524038
0.000450826,0.00052405
0.000450826,0.000524062
0.000450826,0.000524074
0.000450826,0.000524086
0.000450826,0.000524097
0.000450826,0.00052411
0.000450826,0.000524122
0.000450826,0.000524133
0.000450826,0.000524146
0.000450826,0.000524156
0.000450826,0.000524169
0.000450826,0.000524181
0.000450826,0.000524192
0.000450826,0.000524204
0.000450826,0.000524216
0.000450826,0.000524227
0.000450826,0.000524239
0.000450826,0.000524251
0.000450826,0.000524263
0.000450826,0.000524274
0.000450826,0.000524285
0.000450826,0.000524297
0.000450826,0.000524309
0.000450826,0.000524321
0.000450826,0.000524332
0.000450826,0.000524343
0.000450826,0.000524354
0.000450826,0.000524366
0.000450826,0.000524377
0.000450826,0.00052439
0.000450826,0.0005244
0.000450826,0.000524411
0.000450826,0.000524422
0.000450826,0.000524436
0.000450826,0.000524445
0.000450826,0.000524456
0.000450826,0.000524468
0.000450826,0.000524479
0.000450826,0.00052449
0.000450826,0.000524502
0.000450826,0.000524513
0.000450826,0.000524524
0.000450826,0.000524535
0.000450826,0.000524547
0.000450826,0.000524558
0.000450826,0.000524569
0.000450826,0.000524577
0.000450826,0.000524592
0.000450826,0.000524601
0.000450826,0.000524611
0.000450826,0.000524624
0.000450826,0.000524635
0.000450826,0.000524645
0.000450826,0.000524656
0.000450826,0.000524665
0.000450826,0.000524679
0.000450826,0.000524688
0.000450826,0.000524699
0.000450826,0.00052471
0.000448988,0.000543363
0.000445313,0.000541538
0.000441635,0.000539711
0.000437956,0.000537884
0.000434279,0.000536055
0.000430602,0.000534228
0.000426923,0.0005324
0.000423244,0.000530571
0.000419567,0.000528744
0.000415889,0.000526918
0.00041221,0.000525089
0.000408533,0.000523259
0.000404854,0.000521435
0.000401174,0.000519603
0.000397494,0.000517776
0.000393814,0.000515945
0.000390135,0.000514118
0.000386457,0.000512291
0.000382779,0.000510463
0.0003791,0.000508632
0.00037542,0.000506807
0.000371739,0.000504974
0.000368059,0.000503145
0.00036438,0.000501317
0.000360699,0.000499488
0.000357018,0.000497659
0.000353338,0.00049583
0.000349658,0.000493998
0.000345977,0.000492173
0.000342296,0.00049034
0.000338615,0.000488511
0.000334933,0.000486681
0.000331253,0.000484849
0.000327571,0.000483024
0.000323889,0.000481189
0.000320208,0.000479361
0.000316526,0.000477532
0.000312844,0.000475697
0.000309163,0.000473872
0.000305481,0.000472039
0.000301799,0.00047021
0.000298116,0.000468379
0.000294433,0.000466546
0.000290751,0.000464716
0.000287069,0.000462886
0.000283387,0.000461056
0.000279703,0.000459224
0.000276018,0.000457391
0.000272336,0.000455561
0.000268654,0.000453732
0.000264971,0.000451898
0.000261286,0.000450069
0.000257601,0.000448236
0.000253918,0.000446402
0.000250236,0.000444573
0.000246551,0.000442742
0.000242866,0.000440908
0.000239182,0.000439075
0.000236275,0.000438844
0.000234143,0.000437785
0.000232013,0.000436731
0.000229883,0.000435677
0.000227753,0.000434621
0.00022562,0.000433566
0.000223489,0.000432511
0.000221358,0.000431453
0.000219228,0.0004304
0.000217096,0.000429342
0.000214965,0.000428288
0.000212833,0.000427233
0.000210701,0.000426175
0.000208569,0.000425117
0.000206438,0.000424065
0.000204307,0.000423008
0.000202175,0.00042195
0.000200042,0.000420895
0.000199753,0.000399588
0.000201308,0.000400373
0.000202863,0.000401157
0.000204418,0.000401945
0.000205973,0.000402733
0.000207527,0.000403518
0.000209082,0.000404306
0.000210637,0.000405091
0.000212191,0.000405878
0.000213747,0.000406663
0.000215301,0.000407452
0.000216856,0.000408236
0.000218411,0.000409024
0.000219967,0.000409809
0.000221521,0.000410594
0.000223077,0.000411382
0.000224632,0.00041217
0.000226187,0.000412955
0.000227742,0.00041374
0.000229298,0.000414528
0.000230853,0.000415313
0.000232408,0.000416102
0.000233186,0.00041685
0.000233186,0.000416861
0.000233186,0.000416868
0.000233186,0.000416875
0.000233186,0.000416886
0.000233186,0.000416893
0.000233186,0.0004169
0.000233186,0.000416911
0.000233186,0.000416918
0.000233186,0.000416929
0.000233186,0.000416936
0.000233186,0.000416943
0.000233186,0.000416954
0.000233186,0.000416961
0.000233186,0.000416968
0.000233186,0.000416979
0.000233186,0.000416986
0.000233186,0.000416993
0.000233186,0.000417
0.000233186,0.000417015
0.000233186,0.000417015
0.000233186,0.000417029
0.000233186,0.000417036
0.000233186,0.000417043
0.000233186,0.00041705
0.000233186,0.000417058
0.000233186,0.000417072
0.000233186,0.000417072
0.000233186,0.000417086
0.000233186,0.000417093
0.000233186,0.0004171
0.000233186,0.000417108
0.000233186,0.000417115
0.000233186,0.000417122
0.000233186,0.000417129
0.000233186,0.000417143
0.000233186,0.000417143
0.000233186,0.000417158
0.000233186,0.000417158
0.000233186,0.000417172
0.000233186,0.000417179
0.000233186,0.000417186
0.000233186,0.000417193
0.000233186,0.000417201
0.000233186,0.000417215
0.000233186,0.000417215
0.000233186,0.000417222
0.000233186,0.000417236
0.000233186,0.000417236
0.000233186,0.000417251
0.000233186,0.000417251
0.000233186,0.000417265
0.000233186,0.000417272
0.000233186,0.000417272
0.000233186,0.000417286
0.000233186,0.000417294
0.000233186,0.000417301
0.000233186,0.000417308
0.000233186,0.000417315
0.000233186,0.000417322
0.000233186,0.000417329
0.000233186,0.000417337
0.000233186,0.000417344
0.000233186,0.000417351
0.000233186,0.000417358
0.000233186,0.000417365
0.000233186,0.000417372
0.000233186,0.000417379
0.000233186,0.000417387
0.000233186,0.000417394
0.000233186,0.000417408
0.000233186,0.000417408
0.000233186,0.000417408
0.000233186,0.00041743
0.000233186,0.00041743
0.000233186,0.000417437
0.000233186,0.000417444
0.000233186,0.000417451
0.000233186,0.000417458
0.000233186,0.000417465
0.000233186,0.000417472
0.000233186,0.00041748
0.000233186,0.000417487
0.000233186,0.000417487
0.000233186,0.000417494
0.000233186,0.000417508
0.000233186,0.000417515
0.000233186,0.000417515
0.000233186,0.00041753
0.000233186,0.000417537
0.000233186,0.000417537
0.000233186,0.000417544
0.000233186,0.000417551
0.000233186,0.000417558
0.000233186,0.000417573
0.000233186,0.000417565
0.000233186,0.000417587
0.000233186,0.00041758
0.000233186,0.000417594
0.000233186,0.000417601
0.000233186,0.000417601
0.000233186,0.000417608
0.000233186,0.000417623
0.000233186,0.000417623
0.000233186,0.000417637
0.000233186,0.00041763
0.000233186,0.000417644
0.000233186,0.000417651
0.000233186,0.000417658
0.000233186,0.000417658
0.000233763,0.000419544
0.000234915,0.000420121
0.000236068,0.000420704
0.00023722,0.000421288
0.000238373,0.000421871
0.000239526,0.000422455
0.000240679,0.000423039
0.000241831,0.000423615
0.000242984,0.000424198
0.000244137,0.000424782
0.000245289,0.000425366
0.000246442,0.000425949
0.000247596,0.000426533
0.000248749,0.000427117
0.000249901,0.000427686
0.000251054,0.000428283
0.000252207,0.000428853
0.00025336,0.000429444
0.000254513,0.000430028
0.000255666,0.000430611
0.000256819,0.000431181
0.000257973,0.000431779
0.000259126,0.000432356
0.000260278,0.000432932
0.00026143,0.000433522
0.000262583,0.000434099
0.000263736,0.000434682
0.00026489,0.000435267
0.000266043,0.000435843
0.000267196,0.000436434
0.00026835,0.000437011
0.000269502,0.000437594
0.000270655,0.000438178
0.00027181,0.000438755
0.000272964,0.000439339
0.000274117,0.00043993
0.00027527,0.0004405
0.000276422,0.00044109
0.000277576,0.000441674
0.00027873,0.000442244
0.000279884,0.000442835
0.000281038,0.00044342
0.000282191,0.000443996
0.000283343,0.00044458
0.000284497,0.000445163
0.000285651,0.000445748
0.000286804,0.000446317
0.000287958,0.000446915
0.000289113,0.000447493
0.000290266,0.00044807
0.000291419,0.000448653
0.000292573,0.000449237
0.000293726,0.000449814
0.000294879,0.000450405
0.000296034,0.000450982
0.000297187,0.000451559
0.000298341,0.000452149
0.000299495,0.000452735
0.000300648,0.000453304
0.000301801,0.000453895
0.000302956,0.000454472
0.000304111,0.000455056
0.000305265,0.000455634
0.000306417,0.000456225
0.000307572,0.000456794
0.000308727,0.000457386
0.00030988,0.00045797
0.000311033,0.00045854
0.000312188,0.000459124
0.000313342,0.000459715
0.000314495,0.000460292
0.00031565,0.000460876
0.000316804,0.000461447
0.000317957,0.000462045
0.000319111,0.000462621
0.000320266,0.000463192
0.00032142,0.000463783
0.000322574,0.000464367
0.000323728,0.000464937
0.000324883,0.000465529
0.000326037,0.000466113
0.000327191,0.00046669
0.000328344,0.000467274
0.000329499,0.000467844
0.000330653,0.000468436
0.000331808,0.00046902
0.000332963,0.000469598
0.000334117,0.000470175
0.000335272,0.000470766
0.000336426,0.000471337
0.000337579,0.000471927
0.000338734,0.000472505
0.000339889,0.000473089
0.000341042,0.000473666
0.000342196,0.00047425
0.000343351,0.000474828
0.000344506,0.000475412
0.000345661,0.000475996
0.000346816,0.000476575
0.000347969,0.000477152
0.000349124,0.000477735
0.00035028,0.000478328
0.000351434,0.000478898
0.000352588,0.000479483
0.000353742,0.000480059
0.000354897,0.000480651
0.000356052,0.000481222
0.000357205,0.000481812
0.000358359,0.000482389
0.000359515,0.000482953
0.000360671,0.00048356
0.000361826,0.000484123
0.00036298,0.000484714
0.000364134,0.000485306
0.000365289,0.000485868
0.000366444,0.000486461
0.000367599,0.000487038
0.000368754,0.000487615
0.000369908,0.000488193
0.000371062,0.000488784
0.000372217,0.000489361
0.000373372,0.000489939
0.000374528,0.000490531
0.000375682,0.000491094
0.000376837,0.000491685
0.000377992,0.000492264
0.000379145,0.000492855
0.000380301,0.000493417
0.000381457,0.00049401
0.000382613,0.000494588
0.000383767,0.00049518
0.000384921,0.000495756
0.000386078,0.000496335
0.000387232,0.000496913
0.000388386,0.000497489
0.000389541,0.000498066
0.000390696,0.000498658
0.000391851,0.000499236
0.000393006,0.000499828
0.00039416,0.000500391
0.000395316,0.000500982
0.000396473,0.000501547
0.000397628,0.000502152
0.000398783,0.000502717
0.000399937,0.000503293
0.000401092,0.000503885
0.000402247,0.000504463
0.000403402,0.000505055
0.000404558,0.000505618
0.000405713,0.000506196
0.000406868,0.000506787
0.000408023,0.000507365
0.000409179,0.000507957
0.000410334,0.000508521
0.000411488,0.000509112
0.000412643,0.000509689
0.0004138,0.000510253
0.000414956,0.00051086
0.00041611,0.000511423
0.000417264,0.000512014
0.00041842,0.000512592
0.000419576,0.000513156
0.00042073,0.000513762
0.000421886,0.000514325
0.000423042,0.000514903
0.000424198,0.000515496
0.000425353,0.000516073
0.000426508,0.000516651
0.000427663,0.000517228
0.000428818,0.000517821
0.000429973,0.000518383
0.00043113,0.000518976
0.000432285,0.000519554
0.00043344,0.000520131
0.000434596,0.000520709
0.000435752,0.000521301
0.000436907,0.000521865
0.000438061,0.000522456
0.000439215,0.000523033
0.000440372,0.000523611
0.000441528,0.000524204
0.000442683,0.000524767
0.000443839,0.00052536
0.000444995,0.000525923
0.00044615,0.000526515
0.000447306,0.000527092
0.000448462,0.000527671
0.000449617,0.000528263
0.000450773,0.000528826
0.000451928,0.000529419
0.000453082,0.000529981
0.000454238,0.000530587
0.000455395,0.000531152
0.000456552,0.00053173
0.000457708,0.000532308
0.000458863,0.0005329
0.000460018,0.000533464
0.000461172,0.000534055
0.000462328,0.000534632
0.000463484,0.000535211
0.000464639,0.000535788
0.000465796,0.000536366
0.000466952,0.000536959
0.000468106,0.000537522
0.000469262,0.000538114
0.000470418,0.000538692
0.000471573,0.000539256
0.00047273,0.000539847
0.000473886,0.00054044
0.000475042,0.000541004
0.000476196,0.000541581
0.000477351,0.000542173
0.000478507,0.000542736
0.000479664,0.000543315
0.000480821,0.000543922
0.000481976,0.000544472
0.00048313,0.000545063
0.000484286,0.00054564
0.000485443,0.000546219
0.000486599,0.000546811
0.000487753,0.000547375
0.000488909,0.000547966
0.000490065,0.00054853
0.000491222,0.000549122
0.000492378,0.000549701
0.000493533,0.000550279
0.000494688,0.000550841
0.000495845,0.000551448
0.000497001,0.000551998
0.000498157,0.000552604
0.000499312,0.000553168
0.000500467,0.000553745
0.000501623,0.000554338
0.000502778,0.000554901
0.000503935,0.000555493
0.000505092,0.000556072
0.000506247,0.000556636
0.000507402,0.000557227
0.000508558,0.000557805
0.000509713,0.000558383
0.00051087,0.00055896
0.000512027,0.000559539
0.000513182,0.000560117
0.000514337,0.000560695
0.000515494,0.000561272
0.00051665,0.000561866
0.000517805,0.000562428
0.000518963,0.000563007
0.000520118,0.0005636
0.000521272,0.000564162
0.000522429,0.000564755
0.000523584,0.000565333
0.000524738,0.000565896
0.000525895,0.000566487
0.000527052,0.000567067
0.000528207,0.000567644
0.000529363,0.000568222
0.000530519,0.000568799
0.000531676,0.000569365
0.000532832,0.000569956
0.000533988,0.000570548
0.000535145,0.000571099
0.000536301,0.000571691
0.000537456,0.000572283
0.000538613,0.000572832
0.00053977,0.00057344
0.000540925,0.000574003
0.000542082,0.000574595
0.000543237,0.000575146
0.00054439,0.00057575
0.000545547,0.000576313
0.000546704,0.000576893
0.000547859,0.000577485
0.000549014,0.000578048
0.000550171,0.00057864
0.000551328,0.000579205
0.000552481,0.000579782
0.000553637,0.000580372
0.000554793,0.000580937
0.00055595,0.000581515
0.000557107,0.000582109
0.000558262,0.000582672
0.000559418,0.000583249
0.000560573,0.000583827
0.000561751,0.00059569
0.000562972,0.000607949
0.000564237,0.00062056
0.000565551,0.000633554
0.000566913,0.000646935
0.000568321,0.000660711
0.00056978,0.00067487
0.000571293,0.000689418
0.000572855,0.000704379
0.000574474,0.000719711
0.000576149,0.000735462
0.000577882,0.000751614
0.000579675,0.000768128
0.000581526,0.000785074
0.000583438,0.000802365
0.000585415,0.000820078
0.000587457,0.000838154
0.000589562,0.000856594
0.000591735,0.000875395
0.000593977,0.000894536
0.000596289,0.00091404
0.000598669,0.000933826
0.000601121,0.000953959
0.000603647,0.00097435
0.000606244,0.000995019
0.000608915,0.00101593
0.000611663,0.00103709
0.000614487,0.00105842
0.000617386,0.00107994
0.000620361,0.00110159
0.000623413,0.00112336
0.000626543,0.0011452
0.000629749,0.0011671
0.000633032,0.00118902
0.000636393,0.00121087
0.000639832,0.00123268
0.000643346,0.00125438
0.000646935,0.00127592
0.000650598,0.00129725
0.000654336,0.00131836
0.000658146,0.00133915
0.000662028,0.00135964
0.00066598,0.00137972
0.00067,0.00139938
0.000674086,0.00141855
0.000678236,0.00143719
0.000682447,0.00145524
0.000686719,0.00147269
0.000691048,0.00148944
0.000695431,0.00150549
0.000699865,0.00152077
0.000704348,0.00153523
0.000708874,0.00154887
0.000713443,0.00156161
0.000718049,0.00157343
0.000722687,0.00158429
0.00072736,0.00159416
0.000732059,0.00160301
0.00073678,0.00161087
0.000741518,0.00161761
0.000746271,0.00162329
0.000751038,0.00162789
0.000755811,0.000376713
0.000450447,0.000523541
0.000450447,0.000523554
0.000450447,0.000523566
0.000450447,0.000523579
0.000450447,0.000523591
0.000450447,0.000523604
0.000450447,0.000523616
0.000450447,0.000523629
0.000450447,0.000523641
0.000450447,0.000523653
0.000450447,0.000523666
0.000450447,0.000523678
0.000450447,0.00052369
0.000450447,0.000523703
0.000450447,0.000523715
0.000450447,0.000523727
0.000450447,0.000523739
0.000450447,0.000523751
0.000450447,0.000523764
0.000450447,0.000523776
0.000450447,0.000523788
0.000450447,0.0005238
0.000450447,0.000523813
0.000450447,0.000523824
0.000450447,0.000523836
0.000450447,0.000523848
0.000450447,0.00052386
0.000450447,0.000523872
0.000450447,0.000523885
0.000450447,0.000523896
0.000450447,0.000523908
0.000450447,0.00052392
0.000450447,0.000523932
0.000450447,0.000523944
0.000450447,0.000523956
0.000450447,0.000523967
0.000450447,0.000523979
0.000450447,0.000523992
0.000450447,0.000524003
0.000450447,0.000524014
0.000450447,0.000524027
0.000450447,0.000524037
0.000450447,0.000524049
0.000450447,0.000524062
0.000450447,0.000524073
0.000450447,0.000524085
0.000450447,0.000524096
0.000450447,0.000524107
0.000450447,0.00052412
0.000450447,0.000524131
0.000450447,0.000524142
0.000450447,0.000524154
0.000450447,0.000524164
0.000450447,0.000524177
0.000450447,0.000524188
0.000450447,0.0005242
0.000450447,0.000524211
0.000450447,0.000524222
0.000450447,0.000524232
0.000450447,0.000524247
0.000450447,0.000524256
0.000450447,0.000524266
0.000450447,0.000524279
0.000450447,0.00052429
0.000450447,0.0005243
0.000450447,0.000524313
0.000450447,0.000524324
0.000450447,0.000524334
0.000450447,0.000524345
0.000450447,0.000524358
0.000450447,0.000524368
0.000450447,0.000524379
0.000450447,0.000524388
0.000450447,0.000524402
0.000450447,0.000524411
0.000450447,0.000524422
0.000450447,0.000524434
0.000450447,0.000524445
0.000450447,0.000524456
0.000450447,0.000524467
0.000450447,0.000524476
0.000450447,0.00052449
0.000450447,0.000524499
0.000450447,0.00052451
0.000450447,0.00052452
0.000448608,0.000543799
0.000444933,0.000541972
0.000441257,0.000540146
0.000437583,0.00053832
0.000433909,0.000536494
0.000430234,0.000534668
0.00042656,0.000532841
0.000422886,0.000531016
0.00041921,0.000529191
0.000415534,0.000527364
0.000411859,0.000525538
0.000408184,0.00052371
0.000404508,0.000521885
0.000400833,0.000520057
0.000397157,0.00051823
0.000393483,0.000516403
0.000389806,0.000514579
0.000386128,0.000512751
0.000382452,0.000510923
0.000378775,0.000509094
0.000375099,0.000507269
0.000371423,0.00050544
0.000367746,0.000503613
0.000364069,0.000501786
0.000360391,0.000499959
0.000356713,0.000498131
0.000353036,0.000496303
0.000349359,0.000494473
0.000345681,0.000492649
0.000342005,0.000490818
0.000338328,0.000488992
0.000334649,0.000487164
0.00033097,0.000485333
0.000327292,0.000483507
0.000323614,0.000481677
0.000319935,0.000479848
0.000316257,0.000478021
0.000312578,0.000476191
0.000308899,0.000474364
0.000305221,0.000472534
0.000301542,0.000470705
0.000297862,0.000468878
0.000294183,0.000467044
0.000290504,0.000465218
0.000286823,0.000463388
0.000283144,0.000461559
0.000279465,0.000459729
0.000275785,0.0004579
0.000272105,0.000456071
0.000268424,0.000454242
0.000264743,0.000452409
0.000261063,0.000450581
0.000257383,0.000448752
0.000253702,0.000446919
0.000250021,0.00044509
0.00024634,0.000443262
0.00024266,0.000441428
0.000238979,0.0004396
0.000236074,0.000439116
0.000233946,0.00043806
0.000231817,0.000437008
0.000229686,0.000435954
0.000227557,0.000434896
0.000225428,0.000433844
0.000223298,0.00043279
0.000221169,0.000431733
0.00021904,0.000430679
0.000216911,0.000429623
0.000214781,0.00042857
0.000212652,0.000427516
0.000210522,0.000426459
0.000208392,0.000425403
0.000206262,0.000424352
0.000204132,0.000423295
0.000202002,0.000422238
0.000199872,0.000421184
0.000199585,0.000399493
0.000201137,0.000400277
0.00020269,0.00040106
0.000204244,0.000401848
0.000205797,0.000402635
0.00020735,0.000403418
0.000208903,0.000404206
0.000210457,0.00040499
0.000212011,0.000405778
0.000213564,0.000406562
0.000215118,0.000407349
0.000216672,0.000408133
0.000218225,0.000408921
0.000219779,0.000409705
0.000221333,0.000410489
0.000222887,0.000411276
0.000224441,0.000412064
0.000225995,0.000412848
0.000227549,0.000413632
0.000229103,0.00041442
0.000230657,0.000415205
0.000232211,0.000415992
0.000232988,0.000416751
0.000232988,0.000416762
0.000232988,0.000416769
0.000232988,0.000416776
0.000232988,0.000416787
0.000232988,0.000416794
0.000232988,0.000416801
0.000232988,0.000416812
0.000232988,0.000416819
0.000232988,0.00041683
0.000232988,0.000416837
0.000232988,0.000416844
0.000232988,0.000416855
0.000232988,0.000416862
0.000232988,0.000416869
0.000232988,0.00041688
0.000232988,0.000416887
0.000232988,0.000416894
0.000232988,0.000416902
0.000232988,0.000416916
0.000232988,0.000416916
0.000232988,0.00041693
0.000232988,0.000416937
0.000232988,0.000416944
0.000232988,0.000416952
0.000232988,0.000416959
0.000232988,0.000416973
0.000232988,0.000416973
0.000232988,0.000416987
0.000232988,0.000416995
0.000232988,0.000417002
0.000232988,0.000417009
0.000232988,0.000417016
0.000232988,0.000417023
0.000232988,0.00041703
0.000232988,0.000417045
0.000232988,0.000417045
0.000232988,0.000417059
0.000232988,0.000417059
0.000232988,0.000417073
0.000232988,0.00041708
0.000232988,0.000417088
0.000232988,0.000417095
0.000232988,0.000417102
0.000232988,0.000417116
0.000232988,0.000417116
0.000232988,0.000417123
0.000232988,0.000417138
0.000232988,0.000417138
0.000232988,0.000417152
0.000232988,0.000417152
0.000232988,0.000417166
0.000232988,0.000417173
0.000232988,0.000417173
0.000232988,0.000417188
0.000232988,0.000417195
0.000232988,0.000417202
0.000232988,0.000417209
0.000232988,0.000417216
0.000232988,0.000417223
0.000232988,0.000417231
0.000232988,0.000417238
0.000232988,0.000417245
0.000232988,0.000417252
0.000232988,0.000417259
0.000232988,0.000417266
0.000232988,0.000417273
0.000232988,0.000417281
0.000232988,0.000417288
0.000232988,0.000417295
0.000232988,0.000417309
0.000232988,0.000417309
0.000232988,0.000417309
0.000232988,0.000417331
0.000232988,0.000417331
0.000232988,0.000417338
0.000232988,0.000417345
0.000232988,0.000417352
0.000232988,0.000417359
0.000232988,0.000417366
0.000232988,0.000417374
0.000232988,0.000417381
0.000232988,0.000417388
0.000232988,0.000417388
0.000232988,0.000417395
0.000232988,0.000417409
0.000232988,0.000417417
0.000232988,0.000417417
0.000232988,0.000417431
0.000232988,0.000417438
0.000232988,0.000417438
0.000232988,0.000417445
0.000232988,0.000417452
0.000232988,0.000417459
0.000232988,0.000417474
0.000232988,0.000417467
0.000232988,0.000417488
0.000232988,0.000417481
0.000232988,0.000417495
0.000232988,0.000417502
0.000232988,0.000417502
0.000232988,0.00041751
0.000232988,0.000417524
0.000232988,0.000417524
0.000232988,0.000417538
0.000232988,0.000417531
0.000232988,0.000417545
0.000232988,0.000417552
0.000232988,0.00041756
0.000232988,0.00041756
0.000233564,0.00041951
0.000234716,0.000420086
0.000235867,0.000420669
0.000237019,0.000421252
0.00023817,0.000421835
0.000239322,0.000422418
0.000240473,0.000423001
0.000241625,0.000423577
0.000242777,0.00042416
0.000243929,0.000424743
0.000245081,0.000425326
0.000246233,0.000425909
0.000247384,0.000426492
0.000248536,0.000427075
0.000249688,0.000427644
0.00025084,0.000428242
0.000251992,0.00042881
0.000253144,0.0004294
0.000254296,0.000429984
0.000255448,0.000430567
0.0002566,0.000431136
0.000257751,0.000431733
0.000258904,0.000432309
0.000260057,0.000432886
0.000261209,0.000433477
0.00026236,0.000434052
0.000263513,0.000434636
0.000264664,0.000435218
0.000265817,0.000435794
0.000266968,0.000436385
0.000268121,0.00043696
0.000269274,0.000437545
0.000270427,0.000438128
0.000271579,0.000438705
0.000272731,0.000439288
0.000273883,0.000439878
0.000275036,0.000440447
0.000276187,0.000441037
0.000277339,0.00044162
0.000278492,0.000442189
0.000279645,0.000442781
0.000280797,0.000443364
0.000281949,0.00044394
0.000283104,0.000444524
0.000284256,0.000445108
0.000285408,0.00044569
0.000286561,0.00044626
0.000287713,0.000446858
0.000288865,0.000447434
0.000290017,0.00044801
0.000291171,0.000448594
0.000292323,0.000449177
0.000293476,0.000449753
0.000294628,0.000450344
0.000295781,0.00045092
0.000296935,0.000451497
0.000298087,0.000452089
0.00029924,0.000452671
0.000300393,0.000453241
0.000301546,0.000453831
0.000302699,0.000454408
0.000303852,0.000454992
0.000305005,0.000455569
0.000306157,0.000456159
0.00030731,0.000456728
0.000308462,0.000457318
0.000309615,0.000457902
0.000310769,0.000458472
0.000311921,0.000459056
0.000313074,0.000459646
0.000314227,0.000460223
0.00031538,0.000460806
0.000316534,0.000461376
0.000317687,0.000461974
0.00031884,0.000462551
0.000319992,0.00046312
0.000321146,0.000463711
0.0003223,0.000464295
0.000323453,0.000464865
0.000324605,0.000465455
0.000325759,0.000466039
0.000326912,0.000466615
0.000328065,0.000467199
0.000329219,0.000467769
0.000330373,0.00046836
0.000331526,0.000468945
0.000332678,0.00046952
0.00033383,0.000470096
0.000334984,0.000470687
0.000336138,0.000471257
0.000337292,0.000471849
0.000338446,0.000472425
0.000339599,0.000473009
0.000340753,0.000473586
0.000341907,0.000474171
0.000343059,0.000474747
0.000344212,0.00047533
0.000345366,0.000475914
0.000346519,0.000476491
0.000347672,0.000477068
0.000348826,0.000477652
0.000349979,0.000478243
0.000351133,0.000478812
0.000352288,0.000479397
0.000353441,0.000479974
0.000354594,0.000480564
0.000355749,0.000481134
0.000356903,0.000481726
0.000358057,0.000482303
0.00035921,0.000482866
0.000360363,0.00048347
0.000361516,0.000484033
0.00036267,0.000484624
0.000363825,0.000485216
0.000364978,0.000485778
0.000366131,0.000486369
0.000367285,0.000486946
0.000368438,0.000487522
0.000369592,0.000488099
0.000370747,0.000488691
0.0003719,0.000489268
0.000373054,0.000489845
0.000374208,0.000490436
0.000375362,0.000490999
0.000376515,0.00049159
0.000377669,0.000492166
0.000378824,0.000492758
0.000379978,0.000493322
0.000381131,0.000493912
0.000382285,0.000494489
0.00038344,0.00049508
0.000384593,0.000495658
0.000385745,0.000496234
0.000386901,0.00049681
0.000388056,0.000497389
0.000389209,0.000497966
0.000390363,0.000498557
0.000391518,0.000499134
0.000392672,0.000499725
0.000393826,0.000500288
0.000394979,0.00050088
0.000396134,0.000501442
0.000397288,0.000502048
0.000398442,0.000502611
0.000399597,0.000503188
0.000400752,0.00050378
0.000401905,0.000504357
0.000403058,0.000504948
0.000404212,0.00050551
0.000405367,0.000506088
0.000406521,0.000506679
0.000407675,0.000507256
0.000408829,0.000507847
0.000409985,0.00050841
0.000411139,0.000509002
0.000412292,0.000509579
0.000413446,0.000510142
0.000414601,0.000510747
0.000415755,0.00051131
0.00041691,0.000511902
0.000418064,0.00051248
0.000419218,0.000513042
0.000420372,0.000513647
0.000421526,0.000514211
0.00042268,0.000514787
0.000423836,0.000515379
0.00042499,0.000515957
0.000426144,0.000516533
0.000427298,0.000517111
0.000428452,0.000517702
0.000429608,0.000518265
0.000430762,0.000518857
0.000431916,0.000519434
0.000433071,0.000520011
0.000434225,0.000520589
0.00043538,0.00052118
0.000436534,0.000521743
0.000437689,0.000522334
0.000438845,0.000522913
0.000439999,0.00052349
0.000441152,0.00052408
0.000442307,0.000524644
0.000443461,0.000525235
0.000444616,0.000525798
0.000445772,0.000526391
0.000446925,0.000526967
0.000448079,0.000527544
0.000449234,0.000528136
0.000450389,0.000528699
0.000451544,0.000529291
0.000452698,0.000529854
0.000453852,0.00053046
0.000455005,0.000531022
0.00045616,0.000531599
0.000457315,0.000532176
0.00045847,0.000532768
0.000459626,0.000533332
0.000460781,0.000533924
0.000461935,0.000534501
0.00046309,0.000535078
0.000464245,0.000535656
0.000465398,0.000536233
0.000466553,0.000536824
0.000467708,0.000537388
0.000468863,0.000537979
0.000470018,0.000538557
0.000471172,0.00053912
0.000472326,0.000539711
0.000473481,0.000540303
0.000474636,0.000540865
0.000475792,0.000541444
0.000476947,0.000542035
0.000478101,0.000542599
0.000479255,0.000543175
0.00048041,0.000543781
0.000481565,0.00054433
0.00048272,0.000544922
0.000483874,0.000545499
0.000485028,0.000546077
0.000486183,0.000546668
0.000487339,0.000547232
0.000488494,0.000547824
0.000489648,0.000548386
0.000490803,0.000548978
0.000491957,0.000549555
0.000493113,0.000550132
0.000494268,0.000550697
0.000495421,0.000551302
0.000496577,0.00055185
0.000497732,0.000552458
0.000498886,0.000553019
0.000500042,0.000553598
0.000501197,0.000554189
0.000502352,0.000554753
0.000503506,0.000555344
0.00050466,0.000555921
0.000505815,0.000556484
0.00050697,0.000557076
0.000508125,0.000557653
0.000509282,0.000558231
0.000510437,0.00055881
0.00051159,0.000559386
0.000512745,0.000559964
0.000513901,0.000560541
0.000515056,0.00056112
0.000516211,0.00056171
0.000517366,0.000562275
0.000518517,0.000562851
0.000519673,0.000563441
0.00052083,0.000564006
0.000521983,0.000564597
0.000523138,0.000565173
0.000524295,0.000565739
0.00052545,0.00056633
0.000526605,0.000566908
0.00052776,0.000567485
0.000528916,0.000568063
0.000530071,0.000568641
0.000531226,0.000569204
0.000532381,0.000569796
0.000533534,0.000570388
0.000534688,0.000570935
0.000535843,0.000571527
0.000536998,0.000572118
0.000538151,0.000572668
0.000539306,0.000573272
0.000540463,0.000573837
0.000541618,0.000574429
0.000542774,0.000574978
0.000543929,0.000575584
0.000545082,0.000576147
0.000546237,0.000576723
0.000547392,0.000577317
0.000548548,0.000577878
0.000549703,0.000578472
0.000550856,0.000579033
0.000552013,0.000579611
0.000553168,0.000580204
0.000554323,0.000580766
0.000555478,0.000581345
0.000556632,0.000581936
0.000557787,0.000582499
0.000558942,0.000583076
0.000560097,0.000583654
0.000561274,0.000595519
0.000562493,0.000607779
0.000563759,0.000620393
0.00056507,0.000633391
0.000566427,0.000646769
0.000567836,0.000660548
0.000569295,0.000674712
0.000570804,0.000689261
0.000572367,0.000704223
0.000573986,0.00071956
0.000575659,0.000735312
0.00057739,0.000751467
0.00057918,0.000767983
0.000581031,0.000784931
0.000582944,0.000802227
0.00058492,0.000819943
0.000586957,0.000838021
0.000589061,0.000856461
0.000591234,0.00087527
0.000593473,0.000894411
0.000595781,0.000913919
0.000598161,0.000933705
0.000600611,0.000953846
0.00060313,0.000974235
0.000605727,0.000994907
0.000608397,0.00101582
0.000611141,0.00103698
0.000613963,0.00105831
0.000616858,0.00107984
0.000619832,0.00110149
0.000622882,0.00112327
0.000626008,0.00114511
0.000629212,0.00116701
0.000632493,0.00118893
0.000635852,0.00121079
0.000639285,0.0012326
0.000642795,0.00125431
0.000646384,0.00127585
0.000650046,0.00129718
0.00065378,0.0013183
0.000657586,0.00133908
0.000661465,0.00135958
0.000665415,0.00137966
0.000669433,0.00139932
0.000673513,0.00141849
0.000677658,0.00143713
0.000681868,0.00145519
0.000686136,0.00147264
0.00069046,0.00148939
0.000694839,0.00150544
0.000699268,0.00152072
0.000703745,0.00153518
0.000708269,0.00154882
0.000712833,0.00156156
0.000717435,0.00157338
0.000722074,0.00158425
0.000726741,0.00159412
0.000731435,0.00160297
0.000736152,0.00161082
0.000740889,0.00161756
0.00074564,0.00162324
0.0007504,0.00162784
0.000755167,0.000376391
0.000450042,0.000523339
0.000450042,0.000523352
0.000450042,0.000523364
0.000450042,0.000523377
0.000450042,0.000523389
0.000450042,0.000523402
0.000450042,0.000523414
0.000450042,0.000523427
0.000450042,0.000523439
0.000450042,0.000523451
0.000450042,0.000523464
0.000450042,0.000523476
0.000450042,0.000523488
0.000450042,0.000523501
0.000450042,0.000523513
0.000450042,0.000523525
0.000450042,0.000523537
0.000450042,0.000523549
0.000450042,0.000523562
0.000450042,0.000523573
0.000450042,0.000523586
0.000450042,0.000523598
0.000450042,0.000523611
0.000450042,0.000523622
0.000450042,0.000523634
0.000450042,0.000523646
0.000450042,0.000523658
0.000450042,0.00052367
0.000450042,0.000523683
0.000450042,0.000523694
0.000450042,0.000523706
0.000450042,0.000523718
0.000450042,0.00052373
0.000450042,0.000523742
0.000450042,0.000523754
0.000450042,0.000523765
0.000450042,0.000523777
0.000450042,0.00052379
0.000450042,0.000523801
0.000450042,0.000523812
0.000450042,0.000523825
0.000450042,0.000523835
0.000450042,0.000523847
0.000450042,0.00052386
0.000450042,0.000523871
0.000450042,0.000523883
0.000450042,0.000523894
0.000450042,0.000523905
0.000450042,0.000523918
0.000450042,0.000523929
0.000450042,0.00052394
0.000450042,0.000523952
0.000450042,0.000523962
0.000450042,0.000523975
0.000450042,0.000523986
0.000450042,0.000523998
0.000450042,0.000524009
0.000450042,0.00052402
0.000450042,0.00052403
0.000450042,0.000524045
0.000450042,0.000524054
0.000450042,0.000524064
0.000450042,0.000524077
0.000450042,0.000524088
0.000450042,0.000524098
0.000450042,0.000524111
0.000450042,0.000524122
0.000450042,0.000524132
0.000450042,0.000524143
0.000450042,0.000524155
0.000450042,0.000524166
0.000450042,0.000524177
0.000450042,0.000524186
0.000450042,0.0005242
0.000450042,0.000524209
0.000450042,0.00052422
0.000450042,0.000524232
0.000450042,0.000524243
0.000450042,0.000524254
0.000450042,0.000524265
0.000450042,0.000524274
0.000450042,0.000524288
0.000450042,0.000524297
0.000450042,0.000524307
0.000450042,0.000524318
0.000448208,0.00054423
0.000444539,0.000542406
0.000440869,0.000540583
0.000437198,0.000538762
0.000433526,0.000536935
0.000429853,0.000535111
0.000426182,0.000533283
0.000422511,0.000531462
0.000418839,0.000529637
0.000415167,0.000527813
0.000411495,0.000525988
0.000407823,0.000524162
0.00040415,0.000522339
0.000400478,0.000520512
0.000396806,0.000518688
0.000393132,0.000516861
0.000389459,0.000515037
0.000385788,0.000513213
0.000382115,0.000511389
0.000378441,0.000509558
0.000374767,0.000507738
0.000371093,0.000505907
0.000367421,0.000504084
0.000363746,0.000502258
0.000360072,0.000500432
0.000356399,0.000498607
0.000352726,0.000496781
0.000349051,0.000494952
0.000345376,0.00049313
0.000341701,0.0004913
0.000338026,0.000489473
0.000334353,0.000487648
0.000330678,0.000485819
0.000327003,0.000483996
0.000323329,0.000482167
0.000319652,0.000480342
0.000315977,0.000478513
0.000312302,0.000476685
0.000308626,0.000474861
0.000304949,0.000473031
0.000301273,0.000471205
0.000297598,0.000469377
0.000293923,0.000467549
0.000290246,0.000465721
0.000286571,0.000463895
0.000282893,0.000462068
0.000279217,0.000460237
0.000275542,0.000458411
0.000271864,0.000456584
0.000268188,0.000454757
0.000264511,0.000452928
0.000260832,0.000451099
0.000257156,0.000449272
0.000253479,0.000447441
0.0002498,0.000445614
0.000246122,0.000443786
0.000242445,0.000441954
0.000238767,0.000440128
0.000235865,0.000439387
0.000233738,0.000438334
0.00023161,0.00043728
0.000229484,0.000436228
0.000227357,0.000435173
0.000225229,0.000434121
0.000223102,0.000433068
0.000220974,0.000432013
0.000218845,0.000430959
0.000216718,0.000429903
0.000214591,0.000428852
0.000212463,0.000427799
0.000210335,0.000426743
0.000208207,0.000425687
0.000206079,0.000424638
0.000203952,0.000423581
0.000201824,0.000422526
0.000199695,0.000421473
0.000199407,0.000399396
0.000200959,0.000400179
0.000202511,0.000400962
0.000204063,0.000401749
0.000205615,0.000402536
0.000207167,0.000403319
0.000208719,0.000404105
0.000210271,0.000404889
0.000211823,0.000405675
0.000213376,0.000406458
0.000214928,0.000407245
0.00021648,0.000408029
0.000218032,0.000408815
0.000219584,0.000409599
0.000221137,0.000410382
0.00022269,0.000411169
0.000224243,0.000411956
0.000225795,0.00041274
0.000227348,0.000413523
0.0002289,0.00041431
0.000230453,0.000415093
0.000232006,0.000415881
0.000232782,0.000416648
0.000232782,0.000416659
0.000232782,0.000416666
0.000232782,0.000416673
0.000232782,0.000416684
0.000232782,0.000416691
0.000232782,0.000416698
0.000232782,0.000416709
0.000232782,0.000416716
0.000232782,0.000416727
0.000232782,0.000416734
0.000232782,0.000416741
0.000232782,0.000416752
0.000232782,0.000416759
0.000232782,0.000416766
0.000232782,0.000416777
0.000232782,0.000416784
0.000232782,0.000416791
0.000232782,0.000416798
0.000232782,0.000416813
0.000232782,0.000416813
0.000232782,0.000416827
0.000232782,0.000416834
0.000232782,0.000416841
0.000232782,0.000416848
0.000232782,0.000416856
0.000232782,0.00041687
0.000232782,0.00041687
0.000232782,0.000416884
0.000232782,0.000416891
0.000232782,0.000416898
0.000232782,0.000416906
0.000232782,0.000416913
0.000232782,0.00041692
0.000232782,0.000416927
0.000232782,0.000416941
0.000232782,0.000416941
0.000232782,0.000416956
0.000232782,0.000416956
0.000232782,0.00041697
0.000232782,0.000416977
0.000232782,0.000416984
0.000232782,0.000416991
0.000232782,0.000416999
0.000232782,0.000417013
0.000232782,0.000417013
0.000232782,0.00041702
0.000232782,0.000417034
0.000232782,0.000417034
0.000232782,0.000417049
0.000232782,0.000417049
0.000232782,0.000417063
0.000232782,0.00041707
0.000232782,0.00041707
0.000232782,0.000417084
0.000232782,0.000417092
0.000232782,0.000417099
0.000232782,0.000417106
0.000232782,0.000417113
0.000232782,0.00041712
0.000232782,0.000417127
0.000232782,0.000417134
0.000232782,0.000417142
0.000232782,0.000417149
0.000232782,0.000417156
0.000232782,0.000417163
0.000232782,0.00041717
0.000232782,0.000417177
0.000232782,0.000417185
0.000232782,0.000417192
0.000232782,0.000417206
0.000232782,0.000417206
0.000232782,0.000417206
0.000232782,0.000417227
0.000232782,0.000417227
0.000232782,0.000417235
0.000232782,0.000417242
0.000232782,0.000417249
0.000232782,0.000417256
0.000232782,0.000417263
0.000232782,0.00041727
0.000232782,0.000417278
0.000232782,0.000417285
0.000232782,0.000417285
0.000232782,0.000417292
0.000232782,0.000417306
0.000232782,0.000417313
0.000232782,0.000417313
0.000232782,0.000417328
0.000232782,0.000417335
0.000232782,0.000417335
0.000232782,0.000417342
0.000232782,0.000417349
0.000232782,0.000417356
0.000232782,0.00041737
0.000232782,0.000417363
0.000232782,0.000417385
0.000232782,0.000417378
0.000232782,0.000417392
0.000232782,0.000417399
0.000232782,0.000417399
0.000232782,0.000417406
0.000232782,0.000417421
0.000232782,0.000417421
0.000232782,0.000417435
0.000232782,0.000417428
0.000232782,0.000417442
0.000232782,0.000417449
0.000232782,0.000417456
0.000232782,0.000417456
0.000233357,0.000419472
0.000234508,0.000420048
0.000235658,0.00042063
0.000236809,0.000421213
0.00023796,0.000421795
0.00023911,0.000422378
0.000240261,0.00042296
0.000241412,0.000423536
0.000242562,0.000424118
0.000243714,0.000424701
0.000244864,0.000425284
0.000246015,0.000425866
0.000247166,0.000426449
0.000248316,0.000427031
0.000249467,0.000427599
0.000250618,0.000428196
0.00025177,0.000428765
0.000252921,0.000429355
0.000254071,0.000429937
0.000255223,0.00043052
0.000256374,0.000431089
0.000257524,0.000431685
0.000258675,0.000432261
0.000259826,0.000432836
0.000260978,0.000433426
0.00026213,0.000434003
0.000263281,0.000434586
0.000264431,0.000435168
0.000265582,0.000435743
0.000266733,0.000436333
0.000267885,0.000436909
0.000269036,0.000437492
0.000270187,0.000438074
0.000271339,0.00043865
0.00027249,0.000439233
0.000273641,0.000439823
0.000274793,0.000440391
0.000275946,0.000440982
0.000277096,0.000441565
0.000278247,0.000442133
0.000279398,0.000442723
0.000280549,0.000443305
0.000281702,0.000443882
0.000282852,0.000444465
0.000284004,0.000445047
0.000285156,0.000445631
0.000286307,0.000446199
0.000287459,0.000446796
0.00028861,0.000447372
0.000289762,0.000447948
0.000290913,0.000448531
0.000292065,0.000449113
0.000293216,0.00044969
0.000294368,0.000450279
0.00029552,0.000450856
0.000296671,0.000451432
0.000297823,0.000452021
0.000298974,0.000452605
0.000300127,0.000453173
0.000301279,0.000453765
0.00030243,0.00045434
0.000303581,0.000454923
0.000304734,0.000455498
0.000305886,0.000456089
0.000307038,0.000456658
0.00030819,0.000457248
0.000309342,0.000457832
0.000310493,0.0004584
0.000311646,0.000458984
0.000312798,0.000459574
0.000313951,0.00046015
0.000315102,0.000460733
0.000316254,0.000461302
0.000317406,0.000461899
0.000318559,0.000462476
0.00031971,0.000463045
0.000320862,0.000463635
0.000322014,0.000464218
0.000323167,0.000464787
0.000324319,0.000465378
0.000325472,0.000465961
0.000326624,0.000466537
0.000327776,0.000467121
0.000328927,0.000467689
0.00033008,0.00046828
0.000331231,0.000468863
0.000332385,0.000469439
0.000333538,0.000470016
0.00033469,0.000470606
0.000335842,0.000471175
0.000336995,0.000471766
0.000338146,0.000472342
0.000339299,0.000472925
0.000340451,0.000473501
0.000341603,0.000474084
0.000342757,0.000474661
0.000343909,0.000475245
0.000345061,0.000475828
0.000346212,0.000476404
0.000347365,0.000476979
0.000348518,0.000477563
0.000349671,0.000478154
0.000350823,0.000478723
0.000351976,0.000479307
0.000353128,0.000479883
0.000354281,0.000480474
0.000355434,0.000481043
0.000356586,0.000481633
0.000357738,0.00048221
0.00035889,0.000482771
0.000360044,0.000483377
0.000361197,0.000483938
0.00036235,0.00048453
0.000363503,0.00048512
0.000364655,0.000485683
0.000365809,0.000486273
0.000366962,0.00048685
0.000368114,0.000487426
0.000369268,0.000488003
0.000370421,0.000488594
0.000371574,0.000489171
0.000372725,0.000489746
0.000373878,0.000490337
0.000375031,0.000490899
0.000376183,0.00049149
0.000377336,0.000492066
0.000378488,0.000492657
0.000379642,0.000493218
0.000380795,0.00049381
0.000381947,0.000494386
0.0003831,0.000494976
0.000384254,0.000495554
0.000385408,0.00049613
0.000386561,0.000496707
0.000387713,0.000497284
0.000388866,0.00049786
0.000390019,0.000498451
0.000391172,0.000499027
0.000392325,0.000499618
0.000393478,0.00050018
0.000394632,0.000500772
0.000395783,0.000501333
0.000396936,0.000501937
0.000398089,0.0005025
0.000399242,0.000503077
0.000400396,0.000503668
0.00040155,0.000504244
0.000402703,0.000504836
0.000403856,0.000505398
0.00040501,0.000505974
0.000406162,0.000506566
0.000407315,0.000507141
0.000408468,0.000507733
0.000409621,0.000508295
0.000410775,0.000508886
0.000411929,0.000509463
0.000413083,0.000510026
0.000414236,0.000510631
0.000415389,0.000511193
0.000416543,0.000511784
0.000417695,0.000512361
0.000418848,0.000512923
0.000420002,0.000513528
0.000421154,0.00051409
0.000422308,0.000514667
0.000423461,0.000515258
0.000424614,0.000515835
0.000425768,0.000516411
0.000426922,0.000516988
0.000428075,0.00051758
0.000429227,0.000518141
0.00043038,0.000518731
0.000431534,0.000519309
0.000432688,0.000519886
0.000433841,0.000520462
0.000434994,0.000521053
0.000436149,0.000521616
0.000437303,0.000522208
0.000438455,0.000522784
0.000439609,0.00052336
0.000440763,0.000523952
0.000441915,0.000524514
0.000443069,0.000525104
0.000444222,0.000525668
0.000445375,0.000526258
0.00044653,0.000526835
0.000447684,0.000527412
0.000448838,0.000528004
0.000449991,0.000528566
0.000451143,0.000529156
0.000452297,0.000529719
0.000453452,0.000530325
0.000454606,0.000530888
0.00045576,0.000531465
0.000456913,0.000532042
0.000458067,0.000532633
0.000459219,0.000533195
0.000460373,0.000533785
0.000461527,0.000534363
0.00046268,0.00053494
0.000463834,0.000535516
0.000464987,0.000536093
0.000466141,0.000536684
0.000467295,0.000537247
0.000468449,0.000537838
0.000469602,0.000538415
0.000470755,0.000538977
0.00047191,0.000539568
0.000473064,0.00054016
0.000474216,0.000540722
0.000475371,0.000541298
0.000476525,0.000541891
0.000477677,0.000542453
0.000478831,0.000543029
0.000479985,0.000543634
0.000481139,0.000544184
0.000482292,0.000544774
0.000483447,0.000545351
0.000484601,0.000545929
0.000485754,0.00054652
0.000486908,0.000547082
0.000488062,0.000547673
0.000489216,0.000548236
0.000490369,0.000548827
0.000491523,0.000549403
0.000492677,0.000549982
0.00049383,0.000550543
0.000494985,0.000551148
0.000496138,0.000551698
0.00049729,0.000552302
0.000498445,0.000552865
0.0004996,0.000553442
0.000500754,0.000554034
0.000501907,0.000554596
0.000503061,0.000555187
0.000504217,0.000555765
0.000505371,0.000556329
0.000506523,0.000556919
0.000507676,0.000557495
0.000508829,0.000558072
0.000509983,0.000558648
0.000511138,0.000559226
0.000512293,0.000559803
0.000513446,0.000560381
0.0005146,0.000560956
0.000515753,0.000561548
0.000516906,0.00056211
0.000518062,0.000562687
0.000519217,0.000563279
0.00052037,0.000563842
0.000521523,0.000564432
0.000522678,0.00056501
0.000523832,0.000565573
0.000524983,0.000566163
0.000526137,0.000566739
0.000527292,0.000567317
0.000528445,0.000567894
0.000529599,0.00056847
0.000530754,0.000569034
0.000531907,0.000569625
0.00053306,0.000570215
0.000534216,0.000570765
0.000535371,0.000571356
0.000536526,0.000571948
0.000537681,0.000572497
0.000538833,0.000573103
0.000539984,0.000573663
0.000541137,0.000574255
0.000542291,0.000574802
0.000543446,0.000575408
0.000544601,0.000575972
0.000545754,0.000576549
0.000546908,0.000577139
0.000548061,0.000577702
0.000549214,0.000578292
0.000550371,0.000578856
0.000551527,0.000579435
0.00055268,0.000580025
0.000553833,0.000580589
0.000554987,0.000581164
0.00055614,0.000581756
0.000557293,0.000582318
0.000558448,0.000582895
0.000559604,0.000583473
0.000560778,0.00059534
0.000561996,0.000607601
0.00056326,0.000620218
0.000564571,0.000633216
0.000565928,0.000646599
0.000567334,0.000660379
0.000568791,0.000674544
0.0005703,0.000689096
0.000571863,0.000704062
0.00057348,0.000719401
0.000575151,0.000735155
0.000576882,0.000751314
0.000578671,0.000767832
0.000580519,0.000784782
0.000582429,0.000802082
0.0005844,0.000819798
0.000586438,0.000837878
0.000588541,0.000856325
0.000590708,0.000875132
0.000592947,0.000894277
0.000595254,0.000913789
0.000597628,0.000933578
0.000600076,0.000953719
0.000602599,0.000974114
0.000605194,0.000994792
0.000607862,0.00101571
0.000610603,0.00103687
0.000613419,0.00105821
0.000616314,0.00107974
0.000619283,0.00110139
0.00062233,0.00112317
0.000625455,0.00114502
0.000628656,0.00116692
0.000631934,0.00118884
0.000635288,0.0012107
0.000638722,0.00123252
0.00064223,0.00125423
0.000645812,0.00127577
0.000649468,0.00129711
0.0006532,0.00131822
0.000657005,0.00133901
0.00066088,0.00135951
0.000664823,0.00137959
0.000668836,0.00139925
0.000672916,0.00141843
0.000677059,0.00143707
0.000681263,0.00145513
0.000685528,0.00147258
0.000689848,0.00148933
0.000694222,0.00150539
0.000698649,0.00152066
0.000703123,0.00153513
0.000707642,0.00154877
0.000712203,0.00156151
0.000716802,0.00157333
0.000721436,0.00158419
0.000726099,0.00159406
0.000730789,0.00160291
0.000735501,0.00161076
0.000740232,0.0016175
0.00074498,0.00162318
0.000749736,0.00162778
0.000754498,0.000376058
0.000449635,0.000523135
0.000449635,0.000523148
0.000449635,0.00052316
0.000449635,0.000523173
0.000449635,0.000523185
0.000449635,0.000523198
0.000449635,0.00052321
0.000449635,0.000523223
0.000449635,0.000523235
0.000449635,0.000523247
0.000449635,0.00052326
0.000449635,0.000523272
0.000449635,0.000523284
0.000449635,0.000523297
0.000449635,0.000523309
0.000449635,0.000523321
0.000449635,0.000523333
0.000449635,0.000523345
0.000449635,0.000523358
0.000449635,0.00052337
0.000449635,0.000523382
0.000449635,0.000523394
0.000449635,0.000523407
0.000449635,0.000523418
0.000449635,0.00052343
0.000449635,0.000523442
0.000449635,0.000523455
0.000449635,0.000523466
0.000449635,0.000523479
0.000449635,0.00052349
0.000449635,0.000523502
0.000449635,0.000523514
0.000449635,0.000523526
0.000449635,0.000523538
0.000449635,0.00052355
0.000449635,0.000523561
0.000449635,0.000523573
0.000449635,0.000523586
0.000449635,0.000523597
0.000449635,0.000523608
0.000449635,0.000523621
0.000449635,0.000523632
0.000449635,0.000523643
0.000449635,0.000523656
0.000449635,0.000523667
0.000449635,0.000523679
0.000449635,0.00052369
0.000449635,0.000523701
0.000449635,0.000523714
0.000449635,0.000523725
0.000449635,0.000523736
0.000449635,0.000523748
0.000449635,0.000523759
0.000449635,0.000523771
0.000449635,0.000523782
0.000449635,0.000523794
0.000449635,0.000523805
0.000449635,0.000523816
0.000449635,0.000523826
0.000449635,0.000523841
0.000449635,0.00052385
0.000449635,0.00052386
0.000449635,0.000523873
0.000449635,0.000523884
0.000449635,0.000523894
0.000449635,0.000523907
0.000449635,0.000523918
0.000449635,0.000523928
0.000449635,0.000523939
0.000449635,0.000523952
0.000449635,0.000523962
0.000449635,0.000523973
0.000449635,0.000523982
0.000449635,0.000523996
0.000449635,0.000524005
0.000449635,0.000524016
0.000449635,0.000524029
0.000449635,0.000524039
0.000449635,0.00052405
0.000449635,0.000524061
0.000449635,0.00052407
0.000449635,0.000524084
0.000449635,0.000524093
0.000449635,0.000524104
0.000449635,0.000524114
0.0004478,0.000544668
0.000444131,0.000542845
0.000440463,0.000541021
0.000436796,0.000539202
0.000433127,0.000537377
0.000429459,0.000535554
0.000425793,0.00053373
0.000422124,0.00053191
0.000418456,0.000530087
0.000414788,0.000528265
0.000411118,0.000526441
0.000407449,0.000524617
0.000403781,0.000522795
0.000400112,0.000520971
0.000396442,0.000519148
0.000392772,0.000517322
0.000389103,0.0005155
0.000385433,0.000513678
0.000381763,0.000511853
0.000378094,0.000510028
0.000374425,0.000508207
0.000370755,0.000506381
0.000367084,0.000504556
0.000363414,0.000502733
0.000359744,0.00050091
0.000356073,0.000499085
0.000352402,0.000497261
0.000348731,0.000495434
0.00034506,0.000493613
0.000341389,0.000491786
0.000337718,0.000489961
0.000334047,0.000488137
0.000330376,0.00048631
0.000326703,0.000484489
0.000323031,0.000482659
0.000319361,0.000480837
0.000315688,0.000479012
0.000312015,0.000477183
0.000308343,0.000475362
0.000304671,0.000473534
0.000300999,0.00047171
0.000297326,0.000469884
0.000293654,0.000468056
0.000289981,0.000466231
0.000286308,0.000464406
0.000282635,0.000462581
0.000278962,0.000460752
0.000275289,0.000458928
0.000271615,0.000457101
0.000267941,0.000455276
0.000264267,0.000453447
0.000260594,0.000451622
0.000256921,0.000449797
0.000253246,0.000447967
0.000249572,0.000446141
0.000245898,0.000444315
0.000242224,0.000442487
0.000238549,0.000440661
0.000235649,0.00043966
0.000233524,0.000438605
0.000231399,0.000437554
0.000229273,0.000436503
0.000227146,0.000435448
0.000225022,0.000434396
0.000222898,0.000433346
0.000220773,0.000432291
0.000218647,0.00043124
0.00021652,0.000430185
0.000214394,0.000429132
0.000212269,0.000428081
0.000210143,0.000427026
0.000208017,0.000425971
0.000205891,0.000424923
0.000203765,0.000423867
0.000201639,0.000422813
0.000199513,0.000421761
0.000199225,0.000399298
0.000200775,0.00040008
0.000202325,0.000400862
0.000203876,0.000401648
0.000205426,0.000402434
0.000206977,0.000403217
0.000208527,0.000404003
0.000210078,0.000404785
0.000211629,0.000405571
0.00021318,0.000406354
0.000214731,0.00040714
0.000216281,0.000407922
0.000217832,0.000408709
0.000219384,0.000409492
0.000220935,0.000410274
0.000222486,0.000411061
0.000224037,0.000411847
0.000225588,0.00041263
0.000227139,0.000413412
0.000228691,0.000414198
0.000230242,0.000414982
0.000231793,0.000415768
0.000232569,0.000416542
0.000232569,0.000416552
0.000232569,0.00041656
0.000232569,0.000416567
0.000232569,0.000416577
0.000232569,0.000416585
0.000232569,0.000416592
0.000232569,0.000416602
0.000232569,0.00041661
0.000232569,0.00041662
0.000232569,0.000416628
0.000232569,0.000416635
0.000232569,0.000416645
0.000232569,0.000416653
0.000232569,0.00041666
0.000232569,0.00041667
0.000232569,0.000416678
0.000232569,0.000416685
0.000232569,0.000416692
0.000232569,0.000416706
0.000232569,0.000416706
0.000232569,0.000416721
0.000232569,0.000416728
0.000232569,0.000416735
0.000232569,0.000416742
0.000232569,0.000416749
0.000232569,0.000416763
0.000232569,0.000416763
0.000232569,0.000416778
0.000232569,0.000416785
0.000232569,0.000416792
0.000232569,0.000416799
0.000232569,0.000416806
0.000232569,0.000416813
0.000232569,0.000416821
0.000232569,0.000416835
0.000232569,0.000416835
0.000232569,0.000416849
0.000232569,0.000416849
0.000232569,0.000416864
0.000232569,0.000416871
0.000232569,0.000416878
0.000232569,0.000416885
0.000232569,0.000416892
0.000232569,0.000416906
0.000232569,0.000416906
0.000232569,0.000416914
0.000232569,0.000416928
0.000232569,0.000416928
0.000232569,0.000416942
0.000232569,0.000416942
0.000232569,0.000416957
0.000232569,0.000416964
0.000232569,0.000416964
0.000232569,0.000416978
0.000232569,0.000416985
0.000232569,0.000416992
0.000232569,0.000416999
0.000232569,0.000417007
0.000232569,0.000417014
0.000232569,0.000417021
0.000232569,0.000417028
0.000232569,0.000417035
0.000232569,0.000417042
0.000232569,0.00041705
0.000232569,0.000417057
0.000232569,0.000417064
0.000232569,0.000417071
0.000232569,0.000417078
0.000232569,0.000417085
0.000232569,0.0004171
0.000232569,0.0004171
0.000232569,0.0004171
0.000232569,0.000417121
0.000232569,0.000417121
0.000232569,0.000417128
0.000232569,0.000417135
0.000232569,0.000417143
0.000232569,0.00041715
0.000232569,0.000417157
0.000232569,0.000417164
0.000232569,0.000417171
0.000232569,0.000417178
0.000232569,0.000417178
0.000232569,0.000417185
0.000232569,0.0004172
0.000232569,0.000417207
0.000232569,0.000417207
0.000232569,0.000417221
0.000232569,0.000417228
0.000232569,0.000417228
0.000232569,0.000417235
0.000232569,0.000417243
0.000232569,0.00041725
0.000232569,0.000417264
0.000232569,0.000417257
0.000232569,0.000417278
0.000232569,0.000417271
0.000232569,0.000417286
0.000232569,0.000417293
0.000232569,0.000417293
0.000232569,0.0004173
0.000232569,0.000417314
0.000232569,0.000417314
0.000232569,0.000417328
0.000232569,0.000417321
0.000232569,0.000417336
0.000232569,0.000417343
0.000232569,0.00041735
0.000232569,0.00041735
0.000233143,0.000419432
0.000234293,0.000420007
0.000235443,0.000420589
0.000236592,0.000421171
0.000237742,0.000421753
0.000238891,0.000422335
0.000240042,0.000422917
0.000241191,0.000423492
0.00024234,0.000424074
0.00024349,0.000424656
0.00024464,0.000425238
0.00024579,0.00042582
0.00024694,0.000426402
0.000248089,0.000426984
0.000249238,0.000427552
0.000250388,0.000428147
0.000251538,0.000428716
0.000252689,0.000429305
0.000253839,0.000429888
0.000254988,0.000430469
0.000256138,0.000431037
0.000257289,0.000431634
0.000258439,0.000432209
0.000259589,0.000432784
0.000260738,0.000433374
0.000261887,0.000433948
0.000263037,0.00043453
0.000264189,0.000435113
0.000265339,0.000435689
0.00026649,0.000436278
0.000267639,0.000436853
0.000268788,0.000437434
0.000269939,0.000438017
0.00027109,0.000438593
0.000272241,0.000439175
0.000273391,0.000439765
0.00027454,0.000440333
0.00027569,0.000440921
0.000276841,0.000441504
0.000277991,0.000442072
0.000279142,0.000442662
0.000280292,0.000443244
0.000281442,0.000443819
0.000282592,0.000444401
0.000283743,0.000444984
0.000284893,0.000445566
0.000286043,0.000446134
0.000287195,0.000446731
0.000288346,0.000447307
0.000289495,0.000447882
0.000290646,0.000448464
0.000291797,0.000449047
0.000292947,0.000449622
0.000294099,0.000450212
0.00029525,0.000450788
0.0002964,0.000451363
0.000297551,0.000451953
0.000298702,0.000452535
0.000299852,0.000453103
0.000301004,0.000453693
0.000302155,0.000454269
0.000303305,0.000454851
0.000304456,0.000455426
0.000305606,0.000456016
0.000306757,0.000456584
0.000307909,0.000457174
0.000309059,0.000457757
0.00031021,0.000458325
0.000311361,0.000458908
0.00031251,0.000459497
0.000313662,0.000460072
0.000314814,0.000460656
0.000315965,0.000461225
0.000317116,0.000461821
0.000318267,0.000462397
0.000319419,0.000462966
0.00032057,0.000463556
0.000321719,0.000464138
0.000322871,0.000464706
0.000324022,0.000465296
0.000325172,0.000465878
0.000326325,0.000466454
0.000327476,0.000467037
0.000328627,0.000467606
0.000329778,0.000468195
0.000330929,0.000468778
0.00033208,0.000469354
0.00033323,0.000469929
0.000334383,0.000470519
0.000335535,0.000471089
0.000336686,0.000471678
0.000337838,0.000472254
0.000338988,0.000472837
0.00034014,0.000473412
0.000341291,0.000473995
0.000342441,0.00047457
0.000343593,0.000475153
0.000344745,0.000475736
0.000345898,0.000476313
0.000347049,0.000476889
0.000348201,0.000477472
0.000349352,0.000478062
0.000350503,0.00047863
0.000351654,0.000479212
0.000352805,0.000479788
0.000353957,0.000480378
0.000355108,0.000480947
0.00035626,0.000481537
0.000357412,0.000482113
0.000358563,0.000482675
0.000359715,0.000483278
0.000360867,0.000483841
0.000362018,0.000484431
0.000363169,0.000485021
0.000364322,0.000485582
0.000365473,0.000486173
0.000366624,0.000486748
0.000367776,0.000487324
0.000368928,0.000487901
0.000370079,0.00048849
0.000371231,0.000489066
0.000372383,0.000489642
0.000373533,0.000490231
0.000374686,0.000490793
0.000375838,0.000491384
0.00037699,0.00049196
0.000378142,0.00049255
0.000379295,0.000493112
0.000380446,0.000493702
0.000381599,0.000494278
0.000382749,0.000494869
0.000383901,0.000495443
0.000385053,0.000496021
0.000386204,0.000496596
0.000387357,0.000497172
0.000388509,0.000497748
0.000389661,0.000498338
0.000390812,0.000498914
0.000391965,0.000499504
0.000393117,0.000500067
0.000394269,0.000500657
0.000395421,0.000501218
0.000396574,0.000501823
0.000397725,0.000502385
0.000398877,0.000502961
0.000400028,0.000503551
0.00040118,0.000504127
0.000402332,0.000504717
0.000403485,0.000505279
0.000404636,0.000505855
0.00040579,0.000506445
0.000406943,0.000507023
0.000408095,0.000507613
0.000409246,0.000508174
0.000410399,0.000508765
0.000411551,0.000509341
0.000412703,0.000509903
0.000413855,0.000510507
0.000415007,0.000511069
0.000416159,0.00051166
0.000417311,0.000512235
0.000418464,0.000512798
0.000419617,0.000513402
0.000420771,0.000513965
0.000421921,0.000514541
0.000423073,0.00051513
0.000424225,0.000515707
0.000425378,0.000516283
0.000426529,0.00051686
0.000427682,0.000517449
0.000428835,0.000518012
0.000429988,0.000518602
0.000431139,0.000519179
0.000432291,0.000519754
0.000433444,0.000520331
0.000434597,0.000520921
0.000435749,0.000521483
0.000436901,0.000522074
0.000438052,0.000522649
0.000439205,0.000523226
0.000440359,0.000523817
0.000441512,0.000524379
0.000442665,0.00052497
0.000443816,0.000525531
0.000444969,0.000526122
0.000446121,0.000526698
0.000447273,0.000527274
0.000448424,0.000527864
0.000449578,0.000528426
0.000450732,0.000529017
0.000451884,0.00052958
0.000453036,0.000530184
0.000454187,0.000530746
0.000455339,0.000531322
0.000456491,0.000531897
0.000457645,0.000532488
0.000458798,0.000533051
0.000459951,0.000533642
0.000461104,0.000534218
0.000462255,0.000534794
0.000463408,0.000535369
0.000464562,0.000535948
0.000465714,0.000536538
0.000466866,0.000537099
0.000468019,0.00053769
0.000469171,0.000538266
0.000470324,0.000538828
0.000471477,0.000539419
0.000472628,0.000540009
0.000473782,0.000540571
0.000474934,0.000541149
0.000476087,0.000541738
0.000477241,0.000542301
0.000478393,0.000542878
0.000479546,0.000543482
0.000480698,0.00054403
0.000481852,0.00054462
0.000483004,0.000545198
0.000484156,0.000545773
0.000485308,0.000546364
0.000486461,0.000546925
0.000487614,0.000547516
0.000488767,0.000548079
0.000489921,0.00054867
0.000491073,0.000549246
0.000492226,0.000549822
0.000493379,0.000550384
0.00049453,0.00055099
0.000495684,0.000551536
0.000496838,0.000552143
0.00049799,0.000552704
0.000499141,0.00055328
0.000500295,0.00055387
0.000501448,0.000554434
0.000502599,0.000555024
0.000503751,0.0005556
0.000504904,0.000556161
0.00050606,0.000556753
0.000507213,0.000557331
0.000508364,0.000557906
0.000509516,0.000558482
0.000510668,0.000559058
0.000511821,0.000559634
0.000512974,0.000560211
0.000514128,0.000560787
0.000515281,0.000561379
0.000516433,0.00056194
0.000517586,0.000562516
0.000518739,0.000563108
0.000519891,0.000563669
0.000521044,0.00056426
0.000522197,0.000564837
0.000523351,0.000565399
0.000524506,0.000565991
0.000525658,0.000566568
0.000526807,0.000567142
0.000527961,0.000567718
0.000529114,0.000568296
0.000530267,0.000568857
0.000531422,0.000569449
0.000532576,0.000570041
0.000533727,0.000570588
0.000534879,0.000571178
0.000536031,0.000571768
0.000537182,0.000572315
0.000538337,0.00057292
0.000539492,0.000573485
0.000540644,0.000574075
0.000541797,0.000574622
0.000542951,0.000575228
0.000544102,0.00057579
0.000545256,0.000576366
0.000546409,0.000576957
0.000547562,0.000577519
0.000548716,0.000578111
0.000549865,0.000578672
0.000551017,0.000579246
0.00055217,0.000579838
0.000553324,0.0005804
0.000554477,0.000580977
0.00055563,0.000581567
0.000556784,0.00058213
0.000557937,0.000582706
0.00055909,0.000583284
0.000560265,0.000595152
0.000561483,0.000607417
0.000562744,0.000620034
0.000564052,0.000633034
0.00056541,0.000646419
0.000566815,0.000660202
0.000568271,0.00067437
0.000569778,0.000688923
0.000571337,0.000703892
0.000572952,0.000719232
0.000574624,0.000734991
0.000576351,0.000751151
0.000578138,0.000767671
0.000579985,0.000784624
0.000581893,0.000801926
0.000583865,0.000819646
0.000585902,0.000837731
0.000588003,0.000856179
0.000590172,0.000874991
0.000592405,0.00089414
0.000594708,0.000913651
0.000597085,0.000933446
0.000599529,0.000953591
0.000602045,0.000973987
0.000604638,0.000994665
0.000607304,0.00101558
0.000610043,0.00103675
0.000612858,0.00105809
0.000615748,0.00107962
0.000618716,0.00110128
0.000621759,0.00112307
0.00062488,0.00114491
0.00062808,0.00116682
0.000631356,0.00118875
0.000634707,0.00121061
0.000638135,0.00123243
0.00064164,0.00125414
0.000645221,0.00127568
0.000648876,0.00129703
0.000652605,0.00131814
0.000656404,0.00133894
0.000660276,0.00135943
0.000664217,0.00137952
0.000668224,0.00139918
0.000672299,0.00141836
0.000676439,0.001437
0.000680639,0.00145506
0.000684898,0.00147252
0.000689217,0.00148927
0.000693589,0.00150533
0.000698011,0.0015206
0.000702481,0.00153507
0.000706996,0.00154871
0.000711553,0.00156145
0.000716144,0.00157327
0.000720772,0.00158413
0.000725432,0.001594
0.000730119,0.00160285
0.000734829,0.0016107
0.000739555,0.00161744
0.000744295,0.00162312
0.000749048,0.00162771
0.000753806,0.000375713
0.000449206,0.000522921
0.000449206,0.000522933
0.000449206,0.000522946
0.000449206,0.000522958
0.000449206,0.000522971
0.000449206,0.000522983
0.000449206,0.000522996
0.000449206,0.000523008
0.000449206,0.00052302
0.000449206,0.000523033
0.000449206,0.000523045
0.000449206,0.000523058
0.000449206,0.00052307
0.000449206,0.000523082
0.000449206,0.000523094
0.000449206,0.000523107
0.000449206,0.000523119
0.000449206,0.000523131
0.000449206,0.000523143
0.000449206,0.000523155
0.000449206,0.000523168
0.000449206,0.00052318
0.000449206,0.000523192
0.000449206,0.000523204
0.000449206,0.000523216
0.000449206,0.000523228
0.000449206,0.00052324
0.000449206,0.000523252
0.000449206,0.000523264
0.000449206,0.000523276
0.000449206,0.000523287
0.000449206,0.0005233
0.000449206,0.000523311
0.000449206,0.000523323
0.000449206,0.000523336
0.000449206,0.000523346
0.000449206,0.000523359
0.000449206,0.000523371
0.000449206,0.000523382
0.000449206,0.000523394
0.000449206,0.000523406
0.000449206,0.000523417
0.000449206,0.000523429
0.000449206,0.000523441
0.000449206,0.000523453
0.000449206,0.000523464
0.000449206,0.000523475
0.000449206,0.000523487
0.000449206,0.000523499
0.000449206,0.000523511
0.000449206,0.000523522
0.000449206,0.000523533
0.000449206,0.000523544
0.000449206,0.000523556
0.000449206,0.000523567
0.000449206,0.00052358
0.000449206,0.00052359
0.000449206,0.000523601
0.000449206,0.000523612
0.000449206,0.000523626
0.000449206,0.000523635
0.000449206,0.000523646
0.000449206,0.000523658
0.000449206,0.000523669
0.000449206,0.00052368
0.000449206,0.000523692
0.000449206,0.000523703
0.000449206,0.000523714
0.000449206,0.000523725
0.000449206,0.000523737
0.000449206,0.000523748
0.000449206,0.000523759
0.000449206,0.000523767
0.000449206,0.000523782
0.000449206,0.000523791
0.000449206,0.000523801
0.000449206,0.000523814
0.000449206,0.000523825
0.000449206,0.000523835
0.000449206,0.000523846
0.000449206,0.000523855
0.000449206,0.000523869
0.000449206,0.000523878
0.000449206,0.000523889
0.000449206,0.0005239
0.000447375,0.000545104
0.000443711,0.000543284
0.000440045,0.000541463
0.000436381,0.000539643
0.000432719,0.000537822
0.000429055,0.000536002
0.000425389,0.000534179
0.000421723,0.00053236
0.000418057,0.000530537
0.000414394,0.000528717
0.000410729,0.000526898
0.000407063,0.000525073
0.000403397,0.000523254
0.000399731,0.00052143
0.000396067,0.000519609
0.000392402,0.000517787
0.000388735,0.000515967
0.000385069,0.000514145
0.000381402,0.000512324
0.000377735,0.000510498
0.000374069,0.00050868
0.000370402,0.000506854
0.000366736,0.000505033
0.000363068,0.00050321
0.000359402,0.000501388
0.000355735,0.000499567
0.000352068,0.000497744
0.0003484,0.000495919
0.000344734,0.000494099
0.000341066,0.000492275
0.000337397,0.000490452
0.000333728,0.000488628
0.00033006,0.000486803
0.000326393,0.000484983
0.000322725,0.000483158
0.000319057,0.000481335
0.000315388,0.000479513
0.000311719,0.000477686
0.000308051,0.000475866
0.000304382,0.00047404
0.000300713,0.000472217
0.000297044,0.000470394
0.000293375,0.000468567
0.000289705,0.000466744
0.000286036,0.000464921
0.000282366,0.000463098
0.000278696,0.00046127
0.000275027,0.000459447
0.000271357,0.000457623
0.000267687,0.0004558
0.000264017,0.000453973
0.000260347,0.000452149
0.000256676,0.000450325
0.000253006,0.000448497
0.000249335,0.000446674
0.000245664,0.00044485
0.000241993,0.000443022
0.000238323,0.000441198
0.000235426,0.000439931
0.000233301,0.000438876
0.00023118,0.000437826
0.000229057,0.000436777
0.000226934,0.000435723
0.00022481,0.000434673
0.000222686,0.000433622
0.000220562,0.000432568
0.000218438,0.000431517
0.000216315,0.000430464
0.000214191,0.000429413
0.000212067,0.000428363
0.000209943,0.000427308
0.00020782,0.000426254
0.000205696,0.000425208
0.000203571,0.000424153
0.000201447,0.000423099
0.000199323,0.000422048
0.000199035,0.000399198
0.000200585,0.00039998
0.000202134,0.000400762
0.000203683,0.000401547
0.000205232,0.000402333
0.000206781,0.000403114
0.00020833,0.0004039
0.000209879,0.000404681
0.000211428,0.000405466
0.000212978,0.000406248
0.000214527,0.000407034
0.000216077,0.000407816
0.000217627,0.000408601
0.000219176,0.000409383
0.000220725,0.000410165
0.000222275,0.00041095
0.000223825,0.000411736
0.000225374,0.000412518
0.000226924,0.0004133
0.000228474,0.000414086
0.000230023,0.000414868
0.000231573,0.000415653
0.000232348,0.000416431
0.000232348,0.000416442
0.000232348,0.000416449
0.000232348,0.000416456
0.000232348,0.000416467
0.000232348,0.000416474
0.000232348,0.000416481
0.000232348,0.000416492
0.000232348,0.000416499
0.000232348,0.00041651
0.000232348,0.000416517
0.000232348,0.000416524
0.000232348,0.000416535
0.000232348,0.000416542
0.000232348,0.000416549
0.000232348,0.00041656
0.000232348,0.000416567
0.000232348,0.000416574
0.000232348,0.000416581
0.000232348,0.000416596
0.000232348,0.000416596
0.000232348,0.00041661
0.000232348,0.000416617
0.000232348,0.000416624
0.000232348,0.000416632
0.000232348,0.000416639
0.000232348,0.000416653
0.000232348,0.000416653
0.000232348,0.000416667
0.000232348,0.000416674
0.000232348,0.000416682
0.000232348,0.000416689
0.000232348,0.000416696
0.000232348,0.000416703
0.000232348,0.00041671
0.000232348,0.000416725
0.000232348,0.000416725
0.000232348,0.000416739
0.000232348,0.000416739
0.000232348,0.000416753
0.000232348,0.00041676
0.000232348,0.000416767
0.000232348,0.000416775
0.000232348,0.000416782
0.000232348,0.000416796
0.000232348,0.000416796
0.000232348,0.000416803
0.000232348,0.000416818
0.000232348,0.000416818
0.000232348,0.000416832
0.000232348,0.000416832
0.000232348,0.000416846
0.000232348,0.000416853
0.000232348,0.000416853
0.000232348,0.000416868
0.000232348,0.000416875
0.000232348,0.000416882
0.000232348,0.000416889
0.000232348,0.000416896
0.000232348,0.000416903
0.000232348,0.00041691
0.000232348,0.000416918
0.000232348,0.000416925
0.000232348,0.000416932
0.000232348,0.000416939
0.000232348,0.000416946
0.000232348,0.000416953
0.000232348,0.000416961
0.000232348,0.000416968
0.000232348,0.000416975
0.000232348,0.000416989
0.000232348,0.000416989
0.000232348,0.000416989
0.000232348,0.000417011
0.000232348,0.000417011
0.000232348,0.000417018
0.000232348,0.000417025
0.000232348,0.000417032
0.000232348,0.000417039
0.000232348,0.000417046
0.000232348,0.000417054
0.000232348,0.000417061
0.000232348,0.000417068
0.000232348,0.000417068
0.000232348,0.000417075
0.000232348,0.000417089
0.000232348,0.000417096
0.000232348,0.000417096
0.000232348,0.000417111
0.000232348,0.000417118
0.000232348,0.000417118
0.000232348,0.000417125
0.000232348,0.000417132
0.000232348,0.000417139
0.000232348,0.000417154
0.000232348,0.000417147
0.000232348,0.000417168
0.000232348,0.000417161
0.000232348,0.000417175
0.000232348,0.000417182
0.000232348,0.000417182
0.000232348,0.000417189
0.000232348,0.000417204
0.000232348,0.000417204
0.000232348,0.000417218
0.000232348,0.000417211
0.000232348,0.000417225
0.000232348,0.000417232
0.000232348,0.00041724
0.000232348,0.00041724
0.000232923,0.000419389
0.000234071,0.000419964
0.000235219,0.000420545
0.000236367,0.000421126
0.000237516,0.000421708
0.000238665,0.000422289
0.000239813,0.000422871
0.000240961,0.000423445
0.00024211,0.000424026
0.000243258,0.000424608
0.000244408,0.000425189
0.000245557,0.000425772
0.000246705,0.000426352
0.000247855,0.000426935
0.000249004,0.000427502
0.000250152,0.000428098
0.0002513,0.000428665
0.000252448,0.000429253
0.000253597,0.000429834
0.000254745,0.000430416
0.000255894,0.000430983
0.000257043,0.000431579
0.000258192,0.000432154
0.000259341,0.000432728
0.000260491,0.000433317
0.000261641,0.000433893
0.000262789,0.000434475
0.000263937,0.000435055
0.000265087,0.00043563
0.000266236,0.000436219
0.000267386,0.000436793
0.000268536,0.000437376
0.000269684,0.000437957
0.000270832,0.000438532
0.000271981,0.000439113
0.00027313,0.000439702
0.00027428,0.00044027
0.00027543,0.000440859
0.00027658,0.000441441
0.000277728,0.000442009
0.000278877,0.000442597
0.000280027,0.000443179
0.000281176,0.000443754
0.000282325,0.000444335
0.000283475,0.000444917
0.000284624,0.000445499
0.000285773,0.000446067
0.000286921,0.000446663
0.000288071,0.000447237
0.000289222,0.000447813
0.000290371,0.000448395
0.000291522,0.000448977
0.000292672,0.000449552
0.00029382,0.000450141
0.000294969,0.000450715
0.000296119,0.00045129
0.000297268,0.000451879
0.000298418,0.000452461
0.000299568,0.000453029
0.000300717,0.000453618
0.000301867,0.000454192
0.000303017,0.000454775
0.000304166,0.00045535
0.000305316,0.000455938
0.000306466,0.000456507
0.000307615,0.000457095
0.000308765,0.000457677
0.000309915,0.000458246
0.000311065,0.000458827
0.000312215,0.000459417
0.000313364,0.000459992
0.000314513,0.000460573
0.000315664,0.000461141
0.000316814,0.000461738
0.000317963,0.000462313
0.000319113,0.00046288
0.000320264,0.00046347
0.000321414,0.000464052
0.000322564,0.000464621
0.000323714,0.000465209
0.000324864,0.000465792
0.000326014,0.000466366
0.000327164,0.000466949
0.000328315,0.000467517
0.000329465,0.000468107
0.000330614,0.000468688
0.000331765,0.000469264
0.000332916,0.000469839
0.000334066,0.000470429
0.000335215,0.000470996
0.000336365,0.000471586
0.000337515,0.00047216
0.000338666,0.000472743
0.000339816,0.000473318
0.000340967,0.000473901
0.000342117,0.000474476
0.000343267,0.000475058
0.000344417,0.000475641
0.000345567,0.000476215
0.000346718,0.000476791
0.000347868,0.000477373
0.000349018,0.000477963
0.000350169,0.00047853
0.00035132,0.000479114
0.00035247,0.000479689
0.000353621,0.000480278
0.000354771,0.000480847
0.000355922,0.000481436
0.000357072,0.000482011
0.000358222,0.000482571
0.000359373,0.000483177
0.000360523,0.000483736
0.000361674,0.000484326
0.000362823,0.000484916
0.000363974,0.000485476
0.000365126,0.000486066
0.000366277,0.000486642
0.000367428,0.000487218
0.000368578,0.000487793
0.000369729,0.000488383
0.000370879,0.000488958
0.00037203,0.000489533
0.000373181,0.000490124
0.000374331,0.000490684
0.000375482,0.000491274
0.000376633,0.000491849
0.000377783,0.000492439
0.000378934,0.000492999
0.000380085,0.000493589
0.000381236,0.000494165
0.000382386,0.000494754
0.000383537,0.00049533
0.000384689,0.000495905
0.000385839,0.000496482
0.000386989,0.000497056
0.000388141,0.000497632
0.000389291,0.000498222
0.000390443,0.000498797
0.000391594,0.000499388
0.000392744,0.000499948
0.000393895,0.000500537
0.000395046,0.000501099
0.000396198,0.000501703
0.000397349,0.000502265
0.000398499,0.00050284
0.000399651,0.00050343
0.000400802,0.000504006
0.000401952,0.000504595
0.000403104,0.000505157
0.000404254,0.000505732
0.000405404,0.000506321
0.000406555,0.000506896
0.000407706,0.000507486
0.000408858,0.000508048
0.000410009,0.000508638
0.000411159,0.000509213
0.000412311,0.000509775
0.000413463,0.000510379
0.000414613,0.00051094
0.000415764,0.00051153
0.000416915,0.000512105
0.000418067,0.000512667
0.000419218,0.000513271
0.000420368,0.000513832
0.00042152,0.000514408
0.000422671,0.000514998
0.000423823,0.000515574
0.000424975,0.00051615
0.000426126,0.000516725
0.000427277,0.000517315
0.000428427,0.000517876
0.000429578,0.000518466
0.000430731,0.000519041
0.000431882,0.000519618
0.000433033,0.000520193
0.000434184,0.000520783
0.000435335,0.000521344
0.000436487,0.000521934
0.000437638,0.00052251
0.00043879,0.000523086
0.00043994,0.000523676
0.000441091,0.000524237
0.000442243,0.000524827
0.000443395,0.000525388
0.000444546,0.000525979
0.000445696,0.000526553
0.000446849,0.00052713
0.000448001,0.00052772
0.000449152,0.000528282
0.000450302,0.000528871
0.000451453,0.000529432
0.000452605,0.000530036
0.000453757,0.000530598
0.00045491,0.000531175
0.000456061,0.000531751
0.000457212,0.00053234
0.000458364,0.000532901
0.000459515,0.000533492
0.000460666,0.000534067
0.000461818,0.000534643
0.00046297,0.00053522
0.000464121,0.000535794
0.000465272,0.000536385
0.000466424,0.000536946
0.000467576,0.000537536
0.000468728,0.000538113
0.000469878,0.000538673
0.00047103,0.000539264
0.000472182,0.000539854
0.000473334,0.000540416
0.000474485,0.000540991
0.000475636,0.000541581
0.000476788,0.000542143
0.000477939,0.000542718
0.00047909,0.000543323
0.000480242,0.000543869
0.000481395,0.000544461
0.000482545,0.000545036
0.000483696,0.000545611
0.000484848,0.000546201
0.000486001,0.000546763
0.000487152,0.000547354
0.000488302,0.000547914
0.000489455,0.000548504
0.000490606,0.000549081
0.000491756,0.000549655
0.00049291,0.000550217
0.000494063,0.000550823
0.000495213,0.00055137
0.000496364,0.000551973
0.000497518,0.000552536
0.000498669,0.000553112
0.000499819,0.000553702
0.00050097,0.000554262
0.000502124,0.000554854
0.000503275,0.000555429
0.000504427,0.000555991
0.000505579,0.000556581
0.00050673,0.000557157
0.000507882,0.000557733
0.000509033,0.000558308
0.000510185,0.000558884
0.000511336,0.00055946
0.000512488,0.000560036
0.000513639,0.000560612
0.000514791,0.000561201
0.000515944,0.000561763
0.000517096,0.000562341
0.000518246,0.000562929
0.000519399,0.000563491
0.000520552,0.000564082
0.000521702,0.000564658
0.000522852,0.000565218
0.000524004,0.000565808
0.000525157,0.000566384
0.00052631,0.000566961
0.000527462,0.000567537
0.000528613,0.000568113
0.000529763,0.000568674
0.000530915,0.000569263
0.000532068,0.000569854
0.00053322,0.000570402
0.000534371,0.000570992
0.000535523,0.000571582
0.000536676,0.000572129
0.000537828,0.000572735
0.000538977,0.000573295
0.000540131,0.000573885
0.000541282,0.000574434
0.000542434,0.000575037
0.000543587,0.0005756
0.000544737,0.000576176
0.000545889,0.000576764
0.000547042,0.000577327
0.000548193,0.000577917
0.000549345,0.000578479
0.000550497,0.000579055
0.00055165,0.000579645
0.000552801,0.000580208
0.000553951,0.000580782
0.000555103,0.000581372
0.000556254,0.000581933
0.000557406,0.000582509
0.000558558,0.000583085
0.000559731,0.000594956
0.000560948,0.000607222
0.000562211,0.000619843
0.000563518,0.000632846
0.000564873,0.000646232
0.000566277,0.000660018
0.000567729,0.000674187
0.000569234,0.000688742
0.000570796,0.000703714
0.00057241,0.000719058
0.000574079,0.000734819
0.000575804,0.00075098
0.00057759,0.000767504
0.000579436,0.000784461
0.000581342,0.000801764
0.000583313,0.000819488
0.000585346,0.000837576
0.000587443,0.000856025
0.000589607,0.00087484
0.000591842,0.000893989
0.000594145,0.000913509
0.000596514,0.000933303
0.000598961,0.000953451
0.000601478,0.000973854
0.000604064,0.000994535
0.000606725,0.00101545
0.000609462,0.00103663
0.000612275,0.00105797
0.000615165,0.0010795
0.000618129,0.00110117
0.000621171,0.00112295
0.00062429,0.00114481
0.000627483,0.00116671
0.000630755,0.00118864
0.000634105,0.00121051
0.000637531,0.00123233
0.000641032,0.00125404
0.000644606,0.00127559
0.000648258,0.00129693
0.000651982,0.00131805
0.00065578,0.00133885
0.00065965,0.00135935
0.000663587,0.00137944
0.000667593,0.0013991
0.000671663,0.00141828
0.000675797,0.00143693
0.000679994,0.00145499
0.000684251,0.00147245
0.000688564,0.0014892
0.000692931,0.00150525
0.000697348,0.00152053
0.000701813,0.001535
0.000706324,0.00154864
0.000710877,0.00156138
0.000715467,0.0015732
0.000720091,0.00158406
0.000724745,0.00159393
0.000729425,0.00160278
0.000734128,0.00161063
0.000738852,0.00161736
0.000743591,0.00162305
0.000748338,0.00162764
0.000753093,0.000375357
0.000448766,0.000522701
0.000448766,0.000522713
0.000448766,0.000522726
0.000448766,0.000522738
0.000448766,0.000522751
0.000448766,0.000522763
0.000448766,0.000522776
0.000448766,0.000522788
0.000448766,0.000522801
0.000448766,0.000522813
0.000448766,0.000522825
0.000448766,0.000522838
0.000448766,0.00052285
0.000448766,0.000522862
0.000448766,0.000522874
0.000448766,0.000522887
0.000448766,0.000522899
0.000448766,0.000522911
0.000448766,0.000522923
0.000448766,0.000522935
0.000448766,0.000522948
0.000448766,0.00052296
0.000448766,0.000522972
0.000448766,0.000522984
0.000448766,0.000522996
0.000448766,0.000523008
0.000448766,0.00052302
0.000448766,0.000523032
0.000448766,0.000523044
0.000448766,0.000523056
0.000448766,0.000523067
0.000448766,0.00052308
0.000448766,0.000523092
0.000448766,0.000523103
0.000448766,0.000523116
0.000448766,0.000523126
0.000448766,0.000523139
0.000448766,0.000523151
0.000448766,0.000523162
0.000448766,0.000523174
0.000448766,0.000523186
0.000448766,0.000523197
0.000448766,0.000523209
0.000448766,0.000523221
0.000448766,0.000523233
0.000448766,0.000523244
0.000448766,0.000523255
0.000448766,0.000523267
0.000448766,0.000523279
0.000448766,0.000523291
0.000448766,0.000523302
0.000448766,0.000523313
0.000448766,0.000523324
0.000448766,0.000523337
0.000448766,0.000523347
0.000448766,0.00052336
0.000448766,0.000523371
0.000448766,0.000523381
0.000448766,0.000523392
0.000448766,0.000523406
0.000448766,0.000523415
0.000448766,0.000523426
0.000448766,0.000523438
0.000448766,0.000523449
0.000448766,0.00052346
0.000448766,0.000523472
0.000448766,0.000523483
0.000448766,0.000523494
0.000448766,0.000523505
0.000448766,0.000523517
0.000448766,0.000523528
0.000448766,0.000523539
0.000448766,0.000523548
0.000448766,0.000523562
0.000448766,0.000523571
0.000448766,0.000523582
0.000448766,0.000523594
0.000448766,0.000523605
0.000448766,0.000523615
0.000448766,0.000523626
0.000448766,0.000523635
0.000448766,0.000523649
0.000448766,0.000523658
0.000448766,0.000523669
0.000448766,0.00052368
0.000446935,0.000545543
0.000443274,0.000543723
0.000439614,0.000541906
0.000435954,0.000540087
0.000432293,0.000538268
0.000428631,0.000536449
0.000424969,0.000534628
0.000421309,0.00053281
0.000417649,0.000530992
0.000413986,0.000529172
0.000410324,0.000527351
0.000406664,0.000525532
0.000403002,0.000523714
0.000399339,0.000521893
0.000395676,0.000520073
0.000392014,0.000518252
0.000388352,0.000516433
0.00038469,0.000514614
0.000381028,0.000512795
0.000377364,0.000510971
0.000373701,0.000509154
0.000370038,0.000507331
0.000366375,0.000505511
0.000362712,0.000503691
0.000359049,0.000501871
0.000355386,0.00050005
0.000351722,0.000498231
0.000348058,0.000496406
0.000344395,0.000494589
0.000340731,0.000492766
0.000337067,0.000490945
0.000333402,0.000489125
0.000329738,0.0004873
0.000326074,0.000485484
0.000322408,0.000483659
0.000318742,0.000481836
0.000315078,0.000480016
0.000311414,0.000478192
0.00030775,0.000476375
0.000304084,0.00047455
0.000300418,0.000472729
0.000296752,0.000470907
0.000293087,0.000469082
0.000289421,0.000467261
0.000285755,0.000465439
0.000282091,0.000463618
0.000278425,0.000461794
0.000274758,0.000459972
0.000271091,0.00045815
0.000267424,0.000456327
0.000263759,0.000454503
0.000260091,0.000452681
0.000256425,0.000450858
0.000252757,0.000449034
0.00024909,0.00044721
0.000245423,0.000445389
0.000241756,0.000443563
0.000238088,0.000441741
0.000235194,0.000440199
0.000233074,0.000439146
0.000230953,0.000438099
0.00022883,0.000437048
0.000226709,0.000435995
0.000224588,0.000434946
0.000222467,0.000433896
0.000220346,0.000432845
0.000218224,0.000431795
0.000216102,0.000430742
0.00021398,0.000429693
0.00021186,0.000428643
0.000209738,0.000427592
0.000207615,0.000426537
0.000205494,0.00042549
0.000203373,0.000424439
0.000201251,0.000423386
0.000199128,0.000422336
0.000198841,0.000399098
0.000200388,0.000399879
0.000201935,0.00040066
0.000203482,0.000401445
0.00020503,0.000402229
0.000206578,0.00040301
0.000208126,0.000403795
0.000209673,0.000404576
0.000211221,0.00040536
0.000212769,0.000406141
0.000214317,0.000406926
0.000215865,0.000407707
0.000217412,0.000408492
0.00021896,0.000409273
0.000220508,0.000410054
0.000222057,0.000410839
0.000223605,0.000411624
0.000225153,0.000412404
0.000226701,0.000413186
0.000228249,0.00041397
0.000229797,0.000414752
0.000231346,0.000415537
0.00023212,0.000416317
0.00023212,0.000416328
0.00023212,0.000416335
0.00023212,0.000416342
0.00023212,0.000416353
0.00023212,0.00041636
0.00023212,0.000416367
0.00023212,0.000416378
0.00023212,0.000416385
0.00023212,0.000416396
0.00023212,0.000416403
0.00023212,0.00041641
0.00023212,0.000416421
0.00023212,0.000416428
0.00023212,0.000416435
0.00023212,0.000416446
0.00023212,0.000416453
0.00023212,0.00041646
0.00023212,0.000416467
0.00023212,0.000416482
0.00023212,0.000416482
0.00023212,0.000416496
0.00023212,0.000416503
0.00023212,0.00041651
0.00023212,0.000416518
0.00023212,0.000416525
0.00023212,0.000416539
0.00023212,0.000416539
0.00023212,0.000416553
0.00023212,0.00041656
0.00023212,0.000416568
0.00023212,0.000416575
0.00023212,0.000416582
0.00023212,0.000416589
0.00023212,0.000416596
0.00023212,0.000416611
0.00023212,0.000416611
0.00023212,0.000416625
0.00023212,0.000416625
0.00023212,0.000416639
0.00023212,0.000416646
0.00023212,0.000416653
0.00023212,0.000416661
0.00023212,0.000416668
0.00023212,0.000416682
0.00023212,0.000416682
0.00023212,0.000416689
0.00023212,0.000416704
0.00023212,0.000416704
0.00023212,0.000416718
0.00023212,0.000416718
0.00023212,0.000416732
0.00023212,0.000416739
0.00023212,0.000416739
0.00023212,0.000416754
0.00023212,0.000416761
0.00023212,0.000416768
0.00023212,0.000416775
0.00023212,0.000416782
0.00023212,0.000416789
0.00023212,0.000416797
0.00023212,0.000416804
0.00023212,0.000416811
0.00023212,0.000416818
0.00023212,0.000416825
0.00023212,0.000416832
0.00023212,0.000416839
0.00023212,0.000416847
0.00023212,0.000416854
0.00023212,0.000416861
0.00023212,0.000416875
0.00023212,0.000416875
0.00023212,0.000416875
0.00023212,0.000416897
0.00023212,0.000416897
0.00023212,0.000416904
0.00023212,0.000416911
0.00023212,0.000416918
0.00023212,0.000416925
0.00023212,0.000416932
0.00023212,0.00041694
0.00023212,0.000416947
0.00023212,0.000416954
0.00023212,0.000416954
0.00023212,0.000416961
0.00023212,0.000416975
0.00023212,0.000416982
0.00023212,0.000416982
0.00023212,0.000416997
0.00023212,0.000417004
0.00023212,0.000417004
0.00023212,0.000417011
0.00023212,0.000417018
0.00023212,0.000417025
0.00023212,0.00041704
0.00023212,0.000417033
0.00023212,0.000417054
0.00023212,0.000417047
0.00023212,0.000417061
0.00023212,0.000417068
0.00023212,0.000417068
0.00023212,0.000417075
0.00023212,0.00041709
0.00023212,0.00041709
0.00023212,0.000417104
0.00023212,0.000417097
0.00023212,0.000417111
0.00023212,0.000417118
0.00023212,0.000417126
0.00023212,0.000417126
0.000232694,0.000419344
0.000233841,0.000419917
0.000234989,0.000420499
0.000236135,0.000421079
0.000237283,0.00042166
0.000238431,0.000422241
0.000239578,0.000422822
0.000240726,0.000423395
0.000241874,0.000423977
0.00024302,0.000424558
0.000244167,0.000425138
0.000245315,0.000425719
0.000246463,0.0004263
0.00024761,0.000426881
0.000248758,0.000427448
0.000249906,0.000428044
0.000251053,0.00042861
0.000252201,0.000429198
0.000253349,0.000429779
0.000254497,0.00043036
0.000255645,0.000430928
0.000256793,0.000431523
0.00025794,0.000432097
0.000259088,0.00043267
0.000260235,0.000433259
0.000261382,0.000433832
0.000262531,0.000434414
0.000263679,0.000434995
0.000264827,0.000435569
0.000265975,0.000436157
0.000267123,0.000436731
0.000268271,0.000437312
0.000269418,0.000437893
0.000270565,0.000438467
0.000271714,0.000439048
0.000272863,0.000439637
0.000274011,0.000440204
0.000275159,0.000440792
0.000276307,0.000441373
0.000277455,0.000441941
0.000278603,0.000442529
0.000279751,0.00044311
0.0002809,0.000443684
0.000282049,0.000444266
0.000283197,0.000444847
0.000284345,0.000445428
0.000285493,0.000445995
0.000286641,0.000446591
0.00028779,0.000447166
0.000288938,0.00044774
0.000290087,0.000448321
0.000291235,0.000448903
0.000292383,0.000449476
0.000293532,0.000450065
0.00029468,0.000450639
0.000295828,0.000451213
0.000296977,0.000451802
0.000298126,0.000452384
0.000299274,0.000452951
0.000300422,0.000453539
0.00030157,0.000454113
0.000302719,0.000454694
0.000303868,0.000455269
0.000305017,0.000455858
0.000306166,0.000456425
0.000307315,0.000457015
0.000308463,0.000457596
0.000309612,0.000458163
0.000310761,0.000458745
0.000311909,0.000459333
0.000313058,0.000459907
0.000314207,0.000460489
0.000315356,0.000461057
0.000316503,0.000461652
0.000317651,0.000462225
0.0003188,0.000462793
0.000319949,0.000463382
0.000321099,0.000463964
0.000322249,0.000464531
0.000323398,0.000465121
0.000324546,0.000465702
0.000325695,0.000466277
0.000326844,0.000466858
0.000327992,0.000467426
0.000329141,0.000468013
0.000330291,0.000468596
0.00033144,0.00046917
0.000332589,0.000469745
0.000333737,0.000470333
0.000334886,0.000470901
0.000336036,0.00047149
0.000337186,0.000472065
0.000338335,0.000472646
0.000339484,0.000473221
0.000340632,0.000473802
0.000341781,0.000474377
0.00034293,0.000474959
0.00034408,0.000475541
0.000345229,0.000476116
0.000346378,0.00047669
0.000347527,0.000477272
0.000348677,0.00047786
0.000349827,0.00047843
0.000350975,0.00047901
0.000352125,0.000479585
0.000353274,0.000480174
0.000354423,0.000480741
0.000355572,0.00048133
0.000356721,0.000481904
0.000357872,0.000482466
0.000359022,0.000483069
0.000360171,0.00048363
0.000361319,0.000484218
0.000362469,0.000484807
0.000363619,0.000485368
0.000364767,0.000485957
0.000365916,0.00048653
0.000367066,0.000487106
0.000368215,0.00048768
0.000369364,0.000488269
0.000370514,0.000488844
0.000371664,0.000489419
0.000372815,0.000490008
0.000373964,0.00049057
0.000375113,0.000491158
0.000376263,0.000491733
0.000377414,0.000492322
0.000378563,0.000492884
0.000379711,0.000493471
0.000380861,0.000494047
0.000382011,0.000494635
0.000383162,0.000495211
0.00038431,0.000495786
0.00038546,0.00049636
0.000386611,0.000496936
0.000387761,0.000497511
0.00038891,0.0004981
0.000390058,0.000498675
0.000391207,0.000499262
0.000392358,0.000499824
0.000393509,0.000500413
0.000394658,0.000500975
0.000395807,0.000501577
0.000396958,0.000502138
0.000398108,0.000502714
0.000399257,0.000503302
0.000400407,0.000503877
0.000401558,0.000504467
0.000402708,0.000505028
0.000403858,0.000505602
0.000405007,0.000506192
0.000406157,0.000506767
0.000407307,0.000507356
0.000408458,0.000507916
0.000409607,0.000508506
0.000410756,0.00050908
0.000411906,0.000509641
0.000413056,0.000510245
0.000414207,0.000510805
0.000415358,0.000511396
0.000416507,0.00051197
0.000417657,0.000512531
0.000418806,0.000513134
0.000419956,0.000513695
0.000421107,0.00051427
0.000422257,0.00051486
0.000423406,0.000515434
0.000424556,0.00051601
0.000425707,0.000516584
0.000426858,0.000517175
0.000428008,0.000517735
0.000429158,0.000518325
0.000430308,0.0005189
0.000431458,0.000519474
0.000432608,0.00052005
0.000433759,0.000520639
0.000434909,0.000521201
0.000436057,0.000521788
0.000437209,0.000522364
0.00043836,0.00052294
0.000439509,0.000523529
0.000440659,0.00052409
0.000441809,0.000524679
0.000442959,0.00052524
0.000444109,0.000525829
0.000445261,0.000526405
0.000446411,0.00052698
0.00044756,0.000527569
0.00044871,0.000528129
0.000449862,0.000528719
0.000451013,0.000529281
0.000452163,0.000529884
0.000453313,0.000530446
0.000454462,0.00053102
0.000455612,0.000531595
0.000456762,0.000532184
0.000457913,0.000532746
0.000459064,0.000533335
0.000460214,0.00053391
0.000461364,0.000534485
0.000462514,0.00053506
0.000463665,0.000535635
0.000464815,0.000536225
0.000465965,0.000536786
0.000467115,0.000537375
0.000468265,0.00053795
0.000469417,0.000538512
0.000470568,0.000539102
0.000471717,0.000539691
0.000472867,0.000540251
0.000474019,0.000540826
0.000475169,0.000541417
0.000476319,0.000541977
0.00047747,0.000542553
0.000478621,0.000543156
0.00047977,0.000543704
0.00048092,0.000544292
0.000482072,0.000544868
0.000483223,0.000545443
0.000484373,0.000546033
0.000485523,0.000546593
0.000486674,0.000547183
0.000487826,0.000547745
0.000488974,0.000548335
0.000490124,0.000548907
0.000491277,0.000549485
0.000492427,0.000550046
0.000493577,0.000550649
0.000494728,0.000551196
0.000495878,0.0005518
0.000497028,0.00055236
0.000498179,0.000552936
0.000499331,0.000553526
0.000500482,0.000554087
0.000501632,0.000554677
0.00050278,0.000555251
0.00050393,0.000555811
0.000505081,0.000556401
0.000506233,0.000556977
0.000507385,0.000557553
0.000508536,0.000558129
0.000509686,0.000558704
0.000510836,0.000559279
0.000511987,0.000559854
0.000513137,0.00056043
0.000514287,0.000561018
0.000515437,0.00056158
0.000516588,0.000562154
0.00051774,0.000562745
0.000518889,0.000563305
0.000520039,0.000563895
0.000521191,0.000564469
0.000522342,0.000565033
0.000523492,0.000565621
0.000524644,0.000566197
0.000525793,0.000566772
0.000526943,0.000567347
0.000528095,0.000567922
0.000529246,0.000568484
0.000530396,0.000569074
0.000531544,0.000569662
0.000532696,0.000570208
0.000533849,0.000570799
0.000534999,0.000571389
0.000536147,0.000571935
0.000537298,0.000572538
0.000538452,0.000573101
0.000539601,0.000573691
0.000540751,0.000574236
0.000541901,0.000574841
0.000543051,0.0005754
0.000544204,0.000575976
0.000545354,0.000576568
0.000546502,0.000577126
0.000547653,0.000577716
0.000548805,0.000578277
0.000549957,0.000578853
0.000551106,0.000579443
0.000552256,0.000580003
0.000553409,0.000580579
0.000554561,0.000581171
0.000555711,0.00058173
0.000556861,0.000582306
0.00055801,0.00058288
0.000559183,0.000594753
0.000560399,0.000607022
0.000561658,0.000619644
0.000562963,0.000632648
0.000564317,0.000646037
0.000565719,0.000659824
0.000567175,0.000673997
0.00056868,0.000688558
0.000570236,0.000703529
0.000571847,0.000718875
0.000573515,0.000734637
0.000575241,0.000750804
0.000577024,0.00076733
0.000578867,0.000784289
0.000580772,0.000801595
0.000582739,0.000819322
0.00058477,0.000837411
0.000586867,0.000855864
0.000589033,0.000874683
0.000591263,0.000893838
0.00059356,0.000913355
0.000595933,0.000933155
0.000598374,0.000953309
0.000600885,0.00097371
0.000603472,0.000994395
0.000606133,0.00101532
0.000608867,0.00103649
0.000611676,0.00105784
0.00061456,0.00107938
0.000617523,0.00110104
0.000620563,0.00112283
0.000623678,0.00114469
0.00062687,0.0011666
0.000630139,0.00118853
0.000633484,0.0012104
0.000636905,0.00123222
0.000640402,0.00125394
0.000643977,0.00127549
0.000647625,0.00129684
0.000651346,0.00131796
0.000655137,0.00133876
0.000658999,0.00135926
0.000662933,0.00137935
0.000666935,0.00139902
0.000671003,0.0014182
0.000675135,0.00143685
0.000679328,0.00145491
0.000683577,0.00147237
0.000687885,0.00148912
0.000692248,0.00150518
0.000696663,0.00152046
0.000701124,0.00153492
0.00070563,0.00154856
0.000710179,0.0015613
0.000714764,0.00157313
0.000719383,0.00158399
0.000724032,0.00159386
0.00072871,0.0016027
0.000733411,0.00161055
0.000738128,0.00161729
0.000742859,0.00162296
0.000747603,0.00162755
0.000752354,0.000374989
0,0.000298318
0,0.000298331
0,0.000298343
0,0.000298356
0,0.000298368
0,0.00029838
0,0.000298393
0,0.000298405
0,0.000298418
0,0.00029843
0,0.000298442
0,0.000298455
0,0.000298467
0,0.000298479
0,0.000298491
0,0.000298504
0,0.000298516
0,0.000298528
0,0.000298541
0,0.000298552
0,0.000298565
0,0.000298577
0,0.000298589
0,0.000298601
0,0.000298613
0,0.000298625
0,0.000298637
0,0.000298649
0,0.000298661
0,0.000298673
0,0.000298685
0,0.000298697
0,0.000298709
0,0.00029872
0,0.000298733
0,0.000298744
0,0.000298756
0,0.000298769
0,0.000298779
0,0.000298791
0,0.000298803
0,0.000298814
0,0.000298826
0,0.000298838
0,0.00029885
0,0.000298862
0,0.000298872
0,0.000298884
0,0.000298896
0,0.000298908
0,0.000298919
0,0.00029893
0,0.000298941
0,0.000298954
0,0.000298964
0,0.000298977
0,0.000298988
0,0.000298998
0,0.000299009
0,0.000299023
0,0.000299032
0,0.000299043
0,0.000299056
0,0.000299066
0,0.000299077
0,0.00029909
0,0.0002991
0,0.000299111
0,0.000299122
0,0.000299134
0,0.000299145
0,0.000299156
0,0.000299165
0,0.000299179
0,0.000299188
0,0.000299199
0,0.000299211
0,0.000299222
0,0.000299233
0,0.000299243
0,0.000299252
0,0.000299267
0,0.000299276
0,0.000299286
0,0.000299297
0,0.000321827
0,0.000321839
0,0.00032185
0,0.000321864
0,0.000321873
0,0.000321886
0,0.000321895
0,0.000321908
0,0.000321919
0,0.000321931
0,0.000321942
0,0.000321953
0,0.000321965
0,0.000321975
0,0.000321987
0,0.000321997
0,0.00032201
0,0.000322022
0,0.000322033
0,0.000322041
0,0.000322056
0,0.000322064
0,0.000322076
0,0.000322087
0,0.000322098
0,0.00032211
0,0.000322121
0,0.00032213
0,0.000322144
0,0.000322153
0,0.000322164
0,0.000322176
0,0.000322183
0,0.000322198
0,0.000322206
0,0.000322218
0,0.000322229
0,0.000322237
0,0.000322252
0,0.00032226
0,0.000322271
0,0.000322283
0,0.000322291
0,0.000322302
0,0.000322314
0,0.000322325
0,0.000322333
0,0.000322345
0,0.000322356
0,0.000322367
0,0.000322376
0,0.000322387
0,0.000322398
0,0.000322407
0,0.000322418
0,0.000322429
0,0.000322437
0,0.000322448
0,0.000322459
0,0.000322468
0,0.000322479
0,0.000322491
0,0.000322499
0,0.00032251
0,0.000322521
0,0.000322529
0,0.00032254
0,0.000322549
0,0.00032256
0,0.000322571
0,0.000322579
0,0.000322588
0,0.000322602
0,0.00032261
0,0.000322618
0,0.000322629
0,0.000300064
0,0.000300071
0,0.000300078
0,0.000300089
0,0.0003001
0,0.000300107
0,0.000300118
0,0.000300125
0,0.000300136
0,0.000300143
0,0.000300153
0,0.000300161
0,0.000300171
0,0.000300179
0,0.000300186
0,0.000300196
0,0.000300207
0,0.000300214
0,0.000300221
0,0.000300232
0,0.000300239
0,0.00030025
0,0.000300257
0,0.000300268
0,0.000300275
0,0.000300282
0,0.000300293
0,0.0003003
0,0.000300307
0,0.000300318
0,0.000300325
0,0.000300336
0,0.000300343
0,0.00030035
0,0.000300361
0,0.000300368
0,0.000300375
0,0.000300386
0,0.000300393
0,0.0003004
0,0.000300407
0,0.000300422
0,0.000300422
0,0.000300436
0,0.000300443
0,0.00030045
0,0.000300457
0,0.000300465
0,0.000300479
0,0.000300479
0,0.000300493
0,0.0003005
0,0.000300508
0,0.000300515
0,0.000300522
0,0.000300529
0,0.000300536
0,0.00030055
0,0.00030055
0,0.000300565
0,0.000300565
0,0.000300579
0,0.000300586
0,0.000300593
0,0.000300601
0,0.000300608
0,0.000300622
0,0.000300622
0,0.000300629
0,0.000300643
0,0.000300643
0,0.000300658
0,0.000300658
0,0.000300672
0,0.000300679
0,0.000300679
0,0.000300694
0,0.000300701
0,0.000300708
0,0.000300715
0,0.000300722
0,0.000300729
0,0.000300736
0,0.000300744
0,0.000300751
0,0.000300758
0,0.000300765
0,0.000300772
0,0.000300779
0,0.000300786
0,0.000300794
0,0.000300801
0,0.000300815
0,0.000300815
0,0.000300815
0,0.000300837
0,0.000300837
0,0.000300844
0,0.000300851
0,0.000300858
0,0.000300865
0,0.000300872
0,0.000300879
0,0.000300887
0,0.000300894
0,0.000300894
0,0.000300901
0,0.000300915
0,0.000300922
0,0.000300922
0,0.000300937
0,0.000300944
0,0.000300944
0,0.000300951
0,0.000300958
0,0.000300965
0,0.00030098
0,0.000300972
0,0.000300994
0,0.000300987
0,0.000301001
0,0.000301008
0,0.000301008
0,0.000301015
0,0.00030103
0,0.00030103
0,0.000301044
0,0.000301037
0,0.000301051
0,0.000301058
0,0.000301065
0,0.000301065
0,0.000303353
0,0.000303353
0,0.00030336
0,0.000303368
0,0.000303375
0,0.000303382
0,0.000303389
0,0.000303389
0,0.000303396
0,0.000303404
0,0.000303411
0,0.000303418
0,0.000303425
0,0.000303433
0,0.000303425
0,0.000303447
0,0.00030344
0,0.000303454
0,0.000303461
0,0.000303469
0,0.000303461
0,0.000303483
0,0.000303483
0,0.000303483
0,0.000303497
0,0.000303497
0,0.000303505
0,0.000303512
0,0.000303512
0,0.000303526
0,0.000303526
0,0.000303534
0,0.000303541
0,0.000303541
0,0.000303548
0,0.000303562
0,0.000303555
0,0.000303569
0,0.000303577
0,0.00030357
0,0.000303584
0,0.000303591
0,0.000303591
0,0.000303598
0,0.000303606
0,0.000303613
0,0.000303606
0,0.000303627
0,0.000303627
0,0.000303627
0,0.000303634
0,0.000303642
0,0.000303641
0,0.000303656
0,0.000303656
0,0.000303656
0,0.00030367
0,0.000303678
0,0.00030367
0,0.000303685
0,0.000303685
0,0.000303692
0,0.000303692
0,0.000303706
0,0.000303699
0,0.000303714
0,0.000303721
0,0.000303714
0,0.000303721
0,0.000303735
0,0.000303735
0,0.000303742
0,0.000303735
0,0.000303757
0,0.000303757
0,0.00030375
0,0.000303764
0,0.000303771
0,0.000303764
0,0.000303779
0,0.000303786
0,0.000303786
0,0.000303793
0,0.000303786
0,0.0003038
0,0.000303807
0,0.000303807
0,0.000303807
0,0.000303822
0,0.000303815
0,0.000303829
0,0.000303829
0,0.000303836
0,0.000303836
0,0.000303843
0,0.000303843
0,0.000303851
0,0.000303858
0,0.000303858
0,0.000303858
0,0.000303865
0,0.000303879
0,0.000303872
0,0.000303879
0,0.000303879
0,0.000303894
0,0.000303887
0,0.000303901
0,0.000303901
0,0.000303887
0,0.000303915
0,0.000303901
0,0.000303915
0,0.00030393
0,0.000303915
0,0.00030393
0,0.00030393
0,0.00030393
0,0.00030393
0,0.000303944
0,0.000303944
0,0.000303944
0,0.000303958
0,0.000303944
0,0.000303959
0,0.000303959
0,0.000303973
0,0.000303959
0,0.000303973
0,0.000303973
0,0.000303987
0,0.000303987
0,0.000303987
0,0.000303988
0,0.000303987
0,0.000303988
0,0.000304002
0,0.000304002
0,0.000304016
0,0.000304002
0,0.000304016
0,0.000304002
0,0.00030403
0,0.000304016
0,0.000304016
0,0.000304031
0,0.000304031
0,0.000304045
0,0.000304031
0,0.000304031
0,0.000304045
0,0.000304045
0,0.000304059
0,0.000304045
0,0.000304059
0,0.000304059
0,0.000304045
0,0.000304074
0,0.00030406
0,0.000304074
0,0.000304074
0,0.00030406
0,0.000304088
0,0.000304074
0,0.000304074
0,0.000304088
0,0.000304088
0,0.000304088
0,0.000304088
0,0.000304103
0,0.000304088
0,0.000304103
0,0.000304103
0,0.000304103
0,0.000304103
0,0.000304117
0,0.000304103
0,0.000304117
0,0.000304117
0,0.000304117
0,0.000304132
0,0.000304117
0,0.000304132
0,0.000304117
0,0.000304132
0,0.000304132
0,0.000304132
0,0.000304146
0,0.000304132
0,0.000304146
0,0.000304132
0,0.00030416
0,0.000304146
0,0.000304146
0,0.000304146
0,0.00030416
0,0.000304146
0,0.00030416
0,0.00030416
0,0.00030416
0,0.00030416
0,0.00030416
0,0.000304175
0,0.000304161
0,0.000304175
0,0.000304175
0,0.000304161
0,0.000304175
0,0.000304189
0,0.000304175
0,0.000304175
0,0.000304189
0,0.000304175
0,0.000304175
0,0.000304203
0,0.000304175
0,0.000304189
0,0.000304189
0,0.000304189
0,0.000304203
0,0.000304189
0,0.000304204
0,0.000304189
0,0.000304204
0,0.000304204
0,0.000304204
0,0.000304189
0,0.000304218
0,0.000304189
0,0.000304218
0,0.000304204
0,0.000304204
0,0.000304218
0,0.000304204
0,0.000304218
0,0.000304218
0,0.000304204
0,0.000304218
0,0.000304218
0,0.000304218
0,0.000304218
0,0.000304218
0,0.000304218
0,0.000304218
0,0.000304218
0,0.000304232
0,0.000304218
0,0.000304218
0,0.000304232
0,0.000304218
0,0.000304232
0,0.000304232
0,0.000304218
0,0.000304232
0,0.000304232
0,0.000304232
0,0.000304232
0,0.000304233
0,0.000304218
0,0.000304232
0,0.000304247
0,0.000304218
0,0.000304232
0,0.000304247
0,0.000304218
0,0.000304247
0,0.000304232
0,0.000304247
0,0.000304218
0,0.000304247
0,0.000304232
0,0.000304233
0,0.000304247
0,0.000304232
0,0.000304247
0,0.000304233
0,0.000304232
0,0.000304247
0,0.000304233
0,0.000304233
0,0.000304247
0,0.000304233
0,0.000304233
0,0.000304232
0,0.000315532
0,0.000327207
0,0.000339213
0,0.00035158
0,0.000364307
0,0.000377408
0,0.00039087
0,0.000404692
0,0.000418903
0,0.000433461
0,0.000448407
0,0.000463728
0,0.000479381
0,0.000495437
0,0.000511811
0,0.000528573
0,0.000545667
0,0.000563092
0,0.000580849
0,0.000598909
0,0.0006173
0,0.000635937
0,0.000654889
0,0.000674059
0,0.000693474
0,0.00071309
0,0.000732922
0,0.000752885
0,0.000773005
0,0.000793213
0,0.000813506
0,0.000833829
0,0.000854166
0,0.000874488
0,0.00089471
0,0.000914845
0,0.000934836
0,0.000954625
0,0.00097417
0,0.000993454
0,0.00101238
0,0.00103097
0,0.00104912
0,0.0010668
0,0.00108397
0,0.00110057
0,0.00111656
0,0.00113191
0,0.00114652
0,0.00116042
0,0.0011735
0,0.00118575
0,0.00119716
0,0.00120763
0,0.00121718
0,0.00122574
0,0.00123329
0,0.0012398
0,0.00124531
0,0.00124969
0,0.00125301
0,0.00125523
0,0
