0.0198879,0.28161
0.0596644,0.28161
0.0994427,0.28161
0.139223,0.28161
0.179004,0.28161
0.218787,0.28161
0.258572,0.28161
0.298359,0.28161
0.338147,0.28161
0.377937,0.28161
0.417728,0.28161
0.457521,0.28161
0.497316,0.28161
0.537113,0.28161
0.576911,0.28161
0.61671,0.28161
0.656512,0.28161
0.696315,0.28161
0.736119,0.28161
0.775925,0.28161
0.815733,0.28161
0.855543,0.28161
0.895354,0.28161
0.935166,0.28161
0.974981,0.28161
1.0148,0.28161
1.05461,0.28161
1.09443,0.28161
1.13425,0.28161
1.17408,0.28161
1.2139,0.28161
1.25373,0.28161
1.29355,0.28161
1.33338,0.28161
1.37321,0.28161
1.41304,0.28161
1.45288,0.28161
1.49271,0.28161
1.53255,0.28161
1.57239,0.28161
1.61223,0.28161
1.65207,0.28161
1.69191,0.28161
1.73175,0.28161
1.7716,0.28161
1.81145,0.28161
1.8513,0.28161
1.89115,0.28161
1.931,0.28161
1.97085,0.28161
2.01071,0.28161
2.05056,0.28161
2.09042,0.28161
2.13028,0.28161
2.17014,0.28161
2.21001,0.28161
2.24987,0.28161
2.28974,0.28161
2.3296,0.28161
2.36947,0.28161
2.40934,0.28161
2.44921,0.28161
2.48909,0.28161
2.52896,0.28161
2.56884,0.28161
2.60872,0.28161
2.64859,0.28161
2.68848,0.28161
2.72836,0.28161
2.76824,0.28161
2.80813,0.28161
2.84801,0.28161
2.8879,0.28161
2.92779,0.28161
2.96768,0.28161
3.00757,0.28161
3.04747,0.28161
3.08736,0.28161
3.12726,0.28161
3.16716,0.28161
3.20706,0.28161
3.24696,0.28161
3.28686,0.28161
3.32677,0.28161
3.36667,0.28161
3.40658,0.28161
3.44649,0.281488
3.4864,0.281367
3.52631,0.281245
3.56622,0.281123
3.60614,0.281001
3.64605,0.280879
3.68597,0.280757
3.72589,0.280635
3.76581,0.280513
3.80573,0.280391
3.84565,0.280269
3.88557,0.280147
3.9255,0.280025
3.96543,0.279904
4.00536,0.279782
4.04528,0.27966
4.08522,0.279538
4.12515,0.279416
4.16508,0.279294
4.20502,0.279172
4.24495,0.27905
4.28489,0.278928
4.32483,0.278806
4.36477,0.278684
4.40471,0.278562
4.44466,0.27844
4.4846,0.278318
4.52455,0.278196
4.56449,0.278074
4.60444,0.277952
4.64439,0.27783
4.68435,0.277708
4.7243,0.277586
4.76425,0.277464
4.80421,0.277342
4.84416,0.27722
4.88412,0.277098
4.92408,0.276976
4.96404,0.276854
5.004,0.276731
5.04397,0.276609
5.08393,0.276487
5.1239,0.276365
5.16387,0.276243
5.20383,0.276121
5.2438,0.275999
5.28378,0.275877
5.32375,0.275755
5.36372,0.275633
5.4037,0.275511
5.44367,0.275389
5.48365,0.275267
5.52363,0.275144
5.56361,0.275022
5.60359,0.2749
5.64357,0.274778
5.68356,0.274656
5.72354,0.274534
5.76353,0.267801
5.80352,0.261067
5.84351,0.254333
5.8835,0.247599
5.92349,0.240865
5.96348,0.234131
6.00348,0.227396
6.04347,0.220661
6.08347,0.213926
6.12347,0.207191
6.16347,0.200456
6.20347,0.19372
6.24347,0.186984
6.28347,0.180248
6.32348,0.173512
6.36348,0.166776
6.40349,0.160039
6.44349,0.153302
6.4835,0.146687
6.52351,0.140072
6.56352,0.133457
6.60354,0.126842
6.64355,0.120226
6.68357,0.11361
6.72358,0.106994
6.7636,0.100378
6.80362,0.0937612
6.84364,0.0871445
6.88366,0.0805277
6.92368,0.0739106
6.9637,0.0672934
7.00373,0.060676
7.04375,0.0540583
7.08378,0.0474405
7.12381,0.0408225
7.16384,0.0342043
7.20387,0.0275859
7.2439,0.0209673
7.28393,0.0143485
7.32397,0.0077295
7.364,0.0077295
7.40404,0.0077295
7.44407,0.0077295
7.48411,0.0077295
7.52415,0.0077295
7.56419,0.0077295
7.60423,0.0077295
7.64428,0.0077295
7.68432,0.0077295
7.72437,0.0077295
7.76441,0.0077295
7.80446,0.0077295
7.84451,0.0077295
7.88456,0.0077295
7.92461,0.0077295
7.96466,0.0077295
8.00471,0.0077295
8.04477,0.0077295
8.08482,0.0077295
8.12488,0.0077295
8.16494,0.0077295
8.205,0.0077295
8.24506,0.0077295
8.28512,0.0077295
8.32518,0.0077295
8.36524,0.0077295
8.4053,0.0077295
8.44537,0.0077295
8.48544,0.0077295
8.5255,0.0077295
8.56557,0.0077295
8.60564,0.0077295
8.64571,0.0077295
8.68578,0.0077295
8.72585,0.0077295
8.76593,0.0077295
8.806,0.0077295
8.84608,0.0077295
8.88615,0.0077295
8.92623,0.0077295
8.96631,0.0077295
9.00639,0.0077295
9.04647,0.0077295
9.08655,0.0077295
9.12663,0.0077295
9.16672,0.0077295
9.2068,0.0077295
9.24689,0.0077295
9.28697,0.0077295
9.32706,0.0077295
9.36715,0.0077295
9.40724,0.0077295
9.44733,0.0077295
9.48742,0.0077295
9.52752,0.0077295
9.56761,0.0077295
9.6077,0.0077295
9.6478,0.0077295
9.6879,0.0077295
9.72799,0.0077295
9.76809,0.0077295
9.80819,0.0077295
9.84829,0.0077295
9.8884,0.0077295
9.9285,0.0077295
9.9686,0.0077295
10.0087,0.0077295
10.0488,0.0077295
10.0889,0.0077295
10.129,0.0077295
10.1691,0.0077295
10.2092,0.0077295
10.2494,0.0077295
10.2895,0.0077295
10.3296,0.0077295
10.3697,0.0077295
10.4098,0.0077295
10.4499,0.0077295
10.49,0.0077295
10.5302,0.0077295
10.5703,0.0077295
10.6104,0.0077295
10.6505,0.0077295
10.6906,0.0077295
10.7307,0.0077295
10.7709,0.0077295
10.811,0.0077295
10.8511,0.0077295
10.8912,0.0077295
10.9314,0.0077295
10.9715,0.0077295
11.0116,0.0077295
11.0517,0.0077295
11.0919,0.0077295
11.132,0.0077295
11.1721,0.0077295
11.2123,0.0077295
11.2524,0.0077295
11.2925,0.0077295
11.3327,0.0077295
11.3728,0.0077295
11.4129,0.0077295
11.4531,0.0077295
11.4932,0.0077295
11.5334,0.0077295
11.5735,0.0077295
11.6136,0.0077295
11.6538,0.0077295
11.6939,0.0077295
11.7341,0.0077295
11.7742,0.0077677
11.8144,0.0078059
11.8545,0.00784411
11.8946,0.00788232
11.9348,0.00792052
11.9749,0.00795873
12.0151,0.00799694
12.0552,0.00803515
12.0954,0.00807336
12.1355,0.00811157
12.1757,0.00814978
12.2158,0.008188
12.256,0.00822621
12.2962,0.00826442
12.3363,0.00830264
12.3765,0.00834086
12.4166,0.00837907
12.4568,0.00841729
12.4969,0.00845551
12.5371,0.00849373
12.5773,0.00853194
12.6174,0.00857017
12.6576,0.00860839
12.6977,0.00864661
12.7379,0.00868483
12.7781,0.00872305
12.8182,0.00876128
12.8584,0.0087995
12.8986,0.00883773
12.9387,0.00887595
12.9789,0.00891418
13.0191,0.00895241
13.0592,0.00899063
13.0994,0.00902886
13.1396,0.00906709
13.1797,0.00910532
13.2199,0.00914355
13.2601,0.00918178
13.3003,0.00922002
13.3404,0.00925825
13.3806,0.00929648
13.4208,0.00933472
13.461,0.00937295
13.5011,0.00941119
13.5413,0.00944942
13.5815,0.00948766
13.6217,0.0095259
13.6619,0.00956414
13.702,0.00960238
13.7422,0.00964062
13.7824,0.00967886
13.8226,0.0097171
13.8628,0.00975534
13.9029,0.00979358
13.9431,0.00983182
13.9833,0.00987007
14.0235,0.00990831
14.0637,0.00994656
14.1039,0.0099848
14.1441,0.010023
14.1842,0.0100613
14.2244,0.0100995
14.2646,0.0101378
14.3048,0.010176
14.345,0.0102143
14.3852,0.0102525
14.4254,0.0102908
14.4656,0.010329
14.5058,0.0103673
14.546,0.0104055
14.5862,0.0104438
14.6264,0.010482
14.6666,0.0105203
14.7068,0.0105586
14.747,0.0105968
14.7872,0.0106351
14.8273,0.0106733
14.8675,0.0107116
14.9077,0.0107498
14.9479,0.0107881
14.9881,0.0108264
15.0284,0.0108646
15.0686,0.0109029
15.1088,0.0109411
15.149,0.0109794
15.1892,0.0110177
15.2294,0.0110559
15.2696,0.0110942
15.3098,0.0111324
15.35,0.0111707
15.3902,0.011209
15.4304,0.0112472
15.4706,0.0112855
15.5108,0.0113238
15.551,0.011362
15.5912,0.0114003
15.6314,0.0114386
15.6717,0.0114768
15.7119,0.0115151
15.7521,0.0115534
15.7923,0.0115916
15.8325,0.0116299
15.8727,0.0116682
15.9129,0.0117064
15.9531,0.0117447
15.9934,0.011783
16.0336,0.0118213
16.0738,0.0118595
16.114,0.0118978
16.1542,0.0119361
16.1944,0.0119744
16.2347,0.0120126
16.2749,0.0120509
16.3151,0.0120892
16.3553,0.0121275
16.3955,0.0121657
16.4358,0.012204
16.476,0.0122423
16.5162,0.0122806
16.5564,0.0123188
16.5966,0.0123571
16.6369,0.0123954
16.6771,0.0124337
16.7173,0.012472
16.7575,0.0125102
16.7978,0.0125485
16.838,0.0125868
16.8782,0.0126251
16.9184,0.0126634
16.9587,0.0127017
16.9989,0.0127399
17.0391,0.0127782
17.0793,0.0128165
17.1196,0.0128548
17.1598,0.0128931
17.2,0.0129314
17.2403,0.0129697
17.2805,0.0130079
17.3207,0.0130462
17.361,0.0130845
17.4012,0.0131228
17.4414,0.0131611
17.4816,0.0131994
17.5219,0.0132377
17.5621,0.013276
17.6023,0.0133142
17.6426,0.0133525
17.6828,0.0133908
17.723,0.0134291
17.7633,0.0134674
17.8035,0.0135057
17.8438,0.013544
17.884,0.0135823
17.9242,0.0136206
17.9645,0.0136589
18.0047,0.0136972
18.0449,0.0137355
18.0852,0.0137737
18.1254,0.013812
18.1657,0.0138503
18.2059,0.0138886
18.2461,0.0139269
18.2864,0.0139652
18.3266,0.0140035
18.3669,0.0140418
18.4071,0.0140801
18.4473,0.0141184
18.4876,0.0141567
18.5278,0.014195
18.5681,0.0142333
18.6083,0.0142716
18.6485,0.0143099
18.6888,0.0143482
18.729,0.0143865
18.7693,0.0144248
18.8095,0.0144631
18.8498,0.0145014
18.89,0.0145397
18.9303,0.014578
18.9705,0.0146163
19.0107,0.0146546
19.051,0.0146929
19.0912,0.0147312
19.1315,0.0147695
19.1717,0.0148078
19.212,0.0148461
19.2522,0.0148844
19.2925,0.0149227
19.3327,0.014961
19.373,0.0149993
19.4132,0.0150376
19.4535,0.0150759
19.4937,0.0151142
19.534,0.0151525
19.5742,0.0151908
19.6145,0.0152292
19.6547,0.0152675
19.695,0.0153058
19.7352,0.0153441
19.7755,0.0153824
19.8157,0.0154207
19.856,0.015459
19.8962,0.0154973
19.9365,0.0155356
19.9767,0.0155739
20.017,0.0156122
20.0572,0.0156505
20.0975,0.0156888
20.1377,0.0157271
20.178,0.0157655
20.2182,0.0158038
20.2585,0.0158421
20.2987,0.0158804
20.339,0.0159187
20.3793,0.015957
20.4195,0.0159953
20.4598,0.0160336
20.5,0.0160719
20.5403,0.0161102
20.5805,0.0161485
20.6208,0.0161869
20.661,0.0162252
20.7013,0.0162635
20.7416,0.0163018
20.7818,0.0163401
20.8221,0.0163784
20.8623,0.0164167
20.9026,0.016455
20.9428,0.0164934
20.9831,0.0165317
21.0234,0.01657
21.0636,0.0166083
21.1039,0.0166466
21.1441,0.0166849
21.1844,0.0167232
21.2246,0.0167615
21.2649,0.0167999
21.3052,0.0168382
21.3454,0.0168765
21.3857,0.0169148
21.4259,0.0169531
21.4662,0.0169914
21.5064,0.0170297
21.5467,0.017068
21.587,0.0171064
21.6272,0.0171447
21.6675,0.017183
21.7077,0.0172213
21.748,0.0172596
21.7883,0.0172979
21.8285,0.0173362
21.8688,0.0173746
21.909,0.0174129
21.9493,0.0174512
21.9896,0.0174895
22.0298,0.0175278
22.0701,0.0175661
22.1103,0.0176045
22.1506,0.0176428
22.1909,0.0176811
22.2311,0.0177194
22.2714,0.0177577
22.3116,0.017796
22.3519,0.0178343
22.3922,0.0178727
22.4324,0.017911
22.4727,0.0179493
22.5129,0.0179876
22.5532,0.0180259
22.5935,0.0180642
22.6337,0.0181026
22.674,0.0181409
22.7143,0.0181792
22.7545,0.0182175
22.7948,0.0182558
22.835,0.0182941
22.8753,0.0183325
22.9156,0.0183708
22.9558,0.0184091
22.9961,0.0184474
23.0363,0.0184857
23.0766,0.018524
23.1169,0.0185623
23.1579,0.0186007
23.2004,0.0186404
23.2445,0.0186816
23.2902,0.0187243
23.3376,0.0187686
23.3866,0.0188145
23.4375,0.018862
23.4901,0.0189112
23.5446,0.0189622
23.601,0.019015
23.6594,0.0190696
23.7197,0.019126
23.7821,0.0191844
23.8466,0.0192448
23.9133,0.0193072
23.9821,0.0193717
24.0532,0.0194382
24.1265,0.019507
24.2022,0.0195779
24.2803,0.019651
24.3608,0.0197265
24.4437,0.0198042
24.5291,0.0198843
24.617,0.0199668
24.7075,0.0200517
24.8006,0.020139
24.8963,0.0202288
24.9946,0.0203211
25.0955,0.0204159
25.1992,0.0205133
25.3055,0.0206132
25.4145,0.0207156
25.5262,0.0208206
25.6406,0.0209282
25.7576,0.0210384
25.8774,0.021151
25.9997,0.0212663
26.1248,0.021384
26.2524,0.0215042
26.3826,0.0216269
26.5153,0.021752
26.6505,0.0218795
26.7881,0.0220094
26.9281,0.0221415
27.0704,0.0222758
27.215,0.0224124
27.3617,0.022551
27.5105,0.0226916
27.6612,0.0228341
27.8139,0.0229785
27.9683,0.0231247
28.1244,0.0232725
28.2821,0.0234218
28.4412,0.0235726
28.6016,0.0237247
28.7633,0.023878
28.926,0.0240323
29.0896,0.0241877
29.254,0.0243438
29.4191,0.0245006
29.5847,0.024658
29.7507,0.0248158
29.9169,0.0249739
0.0198879,0.311513
0.0596644,0.311513
0.0994427,0.311513
0.139223,0.311513
0.179004,0.311513
0.218787,0.311513
0.258572,0.311513
0.298359,0.311513
0.338147,0.311513
0.377937,0.311513
0.417728,0.311513
0.457521,0.311513
0.497316,0.311513
0.537113,0.311513
0.576911,0.311513
0.61671,0.311513
0.656512,0.311513
0.696315,0.311513
0.736119,0.311513
0.775925,0.311513
0.815733,0.311513
0.855543,0.311513
0.895354,0.311513
0.935166,0.311513
0.974981,0.311513
1.0148,0.311513
1.05461,0.311513
1.09443,0.311513
1.13425,0.311513
1.17408,0.311513
1.2139,0.311513
1.25373,0.311513
1.29355,0.311513
1.33338,0.311513
1.37321,0.311513
1.41304,0.311513
1.45288,0.311513
1.49271,0.311513
1.53255,0.311513
1.57239,0.311513
1.61223,0.311513
1.65207,0.311513
1.69191,0.311513
1.73175,0.311513
1.7716,0.311513
1.81145,0.311513
1.8513,0.311513
1.89115,0.311513
1.931,0.311513
1.97085,0.311513
2.01071,0.311513
2.05056,0.311513
2.09042,0.311513
2.13028,0.311513
2.17014,0.311513
2.21001,0.311513
2.24987,0.311513
2.28974,0.311513
2.3296,0.311513
2.36947,0.311513
2.40934,0.311513
2.44921,0.311513
2.48909,0.311513
2.52896,0.311513
2.56884,0.311513
2.60872,0.311513
2.64859,0.311513
2.68848,0.311513
2.72836,0.311513
2.76824,0.311513
2.80813,0.311513
2.84801,0.311513
2.8879,0.311513
2.92779,0.311513
2.96768,0.311513
3.00757,0.311513
3.04747,0.311513
3.08736,0.311513
3.12726,0.311513
3.16716,0.311513
3.20706,0.311513
3.24696,0.311513
3.28686,0.311513
3.32677,0.311513
3.36667,0.311513
3.40658,0.311513
3.44649,0.311147
3.4864,0.310781
3.52631,0.310415
3.56622,0.31005
3.60614,0.309684
3.64605,0.309318
3.68597,0.308952
3.72589,0.308586
3.76581,0.30822
3.80573,0.307854
3.84565,0.307489
3.88557,0.307123
3.9255,0.306757
3.96543,0.306391
4.00536,0.306025
4.04528,0.305659
4.08522,0.305293
4.12515,0.304927
4.16508,0.304561
4.20502,0.304195
4.24495,0.303829
4.28489,0.303463
4.32483,0.303096
4.36477,0.30273
4.40471,0.302364
4.44466,0.301998
4.4846,0.301632
4.52455,0.301266
4.56449,0.3009
4.60444,0.300534
4.64439,0.300167
4.68435,0.299801
4.7243,0.299435
4.76425,0.299069
4.80421,0.298703
4.84416,0.298336
4.88412,0.29797
4.92408,0.297604
4.96404,0.297238
5.004,0.296871
5.04397,0.296505
5.08393,0.296139
5.1239,0.295772
5.16387,0.295406
5.20383,0.29504
5.2438,0.294673
5.28378,0.294307
5.32375,0.293941
5.36372,0.293574
5.4037,0.293208
5.44367,0.292841
5.48365,0.292475
5.52363,0.292109
5.56361,0.291742
5.60359,0.291376
5.64357,0.291009
5.68356,0.290643
5.72354,0.290276
5.76353,0.283402
5.80352,0.276527
5.84351,0.269652
5.8835,0.262776
5.92349,0.255901
5.96348,0.249025
6.00348,0.242149
6.04347,0.235273
6.08347,0.228397
6.12347,0.22152
6.16347,0.214643
6.20347,0.207766
6.24347,0.200889
6.28347,0.194012
6.32348,0.187134
6.36348,0.180256
6.40349,0.173378
6.44349,0.1665
6.4835,0.159988
6.52351,0.153476
6.56352,0.146964
6.60354,0.140452
6.64355,0.133939
6.68357,0.127426
6.72358,0.120913
6.7636,0.1144
6.80362,0.107887
6.84364,0.101374
6.88366,0.0948598
6.92368,0.0883459
6.9637,0.0818318
7.00373,0.0753175
7.04375,0.068803
7.08378,0.0622883
7.12381,0.0557735
7.16384,0.0492584
7.20387,0.0427432
7.2439,0.0362278
7.28393,0.0297121
7.32397,0.0231963
7.364,0.0231963
7.40404,0.0231963
7.44407,0.0231963
7.48411,0.0231963
7.52415,0.0231963
7.56419,0.0231963
7.60423,0.0231963
7.64428,0.0231963
7.68432,0.0231963
7.72437,0.0231963
7.76441,0.0231963
7.80446,0.0231963
7.84451,0.0231963
7.88456,0.0231963
7.92461,0.0231963
7.96466,0.0231963
8.00471,0.0231963
8.04477,0.0231963
8.08482,0.0231963
8.12488,0.0231963
8.16494,0.0231963
8.205,0.0231963
8.24506,0.0231963
8.28512,0.0231963
8.32518,0.0231963
8.36524,0.0231963
8.4053,0.0231963
8.44537,0.0231963
8.48544,0.0231963
8.5255,0.0231963
8.56557,0.0231963
8.60564,0.0231963
8.64571,0.0231963
8.68578,0.0231963
8.72585,0.0231963
8.76593,0.0231963
8.806,0.0231963
8.84608,0.0231963
8.88615,0.0231963
8.92623,0.0231963
8.96631,0.0231963
9.00639,0.0231963
9.04647,0.0231963
9.08655,0.0231963
9.12663,0.0231963
9.16672,0.0231963
9.2068,0.0231963
9.24689,0.0231963
9.28697,0.0231963
9.32706,0.0231963
9.36715,0.0231963
9.40724,0.0231963
9.44733,0.0231963
9.48742,0.0231963
9.52752,0.0231963
9.56761,0.0231963
9.6077,0.0231963
9.6478,0.0231963
9.6879,0.0231963
9.72799,0.0231963
9.76809,0.0231963
9.80819,0.0231963
9.84829,0.0231963
9.8884,0.0231963
9.9285,0.0231963
9.9686,0.0231963
10.0087,0.0231963
10.0488,0.0231963
10.0889,0.0231963
10.129,0.0231963
10.1691,0.0231963
10.2092,0.0231963
10.2494,0.0231963
10.2895,0.0231963
10.3296,0.0231963
10.3697,0.0231963
10.4098,0.0231963
10.4499,0.0231963
10.49,0.0231963
10.5302,0.0231963
10.5703,0.0231963
10.6104,0.0231963
10.6505,0.0231963
10.6906,0.0231963
10.7307,0.0231963
10.7709,0.0231963
10.811,0.0231963
10.8511,0.0231963
10.8912,0.0231963
10.9314,0.0231963
10.9715,0.0231963
11.0116,0.0231963
11.0517,0.0231963
11.0919,0.0231963
11.132,0.0231963
11.1721,0.0231963
11.2123,0.0231963
11.2524,0.0231963
11.2925,0.0231963
11.3327,0.0231963
11.3728,0.0231963
11.4129,0.0231963
11.4531,0.0231963
11.4932,0.0231963
11.5334,0.0231963
11.5735,0.0231963
11.6136,0.0231963
11.6538,0.0231963
11.6939,0.0231963
11.7341,0.0231963
11.7742,0.023311
11.8144,0.0234256
11.8545,0.0235403
11.8946,0.0236549
11.9348,0.0237696
11.9749,0.0238843
12.0151,0.0239989
12.0552,0.0241136
12.0954,0.0242283
12.1355,0.0243429
12.1757,0.0244576
12.2158,0.0245723
12.256,0.024687
12.2962,0.0248017
12.3363,0.0249163
12.3765,0.025031
12.4166,0.0251457
12.4568,0.0252604
12.4969,0.0253751
12.5371,0.0254898
12.5773,0.0256045
12.6174,0.0257192
12.6576,0.0258339
12.6977,0.0259486
12.7379,0.0260633
12.7781,0.026178
12.8182,0.0262927
12.8584,0.0264074
12.8986,0.0265221
12.9387,0.0266369
12.9789,0.0267516
13.0191,0.0268663
13.0592,0.026981
13.0994,0.0270957
13.1396,0.0272105
13.1797,0.0273252
13.2199,0.0274399
13.2601,0.0275547
13.3003,0.0276694
13.3404,0.0277841
13.3806,0.0278989
13.4208,0.0280136
13.461,0.0281284
13.5011,0.0282431
13.5413,0.0283579
13.5815,0.0284726
13.6217,0.0285874
13.6619,0.0287021
13.702,0.0288169
13.7422,0.0289316
13.7824,0.0290464
13.8226,0.0291611
13.8628,0.0292759
13.9029,0.0293907
13.9431,0.0295054
13.9833,0.0296202
14.0235,0.029735
14.0637,0.0298498
14.1039,0.0299645
14.1441,0.0300793
14.1842,0.0301941
14.2244,0.0303089
14.2646,0.0304237
14.3048,0.0305384
14.345,0.0306532
14.3852,0.030768
14.4254,0.0308828
14.4656,0.0309976
14.5058,0.0311124
14.546,0.0312272
14.5862,0.031342
14.6264,0.0314568
14.6666,0.0315716
14.7068,0.0316864
14.747,0.0318012
14.7872,0.031916
14.8273,0.0320308
14.8675,0.0321456
14.9077,0.0322604
14.9479,0.0323752
14.9881,0.03249
15.0284,0.0326049
15.0686,0.0327197
15.1088,0.0328345
15.149,0.0329493
15.1892,0.0330641
15.2294,0.033179
15.2696,0.0332938
15.3098,0.0334086
15.35,0.0335234
15.3902,0.0336383
15.4304,0.0337531
15.4706,0.0338679
15.5108,0.0339828
15.551,0.0340976
15.5912,0.0342125
15.6314,0.0343273
15.6717,0.0344421
15.7119,0.034557
15.7521,0.0346718
15.7923,0.0347867
15.8325,0.0349015
15.8727,0.0350164
15.9129,0.0351312
15.9531,0.0352461
15.9934,0.0353609
16.0336,0.0354758
16.0738,0.0355906
16.114,0.0357055
16.1542,0.0358204
16.1944,0.0359352
16.2347,0.0360501
16.2749,0.036165
16.3151,0.0362798
16.3553,0.0363947
16.3955,0.0365096
16.4358,0.0366244
16.476,0.0367393
16.5162,0.0368542
16.5564,0.036969
16.5966,0.0370839
16.6369,0.0371988
16.6771,0.0373137
16.7173,0.0374286
16.7575,0.0375434
16.7978,0.0376583
16.838,0.0377732
16.8782,0.0378881
16.9184,0.038003
16.9587,0.0381179
16.9989,0.0382328
17.0391,0.0383476
17.0793,0.0384625
17.1196,0.0385774
17.1598,0.0386923
17.2,0.0388072
17.2403,0.0389221
17.2805,0.039037
17.3207,0.0391519
17.361,0.0392668
17.4012,0.0393817
17.4414,0.0394966
17.4816,0.0396115
17.5219,0.0397264
17.5621,0.0398413
17.6023,0.0399562
17.6426,0.0400712
17.6828,0.0401861
17.723,0.040301
17.7633,0.0404159
17.8035,0.0405308
17.8438,0.0406457
17.884,0.0407606
17.9242,0.0408755
17.9645,0.0409905
18.0047,0.0411054
18.0449,0.0412203
18.0852,0.0413352
18.1254,0.0414501
18.1657,0.0415651
18.2059,0.04168
18.2461,0.0417949
18.2864,0.0419098
18.3266,0.0420248
18.3669,0.0421397
18.4071,0.0422546
18.4473,0.0423696
18.4876,0.0424845
18.5278,0.0425994
18.5681,0.0427143
18.6083,0.0428293
18.6485,0.0429442
18.6888,0.0430592
18.729,0.0431741
18.7693,0.043289
18.8095,0.043404
18.8498,0.0435189
18.89,0.0436338
18.9303,0.0437488
18.9705,0.0438637
19.0107,0.0439787
19.051,0.0440936
19.0912,0.0442086
19.1315,0.0443235
19.1717,0.0444385
19.212,0.0445534
19.2522,0.0446683
19.2925,0.0447833
19.3327,0.0448982
19.373,0.0450132
19.4132,0.0451281
19.4535,0.0452431
19.4937,0.0453581
19.534,0.045473
19.5742,0.045588
19.6145,0.0457029
19.6547,0.0458179
19.695,0.0459328
19.7352,0.0460478
19.7755,0.0461627
19.8157,0.0462777
19.856,0.0463927
19.8962,0.0465076
19.9365,0.0466226
19.9767,0.0467375
20.017,0.0468525
20.0572,0.0469675
20.0975,0.0470824
20.1377,0.0471974
20.178,0.0473124
20.2182,0.0474273
20.2585,0.0475423
20.2987,0.0476573
20.339,0.0477722
20.3793,0.0478872
20.4195,0.0480022
20.4598,0.0481171
20.5,0.0482321
20.5403,0.0483471
20.5805,0.048462
20.6208,0.048577
20.661,0.048692
20.7013,0.0488069
20.7416,0.0489219
20.7818,0.0490369
20.8221,0.0491519
20.8623,0.0492668
20.9026,0.0493818
20.9428,0.0494968
20.9831,0.0496118
21.0234,0.0497267
21.0636,0.0498417
21.1039,0.0499567
21.1441,0.0500717
21.1844,0.0501866
21.2246,0.0503016
21.2649,0.0504166
21.3052,0.0505316
21.3454,0.0506466
21.3857,0.0507615
21.4259,0.0508765
21.4662,0.0509915
21.5064,0.0511065
21.5467,0.0512215
21.587,0.0513364
21.6272,0.0514514
21.6675,0.0515664
21.7077,0.0516814
21.748,0.0517964
21.7883,0.0519113
21.8285,0.0520263
21.8688,0.0521413
21.909,0.0522563
21.9493,0.0523713
21.9896,0.0524863
22.0298,0.0526013
22.0701,0.0527162
22.1103,0.0528312
22.1506,0.0529462
22.1909,0.0530612
22.2311,0.0531762
22.2714,0.0532912
22.3116,0.0534061
22.3519,0.0535211
22.3922,0.0536361
22.4324,0.0537511
22.4727,0.0538661
22.5129,0.0539811
22.5532,0.0540961
22.5935,0.054211
22.6337,0.054326
22.674,0.054441
22.7143,0.054556
22.7545,0.054671
22.7948,0.054786
22.835,0.054901
22.8753,0.055016
22.9156,0.0551309
22.9558,0.0552459
22.9961,0.0553609
23.0363,0.0554759
23.0766,0.0555909
23.1169,0.0557059
23.1579,0.0558209
23.2004,0.0559401
23.2445,0.0560638
23.2902,0.056192
23.3376,0.0563249
23.3866,0.0564626
23.4375,0.0566052
23.4901,0.0567529
23.5446,0.0569059
23.601,0.0570642
23.6594,0.057228
23.7197,0.0573975
23.7821,0.0575728
23.8466,0.057754
23.9133,0.0579412
23.9821,0.0581347
24.0532,0.0583344
24.1265,0.0585407
24.2022,0.0587535
24.2803,0.058973
24.3608,0.0591994
24.4437,0.0594327
24.5291,0.059673
24.617,0.0599206
24.7075,0.0601753
24.8006,0.0604374
24.8963,0.0607069
24.9946,0.0609839
25.0955,0.0612685
25.1992,0.0615606
25.3055,0.0618604
25.4145,0.0621679
25.5262,0.0624831
25.6406,0.0628059
25.7576,0.0631364
25.8774,0.0634746
25.9997,0.0638203
26.1248,0.0641737
26.2524,0.0645345
26.3826,0.0649026
26.5153,0.0652781
26.6505,0.0656608
26.7881,0.0660504
26.9281,0.0664469
27.0704,0.0668501
27.215,0.0672598
27.3617,0.0676758
27.5105,0.0680978
27.6612,0.0685256
27.8139,0.0689589
27.9683,0.0693975
28.1244,0.069841
28.2821,0.0702892
28.4412,0.0707416
28.6016,0.0711981
28.7633,0.0716581
28.926,0.0721214
29.0896,0.0725875
29.254,0.0730561
29.4191,0.0735267
29.5847,0.0739991
29.7507,0.0744726
29.9169,0.0749471
0.0198879,0.341445
0.0596644,0.341445
0.0994427,0.341445
0.139223,0.341445
0.179004,0.341445
0.218787,0.341445
0.258572,0.341445
0.298359,0.341445
0.338147,0.341445
0.377937,0.341445
0.417728,0.341445
0.457521,0.341445
0.497316,0.341445
0.537113,0.341445
0.576911,0.341445
0.61671,0.341445
0.656512,0.341445
0.696315,0.341445
0.736119,0.341445
0.775925,0.341445
0.815733,0.341445
0.855543,0.341445
0.895354,0.341445
0.935166,0.341445
0.974981,0.341445
1.0148,0.341445
1.05461,0.341445
1.09443,0.341445
1.13425,0.341445
1.17408,0.341445
1.2139,0.341445
1.25373,0.341445
1.29355,0.341445
1.33338,0.341445
1.37321,0.341445
1.41304,0.341445
1.45288,0.341445
1.49271,0.341445
1.53255,0.341445
1.57239,0.341445
1.61223,0.341445
1.65207,0.341445
1.69191,0.341445
1.73175,0.341445
1.7716,0.341445
1.81145,0.341445
1.8513,0.341445
1.89115,0.341445
1.931,0.341445
1.97085,0.341445
2.01071,0.341445
2.05056,0.341445
2.09042,0.341445
2.13028,0.341445
2.17014,0.341445
2.21001,0.341445
2.24987,0.341445
2.28974,0.341445
2.3296,0.341445
2.36947,0.341445
2.40934,0.341445
2.44921,0.341445
2.48909,0.341445
2.52896,0.341445
2.56884,0.341445
2.60872,0.341445
2.64859,0.341445
2.68848,0.341445
2.72836,0.341445
2.76824,0.341445
2.80813,0.341445
2.84801,0.341445
2.8879,0.341445
2.92779,0.341445
2.96768,0.341445
3.00757,0.341445
3.04747,0.341445
3.08736,0.341445
3.12726,0.341445
3.16716,0.341445
3.20706,0.341445
3.24696,0.341445
3.28686,0.341445
3.32677,0.341445
3.36667,0.341445
3.40658,0.341445
3.44649,0.340835
3.4864,0.340225
3.52631,0.339615
3.56622,0.339005
3.60614,0.338395
3.64605,0.337785
3.68597,0.337175
3.72589,0.336565
3.76581,0.335955
3.80573,0.335345
3.84565,0.334735
3.88557,0.334125
3.9255,0.333514
3.96543,0.332904
4.00536,0.332294
4.04528,0.331684
4.08522,0.331073
4.12515,0.330463
4.16508,0.329853
4.20502,0.329242
4.24495,0.328632
4.28489,0.328022
4.32483,0.327411
4.36477,0.326801
4.40471,0.32619
4.44466,0.32558
4.4846,0.32497
4.52455,0.324359
4.56449,0.323748
4.60444,0.323138
4.64439,0.322527
4.68435,0.321917
4.7243,0.321306
4.76425,0.320696
4.80421,0.320085
4.84416,0.319474
4.88412,0.318863
4.92408,0.318253
4.96404,0.317642
5.004,0.317031
5.04397,0.31642
5.08393,0.31581
5.1239,0.315199
5.16387,0.314588
5.20383,0.313977
5.2438,0.313366
5.28378,0.312755
5.32375,0.312145
5.36372,0.311534
5.4037,0.310923
5.44367,0.310312
5.48365,0.309701
5.52363,0.30909
5.56361,0.308479
5.60359,0.307868
5.64357,0.307256
5.68356,0.306645
5.72354,0.306034
5.76353,0.299018
5.80352,0.292002
5.84351,0.284985
5.8835,0.277969
5.92349,0.270952
5.96348,0.263934
6.00348,0.256917
6.04347,0.249899
6.08347,0.242881
6.12347,0.235863
6.16347,0.228845
6.20347,0.221826
6.24347,0.214808
6.28347,0.207789
6.32348,0.20077
6.36348,0.19375
6.40349,0.186731
6.44349,0.179711
6.4835,0.173302
6.52351,0.166894
6.56352,0.160485
6.60354,0.154075
6.64355,0.147666
6.68357,0.141257
6.72358,0.134847
6.7636,0.128437
6.80362,0.122027
6.84364,0.115617
6.88366,0.109206
6.92368,0.102796
6.9637,0.0963847
7.00373,0.0899737
7.04375,0.0835624
7.08378,0.077151
7.12381,0.0707394
7.16384,0.0643276
7.20387,0.0579156
7.2439,0.0515035
7.28393,0.0450911
7.32397,0.0386786
7.364,0.0386786
7.40404,0.0386786
7.44407,0.0386786
7.48411,0.0386786
7.52415,0.0386786
7.56419,0.0386786
7.60423,0.0386786
7.64428,0.0386786
7.68432,0.0386786
7.72437,0.0386786
7.76441,0.0386786
7.80446,0.0386786
7.84451,0.0386786
7.88456,0.0386786
7.92461,0.0386786
7.96466,0.0386786
8.00471,0.0386786
8.04477,0.0386786
8.08482,0.0386786
8.12488,0.0386786
8.16494,0.0386786
8.205,0.0386786
8.24506,0.0386786
8.28512,0.0386786
8.32518,0.0386786
8.36524,0.0386786
8.4053,0.0386786
8.44537,0.0386786
8.48544,0.0386786
8.5255,0.0386786
8.56557,0.0386786
8.60564,0.0386786
8.64571,0.0386786
8.68578,0.0386786
8.72585,0.0386786
8.76593,0.0386786
8.806,0.0386786
8.84608,0.0386786
8.88615,0.0386786
8.92623,0.0386786
8.96631,0.0386786
9.00639,0.0386786
9.04647,0.0386786
9.08655,0.0386786
9.12663,0.0386786
9.16672,0.0386786
9.2068,0.0386786
9.24689,0.0386786
9.28697,0.0386786
9.32706,0.0386786
9.36715,0.0386786
9.40724,0.0386786
9.44733,0.0386786
9.48742,0.0386786
9.52752,0.0386786
9.56761,0.0386786
9.6077,0.0386786
9.6478,0.0386786
9.6879,0.0386786
9.72799,0.0386786
9.76809,0.0386786
9.80819,0.0386786
9.84829,0.0386786
9.8884,0.0386786
9.9285,0.0386786
9.9686,0.0386786
10.0087,0.0386786
10.0488,0.0386786
10.0889,0.0386786
10.129,0.0386786
10.1691,0.0386786
10.2092,0.0386786
10.2494,0.0386786
10.2895,0.0386786
10.3296,0.0386786
10.3697,0.0386786
10.4098,0.0386786
10.4499,0.0386786
10.49,0.0386786
10.5302,0.0386786
10.5703,0.0386786
10.6104,0.0386786
10.6505,0.0386786
10.6906,0.0386786
10.7307,0.0386786
10.7709,0.0386786
10.811,0.0386786
10.8511,0.0386786
10.8912,0.0386786
10.9314,0.0386786
10.9715,0.0386786
11.0116,0.0386786
11.0517,0.0386786
11.0919,0.0386786
11.132,0.0386786
11.1721,0.0386786
11.2123,0.0386786
11.2524,0.0386786
11.2925,0.0386786
11.3327,0.0386786
11.3728,0.0386786
11.4129,0.0386786
11.4531,0.0386786
11.4932,0.0386786
11.5334,0.0386786
11.5735,0.0386786
11.6136,0.0386786
11.6538,0.0386786
11.6939,0.0386786
11.7341,0.0386786
11.7742,0.0388698
11.8144,0.039061
11.8545,0.0392521
11.8946,0.0394433
11.9348,0.0396345
11.9749,0.0398257
12.0151,0.0400169
12.0552,0.0402081
12.0954,0.0403993
12.1355,0.0405905
12.1757,0.0407817
12.2158,0.040973
12.256,0.0411642
12.2962,0.0413554
12.3363,0.0415466
12.3765,0.0417379
12.4166,0.0419291
12.4568,0.0421203
12.4969,0.0423116
12.5371,0.0425028
12.5773,0.0426941
12.6174,0.0428853
12.6576,0.0430766
12.6977,0.0432679
12.7379,0.0434591
12.7781,0.0436504
12.8182,0.0438417
12.8584,0.0440329
12.8986,0.0442242
12.9387,0.0444155
12.9789,0.0446068
13.0191,0.0447981
13.0592,0.0449894
13.0994,0.0451807
13.1396,0.045372
13.1797,0.0455633
13.2199,0.0457546
13.2601,0.0459459
13.3003,0.0461372
13.3404,0.0463285
13.3806,0.0465199
13.4208,0.0467112
13.461,0.0469025
13.5011,0.0470938
13.5413,0.0472852
13.5815,0.0474765
13.6217,0.0476679
13.6619,0.0478592
13.702,0.0480505
13.7422,0.0482419
13.7824,0.0484333
13.8226,0.0486246
13.8628,0.048816
13.9029,0.0490073
13.9431,0.0491987
13.9833,0.0493901
14.0235,0.0495815
14.0637,0.0497728
14.1039,0.0499642
14.1441,0.0501556
14.1842,0.050347
14.2244,0.0505384
14.2646,0.0507298
14.3048,0.0509212
14.345,0.0511126
14.3852,0.051304
14.4254,0.0514954
14.4656,0.0516868
14.5058,0.0518782
14.546,0.0520696
14.5862,0.052261
14.6264,0.0524524
14.6666,0.0526439
14.7068,0.0528353
14.747,0.0530267
14.7872,0.0532182
14.8273,0.0534096
14.8675,0.053601
14.9077,0.0537925
14.9479,0.0539839
14.9881,0.0541754
15.0284,0.0543668
15.0686,0.0545583
15.1088,0.0547497
15.149,0.0549412
15.1892,0.0551326
15.2294,0.0553241
15.2696,0.0555156
15.3098,0.055707
15.35,0.0558985
15.3902,0.05609
15.4304,0.0562815
15.4706,0.0564729
15.5108,0.0566644
15.551,0.0568559
15.5912,0.0570474
15.6314,0.0572389
15.6717,0.0574304
15.7119,0.0576219
15.7521,0.0578134
15.7923,0.0580049
15.8325,0.0581964
15.8727,0.0583879
15.9129,0.0585794
15.9531,0.0587709
15.9934,0.0589624
16.0336,0.0591539
16.0738,0.0593454
16.114,0.059537
16.1542,0.0597285
16.1944,0.05992
16.2347,0.0601115
16.2749,0.0603031
16.3151,0.0604946
16.3553,0.0606861
16.3955,0.0608777
16.4358,0.0610692
16.476,0.0612608
16.5162,0.0614523
16.5564,0.0616439
16.5966,0.0618354
16.6369,0.062027
16.6771,0.0622185
16.7173,0.0624101
16.7575,0.0626016
16.7978,0.0627932
16.838,0.0629847
16.8782,0.0631763
16.9184,0.0633679
16.9587,0.0635594
16.9989,0.063751
17.0391,0.0639426
17.0793,0.0641342
17.1196,0.0643257
17.1598,0.0645173
17.2,0.0647089
17.2403,0.0649005
17.2805,0.0650921
17.3207,0.0652837
17.361,0.0654753
17.4012,0.0656668
17.4414,0.0658584
17.4816,0.06605
17.5219,0.0662416
17.5621,0.0664332
17.6023,0.0666248
17.6426,0.0668164
17.6828,0.067008
17.723,0.0671997
17.7633,0.0673913
17.8035,0.0675829
17.8438,0.0677745
17.884,0.0679661
17.9242,0.0681577
17.9645,0.0683493
18.0047,0.068541
18.0449,0.0687326
18.0852,0.0689242
18.1254,0.0691158
18.1657,0.0693075
18.2059,0.0694991
18.2461,0.0696907
18.2864,0.0698824
18.3266,0.070074
18.3669,0.0702656
18.4071,0.0704573
18.4473,0.0706489
18.4876,0.0708405
18.5278,0.0710322
18.5681,0.0712238
18.6083,0.0714155
18.6485,0.0716071
18.6888,0.0717988
18.729,0.0719904
18.7693,0.0721821
18.8095,0.0723737
18.8498,0.0725654
18.89,0.072757
18.9303,0.0729487
18.9705,0.0731404
19.0107,0.073332
19.051,0.0735237
19.0912,0.0737153
19.1315,0.073907
19.1717,0.0740987
19.212,0.0742903
19.2522,0.074482
19.2925,0.0746737
19.3327,0.0748654
19.373,0.075057
19.4132,0.0752487
19.4535,0.0754404
19.4937,0.0756321
19.534,0.0758237
19.5742,0.0760154
19.6145,0.0762071
19.6547,0.0763988
19.695,0.0765905
19.7352,0.0767821
19.7755,0.0769738
19.8157,0.0771655
19.856,0.0773572
19.8962,0.0775489
19.9365,0.0777406
19.9767,0.0779323
20.017,0.078124
20.0572,0.0783157
20.0975,0.0785074
20.1377,0.0786991
20.178,0.0788908
20.2182,0.0790824
20.2585,0.0792742
20.2987,0.0794658
20.339,0.0796576
20.3793,0.0798493
20.4195,0.080041
20.4598,0.0802327
20.5,0.0804244
20.5403,0.0806161
20.5805,0.0808078
20.6208,0.0809995
20.661,0.0811912
20.7013,0.0813829
20.7416,0.0815746
20.7818,0.0817663
20.8221,0.081958
20.8623,0.0821497
20.9026,0.0823415
20.9428,0.0825332
20.9831,0.0827249
21.0234,0.0829166
21.0636,0.0831083
21.1039,0.0833
21.1441,0.0834918
21.1844,0.0836835
21.2246,0.0838752
21.2649,0.0840669
21.3052,0.0842586
21.3454,0.0844504
21.3857,0.0846421
21.4259,0.0848338
21.4662,0.0850255
21.5064,0.0852172
21.5467,0.085409
21.587,0.0856007
21.6272,0.0857924
21.6675,0.0859841
21.7077,0.0861759
21.748,0.0863676
21.7883,0.0865593
21.8285,0.0867511
21.8688,0.0869428
21.909,0.0871345
21.9493,0.0873262
21.9896,0.087518
22.0298,0.0877097
22.0701,0.0879014
22.1103,0.0880932
22.1506,0.0882849
22.1909,0.0884766
22.2311,0.0886683
22.2714,0.0888601
22.3116,0.0890518
22.3519,0.0892435
22.3922,0.0894353
22.4324,0.089627
22.4727,0.0898187
22.5129,0.0900105
22.5532,0.0902022
22.5935,0.0903939
22.6337,0.0905857
22.674,0.0907774
22.7143,0.0909691
22.7545,0.0911609
22.7948,0.0913526
22.835,0.0915443
22.8753,0.0917361
22.9156,0.0919278
22.9558,0.0921195
22.9961,0.0923113
23.0363,0.092503
23.0766,0.0926948
23.1169,0.0928865
23.1579,0.0930782
23.2004,0.0932771
23.2445,0.0934833
23.2902,0.0936971
23.3376,0.0939186
23.3866,0.0941482
23.4375,0.0943861
23.4901,0.0946324
23.5446,0.0948874
23.601,0.0951514
23.6594,0.0954246
23.7197,0.0957072
23.7821,0.0959994
23.8466,0.0963016
23.9133,0.0966138
23.9821,0.0969363
24.0532,0.0972695
24.1265,0.0976133
24.2022,0.0979682
24.2803,0.0983343
24.3608,0.0987117
24.4437,0.0991007
24.5291,0.0995015
24.617,0.0999142
24.7075,0.100339
24.8006,0.100776
24.8963,0.101225
24.9946,0.101687
25.0955,0.102162
25.1992,0.102649
25.3055,0.103149
25.4145,0.103662
25.5262,0.104187
25.6406,0.104725
25.7576,0.105276
25.8774,0.10584
25.9997,0.106417
26.1248,0.107006
26.2524,0.107608
26.3826,0.108222
26.5153,0.108848
26.6505,0.109486
26.7881,0.110135
26.9281,0.110797
27.0704,0.111469
27.215,0.112152
27.3617,0.112846
27.5105,0.113549
27.6612,0.114263
27.8139,0.114985
27.9683,0.115717
28.1244,0.116456
28.2821,0.117203
28.4412,0.117958
28.6016,0.118719
28.7633,0.119486
28.926,0.120258
29.0896,0.121036
29.254,0.121817
29.4191,0.122602
29.5847,0.123389
29.7507,0.124179
29.9169,0.12497
0.0198879,0.371407
0.0596644,0.371407
0.0994427,0.371407
0.139223,0.371407
0.179004,0.371407
0.218787,0.371407
0.258572,0.371407
0.298359,0.371407
0.338147,0.371407
0.377937,0.371407
0.417728,0.371407
0.457521,0.371407
0.497316,0.371407
0.537113,0.371407
0.576911,0.371407
0.61671,0.371407
0.656512,0.371407
0.696315,0.371407
0.736119,0.371407
0.775925,0.371407
0.815733,0.371407
0.855543,0.371407
0.895354,0.371407
0.935166,0.371407
0.974981,0.371407
1.0148,0.371407
1.05461,0.371407
1.09443,0.371407
1.13425,0.371407
1.17408,0.371407
1.2139,0.371407
1.25373,0.371407
1.29355,0.371407
1.33338,0.371407
1.37321,0.371407
1.41304,0.371407
1.45288,0.371407
1.49271,0.371407
1.53255,0.371407
1.57239,0.371407
1.61223,0.371407
1.65207,0.371407
1.69191,0.371407
1.73175,0.371407
1.7716,0.371407
1.81145,0.371407
1.8513,0.371407
1.89115,0.371407
1.931,0.371407
1.97085,0.371407
2.01071,0.371407
2.05056,0.371407
2.09042,0.371407
2.13028,0.371407
2.17014,0.371407
2.21001,0.371407
2.24987,0.371407
2.28974,0.371407
2.3296,0.371407
2.36947,0.371407
2.40934,0.371407
2.44921,0.371407
2.48909,0.371407
2.52896,0.371407
2.56884,0.371407
2.60872,0.371407
2.64859,0.371407
2.68848,0.371407
2.72836,0.371407
2.76824,0.371407
2.80813,0.371407
2.84801,0.371407
2.8879,0.371407
2.92779,0.371407
2.96768,0.371407
3.00757,0.371407
3.04747,0.371407
3.08736,0.371407
3.12726,0.371407
3.16716,0.371407
3.20706,0.371407
3.24696,0.371407
3.28686,0.371407
3.32677,0.371407
3.36667,0.371407
3.40658,0.371407
3.44649,0.370552
3.4864,0.369698
3.52631,0.368844
3.56622,0.367989
3.60614,0.367135
3.64605,0.36628
3.68597,0.365426
3.72589,0.364571
3.76581,0.363717
3.80573,0.362862
3.84565,0.362007
3.88557,0.361153
3.9255,0.360298
3.96543,0.359443
4.00536,0.358589
4.04528,0.357734
4.08522,0.356879
4.12515,0.356024
4.16508,0.355169
4.20502,0.354315
4.24495,0.35346
4.28489,0.352605
4.32483,0.35175
4.36477,0.350895
4.40471,0.35004
4.44466,0.349185
4.4846,0.34833
4.52455,0.347474
4.56449,0.346619
4.60444,0.345764
4.64439,0.344909
4.68435,0.344054
4.7243,0.343198
4.76425,0.342343
4.80421,0.341488
4.84416,0.340632
4.88412,0.339777
4.92408,0.338922
4.96404,0.338066
5.004,0.337211
5.04397,0.336355
5.08393,0.3355
5.1239,0.334644
5.16387,0.333789
5.20383,0.332933
5.2438,0.332077
5.28378,0.331222
5.32375,0.330366
5.36372,0.32951
5.4037,0.328654
5.44367,0.327799
5.48365,0.326943
5.52363,0.326087
5.56361,0.325231
5.60359,0.324375
5.64357,0.323519
5.68356,0.322664
5.72354,0.321808
5.76353,0.31465
5.80352,0.307492
5.84351,0.300334
5.8835,0.293175
5.92349,0.286017
5.96348,0.278858
6.00348,0.271699
6.04347,0.26454
6.08347,0.25738
6.12347,0.25022
6.16347,0.24306
6.20347,0.2359
6.24347,0.22874
6.28347,0.221579
6.32348,0.214418
6.36348,0.207257
6.40349,0.200096
6.44349,0.192935
6.4835,0.186629
6.52351,0.180324
6.56352,0.174018
6.60354,0.167712
6.64355,0.161406
6.68357,0.1551
6.72358,0.148794
6.7636,0.142487
6.80362,0.136181
6.84364,0.129874
6.88366,0.123566
6.92368,0.117259
6.9637,0.110952
7.00373,0.104644
7.04375,0.0983361
7.08378,0.092028
7.12381,0.0857198
7.16384,0.0794114
7.20387,0.0731028
7.2439,0.066794
7.28393,0.060485
7.32397,0.0541758
7.364,0.0541758
7.40404,0.0541758
7.44407,0.0541758
7.48411,0.0541758
7.52415,0.0541758
7.56419,0.0541758
7.60423,0.0541758
7.64428,0.0541758
7.68432,0.0541758
7.72437,0.0541758
7.76441,0.0541758
7.80446,0.0541758
7.84451,0.0541758
7.88456,0.0541758
7.92461,0.0541758
7.96466,0.0541758
8.00471,0.0541758
8.04477,0.0541758
8.08482,0.0541758
8.12488,0.0541758
8.16494,0.0541758
8.205,0.0541758
8.24506,0.0541758
8.28512,0.0541758
8.32518,0.0541758
8.36524,0.0541758
8.4053,0.0541758
8.44537,0.0541758
8.48544,0.0541758
8.5255,0.0541758
8.56557,0.0541758
8.60564,0.0541758
8.64571,0.0541758
8.68578,0.0541758
8.72585,0.0541758
8.76593,0.0541758
8.806,0.0541758
8.84608,0.0541758
8.88615,0.0541758
8.92623,0.0541758
8.96631,0.0541758
9.00639,0.0541758
9.04647,0.0541758
9.08655,0.0541758
9.12663,0.0541758
9.16672,0.0541758
9.2068,0.0541758
9.24689,0.0541758
9.28697,0.0541758
9.32706,0.0541758
9.36715,0.0541758
9.40724,0.0541758
9.44733,0.0541758
9.48742,0.0541758
9.52752,0.0541758
9.56761,0.0541758
9.6077,0.0541758
9.6478,0.0541758
9.6879,0.0541758
9.72799,0.0541758
9.76809,0.0541758
9.80819,0.0541758
9.84829,0.0541758
9.8884,0.0541758
9.9285,0.0541758
9.9686,0.0541758
10.0087,0.0541758
10.0488,0.0541758
10.0889,0.0541758
10.129,0.0541758
10.1691,0.0541758
10.2092,0.0541758
10.2494,0.0541758
10.2895,0.0541758
10.3296,0.0541758
10.3697,0.0541758
10.4098,0.0541758
10.4499,0.0541758
10.49,0.0541758
10.5302,0.0541758
10.5703,0.0541758
10.6104,0.0541758
10.6505,0.0541758
10.6906,0.0541758
10.7307,0.0541758
10.7709,0.0541758
10.811,0.0541758
10.8511,0.0541758
10.8912,0.0541758
10.9314,0.0541758
10.9715,0.0541758
11.0116,0.0541758
11.0517,0.0541758
11.0919,0.0541758
11.132,0.0541758
11.1721,0.0541758
11.2123,0.0541758
11.2524,0.0541758
11.2925,0.0541758
11.3327,0.0541758
11.3728,0.0541758
11.4129,0.0541758
11.4531,0.0541758
11.4932,0.0541758
11.5334,0.0541758
11.5735,0.0541758
11.6136,0.0541758
11.6538,0.0541758
11.6939,0.0541758
11.7341,0.0541758
11.7742,0.0544436
11.8144,0.0547114
11.8545,0.0549792
11.8946,0.055247
11.9348,0.0555147
11.9749,0.0557825
12.0151,0.0560504
12.0552,0.0563182
12.0954,0.056586
12.1355,0.0568538
12.1757,0.0571216
12.2158,0.0573895
12.256,0.0576573
12.2962,0.0579251
12.3363,0.058193
12.3765,0.0584608
12.4166,0.0587287
12.4568,0.0589966
12.4969,0.0592644
12.5371,0.0595323
12.5773,0.0598002
12.6174,0.0600681
12.6576,0.060336
12.6977,0.0606038
12.7379,0.0608717
12.7781,0.0611396
12.8182,0.0614076
12.8584,0.0616755
12.8986,0.0619434
12.9387,0.0622113
12.9789,0.0624792
13.0191,0.0627472
13.0592,0.0630151
13.0994,0.0632831
13.1396,0.063551
13.1797,0.063819
13.2199,0.0640869
13.2601,0.0643549
13.3003,0.0646229
13.3404,0.0648908
13.3806,0.0651588
13.4208,0.0654268
13.461,0.0656948
13.5011,0.0659628
13.5413,0.0662308
13.5815,0.0664988
13.6217,0.0667668
13.6619,0.0670348
13.702,0.0673028
13.7422,0.0675708
13.7824,0.0678388
13.8226,0.0681069
13.8628,0.0683749
13.9029,0.0686429
13.9431,0.068911
13.9833,0.069179
14.0235,0.0694471
14.0637,0.0697151
14.1039,0.0699832
14.1441,0.0702513
14.1842,0.0705193
14.2244,0.0707874
14.2646,0.0710555
14.3048,0.0713236
14.345,0.0715917
14.3852,0.0718598
14.4254,0.0721279
14.4656,0.0723959
14.5058,0.0726641
14.546,0.0729322
14.5862,0.0732003
14.6264,0.0734684
14.6666,0.0737365
14.7068,0.0740046
14.747,0.0742728
14.7872,0.0745409
14.8273,0.074809
14.8675,0.0750772
14.9077,0.0753453
14.9479,0.0756135
14.9881,0.0758816
15.0284,0.0761498
15.0686,0.0764179
15.1088,0.0766861
15.149,0.0769543
15.1892,0.0772224
15.2294,0.0774906
15.2696,0.0777588
15.3098,0.078027
15.35,0.0782952
15.3902,0.0785634
15.4304,0.0788316
15.4706,0.0790998
15.5108,0.079368
15.551,0.0796362
15.5912,0.0799044
15.6314,0.0801726
15.6717,0.0804408
15.7119,0.080709
15.7521,0.0809773
15.7923,0.0812455
15.8325,0.0815137
15.8727,0.081782
15.9129,0.0820502
15.9531,0.0823184
15.9934,0.0825867
16.0336,0.0828549
16.0738,0.0831232
16.114,0.0833914
16.1542,0.0836597
16.1944,0.083928
16.2347,0.0841962
16.2749,0.0844645
16.3151,0.0847328
16.3553,0.0850011
16.3955,0.0852693
16.4358,0.0855376
16.476,0.0858059
16.5162,0.0860742
16.5564,0.0863425
16.5966,0.0866108
16.6369,0.0868791
16.6771,0.0871474
16.7173,0.0874157
16.7575,0.087684
16.7978,0.0879523
16.838,0.0882206
16.8782,0.088489
16.9184,0.0887573
16.9587,0.0890256
16.9989,0.0892939
17.0391,0.0895623
17.0793,0.0898306
17.1196,0.0900989
17.1598,0.0903673
17.2,0.0906356
17.2403,0.090904
17.2805,0.0911723
17.3207,0.0914407
17.361,0.091709
17.4012,0.0919774
17.4414,0.0922457
17.4816,0.0925141
17.5219,0.0927825
17.5621,0.0930508
17.6023,0.0933192
17.6426,0.0935876
17.6828,0.0938559
17.723,0.0941243
17.7633,0.0943927
17.8035,0.0946611
17.8438,0.0949295
17.884,0.0951979
17.9242,0.0954663
17.9645,0.0957346
18.0047,0.096003
18.0449,0.0962714
18.0852,0.0965398
18.1254,0.0968082
18.1657,0.0970767
18.2059,0.0973451
18.2461,0.0976135
18.2864,0.0978819
18.3266,0.0981503
18.3669,0.0984187
18.4071,0.0986871
18.4473,0.0989556
18.4876,0.099224
18.5278,0.0994924
18.5681,0.0997608
18.6083,0.100029
18.6485,0.100298
18.6888,0.100566
18.729,0.100835
18.7693,0.101103
18.8095,0.101371
18.8498,0.10164
18.89,0.101908
18.9303,0.102177
18.9705,0.102445
19.0107,0.102714
19.051,0.102982
19.0912,0.103251
19.1315,0.103519
19.1717,0.103788
19.212,0.104056
19.2522,0.104324
19.2925,0.104593
19.3327,0.104861
19.373,0.10513
19.4132,0.105398
19.4535,0.105667
19.4937,0.105935
19.534,0.106204
19.5742,0.106472
19.6145,0.106741
19.6547,0.107009
19.695,0.107278
19.7352,0.107546
19.7755,0.107815
19.8157,0.108083
19.856,0.108352
19.8962,0.10862
19.9365,0.108889
19.9767,0.109157
20.017,0.109426
20.0572,0.109694
20.0975,0.109963
20.1377,0.110231
20.178,0.1105
20.2182,0.110768
20.2585,0.111037
20.2987,0.111305
20.339,0.111574
20.3793,0.111842
20.4195,0.112111
20.4598,0.112379
20.5,0.112648
20.5403,0.112916
20.5805,0.113185
20.6208,0.113453
20.661,0.113722
20.7013,0.11399
20.7416,0.114259
20.7818,0.114527
20.8221,0.114796
20.8623,0.115064
20.9026,0.115333
20.9428,0.115601
20.9831,0.11587
21.0234,0.116139
21.0636,0.116407
21.1039,0.116676
21.1441,0.116944
21.1844,0.117213
21.2246,0.117481
21.2649,0.11775
21.3052,0.118018
21.3454,0.118287
21.3857,0.118555
21.4259,0.118824
21.4662,0.119092
21.5064,0.119361
21.5467,0.119629
21.587,0.119898
21.6272,0.120167
21.6675,0.120435
21.7077,0.120704
21.748,0.120972
21.7883,0.121241
21.8285,0.121509
21.8688,0.121778
21.909,0.122046
21.9493,0.122315
21.9896,0.122584
22.0298,0.122852
22.0701,0.123121
22.1103,0.123389
22.1506,0.123658
22.1909,0.123926
22.2311,0.124195
22.2714,0.124463
22.3116,0.124732
22.3519,0.125
22.3922,0.125269
22.4324,0.125538
22.4727,0.125806
22.5129,0.126075
22.5532,0.126343
22.5935,0.126612
22.6337,0.12688
22.674,0.127149
22.7143,0.127417
22.7545,0.127686
22.7948,0.127955
22.835,0.128223
22.8753,0.128492
22.9156,0.12876
22.9558,0.129029
22.9961,0.129297
23.0363,0.129566
23.0766,0.129834
23.1169,0.130103
23.1579,0.130372
23.2004,0.13065
23.2445,0.130939
23.2902,0.131238
23.3376,0.131549
23.3866,0.13187
23.4375,0.132203
23.4901,0.132548
23.5446,0.132906
23.601,0.133275
23.6594,0.133658
23.7197,0.134054
23.7821,0.134463
23.8466,0.134886
23.9133,0.135324
23.9821,0.135776
24.0532,0.136242
24.1265,0.136724
24.2022,0.137221
24.2803,0.137734
24.3608,0.138262
24.4437,0.138807
24.5291,0.139368
24.617,0.139947
24.7075,0.140542
24.8006,0.141154
24.8963,0.141783
24.9946,0.14243
25.0955,0.143095
25.1992,0.143777
25.3055,0.144477
25.4145,0.145195
25.5262,0.145931
25.6406,0.146685
25.7576,0.147457
25.8774,0.148247
25.9997,0.149055
26.1248,0.14988
26.2524,0.150722
26.3826,0.151582
26.5153,0.152459
26.6505,0.153353
26.7881,0.154263
26.9281,0.155189
27.0704,0.156131
27.215,0.157088
27.3617,0.158059
27.5105,0.159045
27.6612,0.160044
27.8139,0.161056
27.9683,0.16208
28.1244,0.163116
28.2821,0.164163
28.4412,0.16522
28.6016,0.166286
28.7633,0.16736
28.926,0.168442
29.0896,0.169531
29.254,0.170625
29.4191,0.171724
29.5847,0.172827
29.7507,0.173933
29.9169,0.175041
0.0198879,0.401396
0.0596644,0.401396
0.0994427,0.401396
0.139223,0.401396
0.179004,0.401396
0.218787,0.401396
0.258572,0.401396
0.298359,0.401396
0.338147,0.401396
0.377937,0.401396
0.417728,0.401396
0.457521,0.401396
0.497316,0.401396
0.537113,0.401396
0.576911,0.401396
0.61671,0.401396
0.656512,0.401396
0.696315,0.401396
0.736119,0.401396
0.775925,0.401396
0.815733,0.401396
0.855543,0.401396
0.895354,0.401396
0.935166,0.401396
0.974981,0.401396
1.0148,0.401396
1.05461,0.401396
1.09443,0.401396
1.13425,0.401396
1.17408,0.401396
1.2139,0.401396
1.25373,0.401396
1.29355,0.401396
1.33338,0.401396
1.37321,0.401396
1.41304,0.401396
1.45288,0.401396
1.49271,0.401396
1.53255,0.401396
1.57239,0.401396
1.61223,0.401396
1.65207,0.401396
1.69191,0.401396
1.73175,0.401396
1.7716,0.401396
1.81145,0.401396
1.8513,0.401396
1.89115,0.401396
1.931,0.401396
1.97085,0.401396
2.01071,0.401396
2.05056,0.401396
2.09042,0.401396
2.13028,0.401396
2.17014,0.401396
2.21001,0.401396
2.24987,0.401396
2.28974,0.401396
2.3296,0.401396
2.36947,0.401396
2.40934,0.401396
2.44921,0.401396
2.48909,0.401396
2.52896,0.401396
2.56884,0.401396
2.60872,0.401396
2.64859,0.401396
2.68848,0.401396
2.72836,0.401396
2.76824,0.401396
2.80813,0.401396
2.84801,0.401396
2.8879,0.401396
2.92779,0.401396
2.96768,0.401396
3.00757,0.401396
3.04747,0.401396
3.08736,0.401396
3.12726,0.401396
3.16716,0.401396
3.20706,0.401396
3.24696,0.401396
3.28686,0.401396
3.32677,0.401396
3.36667,0.401396
3.40658,0.401396
3.44649,0.400297
3.4864,0.399198
3.52631,0.398099
3.56622,0.397
3.60614,0.395901
3.64605,0.394802
3.68597,0.393703
3.72589,0.392603
3.76581,0.391504
3.80573,0.390405
3.84565,0.389306
3.88557,0.388206
3.9255,0.387107
3.96543,0.386007
4.00536,0.384908
4.04528,0.383808
4.08522,0.382709
4.12515,0.381609
4.16508,0.38051
4.20502,0.37941
4.24495,0.37831
4.28489,0.377211
4.32483,0.376111
4.36477,0.375011
4.40471,0.373911
4.44466,0.372811
4.4846,0.371711
4.52455,0.370611
4.56449,0.369511
4.60444,0.368411
4.64439,0.367311
4.68435,0.366211
4.7243,0.365111
4.76425,0.364011
4.80421,0.362911
4.84416,0.36181
4.88412,0.36071
4.92408,0.35961
4.96404,0.358509
5.004,0.357409
5.04397,0.356309
5.08393,0.355208
5.1239,0.354108
5.16387,0.353007
5.20383,0.351906
5.2438,0.350806
5.28378,0.349705
5.32375,0.348604
5.36372,0.347504
5.4037,0.346403
5.44367,0.345302
5.48365,0.344201
5.52363,0.3431
5.56361,0.342
5.60359,0.340899
5.64357,0.339798
5.68356,0.338697
5.72354,0.337596
5.76353,0.330296
5.80352,0.322996
5.84351,0.315697
5.8835,0.308396
5.92349,0.301096
5.96348,0.293795
6.00348,0.286495
6.04347,0.279194
6.08347,0.271892
6.12347,0.264591
6.16347,0.257289
6.20347,0.249987
6.24347,0.242685
6.28347,0.235382
6.32348,0.22808
6.36348,0.220777
6.40349,0.213474
6.44349,0.206171
6.4835,0.199969
6.52351,0.193767
6.56352,0.187564
6.60354,0.181362
6.64355,0.17516
6.68357,0.168957
6.72358,0.162754
6.7636,0.156551
6.80362,0.150347
6.84364,0.144144
6.88366,0.13794
6.92368,0.131736
6.9637,0.125532
7.00373,0.119328
7.04375,0.113124
7.08378,0.106919
7.12381,0.100714
7.16384,0.0945092
7.20387,0.0883041
7.2439,0.0820987
7.28393,0.0758932
7.32397,0.0696875
7.364,0.0696875
7.40404,0.0696875
7.44407,0.0696875
7.48411,0.0696875
7.52415,0.0696875
7.56419,0.0696875
7.60423,0.0696875
7.64428,0.0696875
7.68432,0.0696875
7.72437,0.0696875
7.76441,0.0696875
7.80446,0.0696875
7.84451,0.0696875
7.88456,0.0696875
7.92461,0.0696875
7.96466,0.0696875
8.00471,0.0696875
8.04477,0.0696875
8.08482,0.0696875
8.12488,0.0696875
8.16494,0.0696875
8.205,0.0696875
8.24506,0.0696875
8.28512,0.0696875
8.32518,0.0696875
8.36524,0.0696875
8.4053,0.0696875
8.44537,0.0696875
8.48544,0.0696875
8.5255,0.0696875
8.56557,0.0696875
8.60564,0.0696875
8.64571,0.0696875
8.68578,0.0696875
8.72585,0.0696875
8.76593,0.0696875
8.806,0.0696875
8.84608,0.0696875
8.88615,0.0696875
8.92623,0.0696875
8.96631,0.0696875
9.00639,0.0696875
9.04647,0.0696875
9.08655,0.0696875
9.12663,0.0696875
9.16672,0.0696875
9.2068,0.0696875
9.24689,0.0696875
9.28697,0.0696875
9.32706,0.0696875
9.36715,0.0696875
9.40724,0.0696875
9.44733,0.0696875
9.48742,0.0696875
9.52752,0.0696875
9.56761,0.0696875
9.6077,0.0696875
9.6478,0.0696875
9.6879,0.0696875
9.72799,0.0696875
9.76809,0.0696875
9.80819,0.0696875
9.84829,0.0696875
9.8884,0.0696875
9.9285,0.0696875
9.9686,0.0696875
10.0087,0.0696875
10.0488,0.0696875
10.0889,0.0696875
10.129,0.0696875
10.1691,0.0696875
10.2092,0.0696875
10.2494,0.0696875
10.2895,0.0696875
10.3296,0.0696875
10.3697,0.0696875
10.4098,0.0696875
10.4499,0.0696875
10.49,0.0696875
10.5302,0.0696875
10.5703,0.0696875
10.6104,0.0696875
10.6505,0.0696875
10.6906,0.0696875
10.7307,0.0696875
10.7709,0.0696875
10.811,0.0696875
10.8511,0.0696875
10.8912,0.0696875
10.9314,0.0696875
10.9715,0.0696875
11.0116,0.0696875
11.0517,0.0696875
11.0919,0.0696875
11.132,0.0696875
11.1721,0.0696875
11.2123,0.0696875
11.2524,0.0696875
11.2925,0.0696875
11.3327,0.0696875
11.3728,0.0696875
11.4129,0.0696875
11.4531,0.0696875
11.4932,0.0696875
11.5334,0.0696875
11.5735,0.0696875
11.6136,0.0696875
11.6538,0.0696875
11.6939,0.0696875
11.7341,0.0696875
11.7742,0.070032
11.8144,0.0703764
11.8545,0.0707209
11.8946,0.0710653
11.9348,0.0714098
11.9749,0.0717543
12.0151,0.0720988
12.0552,0.0724433
12.0954,0.0727877
12.1355,0.0731323
12.1757,0.0734768
12.2158,0.0738213
12.256,0.0741658
12.2962,0.0745103
12.3363,0.0748549
12.3765,0.0751994
12.4166,0.075544
12.4568,0.0758885
12.4969,0.0762331
12.5371,0.0765777
12.5773,0.0769222
12.6174,0.0772668
12.6576,0.0776114
12.6977,0.077956
12.7379,0.0783006
12.7781,0.0786452
12.8182,0.0789899
12.8584,0.0793345
12.8986,0.0796791
12.9387,0.0800237
12.9789,0.0803684
13.0191,0.080713
13.0592,0.0810577
13.0994,0.0814024
13.1396,0.081747
13.1797,0.0820917
13.2199,0.0824364
13.2601,0.0827811
13.3003,0.0831258
13.3404,0.0834705
13.3806,0.0838152
13.4208,0.0841599
13.461,0.0845046
13.5011,0.0848493
13.5413,0.085194
13.5815,0.0855388
13.6217,0.0858835
13.6619,0.0862283
13.702,0.086573
13.7422,0.0869178
13.7824,0.0872626
13.8226,0.0876073
13.8628,0.0879521
13.9029,0.0882969
13.9431,0.0886417
13.9833,0.0889865
14.0235,0.0893313
14.0637,0.0896761
14.1039,0.0900209
14.1441,0.0903657
14.1842,0.0907105
14.2244,0.0910554
14.2646,0.0914002
14.3048,0.091745
14.345,0.0920899
14.3852,0.0924347
14.4254,0.0927796
14.4656,0.0931244
14.5058,0.0934693
14.546,0.0938142
14.5862,0.0941591
14.6264,0.094504
14.6666,0.0948488
14.7068,0.0951937
14.747,0.0955386
14.7872,0.0958835
14.8273,0.0962285
14.8675,0.0965734
14.9077,0.0969183
14.9479,0.0972632
14.9881,0.0976081
15.0284,0.0979531
15.0686,0.098298
15.1088,0.098643
15.149,0.0989879
15.1892,0.0993329
15.2294,0.0996778
15.2696,0.100023
15.3098,0.100368
15.35,0.100713
15.3902,0.101058
15.4304,0.101403
15.4706,0.101748
15.5108,0.102093
15.551,0.102438
15.5912,0.102783
15.6314,0.103128
15.6717,0.103473
15.7119,0.103818
15.7521,0.104163
15.7923,0.104508
15.8325,0.104853
15.8727,0.105198
15.9129,0.105543
15.9531,0.105888
15.9934,0.106233
16.0336,0.106578
16.0738,0.106923
16.114,0.107268
16.1542,0.107613
16.1944,0.107958
16.2347,0.108303
16.2749,0.108648
16.3151,0.108994
16.3553,0.109339
16.3955,0.109684
16.4358,0.110029
16.476,0.110374
16.5162,0.110719
16.5564,0.111064
16.5966,0.111409
16.6369,0.111754
16.6771,0.1121
16.7173,0.112445
16.7575,0.11279
16.7978,0.113135
16.838,0.11348
16.8782,0.113825
16.9184,0.11417
16.9587,0.114516
16.9989,0.114861
17.0391,0.115206
17.0793,0.115551
17.1196,0.115896
17.1598,0.116241
17.2,0.116587
17.2403,0.116932
17.2805,0.117277
17.3207,0.117622
17.361,0.117967
17.4012,0.118312
17.4414,0.118658
17.4816,0.119003
17.5219,0.119348
17.5621,0.119693
17.6023,0.120038
17.6426,0.120384
17.6828,0.120729
17.723,0.121074
17.7633,0.121419
17.8035,0.121765
17.8438,0.12211
17.884,0.122455
17.9242,0.1228
17.9645,0.123146
18.0047,0.123491
18.0449,0.123836
18.0852,0.124181
18.1254,0.124527
18.1657,0.124872
18.2059,0.125217
18.2461,0.125562
18.2864,0.125908
18.3266,0.126253
18.3669,0.126598
18.4071,0.126943
18.4473,0.127289
18.4876,0.127634
18.5278,0.127979
18.5681,0.128325
18.6083,0.12867
18.6485,0.129015
18.6888,0.12936
18.729,0.129706
18.7693,0.130051
18.8095,0.130396
18.8498,0.130742
18.89,0.131087
18.9303,0.131432
18.9705,0.131778
19.0107,0.132123
19.051,0.132468
19.0912,0.132813
19.1315,0.133159
19.1717,0.133504
19.212,0.133849
19.2522,0.134195
19.2925,0.13454
19.3327,0.134885
19.373,0.135231
19.4132,0.135576
19.4535,0.135921
19.4937,0.136267
19.534,0.136612
19.5742,0.136958
19.6145,0.137303
19.6547,0.137648
19.695,0.137994
19.7352,0.138339
19.7755,0.138684
19.8157,0.13903
19.856,0.139375
19.8962,0.13972
19.9365,0.140066
19.9767,0.140411
20.017,0.140757
20.0572,0.141102
20.0975,0.141447
20.1377,0.141793
20.178,0.142138
20.2182,0.142483
20.2585,0.142829
20.2987,0.143174
20.339,0.14352
20.3793,0.143865
20.4195,0.14421
20.4598,0.144556
20.5,0.144901
20.5403,0.145247
20.5805,0.145592
20.6208,0.145937
20.661,0.146283
20.7013,0.146628
20.7416,0.146974
20.7818,0.147319
20.8221,0.147664
20.8623,0.14801
20.9026,0.148355
20.9428,0.148701
20.9831,0.149046
21.0234,0.149391
21.0636,0.149737
21.1039,0.150082
21.1441,0.150428
21.1844,0.150773
21.2246,0.151119
21.2649,0.151464
21.3052,0.151809
21.3454,0.152155
21.3857,0.1525
21.4259,0.152846
21.4662,0.153191
21.5064,0.153537
21.5467,0.153882
21.587,0.154227
21.6272,0.154573
21.6675,0.154918
21.7077,0.155264
21.748,0.155609
21.7883,0.155955
21.8285,0.1563
21.8688,0.156645
21.909,0.156991
21.9493,0.157336
21.9896,0.157682
22.0298,0.158027
22.0701,0.158373
22.1103,0.158718
22.1506,0.159064
22.1909,0.159409
22.2311,0.159754
22.2714,0.1601
22.3116,0.160445
22.3519,0.160791
22.3922,0.161136
22.4324,0.161482
22.4727,0.161827
22.5129,0.162173
22.5532,0.162518
22.5935,0.162863
22.6337,0.163209
22.674,0.163554
22.7143,0.1639
22.7545,0.164245
22.7948,0.164591
22.835,0.164936
22.8753,0.165282
22.9156,0.165627
22.9558,0.165972
22.9961,0.166318
23.0363,0.166663
23.0766,0.167009
23.1169,0.167354
23.1579,0.1677
23.2004,0.168058
23.2445,0.16843
23.2902,0.168815
23.3376,0.169214
23.3866,0.169628
23.4375,0.170056
23.4901,0.1705
23.5446,0.170959
23.601,0.171435
23.6594,0.171927
23.7197,0.172436
23.7821,0.172963
23.8466,0.173507
23.9133,0.17407
23.9821,0.174651
24.0532,0.175251
24.1265,0.175871
24.2022,0.17651
24.2803,0.17717
24.3608,0.17785
24.4437,0.178551
24.5291,0.179273
24.617,0.180016
24.7075,0.180782
24.8006,0.181569
24.8963,0.182379
24.9946,0.183211
25.0955,0.184066
25.1992,0.184943
25.3055,0.185844
25.4145,0.186768
25.5262,0.187715
25.6406,0.188684
25.7576,0.189677
25.8774,0.190693
25.9997,0.191732
26.1248,0.192794
26.2524,0.193878
26.3826,0.194984
26.5153,0.196112
26.6505,0.197261
26.7881,0.198432
26.9281,0.199623
27.0704,0.200834
27.215,0.202065
27.3617,0.203315
27.5105,0.204583
27.6612,0.205868
27.8139,0.20717
27.9683,0.208487
28.1244,0.20982
28.2821,0.211166
28.4412,0.212525
28.6016,0.213897
28.7633,0.215279
28.926,0.21667
29.0896,0.218071
29.254,0.219479
29.4191,0.220893
29.5847,0.222312
29.7507,0.223734
29.9169,0.22516
0.0198879,0.431412
0.0596644,0.431412
0.0994427,0.431412
0.139223,0.431412
0.179004,0.431412
0.218787,0.431412
0.258572,0.431412
0.298359,0.431412
0.338147,0.431412
0.377937,0.431412
0.417728,0.431412
0.457521,0.431412
0.497316,0.431412
0.537113,0.431412
0.576911,0.431412
0.61671,0.431412
0.656512,0.431412
0.696315,0.431412
0.736119,0.431412
0.775925,0.431412
0.815733,0.431412
0.855543,0.431412
0.895354,0.431412
0.935166,0.431412
0.974981,0.431412
1.0148,0.431412
1.05461,0.431412
1.09443,0.431412
1.13425,0.431412
1.17408,0.431412
1.2139,0.431412
1.25373,0.431412
1.29355,0.431412
1.33338,0.431412
1.37321,0.431412
1.41304,0.431412
1.45288,0.431412
1.49271,0.431412
1.53255,0.431412
1.57239,0.431412
1.61223,0.431412
1.65207,0.431412
1.69191,0.431412
1.73175,0.431412
1.7716,0.431412
1.81145,0.431412
1.8513,0.431412
1.89115,0.431412
1.931,0.431412
1.97085,0.431412
2.01071,0.431412
2.05056,0.431412
2.09042,0.431412
2.13028,0.431412
2.17014,0.431412
2.21001,0.431412
2.24987,0.431412
2.28974,0.431412
2.3296,0.431412
2.36947,0.431412
2.40934,0.431412
2.44921,0.431412
2.48909,0.431412
2.52896,0.431412
2.56884,0.431412
2.60872,0.431412
2.64859,0.431412
2.68848,0.431412
2.72836,0.431412
2.76824,0.431412
2.80813,0.431412
2.84801,0.431412
2.8879,0.431412
2.92779,0.431412
2.96768,0.431412
3.00757,0.431412
3.04747,0.431412
3.08736,0.431412
3.12726,0.431412
3.16716,0.431412
3.20706,0.431412
3.24696,0.431412
3.28686,0.431412
3.32677,0.431412
3.36667,0.431412
3.40658,0.431412
3.44649,0.430068
3.4864,0.428725
3.52631,0.427381
3.56622,0.426037
3.60614,0.424693
3.64605,0.423349
3.68597,0.422005
3.72589,0.420661
3.76581,0.419317
3.80573,0.417972
3.84565,0.416628
3.88557,0.415284
3.9255,0.41394
3.96543,0.412595
4.00536,0.411251
4.04528,0.409906
4.08522,0.408562
4.12515,0.407217
4.16508,0.405873
4.20502,0.404528
4.24495,0.403183
4.28489,0.401839
4.32483,0.400494
4.36477,0.399149
4.40471,0.397804
4.44466,0.396459
4.4846,0.395114
4.52455,0.393769
4.56449,0.392424
4.60444,0.391079
4.64439,0.389734
4.68435,0.388389
4.7243,0.387043
4.76425,0.385698
4.80421,0.384353
4.84416,0.383007
4.88412,0.381662
4.92408,0.380316
4.96404,0.378971
5.004,0.377625
5.04397,0.37628
5.08393,0.374934
5.1239,0.373588
5.16387,0.372243
5.20383,0.370897
5.2438,0.369551
5.28378,0.368205
5.32375,0.366859
5.36372,0.365513
5.4037,0.364167
5.44367,0.362821
5.48365,0.361475
5.52363,0.360129
5.56361,0.358783
5.60359,0.357437
5.64357,0.35609
5.68356,0.354744
5.72354,0.353398
5.76353,0.345956
5.80352,0.338515
5.84351,0.331073
5.8835,0.323631
5.92349,0.316189
5.96348,0.308746
6.00348,0.301304
6.04347,0.293861
6.08347,0.286417
6.12347,0.278974
6.16347,0.27153
6.20347,0.264087
6.24347,0.256642
6.28347,0.249198
6.32348,0.241754
6.36348,0.234309
6.40349,0.226864
6.44349,0.219419
6.4835,0.21332
6.52351,0.207222
6.56352,0.201123
6.60354,0.195024
6.64355,0.188925
6.68357,0.182826
6.72358,0.176726
6.7636,0.170627
6.80362,0.164527
6.84364,0.158427
6.88366,0.152327
6.92368,0.146226
6.9637,0.140126
7.00373,0.134025
7.04375,0.127924
7.08378,0.121823
7.12381,0.115722
7.16384,0.109621
7.20387,0.103519
7.2439,0.0974173
7.28393,0.0913153
7.32397,0.0852132
7.364,0.0852132
7.40404,0.0852132
7.44407,0.0852132
7.48411,0.0852132
7.52415,0.0852132
7.56419,0.0852132
7.60423,0.0852132
7.64428,0.0852132
7.68432,0.0852132
7.72437,0.0852132
7.76441,0.0852132
7.80446,0.0852132
7.84451,0.0852132
7.88456,0.0852132
7.92461,0.0852132
7.96466,0.0852132
8.00471,0.0852132
8.04477,0.0852132
8.08482,0.0852132
8.12488,0.0852132
8.16494,0.0852132
8.205,0.0852132
8.24506,0.0852132
8.28512,0.0852132
8.32518,0.0852132
8.36524,0.0852132
8.4053,0.0852132
8.44537,0.0852132
8.48544,0.0852132
8.5255,0.0852132
8.56557,0.0852132
8.60564,0.0852132
8.64571,0.0852132
8.68578,0.0852132
8.72585,0.0852132
8.76593,0.0852132
8.806,0.0852132
8.84608,0.0852132
8.88615,0.0852132
8.92623,0.0852132
8.96631,0.0852132
9.00639,0.0852132
9.04647,0.0852132
9.08655,0.0852132
9.12663,0.0852132
9.16672,0.0852132
9.2068,0.0852132
9.24689,0.0852132
9.28697,0.0852132
9.32706,0.0852132
9.36715,0.0852132
9.40724,0.0852132
9.44733,0.0852132
9.48742,0.0852132
9.52752,0.0852132
9.56761,0.0852132
9.6077,0.0852132
9.6478,0.0852132
9.6879,0.0852132
9.72799,0.0852132
9.76809,0.0852132
9.80819,0.0852132
9.84829,0.0852132
9.8884,0.0852132
9.9285,0.0852132
9.9686,0.0852132
10.0087,0.0852132
10.0488,0.0852132
10.0889,0.0852132
10.129,0.0852132
10.1691,0.0852132
10.2092,0.0852132
10.2494,0.0852132
10.2895,0.0852132
10.3296,0.0852132
10.3697,0.0852132
10.4098,0.0852132
10.4499,0.0852132
10.49,0.0852132
10.5302,0.0852132
10.5703,0.0852132
10.6104,0.0852132
10.6505,0.0852132
10.6906,0.0852132
10.7307,0.0852132
10.7709,0.0852132
10.811,0.0852132
10.8511,0.0852132
10.8912,0.0852132
10.9314,0.0852132
10.9715,0.0852132
11.0116,0.0852132
11.0517,0.0852132
11.0919,0.0852132
11.132,0.0852132
11.1721,0.0852132
11.2123,0.0852132
11.2524,0.0852132
11.2925,0.0852132
11.3327,0.0852132
11.3728,0.0852132
11.4129,0.0852132
11.4531,0.0852132
11.4932,0.0852132
11.5334,0.0852132
11.5735,0.0852132
11.6136,0.0852132
11.6538,0.0852132
11.6939,0.0852132
11.7341,0.0852132
11.7742,0.0856344
11.8144,0.0860556
11.8545,0.0864768
11.8946,0.086898
11.9348,0.0873192
11.9749,0.0877404
12.0151,0.0881616
12.0552,0.0885829
12.0954,0.0890041
12.1355,0.0894254
12.1757,0.0898466
12.2158,0.0902679
12.256,0.0906892
12.2962,0.0911105
12.3363,0.0915318
12.3765,0.0919531
12.4166,0.0923744
12.4568,0.0927957
12.4969,0.093217
12.5371,0.0936384
12.5773,0.0940597
12.6174,0.0944811
12.6576,0.0949025
12.6977,0.0953238
12.7379,0.0957452
12.7781,0.0961666
12.8182,0.096588
12.8584,0.0970094
12.8986,0.0974308
12.9387,0.0978522
12.9789,0.0982736
13.0191,0.0986951
13.0592,0.0991165
13.0994,0.099538
13.1396,0.0999594
13.1797,0.100381
13.2199,0.100802
13.2601,0.101224
13.3003,0.101645
13.3404,0.102067
13.3806,0.102488
13.4208,0.10291
13.461,0.103331
13.5011,0.103753
13.5413,0.104174
13.5815,0.104596
13.6217,0.105018
13.6619,0.105439
13.702,0.105861
13.7422,0.106282
13.7824,0.106704
13.8226,0.107125
13.8628,0.107547
13.9029,0.107969
13.9431,0.10839
13.9833,0.108812
14.0235,0.109233
14.0637,0.109655
14.1039,0.110077
14.1441,0.110498
14.1842,0.11092
14.2244,0.111342
14.2646,0.111763
14.3048,0.112185
14.345,0.112607
14.3852,0.113028
14.4254,0.11345
14.4656,0.113872
14.5058,0.114293
14.546,0.114715
14.5862,0.115137
14.6264,0.115558
14.6666,0.11598
14.7068,0.116402
14.747,0.116824
14.7872,0.117245
14.8273,0.117667
14.8675,0.118089
14.9077,0.118511
14.9479,0.118932
14.9881,0.119354
15.0284,0.119776
15.0686,0.120198
15.1088,0.12062
15.149,0.121041
15.1892,0.121463
15.2294,0.121885
15.2696,0.122307
15.3098,0.122729
15.35,0.123151
15.3902,0.123572
15.4304,0.123994
15.4706,0.124416
15.5108,0.124838
15.551,0.12526
15.5912,0.125682
15.6314,0.126104
15.6717,0.126525
15.7119,0.126947
15.7521,0.127369
15.7923,0.127791
15.8325,0.128213
15.8727,0.128635
15.9129,0.129057
15.9531,0.129479
15.9934,0.129901
16.0336,0.130323
16.0738,0.130745
16.114,0.131166
16.1542,0.131588
16.1944,0.13201
16.2347,0.132432
16.2749,0.132854
16.3151,0.133276
16.3553,0.133698
16.3955,0.13412
16.4358,0.134542
16.476,0.134964
16.5162,0.135386
16.5564,0.135808
16.5966,0.13623
16.6369,0.136652
16.6771,0.137074
16.7173,0.137496
16.7575,0.137918
16.7978,0.13834
16.838,0.138762
16.8782,0.139184
16.9184,0.139606
16.9587,0.140028
16.9989,0.14045
17.0391,0.140873
17.0793,0.141295
17.1196,0.141717
17.1598,0.142139
17.2,0.142561
17.2403,0.142983
17.2805,0.143405
17.3207,0.143827
17.361,0.144249
17.4012,0.144671
17.4414,0.145093
17.4816,0.145515
17.5219,0.145938
17.5621,0.14636
17.6023,0.146782
17.6426,0.147204
17.6828,0.147626
17.723,0.148048
17.7633,0.14847
17.8035,0.148892
17.8438,0.149315
17.884,0.149737
17.9242,0.150159
17.9645,0.150581
18.0047,0.151003
18.0449,0.151425
18.0852,0.151848
18.1254,0.15227
18.1657,0.152692
18.2059,0.153114
18.2461,0.153536
18.2864,0.153958
18.3266,0.154381
18.3669,0.154803
18.4071,0.155225
18.4473,0.155647
18.4876,0.156069
18.5278,0.156492
18.5681,0.156914
18.6083,0.157336
18.6485,0.157758
18.6888,0.158181
18.729,0.158603
18.7693,0.159025
18.8095,0.159447
18.8498,0.159869
18.89,0.160292
18.9303,0.160714
18.9705,0.161136
19.0107,0.161558
19.051,0.161981
19.0912,0.162403
19.1315,0.162825
19.1717,0.163247
19.212,0.16367
19.2522,0.164092
19.2925,0.164514
19.3327,0.164937
19.373,0.165359
19.4132,0.165781
19.4535,0.166203
19.4937,0.166626
19.534,0.167048
19.5742,0.16747
19.6145,0.167893
19.6547,0.168315
19.695,0.168737
19.7352,0.169159
19.7755,0.169582
19.8157,0.170004
19.856,0.170426
19.8962,0.170849
19.9365,0.171271
19.9767,0.171693
20.017,0.172116
20.0572,0.172538
20.0975,0.17296
20.1377,0.173383
20.178,0.173805
20.2182,0.174227
20.2585,0.17465
20.2987,0.175072
20.339,0.175494
20.3793,0.175917
20.4195,0.176339
20.4598,0.176761
20.5,0.177184
20.5403,0.177606
20.5805,0.178028
20.6208,0.178451
20.661,0.178873
20.7013,0.179295
20.7416,0.179718
20.7818,0.18014
20.8221,0.180563
20.8623,0.180985
20.9026,0.181407
20.9428,0.18183
20.9831,0.182252
21.0234,0.182674
21.0636,0.183097
21.1039,0.183519
21.1441,0.183941
21.1844,0.184364
21.2246,0.184786
21.2649,0.185209
21.3052,0.185631
21.3454,0.186053
21.3857,0.186476
21.4259,0.186898
21.4662,0.187321
21.5064,0.187743
21.5467,0.188165
21.587,0.188588
21.6272,0.18901
21.6675,0.189432
21.7077,0.189855
21.748,0.190277
21.7883,0.1907
21.8285,0.191122
21.8688,0.191544
21.909,0.191967
21.9493,0.192389
21.9896,0.192812
22.0298,0.193234
22.0701,0.193656
22.1103,0.194079
22.1506,0.194501
22.1909,0.194924
22.2311,0.195346
22.2714,0.195768
22.3116,0.196191
22.3519,0.196613
22.3922,0.197036
22.4324,0.197458
22.4727,0.197881
22.5129,0.198303
22.5532,0.198725
22.5935,0.199148
22.6337,0.19957
22.674,0.199993
22.7143,0.200415
22.7545,0.200837
22.7948,0.20126
22.835,0.201682
22.8753,0.202105
22.9156,0.202527
22.9558,0.202949
22.9961,0.203372
23.0363,0.203794
23.0766,0.204217
23.1169,0.204639
23.1579,0.205062
23.2004,0.2055
23.2445,0.205954
23.2902,0.206425
23.3376,0.206913
23.3866,0.207419
23.4375,0.207943
23.4901,0.208486
23.5446,0.209047
23.601,0.209629
23.6594,0.210231
23.7197,0.210853
23.7821,0.211497
23.8466,0.212163
23.9133,0.212851
23.9821,0.213561
24.0532,0.214295
24.1265,0.215053
24.2022,0.215835
24.2803,0.216641
24.3608,0.217473
24.4437,0.21833
24.5291,0.219213
24.617,0.220122
24.7075,0.221058
24.8006,0.222021
24.8963,0.223011
24.9946,0.224028
25.0955,0.225074
25.1992,0.226147
25.3055,0.227248
25.4145,0.228378
25.5262,0.229536
25.6406,0.230721
25.7576,0.231936
25.8774,0.233178
25.9997,0.234448
26.1248,0.235746
26.2524,0.237071
26.3826,0.238424
26.5153,0.239803
26.6505,0.241209
26.7881,0.24264
26.9281,0.244097
27.0704,0.245578
27.215,0.247083
27.3617,0.248611
27.5105,0.250162
27.6612,0.251733
27.8139,0.253325
27.9683,0.254936
28.1244,0.256565
28.2821,0.258212
28.4412,0.259874
28.6016,0.261551
28.7633,0.263241
28.926,0.264942
29.0896,0.266655
29.254,0.268376
29.4191,0.270105
29.5847,0.27184
29.7507,0.27358
29.9169,0.275323
0.0198879,0.461455
0.0596644,0.461455
0.0994427,0.461455
0.139223,0.461455
0.179004,0.461455
0.218787,0.461455
0.258572,0.461455
0.298359,0.461455
0.338147,0.461455
0.377937,0.461455
0.417728,0.461455
0.457521,0.461455
0.497316,0.461455
0.537113,0.461455
0.576911,0.461455
0.61671,0.461455
0.656512,0.461455
0.696315,0.461455
0.736119,0.461455
0.775925,0.461455
0.815733,0.461455
0.855543,0.461455
0.895354,0.461455
0.935166,0.461455
0.974981,0.461455
1.0148,0.461455
1.05461,0.461455
1.09443,0.461455
1.13425,0.461455
1.17408,0.461455
1.2139,0.461455
1.25373,0.461455
1.29355,0.461455
1.33338,0.461455
1.37321,0.461455
1.41304,0.461455
1.45288,0.461455
1.49271,0.461455
1.53255,0.461455
1.57239,0.461455
1.61223,0.461455
1.65207,0.461455
1.69191,0.461455
1.73175,0.461455
1.7716,0.461455
1.81145,0.461455
1.8513,0.461455
1.89115,0.461455
1.931,0.461455
1.97085,0.461455
2.01071,0.461455
2.05056,0.461455
2.09042,0.461455
2.13028,0.461455
2.17014,0.461455
2.21001,0.461455
2.24987,0.461455
2.28974,0.461455
2.3296,0.461455
2.36947,0.461455
2.40934,0.461455
2.44921,0.461455
2.48909,0.461455
2.52896,0.461455
2.56884,0.461455
2.60872,0.461455
2.64859,0.461455
2.68848,0.461455
2.72836,0.461455
2.76824,0.461455
2.80813,0.461455
2.84801,0.461455
2.8879,0.461455
2.92779,0.461455
2.96768,0.461455
3.00757,0.461455
3.04747,0.461455
3.08736,0.461455
3.12726,0.461455
3.16716,0.461455
3.20706,0.461455
3.24696,0.461455
3.28686,0.461455
3.32677,0.461455
3.36667,0.461455
3.40658,0.461455
3.44649,0.459866
3.4864,0.458277
3.52631,0.456688
3.56622,0.455099
3.60614,0.45351
3.64605,0.451921
3.68597,0.450332
3.72589,0.448743
3.76581,0.447153
3.80573,0.445564
3.84565,0.443975
3.88557,0.442385
3.9255,0.440796
3.96543,0.439206
4.00536,0.437617
4.04528,0.436027
4.08522,0.434437
4.12515,0.432848
4.16508,0.431258
4.20502,0.429668
4.24495,0.428078
4.28489,0.426488
4.32483,0.424898
4.36477,0.423308
4.40471,0.421718
4.44466,0.420128
4.4846,0.418537
4.52455,0.416947
4.56449,0.415357
4.60444,0.413766
4.64439,0.412176
4.68435,0.410585
4.7243,0.408995
4.76425,0.407404
4.80421,0.405814
4.84416,0.404223
4.88412,0.402632
4.92408,0.401041
4.96404,0.39945
5.004,0.397859
5.04397,0.396268
5.08393,0.394677
5.1239,0.393086
5.16387,0.391495
5.20383,0.389904
5.2438,0.388313
5.28378,0.386721
5.32375,0.38513
5.36372,0.383539
5.4037,0.381947
5.44367,0.380356
5.48365,0.378764
5.52363,0.377173
5.56361,0.375581
5.60359,0.373989
5.64357,0.372397
5.68356,0.370806
5.72354,0.369214
5.76353,0.36163
5.80352,0.354047
5.84351,0.346463
5.8835,0.338879
5.92349,0.331295
5.96348,0.32371
6.00348,0.316126
6.04347,0.308541
6.08347,0.300955
6.12347,0.29337
6.16347,0.285784
6.20347,0.278198
6.24347,0.270612
6.28347,0.263026
6.32348,0.255439
6.36348,0.247852
6.40349,0.240265
6.44349,0.232678
6.4835,0.226683
6.52351,0.220688
6.56352,0.214693
6.60354,0.208698
6.64355,0.202702
6.68357,0.196707
6.72358,0.190711
6.7636,0.184715
6.80362,0.178719
6.84364,0.172722
6.88366,0.166726
6.92368,0.160729
6.9637,0.154732
7.00373,0.148735
7.04375,0.142738
7.08378,0.136741
7.12381,0.130743
7.16384,0.124745
7.20387,0.118747
7.2439,0.112749
7.28393,0.106751
7.32397,0.100752
7.364,0.100752
7.40404,0.100752
7.44407,0.100752
7.48411,0.100752
7.52415,0.100752
7.56419,0.100752
7.60423,0.100752
7.64428,0.100752
7.68432,0.100752
7.72437,0.100752
7.76441,0.100752
7.80446,0.100752
7.84451,0.100752
7.88456,0.100752
7.92461,0.100752
7.96466,0.100752
8.00471,0.100752
8.04477,0.100752
8.08482,0.100752
8.12488,0.100752
8.16494,0.100752
8.205,0.100752
8.24506,0.100752
8.28512,0.100752
8.32518,0.100752
8.36524,0.100752
8.4053,0.100752
8.44537,0.100752
8.48544,0.100752
8.5255,0.100752
8.56557,0.100752
8.60564,0.100752
8.64571,0.100752
8.68578,0.100752
8.72585,0.100752
8.76593,0.100752
8.806,0.100752
8.84608,0.100752
8.88615,0.100752
8.92623,0.100752
8.96631,0.100752
9.00639,0.100752
9.04647,0.100752
9.08655,0.100752
9.12663,0.100752
9.16672,0.100752
9.2068,0.100752
9.24689,0.100752
9.28697,0.100752
9.32706,0.100752
9.36715,0.100752
9.40724,0.100752
9.44733,0.100752
9.48742,0.100752
9.52752,0.100752
9.56761,0.100752
9.6077,0.100752
9.6478,0.100752
9.6879,0.100752
9.72799,0.100752
9.76809,0.100752
9.80819,0.100752
9.84829,0.100752
9.8884,0.100752
9.9285,0.100752
9.9686,0.100752
10.0087,0.100752
10.0488,0.100752
10.0889,0.100752
10.129,0.100752
10.1691,0.100752
10.2092,0.100752
10.2494,0.100752
10.2895,0.100752
10.3296,0.100752
10.3697,0.100752
10.4098,0.100752
10.4499,0.100752
10.49,0.100752
10.5302,0.100752
10.5703,0.100752
10.6104,0.100752
10.6505,0.100752
10.6906,0.100752
10.7307,0.100752
10.7709,0.100752
10.811,0.100752
10.8511,0.100752
10.8912,0.100752
10.9314,0.100752
10.9715,0.100752
11.0116,0.100752
11.0517,0.100752
11.0919,0.100752
11.132,0.100752
11.1721,0.100752
11.2123,0.100752
11.2524,0.100752
11.2925,0.100752
11.3327,0.100752
11.3728,0.100752
11.4129,0.100752
11.4531,0.100752
11.4932,0.100752
11.5334,0.100752
11.5735,0.100752
11.6136,0.100752
11.6538,0.100752
11.6939,0.100752
11.7341,0.100752
11.7742,0.10125
11.8144,0.101748
11.8545,0.102246
11.8946,0.102744
11.9348,0.103242
11.9749,0.10374
12.0151,0.104238
12.0552,0.104737
12.0954,0.105235
12.1355,0.105733
12.1757,0.106231
12.2158,0.106729
12.256,0.107227
12.2962,0.107725
12.3363,0.108223
12.3765,0.108721
12.4166,0.109219
12.4568,0.109718
12.4969,0.110216
12.5371,0.110714
12.5773,0.111212
12.6174,0.11171
12.6576,0.112209
12.6977,0.112707
12.7379,0.113205
12.7781,0.113703
12.8182,0.114201
12.8584,0.1147
12.8986,0.115198
12.9387,0.115696
12.9789,0.116194
13.0191,0.116693
13.0592,0.117191
13.0994,0.117689
13.1396,0.118188
13.1797,0.118686
13.2199,0.119184
13.2601,0.119683
13.3003,0.120181
13.3404,0.120679
13.3806,0.121178
13.4208,0.121676
13.461,0.122174
13.5011,0.122673
13.5413,0.123171
13.5815,0.12367
13.6217,0.124168
13.6619,0.124667
13.702,0.125165
13.7422,0.125663
13.7824,0.126162
13.8226,0.12666
13.8628,0.127159
13.9029,0.127657
13.9431,0.128156
13.9833,0.128654
14.0235,0.129153
14.0637,0.129651
14.1039,0.13015
14.1441,0.130648
14.1842,0.131147
14.2244,0.131645
14.2646,0.132144
14.3048,0.132643
14.345,0.133141
14.3852,0.13364
14.4254,0.134138
14.4656,0.134637
14.5058,0.135135
14.546,0.135634
14.5862,0.136133
14.6264,0.136631
14.6666,0.13713
14.7068,0.137629
14.747,0.138127
14.7872,0.138626
14.8273,0.139125
14.8675,0.139623
14.9077,0.140122
14.9479,0.140621
14.9881,0.141119
15.0284,0.141618
15.0686,0.142117
15.1088,0.142615
15.149,0.143114
15.1892,0.143613
15.2294,0.144112
15.2696,0.14461
15.3098,0.145109
15.35,0.145608
15.3902,0.146107
15.4304,0.146605
15.4706,0.147104
15.5108,0.147603
15.551,0.148102
15.5912,0.1486
15.6314,0.149099
15.6717,0.149598
15.7119,0.150097
15.7521,0.150596
15.7923,0.151095
15.8325,0.151593
15.8727,0.152092
15.9129,0.152591
15.9531,0.15309
15.9934,0.153589
16.0336,0.154088
16.0738,0.154587
16.114,0.155085
16.1542,0.155584
16.1944,0.156083
16.2347,0.156582
16.2749,0.157081
16.3151,0.15758
16.3553,0.158079
16.3955,0.158578
16.4358,0.159077
16.476,0.159576
16.5162,0.160075
16.5564,0.160574
16.5966,0.161073
16.6369,0.161572
16.6771,0.162071
16.7173,0.162569
16.7575,0.163068
16.7978,0.163567
16.838,0.164066
16.8782,0.164565
16.9184,0.165064
16.9587,0.165563
16.9989,0.166062
17.0391,0.166562
17.0793,0.167061
17.1196,0.16756
17.1598,0.168059
17.2,0.168558
17.2403,0.169057
17.2805,0.169556
17.3207,0.170055
17.361,0.170554
17.4012,0.171053
17.4414,0.171552
17.4816,0.172051
17.5219,0.17255
17.5621,0.173049
17.6023,0.173548
17.6426,0.174047
17.6828,0.174547
17.723,0.175046
17.7633,0.175545
17.8035,0.176044
17.8438,0.176543
17.884,0.177042
17.9242,0.177541
17.9645,0.17804
18.0047,0.17854
18.0449,0.179039
18.0852,0.179538
18.1254,0.180037
18.1657,0.180536
18.2059,0.181035
18.2461,0.181535
18.2864,0.182034
18.3266,0.182533
18.3669,0.183032
18.4071,0.183531
18.4473,0.184031
18.4876,0.18453
18.5278,0.185029
18.5681,0.185528
18.6083,0.186027
18.6485,0.186527
18.6888,0.187026
18.729,0.187525
18.7693,0.188024
18.8095,0.188523
18.8498,0.189023
18.89,0.189522
18.9303,0.190021
18.9705,0.19052
19.0107,0.19102
19.051,0.191519
19.0912,0.192018
19.1315,0.192517
19.1717,0.193017
19.212,0.193516
19.2522,0.194015
19.2925,0.194515
19.3327,0.195014
19.373,0.195513
19.4132,0.196012
19.4535,0.196512
19.4937,0.197011
19.534,0.19751
19.5742,0.19801
19.6145,0.198509
19.6547,0.199008
19.695,0.199507
19.7352,0.200007
19.7755,0.200506
19.8157,0.201005
19.856,0.201505
19.8962,0.202004
19.9365,0.202503
19.9767,0.203003
20.017,0.203502
20.0572,0.204001
20.0975,0.204501
20.1377,0.205
20.178,0.205499
20.2182,0.205999
20.2585,0.206498
20.2987,0.206997
20.339,0.207497
20.3793,0.207996
20.4195,0.208495
20.4598,0.208995
20.5,0.209494
20.5403,0.209994
20.5805,0.210493
20.6208,0.210992
20.661,0.211492
20.7013,0.211991
20.7416,0.21249
20.7818,0.21299
20.8221,0.213489
20.8623,0.213989
20.9026,0.214488
20.9428,0.214987
20.9831,0.215487
21.0234,0.215986
21.0636,0.216486
21.1039,0.216985
21.1441,0.217484
21.1844,0.217984
21.2246,0.218483
21.2649,0.218983
21.3052,0.219482
21.3454,0.219981
21.3857,0.220481
21.4259,0.22098
21.4662,0.22148
21.5064,0.221979
21.5467,0.222478
21.587,0.222978
21.6272,0.223477
21.6675,0.223977
21.7077,0.224476
21.748,0.224976
21.7883,0.225475
21.8285,0.225974
21.8688,0.226474
21.909,0.226973
21.9493,0.227473
21.9896,0.227972
22.0298,0.228471
22.0701,0.228971
22.1103,0.22947
22.1506,0.22997
22.1909,0.230469
22.2311,0.230969
22.2714,0.231468
22.3116,0.231968
22.3519,0.232467
22.3922,0.232966
22.4324,0.233466
22.4727,0.233965
22.5129,0.234465
22.5532,0.234964
22.5935,0.235464
22.6337,0.235963
22.674,0.236462
22.7143,0.236962
22.7545,0.237461
22.7948,0.237961
22.835,0.23846
22.8753,0.23896
22.9156,0.239459
22.9558,0.239959
22.9961,0.240458
23.0363,0.240957
23.0766,0.241457
23.1169,0.241956
23.1579,0.242456
23.2004,0.242974
23.2445,0.243511
23.2902,0.244068
23.3376,0.244645
23.3866,0.245243
23.4375,0.245863
23.4901,0.246504
23.5446,0.247169
23.601,0.247856
23.6594,0.248568
23.7197,0.249304
23.7821,0.250065
23.8466,0.250852
23.9133,0.251665
23.9821,0.252506
24.0532,0.253373
24.1265,0.254269
24.2022,0.255193
24.2803,0.256147
24.3608,0.25713
24.4437,0.258144
24.5291,0.259188
24.617,0.260263
24.7075,0.261369
24.8006,0.262508
24.8963,0.263678
24.9946,0.264881
25.0955,0.266117
25.1992,0.267386
25.3055,0.268688
25.4145,0.270024
25.5262,0.271393
25.6406,0.272795
25.7576,0.274231
25.8774,0.275699
25.9997,0.277201
26.1248,0.278736
26.2524,0.280303
26.3826,0.281902
26.5153,0.283533
26.6505,0.285195
26.7881,0.286887
26.9281,0.28861
27.0704,0.290361
27.215,0.29214
27.3617,0.293947
27.5105,0.29578
27.6612,0.297638
27.8139,0.29952
27.9683,0.301425
28.1244,0.303352
28.2821,0.305298
28.4412,0.307264
28.6016,0.309246
28.7633,0.311244
28.926,0.313256
29.0896,0.315281
29.254,0.317316
29.4191,0.319361
29.5847,0.321412
29.7507,0.323469
29.9169,0.32553
0.0198879,0.491522
0.0596644,0.491522
0.0994427,0.491522
0.139223,0.491522
0.179004,0.491522
0.218787,0.491522
0.258572,0.491522
0.298359,0.491522
0.338147,0.491522
0.377937,0.491522
0.417728,0.491522
0.457521,0.491522
0.497316,0.491522
0.537113,0.491522
0.576911,0.491522
0.61671,0.491522
0.656512,0.491522
0.696315,0.491522
0.736119,0.491522
0.775925,0.491522
0.815733,0.491522
0.855543,0.491522
0.895354,0.491522
0.935166,0.491522
0.974981,0.491522
1.0148,0.491522
1.05461,0.491522
1.09443,0.491522
1.13425,0.491522
1.17408,0.491522
1.2139,0.491522
1.25373,0.491522
1.29355,0.491522
1.33338,0.491522
1.37321,0.491522
1.41304,0.491522
1.45288,0.491522
1.49271,0.491522
1.53255,0.491522
1.57239,0.491522
1.61223,0.491522
1.65207,0.491522
1.69191,0.491522
1.73175,0.491522
1.7716,0.491522
1.81145,0.491522
1.8513,0.491522
1.89115,0.491522
1.931,0.491522
1.97085,0.491522
2.01071,0.491522
2.05056,0.491522
2.09042,0.491522
2.13028,0.491522
2.17014,0.491522
2.21001,0.491522
2.24987,0.491522
2.28974,0.491522
2.3296,0.491522
2.36947,0.491522
2.40934,0.491522
2.44921,0.491522
2.48909,0.491522
2.52896,0.491522
2.56884,0.491522
2.60872,0.491522
2.64859,0.491522
2.68848,0.491522
2.72836,0.491522
2.76824,0.491522
2.80813,0.491522
2.84801,0.491522
2.8879,0.491522
2.92779,0.491522
2.96768,0.491522
3.00757,0.491522
3.04747,0.491522
3.08736,0.491522
3.12726,0.491522
3.16716,0.491522
3.20706,0.491522
3.24696,0.491522
3.28686,0.491522
3.32677,0.491522
3.36667,0.491522
3.40658,0.491522
3.44649,0.489688
3.4864,0.487854
3.52631,0.48602
3.56622,0.484185
3.60614,0.482351
3.64605,0.480517
3.68597,0.478682
3.72589,0.476848
3.76581,0.475013
3.80573,0.473179
3.84565,0.471344
3.88557,0.469509
3.9255,0.467674
3.96543,0.465839
4.00536,0.464005
4.04528,0.46217
4.08522,0.460334
4.12515,0.458499
4.16508,0.456664
4.20502,0.454829
4.24495,0.452993
4.28489,0.451158
4.32483,0.449323
4.36477,0.447487
4.40471,0.445652
4.44466,0.443816
4.4846,0.44198
4.52455,0.440144
4.56449,0.438309
4.60444,0.436473
4.64439,0.434637
4.68435,0.432801
4.7243,0.430965
4.76425,0.429128
4.80421,0.427292
4.84416,0.425456
4.88412,0.42362
4.92408,0.421783
4.96404,0.419947
5.004,0.41811
5.04397,0.416274
5.08393,0.414437
5.1239,0.4126
5.16387,0.410764
5.20383,0.408927
5.2438,0.40709
5.28378,0.405253
5.32375,0.403416
5.36372,0.401579
5.4037,0.399742
5.44367,0.397905
5.48365,0.396068
5.52363,0.39423
5.56361,0.392393
5.60359,0.390555
5.64357,0.388718
5.68356,0.386881
5.72354,0.385043
5.76353,0.377318
5.80352,0.369592
5.84351,0.361866
5.8835,0.35414
5.92349,0.346413
5.96348,0.338687
6.00348,0.33096
6.04347,0.323233
6.08347,0.315505
6.12347,0.307778
6.16347,0.30005
6.20347,0.292322
6.24347,0.284594
6.28347,0.276865
6.32348,0.269136
6.36348,0.261407
6.40349,0.253678
6.44349,0.245949
6.4835,0.240057
6.52351,0.234166
6.56352,0.228275
6.60354,0.222383
6.64355,0.216491
6.68357,0.210599
6.72358,0.204707
6.7636,0.198815
6.80362,0.192923
6.84364,0.18703
6.88366,0.181137
6.92368,0.175244
6.9637,0.169351
7.00373,0.163458
7.04375,0.157564
7.08378,0.15167
7.12381,0.145776
7.16384,0.139882
7.20387,0.133988
7.2439,0.128094
7.28393,0.122199
7.32397,0.116304
7.364,0.116304
7.40404,0.116304
7.44407,0.116304
7.48411,0.116304
7.52415,0.116304
7.56419,0.116304
7.60423,0.116304
7.64428,0.116304
7.68432,0.116304
7.72437,0.116304
7.76441,0.116304
7.80446,0.116304
7.84451,0.116304
7.88456,0.116304
7.92461,0.116304
7.96466,0.116304
8.00471,0.116304
8.04477,0.116304
8.08482,0.116304
8.12488,0.116304
8.16494,0.116304
8.205,0.116304
8.24506,0.116304
8.28512,0.116304
8.32518,0.116304
8.36524,0.116304
8.4053,0.116304
8.44537,0.116304
8.48544,0.116304
8.5255,0.116304
8.56557,0.116304
8.60564,0.116304
8.64571,0.116304
8.68578,0.116304
8.72585,0.116304
8.76593,0.116304
8.806,0.116304
8.84608,0.116304
8.88615,0.116304
8.92623,0.116304
8.96631,0.116304
9.00639,0.116304
9.04647,0.116304
9.08655,0.116304
9.12663,0.116304
9.16672,0.116304
9.2068,0.116304
9.24689,0.116304
9.28697,0.116304
9.32706,0.116304
9.36715,0.116304
9.40724,0.116304
9.44733,0.116304
9.48742,0.116304
9.52752,0.116304
9.56761,0.116304
9.6077,0.116304
9.6478,0.116304
9.6879,0.116304
9.72799,0.116304
9.76809,0.116304
9.80819,0.116304
9.84829,0.116304
9.8884,0.116304
9.9285,0.116304
9.9686,0.116304
10.0087,0.116304
10.0488,0.116304
10.0889,0.116304
10.129,0.116304
10.1691,0.116304
10.2092,0.116304
10.2494,0.116304
10.2895,0.116304
10.3296,0.116304
10.3697,0.116304
10.4098,0.116304
10.4499,0.116304
10.49,0.116304
10.5302,0.116304
10.5703,0.116304
10.6104,0.116304
10.6505,0.116304
10.6906,0.116304
10.7307,0.116304
10.7709,0.116304
10.811,0.116304
10.8511,0.116304
10.8912,0.116304
10.9314,0.116304
10.9715,0.116304
11.0116,0.116304
11.0517,0.116304
11.0919,0.116304
11.132,0.116304
11.1721,0.116304
11.2123,0.116304
11.2524,0.116304
11.2925,0.116304
11.3327,0.116304
11.3728,0.116304
11.4129,0.116304
11.4531,0.116304
11.4932,0.116304
11.5334,0.116304
11.5735,0.116304
11.6136,0.116304
11.6538,0.116304
11.6939,0.116304
11.7341,0.116304
11.7742,0.116879
11.8144,0.117454
11.8545,0.118029
11.8946,0.118604
11.9348,0.119179
11.9749,0.119754
12.0151,0.120329
12.0552,0.120904
12.0954,0.121479
12.1355,0.122054
12.1757,0.122629
12.2158,0.123203
12.256,0.123778
12.2962,0.124353
12.3363,0.124928
12.3765,0.125504
12.4166,0.126079
12.4568,0.126654
12.4969,0.127229
12.5371,0.127804
12.5773,0.128379
12.6174,0.128954
12.6576,0.129529
12.6977,0.130104
12.7379,0.130679
12.7781,0.131254
12.8182,0.13183
12.8584,0.132405
12.8986,0.13298
12.9387,0.133555
12.9789,0.13413
13.0191,0.134705
13.0592,0.135281
13.0994,0.135856
13.1396,0.136431
13.1797,0.137006
13.2199,0.137582
13.2601,0.138157
13.3003,0.138732
13.3404,0.139307
13.3806,0.139883
13.4208,0.140458
13.461,0.141033
13.5011,0.141609
13.5413,0.142184
13.5815,0.142759
13.6217,0.143335
13.6619,0.14391
13.702,0.144485
13.7422,0.145061
13.7824,0.145636
13.8226,0.146212
13.8628,0.146787
13.9029,0.147362
13.9431,0.147938
13.9833,0.148513
14.0235,0.149089
14.0637,0.149664
14.1039,0.15024
14.1441,0.150815
14.1842,0.151391
14.2244,0.151966
14.2646,0.152542
14.3048,0.153117
14.345,0.153693
14.3852,0.154268
14.4254,0.154844
14.4656,0.155419
14.5058,0.155995
14.546,0.156571
14.5862,0.157146
14.6264,0.157722
14.6666,0.158297
14.7068,0.158873
14.747,0.159449
14.7872,0.160024
14.8273,0.1606
14.8675,0.161175
14.9077,0.161751
14.9479,0.162327
14.9881,0.162902
15.0284,0.163478
15.0686,0.164054
15.1088,0.164629
15.149,0.165205
15.1892,0.165781
15.2294,0.166357
15.2696,0.166932
15.3098,0.167508
15.35,0.168084
15.3902,0.16866
15.4304,0.169235
15.4706,0.169811
15.5108,0.170387
15.551,0.170963
15.5912,0.171538
15.6314,0.172114
15.6717,0.17269
15.7119,0.173266
15.7521,0.173842
15.7923,0.174418
15.8325,0.174993
15.8727,0.175569
15.9129,0.176145
15.9531,0.176721
15.9934,0.177297
16.0336,0.177873
16.0738,0.178449
16.114,0.179024
16.1542,0.1796
16.1944,0.180176
16.2347,0.180752
16.2749,0.181328
16.3151,0.181904
16.3553,0.18248
16.3955,0.183056
16.4358,0.183632
16.476,0.184208
16.5162,0.184784
16.5564,0.18536
16.5966,0.185936
16.6369,0.186512
16.6771,0.187088
16.7173,0.187664
16.7575,0.18824
16.7978,0.188816
16.838,0.189392
16.8782,0.189968
16.9184,0.190544
16.9587,0.19112
16.9989,0.191696
17.0391,0.192272
17.0793,0.192848
17.1196,0.193424
17.1598,0.194
17.2,0.194576
17.2403,0.195152
17.2805,0.195728
17.3207,0.196304
17.361,0.196881
17.4012,0.197457
17.4414,0.198033
17.4816,0.198609
17.5219,0.199185
17.5621,0.199761
17.6023,0.200337
17.6426,0.200913
17.6828,0.20149
17.723,0.202066
17.7633,0.202642
17.8035,0.203218
17.8438,0.203794
17.884,0.20437
17.9242,0.204947
17.9645,0.205523
18.0047,0.206099
18.0449,0.206675
18.0852,0.207251
18.1254,0.207828
18.1657,0.208404
18.2059,0.20898
18.2461,0.209556
18.2864,0.210133
18.3266,0.210709
18.3669,0.211285
18.4071,0.211861
18.4473,0.212437
18.4876,0.213014
18.5278,0.21359
18.5681,0.214166
18.6083,0.214743
18.6485,0.215319
18.6888,0.215895
18.729,0.216471
18.7693,0.217048
18.8095,0.217624
18.8498,0.2182
18.89,0.218777
18.9303,0.219353
18.9705,0.219929
19.0107,0.220505
19.051,0.221082
19.0912,0.221658
19.1315,0.222234
19.1717,0.222811
19.212,0.223387
19.2522,0.223963
19.2925,0.22454
19.3327,0.225116
19.373,0.225692
19.4132,0.226269
19.4535,0.226845
19.4937,0.227422
19.534,0.227998
19.5742,0.228574
19.6145,0.229151
19.6547,0.229727
19.695,0.230303
19.7352,0.23088
19.7755,0.231456
19.8157,0.232033
19.856,0.232609
19.8962,0.233185
19.9365,0.233762
19.9767,0.234338
20.017,0.234915
20.0572,0.235491
20.0975,0.236067
20.1377,0.236644
20.178,0.23722
20.2182,0.237797
20.2585,0.238373
20.2987,0.23895
20.339,0.239526
20.3793,0.240102
20.4195,0.240679
20.4598,0.241255
20.5,0.241832
20.5403,0.242408
20.5805,0.242985
20.6208,0.243561
20.661,0.244138
20.7013,0.244714
20.7416,0.24529
20.7818,0.245867
20.8221,0.246443
20.8623,0.24702
20.9026,0.247596
20.9428,0.248173
20.9831,0.248749
21.0234,0.249326
21.0636,0.249902
21.1039,0.250479
21.1441,0.251055
21.1844,0.251632
21.2246,0.252208
21.2649,0.252785
21.3052,0.253361
21.3454,0.253938
21.3857,0.254514
21.4259,0.255091
21.4662,0.255667
21.5064,0.256244
21.5467,0.25682
21.587,0.257397
21.6272,0.257973
21.6675,0.25855
21.7077,0.259126
21.748,0.259703
21.7883,0.260279
21.8285,0.260856
21.8688,0.261432
21.909,0.262009
21.9493,0.262585
21.9896,0.263162
22.0298,0.263738
22.0701,0.264315
22.1103,0.264891
22.1506,0.265468
22.1909,0.266044
22.2311,0.266621
22.2714,0.267198
22.3116,0.267774
22.3519,0.268351
22.3922,0.268927
22.4324,0.269504
22.4727,0.27008
22.5129,0.270657
22.5532,0.271233
22.5935,0.27181
22.6337,0.272386
22.674,0.272963
22.7143,0.273539
22.7545,0.274116
22.7948,0.274692
22.835,0.275269
22.8753,0.275845
22.9156,0.276422
22.9558,0.276999
22.9961,0.277575
23.0363,0.278152
23.0766,0.278728
23.1169,0.279305
23.1579,0.279881
23.2004,0.280479
23.2445,0.281099
23.2902,0.281742
23.3376,0.282408
23.3866,0.283099
23.4375,0.283814
23.4901,0.284555
23.5446,0.285321
23.601,0.286115
23.6594,0.286937
23.7197,0.287786
23.7821,0.288665
23.8466,0.289574
23.9133,0.290513
23.9821,0.291482
24.0532,0.292484
24.1265,0.293518
24.2022,0.294585
24.2803,0.295686
24.3608,0.296821
24.4437,0.297991
24.5291,0.299196
24.617,0.300437
24.7075,0.301714
24.8006,0.303028
24.8963,0.30438
24.9946,0.305768
25.0955,0.307195
25.1992,0.30866
25.3055,0.310163
25.4145,0.311705
25.5262,0.313285
25.6406,0.314904
25.7576,0.316561
25.8774,0.318256
25.9997,0.31999
26.1248,0.321761
26.2524,0.32357
26.3826,0.325417
26.5153,0.327299
26.6505,0.329218
26.7881,0.331171
26.9281,0.333159
27.0704,0.335181
27.215,0.337235
27.3617,0.339321
27.5105,0.341437
27.6612,0.343582
27.8139,0.345754
27.9683,0.347953
28.1244,0.350177
28.2821,0.352424
28.4412,0.354693
28.6016,0.356981
28.7633,0.359288
28.926,0.361611
29.0896,0.363948
29.254,0.366297
29.4191,0.368657
29.5847,0.371025
29.7507,0.3734
29.9169,0.375778
0.0198879,0.521614
0.0596644,0.521614
0.0994427,0.521614
0.139223,0.521614
0.179004,0.521614
0.218787,0.521614
0.258572,0.521614
0.298359,0.521614
0.338147,0.521614
0.377937,0.521614
0.417728,0.521614
0.457521,0.521614
0.497316,0.521614
0.537113,0.521614
0.576911,0.521614
0.61671,0.521614
0.656512,0.521614
0.696315,0.521614
0.736119,0.521614
0.775925,0.521614
0.815733,0.521614
0.855543,0.521614
0.895354,0.521614
0.935166,0.521614
0.974981,0.521614
1.0148,0.521614
1.05461,0.521614
1.09443,0.521614
1.13425,0.521614
1.17408,0.521614
1.2139,0.521614
1.25373,0.521614
1.29355,0.521614
1.33338,0.521614
1.37321,0.521614
1.41304,0.521614
1.45288,0.521614
1.49271,0.521614
1.53255,0.521614
1.57239,0.521614
1.61223,0.521614
1.65207,0.521614
1.69191,0.521614
1.73175,0.521614
1.7716,0.521614
1.81145,0.521614
1.8513,0.521614
1.89115,0.521614
1.931,0.521614
1.97085,0.521614
2.01071,0.521614
2.05056,0.521614
2.09042,0.521614
2.13028,0.521614
2.17014,0.521614
2.21001,0.521614
2.24987,0.521614
2.28974,0.521614
2.3296,0.521614
2.36947,0.521614
2.40934,0.521614
2.44921,0.521614
2.48909,0.521614
2.52896,0.521614
2.56884,0.521614
2.60872,0.521614
2.64859,0.521614
2.68848,0.521614
2.72836,0.521614
2.76824,0.521614
2.80813,0.521614
2.84801,0.521614
2.8879,0.521614
2.92779,0.521614
2.96768,0.521614
3.00757,0.521614
3.04747,0.521614
3.08736,0.521614
3.12726,0.521614
3.16716,0.521614
3.20706,0.521614
3.24696,0.521614
3.28686,0.521614
3.32677,0.521614
3.36667,0.521614
3.40658,0.521614
3.44649,0.519534
3.4864,0.517455
3.52631,0.515375
3.56622,0.513295
3.60614,0.511215
3.64605,0.509136
3.68597,0.507056
3.72589,0.504976
3.76581,0.502896
3.80573,0.500815
3.84565,0.498735
3.88557,0.496655
3.9255,0.494575
3.96543,0.492494
4.00536,0.490414
4.04528,0.488333
4.08522,0.486252
4.12515,0.484172
4.16508,0.482091
4.20502,0.48001
4.24495,0.477929
4.28489,0.475848
4.32483,0.473767
4.36477,0.471686
4.40471,0.469604
4.44466,0.467523
4.4846,0.465442
4.52455,0.46336
4.56449,0.461279
4.60444,0.459197
4.64439,0.457116
4.68435,0.455034
4.7243,0.452952
4.76425,0.45087
4.80421,0.448788
4.84416,0.446706
4.88412,0.444624
4.92408,0.442542
4.96404,0.44046
5.004,0.438378
5.04397,0.436295
5.08393,0.434213
5.1239,0.43213
5.16387,0.430048
5.20383,0.427965
5.2438,0.425882
5.28378,0.4238
5.32375,0.421717
5.36372,0.419634
5.4037,0.417551
5.44367,0.415468
5.48365,0.413385
5.52363,0.411302
5.56361,0.409218
5.60359,0.407135
5.64357,0.405052
5.68356,0.402968
5.72354,0.400885
5.76353,0.393017
5.80352,0.385149
5.84351,0.377281
5.8835,0.369413
5.92349,0.361544
5.96348,0.353675
6.00348,0.345806
6.04347,0.337937
6.08347,0.330067
6.12347,0.322197
6.16347,0.314327
6.20347,0.306457
6.24347,0.298586
6.28347,0.290715
6.32348,0.282844
6.36348,0.274973
6.40349,0.267102
6.44349,0.25923
6.4835,0.253442
6.52351,0.247655
6.56352,0.241867
6.60354,0.236079
6.64355,0.230291
6.68357,0.224503
6.72358,0.218715
6.7636,0.212926
6.80362,0.207138
6.84364,0.201349
6.88366,0.19556
6.92368,0.189771
6.9637,0.183981
7.00373,0.178192
7.04375,0.172402
7.08378,0.166612
7.12381,0.160822
7.16384,0.155032
7.20387,0.149241
7.2439,0.143451
7.28393,0.13766
7.32397,0.131869
7.364,0.131869
7.40404,0.131869
7.44407,0.131869
7.48411,0.131869
7.52415,0.131869
7.56419,0.131869
7.60423,0.131869
7.64428,0.131869
7.68432,0.131869
7.72437,0.131869
7.76441,0.131869
7.80446,0.131869
7.84451,0.131869
7.88456,0.131869
7.92461,0.131869
7.96466,0.131869
8.00471,0.131869
8.04477,0.131869
8.08482,0.131869
8.12488,0.131869
8.16494,0.131869
8.205,0.131869
8.24506,0.131869
8.28512,0.131869
8.32518,0.131869
8.36524,0.131869
8.4053,0.131869
8.44537,0.131869
8.48544,0.131869
8.5255,0.131869
8.56557,0.131869
8.60564,0.131869
8.64571,0.131869
8.68578,0.131869
8.72585,0.131869
8.76593,0.131869
8.806,0.131869
8.84608,0.131869
8.88615,0.131869
8.92623,0.131869
8.96631,0.131869
9.00639,0.131869
9.04647,0.131869
9.08655,0.131869
9.12663,0.131869
9.16672,0.131869
9.2068,0.131869
9.24689,0.131869
9.28697,0.131869
9.32706,0.131869
9.36715,0.131869
9.40724,0.131869
9.44733,0.131869
9.48742,0.131869
9.52752,0.131869
9.56761,0.131869
9.6077,0.131869
9.6478,0.131869
9.6879,0.131869
9.72799,0.131869
9.76809,0.131869
9.80819,0.131869
9.84829,0.131869
9.8884,0.131869
9.9285,0.131869
9.9686,0.131869
10.0087,0.131869
10.0488,0.131869
10.0889,0.131869
10.129,0.131869
10.1691,0.131869
10.2092,0.131869
10.2494,0.131869
10.2895,0.131869
10.3296,0.131869
10.3697,0.131869
10.4098,0.131869
10.4499,0.131869
10.49,0.131869
10.5302,0.131869
10.5703,0.131869
10.6104,0.131869
10.6505,0.131869
10.6906,0.131869
10.7307,0.131869
10.7709,0.131869
10.811,0.131869
10.8511,0.131869
10.8912,0.131869
10.9314,0.131869
10.9715,0.131869
11.0116,0.131869
11.0517,0.131869
11.0919,0.131869
11.132,0.131869
11.1721,0.131869
11.2123,0.131869
11.2524,0.131869
11.2925,0.131869
11.3327,0.131869
11.3728,0.131869
11.4129,0.131869
11.4531,0.131869
11.4932,0.131869
11.5334,0.131869
11.5735,0.131869
11.6136,0.131869
11.6538,0.131869
11.6939,0.131869
11.7341,0.131869
11.7742,0.132521
11.8144,0.133173
11.8545,0.133825
11.8946,0.134476
11.9348,0.135128
11.9749,0.13578
12.0151,0.136432
12.0552,0.137084
12.0954,0.137736
12.1355,0.138388
12.1757,0.139039
12.2158,0.139691
12.256,0.140343
12.2962,0.140995
12.3363,0.141647
12.3765,0.142299
12.4166,0.142951
12.4568,0.143603
12.4969,0.144255
12.5371,0.144907
12.5773,0.145559
12.6174,0.146211
12.6576,0.146863
12.6977,0.147516
12.7379,0.148168
12.7781,0.14882
12.8182,0.149472
12.8584,0.150124
12.8986,0.150776
12.9387,0.151428
12.9789,0.15208
13.0191,0.152733
13.0592,0.153385
13.0994,0.154037
13.1396,0.154689
13.1797,0.155341
13.2199,0.155994
13.2601,0.156646
13.3003,0.157298
13.3404,0.15795
13.3806,0.158603
13.4208,0.159255
13.461,0.159907
13.5011,0.16056
13.5413,0.161212
13.5815,0.161864
13.6217,0.162517
13.6619,0.163169
13.702,0.163821
13.7422,0.164474
13.7824,0.165126
13.8226,0.165779
13.8628,0.166431
13.9029,0.167083
13.9431,0.167736
13.9833,0.168388
14.0235,0.169041
14.0637,0.169693
14.1039,0.170346
14.1441,0.170998
14.1842,0.171651
14.2244,0.172303
14.2646,0.172956
14.3048,0.173608
14.345,0.174261
14.3852,0.174913
14.4254,0.175566
14.4656,0.176219
14.5058,0.176871
14.546,0.177524
14.5862,0.178176
14.6264,0.178829
14.6666,0.179482
14.7068,0.180134
14.747,0.180787
14.7872,0.18144
14.8273,0.182092
14.8675,0.182745
14.9077,0.183398
14.9479,0.18405
14.9881,0.184703
15.0284,0.185356
15.0686,0.186009
15.1088,0.186661
15.149,0.187314
15.1892,0.187967
15.2294,0.18862
15.2696,0.189272
15.3098,0.189925
15.35,0.190578
15.3902,0.191231
15.4304,0.191884
15.4706,0.192536
15.5108,0.193189
15.551,0.193842
15.5912,0.194495
15.6314,0.195148
15.6717,0.195801
15.7119,0.196453
15.7521,0.197106
15.7923,0.197759
15.8325,0.198412
15.8727,0.199065
15.9129,0.199718
15.9531,0.200371
15.9934,0.201024
16.0336,0.201677
16.0738,0.20233
16.114,0.202983
16.1542,0.203636
16.1944,0.204289
16.2347,0.204942
16.2749,0.205595
16.3151,0.206248
16.3553,0.206901
16.3955,0.207554
16.4358,0.208207
16.476,0.20886
16.5162,0.209513
16.5564,0.210166
16.5966,0.210819
16.6369,0.211472
16.6771,0.212125
16.7173,0.212778
16.7575,0.213431
16.7978,0.214084
16.838,0.214737
16.8782,0.215391
16.9184,0.216044
16.9587,0.216697
16.9989,0.21735
17.0391,0.218003
17.0793,0.218656
17.1196,0.219309
17.1598,0.219963
17.2,0.220616
17.2403,0.221269
17.2805,0.221922
17.3207,0.222575
17.361,0.223228
17.4012,0.223882
17.4414,0.224535
17.4816,0.225188
17.5219,0.225841
17.5621,0.226495
17.6023,0.227148
17.6426,0.227801
17.6828,0.228454
17.723,0.229108
17.7633,0.229761
17.8035,0.230414
17.8438,0.231067
17.884,0.231721
17.9242,0.232374
17.9645,0.233027
18.0047,0.233681
18.0449,0.234334
18.0852,0.234987
18.1254,0.23564
18.1657,0.236294
18.2059,0.236947
18.2461,0.2376
18.2864,0.238254
18.3266,0.238907
18.3669,0.239561
18.4071,0.240214
18.4473,0.240867
18.4876,0.241521
18.5278,0.242174
18.5681,0.242827
18.6083,0.243481
18.6485,0.244134
18.6888,0.244788
18.729,0.245441
18.7693,0.246094
18.8095,0.246748
18.8498,0.247401
18.89,0.248055
18.9303,0.248708
18.9705,0.249362
19.0107,0.250015
19.051,0.250668
19.0912,0.251322
19.1315,0.251975
19.1717,0.252629
19.212,0.253282
19.2522,0.253936
19.2925,0.254589
19.3327,0.255243
19.373,0.255896
19.4132,0.25655
19.4535,0.257203
19.4937,0.257857
19.534,0.25851
19.5742,0.259164
19.6145,0.259817
19.6547,0.260471
19.695,0.261124
19.7352,0.261778
19.7755,0.262431
19.8157,0.263085
19.856,0.263738
19.8962,0.264392
19.9365,0.265045
19.9767,0.265699
20.017,0.266352
20.0572,0.267006
20.0975,0.26766
20.1377,0.268313
20.178,0.268967
20.2182,0.26962
20.2585,0.270274
20.2987,0.270927
20.339,0.271581
20.3793,0.272235
20.4195,0.272888
20.4598,0.273542
20.5,0.274195
20.5403,0.274849
20.5805,0.275502
20.6208,0.276156
20.661,0.27681
20.7013,0.277463
20.7416,0.278117
20.7818,0.278771
20.8221,0.279424
20.8623,0.280078
20.9026,0.280731
20.9428,0.281385
20.9831,0.282039
21.0234,0.282692
21.0636,0.283346
21.1039,0.283999
21.1441,0.284653
21.1844,0.285307
21.2246,0.28596
21.2649,0.286614
21.3052,0.287268
21.3454,0.287921
21.3857,0.288575
21.4259,0.289229
21.4662,0.289882
21.5064,0.290536
21.5467,0.29119
21.587,0.291843
21.6272,0.292497
21.6675,0.293151
21.7077,0.293804
21.748,0.294458
21.7883,0.295112
21.8285,0.295765
21.8688,0.296419
21.909,0.297073
21.9493,0.297726
21.9896,0.29838
22.0298,0.299034
22.0701,0.299687
22.1103,0.300341
22.1506,0.300995
22.1909,0.301648
22.2311,0.302302
22.2714,0.302956
22.3116,0.303609
22.3519,0.304263
22.3922,0.304917
22.4324,0.30557
22.4727,0.306224
22.5129,0.306878
22.5532,0.307531
22.5935,0.308185
22.6337,0.308839
22.674,0.309493
22.7143,0.310146
22.7545,0.3108
22.7948,0.311454
22.835,0.312107
22.8753,0.312761
22.9156,0.313415
22.9558,0.314068
22.9961,0.314722
23.0363,0.315376
23.0766,0.316029
23.1169,0.316683
23.1579,0.317337
23.2004,0.318015
23.2445,0.318718
23.2902,0.319447
23.3376,0.320202
23.3866,0.320985
23.4375,0.321796
23.4901,0.322636
23.5446,0.323505
23.601,0.324405
23.6594,0.325336
23.7197,0.3263
23.7821,0.327296
23.8466,0.328326
23.9133,0.329391
23.9821,0.330491
24.0532,0.331626
24.1265,0.332799
24.2022,0.334009
24.2803,0.335257
24.3608,0.336543
24.4437,0.33787
24.5291,0.339236
24.617,0.340643
24.7075,0.342091
24.8006,0.343581
24.8963,0.345114
24.9946,0.346688
25.0955,0.348306
25.1992,0.349967
25.3055,0.351671
25.4145,0.353419
25.5262,0.355211
25.6406,0.357046
25.7576,0.358925
25.8774,0.360847
25.9997,0.362813
26.1248,0.364822
26.2524,0.366873
26.3826,0.368966
26.5153,0.3711
26.6505,0.373276
26.7881,0.375491
26.9281,0.377745
27.0704,0.380037
27.215,0.382366
27.3617,0.384731
27.5105,0.38713
27.6612,0.389562
27.8139,0.392025
27.9683,0.394519
28.1244,0.39704
28.2821,0.399588
28.4412,0.40216
28.6016,0.404755
28.7633,0.40737
28.926,0.410004
29.0896,0.412654
29.254,0.415318
29.4191,0.417993
29.5847,0.420678
29.7507,0.423371
29.9169,0.426068
0.0198879,0.551728
0.0596644,0.551728
0.0994427,0.551728
0.139223,0.551728
0.179004,0.551728
0.218787,0.551728
0.258572,0.551728
0.298359,0.551728
0.338147,0.551728
0.377937,0.551728
0.417728,0.551728
0.457521,0.551728
0.497316,0.551728
0.537113,0.551728
0.576911,0.551728
0.61671,0.551728
0.656512,0.551728
0.696315,0.551728
0.736119,0.551728
0.775925,0.551728
0.815733,0.551728
0.855543,0.551728
0.895354,0.551728
0.935166,0.551728
0.974981,0.551728
1.0148,0.551728
1.05461,0.551728
1.09443,0.551728
1.13425,0.551728
1.17408,0.551728
1.2139,0.551728
1.25373,0.551728
1.29355,0.551728
1.33338,0.551728
1.37321,0.551728
1.41304,0.551728
1.45288,0.551728
1.49271,0.551728
1.53255,0.551728
1.57239,0.551728
1.61223,0.551728
1.65207,0.551728
1.69191,0.551728
1.73175,0.551728
1.7716,0.551728
1.81145,0.551728
1.8513,0.551728
1.89115,0.551728
1.931,0.551728
1.97085,0.551728
2.01071,0.551728
2.05056,0.551728
2.09042,0.551728
2.13028,0.551728
2.17014,0.551728
2.21001,0.551728
2.24987,0.551728
2.28974,0.551728
2.3296,0.551728
2.36947,0.551728
2.40934,0.551728
2.44921,0.551728
2.48909,0.551728
2.52896,0.551728
2.56884,0.551728
2.60872,0.551728
2.64859,0.551728
2.68848,0.551728
2.72836,0.551728
2.76824,0.551728
2.80813,0.551728
2.84801,0.551728
2.8879,0.551728
2.92779,0.551728
2.96768,0.551728
3.00757,0.551728
3.04747,0.551728
3.08736,0.551728
3.12726,0.551728
3.16716,0.551728
3.20706,0.551728
3.24696,0.551728
3.28686,0.551728
3.32677,0.551728
3.36667,0.551728
3.40658,0.551728
3.44649,0.549403
3.4864,0.547078
3.52631,0.544753
3.56622,0.542428
3.60614,0.540102
3.64605,0.537777
3.68597,0.535451
3.72589,0.533125
3.76581,0.530799
3.80573,0.528474
3.84565,0.526148
3.88557,0.523822
3.9255,0.521495
3.96543,0.519169
4.00536,0.516843
4.04528,0.514517
4.08522,0.51219
4.12515,0.509864
4.16508,0.507537
4.20502,0.50521
4.24495,0.502884
4.28489,0.500557
4.32483,0.49823
4.36477,0.495903
4.40471,0.493576
4.44466,0.491249
4.4846,0.488922
4.52455,0.486594
4.56449,0.484267
4.60444,0.481939
4.64439,0.479612
4.68435,0.477284
4.7243,0.474956
4.76425,0.472629
4.80421,0.470301
4.84416,0.467973
4.88412,0.465645
4.92408,0.463317
4.96404,0.460989
5.004,0.45866
5.04397,0.456332
5.08393,0.454004
5.1239,0.451675
5.16387,0.449347
5.20383,0.447018
5.2438,0.444689
5.28378,0.44236
5.32375,0.440032
5.36372,0.437703
5.4037,0.435374
5.44367,0.433045
5.48365,0.430715
5.52363,0.428386
5.56361,0.426057
5.60359,0.423728
5.64357,0.421398
5.68356,0.419069
5.72354,0.416739
5.76353,0.408729
5.80352,0.400719
5.84351,0.392708
5.8835,0.384698
5.92349,0.376687
5.96348,0.368675
6.00348,0.360664
6.04347,0.352652
6.08347,0.34464
6.12347,0.336628
6.16347,0.328615
6.20347,0.320603
6.24347,0.31259
6.28347,0.304576
6.32348,0.296563
6.36348,0.288549
6.40349,0.280535
6.44349,0.272521
6.4835,0.266838
6.52351,0.261154
6.56352,0.25547
6.60354,0.249786
6.64355,0.244102
6.68357,0.238418
6.72358,0.232733
6.7636,0.227049
6.80362,0.221364
6.84364,0.215679
6.88366,0.209994
6.92368,0.204308
6.9637,0.198623
7.00373,0.192937
7.04375,0.187251
7.08378,0.181565
7.12381,0.175879
7.16384,0.170193
7.20387,0.164506
7.2439,0.15882
7.28393,0.153133
7.32397,0.147446
7.364,0.147446
7.40404,0.147446
7.44407,0.147446
7.48411,0.147446
7.52415,0.147446
7.56419,0.147446
7.60423,0.147446
7.64428,0.147446
7.68432,0.147446
7.72437,0.147446
7.76441,0.147446
7.80446,0.147446
7.84451,0.147446
7.88456,0.147446
7.92461,0.147446
7.96466,0.147446
8.00471,0.147446
8.04477,0.147446
8.08482,0.147446
8.12488,0.147446
8.16494,0.147446
8.205,0.147446
8.24506,0.147446
8.28512,0.147446
8.32518,0.147446
8.36524,0.147446
8.4053,0.147446
8.44537,0.147446
8.48544,0.147446
8.5255,0.147446
8.56557,0.147446
8.60564,0.147446
8.64571,0.147446
8.68578,0.147446
8.72585,0.147446
8.76593,0.147446
8.806,0.147446
8.84608,0.147446
8.88615,0.147446
8.92623,0.147446
8.96631,0.147446
9.00639,0.147446
9.04647,0.147446
9.08655,0.147446
9.12663,0.147446
9.16672,0.147446
9.2068,0.147446
9.24689,0.147446
9.28697,0.147446
9.32706,0.147446
9.36715,0.147446
9.40724,0.147446
9.44733,0.147446
9.48742,0.147446
9.52752,0.147446
9.56761,0.147446
9.6077,0.147446
9.6478,0.147446
9.6879,0.147446
9.72799,0.147446
9.76809,0.147446
9.80819,0.147446
9.84829,0.147446
9.8884,0.147446
9.9285,0.147446
9.9686,0.147446
10.0087,0.147446
10.0488,0.147446
10.0889,0.147446
10.129,0.147446
10.1691,0.147446
10.2092,0.147446
10.2494,0.147446
10.2895,0.147446
10.3296,0.147446
10.3697,0.147446
10.4098,0.147446
10.4499,0.147446
10.49,0.147446
10.5302,0.147446
10.5703,0.147446
10.6104,0.147446
10.6505,0.147446
10.6906,0.147446
10.7307,0.147446
10.7709,0.147446
10.811,0.147446
10.8511,0.147446
10.8912,0.147446
10.9314,0.147446
10.9715,0.147446
11.0116,0.147446
11.0517,0.147446
11.0919,0.147446
11.132,0.147446
11.1721,0.147446
11.2123,0.147446
11.2524,0.147446
11.2925,0.147446
11.3327,0.147446
11.3728,0.147446
11.4129,0.147446
11.4531,0.147446
11.4932,0.147446
11.5334,0.147446
11.5735,0.147446
11.6136,0.147446
11.6538,0.147446
11.6939,0.147446
11.7341,0.147446
11.7742,0.148175
11.8144,0.148903
11.8545,0.149632
11.8946,0.150361
11.9348,0.15109
11.9749,0.151819
12.0151,0.152547
12.0552,0.153276
12.0954,0.154005
12.1355,0.154734
12.1757,0.155463
12.2158,0.156192
12.256,0.156921
12.2962,0.15765
12.3363,0.158379
12.3765,0.159108
12.4166,0.159837
12.4568,0.160566
12.4969,0.161295
12.5371,0.162024
12.5773,0.162753
12.6174,0.163482
12.6576,0.164211
12.6977,0.16494
12.7379,0.165669
12.7781,0.166399
12.8182,0.167128
12.8584,0.167857
12.8986,0.168586
12.9387,0.169315
12.9789,0.170044
13.0191,0.170774
13.0592,0.171503
13.0994,0.172232
13.1396,0.172961
13.1797,0.173691
13.2199,0.17442
13.2601,0.175149
13.3003,0.175879
13.3404,0.176608
13.3806,0.177337
13.4208,0.178067
13.461,0.178796
13.5011,0.179525
13.5413,0.180255
13.5815,0.180984
13.6217,0.181713
13.6619,0.182443
13.702,0.183172
13.7422,0.183902
13.7824,0.184631
13.8226,0.185361
13.8628,0.18609
13.9029,0.18682
13.9431,0.187549
13.9833,0.188279
14.0235,0.189008
14.0637,0.189738
14.1039,0.190467
14.1441,0.191197
14.1842,0.191927
14.2244,0.192656
14.2646,0.193386
14.3048,0.194115
14.345,0.194845
14.3852,0.195575
14.4254,0.196304
14.4656,0.197034
14.5058,0.197764
14.546,0.198493
14.5862,0.199223
14.6264,0.199953
14.6666,0.200682
14.7068,0.201412
14.747,0.202142
14.7872,0.202872
14.8273,0.203601
14.8675,0.204331
14.9077,0.205061
14.9479,0.205791
14.9881,0.206521
15.0284,0.20725
15.0686,0.20798
15.1088,0.20871
15.149,0.20944
15.1892,0.21017
15.2294,0.2109
15.2696,0.21163
15.3098,0.212359
15.35,0.213089
15.3902,0.213819
15.4304,0.214549
15.4706,0.215279
15.5108,0.216009
15.551,0.216739
15.5912,0.217469
15.6314,0.218199
15.6717,0.218929
15.7119,0.219659
15.7521,0.220389
15.7923,0.221119
15.8325,0.221849
15.8727,0.222579
15.9129,0.223309
15.9531,0.224039
15.9934,0.224769
16.0336,0.225499
16.0738,0.226229
16.114,0.226959
16.1542,0.22769
16.1944,0.22842
16.2347,0.22915
16.2749,0.22988
16.3151,0.23061
16.3553,0.23134
16.3955,0.23207
16.4358,0.2328
16.476,0.233531
16.5162,0.234261
16.5564,0.234991
16.5966,0.235721
16.6369,0.236451
16.6771,0.237182
16.7173,0.237912
16.7575,0.238642
16.7978,0.239372
16.838,0.240103
16.8782,0.240833
16.9184,0.241563
16.9587,0.242293
16.9989,0.243024
17.0391,0.243754
17.0793,0.244484
17.1196,0.245215
17.1598,0.245945
17.2,0.246675
17.2403,0.247406
17.2805,0.248136
17.3207,0.248866
17.361,0.249597
17.4012,0.250327
17.4414,0.251057
17.4816,0.251788
17.5219,0.252518
17.5621,0.253249
17.6023,0.253979
17.6426,0.254709
17.6828,0.25544
17.723,0.25617
17.7633,0.256901
17.8035,0.257631
17.8438,0.258361
17.884,0.259092
17.9242,0.259822
17.9645,0.260553
18.0047,0.261283
18.0449,0.262014
18.0852,0.262744
18.1254,0.263475
18.1657,0.264205
18.2059,0.264936
18.2461,0.265666
18.2864,0.266397
18.3266,0.267127
18.3669,0.267858
18.4071,0.268588
18.4473,0.269319
18.4876,0.27005
18.5278,0.27078
18.5681,0.271511
18.6083,0.272241
18.6485,0.272972
18.6888,0.273702
18.729,0.274433
18.7693,0.275164
18.8095,0.275894
18.8498,0.276625
18.89,0.277355
18.9303,0.278086
18.9705,0.278817
19.0107,0.279547
19.051,0.280278
19.0912,0.281008
19.1315,0.281739
19.1717,0.28247
19.212,0.2832
19.2522,0.283931
19.2925,0.284662
19.3327,0.285392
19.373,0.286123
19.4132,0.286854
19.4535,0.287584
19.4937,0.288315
19.534,0.289046
19.5742,0.289777
19.6145,0.290507
19.6547,0.291238
19.695,0.291969
19.7352,0.292699
19.7755,0.29343
19.8157,0.294161
19.856,0.294892
19.8962,0.295622
19.9365,0.296353
19.9767,0.297084
20.017,0.297815
20.0572,0.298545
20.0975,0.299276
20.1377,0.300007
20.178,0.300738
20.2182,0.301468
20.2585,0.302199
20.2987,0.30293
20.339,0.303661
20.3793,0.304391
20.4195,0.305122
20.4598,0.305853
20.5,0.306584
20.5403,0.307315
20.5805,0.308045
20.6208,0.308776
20.661,0.309507
20.7013,0.310238
20.7416,0.310969
20.7818,0.311699
20.8221,0.31243
20.8623,0.313161
20.9026,0.313892
20.9428,0.314623
20.9831,0.315354
21.0234,0.316084
21.0636,0.316815
21.1039,0.317546
21.1441,0.318277
21.1844,0.319008
21.2246,0.319739
21.2649,0.320469
21.3052,0.3212
21.3454,0.321931
21.3857,0.322662
21.4259,0.323393
21.4662,0.324124
21.5064,0.324855
21.5467,0.325585
21.587,0.326316
21.6272,0.327047
21.6675,0.327778
21.7077,0.328509
21.748,0.32924
21.7883,0.329971
21.8285,0.330702
21.8688,0.331432
21.909,0.332163
21.9493,0.332894
21.9896,0.333625
22.0298,0.334356
22.0701,0.335087
22.1103,0.335818
22.1506,0.336549
22.1909,0.33728
22.2311,0.33801
22.2714,0.338741
22.3116,0.339472
22.3519,0.340203
22.3922,0.340934
22.4324,0.341665
22.4727,0.342396
22.5129,0.343127
22.5532,0.343858
22.5935,0.344589
22.6337,0.345319
22.674,0.34605
22.7143,0.346781
22.7545,0.347512
22.7948,0.348243
22.835,0.348974
22.8753,0.349705
22.9156,0.350436
22.9558,0.351167
22.9961,0.351898
23.0363,0.352629
23.0766,0.353359
23.1169,0.35409
23.1579,0.354821
23.2004,0.355579
23.2445,0.356365
23.2902,0.35718
23.3376,0.358025
23.3866,0.3589
23.4375,0.359807
23.4901,0.360746
23.5446,0.361718
23.601,0.362724
23.6594,0.363766
23.7197,0.364843
23.7821,0.365957
23.8466,0.367109
23.9133,0.368299
23.9821,0.369529
24.0532,0.370799
24.1265,0.372109
24.2022,0.373462
24.2803,0.374858
24.3608,0.376297
24.4437,0.37778
24.5291,0.379307
24.617,0.380881
24.7075,0.3825
24.8006,0.384166
24.8963,0.385879
24.9946,0.38764
25.0955,0.389449
25.1992,0.391306
25.3055,0.393211
25.4145,0.395166
25.5262,0.397169
25.6406,0.399221
25.7576,0.401322
25.8774,0.403471
25.9997,0.405669
26.1248,0.407915
26.2524,0.410209
26.3826,0.412549
26.5153,0.414936
26.6505,0.417368
26.7881,0.419845
26.9281,0.422365
27.0704,0.424928
27.215,0.427532
27.3617,0.430176
27.5105,0.432859
27.6612,0.435578
27.8139,0.438332
27.9683,0.44112
28.1244,0.443939
28.2821,0.446788
28.4412,0.449664
28.6016,0.452565
28.7633,0.455489
28.926,0.458434
29.0896,0.461397
29.254,0.464376
29.4191,0.467367
29.5847,0.47037
29.7507,0.47338
29.9169,0.476395
0.0198879,0.581866
0.0596644,0.581866
0.0994427,0.581866
0.139223,0.581866
0.179004,0.581866
0.218787,0.581866
0.258572,0.581866
0.298359,0.581866
0.338147,0.581866
0.377937,0.581866
0.417728,0.581866
0.457521,0.581866
0.497316,0.581866
0.537113,0.581866
0.576911,0.581866
0.61671,0.581866
0.656512,0.581866
0.696315,0.581866
0.736119,0.581866
0.775925,0.581866
0.815733,0.581866
0.855543,0.581866
0.895354,0.581866
0.935166,0.581866
0.974981,0.581866
1.0148,0.581866
1.05461,0.581866
1.09443,0.581866
1.13425,0.581866
1.17408,0.581866
1.2139,0.581866
1.25373,0.581866
1.29355,0.581866
1.33338,0.581866
1.37321,0.581866
1.41304,0.581866
1.45288,0.581866
1.49271,0.581866
1.53255,0.581866
1.57239,0.581866
1.61223,0.581866
1.65207,0.581866
1.69191,0.581866
1.73175,0.581866
1.7716,0.581866
1.81145,0.581866
1.8513,0.581866
1.89115,0.581866
1.931,0.581866
1.97085,0.581866
2.01071,0.581866
2.05056,0.581866
2.09042,0.581866
2.13028,0.581866
2.17014,0.581866
2.21001,0.581866
2.24987,0.581866
2.28974,0.581866
2.3296,0.581866
2.36947,0.581866
2.40934,0.581866
2.44921,0.581866
2.48909,0.581866
2.52896,0.581866
2.56884,0.581866
2.60872,0.581866
2.64859,0.581866
2.68848,0.581866
2.72836,0.581866
2.76824,0.581866
2.80813,0.581866
2.84801,0.581866
2.8879,0.581866
2.92779,0.581866
2.96768,0.581866
3.00757,0.581866
3.04747,0.581866
3.08736,0.581866
3.12726,0.581866
3.16716,0.581866
3.20706,0.581866
3.24696,0.581866
3.28686,0.581866
3.32677,0.581866
3.36667,0.581866
3.40658,0.581866
3.44649,0.579295
3.4864,0.576724
3.52631,0.574152
3.56622,0.571581
3.60614,0.56901
3.64605,0.566439
3.68597,0.563867
3.72589,0.561296
3.76581,0.558724
3.80573,0.556152
3.84565,0.55358
3.88557,0.551008
3.9255,0.548436
3.96543,0.545864
4.00536,0.543292
4.04528,0.54072
4.08522,0.538147
4.12515,0.535575
4.16508,0.533002
4.20502,0.53043
4.24495,0.527857
4.28489,0.525284
4.32483,0.522711
4.36477,0.520138
4.40471,0.517565
4.44466,0.514992
4.4846,0.512419
4.52455,0.509845
4.56449,0.507272
4.60444,0.504698
4.64439,0.502125
4.68435,0.499551
4.7243,0.496977
4.76425,0.494403
4.80421,0.491829
4.84416,0.489255
4.88412,0.486681
4.92408,0.484107
4.96404,0.481533
5.004,0.478958
5.04397,0.476384
5.08393,0.473809
5.1239,0.471234
5.16387,0.46866
5.20383,0.466085
5.2438,0.46351
5.28378,0.460935
5.32375,0.45836
5.36372,0.455785
5.4037,0.45321
5.44367,0.450634
5.48365,0.448059
5.52363,0.445483
5.56361,0.442908
5.60359,0.440332
5.64357,0.437756
5.68356,0.435181
5.72354,0.432605
5.76353,0.424452
5.80352,0.4163
5.84351,0.408147
5.8835,0.399994
5.92349,0.39184
5.96348,0.383686
6.00348,0.375532
6.04347,0.367378
6.08347,0.359224
6.12347,0.351069
6.16347,0.342914
6.20347,0.334759
6.24347,0.326603
6.28347,0.318448
6.32348,0.310292
6.36348,0.302136
6.40349,0.293979
6.44349,0.285822
6.4835,0.280243
6.52351,0.274663
6.56352,0.269083
6.60354,0.263503
6.64355,0.257923
6.68357,0.252343
6.72358,0.246762
6.7636,0.241181
6.80362,0.2356
6.84364,0.230019
6.88366,0.224438
6.92368,0.218857
6.9637,0.213275
7.00373,0.207693
7.04375,0.202112
7.08378,0.19653
7.12381,0.190947
7.16384,0.185365
7.20387,0.179782
7.2439,0.1742
7.28393,0.168617
7.32397,0.163034
7.364,0.163034
7.40404,0.163034
7.44407,0.163034
7.48411,0.163034
7.52415,0.163034
7.56419,0.163034
7.60423,0.163034
7.64428,0.163034
7.68432,0.163034
7.72437,0.163034
7.76441,0.163034
7.80446,0.163034
7.84451,0.163034
7.88456,0.163034
7.92461,0.163034
7.96466,0.163034
8.00471,0.163034
8.04477,0.163034
8.08482,0.163034
8.12488,0.163034
8.16494,0.163034
8.205,0.163034
8.24506,0.163034
8.28512,0.163034
8.32518,0.163034
8.36524,0.163034
8.4053,0.163034
8.44537,0.163034
8.48544,0.163034
8.5255,0.163034
8.56557,0.163034
8.60564,0.163034
8.64571,0.163034
8.68578,0.163034
8.72585,0.163034
8.76593,0.163034
8.806,0.163034
8.84608,0.163034
8.88615,0.163034
8.92623,0.163034
8.96631,0.163034
9.00639,0.163034
9.04647,0.163034
9.08655,0.163034
9.12663,0.163034
9.16672,0.163034
9.2068,0.163034
9.24689,0.163034
9.28697,0.163034
9.32706,0.163034
9.36715,0.163034
9.40724,0.163034
9.44733,0.163034
9.48742,0.163034
9.52752,0.163034
9.56761,0.163034
9.6077,0.163034
9.6478,0.163034
9.6879,0.163034
9.72799,0.163034
9.76809,0.163034
9.80819,0.163034
9.84829,0.163034
9.8884,0.163034
9.9285,0.163034
9.9686,0.163034
10.0087,0.163034
10.0488,0.163034
10.0889,0.163034
10.129,0.163034
10.1691,0.163034
10.2092,0.163034
10.2494,0.163034
10.2895,0.163034
10.3296,0.163034
10.3697,0.163034
10.4098,0.163034
10.4499,0.163034
10.49,0.163034
10.5302,0.163034
10.5703,0.163034
10.6104,0.163034
10.6505,0.163034
10.6906,0.163034
10.7307,0.163034
10.7709,0.163034
10.811,0.163034
10.8511,0.163034
10.8912,0.163034
10.9314,0.163034
10.9715,0.163034
11.0116,0.163034
11.0517,0.163034
11.0919,0.163034
11.132,0.163034
11.1721,0.163034
11.2123,0.163034
11.2524,0.163034
11.2925,0.163034
11.3327,0.163034
11.3728,0.163034
11.4129,0.163034
11.4531,0.163034
11.4932,0.163034
11.5334,0.163034
11.5735,0.163034
11.6136,0.163034
11.6538,0.163034
11.6939,0.163034
11.7341,0.163034
11.7742,0.16384
11.8144,0.164646
11.8545,0.165451
11.8946,0.166257
11.9348,0.167063
11.9749,0.167869
12.0151,0.168675
12.0552,0.169481
12.0954,0.170287
12.1355,0.171093
12.1757,0.171899
12.2158,0.172705
12.256,0.173511
12.2962,0.174317
12.3363,0.175123
12.3765,0.175929
12.4166,0.176735
12.4568,0.177541
12.4969,0.178347
12.5371,0.179153
12.5773,0.179959
12.6174,0.180766
12.6576,0.181572
12.6977,0.182378
12.7379,0.183184
12.7781,0.18399
12.8182,0.184797
12.8584,0.185603
12.8986,0.186409
12.9387,0.187215
12.9789,0.188022
13.0191,0.188828
13.0592,0.189634
13.0994,0.190441
13.1396,0.191247
13.1797,0.192053
13.2199,0.19286
13.2601,0.193666
13.3003,0.194473
13.3404,0.195279
13.3806,0.196085
13.4208,0.196892
13.461,0.197698
13.5011,0.198505
13.5413,0.199311
13.5815,0.200118
13.6217,0.200924
13.6619,0.201731
13.702,0.202538
13.7422,0.203344
13.7824,0.204151
13.8226,0.204957
13.8628,0.205764
13.9029,0.20657
13.9431,0.207377
13.9833,0.208184
14.0235,0.20899
14.0637,0.209797
14.1039,0.210604
14.1441,0.21141
14.1842,0.212217
14.2244,0.213024
14.2646,0.213831
14.3048,0.214637
14.345,0.215444
14.3852,0.216251
14.4254,0.217058
14.4656,0.217865
14.5058,0.218671
14.546,0.219478
14.5862,0.220285
14.6264,0.221092
14.6666,0.221899
14.7068,0.222706
14.747,0.223513
14.7872,0.224319
14.8273,0.225126
14.8675,0.225933
14.9077,0.22674
14.9479,0.227547
14.9881,0.228354
15.0284,0.229161
15.0686,0.229968
15.1088,0.230775
15.149,0.231582
15.1892,0.232389
15.2294,0.233196
15.2696,0.234003
15.3098,0.23481
15.35,0.235617
15.3902,0.236424
15.4304,0.237232
15.4706,0.238039
15.5108,0.238846
15.551,0.239653
15.5912,0.24046
15.6314,0.241267
15.6717,0.242074
15.7119,0.242882
15.7521,0.243689
15.7923,0.244496
15.8325,0.245303
15.8727,0.24611
15.9129,0.246918
15.9531,0.247725
15.9934,0.248532
16.0336,0.249339
16.0738,0.250147
16.114,0.250954
16.1542,0.251761
16.1944,0.252568
16.2347,0.253376
16.2749,0.254183
16.3151,0.25499
16.3553,0.255798
16.3955,0.256605
16.4358,0.257412
16.476,0.25822
16.5162,0.259027
16.5564,0.259835
16.5966,0.260642
16.6369,0.261449
16.6771,0.262257
16.7173,0.263064
16.7575,0.263872
16.7978,0.264679
16.838,0.265487
16.8782,0.266294
16.9184,0.267101
16.9587,0.267909
16.9989,0.268716
17.0391,0.269524
17.0793,0.270331
17.1196,0.271139
17.1598,0.271947
17.2,0.272754
17.2403,0.273562
17.2805,0.274369
17.3207,0.275177
17.361,0.275984
17.4012,0.276792
17.4414,0.277599
17.4816,0.278407
17.5219,0.279215
17.5621,0.280022
17.6023,0.28083
17.6426,0.281637
17.6828,0.282445
17.723,0.283253
17.7633,0.28406
17.8035,0.284868
17.8438,0.285676
17.884,0.286483
17.9242,0.287291
17.9645,0.288099
18.0047,0.288906
18.0449,0.289714
18.0852,0.290522
18.1254,0.29133
18.1657,0.292137
18.2059,0.292945
18.2461,0.293753
18.2864,0.294561
18.3266,0.295368
18.3669,0.296176
18.4071,0.296984
18.4473,0.297792
18.4876,0.298599
18.5278,0.299407
18.5681,0.300215
18.6083,0.301023
18.6485,0.301831
18.6888,0.302638
18.729,0.303446
18.7693,0.304254
18.8095,0.305062
18.8498,0.30587
18.89,0.306678
18.9303,0.307486
18.9705,0.308293
19.0107,0.309101
19.051,0.309909
19.0912,0.310717
19.1315,0.311525
19.1717,0.312333
19.212,0.313141
19.2522,0.313949
19.2925,0.314756
19.3327,0.315564
19.373,0.316372
19.4132,0.31718
19.4535,0.317988
19.4937,0.318796
19.534,0.319604
19.5742,0.320412
19.6145,0.32122
19.6547,0.322028
19.695,0.322836
19.7352,0.323644
19.7755,0.324452
19.8157,0.32526
19.856,0.326068
19.8962,0.326876
19.9365,0.327684
19.9767,0.328492
20.017,0.3293
20.0572,0.330108
20.0975,0.330916
20.1377,0.331724
20.178,0.332532
20.2182,0.33334
20.2585,0.334148
20.2987,0.334956
20.339,0.335764
20.3793,0.336572
20.4195,0.33738
20.4598,0.338188
20.5,0.338996
20.5403,0.339804
20.5805,0.340612
20.6208,0.34142
20.661,0.342228
20.7013,0.343036
20.7416,0.343845
20.7818,0.344653
20.8221,0.345461
20.8623,0.346269
20.9026,0.347077
20.9428,0.347885
20.9831,0.348693
21.0234,0.349501
21.0636,0.350309
21.1039,0.351117
21.1441,0.351925
21.1844,0.352734
21.2246,0.353542
21.2649,0.35435
21.3052,0.355158
21.3454,0.355966
21.3857,0.356774
21.4259,0.357582
21.4662,0.35839
21.5064,0.359199
21.5467,0.360007
21.587,0.360815
21.6272,0.361623
21.6675,0.362431
21.7077,0.363239
21.748,0.364047
21.7883,0.364856
21.8285,0.365664
21.8688,0.366472
21.909,0.36728
21.9493,0.368088
21.9896,0.368896
22.0298,0.369704
22.0701,0.370513
22.1103,0.371321
22.1506,0.372129
22.1909,0.372937
22.2311,0.373745
22.2714,0.374553
22.3116,0.375362
22.3519,0.37617
22.3922,0.376978
22.4324,0.377786
22.4727,0.378594
22.5129,0.379402
22.5532,0.380211
22.5935,0.381019
22.6337,0.381827
22.674,0.382635
22.7143,0.383443
22.7545,0.384252
22.7948,0.38506
22.835,0.385868
22.8753,0.386676
22.9156,0.387484
22.9558,0.388292
22.9961,0.389101
23.0363,0.389909
23.0766,0.390717
23.1169,0.391525
23.1579,0.392333
23.2004,0.393172
23.2445,0.394041
23.2902,0.394942
23.3376,0.395876
23.3866,0.396843
23.4375,0.397846
23.4901,0.398884
23.5446,0.399959
23.601,0.401072
23.6594,0.402224
23.7197,0.403415
23.7821,0.404647
23.8466,0.40592
23.9133,0.407236
23.9821,0.408596
24.0532,0.41
24.1265,0.411449
24.2022,0.412945
24.2803,0.414488
24.3608,0.416079
24.4437,0.417719
24.5291,0.419408
24.617,0.421148
24.7075,0.422938
24.8006,0.42478
24.8963,0.426675
24.9946,0.428622
25.0955,0.430622
25.1992,0.432675
25.3055,0.434782
25.4145,0.436943
25.5262,0.439158
25.6406,0.441427
25.7576,0.44375
25.8774,0.446127
25.9997,0.448557
26.1248,0.45104
26.2524,0.453576
26.3826,0.456164
26.5153,0.458803
26.6505,0.461492
26.7881,0.464231
26.9281,0.467018
27.0704,0.469852
27.215,0.472731
27.3617,0.475655
27.5105,0.478621
27.6612,0.481628
27.8139,0.484673
27.9683,0.487756
28.1244,0.490873
28.2821,0.494023
28.4412,0.497203
28.6016,0.500411
28.7633,0.503644
28.926,0.5069
29.0896,0.510176
29.254,0.51347
29.4191,0.516778
29.5847,0.520098
29.7507,0.523426
29.9169,0.526761
0.0198879,0.612024
0.0596644,0.612024
0.0994427,0.612024
0.139223,0.612024
0.179004,0.612024
0.218787,0.612024
0.258572,0.612024
0.298359,0.612024
0.338147,0.612024
0.377937,0.612024
0.417728,0.612024
0.457521,0.612024
0.497316,0.612024
0.537113,0.612024
0.576911,0.612024
0.61671,0.612024
0.656512,0.612024
0.696315,0.612024
0.736119,0.612024
0.775925,0.612024
0.815733,0.612024
0.855543,0.612024
0.895354,0.612024
0.935166,0.612024
0.974981,0.612024
1.0148,0.612024
1.05461,0.612024
1.09443,0.612024
1.13425,0.612024
1.17408,0.612024
1.2139,0.612024
1.25373,0.612024
1.29355,0.612024
1.33338,0.612024
1.37321,0.612024
1.41304,0.612024
1.45288,0.612024
1.49271,0.612024
1.53255,0.612024
1.57239,0.612024
1.61223,0.612024
1.65207,0.612024
1.69191,0.612024
1.73175,0.612024
1.7716,0.612024
1.81145,0.612024
1.8513,0.612024
1.89115,0.612024
1.931,0.612024
1.97085,0.612024
2.01071,0.612024
2.05056,0.612024
2.09042,0.612024
2.13028,0.612024
2.17014,0.612024
2.21001,0.612024
2.24987,0.612024
2.28974,0.612024
2.3296,0.612024
2.36947,0.612024
2.40934,0.612024
2.44921,0.612024
2.48909,0.612024
2.52896,0.612024
2.56884,0.612024
2.60872,0.612024
2.64859,0.612024
2.68848,0.612024
2.72836,0.612024
2.76824,0.612024
2.80813,0.612024
2.84801,0.612024
2.8879,0.612024
2.92779,0.612024
2.96768,0.612024
3.00757,0.612024
3.04747,0.612024
3.08736,0.612024
3.12726,0.612024
3.16716,0.612024
3.20706,0.612024
3.24696,0.612024
3.28686,0.612024
3.32677,0.612024
3.36667,0.612024
3.40658,0.612024
3.44649,0.609207
3.4864,0.60639
3.52631,0.603573
3.56622,0.600756
3.60614,0.597938
3.64605,0.595121
3.68597,0.592303
3.72589,0.589486
3.76581,0.586668
3.80573,0.58385
3.84565,0.581032
3.88557,0.578214
3.9255,0.575396
3.96543,0.572578
4.00536,0.56976
4.04528,0.566941
4.08522,0.564123
4.12515,0.561304
4.16508,0.558485
4.20502,0.555666
4.24495,0.552848
4.28489,0.550029
4.32483,0.547209
4.36477,0.54439
4.40471,0.541571
4.44466,0.538752
4.4846,0.535932
4.52455,0.533113
4.56449,0.530293
4.60444,0.527473
4.64439,0.524653
4.68435,0.521833
4.7243,0.519013
4.76425,0.516193
4.80421,0.513373
4.84416,0.510553
4.88412,0.507732
4.92408,0.504912
4.96404,0.502091
5.004,0.49927
5.04397,0.496449
5.08393,0.493629
5.1239,0.490808
5.16387,0.487986
5.20383,0.485165
5.2438,0.482344
5.28378,0.479523
5.32375,0.476701
5.36372,0.47388
5.4037,0.471058
5.44367,0.468236
5.48365,0.465415
5.52363,0.462593
5.56361,0.459771
5.60359,0.456949
5.64357,0.454126
5.68356,0.451304
5.72354,0.448482
5.76353,0.440187
5.80352,0.431892
5.84351,0.423596
5.8835,0.4153
5.92349,0.407004
5.96348,0.398708
6.00348,0.390412
6.04347,0.382115
6.08347,0.373818
6.12347,0.365521
6.16347,0.357223
6.20347,0.348925
6.24347,0.340627
6.28347,0.332329
6.32348,0.32403
6.36348,0.315731
6.40349,0.307432
6.44349,0.299133
6.4835,0.293657
6.52351,0.288182
6.56352,0.282706
6.60354,0.27723
6.64355,0.271754
6.68357,0.266277
6.72358,0.260801
6.7636,0.255324
6.80362,0.249847
6.84364,0.24437
6.88366,0.238893
6.92368,0.233415
6.9637,0.227938
7.00373,0.22246
7.04375,0.216982
7.08378,0.211504
7.12381,0.206026
7.16384,0.200548
7.20387,0.195069
7.2439,0.189591
7.28393,0.184112
7.32397,0.178633
7.364,0.178633
7.40404,0.178633
7.44407,0.178633
7.48411,0.178633
7.52415,0.178633
7.56419,0.178633
7.60423,0.178633
7.64428,0.178633
7.68432,0.178633
7.72437,0.178633
7.76441,0.178633
7.80446,0.178633
7.84451,0.178633
7.88456,0.178633
7.92461,0.178633
7.96466,0.178633
8.00471,0.178633
8.04477,0.178633
8.08482,0.178633
8.12488,0.178633
8.16494,0.178633
8.205,0.178633
8.24506,0.178633
8.28512,0.178633
8.32518,0.178633
8.36524,0.178633
8.4053,0.178633
8.44537,0.178633
8.48544,0.178633
8.5255,0.178633
8.56557,0.178633
8.60564,0.178633
8.64571,0.178633
8.68578,0.178633
8.72585,0.178633
8.76593,0.178633
8.806,0.178633
8.84608,0.178633
8.88615,0.178633
8.92623,0.178633
8.96631,0.178633
9.00639,0.178633
9.04647,0.178633
9.08655,0.178633
9.12663,0.178633
9.16672,0.178633
9.2068,0.178633
9.24689,0.178633
9.28697,0.178633
9.32706,0.178633
9.36715,0.178633
9.40724,0.178633
9.44733,0.178633
9.48742,0.178633
9.52752,0.178633
9.56761,0.178633
9.6077,0.178633
9.6478,0.178633
9.6879,0.178633
9.72799,0.178633
9.76809,0.178633
9.80819,0.178633
9.84829,0.178633
9.8884,0.178633
9.9285,0.178633
9.9686,0.178633
10.0087,0.178633
10.0488,0.178633
10.0889,0.178633
10.129,0.178633
10.1691,0.178633
10.2092,0.178633
10.2494,0.178633
10.2895,0.178633
10.3296,0.178633
10.3697,0.178633
10.4098,0.178633
10.4499,0.178633
10.49,0.178633
10.5302,0.178633
10.5703,0.178633
10.6104,0.178633
10.6505,0.178633
10.6906,0.178633
10.7307,0.178633
10.7709,0.178633
10.811,0.178633
10.8511,0.178633
10.8912,0.178633
10.9314,0.178633
10.9715,0.178633
11.0116,0.178633
11.0517,0.178633
11.0919,0.178633
11.132,0.178633
11.1721,0.178633
11.2123,0.178633
11.2524,0.178633
11.2925,0.178633
11.3327,0.178633
11.3728,0.178633
11.4129,0.178633
11.4531,0.178633
11.4932,0.178633
11.5334,0.178633
11.5735,0.178633
11.6136,0.178633
11.6538,0.178633
11.6939,0.178633
11.7341,0.178633
11.7742,0.179516
11.8144,0.180399
11.8545,0.181282
11.8946,0.182165
11.9348,0.183048
11.9749,0.183931
12.0151,0.184814
12.0552,0.185697
12.0954,0.18658
12.1355,0.187463
12.1757,0.188346
12.2158,0.189229
12.256,0.190112
12.2962,0.190996
12.3363,0.191879
12.3765,0.192762
12.4166,0.193645
12.4568,0.194528
12.4969,0.195412
12.5371,0.196295
12.5773,0.197178
12.6174,0.198061
12.6576,0.198945
12.6977,0.199828
12.7379,0.200711
12.7781,0.201595
12.8182,0.202478
12.8584,0.203361
12.8986,0.204245
12.9387,0.205128
12.9789,0.206012
13.0191,0.206895
13.0592,0.207779
13.0994,0.208662
13.1396,0.209546
13.1797,0.210429
13.2199,0.211313
13.2601,0.212196
13.3003,0.21308
13.3404,0.213963
13.3806,0.214847
13.4208,0.215731
13.461,0.216614
13.5011,0.217498
13.5413,0.218382
13.5815,0.219265
13.6217,0.220149
13.6619,0.221033
13.702,0.221916
13.7422,0.2228
13.7824,0.223684
13.8226,0.224568
13.8628,0.225451
13.9029,0.226335
13.9431,0.227219
13.9833,0.228103
14.0235,0.228987
14.0637,0.229871
14.1039,0.230754
14.1441,0.231638
14.1842,0.232522
14.2244,0.233406
14.2646,0.23429
14.3048,0.235174
14.345,0.236058
14.3852,0.236942
14.4254,0.237826
14.4656,0.23871
14.5058,0.239594
14.546,0.240478
14.5862,0.241362
14.6264,0.242246
14.6666,0.24313
14.7068,0.244014
14.747,0.244898
14.7872,0.245782
14.8273,0.246667
14.8675,0.247551
14.9077,0.248435
14.9479,0.249319
14.9881,0.250203
15.0284,0.251087
15.0686,0.251972
15.1088,0.252856
15.149,0.25374
15.1892,0.254624
15.2294,0.255508
15.2696,0.256393
15.3098,0.257277
15.35,0.258161
15.3902,0.259046
15.4304,0.25993
15.4706,0.260814
15.5108,0.261699
15.551,0.262583
15.5912,0.263467
15.6314,0.264352
15.6717,0.265236
15.7119,0.26612
15.7521,0.267005
15.7923,0.267889
15.8325,0.268774
15.8727,0.269658
15.9129,0.270543
15.9531,0.271427
15.9934,0.272312
16.0336,0.273196
16.0738,0.274081
16.114,0.274965
16.1542,0.27585
16.1944,0.276734
16.2347,0.277619
16.2749,0.278503
16.3151,0.279388
16.3553,0.280272
16.3955,0.281157
16.4358,0.282042
16.476,0.282926
16.5162,0.283811
16.5564,0.284696
16.5966,0.28558
16.6369,0.286465
16.6771,0.28735
16.7173,0.288234
16.7575,0.289119
16.7978,0.290004
16.838,0.290888
16.8782,0.291773
16.9184,0.292658
16.9587,0.293543
16.9989,0.294427
17.0391,0.295312
17.0793,0.296197
17.1196,0.297082
17.1598,0.297966
17.2,0.298851
17.2403,0.299736
17.2805,0.300621
17.3207,0.301506
17.361,0.302391
17.4012,0.303275
17.4414,0.30416
17.4816,0.305045
17.5219,0.30593
17.5621,0.306815
17.6023,0.3077
17.6426,0.308585
17.6828,0.30947
17.723,0.310354
17.7633,0.311239
17.8035,0.312124
17.8438,0.313009
17.884,0.313894
17.9242,0.314779
17.9645,0.315664
18.0047,0.316549
18.0449,0.317434
18.0852,0.318319
18.1254,0.319204
18.1657,0.320089
18.2059,0.320974
18.2461,0.321859
18.2864,0.322744
18.3266,0.323629
18.3669,0.324514
18.4071,0.325399
18.4473,0.326284
18.4876,0.32717
18.5278,0.328055
18.5681,0.32894
18.6083,0.329825
18.6485,0.33071
18.6888,0.331595
18.729,0.33248
18.7693,0.333365
18.8095,0.33425
18.8498,0.335136
18.89,0.336021
18.9303,0.336906
18.9705,0.337791
19.0107,0.338676
19.051,0.339561
19.0912,0.340446
19.1315,0.341332
19.1717,0.342217
19.212,0.343102
19.2522,0.343987
19.2925,0.344872
19.3327,0.345758
19.373,0.346643
19.4132,0.347528
19.4535,0.348413
19.4937,0.349299
19.534,0.350184
19.5742,0.351069
19.6145,0.351954
19.6547,0.35284
19.695,0.353725
19.7352,0.35461
19.7755,0.355495
19.8157,0.356381
19.856,0.357266
19.8962,0.358151
19.9365,0.359037
19.9767,0.359922
20.017,0.360807
20.0572,0.361693
20.0975,0.362578
20.1377,0.363463
20.178,0.364349
20.2182,0.365234
20.2585,0.366119
20.2987,0.367005
20.339,0.36789
20.3793,0.368775
20.4195,0.369661
20.4598,0.370546
20.5,0.371431
20.5403,0.372317
20.5805,0.373202
20.6208,0.374088
20.661,0.374973
20.7013,0.375858
20.7416,0.376744
20.7818,0.377629
20.8221,0.378514
20.8623,0.3794
20.9026,0.380285
20.9428,0.381171
20.9831,0.382056
21.0234,0.382942
21.0636,0.383827
21.1039,0.384712
21.1441,0.385598
21.1844,0.386483
21.2246,0.387369
21.2649,0.388254
21.3052,0.38914
21.3454,0.390025
21.3857,0.39091
21.4259,0.391796
21.4662,0.392681
21.5064,0.393567
21.5467,0.394452
21.587,0.395338
21.6272,0.396223
21.6675,0.397109
21.7077,0.397994
21.748,0.39888
21.7883,0.399765
21.8285,0.400651
21.8688,0.401536
21.909,0.402421
21.9493,0.403307
21.9896,0.404192
22.0298,0.405078
22.0701,0.405963
22.1103,0.406849
22.1506,0.407734
22.1909,0.40862
22.2311,0.409505
22.2714,0.410391
22.3116,0.411276
22.3519,0.412162
22.3922,0.413047
22.4324,0.413933
22.4727,0.414818
22.5129,0.415704
22.5532,0.416589
22.5935,0.417475
22.6337,0.41836
22.674,0.419246
22.7143,0.420131
22.7545,0.421017
22.7948,0.421902
22.835,0.422788
22.8753,0.423673
22.9156,0.424559
22.9558,0.425444
22.9961,0.42633
23.0363,0.427215
23.0766,0.428101
23.1169,0.428986
23.1579,0.429872
23.2004,0.43079
23.2445,0.431743
23.2902,0.43273
23.3376,0.433753
23.3866,0.434814
23.4375,0.435912
23.4901,0.43705
23.5446,0.438228
23.601,0.439447
23.6594,0.440708
23.7197,0.442014
23.7821,0.443363
23.8466,0.444759
23.9133,0.446201
23.9821,0.44769
24.0532,0.449229
24.1265,0.450817
24.2022,0.452456
24.2803,0.454146
24.3608,0.45589
24.4437,0.457686
24.5291,0.459537
24.617,0.461443
24.7075,0.463405
24.8006,0.465424
24.8963,0.467499
24.9946,0.469632
25.0955,0.471824
25.1992,0.474073
25.3055,0.476382
25.4145,0.47875
25.5262,0.481177
25.6406,0.483663
25.7576,0.486208
25.8774,0.488812
25.9997,0.491475
26.1248,0.494196
26.2524,0.496974
26.3826,0.49981
26.5153,0.502701
26.6505,0.505648
26.7881,0.508649
26.9281,0.511702
27.0704,0.514807
27.215,0.517962
27.3617,0.521166
27.5105,0.524415
27.6612,0.52771
27.8139,0.531047
27.9683,0.534424
28.1244,0.53784
28.2821,0.541291
28.4412,0.544776
28.6016,0.54829
28.7633,0.551833
28.926,0.555401
29.0896,0.55899
29.254,0.562599
29.4191,0.566223
29.5847,0.569861
29.7507,0.573508
29.9169,0.577161
0.0198879,0.642202
0.0596644,0.642202
0.0994427,0.642202
0.139223,0.642202
0.179004,0.642202
0.218787,0.642202
0.258572,0.642202
0.298359,0.642202
0.338147,0.642202
0.377937,0.642202
0.417728,0.642202
0.457521,0.642202
0.497316,0.642202
0.537113,0.642202
0.576911,0.642202
0.61671,0.642202
0.656512,0.642202
0.696315,0.642202
0.736119,0.642202
0.775925,0.642202
0.815733,0.642202
0.855543,0.642202
0.895354,0.642202
0.935166,0.642202
0.974981,0.642202
1.0148,0.642202
1.05461,0.642202
1.09443,0.642202
1.13425,0.642202
1.17408,0.642202
1.2139,0.642202
1.25373,0.642202
1.29355,0.642202
1.33338,0.642202
1.37321,0.642202
1.41304,0.642202
1.45288,0.642202
1.49271,0.642202
1.53255,0.642202
1.57239,0.642202
1.61223,0.642202
1.65207,0.642202
1.69191,0.642202
1.73175,0.642202
1.7716,0.642202
1.81145,0.642202
1.8513,0.642202
1.89115,0.642202
1.931,0.642202
1.97085,0.642202
2.01071,0.642202
2.05056,0.642202
2.09042,0.642202
2.13028,0.642202
2.17014,0.642202
2.21001,0.642202
2.24987,0.642202
2.28974,0.642202
2.3296,0.642202
2.36947,0.642202
2.40934,0.642202
2.44921,0.642202
2.48909,0.642202
2.52896,0.642202
2.56884,0.642202
2.60872,0.642202
2.64859,0.642202
2.68848,0.642202
2.72836,0.642202
2.76824,0.642202
2.80813,0.642202
2.84801,0.642202
2.8879,0.642202
2.92779,0.642202
2.96768,0.642202
3.00757,0.642202
3.04747,0.642202
3.08736,0.642202
3.12726,0.642202
3.16716,0.642202
3.20706,0.642202
3.24696,0.642202
3.28686,0.642202
3.32677,0.642202
3.36667,0.642202
3.40658,0.642202
3.44649,0.639139
3.4864,0.636076
3.52631,0.633013
3.56622,0.62995
3.60614,0.626886
3.64605,0.623822
3.68597,0.620759
3.72589,0.617695
3.76581,0.614631
3.80573,0.611567
3.84565,0.608503
3.88557,0.605438
3.9255,0.602374
3.96543,0.59931
4.00536,0.596245
4.04528,0.59318
4.08522,0.590115
4.12515,0.58705
4.16508,0.583985
4.20502,0.58092
4.24495,0.577855
4.28489,0.57479
4.32483,0.571724
4.36477,0.568659
4.40471,0.565593
4.44466,0.562527
4.4846,0.559462
4.52455,0.556396
4.56449,0.55333
4.60444,0.550263
4.64439,0.547197
4.68435,0.544131
4.7243,0.541064
4.76425,0.537998
4.80421,0.534931
4.84416,0.531864
4.88412,0.528797
4.92408,0.52573
4.96404,0.522663
5.004,0.519596
5.04397,0.516529
5.08393,0.513461
5.1239,0.510394
5.16387,0.507326
5.20383,0.504259
5.2438,0.501191
5.28378,0.498123
5.32375,0.495055
5.36372,0.491987
5.4037,0.488919
5.44367,0.48585
5.48365,0.482782
5.52363,0.479713
5.56361,0.476645
5.60359,0.473576
5.64357,0.470507
5.68356,0.467438
5.72354,0.464369
5.76353,0.455932
5.80352,0.447494
5.84351,0.439056
5.8835,0.430617
5.92349,0.422179
5.96348,0.41374
6.00348,0.405301
6.04347,0.396861
6.08347,0.388422
6.12347,0.379982
6.16347,0.371541
6.20347,0.363101
6.24347,0.35466
6.28347,0.346219
6.32348,0.337778
6.36348,0.329336
6.40349,0.320895
6.44349,0.312453
6.4835,0.307081
6.52351,0.301709
6.56352,0.296338
6.60354,0.290966
6.64355,0.285593
6.68357,0.280221
6.72358,0.274849
6.7636,0.269476
6.80362,0.264103
6.84364,0.25873
6.88366,0.253357
6.92368,0.247984
6.9637,0.242611
7.00373,0.237237
7.04375,0.231863
7.08378,0.226489
7.12381,0.221115
7.16384,0.215741
7.20387,0.210367
7.2439,0.204992
7.28393,0.199617
7.32397,0.194243
7.364,0.194243
7.40404,0.194243
7.44407,0.194243
7.48411,0.194243
7.52415,0.194243
7.56419,0.194243
7.60423,0.194243
7.64428,0.194243
7.68432,0.194243
7.72437,0.194243
7.76441,0.194243
7.80446,0.194243
7.84451,0.194243
7.88456,0.194243
7.92461,0.194243
7.96466,0.194243
8.00471,0.194243
8.04477,0.194243
8.08482,0.194243
8.12488,0.194243
8.16494,0.194243
8.205,0.194243
8.24506,0.194243
8.28512,0.194243
8.32518,0.194243
8.36524,0.194243
8.4053,0.194243
8.44537,0.194243
8.48544,0.194243
8.5255,0.194243
8.56557,0.194243
8.60564,0.194243
8.64571,0.194243
8.68578,0.194243
8.72585,0.194243
8.76593,0.194243
8.806,0.194243
8.84608,0.194243
8.88615,0.194243
8.92623,0.194243
8.96631,0.194243
9.00639,0.194243
9.04647,0.194243
9.08655,0.194243
9.12663,0.194243
9.16672,0.194243
9.2068,0.194243
9.24689,0.194243
9.28697,0.194243
9.32706,0.194243
9.36715,0.194243
9.40724,0.194243
9.44733,0.194243
9.48742,0.194243
9.52752,0.194243
9.56761,0.194243
9.6077,0.194243
9.6478,0.194243
9.6879,0.194243
9.72799,0.194243
9.76809,0.194243
9.80819,0.194243
9.84829,0.194243
9.8884,0.194243
9.9285,0.194243
9.9686,0.194243
10.0087,0.194243
10.0488,0.194243
10.0889,0.194243
10.129,0.194243
10.1691,0.194243
10.2092,0.194243
10.2494,0.194243
10.2895,0.194243
10.3296,0.194243
10.3697,0.194243
10.4098,0.194243
10.4499,0.194243
10.49,0.194243
10.5302,0.194243
10.5703,0.194243
10.6104,0.194243
10.6505,0.194243
10.6906,0.194243
10.7307,0.194243
10.7709,0.194243
10.811,0.194243
10.8511,0.194243
10.8912,0.194243
10.9314,0.194243
10.9715,0.194243
11.0116,0.194243
11.0517,0.194243
11.0919,0.194243
11.132,0.194243
11.1721,0.194243
11.2123,0.194243
11.2524,0.194243
11.2925,0.194243
11.3327,0.194243
11.3728,0.194243
11.4129,0.194243
11.4531,0.194243
11.4932,0.194243
11.5334,0.194243
11.5735,0.194243
11.6136,0.194243
11.6538,0.194243
11.6939,0.194243
11.7341,0.194243
11.7742,0.195203
11.8144,0.196163
11.8545,0.197123
11.8946,0.198083
11.9348,0.199043
11.9749,0.200003
12.0151,0.200964
12.0552,0.201924
12.0954,0.202884
12.1355,0.203844
12.1757,0.204805
12.2158,0.205765
12.256,0.206725
12.2962,0.207685
12.3363,0.208646
12.3765,0.209606
12.4166,0.210567
12.4568,0.211527
12.4969,0.212487
12.5371,0.213448
12.5773,0.214408
12.6174,0.215369
12.6576,0.216329
12.6977,0.21729
12.7379,0.21825
12.7781,0.219211
12.8182,0.220171
12.8584,0.221132
12.8986,0.222093
12.9387,0.223053
12.9789,0.224014
13.0191,0.224974
13.0592,0.225935
13.0994,0.226896
13.1396,0.227857
13.1797,0.228817
13.2199,0.229778
13.2601,0.230739
13.3003,0.2317
13.3404,0.23266
13.3806,0.233621
13.4208,0.234582
13.461,0.235543
13.5011,0.236504
13.5413,0.237465
13.5815,0.238425
13.6217,0.239386
13.6619,0.240347
13.702,0.241308
13.7422,0.242269
13.7824,0.24323
13.8226,0.244191
13.8628,0.245152
13.9029,0.246113
13.9431,0.247074
13.9833,0.248035
14.0235,0.248996
14.0637,0.249957
14.1039,0.250919
14.1441,0.25188
14.1842,0.252841
14.2244,0.253802
14.2646,0.254763
14.3048,0.255724
14.345,0.256686
14.3852,0.257647
14.4254,0.258608
14.4656,0.259569
14.5058,0.260531
14.546,0.261492
14.5862,0.262453
14.6264,0.263414
14.6666,0.264376
14.7068,0.265337
14.747,0.266298
14.7872,0.26726
14.8273,0.268221
14.8675,0.269183
14.9077,0.270144
14.9479,0.271105
14.9881,0.272067
15.0284,0.273028
15.0686,0.27399
15.1088,0.274951
15.149,0.275913
15.1892,0.276874
15.2294,0.277836
15.2696,0.278797
15.3098,0.279759
15.35,0.28072
15.3902,0.281682
15.4304,0.282644
15.4706,0.283605
15.5108,0.284567
15.551,0.285528
15.5912,0.28649
15.6314,0.287452
15.6717,0.288413
15.7119,0.289375
15.7521,0.290337
15.7923,0.291298
15.8325,0.29226
15.8727,0.293222
15.9129,0.294184
15.9531,0.295145
15.9934,0.296107
16.0336,0.297069
16.0738,0.298031
16.114,0.298993
16.1542,0.299954
16.1944,0.300916
16.2347,0.301878
16.2749,0.30284
16.3151,0.303802
16.3553,0.304764
16.3955,0.305726
16.4358,0.306688
16.476,0.307649
16.5162,0.308611
16.5564,0.309573
16.5966,0.310535
16.6369,0.311497
16.6771,0.312459
16.7173,0.313421
16.7575,0.314383
16.7978,0.315345
16.838,0.316307
16.8782,0.317269
16.9184,0.318231
16.9587,0.319193
16.9989,0.320155
17.0391,0.321118
17.0793,0.32208
17.1196,0.323042
17.1598,0.324004
17.2,0.324966
17.2403,0.325928
17.2805,0.32689
17.3207,0.327852
17.361,0.328815
17.4012,0.329777
17.4414,0.330739
17.4816,0.331701
17.5219,0.332663
17.5621,0.333625
17.6023,0.334588
17.6426,0.33555
17.6828,0.336512
17.723,0.337474
17.7633,0.338437
17.8035,0.339399
17.8438,0.340361
17.884,0.341323
17.9242,0.342286
17.9645,0.343248
18.0047,0.34421
18.0449,0.345173
18.0852,0.346135
18.1254,0.347097
18.1657,0.34806
18.2059,0.349022
18.2461,0.349984
18.2864,0.350947
18.3266,0.351909
18.3669,0.352872
18.4071,0.353834
18.4473,0.354796
18.4876,0.355759
18.5278,0.356721
18.5681,0.357684
18.6083,0.358646
18.6485,0.359609
18.6888,0.360571
18.729,0.361533
18.7693,0.362496
18.8095,0.363458
18.8498,0.364421
18.89,0.365383
18.9303,0.366346
18.9705,0.367308
19.0107,0.368271
19.051,0.369233
19.0912,0.370196
19.1315,0.371159
19.1717,0.372121
19.212,0.373084
19.2522,0.374046
19.2925,0.375009
19.3327,0.375971
19.373,0.376934
19.4132,0.377896
19.4535,0.378859
19.4937,0.379822
19.534,0.380784
19.5742,0.381747
19.6145,0.382709
19.6547,0.383672
19.695,0.384635
19.7352,0.385597
19.7755,0.38656
19.8157,0.387523
19.856,0.388485
19.8962,0.389448
19.9365,0.390411
19.9767,0.391373
20.017,0.392336
20.0572,0.393299
20.0975,0.394261
20.1377,0.395224
20.178,0.396187
20.2182,0.397149
20.2585,0.398112
20.2987,0.399075
20.339,0.400038
20.3793,0.401
20.4195,0.401963
20.4598,0.402926
20.5,0.403888
20.5403,0.404851
20.5805,0.405814
20.6208,0.406777
20.661,0.407739
20.7013,0.408702
20.7416,0.409665
20.7818,0.410628
20.8221,0.41159
20.8623,0.412553
20.9026,0.413516
20.9428,0.414479
20.9831,0.415442
21.0234,0.416404
21.0636,0.417367
21.1039,0.41833
21.1441,0.419293
21.1844,0.420256
21.2246,0.421218
21.2649,0.422181
21.3052,0.423144
21.3454,0.424107
21.3857,0.42507
21.4259,0.426032
21.4662,0.426995
21.5064,0.427958
21.5467,0.428921
21.587,0.429884
21.6272,0.430847
21.6675,0.431809
21.7077,0.432772
21.748,0.433735
21.7883,0.434698
21.8285,0.435661
21.8688,0.436624
21.909,0.437587
21.9493,0.438549
21.9896,0.439512
22.0298,0.440475
22.0701,0.441438
22.1103,0.442401
22.1506,0.443364
22.1909,0.444327
22.2311,0.445289
22.2714,0.446252
22.3116,0.447215
22.3519,0.448178
22.3922,0.449141
22.4324,0.450104
22.4727,0.451067
22.5129,0.45203
22.5532,0.452992
22.5935,0.453955
22.6337,0.454918
22.674,0.455881
22.7143,0.456844
22.7545,0.457807
22.7948,0.45877
22.835,0.459733
22.8753,0.460695
22.9156,0.461658
22.9558,0.462621
22.9961,0.463584
23.0363,0.464547
23.0766,0.46551
23.1169,0.466473
23.1579,0.467436
23.2004,0.468434
23.2445,0.46947
23.2902,0.470543
23.3376,0.471656
23.3866,0.472809
23.4375,0.474004
23.4901,0.475241
23.5446,0.476522
23.601,0.477847
23.6594,0.479219
23.7197,0.480638
23.7821,0.482106
23.8466,0.483623
23.9133,0.485191
23.9821,0.486811
24.0532,0.488484
24.1265,0.490211
24.2022,0.491993
24.2803,0.493831
24.3608,0.495727
24.4437,0.497681
24.5291,0.499693
24.617,0.501766
24.7075,0.503899
24.8006,0.506094
24.8963,0.508351
24.9946,0.510671
25.0955,0.513053
25.1992,0.5155
25.3055,0.51801
25.4145,0.520585
25.5262,0.523224
25.6406,0.525927
25.7576,0.528695
25.8774,0.531527
25.9997,0.534422
26.1248,0.537381
26.2524,0.540402
26.3826,0.543485
26.5153,0.546629
26.6505,0.549833
26.7881,0.553096
26.9281,0.556417
27.0704,0.559793
27.215,0.563224
27.3617,0.566707
27.5105,0.570241
27.6612,0.573823
27.8139,0.577452
27.9683,0.581124
28.1244,0.584838
28.2821,0.588591
28.4412,0.59238
28.6016,0.596202
28.7633,0.600054
28.926,0.603934
29.0896,0.607837
29.254,0.611761
29.4191,0.615702
29.5847,0.619657
29.7507,0.623623
29.9169,0.627596
0.0198879,0.6724
0.0596644,0.6724
0.0994427,0.6724
0.139223,0.6724
0.179004,0.6724
0.218787,0.6724
0.258572,0.6724
0.298359,0.6724
0.338147,0.6724
0.377937,0.6724
0.417728,0.6724
0.457521,0.6724
0.497316,0.6724
0.537113,0.6724
0.576911,0.6724
0.61671,0.6724
0.656512,0.6724
0.696315,0.6724
0.736119,0.6724
0.775925,0.6724
0.815733,0.6724
0.855543,0.6724
0.895354,0.6724
0.935166,0.6724
0.974981,0.6724
1.0148,0.6724
1.05461,0.6724
1.09443,0.6724
1.13425,0.6724
1.17408,0.6724
1.2139,0.6724
1.25373,0.6724
1.29355,0.6724
1.33338,0.6724
1.37321,0.6724
1.41304,0.6724
1.45288,0.6724
1.49271,0.6724
1.53255,0.6724
1.57239,0.6724
1.61223,0.6724
1.65207,0.6724
1.69191,0.6724
1.73175,0.6724
1.7716,0.6724
1.81145,0.6724
1.8513,0.6724
1.89115,0.6724
1.931,0.6724
1.97085,0.6724
2.01071,0.6724
2.05056,0.6724
2.09042,0.6724
2.13028,0.6724
2.17014,0.6724
2.21001,0.6724
2.24987,0.6724
2.28974,0.6724
2.3296,0.6724
2.36947,0.6724
2.40934,0.6724
2.44921,0.6724
2.48909,0.6724
2.52896,0.6724
2.56884,0.6724
2.60872,0.6724
2.64859,0.6724
2.68848,0.6724
2.72836,0.6724
2.76824,0.6724
2.80813,0.6724
2.84801,0.6724
2.8879,0.6724
2.92779,0.6724
2.96768,0.6724
3.00757,0.6724
3.04747,0.6724
3.08736,0.6724
3.12726,0.6724
3.16716,0.6724
3.20706,0.6724
3.24696,0.6724
3.28686,0.6724
3.32677,0.6724
3.36667,0.6724
3.40658,0.6724
3.44649,0.669091
3.4864,0.665781
3.52631,0.662472
3.56622,0.659162
3.60614,0.655852
3.64605,0.652542
3.68597,0.649232
3.72589,0.645922
3.76581,0.642612
3.80573,0.639301
3.84565,0.635991
3.88557,0.63268
3.9255,0.629369
3.96543,0.626058
4.00536,0.622747
4.04528,0.619436
4.08522,0.616125
4.12515,0.612813
4.16508,0.609502
4.20502,0.60619
4.24495,0.602879
4.28489,0.599567
4.32483,0.596255
4.36477,0.592943
4.40471,0.589631
4.44466,0.586318
4.4846,0.583006
4.52455,0.579694
4.56449,0.576381
4.60444,0.573068
4.64439,0.569755
4.68435,0.566442
4.7243,0.563129
4.76425,0.559816
4.80421,0.556503
4.84416,0.553189
4.88412,0.549876
4.92408,0.546562
4.96404,0.543249
5.004,0.539935
5.04397,0.536621
5.08393,0.533307
5.1239,0.529993
5.16387,0.526678
5.20383,0.523364
5.2438,0.520049
5.28378,0.516735
5.32375,0.51342
5.36372,0.510105
5.4037,0.50679
5.44367,0.503475
5.48365,0.50016
5.52363,0.496845
5.56361,0.49353
5.60359,0.490214
5.64357,0.486899
5.68356,0.483583
5.72354,0.480267
5.76353,0.471687
5.80352,0.463106
5.84351,0.454526
5.8835,0.445944
5.92349,0.437363
5.96348,0.428781
6.00348,0.420199
6.04347,0.411617
6.08347,0.403035
6.12347,0.394452
6.16347,0.385869
6.20347,0.377286
6.24347,0.368702
6.28347,0.360118
6.32348,0.351534
6.36348,0.34295
6.40349,0.334366
6.44349,0.325781
6.4835,0.320513
6.52351,0.315246
6.56352,0.309978
6.60354,0.30471
6.64355,0.299442
6.68357,0.294174
6.72358,0.288906
6.7636,0.283637
6.80362,0.278369
6.84364,0.2731
6.88366,0.267831
6.92368,0.262562
6.9637,0.257293
7.00373,0.252023
7.04375,0.246754
7.08378,0.241484
7.12381,0.236214
7.16384,0.230944
7.20387,0.225674
7.2439,0.220403
7.28393,0.215133
7.32397,0.209862
7.364,0.209862
7.40404,0.209862
7.44407,0.209862
7.48411,0.209862
7.52415,0.209862
7.56419,0.209862
7.60423,0.209862
7.64428,0.209862
7.68432,0.209862
7.72437,0.209862
7.76441,0.209862
7.80446,0.209862
7.84451,0.209862
7.88456,0.209862
7.92461,0.209862
7.96466,0.209862
8.00471,0.209862
8.04477,0.209862
8.08482,0.209862
8.12488,0.209862
8.16494,0.209862
8.205,0.209862
8.24506,0.209862
8.28512,0.209862
8.32518,0.209862
8.36524,0.209862
8.4053,0.209862
8.44537,0.209862
8.48544,0.209862
8.5255,0.209862
8.56557,0.209862
8.60564,0.209862
8.64571,0.209862
8.68578,0.209862
8.72585,0.209862
8.76593,0.209862
8.806,0.209862
8.84608,0.209862
8.88615,0.209862
8.92623,0.209862
8.96631,0.209862
9.00639,0.209862
9.04647,0.209862
9.08655,0.209862
9.12663,0.209862
9.16672,0.209862
9.2068,0.209862
9.24689,0.209862
9.28697,0.209862
9.32706,0.209862
9.36715,0.209862
9.40724,0.209862
9.44733,0.209862
9.48742,0.209862
9.52752,0.209862
9.56761,0.209862
9.6077,0.209862
9.6478,0.209862
9.6879,0.209862
9.72799,0.209862
9.76809,0.209862
9.80819,0.209862
9.84829,0.209862
9.8884,0.209862
9.9285,0.209862
9.9686,0.209862
10.0087,0.209862
10.0488,0.209862
10.0889,0.209862
10.129,0.209862
10.1691,0.209862
10.2092,0.209862
10.2494,0.209862
10.2895,0.209862
10.3296,0.209862
10.3697,0.209862
10.4098,0.209862
10.4499,0.209862
10.49,0.209862
10.5302,0.209862
10.5703,0.209862
10.6104,0.209862
10.6505,0.209862
10.6906,0.209862
10.7307,0.209862
10.7709,0.209862
10.811,0.209862
10.8511,0.209862
10.8912,0.209862
10.9314,0.209862
10.9715,0.209862
11.0116,0.209862
11.0517,0.209862
11.0919,0.209862
11.132,0.209862
11.1721,0.209862
11.2123,0.209862
11.2524,0.209862
11.2925,0.209862
11.3327,0.209862
11.3728,0.209862
11.4129,0.209862
11.4531,0.209862
11.4932,0.209862
11.5334,0.209862
11.5735,0.209862
11.6136,0.209862
11.6538,0.209862
11.6939,0.209862
11.7341,0.209862
11.7742,0.2109
11.8144,0.211937
11.8545,0.212974
11.8946,0.214011
11.9348,0.215049
11.9749,0.216086
12.0151,0.217124
12.0552,0.218161
12.0954,0.219198
12.1355,0.220236
12.1757,0.221273
12.2158,0.222311
12.256,0.223348
12.2962,0.224386
12.3363,0.225424
12.3765,0.226461
12.4166,0.227499
12.4568,0.228536
12.4969,0.229574
12.5371,0.230612
12.5773,0.231649
12.6174,0.232687
12.6576,0.233725
12.6977,0.234763
12.7379,0.2358
12.7781,0.236838
12.8182,0.237876
12.8584,0.238914
12.8986,0.239952
12.9387,0.24099
12.9789,0.242027
13.0191,0.243065
13.0592,0.244103
13.0994,0.245141
13.1396,0.246179
13.1797,0.247217
13.2199,0.248255
13.2601,0.249293
13.3003,0.250331
13.3404,0.251369
13.3806,0.252407
13.4208,0.253445
13.461,0.254483
13.5011,0.255522
13.5413,0.25656
13.5815,0.257598
13.6217,0.258636
13.6619,0.259674
13.702,0.260713
13.7422,0.261751
13.7824,0.262789
13.8226,0.263827
13.8628,0.264866
13.9029,0.265904
13.9431,0.266942
13.9833,0.267981
14.0235,0.269019
14.0637,0.270057
14.1039,0.271096
14.1441,0.272134
14.1842,0.273172
14.2244,0.274211
14.2646,0.275249
14.3048,0.276288
14.345,0.277326
14.3852,0.278365
14.4254,0.279403
14.4656,0.280442
14.5058,0.281481
14.546,0.282519
14.5862,0.283558
14.6264,0.284596
14.6666,0.285635
14.7068,0.286674
14.747,0.287712
14.7872,0.288751
14.8273,0.28979
14.8675,0.290828
14.9077,0.291867
14.9479,0.292906
14.9881,0.293945
15.0284,0.294983
15.0686,0.296022
15.1088,0.297061
15.149,0.2981
15.1892,0.299138
15.2294,0.300177
15.2696,0.301216
15.3098,0.302255
15.35,0.303294
15.3902,0.304333
15.4304,0.305372
15.4706,0.306411
15.5108,0.30745
15.551,0.308489
15.5912,0.309528
15.6314,0.310567
15.6717,0.311606
15.7119,0.312645
15.7521,0.313684
15.7923,0.314723
15.8325,0.315762
15.8727,0.316801
15.9129,0.31784
15.9531,0.318879
15.9934,0.319918
16.0336,0.320957
16.0738,0.321996
16.114,0.323036
16.1542,0.324075
16.1944,0.325114
16.2347,0.326153
16.2749,0.327192
16.3151,0.328231
16.3553,0.329271
16.3955,0.33031
16.4358,0.331349
16.476,0.332388
16.5162,0.333428
16.5564,0.334467
16.5966,0.335506
16.6369,0.336546
16.6771,0.337585
16.7173,0.338624
16.7575,0.339664
16.7978,0.340703
16.838,0.341742
16.8782,0.342782
16.9184,0.343821
16.9587,0.344861
16.9989,0.3459
17.0391,0.34694
17.0793,0.347979
17.1196,0.349018
17.1598,0.350058
17.2,0.351097
17.2403,0.352137
17.2805,0.353176
17.3207,0.354216
17.361,0.355255
17.4012,0.356295
17.4414,0.357335
17.4816,0.358374
17.5219,0.359414
17.5621,0.360453
17.6023,0.361493
17.6426,0.362532
17.6828,0.363572
17.723,0.364612
17.7633,0.365651
17.8035,0.366691
17.8438,0.367731
17.884,0.36877
17.9242,0.36981
17.9645,0.37085
18.0047,0.371889
18.0449,0.372929
18.0852,0.373969
18.1254,0.375008
18.1657,0.376048
18.2059,0.377088
18.2461,0.378128
18.2864,0.379167
18.3266,0.380207
18.3669,0.381247
18.4071,0.382287
18.4473,0.383327
18.4876,0.384366
18.5278,0.385406
18.5681,0.386446
18.6083,0.387486
18.6485,0.388526
18.6888,0.389566
18.729,0.390605
18.7693,0.391645
18.8095,0.392685
18.8498,0.393725
18.89,0.394765
18.9303,0.395805
18.9705,0.396845
19.0107,0.397885
19.051,0.398925
19.0912,0.399965
19.1315,0.401004
19.1717,0.402044
19.212,0.403084
19.2522,0.404124
19.2925,0.405164
19.3327,0.406204
19.373,0.407244
19.4132,0.408284
19.4535,0.409324
19.4937,0.410364
19.534,0.411404
19.5742,0.412444
19.6145,0.413484
19.6547,0.414524
19.695,0.415564
19.7352,0.416604
19.7755,0.417644
19.8157,0.418684
19.856,0.419725
19.8962,0.420765
19.9365,0.421805
19.9767,0.422845
20.017,0.423885
20.0572,0.424925
20.0975,0.425965
20.1377,0.427005
20.178,0.428045
20.2182,0.429085
20.2585,0.430125
20.2987,0.431166
20.339,0.432206
20.3793,0.433246
20.4195,0.434286
20.4598,0.435326
20.5,0.436366
20.5403,0.437406
20.5805,0.438447
20.6208,0.439487
20.661,0.440527
20.7013,0.441567
20.7416,0.442607
20.7818,0.443647
20.8221,0.444688
20.8623,0.445728
20.9026,0.446768
20.9428,0.447808
20.9831,0.448848
21.0234,0.449889
21.0636,0.450929
21.1039,0.451969
21.1441,0.453009
21.1844,0.45405
21.2246,0.45509
21.2649,0.45613
21.3052,0.45717
21.3454,0.45821
21.3857,0.459251
21.4259,0.460291
21.4662,0.461331
21.5064,0.462371
21.5467,0.463412
21.587,0.464452
21.6272,0.465492
21.6675,0.466533
21.7077,0.467573
21.748,0.468613
21.7883,0.469653
21.8285,0.470694
21.8688,0.471734
21.909,0.472774
21.9493,0.473814
21.9896,0.474855
22.0298,0.475895
22.0701,0.476935
22.1103,0.477976
22.1506,0.479016
22.1909,0.480056
22.2311,0.481096
22.2714,0.482137
22.3116,0.483177
22.3519,0.484217
22.3922,0.485258
22.4324,0.486298
22.4727,0.487338
22.5129,0.488379
22.5532,0.489419
22.5935,0.490459
22.6337,0.491499
22.674,0.49254
22.7143,0.49358
22.7545,0.49462
22.7948,0.495661
22.835,0.496701
22.8753,0.497741
22.9156,0.498782
22.9558,0.499822
22.9961,0.500862
23.0363,0.501903
23.0766,0.502943
23.1169,0.503983
23.1579,0.505024
23.2004,0.506102
23.2445,0.507221
23.2902,0.508381
23.3376,0.509583
23.3866,0.510829
23.4375,0.51212
23.4901,0.513456
23.5446,0.51484
23.601,0.516272
23.6594,0.517755
23.7197,0.519288
23.7821,0.520873
23.8466,0.522513
23.9133,0.524207
23.9821,0.525957
24.0532,0.527764
24.1265,0.52963
24.2022,0.531556
24.2803,0.533542
24.3608,0.53559
24.4437,0.537701
24.5291,0.539875
24.617,0.542114
24.7075,0.544419
24.8006,0.546791
24.8963,0.549229
24.9946,0.551735
25.0955,0.554309
25.1992,0.556953
25.3055,0.559665
25.4145,0.562447
25.5262,0.565298
25.6406,0.568219
25.7576,0.571209
25.8774,0.574268
25.9997,0.577396
26.1248,0.580593
26.2524,0.583857
26.3826,0.587188
26.5153,0.590585
26.6505,0.594047
26.7881,0.597572
26.9281,0.60116
27.0704,0.604808
27.215,0.608514
27.3617,0.612277
27.5105,0.616095
27.6612,0.619966
27.8139,0.623886
27.9683,0.627854
28.1244,0.631867
28.2821,0.635922
28.4412,0.640015
28.6016,0.644145
28.7633,0.648306
28.926,0.652498
29.0896,0.656715
29.254,0.660954
29.4191,0.665212
29.5847,0.669486
29.7507,0.67377
29.9169,0.678062
0.0198879,0.702617
0.0596644,0.702617
0.0994427,0.702617
0.139223,0.702617
0.179004,0.702617
0.218787,0.702617
0.258572,0.702617
0.298359,0.702617
0.338147,0.702617
0.377937,0.702617
0.417728,0.702617
0.457521,0.702617
0.497316,0.702617
0.537113,0.702617
0.576911,0.702617
0.61671,0.702617
0.656512,0.702617
0.696315,0.702617
0.736119,0.702617
0.775925,0.702617
0.815733,0.702617
0.855543,0.702617
0.895354,0.702617
0.935166,0.702617
0.974981,0.702617
1.0148,0.702617
1.05461,0.702617
1.09443,0.702617
1.13425,0.702617
1.17408,0.702617
1.2139,0.702617
1.25373,0.702617
1.29355,0.702617
1.33338,0.702617
1.37321,0.702617
1.41304,0.702617
1.45288,0.702617
1.49271,0.702617
1.53255,0.702617
1.57239,0.702617
1.61223,0.702617
1.65207,0.702617
1.69191,0.702617
1.73175,0.702617
1.7716,0.702617
1.81145,0.702617
1.8513,0.702617
1.89115,0.702617
1.931,0.702617
1.97085,0.702617
2.01071,0.702617
2.05056,0.702617
2.09042,0.702617
2.13028,0.702617
2.17014,0.702617
2.21001,0.702617
2.24987,0.702617
2.28974,0.702617
2.3296,0.702617
2.36947,0.702617
2.40934,0.702617
2.44921,0.702617
2.48909,0.702617
2.52896,0.702617
2.56884,0.702617
2.60872,0.702617
2.64859,0.702617
2.68848,0.702617
2.72836,0.702617
2.76824,0.702617
2.80813,0.702617
2.84801,0.702617
2.8879,0.702617
2.92779,0.702617
2.96768,0.702617
3.00757,0.702617
3.04747,0.702617
3.08736,0.702617
3.12726,0.702617
3.16716,0.702617
3.20706,0.702617
3.24696,0.702617
3.28686,0.702617
3.32677,0.702617
3.36667,0.702617
3.40658,0.702617
3.44649,0.699061
3.4864,0.695505
3.52631,0.691949
3.56622,0.688392
3.60614,0.684836
3.64605,0.68128
3.68597,0.677723
3.72589,0.674166
3.76581,0.670609
3.80573,0.667052
3.84565,0.663495
3.88557,0.659938
3.9255,0.656381
3.96543,0.652823
4.00536,0.649266
4.04528,0.645708
4.08522,0.64215
4.12515,0.638592
4.16508,0.635034
4.20502,0.631476
4.24495,0.627917
4.28489,0.624359
4.32483,0.6208
4.36477,0.617242
4.40471,0.613683
4.44466,0.610124
4.4846,0.606565
4.52455,0.603006
4.56449,0.599446
4.60444,0.595887
4.64439,0.592327
4.68435,0.588768
4.7243,0.585208
4.76425,0.581648
4.80421,0.578088
4.84416,0.574528
4.88412,0.570967
4.92408,0.567407
4.96404,0.563847
5.004,0.560286
5.04397,0.556725
5.08393,0.553164
5.1239,0.549603
5.16387,0.546042
5.20383,0.542481
5.2438,0.53892
5.28378,0.535358
5.32375,0.531797
5.36372,0.528235
5.4037,0.524673
5.44367,0.521111
5.48365,0.517549
5.52363,0.513987
5.56361,0.510425
5.60359,0.506863
5.64357,0.5033
5.68356,0.499737
5.72354,0.496175
5.76353,0.487452
5.80352,0.478728
5.84351,0.470005
5.8835,0.461281
5.92349,0.452556
5.96348,0.443832
6.00348,0.435107
6.04347,0.426382
6.08347,0.417657
6.12347,0.408931
6.16347,0.400205
6.20347,0.391479
6.24347,0.382753
6.28347,0.374026
6.32348,0.365299
6.36348,0.356572
6.40349,0.347845
6.44349,0.339117
6.4835,0.333954
6.52351,0.32879
6.56352,0.323627
6.60354,0.318463
6.64355,0.313299
6.68357,0.308135
6.72358,0.302971
6.7636,0.297807
6.80362,0.292643
6.84364,0.287478
6.88366,0.282313
6.92368,0.277149
6.9637,0.271983
7.00373,0.266818
7.04375,0.261653
7.08378,0.256487
7.12381,0.251322
7.16384,0.246156
7.20387,0.24099
7.2439,0.235824
7.28393,0.230658
7.32397,0.225491
7.364,0.225491
7.40404,0.225491
7.44407,0.225491
7.48411,0.225491
7.52415,0.225491
7.56419,0.225491
7.60423,0.225491
7.64428,0.225491
7.68432,0.225491
7.72437,0.225491
7.76441,0.225491
7.80446,0.225491
7.84451,0.225491
7.88456,0.225491
7.92461,0.225491
7.96466,0.225491
8.00471,0.225491
8.04477,0.225491
8.08482,0.225491
8.12488,0.225491
8.16494,0.225491
8.205,0.225491
8.24506,0.225491
8.28512,0.225491
8.32518,0.225491
8.36524,0.225491
8.4053,0.225491
8.44537,0.225491
8.48544,0.225491
8.5255,0.225491
8.56557,0.225491
8.60564,0.225491
8.64571,0.225491
8.68578,0.225491
8.72585,0.225491
8.76593,0.225491
8.806,0.225491
8.84608,0.225491
8.88615,0.225491
8.92623,0.225491
8.96631,0.225491
9.00639,0.225491
9.04647,0.225491
9.08655,0.225491
9.12663,0.225491
9.16672,0.225491
9.2068,0.225491
9.24689,0.225491
9.28697,0.225491
9.32706,0.225491
9.36715,0.225491
9.40724,0.225491
9.44733,0.225491
9.48742,0.225491
9.52752,0.225491
9.56761,0.225491
9.6077,0.225491
9.6478,0.225491
9.6879,0.225491
9.72799,0.225491
9.76809,0.225491
9.80819,0.225491
9.84829,0.225491
9.8884,0.225491
9.9285,0.225491
9.9686,0.225491
10.0087,0.225491
10.0488,0.225491
10.0889,0.225491
10.129,0.225491
10.1691,0.225491
10.2092,0.225491
10.2494,0.225491
10.2895,0.225491
10.3296,0.225491
10.3697,0.225491
10.4098,0.225491
10.4499,0.225491
10.49,0.225491
10.5302,0.225491
10.5703,0.225491
10.6104,0.225491
10.6505,0.225491
10.6906,0.225491
10.7307,0.225491
10.7709,0.225491
10.811,0.225491
10.8511,0.225491
10.8912,0.225491
10.9314,0.225491
10.9715,0.225491
11.0116,0.225491
11.0517,0.225491
11.0919,0.225491
11.132,0.225491
11.1721,0.225491
11.2123,0.225491
11.2524,0.225491
11.2925,0.225491
11.3327,0.225491
11.3728,0.225491
11.4129,0.225491
11.4531,0.225491
11.4932,0.225491
11.5334,0.225491
11.5735,0.225491
11.6136,0.225491
11.6538,0.225491
11.6939,0.225491
11.7341,0.225491
11.7742,0.226606
11.8144,0.22772
11.8545,0.228835
11.8946,0.22995
11.9348,0.231064
11.9749,0.232179
12.0151,0.233294
12.0552,0.234408
12.0954,0.235523
12.1355,0.236638
12.1757,0.237752
12.2158,0.238867
12.256,0.239982
12.2962,0.241097
12.3363,0.242212
12.3765,0.243326
12.4166,0.244441
12.4568,0.245556
12.4969,0.246671
12.5371,0.247786
12.5773,0.248901
12.6174,0.250016
12.6576,0.251131
12.6977,0.252246
12.7379,0.253361
12.7781,0.254476
12.8182,0.255591
12.8584,0.256706
12.8986,0.257822
12.9387,0.258937
12.9789,0.260052
13.0191,0.261167
13.0592,0.262282
13.0994,0.263398
13.1396,0.264513
13.1797,0.265628
13.2199,0.266743
13.2601,0.267859
13.3003,0.268974
13.3404,0.270089
13.3806,0.271205
13.4208,0.27232
13.461,0.273436
13.5011,0.274551
13.5413,0.275667
13.5815,0.276782
13.6217,0.277898
13.6619,0.279013
13.702,0.280129
13.7422,0.281244
13.7824,0.28236
13.8226,0.283475
13.8628,0.284591
13.9029,0.285707
13.9431,0.286822
13.9833,0.287938
14.0235,0.289054
14.0637,0.290169
14.1039,0.291285
14.1441,0.292401
14.1842,0.293517
14.2244,0.294632
14.2646,0.295748
14.3048,0.296864
14.345,0.29798
14.3852,0.299096
14.4254,0.300211
14.4656,0.301327
14.5058,0.302443
14.546,0.303559
14.5862,0.304675
14.6264,0.305791
14.6666,0.306907
14.7068,0.308023
14.747,0.309139
14.7872,0.310255
14.8273,0.311371
14.8675,0.312487
14.9077,0.313603
14.9479,0.314719
14.9881,0.315835
15.0284,0.316952
15.0686,0.318068
15.1088,0.319184
15.149,0.3203
15.1892,0.321416
15.2294,0.322532
15.2696,0.323649
15.3098,0.324765
15.35,0.325881
15.3902,0.326997
15.4304,0.328114
15.4706,0.32923
15.5108,0.330346
15.551,0.331463
15.5912,0.332579
15.6314,0.333695
15.6717,0.334812
15.7119,0.335928
15.7521,0.337045
15.7923,0.338161
15.8325,0.339277
15.8727,0.340394
15.9129,0.34151
15.9531,0.342627
15.9934,0.343743
16.0336,0.34486
16.0738,0.345976
16.114,0.347093
16.1542,0.34821
16.1944,0.349326
16.2347,0.350443
16.2749,0.351559
16.3151,0.352676
16.3553,0.353793
16.3955,0.354909
16.4358,0.356026
16.476,0.357142
16.5162,0.358259
16.5564,0.359376
16.5966,0.360493
16.6369,0.361609
16.6771,0.362726
16.7173,0.363843
16.7575,0.36496
16.7978,0.366076
16.838,0.367193
16.8782,0.36831
16.9184,0.369427
16.9587,0.370544
16.9989,0.37166
17.0391,0.372777
17.0793,0.373894
17.1196,0.375011
17.1598,0.376128
17.2,0.377245
17.2403,0.378362
17.2805,0.379479
17.3207,0.380595
17.361,0.381712
17.4012,0.382829
17.4414,0.383946
17.4816,0.385063
17.5219,0.38618
17.5621,0.387297
17.6023,0.388414
17.6426,0.389531
17.6828,0.390648
17.723,0.391765
17.7633,0.392883
17.8035,0.394
17.8438,0.395117
17.884,0.396234
17.9242,0.397351
17.9645,0.398468
18.0047,0.399585
18.0449,0.400702
18.0852,0.401819
18.1254,0.402937
18.1657,0.404054
18.2059,0.405171
18.2461,0.406288
18.2864,0.407405
18.3266,0.408522
18.3669,0.40964
18.4071,0.410757
18.4473,0.411874
18.4876,0.412991
18.5278,0.414109
18.5681,0.415226
18.6083,0.416343
18.6485,0.41746
18.6888,0.418578
18.729,0.419695
18.7693,0.420812
18.8095,0.42193
18.8498,0.423047
18.89,0.424164
18.9303,0.425282
18.9705,0.426399
19.0107,0.427516
19.051,0.428634
19.0912,0.429751
19.1315,0.430868
19.1717,0.431986
19.212,0.433103
19.2522,0.434221
19.2925,0.435338
19.3327,0.436456
19.373,0.437573
19.4132,0.43869
19.4535,0.439808
19.4937,0.440925
19.534,0.442043
19.5742,0.44316
19.6145,0.444278
19.6547,0.445395
19.695,0.446513
19.7352,0.44763
19.7755,0.448748
19.8157,0.449865
19.856,0.450983
19.8962,0.4521
19.9365,0.453218
19.9767,0.454335
20.017,0.455453
20.0572,0.45657
20.0975,0.457688
20.1377,0.458806
20.178,0.459923
20.2182,0.461041
20.2585,0.462158
20.2987,0.463276
20.339,0.464393
20.3793,0.465511
20.4195,0.466629
20.4598,0.467746
20.5,0.468864
20.5403,0.469981
20.5805,0.471099
20.6208,0.472217
20.661,0.473334
20.7013,0.474452
20.7416,0.47557
20.7818,0.476687
20.8221,0.477805
20.8623,0.478923
20.9026,0.48004
20.9428,0.481158
20.9831,0.482276
21.0234,0.483393
21.0636,0.484511
21.1039,0.485629
21.1441,0.486746
21.1844,0.487864
21.2246,0.488982
21.2649,0.490099
21.3052,0.491217
21.3454,0.492335
21.3857,0.493453
21.4259,0.49457
21.4662,0.495688
21.5064,0.496806
21.5467,0.497923
21.587,0.499041
21.6272,0.500159
21.6675,0.501277
21.7077,0.502394
21.748,0.503512
21.7883,0.50463
21.8285,0.505748
21.8688,0.506865
21.909,0.507983
21.9493,0.509101
21.9896,0.510219
22.0298,0.511336
22.0701,0.512454
22.1103,0.513572
22.1506,0.51469
22.1909,0.515807
22.2311,0.516925
22.2714,0.518043
22.3116,0.519161
22.3519,0.520279
22.3922,0.521396
22.4324,0.522514
22.4727,0.523632
22.5129,0.52475
22.5532,0.525867
22.5935,0.526985
22.6337,0.528103
22.674,0.529221
22.7143,0.530339
22.7545,0.531456
22.7948,0.532574
22.835,0.533692
22.8753,0.53481
22.9156,0.535928
22.9558,0.537045
22.9961,0.538163
23.0363,0.539281
23.0766,0.540399
23.1169,0.541516
23.1579,0.542634
23.2004,0.543794
23.2445,0.544996
23.2902,0.546242
23.3376,0.547534
23.3866,0.548872
23.4375,0.550259
23.4901,0.551695
23.5446,0.553182
23.601,0.554721
23.6594,0.556313
23.7197,0.557961
23.7821,0.559665
23.8466,0.561426
23.9133,0.563246
23.9821,0.565127
24.0532,0.567069
24.1265,0.569073
24.2022,0.571142
24.2803,0.573276
24.3608,0.575477
24.4437,0.577745
24.5291,0.580081
24.617,0.582487
24.7075,0.584964
24.8006,0.587512
24.8963,0.590132
24.9946,0.592824
25.0955,0.595591
25.1992,0.598431
25.3055,0.601345
25.4145,0.604334
25.5262,0.607397
25.6406,0.610536
25.7576,0.613749
25.8774,0.617036
25.9997,0.620397
26.1248,0.623832
26.2524,0.627339
26.3826,0.630918
26.5153,0.634568
26.6505,0.638288
26.7881,0.642076
26.9281,0.64593
27.0704,0.64985
27.215,0.653832
27.3617,0.657876
27.5105,0.661978
27.6612,0.666137
27.8139,0.670349
27.9683,0.674613
28.1244,0.678924
28.2821,0.683281
28.4412,0.687679
28.6016,0.692116
28.7633,0.696588
28.926,0.701091
29.0896,0.705622
29.254,0.710178
29.4191,0.714753
29.5847,0.719344
29.7507,0.723948
29.9169,0.72856
0.0198879,0.73285
0.0596644,0.73285
0.0994427,0.73285
0.139223,0.73285
0.179004,0.73285
0.218787,0.73285
0.258572,0.73285
0.298359,0.73285
0.338147,0.73285
0.377937,0.73285
0.417728,0.73285
0.457521,0.73285
0.497316,0.73285
0.537113,0.73285
0.576911,0.73285
0.61671,0.73285
0.656512,0.73285
0.696315,0.73285
0.736119,0.73285
0.775925,0.73285
0.815733,0.73285
0.855543,0.73285
0.895354,0.73285
0.935166,0.73285
0.974981,0.73285
1.0148,0.73285
1.05461,0.73285
1.09443,0.73285
1.13425,0.73285
1.17408,0.73285
1.2139,0.73285
1.25373,0.73285
1.29355,0.73285
1.33338,0.73285
1.37321,0.73285
1.41304,0.73285
1.45288,0.73285
1.49271,0.73285
1.53255,0.73285
1.57239,0.73285
1.61223,0.73285
1.65207,0.73285
1.69191,0.73285
1.73175,0.73285
1.7716,0.73285
1.81145,0.73285
1.8513,0.73285
1.89115,0.73285
1.931,0.73285
1.97085,0.73285
2.01071,0.73285
2.05056,0.73285
2.09042,0.73285
2.13028,0.73285
2.17014,0.73285
2.21001,0.73285
2.24987,0.73285
2.28974,0.73285
2.3296,0.73285
2.36947,0.73285
2.40934,0.73285
2.44921,0.73285
2.48909,0.73285
2.52896,0.73285
2.56884,0.73285
2.60872,0.73285
2.64859,0.73285
2.68848,0.73285
2.72836,0.73285
2.76824,0.73285
2.80813,0.73285
2.84801,0.73285
2.8879,0.73285
2.92779,0.73285
2.96768,0.73285
3.00757,0.73285
3.04747,0.73285
3.08736,0.73285
3.12726,0.73285
3.16716,0.73285
3.20706,0.73285
3.24696,0.73285
3.28686,0.73285
3.32677,0.73285
3.36667,0.73285
3.40658,0.73285
3.44649,0.729048
3.4864,0.725245
3.52631,0.721443
3.56622,0.71764
3.60614,0.713837
3.64605,0.710034
3.68597,0.70623
3.72589,0.702427
3.76581,0.698623
3.80573,0.69482
3.84565,0.691016
3.88557,0.687212
3.9255,0.683408
3.96543,0.679604
4.00536,0.675799
4.04528,0.671995
4.08522,0.66819
4.12515,0.664386
4.16508,0.660581
4.20502,0.656776
4.24495,0.652971
4.28489,0.649165
4.32483,0.64536
4.36477,0.641554
4.40471,0.637749
4.44466,0.633943
4.4846,0.630137
4.52455,0.626331
4.56449,0.622525
4.60444,0.618719
4.64439,0.614912
4.68435,0.611106
4.7243,0.607299
4.76425,0.603492
4.80421,0.599685
4.84416,0.595878
4.88412,0.592071
4.92408,0.588264
4.96404,0.584456
5.004,0.580649
5.04397,0.576841
5.08393,0.573033
5.1239,0.569225
5.16387,0.565417
5.20383,0.561609
5.2438,0.557801
5.28378,0.553992
5.32375,0.550184
5.36372,0.546375
5.4037,0.542566
5.44367,0.538757
5.48365,0.534948
5.52363,0.531139
5.56361,0.52733
5.60359,0.52352
5.64357,0.519711
5.68356,0.515901
5.72354,0.512091
5.76353,0.503225
5.80352,0.494359
5.84351,0.485493
5.8835,0.476626
5.92349,0.467759
5.96348,0.458891
6.00348,0.450023
6.04347,0.441155
6.08347,0.432287
6.12347,0.423419
6.16347,0.41455
6.20347,0.405681
6.24347,0.396812
6.28347,0.387942
6.32348,0.379072
6.36348,0.370202
6.40349,0.361331
6.44349,0.352461
6.4835,0.347402
6.52351,0.342343
6.56352,0.337284
6.60354,0.332224
6.64355,0.327165
6.68357,0.322105
6.72358,0.317045
6.7636,0.311985
6.80362,0.306925
6.84364,0.301865
6.88366,0.296804
6.92368,0.291744
6.9637,0.286683
7.00373,0.281622
7.04375,0.276561
7.08378,0.2715
7.12381,0.266438
7.16384,0.261377
7.20387,0.256315
7.2439,0.251253
7.28393,0.246192
7.32397,0.241129
7.364,0.241129
7.40404,0.241129
7.44407,0.241129
7.48411,0.241129
7.52415,0.241129
7.56419,0.241129
7.60423,0.241129
7.64428,0.241129
7.68432,0.241129
7.72437,0.241129
7.76441,0.241129
7.80446,0.241129
7.84451,0.241129
7.88456,0.241129
7.92461,0.241129
7.96466,0.241129
8.00471,0.241129
8.04477,0.241129
8.08482,0.241129
8.12488,0.241129
8.16494,0.241129
8.205,0.241129
8.24506,0.241129
8.28512,0.241129
8.32518,0.241129
8.36524,0.241129
8.4053,0.241129
8.44537,0.241129
8.48544,0.241129
8.5255,0.241129
8.56557,0.241129
8.60564,0.241129
8.64571,0.241129
8.68578,0.241129
8.72585,0.241129
8.76593,0.241129
8.806,0.241129
8.84608,0.241129
8.88615,0.241129
8.92623,0.241129
8.96631,0.241129
9.00639,0.241129
9.04647,0.241129
9.08655,0.241129
9.12663,0.241129
9.16672,0.241129
9.2068,0.241129
9.24689,0.241129
9.28697,0.241129
9.32706,0.241129
9.36715,0.241129
9.40724,0.241129
9.44733,0.241129
9.48742,0.241129
9.52752,0.241129
9.56761,0.241129
9.6077,0.241129
9.6478,0.241129
9.6879,0.241129
9.72799,0.241129
9.76809,0.241129
9.80819,0.241129
9.84829,0.241129
9.8884,0.241129
9.9285,0.241129
9.9686,0.241129
10.0087,0.241129
10.0488,0.241129
10.0889,0.241129
10.129,0.241129
10.1691,0.241129
10.2092,0.241129
10.2494,0.241129
10.2895,0.241129
10.3296,0.241129
10.3697,0.241129
10.4098,0.241129
10.4499,0.241129
10.49,0.241129
10.5302,0.241129
10.5703,0.241129
10.6104,0.241129
10.6505,0.241129
10.6906,0.241129
10.7307,0.241129
10.7709,0.241129
10.811,0.241129
10.8511,0.241129
10.8912,0.241129
10.9314,0.241129
10.9715,0.241129
11.0116,0.241129
11.0517,0.241129
11.0919,0.241129
11.132,0.241129
11.1721,0.241129
11.2123,0.241129
11.2524,0.241129
11.2925,0.241129
11.3327,0.241129
11.3728,0.241129
11.4129,0.241129
11.4531,0.241129
11.4932,0.241129
11.5334,0.241129
11.5735,0.241129
11.6136,0.241129
11.6538,0.241129
11.6939,0.241129
11.7341,0.241129
11.7742,0.242321
11.8144,0.243513
11.8545,0.244705
11.8946,0.245897
11.9348,0.247089
11.9749,0.248281
12.0151,0.249473
12.0552,0.250665
12.0954,0.251857
12.1355,0.253049
12.1757,0.254241
12.2158,0.255433
12.256,0.256625
12.2962,0.257817
12.3363,0.259009
12.3765,0.260201
12.4166,0.261394
12.4568,0.262586
12.4969,0.263778
12.5371,0.26497
12.5773,0.266163
12.6174,0.267355
12.6576,0.268547
12.6977,0.26974
12.7379,0.270932
12.7781,0.272124
12.8182,0.273317
12.8584,0.274509
12.8986,0.275702
12.9387,0.276894
12.9789,0.278087
13.0191,0.279279
13.0592,0.280472
13.0994,0.281665
13.1396,0.282857
13.1797,0.28405
13.2199,0.285242
13.2601,0.286435
13.3003,0.287628
13.3404,0.28882
13.3806,0.290013
13.4208,0.291206
13.461,0.292399
13.5011,0.293592
13.5413,0.294784
13.5815,0.295977
13.6217,0.29717
13.6619,0.298363
13.702,0.299556
13.7422,0.300749
13.7824,0.301942
13.8226,0.303135
13.8628,0.304328
13.9029,0.305521
13.9431,0.306714
13.9833,0.307907
14.0235,0.3091
14.0637,0.310293
14.1039,0.311486
14.1441,0.312679
14.1842,0.313872
14.2244,0.315065
14.2646,0.316259
14.3048,0.317452
14.345,0.318645
14.3852,0.319838
14.4254,0.321031
14.4656,0.322225
14.5058,0.323418
14.546,0.324611
14.5862,0.325805
14.6264,0.326998
14.6666,0.328191
14.7068,0.329385
14.747,0.330578
14.7872,0.331772
14.8273,0.332965
14.8675,0.334159
14.9077,0.335352
14.9479,0.336545
14.9881,0.337739
15.0284,0.338933
15.0686,0.340126
15.1088,0.34132
15.149,0.342513
15.1892,0.343707
15.2294,0.3449
15.2696,0.346094
15.3098,0.347288
15.35,0.348481
15.3902,0.349675
15.4304,0.350869
15.4706,0.352063
15.5108,0.353256
15.551,0.35445
15.5912,0.355644
15.6314,0.356838
15.6717,0.358031
15.7119,0.359225
15.7521,0.360419
15.7923,0.361613
15.8325,0.362807
15.8727,0.364001
15.9129,0.365195
15.9531,0.366388
15.9934,0.367582
16.0336,0.368776
16.0738,0.36997
16.114,0.371164
16.1542,0.372358
16.1944,0.373552
16.2347,0.374746
16.2749,0.37594
16.3151,0.377134
16.3553,0.378328
16.3955,0.379523
16.4358,0.380717
16.476,0.381911
16.5162,0.383105
16.5564,0.384299
16.5966,0.385493
16.6369,0.386687
16.6771,0.387881
16.7173,0.389076
16.7575,0.39027
16.7978,0.391464
16.838,0.392658
16.8782,0.393853
16.9184,0.395047
16.9587,0.396241
16.9989,0.397435
17.0391,0.39863
17.0793,0.399824
17.1196,0.401018
17.1598,0.402213
17.2,0.403407
17.2403,0.404601
17.2805,0.405796
17.3207,0.40699
17.361,0.408185
17.4012,0.409379
17.4414,0.410573
17.4816,0.411768
17.5219,0.412962
17.5621,0.414157
17.6023,0.415351
17.6426,0.416546
17.6828,0.41774
17.723,0.418935
17.7633,0.420129
17.8035,0.421324
17.8438,0.422518
17.884,0.423713
17.9242,0.424908
17.9645,0.426102
18.0047,0.427297
18.0449,0.428491
18.0852,0.429686
18.1254,0.430881
18.1657,0.432075
18.2059,0.43327
18.2461,0.434465
18.2864,0.435659
18.3266,0.436854
18.3669,0.438049
18.4071,0.439243
18.4473,0.440438
18.4876,0.441633
18.5278,0.442828
18.5681,0.444022
18.6083,0.445217
18.6485,0.446412
18.6888,0.447607
18.729,0.448801
18.7693,0.449996
18.8095,0.451191
18.8498,0.452386
18.89,0.453581
18.9303,0.454775
18.9705,0.45597
19.0107,0.457165
19.051,0.45836
19.0912,0.459555
19.1315,0.46075
19.1717,0.461945
19.212,0.463139
19.2522,0.464334
19.2925,0.465529
19.3327,0.466724
19.373,0.467919
19.4132,0.469114
19.4535,0.470309
19.4937,0.471504
19.534,0.472699
19.5742,0.473894
19.6145,0.475089
19.6547,0.476284
19.695,0.477479
19.7352,0.478674
19.7755,0.479869
19.8157,0.481064
19.856,0.482259
19.8962,0.483454
19.9365,0.484649
19.9767,0.485844
20.017,0.487039
20.0572,0.488234
20.0975,0.489429
20.1377,0.490624
20.178,0.491819
20.2182,0.493014
20.2585,0.494209
20.2987,0.495405
20.339,0.4966
20.3793,0.497795
20.4195,0.49899
20.4598,0.500185
20.5,0.50138
20.5403,0.502575
20.5805,0.50377
20.6208,0.504965
20.661,0.506161
20.7013,0.507356
20.7416,0.508551
20.7818,0.509746
20.8221,0.510941
20.8623,0.512136
20.9026,0.513332
20.9428,0.514527
20.9831,0.515722
21.0234,0.516917
21.0636,0.518112
21.1039,0.519308
21.1441,0.520503
21.1844,0.521698
21.2246,0.522893
21.2649,0.524088
21.3052,0.525284
21.3454,0.526479
21.3857,0.527674
21.4259,0.528869
21.4662,0.530065
21.5064,0.53126
21.5467,0.532455
21.587,0.53365
21.6272,0.534846
21.6675,0.536041
21.7077,0.537236
21.748,0.538431
21.7883,0.539627
21.8285,0.540822
21.8688,0.542017
21.909,0.543212
21.9493,0.544408
21.9896,0.545603
22.0298,0.546798
22.0701,0.547993
22.1103,0.549189
22.1506,0.550384
22.1909,0.551579
22.2311,0.552775
22.2714,0.55397
22.3116,0.555165
22.3519,0.55636
22.3922,0.557556
22.4324,0.558751
22.4727,0.559946
22.5129,0.561142
22.5532,0.562337
22.5935,0.563532
22.6337,0.564728
22.674,0.565923
22.7143,0.567118
22.7545,0.568313
22.7948,0.569509
22.835,0.570704
22.8753,0.571899
22.9156,0.573095
22.9558,0.57429
22.9961,0.575485
23.0363,0.576681
23.0766,0.577876
23.1169,0.579071
23.1579,0.580267
23.2004,0.581506
23.2445,0.582792
23.2902,0.584124
23.3376,0.585506
23.3866,0.586937
23.4375,0.58842
23.4901,0.589956
23.5446,0.591546
23.601,0.593191
23.6594,0.594894
23.7197,0.596656
23.7821,0.598478
23.8466,0.600361
23.9133,0.602308
23.9821,0.604319
24.0532,0.606395
24.1265,0.608539
24.2022,0.610752
24.2803,0.613034
24.3608,0.615387
24.4437,0.617812
24.5291,0.620311
24.617,0.622883
24.7075,0.625532
24.8006,0.628256
24.8963,0.631058
24.9946,0.633938
25.0955,0.636895
25.1992,0.639933
25.3055,0.643049
25.4145,0.646245
25.5262,0.649521
25.6406,0.652877
25.7576,0.656313
25.8774,0.659828
25.9997,0.663422
26.1248,0.667095
26.2524,0.670846
26.3826,0.674673
26.5153,0.678576
26.6505,0.682554
26.7881,0.686604
26.9281,0.690726
27.0704,0.694917
27.215,0.699176
27.3617,0.7035
27.5105,0.707887
27.6612,0.712334
27.8139,0.716839
27.9683,0.721398
28.1244,0.726008
28.2821,0.730667
28.4412,0.73537
28.6016,0.740115
28.7633,0.744897
28.926,0.749713
29.0896,0.754558
29.254,0.759429
29.4191,0.764322
29.5847,0.769232
29.7507,0.774155
29.9169,0.779086
0.0198879,0.7631
0.0596644,0.7631
0.0994427,0.7631
0.139223,0.7631
0.179004,0.7631
0.218787,0.7631
0.258572,0.7631
0.298359,0.7631
0.338147,0.7631
0.377937,0.7631
0.417728,0.7631
0.457521,0.7631
0.497316,0.7631
0.537113,0.7631
0.576911,0.7631
0.61671,0.7631
0.656512,0.7631
0.696315,0.7631
0.736119,0.7631
0.775925,0.7631
0.815733,0.7631
0.855543,0.7631
0.895354,0.7631
0.935166,0.7631
0.974981,0.7631
1.0148,0.7631
1.05461,0.7631
1.09443,0.7631
1.13425,0.7631
1.17408,0.7631
1.2139,0.7631
1.25373,0.7631
1.29355,0.7631
1.33338,0.7631
1.37321,0.7631
1.41304,0.7631
1.45288,0.7631
1.49271,0.7631
1.53255,0.7631
1.57239,0.7631
1.61223,0.7631
1.65207,0.7631
1.69191,0.7631
1.73175,0.7631
1.7716,0.7631
1.81145,0.7631
1.8513,0.7631
1.89115,0.7631
1.931,0.7631
1.97085,0.7631
2.01071,0.7631
2.05056,0.7631
2.09042,0.7631
2.13028,0.7631
2.17014,0.7631
2.21001,0.7631
2.24987,0.7631
2.28974,0.7631
2.3296,0.7631
2.36947,0.7631
2.40934,0.7631
2.44921,0.7631
2.48909,0.7631
2.52896,0.7631
2.56884,0.7631
2.60872,0.7631
2.64859,0.7631
2.68848,0.7631
2.72836,0.7631
2.76824,0.7631
2.80813,0.7631
2.84801,0.7631
2.8879,0.7631
2.92779,0.7631
2.96768,0.7631
3.00757,0.7631
3.04747,0.7631
3.08736,0.7631
3.12726,0.7631
3.16716,0.7631
3.20706,0.7631
3.24696,0.7631
3.28686,0.7631
3.32677,0.7631
3.36667,0.7631
3.40658,0.7631
3.44649,0.759051
3.4864,0.755002
3.52631,0.750952
3.56622,0.746903
3.60614,0.742853
3.64605,0.738803
3.68597,0.734753
3.72589,0.730703
3.76581,0.726652
3.80573,0.722602
3.84565,0.718551
3.88557,0.714501
3.9255,0.71045
3.96543,0.706399
4.00536,0.702347
4.04528,0.698296
4.08522,0.694245
4.12515,0.690193
4.16508,0.686141
4.20502,0.682089
4.24495,0.678037
4.28489,0.673985
4.32483,0.669933
4.36477,0.66588
4.40471,0.661828
4.44466,0.657775
4.4846,0.653722
4.52455,0.649669
4.56449,0.645616
4.60444,0.641563
4.64439,0.637509
4.68435,0.633456
4.7243,0.629402
4.76425,0.625348
4.80421,0.621294
4.84416,0.61724
4.88412,0.613186
4.92408,0.609132
4.96404,0.605077
5.004,0.601023
5.04397,0.596968
5.08393,0.592913
5.1239,0.588858
5.16387,0.584803
5.20383,0.580747
5.2438,0.576692
5.28378,0.572636
5.32375,0.568581
5.36372,0.564525
5.4037,0.560469
5.44367,0.556413
5.48365,0.552357
5.52363,0.5483
5.56361,0.544244
5.60359,0.540187
5.64357,0.536131
5.68356,0.532074
5.72354,0.528017
5.76353,0.519008
5.80352,0.509998
5.84351,0.500989
5.8835,0.491979
5.92349,0.482969
5.96348,0.473959
6.00348,0.464948
6.04347,0.455937
6.08347,0.446926
6.12347,0.437914
6.16347,0.428902
6.20347,0.41989
6.24347,0.410878
6.28347,0.401865
6.32348,0.392852
6.36348,0.383839
6.40349,0.374826
6.44349,0.365812
6.4835,0.360857
6.52351,0.355902
6.56352,0.350948
6.60354,0.345993
6.64355,0.341037
6.68357,0.336082
6.72358,0.331126
6.7636,0.326171
6.80362,0.321215
6.84364,0.316259
6.88366,0.311303
6.92368,0.306347
6.9637,0.30139
7.00373,0.296434
7.04375,0.291477
7.08378,0.28652
7.12381,0.281563
7.16384,0.276606
7.20387,0.271649
7.2439,0.266691
7.28393,0.261734
7.32397,0.256776
7.364,0.256776
7.40404,0.256776
7.44407,0.256776
7.48411,0.256776
7.52415,0.256776
7.56419,0.256776
7.60423,0.256776
7.64428,0.256776
7.68432,0.256776
7.72437,0.256776
7.76441,0.256776
7.80446,0.256776
7.84451,0.256776
7.88456,0.256776
7.92461,0.256776
7.96466,0.256776
8.00471,0.256776
8.04477,0.256776
8.08482,0.256776
8.12488,0.256776
8.16494,0.256776
8.205,0.256776
8.24506,0.256776
8.28512,0.256776
8.32518,0.256776
8.36524,0.256776
8.4053,0.256776
8.44537,0.256776
8.48544,0.256776
8.5255,0.256776
8.56557,0.256776
8.60564,0.256776
8.64571,0.256776
8.68578,0.256776
8.72585,0.256776
8.76593,0.256776
8.806,0.256776
8.84608,0.256776
8.88615,0.256776
8.92623,0.256776
8.96631,0.256776
9.00639,0.256776
9.04647,0.256776
9.08655,0.256776
9.12663,0.256776
9.16672,0.256776
9.2068,0.256776
9.24689,0.256776
9.28697,0.256776
9.32706,0.256776
9.36715,0.256776
9.40724,0.256776
9.44733,0.256776
9.48742,0.256776
9.52752,0.256776
9.56761,0.256776
9.6077,0.256776
9.6478,0.256776
9.6879,0.256776
9.72799,0.256776
9.76809,0.256776
9.80819,0.256776
9.84829,0.256776
9.8884,0.256776
9.9285,0.256776
9.9686,0.256776
10.0087,0.256776
10.0488,0.256776
10.0889,0.256776
10.129,0.256776
10.1691,0.256776
10.2092,0.256776
10.2494,0.256776
10.2895,0.256776
10.3296,0.256776
10.3697,0.256776
10.4098,0.256776
10.4499,0.256776
10.49,0.256776
10.5302,0.256776
10.5703,0.256776
10.6104,0.256776
10.6505,0.256776
10.6906,0.256776
10.7307,0.256776
10.7709,0.256776
10.811,0.256776
10.8511,0.256776
10.8912,0.256776
10.9314,0.256776
10.9715,0.256776
11.0116,0.256776
11.0517,0.256776
11.0919,0.256776
11.132,0.256776
11.1721,0.256776
11.2123,0.256776
11.2524,0.256776
11.2925,0.256776
11.3327,0.256776
11.3728,0.256776
11.4129,0.256776
11.4531,0.256776
11.4932,0.256776
11.5334,0.256776
11.5735,0.256776
11.6136,0.256776
11.6538,0.256776
11.6939,0.256776
11.7341,0.256776
11.7742,0.258045
11.8144,0.259314
11.8545,0.260584
11.8946,0.261853
11.9348,0.263122
11.9749,0.264391
12.0151,0.265661
12.0552,0.26693
12.0954,0.268199
12.1355,0.269469
12.1757,0.270738
12.2158,0.272008
12.256,0.273277
12.2962,0.274546
12.3363,0.275816
12.3765,0.277086
12.4166,0.278355
12.4568,0.279625
12.4969,0.280894
12.5371,0.282164
12.5773,0.283434
12.6174,0.284703
12.6576,0.285973
12.6977,0.287243
12.7379,0.288512
12.7781,0.289782
12.8182,0.291052
12.8584,0.292322
12.8986,0.293592
12.9387,0.294862
12.9789,0.296131
13.0191,0.297401
13.0592,0.298671
13.0994,0.299941
13.1396,0.301211
13.1797,0.302481
13.2199,0.303751
13.2601,0.305021
13.3003,0.306292
13.3404,0.307562
13.3806,0.308832
13.4208,0.310102
13.461,0.311372
13.5011,0.312642
13.5413,0.313912
13.5815,0.315183
13.6217,0.316453
13.6619,0.317723
13.702,0.318994
13.7422,0.320264
13.7824,0.321534
13.8226,0.322805
13.8628,0.324075
13.9029,0.325345
13.9431,0.326616
13.9833,0.327886
14.0235,0.329157
14.0637,0.330427
14.1039,0.331698
14.1441,0.332968
14.1842,0.334239
14.2244,0.33551
14.2646,0.33678
14.3048,0.338051
14.345,0.339321
14.3852,0.340592
14.4254,0.341863
14.4656,0.343133
14.5058,0.344404
14.546,0.345675
14.5862,0.346946
14.6264,0.348217
14.6666,0.349487
14.7068,0.350758
14.747,0.352029
14.7872,0.3533
14.8273,0.354571
14.8675,0.355842
14.9077,0.357113
14.9479,0.358383
14.9881,0.359654
15.0284,0.360925
15.0686,0.362196
15.1088,0.363467
15.149,0.364738
15.1892,0.36601
15.2294,0.367281
15.2696,0.368552
15.3098,0.369823
15.35,0.371094
15.3902,0.372365
15.4304,0.373636
15.4706,0.374907
15.5108,0.376179
15.551,0.37745
15.5912,0.378721
15.6314,0.379992
15.6717,0.381264
15.7119,0.382535
15.7521,0.383806
15.7923,0.385077
15.8325,0.386349
15.8727,0.38762
15.9129,0.388892
15.9531,0.390163
15.9934,0.391434
16.0336,0.392706
16.0738,0.393977
16.114,0.395249
16.1542,0.39652
16.1944,0.397792
16.2347,0.399063
16.2749,0.400335
16.3151,0.401606
16.3553,0.402878
16.3955,0.404149
16.4358,0.405421
16.476,0.406692
16.5162,0.407964
16.5564,0.409236
16.5966,0.410507
16.6369,0.411779
16.6771,0.413051
16.7173,0.414322
16.7575,0.415594
16.7978,0.416866
16.838,0.418137
16.8782,0.419409
16.9184,0.420681
16.9587,0.421953
16.9989,0.423224
17.0391,0.424496
17.0793,0.425768
17.1196,0.42704
17.1598,0.428312
17.2,0.429584
17.2403,0.430855
17.2805,0.432127
17.3207,0.433399
17.361,0.434671
17.4012,0.435943
17.4414,0.437215
17.4816,0.438487
17.5219,0.439759
17.5621,0.441031
17.6023,0.442303
17.6426,0.443575
17.6828,0.444847
17.723,0.446119
17.7633,0.447391
17.8035,0.448663
17.8438,0.449935
17.884,0.451207
17.9242,0.452479
17.9645,0.453751
18.0047,0.455023
18.0449,0.456296
18.0852,0.457568
18.1254,0.45884
18.1657,0.460112
18.2059,0.461384
18.2461,0.462656
18.2864,0.463929
18.3266,0.465201
18.3669,0.466473
18.4071,0.467745
18.4473,0.469017
18.4876,0.47029
18.5278,0.471562
18.5681,0.472834
18.6083,0.474107
18.6485,0.475379
18.6888,0.476651
18.729,0.477923
18.7693,0.479196
18.8095,0.480468
18.8498,0.48174
18.89,0.483013
18.9303,0.484285
18.9705,0.485558
19.0107,0.48683
19.051,0.488102
19.0912,0.489375
19.1315,0.490647
19.1717,0.49192
19.212,0.493192
19.2522,0.494464
19.2925,0.495737
19.3327,0.497009
19.373,0.498282
19.4132,0.499554
19.4535,0.500827
19.4937,0.502099
19.534,0.503372
19.5742,0.504644
19.6145,0.505917
19.6547,0.507189
19.695,0.508462
19.7352,0.509734
19.7755,0.511007
19.8157,0.512279
19.856,0.513552
19.8962,0.514825
19.9365,0.516097
19.9767,0.51737
20.017,0.518642
20.0572,0.519915
20.0975,0.521188
20.1377,0.52246
20.178,0.523733
20.2182,0.525005
20.2585,0.526278
20.2987,0.527551
20.339,0.528823
20.3793,0.530096
20.4195,0.531369
20.4598,0.532641
20.5,0.533914
20.5403,0.535187
20.5805,0.536459
20.6208,0.537732
20.661,0.539005
20.7013,0.540277
20.7416,0.54155
20.7818,0.542823
20.8221,0.544096
20.8623,0.545368
20.9026,0.546641
20.9428,0.547914
20.9831,0.549186
21.0234,0.550459
21.0636,0.551732
21.1039,0.553005
21.1441,0.554277
21.1844,0.55555
21.2246,0.556823
21.2649,0.558096
21.3052,0.559369
21.3454,0.560641
21.3857,0.561914
21.4259,0.563187
21.4662,0.56446
21.5064,0.565732
21.5467,0.567005
21.587,0.568278
21.6272,0.569551
21.6675,0.570824
21.7077,0.572097
21.748,0.573369
21.7883,0.574642
21.8285,0.575915
21.8688,0.577188
21.909,0.578461
21.9493,0.579733
21.9896,0.581006
22.0298,0.582279
22.0701,0.583552
22.1103,0.584825
22.1506,0.586098
22.1909,0.58737
22.2311,0.588643
22.2714,0.589916
22.3116,0.591189
22.3519,0.592462
22.3922,0.593735
22.4324,0.595008
22.4727,0.59628
22.5129,0.597553
22.5532,0.598826
22.5935,0.600099
22.6337,0.601372
22.674,0.602645
22.7143,0.603918
22.7545,0.605191
22.7948,0.606463
22.835,0.607736
22.8753,0.609009
22.9156,0.610282
22.9558,0.611555
22.9961,0.612828
23.0363,0.614101
23.0766,0.615373
23.1169,0.616646
23.1579,0.617919
23.2004,0.619239
23.2445,0.620608
23.2902,0.622027
23.3376,0.623498
23.3866,0.625023
23.4375,0.626602
23.4901,0.628237
23.5446,0.62993
23.601,0.631683
23.6594,0.633496
23.7197,0.635372
23.7821,0.637312
23.8466,0.639318
23.9133,0.641391
23.9821,0.643532
24.0532,0.645744
24.1265,0.648027
24.2022,0.650382
24.2803,0.652813
24.3608,0.655318
24.4437,0.657901
24.5291,0.660562
24.617,0.663301
24.7075,0.666122
24.8006,0.669023
24.8963,0.672006
24.9946,0.675073
25.0955,0.678223
25.1992,0.681457
25.3055,0.684775
25.4145,0.688179
25.5262,0.691668
25.6406,0.695241
25.7576,0.6989
25.8774,0.702643
25.9997,0.706471
26.1248,0.710382
26.2524,0.714376
26.3826,0.718452
26.5153,0.722608
26.6505,0.726844
26.7881,0.731157
26.9281,0.735546
27.0704,0.74001
27.215,0.744545
27.3617,0.749149
27.5105,0.753821
27.6612,0.758556
27.8139,0.763353
27.9683,0.768208
28.1244,0.773118
28.2821,0.778079
28.4412,0.783088
28.6016,0.78814
28.7633,0.793232
28.926,0.798361
29.0896,0.803521
29.254,0.808708
29.4191,0.813918
29.5847,0.819146
29.7507,0.824388
29.9169,0.82964
0.0198879,0.793366
0.0596644,0.793366
0.0994427,0.793366
0.139223,0.793366
0.179004,0.793366
0.218787,0.793366
0.258572,0.793366
0.298359,0.793366
0.338147,0.793366
0.377937,0.793366
0.417728,0.793366
0.457521,0.793366
0.497316,0.793366
0.537113,0.793366
0.576911,0.793366
0.61671,0.793366
0.656512,0.793366
0.696315,0.793366
0.736119,0.793366
0.775925,0.793366
0.815733,0.793366
0.855543,0.793366
0.895354,0.793366
0.935166,0.793366
0.974981,0.793366
1.0148,0.793366
1.05461,0.793366
1.09443,0.793366
1.13425,0.793366
1.17408,0.793366
1.2139,0.793366
1.25373,0.793366
1.29355,0.793366
1.33338,0.793366
1.37321,0.793366
1.41304,0.793366
1.45288,0.793366
1.49271,0.793366
1.53255,0.793366
1.57239,0.793366
1.61223,0.793366
1.65207,0.793366
1.69191,0.793366
1.73175,0.793366
1.7716,0.793366
1.81145,0.793366
1.8513,0.793366
1.89115,0.793366
1.931,0.793366
1.97085,0.793366
2.01071,0.793366
2.05056,0.793366
2.09042,0.793366
2.13028,0.793366
2.17014,0.793366
2.21001,0.793366
2.24987,0.793366
2.28974,0.793366
2.3296,0.793366
2.36947,0.793366
2.40934,0.793366
2.44921,0.793366
2.48909,0.793366
2.52896,0.793366
2.56884,0.793366
2.60872,0.793366
2.64859,0.793366
2.68848,0.793366
2.72836,0.793366
2.76824,0.793366
2.80813,0.793366
2.84801,0.793366
2.8879,0.793366
2.92779,0.793366
2.96768,0.793366
3.00757,0.793366
3.04747,0.793366
3.08736,0.793366
3.12726,0.793366
3.16716,0.793366
3.20706,0.793366
3.24696,0.793366
3.28686,0.793366
3.32677,0.793366
3.36667,0.793366
3.40658,0.793366
3.44649,0.78907
3.4864,0.784773
3.52631,0.780477
3.56622,0.776181
3.60614,0.771884
3.64605,0.767587
3.68597,0.76329
3.72589,0.758993
3.76581,0.754696
3.80573,0.750398
3.84565,0.746101
3.88557,0.741803
3.9255,0.737505
3.96543,0.733207
4.00536,0.728909
4.04528,0.724611
4.08522,0.720312
4.12515,0.716014
4.16508,0.711715
4.20502,0.707416
4.24495,0.703117
4.28489,0.698818
4.32483,0.694518
4.36477,0.690219
4.40471,0.685919
4.44466,0.681619
4.4846,0.677319
4.52455,0.673019
4.56449,0.668719
4.60444,0.664419
4.64439,0.660118
4.68435,0.655817
4.7243,0.651517
4.76425,0.647216
4.80421,0.642915
4.84416,0.638613
4.88412,0.634312
4.92408,0.63001
4.96404,0.625709
5.004,0.621407
5.04397,0.617105
5.08393,0.612803
5.1239,0.608501
5.16387,0.604198
5.20383,0.599896
5.2438,0.595593
5.28378,0.59129
5.32375,0.586987
5.36372,0.582684
5.4037,0.578381
5.44367,0.574077
5.48365,0.569774
5.52363,0.56547
5.56361,0.561167
5.60359,0.556863
5.64357,0.552559
5.68356,0.548254
5.72354,0.54395
5.76353,0.534798
5.80352,0.525646
5.84351,0.516493
5.8835,0.50734
5.92349,0.498187
5.96348,0.489034
6.00348,0.47988
6.04347,0.470726
6.08347,0.461571
6.12347,0.452417
6.16347,0.443262
6.20347,0.434107
6.24347,0.424951
6.28347,0.415796
6.32348,0.40664
6.36348,0.397483
6.40349,0.388327
6.44349,0.37917
6.4835,0.37432
6.52351,0.369469
6.56352,0.364619
6.60354,0.359768
6.64355,0.354917
6.68357,0.350066
6.72358,0.345215
6.7636,0.340364
6.80362,0.335512
6.84364,0.330661
6.88366,0.325809
6.92368,0.320957
6.9637,0.316105
7.00373,0.311253
7.04375,0.306401
7.08378,0.301548
7.12381,0.296696
7.16384,0.291843
7.20387,0.28699
7.2439,0.282137
7.28393,0.277284
7.32397,0.272431
7.364,0.272431
7.40404,0.272431
7.44407,0.272431
7.48411,0.272431
7.52415,0.272431
7.56419,0.272431
7.60423,0.272431
7.64428,0.272431
7.68432,0.272431
7.72437,0.272431
7.76441,0.272431
7.80446,0.272431
7.84451,0.272431
7.88456,0.272431
7.92461,0.272431
7.96466,0.272431
8.00471,0.272431
8.04477,0.272431
8.08482,0.272431
8.12488,0.272431
8.16494,0.272431
8.205,0.272431
8.24506,0.272431
8.28512,0.272431
8.32518,0.272431
8.36524,0.272431
8.4053,0.272431
8.44537,0.272431
8.48544,0.272431
8.5255,0.272431
8.56557,0.272431
8.60564,0.272431
8.64571,0.272431
8.68578,0.272431
8.72585,0.272431
8.76593,0.272431
8.806,0.272431
8.84608,0.272431
8.88615,0.272431
8.92623,0.272431
8.96631,0.272431
9.00639,0.272431
9.04647,0.272431
9.08655,0.272431
9.12663,0.272431
9.16672,0.272431
9.2068,0.272431
9.24689,0.272431
9.28697,0.272431
9.32706,0.272431
9.36715,0.272431
9.40724,0.272431
9.44733,0.272431
9.48742,0.272431
9.52752,0.272431
9.56761,0.272431
9.6077,0.272431
9.6478,0.272431
9.6879,0.272431
9.72799,0.272431
9.76809,0.272431
9.80819,0.272431
9.84829,0.272431
9.8884,0.272431
9.9285,0.272431
9.9686,0.272431
10.0087,0.272431
10.0488,0.272431
10.0889,0.272431
10.129,0.272431
10.1691,0.272431
10.2092,0.272431
10.2494,0.272431
10.2895,0.272431
10.3296,0.272431
10.3697,0.272431
10.4098,0.272431
10.4499,0.272431
10.49,0.272431
10.5302,0.272431
10.5703,0.272431
10.6104,0.272431
10.6505,0.272431
10.6906,0.272431
10.7307,0.272431
10.7709,0.272431
10.811,0.272431
10.8511,0.272431
10.8912,0.272431
10.9314,0.272431
10.9715,0.272431
11.0116,0.272431
11.0517,0.272431
11.0919,0.272431
11.132,0.272431
11.1721,0.272431
11.2123,0.272431
11.2524,0.272431
11.2925,0.272431
11.3327,0.272431
11.3728,0.272431
11.4129,0.272431
11.4531,0.272431
11.4932,0.272431
11.5334,0.272431
11.5735,0.272431
11.6136,0.272431
11.6538,0.272431
11.6939,0.272431
11.7341,0.272431
11.7742,0.273777
11.8144,0.275124
11.8545,0.27647
11.8946,0.277817
11.9348,0.279163
11.9749,0.28051
12.0151,0.281857
12.0552,0.283203
12.0954,0.28455
12.1355,0.285897
12.1757,0.287244
12.2158,0.288591
12.256,0.289938
12.2962,0.291284
12.3363,0.292631
12.3765,0.293978
12.4166,0.295325
12.4568,0.296672
12.4969,0.298019
12.5371,0.299366
12.5773,0.300713
12.6174,0.30206
12.6576,0.303408
12.6977,0.304755
12.7379,0.306102
12.7781,0.307449
12.8182,0.308796
12.8584,0.310143
12.8986,0.311491
12.9387,0.312838
12.9789,0.314185
13.0191,0.315533
13.0592,0.31688
13.0994,0.318227
13.1396,0.319575
13.1797,0.320922
13.2199,0.32227
13.2601,0.323617
13.3003,0.324965
13.3404,0.326312
13.3806,0.32766
13.4208,0.329007
13.461,0.330355
13.5011,0.331703
13.5413,0.33305
13.5815,0.334398
13.6217,0.335746
13.6619,0.337094
13.702,0.338441
13.7422,0.339789
13.7824,0.341137
13.8226,0.342485
13.8628,0.343833
13.9029,0.34518
13.9431,0.346528
13.9833,0.347876
14.0235,0.349224
14.0637,0.350572
14.1039,0.35192
14.1441,0.353268
14.1842,0.354616
14.2244,0.355964
14.2646,0.357312
14.3048,0.35866
14.345,0.360008
14.3852,0.361357
14.4254,0.362705
14.4656,0.364053
14.5058,0.365401
14.546,0.366749
14.5862,0.368097
14.6264,0.369446
14.6666,0.370794
14.7068,0.372142
14.747,0.373491
14.7872,0.374839
14.8273,0.376187
14.8675,0.377536
14.9077,0.378884
14.9479,0.380233
14.9881,0.381581
15.0284,0.382929
15.0686,0.384278
15.1088,0.385626
15.149,0.386975
15.1892,0.388324
15.2294,0.389672
15.2696,0.391021
15.3098,0.392369
15.35,0.393718
15.3902,0.395067
15.4304,0.396415
15.4706,0.397764
15.5108,0.399113
15.551,0.400461
15.5912,0.40181
15.6314,0.403159
15.6717,0.404508
15.7119,0.405856
15.7521,0.407205
15.7923,0.408554
15.8325,0.409903
15.8727,0.411252
15.9129,0.412601
15.9531,0.413949
15.9934,0.415298
16.0336,0.416647
16.0738,0.417996
16.114,0.419345
16.1542,0.420694
16.1944,0.422043
16.2347,0.423392
16.2749,0.424741
16.3151,0.42609
16.3553,0.427439
16.3955,0.428788
16.4358,0.430138
16.476,0.431487
16.5162,0.432836
16.5564,0.434185
16.5966,0.435534
16.6369,0.436883
16.6771,0.438232
16.7173,0.439582
16.7575,0.440931
16.7978,0.44228
16.838,0.443629
16.8782,0.444979
16.9184,0.446328
16.9587,0.447677
16.9989,0.449027
17.0391,0.450376
17.0793,0.451725
17.1196,0.453075
17.1598,0.454424
17.2,0.455773
17.2403,0.457123
17.2805,0.458472
17.3207,0.459822
17.361,0.461171
17.4012,0.462521
17.4414,0.46387
17.4816,0.46522
17.5219,0.466569
17.5621,0.467919
17.6023,0.469268
17.6426,0.470618
17.6828,0.471967
17.723,0.473317
17.7633,0.474666
17.8035,0.476016
17.8438,0.477366
17.884,0.478715
17.9242,0.480065
17.9645,0.481415
18.0047,0.482764
18.0449,0.484114
18.0852,0.485464
18.1254,0.486813
18.1657,0.488163
18.2059,0.489513
18.2461,0.490863
18.2864,0.492212
18.3266,0.493562
18.3669,0.494912
18.4071,0.496262
18.4473,0.497611
18.4876,0.498961
18.5278,0.500311
18.5681,0.501661
18.6083,0.503011
18.6485,0.504361
18.6888,0.505711
18.729,0.50706
18.7693,0.50841
18.8095,0.50976
18.8498,0.51111
18.89,0.51246
18.9303,0.51381
18.9705,0.51516
19.0107,0.51651
19.051,0.51786
19.0912,0.51921
19.1315,0.52056
19.1717,0.52191
19.212,0.52326
19.2522,0.52461
19.2925,0.52596
19.3327,0.52731
19.373,0.52866
19.4132,0.53001
19.4535,0.53136
19.4937,0.53271
19.534,0.53406
19.5742,0.53541
19.6145,0.53676
19.6547,0.53811
19.695,0.539461
19.7352,0.540811
19.7755,0.542161
19.8157,0.543511
19.856,0.544861
19.8962,0.546211
19.9365,0.547561
19.9767,0.548912
20.017,0.550262
20.0572,0.551612
20.0975,0.552962
20.1377,0.554312
20.178,0.555662
20.2182,0.557013
20.2585,0.558363
20.2987,0.559713
20.339,0.561063
20.3793,0.562414
20.4195,0.563764
20.4598,0.565114
20.5,0.566464
20.5403,0.567815
20.5805,0.569165
20.6208,0.570515
20.661,0.571865
20.7013,0.573216
20.7416,0.574566
20.7818,0.575916
20.8221,0.577267
20.8623,0.578617
20.9026,0.579967
20.9428,0.581318
20.9831,0.582668
21.0234,0.584018
21.0636,0.585369
21.1039,0.586719
21.1441,0.588069
21.1844,0.58942
21.2246,0.59077
21.2649,0.59212
21.3052,0.593471
21.3454,0.594821
21.3857,0.596172
21.4259,0.597522
21.4662,0.598872
21.5064,0.600223
21.5467,0.601573
21.587,0.602924
21.6272,0.604274
21.6675,0.605624
21.7077,0.606975
21.748,0.608325
21.7883,0.609676
21.8285,0.611026
21.8688,0.612376
21.909,0.613727
21.9493,0.615077
21.9896,0.616428
22.0298,0.617778
22.0701,0.619129
22.1103,0.620479
22.1506,0.621829
22.1909,0.62318
22.2311,0.62453
22.2714,0.625881
22.3116,0.627231
22.3519,0.628582
22.3922,0.629932
22.4324,0.631283
22.4727,0.632633
22.5129,0.633984
22.5532,0.635334
22.5935,0.636685
22.6337,0.638035
22.674,0.639385
22.7143,0.640736
22.7545,0.642086
22.7948,0.643437
22.835,0.644787
22.8753,0.646138
22.9156,0.647488
22.9558,0.648839
22.9961,0.650189
23.0363,0.65154
23.0766,0.65289
23.1169,0.654241
23.1579,0.655591
23.2004,0.656992
23.2445,0.658444
23.2902,0.65995
23.3376,0.66151
23.3866,0.663128
23.4375,0.664803
23.4901,0.666538
23.5446,0.668334
23.601,0.670194
23.6594,0.672118
23.7197,0.674108
23.7821,0.676167
23.8466,0.678295
23.9133,0.680494
23.9821,0.682766
24.0532,0.685112
24.1265,0.687534
24.2022,0.690033
24.2803,0.692612
24.3608,0.69527
24.4437,0.69801
24.5291,0.700833
24.617,0.70374
24.7075,0.706732
24.8006,0.70981
24.8963,0.712976
24.9946,0.716229
25.0955,0.719571
25.1992,0.723002
25.3055,0.726523
25.4145,0.730134
25.5262,0.733836
25.6406,0.737627
25.7576,0.741509
25.8774,0.74548
25.9997,0.749541
26.1248,0.753691
26.2524,0.757928
26.3826,0.762253
26.5153,0.766662
26.6505,0.771156
26.7881,0.775733
26.9281,0.780389
27.0704,0.785125
27.215,0.789936
27.3617,0.794822
27.5105,0.799778
27.6612,0.804802
27.8139,0.809892
27.9683,0.815043
28.1244,0.820252
28.2821,0.825515
28.4412,0.830829
28.6016,0.83619
28.7633,0.841592
28.926,0.847033
29.0896,0.852508
29.254,0.858011
29.4191,0.863539
29.5847,0.869086
29.7507,0.874648
29.9169,0.88022
0.0198879,0.823645
0.0596644,0.823645
0.0994427,0.823645
0.139223,0.823645
0.179004,0.823645
0.218787,0.823645
0.258572,0.823645
0.298359,0.823645
0.338147,0.823645
0.377937,0.823645
0.417728,0.823645
0.457521,0.823645
0.497316,0.823645
0.537113,0.823645
0.576911,0.823645
0.61671,0.823645
0.656512,0.823645
0.696315,0.823645
0.736119,0.823645
0.775925,0.823645
0.815733,0.823645
0.855543,0.823645
0.895354,0.823645
0.935166,0.823645
0.974981,0.823645
1.0148,0.823645
1.05461,0.823645
1.09443,0.823645
1.13425,0.823645
1.17408,0.823645
1.2139,0.823645
1.25373,0.823645
1.29355,0.823645
1.33338,0.823645
1.37321,0.823645
1.41304,0.823645
1.45288,0.823645
1.49271,0.823645
1.53255,0.823645
1.57239,0.823645
1.61223,0.823645
1.65207,0.823645
1.69191,0.823645
1.73175,0.823645
1.7716,0.823645
1.81145,0.823645
1.8513,0.823645
1.89115,0.823645
1.931,0.823645
1.97085,0.823645
2.01071,0.823645
2.05056,0.823645
2.09042,0.823645
2.13028,0.823645
2.17014,0.823645
2.21001,0.823645
2.24987,0.823645
2.28974,0.823645
2.3296,0.823645
2.36947,0.823645
2.40934,0.823645
2.44921,0.823645
2.48909,0.823645
2.52896,0.823645
2.56884,0.823645
2.60872,0.823645
2.64859,0.823645
2.68848,0.823645
2.72836,0.823645
2.76824,0.823645
2.80813,0.823645
2.84801,0.823645
2.8879,0.823645
2.92779,0.823645
2.96768,0.823645
3.00757,0.823645
3.04747,0.823645
3.08736,0.823645
3.12726,0.823645
3.16716,0.823645
3.20706,0.823645
3.24696,0.823645
3.28686,0.823645
3.32677,0.823645
3.36667,0.823645
3.40658,0.823645
3.44649,0.819102
3.4864,0.814559
3.52631,0.810016
3.56622,0.805472
3.60614,0.800929
3.64605,0.796385
3.68597,0.791841
3.72589,0.787297
3.76581,0.782752
3.80573,0.778208
3.84565,0.773663
3.88557,0.769119
3.9255,0.764574
3.96543,0.760029
4.00536,0.755483
4.04528,0.750938
4.08522,0.746392
4.12515,0.741846
4.16508,0.737301
4.20502,0.732754
4.24495,0.728208
4.28489,0.723662
4.32483,0.719115
4.36477,0.714569
4.40471,0.710022
4.44466,0.705475
4.4846,0.700928
4.52455,0.69638
4.56449,0.691833
4.60444,0.687285
4.64439,0.682738
4.68435,0.67819
4.7243,0.673642
4.76425,0.669093
4.80421,0.664545
4.84416,0.659996
4.88412,0.655448
4.92408,0.650899
4.96404,0.64635
5.004,0.641801
5.04397,0.637251
5.08393,0.632702
5.1239,0.628153
5.16387,0.623603
5.20383,0.619053
5.2438,0.614503
5.28378,0.609953
5.32375,0.605402
5.36372,0.600852
5.4037,0.596301
5.44367,0.591751
5.48365,0.5872
5.52363,0.582649
5.56361,0.578097
5.60359,0.573546
5.64357,0.568994
5.68356,0.564443
5.72354,0.559891
5.76353,0.550596
5.80352,0.5413
5.84351,0.532005
5.8835,0.522709
5.92349,0.513412
5.96348,0.504116
6.00348,0.494819
6.04347,0.485522
6.08347,0.476224
6.12347,0.466926
6.16347,0.457628
6.20347,0.44833
6.24347,0.439031
6.28347,0.429733
6.32348,0.420433
6.36348,0.411134
6.40349,0.401834
6.44349,0.392534
6.4835,0.387788
6.52351,0.383042
6.56352,0.378296
6.60354,0.37355
6.64355,0.368803
6.68357,0.364057
6.72358,0.35931
6.7636,0.354563
6.80362,0.349816
6.84364,0.345069
6.88366,0.340322
6.92368,0.335574
6.9637,0.330827
7.00373,0.326079
7.04375,0.321331
7.08378,0.316583
7.12381,0.311835
7.16384,0.307087
7.20387,0.302338
7.2439,0.29759
7.28393,0.292841
7.32397,0.288092
7.364,0.288092
7.40404,0.288092
7.44407,0.288092
7.48411,0.288092
7.52415,0.288092
7.56419,0.288092
7.60423,0.288092
7.64428,0.288092
7.68432,0.288092
7.72437,0.288092
7.76441,0.288092
7.80446,0.288092
7.84451,0.288092
7.88456,0.288092
7.92461,0.288092
7.96466,0.288092
8.00471,0.288092
8.04477,0.288092
8.08482,0.288092
8.12488,0.288092
8.16494,0.288092
8.205,0.288092
8.24506,0.288092
8.28512,0.288092
8.32518,0.288092
8.36524,0.288092
8.4053,0.288092
8.44537,0.288092
8.48544,0.288092
8.5255,0.288092
8.56557,0.288092
8.60564,0.288092
8.64571,0.288092
8.68578,0.288092
8.72585,0.288092
8.76593,0.288092
8.806,0.288092
8.84608,0.288092
8.88615,0.288092
8.92623,0.288092
8.96631,0.288092
9.00639,0.288092
9.04647,0.288092
9.08655,0.288092
9.12663,0.288092
9.16672,0.288092
9.2068,0.288092
9.24689,0.288092
9.28697,0.288092
9.32706,0.288092
9.36715,0.288092
9.40724,0.288092
9.44733,0.288092
9.48742,0.288092
9.52752,0.288092
9.56761,0.288092
9.6077,0.288092
9.6478,0.288092
9.6879,0.288092
9.72799,0.288092
9.76809,0.288092
9.80819,0.288092
9.84829,0.288092
9.8884,0.288092
9.9285,0.288092
9.9686,0.288092
10.0087,0.288092
10.0488,0.288092
10.0889,0.288092
10.129,0.288092
10.1691,0.288092
10.2092,0.288092
10.2494,0.288092
10.2895,0.288092
10.3296,0.288092
10.3697,0.288092
10.4098,0.288092
10.4499,0.288092
10.49,0.288092
10.5302,0.288092
10.5703,0.288092
10.6104,0.288092
10.6505,0.288092
10.6906,0.288092
10.7307,0.288092
10.7709,0.288092
10.811,0.288092
10.8511,0.288092
10.8912,0.288092
10.9314,0.288092
10.9715,0.288092
11.0116,0.288092
11.0517,0.288092
11.0919,0.288092
11.132,0.288092
11.1721,0.288092
11.2123,0.288092
11.2524,0.288092
11.2925,0.288092
11.3327,0.288092
11.3728,0.288092
11.4129,0.288092
11.4531,0.288092
11.4932,0.288092
11.5334,0.288092
11.5735,0.288092
11.6136,0.288092
11.6538,0.288092
11.6939,0.288092
11.7341,0.288092
11.7742,0.289516
11.8144,0.29094
11.8545,0.292364
11.8946,0.293788
11.9348,0.295212
11.9749,0.296637
12.0151,0.298061
12.0552,0.299485
12.0954,0.300909
12.1355,0.302333
12.1757,0.303757
12.2158,0.305182
12.256,0.306606
12.2962,0.30803
12.3363,0.309455
12.3765,0.310879
12.4166,0.312303
12.4568,0.313728
12.4969,0.315152
12.5371,0.316577
12.5773,0.318001
12.6174,0.319426
12.6576,0.32085
12.6977,0.322275
12.7379,0.3237
12.7781,0.325124
12.8182,0.326549
12.8584,0.327974
12.8986,0.329398
12.9387,0.330823
12.9789,0.332248
13.0191,0.333673
13.0592,0.335097
13.0994,0.336522
13.1396,0.337947
13.1797,0.339372
13.2199,0.340797
13.2601,0.342222
13.3003,0.343647
13.3404,0.345072
13.3806,0.346497
13.4208,0.347922
13.461,0.349347
13.5011,0.350772
13.5413,0.352197
13.5815,0.353623
13.6217,0.355048
13.6619,0.356473
13.702,0.357898
13.7422,0.359323
13.7824,0.360749
13.8226,0.362174
13.8628,0.363599
13.9029,0.365025
13.9431,0.36645
13.9833,0.367876
14.0235,0.369301
14.0637,0.370726
14.1039,0.372152
14.1441,0.373577
14.1842,0.375003
14.2244,0.376428
14.2646,0.377854
14.3048,0.37928
14.345,0.380705
14.3852,0.382131
14.4254,0.383556
14.4656,0.384982
14.5058,0.386408
14.546,0.387834
14.5862,0.389259
14.6264,0.390685
14.6666,0.392111
14.7068,0.393537
14.747,0.394963
14.7872,0.396388
14.8273,0.397814
14.8675,0.39924
14.9077,0.400666
14.9479,0.402092
14.9881,0.403518
15.0284,0.404944
15.0686,0.40637
15.1088,0.407796
15.149,0.409222
15.1892,0.410648
15.2294,0.412074
15.2696,0.4135
15.3098,0.414927
15.35,0.416353
15.3902,0.417779
15.4304,0.419205
15.4706,0.420631
15.5108,0.422057
15.551,0.423484
15.5912,0.42491
15.6314,0.426336
15.6717,0.427763
15.7119,0.429189
15.7521,0.430615
15.7923,0.432042
15.8325,0.433468
15.8727,0.434894
15.9129,0.436321
15.9531,0.437747
15.9934,0.439174
16.0336,0.4406
16.0738,0.442027
16.114,0.443453
16.1542,0.44488
16.1944,0.446306
16.2347,0.447733
16.2749,0.44916
16.3151,0.450586
16.3553,0.452013
16.3955,0.453439
16.4358,0.454866
16.476,0.456293
16.5162,0.457719
16.5564,0.459146
16.5966,0.460573
16.6369,0.462
16.6771,0.463426
16.7173,0.464853
16.7575,0.46628
16.7978,0.467707
16.838,0.469134
16.8782,0.47056
16.9184,0.471987
16.9587,0.473414
16.9989,0.474841
17.0391,0.476268
17.0793,0.477695
17.1196,0.479122
17.1598,0.480549
17.2,0.481976
17.2403,0.483403
17.2805,0.48483
17.3207,0.486257
17.361,0.487684
17.4012,0.489111
17.4414,0.490538
17.4816,0.491965
17.5219,0.493392
17.5621,0.494819
17.6023,0.496246
17.6426,0.497673
17.6828,0.499101
17.723,0.500528
17.7633,0.501955
17.8035,0.503382
17.8438,0.504809
17.884,0.506237
17.9242,0.507664
17.9645,0.509091
18.0047,0.510518
18.0449,0.511946
18.0852,0.513373
18.1254,0.5148
18.1657,0.516228
18.2059,0.517655
18.2461,0.519082
18.2864,0.52051
18.3266,0.521937
18.3669,0.523364
18.4071,0.524792
18.4473,0.526219
18.4876,0.527646
18.5278,0.529074
18.5681,0.530501
18.6083,0.531929
18.6485,0.533356
18.6888,0.534784
18.729,0.536211
18.7693,0.537639
18.8095,0.539066
18.8498,0.540494
18.89,0.541921
18.9303,0.543349
18.9705,0.544776
19.0107,0.546204
19.051,0.547631
19.0912,0.549059
19.1315,0.550487
19.1717,0.551914
19.212,0.553342
19.2522,0.554769
19.2925,0.556197
19.3327,0.557625
19.373,0.559052
19.4132,0.56048
19.4535,0.561908
19.4937,0.563335
19.534,0.564763
19.5742,0.566191
19.6145,0.567619
19.6547,0.569046
19.695,0.570474
19.7352,0.571902
19.7755,0.573329
19.8157,0.574757
19.856,0.576185
19.8962,0.577613
19.9365,0.579041
19.9767,0.580468
20.017,0.581896
20.0572,0.583324
20.0975,0.584752
20.1377,0.58618
20.178,0.587607
20.2182,0.589035
20.2585,0.590463
20.2987,0.591891
20.339,0.593319
20.3793,0.594747
20.4195,0.596175
20.4598,0.597602
20.5,0.59903
20.5403,0.600458
20.5805,0.601886
20.6208,0.603314
20.661,0.604742
20.7013,0.60617
20.7416,0.607598
20.7818,0.609026
20.8221,0.610454
20.8623,0.611882
20.9026,0.61331
20.9428,0.614737
20.9831,0.616165
21.0234,0.617593
21.0636,0.619021
21.1039,0.620449
21.1441,0.621877
21.1844,0.623305
21.2246,0.624733
21.2649,0.626161
21.3052,0.627589
21.3454,0.629017
21.3857,0.630445
21.4259,0.631873
21.4662,0.633301
21.5064,0.634729
21.5467,0.636157
21.587,0.637585
21.6272,0.639014
21.6675,0.640442
21.7077,0.64187
21.748,0.643298
21.7883,0.644726
21.8285,0.646154
21.8688,0.647582
21.909,0.64901
21.9493,0.650438
21.9896,0.651866
22.0298,0.653294
22.0701,0.654722
22.1103,0.65615
22.1506,0.657578
22.1909,0.659006
22.2311,0.660435
22.2714,0.661863
22.3116,0.663291
22.3519,0.664719
22.3922,0.666147
22.4324,0.667575
22.4727,0.669003
22.5129,0.670431
22.5532,0.671859
22.5935,0.673287
22.6337,0.674715
22.674,0.676144
22.7143,0.677572
22.7545,0.679
22.7948,0.680428
22.835,0.681856
22.8753,0.683284
22.9156,0.684712
22.9558,0.68614
22.9961,0.687568
23.0363,0.688997
23.0766,0.690425
23.1169,0.691853
23.1579,0.693281
23.2004,0.694762
23.2445,0.696298
23.2902,0.69789
23.3376,0.699541
23.3866,0.701251
23.4375,0.703022
23.4901,0.704857
23.5446,0.706757
23.601,0.708723
23.6594,0.710758
23.7197,0.712863
23.7821,0.715039
23.8466,0.71729
23.9133,0.719615
23.9821,0.722018
24.0532,0.724499
24.1265,0.72706
24.2022,0.729703
24.2803,0.73243
24.3608,0.735241
24.4437,0.738139
24.5291,0.741124
24.617,0.744198
24.7075,0.747362
24.8006,0.750617
24.8963,0.753965
24.9946,0.757405
25.0955,0.760939
25.1992,0.764568
25.3055,0.768291
25.4145,0.77211
25.5262,0.776024
25.6406,0.780033
25.7576,0.784138
25.8774,0.788338
25.9997,0.792632
26.1248,0.79702
26.2524,0.801501
26.3826,0.806074
26.5153,0.810738
26.6505,0.81549
26.7881,0.820329
26.9281,0.825254
27.0704,0.830261
27.215,0.83535
27.3617,0.840516
27.5105,0.845757
27.6612,0.85107
27.8139,0.856452
27.9683,0.861899
28.1244,0.867408
28.2821,0.872974
28.4412,0.878593
28.6016,0.884262
28.7633,0.889975
28.926,0.895729
29.0896,0.901518
29.254,0.907338
29.4191,0.913183
29.5847,0.91905
29.7507,0.924931
29.9169,0.930823
0.0198879,0.853939
0.0596644,0.853939
0.0994427,0.853939
0.139223,0.853939
0.179004,0.853939
0.218787,0.853939
0.258572,0.853939
0.298359,0.853939
0.338147,0.853939
0.377937,0.853939
0.417728,0.853939
0.457521,0.853939
0.497316,0.853939
0.537113,0.853939
0.576911,0.853939
0.61671,0.853939
0.656512,0.853939
0.696315,0.853939
0.736119,0.853939
0.775925,0.853939
0.815733,0.853939
0.855543,0.853939
0.895354,0.853939
0.935166,0.853939
0.974981,0.853939
1.0148,0.853939
1.05461,0.853939
1.09443,0.853939
1.13425,0.853939
1.17408,0.853939
1.2139,0.853939
1.25373,0.853939
1.29355,0.853939
1.33338,0.853939
1.37321,0.853939
1.41304,0.853939
1.45288,0.853939
1.49271,0.853939
1.53255,0.853939
1.57239,0.853939
1.61223,0.853939
1.65207,0.853939
1.69191,0.853939
1.73175,0.853939
1.7716,0.853939
1.81145,0.853939
1.8513,0.853939
1.89115,0.853939
1.931,0.853939
1.97085,0.853939
2.01071,0.853939
2.05056,0.853939
2.09042,0.853939
2.13028,0.853939
2.17014,0.853939
2.21001,0.853939
2.24987,0.853939
2.28974,0.853939
2.3296,0.853939
2.36947,0.853939
2.40934,0.853939
2.44921,0.853939
2.48909,0.853939
2.52896,0.853939
2.56884,0.853939
2.60872,0.853939
2.64859,0.853939
2.68848,0.853939
2.72836,0.853939
2.76824,0.853939
2.80813,0.853939
2.84801,0.853939
2.8879,0.853939
2.92779,0.853939
2.96768,0.853939
3.00757,0.853939
3.04747,0.853939
3.08736,0.853939
3.12726,0.853939
3.16716,0.853939
3.20706,0.853939
3.24696,0.853939
3.28686,0.853939
3.32677,0.853939
3.36667,0.853939
3.40658,0.853939
3.44649,0.849149
3.4864,0.844358
3.52631,0.839568
3.56622,0.834777
3.60614,0.829987
3.64605,0.825196
3.68597,0.820404
3.72589,0.815613
3.76581,0.810822
3.80573,0.80603
3.84565,0.801238
3.88557,0.796446
3.9255,0.791654
3.96543,0.786862
4.00536,0.782069
4.04528,0.777277
4.08522,0.772484
4.12515,0.767691
4.16508,0.762898
4.20502,0.758104
4.24495,0.753311
4.28489,0.748517
4.32483,0.743723
4.36477,0.738929
4.40471,0.734135
4.44466,0.729341
4.4846,0.724547
4.52455,0.719752
4.56449,0.714957
4.60444,0.710162
4.64439,0.705367
4.68435,0.700572
4.7243,0.695776
4.76425,0.690981
4.80421,0.686185
4.84416,0.681389
4.88412,0.676593
4.92408,0.671797
4.96404,0.667
5.004,0.662204
5.04397,0.657407
5.08393,0.65261
5.1239,0.647813
5.16387,0.643016
5.20383,0.638219
5.2438,0.633421
5.28378,0.628623
5.32375,0.623826
5.36372,0.619028
5.4037,0.61423
5.44367,0.609431
5.48365,0.604633
5.52363,0.599834
5.56361,0.595036
5.60359,0.590237
5.64357,0.585438
5.68356,0.580638
5.72354,0.575839
5.76353,0.566401
5.80352,0.556962
5.84351,0.547523
5.8835,0.538084
5.92349,0.528645
5.96348,0.519205
6.00348,0.509765
6.04347,0.500324
6.08347,0.490884
6.12347,0.481443
6.16347,0.472001
6.20347,0.46256
6.24347,0.453118
6.28347,0.443676
6.32348,0.434233
6.36348,0.424791
6.40349,0.415348
6.44349,0.405904
6.4835,0.401263
6.52351,0.396621
6.56352,0.39198
6.60354,0.387338
6.64355,0.382696
6.68357,0.378054
6.72358,0.373411
6.7636,0.368769
6.80362,0.364127
6.84364,0.359484
6.88366,0.354841
6.92368,0.350198
6.9637,0.345555
7.00373,0.340912
7.04375,0.336269
7.08378,0.331625
7.12381,0.326982
7.16384,0.322338
7.20387,0.317694
7.2439,0.31305
7.28393,0.308406
7.32397,0.303761
7.364,0.303761
7.40404,0.303761
7.44407,0.303761
7.48411,0.303761
7.52415,0.303761
7.56419,0.303761
7.60423,0.303761
7.64428,0.303761
7.68432,0.303761
7.72437,0.303761
7.76441,0.303761
7.80446,0.303761
7.84451,0.303761
7.88456,0.303761
7.92461,0.303761
7.96466,0.303761
8.00471,0.303761
8.04477,0.303761
8.08482,0.303761
8.12488,0.303761
8.16494,0.303761
8.205,0.303761
8.24506,0.303761
8.28512,0.303761
8.32518,0.303761
8.36524,0.303761
8.4053,0.303761
8.44537,0.303761
8.48544,0.303761
8.5255,0.303761
8.56557,0.303761
8.60564,0.303761
8.64571,0.303761
8.68578,0.303761
8.72585,0.303761
8.76593,0.303761
8.806,0.303761
8.84608,0.303761
8.88615,0.303761
8.92623,0.303761
8.96631,0.303761
9.00639,0.303761
9.04647,0.303761
9.08655,0.303761
9.12663,0.303761
9.16672,0.303761
9.2068,0.303761
9.24689,0.303761
9.28697,0.303761
9.32706,0.303761
9.36715,0.303761
9.40724,0.303761
9.44733,0.303761
9.48742,0.303761
9.52752,0.303761
9.56761,0.303761
9.6077,0.303761
9.6478,0.303761
9.6879,0.303761
9.72799,0.303761
9.76809,0.303761
9.80819,0.303761
9.84829,0.303761
9.8884,0.303761
9.9285,0.303761
9.9686,0.303761
10.0087,0.303761
10.0488,0.303761
10.0889,0.303761
10.129,0.303761
10.1691,0.303761
10.2092,0.303761
10.2494,0.303761
10.2895,0.303761
10.3296,0.303761
10.3697,0.303761
10.4098,0.303761
10.4499,0.303761
10.49,0.303761
10.5302,0.303761
10.5703,0.303761
10.6104,0.303761
10.6505,0.303761
10.6906,0.303761
10.7307,0.303761
10.7709,0.303761
10.811,0.303761
10.8511,0.303761
10.8912,0.303761
10.9314,0.303761
10.9715,0.303761
11.0116,0.303761
11.0517,0.303761
11.0919,0.303761
11.132,0.303761
11.1721,0.303761
11.2123,0.303761
11.2524,0.303761
11.2925,0.303761
11.3327,0.303761
11.3728,0.303761
11.4129,0.303761
11.4531,0.303761
11.4932,0.303761
11.5334,0.303761
11.5735,0.303761
11.6136,0.303761
11.6538,0.303761
11.6939,0.303761
11.7341,0.303761
11.7742,0.305263
11.8144,0.306764
11.8545,0.308266
11.8946,0.309767
11.9348,0.311269
11.9749,0.31277
12.0151,0.314272
12.0552,0.315773
12.0954,0.317275
12.1355,0.318777
12.1757,0.320278
12.2158,0.32178
12.256,0.323282
12.2962,0.324784
12.3363,0.326285
12.3765,0.327787
12.4166,0.329289
12.4568,0.330791
12.4969,0.332293
12.5371,0.333795
12.5773,0.335297
12.6174,0.336799
12.6576,0.338301
12.6977,0.339803
12.7379,0.341305
12.7781,0.342807
12.8182,0.344309
12.8584,0.345812
12.8986,0.347314
12.9387,0.348816
12.9789,0.350318
13.0191,0.351821
13.0592,0.353323
13.0994,0.354825
13.1396,0.356328
13.1797,0.35783
13.2199,0.359332
13.2601,0.360835
13.3003,0.362337
13.3404,0.36384
13.3806,0.365342
13.4208,0.366845
13.461,0.368348
13.5011,0.36985
13.5413,0.371353
13.5815,0.372856
13.6217,0.374358
13.6619,0.375861
13.702,0.377364
13.7422,0.378867
13.7824,0.380369
13.8226,0.381872
13.8628,0.383375
13.9029,0.384878
13.9431,0.386381
13.9833,0.387884
14.0235,0.389387
14.0637,0.39089
14.1039,0.392393
14.1441,0.393896
14.1842,0.395399
14.2244,0.396902
14.2646,0.398405
14.3048,0.399908
14.345,0.401411
14.3852,0.402914
14.4254,0.404418
14.4656,0.405921
14.5058,0.407424
14.546,0.408927
14.5862,0.410431
14.6264,0.411934
14.6666,0.413437
14.7068,0.414941
14.747,0.416444
14.7872,0.417947
14.8273,0.419451
14.8675,0.420954
14.9077,0.422458
14.9479,0.423961
14.9881,0.425465
15.0284,0.426968
15.0686,0.428472
15.1088,0.429975
15.149,0.431479
15.1892,0.432983
15.2294,0.434486
15.2696,0.43599
15.3098,0.437494
15.35,0.438997
15.3902,0.440501
15.4304,0.442005
15.4706,0.443509
15.5108,0.445013
15.551,0.446516
15.5912,0.44802
15.6314,0.449524
15.6717,0.451028
15.7119,0.452532
15.7521,0.454036
15.7923,0.45554
15.8325,0.457044
15.8727,0.458548
15.9129,0.460052
15.9531,0.461556
15.9934,0.46306
16.0336,0.464564
16.0738,0.466068
16.114,0.467572
16.1542,0.469076
16.1944,0.47058
16.2347,0.472084
16.2749,0.473589
16.3151,0.475093
16.3553,0.476597
16.3955,0.478101
16.4358,0.479606
16.476,0.48111
16.5162,0.482614
16.5564,0.484118
16.5966,0.485623
16.6369,0.487127
16.6771,0.488631
16.7173,0.490136
16.7575,0.49164
16.7978,0.493145
16.838,0.494649
16.8782,0.496154
16.9184,0.497658
16.9587,0.499162
16.9989,0.500667
17.0391,0.502172
17.0793,0.503676
17.1196,0.505181
17.1598,0.506685
17.2,0.50819
17.2403,0.509694
17.2805,0.511199
17.3207,0.512704
17.361,0.514208
17.4012,0.515713
17.4414,0.517218
17.4816,0.518722
17.5219,0.520227
17.5621,0.521732
17.6023,0.523236
17.6426,0.524741
17.6828,0.526246
17.723,0.527751
17.7633,0.529256
17.8035,0.53076
17.8438,0.532265
17.884,0.53377
17.9242,0.535275
17.9645,0.53678
18.0047,0.538285
18.0449,0.53979
18.0852,0.541294
18.1254,0.542799
18.1657,0.544304
18.2059,0.545809
18.2461,0.547314
18.2864,0.548819
18.3266,0.550324
18.3669,0.551829
18.4071,0.553334
18.4473,0.554839
18.4876,0.556344
18.5278,0.557849
18.5681,0.559355
18.6083,0.56086
18.6485,0.562365
18.6888,0.56387
18.729,0.565375
18.7693,0.56688
18.8095,0.568385
18.8498,0.56989
18.89,0.571396
18.9303,0.572901
18.9705,0.574406
19.0107,0.575911
19.051,0.577416
19.0912,0.578922
19.1315,0.580427
19.1717,0.581932
19.212,0.583437
19.2522,0.584943
19.2925,0.586448
19.3327,0.587953
19.373,0.589458
19.4132,0.590964
19.4535,0.592469
19.4937,0.593974
19.534,0.59548
19.5742,0.596985
19.6145,0.59849
19.6547,0.599996
19.695,0.601501
19.7352,0.603007
19.7755,0.604512
19.8157,0.606017
19.856,0.607523
19.8962,0.609028
19.9365,0.610534
19.9767,0.612039
20.017,0.613545
20.0572,0.61505
20.0975,0.616556
20.1377,0.618061
20.178,0.619567
20.2182,0.621072
20.2585,0.622578
20.2987,0.624083
20.339,0.625589
20.3793,0.627094
20.4195,0.6286
20.4598,0.630105
20.5,0.631611
20.5403,0.633116
20.5805,0.634622
20.6208,0.636127
20.661,0.637633
20.7013,0.639139
20.7416,0.640644
20.7818,0.64215
20.8221,0.643655
20.8623,0.645161
20.9026,0.646667
20.9428,0.648172
20.9831,0.649678
21.0234,0.651183
21.0636,0.652689
21.1039,0.654195
21.1441,0.6557
21.1844,0.657206
21.2246,0.658712
21.2649,0.660217
21.3052,0.661723
21.3454,0.663229
21.3857,0.664734
21.4259,0.66624
21.4662,0.667746
21.5064,0.669251
21.5467,0.670757
21.587,0.672263
21.6272,0.673769
21.6675,0.675274
21.7077,0.67678
21.748,0.678286
21.7883,0.679791
21.8285,0.681297
21.8688,0.682803
21.909,0.684309
21.9493,0.685814
21.9896,0.68732
22.0298,0.688826
22.0701,0.690332
22.1103,0.691837
22.1506,0.693343
22.1909,0.694849
22.2311,0.696355
22.2714,0.69786
22.3116,0.699366
22.3519,0.700872
22.3922,0.702378
22.4324,0.703883
22.4727,0.705389
22.5129,0.706895
22.5532,0.708401
22.5935,0.709907
22.6337,0.711412
22.674,0.712918
22.7143,0.714424
22.7545,0.71593
22.7948,0.717435
22.835,0.718941
22.8753,0.720447
22.9156,0.721953
22.9558,0.723459
22.9961,0.724964
23.0363,0.72647
23.0766,0.727976
23.1169,0.729482
23.1579,0.730987
23.2004,0.732549
23.2445,0.734169
23.2902,0.735847
23.3376,0.737588
23.3866,0.739391
23.4375,0.741259
23.4901,0.743193
23.5446,0.745196
23.601,0.747269
23.6594,0.749415
23.7197,0.751634
23.7821,0.753929
23.8466,0.756302
23.9133,0.758754
23.9821,0.761287
24.0532,0.763903
24.1265,0.766604
24.2022,0.769391
24.2803,0.772266
24.3608,0.77523
24.4437,0.778285
24.5291,0.781433
24.617,0.784674
24.7075,0.78801
24.8006,0.791442
24.8963,0.794972
24.9946,0.798599
25.0955,0.802325
25.1992,0.806151
25.3055,0.810077
25.4145,0.814104
25.5262,0.81823
25.6406,0.822458
25.7576,0.826786
25.8774,0.831214
25.9997,0.835742
26.1248,0.840369
26.2524,0.845094
26.3826,0.849915
26.5153,0.854832
26.6505,0.859843
26.7881,0.864946
26.9281,0.870138
27.0704,0.875418
27.215,0.880783
27.3617,0.88623
27.5105,0.891757
27.6612,0.897359
27.8139,0.903033
27.9683,0.908777
28.1244,0.914585
28.2821,0.920453
28.4412,0.926379
28.6016,0.932356
28.7633,0.93838
28.926,0.944446
29.0896,0.95055
29.254,0.956687
29.4191,0.96285
29.5847,0.969035
29.7507,0.975237
29.9169,0.981449
0.0198879,0.884244
0.0596644,0.884244
0.0994427,0.884244
0.139223,0.884244
0.179004,0.884244
0.218787,0.884244
0.258572,0.884244
0.298359,0.884244
0.338147,0.884244
0.377937,0.884244
0.417728,0.884244
0.457521,0.884244
0.497316,0.884244
0.537113,0.884244
0.576911,0.884244
0.61671,0.884244
0.656512,0.884244
0.696315,0.884244
0.736119,0.884244
0.775925,0.884244
0.815733,0.884244
0.855543,0.884244
0.895354,0.884244
0.935166,0.884244
0.974981,0.884244
1.0148,0.884244
1.05461,0.884244
1.09443,0.884244
1.13425,0.884244
1.17408,0.884244
1.2139,0.884244
1.25373,0.884244
1.29355,0.884244
1.33338,0.884244
1.37321,0.884244
1.41304,0.884244
1.45288,0.884244
1.49271,0.884244
1.53255,0.884244
1.57239,0.884244
1.61223,0.884244
1.65207,0.884244
1.69191,0.884244
1.73175,0.884244
1.7716,0.884244
1.81145,0.884244
1.8513,0.884244
1.89115,0.884244
1.931,0.884244
1.97085,0.884244
2.01071,0.884244
2.05056,0.884244
2.09042,0.884244
2.13028,0.884244
2.17014,0.884244
2.21001,0.884244
2.24987,0.884244
2.28974,0.884244
2.3296,0.884244
2.36947,0.884244
2.40934,0.884244
2.44921,0.884244
2.48909,0.884244
2.52896,0.884244
2.56884,0.884244
2.60872,0.884244
2.64859,0.884244
2.68848,0.884244
2.72836,0.884244
2.76824,0.884244
2.80813,0.884244
2.84801,0.884244
2.8879,0.884244
2.92779,0.884244
2.96768,0.884244
3.00757,0.884244
3.04747,0.884244
3.08736,0.884244
3.12726,0.884244
3.16716,0.884244
3.20706,0.884244
3.24696,0.884244
3.28686,0.884244
3.32677,0.884244
3.36667,0.884244
3.40658,0.884244
3.44649,0.879207
3.4864,0.87417
3.52631,0.869132
3.56622,0.864094
3.60614,0.859056
3.64605,0.854018
3.68597,0.84898
3.72589,0.843941
3.76581,0.838902
3.80573,0.833863
3.84565,0.828824
3.88557,0.823785
3.9255,0.818746
3.96543,0.813706
4.00536,0.808666
4.04528,0.803626
4.08522,0.798586
4.12515,0.793546
4.16508,0.788505
4.20502,0.783465
4.24495,0.778424
4.28489,0.773383
4.32483,0.768342
4.36477,0.7633
4.40471,0.758259
4.44466,0.753217
4.4846,0.748175
4.52455,0.743133
4.56449,0.738091
4.60444,0.733048
4.64439,0.728006
4.68435,0.722963
4.7243,0.71792
4.76425,0.712877
4.80421,0.707834
4.84416,0.70279
4.88412,0.697747
4.92408,0.692703
4.96404,0.687659
5.004,0.682615
5.04397,0.677571
5.08393,0.672526
5.1239,0.667482
5.16387,0.662437
5.20383,0.657392
5.2438,0.652347
5.28378,0.647302
5.32375,0.642257
5.36372,0.637211
5.4037,0.632165
5.44367,0.627119
5.48365,0.622073
5.52363,0.617027
5.56361,0.611981
5.60359,0.606934
5.64357,0.601888
5.68356,0.596841
5.72354,0.591794
5.76353,0.582212
5.80352,0.57263
5.84351,0.563048
5.8835,0.553466
5.92349,0.543883
5.96348,0.5343
6.00348,0.524716
6.04347,0.515133
6.08347,0.505549
6.12347,0.495965
6.16347,0.48638
6.20347,0.476795
6.24347,0.46721
6.28347,0.457625
6.32348,0.448039
6.36348,0.438453
6.40349,0.428867
6.44349,0.41928
6.4835,0.414743
6.52351,0.410206
6.56352,0.405669
6.60354,0.401131
6.64355,0.396594
6.68357,0.392056
6.72358,0.387519
6.7636,0.382981
6.80362,0.378443
6.84364,0.373905
6.88366,0.369366
6.92368,0.364828
6.9637,0.36029
7.00373,0.355751
7.04375,0.351212
7.08378,0.346673
7.12381,0.342134
7.16384,0.337595
7.20387,0.333056
7.2439,0.328516
7.28393,0.323977
7.32397,0.319437
7.364,0.319437
7.40404,0.319437
7.44407,0.319437
7.48411,0.319437
7.52415,0.319437
7.56419,0.319437
7.60423,0.319437
7.64428,0.319437
7.68432,0.319437
7.72437,0.319437
7.76441,0.319437
7.80446,0.319437
7.84451,0.319437
7.88456,0.319437
7.92461,0.319437
7.96466,0.319437
8.00471,0.319437
8.04477,0.319437
8.08482,0.319437
8.12488,0.319437
8.16494,0.319437
8.205,0.319437
8.24506,0.319437
8.28512,0.319437
8.32518,0.319437
8.36524,0.319437
8.4053,0.319437
8.44537,0.319437
8.48544,0.319437
8.5255,0.319437
8.56557,0.319437
8.60564,0.319437
8.64571,0.319437
8.68578,0.319437
8.72585,0.319437
8.76593,0.319437
8.806,0.319437
8.84608,0.319437
8.88615,0.319437
8.92623,0.319437
8.96631,0.319437
9.00639,0.319437
9.04647,0.319437
9.08655,0.319437
9.12663,0.319437
9.16672,0.319437
9.2068,0.319437
9.24689,0.319437
9.28697,0.319437
9.32706,0.319437
9.36715,0.319437
9.40724,0.319437
9.44733,0.319437
9.48742,0.319437
9.52752,0.319437
9.56761,0.319437
9.6077,0.319437
9.6478,0.319437
9.6879,0.319437
9.72799,0.319437
9.76809,0.319437
9.80819,0.319437
9.84829,0.319437
9.8884,0.319437
9.9285,0.319437
9.9686,0.319437
10.0087,0.319437
10.0488,0.319437
10.0889,0.319437
10.129,0.319437
10.1691,0.319437
10.2092,0.319437
10.2494,0.319437
10.2895,0.319437
10.3296,0.319437
10.3697,0.319437
10.4098,0.319437
10.4499,0.319437
10.49,0.319437
10.5302,0.319437
10.5703,0.319437
10.6104,0.319437
10.6505,0.319437
10.6906,0.319437
10.7307,0.319437
10.7709,0.319437
10.811,0.319437
10.8511,0.319437
10.8912,0.319437
10.9314,0.319437
10.9715,0.319437
11.0116,0.319437
11.0517,0.319437
11.0919,0.319437
11.132,0.319437
11.1721,0.319437
11.2123,0.319437
11.2524,0.319437
11.2925,0.319437
11.3327,0.319437
11.3728,0.319437
11.4129,0.319437
11.4531,0.319437
11.4932,0.319437
11.5334,0.319437
11.5735,0.319437
11.6136,0.319437
11.6538,0.319437
11.6939,0.319437
11.7341,0.319437
11.7742,0.321016
11.8144,0.322595
11.8545,0.324173
11.8946,0.325752
11.9348,0.327331
11.9749,0.32891
12.0151,0.33049
12.0552,0.332069
12.0954,0.333648
12.1355,0.335227
12.1757,0.336806
12.2158,0.338385
12.256,0.339964
12.2962,0.341544
12.3363,0.343123
12.3765,0.344702
12.4166,0.346282
12.4568,0.347861
12.4969,0.349441
12.5371,0.35102
12.5773,0.3526
12.6174,0.354179
12.6576,0.355759
12.6977,0.357338
12.7379,0.358918
12.7781,0.360498
12.8182,0.362077
12.8584,0.363657
12.8986,0.365237
12.9387,0.366816
12.9789,0.368396
13.0191,0.369976
13.0592,0.371556
13.0994,0.373136
13.1396,0.374716
13.1797,0.376296
13.2199,0.377876
13.2601,0.379456
13.3003,0.381036
13.3404,0.382616
13.3806,0.384196
13.4208,0.385776
13.461,0.387356
13.5011,0.388936
13.5413,0.390516
13.5815,0.392096
13.6217,0.393677
13.6619,0.395257
13.702,0.396837
13.7422,0.398418
13.7824,0.399998
13.8226,0.401578
13.8628,0.403159
13.9029,0.404739
13.9431,0.40632
13.9833,0.4079
14.0235,0.409481
14.0637,0.411061
14.1039,0.412642
14.1441,0.414222
14.1842,0.415803
14.2244,0.417384
14.2646,0.418964
14.3048,0.420545
14.345,0.422126
14.3852,0.423706
14.4254,0.425287
14.4656,0.426868
14.5058,0.428449
14.546,0.43003
14.5862,0.431611
14.6264,0.433191
14.6666,0.434772
14.7068,0.436353
14.747,0.437934
14.7872,0.439515
14.8273,0.441096
14.8675,0.442677
14.9077,0.444258
14.9479,0.445839
14.9881,0.447421
15.0284,0.449002
15.0686,0.450583
15.1088,0.452164
15.149,0.453745
15.1892,0.455326
15.2294,0.456908
15.2696,0.458489
15.3098,0.46007
15.35,0.461652
15.3902,0.463233
15.4304,0.464814
15.4706,0.466396
15.5108,0.467977
15.551,0.469559
15.5912,0.47114
15.6314,0.472721
15.6717,0.474303
15.7119,0.475884
15.7521,0.477466
15.7923,0.479048
15.8325,0.480629
15.8727,0.482211
15.9129,0.483792
15.9531,0.485374
15.9934,0.486956
16.0336,0.488537
16.0738,0.490119
16.114,0.491701
16.1542,0.493282
16.1944,0.494864
16.2347,0.496446
16.2749,0.498028
16.3151,0.49961
16.3553,0.501191
16.3955,0.502773
16.4358,0.504355
16.476,0.505937
16.5162,0.507519
16.5564,0.509101
16.5966,0.510683
16.6369,0.512265
16.6771,0.513847
16.7173,0.515429
16.7575,0.517011
16.7978,0.518593
16.838,0.520175
16.8782,0.521757
16.9184,0.523339
16.9587,0.524921
16.9989,0.526504
17.0391,0.528086
17.0793,0.529668
17.1196,0.53125
17.1598,0.532832
17.2,0.534414
17.2403,0.535997
17.2805,0.537579
17.3207,0.539161
17.361,0.540744
17.4012,0.542326
17.4414,0.543908
17.4816,0.545491
17.5219,0.547073
17.5621,0.548655
17.6023,0.550238
17.6426,0.55182
17.6828,0.553402
17.723,0.554985
17.7633,0.556567
17.8035,0.55815
17.8438,0.559732
17.884,0.561315
17.9242,0.562897
17.9645,0.56448
18.0047,0.566062
18.0449,0.567645
18.0852,0.569228
18.1254,0.57081
18.1657,0.572393
18.2059,0.573975
18.2461,0.575558
18.2864,0.577141
18.3266,0.578723
18.3669,0.580306
18.4071,0.581889
18.4473,0.583471
18.4876,0.585054
18.5278,0.586637
18.5681,0.58822
18.6083,0.589802
18.6485,0.591385
18.6888,0.592968
18.729,0.594551
18.7693,0.596133
18.8095,0.597716
18.8498,0.599299
18.89,0.600882
18.9303,0.602465
18.9705,0.604048
19.0107,0.605631
19.051,0.607213
19.0912,0.608796
19.1315,0.610379
19.1717,0.611962
19.212,0.613545
19.2522,0.615128
19.2925,0.616711
19.3327,0.618294
19.373,0.619877
19.4132,0.62146
19.4535,0.623043
19.4937,0.624626
19.534,0.626209
19.5742,0.627792
19.6145,0.629375
19.6547,0.630958
19.695,0.632541
19.7352,0.634124
19.7755,0.635707
19.8157,0.63729
19.856,0.638874
19.8962,0.640457
19.9365,0.64204
19.9767,0.643623
20.017,0.645206
20.0572,0.646789
20.0975,0.648372
20.1377,0.649956
20.178,0.651539
20.2182,0.653122
20.2585,0.654705
20.2987,0.656288
20.339,0.657872
20.3793,0.659455
20.4195,0.661038
20.4598,0.662621
20.5,0.664204
20.5403,0.665788
20.5805,0.667371
20.6208,0.668954
20.661,0.670537
20.7013,0.672121
20.7416,0.673704
20.7818,0.675287
20.8221,0.676871
20.8623,0.678454
20.9026,0.680037
20.9428,0.681621
20.9831,0.683204
21.0234,0.684787
21.0636,0.686371
21.1039,0.687954
21.1441,0.689537
21.1844,0.691121
21.2246,0.692704
21.2649,0.694287
21.3052,0.695871
21.3454,0.697454
21.3857,0.699037
21.4259,0.700621
21.4662,0.702204
21.5064,0.703788
21.5467,0.705371
21.587,0.706954
21.6272,0.708538
21.6675,0.710121
21.7077,0.711705
21.748,0.713288
21.7883,0.714871
21.8285,0.716455
21.8688,0.718038
21.909,0.719622
21.9493,0.721205
21.9896,0.722789
22.0298,0.724372
22.0701,0.725956
22.1103,0.727539
22.1506,0.729122
22.1909,0.730706
22.2311,0.732289
22.2714,0.733873
22.3116,0.735456
22.3519,0.73704
22.3922,0.738623
22.4324,0.740207
22.4727,0.74179
22.5129,0.743374
22.5532,0.744957
22.5935,0.746541
22.6337,0.748124
22.674,0.749708
22.7143,0.751291
22.7545,0.752875
22.7948,0.754458
22.835,0.756042
22.8753,0.757625
22.9156,0.759209
22.9558,0.760792
22.9961,0.762376
23.0363,0.763959
23.0766,0.765542
23.1169,0.767126
23.1579,0.768709
23.2004,0.770352
23.2445,0.772055
23.2902,0.77382
23.3376,0.77565
23.3866,0.777546
23.4375,0.779511
23.4901,0.781545
23.5446,0.783651
23.601,0.785832
23.6594,0.788088
23.7197,0.790422
23.7821,0.792835
23.8466,0.79533
23.9133,0.797909
23.9821,0.800573
24.0532,0.803324
24.1265,0.806164
24.2022,0.809095
24.2803,0.812118
24.3608,0.815235
24.4437,0.818448
24.5291,0.821758
24.617,0.825166
24.7075,0.828675
24.8006,0.832284
24.8963,0.835996
24.9946,0.83981
25.0955,0.843729
25.1992,0.847752
25.3055,0.851881
25.4145,0.856115
25.5262,0.860455
25.6406,0.8649
25.7576,0.869452
25.8774,0.874109
25.9997,0.87887
26.1248,0.883736
26.2524,0.888704
26.3826,0.893775
26.5153,0.898945
26.6505,0.904215
26.7881,0.909581
26.9281,0.915041
27.0704,0.920593
27.215,0.926235
27.3617,0.931963
27.5105,0.937775
27.6612,0.943666
27.8139,0.949634
27.9683,0.955673
28.1244,0.961781
28.2821,0.967953
28.4412,0.974184
28.6016,0.980469
28.7633,0.986804
28.926,0.993184
29.0896,0.999603
29.254,1.00606
29.4191,1.01254
29.5847,1.01904
29.7507,1.02556
29.9169,1.0321
0.0198879,0.914562
0.0596644,0.914562
0.0994427,0.914562
0.139223,0.914562
0.179004,0.914562
0.218787,0.914562
0.258572,0.914562
0.298359,0.914562
0.338147,0.914562
0.377937,0.914562
0.417728,0.914562
0.457521,0.914562
0.497316,0.914562
0.537113,0.914562
0.576911,0.914562
0.61671,0.914562
0.656512,0.914562
0.696315,0.914562
0.736119,0.914562
0.775925,0.914562
0.815733,0.914562
0.855543,0.914562
0.895354,0.914562
0.935166,0.914562
0.974981,0.914562
1.0148,0.914562
1.05461,0.914562
1.09443,0.914562
1.13425,0.914562
1.17408,0.914562
1.2139,0.914562
1.25373,0.914562
1.29355,0.914562
1.33338,0.914562
1.37321,0.914562
1.41304,0.914562
1.45288,0.914562
1.49271,0.914562
1.53255,0.914562
1.57239,0.914562
1.61223,0.914562
1.65207,0.914562
1.69191,0.914562
1.73175,0.914562
1.7716,0.914562
1.81145,0.914562
1.8513,0.914562
1.89115,0.914562
1.931,0.914562
1.97085,0.914562
2.01071,0.914562
2.05056,0.914562
2.09042,0.914562
2.13028,0.914562
2.17014,0.914562
2.21001,0.914562
2.24987,0.914562
2.28974,0.914562
2.3296,0.914562
2.36947,0.914562
2.40934,0.914562
2.44921,0.914562
2.48909,0.914562
2.52896,0.914562
2.56884,0.914562
2.60872,0.914562
2.64859,0.914562
2.68848,0.914562
2.72836,0.914562
2.76824,0.914562
2.80813,0.914562
2.84801,0.914562
2.8879,0.914562
2.92779,0.914562
2.96768,0.914562
3.00757,0.914562
3.04747,0.914562
3.08736,0.914562
3.12726,0.914562
3.16716,0.914562
3.20706,0.914562
3.24696,0.914562
3.28686,0.914562
3.32677,0.914562
3.36667,0.914562
3.40658,0.914562
3.44649,0.909277
3.4864,0.903992
3.52631,0.898707
3.56622,0.893422
3.60614,0.888137
3.64605,0.882851
3.68597,0.877566
3.72589,0.87228
3.76581,0.866994
3.80573,0.861707
3.84565,0.856421
3.88557,0.851134
3.9255,0.845847
3.96543,0.84056
4.00536,0.835273
4.04528,0.829986
4.08522,0.824698
4.12515,0.81941
4.16508,0.814122
4.20502,0.808834
4.24495,0.803546
4.28489,0.798258
4.32483,0.792969
4.36477,0.78768
4.40471,0.782391
4.44466,0.777102
4.4846,0.771812
4.52455,0.766523
4.56449,0.761233
4.60444,0.755943
4.64439,0.750653
4.68435,0.745363
4.7243,0.740072
4.76425,0.734782
4.80421,0.729491
4.84416,0.7242
4.88412,0.718909
4.92408,0.713617
4.96404,0.708326
5.004,0.703034
5.04397,0.697742
5.08393,0.69245
5.1239,0.687158
5.16387,0.681866
5.20383,0.676573
5.2438,0.67128
5.28378,0.665988
5.32375,0.660694
5.36372,0.655401
5.4037,0.650108
5.44367,0.644814
5.48365,0.63952
5.52363,0.634226
5.56361,0.628932
5.60359,0.623638
5.64357,0.618344
5.68356,0.613049
5.72354,0.607754
5.76353,0.598029
5.80352,0.588304
5.84351,0.578579
5.8835,0.568853
5.92349,0.559127
5.96348,0.549401
6.00348,0.539674
6.04347,0.529947
6.08347,0.52022
6.12347,0.510492
6.16347,0.500764
6.20347,0.491036
6.24347,0.481308
6.28347,0.471579
6.32348,0.46185
6.36348,0.45212
6.40349,0.442391
6.44349,0.432661
6.4835,0.428228
6.52351,0.423796
6.56352,0.419363
6.60354,0.41493
6.64355,0.410498
6.68357,0.406064
6.72358,0.401631
6.7636,0.397198
6.80362,0.392765
6.84364,0.388331
6.88366,0.383897
6.92368,0.379463
6.9637,0.37503
7.00373,0.370595
7.04375,0.366161
7.08378,0.361727
7.12381,0.357292
7.16384,0.352858
7.20387,0.348423
7.2439,0.343988
7.28393,0.339553
7.32397,0.335118
7.364,0.335118
7.40404,0.335118
7.44407,0.335118
7.48411,0.335118
7.52415,0.335118
7.56419,0.335118
7.60423,0.335118
7.64428,0.335118
7.68432,0.335118
7.72437,0.335118
7.76441,0.335118
7.80446,0.335118
7.84451,0.335118
7.88456,0.335118
7.92461,0.335118
7.96466,0.335118
8.00471,0.335118
8.04477,0.335118
8.08482,0.335118
8.12488,0.335118
8.16494,0.335118
8.205,0.335118
8.24506,0.335118
8.28512,0.335118
8.32518,0.335118
8.36524,0.335118
8.4053,0.335118
8.44537,0.335118
8.48544,0.335118
8.5255,0.335118
8.56557,0.335118
8.60564,0.335118
8.64571,0.335118
8.68578,0.335118
8.72585,0.335118
8.76593,0.335118
8.806,0.335118
8.84608,0.335118
8.88615,0.335118
8.92623,0.335118
8.96631,0.335118
9.00639,0.335118
9.04647,0.335118
9.08655,0.335118
9.12663,0.335118
9.16672,0.335118
9.2068,0.335118
9.24689,0.335118
9.28697,0.335118
9.32706,0.335118
9.36715,0.335118
9.40724,0.335118
9.44733,0.335118
9.48742,0.335118
9.52752,0.335118
9.56761,0.335118
9.6077,0.335118
9.6478,0.335118
9.6879,0.335118
9.72799,0.335118
9.76809,0.335118
9.80819,0.335118
9.84829,0.335118
9.8884,0.335118
9.9285,0.335118
9.9686,0.335118
10.0087,0.335118
10.0488,0.335118
10.0889,0.335118
10.129,0.335118
10.1691,0.335118
10.2092,0.335118
10.2494,0.335118
10.2895,0.335118
10.3296,0.335118
10.3697,0.335118
10.4098,0.335118
10.4499,0.335118
10.49,0.335118
10.5302,0.335118
10.5703,0.335118
10.6104,0.335118
10.6505,0.335118
10.6906,0.335118
10.7307,0.335118
10.7709,0.335118
10.811,0.335118
10.8511,0.335118
10.8912,0.335118
10.9314,0.335118
10.9715,0.335118
11.0116,0.335118
11.0517,0.335118
11.0919,0.335118
11.132,0.335118
11.1721,0.335118
11.2123,0.335118
11.2524,0.335118
11.2925,0.335118
11.3327,0.335118
11.3728,0.335118
11.4129,0.335118
11.4531,0.335118
11.4932,0.335118
11.5334,0.335118
11.5735,0.335118
11.6136,0.335118
11.6538,0.335118
11.6939,0.335118
11.7341,0.335118
11.7742,0.336774
11.8144,0.338431
11.8545,0.340087
11.8946,0.341744
11.9348,0.3434
11.9749,0.345057
12.0151,0.346713
12.0552,0.34837
12.0954,0.350027
12.1355,0.351683
12.1757,0.35334
12.2158,0.354997
12.256,0.356654
12.2962,0.35831
12.3363,0.359967
12.3765,0.361624
12.4166,0.363281
12.4568,0.364938
12.4969,0.366595
12.5371,0.368252
12.5773,0.369909
12.6174,0.371566
12.6576,0.373223
12.6977,0.37488
12.7379,0.376537
12.7781,0.378194
12.8182,0.379852
12.8584,0.381509
12.8986,0.383166
12.9387,0.384824
12.9789,0.386481
13.0191,0.388138
13.0592,0.389796
13.0994,0.391453
13.1396,0.393111
13.1797,0.394768
13.2199,0.396426
13.2601,0.398083
13.3003,0.399741
13.3404,0.401398
13.3806,0.403056
13.4208,0.404714
13.461,0.406371
13.5011,0.408029
13.5413,0.409687
13.5815,0.411345
13.6217,0.413002
13.6619,0.41466
13.702,0.416318
13.7422,0.417976
13.7824,0.419634
13.8226,0.421292
13.8628,0.42295
13.9029,0.424608
13.9431,0.426266
13.9833,0.427924
14.0235,0.429582
14.0637,0.43124
14.1039,0.432899
14.1441,0.434557
14.1842,0.436215
14.2244,0.437873
14.2646,0.439531
14.3048,0.44119
14.345,0.442848
14.3852,0.444506
14.4254,0.446165
14.4656,0.447823
14.5058,0.449482
14.546,0.45114
14.5862,0.452798
14.6264,0.454457
14.6666,0.456115
14.7068,0.457774
14.747,0.459433
14.7872,0.461091
14.8273,0.46275
14.8675,0.464409
14.9077,0.466067
14.9479,0.467726
14.9881,0.469385
15.0284,0.471043
15.0686,0.472702
15.1088,0.474361
15.149,0.47602
15.1892,0.477679
15.2294,0.479337
15.2696,0.480996
15.3098,0.482655
15.35,0.484314
15.3902,0.485973
15.4304,0.487632
15.4706,0.489291
15.5108,0.49095
15.551,0.492609
15.5912,0.494268
15.6314,0.495928
15.6717,0.497587
15.7119,0.499246
15.7521,0.500905
15.7923,0.502564
15.8325,0.504223
15.8727,0.505883
15.9129,0.507542
15.9531,0.509201
15.9934,0.51086
16.0336,0.51252
16.0738,0.514179
16.114,0.515839
16.1542,0.517498
16.1944,0.519157
16.2347,0.520817
16.2749,0.522476
16.3151,0.524136
16.3553,0.525795
16.3955,0.527455
16.4358,0.529114
16.476,0.530774
16.5162,0.532433
16.5564,0.534093
16.5966,0.535753
16.6369,0.537412
16.6771,0.539072
16.7173,0.540732
16.7575,0.542391
16.7978,0.544051
16.838,0.545711
16.8782,0.54737
16.9184,0.54903
16.9587,0.55069
16.9989,0.55235
17.0391,0.55401
17.0793,0.555669
17.1196,0.557329
17.1598,0.558989
17.2,0.560649
17.2403,0.562309
17.2805,0.563969
17.3207,0.565629
17.361,0.567289
17.4012,0.568949
17.4414,0.570609
17.4816,0.572269
17.5219,0.573929
17.5621,0.575589
17.6023,0.577249
17.6426,0.578909
17.6828,0.580569
17.723,0.582229
17.7633,0.583889
17.8035,0.58555
17.8438,0.58721
17.884,0.58887
17.9242,0.59053
17.9645,0.59219
18.0047,0.593851
18.0449,0.595511
18.0852,0.597171
18.1254,0.598831
18.1657,0.600492
18.2059,0.602152
18.2461,0.603812
18.2864,0.605473
18.3266,0.607133
18.3669,0.608793
18.4071,0.610454
18.4473,0.612114
18.4876,0.613775
18.5278,0.615435
18.5681,0.617096
18.6083,0.618756
18.6485,0.620416
18.6888,0.622077
18.729,0.623737
18.7693,0.625398
18.8095,0.627058
18.8498,0.628719
18.89,0.630379
18.9303,0.63204
18.9705,0.633701
19.0107,0.635361
19.051,0.637022
19.0912,0.638682
19.1315,0.640343
19.1717,0.642004
19.212,0.643664
19.2522,0.645325
19.2925,0.646986
19.3327,0.648646
19.373,0.650307
19.4132,0.651968
19.4535,0.653628
19.4937,0.655289
19.534,0.65695
19.5742,0.658611
19.6145,0.660271
19.6547,0.661932
19.695,0.663593
19.7352,0.665254
19.7755,0.666915
19.8157,0.668575
19.856,0.670236
19.8962,0.671897
19.9365,0.673558
19.9767,0.675219
20.017,0.67688
20.0572,0.67854
20.0975,0.680201
20.1377,0.681862
20.178,0.683523
20.2182,0.685184
20.2585,0.686845
20.2987,0.688506
20.339,0.690167
20.3793,0.691828
20.4195,0.693489
20.4598,0.69515
20.5,0.696811
20.5403,0.698471
20.5805,0.700132
20.6208,0.701793
20.661,0.703454
20.7013,0.705115
20.7416,0.706776
20.7818,0.708437
20.8221,0.710099
20.8623,0.71176
20.9026,0.713421
20.9428,0.715082
20.9831,0.716743
21.0234,0.718404
21.0636,0.720065
21.1039,0.721726
21.1441,0.723387
21.1844,0.725048
21.2246,0.726709
21.2649,0.72837
21.3052,0.730031
21.3454,0.731692
21.3857,0.733353
21.4259,0.735015
21.4662,0.736676
21.5064,0.738337
21.5467,0.739998
21.587,0.741659
21.6272,0.74332
21.6675,0.744981
21.7077,0.746643
21.748,0.748304
21.7883,0.749965
21.8285,0.751626
21.8688,0.753287
21.909,0.754948
21.9493,0.756609
21.9896,0.758271
22.0298,0.759932
22.0701,0.761593
22.1103,0.763254
22.1506,0.764915
22.1909,0.766577
22.2311,0.768238
22.2714,0.769899
22.3116,0.77156
22.3519,0.773221
22.3922,0.774883
22.4324,0.776544
22.4727,0.778205
22.5129,0.779866
22.5532,0.781527
22.5935,0.783189
22.6337,0.78485
22.674,0.786511
22.7143,0.788172
22.7545,0.789833
22.7948,0.791495
22.835,0.793156
22.8753,0.794817
22.9156,0.796478
22.9558,0.79814
22.9961,0.799801
23.0363,0.801462
23.0766,0.803123
23.1169,0.804785
23.1579,0.806446
23.2004,0.808169
23.2445,0.809955
23.2902,0.811807
23.3376,0.813727
23.3866,0.815716
23.4375,0.817777
23.4901,0.819911
23.5446,0.822121
23.601,0.824408
23.6594,0.826775
23.7197,0.829224
23.7821,0.831756
23.8466,0.834373
23.9133,0.837078
23.9821,0.839873
24.0532,0.842759
24.1265,0.845739
24.2022,0.848813
24.2803,0.851985
24.3608,0.855255
24.4437,0.858626
24.5291,0.862098
24.617,0.865674
24.7075,0.869355
24.8006,0.873141
24.8963,0.877035
24.9946,0.881037
25.0955,0.885148
25.1992,0.889369
25.3055,0.8937
25.4145,0.898142
25.5262,0.902695
25.6406,0.907359
25.7576,0.912134
25.8774,0.917019
25.9997,0.922014
26.1248,0.927119
26.2524,0.932331
26.3826,0.93765
26.5153,0.943075
26.6505,0.948603
26.7881,0.954232
26.9281,0.959961
27.0704,0.965786
27.215,0.971705
27.3617,0.977714
27.5105,0.983811
27.6612,0.989991
27.8139,0.996252
27.9683,1.00259
28.1244,1.009
28.2821,1.01547
28.4412,1.02201
28.6016,1.0286
28.7633,1.03525
28.926,1.04194
29.0896,1.04867
29.254,1.05544
29.4191,1.06224
29.5847,1.06907
29.7507,1.07591
29.9169,1.08276
0.0198879,0.944889
0.0596644,0.944889
0.0994427,0.944889
0.139223,0.944889
0.179004,0.944889
0.218787,0.944889
0.258572,0.944889
0.298359,0.944889
0.338147,0.944889
0.377937,0.944889
0.417728,0.944889
0.457521,0.944889
0.497316,0.944889
0.537113,0.944889
0.576911,0.944889
0.61671,0.944889
0.656512,0.944889
0.696315,0.944889
0.736119,0.944889
0.775925,0.944889
0.815733,0.944889
0.855543,0.944889
0.895354,0.944889
0.935166,0.944889
0.974981,0.944889
1.0148,0.944889
1.05461,0.944889
1.09443,0.944889
1.13425,0.944889
1.17408,0.944889
1.2139,0.944889
1.25373,0.944889
1.29355,0.944889
1.33338,0.944889
1.37321,0.944889
1.41304,0.944889
1.45288,0.944889
1.49271,0.944889
1.53255,0.944889
1.57239,0.944889
1.61223,0.944889
1.65207,0.944889
1.69191,0.944889
1.73175,0.944889
1.7716,0.944889
1.81145,0.944889
1.8513,0.944889
1.89115,0.944889
1.931,0.944889
1.97085,0.944889
2.01071,0.944889
2.05056,0.944889
2.09042,0.944889
2.13028,0.944889
2.17014,0.944889
2.21001,0.944889
2.24987,0.944889
2.28974,0.944889
2.3296,0.944889
2.36947,0.944889
2.40934,0.944889
2.44921,0.944889
2.48909,0.944889
2.52896,0.944889
2.56884,0.944889
2.60872,0.944889
2.64859,0.944889
2.68848,0.944889
2.72836,0.944889
2.76824,0.944889
2.80813,0.944889
2.84801,0.944889
2.8879,0.944889
2.92779,0.944889
2.96768,0.944889
3.00757,0.944889
3.04747,0.944889
3.08736,0.944889
3.12726,0.944889
3.16716,0.944889
3.20706,0.944889
3.24696,0.944889
3.28686,0.944889
3.32677,0.944889
3.36667,0.944889
3.40658,0.944889
3.44649,0.939357
3.4864,0.933825
3.52631,0.928293
3.56622,0.92276
3.60614,0.917227
3.64605,0.911695
3.68597,0.906161
3.72589,0.900628
3.76581,0.895095
3.80573,0.889561
3.84565,0.884027
3.88557,0.878493
3.9255,0.872959
3.96543,0.867424
4.00536,0.861889
4.04528,0.856354
4.08522,0.850819
4.12515,0.845284
4.16508,0.839749
4.20502,0.834213
4.24495,0.828677
4.28489,0.823141
4.32483,0.817605
4.36477,0.812068
4.40471,0.806532
4.44466,0.800995
4.4846,0.795458
4.52455,0.789921
4.56449,0.784384
4.60444,0.778846
4.64439,0.773308
4.68435,0.76777
4.7243,0.762232
4.76425,0.756694
4.80421,0.751156
4.84416,0.745617
4.88412,0.740078
4.92408,0.734539
4.96404,0.729
5.004,0.72346
5.04397,0.717921
5.08393,0.712381
5.1239,0.706841
5.16387,0.701301
5.20383,0.695761
5.2438,0.69022
5.28378,0.68468
5.32375,0.679139
5.36372,0.673598
5.4037,0.668056
5.44367,0.662515
5.48365,0.656974
5.52363,0.651432
5.56361,0.64589
5.60359,0.640348
5.64357,0.634805
5.68356,0.629263
5.72354,0.62372
5.76353,0.613852
5.80352,0.603984
5.84351,0.594115
5.8835,0.584246
5.92349,0.574376
5.96348,0.564507
6.00348,0.554637
6.04347,0.544766
6.08347,0.534896
6.12347,0.525025
6.16347,0.515153
6.20347,0.505282
6.24347,0.49541
6.28347,0.485538
6.32348,0.475665
6.36348,0.465793
6.40349,0.455919
6.44349,0.446046
6.4835,0.441718
6.52351,0.43739
6.56352,0.433062
6.60354,0.428734
6.64355,0.424406
6.68357,0.420077
6.72358,0.415749
6.7636,0.41142
6.80362,0.407091
6.84364,0.402762
6.88366,0.398433
6.92368,0.394104
6.9637,0.389775
7.00373,0.385445
7.04375,0.381116
7.08378,0.376786
7.12381,0.372456
7.16384,0.368126
7.20387,0.363796
7.2439,0.359466
7.28393,0.355135
7.32397,0.350805
7.364,0.350805
7.40404,0.350805
7.44407,0.350805
7.48411,0.350805
7.52415,0.350805
7.56419,0.350805
7.60423,0.350805
7.64428,0.350805
7.68432,0.350805
7.72437,0.350805
7.76441,0.350805
7.80446,0.350805
7.84451,0.350805
7.88456,0.350805
7.92461,0.350805
7.96466,0.350805
8.00471,0.350805
8.04477,0.350805
8.08482,0.350805
8.12488,0.350805
8.16494,0.350805
8.205,0.350805
8.24506,0.350805
8.28512,0.350805
8.32518,0.350805
8.36524,0.350805
8.4053,0.350805
8.44537,0.350805
8.48544,0.350805
8.5255,0.350805
8.56557,0.350805
8.60564,0.350805
8.64571,0.350805
8.68578,0.350805
8.72585,0.350805
8.76593,0.350805
8.806,0.350805
8.84608,0.350805
8.88615,0.350805
8.92623,0.350805
8.96631,0.350805
9.00639,0.350805
9.04647,0.350805
9.08655,0.350805
9.12663,0.350805
9.16672,0.350805
9.2068,0.350805
9.24689,0.350805
9.28697,0.350805
9.32706,0.350805
9.36715,0.350805
9.40724,0.350805
9.44733,0.350805
9.48742,0.350805
9.52752,0.350805
9.56761,0.350805
9.6077,0.350805
9.6478,0.350805
9.6879,0.350805
9.72799,0.350805
9.76809,0.350805
9.80819,0.350805
9.84829,0.350805
9.8884,0.350805
9.9285,0.350805
9.9686,0.350805
10.0087,0.350805
10.0488,0.350805
10.0889,0.350805
10.129,0.350805
10.1691,0.350805
10.2092,0.350805
10.2494,0.350805
10.2895,0.350805
10.3296,0.350805
10.3697,0.350805
10.4098,0.350805
10.4499,0.350805
10.49,0.350805
10.5302,0.350805
10.5703,0.350805
10.6104,0.350805
10.6505,0.350805
10.6906,0.350805
10.7307,0.350805
10.7709,0.350805
10.811,0.350805
10.8511,0.350805
10.8912,0.350805
10.9314,0.350805
10.9715,0.350805
11.0116,0.350805
11.0517,0.350805
11.0919,0.350805
11.132,0.350805
11.1721,0.350805
11.2123,0.350805
11.2524,0.350805
11.2925,0.350805
11.3327,0.350805
11.3728,0.350805
11.4129,0.350805
11.4531,0.350805
11.4932,0.350805
11.5334,0.350805
11.5735,0.350805
11.6136,0.350805
11.6538,0.350805
11.6939,0.350805
11.7341,0.350805
11.7742,0.352539
11.8144,0.354273
11.8545,0.356007
11.8946,0.357741
11.9348,0.359475
11.9749,0.361209
12.0151,0.362943
12.0552,0.364677
12.0954,0.366411
12.1355,0.368145
12.1757,0.36988
12.2158,0.371614
12.256,0.373348
12.2962,0.375083
12.3363,0.376817
12.3765,0.378551
12.4166,0.380286
12.4568,0.38202
12.4969,0.383755
12.5371,0.38549
12.5773,0.387224
12.6174,0.388959
12.6576,0.390693
12.6977,0.392428
12.7379,0.394163
12.7781,0.395898
12.8182,0.397632
12.8584,0.399367
12.8986,0.401102
12.9387,0.402837
12.9789,0.404572
13.0191,0.406307
13.0592,0.408042
13.0994,0.409777
13.1396,0.411512
13.1797,0.413247
13.2199,0.414982
13.2601,0.416717
13.3003,0.418452
13.3404,0.420188
13.3806,0.421923
13.4208,0.423658
13.461,0.425393
13.5011,0.427129
13.5413,0.428864
13.5815,0.430599
13.6217,0.432335
13.6619,0.43407
13.702,0.435806
13.7422,0.437541
13.7824,0.439277
13.8226,0.441012
13.8628,0.442748
13.9029,0.444484
13.9431,0.446219
13.9833,0.447955
14.0235,0.449691
14.0637,0.451426
14.1039,0.453162
14.1441,0.454898
14.1842,0.456634
14.2244,0.45837
14.2646,0.460106
14.3048,0.461842
14.345,0.463578
14.3852,0.465313
14.4254,0.467049
14.4656,0.468785
14.5058,0.470522
14.546,0.472258
14.5862,0.473994
14.6264,0.47573
14.6666,0.477466
14.7068,0.479202
14.747,0.480938
14.7872,0.482675
14.8273,0.484411
14.8675,0.486147
14.9077,0.487884
14.9479,0.48962
14.9881,0.491356
15.0284,0.493093
15.0686,0.494829
15.1088,0.496566
15.149,0.498302
15.1892,0.500039
15.2294,0.501775
15.2696,0.503512
15.3098,0.505248
15.35,0.506985
15.3902,0.508721
15.4304,0.510458
15.4706,0.512195
15.5108,0.513931
15.551,0.515668
15.5912,0.517405
15.6314,0.519142
15.6717,0.520878
15.7119,0.522615
15.7521,0.524352
15.7923,0.526089
15.8325,0.527826
15.8727,0.529563
15.9129,0.5313
15.9531,0.533037
15.9934,0.534774
16.0336,0.536511
16.0738,0.538248
16.114,0.539985
16.1542,0.541722
16.1944,0.543459
16.2347,0.545196
16.2749,0.546933
16.3151,0.54867
16.3553,0.550407
16.3955,0.552145
16.4358,0.553882
16.476,0.555619
16.5162,0.557356
16.5564,0.559094
16.5966,0.560831
16.6369,0.562568
16.6771,0.564306
16.7173,0.566043
16.7575,0.56778
16.7978,0.569518
16.838,0.571255
16.8782,0.572993
16.9184,0.57473
16.9587,0.576467
16.9989,0.578205
17.0391,0.579942
17.0793,0.58168
17.1196,0.583418
17.1598,0.585155
17.2,0.586893
17.2403,0.58863
17.2805,0.590368
17.3207,0.592106
17.361,0.593843
17.4012,0.595581
17.4414,0.597319
17.4816,0.599056
17.5219,0.600794
17.5621,0.602532
17.6023,0.60427
17.6426,0.606008
17.6828,0.607745
17.723,0.609483
17.7633,0.611221
17.8035,0.612959
17.8438,0.614697
17.884,0.616435
17.9242,0.618173
17.9645,0.619911
18.0047,0.621649
18.0449,0.623386
18.0852,0.625124
18.1254,0.626862
18.1657,0.6286
18.2059,0.630338
18.2461,0.632077
18.2864,0.633815
18.3266,0.635553
18.3669,0.637291
18.4071,0.639029
18.4473,0.640767
18.4876,0.642505
18.5278,0.644243
18.5681,0.645981
18.6083,0.64772
18.6485,0.649458
18.6888,0.651196
18.729,0.652934
18.7693,0.654672
18.8095,0.656411
18.8498,0.658149
18.89,0.659887
18.9303,0.661626
18.9705,0.663364
19.0107,0.665102
19.051,0.66684
19.0912,0.668579
19.1315,0.670317
19.1717,0.672056
19.212,0.673794
19.2522,0.675532
19.2925,0.677271
19.3327,0.679009
19.373,0.680748
19.4132,0.682486
19.4535,0.684224
19.4937,0.685963
19.534,0.687701
19.5742,0.68944
19.6145,0.691178
19.6547,0.692917
19.695,0.694655
19.7352,0.696394
19.7755,0.698132
19.8157,0.699871
19.856,0.70161
19.8962,0.703348
19.9365,0.705087
19.9767,0.706825
20.017,0.708564
20.0572,0.710303
20.0975,0.712041
20.1377,0.71378
20.178,0.715518
20.2182,0.717257
20.2585,0.718996
20.2987,0.720734
20.339,0.722473
20.3793,0.724212
20.4195,0.72595
20.4598,0.727689
20.5,0.729428
20.5403,0.731167
20.5805,0.732905
20.6208,0.734644
20.661,0.736383
20.7013,0.738122
20.7416,0.73986
20.7818,0.741599
20.8221,0.743338
20.8623,0.745077
20.9026,0.746815
20.9428,0.748554
20.9831,0.750293
21.0234,0.752032
21.0636,0.753771
21.1039,0.755509
21.1441,0.757248
21.1844,0.758987
21.2246,0.760726
21.2649,0.762465
21.3052,0.764204
21.3454,0.765943
21.3857,0.767681
21.4259,0.76942
21.4662,0.771159
21.5064,0.772898
21.5467,0.774637
21.587,0.776376
21.6272,0.778115
21.6675,0.779854
21.7077,0.781592
21.748,0.783331
21.7883,0.78507
21.8285,0.786809
21.8688,0.788548
21.909,0.790287
21.9493,0.792026
21.9896,0.793765
22.0298,0.795504
22.0701,0.797243
22.1103,0.798982
22.1506,0.800721
22.1909,0.80246
22.2311,0.804199
22.2714,0.805938
22.3116,0.807677
22.3519,0.809415
22.3922,0.811154
22.4324,0.812893
22.4727,0.814632
22.5129,0.816371
22.5532,0.81811
22.5935,0.819849
22.6337,0.821588
22.674,0.823327
22.7143,0.825066
22.7545,0.826805
22.7948,0.828544
22.835,0.830283
22.8753,0.832022
22.9156,0.833761
22.9558,0.8355
22.9961,0.837239
23.0363,0.838978
23.0766,0.840717
23.1169,0.842456
23.1579,0.844195
23.2004,0.845999
23.2445,0.847869
23.2902,0.849808
23.3376,0.851817
23.3866,0.8539
23.4375,0.856057
23.4901,0.858291
23.5446,0.860604
23.601,0.862999
23.6594,0.865476
23.7197,0.868039
23.7821,0.87069
23.8466,0.87343
23.9133,0.876262
23.9821,0.879187
24.0532,0.882208
24.1265,0.885327
24.2022,0.888546
24.2803,0.891866
24.3608,0.895289
24.4437,0.898818
24.5291,0.902453
24.617,0.906196
24.7075,0.910049
24.8006,0.914012
24.8963,0.918088
24.9946,0.922278
25.0955,0.926581
25.1992,0.930999
25.3055,0.935533
25.4145,0.940183
25.5262,0.944949
25.6406,0.949832
25.7576,0.95483
25.8774,0.959944
25.9997,0.965173
26.1248,0.970517
26.2524,0.975973
26.3826,0.981541
26.5153,0.98722
26.6505,0.993007
26.7881,0.998899
26.9281,1.0049
27.0704,1.01099
27.215,1.01719
27.3617,1.02348
27.5105,1.02986
27.6612,1.03633
27.8139,1.04289
27.9683,1.04952
28.1244,1.05623
28.2821,1.063
28.4412,1.06985
28.6016,1.07675
28.7633,1.08371
28.926,1.09071
29.0896,1.09776
29.254,1.10485
29.4191,1.11197
29.5847,1.11911
29.7507,1.12627
29.9169,1.13345
0.0198879,0.975226
0.0596644,0.975226
0.0994427,0.975226
0.139223,0.975226
0.179004,0.975226
0.218787,0.975226
0.258572,0.975226
0.298359,0.975226
0.338147,0.975226
0.377937,0.975226
0.417728,0.975226
0.457521,0.975226
0.497316,0.975226
0.537113,0.975226
0.576911,0.975226
0.61671,0.975226
0.656512,0.975226
0.696315,0.975226
0.736119,0.975226
0.775925,0.975226
0.815733,0.975226
0.855543,0.975226
0.895354,0.975226
0.935166,0.975226
0.974981,0.975226
1.0148,0.975226
1.05461,0.975226
1.09443,0.975226
1.13425,0.975226
1.17408,0.975226
1.2139,0.975226
1.25373,0.975226
1.29355,0.975226
1.33338,0.975226
1.37321,0.975226
1.41304,0.975226
1.45288,0.975226
1.49271,0.975226
1.53255,0.975226
1.57239,0.975226
1.61223,0.975226
1.65207,0.975226
1.69191,0.975226
1.73175,0.975226
1.7716,0.975226
1.81145,0.975226
1.8513,0.975226
1.89115,0.975226
1.931,0.975226
1.97085,0.975226
2.01071,0.975226
2.05056,0.975226
2.09042,0.975226
2.13028,0.975226
2.17014,0.975226
2.21001,0.975226
2.24987,0.975226
2.28974,0.975226
2.3296,0.975226
2.36947,0.975226
2.40934,0.975226
2.44921,0.975226
2.48909,0.975226
2.52896,0.975226
2.56884,0.975226
2.60872,0.975226
2.64859,0.975226
2.68848,0.975226
2.72836,0.975226
2.76824,0.975226
2.80813,0.975226
2.84801,0.975226
2.8879,0.975226
2.92779,0.975226
2.96768,0.975226
3.00757,0.975226
3.04747,0.975226
3.08736,0.975226
3.12726,0.975226
3.16716,0.975226
3.20706,0.975226
3.24696,0.975226
3.28686,0.975226
3.32677,0.975226
3.36667,0.975226
3.40658,0.975226
3.44649,0.969447
3.4864,0.963667
3.52631,0.957888
3.56622,0.952107
3.60614,0.946327
3.64605,0.940547
3.68597,0.934766
3.72589,0.928985
3.76581,0.923204
3.80573,0.917423
3.84565,0.911642
3.88557,0.90586
3.9255,0.900078
3.96543,0.894296
4.00536,0.888514
4.04528,0.882731
4.08522,0.876949
4.12515,0.871166
4.16508,0.865383
4.20502,0.859599
4.24495,0.853816
4.28489,0.848032
4.32483,0.842248
4.36477,0.836464
4.40471,0.83068
4.44466,0.824896
4.4846,0.819111
4.52455,0.813326
4.56449,0.807541
4.60444,0.801756
4.64439,0.795971
4.68435,0.790185
4.7243,0.784399
4.76425,0.778613
4.80421,0.772827
4.84416,0.76704
4.88412,0.761254
4.92408,0.755467
4.96404,0.74968
5.004,0.743893
5.04397,0.738106
5.08393,0.732318
5.1239,0.72653
5.16387,0.720742
5.20383,0.714954
5.2438,0.709166
5.28378,0.703377
5.32375,0.697589
5.36372,0.6918
5.4037,0.686011
5.44367,0.680221
5.48365,0.674432
5.52363,0.668642
5.56361,0.662853
5.60359,0.657063
5.64357,0.651272
5.68356,0.645482
5.72354,0.639692
5.76353,0.62968
5.80352,0.619668
5.84351,0.609656
5.8835,0.599643
5.92349,0.589631
5.96348,0.579617
6.00348,0.569604
6.04347,0.55959
6.08347,0.549576
6.12347,0.539562
6.16347,0.529547
6.20347,0.519532
6.24347,0.509517
6.28347,0.499501
6.32348,0.489485
6.36348,0.479469
6.40349,0.469452
6.44349,0.459436
6.4835,0.455212
6.52351,0.450989
6.56352,0.446766
6.60354,0.442542
6.64355,0.438318
6.68357,0.434095
6.72358,0.429871
6.7636,0.425647
6.80362,0.421422
6.84364,0.417198
6.88366,0.412974
6.92368,0.408749
6.9637,0.404524
7.00373,0.400299
7.04375,0.396074
7.08378,0.391849
7.12381,0.387624
7.16384,0.383399
7.20387,0.379173
7.2439,0.374948
7.28393,0.370722
7.32397,0.366496
7.364,0.366496
7.40404,0.366496
7.44407,0.366496
7.48411,0.366496
7.52415,0.366496
7.56419,0.366496
7.60423,0.366496
7.64428,0.366496
7.68432,0.366496
7.72437,0.366496
7.76441,0.366496
7.80446,0.366496
7.84451,0.366496
7.88456,0.366496
7.92461,0.366496
7.96466,0.366496
8.00471,0.366496
8.04477,0.366496
8.08482,0.366496
8.12488,0.366496
8.16494,0.366496
8.205,0.366496
8.24506,0.366496
8.28512,0.366496
8.32518,0.366496
8.36524,0.366496
8.4053,0.366496
8.44537,0.366496
8.48544,0.366496
8.5255,0.366496
8.56557,0.366496
8.60564,0.366496
8.64571,0.366496
8.68578,0.366496
8.72585,0.366496
8.76593,0.366496
8.806,0.366496
8.84608,0.366496
8.88615,0.366496
8.92623,0.366496
8.96631,0.366496
9.00639,0.366496
9.04647,0.366496
9.08655,0.366496
9.12663,0.366496
9.16672,0.366496
9.2068,0.366496
9.24689,0.366496
9.28697,0.366496
9.32706,0.366496
9.36715,0.366496
9.40724,0.366496
9.44733,0.366496
9.48742,0.366496
9.52752,0.366496
9.56761,0.366496
9.6077,0.366496
9.6478,0.366496
9.6879,0.366496
9.72799,0.366496
9.76809,0.366496
9.80819,0.366496
9.84829,0.366496
9.8884,0.366496
9.9285,0.366496
9.9686,0.366496
10.0087,0.366496
10.0488,0.366496
10.0889,0.366496
10.129,0.366496
10.1691,0.366496
10.2092,0.366496
10.2494,0.366496
10.2895,0.366496
10.3296,0.366496
10.3697,0.366496
10.4098,0.366496
10.4499,0.366496
10.49,0.366496
10.5302,0.366496
10.5703,0.366496
10.6104,0.366496
10.6505,0.366496
10.6906,0.366496
10.7307,0.366496
10.7709,0.366496
10.811,0.366496
10.8511,0.366496
10.8912,0.366496
10.9314,0.366496
10.9715,0.366496
11.0116,0.366496
11.0517,0.366496
11.0919,0.366496
11.132,0.366496
11.1721,0.366496
11.2123,0.366496
11.2524,0.366496
11.2925,0.366496
11.3327,0.366496
11.3728,0.366496
11.4129,0.366496
11.4531,0.366496
11.4932,0.366496
11.5334,0.366496
11.5735,0.366496
11.6136,0.366496
11.6538,0.366496
11.6939,0.366496
11.7341,0.366496
11.7742,0.368308
11.8144,0.370119
11.8545,0.371931
11.8946,0.373742
11.9348,0.375554
11.9749,0.377366
12.0151,0.379177
12.0552,0.380989
12.0954,0.382801
12.1355,0.384613
12.1757,0.386424
12.2158,0.388236
12.256,0.390048
12.2962,0.39186
12.3363,0.393672
12.3765,0.395484
12.4166,0.397296
12.4568,0.399108
12.4969,0.40092
12.5371,0.402733
12.5773,0.404545
12.6174,0.406357
12.6576,0.408169
12.6977,0.409982
12.7379,0.411794
12.7781,0.413606
12.8182,0.415419
12.8584,0.417231
12.8986,0.419043
12.9387,0.420856
12.9789,0.422668
13.0191,0.424481
13.0592,0.426294
13.0994,0.428106
13.1396,0.429919
13.1797,0.431732
13.2199,0.433544
13.2601,0.435357
13.3003,0.43717
13.3404,0.438983
13.3806,0.440796
13.4208,0.442608
13.461,0.444421
13.5011,0.446234
13.5413,0.448047
13.5815,0.44986
13.6217,0.451673
13.6619,0.453486
13.702,0.4553
13.7422,0.457113
13.7824,0.458926
13.8226,0.460739
13.8628,0.462552
13.9029,0.464366
13.9431,0.466179
13.9833,0.467992
14.0235,0.469806
14.0637,0.471619
14.1039,0.473432
14.1441,0.475246
14.1842,0.477059
14.2244,0.478873
14.2646,0.480686
14.3048,0.4825
14.345,0.484313
14.3852,0.486127
14.4254,0.487941
14.4656,0.489754
14.5058,0.491568
14.546,0.493382
14.5862,0.495196
14.6264,0.497009
14.6666,0.498823
14.7068,0.500637
14.747,0.502451
14.7872,0.504265
14.8273,0.506079
14.8675,0.507893
14.9077,0.509707
14.9479,0.511521
14.9881,0.513335
15.0284,0.515149
15.0686,0.516963
15.1088,0.518777
15.149,0.520591
15.1892,0.522405
15.2294,0.52422
15.2696,0.526034
15.3098,0.527848
15.35,0.529662
15.3902,0.531477
15.4304,0.533291
15.4706,0.535105
15.5108,0.53692
15.551,0.538734
15.5912,0.540549
15.6314,0.542363
15.6717,0.544177
15.7119,0.545992
15.7521,0.547807
15.7923,0.549621
15.8325,0.551436
15.8727,0.55325
15.9129,0.555065
15.9531,0.556879
15.9934,0.558694
16.0336,0.560509
16.0738,0.562324
16.114,0.564138
16.1542,0.565953
16.1944,0.567768
16.2347,0.569583
16.2749,0.571398
16.3151,0.573212
16.3553,0.575027
16.3955,0.576842
16.4358,0.578657
16.476,0.580472
16.5162,0.582287
16.5564,0.584102
16.5966,0.585917
16.6369,0.587732
16.6771,0.589547
16.7173,0.591362
16.7575,0.593177
16.7978,0.594992
16.838,0.596807
16.8782,0.598623
16.9184,0.600438
16.9587,0.602253
16.9989,0.604068
17.0391,0.605883
17.0793,0.607699
17.1196,0.609514
17.1598,0.611329
17.2,0.613145
17.2403,0.61496
17.2805,0.616775
17.3207,0.618591
17.361,0.620406
17.4012,0.622222
17.4414,0.624037
17.4816,0.625852
17.5219,0.627668
17.5621,0.629483
17.6023,0.631299
17.6426,0.633114
17.6828,0.63493
17.723,0.636746
17.7633,0.638561
17.8035,0.640377
17.8438,0.642192
17.884,0.644008
17.9242,0.645824
17.9645,0.647639
18.0047,0.649455
18.0449,0.651271
18.0852,0.653086
18.1254,0.654902
18.1657,0.656718
18.2059,0.658534
18.2461,0.660349
18.2864,0.662165
18.3266,0.663981
18.3669,0.665797
18.4071,0.667613
18.4473,0.669429
18.4876,0.671245
18.5278,0.67306
18.5681,0.674876
18.6083,0.676692
18.6485,0.678508
18.6888,0.680324
18.729,0.68214
18.7693,0.683956
18.8095,0.685772
18.8498,0.687588
18.89,0.689404
18.9303,0.69122
18.9705,0.693036
19.0107,0.694852
19.051,0.696668
19.0912,0.698485
19.1315,0.700301
19.1717,0.702117
19.212,0.703933
19.2522,0.705749
19.2925,0.707565
19.3327,0.709381
19.373,0.711198
19.4132,0.713014
19.4535,0.71483
19.4937,0.716646
19.534,0.718462
19.5742,0.720279
19.6145,0.722095
19.6547,0.723911
19.695,0.725728
19.7352,0.727544
19.7755,0.72936
19.8157,0.731176
19.856,0.732993
19.8962,0.734809
19.9365,0.736625
19.9767,0.738442
20.017,0.740258
20.0572,0.742075
20.0975,0.743891
20.1377,0.745707
20.178,0.747524
20.2182,0.74934
20.2585,0.751157
20.2987,0.752973
20.339,0.754789
20.3793,0.756606
20.4195,0.758422
20.4598,0.760239
20.5,0.762055
20.5403,0.763872
20.5805,0.765688
20.6208,0.767505
20.661,0.769321
20.7013,0.771138
20.7416,0.772954
20.7818,0.774771
20.8221,0.776588
20.8623,0.778404
20.9026,0.780221
20.9428,0.782037
20.9831,0.783854
21.0234,0.78567
21.0636,0.787487
21.1039,0.789304
21.1441,0.79112
21.1844,0.792937
21.2246,0.794753
21.2649,0.79657
21.3052,0.798387
21.3454,0.800203
21.3857,0.80202
21.4259,0.803837
21.4662,0.805653
21.5064,0.80747
21.5467,0.809287
21.587,0.811103
21.6272,0.81292
21.6675,0.814737
21.7077,0.816553
21.748,0.81837
21.7883,0.820187
21.8285,0.822003
21.8688,0.82382
21.909,0.825637
21.9493,0.827454
21.9896,0.82927
22.0298,0.831087
22.0701,0.832904
22.1103,0.83472
22.1506,0.836537
22.1909,0.838354
22.2311,0.840171
22.2714,0.841987
22.3116,0.843804
22.3519,0.845621
22.3922,0.847438
22.4324,0.849254
22.4727,0.851071
22.5129,0.852888
22.5532,0.854705
22.5935,0.856521
22.6337,0.858338
22.674,0.860155
22.7143,0.861972
22.7545,0.863788
22.7948,0.865605
22.835,0.867422
22.8753,0.869239
22.9156,0.871056
22.9558,0.872872
22.9961,0.874689
23.0363,0.876506
23.0766,0.878323
23.1169,0.880139
23.1579,0.881956
23.2004,0.88384
23.2445,0.885794
23.2902,0.88782
23.3376,0.889919
23.3866,0.892095
23.4375,0.894349
23.4901,0.896683
23.5446,0.899099
23.601,0.901601
23.6594,0.904189
23.7197,0.906867
23.7821,0.909636
23.8466,0.912499
23.9133,0.915457
23.9821,0.918513
24.0532,0.92167
24.1265,0.924928
24.2022,0.928291
24.2803,0.931759
24.3608,0.935336
24.4437,0.939022
24.5291,0.94282
24.617,0.94673
24.7075,0.950755
24.8006,0.954897
24.8963,0.959155
24.9946,0.963531
25.0955,0.968027
25.1992,0.972643
25.3055,0.97738
25.4145,0.982238
25.5262,0.987217
25.6406,0.992318
25.7576,0.99754
25.8774,1.00288
25.9997,1.00835
26.1248,1.01393
26.2524,1.01963
26.3826,1.02545
26.5153,1.03138
26.6505,1.03742
26.7881,1.04358
26.9281,1.04985
27.0704,1.05622
27.215,1.06269
27.3617,1.06926
27.5105,1.07593
27.6612,1.08269
27.8139,1.08953
27.9683,1.09646
28.1244,1.10347
28.2821,1.11055
28.4412,1.1177
28.6016,1.12491
28.7633,1.13218
28.926,1.1395
29.0896,1.14686
29.254,1.15427
29.4191,1.1617
29.5847,1.16917
29.7507,1.17665
29.9169,1.18415
0.0198879,1.00557
0.0596644,1.00557
0.0994427,1.00557
0.139223,1.00557
0.179004,1.00557
0.218787,1.00557
0.258572,1.00557
0.298359,1.00557
0.338147,1.00557
0.377937,1.00557
0.417728,1.00557
0.457521,1.00557
0.497316,1.00557
0.537113,1.00557
0.576911,1.00557
0.61671,1.00557
0.656512,1.00557
0.696315,1.00557
0.736119,1.00557
0.775925,1.00557
0.815733,1.00557
0.855543,1.00557
0.895354,1.00557
0.935166,1.00557
0.974981,1.00557
1.0148,1.00557
1.05461,1.00557
1.09443,1.00557
1.13425,1.00557
1.17408,1.00557
1.2139,1.00557
1.25373,1.00557
1.29355,1.00557
1.33338,1.00557
1.37321,1.00557
1.41304,1.00557
1.45288,1.00557
1.49271,1.00557
1.53255,1.00557
1.57239,1.00557
1.61223,1.00557
1.65207,1.00557
1.69191,1.00557
1.73175,1.00557
1.7716,1.00557
1.81145,1.00557
1.8513,1.00557
1.89115,1.00557
1.931,1.00557
1.97085,1.00557
2.01071,1.00557
2.05056,1.00557
2.09042,1.00557
2.13028,1.00557
2.17014,1.00557
2.21001,1.00557
2.24987,1.00557
2.28974,1.00557
2.3296,1.00557
2.36947,1.00557
2.40934,1.00557
2.44921,1.00557
2.48909,1.00557
2.52896,1.00557
2.56884,1.00557
2.60872,1.00557
2.64859,1.00557
2.68848,1.00557
2.72836,1.00557
2.76824,1.00557
2.80813,1.00557
2.84801,1.00557
2.8879,1.00557
2.92779,1.00557
2.96768,1.00557
3.00757,1.00557
3.04747,1.00557
3.08736,1.00557
3.12726,1.00557
3.16716,1.00557
3.20706,1.00557
3.24696,1.00557
3.28686,1.00557
3.32677,1.00557
3.36667,1.00557
3.40658,1.00557
3.44649,0.999545
3.4864,0.993518
3.52631,0.987491
3.56622,0.981463
3.60614,0.975435
3.64605,0.969407
3.68597,0.963379
3.72589,0.957351
3.76581,0.951322
3.80573,0.945293
3.84565,0.939264
3.88557,0.933235
3.9255,0.927205
3.96543,0.921176
4.00536,0.915146
4.04528,0.909116
4.08522,0.903085
4.12515,0.897055
4.16508,0.891024
4.20502,0.884993
4.24495,0.878962
4.28489,0.872931
4.32483,0.866899
4.36477,0.860867
4.40471,0.854835
4.44466,0.848803
4.4846,0.842771
4.52455,0.836738
4.56449,0.830705
4.60444,0.824672
4.64439,0.818639
4.68435,0.812606
4.7243,0.806572
4.76425,0.800538
4.80421,0.794504
4.84416,0.78847
4.88412,0.782436
4.92408,0.776401
4.96404,0.770366
5.004,0.764331
5.04397,0.758296
5.08393,0.752261
5.1239,0.746225
5.16387,0.740189
5.20383,0.734153
5.2438,0.728117
5.28378,0.72208
5.32375,0.716044
5.36372,0.710007
5.4037,0.70397
5.44367,0.697933
5.48365,0.691895
5.52363,0.685858
5.56361,0.67982
5.60359,0.673782
5.64357,0.667744
5.68356,0.661706
5.72354,0.655667
5.76353,0.645512
5.80352,0.635357
5.84351,0.625201
5.8835,0.615045
5.92349,0.604889
5.96348,0.594732
6.00348,0.584576
6.04347,0.574418
6.08347,0.564261
6.12347,0.554103
6.16347,0.543945
6.20347,0.533786
6.24347,0.523627
6.28347,0.513468
6.32348,0.503309
6.36348,0.493149
6.40349,0.482989
6.44349,0.472829
6.4835,0.46871
6.52351,0.464592
6.56352,0.460473
6.60354,0.456354
6.64355,0.452235
6.68357,0.448116
6.72358,0.443996
6.7636,0.439877
6.80362,0.435757
6.84364,0.431638
6.88366,0.427518
6.92368,0.423398
6.9637,0.419278
7.00373,0.415158
7.04375,0.411038
7.08378,0.406917
7.12381,0.402797
7.16384,0.398676
7.20387,0.394555
7.2439,0.390434
7.28393,0.386313
7.32397,0.382192
7.364,0.382192
7.40404,0.382192
7.44407,0.382192
7.48411,0.382192
7.52415,0.382192
7.56419,0.382192
7.60423,0.382192
7.64428,0.382192
7.68432,0.382192
7.72437,0.382192
7.76441,0.382192
7.80446,0.382192
7.84451,0.382192
7.88456,0.382192
7.92461,0.382192
7.96466,0.382192
8.00471,0.382192
8.04477,0.382192
8.08482,0.382192
8.12488,0.382192
8.16494,0.382192
8.205,0.382192
8.24506,0.382192
8.28512,0.382192
8.32518,0.382192
8.36524,0.382192
8.4053,0.382192
8.44537,0.382192
8.48544,0.382192
8.5255,0.382192
8.56557,0.382192
8.60564,0.382192
8.64571,0.382192
8.68578,0.382192
8.72585,0.382192
8.76593,0.382192
8.806,0.382192
8.84608,0.382192
8.88615,0.382192
8.92623,0.382192
8.96631,0.382192
9.00639,0.382192
9.04647,0.382192
9.08655,0.382192
9.12663,0.382192
9.16672,0.382192
9.2068,0.382192
9.24689,0.382192
9.28697,0.382192
9.32706,0.382192
9.36715,0.382192
9.40724,0.382192
9.44733,0.382192
9.48742,0.382192
9.52752,0.382192
9.56761,0.382192
9.6077,0.382192
9.6478,0.382192
9.6879,0.382192
9.72799,0.382192
9.76809,0.382192
9.80819,0.382192
9.84829,0.382192
9.8884,0.382192
9.9285,0.382192
9.9686,0.382192
10.0087,0.382192
10.0488,0.382192
10.0889,0.382192
10.129,0.382192
10.1691,0.382192
10.2092,0.382192
10.2494,0.382192
10.2895,0.382192
10.3296,0.382192
10.3697,0.382192
10.4098,0.382192
10.4499,0.382192
10.49,0.382192
10.5302,0.382192
10.5703,0.382192
10.6104,0.382192
10.6505,0.382192
10.6906,0.382192
10.7307,0.382192
10.7709,0.382192
10.811,0.382192
10.8511,0.382192
10.8912,0.382192
10.9314,0.382192
10.9715,0.382192
11.0116,0.382192
11.0517,0.382192
11.0919,0.382192
11.132,0.382192
11.1721,0.382192
11.2123,0.382192
11.2524,0.382192
11.2925,0.382192
11.3327,0.382192
11.3728,0.382192
11.4129,0.382192
11.4531,0.382192
11.4932,0.382192
11.5334,0.382192
11.5735,0.382192
11.6136,0.382192
11.6538,0.382192
11.6939,0.382192
11.7341,0.382192
11.7742,0.384081
11.8144,0.38597
11.8545,0.38786
11.8946,0.389749
11.9348,0.391638
11.9749,0.393527
12.0151,0.395416
12.0552,0.397306
12.0954,0.399195
12.1355,0.401085
12.1757,0.402974
12.2158,0.404863
12.256,0.406753
12.2962,0.408642
12.3363,0.410532
12.3765,0.412422
12.4166,0.414311
12.4568,0.416201
12.4969,0.418091
12.5371,0.41998
12.5773,0.42187
12.6174,0.42376
12.6576,0.42565
12.6977,0.42754
12.7379,0.42943
12.7781,0.43132
12.8182,0.43321
12.8584,0.4351
12.8986,0.43699
12.9387,0.43888
12.9789,0.44077
13.0191,0.44266
13.0592,0.444551
13.0994,0.446441
13.1396,0.448331
13.1797,0.450221
13.2199,0.452112
13.2601,0.454002
13.3003,0.455893
13.3404,0.457783
13.3806,0.459674
13.4208,0.461564
13.461,0.463455
13.5011,0.465345
13.5413,0.467236
13.5815,0.469127
13.6217,0.471017
13.6619,0.472908
13.702,0.474799
13.7422,0.47669
13.7824,0.47858
13.8226,0.480471
13.8628,0.482362
13.9029,0.484253
13.9431,0.486144
13.9833,0.488035
14.0235,0.489926
14.0637,0.491817
14.1039,0.493708
14.1441,0.495599
14.1842,0.49749
14.2244,0.499382
14.2646,0.501273
14.3048,0.503164
14.345,0.505055
14.3852,0.506947
14.4254,0.508838
14.4656,0.510729
14.5058,0.512621
14.546,0.514512
14.5862,0.516403
14.6264,0.518295
14.6666,0.520186
14.7068,0.522078
14.747,0.523969
14.7872,0.525861
14.8273,0.527753
14.8675,0.529644
14.9077,0.531536
14.9479,0.533428
14.9881,0.535319
15.0284,0.537211
15.0686,0.539103
15.1088,0.540995
15.149,0.542887
15.1892,0.544778
15.2294,0.54667
15.2696,0.548562
15.3098,0.550454
15.35,0.552346
15.3902,0.554238
15.4304,0.55613
15.4706,0.558022
15.5108,0.559914
15.551,0.561806
15.5912,0.563699
15.6314,0.565591
15.6717,0.567483
15.7119,0.569375
15.7521,0.571267
15.7923,0.57316
15.8325,0.575052
15.8727,0.576944
15.9129,0.578837
15.9531,0.580729
15.9934,0.582621
16.0336,0.584514
16.0738,0.586406
16.114,0.588299
16.1542,0.590191
16.1944,0.592084
16.2347,0.593976
16.2749,0.595869
16.3151,0.597761
16.3553,0.599654
16.3955,0.601547
16.4358,0.603439
16.476,0.605332
16.5162,0.607225
16.5564,0.609117
16.5966,0.61101
16.6369,0.612903
16.6771,0.614796
16.7173,0.616688
16.7575,0.618581
16.7978,0.620474
16.838,0.622367
16.8782,0.62426
16.9184,0.626153
16.9587,0.628046
16.9989,0.629939
17.0391,0.631832
17.0793,0.633725
17.1196,0.635618
17.1598,0.637511
17.2,0.639404
17.2403,0.641297
17.2805,0.64319
17.3207,0.645083
17.361,0.646976
17.4012,0.64887
17.4414,0.650763
17.4816,0.652656
17.5219,0.654549
17.5621,0.656442
17.6023,0.658336
17.6426,0.660229
17.6828,0.662122
17.723,0.664016
17.7633,0.665909
17.8035,0.667802
17.8438,0.669696
17.884,0.671589
17.9242,0.673482
17.9645,0.675376
18.0047,0.677269
18.0449,0.679163
18.0852,0.681056
18.1254,0.68295
18.1657,0.684843
18.2059,0.686737
18.2461,0.68863
18.2864,0.690524
18.3266,0.692418
18.3669,0.694311
18.4071,0.696205
18.4473,0.698098
18.4876,0.699992
18.5278,0.701886
18.5681,0.703779
18.6083,0.705673
18.6485,0.707567
18.6888,0.70946
18.729,0.711354
18.7693,0.713248
18.8095,0.715142
18.8498,0.717036
18.89,0.718929
18.9303,0.720823
18.9705,0.722717
19.0107,0.724611
19.051,0.726505
19.0912,0.728399
19.1315,0.730292
19.1717,0.732186
19.212,0.73408
19.2522,0.735974
19.2925,0.737868
19.3327,0.739762
19.373,0.741656
19.4132,0.74355
19.4535,0.745444
19.4937,0.747338
19.534,0.749232
19.5742,0.751126
19.6145,0.75302
19.6547,0.754914
19.695,0.756808
19.7352,0.758702
19.7755,0.760596
19.8157,0.762491
19.856,0.764385
19.8962,0.766279
19.9365,0.768173
19.9767,0.770067
20.017,0.771961
20.0572,0.773855
20.0975,0.77575
20.1377,0.777644
20.178,0.779538
20.2182,0.781432
20.2585,0.783326
20.2987,0.785221
20.339,0.787115
20.3793,0.789009
20.4195,0.790903
20.4598,0.792798
20.5,0.794692
20.5403,0.796586
20.5805,0.798481
20.6208,0.800375
20.661,0.802269
20.7013,0.804164
20.7416,0.806058
20.7818,0.807952
20.8221,0.809847
20.8623,0.811741
20.9026,0.813635
20.9428,0.81553
20.9831,0.817424
21.0234,0.819318
21.0636,0.821213
21.1039,0.823107
21.1441,0.825002
21.1844,0.826896
21.2246,0.82879
21.2649,0.830685
21.3052,0.832579
21.3454,0.834474
21.3857,0.836368
21.4259,0.838263
21.4662,0.840157
21.5064,0.842052
21.5467,0.843946
21.587,0.845841
21.6272,0.847735
21.6675,0.849629
21.7077,0.851524
21.748,0.853418
21.7883,0.855313
21.8285,0.857207
21.8688,0.859102
21.909,0.860996
21.9493,0.862891
21.9896,0.864786
22.0298,0.86668
22.0701,0.868575
22.1103,0.870469
22.1506,0.872364
22.1909,0.874258
22.2311,0.876153
22.2714,0.878047
22.3116,0.879942
22.3519,0.881836
22.3922,0.883731
22.4324,0.885625
22.4727,0.88752
22.5129,0.889415
22.5532,0.891309
22.5935,0.893204
22.6337,0.895098
22.674,0.896993
22.7143,0.898887
22.7545,0.900782
22.7948,0.902677
22.835,0.904571
22.8753,0.906466
22.9156,0.90836
22.9558,0.910255
22.9961,0.912149
23.0363,0.914044
23.0766,0.915939
23.1169,0.917833
23.1579,0.919728
23.2004,0.921693
23.2445,0.92373
23.2902,0.925843
23.3376,0.928032
23.3866,0.930301
23.4375,0.932651
23.4901,0.935085
23.5446,0.937605
23.601,0.940214
23.6594,0.942913
23.7197,0.945705
23.7821,0.948593
23.8466,0.951578
23.9133,0.954664
23.9821,0.957851
24.0532,0.961142
24.1265,0.96454
24.2022,0.968047
24.2803,0.971664
24.3608,0.975394
24.4437,0.979238
24.5291,0.983198
24.617,0.987276
24.7075,0.991473
24.8006,0.995792
24.8963,1.00023
24.9946,1.0048
25.0955,1.00949
25.1992,1.0143
25.3055,1.01924
25.4145,1.0243
25.5262,1.0295
25.6406,1.03482
25.7576,1.04026
25.8774,1.04583
25.9997,1.05153
26.1248,1.05735
26.2524,1.0633
26.3826,1.06936
26.5153,1.07555
26.6505,1.08185
26.7881,1.08827
26.9281,1.09481
27.0704,1.10145
27.215,1.1082
27.3617,1.11505
27.5105,1.12201
27.6612,1.12906
27.8139,1.1362
27.9683,1.14342
28.1244,1.15073
28.2821,1.15811
28.4412,1.16557
28.6016,1.17309
28.7633,1.18067
28.926,1.1883
29.0896,1.19598
29.254,1.2037
29.4191,1.21146
29.5847,1.21924
29.7507,1.22704
29.9169,1.23486
0.0198879,1.03592
0.0596644,1.03592
0.0994427,1.03592
0.139223,1.03592
0.179004,1.03592
0.218787,1.03592
0.258572,1.03592
0.298359,1.03592
0.338147,1.03592
0.377937,1.03592
0.417728,1.03592
0.457521,1.03592
0.497316,1.03592
0.537113,1.03592
0.576911,1.03592
0.61671,1.03592
0.656512,1.03592
0.696315,1.03592
0.736119,1.03592
0.775925,1.03592
0.815733,1.03592
0.855543,1.03592
0.895354,1.03592
0.935166,1.03592
0.974981,1.03592
1.0148,1.03592
1.05461,1.03592
1.09443,1.03592
1.13425,1.03592
1.17408,1.03592
1.2139,1.03592
1.25373,1.03592
1.29355,1.03592
1.33338,1.03592
1.37321,1.03592
1.41304,1.03592
1.45288,1.03592
1.49271,1.03592
1.53255,1.03592
1.57239,1.03592
1.61223,1.03592
1.65207,1.03592
1.69191,1.03592
1.73175,1.03592
1.7716,1.03592
1.81145,1.03592
1.8513,1.03592
1.89115,1.03592
1.931,1.03592
1.97085,1.03592
2.01071,1.03592
2.05056,1.03592
2.09042,1.03592
2.13028,1.03592
2.17014,1.03592
2.21001,1.03592
2.24987,1.03592
2.28974,1.03592
2.3296,1.03592
2.36947,1.03592
2.40934,1.03592
2.44921,1.03592
2.48909,1.03592
2.52896,1.03592
2.56884,1.03592
2.60872,1.03592
2.64859,1.03592
2.68848,1.03592
2.72836,1.03592
2.76824,1.03592
2.80813,1.03592
2.84801,1.03592
2.8879,1.03592
2.92779,1.03592
2.96768,1.03592
3.00757,1.03592
3.04747,1.03592
3.08736,1.03592
3.12726,1.03592
3.16716,1.03592
3.20706,1.03592
3.24696,1.03592
3.28686,1.03592
3.32677,1.03592
3.36667,1.03592
3.40658,1.03592
3.44649,1.02965
3.4864,1.02338
3.52631,1.0171
3.56622,1.01083
3.60614,1.00455
3.64605,0.998275
3.68597,0.991999
3.72589,0.985723
3.76581,0.979446
3.80573,0.97317
3.84565,0.966893
3.88557,0.960616
3.9255,0.954339
3.96543,0.948062
4.00536,0.941784
4.04528,0.935506
4.08522,0.929228
4.12515,0.92295
4.16508,0.916672
4.20502,0.910393
4.24495,0.904114
4.28489,0.897835
4.32483,0.891556
4.36477,0.885276
4.40471,0.878996
4.44466,0.872716
4.4846,0.866436
4.52455,0.860156
4.56449,0.853875
4.60444,0.847594
4.64439,0.841313
4.68435,0.835032
4.7243,0.82875
4.76425,0.822469
4.80421,0.816187
4.84416,0.809905
4.88412,0.803623
4.92408,0.79734
4.96404,0.791057
5.004,0.784774
5.04397,0.778491
5.08393,0.772208
5.1239,0.765924
5.16387,0.759641
5.20383,0.753357
5.2438,0.747072
5.28378,0.740788
5.32375,0.734504
5.36372,0.728219
5.4037,0.721934
5.44367,0.715649
5.48365,0.709363
5.52363,0.703078
5.56361,0.696792
5.60359,0.690506
5.64357,0.68422
5.68356,0.677933
5.72354,0.671647
5.76353,0.661348
5.80352,0.651049
5.84351,0.64075
5.8835,0.630451
5.92349,0.620151
5.96348,0.609851
6.00348,0.599551
6.04347,0.58925
6.08347,0.578949
6.12347,0.568648
6.16347,0.558346
6.20347,0.548044
6.24347,0.537742
6.28347,0.527439
6.32348,0.517136
6.36348,0.506833
6.40349,0.496529
6.44349,0.486225
6.4835,0.482212
6.52351,0.478198
6.56352,0.474183
6.60354,0.470169
6.64355,0.466155
6.68357,0.46214
6.72358,0.458126
6.7636,0.454111
6.80362,0.450096
6.84364,0.446081
6.88366,0.442066
6.92368,0.438051
6.9637,0.434035
7.00373,0.43002
7.04375,0.426004
7.08378,0.421989
7.12381,0.417973
7.16384,0.413957
7.20387,0.409941
7.2439,0.405925
7.28393,0.401909
7.32397,0.397892
7.364,0.397892
7.40404,0.397892
7.44407,0.397892
7.48411,0.397892
7.52415,0.397892
7.56419,0.397892
7.60423,0.397892
7.64428,0.397892
7.68432,0.397892
7.72437,0.397892
7.76441,0.397892
7.80446,0.397892
7.84451,0.397892
7.88456,0.397892
7.92461,0.397892
7.96466,0.397892
8.00471,0.397892
8.04477,0.397892
8.08482,0.397892
8.12488,0.397892
8.16494,0.397892
8.205,0.397892
8.24506,0.397892
8.28512,0.397892
8.32518,0.397892
8.36524,0.397892
8.4053,0.397892
8.44537,0.397892
8.48544,0.397892
8.5255,0.397892
8.56557,0.397892
8.60564,0.397892
8.64571,0.397892
8.68578,0.397892
8.72585,0.397892
8.76593,0.397892
8.806,0.397892
8.84608,0.397892
8.88615,0.397892
8.92623,0.397892
8.96631,0.397892
9.00639,0.397892
9.04647,0.397892
9.08655,0.397892
9.12663,0.397892
9.16672,0.397892
9.2068,0.397892
9.24689,0.397892
9.28697,0.397892
9.32706,0.397892
9.36715,0.397892
9.40724,0.397892
9.44733,0.397892
9.48742,0.397892
9.52752,0.397892
9.56761,0.397892
9.6077,0.397892
9.6478,0.397892
9.6879,0.397892
9.72799,0.397892
9.76809,0.397892
9.80819,0.397892
9.84829,0.397892
9.8884,0.397892
9.9285,0.397892
9.9686,0.397892
10.0087,0.397892
10.0488,0.397892
10.0889,0.397892
10.129,0.397892
10.1691,0.397892
10.2092,0.397892
10.2494,0.397892
10.2895,0.397892
10.3296,0.397892
10.3697,0.397892
10.4098,0.397892
10.4499,0.397892
10.49,0.397892
10.5302,0.397892
10.5703,0.397892
10.6104,0.397892
10.6505,0.397892
10.6906,0.397892
10.7307,0.397892
10.7709,0.397892
10.811,0.397892
10.8511,0.397892
10.8912,0.397892
10.9314,0.397892
10.9715,0.397892
11.0116,0.397892
11.0517,0.397892
11.0919,0.397892
11.132,0.397892
11.1721,0.397892
11.2123,0.397892
11.2524,0.397892
11.2925,0.397892
11.3327,0.397892
11.3728,0.397892
11.4129,0.397892
11.4531,0.397892
11.4932,0.397892
11.5334,0.397892
11.5735,0.397892
11.6136,0.397892
11.6538,0.397892
11.6939,0.397892
11.7341,0.397892
11.7742,0.399859
11.8144,0.401826
11.8545,0.403792
11.8946,0.405759
11.9348,0.407726
11.9749,0.409693
12.0151,0.41166
12.0552,0.413626
12.0954,0.415593
12.1355,0.41756
12.1757,0.419527
12.2158,0.421495
12.256,0.423462
12.2962,0.425429
12.3363,0.427396
12.3765,0.429363
12.4166,0.431331
12.4568,0.433298
12.4969,0.435265
12.5371,0.437233
12.5773,0.4392
12.6174,0.441167
12.6576,0.443135
12.6977,0.445102
12.7379,0.44707
12.7781,0.449038
12.8182,0.451005
12.8584,0.452973
12.8986,0.454941
12.9387,0.456908
12.9789,0.458876
13.0191,0.460844
13.0592,0.462812
13.0994,0.46478
13.1396,0.466748
13.1797,0.468716
13.2199,0.470684
13.2601,0.472652
13.3003,0.47462
13.3404,0.476588
13.3806,0.478556
13.4208,0.480524
13.461,0.482493
13.5011,0.484461
13.5413,0.486429
13.5815,0.488398
13.6217,0.490366
13.6619,0.492334
13.702,0.494303
13.7422,0.496271
13.7824,0.49824
13.8226,0.500208
13.8628,0.502177
13.9029,0.504145
13.9431,0.506114
13.9833,0.508083
14.0235,0.510051
14.0637,0.51202
14.1039,0.513989
14.1441,0.515958
14.1842,0.517926
14.2244,0.519895
14.2646,0.521864
14.3048,0.523833
14.345,0.525802
14.3852,0.527771
14.4254,0.52974
14.4656,0.531709
14.5058,0.533678
14.546,0.535647
14.5862,0.537616
14.6264,0.539586
14.6666,0.541555
14.7068,0.543524
14.747,0.545493
14.7872,0.547463
14.8273,0.549432
14.8675,0.551401
14.9077,0.553371
14.9479,0.55534
14.9881,0.557309
15.0284,0.559279
15.0686,0.561248
15.1088,0.563218
15.149,0.565188
15.1892,0.567157
15.2294,0.569127
15.2696,0.571096
15.3098,0.573066
15.35,0.575036
15.3902,0.577005
15.4304,0.578975
15.4706,0.580945
15.5108,0.582915
15.551,0.584885
15.5912,0.586854
15.6314,0.588824
15.6717,0.590794
15.7119,0.592764
15.7521,0.594734
15.7923,0.596704
15.8325,0.598674
15.8727,0.600644
15.9129,0.602614
15.9531,0.604584
15.9934,0.606555
16.0336,0.608525
16.0738,0.610495
16.114,0.612465
16.1542,0.614435
16.1944,0.616406
16.2347,0.618376
16.2749,0.620346
16.3151,0.622316
16.3553,0.624287
16.3955,0.626257
16.4358,0.628228
16.476,0.630198
16.5162,0.632168
16.5564,0.634139
16.5966,0.636109
16.6369,0.63808
16.6771,0.640051
16.7173,0.642021
16.7575,0.643992
16.7978,0.645962
16.838,0.647933
16.8782,0.649904
16.9184,0.651874
16.9587,0.653845
16.9989,0.655816
17.0391,0.657786
17.0793,0.659757
17.1196,0.661728
17.1598,0.663699
17.2,0.66567
17.2403,0.66764
17.2805,0.669611
17.3207,0.671582
17.361,0.673553
17.4012,0.675524
17.4414,0.677495
17.4816,0.679466
17.5219,0.681437
17.5621,0.683408
17.6023,0.685379
17.6426,0.68735
17.6828,0.689321
17.723,0.691292
17.7633,0.693263
17.8035,0.695234
17.8438,0.697206
17.884,0.699177
17.9242,0.701148
17.9645,0.703119
18.0047,0.70509
18.0449,0.707062
18.0852,0.709033
18.1254,0.711004
18.1657,0.712976
18.2059,0.714947
18.2461,0.716918
18.2864,0.71889
18.3266,0.720861
18.3669,0.722832
18.4071,0.724804
18.4473,0.726775
18.4876,0.728747
18.5278,0.730718
18.5681,0.732689
18.6083,0.734661
18.6485,0.736632
18.6888,0.738604
18.729,0.740576
18.7693,0.742547
18.8095,0.744519
18.8498,0.74649
18.89,0.748462
18.9303,0.750433
18.9705,0.752405
19.0107,0.754377
19.051,0.756348
19.0912,0.75832
19.1315,0.760292
19.1717,0.762263
19.212,0.764235
19.2522,0.766207
19.2925,0.768179
19.3327,0.77015
19.373,0.772122
19.4132,0.774094
19.4535,0.776066
19.4937,0.778038
19.534,0.780009
19.5742,0.781981
19.6145,0.783953
19.6547,0.785925
19.695,0.787897
19.7352,0.789869
19.7755,0.791841
19.8157,0.793812
19.856,0.795784
19.8962,0.797756
19.9365,0.799728
19.9767,0.8017
20.017,0.803672
20.0572,0.805644
20.0975,0.807616
20.1377,0.809588
20.178,0.81156
20.2182,0.813532
20.2585,0.815504
20.2987,0.817476
20.339,0.819448
20.3793,0.82142
20.4195,0.823393
20.4598,0.825365
20.5,0.827337
20.5403,0.829309
20.5805,0.831281
20.6208,0.833253
20.661,0.835225
20.7013,0.837197
20.7416,0.839169
20.7818,0.841142
20.8221,0.843114
20.8623,0.845086
20.9026,0.847058
20.9428,0.84903
20.9831,0.851003
21.0234,0.852975
21.0636,0.854947
21.1039,0.856919
21.1441,0.858891
21.1844,0.860864
21.2246,0.862836
21.2649,0.864808
21.3052,0.86678
21.3454,0.868753
21.3857,0.870725
21.4259,0.872697
21.4662,0.874669
21.5064,0.876642
21.5467,0.878614
21.587,0.880586
21.6272,0.882559
21.6675,0.884531
21.7077,0.886503
21.748,0.888476
21.7883,0.890448
21.8285,0.89242
21.8688,0.894393
21.909,0.896365
21.9493,0.898337
21.9896,0.90031
22.0298,0.902282
22.0701,0.904254
22.1103,0.906227
22.1506,0.908199
22.1909,0.910171
22.2311,0.912144
22.2714,0.914116
22.3116,0.916088
22.3519,0.918061
22.3922,0.920033
22.4324,0.922006
22.4727,0.923978
22.5129,0.92595
22.5532,0.927923
22.5935,0.929895
22.6337,0.931867
22.674,0.93384
22.7143,0.935812
22.7545,0.937785
22.7948,0.939757
22.835,0.941729
22.8753,0.943702
22.9156,0.945674
22.9558,0.947647
22.9961,0.949619
23.0363,0.951591
23.0766,0.953564
23.1169,0.955536
23.1579,0.957509
23.2004,0.959554
23.2445,0.961676
23.2902,0.963875
23.3376,0.966154
23.3866,0.968516
23.4375,0.970963
23.4901,0.973497
23.5446,0.97612
23.601,0.978836
23.6594,0.981646
23.7197,0.984553
23.7821,0.98756
23.8466,0.990668
23.9133,0.99388
23.9821,0.997198
24.0532,1.00062
24.1265,1.00416
24.2022,1.00781
24.2803,1.01158
24.3608,1.01546
24.4437,1.01946
24.5291,1.02359
24.617,1.02783
24.7075,1.0322
24.8006,1.0367
24.8963,1.04132
24.9946,1.04607
25.0955,1.05095
25.1992,1.05596
25.3055,1.06111
25.4145,1.06638
25.5262,1.07179
25.6406,1.07732
25.7576,1.08299
25.8774,1.08879
25.9997,1.09473
26.1248,1.10079
26.2524,1.10697
26.3826,1.11329
26.5153,1.11973
26.6505,1.12629
26.7881,1.13298
26.9281,1.13978
27.0704,1.1467
27.215,1.15372
27.3617,1.16086
27.5105,1.1681
27.6612,1.17544
27.8139,1.18287
27.9683,1.19039
28.1244,1.198
28.2821,1.20569
28.4412,1.21345
28.6016,1.22128
28.7633,1.22917
28.926,1.23712
29.0896,1.24511
29.254,1.25315
29.4191,1.26122
29.5847,1.26932
29.7507,1.27745
29.9169,1.28558
0.0198879,1.06628
0.0596644,1.06628
0.0994427,1.06628
0.139223,1.06628
0.179004,1.06628
0.218787,1.06628
0.258572,1.06628
0.298359,1.06628
0.338147,1.06628
0.377937,1.06628
0.417728,1.06628
0.457521,1.06628
0.497316,1.06628
0.537113,1.06628
0.576911,1.06628
0.61671,1.06628
0.656512,1.06628
0.696315,1.06628
0.736119,1.06628
0.775925,1.06628
0.815733,1.06628
0.855543,1.06628
0.895354,1.06628
0.935166,1.06628
0.974981,1.06628
1.0148,1.06628
1.05461,1.06628
1.09443,1.06628
1.13425,1.06628
1.17408,1.06628
1.2139,1.06628
1.25373,1.06628
1.29355,1.06628
1.33338,1.06628
1.37321,1.06628
1.41304,1.06628
1.45288,1.06628
1.49271,1.06628
1.53255,1.06628
1.57239,1.06628
1.61223,1.06628
1.65207,1.06628
1.69191,1.06628
1.73175,1.06628
1.7716,1.06628
1.81145,1.06628
1.8513,1.06628
1.89115,1.06628
1.931,1.06628
1.97085,1.06628
2.01071,1.06628
2.05056,1.06628
2.09042,1.06628
2.13028,1.06628
2.17014,1.06628
2.21001,1.06628
2.24987,1.06628
2.28974,1.06628
2.3296,1.06628
2.36947,1.06628
2.40934,1.06628
2.44921,1.06628
2.48909,1.06628
2.52896,1.06628
2.56884,1.06628
2.60872,1.06628
2.64859,1.06628
2.68848,1.06628
2.72836,1.06628
2.76824,1.06628
2.80813,1.06628
2.84801,1.06628
2.8879,1.06628
2.92779,1.06628
2.96768,1.06628
3.00757,1.06628
3.04747,1.06628
3.08736,1.06628
3.12726,1.06628
3.16716,1.06628
3.20706,1.06628
3.24696,1.06628
3.28686,1.06628
3.32677,1.06628
3.36667,1.06628
3.40658,1.06628
3.44649,1.05976
3.4864,1.05324
3.52631,1.04672
3.56622,1.04019
3.60614,1.03367
3.64605,1.02715
3.68597,1.02062
3.72589,1.0141
3.76581,1.00758
3.80573,1.00105
3.84565,0.994528
3.88557,0.988004
3.9255,0.981479
3.96543,0.974954
4.00536,0.968428
4.04528,0.961903
4.08522,0.955377
4.12515,0.948851
4.16508,0.942325
4.20502,0.935798
4.24495,0.929272
4.28489,0.922745
4.32483,0.916217
4.36477,0.90969
4.40471,0.903162
4.44466,0.896635
4.4846,0.890107
4.52455,0.883578
4.56449,0.87705
4.60444,0.870521
4.64439,0.863992
4.68435,0.857463
4.7243,0.850934
4.76425,0.844404
4.80421,0.837874
4.84416,0.831344
4.88412,0.824814
4.92408,0.818284
4.96404,0.811753
5.004,0.805222
5.04397,0.798691
5.08393,0.79216
5.1239,0.785628
5.16387,0.779096
5.20383,0.772564
5.2438,0.766032
5.28378,0.7595
5.32375,0.752967
5.36372,0.746434
5.4037,0.739901
5.44367,0.733368
5.48365,0.726835
5.52363,0.720301
5.56361,0.713767
5.60359,0.707233
5.64357,0.700699
5.68356,0.694164
5.72354,0.68763
5.76353,0.677188
5.80352,0.666745
5.84351,0.656303
5.8835,0.64586
5.92349,0.635417
5.96348,0.624973
6.00348,0.614529
6.04347,0.604085
6.08347,0.59364
6.12347,0.583195
6.16347,0.57275
6.20347,0.562305
6.24347,0.551859
6.28347,0.541413
6.32348,0.530966
6.36348,0.520519
6.40349,0.510072
6.44349,0.499625
6.4835,0.495716
6.52351,0.491806
6.56352,0.487897
6.60354,0.483987
6.64355,0.480078
6.68357,0.476168
6.72358,0.472258
6.7636,0.468348
6.80362,0.464438
6.84364,0.460528
6.88366,0.456617
6.92368,0.452707
6.9637,0.448796
7.00373,0.444885
7.04375,0.440974
7.08378,0.437064
7.12381,0.433152
7.16384,0.429241
7.20387,0.42533
7.2439,0.421419
7.28393,0.417507
7.32397,0.413595
7.364,0.413595
7.40404,0.413595
7.44407,0.413595
7.48411,0.413595
7.52415,0.413595
7.56419,0.413595
7.60423,0.413595
7.64428,0.413595
7.68432,0.413595
7.72437,0.413595
7.76441,0.413595
7.80446,0.413595
7.84451,0.413595
7.88456,0.413595
7.92461,0.413595
7.96466,0.413595
8.00471,0.413595
8.04477,0.413595
8.08482,0.413595
8.12488,0.413595
8.16494,0.413595
8.205,0.413595
8.24506,0.413595
8.28512,0.413595
8.32518,0.413595
8.36524,0.413595
8.4053,0.413595
8.44537,0.413595
8.48544,0.413595
8.5255,0.413595
8.56557,0.413595
8.60564,0.413595
8.64571,0.413595
8.68578,0.413595
8.72585,0.413595
8.76593,0.413595
8.806,0.413595
8.84608,0.413595
8.88615,0.413595
8.92623,0.413595
8.96631,0.413595
9.00639,0.413595
9.04647,0.413595
9.08655,0.413595
9.12663,0.413595
9.16672,0.413595
9.2068,0.413595
9.24689,0.413595
9.28697,0.413595
9.32706,0.413595
9.36715,0.413595
9.40724,0.413595
9.44733,0.413595
9.48742,0.413595
9.52752,0.413595
9.56761,0.413595
9.6077,0.413595
9.6478,0.413595
9.6879,0.413595
9.72799,0.413595
9.76809,0.413595
9.80819,0.413595
9.84829,0.413595
9.8884,0.413595
9.9285,0.413595
9.9686,0.413595
10.0087,0.413595
10.0488,0.413595
10.0889,0.413595
10.129,0.413595
10.1691,0.413595
10.2092,0.413595
10.2494,0.413595
10.2895,0.413595
10.3296,0.413595
10.3697,0.413595
10.4098,0.413595
10.4499,0.413595
10.49,0.413595
10.5302,0.413595
10.5703,0.413595
10.6104,0.413595
10.6505,0.413595
10.6906,0.413595
10.7307,0.413595
10.7709,0.413595
10.811,0.413595
10.8511,0.413595
10.8912,0.413595
10.9314,0.413595
10.9715,0.413595
11.0116,0.413595
11.0517,0.413595
11.0919,0.413595
11.132,0.413595
11.1721,0.413595
11.2123,0.413595
11.2524,0.413595
11.2925,0.413595
11.3327,0.413595
11.3728,0.413595
11.4129,0.413595
11.4531,0.413595
11.4932,0.413595
11.5334,0.413595
11.5735,0.413595
11.6136,0.413595
11.6538,0.413595
11.6939,0.413595
11.7341,0.413595
11.7742,0.41564
11.8144,0.417684
11.8545,0.419728
11.8946,0.421773
11.9348,0.423817
11.9749,0.425862
12.0151,0.427906
12.0552,0.429951
12.0954,0.431995
12.1355,0.43404
12.1757,0.436085
12.2158,0.438129
12.256,0.440174
12.2962,0.442219
12.3363,0.444264
12.3765,0.446308
12.4166,0.448353
12.4568,0.450398
12.4969,0.452443
12.5371,0.454488
12.5773,0.456533
12.6174,0.458579
12.6576,0.460624
12.6977,0.462669
12.7379,0.464714
12.7781,0.466759
12.8182,0.468805
12.8584,0.47085
12.8986,0.472895
12.9387,0.474941
12.9789,0.476986
13.0191,0.479032
13.0592,0.481077
13.0994,0.483123
13.1396,0.485169
13.1797,0.487214
13.2199,0.48926
13.2601,0.491306
13.3003,0.493351
13.3404,0.495397
13.3806,0.497443
13.4208,0.499489
13.461,0.501535
13.5011,0.503581
13.5413,0.505627
13.5815,0.507673
13.6217,0.509719
13.6619,0.511765
13.702,0.513811
13.7422,0.515857
13.7824,0.517903
13.8226,0.519949
13.8628,0.521996
13.9029,0.524042
13.9431,0.526088
13.9833,0.528135
14.0235,0.530181
14.0637,0.532227
14.1039,0.534274
14.1441,0.53632
14.1842,0.538367
14.2244,0.540413
14.2646,0.54246
14.3048,0.544507
14.345,0.546553
14.3852,0.5486
14.4254,0.550647
14.4656,0.552694
14.5058,0.55474
14.546,0.556787
14.5862,0.558834
14.6264,0.560881
14.6666,0.562928
14.7068,0.564975
14.747,0.567022
14.7872,0.569069
14.8273,0.571116
14.8675,0.573163
14.9077,0.57521
14.9479,0.577257
14.9881,0.579304
15.0284,0.581351
15.0686,0.583399
15.1088,0.585446
15.149,0.587493
15.1892,0.589541
15.2294,0.591588
15.2696,0.593635
15.3098,0.595683
15.35,0.59773
15.3902,0.599778
15.4304,0.601825
15.4706,0.603873
15.5108,0.60592
15.551,0.607968
15.5912,0.610015
15.6314,0.612063
15.6717,0.614111
15.7119,0.616158
15.7521,0.618206
15.7923,0.620254
15.8325,0.622301
15.8727,0.624349
15.9129,0.626397
15.9531,0.628445
15.9934,0.630493
16.0336,0.632541
16.0738,0.634589
16.114,0.636637
16.1542,0.638685
16.1944,0.640733
16.2347,0.642781
16.2749,0.644829
16.3151,0.646877
16.3553,0.648925
16.3955,0.650973
16.4358,0.653021
16.476,0.655069
16.5162,0.657118
16.5564,0.659166
16.5966,0.661214
16.6369,0.663262
16.6771,0.665311
16.7173,0.667359
16.7575,0.669407
16.7978,0.671456
16.838,0.673504
16.8782,0.675553
16.9184,0.677601
16.9587,0.67965
16.9989,0.681698
17.0391,0.683747
17.0793,0.685795
17.1196,0.687844
17.1598,0.689892
17.2,0.691941
17.2403,0.69399
17.2805,0.696038
17.3207,0.698087
17.361,0.700136
17.4012,0.702184
17.4414,0.704233
17.4816,0.706282
17.5219,0.708331
17.5621,0.710379
17.6023,0.712428
17.6426,0.714477
17.6828,0.716526
17.723,0.718575
17.7633,0.720624
17.8035,0.722673
17.8438,0.724722
17.884,0.726771
17.9242,0.72882
17.9645,0.730869
18.0047,0.732918
18.0449,0.734967
18.0852,0.737016
18.1254,0.739065
18.1657,0.741114
18.2059,0.743163
18.2461,0.745212
18.2864,0.747261
18.3266,0.74931
18.3669,0.75136
18.4071,0.753409
18.4473,0.755458
18.4876,0.757507
18.5278,0.759557
18.5681,0.761606
18.6083,0.763655
18.6485,0.765704
18.6888,0.767754
18.729,0.769803
18.7693,0.771852
18.8095,0.773902
18.8498,0.775951
18.89,0.778001
18.9303,0.78005
18.9705,0.7821
19.0107,0.784149
19.051,0.786198
19.0912,0.788248
19.1315,0.790297
19.1717,0.792347
19.212,0.794396
19.2522,0.796446
19.2925,0.798496
19.3327,0.800545
19.373,0.802595
19.4132,0.804644
19.4535,0.806694
19.4937,0.808744
19.534,0.810793
19.5742,0.812843
19.6145,0.814893
19.6547,0.816942
19.695,0.818992
19.7352,0.821042
19.7755,0.823091
19.8157,0.825141
19.856,0.827191
19.8962,0.829241
19.9365,0.83129
19.9767,0.83334
20.017,0.83539
20.0572,0.83744
20.0975,0.83949
20.1377,0.841539
20.178,0.843589
20.2182,0.845639
20.2585,0.847689
20.2987,0.849739
20.339,0.851789
20.3793,0.853839
20.4195,0.855889
20.4598,0.857938
20.5,0.859988
20.5403,0.862038
20.5805,0.864088
20.6208,0.866138
20.661,0.868188
20.7013,0.870238
20.7416,0.872288
20.7818,0.874338
20.8221,0.876388
20.8623,0.878438
20.9026,0.880488
20.9428,0.882538
20.9831,0.884588
21.0234,0.886638
21.0636,0.888688
21.1039,0.890738
21.1441,0.892788
21.1844,0.894838
21.2246,0.896888
21.2649,0.898939
21.3052,0.900989
21.3454,0.903039
21.3857,0.905089
21.4259,0.907139
21.4662,0.909189
21.5064,0.911239
21.5467,0.913289
21.587,0.915339
21.6272,0.91739
21.6675,0.91944
21.7077,0.92149
21.748,0.92354
21.7883,0.92559
21.8285,0.92764
21.8688,0.929691
21.909,0.931741
21.9493,0.933791
21.9896,0.935841
22.0298,0.937891
22.0701,0.939942
22.1103,0.941992
22.1506,0.944042
22.1909,0.946092
22.2311,0.948142
22.2714,0.950193
22.3116,0.952243
22.3519,0.954293
22.3922,0.956343
22.4324,0.958393
22.4727,0.960444
22.5129,0.962494
22.5532,0.964544
22.5935,0.966594
22.6337,0.968645
22.674,0.970695
22.7143,0.972745
22.7545,0.974795
22.7948,0.976846
22.835,0.978896
22.8753,0.980946
22.9156,0.982996
22.9558,0.985047
22.9961,0.987097
23.0363,0.989147
23.0766,0.991197
23.1169,0.993247
23.1579,0.995298
23.2004,0.997424
23.2445,0.999629
23.2902,1.00191
23.3376,1.00428
23.3866,1.00674
23.4375,1.00928
23.4901,1.01192
23.5446,1.01464
23.601,1.01747
23.6594,1.02039
23.7197,1.02341
23.7821,1.02653
23.8466,1.02977
23.9133,1.0331
23.9821,1.03655
24.0532,1.04012
24.1265,1.04379
24.2022,1.04759
24.2803,1.0515
24.3608,1.05554
24.4437,1.0597
24.5291,1.06398
24.617,1.0684
24.7075,1.07294
24.8006,1.07761
24.8963,1.08242
24.9946,1.08736
25.0955,1.09243
25.1992,1.09764
25.3055,1.10298
25.4145,1.10847
25.5262,1.11409
25.6406,1.11984
25.7576,1.12574
25.8774,1.13176
25.9997,1.13793
26.1248,1.14423
26.2524,1.15066
26.3826,1.15723
26.5153,1.16392
26.6505,1.17075
26.7881,1.17769
26.9281,1.18476
27.0704,1.19195
27.215,1.19926
27.3617,1.20667
27.5105,1.2142
27.6612,1.22183
27.8139,1.22955
27.9683,1.23737
28.1244,1.24528
28.2821,1.25327
28.4412,1.26134
28.6016,1.26948
28.7633,1.27768
28.926,1.28594
29.0896,1.29425
29.254,1.30261
29.4191,1.311
29.5847,1.31942
29.7507,1.32786
29.9169,1.33632
0.0198879,1.09665
0.0596644,1.09665
0.0994427,1.09665
0.139223,1.09665
0.179004,1.09665
0.218787,1.09665
0.258572,1.09665
0.298359,1.09665
0.338147,1.09665
0.377937,1.09665
0.417728,1.09665
0.457521,1.09665
0.497316,1.09665
0.537113,1.09665
0.576911,1.09665
0.61671,1.09665
0.656512,1.09665
0.696315,1.09665
0.736119,1.09665
0.775925,1.09665
0.815733,1.09665
0.855543,1.09665
0.895354,1.09665
0.935166,1.09665
0.974981,1.09665
1.0148,1.09665
1.05461,1.09665
1.09443,1.09665
1.13425,1.09665
1.17408,1.09665
1.2139,1.09665
1.25373,1.09665
1.29355,1.09665
1.33338,1.09665
1.37321,1.09665
1.41304,1.09665
1.45288,1.09665
1.49271,1.09665
1.53255,1.09665
1.57239,1.09665
1.61223,1.09665
1.65207,1.09665
1.69191,1.09665
1.73175,1.09665
1.7716,1.09665
1.81145,1.09665
1.8513,1.09665
1.89115,1.09665
1.931,1.09665
1.97085,1.09665
2.01071,1.09665
2.05056,1.09665
2.09042,1.09665
2.13028,1.09665
2.17014,1.09665
2.21001,1.09665
2.24987,1.09665
2.28974,1.09665
2.3296,1.09665
2.36947,1.09665
2.40934,1.09665
2.44921,1.09665
2.48909,1.09665
2.52896,1.09665
2.56884,1.09665
2.60872,1.09665
2.64859,1.09665
2.68848,1.09665
2.72836,1.09665
2.76824,1.09665
2.80813,1.09665
2.84801,1.09665
2.8879,1.09665
2.92779,1.09665
2.96768,1.09665
3.00757,1.09665
3.04747,1.09665
3.08736,1.09665
3.12726,1.09665
3.16716,1.09665
3.20706,1.09665
3.24696,1.09665
3.28686,1.09665
3.32677,1.09665
3.36667,1.09665
3.40658,1.09665
3.44649,1.08988
3.4864,1.08311
3.52631,1.07634
3.56622,1.06957
3.60614,1.0628
3.64605,1.05603
3.68597,1.04926
3.72589,1.04248
3.76581,1.03571
3.80573,1.02894
3.84565,1.02217
3.88557,1.0154
3.9255,1.00862
3.96543,1.00185
4.00536,0.995077
4.04528,0.988304
4.08522,0.98153
4.12515,0.974757
4.16508,0.967982
4.20502,0.961208
4.24495,0.954434
4.28489,0.947659
4.32483,0.940884
4.36477,0.934109
4.40471,0.927333
4.44466,0.920557
4.4846,0.913781
4.52455,0.907005
4.56449,0.900229
4.60444,0.893452
4.64439,0.886675
4.68435,0.879898
4.7243,0.873121
4.76425,0.866343
4.80421,0.859566
4.84416,0.852788
4.88412,0.846009
4.92408,0.839231
4.96404,0.832452
5.004,0.825673
5.04397,0.818894
5.08393,0.812115
5.1239,0.805335
5.16387,0.798556
5.20383,0.791775
5.2438,0.784995
5.28378,0.778215
5.32375,0.771434
5.36372,0.764653
5.4037,0.757872
5.44367,0.751091
5.48365,0.744309
5.52363,0.737527
5.56361,0.730745
5.60359,0.723963
5.64357,0.717181
5.68356,0.710398
5.72354,0.703615
5.76353,0.69303
5.80352,0.682444
5.84351,0.671858
5.8835,0.661272
5.92349,0.650685
5.96348,0.640098
6.00348,0.62951
6.04347,0.618922
6.08347,0.608334
6.12347,0.597746
6.16347,0.587157
6.20347,0.576568
6.24347,0.565979
6.28347,0.555389
6.32348,0.544799
6.36348,0.534209
6.40349,0.523618
6.44349,0.513027
6.4835,0.509222
6.52351,0.505418
6.56352,0.501613
6.60354,0.497808
6.64355,0.494003
6.68357,0.490198
6.72358,0.486393
6.7636,0.482588
6.80362,0.478782
6.84364,0.474977
6.88366,0.471171
6.92368,0.467365
6.9637,0.463559
7.00373,0.459753
7.04375,0.455947
7.08378,0.452141
7.12381,0.448335
7.16384,0.444528
7.20387,0.440722
7.2439,0.436915
7.28393,0.433108
7.32397,0.429301
7.364,0.429301
7.40404,0.429301
7.44407,0.429301
7.48411,0.429301
7.52415,0.429301
7.56419,0.429301
7.60423,0.429301
7.64428,0.429301
7.68432,0.429301
7.72437,0.429301
7.76441,0.429301
7.80446,0.429301
7.84451,0.429301
7.88456,0.429301
7.92461,0.429301
7.96466,0.429301
8.00471,0.429301
8.04477,0.429301
8.08482,0.429301
8.12488,0.429301
8.16494,0.429301
8.205,0.429301
8.24506,0.429301
8.28512,0.429301
8.32518,0.429301
8.36524,0.429301
8.4053,0.429301
8.44537,0.429301
8.48544,0.429301
8.5255,0.429301
8.56557,0.429301
8.60564,0.429301
8.64571,0.429301
8.68578,0.429301
8.72585,0.429301
8.76593,0.429301
8.806,0.429301
8.84608,0.429301
8.88615,0.429301
8.92623,0.429301
8.96631,0.429301
9.00639,0.429301
9.04647,0.429301
9.08655,0.429301
9.12663,0.429301
9.16672,0.429301
9.2068,0.429301
9.24689,0.429301
9.28697,0.429301
9.32706,0.429301
9.36715,0.429301
9.40724,0.429301
9.44733,0.429301
9.48742,0.429301
9.52752,0.429301
9.56761,0.429301
9.6077,0.429301
9.6478,0.429301
9.6879,0.429301
9.72799,0.429301
9.76809,0.429301
9.80819,0.429301
9.84829,0.429301
9.8884,0.429301
9.9285,0.429301
9.9686,0.429301
10.0087,0.429301
10.0488,0.429301
10.0889,0.429301
10.129,0.429301
10.1691,0.429301
10.2092,0.429301
10.2494,0.429301
10.2895,0.429301
10.3296,0.429301
10.3697,0.429301
10.4098,0.429301
10.4499,0.429301
10.49,0.429301
10.5302,0.429301
10.5703,0.429301
10.6104,0.429301
10.6505,0.429301
10.6906,0.429301
10.7307,0.429301
10.7709,0.429301
10.811,0.429301
10.8511,0.429301
10.8912,0.429301
10.9314,0.429301
10.9715,0.429301
11.0116,0.429301
11.0517,0.429301
11.0919,0.429301
11.132,0.429301
11.1721,0.429301
11.2123,0.429301
11.2524,0.429301
11.2925,0.429301
11.3327,0.429301
11.3728,0.429301
11.4129,0.429301
11.4531,0.429301
11.4932,0.429301
11.5334,0.429301
11.5735,0.429301
11.6136,0.429301
11.6538,0.429301
11.6939,0.429301
11.7341,0.429301
11.7742,0.431423
11.8144,0.433545
11.8545,0.435667
11.8946,0.437789
11.9348,0.439911
11.9749,0.442033
12.0151,0.444156
12.0552,0.446278
12.0954,0.4484
12.1355,0.450522
12.1757,0.452645
12.2158,0.454767
12.256,0.456889
12.2962,0.459012
12.3363,0.461134
12.3765,0.463257
12.4166,0.465379
12.4568,0.467502
12.4969,0.469625
12.5371,0.471747
12.5773,0.47387
12.6174,0.475993
12.6576,0.478116
12.6977,0.480238
12.7379,0.482361
12.7781,0.484484
12.8182,0.486607
12.8584,0.48873
12.8986,0.490853
12.9387,0.492976
12.9789,0.4951
13.0191,0.497223
13.0592,0.499346
13.0994,0.501469
13.1396,0.503592
13.1797,0.505716
13.2199,0.507839
13.2601,0.509963
13.3003,0.512086
13.3404,0.51421
13.3806,0.516333
13.4208,0.518457
13.461,0.52058
13.5011,0.522704
13.5413,0.524827
13.5815,0.526951
13.6217,0.529075
13.6619,0.531199
13.702,0.533323
13.7422,0.535446
13.7824,0.53757
13.8226,0.539694
13.8628,0.541818
13.9029,0.543942
13.9431,0.546066
13.9833,0.54819
14.0235,0.550314
14.0637,0.552438
14.1039,0.554563
14.1441,0.556687
14.1842,0.558811
14.2244,0.560935
14.2646,0.56306
14.3048,0.565184
14.345,0.567308
14.3852,0.569433
14.4254,0.571557
14.4656,0.573682
14.5058,0.575806
14.546,0.577931
14.5862,0.580055
14.6264,0.58218
14.6666,0.584305
14.7068,0.586429
14.747,0.588554
14.7872,0.590679
14.8273,0.592804
14.8675,0.594928
14.9077,0.597053
14.9479,0.599178
14.9881,0.601303
15.0284,0.603428
15.0686,0.605553
15.1088,0.607678
15.149,0.609803
15.1892,0.611928
15.2294,0.614053
15.2696,0.616178
15.3098,0.618303
15.35,0.620429
15.3902,0.622554
15.4304,0.624679
15.4706,0.626804
15.5108,0.62893
15.551,0.631055
15.5912,0.63318
15.6314,0.635306
15.6717,0.637431
15.7119,0.639557
15.7521,0.641682
15.7923,0.643808
15.8325,0.645933
15.8727,0.648059
15.9129,0.650184
15.9531,0.65231
15.9934,0.654435
16.0336,0.656561
16.0738,0.658687
16.114,0.660813
16.1542,0.662938
16.1944,0.665064
16.2347,0.66719
16.2749,0.669316
16.3151,0.671442
16.3553,0.673567
16.3955,0.675693
16.4358,0.677819
16.476,0.679945
16.5162,0.682071
16.5564,0.684197
16.5966,0.686323
16.6369,0.688449
16.6771,0.690576
16.7173,0.692702
16.7575,0.694828
16.7978,0.696954
16.838,0.69908
16.8782,0.701206
16.9184,0.703333
16.9587,0.705459
16.9989,0.707585
17.0391,0.709711
17.0793,0.711838
17.1196,0.713964
17.1598,0.716091
17.2,0.718217
17.2403,0.720343
17.2805,0.72247
17.3207,0.724596
17.361,0.726723
17.4012,0.728849
17.4414,0.730976
17.4816,0.733102
17.5219,0.735229
17.5621,0.737356
17.6023,0.739482
17.6426,0.741609
17.6828,0.743736
17.723,0.745862
17.7633,0.747989
17.8035,0.750116
17.8438,0.752242
17.884,0.754369
17.9242,0.756496
17.9645,0.758623
18.0047,0.76075
18.0449,0.762877
18.0852,0.765003
18.1254,0.76713
18.1657,0.769257
18.2059,0.771384
18.2461,0.773511
18.2864,0.775638
18.3266,0.777765
18.3669,0.779892
18.4071,0.782019
18.4473,0.784146
18.4876,0.786273
18.5278,0.7884
18.5681,0.790527
18.6083,0.792654
18.6485,0.794782
18.6888,0.796909
18.729,0.799036
18.7693,0.801163
18.8095,0.80329
18.8498,0.805418
18.89,0.807545
18.9303,0.809672
18.9705,0.811799
19.0107,0.813927
19.051,0.816054
19.0912,0.818181
19.1315,0.820309
19.1717,0.822436
19.212,0.824563
19.2522,0.826691
19.2925,0.828818
19.3327,0.830945
19.373,0.833073
19.4132,0.8352
19.4535,0.837328
19.4937,0.839455
19.534,0.841583
19.5742,0.84371
19.6145,0.845838
19.6547,0.847965
19.695,0.850093
19.7352,0.85222
19.7755,0.854348
19.8157,0.856475
19.856,0.858603
19.8962,0.860731
19.9365,0.862858
19.9767,0.864986
20.017,0.867113
20.0572,0.869241
20.0975,0.871369
20.1377,0.873496
20.178,0.875624
20.2182,0.877752
20.2585,0.879879
20.2987,0.882007
20.339,0.884135
20.3793,0.886263
20.4195,0.88839
20.4598,0.890518
20.5,0.892646
20.5403,0.894774
20.5805,0.896901
20.6208,0.899029
20.661,0.901157
20.7013,0.903285
20.7416,0.905413
20.7818,0.907541
20.8221,0.909668
20.8623,0.911796
20.9026,0.913924
20.9428,0.916052
20.9831,0.91818
21.0234,0.920308
21.0636,0.922436
21.1039,0.924564
21.1441,0.926692
21.1844,0.928819
21.2246,0.930947
21.2649,0.933075
21.3052,0.935203
21.3454,0.937331
21.3857,0.939459
21.4259,0.941587
21.4662,0.943715
21.5064,0.945843
21.5467,0.947971
21.587,0.950099
21.6272,0.952227
21.6675,0.954355
21.7077,0.956483
21.748,0.958611
21.7883,0.960739
21.8285,0.962867
21.8688,0.964995
21.909,0.967123
21.9493,0.969251
21.9896,0.971379
22.0298,0.973507
22.0701,0.975635
22.1103,0.977763
22.1506,0.979891
22.1909,0.982019
22.2311,0.984148
22.2714,0.986276
22.3116,0.988404
22.3519,0.990532
22.3922,0.99266
22.4324,0.994788
22.4727,0.996916
22.5129,0.999044
22.5532,1.00117
22.5935,1.0033
22.6337,1.00543
22.674,1.00756
22.7143,1.00968
22.7545,1.01181
22.7948,1.01394
22.835,1.01607
22.8753,1.0182
22.9156,1.02033
22.9558,1.02245
22.9961,1.02458
23.0363,1.02671
23.0766,1.02884
23.1169,1.03097
23.1579,1.03309
23.2004,1.0353
23.2445,1.03759
23.2902,1.03996
23.3376,1.04242
23.3866,1.04497
23.4375,1.04761
23.4901,1.05034
23.5446,1.05317
23.601,1.0561
23.6594,1.05914
23.7197,1.06227
23.7821,1.06552
23.8466,1.06887
23.9133,1.07234
23.9821,1.07592
24.0532,1.07961
24.1265,1.08343
24.2022,1.08737
24.2803,1.09143
24.3608,1.09562
24.4437,1.09994
24.5291,1.10439
24.617,1.10897
24.7075,1.11368
24.8006,1.11853
24.8963,1.12352
24.9946,1.12865
25.0955,1.13391
25.1992,1.13932
25.3055,1.14487
25.4145,1.15056
25.5262,1.15639
25.6406,1.16237
25.7576,1.16848
25.8774,1.17474
25.9997,1.18114
26.1248,1.18768
26.2524,1.19436
26.3826,1.20117
26.5153,1.20812
26.6505,1.2152
26.7881,1.22241
26.9281,1.22975
27.0704,1.23722
27.215,1.2448
27.3617,1.2525
27.5105,1.26031
27.6612,1.26822
27.8139,1.27624
27.9683,1.28436
28.1244,1.29257
28.2821,1.30086
28.4412,1.30924
28.6016,1.31768
28.7633,1.3262
28.926,1.33477
29.0896,1.3434
29.254,1.35207
29.4191,1.36078
29.5847,1.36952
29.7507,1.37829
29.9169,1.38707
0.0198879,1.12702
0.0596644,1.12702
0.0994427,1.12702
0.139223,1.12702
0.179004,1.12702
0.218787,1.12702
0.258572,1.12702
0.298359,1.12702
0.338147,1.12702
0.377937,1.12702
0.417728,1.12702
0.457521,1.12702
0.497316,1.12702
0.537113,1.12702
0.576911,1.12702
0.61671,1.12702
0.656512,1.12702
0.696315,1.12702
0.736119,1.12702
0.775925,1.12702
0.815733,1.12702
0.855543,1.12702
0.895354,1.12702
0.935166,1.12702
0.974981,1.12702
1.0148,1.12702
1.05461,1.12702
1.09443,1.12702
1.13425,1.12702
1.17408,1.12702
1.2139,1.12702
1.25373,1.12702
1.29355,1.12702
1.33338,1.12702
1.37321,1.12702
1.41304,1.12702
1.45288,1.12702
1.49271,1.12702
1.53255,1.12702
1.57239,1.12702
1.61223,1.12702
1.65207,1.12702
1.69191,1.12702
1.73175,1.12702
1.7716,1.12702
1.81145,1.12702
1.8513,1.12702
1.89115,1.12702
1.931,1.12702
1.97085,1.12702
2.01071,1.12702
2.05056,1.12702
2.09042,1.12702
2.13028,1.12702
2.17014,1.12702
2.21001,1.12702
2.24987,1.12702
2.28974,1.12702
2.3296,1.12702
2.36947,1.12702
2.40934,1.12702
2.44921,1.12702
2.48909,1.12702
2.52896,1.12702
2.56884,1.12702
2.60872,1.12702
2.64859,1.12702
2.68848,1.12702
2.72836,1.12702
2.76824,1.12702
2.80813,1.12702
2.84801,1.12702
2.8879,1.12702
2.92779,1.12702
2.96768,1.12702
3.00757,1.12702
3.04747,1.12702
3.08736,1.12702
3.12726,1.12702
3.16716,1.12702
3.20706,1.12702
3.24696,1.12702
3.28686,1.12702
3.32677,1.12702
3.36667,1.12702
3.40658,1.12702
3.44649,1.12
3.4864,1.11298
3.52631,1.10597
3.56622,1.09895
3.60614,1.09193
3.64605,1.08491
3.68597,1.07789
3.72589,1.07087
3.76581,1.06385
3.80573,1.05683
3.84565,1.04981
3.88557,1.04279
3.9255,1.03577
3.96543,1.02875
4.00536,1.02173
4.04528,1.01471
4.08522,1.00769
4.12515,1.00067
4.16508,0.993644
4.20502,0.986622
4.24495,0.979599
4.28489,0.972577
4.32483,0.965554
4.36477,0.958531
4.40471,0.951507
4.44466,0.944484
4.4846,0.93746
4.52455,0.930436
4.56449,0.923411
4.60444,0.916387
4.64439,0.909362
4.68435,0.902337
4.7243,0.895311
4.76425,0.888286
4.80421,0.88126
4.84416,0.874234
4.88412,0.867208
4.92408,0.860181
4.96404,0.853155
5.004,0.846128
5.04397,0.839101
5.08393,0.832073
5.1239,0.825045
5.16387,0.818018
5.20383,0.81099
5.2438,0.803961
5.28378,0.796933
5.32375,0.789904
5.36372,0.782875
5.4037,0.775846
5.44367,0.768816
5.48365,0.761786
5.52363,0.754757
5.56361,0.747726
5.60359,0.740696
5.64357,0.733665
5.68356,0.726635
5.72354,0.719604
5.76353,0.708875
5.80352,0.698145
5.84351,0.687416
5.8835,0.676686
5.92349,0.665955
5.96348,0.655225
6.00348,0.644494
6.04347,0.633762
6.08347,0.623031
6.12347,0.612299
6.16347,0.601566
6.20347,0.590834
6.24347,0.580101
6.28347,0.569367
6.32348,0.558634
6.36348,0.5479
6.40349,0.537165
6.44349,0.526431
6.4835,0.522731
6.52351,0.519031
6.56352,0.515331
6.60354,0.511631
6.64355,0.507931
6.68357,0.50423
6.72358,0.50053
6.7636,0.496829
6.80362,0.493129
6.84364,0.489428
6.88366,0.485727
6.92368,0.482026
6.9637,0.478325
7.00373,0.474624
7.04375,0.470922
7.08378,0.467221
7.12381,0.463519
7.16384,0.459818
7.20387,0.456116
7.2439,0.452414
7.28393,0.448712
7.32397,0.44501
7.364,0.44501
7.40404,0.44501
7.44407,0.44501
7.48411,0.44501
7.52415,0.44501
7.56419,0.44501
7.60423,0.44501
7.64428,0.44501
7.68432,0.44501
7.72437,0.44501
7.76441,0.44501
7.80446,0.44501
7.84451,0.44501
7.88456,0.44501
7.92461,0.44501
7.96466,0.44501
8.00471,0.44501
8.04477,0.44501
8.08482,0.44501
8.12488,0.44501
8.16494,0.44501
8.205,0.44501
8.24506,0.44501
8.28512,0.44501
8.32518,0.44501
8.36524,0.44501
8.4053,0.44501
8.44537,0.44501
8.48544,0.44501
8.5255,0.44501
8.56557,0.44501
8.60564,0.44501
8.64571,0.44501
8.68578,0.44501
8.72585,0.44501
8.76593,0.44501
8.806,0.44501
8.84608,0.44501
8.88615,0.44501
8.92623,0.44501
8.96631,0.44501
9.00639,0.44501
9.04647,0.44501
9.08655,0.44501
9.12663,0.44501
9.16672,0.44501
9.2068,0.44501
9.24689,0.44501
9.28697,0.44501
9.32706,0.44501
9.36715,0.44501
9.40724,0.44501
9.44733,0.44501
9.48742,0.44501
9.52752,0.44501
9.56761,0.44501
9.6077,0.44501
9.6478,0.44501
9.6879,0.44501
9.72799,0.44501
9.76809,0.44501
9.80819,0.44501
9.84829,0.44501
9.8884,0.44501
9.9285,0.44501
9.9686,0.44501
10.0087,0.44501
10.0488,0.44501
10.0889,0.44501
10.129,0.44501
10.1691,0.44501
10.2092,0.44501
10.2494,0.44501
10.2895,0.44501
10.3296,0.44501
10.3697,0.44501
10.4098,0.44501
10.4499,0.44501
10.49,0.44501
10.5302,0.44501
10.5703,0.44501
10.6104,0.44501
10.6505,0.44501
10.6906,0.44501
10.7307,0.44501
10.7709,0.44501
10.811,0.44501
10.8511,0.44501
10.8912,0.44501
10.9314,0.44501
10.9715,0.44501
11.0116,0.44501
11.0517,0.44501
11.0919,0.44501
11.132,0.44501
11.1721,0.44501
11.2123,0.44501
11.2524,0.44501
11.2925,0.44501
11.3327,0.44501
11.3728,0.44501
11.4129,0.44501
11.4531,0.44501
11.4932,0.44501
11.5334,0.44501
11.5735,0.44501
11.6136,0.44501
11.6538,0.44501
11.6939,0.44501
11.7341,0.44501
11.7742,0.447209
11.8144,0.449409
11.8545,0.451609
11.8946,0.453808
11.9348,0.456008
11.9749,0.458208
12.0151,0.460407
12.0552,0.462607
12.0954,0.464807
12.1355,0.467007
12.1757,0.469207
12.2158,0.471407
12.256,0.473607
12.2962,0.475807
12.3363,0.478007
12.3765,0.480208
12.4166,0.482408
12.4568,0.484608
12.4969,0.486808
12.5371,0.489009
12.5773,0.491209
12.6174,0.49341
12.6576,0.49561
12.6977,0.497811
12.7379,0.500011
12.7781,0.502212
12.8182,0.504412
12.8584,0.506613
12.8986,0.508814
12.9387,0.511015
12.9789,0.513216
13.0191,0.515416
13.0592,0.517617
13.0994,0.519818
13.1396,0.522019
13.1797,0.52422
13.2199,0.526421
13.2601,0.528622
13.3003,0.530824
13.3404,0.533025
13.3806,0.535226
13.4208,0.537427
13.461,0.539628
13.5011,0.54183
13.5413,0.544031
13.5815,0.546233
13.6217,0.548434
13.6619,0.550636
13.702,0.552837
13.7422,0.555039
13.7824,0.55724
13.8226,0.559442
13.8628,0.561644
13.9029,0.563845
13.9431,0.566047
13.9833,0.568249
14.0235,0.570451
14.0637,0.572652
14.1039,0.574854
14.1441,0.577056
14.1842,0.579258
14.2244,0.58146
14.2646,0.583662
14.3048,0.585864
14.345,0.588067
14.3852,0.590269
14.4254,0.592471
14.4656,0.594673
14.5058,0.596875
14.546,0.599078
14.5862,0.60128
14.6264,0.603482
14.6666,0.605685
14.7068,0.607887
14.747,0.61009
14.7872,0.612292
14.8273,0.614495
14.8675,0.616697
14.9077,0.6189
14.9479,0.621102
14.9881,0.623305
15.0284,0.625508
15.0686,0.62771
15.1088,0.629913
15.149,0.632116
15.1892,0.634319
15.2294,0.636522
15.2696,0.638725
15.3098,0.640927
15.35,0.64313
15.3902,0.645333
15.4304,0.647536
15.4706,0.649739
15.5108,0.651942
15.551,0.654146
15.5912,0.656349
15.6314,0.658552
15.6717,0.660755
15.7119,0.662958
15.7521,0.665161
15.7923,0.667365
15.8325,0.669568
15.8727,0.671771
15.9129,0.673975
15.9531,0.676178
15.9934,0.678382
16.0336,0.680585
16.0738,0.682789
16.114,0.684992
16.1542,0.687196
16.1944,0.689399
16.2347,0.691603
16.2749,0.693806
16.3151,0.69601
16.3553,0.698214
16.3955,0.700417
16.4358,0.702621
16.476,0.704825
16.5162,0.707029
16.5564,0.709232
16.5966,0.711436
16.6369,0.71364
16.6771,0.715844
16.7173,0.718048
16.7575,0.720252
16.7978,0.722456
16.838,0.72466
16.8782,0.726864
16.9184,0.729068
16.9587,0.731272
16.9989,0.733476
17.0391,0.73568
17.0793,0.737884
17.1196,0.740088
17.1598,0.742293
17.2,0.744497
17.2403,0.746701
17.2805,0.748905
17.3207,0.75111
17.361,0.753314
17.4012,0.755518
17.4414,0.757723
17.4816,0.759927
17.5219,0.762131
17.5621,0.764336
17.6023,0.76654
17.6426,0.768745
17.6828,0.770949
17.723,0.773154
17.7633,0.775358
17.8035,0.777563
17.8438,0.779767
17.884,0.781972
17.9242,0.784177
17.9645,0.786381
18.0047,0.788586
18.0449,0.790791
18.0852,0.792995
18.1254,0.7952
18.1657,0.797405
18.2059,0.799609
18.2461,0.801814
18.2864,0.804019
18.3266,0.806224
18.3669,0.808429
18.4071,0.810634
18.4473,0.812838
18.4876,0.815043
18.5278,0.817248
18.5681,0.819453
18.6083,0.821658
18.6485,0.823863
18.6888,0.826068
18.729,0.828273
18.7693,0.830478
18.8095,0.832683
18.8498,0.834888
18.89,0.837093
18.9303,0.839298
18.9705,0.841503
19.0107,0.843709
19.051,0.845914
19.0912,0.848119
19.1315,0.850324
19.1717,0.852529
19.212,0.854734
19.2522,0.85694
19.2925,0.859145
19.3327,0.86135
19.373,0.863555
19.4132,0.865761
19.4535,0.867966
19.4937,0.870171
19.534,0.872377
19.5742,0.874582
19.6145,0.876787
19.6547,0.878993
19.695,0.881198
19.7352,0.883403
19.7755,0.885609
19.8157,0.887814
19.856,0.89002
19.8962,0.892225
19.9365,0.894431
19.9767,0.896636
20.017,0.898842
20.0572,0.901047
20.0975,0.903253
20.1377,0.905458
20.178,0.907664
20.2182,0.909869
20.2585,0.912075
20.2987,0.91428
20.339,0.916486
20.3793,0.918691
20.4195,0.920897
20.4598,0.923103
20.5,0.925308
20.5403,0.927514
20.5805,0.92972
20.6208,0.931925
20.661,0.934131
20.7013,0.936337
20.7416,0.938542
20.7818,0.940748
20.8221,0.942954
20.8623,0.945159
20.9026,0.947365
20.9428,0.949571
20.9831,0.951777
21.0234,0.953982
21.0636,0.956188
21.1039,0.958394
21.1441,0.9606
21.1844,0.962805
21.2246,0.965011
21.2649,0.967217
21.3052,0.969423
21.3454,0.971629
21.3857,0.973834
21.4259,0.97604
21.4662,0.978246
21.5064,0.980452
21.5467,0.982658
21.587,0.984864
21.6272,0.98707
21.6675,0.989275
21.7077,0.991481
21.748,0.993687
21.7883,0.995893
21.8285,0.998099
21.8688,1.0003
21.909,1.00251
21.9493,1.00472
21.9896,1.00692
22.0298,1.00913
22.0701,1.01133
22.1103,1.01354
22.1506,1.01575
22.1909,1.01795
22.2311,1.02016
22.2714,1.02236
22.3116,1.02457
22.3519,1.02678
22.3922,1.02898
22.4324,1.03119
22.4727,1.03339
22.5129,1.0356
22.5532,1.03781
22.5935,1.04001
22.6337,1.04222
22.674,1.04442
22.7143,1.04663
22.7545,1.04884
22.7948,1.05104
22.835,1.05325
22.8753,1.05545
22.9156,1.05766
22.9558,1.05987
22.9961,1.06207
23.0363,1.06428
23.0766,1.06648
23.1169,1.06869
23.1579,1.07089
23.2004,1.07318
23.2445,1.07556
23.2902,1.07801
23.3376,1.08056
23.3866,1.08321
23.4375,1.08594
23.4901,1.08878
23.5446,1.09171
23.601,1.09475
23.6594,1.09789
23.7197,1.10114
23.7821,1.1045
23.8466,1.10798
23.9133,1.11157
23.9821,1.11528
24.0532,1.11912
24.1265,1.12307
24.2022,1.12716
24.2803,1.13137
24.3608,1.13571
24.4437,1.14019
24.5291,1.1448
24.617,1.14955
24.7075,1.15443
24.8006,1.15946
24.8963,1.16463
24.9946,1.16995
25.0955,1.17541
25.1992,1.18101
25.3055,1.18676
25.4145,1.19266
25.5262,1.19871
25.6406,1.2049
25.7576,1.21124
25.8774,1.21773
25.9997,1.22436
26.1248,1.23114
26.2524,1.23806
26.3826,1.24512
26.5153,1.25233
26.6505,1.25967
26.7881,1.26714
26.9281,1.27475
27.0704,1.28249
27.215,1.29035
27.3617,1.29833
27.5105,1.30642
27.6612,1.31463
27.8139,1.32294
27.9683,1.33136
28.1244,1.33986
28.2821,1.34846
28.4412,1.35714
28.6016,1.3659
28.7633,1.37472
28.926,1.38361
29.0896,1.39255
29.254,1.40154
29.4191,1.41057
29.5847,1.41963
29.7507,1.42872
29.9169,1.43782
0.0198879,1.15739
0.0596644,1.15739
0.0994427,1.15739
0.139223,1.15739
0.179004,1.15739
0.218787,1.15739
0.258572,1.15739
0.298359,1.15739
0.338147,1.15739
0.377937,1.15739
0.417728,1.15739
0.457521,1.15739
0.497316,1.15739
0.537113,1.15739
0.576911,1.15739
0.61671,1.15739
0.656512,1.15739
0.696315,1.15739
0.736119,1.15739
0.775925,1.15739
0.815733,1.15739
0.855543,1.15739
0.895354,1.15739
0.935166,1.15739
0.974981,1.15739
1.0148,1.15739
1.05461,1.15739
1.09443,1.15739
1.13425,1.15739
1.17408,1.15739
1.2139,1.15739
1.25373,1.15739
1.29355,1.15739
1.33338,1.15739
1.37321,1.15739
1.41304,1.15739
1.45288,1.15739
1.49271,1.15739
1.53255,1.15739
1.57239,1.15739
1.61223,1.15739
1.65207,1.15739
1.69191,1.15739
1.73175,1.15739
1.7716,1.15739
1.81145,1.15739
1.8513,1.15739
1.89115,1.15739
1.931,1.15739
1.97085,1.15739
2.01071,1.15739
2.05056,1.15739
2.09042,1.15739
2.13028,1.15739
2.17014,1.15739
2.21001,1.15739
2.24987,1.15739
2.28974,1.15739
2.3296,1.15739
2.36947,1.15739
2.40934,1.15739
2.44921,1.15739
2.48909,1.15739
2.52896,1.15739
2.56884,1.15739
2.60872,1.15739
2.64859,1.15739
2.68848,1.15739
2.72836,1.15739
2.76824,1.15739
2.80813,1.15739
2.84801,1.15739
2.8879,1.15739
2.92779,1.15739
2.96768,1.15739
3.00757,1.15739
3.04747,1.15739
3.08736,1.15739
3.12726,1.15739
3.16716,1.15739
3.20706,1.15739
3.24696,1.15739
3.28686,1.15739
3.32677,1.15739
3.36667,1.15739
3.40658,1.15739
3.44649,1.15013
3.4864,1.14286
3.52631,1.1356
3.56622,1.12833
3.60614,1.12106
3.64605,1.1138
3.68597,1.10653
3.72589,1.09926
3.76581,1.092
3.80573,1.08473
3.84565,1.07746
3.88557,1.07019
3.9255,1.06292
3.96543,1.05566
4.00536,1.04839
4.04528,1.04112
4.08522,1.03385
4.12515,1.02658
4.16508,1.01931
4.20502,1.01204
4.24495,1.00477
4.28489,0.997497
4.32483,0.990227
4.36477,0.982955
4.40471,0.975684
4.44466,0.968412
4.4846,0.961141
4.52455,0.953869
4.56449,0.946596
4.60444,0.939324
4.64439,0.932051
4.68435,0.924778
4.7243,0.917504
4.76425,0.910231
4.80421,0.902957
4.84416,0.895683
4.88412,0.888409
4.92408,0.881134
4.96404,0.873859
5.004,0.866584
5.04397,0.859309
5.08393,0.852034
5.1239,0.844758
5.16387,0.837482
5.20383,0.830206
5.2438,0.822929
5.28378,0.815653
5.32375,0.808376
5.36372,0.801099
5.4037,0.793821
5.44367,0.786544
5.48365,0.779266
5.52363,0.771988
5.56361,0.764709
5.60359,0.757431
5.64357,0.750152
5.68356,0.742873
5.72354,0.735594
5.76353,0.724721
5.80352,0.713848
5.84351,0.702975
5.8835,0.692101
5.92349,0.681228
5.96348,0.670353
6.00348,0.659479
6.04347,0.648604
6.08347,0.637728
6.12347,0.626853
6.16347,0.615977
6.20347,0.605101
6.24347,0.594224
6.28347,0.583347
6.32348,0.57247
6.36348,0.561592
6.40349,0.550714
6.44349,0.539836
6.4835,0.536241
6.52351,0.532646
6.56352,0.52905
6.60354,0.525455
6.64355,0.52186
6.68357,0.518264
6.72358,0.514668
6.7636,0.511073
6.80362,0.507477
6.84364,0.503881
6.88366,0.500284
6.92368,0.496688
6.9637,0.493092
7.00373,0.489495
7.04375,0.485899
7.08378,0.482302
7.12381,0.478705
7.16384,0.475109
7.20387,0.471512
7.2439,0.467915
7.28393,0.464317
7.32397,0.46072
7.364,0.46072
7.40404,0.46072
7.44407,0.46072
7.48411,0.46072
7.52415,0.46072
7.56419,0.46072
7.60423,0.46072
7.64428,0.46072
7.68432,0.46072
7.72437,0.46072
7.76441,0.46072
7.80446,0.46072
7.84451,0.46072
7.88456,0.46072
7.92461,0.46072
7.96466,0.46072
8.00471,0.46072
8.04477,0.46072
8.08482,0.46072
8.12488,0.46072
8.16494,0.46072
8.205,0.46072
8.24506,0.46072
8.28512,0.46072
8.32518,0.46072
8.36524,0.46072
8.4053,0.46072
8.44537,0.46072
8.48544,0.46072
8.5255,0.46072
8.56557,0.46072
8.60564,0.46072
8.64571,0.46072
8.68578,0.46072
8.72585,0.46072
8.76593,0.46072
8.806,0.46072
8.84608,0.46072
8.88615,0.46072
8.92623,0.46072
8.96631,0.46072
9.00639,0.46072
9.04647,0.46072
9.08655,0.46072
9.12663,0.46072
9.16672,0.46072
9.2068,0.46072
9.24689,0.46072
9.28697,0.46072
9.32706,0.46072
9.36715,0.46072
9.40724,0.46072
9.44733,0.46072
9.48742,0.46072
9.52752,0.46072
9.56761,0.46072
9.6077,0.46072
9.6478,0.46072
9.6879,0.46072
9.72799,0.46072
9.76809,0.46072
9.80819,0.46072
9.84829,0.46072
9.8884,0.46072
9.9285,0.46072
9.9686,0.46072
10.0087,0.46072
10.0488,0.46072
10.0889,0.46072
10.129,0.46072
10.1691,0.46072
10.2092,0.46072
10.2494,0.46072
10.2895,0.46072
10.3296,0.46072
10.3697,0.46072
10.4098,0.46072
10.4499,0.46072
10.49,0.46072
10.5302,0.46072
10.5703,0.46072
10.6104,0.46072
10.6505,0.46072
10.6906,0.46072
10.7307,0.46072
10.7709,0.46072
10.811,0.46072
10.8511,0.46072
10.8912,0.46072
10.9314,0.46072
10.9715,0.46072
11.0116,0.46072
11.0517,0.46072
11.0919,0.46072
11.132,0.46072
11.1721,0.46072
11.2123,0.46072
11.2524,0.46072
11.2925,0.46072
11.3327,0.46072
11.3728,0.46072
11.4129,0.46072
11.4531,0.46072
11.4932,0.46072
11.5334,0.46072
11.5735,0.46072
11.6136,0.46072
11.6538,0.46072
11.6939,0.46072
11.7341,0.46072
11.7742,0.462997
11.8144,0.465274
11.8545,0.467552
11.8946,0.469829
11.9348,0.472106
11.9749,0.474384
12.0151,0.476661
12.0552,0.478939
12.0954,0.481216
12.1355,0.483494
12.1757,0.485771
12.2158,0.488049
12.256,0.490327
12.2962,0.492605
12.3363,0.494883
12.3765,0.49716
12.4166,0.499438
12.4568,0.501716
12.4969,0.503994
12.5371,0.506272
12.5773,0.50855
12.6174,0.510828
12.6576,0.513107
12.6977,0.515385
12.7379,0.517663
12.7781,0.519941
12.8182,0.52222
12.8584,0.524498
12.8986,0.526777
12.9387,0.529055
12.9789,0.531334
13.0191,0.533612
13.0592,0.535891
13.0994,0.538169
13.1396,0.540448
13.1797,0.542727
13.2199,0.545006
13.2601,0.547284
13.3003,0.549563
13.3404,0.551842
13.3806,0.554121
13.4208,0.5564
13.461,0.558679
13.5011,0.560958
13.5413,0.563237
13.5815,0.565516
13.6217,0.567795
13.6619,0.570075
13.702,0.572354
13.7422,0.574633
13.7824,0.576913
13.8226,0.579192
13.8628,0.581471
13.9029,0.583751
13.9431,0.58603
13.9833,0.58831
14.0235,0.590589
14.0637,0.592869
14.1039,0.595148
14.1441,0.597428
14.1842,0.599708
14.2244,0.601988
14.2646,0.604267
14.3048,0.606547
14.345,0.608827
14.3852,0.611107
14.4254,0.613387
14.4656,0.615667
14.5058,0.617947
14.546,0.620227
14.5862,0.622507
14.6264,0.624787
14.6666,0.627067
14.7068,0.629347
14.747,0.631628
14.7872,0.633908
14.8273,0.636188
14.8675,0.638468
14.9077,0.640749
14.9479,0.643029
14.9881,0.64531
15.0284,0.64759
15.0686,0.64987
15.1088,0.652151
15.149,0.654432
15.1892,0.656712
15.2294,0.658993
15.2696,0.661273
15.3098,0.663554
15.35,0.665835
15.3902,0.668116
15.4304,0.670396
15.4706,0.672677
15.5108,0.674958
15.551,0.677239
15.5912,0.67952
15.6314,0.681801
15.6717,0.684082
15.7119,0.686363
15.7521,0.688644
15.7923,0.690925
15.8325,0.693206
15.8727,0.695487
15.9129,0.697768
15.9531,0.700049
15.9934,0.70233
16.0336,0.704612
16.0738,0.706893
16.114,0.709174
16.1542,0.711456
16.1944,0.713737
16.2347,0.716018
16.2749,0.7183
16.3151,0.720581
16.3553,0.722863
16.3955,0.725144
16.4358,0.727426
16.476,0.729707
16.5162,0.731989
16.5564,0.73427
16.5966,0.736552
16.6369,0.738834
16.6771,0.741115
16.7173,0.743397
16.7575,0.745679
16.7978,0.747961
16.838,0.750243
16.8782,0.752524
16.9184,0.754806
16.9587,0.757088
16.9989,0.75937
17.0391,0.761652
17.0793,0.763934
17.1196,0.766216
17.1598,0.768498
17.2,0.77078
17.2403,0.773062
17.2805,0.775344
17.3207,0.777626
17.361,0.779908
17.4012,0.78219
17.4414,0.784473
17.4816,0.786755
17.5219,0.789037
17.5621,0.791319
17.6023,0.793601
17.6426,0.795884
17.6828,0.798166
17.723,0.800448
17.7633,0.802731
17.8035,0.805013
17.8438,0.807296
17.884,0.809578
17.9242,0.81186
17.9645,0.814143
18.0047,0.816425
18.0449,0.818708
18.0852,0.82099
18.1254,0.823273
18.1657,0.825556
18.2059,0.827838
18.2461,0.830121
18.2864,0.832403
18.3266,0.834686
18.3669,0.836969
18.4071,0.839251
18.4473,0.841534
18.4876,0.843817
18.5278,0.8461
18.5681,0.848382
18.6083,0.850665
18.6485,0.852948
18.6888,0.855231
18.729,0.857514
18.7693,0.859796
18.8095,0.862079
18.8498,0.864362
18.89,0.866645
18.9303,0.868928
18.9705,0.871211
19.0107,0.873494
19.051,0.875777
19.0912,0.87806
19.1315,0.880343
19.1717,0.882626
19.212,0.884909
19.2522,0.887192
19.2925,0.889475
19.3327,0.891758
19.373,0.894042
19.4132,0.896325
19.4535,0.898608
19.4937,0.900891
19.534,0.903174
19.5742,0.905457
19.6145,0.907741
19.6547,0.910024
19.695,0.912307
19.7352,0.91459
19.7755,0.916873
19.8157,0.919157
19.856,0.92144
19.8962,0.923723
19.9365,0.926007
19.9767,0.92829
20.017,0.930573
20.0572,0.932857
20.0975,0.93514
20.1377,0.937423
20.178,0.939707
20.2182,0.94199
20.2585,0.944274
20.2987,0.946557
20.339,0.948841
20.3793,0.951124
20.4195,0.953407
20.4598,0.955691
20.5,0.957974
20.5403,0.960258
20.5805,0.962541
20.6208,0.964825
20.661,0.967109
20.7013,0.969392
20.7416,0.971676
20.7818,0.973959
20.8221,0.976243
20.8623,0.978526
20.9026,0.98081
20.9428,0.983094
20.9831,0.985377
21.0234,0.987661
21.0636,0.989944
21.1039,0.992228
21.1441,0.994512
21.1844,0.996795
21.2246,0.999079
21.2649,1.00136
21.3052,1.00365
21.3454,1.00593
21.3857,1.00821
21.4259,1.0105
21.4662,1.01278
21.5064,1.01506
21.5467,1.01735
21.587,1.01963
21.6272,1.02192
21.6675,1.0242
21.7077,1.02648
21.748,1.02877
21.7883,1.03105
21.8285,1.03333
21.8688,1.03562
21.909,1.0379
21.9493,1.04019
21.9896,1.04247
22.0298,1.04475
22.0701,1.04704
22.1103,1.04932
22.1506,1.0516
22.1909,1.05389
22.2311,1.05617
22.2714,1.05846
22.3116,1.06074
22.3519,1.06302
22.3922,1.06531
22.4324,1.06759
22.4727,1.06988
22.5129,1.07216
22.5532,1.07444
22.5935,1.07673
22.6337,1.07901
22.674,1.08129
22.7143,1.08358
22.7545,1.08586
22.7948,1.08815
22.835,1.09043
22.8753,1.09271
22.9156,1.095
22.9558,1.09728
22.9961,1.09957
23.0363,1.10185
23.0766,1.10413
23.1169,1.10642
23.1579,1.1087
23.2004,1.11107
23.2445,1.11353
23.2902,1.11607
23.3376,1.11871
23.3866,1.12145
23.4375,1.12428
23.4901,1.12721
23.5446,1.13025
23.601,1.1334
23.6594,1.13665
23.7197,1.14002
23.7821,1.1435
23.8466,1.1471
23.9133,1.15081
23.9821,1.15466
24.0532,1.15862
24.1265,1.16272
24.2022,1.16695
24.2803,1.17131
24.3608,1.1758
24.4437,1.18044
24.5291,1.18521
24.617,1.19013
24.7075,1.19519
24.8006,1.20039
24.8963,1.20575
24.9946,1.21125
25.0955,1.2169
25.1992,1.2227
25.3055,1.22866
25.4145,1.23476
25.5262,1.24102
25.6406,1.24744
25.7576,1.254
25.8774,1.26072
25.9997,1.26758
26.1248,1.2746
26.2524,1.28177
26.3826,1.28908
26.5153,1.29654
26.6505,1.30414
26.7881,1.31188
26.9281,1.31975
27.0704,1.32776
27.215,1.3359
27.3617,1.34416
27.5105,1.35254
27.6612,1.36104
27.8139,1.36965
27.9683,1.37836
28.1244,1.38717
28.2821,1.39607
28.4412,1.40505
28.6016,1.41412
28.7633,1.42326
28.926,1.43246
29.0896,1.44172
29.254,1.45102
29.4191,1.46037
29.5847,1.46975
29.7507,1.47916
29.9169,1.48858
0.0198879,1.18777
0.0596644,1.18777
0.0994427,1.18777
0.139223,1.18777
0.179004,1.18777
0.218787,1.18777
0.258572,1.18777
0.298359,1.18777
0.338147,1.18777
0.377937,1.18777
0.417728,1.18777
0.457521,1.18777
0.497316,1.18777
0.537113,1.18777
0.576911,1.18777
0.61671,1.18777
0.656512,1.18777
0.696315,1.18777
0.736119,1.18777
0.775925,1.18777
0.815733,1.18777
0.855543,1.18777
0.895354,1.18777
0.935166,1.18777
0.974981,1.18777
1.0148,1.18777
1.05461,1.18777
1.09443,1.18777
1.13425,1.18777
1.17408,1.18777
1.2139,1.18777
1.25373,1.18777
1.29355,1.18777
1.33338,1.18777
1.37321,1.18777
1.41304,1.18777
1.45288,1.18777
1.49271,1.18777
1.53255,1.18777
1.57239,1.18777
1.61223,1.18777
1.65207,1.18777
1.69191,1.18777
1.73175,1.18777
1.7716,1.18777
1.81145,1.18777
1.8513,1.18777
1.89115,1.18777
1.931,1.18777
1.97085,1.18777
2.01071,1.18777
2.05056,1.18777
2.09042,1.18777
2.13028,1.18777
2.17014,1.18777
2.21001,1.18777
2.24987,1.18777
2.28974,1.18777
2.3296,1.18777
2.36947,1.18777
2.40934,1.18777
2.44921,1.18777
2.48909,1.18777
2.52896,1.18777
2.56884,1.18777
2.60872,1.18777
2.64859,1.18777
2.68848,1.18777
2.72836,1.18777
2.76824,1.18777
2.80813,1.18777
2.84801,1.18777
2.8879,1.18777
2.92779,1.18777
2.96768,1.18777
3.00757,1.18777
3.04747,1.18777
3.08736,1.18777
3.12726,1.18777
3.16716,1.18777
3.20706,1.18777
3.24696,1.18777
3.28686,1.18777
3.32677,1.18777
3.36667,1.18777
3.40658,1.18777
3.44649,1.18025
3.4864,1.17274
3.52631,1.16523
3.56622,1.15771
3.60614,1.1502
3.64605,1.14269
3.68597,1.13517
3.72589,1.12766
3.76581,1.12014
3.80573,1.11263
3.84565,1.10511
3.88557,1.09759
3.9255,1.09008
3.96543,1.08256
4.00536,1.07504
4.04528,1.06753
4.08522,1.06001
4.12515,1.05249
4.16508,1.04498
4.20502,1.03746
4.24495,1.02994
4.28489,1.02242
4.32483,1.0149
4.36477,1.00738
4.40471,0.999863
4.44466,0.992343
4.4846,0.984824
4.52455,0.977304
4.56449,0.969783
4.60444,0.962263
4.64439,0.954742
4.68435,0.947221
4.7243,0.939699
4.76425,0.932178
4.80421,0.924656
4.84416,0.917134
4.88412,0.909611
4.92408,0.902089
4.96404,0.894566
5.004,0.887043
5.04397,0.879519
5.08393,0.871996
5.1239,0.864472
5.16387,0.856948
5.20383,0.849424
5.2438,0.841899
5.28378,0.834374
5.32375,0.826849
5.36372,0.819324
5.4037,0.811798
5.44367,0.804272
5.48365,0.796746
5.52363,0.78922
5.56361,0.781693
5.60359,0.774167
5.64357,0.76664
5.68356,0.759112
5.72354,0.751585
5.76353,0.740569
5.80352,0.729552
5.84351,0.718536
5.8835,0.707518
5.92349,0.696501
5.96348,0.685483
6.00348,0.674465
6.04347,0.663446
6.08347,0.652428
6.12347,0.641408
6.16347,0.630389
6.20347,0.619369
6.24347,0.608349
6.28347,0.597328
6.32348,0.586307
6.36348,0.575286
6.40349,0.564264
6.44349,0.553242
6.4835,0.549752
6.52351,0.546262
6.56352,0.542771
6.60354,0.539281
6.64355,0.53579
6.68357,0.532299
6.72358,0.528808
6.7636,0.525317
6.80362,0.521826
6.84364,0.518335
6.88366,0.514843
6.92368,0.511352
6.9637,0.50786
7.00373,0.504369
7.04375,0.500877
7.08378,0.497385
7.12381,0.493893
7.16384,0.490401
7.20387,0.486909
7.2439,0.483416
7.28393,0.479924
7.32397,0.476432
7.364,0.476432
7.40404,0.476432
7.44407,0.476432
7.48411,0.476432
7.52415,0.476432
7.56419,0.476432
7.60423,0.476432
7.64428,0.476432
7.68432,0.476432
7.72437,0.476432
7.76441,0.476432
7.80446,0.476432
7.84451,0.476432
7.88456,0.476432
7.92461,0.476432
7.96466,0.476432
8.00471,0.476432
8.04477,0.476432
8.08482,0.476432
8.12488,0.476432
8.16494,0.476432
8.205,0.476432
8.24506,0.476432
8.28512,0.476432
8.32518,0.476432
8.36524,0.476432
8.4053,0.476432
8.44537,0.476432
8.48544,0.476432
8.5255,0.476432
8.56557,0.476432
8.60564,0.476432
8.64571,0.476432
8.68578,0.476432
8.72585,0.476432
8.76593,0.476432
8.806,0.476432
8.84608,0.476432
8.88615,0.476432
8.92623,0.476432
8.96631,0.476432
9.00639,0.476432
9.04647,0.476432
9.08655,0.476432
9.12663,0.476432
9.16672,0.476432
9.2068,0.476432
9.24689,0.476432
9.28697,0.476432
9.32706,0.476432
9.36715,0.476432
9.40724,0.476432
9.44733,0.476432
9.48742,0.476432
9.52752,0.476432
9.56761,0.476432
9.6077,0.476432
9.6478,0.476432
9.6879,0.476432
9.72799,0.476432
9.76809,0.476432
9.80819,0.476432
9.84829,0.476432
9.8884,0.476432
9.9285,0.476432
9.9686,0.476432
10.0087,0.476432
10.0488,0.476432
10.0889,0.476432
10.129,0.476432
10.1691,0.476432
10.2092,0.476432
10.2494,0.476432
10.2895,0.476432
10.3296,0.476432
10.3697,0.476432
10.4098,0.476432
10.4499,0.476432
10.49,0.476432
10.5302,0.476432
10.5703,0.476432
10.6104,0.476432
10.6505,0.476432
10.6906,0.476432
10.7307,0.476432
10.7709,0.476432
10.811,0.476432
10.8511,0.476432
10.8912,0.476432
10.9314,0.476432
10.9715,0.476432
11.0116,0.476432
11.0517,0.476432
11.0919,0.476432
11.132,0.476432
11.1721,0.476432
11.2123,0.476432
11.2524,0.476432
11.2925,0.476432
11.3327,0.476432
11.3728,0.476432
11.4129,0.476432
11.4531,0.476432
11.4932,0.476432
11.5334,0.476432
11.5735,0.476432
11.6136,0.476432
11.6538,0.476432
11.6939,0.476432
11.7341,0.476432
11.7742,0.478786
11.8144,0.481141
11.8545,0.483496
11.8946,0.485851
11.9348,0.488206
11.9749,0.490561
12.0151,0.492916
12.0552,0.495272
12.0954,0.497627
12.1355,0.499982
12.1757,0.502337
12.2158,0.504693
12.256,0.507048
12.2962,0.509403
12.3363,0.511759
12.3765,0.514115
12.4166,0.51647
12.4568,0.518826
12.4969,0.521181
12.5371,0.523537
12.5773,0.525893
12.6174,0.528249
12.6576,0.530605
12.6977,0.532961
12.7379,0.535316
12.7781,0.537672
12.8182,0.540029
12.8584,0.542385
12.8986,0.544741
12.9387,0.547097
12.9789,0.549453
13.0191,0.551809
13.0592,0.554166
13.0994,0.556522
13.1396,0.558878
13.1797,0.561235
13.2199,0.563591
13.2601,0.565948
13.3003,0.568304
13.3404,0.570661
13.3806,0.573018
13.4208,0.575374
13.461,0.577731
13.5011,0.580088
13.5413,0.582445
13.5815,0.584801
13.6217,0.587158
13.6619,0.589515
13.702,0.591872
13.7422,0.594229
13.7824,0.596586
13.8226,0.598943
13.8628,0.601301
13.9029,0.603658
13.9431,0.606015
13.9833,0.608372
14.0235,0.61073
14.0637,0.613087
14.1039,0.615444
14.1441,0.617802
14.1842,0.620159
14.2244,0.622517
14.2646,0.624874
14.3048,0.627232
14.345,0.629589
14.3852,0.631947
14.4254,0.634305
14.4656,0.636662
14.5058,0.63902
14.546,0.641378
14.5862,0.643736
14.6264,0.646094
14.6666,0.648451
14.7068,0.650809
14.747,0.653167
14.7872,0.655525
14.8273,0.657883
14.8675,0.660241
14.9077,0.6626
14.9479,0.664958
14.9881,0.667316
15.0284,0.669674
15.0686,0.672032
15.1088,0.674391
15.149,0.676749
15.1892,0.679107
15.2294,0.681466
15.2696,0.683824
15.3098,0.686183
15.35,0.688541
15.3902,0.6909
15.4304,0.693258
15.4706,0.695617
15.5108,0.697975
15.551,0.700334
15.5912,0.702693
15.6314,0.705051
15.6717,0.70741
15.7119,0.709769
15.7521,0.712128
15.7923,0.714487
15.8325,0.716846
15.8727,0.719204
15.9129,0.721563
15.9531,0.723922
15.9934,0.726281
16.0336,0.72864
16.0738,0.730999
16.114,0.733359
16.1542,0.735718
16.1944,0.738077
16.2347,0.740436
16.2749,0.742795
16.3151,0.745155
16.3553,0.747514
16.3955,0.749873
16.4358,0.752232
16.476,0.754592
16.5162,0.756951
16.5564,0.759311
16.5966,0.76167
16.6369,0.76403
16.6771,0.766389
16.7173,0.768749
16.7575,0.771108
16.7978,0.773468
16.838,0.775827
16.8782,0.778187
16.9184,0.780547
16.9587,0.782906
16.9989,0.785266
17.0391,0.787626
17.0793,0.789986
17.1196,0.792345
17.1598,0.794705
17.2,0.797065
17.2403,0.799425
17.2805,0.801785
17.3207,0.804145
17.361,0.806505
17.4012,0.808865
17.4414,0.811225
17.4816,0.813585
17.5219,0.815945
17.5621,0.818305
17.6023,0.820665
17.6426,0.823025
17.6828,0.825385
17.723,0.827745
17.7633,0.830105
17.8035,0.832466
17.8438,0.834826
17.884,0.837186
17.9242,0.839546
17.9645,0.841907
18.0047,0.844267
18.0449,0.846627
18.0852,0.848988
18.1254,0.851348
18.1657,0.853709
18.2059,0.856069
18.2461,0.858429
18.2864,0.86079
18.3266,0.86315
18.3669,0.865511
18.4071,0.867872
18.4473,0.870232
18.4876,0.872593
18.5278,0.874953
18.5681,0.877314
18.6083,0.879674
18.6485,0.882035
18.6888,0.884396
18.729,0.886757
18.7693,0.889117
18.8095,0.891478
18.8498,0.893839
18.89,0.896199
18.9303,0.89856
18.9705,0.900921
19.0107,0.903282
19.051,0.905643
19.0912,0.908004
19.1315,0.910364
19.1717,0.912725
19.212,0.915086
19.2522,0.917447
19.2925,0.919808
19.3327,0.922169
19.373,0.92453
19.4132,0.926891
19.4535,0.929252
19.4937,0.931613
19.534,0.933974
19.5742,0.936335
19.6145,0.938696
19.6547,0.941057
19.695,0.943418
19.7352,0.94578
19.7755,0.948141
19.8157,0.950502
19.856,0.952863
19.8962,0.955224
19.9365,0.957585
19.9767,0.959947
20.017,0.962308
20.0572,0.964669
20.0975,0.96703
20.1377,0.969391
20.178,0.971753
20.2182,0.974114
20.2585,0.976475
20.2987,0.978837
20.339,0.981198
20.3793,0.983559
20.4195,0.985921
20.4598,0.988282
20.5,0.990643
20.5403,0.993005
20.5805,0.995366
20.6208,0.997727
20.661,1.00009
20.7013,1.00245
20.7416,1.00481
20.7818,1.00717
20.8221,1.00953
20.8623,1.0119
20.9026,1.01426
20.9428,1.01662
20.9831,1.01898
21.0234,1.02134
21.0636,1.0237
21.1039,1.02606
21.1441,1.02843
21.1844,1.03079
21.2246,1.03315
21.2649,1.03551
21.3052,1.03787
21.3454,1.04023
21.3857,1.0426
21.4259,1.04496
21.4662,1.04732
21.5064,1.04968
21.5467,1.05204
21.587,1.0544
21.6272,1.05677
21.6675,1.05913
21.7077,1.06149
21.748,1.06385
21.7883,1.06621
21.8285,1.06857
21.8688,1.07094
21.909,1.0733
21.9493,1.07566
21.9896,1.07802
22.0298,1.08038
22.0701,1.08274
22.1103,1.08511
22.1506,1.08747
22.1909,1.08983
22.2311,1.09219
22.2714,1.09455
22.3116,1.09691
22.3519,1.09928
22.3922,1.10164
22.4324,1.104
22.4727,1.10636
22.5129,1.10872
22.5532,1.11108
22.5935,1.11345
22.6337,1.11581
22.674,1.11817
22.7143,1.12053
22.7545,1.12289
22.7948,1.12525
22.835,1.12762
22.8753,1.12998
22.9156,1.13234
22.9558,1.1347
22.9961,1.13706
23.0363,1.13942
23.0766,1.14179
23.1169,1.14415
23.1579,1.14651
23.2004,1.14896
23.2445,1.1515
23.2902,1.15413
23.3376,1.15686
23.3866,1.15969
23.4375,1.16262
23.4901,1.16565
23.5446,1.1688
23.601,1.17205
23.6594,1.17541
23.7197,1.17889
23.7821,1.18249
23.8466,1.18621
23.9133,1.19006
23.9821,1.19403
24.0532,1.19814
24.1265,1.20237
24.2022,1.20674
24.2803,1.21125
24.3608,1.2159
24.4437,1.22069
24.5291,1.22563
24.617,1.23071
24.7075,1.23595
24.8006,1.24133
24.8963,1.24687
24.9946,1.25255
25.0955,1.2584
25.1992,1.2644
25.3055,1.27056
25.4145,1.27687
25.5262,1.28335
25.6406,1.28998
25.7576,1.29676
25.8774,1.30371
25.9997,1.31081
26.1248,1.31807
26.2524,1.32548
26.3826,1.33304
26.5153,1.34075
26.6505,1.34861
26.7881,1.35662
26.9281,1.36476
27.0704,1.37304
27.215,1.38146
27.3617,1.39
27.5105,1.39867
27.6612,1.40745
27.8139,1.41635
27.9683,1.42536
28.1244,1.43447
28.2821,1.44368
28.4412,1.45297
28.6016,1.46234
28.7633,1.47179
28.926,1.48131
29.0896,1.49088
29.254,1.50051
29.4191,1.51017
29.5847,1.51987
29.7507,1.5296
29.9169,1.53934
0.0198879,1.21814
0.0596644,1.21814
0.0994427,1.21814
0.139223,1.21814
0.179004,1.21814
0.218787,1.21814
0.258572,1.21814
0.298359,1.21814
0.338147,1.21814
0.377937,1.21814
0.417728,1.21814
0.457521,1.21814
0.497316,1.21814
0.537113,1.21814
0.576911,1.21814
0.61671,1.21814
0.656512,1.21814
0.696315,1.21814
0.736119,1.21814
0.775925,1.21814
0.815733,1.21814
0.855543,1.21814
0.895354,1.21814
0.935166,1.21814
0.974981,1.21814
1.0148,1.21814
1.05461,1.21814
1.09443,1.21814
1.13425,1.21814
1.17408,1.21814
1.2139,1.21814
1.25373,1.21814
1.29355,1.21814
1.33338,1.21814
1.37321,1.21814
1.41304,1.21814
1.45288,1.21814
1.49271,1.21814
1.53255,1.21814
1.57239,1.21814
1.61223,1.21814
1.65207,1.21814
1.69191,1.21814
1.73175,1.21814
1.7716,1.21814
1.81145,1.21814
1.8513,1.21814
1.89115,1.21814
1.931,1.21814
1.97085,1.21814
2.01071,1.21814
2.05056,1.21814
2.09042,1.21814
2.13028,1.21814
2.17014,1.21814
2.21001,1.21814
2.24987,1.21814
2.28974,1.21814
2.3296,1.21814
2.36947,1.21814
2.40934,1.21814
2.44921,1.21814
2.48909,1.21814
2.52896,1.21814
2.56884,1.21814
2.60872,1.21814
2.64859,1.21814
2.68848,1.21814
2.72836,1.21814
2.76824,1.21814
2.80813,1.21814
2.84801,1.21814
2.8879,1.21814
2.92779,1.21814
2.96768,1.21814
3.00757,1.21814
3.04747,1.21814
3.08736,1.21814
3.12726,1.21814
3.16716,1.21814
3.20706,1.21814
3.24696,1.21814
3.28686,1.21814
3.32677,1.21814
3.36667,1.21814
3.40658,1.21814
3.44649,1.21038
3.4864,1.20262
3.52631,1.19486
3.56622,1.1871
3.60614,1.17934
3.64605,1.17158
3.68597,1.16381
3.72589,1.15605
3.76581,1.14829
3.80573,1.14052
3.84565,1.13276
3.88557,1.125
3.9255,1.11723
3.96543,1.10947
4.00536,1.1017
4.04528,1.09394
4.08522,1.08617
4.12515,1.07841
4.16508,1.07064
4.20502,1.06288
4.24495,1.05511
4.28489,1.04734
4.32483,1.03958
4.36477,1.03181
4.40471,1.02404
4.44466,1.01628
4.4846,1.00851
4.52455,1.00074
4.56449,0.992971
4.60444,0.985203
4.64439,0.977434
4.68435,0.969665
4.7243,0.961895
4.76425,0.954126
4.80421,0.946356
4.84416,0.938585
4.88412,0.930815
4.92408,0.923044
4.96404,0.915273
5.004,0.907502
5.04397,0.899731
5.08393,0.891959
5.1239,0.884187
5.16387,0.876415
5.20383,0.868642
5.2438,0.86087
5.28378,0.853097
5.32375,0.845323
5.36372,0.83755
5.4037,0.829776
5.44367,0.822002
5.48365,0.814228
5.52363,0.806453
5.56361,0.798679
5.60359,0.790904
5.64357,0.783128
5.68356,0.775353
5.72354,0.767577
5.76353,0.756417
5.80352,0.745257
5.84351,0.734097
5.8835,0.722936
5.92349,0.711775
5.96348,0.700614
6.00348,0.689452
6.04347,0.67829
6.08347,0.667127
6.12347,0.655965
6.16347,0.644801
6.20347,0.633638
6.24347,0.622474
6.28347,0.61131
6.32348,0.600145
6.36348,0.58898
6.40349,0.577815
6.44349,0.56665
6.4835,0.563264
6.52351,0.559878
6.56352,0.556493
6.60354,0.553107
6.64355,0.549721
6.68357,0.546335
6.72358,0.542949
6.7636,0.539562
6.80362,0.536176
6.84364,0.532789
6.88366,0.529403
6.92368,0.526016
6.9637,0.522629
7.00373,0.519242
7.04375,0.515855
7.08378,0.512468
7.12381,0.509081
7.16384,0.505694
7.20387,0.502306
7.2439,0.498919
7.28393,0.495531
7.32397,0.492144
7.364,0.492144
7.40404,0.492144
7.44407,0.492144
7.48411,0.492144
7.52415,0.492144
7.56419,0.492144
7.60423,0.492144
7.64428,0.492144
7.68432,0.492144
7.72437,0.492144
7.76441,0.492144
7.80446,0.492144
7.84451,0.492144
7.88456,0.492144
7.92461,0.492144
7.96466,0.492144
8.00471,0.492144
8.04477,0.492144
8.08482,0.492144
8.12488,0.492144
8.16494,0.492144
8.205,0.492144
8.24506,0.492144
8.28512,0.492144
8.32518,0.492144
8.36524,0.492144
8.4053,0.492144
8.44537,0.492144
8.48544,0.492144
8.5255,0.492144
8.56557,0.492144
8.60564,0.492144
8.64571,0.492144
8.68578,0.492144
8.72585,0.492144
8.76593,0.492144
8.806,0.492144
8.84608,0.492144
8.88615,0.492144
8.92623,0.492144
8.96631,0.492144
9.00639,0.492144
9.04647,0.492144
9.08655,0.492144
9.12663,0.492144
9.16672,0.492144
9.2068,0.492144
9.24689,0.492144
9.28697,0.492144
9.32706,0.492144
9.36715,0.492144
9.40724,0.492144
9.44733,0.492144
9.48742,0.492144
9.52752,0.492144
9.56761,0.492144
9.6077,0.492144
9.6478,0.492144
9.6879,0.492144
9.72799,0.492144
9.76809,0.492144
9.80819,0.492144
9.84829,0.492144
9.8884,0.492144
9.9285,0.492144
9.9686,0.492144
10.0087,0.492144
10.0488,0.492144
10.0889,0.492144
10.129,0.492144
10.1691,0.492144
10.2092,0.492144
10.2494,0.492144
10.2895,0.492144
10.3296,0.492144
10.3697,0.492144
10.4098,0.492144
10.4499,0.492144
10.49,0.492144
10.5302,0.492144
10.5703,0.492144
10.6104,0.492144
10.6505,0.492144
10.6906,0.492144
10.7307,0.492144
10.7709,0.492144
10.811,0.492144
10.8511,0.492144
10.8912,0.492144
10.9314,0.492144
10.9715,0.492144
11.0116,0.492144
11.0517,0.492144
11.0919,0.492144
11.132,0.492144
11.1721,0.492144
11.2123,0.492144
11.2524,0.492144
11.2925,0.492144
11.3327,0.492144
11.3728,0.492144
11.4129,0.492144
11.4531,0.492144
11.4932,0.492144
11.5334,0.492144
11.5735,0.492144
11.6136,0.492144
11.6538,0.492144
11.6939,0.492144
11.7341,0.492144
11.7742,0.494576
11.8144,0.497009
11.8545,0.499441
11.8946,0.501874
11.9348,0.504307
11.9749,0.506739
12.0151,0.509172
12.0552,0.511605
12.0954,0.514038
12.1355,0.516471
12.1757,0.518904
12.2158,0.521337
12.256,0.52377
12.2962,0.526203
12.3363,0.528636
12.3765,0.53107
12.4166,0.533503
12.4568,0.535936
12.4969,0.53837
12.5371,0.540803
12.5773,0.543236
12.6174,0.54567
12.6576,0.548103
12.6977,0.550537
12.7379,0.552971
12.7781,0.555404
12.8182,0.557838
12.8584,0.560272
12.8986,0.562706
12.9387,0.56514
12.9789,0.567574
13.0191,0.570008
13.0592,0.572442
13.0994,0.574876
13.1396,0.57731
13.1797,0.579744
13.2199,0.582178
13.2601,0.584612
13.3003,0.587047
13.3404,0.589481
13.3806,0.591915
13.4208,0.59435
13.461,0.596784
13.5011,0.599219
13.5413,0.601653
13.5815,0.604088
13.6217,0.606522
13.6619,0.608957
13.702,0.611392
13.7422,0.613826
13.7824,0.616261
13.8226,0.618696
13.8628,0.621131
13.9029,0.623566
13.9431,0.626001
13.9833,0.628436
14.0235,0.630871
14.0637,0.633306
14.1039,0.635741
14.1441,0.638176
14.1842,0.640611
14.2244,0.643047
14.2646,0.645482
14.3048,0.647917
14.345,0.650353
14.3852,0.652788
14.4254,0.655223
14.4656,0.657659
14.5058,0.660094
14.546,0.66253
14.5862,0.664965
14.6264,0.667401
14.6666,0.669837
14.7068,0.672272
14.747,0.674708
14.7872,0.677144
14.8273,0.67958
14.8675,0.682016
14.9077,0.684451
14.9479,0.686887
14.9881,0.689323
15.0284,0.691759
15.0686,0.694195
15.1088,0.696631
15.149,0.699068
15.1892,0.701504
15.2294,0.70394
15.2696,0.706376
15.3098,0.708812
15.35,0.711249
15.3902,0.713685
15.4304,0.716121
15.4706,0.718558
15.5108,0.720994
15.551,0.72343
15.5912,0.725867
15.6314,0.728303
15.6717,0.73074
15.7119,0.733176
15.7521,0.735613
15.7923,0.73805
15.8325,0.740486
15.8727,0.742923
15.9129,0.74536
15.9531,0.747797
15.9934,0.750233
16.0336,0.75267
16.0738,0.755107
16.114,0.757544
16.1542,0.759981
16.1944,0.762418
16.2347,0.764855
16.2749,0.767292
16.3151,0.769729
16.3553,0.772166
16.3955,0.774603
16.4358,0.77704
16.476,0.779477
16.5162,0.781915
16.5564,0.784352
16.5966,0.786789
16.6369,0.789226
16.6771,0.791664
16.7173,0.794101
16.7575,0.796538
16.7978,0.798976
16.838,0.801413
16.8782,0.803851
16.9184,0.806288
16.9587,0.808726
16.9989,0.811163
17.0391,0.813601
17.0793,0.816038
17.1196,0.818476
17.1598,0.820914
17.2,0.823351
17.2403,0.825789
17.2805,0.828227
17.3207,0.830665
17.361,0.833102
17.4012,0.83554
17.4414,0.837978
17.4816,0.840416
17.5219,0.842854
17.5621,0.845292
17.6023,0.84773
17.6426,0.850168
17.6828,0.852606
17.723,0.855044
17.7633,0.857482
17.8035,0.85992
17.8438,0.862358
17.884,0.864796
17.9242,0.867234
17.9645,0.869672
18.0047,0.87211
18.0449,0.874548
18.0852,0.876987
18.1254,0.879425
18.1657,0.881863
18.2059,0.884301
18.2461,0.88674
18.2864,0.889178
18.3266,0.891616
18.3669,0.894055
18.4071,0.896493
18.4473,0.898931
18.4876,0.90137
18.5278,0.903808
18.5681,0.906247
18.6083,0.908685
18.6485,0.911124
18.6888,0.913562
18.729,0.916001
18.7693,0.918439
18.8095,0.920878
18.8498,0.923317
18.89,0.925755
18.9303,0.928194
18.9705,0.930633
19.0107,0.933071
19.051,0.93551
19.0912,0.937949
19.1315,0.940387
19.1717,0.942826
19.212,0.945265
19.2522,0.947704
19.2925,0.950143
19.3327,0.952581
19.373,0.95502
19.4132,0.957459
19.4535,0.959898
19.4937,0.962337
19.534,0.964776
19.5742,0.967215
19.6145,0.969654
19.6547,0.972093
19.695,0.974531
19.7352,0.97697
19.7755,0.979409
19.8157,0.981848
19.856,0.984288
19.8962,0.986727
19.9365,0.989166
19.9767,0.991605
20.017,0.994044
20.0572,0.996483
20.0975,0.998922
20.1377,1.00136
20.178,1.0038
20.2182,1.00624
20.2585,1.00868
20.2987,1.01112
20.339,1.01356
20.3793,1.016
20.4195,1.01844
20.4598,1.02087
20.5,1.02331
20.5403,1.02575
20.5805,1.02819
20.6208,1.03063
20.661,1.03307
20.7013,1.03551
20.7416,1.03795
20.7818,1.04039
20.8221,1.04283
20.8623,1.04527
20.9026,1.04771
20.9428,1.05015
20.9831,1.05259
21.0234,1.05502
21.0636,1.05746
21.1039,1.0599
21.1441,1.06234
21.1844,1.06478
21.2246,1.06722
21.2649,1.06966
21.3052,1.0721
21.3454,1.07454
21.3857,1.07698
21.4259,1.07942
21.4662,1.08186
21.5064,1.0843
21.5467,1.08674
21.587,1.08918
21.6272,1.09162
21.6675,1.09406
21.7077,1.0965
21.748,1.09894
21.7883,1.10137
21.8285,1.10381
21.8688,1.10625
21.909,1.10869
21.9493,1.11113
21.9896,1.11357
22.0298,1.11601
22.0701,1.11845
22.1103,1.12089
22.1506,1.12333
22.1909,1.12577
22.2311,1.12821
22.2714,1.13065
22.3116,1.13309
22.3519,1.13553
22.3922,1.13797
22.4324,1.14041
22.4727,1.14285
22.5129,1.14529
22.5532,1.14773
22.5935,1.15017
22.6337,1.15261
22.674,1.15505
22.7143,1.15748
22.7545,1.15992
22.7948,1.16236
22.835,1.1648
22.8753,1.16724
22.9156,1.16968
22.9558,1.17212
22.9961,1.17456
23.0363,1.177
23.0766,1.17944
23.1169,1.18188
23.1579,1.18432
23.2004,1.18685
23.2445,1.18947
23.2902,1.19219
23.3376,1.19501
23.3866,1.19794
23.4375,1.20096
23.4901,1.2041
23.5446,1.20734
23.601,1.2107
23.6594,1.21418
23.7197,1.21777
23.7821,1.22149
23.8466,1.22533
23.9133,1.22931
23.9821,1.23341
24.0532,1.23765
24.1265,1.24203
24.2022,1.24654
24.2803,1.2512
24.3608,1.256
24.4437,1.26095
24.5291,1.26605
24.617,1.2713
24.7075,1.27671
24.8006,1.28227
24.8963,1.28799
24.9946,1.29386
25.0955,1.2999
25.1992,1.3061
25.3055,1.31246
25.4145,1.31898
25.5262,1.32567
25.6406,1.33252
25.7576,1.33953
25.8774,1.3467
25.9997,1.35404
26.1248,1.36154
26.2524,1.36919
26.3826,1.377
26.5153,1.38497
26.6505,1.39309
26.7881,1.40136
26.9281,1.40977
27.0704,1.41832
27.215,1.42701
27.3617,1.43584
27.5105,1.44479
27.6612,1.45387
27.8139,1.46306
27.9683,1.47237
28.1244,1.48178
28.2821,1.49129
28.4412,1.50089
28.6016,1.51057
28.7633,1.52033
28.926,1.53016
29.0896,1.54005
29.254,1.54999
29.4191,1.55998
29.5847,1.57
29.7507,1.58005
29.9169,1.59011
0.0198879,1.24852
0.0596644,1.24852
0.0994427,1.24852
0.139223,1.24852
0.179004,1.24852
0.218787,1.24852
0.258572,1.24852
0.298359,1.24852
0.338147,1.24852
0.377937,1.24852
0.417728,1.24852
0.457521,1.24852
0.497316,1.24852
0.537113,1.24852
0.576911,1.24852
0.61671,1.24852
0.656512,1.24852
0.696315,1.24852
0.736119,1.24852
0.775925,1.24852
0.815733,1.24852
0.855543,1.24852
0.895354,1.24852
0.935166,1.24852
0.974981,1.24852
1.0148,1.24852
1.05461,1.24852
1.09443,1.24852
1.13425,1.24852
1.17408,1.24852
1.2139,1.24852
1.25373,1.24852
1.29355,1.24852
1.33338,1.24852
1.37321,1.24852
1.41304,1.24852
1.45288,1.24852
1.49271,1.24852
1.53255,1.24852
1.57239,1.24852
1.61223,1.24852
1.65207,1.24852
1.69191,1.24852
1.73175,1.24852
1.7716,1.24852
1.81145,1.24852
1.8513,1.24852
1.89115,1.24852
1.931,1.24852
1.97085,1.24852
2.01071,1.24852
2.05056,1.24852
2.09042,1.24852
2.13028,1.24852
2.17014,1.24852
2.21001,1.24852
2.24987,1.24852
2.28974,1.24852
2.3296,1.24852
2.36947,1.24852
2.40934,1.24852
2.44921,1.24852
2.48909,1.24852
2.52896,1.24852
2.56884,1.24852
2.60872,1.24852
2.64859,1.24852
2.68848,1.24852
2.72836,1.24852
2.76824,1.24852
2.80813,1.24852
2.84801,1.24852
2.8879,1.24852
2.92779,1.24852
2.96768,1.24852
3.00757,1.24852
3.04747,1.24852
3.08736,1.24852
3.12726,1.24852
3.16716,1.24852
3.20706,1.24852
3.24696,1.24852
3.28686,1.24852
3.32677,1.24852
3.36667,1.24852
3.40658,1.24852
3.44649,1.24051
3.4864,1.2325
3.52631,1.2245
3.56622,1.21649
3.60614,1.20848
3.64605,1.20047
3.68597,1.19246
3.72589,1.18445
3.76581,1.17643
3.80573,1.16842
3.84565,1.16041
3.88557,1.1524
3.9255,1.14439
3.96543,1.13638
4.00536,1.12836
4.04528,1.12035
4.08522,1.11234
4.12515,1.10432
4.16508,1.09631
4.20502,1.0883
4.24495,1.08028
4.28489,1.07227
4.32483,1.06425
4.36477,1.05624
4.40471,1.04822
4.44466,1.04021
4.4846,1.03219
4.52455,1.02418
4.56449,1.01616
4.60444,1.00814
4.64439,1.00013
4.68435,0.992109
4.7243,0.984092
4.76425,0.976074
4.80421,0.968056
4.84416,0.960038
4.88412,0.952019
4.92408,0.944
4.96404,0.935981
5.004,0.927962
5.04397,0.919942
5.08393,0.911923
5.1239,0.903902
5.16387,0.895882
5.20383,0.887861
5.2438,0.87984
5.28378,0.871819
5.32375,0.863798
5.36372,0.855776
5.4037,0.847754
5.44367,0.839732
5.48365,0.83171
5.52363,0.823687
5.56361,0.815664
5.60359,0.807641
5.64357,0.799617
5.68356,0.791593
5.72354,0.783569
5.76353,0.772266
5.80352,0.760963
5.84351,0.749659
5.8835,0.738354
5.92349,0.72705
5.96348,0.715745
6.00348,0.704439
6.04347,0.693134
6.08347,0.681827
6.12347,0.670521
6.16347,0.659214
6.20347,0.647907
6.24347,0.6366
6.28347,0.625292
6.32348,0.613984
6.36348,0.602675
6.40349,0.591366
6.44349,0.580057
6.4835,0.576776
6.52351,0.573495
6.56352,0.570214
6.60354,0.566933
6.64355,0.563652
6.68357,0.560371
6.72358,0.557089
6.7636,0.553808
6.80362,0.550526
6.84364,0.547244
6.88366,0.543963
6.92368,0.540681
6.9637,0.537399
7.00373,0.534117
7.04375,0.530834
7.08378,0.527552
7.12381,0.52427
7.16384,0.520987
7.20387,0.517705
7.2439,0.514422
7.28393,0.511139
7.32397,0.507856
7.364,0.507856
7.40404,0.507856
7.44407,0.507856
7.48411,0.507856
7.52415,0.507856
7.56419,0.507856
7.60423,0.507856
7.64428,0.507856
7.68432,0.507856
7.72437,0.507856
7.76441,0.507856
7.80446,0.507856
7.84451,0.507856
7.88456,0.507856
7.92461,0.507856
7.96466,0.507856
8.00471,0.507856
8.04477,0.507856
8.08482,0.507856
8.12488,0.507856
8.16494,0.507856
8.205,0.507856
8.24506,0.507856
8.28512,0.507856
8.32518,0.507856
8.36524,0.507856
8.4053,0.507856
8.44537,0.507856
8.48544,0.507856
8.5255,0.507856
8.56557,0.507856
8.60564,0.507856
8.64571,0.507856
8.68578,0.507856
8.72585,0.507856
8.76593,0.507856
8.806,0.507856
8.84608,0.507856
8.88615,0.507856
8.92623,0.507856
8.96631,0.507856
9.00639,0.507856
9.04647,0.507856
9.08655,0.507856
9.12663,0.507856
9.16672,0.507856
9.2068,0.507856
9.24689,0.507856
9.28697,0.507856
9.32706,0.507856
9.36715,0.507856
9.40724,0.507856
9.44733,0.507856
9.48742,0.507856
9.52752,0.507856
9.56761,0.507856
9.6077,0.507856
9.6478,0.507856
9.6879,0.507856
9.72799,0.507856
9.76809,0.507856
9.80819,0.507856
9.84829,0.507856
9.8884,0.507856
9.9285,0.507856
9.9686,0.507856
10.0087,0.507856
10.0488,0.507856
10.0889,0.507856
10.129,0.507856
10.1691,0.507856
10.2092,0.507856
10.2494,0.507856
10.2895,0.507856
10.3296,0.507856
10.3697,0.507856
10.4098,0.507856
10.4499,0.507856
10.49,0.507856
10.5302,0.507856
10.5703,0.507856
10.6104,0.507856
10.6505,0.507856
10.6906,0.507856
10.7307,0.507856
10.7709,0.507856
10.811,0.507856
10.8511,0.507856
10.8912,0.507856
10.9314,0.507856
10.9715,0.507856
11.0116,0.507856
11.0517,0.507856
11.0919,0.507856
11.132,0.507856
11.1721,0.507856
11.2123,0.507856
11.2524,0.507856
11.2925,0.507856
11.3327,0.507856
11.3728,0.507856
11.4129,0.507856
11.4531,0.507856
11.4932,0.507856
11.5334,0.507856
11.5735,0.507856
11.6136,0.507856
11.6538,0.507856
11.6939,0.507856
11.7341,0.507856
11.7742,0.510366
11.8144,0.512877
11.8545,0.515387
11.8946,0.517897
11.9348,0.520408
11.9749,0.522918
12.0151,0.525428
12.0552,0.527939
12.0954,0.530449
12.1355,0.53296
12.1757,0.535471
12.2158,0.537981
12.256,0.540492
12.2962,0.543003
12.3363,0.545514
12.3765,0.548025
12.4166,0.550536
12.4568,0.553047
12.4969,0.555558
12.5371,0.558069
12.5773,0.56058
12.6174,0.563091
12.6576,0.565603
12.6977,0.568114
12.7379,0.570625
12.7781,0.573137
12.8182,0.575648
12.8584,0.57816
12.8986,0.580671
12.9387,0.583183
12.9789,0.585694
13.0191,0.588206
13.0592,0.590718
13.0994,0.593229
13.1396,0.595741
13.1797,0.598253
13.2199,0.600765
13.2601,0.603277
13.3003,0.605789
13.3404,0.608301
13.3806,0.610813
13.4208,0.613325
13.461,0.615837
13.5011,0.61835
13.5413,0.620862
13.5815,0.623374
13.6217,0.625887
13.6619,0.628399
13.702,0.630911
13.7422,0.633424
13.7824,0.635936
13.8226,0.638449
13.8628,0.640962
13.9029,0.643474
13.9431,0.645987
13.9833,0.6485
14.0235,0.651012
14.0637,0.653525
14.1039,0.656038
14.1441,0.658551
14.1842,0.661064
14.2244,0.663577
14.2646,0.66609
14.3048,0.668603
14.345,0.671116
14.3852,0.673629
14.4254,0.676142
14.4656,0.678656
14.5058,0.681169
14.546,0.683682
14.5862,0.686196
14.6264,0.688709
14.6666,0.691222
14.7068,0.693736
14.747,0.696249
14.7872,0.698763
14.8273,0.701276
14.8675,0.70379
14.9077,0.706304
14.9479,0.708817
14.9881,0.711331
15.0284,0.713845
15.0686,0.716359
15.1088,0.718872
15.149,0.721386
15.1892,0.7239
15.2294,0.726414
15.2696,0.728928
15.3098,0.731442
15.35,0.733956
15.3902,0.73647
15.4304,0.738984
15.4706,0.741499
15.5108,0.744013
15.551,0.746527
15.5912,0.749041
15.6314,0.751556
15.6717,0.75407
15.7119,0.756584
15.7521,0.759099
15.7923,0.761613
15.8325,0.764128
15.8727,0.766642
15.9129,0.769157
15.9531,0.771671
15.9934,0.774186
16.0336,0.7767
16.0738,0.779215
16.114,0.78173
16.1542,0.784245
16.1944,0.786759
16.2347,0.789274
16.2749,0.791789
16.3151,0.794304
16.3553,0.796819
16.3955,0.799334
16.4358,0.801849
16.476,0.804364
16.5162,0.806879
16.5564,0.809394
16.5966,0.811909
16.6369,0.814424
16.6771,0.816939
16.7173,0.819454
16.7575,0.821969
16.7978,0.824485
16.838,0.827
16.8782,0.829515
16.9184,0.83203
16.9587,0.834546
16.9989,0.837061
17.0391,0.839576
17.0793,0.842092
17.1196,0.844607
17.1598,0.847123
17.2,0.849638
17.2403,0.852154
17.2805,0.854669
17.3207,0.857185
17.361,0.859701
17.4012,0.862216
17.4414,0.864732
17.4816,0.867248
17.5219,0.869763
17.5621,0.872279
17.6023,0.874795
17.6426,0.877311
17.6828,0.879826
17.723,0.882342
17.7633,0.884858
17.8035,0.887374
17.8438,0.88989
17.884,0.892406
17.9242,0.894922
17.9645,0.897438
18.0047,0.899954
18.0449,0.90247
18.0852,0.904986
18.1254,0.907502
18.1657,0.910018
18.2059,0.912534
18.2461,0.91505
18.2864,0.917566
18.3266,0.920083
18.3669,0.922599
18.4071,0.925115
18.4473,0.927631
18.4876,0.930148
18.5278,0.932664
18.5681,0.93518
18.6083,0.937697
18.6485,0.940213
18.6888,0.942729
18.729,0.945246
18.7693,0.947762
18.8095,0.950279
18.8498,0.952795
18.89,0.955312
18.9303,0.957828
18.9705,0.960345
19.0107,0.962861
19.051,0.965378
19.0912,0.967894
19.1315,0.970411
19.1717,0.972927
19.212,0.975444
19.2522,0.977961
19.2925,0.980477
19.3327,0.982994
19.373,0.985511
19.4132,0.988028
19.4535,0.990544
19.4937,0.993061
19.534,0.995578
19.5742,0.998095
19.6145,1.00061
19.6547,1.00313
19.695,1.00565
19.7352,1.00816
19.7755,1.01068
19.8157,1.0132
19.856,1.01571
19.8962,1.01823
19.9365,1.02075
19.9767,1.02326
20.017,1.02578
20.0572,1.0283
20.0975,1.03081
20.1377,1.03333
20.178,1.03585
20.2182,1.03837
20.2585,1.04088
20.2987,1.0434
20.339,1.04592
20.3793,1.04843
20.4195,1.05095
20.4598,1.05347
20.5,1.05598
20.5403,1.0585
20.5805,1.06102
20.6208,1.06354
20.661,1.06605
20.7013,1.06857
20.7416,1.07109
20.7818,1.0736
20.8221,1.07612
20.8623,1.07864
20.9026,1.08116
20.9428,1.08367
20.9831,1.08619
21.0234,1.08871
21.0636,1.09123
21.1039,1.09374
21.1441,1.09626
21.1844,1.09878
21.2246,1.10129
21.2649,1.10381
21.3052,1.10633
21.3454,1.10885
21.3857,1.11136
21.4259,1.11388
21.4662,1.1164
21.5064,1.11892
21.5467,1.12143
21.587,1.12395
21.6272,1.12647
21.6675,1.12899
21.7077,1.1315
21.748,1.13402
21.7883,1.13654
21.8285,1.13906
21.8688,1.14157
21.909,1.14409
21.9493,1.14661
21.9896,1.14912
22.0298,1.15164
22.0701,1.15416
22.1103,1.15668
22.1506,1.15919
22.1909,1.16171
22.2311,1.16423
22.2714,1.16675
22.3116,1.16926
22.3519,1.17178
22.3922,1.1743
22.4324,1.17682
22.4727,1.17933
22.5129,1.18185
22.5532,1.18437
22.5935,1.18689
22.6337,1.1894
22.674,1.19192
22.7143,1.19444
22.7545,1.19696
22.7948,1.19947
22.835,1.20199
22.8753,1.20451
22.9156,1.20703
22.9558,1.20954
22.9961,1.21206
23.0363,1.21458
23.0766,1.2171
23.1169,1.21961
23.1579,1.22213
23.2004,1.22474
23.2445,1.22745
23.2902,1.23026
23.3376,1.23317
23.3866,1.23618
23.4375,1.2393
23.4901,1.24254
23.5446,1.24589
23.601,1.24935
23.6594,1.25294
23.7197,1.25665
23.7821,1.26049
23.8466,1.26445
23.9133,1.26855
23.9821,1.27279
24.0532,1.27716
24.1265,1.28168
24.2022,1.28634
24.2803,1.29114
24.3608,1.2961
24.4437,1.30121
24.5291,1.30647
24.617,1.31189
24.7075,1.31747
24.8006,1.32321
24.8963,1.32911
24.9946,1.33517
25.0955,1.3414
25.1992,1.3478
25.3055,1.35436
25.4145,1.36109
25.5262,1.36799
25.6406,1.37506
25.7576,1.3823
25.8774,1.3897
25.9997,1.39727
26.1248,1.40501
26.2524,1.41291
26.3826,1.42097
26.5153,1.42919
26.6505,1.43756
26.7881,1.4461
26.9281,1.45478
27.0704,1.4636
27.215,1.47257
27.3617,1.48168
27.5105,1.49092
27.6612,1.50029
27.8139,1.50977
27.9683,1.51938
28.1244,1.52909
28.2821,1.5389
28.4412,1.5488
28.6016,1.5588
28.7633,1.56887
28.926,1.57901
29.0896,1.58922
29.254,1.59948
29.4191,1.60978
29.5847,1.62012
29.7507,1.63049
29.9169,1.64088
0.0198879,1.2789
0.0596644,1.2789
0.0994427,1.2789
0.139223,1.2789
0.179004,1.2789
0.218787,1.2789
0.258572,1.2789
0.298359,1.2789
0.338147,1.2789
0.377937,1.2789
0.417728,1.2789
0.457521,1.2789
0.497316,1.2789
0.537113,1.2789
0.576911,1.2789
0.61671,1.2789
0.656512,1.2789
0.696315,1.2789
0.736119,1.2789
0.775925,1.2789
0.815733,1.2789
0.855543,1.2789
0.895354,1.2789
0.935166,1.2789
0.974981,1.2789
1.0148,1.2789
1.05461,1.2789
1.09443,1.2789
1.13425,1.2789
1.17408,1.2789
1.2139,1.2789
1.25373,1.2789
1.29355,1.2789
1.33338,1.2789
1.37321,1.2789
1.41304,1.2789
1.45288,1.2789
1.49271,1.2789
1.53255,1.2789
1.57239,1.2789
1.61223,1.2789
1.65207,1.2789
1.69191,1.2789
1.73175,1.2789
1.7716,1.2789
1.81145,1.2789
1.8513,1.2789
1.89115,1.2789
1.931,1.2789
1.97085,1.2789
2.01071,1.2789
2.05056,1.2789
2.09042,1.2789
2.13028,1.2789
2.17014,1.2789
2.21001,1.2789
2.24987,1.2789
2.28974,1.2789
2.3296,1.2789
2.36947,1.2789
2.40934,1.2789
2.44921,1.2789
2.48909,1.2789
2.52896,1.2789
2.56884,1.2789
2.60872,1.2789
2.64859,1.2789
2.68848,1.2789
2.72836,1.2789
2.76824,1.2789
2.80813,1.2789
2.84801,1.2789
2.8879,1.2789
2.92779,1.2789
2.96768,1.2789
3.00757,1.2789
3.04747,1.2789
3.08736,1.2789
3.12726,1.2789
3.16716,1.2789
3.20706,1.2789
3.24696,1.2789
3.28686,1.2789
3.32677,1.2789
3.36667,1.2789
3.40658,1.2789
3.44649,1.27064
3.4864,1.26239
3.52631,1.25413
3.56622,1.24587
3.60614,1.23761
3.64605,1.22936
3.68597,1.2211
3.72589,1.21284
3.76581,1.20458
3.80573,1.19632
3.84565,1.18806
3.88557,1.1798
3.9255,1.17154
3.96543,1.16328
4.00536,1.15502
4.04528,1.14676
4.08522,1.1385
4.12515,1.13024
4.16508,1.12198
4.20502,1.11372
4.24495,1.10546
4.28489,1.09719
4.32483,1.08893
4.36477,1.08067
4.40471,1.0724
4.44466,1.06414
4.4846,1.05588
4.52455,1.04761
4.56449,1.03935
4.60444,1.03108
4.64439,1.02282
4.68435,1.01455
4.7243,1.00629
4.76425,0.998022
4.80421,0.989756
4.84416,0.981489
4.88412,0.973223
4.92408,0.964956
4.96404,0.956689
5.004,0.948421
5.04397,0.940154
5.08393,0.931886
5.1239,0.923617
5.16387,0.915349
5.20383,0.90708
5.2438,0.898811
5.28378,0.890542
5.32375,0.882272
5.36372,0.874002
5.4037,0.865732
5.44367,0.857462
5.48365,0.849191
5.52363,0.84092
5.56361,0.832649
5.60359,0.824378
5.64357,0.816106
5.68356,0.807834
5.72354,0.799562
5.76353,0.788115
5.80352,0.776668
5.84351,0.76522
5.8835,0.753772
5.92349,0.742324
5.96348,0.730875
6.00348,0.719426
6.04347,0.707977
6.08347,0.696527
6.12347,0.685077
6.16347,0.673627
6.20347,0.662176
6.24347,0.650725
6.28347,0.639274
6.32348,0.627822
6.36348,0.61637
6.40349,0.604917
6.44349,0.593464
6.4835,0.590288
6.52351,0.587112
6.56352,0.583936
6.60354,0.580759
6.64355,0.577583
6.68357,0.574406
6.72358,0.57123
6.7636,0.568053
6.80362,0.564876
6.84364,0.561699
6.88366,0.558522
6.92368,0.555345
6.9637,0.552168
7.00373,0.54899
7.04375,0.545813
7.08378,0.542635
7.12381,0.539458
7.16384,0.53628
7.20387,0.533102
7.2439,0.529925
7.28393,0.526747
7.32397,0.523568
7.364,0.523568
7.40404,0.523568
7.44407,0.523568
7.48411,0.523568
7.52415,0.523568
7.56419,0.523568
7.60423,0.523568
7.64428,0.523568
7.68432,0.523568
7.72437,0.523568
7.76441,0.523568
7.80446,0.523568
7.84451,0.523568
7.88456,0.523568
7.92461,0.523568
7.96466,0.523568
8.00471,0.523568
8.04477,0.523568
8.08482,0.523568
8.12488,0.523568
8.16494,0.523568
8.205,0.523568
8.24506,0.523568
8.28512,0.523568
8.32518,0.523568
8.36524,0.523568
8.4053,0.523568
8.44537,0.523568
8.48544,0.523568
8.5255,0.523568
8.56557,0.523568
8.60564,0.523568
8.64571,0.523568
8.68578,0.523568
8.72585,0.523568
8.76593,0.523568
8.806,0.523568
8.84608,0.523568
8.88615,0.523568
8.92623,0.523568
8.96631,0.523568
9.00639,0.523568
9.04647,0.523568
9.08655,0.523568
9.12663,0.523568
9.16672,0.523568
9.2068,0.523568
9.24689,0.523568
9.28697,0.523568
9.32706,0.523568
9.36715,0.523568
9.40724,0.523568
9.44733,0.523568
9.48742,0.523568
9.52752,0.523568
9.56761,0.523568
9.6077,0.523568
9.6478,0.523568
9.6879,0.523568
9.72799,0.523568
9.76809,0.523568
9.80819,0.523568
9.84829,0.523568
9.8884,0.523568
9.9285,0.523568
9.9686,0.523568
10.0087,0.523568
10.0488,0.523568
10.0889,0.523568
10.129,0.523568
10.1691,0.523568
10.2092,0.523568
10.2494,0.523568
10.2895,0.523568
10.3296,0.523568
10.3697,0.523568
10.4098,0.523568
10.4499,0.523568
10.49,0.523568
10.5302,0.523568
10.5703,0.523568
10.6104,0.523568
10.6505,0.523568
10.6906,0.523568
10.7307,0.523568
10.7709,0.523568
10.811,0.523568
10.8511,0.523568
10.8912,0.523568
10.9314,0.523568
10.9715,0.523568
11.0116,0.523568
11.0517,0.523568
11.0919,0.523568
11.132,0.523568
11.1721,0.523568
11.2123,0.523568
11.2524,0.523568
11.2925,0.523568
11.3327,0.523568
11.3728,0.523568
11.4129,0.523568
11.4531,0.523568
11.4932,0.523568
11.5334,0.523568
11.5735,0.523568
11.6136,0.523568
11.6538,0.523568
11.6939,0.523568
11.7341,0.523568
11.7742,0.526156
11.8144,0.528744
11.8545,0.531332
11.8946,0.53392
11.9348,0.536508
11.9749,0.539096
12.0151,0.541684
12.0552,0.544272
12.0954,0.546861
12.1355,0.549449
12.1757,0.552037
12.2158,0.554626
12.256,0.557214
12.2962,0.559803
12.3363,0.562391
12.3765,0.56498
12.4166,0.567568
12.4568,0.570157
12.4969,0.572746
12.5371,0.575335
12.5773,0.577924
12.6174,0.580512
12.6576,0.583101
12.6977,0.58569
12.7379,0.588279
12.7781,0.590869
12.8182,0.593458
12.8584,0.596047
12.8986,0.598636
12.9387,0.601225
12.9789,0.603815
13.0191,0.606404
13.0592,0.608994
13.0994,0.611583
13.1396,0.614173
13.1797,0.616762
13.2199,0.619352
13.2601,0.621941
13.3003,0.624531
13.3404,0.627121
13.3806,0.629711
13.4208,0.632301
13.461,0.63489
13.5011,0.63748
13.5413,0.64007
13.5815,0.64266
13.6217,0.64525
13.6619,0.647841
13.702,0.650431
13.7422,0.653021
13.7824,0.655611
13.8226,0.658202
13.8628,0.660792
13.9029,0.663382
13.9431,0.665973
13.9833,0.668563
14.0235,0.671154
14.0637,0.673744
14.1039,0.676335
14.1441,0.678925
14.1842,0.681516
14.2244,0.684107
14.2646,0.686698
14.3048,0.689288
14.345,0.691879
14.3852,0.69447
14.4254,0.697061
14.4656,0.699652
14.5058,0.702243
14.546,0.704834
14.5862,0.707425
14.6264,0.710016
14.6666,0.712608
14.7068,0.715199
14.747,0.71779
14.7872,0.720381
14.8273,0.722973
14.8675,0.725564
14.9077,0.728156
14.9479,0.730747
14.9881,0.733339
15.0284,0.73593
15.0686,0.738522
15.1088,0.741113
15.149,0.743705
15.1892,0.746297
15.2294,0.748888
15.2696,0.75148
15.3098,0.754072
15.35,0.756664
15.3902,0.759256
15.4304,0.761847
15.4706,0.764439
15.5108,0.767031
15.551,0.769623
15.5912,0.772215
15.6314,0.774808
15.6717,0.7774
15.7119,0.779992
15.7521,0.782584
15.7923,0.785176
15.8325,0.787769
15.8727,0.790361
15.9129,0.792953
15.9531,0.795546
15.9934,0.798138
16.0336,0.80073
16.0738,0.803323
16.114,0.805915
16.1542,0.808508
16.1944,0.8111
16.2347,0.813693
16.2749,0.816286
16.3151,0.818878
16.3553,0.821471
16.3955,0.824064
16.4358,0.826656
16.476,0.829249
16.5162,0.831842
16.5564,0.834435
16.5966,0.837028
16.6369,0.839621
16.6771,0.842214
16.7173,0.844807
16.7575,0.8474
16.7978,0.849993
16.838,0.852586
16.8782,0.855179
16.9184,0.857772
16.9587,0.860365
16.9989,0.862958
17.0391,0.865552
17.0793,0.868145
17.1196,0.870738
17.1598,0.873331
17.2,0.875925
17.2403,0.878518
17.2805,0.881111
17.3207,0.883705
17.361,0.886298
17.4012,0.888892
17.4414,0.891485
17.4816,0.894079
17.5219,0.896672
17.5621,0.899266
17.6023,0.901859
17.6426,0.904453
17.6828,0.907047
17.723,0.90964
17.7633,0.912234
17.8035,0.914828
17.8438,0.917422
17.884,0.920015
17.9242,0.922609
17.9645,0.925203
18.0047,0.927797
18.0449,0.930391
18.0852,0.932985
18.1254,0.935579
18.1657,0.938173
18.2059,0.940766
18.2461,0.94336
18.2864,0.945955
18.3266,0.948548
18.3669,0.951143
18.4071,0.953737
18.4473,0.956331
18.4876,0.958925
18.5278,0.961519
18.5681,0.964113
18.6083,0.966707
18.6485,0.969302
18.6888,0.971896
18.729,0.97449
18.7693,0.977084
18.8095,0.979679
18.8498,0.982273
18.89,0.984867
18.9303,0.987462
18.9705,0.990056
19.0107,0.99265
19.051,0.995245
19.0912,0.997839
19.1315,1.00043
19.1717,1.00303
19.212,1.00562
19.2522,1.00822
19.2925,1.01081
19.3327,1.01341
19.373,1.016
19.4132,1.0186
19.4535,1.02119
19.4937,1.02378
19.534,1.02638
19.5742,1.02897
19.6145,1.03157
19.6547,1.03416
19.695,1.03676
19.7352,1.03935
19.7755,1.04195
19.8157,1.04454
19.856,1.04714
19.8962,1.04973
19.9365,1.05233
19.9767,1.05492
20.017,1.05752
20.0572,1.06011
20.0975,1.06271
20.1377,1.0653
20.178,1.0679
20.2182,1.07049
20.2585,1.07309
20.2987,1.07568
20.339,1.07828
20.3793,1.08087
20.4195,1.08347
20.4598,1.08606
20.5,1.08866
20.5403,1.09125
20.5805,1.09385
20.6208,1.09644
20.661,1.09904
20.7013,1.10163
20.7416,1.10423
20.7818,1.10682
20.8221,1.10942
20.8623,1.11201
20.9026,1.11461
20.9428,1.1172
20.9831,1.1198
21.0234,1.12239
21.0636,1.12499
21.1039,1.12758
21.1441,1.13018
21.1844,1.13277
21.2246,1.13537
21.2649,1.13796
21.3052,1.14056
21.3454,1.14315
21.3857,1.14575
21.4259,1.14834
21.4662,1.15094
21.5064,1.15353
21.5467,1.15613
21.587,1.15872
21.6272,1.16132
21.6675,1.16391
21.7077,1.16651
21.748,1.16911
21.7883,1.1717
21.8285,1.1743
21.8688,1.17689
21.909,1.17949
21.9493,1.18208
21.9896,1.18468
22.0298,1.18727
22.0701,1.18987
22.1103,1.19246
22.1506,1.19506
22.1909,1.19765
22.2311,1.20025
22.2714,1.20284
22.3116,1.20544
22.3519,1.20803
22.3922,1.21063
22.4324,1.21323
22.4727,1.21582
22.5129,1.21842
22.5532,1.22101
22.5935,1.22361
22.6337,1.2262
22.674,1.2288
22.7143,1.23139
22.7545,1.23399
22.7948,1.23658
22.835,1.23918
22.8753,1.24177
22.9156,1.24437
22.9558,1.24697
22.9961,1.24956
23.0363,1.25216
23.0766,1.25475
23.1169,1.25735
23.1579,1.25994
23.2004,1.26263
23.2445,1.26543
23.2902,1.26832
23.3376,1.27132
23.3866,1.27443
23.4375,1.27765
23.4901,1.28098
23.5446,1.28443
23.601,1.28801
23.6594,1.2917
23.7197,1.29553
23.7821,1.29949
23.8466,1.30358
23.9133,1.3078
23.9821,1.31217
24.0532,1.31668
24.1265,1.32133
24.2022,1.32614
24.2803,1.33109
24.3608,1.3362
24.4437,1.34147
24.5291,1.34689
24.617,1.35248
24.7075,1.35823
24.8006,1.36414
24.8963,1.37023
24.9946,1.37648
25.0955,1.3829
25.1992,1.3895
25.3055,1.39626
25.4145,1.4032
25.5262,1.41032
25.6406,1.4176
25.7576,1.42506
25.8774,1.4327
25.9997,1.4405
26.1248,1.44847
26.2524,1.45662
26.3826,1.46493
26.5153,1.4734
26.6505,1.48204
26.7881,1.49084
26.9281,1.49979
27.0704,1.50889
27.215,1.51813
27.3617,1.52752
27.5105,1.53705
27.6612,1.5467
27.8139,1.55648
27.9683,1.56638
28.1244,1.57639
28.2821,1.58651
28.4412,1.59672
28.6016,1.60702
28.7633,1.61741
28.926,1.62786
29.0896,1.63839
29.254,1.64896
29.4191,1.65959
29.5847,1.67025
29.7507,1.68094
29.9169,1.69164
0.0198879,1.30927
0.0596644,1.30927
0.0994427,1.30927
0.139223,1.30927
0.179004,1.30927
0.218787,1.30927
0.258572,1.30927
0.298359,1.30927
0.338147,1.30927
0.377937,1.30927
0.417728,1.30927
0.457521,1.30927
0.497316,1.30927
0.537113,1.30927
0.576911,1.30927
0.61671,1.30927
0.656512,1.30927
0.696315,1.30927
0.736119,1.30927
0.775925,1.30927
0.815733,1.30927
0.855543,1.30927
0.895354,1.30927
0.935166,1.30927
0.974981,1.30927
1.0148,1.30927
1.05461,1.30927
1.09443,1.30927
1.13425,1.30927
1.17408,1.30927
1.2139,1.30927
1.25373,1.30927
1.29355,1.30927
1.33338,1.30927
1.37321,1.30927
1.41304,1.30927
1.45288,1.30927
1.49271,1.30927
1.53255,1.30927
1.57239,1.30927
1.61223,1.30927
1.65207,1.30927
1.69191,1.30927
1.73175,1.30927
1.7716,1.30927
1.81145,1.30927
1.8513,1.30927
1.89115,1.30927
1.931,1.30927
1.97085,1.30927
2.01071,1.30927
2.05056,1.30927
2.09042,1.30927
2.13028,1.30927
2.17014,1.30927
2.21001,1.30927
2.24987,1.30927
2.28974,1.30927
2.3296,1.30927
2.36947,1.30927
2.40934,1.30927
2.44921,1.30927
2.48909,1.30927
2.52896,1.30927
2.56884,1.30927
2.60872,1.30927
2.64859,1.30927
2.68848,1.30927
2.72836,1.30927
2.76824,1.30927
2.80813,1.30927
2.84801,1.30927
2.8879,1.30927
2.92779,1.30927
2.96768,1.30927
3.00757,1.30927
3.04747,1.30927
3.08736,1.30927
3.12726,1.30927
3.16716,1.30927
3.20706,1.30927
3.24696,1.30927
3.28686,1.30927
3.32677,1.30927
3.36667,1.30927
3.40658,1.30927
3.44649,1.30077
3.4864,1.29227
3.52631,1.28376
3.56622,1.27526
3.60614,1.26675
3.64605,1.25825
3.68597,1.24974
3.72589,1.24123
3.76581,1.23273
3.80573,1.22422
3.84565,1.21571
3.88557,1.20721
3.9255,1.1987
3.96543,1.19019
4.00536,1.18168
4.04528,1.17317
4.08522,1.16466
4.12515,1.15616
4.16508,1.14765
4.20502,1.13914
4.24495,1.13063
4.28489,1.12212
4.32483,1.1136
4.36477,1.10509
4.40471,1.09658
4.44466,1.08807
4.4846,1.07956
4.52455,1.07105
4.56449,1.06253
4.60444,1.05402
4.64439,1.04551
4.68435,1.037
4.7243,1.02848
4.76425,1.01997
4.80421,1.01145
4.84416,1.00294
4.88412,0.994425
4.92408,0.98591
4.96404,0.977395
5.004,0.96888
5.04397,0.960364
5.08393,0.951848
5.1239,0.943332
5.16387,0.934815
5.20383,0.926298
5.2438,0.917781
5.28378,0.909263
5.32375,0.900746
5.36372,0.892228
5.4037,0.883709
5.44367,0.875191
5.48365,0.866672
5.52363,0.858153
5.56361,0.849633
5.60359,0.841114
5.64357,0.832594
5.68356,0.824073
5.72354,0.815553
5.76353,0.803963
5.80352,0.792372
5.84351,0.780781
5.8835,0.769189
5.92349,0.757597
5.96348,0.746005
6.00348,0.734413
6.04347,0.72282
6.08347,0.711226
6.12347,0.699633
6.16347,0.688039
6.20347,0.676444
6.24347,0.66485
6.28347,0.653255
6.32348,0.641659
6.36348,0.630063
6.40349,0.618467
6.44349,0.606871
6.4835,0.603799
6.52351,0.600728
6.56352,0.597656
6.60354,0.594585
6.64355,0.591513
6.68357,0.588441
6.72358,0.585369
6.7636,0.582297
6.80362,0.579225
6.84364,0.576153
6.88366,0.573081
6.92368,0.570008
6.9637,0.566936
7.00373,0.563863
7.04375,0.560791
7.08378,0.557718
7.12381,0.554645
7.16384,0.551572
7.20387,0.548499
7.2439,0.545426
7.28393,0.542353
7.32397,0.53928
7.364,0.53928
7.40404,0.53928
7.44407,0.53928
7.48411,0.53928
7.52415,0.53928
7.56419,0.53928
7.60423,0.53928
7.64428,0.53928
7.68432,0.53928
7.72437,0.53928
7.76441,0.53928
7.80446,0.53928
7.84451,0.53928
7.88456,0.53928
7.92461,0.53928
7.96466,0.53928
8.00471,0.53928
8.04477,0.53928
8.08482,0.53928
8.12488,0.53928
8.16494,0.53928
8.205,0.53928
8.24506,0.53928
8.28512,0.53928
8.32518,0.53928
8.36524,0.53928
8.4053,0.53928
8.44537,0.53928
8.48544,0.53928
8.5255,0.53928
8.56557,0.53928
8.60564,0.53928
8.64571,0.53928
8.68578,0.53928
8.72585,0.53928
8.76593,0.53928
8.806,0.53928
8.84608,0.53928
8.88615,0.53928
8.92623,0.53928
8.96631,0.53928
9.00639,0.53928
9.04647,0.53928
9.08655,0.53928
9.12663,0.53928
9.16672,0.53928
9.2068,0.53928
9.24689,0.53928
9.28697,0.53928
9.32706,0.53928
9.36715,0.53928
9.40724,0.53928
9.44733,0.53928
9.48742,0.53928
9.52752,0.53928
9.56761,0.53928
9.6077,0.53928
9.6478,0.53928
9.6879,0.53928
9.72799,0.53928
9.76809,0.53928
9.80819,0.53928
9.84829,0.53928
9.8884,0.53928
9.9285,0.53928
9.9686,0.53928
10.0087,0.53928
10.0488,0.53928
10.0889,0.53928
10.129,0.53928
10.1691,0.53928
10.2092,0.53928
10.2494,0.53928
10.2895,0.53928
10.3296,0.53928
10.3697,0.53928
10.4098,0.53928
10.4499,0.53928
10.49,0.53928
10.5302,0.53928
10.5703,0.53928
10.6104,0.53928
10.6505,0.53928
10.6906,0.53928
10.7307,0.53928
10.7709,0.53928
10.811,0.53928
10.8511,0.53928
10.8912,0.53928
10.9314,0.53928
10.9715,0.53928
11.0116,0.53928
11.0517,0.53928
11.0919,0.53928
11.132,0.53928
11.1721,0.53928
11.2123,0.53928
11.2524,0.53928
11.2925,0.53928
11.3327,0.53928
11.3728,0.53928
11.4129,0.53928
11.4531,0.53928
11.4932,0.53928
11.5334,0.53928
11.5735,0.53928
11.6136,0.53928
11.6538,0.53928
11.6939,0.53928
11.7341,0.53928
11.7742,0.541945
11.8144,0.544611
11.8545,0.547277
11.8946,0.549942
11.9348,0.552608
11.9749,0.555274
12.0151,0.557939
12.0552,0.560605
12.0954,0.563271
12.1355,0.565937
12.1757,0.568603
12.2158,0.571269
12.256,0.573935
12.2962,0.576601
12.3363,0.579268
12.3765,0.581934
12.4166,0.5846
12.4568,0.587267
12.4969,0.589933
12.5371,0.5926
12.5773,0.595266
12.6174,0.597933
12.6576,0.600599
12.6977,0.603266
12.7379,0.605933
12.7781,0.6086
12.8182,0.611266
12.8584,0.613933
12.8986,0.6166
12.9387,0.619267
12.9789,0.621934
13.0191,0.624601
13.0592,0.627268
13.0994,0.629936
13.1396,0.632603
13.1797,0.63527
13.2199,0.637937
13.2601,0.640605
13.3003,0.643272
13.3404,0.64594
13.3806,0.648607
13.4208,0.651275
13.461,0.653942
13.5011,0.65661
13.5413,0.659278
13.5815,0.661946
13.6217,0.664613
13.6619,0.667281
13.702,0.669949
13.7422,0.672617
13.7824,0.675285
13.8226,0.677953
13.8628,0.680621
13.9029,0.683289
13.9431,0.685957
13.9833,0.688626
14.0235,0.691294
14.0637,0.693962
14.1039,0.696631
14.1441,0.699299
14.1842,0.701967
14.2244,0.704636
14.2646,0.707304
14.3048,0.709973
14.345,0.712642
14.3852,0.71531
14.4254,0.717979
14.4656,0.720648
14.5058,0.723316
14.546,0.725985
14.5862,0.728654
14.6264,0.731323
14.6666,0.733992
14.7068,0.736661
14.747,0.73933
14.7872,0.741999
14.8273,0.744668
14.8675,0.747337
14.9077,0.750006
14.9479,0.752676
14.9881,0.755345
15.0284,0.758014
15.0686,0.760684
15.1088,0.763353
15.149,0.766022
15.1892,0.768692
15.2294,0.771361
15.2696,0.774031
15.3098,0.7767
15.35,0.77937
15.3902,0.78204
15.4304,0.784709
15.4706,0.787379
15.5108,0.790049
15.551,0.792719
15.5912,0.795388
15.6314,0.798058
15.6717,0.800728
15.7119,0.803398
15.7521,0.806068
15.7923,0.808738
15.8325,0.811408
15.8727,0.814078
15.9129,0.816748
15.9531,0.819419
15.9934,0.822089
16.0336,0.824759
16.0738,0.827429
16.114,0.8301
16.1542,0.83277
16.1944,0.83544
16.2347,0.838111
16.2749,0.840781
16.3151,0.843452
16.3553,0.846122
16.3955,0.848793
16.4358,0.851463
16.476,0.854134
16.5162,0.856804
16.5564,0.859475
16.5966,0.862146
16.6369,0.864816
16.6771,0.867487
16.7173,0.870158
16.7575,0.872829
16.7978,0.8755
16.838,0.878171
16.8782,0.880841
16.9184,0.883512
16.9587,0.886183
16.9989,0.888854
17.0391,0.891525
17.0793,0.894196
17.1196,0.896868
17.1598,0.899539
17.2,0.90221
17.2403,0.904881
17.2805,0.907552
17.3207,0.910223
17.361,0.912895
17.4012,0.915566
17.4414,0.918237
17.4816,0.920909
17.5219,0.92358
17.5621,0.926251
17.6023,0.928923
17.6426,0.931594
17.6828,0.934266
17.723,0.936937
17.7633,0.939609
17.8035,0.94228
17.8438,0.944952
17.884,0.947624
17.9242,0.950295
17.9645,0.952967
18.0047,0.955639
18.0449,0.95831
18.0852,0.960982
18.1254,0.963654
18.1657,0.966326
18.2059,0.968997
18.2461,0.971669
18.2864,0.974341
18.3266,0.977013
18.3669,0.979685
18.4071,0.982357
18.4473,0.985029
18.4876,0.987701
18.5278,0.990373
18.5681,0.993045
18.6083,0.995717
18.6485,0.998389
18.6888,1.00106
18.729,1.00373
18.7693,1.00641
18.8095,1.00908
18.8498,1.01175
18.89,1.01442
18.9303,1.01709
18.9705,1.01977
19.0107,1.02244
19.051,1.02511
19.0912,1.02778
19.1315,1.03046
19.1717,1.03313
19.212,1.0358
19.2522,1.03847
19.2925,1.04114
19.3327,1.04382
19.373,1.04649
19.4132,1.04916
19.4535,1.05183
19.4937,1.05451
19.534,1.05718
19.5742,1.05985
19.6145,1.06252
19.6547,1.0652
19.695,1.06787
19.7352,1.07054
19.7755,1.07321
19.8157,1.07589
19.856,1.07856
19.8962,1.08123
19.9365,1.08391
19.9767,1.08658
20.017,1.08925
20.0572,1.09192
20.0975,1.0946
20.1377,1.09727
20.178,1.09994
20.2182,1.10261
20.2585,1.10529
20.2987,1.10796
20.339,1.11063
20.3793,1.11331
20.4195,1.11598
20.4598,1.11865
20.5,1.12132
20.5403,1.124
20.5805,1.12667
20.6208,1.12934
20.661,1.13202
20.7013,1.13469
20.7416,1.13736
20.7818,1.14003
20.8221,1.14271
20.8623,1.14538
20.9026,1.14805
20.9428,1.15073
20.9831,1.1534
21.0234,1.15607
21.0636,1.15875
21.1039,1.16142
21.1441,1.16409
21.1844,1.16676
21.2246,1.16944
21.2649,1.17211
21.3052,1.17478
21.3454,1.17746
21.3857,1.18013
21.4259,1.1828
21.4662,1.18548
21.5064,1.18815
21.5467,1.19082
21.587,1.1935
21.6272,1.19617
21.6675,1.19884
21.7077,1.20151
21.748,1.20419
21.7883,1.20686
21.8285,1.20953
21.8688,1.21221
21.909,1.21488
21.9493,1.21755
21.9896,1.22023
22.0298,1.2229
22.0701,1.22557
22.1103,1.22825
22.1506,1.23092
22.1909,1.23359
22.2311,1.23627
22.2714,1.23894
22.3116,1.24161
22.3519,1.24429
22.3922,1.24696
22.4324,1.24963
22.4727,1.25231
22.5129,1.25498
22.5532,1.25765
22.5935,1.26033
22.6337,1.263
22.674,1.26567
22.7143,1.26835
22.7545,1.27102
22.7948,1.27369
22.835,1.27637
22.8753,1.27904
22.9156,1.28171
22.9558,1.28439
22.9961,1.28706
23.0363,1.28973
23.0766,1.29241
23.1169,1.29508
23.1579,1.29775
23.2004,1.30052
23.2445,1.3034
23.2902,1.30638
23.3376,1.30947
23.3866,1.31267
23.4375,1.31599
23.4901,1.31942
23.5446,1.32298
23.601,1.32666
23.6594,1.33047
23.7197,1.33441
23.7821,1.33848
23.8466,1.34269
23.9133,1.34705
23.9821,1.35154
24.0532,1.35619
24.1265,1.36098
24.2022,1.36593
24.2803,1.37103
24.3608,1.3763
24.4437,1.38172
24.5291,1.38731
24.617,1.39306
24.7075,1.39899
24.8006,1.40508
24.8963,1.41135
24.9946,1.41779
25.0955,1.4244
25.1992,1.43119
25.3055,1.43816
25.4145,1.44531
25.5262,1.45264
25.6406,1.46014
25.7576,1.46783
25.8774,1.47569
25.9997,1.48373
26.1248,1.49194
26.2524,1.50033
26.3826,1.50889
26.5153,1.51762
26.6505,1.52651
26.7881,1.53557
26.9281,1.54479
27.0704,1.55417
27.215,1.56369
27.3617,1.57336
27.5105,1.58317
27.6612,1.59312
27.8139,1.60319
27.9683,1.61339
28.1244,1.6237
28.2821,1.63412
28.4412,1.64464
28.6016,1.65525
28.7633,1.66594
28.926,1.67671
29.0896,1.68755
29.254,1.69844
29.4191,1.70939
29.5847,1.72037
29.7507,1.73138
29.9169,1.74241
0.0198879,1.33965
0.0596644,1.33965
0.0994427,1.33965
0.139223,1.33965
0.179004,1.33965
0.218787,1.33965
0.258572,1.33965
0.298359,1.33965
0.338147,1.33965
0.377937,1.33965
0.417728,1.33965
0.457521,1.33965
0.497316,1.33965
0.537113,1.33965
0.576911,1.33965
0.61671,1.33965
0.656512,1.33965
0.696315,1.33965
0.736119,1.33965
0.775925,1.33965
0.815733,1.33965
0.855543,1.33965
0.895354,1.33965
0.935166,1.33965
0.974981,1.33965
1.0148,1.33965
1.05461,1.33965
1.09443,1.33965
1.13425,1.33965
1.17408,1.33965
1.2139,1.33965
1.25373,1.33965
1.29355,1.33965
1.33338,1.33965
1.37321,1.33965
1.41304,1.33965
1.45288,1.33965
1.49271,1.33965
1.53255,1.33965
1.57239,1.33965
1.61223,1.33965
1.65207,1.33965
1.69191,1.33965
1.73175,1.33965
1.7716,1.33965
1.81145,1.33965
1.8513,1.33965
1.89115,1.33965
1.931,1.33965
1.97085,1.33965
2.01071,1.33965
2.05056,1.33965
2.09042,1.33965
2.13028,1.33965
2.17014,1.33965
2.21001,1.33965
2.24987,1.33965
2.28974,1.33965
2.3296,1.33965
2.36947,1.33965
2.40934,1.33965
2.44921,1.33965
2.48909,1.33965
2.52896,1.33965
2.56884,1.33965
2.60872,1.33965
2.64859,1.33965
2.68848,1.33965
2.72836,1.33965
2.76824,1.33965
2.80813,1.33965
2.84801,1.33965
2.8879,1.33965
2.92779,1.33965
2.96768,1.33965
3.00757,1.33965
3.04747,1.33965
3.08736,1.33965
3.12726,1.33965
3.16716,1.33965
3.20706,1.33965
3.24696,1.33965
3.28686,1.33965
3.32677,1.33965
3.36667,1.33965
3.40658,1.33965
3.44649,1.3309
3.4864,1.32214
3.52631,1.31339
3.56622,1.30464
3.60614,1.29589
3.64605,1.28713
3.68597,1.27838
3.72589,1.26962
3.76581,1.26087
3.80573,1.25212
3.84565,1.24336
3.88557,1.23461
3.9255,1.22585
3.96543,1.21709
4.00536,1.20834
4.04528,1.19958
4.08522,1.19082
4.12515,1.18207
4.16508,1.17331
4.20502,1.16455
4.24495,1.15579
4.28489,1.14704
4.32483,1.13828
4.36477,1.12952
4.40471,1.12076
4.44466,1.112
4.4846,1.10324
4.52455,1.09448
4.56449,1.08572
4.60444,1.07696
4.64439,1.0682
4.68435,1.05944
4.7243,1.05068
4.76425,1.04191
4.80421,1.03315
4.84416,1.02439
4.88412,1.01563
4.92408,1.00686
4.96404,0.9981
5.004,0.989336
5.04397,0.980573
5.08393,0.971808
5.1239,0.963044
5.16387,0.954279
5.20383,0.945514
5.2438,0.936749
5.28378,0.927983
5.32375,0.919217
5.36372,0.910451
5.4037,0.901685
5.44367,0.892918
5.48365,0.884151
5.52363,0.875384
5.56361,0.866616
5.60359,0.857848
5.64357,0.84908
5.68356,0.840312
5.72354,0.831543
5.76353,0.819809
5.80352,0.808075
5.84351,0.79634
5.8835,0.784605
5.92349,0.77287
5.96348,0.761134
6.00348,0.749398
6.04347,0.737661
6.08347,0.725924
6.12347,0.714187
6.16347,0.702449
6.20347,0.690711
6.24347,0.678973
6.28347,0.667234
6.32348,0.655495
6.36348,0.643756
6.40349,0.632016
6.44349,0.620276
6.4835,0.617309
6.52351,0.614343
6.56352,0.611376
6.60354,0.608409
6.64355,0.605442
6.68357,0.602475
6.72358,0.599508
6.7636,0.596541
6.80362,0.593573
6.84364,0.590606
6.88366,0.587638
6.92368,0.584671
6.9637,0.581703
7.00373,0.578735
7.04375,0.575768
7.08378,0.5728
7.12381,0.569832
7.16384,0.566863
7.20387,0.563895
7.2439,0.560927
7.28393,0.557959
7.32397,0.55499
7.364,0.55499
7.40404,0.55499
7.44407,0.55499
7.48411,0.55499
7.52415,0.55499
7.56419,0.55499
7.60423,0.55499
7.64428,0.55499
7.68432,0.55499
7.72437,0.55499
7.76441,0.55499
7.80446,0.55499
7.84451,0.55499
7.88456,0.55499
7.92461,0.55499
7.96466,0.55499
8.00471,0.55499
8.04477,0.55499
8.08482,0.55499
8.12488,0.55499
8.16494,0.55499
8.205,0.55499
8.24506,0.55499
8.28512,0.55499
8.32518,0.55499
8.36524,0.55499
8.4053,0.55499
8.44537,0.55499
8.48544,0.55499
8.5255,0.55499
8.56557,0.55499
8.60564,0.55499
8.64571,0.55499
8.68578,0.55499
8.72585,0.55499
8.76593,0.55499
8.806,0.55499
8.84608,0.55499
8.88615,0.55499
8.92623,0.55499
8.96631,0.55499
9.00639,0.55499
9.04647,0.55499
9.08655,0.55499
9.12663,0.55499
9.16672,0.55499
9.2068,0.55499
9.24689,0.55499
9.28697,0.55499
9.32706,0.55499
9.36715,0.55499
9.40724,0.55499
9.44733,0.55499
9.48742,0.55499
9.52752,0.55499
9.56761,0.55499
9.6077,0.55499
9.6478,0.55499
9.6879,0.55499
9.72799,0.55499
9.76809,0.55499
9.80819,0.55499
9.84829,0.55499
9.8884,0.55499
9.9285,0.55499
9.9686,0.55499
10.0087,0.55499
10.0488,0.55499
10.0889,0.55499
10.129,0.55499
10.1691,0.55499
10.2092,0.55499
10.2494,0.55499
10.2895,0.55499
10.3296,0.55499
10.3697,0.55499
10.4098,0.55499
10.4499,0.55499
10.49,0.55499
10.5302,0.55499
10.5703,0.55499
10.6104,0.55499
10.6505,0.55499
10.6906,0.55499
10.7307,0.55499
10.7709,0.55499
10.811,0.55499
10.8511,0.55499
10.8912,0.55499
10.9314,0.55499
10.9715,0.55499
11.0116,0.55499
11.0517,0.55499
11.0919,0.55499
11.132,0.55499
11.1721,0.55499
11.2123,0.55499
11.2524,0.55499
11.2925,0.55499
11.3327,0.55499
11.3728,0.55499
11.4129,0.55499
11.4531,0.55499
11.4932,0.55499
11.5334,0.55499
11.5735,0.55499
11.6136,0.55499
11.6538,0.55499
11.6939,0.55499
11.7341,0.55499
11.7742,0.557733
11.8144,0.560476
11.8545,0.56322
11.8946,0.565963
11.9348,0.568706
11.9749,0.57145
12.0151,0.574193
12.0552,0.576937
12.0954,0.57968
12.1355,0.582424
12.1757,0.585168
12.2158,0.587911
12.256,0.590655
12.2962,0.593399
12.3363,0.596143
12.3765,0.598887
12.4166,0.601631
12.4568,0.604375
12.4969,0.607119
12.5371,0.609863
12.5773,0.612607
12.6174,0.615352
12.6576,0.618096
12.6977,0.62084
12.7379,0.623585
12.7781,0.626329
12.8182,0.629074
12.8584,0.631818
12.8986,0.634563
12.9387,0.637308
12.9789,0.640052
13.0191,0.642797
13.0592,0.645542
13.0994,0.648287
13.1396,0.651032
13.1797,0.653777
13.2199,0.656522
13.2601,0.659267
13.3003,0.662012
13.3404,0.664757
13.3806,0.667502
13.4208,0.670248
13.461,0.672993
13.5011,0.675738
13.5413,0.678484
13.5815,0.681229
13.6217,0.683975
13.6619,0.68672
13.702,0.689466
13.7422,0.692212
13.7824,0.694957
13.8226,0.697703
13.8628,0.700449
13.9029,0.703195
13.9431,0.705941
13.9833,0.708687
14.0235,0.711433
14.0637,0.714179
14.1039,0.716925
14.1441,0.719671
14.1842,0.722417
14.2244,0.725163
14.2646,0.727909
14.3048,0.730656
14.345,0.733402
14.3852,0.736148
14.4254,0.738895
14.4656,0.741641
14.5058,0.744388
14.546,0.747134
14.5862,0.749881
14.6264,0.752628
14.6666,0.755374
14.7068,0.758121
14.747,0.760868
14.7872,0.763615
14.8273,0.766362
14.8675,0.769108
14.9077,0.771855
14.9479,0.774602
14.9881,0.777349
15.0284,0.780096
15.0686,0.782844
15.1088,0.785591
15.149,0.788338
15.1892,0.791085
15.2294,0.793832
15.2696,0.79658
15.3098,0.799327
15.35,0.802074
15.3902,0.804822
15.4304,0.807569
15.4706,0.810317
15.5108,0.813064
15.551,0.815812
15.5912,0.81856
15.6314,0.821307
15.6717,0.824055
15.7119,0.826803
15.7521,0.82955
15.7923,0.832298
15.8325,0.835046
15.8727,0.837794
15.9129,0.840542
15.9531,0.84329
15.9934,0.846038
16.0336,0.848786
16.0738,0.851534
16.114,0.854282
16.1542,0.85703
16.1944,0.859778
16.2347,0.862526
16.2749,0.865275
16.3151,0.868023
16.3553,0.870771
16.3955,0.873519
16.4358,0.876268
16.476,0.879016
16.5162,0.881765
16.5564,0.884513
16.5966,0.887262
16.6369,0.89001
16.6771,0.892759
16.7173,0.895507
16.7575,0.898256
16.7978,0.901005
16.838,0.903753
16.8782,0.906502
16.9184,0.909251
16.9587,0.911999
16.9989,0.914748
17.0391,0.917497
17.0793,0.920246
17.1196,0.922995
17.1598,0.925744
17.2,0.928493
17.2403,0.931242
17.2805,0.933991
17.3207,0.93674
17.361,0.939489
17.4012,0.942238
17.4414,0.944987
17.4816,0.947736
17.5219,0.950486
17.5621,0.953235
17.6023,0.955984
17.6426,0.958733
17.6828,0.961483
17.723,0.964232
17.7633,0.966981
17.8035,0.969731
17.8438,0.97248
17.884,0.97523
17.9242,0.977979
17.9645,0.980729
18.0047,0.983478
18.0449,0.986228
18.0852,0.988977
18.1254,0.991727
18.1657,0.994476
18.2059,0.997226
18.2461,0.999976
18.2864,1.00273
18.3266,1.00548
18.3669,1.00822
18.4071,1.01097
18.4473,1.01372
18.4876,1.01647
18.5278,1.01922
18.5681,1.02197
18.6083,1.02472
18.6485,1.02747
18.6888,1.03022
18.729,1.03297
18.7693,1.03572
18.8095,1.03847
18.8498,1.04122
18.89,1.04397
18.9303,1.04672
18.9705,1.04947
19.0107,1.05222
19.051,1.05497
19.0912,1.05772
19.1315,1.06047
19.1717,1.06322
19.212,1.06597
19.2522,1.06872
19.2925,1.07148
19.3327,1.07423
19.373,1.07698
19.4132,1.07973
19.4535,1.08248
19.4937,1.08523
19.534,1.08798
19.5742,1.09073
19.6145,1.09348
19.6547,1.09623
19.695,1.09898
19.7352,1.10173
19.7755,1.10448
19.8157,1.10723
19.856,1.10998
19.8962,1.11273
19.9365,1.11548
19.9767,1.11823
20.017,1.12098
20.0572,1.12373
20.0975,1.12648
20.1377,1.12923
20.178,1.13198
20.2182,1.13474
20.2585,1.13749
20.2987,1.14024
20.339,1.14299
20.3793,1.14574
20.4195,1.14849
20.4598,1.15124
20.5,1.15399
20.5403,1.15674
20.5805,1.15949
20.6208,1.16224
20.661,1.16499
20.7013,1.16774
20.7416,1.17049
20.7818,1.17325
20.8221,1.176
20.8623,1.17875
20.9026,1.1815
20.9428,1.18425
20.9831,1.187
21.0234,1.18975
21.0636,1.1925
21.1039,1.19525
21.1441,1.198
21.1844,1.20075
21.2246,1.20351
21.2649,1.20626
21.3052,1.20901
21.3454,1.21176
21.3857,1.21451
21.4259,1.21726
21.4662,1.22001
21.5064,1.22276
21.5467,1.22551
21.587,1.22826
21.6272,1.23102
21.6675,1.23377
21.7077,1.23652
21.748,1.23927
21.7883,1.24202
21.8285,1.24477
21.8688,1.24752
21.909,1.25027
21.9493,1.25302
21.9896,1.25577
22.0298,1.25853
22.0701,1.26128
22.1103,1.26403
22.1506,1.26678
22.1909,1.26953
22.2311,1.27228
22.2714,1.27503
22.3116,1.27778
22.3519,1.28053
22.3922,1.28329
22.4324,1.28604
22.4727,1.28879
22.5129,1.29154
22.5532,1.29429
22.5935,1.29704
22.6337,1.29979
22.674,1.30254
22.7143,1.30529
22.7545,1.30805
22.7948,1.3108
22.835,1.31355
22.8753,1.3163
22.9156,1.31905
22.9558,1.3218
22.9961,1.32455
23.0363,1.3273
23.0766,1.33006
23.1169,1.33281
23.1579,1.33556
23.2004,1.33841
23.2445,1.34137
23.2902,1.34444
23.3376,1.34762
23.3866,1.35091
23.4375,1.35432
23.4901,1.35786
23.5446,1.36152
23.601,1.36531
23.6594,1.36923
23.7197,1.37328
23.7821,1.37747
23.8466,1.38181
23.9133,1.38629
23.9821,1.39092
24.0532,1.3957
24.1265,1.40063
24.2022,1.40572
24.2803,1.41098
24.3608,1.41639
24.4437,1.42197
24.5291,1.42772
24.617,1.43365
24.7075,1.43974
24.8006,1.44601
24.8963,1.45246
24.9946,1.45909
25.0955,1.4659
25.1992,1.47289
25.3055,1.48006
25.4145,1.48742
25.5262,1.49496
25.6406,1.50268
25.7576,1.51059
25.8774,1.51868
25.9997,1.52695
26.1248,1.5354
26.2524,1.54404
26.3826,1.55285
26.5153,1.56183
26.6505,1.57098
26.7881,1.58031
26.9281,1.58979
27.0704,1.59944
27.215,1.60924
27.3617,1.6192
27.5105,1.62929
27.6612,1.63953
27.8139,1.6499
27.9683,1.66039
28.1244,1.671
28.2821,1.68172
28.4412,1.69255
28.6016,1.70347
28.7633,1.71448
28.926,1.72556
29.0896,1.73671
29.254,1.74792
29.4191,1.75918
29.5847,1.77048
29.7507,1.78182
29.9169,1.79317
0.0198879,1.37002
0.0596644,1.37002
0.0994427,1.37002
0.139223,1.37002
0.179004,1.37002
0.218787,1.37002
0.258572,1.37002
0.298359,1.37002
0.338147,1.37002
0.377937,1.37002
0.417728,1.37002
0.457521,1.37002
0.497316,1.37002
0.537113,1.37002
0.576911,1.37002
0.61671,1.37002
0.656512,1.37002
0.696315,1.37002
0.736119,1.37002
0.775925,1.37002
0.815733,1.37002
0.855543,1.37002
0.895354,1.37002
0.935166,1.37002
0.974981,1.37002
1.0148,1.37002
1.05461,1.37002
1.09443,1.37002
1.13425,1.37002
1.17408,1.37002
1.2139,1.37002
1.25373,1.37002
1.29355,1.37002
1.33338,1.37002
1.37321,1.37002
1.41304,1.37002
1.45288,1.37002
1.49271,1.37002
1.53255,1.37002
1.57239,1.37002
1.61223,1.37002
1.65207,1.37002
1.69191,1.37002
1.73175,1.37002
1.7716,1.37002
1.81145,1.37002
1.8513,1.37002
1.89115,1.37002
1.931,1.37002
1.97085,1.37002
2.01071,1.37002
2.05056,1.37002
2.09042,1.37002
2.13028,1.37002
2.17014,1.37002
2.21001,1.37002
2.24987,1.37002
2.28974,1.37002
2.3296,1.37002
2.36947,1.37002
2.40934,1.37002
2.44921,1.37002
2.48909,1.37002
2.52896,1.37002
2.56884,1.37002
2.60872,1.37002
2.64859,1.37002
2.68848,1.37002
2.72836,1.37002
2.76824,1.37002
2.80813,1.37002
2.84801,1.37002
2.8879,1.37002
2.92779,1.37002
2.96768,1.37002
3.00757,1.37002
3.04747,1.37002
3.08736,1.37002
3.12726,1.37002
3.16716,1.37002
3.20706,1.37002
3.24696,1.37002
3.28686,1.37002
3.32677,1.37002
3.36667,1.37002
3.40658,1.37002
3.44649,1.36102
3.4864,1.35202
3.52631,1.34302
3.56622,1.33402
3.60614,1.32502
3.64605,1.31602
3.68597,1.30701
3.72589,1.29801
3.76581,1.28901
3.80573,1.28001
3.84565,1.271
3.88557,1.262
3.9255,1.253
3.96543,1.24399
4.00536,1.23499
4.04528,1.22599
4.08522,1.21698
4.12515,1.20798
4.16508,1.19897
4.20502,1.18997
4.24495,1.18096
4.28489,1.17195
4.32483,1.16295
4.36477,1.15394
4.40471,1.14493
4.44466,1.13593
4.4846,1.12692
4.52455,1.11791
4.56449,1.1089
4.60444,1.09989
4.64439,1.09088
4.68435,1.08188
4.7243,1.07287
4.76425,1.06386
4.80421,1.05485
4.84416,1.04584
4.88412,1.03682
4.92408,1.02781
4.96404,1.0188
5.004,1.00979
5.04397,1.00078
5.08393,0.991767
5.1239,0.982754
5.16387,0.973741
5.20383,0.964728
5.2438,0.955715
5.28378,0.946701
5.32375,0.937687
5.36372,0.928673
5.4037,0.919658
5.44367,0.910643
5.48365,0.901628
5.52363,0.892613
5.56361,0.883597
5.60359,0.874581
5.64357,0.865565
5.68356,0.856548
5.72354,0.847531
5.76353,0.835654
5.80352,0.823776
5.84351,0.811898
5.8835,0.800019
5.92349,0.78814
5.96348,0.776261
6.00348,0.764381
6.04347,0.752501
6.08347,0.74062
6.12347,0.72874
6.16347,0.716858
6.20347,0.704977
6.24347,0.693095
6.28347,0.681213
6.32348,0.66933
6.36348,0.657447
6.40349,0.645564
6.44349,0.63368
6.4835,0.630818
6.52351,0.627956
6.56352,0.625094
6.60354,0.622232
6.64355,0.61937
6.68357,0.616507
6.72358,0.613645
6.7636,0.610782
6.80362,0.60792
6.84364,0.605057
6.88366,0.602194
6.92368,0.599332
6.9637,0.596469
7.00373,0.593606
7.04375,0.590742
7.08378,0.587879
7.12381,0.585016
7.16384,0.582153
7.20387,0.579289
7.2439,0.576426
7.28393,0.573562
7.32397,0.570699
7.364,0.570699
7.40404,0.570699
7.44407,0.570699
7.48411,0.570699
7.52415,0.570699
7.56419,0.570699
7.60423,0.570699
7.64428,0.570699
7.68432,0.570699
7.72437,0.570699
7.76441,0.570699
7.80446,0.570699
7.84451,0.570699
7.88456,0.570699
7.92461,0.570699
7.96466,0.570699
8.00471,0.570699
8.04477,0.570699
8.08482,0.570699
8.12488,0.570699
8.16494,0.570699
8.205,0.570699
8.24506,0.570699
8.28512,0.570699
8.32518,0.570699
8.36524,0.570699
8.4053,0.570699
8.44537,0.570699
8.48544,0.570699
8.5255,0.570699
8.56557,0.570699
8.60564,0.570699
8.64571,0.570699
8.68578,0.570699
8.72585,0.570699
8.76593,0.570699
8.806,0.570699
8.84608,0.570699
8.88615,0.570699
8.92623,0.570699
8.96631,0.570699
9.00639,0.570699
9.04647,0.570699
9.08655,0.570699
9.12663,0.570699
9.16672,0.570699
9.2068,0.570699
9.24689,0.570699
9.28697,0.570699
9.32706,0.570699
9.36715,0.570699
9.40724,0.570699
9.44733,0.570699
9.48742,0.570699
9.52752,0.570699
9.56761,0.570699
9.6077,0.570699
9.6478,0.570699
9.6879,0.570699
9.72799,0.570699
9.76809,0.570699
9.80819,0.570699
9.84829,0.570699
9.8884,0.570699
9.9285,0.570699
9.9686,0.570699
10.0087,0.570699
10.0488,0.570699
10.0889,0.570699
10.129,0.570699
10.1691,0.570699
10.2092,0.570699
10.2494,0.570699
10.2895,0.570699
10.3296,0.570699
10.3697,0.570699
10.4098,0.570699
10.4499,0.570699
10.49,0.570699
10.5302,0.570699
10.5703,0.570699
10.6104,0.570699
10.6505,0.570699
10.6906,0.570699
10.7307,0.570699
10.7709,0.570699
10.811,0.570699
10.8511,0.570699
10.8912,0.570699
10.9314,0.570699
10.9715,0.570699
11.0116,0.570699
11.0517,0.570699
11.0919,0.570699
11.132,0.570699
11.1721,0.570699
11.2123,0.570699
11.2524,0.570699
11.2925,0.570699
11.3327,0.570699
11.3728,0.570699
11.4129,0.570699
11.4531,0.570699
11.4932,0.570699
11.5334,0.570699
11.5735,0.570699
11.6136,0.570699
11.6538,0.570699
11.6939,0.570699
11.7341,0.570699
11.7742,0.573519
11.8144,0.57634
11.8545,0.579161
11.8946,0.581982
11.9348,0.584803
11.9749,0.587624
12.0151,0.590445
12.0552,0.593266
12.0954,0.596087
12.1355,0.598909
12.1757,0.60173
12.2158,0.604551
12.256,0.607373
12.2962,0.610194
12.3363,0.613016
12.3765,0.615838
12.4166,0.618659
12.4568,0.621481
12.4969,0.624303
12.5371,0.627125
12.5773,0.629946
12.6174,0.632768
12.6576,0.63559
12.6977,0.638412
12.7379,0.641235
12.7781,0.644057
12.8182,0.646879
12.8584,0.649701
12.8986,0.652523
12.9387,0.655346
12.9789,0.658168
13.0191,0.660991
13.0592,0.663813
13.0994,0.666636
13.1396,0.669458
13.1797,0.672281
13.2199,0.675104
13.2601,0.677927
13.3003,0.680749
13.3404,0.683572
13.3806,0.686395
13.4208,0.689218
13.461,0.692041
13.5011,0.694864
13.5413,0.697688
13.5815,0.700511
13.6217,0.703334
13.6619,0.706157
13.702,0.708981
13.7422,0.711804
13.7824,0.714627
13.8226,0.717451
13.8628,0.720274
13.9029,0.723098
13.9431,0.725921
13.9833,0.728745
14.0235,0.731569
14.0637,0.734393
14.1039,0.737216
14.1441,0.74004
14.1842,0.742864
14.2244,0.745688
14.2646,0.748512
14.3048,0.751336
14.345,0.75416
14.3852,0.756984
14.4254,0.759808
14.4656,0.762633
14.5058,0.765457
14.546,0.768281
14.5862,0.771106
14.6264,0.77393
14.6666,0.776754
14.7068,0.779579
14.747,0.782403
14.7872,0.785228
14.8273,0.788053
14.8675,0.790877
14.9077,0.793702
14.9479,0.796527
14.9881,0.799351
15.0284,0.802176
15.0686,0.805001
15.1088,0.807826
15.149,0.810651
15.1892,0.813476
15.2294,0.816301
15.2696,0.819126
15.3098,0.821951
15.35,0.824776
15.3902,0.827601
15.4304,0.830427
15.4706,0.833252
15.5108,0.836077
15.551,0.838903
15.5912,0.841728
15.6314,0.844553
15.6717,0.847379
15.7119,0.850204
15.7521,0.85303
15.7923,0.855855
15.8325,0.858681
15.8727,0.861507
15.9129,0.864332
15.9531,0.867158
15.9934,0.869984
16.0336,0.87281
16.0738,0.875635
16.114,0.878461
16.1542,0.881287
16.1944,0.884113
16.2347,0.886939
16.2749,0.889765
16.3151,0.892591
16.3553,0.895417
16.3955,0.898243
16.4358,0.90107
16.476,0.903896
16.5162,0.906722
16.5564,0.909548
16.5966,0.912375
16.6369,0.915201
16.6771,0.918027
16.7173,0.920854
16.7575,0.92368
16.7978,0.926506
16.838,0.929333
16.8782,0.932159
16.9184,0.934986
16.9587,0.937813
16.9989,0.940639
17.0391,0.943466
17.0793,0.946293
17.1196,0.949119
17.1598,0.951946
17.2,0.954773
17.2403,0.9576
17.2805,0.960426
17.3207,0.963253
17.361,0.96608
17.4012,0.968907
17.4414,0.971734
17.4816,0.974561
17.5219,0.977388
17.5621,0.980215
17.6023,0.983042
17.6426,0.985869
17.6828,0.988696
17.723,0.991523
17.7633,0.994351
17.8035,0.997178
17.8438,1.00001
17.884,1.00283
17.9242,1.00566
17.9645,1.00849
18.0047,1.01131
18.0449,1.01414
18.0852,1.01697
18.1254,1.0198
18.1657,1.02262
18.2059,1.02545
18.2461,1.02828
18.2864,1.03111
18.3266,1.03393
18.3669,1.03676
18.4071,1.03959
18.4473,1.04242
18.4876,1.04524
18.5278,1.04807
18.5681,1.0509
18.6083,1.05373
18.6485,1.05656
18.6888,1.05938
18.729,1.06221
18.7693,1.06504
18.8095,1.06787
18.8498,1.07069
18.89,1.07352
18.9303,1.07635
18.9705,1.07918
19.0107,1.08201
19.051,1.08483
19.0912,1.08766
19.1315,1.09049
19.1717,1.09332
19.212,1.09615
19.2522,1.09897
19.2925,1.1018
19.3327,1.10463
19.373,1.10746
19.4132,1.11029
19.4535,1.11311
19.4937,1.11594
19.534,1.11877
19.5742,1.1216
19.6145,1.12443
19.6547,1.12726
19.695,1.13008
19.7352,1.13291
19.7755,1.13574
19.8157,1.13857
19.856,1.1414
19.8962,1.14423
19.9365,1.14705
19.9767,1.14988
20.017,1.15271
20.0572,1.15554
20.0975,1.15837
20.1377,1.1612
20.178,1.16402
20.2182,1.16685
20.2585,1.16968
20.2987,1.17251
20.339,1.17534
20.3793,1.17817
20.4195,1.181
20.4598,1.18382
20.5,1.18665
20.5403,1.18948
20.5805,1.19231
20.6208,1.19514
20.661,1.19797
20.7013,1.2008
20.7416,1.20362
20.7818,1.20645
20.8221,1.20928
20.8623,1.21211
20.9026,1.21494
20.9428,1.21777
20.9831,1.2206
21.0234,1.22343
21.0636,1.22625
21.1039,1.22908
21.1441,1.23191
21.1844,1.23474
21.2246,1.23757
21.2649,1.2404
21.3052,1.24323
21.3454,1.24606
21.3857,1.24888
21.4259,1.25171
21.4662,1.25454
21.5064,1.25737
21.5467,1.2602
21.587,1.26303
21.6272,1.26586
21.6675,1.26869
21.7077,1.27152
21.748,1.27434
21.7883,1.27717
21.8285,1.28
21.8688,1.28283
21.909,1.28566
21.9493,1.28849
21.9896,1.29132
22.0298,1.29415
22.0701,1.29698
22.1103,1.2998
22.1506,1.30263
22.1909,1.30546
22.2311,1.30829
22.2714,1.31112
22.3116,1.31395
22.3519,1.31678
22.3922,1.31961
22.4324,1.32244
22.4727,1.32527
22.5129,1.32809
22.5532,1.33092
22.5935,1.33375
22.6337,1.33658
22.674,1.33941
22.7143,1.34224
22.7545,1.34507
22.7948,1.3479
22.835,1.35073
22.8753,1.35356
22.9156,1.35638
22.9558,1.35921
22.9961,1.36204
23.0363,1.36487
23.0766,1.3677
23.1169,1.37053
23.1579,1.37336
23.2004,1.37629
23.2445,1.37934
23.2902,1.38249
23.3376,1.38576
23.3866,1.38915
23.4375,1.39266
23.4901,1.39629
23.5446,1.40005
23.601,1.40395
23.6594,1.40798
23.7197,1.41215
23.7821,1.41646
23.8466,1.42092
23.9133,1.42553
23.9821,1.43029
24.0532,1.4352
24.1265,1.44027
24.2022,1.44551
24.2803,1.45091
24.3608,1.45648
24.4437,1.46222
24.5291,1.46813
24.617,1.47422
24.7075,1.48049
24.8006,1.48694
24.8963,1.49357
24.9946,1.50039
25.0955,1.50739
25.1992,1.51457
25.3055,1.52195
25.4145,1.52952
25.5262,1.53727
25.6406,1.54521
25.7576,1.55334
25.8774,1.56166
25.9997,1.57017
26.1248,1.57886
26.2524,1.58774
26.3826,1.5968
26.5153,1.60604
26.6505,1.61545
26.7881,1.62504
26.9281,1.63479
27.0704,1.64471
27.215,1.65479
27.3617,1.66502
27.5105,1.67541
27.6612,1.68593
27.8139,1.69659
27.9683,1.70738
28.1244,1.7183
28.2821,1.72932
28.4412,1.74045
28.6016,1.75168
28.7633,1.763
28.926,1.7744
29.0896,1.78587
29.254,1.7974
29.4191,1.80898
29.5847,1.8206
29.7507,1.83225
29.9169,1.84392
0.0198879,1.40038
0.0596644,1.40038
0.0994427,1.40038
0.139223,1.40038
0.179004,1.40038
0.218787,1.40038
0.258572,1.40038
0.298359,1.40038
0.338147,1.40038
0.377937,1.40038
0.417728,1.40038
0.457521,1.40038
0.497316,1.40038
0.537113,1.40038
0.576911,1.40038
0.61671,1.40038
0.656512,1.40038
0.696315,1.40038
0.736119,1.40038
0.775925,1.40038
0.815733,1.40038
0.855543,1.40038
0.895354,1.40038
0.935166,1.40038
0.974981,1.40038
1.0148,1.40038
1.05461,1.40038
1.09443,1.40038
1.13425,1.40038
1.17408,1.40038
1.2139,1.40038
1.25373,1.40038
1.29355,1.40038
1.33338,1.40038
1.37321,1.40038
1.41304,1.40038
1.45288,1.40038
1.49271,1.40038
1.53255,1.40038
1.57239,1.40038
1.61223,1.40038
1.65207,1.40038
1.69191,1.40038
1.73175,1.40038
1.7716,1.40038
1.81145,1.40038
1.8513,1.40038
1.89115,1.40038
1.931,1.40038
1.97085,1.40038
2.01071,1.40038
2.05056,1.40038
2.09042,1.40038
2.13028,1.40038
2.17014,1.40038
2.21001,1.40038
2.24987,1.40038
2.28974,1.40038
2.3296,1.40038
2.36947,1.40038
2.40934,1.40038
2.44921,1.40038
2.48909,1.40038
2.52896,1.40038
2.56884,1.40038
2.60872,1.40038
2.64859,1.40038
2.68848,1.40038
2.72836,1.40038
2.76824,1.40038
2.80813,1.40038
2.84801,1.40038
2.8879,1.40038
2.92779,1.40038
2.96768,1.40038
3.00757,1.40038
3.04747,1.40038
3.08736,1.40038
3.12726,1.40038
3.16716,1.40038
3.20706,1.40038
3.24696,1.40038
3.28686,1.40038
3.32677,1.40038
3.36667,1.40038
3.40658,1.40038
3.44649,1.39113
3.4864,1.38189
3.52631,1.37264
3.56622,1.36339
3.60614,1.35414
3.64605,1.34489
3.68597,1.33564
3.72589,1.3264
3.76581,1.31715
3.80573,1.3079
3.84565,1.29864
3.88557,1.28939
3.9255,1.28014
3.96543,1.27089
4.00536,1.26164
4.04528,1.25239
4.08522,1.24314
4.12515,1.23388
4.16508,1.22463
4.20502,1.21538
4.24495,1.20612
4.28489,1.19687
4.32483,1.18761
4.36477,1.17836
4.40471,1.1691
4.44466,1.15985
4.4846,1.15059
4.52455,1.14134
4.56449,1.13208
4.60444,1.12282
4.64439,1.11357
4.68435,1.10431
4.7243,1.09505
4.76425,1.0858
4.80421,1.07654
4.84416,1.06728
4.88412,1.05802
4.92408,1.04876
4.96404,1.0395
5.004,1.03024
5.04397,1.02098
5.08393,1.01172
5.1239,1.00246
5.16387,0.993201
5.20383,0.983939
5.2438,0.974678
5.28378,0.965416
5.32375,0.956154
5.36372,0.946892
5.4037,0.937629
5.44367,0.928366
5.48365,0.919103
5.52363,0.909839
5.56361,0.900575
5.60359,0.891311
5.64357,0.882047
5.68356,0.872782
5.72354,0.863517
5.76353,0.851496
5.80352,0.839475
5.84351,0.827453
5.8835,0.815431
5.92349,0.803408
5.96348,0.791385
6.00348,0.779362
6.04347,0.767339
6.08347,0.755314
6.12347,0.74329
6.16347,0.731265
6.20347,0.71924
6.24347,0.707215
6.28347,0.695189
6.32348,0.683163
6.36348,0.671136
6.40349,0.659109
6.44349,0.647082
6.4835,0.644325
6.52351,0.641567
6.56352,0.63881
6.60354,0.636052
6.64355,0.633295
6.68357,0.630537
6.72358,0.62778
6.7636,0.625022
6.80362,0.622264
6.84364,0.619506
6.88366,0.616748
6.92368,0.61399
6.9637,0.611232
7.00373,0.608474
7.04375,0.605715
7.08378,0.602957
7.12381,0.600198
7.16384,0.59744
7.20387,0.594681
7.2439,0.591922
7.28393,0.589163
7.32397,0.586405
7.364,0.586405
7.40404,0.586405
7.44407,0.586405
7.48411,0.586405
7.52415,0.586405
7.56419,0.586405
7.60423,0.586405
7.64428,0.586405
7.68432,0.586405
7.72437,0.586405
7.76441,0.586405
7.80446,0.586405
7.84451,0.586405
7.88456,0.586405
7.92461,0.586405
7.96466,0.586405
8.00471,0.586405
8.04477,0.586405
8.08482,0.586405
8.12488,0.586405
8.16494,0.586405
8.205,0.586405
8.24506,0.586405
8.28512,0.586405
8.32518,0.586405
8.36524,0.586405
8.4053,0.586405
8.44537,0.586405
8.48544,0.586405
8.5255,0.586405
8.56557,0.586405
8.60564,0.586405
8.64571,0.586405
8.68578,0.586405
8.72585,0.586405
8.76593,0.586405
8.806,0.586405
8.84608,0.586405
8.88615,0.586405
8.92623,0.586405
8.96631,0.586405
9.00639,0.586405
9.04647,0.586405
9.08655,0.586405
9.12663,0.586405
9.16672,0.586405
9.2068,0.586405
9.24689,0.586405
9.28697,0.586405
9.32706,0.586405
9.36715,0.586405
9.40724,0.586405
9.44733,0.586405
9.48742,0.586405
9.52752,0.586405
9.56761,0.586405
9.6077,0.586405
9.6478,0.586405
9.6879,0.586405
9.72799,0.586405
9.76809,0.586405
9.80819,0.586405
9.84829,0.586405
9.8884,0.586405
9.9285,0.586405
9.9686,0.586405
10.0087,0.586405
10.0488,0.586405
10.0889,0.586405
10.129,0.586405
10.1691,0.586405
10.2092,0.586405
10.2494,0.586405
10.2895,0.586405
10.3296,0.586405
10.3697,0.586405
10.4098,0.586405
10.4499,0.586405
10.49,0.586405
10.5302,0.586405
10.5703,0.586405
10.6104,0.586405
10.6505,0.586405
10.6906,0.586405
10.7307,0.586405
10.7709,0.586405
10.811,0.586405
10.8511,0.586405
10.8912,0.586405
10.9314,0.586405
10.9715,0.586405
11.0116,0.586405
11.0517,0.586405
11.0919,0.586405
11.132,0.586405
11.1721,0.586405
11.2123,0.586405
11.2524,0.586405
11.2925,0.586405
11.3327,0.586405
11.3728,0.586405
11.4129,0.586405
11.4531,0.586405
11.4932,0.586405
11.5334,0.586405
11.5735,0.586405
11.6136,0.586405
11.6538,0.586405
11.6939,0.586405
11.7341,0.586405
11.7742,0.589303
11.8144,0.592201
11.8545,0.5951
11.8946,0.597998
11.9348,0.600897
11.9749,0.603796
12.0151,0.606695
12.0552,0.609593
12.0954,0.612492
12.1355,0.615391
12.1757,0.61829
12.2158,0.621189
12.256,0.624088
12.2962,0.626987
12.3363,0.629887
12.3765,0.632786
12.4166,0.635685
12.4568,0.638585
12.4969,0.641484
12.5371,0.644383
12.5773,0.647283
12.6174,0.650183
12.6576,0.653082
12.6977,0.655982
12.7379,0.658882
12.7781,0.661782
12.8182,0.664681
12.8584,0.667581
12.8986,0.670481
12.9387,0.673381
12.9789,0.676282
13.0191,0.679182
13.0592,0.682082
13.0994,0.684982
13.1396,0.687882
13.1797,0.690783
13.2199,0.693683
13.2601,0.696584
13.3003,0.699484
13.3404,0.702385
13.3806,0.705285
13.4208,0.708186
13.461,0.711087
13.5011,0.713988
13.5413,0.716888
13.5815,0.719789
13.6217,0.72269
13.6619,0.725591
13.702,0.728492
13.7422,0.731393
13.7824,0.734294
13.8226,0.737196
13.8628,0.740097
13.9029,0.742998
13.9431,0.745899
13.9833,0.748801
14.0235,0.751702
14.0637,0.754604
14.1039,0.757505
14.1441,0.760407
14.1842,0.763308
14.2244,0.76621
14.2646,0.769112
14.3048,0.772013
14.345,0.774915
14.3852,0.777817
14.4254,0.780719
14.4656,0.783621
14.5058,0.786523
14.546,0.789425
14.5862,0.792327
14.6264,0.795229
14.6666,0.798131
14.7068,0.801033
14.747,0.803936
14.7872,0.806838
14.8273,0.80974
14.8675,0.812643
14.9077,0.815545
14.9479,0.818448
14.9881,0.82135
15.0284,0.824253
15.0686,0.827155
15.1088,0.830058
15.149,0.832961
15.1892,0.835863
15.2294,0.838766
15.2696,0.841669
15.3098,0.844572
15.35,0.847475
15.3902,0.850378
15.4304,0.853281
15.4706,0.856184
15.5108,0.859087
15.551,0.86199
15.5912,0.864893
15.6314,0.867796
15.6717,0.870699
15.7119,0.873603
15.7521,0.876506
15.7923,0.879409
15.8325,0.882313
15.8727,0.885216
15.9129,0.888119
15.9531,0.891023
15.9934,0.893926
16.0336,0.89683
16.0738,0.899734
16.114,0.902637
16.1542,0.905541
16.1944,0.908445
16.2347,0.911348
16.2749,0.914252
16.3151,0.917156
16.3553,0.92006
16.3955,0.922964
16.4358,0.925868
16.476,0.928772
16.5162,0.931676
16.5564,0.93458
16.5966,0.937484
16.6369,0.940388
16.6771,0.943292
16.7173,0.946196
16.7575,0.9491
16.7978,0.952005
16.838,0.954909
16.8782,0.957813
16.9184,0.960718
16.9587,0.963622
16.9989,0.966526
17.0391,0.969431
17.0793,0.972335
17.1196,0.97524
17.1598,0.978144
17.2,0.981049
17.2403,0.983953
17.2805,0.986858
17.3207,0.989763
17.361,0.992667
17.4012,0.995572
17.4414,0.998477
17.4816,1.00138
17.5219,1.00429
17.5621,1.00719
17.6023,1.0101
17.6426,1.013
17.6828,1.01591
17.723,1.01881
17.7633,1.02172
17.8035,1.02462
17.8438,1.02753
17.884,1.03043
17.9242,1.03334
17.9645,1.03624
18.0047,1.03915
18.0449,1.04205
18.0852,1.04496
18.1254,1.04786
18.1657,1.05077
18.2059,1.05367
18.2461,1.05658
18.2864,1.05948
18.3266,1.06239
18.3669,1.06529
18.4071,1.0682
18.4473,1.0711
18.4876,1.07401
18.5278,1.07692
18.5681,1.07982
18.6083,1.08273
18.6485,1.08563
18.6888,1.08854
18.729,1.09144
18.7693,1.09435
18.8095,1.09725
18.8498,1.10016
18.89,1.10307
18.9303,1.10597
18.9705,1.10888
19.0107,1.11178
19.051,1.11469
19.0912,1.11759
19.1315,1.1205
19.1717,1.12341
19.212,1.12631
19.2522,1.12922
19.2925,1.13212
19.3327,1.13503
19.373,1.13794
19.4132,1.14084
19.4535,1.14375
19.4937,1.14665
19.534,1.14956
19.5742,1.15247
19.6145,1.15537
19.6547,1.15828
19.695,1.16118
19.7352,1.16409
19.7755,1.167
19.8157,1.1699
19.856,1.17281
19.8962,1.17572
19.9365,1.17862
19.9767,1.18153
20.017,1.18443
20.0572,1.18734
20.0975,1.19025
20.1377,1.19315
20.178,1.19606
20.2182,1.19897
20.2585,1.20187
20.2987,1.20478
20.339,1.20768
20.3793,1.21059
20.4195,1.2135
20.4598,1.2164
20.5,1.21931
20.5403,1.22222
20.5805,1.22512
20.6208,1.22803
20.661,1.23094
20.7013,1.23384
20.7416,1.23675
20.7818,1.23966
20.8221,1.24256
20.8623,1.24547
20.9026,1.24838
20.9428,1.25128
20.9831,1.25419
21.0234,1.25709
21.0636,1.26
21.1039,1.26291
21.1441,1.26581
21.1844,1.26872
21.2246,1.27163
21.2649,1.27453
21.3052,1.27744
21.3454,1.28035
21.3857,1.28325
21.4259,1.28616
21.4662,1.28907
21.5064,1.29197
21.5467,1.29488
21.587,1.29779
21.6272,1.3007
21.6675,1.3036
21.7077,1.30651
21.748,1.30942
21.7883,1.31232
21.8285,1.31523
21.8688,1.31814
21.909,1.32104
21.9493,1.32395
21.9896,1.32686
22.0298,1.32976
22.0701,1.33267
22.1103,1.33558
22.1506,1.33848
22.1909,1.34139
22.2311,1.3443
22.2714,1.3472
22.3116,1.35011
22.3519,1.35302
22.3922,1.35592
22.4324,1.35883
22.4727,1.36174
22.5129,1.36464
22.5532,1.36755
22.5935,1.37046
22.6337,1.37337
22.674,1.37627
22.7143,1.37918
22.7545,1.38209
22.7948,1.38499
22.835,1.3879
22.8753,1.39081
22.9156,1.39371
22.9558,1.39662
22.9961,1.39953
23.0363,1.40243
23.0766,1.40534
23.1169,1.40825
23.1579,1.41115
23.2004,1.41417
23.2445,1.4173
23.2902,1.42054
23.3376,1.4239
23.3866,1.42738
23.4375,1.43098
23.4901,1.43472
23.5446,1.43858
23.601,1.44259
23.6594,1.44673
23.7197,1.45101
23.7821,1.45544
23.8466,1.46002
23.9133,1.46476
23.9821,1.46965
24.0532,1.4747
24.1265,1.47991
24.2022,1.48529
24.2803,1.49084
24.3608,1.49656
24.4437,1.50246
24.5291,1.50854
24.617,1.5148
24.7075,1.52124
24.8006,1.52786
24.8963,1.53467
24.9946,1.54168
25.0955,1.54887
25.1992,1.55626
25.3055,1.56384
25.4145,1.57161
25.5262,1.57958
25.6406,1.58774
25.7576,1.59609
25.8774,1.60464
25.9997,1.61338
26.1248,1.62231
26.2524,1.63143
26.3826,1.64074
26.5153,1.65023
26.6505,1.65991
26.7881,1.66976
26.9281,1.67978
27.0704,1.68998
27.215,1.70033
27.3617,1.71085
27.5105,1.72152
27.6612,1.73233
27.8139,1.74329
27.9683,1.75437
28.1244,1.76559
28.2821,1.77691
28.4412,1.78835
28.6016,1.79989
28.7633,1.81152
28.926,1.82323
29.0896,1.83502
29.254,1.84686
29.4191,1.85876
29.5847,1.8707
29.7507,1.88267
29.9169,1.89467
0.0198879,1.43074
0.0596644,1.43074
0.0994427,1.43074
0.139223,1.43074
0.179004,1.43074
0.218787,1.43074
0.258572,1.43074
0.298359,1.43074
0.338147,1.43074
0.377937,1.43074
0.417728,1.43074
0.457521,1.43074
0.497316,1.43074
0.537113,1.43074
0.576911,1.43074
0.61671,1.43074
0.656512,1.43074
0.696315,1.43074
0.736119,1.43074
0.775925,1.43074
0.815733,1.43074
0.855543,1.43074
0.895354,1.43074
0.935166,1.43074
0.974981,1.43074
1.0148,1.43074
1.05461,1.43074
1.09443,1.43074
1.13425,1.43074
1.17408,1.43074
1.2139,1.43074
1.25373,1.43074
1.29355,1.43074
1.33338,1.43074
1.37321,1.43074
1.41304,1.43074
1.45288,1.43074
1.49271,1.43074
1.53255,1.43074
1.57239,1.43074
1.61223,1.43074
1.65207,1.43074
1.69191,1.43074
1.73175,1.43074
1.7716,1.43074
1.81145,1.43074
1.8513,1.43074
1.89115,1.43074
1.931,1.43074
1.97085,1.43074
2.01071,1.43074
2.05056,1.43074
2.09042,1.43074
2.13028,1.43074
2.17014,1.43074
2.21001,1.43074
2.24987,1.43074
2.28974,1.43074
2.3296,1.43074
2.36947,1.43074
2.40934,1.43074
2.44921,1.43074
2.48909,1.43074
2.52896,1.43074
2.56884,1.43074
2.60872,1.43074
2.64859,1.43074
2.68848,1.43074
2.72836,1.43074
2.76824,1.43074
2.80813,1.43074
2.84801,1.43074
2.8879,1.43074
2.92779,1.43074
2.96768,1.43074
3.00757,1.43074
3.04747,1.43074
3.08736,1.43074
3.12726,1.43074
3.16716,1.43074
3.20706,1.43074
3.24696,1.43074
3.28686,1.43074
3.32677,1.43074
3.36667,1.43074
3.40658,1.43074
3.44649,1.42125
3.4864,1.41175
3.52631,1.40226
3.56622,1.39276
3.60614,1.38326
3.64605,1.37377
3.68597,1.36427
3.72589,1.35477
3.76581,1.34528
3.80573,1.33578
3.84565,1.32628
3.88557,1.31678
3.9255,1.30728
3.96543,1.29778
4.00536,1.28828
4.04528,1.27878
4.08522,1.26928
4.12515,1.25978
4.16508,1.25028
4.20502,1.24078
4.24495,1.23128
4.28489,1.22178
4.32483,1.21228
4.36477,1.20277
4.40471,1.19327
4.44466,1.18377
4.4846,1.17426
4.52455,1.16476
4.56449,1.15526
4.60444,1.14575
4.64439,1.13625
4.68435,1.12674
4.7243,1.11724
4.76425,1.10773
4.80421,1.09822
4.84416,1.08872
4.88412,1.07921
4.92408,1.0697
4.96404,1.0602
5.004,1.05069
5.04397,1.04118
5.08393,1.03167
5.1239,1.02217
5.16387,1.01266
5.20383,1.00315
5.2438,0.993638
5.28378,0.984128
5.32375,0.974618
5.36372,0.965107
5.4037,0.955597
5.44367,0.946086
5.48365,0.936574
5.52363,0.927063
5.56361,0.917551
5.60359,0.908038
5.64357,0.898526
5.68356,0.889013
5.72354,0.8795
5.76353,0.867335
5.80352,0.855171
5.84351,0.843005
5.8835,0.83084
5.92349,0.818674
5.96348,0.806507
6.00348,0.794341
6.04347,0.782173
6.08347,0.770006
6.12347,0.757838
6.16347,0.74567
6.20347,0.733501
6.24347,0.721332
6.28347,0.709163
6.32348,0.696993
6.36348,0.684823
6.40349,0.672652
6.44349,0.660481
6.4835,0.657829
6.52351,0.655176
6.56352,0.652523
6.60354,0.649871
6.64355,0.647218
6.68357,0.644565
6.72358,0.641912
6.7636,0.639259
6.80362,0.636606
6.84364,0.633953
6.88366,0.631299
6.92368,0.628646
6.9637,0.625992
7.00373,0.623339
7.04375,0.620685
7.08378,0.618032
7.12381,0.615378
7.16384,0.612724
7.20387,0.61007
7.2439,0.607416
7.28393,0.604762
7.32397,0.602108
7.364,0.602108
7.40404,0.602108
7.44407,0.602108
7.48411,0.602108
7.52415,0.602108
7.56419,0.602108
7.60423,0.602108
7.64428,0.602108
7.68432,0.602108
7.72437,0.602108
7.76441,0.602108
7.80446,0.602108
7.84451,0.602108
7.88456,0.602108
7.92461,0.602108
7.96466,0.602108
8.00471,0.602108
8.04477,0.602108
8.08482,0.602108
8.12488,0.602108
8.16494,0.602108
8.205,0.602108
8.24506,0.602108
8.28512,0.602108
8.32518,0.602108
8.36524,0.602108
8.4053,0.602108
8.44537,0.602108
8.48544,0.602108
8.5255,0.602108
8.56557,0.602108
8.60564,0.602108
8.64571,0.602108
8.68578,0.602108
8.72585,0.602108
8.76593,0.602108
8.806,0.602108
8.84608,0.602108
8.88615,0.602108
8.92623,0.602108
8.96631,0.602108
9.00639,0.602108
9.04647,0.602108
9.08655,0.602108
9.12663,0.602108
9.16672,0.602108
9.2068,0.602108
9.24689,0.602108
9.28697,0.602108
9.32706,0.602108
9.36715,0.602108
9.40724,0.602108
9.44733,0.602108
9.48742,0.602108
9.52752,0.602108
9.56761,0.602108
9.6077,0.602108
9.6478,0.602108
9.6879,0.602108
9.72799,0.602108
9.76809,0.602108
9.80819,0.602108
9.84829,0.602108
9.8884,0.602108
9.9285,0.602108
9.9686,0.602108
10.0087,0.602108
10.0488,0.602108
10.0889,0.602108
10.129,0.602108
10.1691,0.602108
10.2092,0.602108
10.2494,0.602108
10.2895,0.602108
10.3296,0.602108
10.3697,0.602108
10.4098,0.602108
10.4499,0.602108
10.49,0.602108
10.5302,0.602108
10.5703,0.602108
10.6104,0.602108
10.6505,0.602108
10.6906,0.602108
10.7307,0.602108
10.7709,0.602108
10.811,0.602108
10.8511,0.602108
10.8912,0.602108
10.9314,0.602108
10.9715,0.602108
11.0116,0.602108
11.0517,0.602108
11.0919,0.602108
11.132,0.602108
11.1721,0.602108
11.2123,0.602108
11.2524,0.602108
11.2925,0.602108
11.3327,0.602108
11.3728,0.602108
11.4129,0.602108
11.4531,0.602108
11.4932,0.602108
11.5334,0.602108
11.5735,0.602108
11.6136,0.602108
11.6538,0.602108
11.6939,0.602108
11.7341,0.602108
11.7742,0.605084
11.8144,0.60806
11.8545,0.611036
11.8946,0.614012
11.9348,0.616988
11.9749,0.619965
12.0151,0.622941
12.0552,0.625918
12.0954,0.628894
12.1355,0.631871
12.1757,0.634847
12.2158,0.637824
12.256,0.640801
12.2962,0.643777
12.3363,0.646754
12.3765,0.649731
12.4166,0.652708
12.4568,0.655685
12.4969,0.658662
12.5371,0.661639
12.5773,0.664616
12.6174,0.667594
12.6576,0.670571
12.6977,0.673548
12.7379,0.676526
12.7781,0.679503
12.8182,0.682481
12.8584,0.685458
12.8986,0.688436
12.9387,0.691414
12.9789,0.694392
13.0191,0.697369
13.0592,0.700347
13.0994,0.703325
13.1396,0.706303
13.1797,0.709281
13.2199,0.712259
13.2601,0.715237
13.3003,0.718216
13.3404,0.721194
13.3806,0.724172
13.4208,0.72715
13.461,0.730129
13.5011,0.733107
13.5413,0.736086
13.5815,0.739064
13.6217,0.742043
13.6619,0.745022
13.702,0.748
13.7422,0.750979
13.7824,0.753958
13.8226,0.756937
13.8628,0.759916
13.9029,0.762895
13.9431,0.765874
13.9833,0.768853
14.0235,0.771832
14.0637,0.774811
14.1039,0.77779
14.1441,0.780769
14.1842,0.783749
14.2244,0.786728
14.2646,0.789708
14.3048,0.792687
14.345,0.795667
14.3852,0.798646
14.4254,0.801626
14.4656,0.804605
14.5058,0.807585
14.546,0.810565
14.5862,0.813545
14.6264,0.816524
14.6666,0.819504
14.7068,0.822484
14.747,0.825464
14.7872,0.828444
14.8273,0.831424
14.8675,0.834404
14.9077,0.837384
14.9479,0.840365
14.9881,0.843345
15.0284,0.846325
15.0686,0.849306
15.1088,0.852286
15.149,0.855266
15.1892,0.858247
15.2294,0.861227
15.2696,0.864208
15.3098,0.867188
15.35,0.870169
15.3902,0.87315
15.4304,0.87613
15.4706,0.879111
15.5108,0.882092
15.551,0.885073
15.5912,0.888054
15.6314,0.891035
15.6717,0.894016
15.7119,0.896997
15.7521,0.899978
15.7923,0.902959
15.8325,0.90594
15.8727,0.908921
15.9129,0.911902
15.9531,0.914883
15.9934,0.917865
16.0336,0.920846
16.0738,0.923827
16.114,0.926809
16.1542,0.92979
16.1944,0.932772
16.2347,0.935753
16.2749,0.938735
16.3151,0.941716
16.3553,0.944698
16.3955,0.94768
16.4358,0.950661
16.476,0.953643
16.5162,0.956625
16.5564,0.959607
16.5966,0.962588
16.6369,0.96557
16.6771,0.968552
16.7173,0.971534
16.7575,0.974516
16.7978,0.977498
16.838,0.98048
16.8782,0.983462
16.9184,0.986444
16.9587,0.989427
16.9989,0.992409
17.0391,0.995391
17.0793,0.998373
17.1196,1.00136
17.1598,1.00434
17.2,1.00732
17.2403,1.0103
17.2805,1.01328
17.3207,1.01627
17.361,1.01925
17.4012,1.02223
17.4414,1.02521
17.4816,1.0282
17.5219,1.03118
17.5621,1.03416
17.6023,1.03715
17.6426,1.04013
17.6828,1.04311
17.723,1.04609
17.7633,1.04908
17.8035,1.05206
17.8438,1.05504
17.884,1.05802
17.9242,1.06101
17.9645,1.06399
18.0047,1.06697
18.0449,1.06996
18.0852,1.07294
18.1254,1.07592
18.1657,1.07891
18.2059,1.08189
18.2461,1.08487
18.2864,1.08785
18.3266,1.09084
18.3669,1.09382
18.4071,1.0968
18.4473,1.09979
18.4876,1.10277
18.5278,1.10575
18.5681,1.10874
18.6083,1.11172
18.6485,1.1147
18.6888,1.11769
18.729,1.12067
18.7693,1.12365
18.8095,1.12664
18.8498,1.12962
18.89,1.1326
18.9303,1.13559
18.9705,1.13857
19.0107,1.14156
19.051,1.14454
19.0912,1.14752
19.1315,1.15051
19.1717,1.15349
19.212,1.15647
19.2522,1.15946
19.2925,1.16244
19.3327,1.16543
19.373,1.16841
19.4132,1.17139
19.4535,1.17438
19.4937,1.17736
19.534,1.18034
19.5742,1.18333
19.6145,1.18631
19.6547,1.1893
19.695,1.19228
19.7352,1.19526
19.7755,1.19825
19.8157,1.20123
19.856,1.20422
19.8962,1.2072
19.9365,1.21018
19.9767,1.21317
20.017,1.21615
20.0572,1.21914
20.0975,1.22212
20.1377,1.2251
20.178,1.22809
20.2182,1.23107
20.2585,1.23406
20.2987,1.23704
20.339,1.24002
20.3793,1.24301
20.4195,1.24599
20.4598,1.24898
20.5,1.25196
20.5403,1.25495
20.5805,1.25793
20.6208,1.26091
20.661,1.2639
20.7013,1.26688
20.7416,1.26987
20.7818,1.27285
20.8221,1.27584
20.8623,1.27882
20.9026,1.28181
20.9428,1.28479
20.9831,1.28777
21.0234,1.29076
21.0636,1.29374
21.1039,1.29673
21.1441,1.29971
21.1844,1.3027
21.2246,1.30568
21.2649,1.30867
21.3052,1.31165
21.3454,1.31463
21.3857,1.31762
21.4259,1.3206
21.4662,1.32359
21.5064,1.32657
21.5467,1.32956
21.587,1.33254
21.6272,1.33553
21.6675,1.33851
21.7077,1.3415
21.748,1.34448
21.7883,1.34746
21.8285,1.35045
21.8688,1.35343
21.909,1.35642
21.9493,1.3594
21.9896,1.36239
22.0298,1.36537
22.0701,1.36836
22.1103,1.37134
22.1506,1.37433
22.1909,1.37731
22.2311,1.3803
22.2714,1.38328
22.3116,1.38626
22.3519,1.38925
22.3922,1.39223
22.4324,1.39522
22.4727,1.3982
22.5129,1.40119
22.5532,1.40417
22.5935,1.40716
22.6337,1.41014
22.674,1.41313
22.7143,1.41611
22.7545,1.4191
22.7948,1.42208
22.835,1.42507
22.8753,1.42805
22.9156,1.43104
22.9558,1.43402
22.9961,1.437
23.0363,1.43999
23.0766,1.44297
23.1169,1.44596
23.1579,1.44894
23.2004,1.45204
23.2445,1.45525
23.2902,1.45858
23.3376,1.46203
23.3866,1.4656
23.4375,1.4693
23.4901,1.47314
23.5446,1.47711
23.601,1.48122
23.6594,1.48547
23.7197,1.48987
23.7821,1.49442
23.8466,1.49912
23.9133,1.50398
23.9821,1.509
24.0532,1.51419
24.1265,1.51954
24.2022,1.52507
24.2803,1.53076
24.3608,1.53664
24.4437,1.5427
24.5291,1.54893
24.617,1.55536
24.7075,1.56197
24.8006,1.56878
24.8963,1.57577
24.9946,1.58296
25.0955,1.59035
25.1992,1.59793
25.3055,1.60571
25.4145,1.61369
25.5262,1.62187
25.6406,1.63025
25.7576,1.63883
25.8774,1.64761
25.9997,1.65659
26.1248,1.66576
26.2524,1.67512
26.3826,1.68468
26.5153,1.69443
26.6505,1.70436
26.7881,1.71447
26.9281,1.72476
27.0704,1.73523
27.215,1.74586
27.3617,1.75666
27.5105,1.76762
27.6612,1.77872
27.8139,1.78997
27.9683,1.80135
28.1244,1.81287
28.2821,1.8245
28.4412,1.83624
28.6016,1.84809
28.7633,1.86003
28.926,1.87206
29.0896,1.88416
29.254,1.89632
29.4191,1.90854
29.5847,1.9208
29.7507,1.93309
29.9169,1.9454
0.0198879,1.46109
0.0596644,1.46109
0.0994427,1.46109
0.139223,1.46109
0.179004,1.46109
0.218787,1.46109
0.258572,1.46109
0.298359,1.46109
0.338147,1.46109
0.377937,1.46109
0.417728,1.46109
0.457521,1.46109
0.497316,1.46109
0.537113,1.46109
0.576911,1.46109
0.61671,1.46109
0.656512,1.46109
0.696315,1.46109
0.736119,1.46109
0.775925,1.46109
0.815733,1.46109
0.855543,1.46109
0.895354,1.46109
0.935166,1.46109
0.974981,1.46109
1.0148,1.46109
1.05461,1.46109
1.09443,1.46109
1.13425,1.46109
1.17408,1.46109
1.2139,1.46109
1.25373,1.46109
1.29355,1.46109
1.33338,1.46109
1.37321,1.46109
1.41304,1.46109
1.45288,1.46109
1.49271,1.46109
1.53255,1.46109
1.57239,1.46109
1.61223,1.46109
1.65207,1.46109
1.69191,1.46109
1.73175,1.46109
1.7716,1.46109
1.81145,1.46109
1.8513,1.46109
1.89115,1.46109
1.931,1.46109
1.97085,1.46109
2.01071,1.46109
2.05056,1.46109
2.09042,1.46109
2.13028,1.46109
2.17014,1.46109
2.21001,1.46109
2.24987,1.46109
2.28974,1.46109
2.3296,1.46109
2.36947,1.46109
2.40934,1.46109
2.44921,1.46109
2.48909,1.46109
2.52896,1.46109
2.56884,1.46109
2.60872,1.46109
2.64859,1.46109
2.68848,1.46109
2.72836,1.46109
2.76824,1.46109
2.80813,1.46109
2.84801,1.46109
2.8879,1.46109
2.92779,1.46109
2.96768,1.46109
3.00757,1.46109
3.04747,1.46109
3.08736,1.46109
3.12726,1.46109
3.16716,1.46109
3.20706,1.46109
3.24696,1.46109
3.28686,1.46109
3.32677,1.46109
3.36667,1.46109
3.40658,1.46109
3.44649,1.45135
3.4864,1.44161
3.52631,1.43187
3.56622,1.42212
3.60614,1.41238
3.64605,1.40264
3.68597,1.39289
3.72589,1.38315
3.76581,1.3734
3.80573,1.36366
3.84565,1.35391
3.88557,1.34416
3.9255,1.33442
3.96543,1.32467
4.00536,1.31492
4.04528,1.30517
4.08522,1.29543
4.12515,1.28568
4.16508,1.27593
4.20502,1.26618
4.24495,1.25643
4.28489,1.24668
4.32483,1.23693
4.36477,1.22718
4.40471,1.21743
4.44466,1.20768
4.4846,1.19793
4.52455,1.18818
4.56449,1.17843
4.60444,1.16867
4.64439,1.15892
4.68435,1.14917
4.7243,1.13941
4.76425,1.12966
4.80421,1.11991
4.84416,1.11015
4.88412,1.1004
4.92408,1.09064
4.96404,1.08089
5.004,1.07113
5.04397,1.06138
5.08393,1.05162
5.1239,1.04186
5.16387,1.03211
5.20383,1.02235
5.2438,1.01259
5.28378,1.00284
5.32375,0.993077
5.36372,0.983319
5.4037,0.97356
5.44367,0.963801
5.48365,0.954042
5.52363,0.944282
5.56361,0.934522
5.60359,0.924762
5.64357,0.915002
5.68356,0.905241
5.72354,0.895479
5.76353,0.883172
5.80352,0.870863
5.84351,0.858554
5.8835,0.846245
5.92349,0.833936
5.96348,0.821626
6.00348,0.809316
6.04347,0.797005
6.08347,0.784694
6.12347,0.772383
6.16347,0.760071
6.20347,0.747759
6.24347,0.735446
6.28347,0.723133
6.32348,0.71082
6.36348,0.698506
6.40349,0.686192
6.44349,0.673878
6.4835,0.67133
6.52351,0.668782
6.56352,0.666234
6.60354,0.663686
6.64355,0.661138
6.68357,0.65859
6.72358,0.656041
6.7636,0.653493
6.80362,0.650944
6.84364,0.648396
6.88366,0.645847
6.92368,0.643299
6.9637,0.64075
7.00373,0.638201
7.04375,0.635652
7.08378,0.633103
7.12381,0.630554
7.16384,0.628005
7.20387,0.625456
7.2439,0.622906
7.28393,0.620357
7.32397,0.617808
7.364,0.617808
7.40404,0.617808
7.44407,0.617808
7.48411,0.617808
7.52415,0.617808
7.56419,0.617808
7.60423,0.617808
7.64428,0.617808
7.68432,0.617808
7.72437,0.617808
7.76441,0.617808
7.80446,0.617808
7.84451,0.617808
7.88456,0.617808
7.92461,0.617808
7.96466,0.617808
8.00471,0.617808
8.04477,0.617808
8.08482,0.617808
8.12488,0.617808
8.16494,0.617808
8.205,0.617808
8.24506,0.617808
8.28512,0.617808
8.32518,0.617808
8.36524,0.617808
8.4053,0.617808
8.44537,0.617808
8.48544,0.617808
8.5255,0.617808
8.56557,0.617808
8.60564,0.617808
8.64571,0.617808
8.68578,0.617808
8.72585,0.617808
8.76593,0.617808
8.806,0.617808
8.84608,0.617808
8.88615,0.617808
8.92623,0.617808
8.96631,0.617808
9.00639,0.617808
9.04647,0.617808
9.08655,0.617808
9.12663,0.617808
9.16672,0.617808
9.2068,0.617808
9.24689,0.617808
9.28697,0.617808
9.32706,0.617808
9.36715,0.617808
9.40724,0.617808
9.44733,0.617808
9.48742,0.617808
9.52752,0.617808
9.56761,0.617808
9.6077,0.617808
9.6478,0.617808
9.6879,0.617808
9.72799,0.617808
9.76809,0.617808
9.80819,0.617808
9.84829,0.617808
9.8884,0.617808
9.9285,0.617808
9.9686,0.617808
10.0087,0.617808
10.0488,0.617808
10.0889,0.617808
10.129,0.617808
10.1691,0.617808
10.2092,0.617808
10.2494,0.617808
10.2895,0.617808
10.3296,0.617808
10.3697,0.617808
10.4098,0.617808
10.4499,0.617808
10.49,0.617808
10.5302,0.617808
10.5703,0.617808
10.6104,0.617808
10.6505,0.617808
10.6906,0.617808
10.7307,0.617808
10.7709,0.617808
10.811,0.617808
10.8511,0.617808
10.8912,0.617808
10.9314,0.617808
10.9715,0.617808
11.0116,0.617808
11.0517,0.617808
11.0919,0.617808
11.132,0.617808
11.1721,0.617808
11.2123,0.617808
11.2524,0.617808
11.2925,0.617808
11.3327,0.617808
11.3728,0.617808
11.4129,0.617808
11.4531,0.617808
11.4932,0.617808
11.5334,0.617808
11.5735,0.617808
11.6136,0.617808
11.6538,0.617808
11.6939,0.617808
11.7341,0.617808
11.7742,0.620861
11.8144,0.623915
11.8545,0.626969
11.8946,0.630022
11.9348,0.633076
11.9749,0.63613
12.0151,0.639184
12.0552,0.642238
12.0954,0.645292
12.1355,0.648346
12.1757,0.651401
12.2158,0.654455
12.256,0.657509
12.2962,0.660564
12.3363,0.663618
12.3765,0.666673
12.4166,0.669727
12.4568,0.672782
12.4969,0.675837
12.5371,0.678891
12.5773,0.681946
12.6174,0.685001
12.6576,0.688056
12.6977,0.691111
12.7379,0.694166
12.7781,0.697221
12.8182,0.700276
12.8584,0.703332
12.8986,0.706387
12.9387,0.709442
12.9789,0.712498
13.0191,0.715553
13.0592,0.718609
13.0994,0.721664
13.1396,0.72472
13.1797,0.727776
13.2199,0.730831
13.2601,0.733887
13.3003,0.736943
13.3404,0.739999
13.3806,0.743055
13.4208,0.746111
13.461,0.749167
13.5011,0.752223
13.5413,0.755279
13.5815,0.758335
13.6217,0.761392
13.6619,0.764448
13.702,0.767504
13.7422,0.770561
13.7824,0.773617
13.8226,0.776674
13.8628,0.77973
13.9029,0.782787
13.9431,0.785844
13.9833,0.7889
14.0235,0.791957
14.0637,0.795014
14.1039,0.798071
14.1441,0.801128
14.1842,0.804185
14.2244,0.807242
14.2646,0.810299
14.3048,0.813356
14.345,0.816413
14.3852,0.819471
14.4254,0.822528
14.4656,0.825585
14.5058,0.828643
14.546,0.8317
14.5862,0.834758
14.6264,0.837815
14.6666,0.840873
14.7068,0.84393
14.747,0.846988
14.7872,0.850046
14.8273,0.853103
14.8675,0.856161
14.9077,0.859219
14.9479,0.862277
14.9881,0.865335
15.0284,0.868393
15.0686,0.871451
15.1088,0.874509
15.149,0.877567
15.1892,0.880625
15.2294,0.883684
15.2696,0.886742
15.3098,0.8898
15.35,0.892859
15.3902,0.895917
15.4304,0.898975
15.4706,0.902034
15.5108,0.905092
15.551,0.908151
15.5912,0.91121
15.6314,0.914268
15.6717,0.917327
15.7119,0.920386
15.7521,0.923444
15.7923,0.926503
15.8325,0.929562
15.8727,0.932621
15.9129,0.93568
15.9531,0.938739
15.9934,0.941798
16.0336,0.944857
16.0738,0.947916
16.114,0.950975
16.1542,0.954034
16.1944,0.957094
16.2347,0.960153
16.2749,0.963212
16.3151,0.966271
16.3553,0.969331
16.3955,0.97239
16.4358,0.97545
16.476,0.978509
16.5162,0.981569
16.5564,0.984628
16.5966,0.987688
16.6369,0.990747
16.6771,0.993807
16.7173,0.996867
16.7575,0.999927
16.7978,1.00299
16.838,1.00605
16.8782,1.00911
16.9184,1.01217
16.9587,1.01523
16.9989,1.01829
17.0391,1.02135
17.0793,1.02441
17.1196,1.02747
17.1598,1.03053
17.2,1.03359
17.2403,1.03665
17.2805,1.03971
17.3207,1.04277
17.361,1.04583
17.4012,1.04889
17.4414,1.05195
17.4816,1.05501
17.5219,1.05807
17.5621,1.06113
17.6023,1.06419
17.6426,1.06725
17.6828,1.07031
17.723,1.07337
17.7633,1.07643
17.8035,1.07949
17.8438,1.08255
17.884,1.08561
17.9242,1.08867
17.9645,1.09173
18.0047,1.09479
18.0449,1.09786
18.0852,1.10092
18.1254,1.10398
18.1657,1.10704
18.2059,1.1101
18.2461,1.11316
18.2864,1.11622
18.3266,1.11928
18.3669,1.12234
18.4071,1.1254
18.4473,1.12846
18.4876,1.13153
18.5278,1.13459
18.5681,1.13765
18.6083,1.14071
18.6485,1.14377
18.6888,1.14683
18.729,1.14989
18.7693,1.15295
18.8095,1.15601
18.8498,1.15908
18.89,1.16214
18.9303,1.1652
18.9705,1.16826
19.0107,1.17132
19.051,1.17438
19.0912,1.17744
19.1315,1.18051
19.1717,1.18357
19.212,1.18663
19.2522,1.18969
19.2925,1.19275
19.3327,1.19581
19.373,1.19887
19.4132,1.20194
19.4535,1.205
19.4937,1.20806
19.534,1.21112
19.5742,1.21418
19.6145,1.21724
19.6547,1.22031
19.695,1.22337
19.7352,1.22643
19.7755,1.22949
19.8157,1.23255
19.856,1.23562
19.8962,1.23868
19.9365,1.24174
19.9767,1.2448
20.017,1.24786
20.0572,1.25092
20.0975,1.25399
20.1377,1.25705
20.178,1.26011
20.2182,1.26317
20.2585,1.26623
20.2987,1.2693
20.339,1.27236
20.3793,1.27542
20.4195,1.27848
20.4598,1.28154
20.5,1.28461
20.5403,1.28767
20.5805,1.29073
20.6208,1.29379
20.661,1.29685
20.7013,1.29992
20.7416,1.30298
20.7818,1.30604
20.8221,1.3091
20.8623,1.31217
20.9026,1.31523
20.9428,1.31829
20.9831,1.32135
21.0234,1.32441
21.0636,1.32748
21.1039,1.33054
21.1441,1.3336
21.1844,1.33666
21.2246,1.33973
21.2649,1.34279
21.3052,1.34585
21.3454,1.34891
21.3857,1.35198
21.4259,1.35504
21.4662,1.3581
21.5064,1.36116
21.5467,1.36422
21.587,1.36729
21.6272,1.37035
21.6675,1.37341
21.7077,1.37647
21.748,1.37954
21.7883,1.3826
21.8285,1.38566
21.8688,1.38872
21.909,1.39179
21.9493,1.39485
21.9896,1.39791
22.0298,1.40097
22.0701,1.40404
22.1103,1.4071
22.1506,1.41016
22.1909,1.41322
22.2311,1.41629
22.2714,1.41935
22.3116,1.42241
22.3519,1.42547
22.3922,1.42854
22.4324,1.4316
22.4727,1.43466
22.5129,1.43772
22.5532,1.44079
22.5935,1.44385
22.6337,1.44691
22.674,1.44997
22.7143,1.45304
22.7545,1.4561
22.7948,1.45916
22.835,1.46222
22.8753,1.46529
22.9156,1.46835
22.9558,1.47141
22.9961,1.47447
23.0363,1.47754
23.0766,1.4806
23.1169,1.48366
23.1579,1.48672
23.2004,1.4899
23.2445,1.49319
23.2902,1.49661
23.3376,1.50015
23.3866,1.50382
23.4375,1.50761
23.4901,1.51155
23.5446,1.51562
23.601,1.51984
23.6594,1.5242
23.7197,1.52872
23.7821,1.53338
23.8466,1.53821
23.9133,1.5432
23.9821,1.54835
24.0532,1.55367
24.1265,1.55916
24.2022,1.56483
24.2803,1.57068
24.3608,1.57671
24.4437,1.58292
24.5291,1.58932
24.617,1.59592
24.7075,1.6027
24.8006,1.60968
24.8963,1.61686
24.9946,1.62424
25.0955,1.63182
25.1992,1.6396
25.3055,1.64758
25.4145,1.65577
25.5262,1.66416
25.6406,1.67276
25.7576,1.68157
25.8774,1.69057
25.9997,1.69978
26.1248,1.70919
26.2524,1.7188
26.3826,1.72861
26.5153,1.73861
26.6505,1.7488
26.7881,1.75918
26.9281,1.76974
27.0704,1.78048
27.215,1.79139
27.3617,1.80247
27.5105,1.81371
27.6612,1.8251
27.8139,1.83664
27.9683,1.84832
28.1244,1.86014
28.2821,1.87207
28.4412,1.88412
28.6016,1.89628
28.7633,1.90853
28.926,1.92087
29.0896,1.93328
29.254,1.94577
29.4191,1.9583
29.5847,1.97088
29.7507,1.98349
29.9169,1.99613
0.0198879,1.49144
0.0596644,1.49144
0.0994427,1.49144
0.139223,1.49144
0.179004,1.49144
0.218787,1.49144
0.258572,1.49144
0.298359,1.49144
0.338147,1.49144
0.377937,1.49144
0.417728,1.49144
0.457521,1.49144
0.497316,1.49144
0.537113,1.49144
0.576911,1.49144
0.61671,1.49144
0.656512,1.49144
0.696315,1.49144
0.736119,1.49144
0.775925,1.49144
0.815733,1.49144
0.855543,1.49144
0.895354,1.49144
0.935166,1.49144
0.974981,1.49144
1.0148,1.49144
1.05461,1.49144
1.09443,1.49144
1.13425,1.49144
1.17408,1.49144
1.2139,1.49144
1.25373,1.49144
1.29355,1.49144
1.33338,1.49144
1.37321,1.49144
1.41304,1.49144
1.45288,1.49144
1.49271,1.49144
1.53255,1.49144
1.57239,1.49144
1.61223,1.49144
1.65207,1.49144
1.69191,1.49144
1.73175,1.49144
1.7716,1.49144
1.81145,1.49144
1.8513,1.49144
1.89115,1.49144
1.931,1.49144
1.97085,1.49144
2.01071,1.49144
2.05056,1.49144
2.09042,1.49144
2.13028,1.49144
2.17014,1.49144
2.21001,1.49144
2.24987,1.49144
2.28974,1.49144
2.3296,1.49144
2.36947,1.49144
2.40934,1.49144
2.44921,1.49144
2.48909,1.49144
2.52896,1.49144
2.56884,1.49144
2.60872,1.49144
2.64859,1.49144
2.68848,1.49144
2.72836,1.49144
2.76824,1.49144
2.80813,1.49144
2.84801,1.49144
2.8879,1.49144
2.92779,1.49144
2.96768,1.49144
3.00757,1.49144
3.04747,1.49144
3.08736,1.49144
3.12726,1.49144
3.16716,1.49144
3.20706,1.49144
3.24696,1.49144
3.28686,1.49144
3.32677,1.49144
3.36667,1.49144
3.40658,1.49144
3.44649,1.48145
3.4864,1.47146
3.52631,1.46147
3.56622,1.45148
3.60614,1.44149
3.64605,1.4315
3.68597,1.4215
3.72589,1.41151
3.76581,1.40152
3.80573,1.39153
3.84565,1.38153
3.88557,1.37154
3.9255,1.36154
3.96543,1.35155
4.00536,1.34155
4.04528,1.33156
4.08522,1.32156
4.12515,1.31157
4.16508,1.30157
4.20502,1.29157
4.24495,1.28158
4.28489,1.27158
4.32483,1.26158
4.36477,1.25158
4.40471,1.24159
4.44466,1.23159
4.4846,1.22159
4.52455,1.21159
4.56449,1.20159
4.60444,1.19159
4.64439,1.18159
4.68435,1.17159
4.7243,1.16159
4.76425,1.15159
4.80421,1.14158
4.84416,1.13158
4.88412,1.12158
4.92408,1.11158
4.96404,1.10157
5.004,1.09157
5.04397,1.08157
5.08393,1.07156
5.1239,1.06156
5.16387,1.05155
5.20383,1.04155
5.2438,1.03154
5.28378,1.02154
5.32375,1.01153
5.36372,1.00153
5.4037,0.99152
5.44367,0.981513
5.48365,0.971505
5.52363,0.961498
5.56361,0.95149
5.60359,0.941482
5.64357,0.931473
5.68356,0.921464
5.72354,0.911455
5.76353,0.899004
5.80352,0.886552
5.84351,0.8741
5.8835,0.861647
5.92349,0.849194
5.96348,0.836741
6.00348,0.824287
6.04347,0.811833
6.08347,0.799379
6.12347,0.786924
6.16347,0.774469
6.20347,0.762013
6.24347,0.749557
6.28347,0.737101
6.32348,0.724644
6.36348,0.712187
6.40349,0.699729
6.44349,0.687271
6.4835,0.684828
6.52351,0.682385
6.56352,0.679941
6.60354,0.677498
6.64355,0.675054
6.68357,0.672611
6.72358,0.670167
6.7636,0.667723
6.80362,0.66528
6.84364,0.662836
6.88366,0.660392
6.92368,0.657948
6.9637,0.655504
7.00373,0.653059
7.04375,0.650615
7.08378,0.648171
7.12381,0.645727
7.16384,0.643282
7.20387,0.640838
7.2439,0.638393
7.28393,0.635948
7.32397,0.633504
7.364,0.633504
7.40404,0.633504
7.44407,0.633504
7.48411,0.633504
7.52415,0.633504
7.56419,0.633504
7.60423,0.633504
7.64428,0.633504
7.68432,0.633504
7.72437,0.633504
7.76441,0.633504
7.80446,0.633504
7.84451,0.633504
7.88456,0.633504
7.92461,0.633504
7.96466,0.633504
8.00471,0.633504
8.04477,0.633504
8.08482,0.633504
8.12488,0.633504
8.16494,0.633504
8.205,0.633504
8.24506,0.633504
8.28512,0.633504
8.32518,0.633504
8.36524,0.633504
8.4053,0.633504
8.44537,0.633504
8.48544,0.633504
8.5255,0.633504
8.56557,0.633504
8.60564,0.633504
8.64571,0.633504
8.68578,0.633504
8.72585,0.633504
8.76593,0.633504
8.806,0.633504
8.84608,0.633504
8.88615,0.633504
8.92623,0.633504
8.96631,0.633504
9.00639,0.633504
9.04647,0.633504
9.08655,0.633504
9.12663,0.633504
9.16672,0.633504
9.2068,0.633504
9.24689,0.633504
9.28697,0.633504
9.32706,0.633504
9.36715,0.633504
9.40724,0.633504
9.44733,0.633504
9.48742,0.633504
9.52752,0.633504
9.56761,0.633504
9.6077,0.633504
9.6478,0.633504
9.6879,0.633504
9.72799,0.633504
9.76809,0.633504
9.80819,0.633504
9.84829,0.633504
9.8884,0.633504
9.9285,0.633504
9.9686,0.633504
10.0087,0.633504
10.0488,0.633504
10.0889,0.633504
10.129,0.633504
10.1691,0.633504
10.2092,0.633504
10.2494,0.633504
10.2895,0.633504
10.3296,0.633504
10.3697,0.633504
10.4098,0.633504
10.4499,0.633504
10.49,0.633504
10.5302,0.633504
10.5703,0.633504
10.6104,0.633504
10.6505,0.633504
10.6906,0.633504
10.7307,0.633504
10.7709,0.633504
10.811,0.633504
10.8511,0.633504
10.8912,0.633504
10.9314,0.633504
10.9715,0.633504
11.0116,0.633504
11.0517,0.633504
11.0919,0.633504
11.132,0.633504
11.1721,0.633504
11.2123,0.633504
11.2524,0.633504
11.2925,0.633504
11.3327,0.633504
11.3728,0.633504
11.4129,0.633504
11.4531,0.633504
11.4932,0.633504
11.5334,0.633504
11.5735,0.633504
11.6136,0.633504
11.6538,0.633504
11.6939,0.633504
11.7341,0.633504
11.7742,0.636635
11.8144,0.639766
11.8545,0.642897
11.8946,0.646029
11.9348,0.64916
11.9749,0.652292
12.0151,0.655423
12.0552,0.658555
12.0954,0.661687
12.1355,0.664818
12.1757,0.66795
12.2158,0.671082
12.256,0.674214
12.2962,0.677346
12.3363,0.680478
12.3765,0.68361
12.4166,0.686742
12.4568,0.689875
12.4969,0.693007
12.5371,0.696139
12.5773,0.699272
12.6174,0.702404
12.6576,0.705537
12.6977,0.708669
12.7379,0.711802
12.7781,0.714935
12.8182,0.718068
12.8584,0.7212
12.8986,0.724333
12.9387,0.727466
12.9789,0.730599
13.0191,0.733732
13.0592,0.736866
13.0994,0.739999
13.1396,0.743132
13.1797,0.746265
13.2199,0.749399
13.2601,0.752532
13.3003,0.755666
13.3404,0.758799
13.3806,0.761933
13.4208,0.765066
13.461,0.7682
13.5011,0.771334
13.5413,0.774468
13.5815,0.777602
13.6217,0.780735
13.6619,0.783869
13.702,0.787003
13.7422,0.790138
13.7824,0.793272
13.8226,0.796406
13.8628,0.79954
13.9029,0.802674
13.9431,0.805809
13.9833,0.808943
14.0235,0.812078
14.0637,0.815212
14.1039,0.818347
14.1441,0.821481
14.1842,0.824616
14.2244,0.827751
14.2646,0.830885
14.3048,0.83402
14.345,0.837155
14.3852,0.84029
14.4254,0.843425
14.4656,0.84656
14.5058,0.849695
14.546,0.85283
14.5862,0.855965
14.6264,0.859101
14.6666,0.862236
14.7068,0.865371
14.747,0.868507
14.7872,0.871642
14.8273,0.874777
14.8675,0.877913
14.9077,0.881048
14.9479,0.884184
14.9881,0.88732
15.0284,0.890455
15.0686,0.893591
15.1088,0.896727
15.149,0.899863
15.1892,0.902999
15.2294,0.906134
15.2696,0.90927
15.3098,0.912406
15.35,0.915542
15.3902,0.918679
15.4304,0.921815
15.4706,0.924951
15.5108,0.928087
15.551,0.931223
15.5912,0.93436
15.6314,0.937496
15.6717,0.940632
15.7119,0.943769
15.7521,0.946905
15.7923,0.950042
15.8325,0.953178
15.8727,0.956315
15.9129,0.959452
15.9531,0.962588
15.9934,0.965725
16.0336,0.968862
16.0738,0.971999
16.114,0.975136
16.1542,0.978272
16.1944,0.981409
16.2347,0.984546
16.2749,0.987683
16.3151,0.99082
16.3553,0.993958
16.3955,0.997095
16.4358,1.00023
16.476,1.00337
16.5162,1.00651
16.5564,1.00964
16.5966,1.01278
16.6369,1.01592
16.6771,1.01906
16.7173,1.02219
16.7575,1.02533
16.7978,1.02847
16.838,1.03161
16.8782,1.03474
16.9184,1.03788
16.9587,1.04102
16.9989,1.04416
17.0391,1.04729
17.0793,1.05043
17.1196,1.05357
17.1598,1.05671
17.2,1.05985
17.2403,1.06298
17.2805,1.06612
17.3207,1.06926
17.361,1.0724
17.4012,1.07553
17.4414,1.07867
17.4816,1.08181
17.5219,1.08495
17.5621,1.08809
17.6023,1.09123
17.6426,1.09436
17.6828,1.0975
17.723,1.10064
17.7633,1.10378
17.8035,1.10692
17.8438,1.11006
17.884,1.11319
17.9242,1.11633
17.9645,1.11947
18.0047,1.12261
18.0449,1.12575
18.0852,1.12889
18.1254,1.13202
18.1657,1.13516
18.2059,1.1383
18.2461,1.14144
18.2864,1.14458
18.3266,1.14772
18.3669,1.15086
18.4071,1.154
18.4473,1.15713
18.4876,1.16027
18.5278,1.16341
18.5681,1.16655
18.6083,1.16969
18.6485,1.17283
18.6888,1.17597
18.729,1.17911
18.7693,1.18225
18.8095,1.18538
18.8498,1.18852
18.89,1.19166
18.9303,1.1948
18.9705,1.19794
19.0107,1.20108
19.051,1.20422
19.0912,1.20736
19.1315,1.2105
19.1717,1.21364
19.212,1.21678
19.2522,1.21992
19.2925,1.22305
19.3327,1.22619
19.373,1.22933
19.4132,1.23247
19.4535,1.23561
19.4937,1.23875
19.534,1.24189
19.5742,1.24503
19.6145,1.24817
19.6547,1.25131
19.695,1.25445
19.7352,1.25759
19.7755,1.26073
19.8157,1.26387
19.856,1.26701
19.8962,1.27015
19.9365,1.27329
19.9767,1.27643
20.017,1.27957
20.0572,1.28271
20.0975,1.28585
20.1377,1.28898
20.178,1.29212
20.2182,1.29526
20.2585,1.2984
20.2987,1.30154
20.339,1.30468
20.3793,1.30782
20.4195,1.31096
20.4598,1.3141
20.5,1.31724
20.5403,1.32038
20.5805,1.32352
20.6208,1.32666
20.661,1.3298
20.7013,1.33294
20.7416,1.33608
20.7818,1.33922
20.8221,1.34236
20.8623,1.3455
20.9026,1.34864
20.9428,1.35178
20.9831,1.35492
21.0234,1.35806
21.0636,1.3612
21.1039,1.36434
21.1441,1.36748
21.1844,1.37062
21.2246,1.37376
21.2649,1.3769
21.3052,1.38004
21.3454,1.38318
21.3857,1.38632
21.4259,1.38946
21.4662,1.3926
21.5064,1.39574
21.5467,1.39888
21.587,1.40202
21.6272,1.40516
21.6675,1.4083
21.7077,1.41145
21.748,1.41459
21.7883,1.41773
21.8285,1.42087
21.8688,1.42401
21.909,1.42715
21.9493,1.43029
21.9896,1.43343
22.0298,1.43657
22.0701,1.43971
22.1103,1.44285
22.1506,1.44599
22.1909,1.44913
22.2311,1.45227
22.2714,1.45541
22.3116,1.45855
22.3519,1.46169
22.3922,1.46483
22.4324,1.46797
22.4727,1.47111
22.5129,1.47425
22.5532,1.47739
22.5935,1.48053
22.6337,1.48367
22.674,1.48681
22.7143,1.48995
22.7545,1.49309
22.7948,1.49623
22.835,1.49937
22.8753,1.50251
22.9156,1.50565
22.9558,1.50879
22.9961,1.51193
23.0363,1.51508
23.0766,1.51822
23.1169,1.52136
23.1579,1.5245
23.2004,1.52775
23.2445,1.53113
23.2902,1.53463
23.3376,1.53826
23.3866,1.54202
23.4375,1.54592
23.4901,1.54995
23.5446,1.55413
23.601,1.55845
23.6594,1.56293
23.7197,1.56756
23.7821,1.57234
23.8466,1.57729
23.9133,1.5824
23.9821,1.58769
24.0532,1.59314
24.1265,1.59878
24.2022,1.60459
24.2803,1.61058
24.3608,1.61677
24.4437,1.62314
24.5291,1.6297
24.617,1.63646
24.7075,1.64342
24.8006,1.65058
24.8963,1.65794
24.9946,1.6655
25.0955,1.67327
25.1992,1.68125
25.3055,1.68944
25.4145,1.69784
25.5262,1.70644
25.6406,1.71526
25.7576,1.72429
25.8774,1.73352
25.9997,1.74297
26.1248,1.75262
26.2524,1.76247
26.3826,1.77252
26.5153,1.78278
26.6505,1.79323
26.7881,1.80387
26.9281,1.8147
27.0704,1.82571
27.215,1.8369
27.3617,1.84826
27.5105,1.85979
27.6612,1.87147
27.8139,1.8833
27.9683,1.89528
28.1244,1.90739
28.2821,1.91963
28.4412,1.93199
28.6016,1.94446
28.7633,1.95702
28.926,1.96967
29.0896,1.9824
29.254,1.9952
29.4191,2.00805
29.5847,2.02095
29.7507,2.03389
29.9169,2.04684
0.0198879,1.52178
0.0596644,1.52178
0.0994427,1.52178
0.139223,1.52178
0.179004,1.52178
0.218787,1.52178
0.258572,1.52178
0.298359,1.52178
0.338147,1.52178
0.377937,1.52178
0.417728,1.52178
0.457521,1.52178
0.497316,1.52178
0.537113,1.52178
0.576911,1.52178
0.61671,1.52178
0.656512,1.52178
0.696315,1.52178
0.736119,1.52178
0.775925,1.52178
0.815733,1.52178
0.855543,1.52178
0.895354,1.52178
0.935166,1.52178
0.974981,1.52178
1.0148,1.52178
1.05461,1.52178
1.09443,1.52178
1.13425,1.52178
1.17408,1.52178
1.2139,1.52178
1.25373,1.52178
1.29355,1.52178
1.33338,1.52178
1.37321,1.52178
1.41304,1.52178
1.45288,1.52178
1.49271,1.52178
1.53255,1.52178
1.57239,1.52178
1.61223,1.52178
1.65207,1.52178
1.69191,1.52178
1.73175,1.52178
1.7716,1.52178
1.81145,1.52178
1.8513,1.52178
1.89115,1.52178
1.931,1.52178
1.97085,1.52178
2.01071,1.52178
2.05056,1.52178
2.09042,1.52178
2.13028,1.52178
2.17014,1.52178
2.21001,1.52178
2.24987,1.52178
2.28974,1.52178
2.3296,1.52178
2.36947,1.52178
2.40934,1.52178
2.44921,1.52178
2.48909,1.52178
2.52896,1.52178
2.56884,1.52178
2.60872,1.52178
2.64859,1.52178
2.68848,1.52178
2.72836,1.52178
2.76824,1.52178
2.80813,1.52178
2.84801,1.52178
2.8879,1.52178
2.92779,1.52178
2.96768,1.52178
3.00757,1.52178
3.04747,1.52178
3.08736,1.52178
3.12726,1.52178
3.16716,1.52178
3.20706,1.52178
3.24696,1.52178
3.28686,1.52178
3.32677,1.52178
3.36667,1.52178
3.40658,1.52178
3.44649,1.51154
3.4864,1.5013
3.52631,1.49106
3.56622,1.48083
3.60614,1.47059
3.64605,1.46035
3.68597,1.45011
3.72589,1.43987
3.76581,1.42963
3.80573,1.41939
3.84565,1.40915
3.88557,1.3989
3.9255,1.38866
3.96543,1.37842
4.00536,1.36818
4.04528,1.35794
4.08522,1.34769
4.12515,1.33745
4.16508,1.32721
4.20502,1.31696
4.24495,1.30672
4.28489,1.29647
4.32483,1.28623
4.36477,1.27598
4.40471,1.26573
4.44466,1.25549
4.4846,1.24524
4.52455,1.23499
4.56449,1.22475
4.60444,1.2145
4.64439,1.20425
4.68435,1.194
4.7243,1.18375
4.76425,1.17351
4.80421,1.16326
4.84416,1.15301
4.88412,1.14276
4.92408,1.13251
4.96404,1.12225
5.004,1.112
5.04397,1.10175
5.08393,1.0915
5.1239,1.08125
5.16387,1.071
5.20383,1.06074
5.2438,1.05049
5.28378,1.04024
5.32375,1.02998
5.36372,1.01973
5.4037,1.00947
5.44367,0.999219
5.48365,0.988964
5.52363,0.978708
5.56361,0.968453
5.60359,0.958197
5.64357,0.94794
5.68356,0.937683
5.72354,0.927426
5.76353,0.914831
5.80352,0.902236
5.84351,0.889641
5.8835,0.877045
5.92349,0.864448
5.96348,0.851852
6.00348,0.839255
6.04347,0.826657
6.08347,0.814059
6.12347,0.801461
6.16347,0.788862
6.20347,0.776263
6.24347,0.763664
6.28347,0.751064
6.32348,0.738464
6.36348,0.725863
6.40349,0.713262
6.44349,0.700661
6.4835,0.698322
6.52351,0.695983
6.56352,0.693645
6.60354,0.691306
6.64355,0.688967
6.68357,0.686628
6.72358,0.684289
6.7636,0.68195
6.80362,0.679611
6.84364,0.677271
6.88366,0.674932
6.92368,0.672593
6.9637,0.670253
7.00373,0.667914
7.04375,0.665574
7.08378,0.663235
7.12381,0.660895
7.16384,0.658555
7.20387,0.656215
7.2439,0.653875
7.28393,0.651535
7.32397,0.649195
7.364,0.649195
7.40404,0.649195
7.44407,0.649195
7.48411,0.649195
7.52415,0.649195
7.56419,0.649195
7.60423,0.649195
7.64428,0.649195
7.68432,0.649195
7.72437,0.649195
7.76441,0.649195
7.80446,0.649195
7.84451,0.649195
7.88456,0.649195
7.92461,0.649195
7.96466,0.649195
8.00471,0.649195
8.04477,0.649195
8.08482,0.649195
8.12488,0.649195
8.16494,0.649195
8.205,0.649195
8.24506,0.649195
8.28512,0.649195
8.32518,0.649195
8.36524,0.649195
8.4053,0.649195
8.44537,0.649195
8.48544,0.649195
8.5255,0.649195
8.56557,0.649195
8.60564,0.649195
8.64571,0.649195
8.68578,0.649195
8.72585,0.649195
8.76593,0.649195
8.806,0.649195
8.84608,0.649195
8.88615,0.649195
8.92623,0.649195
8.96631,0.649195
9.00639,0.649195
9.04647,0.649195
9.08655,0.649195
9.12663,0.649195
9.16672,0.649195
9.2068,0.649195
9.24689,0.649195
9.28697,0.649195
9.32706,0.649195
9.36715,0.649195
9.40724,0.649195
9.44733,0.649195
9.48742,0.649195
9.52752,0.649195
9.56761,0.649195
9.6077,0.649195
9.6478,0.649195
9.6879,0.649195
9.72799,0.649195
9.76809,0.649195
9.80819,0.649195
9.84829,0.649195
9.8884,0.649195
9.9285,0.649195
9.9686,0.649195
10.0087,0.649195
10.0488,0.649195
10.0889,0.649195
10.129,0.649195
10.1691,0.649195
10.2092,0.649195
10.2494,0.649195
10.2895,0.649195
10.3296,0.649195
10.3697,0.649195
10.4098,0.649195
10.4499,0.649195
10.49,0.649195
10.5302,0.649195
10.5703,0.649195
10.6104,0.649195
10.6505,0.649195
10.6906,0.649195
10.7307,0.649195
10.7709,0.649195
10.811,0.649195
10.8511,0.649195
10.8912,0.649195
10.9314,0.649195
10.9715,0.649195
11.0116,0.649195
11.0517,0.649195
11.0919,0.649195
11.132,0.649195
11.1721,0.649195
11.2123,0.649195
11.2524,0.649195
11.2925,0.649195
11.3327,0.649195
11.3728,0.649195
11.4129,0.649195
11.4531,0.649195
11.4932,0.649195
11.5334,0.649195
11.5735,0.649195
11.6136,0.649195
11.6538,0.649195
11.6939,0.649195
11.7341,0.649195
11.7742,0.652404
11.8144,0.655613
11.8545,0.658822
11.8946,0.662031
11.9348,0.66524
11.9749,0.668449
12.0151,0.671658
12.0552,0.674867
12.0954,0.678076
12.1355,0.681286
12.1757,0.684495
12.2158,0.687704
12.256,0.690914
12.2962,0.694124
12.3363,0.697333
12.3765,0.700543
12.4166,0.703753
12.4568,0.706962
12.4969,0.710172
12.5371,0.713382
12.5773,0.716592
12.6174,0.719802
12.6576,0.723013
12.6977,0.726223
12.7379,0.729433
12.7781,0.732643
12.8182,0.735854
12.8584,0.739064
12.8986,0.742275
12.9387,0.745485
12.9789,0.748696
13.0191,0.751907
13.0592,0.755117
13.0994,0.758328
13.1396,0.761539
13.1797,0.76475
13.2199,0.767961
13.2601,0.771172
13.3003,0.774383
13.3404,0.777594
13.3806,0.780805
13.4208,0.784017
13.461,0.787228
13.5011,0.790439
13.5413,0.793651
13.5815,0.796862
13.6217,0.800074
13.6619,0.803286
13.702,0.806497
13.7422,0.809709
13.7824,0.812921
13.8226,0.816133
13.8628,0.819344
13.9029,0.822556
13.9431,0.825768
13.9833,0.82898
14.0235,0.832192
14.0637,0.835405
14.1039,0.838617
14.1441,0.841829
14.1842,0.845041
14.2244,0.848254
14.2646,0.851466
14.3048,0.854679
14.345,0.857891
14.3852,0.861104
14.4254,0.864316
14.4656,0.867529
14.5058,0.870742
14.546,0.873954
14.5862,0.877167
14.6264,0.88038
14.6666,0.883593
14.7068,0.886806
14.747,0.890019
14.7872,0.893232
14.8273,0.896445
14.8675,0.899658
14.9077,0.902872
14.9479,0.906085
14.9881,0.909298
15.0284,0.912512
15.0686,0.915725
15.1088,0.918938
15.149,0.922152
15.1892,0.925365
15.2294,0.928579
15.2696,0.931793
15.3098,0.935006
15.35,0.93822
15.3902,0.941434
15.4304,0.944648
15.4706,0.947861
15.5108,0.951075
15.551,0.954289
15.5912,0.957503
15.6314,0.960717
15.6717,0.963931
15.7119,0.967146
15.7521,0.97036
15.7923,0.973574
15.8325,0.976788
15.8727,0.980003
15.9129,0.983217
15.9531,0.986431
15.9934,0.989646
16.0336,0.99286
16.0738,0.996075
16.114,0.999289
16.1542,1.0025
16.1944,1.00572
16.2347,1.00893
16.2749,1.01215
16.3151,1.01536
16.3553,1.01858
16.3955,1.02179
16.4358,1.02501
16.476,1.02822
16.5162,1.03144
16.5564,1.03465
16.5966,1.03787
16.6369,1.04108
16.6771,1.0443
16.7173,1.04751
16.7575,1.05073
16.7978,1.05394
16.838,1.05716
16.8782,1.06037
16.9184,1.06359
16.9587,1.0668
16.9989,1.07002
17.0391,1.07323
17.0793,1.07645
17.1196,1.07967
17.1598,1.08288
17.2,1.0861
17.2403,1.08931
17.2805,1.09253
17.3207,1.09574
17.361,1.09896
17.4012,1.10218
17.4414,1.10539
17.4816,1.10861
17.5219,1.11182
17.5621,1.11504
17.6023,1.11825
17.6426,1.12147
17.6828,1.12469
17.723,1.1279
17.7633,1.13112
17.8035,1.13433
17.8438,1.13755
17.884,1.14077
17.9242,1.14398
17.9645,1.1472
18.0047,1.15042
18.0449,1.15363
18.0852,1.15685
18.1254,1.16006
18.1657,1.16328
18.2059,1.1665
18.2461,1.16971
18.2864,1.17293
18.3266,1.17615
18.3669,1.17936
18.4071,1.18258
18.4473,1.1858
18.4876,1.18901
18.5278,1.19223
18.5681,1.19545
18.6083,1.19866
18.6485,1.20188
18.6888,1.2051
18.729,1.20831
18.7693,1.21153
18.8095,1.21475
18.8498,1.21796
18.89,1.22118
18.9303,1.2244
18.9705,1.22761
19.0107,1.23083
19.051,1.23405
19.0912,1.23726
19.1315,1.24048
19.1717,1.2437
19.212,1.24692
19.2522,1.25013
19.2925,1.25335
19.3327,1.25657
19.373,1.25978
19.4132,1.263
19.4535,1.26622
19.4937,1.26943
19.534,1.27265
19.5742,1.27587
19.6145,1.27909
19.6547,1.2823
19.695,1.28552
19.7352,1.28874
19.7755,1.29196
19.8157,1.29517
19.856,1.29839
19.8962,1.30161
19.9365,1.30483
19.9767,1.30804
20.017,1.31126
20.0572,1.31448
20.0975,1.3177
20.1377,1.32091
20.178,1.32413
20.2182,1.32735
20.2585,1.33057
20.2987,1.33378
20.339,1.337
20.3793,1.34022
20.4195,1.34344
20.4598,1.34665
20.5,1.34987
20.5403,1.35309
20.5805,1.35631
20.6208,1.35952
20.661,1.36274
20.7013,1.36596
20.7416,1.36918
20.7818,1.37239
20.8221,1.37561
20.8623,1.37883
20.9026,1.38205
20.9428,1.38527
20.9831,1.38848
21.0234,1.3917
21.0636,1.39492
21.1039,1.39814
21.1441,1.40135
21.1844,1.40457
21.2246,1.40779
21.2649,1.41101
21.3052,1.41423
21.3454,1.41744
21.3857,1.42066
21.4259,1.42388
21.4662,1.4271
21.5064,1.43032
21.5467,1.43353
21.587,1.43675
21.6272,1.43997
21.6675,1.44319
21.7077,1.44641
21.748,1.44962
21.7883,1.45284
21.8285,1.45606
21.8688,1.45928
21.909,1.4625
21.9493,1.46571
21.9896,1.46893
22.0298,1.47215
22.0701,1.47537
22.1103,1.47859
22.1506,1.4818
22.1909,1.48502
22.2311,1.48824
22.2714,1.49146
22.3116,1.49468
22.3519,1.49789
22.3922,1.50111
22.4324,1.50433
22.4727,1.50755
22.5129,1.51077
22.5532,1.51399
22.5935,1.5172
22.6337,1.52042
22.674,1.52364
22.7143,1.52686
22.7545,1.53008
22.7948,1.53329
22.835,1.53651
22.8753,1.53973
22.9156,1.54295
22.9558,1.54617
22.9961,1.54938
23.0363,1.5526
23.0766,1.55582
23.1169,1.55904
23.1579,1.56226
23.2004,1.5656
23.2445,1.56906
23.2902,1.57264
23.3376,1.57636
23.3866,1.58022
23.4375,1.58421
23.4901,1.58834
23.5446,1.59262
23.601,1.59705
23.6594,1.60164
23.7197,1.60638
23.7821,1.61129
23.8466,1.61636
23.9133,1.6216
23.9821,1.62701
24.0532,1.6326
24.1265,1.63838
24.2022,1.64433
24.2803,1.65048
24.3608,1.65681
24.4437,1.66334
24.5291,1.67007
24.617,1.677
24.7075,1.68413
24.8006,1.69146
24.8963,1.699
24.9946,1.70676
25.0955,1.71472
25.1992,1.7229
25.3055,1.73129
25.4145,1.73989
25.5262,1.74871
25.6406,1.75775
25.7576,1.767
25.8774,1.77646
25.9997,1.78614
26.1248,1.79603
26.2524,1.80612
26.3826,1.81643
26.5153,1.82694
26.6505,1.83765
26.7881,1.84855
26.9281,1.85965
27.0704,1.87093
27.215,1.8824
27.3617,1.89404
27.5105,1.90585
27.6612,1.91782
27.8139,1.92995
27.9683,1.94223
28.1244,1.95464
28.2821,1.96718
28.4412,1.97984
28.6016,1.99262
28.7633,2.00549
28.926,2.01846
29.0896,2.0315
29.254,2.04462
29.4191,2.05779
29.5847,2.07101
29.7507,2.08426
29.9169,2.09754
0.0198879,1.55211
0.0596644,1.55211
0.0994427,1.55211
0.139223,1.55211
0.179004,1.55211
0.218787,1.55211
0.258572,1.55211
0.298359,1.55211
0.338147,1.55211
0.377937,1.55211
0.417728,1.55211
0.457521,1.55211
0.497316,1.55211
0.537113,1.55211
0.576911,1.55211
0.61671,1.55211
0.656512,1.55211
0.696315,1.55211
0.736119,1.55211
0.775925,1.55211
0.815733,1.55211
0.855543,1.55211
0.895354,1.55211
0.935166,1.55211
0.974981,1.55211
1.0148,1.55211
1.05461,1.55211
1.09443,1.55211
1.13425,1.55211
1.17408,1.55211
1.2139,1.55211
1.25373,1.55211
1.29355,1.55211
1.33338,1.55211
1.37321,1.55211
1.41304,1.55211
1.45288,1.55211
1.49271,1.55211
1.53255,1.55211
1.57239,1.55211
1.61223,1.55211
1.65207,1.55211
1.69191,1.55211
1.73175,1.55211
1.7716,1.55211
1.81145,1.55211
1.8513,1.55211
1.89115,1.55211
1.931,1.55211
1.97085,1.55211
2.01071,1.55211
2.05056,1.55211
2.09042,1.55211
2.13028,1.55211
2.17014,1.55211
2.21001,1.55211
2.24987,1.55211
2.28974,1.55211
2.3296,1.55211
2.36947,1.55211
2.40934,1.55211
2.44921,1.55211
2.48909,1.55211
2.52896,1.55211
2.56884,1.55211
2.60872,1.55211
2.64859,1.55211
2.68848,1.55211
2.72836,1.55211
2.76824,1.55211
2.80813,1.55211
2.84801,1.55211
2.8879,1.55211
2.92779,1.55211
2.96768,1.55211
3.00757,1.55211
3.04747,1.55211
3.08736,1.55211
3.12726,1.55211
3.16716,1.55211
3.20706,1.55211
3.24696,1.55211
3.28686,1.55211
3.32677,1.55211
3.36667,1.55211
3.40658,1.55211
3.44649,1.54162
3.4864,1.53114
3.52631,1.52065
3.56622,1.51016
3.60614,1.49968
3.64605,1.48919
3.68597,1.4787
3.72589,1.46822
3.76581,1.45773
3.80573,1.44724
3.84565,1.43675
3.88557,1.42626
3.9255,1.41577
3.96543,1.40528
4.00536,1.39479
4.04528,1.3843
4.08522,1.37381
4.12515,1.36332
4.16508,1.35283
4.20502,1.34234
4.24495,1.33185
4.28489,1.32136
4.32483,1.31086
4.36477,1.30037
4.40471,1.28988
4.44466,1.27938
4.4846,1.26889
4.52455,1.25839
4.56449,1.2479
4.60444,1.2374
4.64439,1.22691
4.68435,1.21641
4.7243,1.20591
4.76425,1.19542
4.80421,1.18492
4.84416,1.17442
4.88412,1.16393
4.92408,1.15343
4.96404,1.14293
5.004,1.13243
5.04397,1.12193
5.08393,1.11143
5.1239,1.10093
5.16387,1.09043
5.20383,1.07993
5.2438,1.06943
5.28378,1.05893
5.32375,1.04843
5.36372,1.03792
5.4037,1.02742
5.44367,1.01692
5.48365,1.00642
5.52363,0.995914
5.56361,0.98541
5.60359,0.974906
5.64357,0.964402
5.68356,0.953897
5.72354,0.943392
5.76353,0.930654
5.80352,0.917916
5.84351,0.905177
5.8835,0.892438
5.92349,0.879698
5.96348,0.866958
6.00348,0.854217
6.04347,0.841476
6.08347,0.828735
6.12347,0.815993
6.16347,0.803251
6.20347,0.790509
6.24347,0.777766
6.28347,0.765023
6.32348,0.752279
6.36348,0.739535
6.40349,0.726791
6.44349,0.714046
6.4835,0.711812
6.52351,0.709578
6.56352,0.707344
6.60354,0.705109
6.64355,0.702875
6.68357,0.700641
6.72358,0.698406
6.7636,0.696172
6.80362,0.693937
6.84364,0.691703
6.88366,0.689468
6.92368,0.687233
6.9637,0.684998
7.00373,0.682763
7.04375,0.680528
7.08378,0.678293
7.12381,0.676058
7.16384,0.673823
7.20387,0.671588
7.2439,0.669353
7.28393,0.667117
7.32397,0.664882
7.364,0.664882
7.40404,0.664882
7.44407,0.664882
7.48411,0.664882
7.52415,0.664882
7.56419,0.664882
7.60423,0.664882
7.64428,0.664882
7.68432,0.664882
7.72437,0.664882
7.76441,0.664882
7.80446,0.664882
7.84451,0.664882
7.88456,0.664882
7.92461,0.664882
7.96466,0.664882
8.00471,0.664882
8.04477,0.664882
8.08482,0.664882
8.12488,0.664882
8.16494,0.664882
8.205,0.664882
8.24506,0.664882
8.28512,0.664882
8.32518,0.664882
8.36524,0.664882
8.4053,0.664882
8.44537,0.664882
8.48544,0.664882
8.5255,0.664882
8.56557,0.664882
8.60564,0.664882
8.64571,0.664882
8.68578,0.664882
8.72585,0.664882
8.76593,0.664882
8.806,0.664882
8.84608,0.664882
8.88615,0.664882
8.92623,0.664882
8.96631,0.664882
9.00639,0.664882
9.04647,0.664882
9.08655,0.664882
9.12663,0.664882
9.16672,0.664882
9.2068,0.664882
9.24689,0.664882
9.28697,0.664882
9.32706,0.664882
9.36715,0.664882
9.40724,0.664882
9.44733,0.664882
9.48742,0.664882
9.52752,0.664882
9.56761,0.664882
9.6077,0.664882
9.6478,0.664882
9.6879,0.664882
9.72799,0.664882
9.76809,0.664882
9.80819,0.664882
9.84829,0.664882
9.8884,0.664882
9.9285,0.664882
9.9686,0.664882
10.0087,0.664882
10.0488,0.664882
10.0889,0.664882
10.129,0.664882
10.1691,0.664882
10.2092,0.664882
10.2494,0.664882
10.2895,0.664882
10.3296,0.664882
10.3697,0.664882
10.4098,0.664882
10.4499,0.664882
10.49,0.664882
10.5302,0.664882
10.5703,0.664882
10.6104,0.664882
10.6505,0.664882
10.6906,0.664882
10.7307,0.664882
10.7709,0.664882
10.811,0.664882
10.8511,0.664882
10.8912,0.664882
10.9314,0.664882
10.9715,0.664882
11.0116,0.664882
11.0517,0.664882
11.0919,0.664882
11.132,0.664882
11.1721,0.664882
11.2123,0.664882
11.2524,0.664882
11.2925,0.664882
11.3327,0.664882
11.3728,0.664882
11.4129,0.664882
11.4531,0.664882
11.4932,0.664882
11.5334,0.664882
11.5735,0.664882
11.6136,0.664882
11.6538,0.664882
11.6939,0.664882
11.7341,0.664882
11.7742,0.668168
11.8144,0.671455
11.8545,0.674741
11.8946,0.678027
11.9348,0.681314
11.9749,0.684601
12.0151,0.687887
12.0552,0.691174
12.0954,0.694461
12.1355,0.697748
12.1757,0.701035
12.2158,0.704322
12.256,0.707609
12.2962,0.710896
12.3363,0.714183
12.3765,0.71747
12.4166,0.720758
12.4568,0.724045
12.4969,0.727333
12.5371,0.73062
12.5773,0.733908
12.6174,0.737195
12.6576,0.740483
12.6977,0.743771
12.7379,0.747059
12.7781,0.750346
12.8182,0.753634
12.8584,0.756922
12.8986,0.760211
12.9387,0.763499
12.9789,0.766787
13.0191,0.770075
13.0592,0.773364
13.0994,0.776652
13.1396,0.77994
13.1797,0.783229
13.2199,0.786517
13.2601,0.789806
13.3003,0.793095
13.3404,0.796384
13.3806,0.799672
13.4208,0.802961
13.461,0.80625
13.5011,0.809539
13.5413,0.812828
13.5815,0.816117
13.6217,0.819406
13.6619,0.822696
13.702,0.825985
13.7422,0.829274
13.7824,0.832564
13.8226,0.835853
13.8628,0.839142
13.9029,0.842432
13.9431,0.845722
13.9833,0.849011
14.0235,0.852301
14.0637,0.855591
14.1039,0.858881
14.1441,0.86217
14.1842,0.86546
14.2244,0.86875
14.2646,0.87204
14.3048,0.87533
14.345,0.878621
14.3852,0.881911
14.4254,0.885201
14.4656,0.888491
14.5058,0.891782
14.546,0.895072
14.5862,0.898363
14.6264,0.901653
14.6666,0.904944
14.7068,0.908234
14.747,0.911525
14.7872,0.914816
14.8273,0.918106
14.8675,0.921397
14.9077,0.924688
14.9479,0.927979
14.9881,0.93127
15.0284,0.934561
15.0686,0.937852
15.1088,0.941143
15.149,0.944434
15.1892,0.947725
15.2294,0.951017
15.2696,0.954308
15.3098,0.957599
15.35,0.960891
15.3902,0.964182
15.4304,0.967473
15.4706,0.970765
15.5108,0.974057
15.551,0.977348
15.5912,0.98064
15.6314,0.983932
15.6717,0.987223
15.7119,0.990515
15.7521,0.993807
15.7923,0.997099
15.8325,1.00039
15.8727,1.00368
15.9129,1.00697
15.9531,1.01027
15.9934,1.01356
16.0336,1.01685
16.0738,1.02014
16.114,1.02344
16.1542,1.02673
16.1944,1.03002
16.2347,1.03331
16.2749,1.0366
16.3151,1.0399
16.3553,1.04319
16.3955,1.04648
16.4358,1.04977
16.476,1.05307
16.5162,1.05636
16.5564,1.05965
16.5966,1.06295
16.6369,1.06624
16.6771,1.06953
16.7173,1.07282
16.7575,1.07612
16.7978,1.07941
16.838,1.0827
16.8782,1.086
16.9184,1.08929
16.9587,1.09258
16.9989,1.09587
17.0391,1.09917
17.0793,1.10246
17.1196,1.10575
17.1598,1.10905
17.2,1.11234
17.2403,1.11563
17.2805,1.11893
17.3207,1.12222
17.361,1.12551
17.4012,1.12881
17.4414,1.1321
17.4816,1.13539
17.5219,1.13869
17.5621,1.14198
17.6023,1.14528
17.6426,1.14857
17.6828,1.15186
17.723,1.15516
17.7633,1.15845
17.8035,1.16174
17.8438,1.16504
17.884,1.16833
17.9242,1.17163
17.9645,1.17492
18.0047,1.17821
18.0449,1.18151
18.0852,1.1848
18.1254,1.1881
18.1657,1.19139
18.2059,1.19468
18.2461,1.19798
18.2864,1.20127
18.3266,1.20457
18.3669,1.20786
18.4071,1.21115
18.4473,1.21445
18.4876,1.21774
18.5278,1.22104
18.5681,1.22433
18.6083,1.22763
18.6485,1.23092
18.6888,1.23421
18.729,1.23751
18.7693,1.2408
18.8095,1.2441
18.8498,1.24739
18.89,1.25069
18.9303,1.25398
18.9705,1.25728
19.0107,1.26057
19.051,1.26387
19.0912,1.26716
19.1315,1.27046
19.1717,1.27375
19.212,1.27704
19.2522,1.28034
19.2925,1.28363
19.3327,1.28693
19.373,1.29022
19.4132,1.29352
19.4535,1.29681
19.4937,1.30011
19.534,1.3034
19.5742,1.3067
19.6145,1.30999
19.6547,1.31329
19.695,1.31658
19.7352,1.31988
19.7755,1.32317
19.8157,1.32647
19.856,1.32976
19.8962,1.33306
19.9365,1.33635
19.9767,1.33965
20.017,1.34294
20.0572,1.34624
20.0975,1.34953
20.1377,1.35283
20.178,1.35613
20.2182,1.35942
20.2585,1.36272
20.2987,1.36601
20.339,1.36931
20.3793,1.3726
20.4195,1.3759
20.4598,1.37919
20.5,1.38249
20.5403,1.38578
20.5805,1.38908
20.6208,1.39237
20.661,1.39567
20.7013,1.39897
20.7416,1.40226
20.7818,1.40556
20.8221,1.40885
20.8623,1.41215
20.9026,1.41544
20.9428,1.41874
20.9831,1.42203
21.0234,1.42533
21.0636,1.42862
21.1039,1.43192
21.1441,1.43522
21.1844,1.43851
21.2246,1.44181
21.2649,1.4451
21.3052,1.4484
21.3454,1.45169
21.3857,1.45499
21.4259,1.45829
21.4662,1.46158
21.5064,1.46488
21.5467,1.46817
21.587,1.47147
21.6272,1.47476
21.6675,1.47806
21.7077,1.48136
21.748,1.48465
21.7883,1.48795
21.8285,1.49124
21.8688,1.49454
21.909,1.49783
21.9493,1.50113
21.9896,1.50443
22.0298,1.50772
22.0701,1.51102
22.1103,1.51431
22.1506,1.51761
22.1909,1.52091
22.2311,1.5242
22.2714,1.5275
22.3116,1.53079
22.3519,1.53409
22.3922,1.53738
22.4324,1.54068
22.4727,1.54398
22.5129,1.54727
22.5532,1.55057
22.5935,1.55386
22.6337,1.55716
22.674,1.56046
22.7143,1.56375
22.7545,1.56705
22.7948,1.57034
22.835,1.57364
22.8753,1.57694
22.9156,1.58023
22.9558,1.58353
22.9961,1.58682
23.0363,1.59012
23.0766,1.59341
23.1169,1.59671
23.1579,1.60001
23.2004,1.60342
23.2445,1.60697
23.2902,1.61064
23.3376,1.61445
23.3866,1.6184
23.4375,1.62249
23.4901,1.62672
23.5446,1.63111
23.601,1.63565
23.6594,1.64034
23.7197,1.6452
23.7821,1.65022
23.8466,1.65542
23.9133,1.66078
23.9821,1.66633
24.0532,1.67205
24.1265,1.67797
24.2022,1.68407
24.2803,1.69036
24.3608,1.69685
24.4437,1.70353
24.5291,1.71042
24.617,1.71752
24.7075,1.72482
24.8006,1.73233
24.8963,1.74006
24.9946,1.748
25.0955,1.75615
25.1992,1.76453
25.3055,1.77312
25.4145,1.78193
25.5262,1.79097
25.6406,1.80022
25.7576,1.80969
25.8774,1.81939
25.9997,1.8293
26.1248,1.83942
26.2524,1.84977
26.3826,1.86032
26.5153,1.87108
26.6505,1.88205
26.7881,1.89322
26.9281,1.90458
27.0704,1.91614
27.215,1.92788
27.3617,1.93981
27.5105,1.9519
27.6612,1.96417
27.8139,1.97659
27.9683,1.98916
28.1244,2.00187
28.2821,2.01472
28.4412,2.02768
28.6016,2.04077
28.7633,2.05395
28.926,2.06723
29.0896,2.08059
29.254,2.09402
29.4191,2.10751
29.5847,2.12105
29.7507,2.13463
29.9169,2.14823
0.0198879,1.58242
0.0596644,1.58242
0.0994427,1.58242
0.139223,1.58242
0.179004,1.58242
0.218787,1.58242
0.258572,1.58242
0.298359,1.58242
0.338147,1.58242
0.377937,1.58242
0.417728,1.58242
0.457521,1.58242
0.497316,1.58242
0.537113,1.58242
0.576911,1.58242
0.61671,1.58242
0.656512,1.58242
0.696315,1.58242
0.736119,1.58242
0.775925,1.58242
0.815733,1.58242
0.855543,1.58242
0.895354,1.58242
0.935166,1.58242
0.974981,1.58242
1.0148,1.58242
1.05461,1.58242
1.09443,1.58242
1.13425,1.58242
1.17408,1.58242
1.2139,1.58242
1.25373,1.58242
1.29355,1.58242
1.33338,1.58242
1.37321,1.58242
1.41304,1.58242
1.45288,1.58242
1.49271,1.58242
1.53255,1.58242
1.57239,1.58242
1.61223,1.58242
1.65207,1.58242
1.69191,1.58242
1.73175,1.58242
1.7716,1.58242
1.81145,1.58242
1.8513,1.58242
1.89115,1.58242
1.931,1.58242
1.97085,1.58242
2.01071,1.58242
2.05056,1.58242
2.09042,1.58242
2.13028,1.58242
2.17014,1.58242
2.21001,1.58242
2.24987,1.58242
2.28974,1.58242
2.3296,1.58242
2.36947,1.58242
2.40934,1.58242
2.44921,1.58242
2.48909,1.58242
2.52896,1.58242
2.56884,1.58242
2.60872,1.58242
2.64859,1.58242
2.68848,1.58242
2.72836,1.58242
2.76824,1.58242
2.80813,1.58242
2.84801,1.58242
2.8879,1.58242
2.92779,1.58242
2.96768,1.58242
3.00757,1.58242
3.04747,1.58242
3.08736,1.58242
3.12726,1.58242
3.16716,1.58242
3.20706,1.58242
3.24696,1.58242
3.28686,1.58242
3.32677,1.58242
3.36667,1.58242
3.40658,1.58242
3.44649,1.57169
3.4864,1.56096
3.52631,1.55022
3.56622,1.53949
3.60614,1.52876
3.64605,1.51802
3.68597,1.50729
3.72589,1.49656
3.76581,1.48582
3.80573,1.47508
3.84565,1.46435
3.88557,1.45361
3.9255,1.44288
3.96543,1.43214
4.00536,1.4214
4.04528,1.41066
4.08522,1.39993
4.12515,1.38919
4.16508,1.37845
4.20502,1.36771
4.24495,1.35697
4.28489,1.34623
4.32483,1.33549
4.36477,1.32475
4.40471,1.31401
4.44466,1.30327
4.4846,1.29252
4.52455,1.28178
4.56449,1.27104
4.60444,1.2603
4.64439,1.24955
4.68435,1.23881
4.7243,1.22807
4.76425,1.21732
4.80421,1.20658
4.84416,1.19583
4.88412,1.18509
4.92408,1.17434
4.96404,1.1636
5.004,1.15285
5.04397,1.1421
5.08393,1.13135
5.1239,1.12061
5.16387,1.10986
5.20383,1.09911
5.2438,1.08836
5.28378,1.07761
5.32375,1.06686
5.36372,1.05612
5.4037,1.04537
5.44367,1.03461
5.48365,1.02386
5.52363,1.01311
5.56361,1.00236
5.60359,0.99161
5.64357,0.980858
5.68356,0.970106
5.72354,0.959353
5.76353,0.946472
5.80352,0.93359
5.84351,0.920708
5.8835,0.907825
5.92349,0.894942
5.96348,0.882059
6.00348,0.869175
6.04347,0.856291
6.08347,0.843406
6.12347,0.830521
6.16347,0.817636
6.20347,0.80475
6.24347,0.791864
6.28347,0.778977
6.32348,0.76609
6.36348,0.753203
6.40349,0.740315
6.44349,0.727427
6.4835,0.725297
6.52351,0.723168
6.56352,0.721038
6.60354,0.718908
6.64355,0.716779
6.68357,0.714649
6.72358,0.712519
6.7636,0.710389
6.80362,0.708259
6.84364,0.706129
6.88366,0.703999
6.92368,0.701869
6.9637,0.699738
7.00373,0.697608
7.04375,0.695478
7.08378,0.693347
7.12381,0.691217
7.16384,0.689086
7.20387,0.686955
7.2439,0.684825
7.28393,0.682694
7.32397,0.680563
7.364,0.680563
7.40404,0.680563
7.44407,0.680563
7.48411,0.680563
7.52415,0.680563
7.56419,0.680563
7.60423,0.680563
7.64428,0.680563
7.68432,0.680563
7.72437,0.680563
7.76441,0.680563
7.80446,0.680563
7.84451,0.680563
7.88456,0.680563
7.92461,0.680563
7.96466,0.680563
8.00471,0.680563
8.04477,0.680563
8.08482,0.680563
8.12488,0.680563
8.16494,0.680563
8.205,0.680563
8.24506,0.680563
8.28512,0.680563
8.32518,0.680563
8.36524,0.680563
8.4053,0.680563
8.44537,0.680563
8.48544,0.680563
8.5255,0.680563
8.56557,0.680563
8.60564,0.680563
8.64571,0.680563
8.68578,0.680563
8.72585,0.680563
8.76593,0.680563
8.806,0.680563
8.84608,0.680563
8.88615,0.680563
8.92623,0.680563
8.96631,0.680563
9.00639,0.680563
9.04647,0.680563
9.08655,0.680563
9.12663,0.680563
9.16672,0.680563
9.2068,0.680563
9.24689,0.680563
9.28697,0.680563
9.32706,0.680563
9.36715,0.680563
9.40724,0.680563
9.44733,0.680563
9.48742,0.680563
9.52752,0.680563
9.56761,0.680563
9.6077,0.680563
9.6478,0.680563
9.6879,0.680563
9.72799,0.680563
9.76809,0.680563
9.80819,0.680563
9.84829,0.680563
9.8884,0.680563
9.9285,0.680563
9.9686,0.680563
10.0087,0.680563
10.0488,0.680563
10.0889,0.680563
10.129,0.680563
10.1691,0.680563
10.2092,0.680563
10.2494,0.680563
10.2895,0.680563
10.3296,0.680563
10.3697,0.680563
10.4098,0.680563
10.4499,0.680563
10.49,0.680563
10.5302,0.680563
10.5703,0.680563
10.6104,0.680563
10.6505,0.680563
10.6906,0.680563
10.7307,0.680563
10.7709,0.680563
10.811,0.680563
10.8511,0.680563
10.8912,0.680563
10.9314,0.680563
10.9715,0.680563
11.0116,0.680563
11.0517,0.680563
11.0919,0.680563
11.132,0.680563
11.1721,0.680563
11.2123,0.680563
11.2524,0.680563
11.2925,0.680563
11.3327,0.680563
11.3728,0.680563
11.4129,0.680563
11.4531,0.680563
11.4932,0.680563
11.5334,0.680563
11.5735,0.680563
11.6136,0.680563
11.6538,0.680563
11.6939,0.680563
11.7341,0.680563
11.7742,0.683927
11.8144,0.687291
11.8545,0.690655
11.8946,0.694019
11.9348,0.697383
11.9749,0.700747
12.0151,0.704111
12.0552,0.707475
12.0954,0.71084
12.1355,0.714204
12.1757,0.717569
12.2158,0.720933
12.256,0.724298
12.2962,0.727662
12.3363,0.731027
12.3765,0.734392
12.4166,0.737757
12.4568,0.741122
12.4969,0.744487
12.5371,0.747852
12.5773,0.751217
12.6174,0.754582
12.6576,0.757947
12.6977,0.761313
12.7379,0.764678
12.7781,0.768043
12.8182,0.771409
12.8584,0.774775
12.8986,0.77814
12.9387,0.781506
12.9789,0.784872
13.0191,0.788237
13.0592,0.791603
13.0994,0.794969
13.1396,0.798335
13.1797,0.801701
13.2199,0.805068
13.2601,0.808434
13.3003,0.8118
13.3404,0.815166
13.3806,0.818533
13.4208,0.821899
13.461,0.825266
13.5011,0.828632
13.5413,0.831999
13.5815,0.835365
13.6217,0.838732
13.6619,0.842099
13.702,0.845466
13.7422,0.848833
13.7824,0.8522
13.8226,0.855567
13.8628,0.858934
13.9029,0.862301
13.9431,0.865668
13.9833,0.869035
14.0235,0.872403
14.0637,0.87577
14.1039,0.879137
14.1441,0.882505
14.1842,0.885872
14.2244,0.88924
14.2646,0.892607
14.3048,0.895975
14.345,0.899343
14.3852,0.902711
14.4254,0.906079
14.4656,0.909446
14.5058,0.912814
14.546,0.916182
14.5862,0.91955
14.6264,0.922919
14.6666,0.926287
14.7068,0.929655
14.747,0.933023
14.7872,0.936392
14.8273,0.93976
14.8675,0.943128
14.9077,0.946497
14.9479,0.949865
14.9881,0.953234
15.0284,0.956602
15.0686,0.959971
15.1088,0.96334
15.149,0.966709
15.1892,0.970077
15.2294,0.973446
15.2696,0.976815
15.3098,0.980184
15.35,0.983553
15.3902,0.986922
15.4304,0.990291
15.4706,0.993661
15.5108,0.99703
15.551,1.0004
15.5912,1.00377
15.6314,1.00714
15.6717,1.01051
15.7119,1.01388
15.7521,1.01725
15.7923,1.02062
15.8325,1.02398
15.8727,1.02735
15.9129,1.03072
15.9531,1.03409
15.9934,1.03746
16.0336,1.04083
16.0738,1.0442
16.114,1.04757
16.1542,1.05094
16.1944,1.05431
16.2347,1.05768
16.2749,1.06105
16.3151,1.06442
16.3553,1.06779
16.3955,1.07116
16.4358,1.07453
16.476,1.0779
16.5162,1.08127
16.5564,1.08464
16.5966,1.08801
16.6369,1.09139
16.6771,1.09476
16.7173,1.09813
16.7575,1.1015
16.7978,1.10487
16.838,1.10824
16.8782,1.11161
16.9184,1.11498
16.9587,1.11835
16.9989,1.12172
17.0391,1.12509
17.0793,1.12846
17.1196,1.13183
17.1598,1.1352
17.2,1.13858
17.2403,1.14195
17.2805,1.14532
17.3207,1.14869
17.361,1.15206
17.4012,1.15543
17.4414,1.1588
17.4816,1.16217
17.5219,1.16554
17.5621,1.16892
17.6023,1.17229
17.6426,1.17566
17.6828,1.17903
17.723,1.1824
17.7633,1.18577
17.8035,1.18914
17.8438,1.19252
17.884,1.19589
17.9242,1.19926
17.9645,1.20263
18.0047,1.206
18.0449,1.20937
18.0852,1.21274
18.1254,1.21612
18.1657,1.21949
18.2059,1.22286
18.2461,1.22623
18.2864,1.2296
18.3266,1.23298
18.3669,1.23635
18.4071,1.23972
18.4473,1.24309
18.4876,1.24646
18.5278,1.24984
18.5681,1.25321
18.6083,1.25658
18.6485,1.25995
18.6888,1.26332
18.729,1.2667
18.7693,1.27007
18.8095,1.27344
18.8498,1.27681
18.89,1.28018
18.9303,1.28356
18.9705,1.28693
19.0107,1.2903
19.051,1.29367
19.0912,1.29705
19.1315,1.30042
19.1717,1.30379
19.212,1.30716
19.2522,1.31054
19.2925,1.31391
19.3327,1.31728
19.373,1.32065
19.4132,1.32403
19.4535,1.3274
19.4937,1.33077
19.534,1.33414
19.5742,1.33752
19.6145,1.34089
19.6547,1.34426
19.695,1.34764
19.7352,1.35101
19.7755,1.35438
19.8157,1.35775
19.856,1.36113
19.8962,1.3645
19.9365,1.36787
19.9767,1.37125
20.017,1.37462
20.0572,1.37799
20.0975,1.38136
20.1377,1.38474
20.178,1.38811
20.2182,1.39148
20.2585,1.39486
20.2987,1.39823
20.339,1.4016
20.3793,1.40497
20.4195,1.40835
20.4598,1.41172
20.5,1.41509
20.5403,1.41847
20.5805,1.42184
20.6208,1.42521
20.661,1.42859
20.7013,1.43196
20.7416,1.43533
20.7818,1.43871
20.8221,1.44208
20.8623,1.44545
20.9026,1.44883
20.9428,1.4522
20.9831,1.45557
21.0234,1.45895
21.0636,1.46232
21.1039,1.46569
21.1441,1.46907
21.1844,1.47244
21.2246,1.47581
21.2649,1.47919
21.3052,1.48256
21.3454,1.48593
21.3857,1.48931
21.4259,1.49268
21.4662,1.49605
21.5064,1.49943
21.5467,1.5028
21.587,1.50617
21.6272,1.50955
21.6675,1.51292
21.7077,1.51629
21.748,1.51967
21.7883,1.52304
21.8285,1.52641
21.8688,1.52979
21.909,1.53316
21.9493,1.53653
21.9896,1.53991
22.0298,1.54328
22.0701,1.54666
22.1103,1.55003
22.1506,1.5534
22.1909,1.55678
22.2311,1.56015
22.2714,1.56352
22.3116,1.5669
22.3519,1.57027
22.3922,1.57364
22.4324,1.57702
22.4727,1.58039
22.5129,1.58376
22.5532,1.58714
22.5935,1.59051
22.6337,1.59389
22.674,1.59726
22.7143,1.60063
22.7545,1.60401
22.7948,1.60738
22.835,1.61075
22.8753,1.61413
22.9156,1.6175
22.9558,1.62087
22.9961,1.62425
23.0363,1.62762
23.0766,1.631
23.1169,1.63437
23.1579,1.63774
23.2004,1.64124
23.2445,1.64487
23.2902,1.64863
23.3376,1.65253
23.3866,1.65657
23.4375,1.66075
23.4901,1.66509
23.5446,1.66958
23.601,1.67422
23.6594,1.67903
23.7197,1.684
23.7821,1.68914
23.8466,1.69446
23.9133,1.69995
23.9821,1.70563
24.0532,1.71149
24.1265,1.71754
24.2022,1.72378
24.2803,1.73022
24.3608,1.73687
24.4437,1.74371
24.5291,1.75076
24.617,1.75802
24.7075,1.7655
24.8006,1.77319
24.8963,1.7811
24.9946,1.78922
25.0955,1.79757
25.1992,1.80614
25.3055,1.81494
25.4145,1.82396
25.5262,1.83321
25.6406,1.84268
25.7576,1.85238
25.8774,1.8623
25.9997,1.87244
26.1248,1.88281
26.2524,1.89339
26.3826,1.9042
26.5153,1.91521
26.6505,1.92644
26.7881,1.93787
26.9281,1.9495
27.0704,1.96133
27.215,1.97335
27.3617,1.98556
27.5105,1.99794
27.6612,2.01049
27.8139,2.0232
27.9683,2.03607
28.1244,2.04908
28.2821,2.06223
28.4412,2.07551
28.6016,2.0889
28.7633,2.1024
28.926,2.11599
29.0896,2.12966
29.254,2.14341
29.4191,2.15722
29.5847,2.17108
29.7507,2.18497
29.9169,2.19889
0.0198879,1.61273
0.0596644,1.61273
0.0994427,1.61273
0.139223,1.61273
0.179004,1.61273
0.218787,1.61273
0.258572,1.61273
0.298359,1.61273
0.338147,1.61273
0.377937,1.61273
0.417728,1.61273
0.457521,1.61273
0.497316,1.61273
0.537113,1.61273
0.576911,1.61273
0.61671,1.61273
0.656512,1.61273
0.696315,1.61273
0.736119,1.61273
0.775925,1.61273
0.815733,1.61273
0.855543,1.61273
0.895354,1.61273
0.935166,1.61273
0.974981,1.61273
1.0148,1.61273
1.05461,1.61273
1.09443,1.61273
1.13425,1.61273
1.17408,1.61273
1.2139,1.61273
1.25373,1.61273
1.29355,1.61273
1.33338,1.61273
1.37321,1.61273
1.41304,1.61273
1.45288,1.61273
1.49271,1.61273
1.53255,1.61273
1.57239,1.61273
1.61223,1.61273
1.65207,1.61273
1.69191,1.61273
1.73175,1.61273
1.7716,1.61273
1.81145,1.61273
1.8513,1.61273
1.89115,1.61273
1.931,1.61273
1.97085,1.61273
2.01071,1.61273
2.05056,1.61273
2.09042,1.61273
2.13028,1.61273
2.17014,1.61273
2.21001,1.61273
2.24987,1.61273
2.28974,1.61273
2.3296,1.61273
2.36947,1.61273
2.40934,1.61273
2.44921,1.61273
2.48909,1.61273
2.52896,1.61273
2.56884,1.61273
2.60872,1.61273
2.64859,1.61273
2.68848,1.61273
2.72836,1.61273
2.76824,1.61273
2.80813,1.61273
2.84801,1.61273
2.8879,1.61273
2.92779,1.61273
2.96768,1.61273
3.00757,1.61273
3.04747,1.61273
3.08736,1.61273
3.12726,1.61273
3.16716,1.61273
3.20706,1.61273
3.24696,1.61273
3.28686,1.61273
3.32677,1.61273
3.36667,1.61273
3.40658,1.61273
3.44649,1.60175
3.4864,1.59077
3.52631,1.57979
3.56622,1.56881
3.60614,1.55783
3.64605,1.54685
3.68597,1.53587
3.72589,1.52488
3.76581,1.5139
3.80573,1.50292
3.84565,1.49194
3.88557,1.48095
3.9255,1.46997
3.96543,1.45898
4.00536,1.448
4.04528,1.43701
4.08522,1.42603
4.12515,1.41504
4.16508,1.40406
4.20502,1.39307
4.24495,1.38208
4.28489,1.3711
4.32483,1.36011
4.36477,1.34912
4.40471,1.33813
4.44466,1.32714
4.4846,1.31615
4.52455,1.30516
4.56449,1.29417
4.60444,1.28318
4.64439,1.27219
4.68435,1.2612
4.7243,1.25021
4.76425,1.23922
4.80421,1.22823
4.84416,1.21723
4.88412,1.20624
4.92408,1.19525
4.96404,1.18425
5.004,1.17326
5.04397,1.16227
5.08393,1.15127
5.1239,1.14028
5.16387,1.12928
5.20383,1.11829
5.2438,1.10729
5.28378,1.09629
5.32375,1.0853
5.36372,1.0743
5.4037,1.0633
5.44367,1.0523
5.48365,1.0413
5.52363,1.03031
5.56361,1.01931
5.60359,1.00831
5.64357,0.997308
5.68356,0.986308
5.72354,0.975307
5.76353,0.962283
5.80352,0.949258
5.84351,0.936232
5.8835,0.923207
5.92349,0.91018
5.96348,0.897154
6.00348,0.884127
6.04347,0.871099
6.08347,0.858071
6.12347,0.845043
6.16347,0.832014
6.20347,0.818985
6.24347,0.805956
6.28347,0.792926
6.32348,0.779896
6.36348,0.766865
6.40349,0.753834
6.44349,0.740802
6.4835,0.738777
6.52351,0.736752
6.56352,0.734727
6.60354,0.732702
6.64355,0.730677
6.68357,0.728652
6.72358,0.726626
6.7636,0.724601
6.80362,0.722575
6.84364,0.72055
6.88366,0.718524
6.92368,0.716498
6.9637,0.714473
7.00373,0.712447
7.04375,0.710421
7.08378,0.708395
7.12381,0.706369
7.16384,0.704343
7.20387,0.702317
7.2439,0.700291
7.28393,0.698265
7.32397,0.696239
7.364,0.696239
7.40404,0.696239
7.44407,0.696239
7.48411,0.696239
7.52415,0.696239
7.56419,0.696239
7.60423,0.696239
7.64428,0.696239
7.68432,0.696239
7.72437,0.696239
7.76441,0.696239
7.80446,0.696239
7.84451,0.696239
7.88456,0.696239
7.92461,0.696239
7.96466,0.696239
8.00471,0.696239
8.04477,0.696239
8.08482,0.696239
8.12488,0.696239
8.16494,0.696239
8.205,0.696239
8.24506,0.696239
8.28512,0.696239
8.32518,0.696239
8.36524,0.696239
8.4053,0.696239
8.44537,0.696239
8.48544,0.696239
8.5255,0.696239
8.56557,0.696239
8.60564,0.696239
8.64571,0.696239
8.68578,0.696239
8.72585,0.696239
8.76593,0.696239
8.806,0.696239
8.84608,0.696239
8.88615,0.696239
8.92623,0.696239
8.96631,0.696239
9.00639,0.696239
9.04647,0.696239
9.08655,0.696239
9.12663,0.696239
9.16672,0.696239
9.2068,0.696239
9.24689,0.696239
9.28697,0.696239
9.32706,0.696239
9.36715,0.696239
9.40724,0.696239
9.44733,0.696239
9.48742,0.696239
9.52752,0.696239
9.56761,0.696239
9.6077,0.696239
9.6478,0.696239
9.6879,0.696239
9.72799,0.696239
9.76809,0.696239
9.80819,0.696239
9.84829,0.696239
9.8884,0.696239
9.9285,0.696239
9.9686,0.696239
10.0087,0.696239
10.0488,0.696239
10.0889,0.696239
10.129,0.696239
10.1691,0.696239
10.2092,0.696239
10.2494,0.696239
10.2895,0.696239
10.3296,0.696239
10.3697,0.696239
10.4098,0.696239
10.4499,0.696239
10.49,0.696239
10.5302,0.696239
10.5703,0.696239
10.6104,0.696239
10.6505,0.696239
10.6906,0.696239
10.7307,0.696239
10.7709,0.696239
10.811,0.696239
10.8511,0.696239
10.8912,0.696239
10.9314,0.696239
10.9715,0.696239
11.0116,0.696239
11.0517,0.696239
11.0919,0.696239
11.132,0.696239
11.1721,0.696239
11.2123,0.696239
11.2524,0.696239
11.2925,0.696239
11.3327,0.696239
11.3728,0.696239
11.4129,0.696239
11.4531,0.696239
11.4932,0.696239
11.5334,0.696239
11.5735,0.696239
11.6136,0.696239
11.6538,0.696239
11.6939,0.696239
11.7341,0.696239
11.7742,0.69968
11.8144,0.703121
11.8545,0.706563
11.8946,0.710004
11.9348,0.713446
11.9749,0.716887
12.0151,0.720329
12.0552,0.723771
12.0954,0.727212
12.1355,0.730654
12.1757,0.734096
12.2158,0.737538
12.256,0.74098
12.2962,0.744423
12.3363,0.747865
12.3765,0.751307
12.4166,0.754749
12.4568,0.758192
12.4969,0.761634
12.5371,0.765077
12.5773,0.76852
12.6174,0.771962
12.6576,0.775405
12.6977,0.778848
12.7379,0.782291
12.7781,0.785734
12.8182,0.789177
12.8584,0.79262
12.8986,0.796063
12.9387,0.799506
12.9789,0.80295
13.0191,0.806393
13.0592,0.809836
13.0994,0.81328
13.1396,0.816723
13.1797,0.820167
13.2199,0.823611
13.2601,0.827054
13.3003,0.830498
13.3404,0.833942
13.3806,0.837386
13.4208,0.84083
13.461,0.844274
13.5011,0.847718
13.5413,0.851162
13.5815,0.854606
13.6217,0.858051
13.6619,0.861495
13.702,0.864939
13.7422,0.868384
13.7824,0.871828
13.8226,0.875273
13.8628,0.878717
13.9029,0.882162
13.9431,0.885607
13.9833,0.889052
14.0235,0.892497
14.0637,0.895941
14.1039,0.899386
14.1441,0.902831
14.1842,0.906277
14.2244,0.909722
14.2646,0.913167
14.3048,0.916612
14.345,0.920057
14.3852,0.923503
14.4254,0.926948
14.4656,0.930394
14.5058,0.933839
14.546,0.937285
14.5862,0.94073
14.6264,0.944176
14.6666,0.947622
14.7068,0.951068
14.747,0.954513
14.7872,0.957959
14.8273,0.961405
14.8675,0.964851
14.9077,0.968297
14.9479,0.971743
14.9881,0.97519
15.0284,0.978636
15.0686,0.982082
15.1088,0.985528
15.149,0.988975
15.1892,0.992421
15.2294,0.995868
15.2696,0.999314
15.3098,1.00276
15.35,1.00621
15.3902,1.00965
15.4304,1.0131
15.4706,1.01655
15.5108,1.01999
15.551,1.02344
15.5912,1.02689
15.6314,1.03033
15.6717,1.03378
15.7119,1.03723
15.7521,1.04068
15.7923,1.04412
15.8325,1.04757
15.8727,1.05102
15.9129,1.05446
15.9531,1.05791
15.9934,1.06136
16.0336,1.06481
16.0738,1.06825
16.114,1.0717
16.1542,1.07515
16.1944,1.0786
16.2347,1.08204
16.2749,1.08549
16.3151,1.08894
16.3553,1.09239
16.3955,1.09584
16.4358,1.09928
16.476,1.10273
16.5162,1.10618
16.5564,1.10963
16.5966,1.11308
16.6369,1.11652
16.6771,1.11997
16.7173,1.12342
16.7575,1.12687
16.7978,1.13032
16.838,1.13376
16.8782,1.13721
16.9184,1.14066
16.9587,1.14411
16.9989,1.14756
17.0391,1.15101
17.0793,1.15445
17.1196,1.1579
17.1598,1.16135
17.2,1.1648
17.2403,1.16825
17.2805,1.1717
17.3207,1.17515
17.361,1.17859
17.4012,1.18204
17.4414,1.18549
17.4816,1.18894
17.5219,1.19239
17.5621,1.19584
17.6023,1.19929
17.6426,1.20274
17.6828,1.20619
17.723,1.20963
17.7633,1.21308
17.8035,1.21653
17.8438,1.21998
17.884,1.22343
17.9242,1.22688
17.9645,1.23033
18.0047,1.23378
18.0449,1.23723
18.0852,1.24068
18.1254,1.24413
18.1657,1.24758
18.2059,1.25103
18.2461,1.25448
18.2864,1.25793
18.3266,1.26137
18.3669,1.26482
18.4071,1.26827
18.4473,1.27172
18.4876,1.27517
18.5278,1.27862
18.5681,1.28207
18.6083,1.28552
18.6485,1.28897
18.6888,1.29242
18.729,1.29587
18.7693,1.29932
18.8095,1.30277
18.8498,1.30622
18.89,1.30967
18.9303,1.31312
18.9705,1.31657
19.0107,1.32002
19.051,1.32347
19.0912,1.32692
19.1315,1.33037
19.1717,1.33382
19.212,1.33727
19.2522,1.34072
19.2925,1.34417
19.3327,1.34762
19.373,1.35107
19.4132,1.35452
19.4535,1.35797
19.4937,1.36142
19.534,1.36487
19.5742,1.36832
19.6145,1.37177
19.6547,1.37522
19.695,1.37868
19.7352,1.38213
19.7755,1.38558
19.8157,1.38903
19.856,1.39248
19.8962,1.39593
19.9365,1.39938
19.9767,1.40283
20.017,1.40628
20.0572,1.40973
20.0975,1.41318
20.1377,1.41663
20.178,1.42008
20.2182,1.42353
20.2585,1.42698
20.2987,1.43043
20.339,1.43388
20.3793,1.43734
20.4195,1.44079
20.4598,1.44424
20.5,1.44769
20.5403,1.45114
20.5805,1.45459
20.6208,1.45804
20.661,1.46149
20.7013,1.46494
20.7416,1.46839
20.7818,1.47184
20.8221,1.47529
20.8623,1.47875
20.9026,1.4822
20.9428,1.48565
20.9831,1.4891
21.0234,1.49255
21.0636,1.496
21.1039,1.49945
21.1441,1.5029
21.1844,1.50635
21.2246,1.5098
21.2649,1.51326
21.3052,1.51671
21.3454,1.52016
21.3857,1.52361
21.4259,1.52706
21.4662,1.53051
21.5064,1.53396
21.5467,1.53741
21.587,1.54086
21.6272,1.54432
21.6675,1.54777
21.7077,1.55122
21.748,1.55467
21.7883,1.55812
21.8285,1.56157
21.8688,1.56502
21.909,1.56847
21.9493,1.57193
21.9896,1.57538
22.0298,1.57883
22.0701,1.58228
22.1103,1.58573
22.1506,1.58918
22.1909,1.59263
22.2311,1.59608
22.2714,1.59954
22.3116,1.60299
22.3519,1.60644
22.3922,1.60989
22.4324,1.61334
22.4727,1.61679
22.5129,1.62024
22.5532,1.62369
22.5935,1.62715
22.6337,1.6306
22.674,1.63405
22.7143,1.6375
22.7545,1.64095
22.7948,1.6444
22.835,1.64785
22.8753,1.65131
22.9156,1.65476
22.9558,1.65821
22.9961,1.66166
23.0363,1.66511
23.0766,1.66856
23.1169,1.67201
23.1579,1.67546
23.2004,1.67904
23.2445,1.68276
23.2902,1.6866
23.3376,1.69059
23.3866,1.69473
23.4375,1.69901
23.4901,1.70344
23.5446,1.70803
23.601,1.71278
23.6594,1.7177
23.7197,1.72279
23.7821,1.72805
23.8466,1.73349
23.9133,1.73911
23.9821,1.74491
24.0532,1.75091
24.1265,1.7571
24.2022,1.76349
24.2803,1.77008
24.3608,1.77687
24.4437,1.78387
24.5291,1.79109
24.617,1.79852
24.7075,1.80616
24.8006,1.81403
24.8963,1.82212
24.9946,1.83043
25.0955,1.83898
25.1992,1.84774
25.3055,1.85674
25.4145,1.86597
25.5262,1.87543
25.6406,1.88512
25.7576,1.89504
25.8774,1.90519
25.9997,1.91557
26.1248,1.92617
26.2524,1.937
26.3826,1.94805
26.5153,1.95932
26.6505,1.97081
26.7881,1.98251
26.9281,1.99441
27.0704,2.00651
27.215,2.01881
27.3617,2.03129
27.5105,2.04396
27.6612,2.0568
27.8139,2.0698
27.9683,2.08297
28.1244,2.09628
28.2821,2.10973
28.4412,2.12331
28.6016,2.13701
28.7633,2.15082
28.926,2.16473
29.0896,2.17872
29.254,2.19278
29.4191,2.20691
29.5847,2.22108
29.7507,2.2353
29.9169,2.24954
0.0198879,1.64302
0.0596644,1.64302
0.0994427,1.64302
0.139223,1.64302
0.179004,1.64302
0.218787,1.64302
0.258572,1.64302
0.298359,1.64302
0.338147,1.64302
0.377937,1.64302
0.417728,1.64302
0.457521,1.64302
0.497316,1.64302
0.537113,1.64302
0.576911,1.64302
0.61671,1.64302
0.656512,1.64302
0.696315,1.64302
0.736119,1.64302
0.775925,1.64302
0.815733,1.64302
0.855543,1.64302
0.895354,1.64302
0.935166,1.64302
0.974981,1.64302
1.0148,1.64302
1.05461,1.64302
1.09443,1.64302
1.13425,1.64302
1.17408,1.64302
1.2139,1.64302
1.25373,1.64302
1.29355,1.64302
1.33338,1.64302
1.37321,1.64302
1.41304,1.64302
1.45288,1.64302
1.49271,1.64302
1.53255,1.64302
1.57239,1.64302
1.61223,1.64302
1.65207,1.64302
1.69191,1.64302
1.73175,1.64302
1.7716,1.64302
1.81145,1.64302
1.8513,1.64302
1.89115,1.64302
1.931,1.64302
1.97085,1.64302
2.01071,1.64302
2.05056,1.64302
2.09042,1.64302
2.13028,1.64302
2.17014,1.64302
2.21001,1.64302
2.24987,1.64302
2.28974,1.64302
2.3296,1.64302
2.36947,1.64302
2.40934,1.64302
2.44921,1.64302
2.48909,1.64302
2.52896,1.64302
2.56884,1.64302
2.60872,1.64302
2.64859,1.64302
2.68848,1.64302
2.72836,1.64302
2.76824,1.64302
2.80813,1.64302
2.84801,1.64302
2.8879,1.64302
2.92779,1.64302
2.96768,1.64302
3.00757,1.64302
3.04747,1.64302
3.08736,1.64302
3.12726,1.64302
3.16716,1.64302
3.20706,1.64302
3.24696,1.64302
3.28686,1.64302
3.32677,1.64302
3.36667,1.64302
3.40658,1.64302
3.44649,1.63179
3.4864,1.62057
3.52631,1.60934
3.56622,1.59811
3.60614,1.58689
3.64605,1.57566
3.68597,1.56443
3.72589,1.5532
3.76581,1.54197
3.80573,1.53074
3.84565,1.51951
3.88557,1.50828
3.9255,1.49705
3.96543,1.48582
4.00536,1.47458
4.04528,1.46335
4.08522,1.45212
4.12515,1.44089
4.16508,1.42965
4.20502,1.41842
4.24495,1.40719
4.28489,1.39595
4.32483,1.38472
4.36477,1.37348
4.40471,1.36224
4.44466,1.35101
4.4846,1.33977
4.52455,1.32854
4.56449,1.3173
4.60444,1.30606
4.64439,1.29482
4.68435,1.28358
4.7243,1.27235
4.76425,1.26111
4.80421,1.24987
4.84416,1.23863
4.88412,1.22739
4.92408,1.21615
4.96404,1.2049
5.004,1.19366
5.04397,1.18242
5.08393,1.17118
5.1239,1.15994
5.16387,1.14869
5.20383,1.13745
5.2438,1.12621
5.28378,1.11496
5.32375,1.10372
5.36372,1.09247
5.4037,1.08123
5.44367,1.06998
5.48365,1.05874
5.52363,1.04749
5.56361,1.03625
5.60359,1.025
5.64357,1.01375
5.68356,1.0025
5.72354,0.991256
5.76353,0.978088
5.80352,0.96492
5.84351,0.951751
5.8835,0.938582
5.92349,0.925412
5.96348,0.912243
6.00348,0.899072
6.04347,0.885902
6.08347,0.872731
6.12347,0.859559
6.16347,0.846387
6.20347,0.833215
6.24347,0.820042
6.28347,0.806869
6.32348,0.793696
6.36348,0.780522
6.40349,0.767347
6.44349,0.754173
6.4835,0.752252
6.52351,0.750331
6.56352,0.748411
6.60354,0.74649
6.64355,0.744569
6.68357,0.742648
6.72358,0.740728
6.7636,0.738807
6.80362,0.736886
6.84364,0.734965
6.88366,0.733043
6.92368,0.731122
6.9637,0.729201
7.00373,0.72728
7.04375,0.725358
7.08378,0.723437
7.12381,0.721516
7.16384,0.719594
7.20387,0.717673
7.2439,0.715751
7.28393,0.713829
7.32397,0.711907
7.364,0.711907
7.40404,0.711907
7.44407,0.711907
7.48411,0.711907
7.52415,0.711907
7.56419,0.711907
7.60423,0.711907
7.64428,0.711907
7.68432,0.711907
7.72437,0.711907
7.76441,0.711907
7.80446,0.711907
7.84451,0.711907
7.88456,0.711907
7.92461,0.711907
7.96466,0.711907
8.00471,0.711907
8.04477,0.711907
8.08482,0.711907
8.12488,0.711907
8.16494,0.711907
8.205,0.711907
8.24506,0.711907
8.28512,0.711907
8.32518,0.711907
8.36524,0.711907
8.4053,0.711907
8.44537,0.711907
8.48544,0.711907
8.5255,0.711907
8.56557,0.711907
8.60564,0.711907
8.64571,0.711907
8.68578,0.711907
8.72585,0.711907
8.76593,0.711907
8.806,0.711907
8.84608,0.711907
8.88615,0.711907
8.92623,0.711907
8.96631,0.711907
9.00639,0.711907
9.04647,0.711907
9.08655,0.711907
9.12663,0.711907
9.16672,0.711907
9.2068,0.711907
9.24689,0.711907
9.28697,0.711907
9.32706,0.711907
9.36715,0.711907
9.40724,0.711907
9.44733,0.711907
9.48742,0.711907
9.52752,0.711907
9.56761,0.711907
9.6077,0.711907
9.6478,0.711907
9.6879,0.711907
9.72799,0.711907
9.76809,0.711907
9.80819,0.711907
9.84829,0.711907
9.8884,0.711907
9.9285,0.711907
9.9686,0.711907
10.0087,0.711907
10.0488,0.711907
10.0889,0.711907
10.129,0.711907
10.1691,0.711907
10.2092,0.711907
10.2494,0.711907
10.2895,0.711907
10.3296,0.711907
10.3697,0.711907
10.4098,0.711907
10.4499,0.711907
10.49,0.711907
10.5302,0.711907
10.5703,0.711907
10.6104,0.711907
10.6505,0.711907
10.6906,0.711907
10.7307,0.711907
10.7709,0.711907
10.811,0.711907
10.8511,0.711907
10.8912,0.711907
10.9314,0.711907
10.9715,0.711907
11.0116,0.711907
11.0517,0.711907
11.0919,0.711907
11.132,0.711907
11.1721,0.711907
11.2123,0.711907
11.2524,0.711907
11.2925,0.711907
11.3327,0.711907
11.3728,0.711907
11.4129,0.711907
11.4531,0.711907
11.4932,0.711907
11.5334,0.711907
11.5735,0.711907
11.6136,0.711907
11.6538,0.711907
11.6939,0.711907
11.7341,0.711907
11.7742,0.715426
11.8144,0.718945
11.8545,0.722464
11.8946,0.725983
11.9348,0.729502
11.9749,0.733021
12.0151,0.73654
12.0552,0.740059
12.0954,0.743578
12.1355,0.747098
12.1757,0.750617
12.2158,0.754137
12.256,0.757656
12.2962,0.761176
12.3363,0.764696
12.3765,0.768215
12.4166,0.771735
12.4568,0.775255
12.4969,0.778775
12.5371,0.782295
12.5773,0.785815
12.6174,0.789335
12.6576,0.792856
12.6977,0.796376
12.7379,0.799896
12.7781,0.803417
12.8182,0.806937
12.8584,0.810458
12.8986,0.813979
12.9387,0.817499
12.9789,0.82102
13.0191,0.824541
13.0592,0.828062
13.0994,0.831583
13.1396,0.835104
13.1797,0.838625
13.2199,0.842146
13.2601,0.845667
13.3003,0.849189
13.3404,0.85271
13.3806,0.856231
13.4208,0.859753
13.461,0.863274
13.5011,0.866796
13.5413,0.870318
13.5815,0.873839
13.6217,0.877361
13.6619,0.880883
13.702,0.884405
13.7422,0.887927
13.7824,0.891449
13.8226,0.894971
13.8628,0.898493
13.9029,0.902015
13.9431,0.905538
13.9833,0.90906
14.0235,0.912582
14.0637,0.916105
14.1039,0.919627
14.1441,0.92315
14.1842,0.926672
14.2244,0.930195
14.2646,0.933718
14.3048,0.937241
14.345,0.940763
14.3852,0.944286
14.4254,0.947809
14.4656,0.951332
14.5058,0.954855
14.546,0.958378
14.5862,0.961902
14.6264,0.965425
14.6666,0.968948
14.7068,0.972472
14.747,0.975995
14.7872,0.979518
14.8273,0.983042
14.8675,0.986565
14.9077,0.990089
14.9479,0.993613
14.9881,0.997136
15.0284,1.00066
15.0686,1.00418
15.1088,1.00771
15.149,1.01123
15.1892,1.01476
15.2294,1.01828
15.2696,1.0218
15.3098,1.02533
15.35,1.02885
15.3902,1.03238
15.4304,1.0359
15.4706,1.03942
15.5108,1.04295
15.551,1.04647
15.5912,1.05
15.6314,1.05352
15.6717,1.05705
15.7119,1.06057
15.7521,1.0641
15.7923,1.06762
15.8325,1.07115
15.8727,1.07467
15.9129,1.0782
15.9531,1.08172
15.9934,1.08525
16.0336,1.08877
16.0738,1.0923
16.114,1.09582
16.1542,1.09935
16.1944,1.10287
16.2347,1.1064
16.2749,1.10992
16.3151,1.11345
16.3553,1.11697
16.3955,1.1205
16.4358,1.12402
16.476,1.12755
16.5162,1.13107
16.5564,1.1346
16.5966,1.13813
16.6369,1.14165
16.6771,1.14518
16.7173,1.1487
16.7575,1.15223
16.7978,1.15575
16.838,1.15928
16.8782,1.16281
16.9184,1.16633
16.9587,1.16986
16.9989,1.17338
17.0391,1.17691
17.0793,1.18044
17.1196,1.18396
17.1598,1.18749
17.2,1.19101
17.2403,1.19454
17.2805,1.19807
17.3207,1.20159
17.361,1.20512
17.4012,1.20865
17.4414,1.21217
17.4816,1.2157
17.5219,1.21922
17.5621,1.22275
17.6023,1.22628
17.6426,1.2298
17.6828,1.23333
17.723,1.23686
17.7633,1.24038
17.8035,1.24391
17.8438,1.24744
17.884,1.25096
17.9242,1.25449
17.9645,1.25802
18.0047,1.26155
18.0449,1.26507
18.0852,1.2686
18.1254,1.27213
18.1657,1.27565
18.2059,1.27918
18.2461,1.28271
18.2864,1.28623
18.3266,1.28976
18.3669,1.29329
18.4071,1.29682
18.4473,1.30034
18.4876,1.30387
18.5278,1.3074
18.5681,1.31093
18.6083,1.31445
18.6485,1.31798
18.6888,1.32151
18.729,1.32504
18.7693,1.32856
18.8095,1.33209
18.8498,1.33562
18.89,1.33915
18.9303,1.34267
18.9705,1.3462
19.0107,1.34973
19.051,1.35326
19.0912,1.35678
19.1315,1.36031
19.1717,1.36384
19.212,1.36737
19.2522,1.37089
19.2925,1.37442
19.3327,1.37795
19.373,1.38148
19.4132,1.38501
19.4535,1.38853
19.4937,1.39206
19.534,1.39559
19.5742,1.39912
19.6145,1.40265
19.6547,1.40617
19.695,1.4097
19.7352,1.41323
19.7755,1.41676
19.8157,1.42029
19.856,1.42381
19.8962,1.42734
19.9365,1.43087
19.9767,1.4344
20.017,1.43793
20.0572,1.44146
20.0975,1.44498
20.1377,1.44851
20.178,1.45204
20.2182,1.45557
20.2585,1.4591
20.2987,1.46263
20.339,1.46615
20.3793,1.46968
20.4195,1.47321
20.4598,1.47674
20.5,1.48027
20.5403,1.4838
20.5805,1.48733
20.6208,1.49085
20.661,1.49438
20.7013,1.49791
20.7416,1.50144
20.7818,1.50497
20.8221,1.5085
20.8623,1.51203
20.9026,1.51555
20.9428,1.51908
20.9831,1.52261
21.0234,1.52614
21.0636,1.52967
21.1039,1.5332
21.1441,1.53673
21.1844,1.54025
21.2246,1.54378
21.2649,1.54731
21.3052,1.55084
21.3454,1.55437
21.3857,1.5579
21.4259,1.56143
21.4662,1.56496
21.5064,1.56848
21.5467,1.57201
21.587,1.57554
21.6272,1.57907
21.6675,1.5826
21.7077,1.58613
21.748,1.58966
21.7883,1.59319
21.8285,1.59672
21.8688,1.60024
21.909,1.60377
21.9493,1.6073
21.9896,1.61083
22.0298,1.61436
22.0701,1.61789
22.1103,1.62142
22.1506,1.62495
22.1909,1.62848
22.2311,1.632
22.2714,1.63553
22.3116,1.63906
22.3519,1.64259
22.3922,1.64612
22.4324,1.64965
22.4727,1.65318
22.5129,1.65671
22.5532,1.66024
22.5935,1.66377
22.6337,1.66729
22.674,1.67082
22.7143,1.67435
22.7545,1.67788
22.7948,1.68141
22.835,1.68494
22.8753,1.68847
22.9156,1.692
22.9558,1.69553
22.9961,1.69906
23.0363,1.70258
23.0766,1.70611
23.1169,1.70964
23.1579,1.71317
23.2004,1.71683
23.2445,1.72063
23.2902,1.72456
23.3376,1.72864
23.3866,1.73287
23.4375,1.73724
23.4901,1.74178
23.5446,1.74647
23.601,1.75133
23.6594,1.75636
23.7197,1.76156
23.7821,1.76694
23.8466,1.7725
23.9133,1.77825
23.9821,1.78418
24.0532,1.79031
24.1265,1.79664
24.2022,1.80318
24.2803,1.80991
24.3608,1.81686
24.4437,1.82402
24.5291,1.8314
24.617,1.83899
24.7075,1.84681
24.8006,1.85486
24.8963,1.86313
24.9946,1.87163
25.0955,1.88036
25.1992,1.88933
25.3055,1.89853
25.4145,1.90797
25.5262,1.91764
25.6406,1.92755
25.7576,1.93769
25.8774,1.94807
25.9997,1.95868
26.1248,1.96952
26.2524,1.9806
26.3826,1.9919
26.5153,2.00342
26.6505,2.01516
26.7881,2.02712
26.9281,2.03929
27.0704,2.05167
27.215,2.06424
27.3617,2.077
27.5105,2.08996
27.6612,2.10309
27.8139,2.11639
27.9683,2.12985
28.1244,2.14346
28.2821,2.15721
28.4412,2.1711
28.6016,2.18511
28.7633,2.19922
28.926,2.21344
29.0896,2.22775
29.254,2.24213
29.4191,2.25657
29.5847,2.27107
29.7507,2.2856
29.9169,2.30016
0.0198879,1.6733
0.0596644,1.6733
0.0994427,1.6733
0.139223,1.6733
0.179004,1.6733
0.218787,1.6733
0.258572,1.6733
0.298359,1.6733
0.338147,1.6733
0.377937,1.6733
0.417728,1.6733
0.457521,1.6733
0.497316,1.6733
0.537113,1.6733
0.576911,1.6733
0.61671,1.6733
0.656512,1.6733
0.696315,1.6733
0.736119,1.6733
0.775925,1.6733
0.815733,1.6733
0.855543,1.6733
0.895354,1.6733
0.935166,1.6733
0.974981,1.6733
1.0148,1.6733
1.05461,1.6733
1.09443,1.6733
1.13425,1.6733
1.17408,1.6733
1.2139,1.6733
1.25373,1.6733
1.29355,1.6733
1.33338,1.6733
1.37321,1.6733
1.41304,1.6733
1.45288,1.6733
1.49271,1.6733
1.53255,1.6733
1.57239,1.6733
1.61223,1.6733
1.65207,1.6733
1.69191,1.6733
1.73175,1.6733
1.7716,1.6733
1.81145,1.6733
1.8513,1.6733
1.89115,1.6733
1.931,1.6733
1.97085,1.6733
2.01071,1.6733
2.05056,1.6733
2.09042,1.6733
2.13028,1.6733
2.17014,1.6733
2.21001,1.6733
2.24987,1.6733
2.28974,1.6733
2.3296,1.6733
2.36947,1.6733
2.40934,1.6733
2.44921,1.6733
2.48909,1.6733
2.52896,1.6733
2.56884,1.6733
2.60872,1.6733
2.64859,1.6733
2.68848,1.6733
2.72836,1.6733
2.76824,1.6733
2.80813,1.6733
2.84801,1.6733
2.8879,1.6733
2.92779,1.6733
2.96768,1.6733
3.00757,1.6733
3.04747,1.6733
3.08736,1.6733
3.12726,1.6733
3.16716,1.6733
3.20706,1.6733
3.24696,1.6733
3.28686,1.6733
3.32677,1.6733
3.36667,1.6733
3.40658,1.6733
3.44649,1.66183
3.4864,1.65035
3.52631,1.63888
3.56622,1.62741
3.60614,1.61593
3.64605,1.60446
3.68597,1.59298
3.72589,1.5815
3.76581,1.57003
3.80573,1.55855
3.84565,1.54707
3.88557,1.53559
3.9255,1.52412
3.96543,1.51264
4.00536,1.50116
4.04528,1.48968
4.08522,1.4782
4.12515,1.46672
4.16508,1.45524
4.20502,1.44376
4.24495,1.43228
4.28489,1.4208
4.32483,1.40931
4.36477,1.39783
4.40471,1.38635
4.44466,1.37486
4.4846,1.36338
4.52455,1.3519
4.56449,1.34041
4.60444,1.32893
4.64439,1.31744
4.68435,1.30596
4.7243,1.29447
4.76425,1.28298
4.80421,1.2715
4.84416,1.26001
4.88412,1.24852
4.92408,1.23703
4.96404,1.22555
5.004,1.21406
5.04397,1.20257
5.08393,1.19108
5.1239,1.17959
5.16387,1.1681
5.20383,1.15661
5.2438,1.14512
5.28378,1.13363
5.32375,1.12213
5.36372,1.11064
5.4037,1.09915
5.44367,1.08766
5.48365,1.07616
5.52363,1.06467
5.56361,1.05318
5.60359,1.04168
5.64357,1.03019
5.68356,1.01869
5.72354,1.0072
5.76353,0.993886
5.80352,0.980574
5.84351,0.967263
5.8835,0.95395
5.92349,0.940638
5.96348,0.927325
6.00348,0.914011
6.04347,0.900698
6.08347,0.887383
6.12347,0.874069
6.16347,0.860754
6.20347,0.847438
6.24347,0.834122
6.28347,0.820806
6.32348,0.807489
6.36348,0.794172
6.40349,0.780855
6.44349,0.767537
6.4835,0.765721
6.52351,0.763905
6.56352,0.762088
6.60354,0.760272
6.64355,0.758456
6.68357,0.756639
6.72358,0.754823
6.7636,0.753006
6.80362,0.75119
6.84364,0.749373
6.88366,0.747556
6.92368,0.74574
6.9637,0.743923
7.00373,0.742106
7.04375,0.740289
7.08378,0.738472
7.12381,0.736655
7.16384,0.734838
7.20387,0.733021
7.2439,0.731204
7.28393,0.729387
7.32397,0.727569
7.364,0.727569
7.40404,0.727569
7.44407,0.727569
7.48411,0.727569
7.52415,0.727569
7.56419,0.727569
7.60423,0.727569
7.64428,0.727569
7.68432,0.727569
7.72437,0.727569
7.76441,0.727569
7.80446,0.727569
7.84451,0.727569
7.88456,0.727569
7.92461,0.727569
7.96466,0.727569
8.00471,0.727569
8.04477,0.727569
8.08482,0.727569
8.12488,0.727569
8.16494,0.727569
8.205,0.727569
8.24506,0.727569
8.28512,0.727569
8.32518,0.727569
8.36524,0.727569
8.4053,0.727569
8.44537,0.727569
8.48544,0.727569
8.5255,0.727569
8.56557,0.727569
8.60564,0.727569
8.64571,0.727569
8.68578,0.727569
8.72585,0.727569
8.76593,0.727569
8.806,0.727569
8.84608,0.727569
8.88615,0.727569
8.92623,0.727569
8.96631,0.727569
9.00639,0.727569
9.04647,0.727569
9.08655,0.727569
9.12663,0.727569
9.16672,0.727569
9.2068,0.727569
9.24689,0.727569
9.28697,0.727569
9.32706,0.727569
9.36715,0.727569
9.40724,0.727569
9.44733,0.727569
9.48742,0.727569
9.52752,0.727569
9.56761,0.727569
9.6077,0.727569
9.6478,0.727569
9.6879,0.727569
9.72799,0.727569
9.76809,0.727569
9.80819,0.727569
9.84829,0.727569
9.8884,0.727569
9.9285,0.727569
9.9686,0.727569
10.0087,0.727569
10.0488,0.727569
10.0889,0.727569
10.129,0.727569
10.1691,0.727569
10.2092,0.727569
10.2494,0.727569
10.2895,0.727569
10.3296,0.727569
10.3697,0.727569
10.4098,0.727569
10.4499,0.727569
10.49,0.727569
10.5302,0.727569
10.5703,0.727569
10.6104,0.727569
10.6505,0.727569
10.6906,0.727569
10.7307,0.727569
10.7709,0.727569
10.811,0.727569
10.8511,0.727569
10.8912,0.727569
10.9314,0.727569
10.9715,0.727569
11.0116,0.727569
11.0517,0.727569
11.0919,0.727569
11.132,0.727569
11.1721,0.727569
11.2123,0.727569
11.2524,0.727569
11.2925,0.727569
11.3327,0.727569
11.3728,0.727569
11.4129,0.727569
11.4531,0.727569
11.4932,0.727569
11.5334,0.727569
11.5735,0.727569
11.6136,0.727569
11.6538,0.727569
11.6939,0.727569
11.7341,0.727569
11.7742,0.731166
11.8144,0.734762
11.8545,0.738358
11.8946,0.741954
11.9348,0.745551
11.9749,0.749147
12.0151,0.752744
12.0552,0.75634
12.0954,0.759937
12.1355,0.763534
12.1757,0.767131
12.2158,0.770728
12.256,0.774325
12.2962,0.777922
12.3363,0.781519
12.3765,0.785116
12.4166,0.788713
12.4568,0.792311
12.4969,0.795908
12.5371,0.799506
12.5773,0.803103
12.6174,0.806701
12.6576,0.810298
12.6977,0.813896
12.7379,0.817494
12.7781,0.821092
12.8182,0.82469
12.8584,0.828288
12.8986,0.831886
12.9387,0.835484
12.9789,0.839082
13.0191,0.842681
13.0592,0.846279
13.0994,0.849878
13.1396,0.853476
13.1797,0.857075
13.2199,0.860673
13.2601,0.864272
13.3003,0.867871
13.3404,0.87147
13.3806,0.875068
13.4208,0.878667
13.461,0.882266
13.5011,0.885865
13.5413,0.889465
13.5815,0.893064
13.6217,0.896663
13.6619,0.900262
13.702,0.903862
13.7422,0.907461
13.7824,0.911061
13.8226,0.91466
13.8628,0.91826
13.9029,0.92186
13.9431,0.925459
13.9833,0.929059
14.0235,0.932659
14.0637,0.936259
14.1039,0.939859
14.1441,0.943459
14.1842,0.947059
14.2244,0.950659
14.2646,0.95426
14.3048,0.95786
14.345,0.96146
14.3852,0.965061
14.4254,0.968661
14.4656,0.972262
14.5058,0.975862
14.546,0.979463
14.5862,0.983063
14.6264,0.986664
14.6666,0.990265
14.7068,0.993866
14.747,0.997467
14.7872,1.00107
14.8273,1.00467
14.8675,1.00827
14.9077,1.01187
14.9479,1.01547
14.9881,1.01907
15.0284,1.02267
15.0686,1.02628
15.1088,1.02988
15.149,1.03348
15.1892,1.03708
15.2294,1.04068
15.2696,1.04428
15.3098,1.04789
15.35,1.05149
15.3902,1.05509
15.4304,1.05869
15.4706,1.06229
15.5108,1.06589
15.551,1.0695
15.5912,1.0731
15.6314,1.0767
15.6717,1.0803
15.7119,1.0839
15.7521,1.08751
15.7923,1.09111
15.8325,1.09471
15.8727,1.09831
15.9129,1.10192
15.9531,1.10552
15.9934,1.10912
16.0336,1.11272
16.0738,1.11633
16.114,1.11993
16.1542,1.12353
16.1944,1.12713
16.2347,1.13074
16.2749,1.13434
16.3151,1.13794
16.3553,1.14155
16.3955,1.14515
16.4358,1.14875
16.476,1.15235
16.5162,1.15596
16.5564,1.15956
16.5966,1.16316
16.6369,1.16677
16.6771,1.17037
16.7173,1.17397
16.7575,1.17758
16.7978,1.18118
16.838,1.18478
16.8782,1.18839
16.9184,1.19199
16.9587,1.19559
16.9989,1.1992
17.0391,1.2028
17.0793,1.2064
17.1196,1.21001
17.1598,1.21361
17.2,1.21722
17.2403,1.22082
17.2805,1.22442
17.3207,1.22803
17.361,1.23163
17.4012,1.23524
17.4414,1.23884
17.4816,1.24244
17.5219,1.24605
17.5621,1.24965
17.6023,1.25326
17.6426,1.25686
17.6828,1.26046
17.723,1.26407
17.7633,1.26767
17.8035,1.27128
17.8438,1.27488
17.884,1.27849
17.9242,1.28209
17.9645,1.2857
18.0047,1.2893
18.0449,1.2929
18.0852,1.29651
18.1254,1.30011
18.1657,1.30372
18.2059,1.30732
18.2461,1.31093
18.2864,1.31453
18.3266,1.31814
18.3669,1.32174
18.4071,1.32535
18.4473,1.32895
18.4876,1.33256
18.5278,1.33616
18.5681,1.33977
18.6083,1.34337
18.6485,1.34698
18.6888,1.35058
18.729,1.35419
18.7693,1.35779
18.8095,1.3614
18.8498,1.365
18.89,1.36861
18.9303,1.37221
18.9705,1.37582
19.0107,1.37942
19.051,1.38303
19.0912,1.38663
19.1315,1.39024
19.1717,1.39384
19.212,1.39745
19.2522,1.40105
19.2925,1.40466
19.3327,1.40827
19.373,1.41187
19.4132,1.41548
19.4535,1.41908
19.4937,1.42269
19.534,1.42629
19.5742,1.4299
19.6145,1.4335
19.6547,1.43711
19.695,1.44072
19.7352,1.44432
19.7755,1.44793
19.8157,1.45153
19.856,1.45514
19.8962,1.45874
19.9365,1.46235
19.9767,1.46596
20.017,1.46956
20.0572,1.47317
20.0975,1.47677
20.1377,1.48038
20.178,1.48399
20.2182,1.48759
20.2585,1.4912
20.2987,1.4948
20.339,1.49841
20.3793,1.50202
20.4195,1.50562
20.4598,1.50923
20.5,1.51283
20.5403,1.51644
20.5805,1.52005
20.6208,1.52365
20.661,1.52726
20.7013,1.53086
20.7416,1.53447
20.7818,1.53808
20.8221,1.54168
20.8623,1.54529
20.9026,1.5489
20.9428,1.5525
20.9831,1.55611
21.0234,1.55971
21.0636,1.56332
21.1039,1.56693
21.1441,1.57053
21.1844,1.57414
21.2246,1.57775
21.2649,1.58135
21.3052,1.58496
21.3454,1.58857
21.3857,1.59217
21.4259,1.59578
21.4662,1.59938
21.5064,1.60299
21.5467,1.6066
21.587,1.6102
21.6272,1.61381
21.6675,1.61742
21.7077,1.62102
21.748,1.62463
21.7883,1.62824
21.8285,1.63184
21.8688,1.63545
21.909,1.63906
21.9493,1.64266
21.9896,1.64627
22.0298,1.64988
22.0701,1.65348
22.1103,1.65709
22.1506,1.6607
22.1909,1.6643
22.2311,1.66791
22.2714,1.67152
22.3116,1.67512
22.3519,1.67873
22.3922,1.68234
22.4324,1.68594
22.4727,1.68955
22.5129,1.69315
22.5532,1.69676
22.5935,1.70037
22.6337,1.70397
22.674,1.70758
22.7143,1.71119
22.7545,1.71479
22.7948,1.7184
22.835,1.72201
22.8753,1.72561
22.9156,1.72922
22.9558,1.73283
22.9961,1.73643
23.0363,1.74004
23.0766,1.74365
23.1169,1.74725
23.1579,1.75086
23.2004,1.7546
23.2445,1.75848
23.2902,1.7625
23.3376,1.76667
23.3866,1.77099
23.4375,1.77546
23.4901,1.7801
23.5446,1.78489
23.601,1.78986
23.6594,1.795
23.7197,1.80031
23.7821,1.80581
23.8466,1.81149
23.9133,1.81737
23.9821,1.82344
24.0532,1.8297
24.1265,1.83617
24.2022,1.84285
24.2803,1.84973
24.3608,1.85683
24.4437,1.86415
24.5291,1.87169
24.617,1.87945
24.7075,1.88744
24.8006,1.89566
24.8963,1.90412
24.9946,1.9128
25.0955,1.92173
25.1992,1.93089
25.3055,1.9403
25.4145,1.94994
25.5262,1.95983
25.6406,1.96995
25.7576,1.98032
25.8774,1.99093
25.9997,2.00177
26.1248,2.01285
26.2524,2.02417
26.3826,2.03572
26.5153,2.04749
26.6505,2.0595
26.7881,2.07172
26.9281,2.08416
27.0704,2.0968
27.215,2.10965
27.3617,2.1227
27.5105,2.13594
27.6612,2.14935
27.8139,2.16295
27.9683,2.1767
28.1244,2.19061
28.2821,2.20467
28.4412,2.21886
28.6016,2.23318
28.7633,2.24761
28.926,2.26214
29.0896,2.27676
29.254,2.29146
29.4191,2.30622
29.5847,2.32103
29.7507,2.33589
29.9169,2.35077
0.0198879,1.70357
0.0596644,1.70357
0.0994427,1.70357
0.139223,1.70357
0.179004,1.70357
0.218787,1.70357
0.258572,1.70357
0.298359,1.70357
0.338147,1.70357
0.377937,1.70357
0.417728,1.70357
0.457521,1.70357
0.497316,1.70357
0.537113,1.70357
0.576911,1.70357
0.61671,1.70357
0.656512,1.70357
0.696315,1.70357
0.736119,1.70357
0.775925,1.70357
0.815733,1.70357
0.855543,1.70357
0.895354,1.70357
0.935166,1.70357
0.974981,1.70357
1.0148,1.70357
1.05461,1.70357
1.09443,1.70357
1.13425,1.70357
1.17408,1.70357
1.2139,1.70357
1.25373,1.70357
1.29355,1.70357
1.33338,1.70357
1.37321,1.70357
1.41304,1.70357
1.45288,1.70357
1.49271,1.70357
1.53255,1.70357
1.57239,1.70357
1.61223,1.70357
1.65207,1.70357
1.69191,1.70357
1.73175,1.70357
1.7716,1.70357
1.81145,1.70357
1.8513,1.70357
1.89115,1.70357
1.931,1.70357
1.97085,1.70357
2.01071,1.70357
2.05056,1.70357
2.09042,1.70357
2.13028,1.70357
2.17014,1.70357
2.21001,1.70357
2.24987,1.70357
2.28974,1.70357
2.3296,1.70357
2.36947,1.70357
2.40934,1.70357
2.44921,1.70357
2.48909,1.70357
2.52896,1.70357
2.56884,1.70357
2.60872,1.70357
2.64859,1.70357
2.68848,1.70357
2.72836,1.70357
2.76824,1.70357
2.80813,1.70357
2.84801,1.70357
2.8879,1.70357
2.92779,1.70357
2.96768,1.70357
3.00757,1.70357
3.04747,1.70357
3.08736,1.70357
3.12726,1.70357
3.16716,1.70357
3.20706,1.70357
3.24696,1.70357
3.28686,1.70357
3.32677,1.70357
3.36667,1.70357
3.40658,1.70357
3.44649,1.69185
3.4864,1.68013
3.52631,1.6684
3.56622,1.65668
3.60614,1.64496
3.64605,1.63324
3.68597,1.62152
3.72589,1.60979
3.76581,1.59807
3.80573,1.58635
3.84565,1.57462
3.88557,1.5629
3.9255,1.55117
3.96543,1.53945
4.00536,1.52772
4.04528,1.51599
4.08522,1.50427
4.12515,1.49254
4.16508,1.48081
4.20502,1.46908
4.24495,1.45736
4.28489,1.44563
4.32483,1.4339
4.36477,1.42217
4.40471,1.41044
4.44466,1.39871
4.4846,1.38698
4.52455,1.37525
4.56449,1.36352
4.60444,1.35178
4.64439,1.34005
4.68435,1.32832
4.7243,1.31658
4.76425,1.30485
4.80421,1.29312
4.84416,1.28138
4.88412,1.26965
4.92408,1.25791
4.96404,1.24618
5.004,1.23444
5.04397,1.22271
5.08393,1.21097
5.1239,1.19923
5.16387,1.18749
5.20383,1.17576
5.2438,1.16402
5.28378,1.15228
5.32375,1.14054
5.36372,1.1288
5.4037,1.11706
5.44367,1.10532
5.48365,1.09358
5.52363,1.08184
5.56361,1.0701
5.60359,1.05836
5.64357,1.04662
5.68356,1.03487
5.72354,1.02313
5.76353,1.00968
5.80352,0.996222
5.84351,0.982767
5.8835,0.969312
5.92349,0.955856
5.96348,0.9424
6.00348,0.928943
6.04347,0.915487
6.08347,0.902029
6.12347,0.888572
6.16347,0.875113
6.20347,0.861655
6.24347,0.848196
6.28347,0.834736
6.32348,0.821277
6.36348,0.807816
6.40349,0.794356
6.44349,0.780895
6.4835,0.779183
6.52351,0.777471
6.56352,0.775759
6.60354,0.774047
6.64355,0.772335
6.68357,0.770623
6.72358,0.768911
6.7636,0.767199
6.80362,0.765487
6.84364,0.763775
6.88366,0.762062
6.92368,0.76035
6.9637,0.758638
7.00373,0.756925
7.04375,0.755213
7.08378,0.7535
7.12381,0.751788
7.16384,0.750075
7.20387,0.748362
7.2439,0.74665
7.28393,0.744937
7.32397,0.743224
7.364,0.743224
7.40404,0.743224
7.44407,0.743224
7.48411,0.743224
7.52415,0.743224
7.56419,0.743224
7.60423,0.743224
7.64428,0.743224
7.68432,0.743224
7.72437,0.743224
7.76441,0.743224
7.80446,0.743224
7.84451,0.743224
7.88456,0.743224
7.92461,0.743224
7.96466,0.743224
8.00471,0.743224
8.04477,0.743224
8.08482,0.743224
8.12488,0.743224
8.16494,0.743224
8.205,0.743224
8.24506,0.743224
8.28512,0.743224
8.32518,0.743224
8.36524,0.743224
8.4053,0.743224
8.44537,0.743224
8.48544,0.743224
8.5255,0.743224
8.56557,0.743224
8.60564,0.743224
8.64571,0.743224
8.68578,0.743224
8.72585,0.743224
8.76593,0.743224
8.806,0.743224
8.84608,0.743224
8.88615,0.743224
8.92623,0.743224
8.96631,0.743224
9.00639,0.743224
9.04647,0.743224
9.08655,0.743224
9.12663,0.743224
9.16672,0.743224
9.2068,0.743224
9.24689,0.743224
9.28697,0.743224
9.32706,0.743224
9.36715,0.743224
9.40724,0.743224
9.44733,0.743224
9.48742,0.743224
9.52752,0.743224
9.56761,0.743224
9.6077,0.743224
9.6478,0.743224
9.6879,0.743224
9.72799,0.743224
9.76809,0.743224
9.80819,0.743224
9.84829,0.743224
9.8884,0.743224
9.9285,0.743224
9.9686,0.743224
10.0087,0.743224
10.0488,0.743224
10.0889,0.743224
10.129,0.743224
10.1691,0.743224
10.2092,0.743224
10.2494,0.743224
10.2895,0.743224
10.3296,0.743224
10.3697,0.743224
10.4098,0.743224
10.4499,0.743224
10.49,0.743224
10.5302,0.743224
10.5703,0.743224
10.6104,0.743224
10.6505,0.743224
10.6906,0.743224
10.7307,0.743224
10.7709,0.743224
10.811,0.743224
10.8511,0.743224
10.8912,0.743224
10.9314,0.743224
10.9715,0.743224
11.0116,0.743224
11.0517,0.743224
11.0919,0.743224
11.132,0.743224
11.1721,0.743224
11.2123,0.743224
11.2524,0.743224
11.2925,0.743224
11.3327,0.743224
11.3728,0.743224
11.4129,0.743224
11.4531,0.743224
11.4932,0.743224
11.5334,0.743224
11.5735,0.743224
11.6136,0.743224
11.6538,0.743224
11.6939,0.743224
11.7341,0.743224
11.7742,0.746897
11.8144,0.750571
11.8545,0.754245
11.8946,0.757918
11.9348,0.761592
11.9749,0.765266
12.0151,0.76894
12.0552,0.772614
12.0954,0.776288
12.1355,0.779962
12.1757,0.783637
12.2158,0.787311
12.256,0.790985
12.2962,0.79466
12.3363,0.798334
12.3765,0.802009
12.4166,0.805683
12.4568,0.809358
12.4969,0.813033
12.5371,0.816708
12.5773,0.820383
12.6174,0.824058
12.6576,0.827733
12.6977,0.831408
12.7379,0.835083
12.7781,0.838759
12.8182,0.842434
12.8584,0.84611
12.8986,0.849785
12.9387,0.853461
12.9789,0.857136
13.0191,0.860812
13.0592,0.864488
13.0994,0.868164
13.1396,0.87184
13.1797,0.875516
13.2199,0.879192
13.2601,0.882868
13.3003,0.886544
13.3404,0.89022
13.3806,0.893897
13.4208,0.897573
13.461,0.901249
13.5011,0.904926
13.5413,0.908602
13.5815,0.912279
13.6217,0.915956
13.6619,0.919633
13.702,0.923309
13.7422,0.926986
13.7824,0.930663
13.8226,0.93434
13.8628,0.938017
13.9029,0.941695
13.9431,0.945372
13.9833,0.949049
14.0235,0.952726
14.0637,0.956404
14.1039,0.960081
14.1441,0.963759
14.1842,0.967436
14.2244,0.971114
14.2646,0.974792
14.3048,0.978469
14.345,0.982147
14.3852,0.985825
14.4254,0.989503
14.4656,0.993181
14.5058,0.996859
14.546,1.00054
14.5862,1.00422
14.6264,1.00789
14.6666,1.01157
14.7068,1.01525
14.747,1.01893
14.7872,1.02261
14.8273,1.02629
14.8675,1.02996
14.9077,1.03364
14.9479,1.03732
14.9881,1.041
15.0284,1.04468
15.0686,1.04836
15.1088,1.05204
15.149,1.05572
15.1892,1.05939
15.2294,1.06307
15.2696,1.06675
15.3098,1.07043
15.35,1.07411
15.3902,1.07779
15.4304,1.08147
15.4706,1.08515
15.5108,1.08883
15.551,1.09251
15.5912,1.09619
15.6314,1.09987
15.6717,1.10355
15.7119,1.10723
15.7521,1.11091
15.7923,1.11459
15.8325,1.11827
15.8727,1.12195
15.9129,1.12563
15.9531,1.12931
15.9934,1.13298
16.0336,1.13667
16.0738,1.14035
16.114,1.14403
16.1542,1.14771
16.1944,1.15139
16.2347,1.15507
16.2749,1.15875
16.3151,1.16243
16.3553,1.16611
16.3955,1.16979
16.4358,1.17347
16.476,1.17715
16.5162,1.18083
16.5564,1.18451
16.5966,1.18819
16.6369,1.19187
16.6771,1.19555
16.7173,1.19923
16.7575,1.20291
16.7978,1.20659
16.838,1.21028
16.8782,1.21396
16.9184,1.21764
16.9587,1.22132
16.9989,1.225
17.0391,1.22868
17.0793,1.23236
17.1196,1.23604
17.1598,1.23972
17.2,1.24341
17.2403,1.24709
17.2805,1.25077
17.3207,1.25445
17.361,1.25813
17.4012,1.26181
17.4414,1.26549
17.4816,1.26918
17.5219,1.27286
17.5621,1.27654
17.6023,1.28022
17.6426,1.2839
17.6828,1.28758
17.723,1.29127
17.7633,1.29495
17.8035,1.29863
17.8438,1.30231
17.884,1.30599
17.9242,1.30968
17.9645,1.31336
18.0047,1.31704
18.0449,1.32072
18.0852,1.3244
18.1254,1.32809
18.1657,1.33177
18.2059,1.33545
18.2461,1.33913
18.2864,1.34282
18.3266,1.3465
18.3669,1.35018
18.4071,1.35386
18.4473,1.35755
18.4876,1.36123
18.5278,1.36491
18.5681,1.36859
18.6083,1.37228
18.6485,1.37596
18.6888,1.37964
18.729,1.38332
18.7693,1.38701
18.8095,1.39069
18.8498,1.39437
18.89,1.39805
18.9303,1.40174
18.9705,1.40542
19.0107,1.4091
19.051,1.41279
19.0912,1.41647
19.1315,1.42015
19.1717,1.42383
19.212,1.42752
19.2522,1.4312
19.2925,1.43488
19.3327,1.43857
19.373,1.44225
19.4132,1.44593
19.4535,1.44962
19.4937,1.4533
19.534,1.45698
19.5742,1.46066
19.6145,1.46435
19.6547,1.46803
19.695,1.47171
19.7352,1.4754
19.7755,1.47908
19.8157,1.48276
19.856,1.48645
19.8962,1.49013
19.9365,1.49381
19.9767,1.4975
20.017,1.50118
20.0572,1.50487
20.0975,1.50855
20.1377,1.51223
20.178,1.51592
20.2182,1.5196
20.2585,1.52328
20.2987,1.52697
20.339,1.53065
20.3793,1.53433
20.4195,1.53802
20.4598,1.5417
20.5,1.54538
20.5403,1.54907
20.5805,1.55275
20.6208,1.55644
20.661,1.56012
20.7013,1.5638
20.7416,1.56749
20.7818,1.57117
20.8221,1.57485
20.8623,1.57854
20.9026,1.58222
20.9428,1.58591
20.9831,1.58959
21.0234,1.59327
21.0636,1.59696
21.1039,1.60064
21.1441,1.60433
21.1844,1.60801
21.2246,1.61169
21.2649,1.61538
21.3052,1.61906
21.3454,1.62275
21.3857,1.62643
21.4259,1.63011
21.4662,1.6338
21.5064,1.63748
21.5467,1.64117
21.587,1.64485
21.6272,1.64853
21.6675,1.65222
21.7077,1.6559
21.748,1.65959
21.7883,1.66327
21.8285,1.66695
21.8688,1.67064
21.909,1.67432
21.9493,1.67801
21.9896,1.68169
22.0298,1.68537
22.0701,1.68906
22.1103,1.69274
22.1506,1.69643
22.1909,1.70011
22.2311,1.7038
22.2714,1.70748
22.3116,1.71116
22.3519,1.71485
22.3922,1.71853
22.4324,1.72222
22.4727,1.7259
22.5129,1.72959
22.5532,1.73327
22.5935,1.73695
22.6337,1.74064
22.674,1.74432
22.7143,1.74801
22.7545,1.75169
22.7948,1.75537
22.835,1.75906
22.8753,1.76274
22.9156,1.76643
22.9558,1.77011
22.9961,1.7738
23.0363,1.77748
23.0766,1.78116
23.1169,1.78485
23.1579,1.78853
23.2004,1.79235
23.2445,1.79632
23.2902,1.80042
23.3376,1.80468
23.3866,1.80909
23.4375,1.81366
23.4901,1.8184
23.5446,1.8233
23.601,1.82837
23.6594,1.83362
23.7197,1.83905
23.7821,1.84467
23.8466,1.85047
23.9133,1.85647
23.9821,1.86267
24.0532,1.86907
24.1265,1.87568
24.2022,1.8825
24.2803,1.88953
24.3608,1.89678
24.4437,1.90426
24.5291,1.91196
24.617,1.91989
24.7075,1.92805
24.8006,1.93645
24.8963,1.94509
24.9946,1.95396
25.0955,1.96308
25.1992,1.97244
25.3055,1.98204
25.4145,1.9919
25.5262,2.00199
25.6406,2.01234
25.7576,2.02293
25.8774,2.03376
25.9997,2.04484
26.1248,2.05616
26.2524,2.06772
26.3826,2.07952
26.5153,2.09155
26.6505,2.10381
26.7881,2.11629
26.9281,2.129
27.0704,2.14192
27.215,2.15504
27.3617,2.16837
27.5105,2.18189
27.6612,2.1956
27.8139,2.20948
27.9683,2.22354
28.1244,2.23775
28.2821,2.25211
28.4412,2.2666
28.6016,2.28123
28.7633,2.29597
28.926,2.31081
29.0896,2.32575
29.254,2.34076
29.4191,2.35584
29.5847,2.37097
29.7507,2.38615
29.9169,2.40135
0.0198879,1.73382
0.0596644,1.73382
0.0994427,1.73382
0.139223,1.73382
0.179004,1.73382
0.218787,1.73382
0.258572,1.73382
0.298359,1.73382
0.338147,1.73382
0.377937,1.73382
0.417728,1.73382
0.457521,1.73382
0.497316,1.73382
0.537113,1.73382
0.576911,1.73382
0.61671,1.73382
0.656512,1.73382
0.696315,1.73382
0.736119,1.73382
0.775925,1.73382
0.815733,1.73382
0.855543,1.73382
0.895354,1.73382
0.935166,1.73382
0.974981,1.73382
1.0148,1.73382
1.05461,1.73382
1.09443,1.73382
1.13425,1.73382
1.17408,1.73382
1.2139,1.73382
1.25373,1.73382
1.29355,1.73382
1.33338,1.73382
1.37321,1.73382
1.41304,1.73382
1.45288,1.73382
1.49271,1.73382
1.53255,1.73382
1.57239,1.73382
1.61223,1.73382
1.65207,1.73382
1.69191,1.73382
1.73175,1.73382
1.7716,1.73382
1.81145,1.73382
1.8513,1.73382
1.89115,1.73382
1.931,1.73382
1.97085,1.73382
2.01071,1.73382
2.05056,1.73382
2.09042,1.73382
2.13028,1.73382
2.17014,1.73382
2.21001,1.73382
2.24987,1.73382
2.28974,1.73382
2.3296,1.73382
2.36947,1.73382
2.40934,1.73382
2.44921,1.73382
2.48909,1.73382
2.52896,1.73382
2.56884,1.73382
2.60872,1.73382
2.64859,1.73382
2.68848,1.73382
2.72836,1.73382
2.76824,1.73382
2.80813,1.73382
2.84801,1.73382
2.8879,1.73382
2.92779,1.73382
2.96768,1.73382
3.00757,1.73382
3.04747,1.73382
3.08736,1.73382
3.12726,1.73382
3.16716,1.73382
3.20706,1.73382
3.24696,1.73382
3.28686,1.73382
3.32677,1.73382
3.36667,1.73382
3.40658,1.73382
3.44649,1.72185
3.4864,1.70988
3.52631,1.69791
3.56622,1.68595
3.60614,1.67398
3.64605,1.66201
3.68597,1.65004
3.72589,1.63807
3.76581,1.6261
3.80573,1.61413
3.84565,1.60216
3.88557,1.59019
3.9255,1.57821
3.96543,1.56624
4.00536,1.55427
4.04528,1.5423
4.08522,1.53032
4.12515,1.51835
4.16508,1.50637
4.20502,1.4944
4.24495,1.48242
4.28489,1.47045
4.32483,1.45847
4.36477,1.44649
4.40471,1.43452
4.44466,1.42254
4.4846,1.41056
4.52455,1.39858
4.56449,1.38661
4.60444,1.37463
4.64439,1.36265
4.68435,1.35067
4.7243,1.33869
4.76425,1.32671
4.80421,1.31473
4.84416,1.30274
4.88412,1.29076
4.92408,1.27878
4.96404,1.2668
5.004,1.25482
5.04397,1.24283
5.08393,1.23085
5.1239,1.21886
5.16387,1.20688
5.20383,1.19489
5.2438,1.18291
5.28378,1.17092
5.32375,1.15894
5.36372,1.14695
5.4037,1.13496
5.44367,1.12298
5.48365,1.11099
5.52363,1.099
5.56361,1.08701
5.60359,1.07502
5.64357,1.06303
5.68356,1.05105
5.72354,1.03906
5.76353,1.02546
5.80352,1.01186
5.84351,0.998263
5.8835,0.984665
5.92349,0.971066
5.96348,0.957467
6.00348,0.943868
6.04347,0.930268
6.08347,0.916668
6.12347,0.903067
6.16347,0.889466
6.20347,0.875864
6.24347,0.862262
6.28347,0.84866
6.32348,0.835057
6.36348,0.821454
6.40349,0.80785
6.44349,0.794246
6.4835,0.792638
6.52351,0.791031
6.56352,0.789423
6.60354,0.787816
6.64355,0.786208
6.68357,0.7846
6.72358,0.782993
6.7636,0.781385
6.80362,0.779777
6.84364,0.778169
6.88366,0.776561
6.92368,0.774953
6.9637,0.773345
7.00373,0.771737
7.04375,0.770129
7.08378,0.768521
7.12381,0.766912
7.16384,0.765304
7.20387,0.763696
7.2439,0.762087
7.28393,0.760479
7.32397,0.758871
7.364,0.758871
7.40404,0.758871
7.44407,0.758871
7.48411,0.758871
7.52415,0.758871
7.56419,0.758871
7.60423,0.758871
7.64428,0.758871
7.68432,0.758871
7.72437,0.758871
7.76441,0.758871
7.80446,0.758871
7.84451,0.758871
7.88456,0.758871
7.92461,0.758871
7.96466,0.758871
8.00471,0.758871
8.04477,0.758871
8.08482,0.758871
8.12488,0.758871
8.16494,0.758871
8.205,0.758871
8.24506,0.758871
8.28512,0.758871
8.32518,0.758871
8.36524,0.758871
8.4053,0.758871
8.44537,0.758871
8.48544,0.758871
8.5255,0.758871
8.56557,0.758871
8.60564,0.758871
8.64571,0.758871
8.68578,0.758871
8.72585,0.758871
8.76593,0.758871
8.806,0.758871
8.84608,0.758871
8.88615,0.758871
8.92623,0.758871
8.96631,0.758871
9.00639,0.758871
9.04647,0.758871
9.08655,0.758871
9.12663,0.758871
9.16672,0.758871
9.2068,0.758871
9.24689,0.758871
9.28697,0.758871
9.32706,0.758871
9.36715,0.758871
9.40724,0.758871
9.44733,0.758871
9.48742,0.758871
9.52752,0.758871
9.56761,0.758871
9.6077,0.758871
9.6478,0.758871
9.6879,0.758871
9.72799,0.758871
9.76809,0.758871
9.80819,0.758871
9.84829,0.758871
9.8884,0.758871
9.9285,0.758871
9.9686,0.758871
10.0087,0.758871
10.0488,0.758871
10.0889,0.758871
10.129,0.758871
10.1691,0.758871
10.2092,0.758871
10.2494,0.758871
10.2895,0.758871
10.3296,0.758871
10.3697,0.758871
10.4098,0.758871
10.4499,0.758871
10.49,0.758871
10.5302,0.758871
10.5703,0.758871
10.6104,0.758871
10.6505,0.758871
10.6906,0.758871
10.7307,0.758871
10.7709,0.758871
10.811,0.758871
10.8511,0.758871
10.8912,0.758871
10.9314,0.758871
10.9715,0.758871
11.0116,0.758871
11.0517,0.758871
11.0919,0.758871
11.132,0.758871
11.1721,0.758871
11.2123,0.758871
11.2524,0.758871
11.2925,0.758871
11.3327,0.758871
11.3728,0.758871
11.4129,0.758871
11.4531,0.758871
11.4932,0.758871
11.5334,0.758871
11.5735,0.758871
11.6136,0.758871
11.6538,0.758871
11.6939,0.758871
11.7341,0.758871
11.7742,0.762621
11.8144,0.766372
11.8545,0.770123
11.8946,0.773874
11.9348,0.777625
11.9749,0.781377
12.0151,0.785128
12.0552,0.788879
12.0954,0.792631
12.1355,0.796382
12.1757,0.800134
12.2158,0.803886
12.256,0.807637
12.2962,0.811389
12.3363,0.815141
12.3765,0.818893
12.4166,0.822645
12.4568,0.826397
12.4969,0.830149
12.5371,0.833901
12.5773,0.837654
12.6174,0.841406
12.6576,0.845159
12.6977,0.848911
12.7379,0.852664
12.7781,0.856417
12.8182,0.860169
12.8584,0.863922
12.8986,0.867675
12.9387,0.871428
12.9789,0.875181
13.0191,0.878934
13.0592,0.882687
13.0994,0.886441
13.1396,0.890194
13.1797,0.893947
13.2199,0.897701
13.2601,0.901454
13.3003,0.905208
13.3404,0.908961
13.3806,0.912715
13.4208,0.916469
13.461,0.920223
13.5011,0.923977
13.5413,0.927731
13.5815,0.931485
13.6217,0.935239
13.6619,0.938993
13.702,0.942747
13.7422,0.946501
13.7824,0.950256
13.8226,0.95401
13.8628,0.957765
13.9029,0.961519
13.9431,0.965274
13.9833,0.969029
14.0235,0.972783
14.0637,0.976538
14.1039,0.980293
14.1441,0.984048
14.1842,0.987803
14.2244,0.991558
14.2646,0.995313
14.3048,0.999068
14.345,1.00282
14.3852,1.00658
14.4254,1.01033
14.4656,1.01409
14.5058,1.01785
14.546,1.0216
14.5862,1.02536
14.6264,1.02911
14.6666,1.03287
14.7068,1.03662
14.747,1.04038
14.7872,1.04414
14.8273,1.04789
14.8675,1.05165
14.9077,1.0554
14.9479,1.05916
14.9881,1.06292
15.0284,1.06667
15.0686,1.07043
15.1088,1.07418
15.149,1.07794
15.1892,1.0817
15.2294,1.08545
15.2696,1.08921
15.3098,1.09297
15.35,1.09672
15.3902,1.10048
15.4304,1.10424
15.4706,1.10799
15.5108,1.11175
15.551,1.11551
15.5912,1.11926
15.6314,1.12302
15.6717,1.12678
15.7119,1.13054
15.7521,1.13429
15.7923,1.13805
15.8325,1.14181
15.8727,1.14556
15.9129,1.14932
15.9531,1.15308
15.9934,1.15684
16.0336,1.16059
16.0738,1.16435
16.114,1.16811
16.1542,1.17187
16.1944,1.17563
16.2347,1.17938
16.2749,1.18314
16.3151,1.1869
16.3553,1.19066
16.3955,1.19441
16.4358,1.19817
16.476,1.20193
16.5162,1.20569
16.5564,1.20945
16.5966,1.2132
16.6369,1.21696
16.6771,1.22072
16.7173,1.22448
16.7575,1.22824
16.7978,1.232
16.838,1.23575
16.8782,1.23951
16.9184,1.24327
16.9587,1.24703
16.9989,1.25079
17.0391,1.25455
17.0793,1.25831
17.1196,1.26207
17.1598,1.26582
17.2,1.26958
17.2403,1.27334
17.2805,1.2771
17.3207,1.28086
17.361,1.28462
17.4012,1.28838
17.4414,1.29214
17.4816,1.2959
17.5219,1.29965
17.5621,1.30341
17.6023,1.30717
17.6426,1.31093
17.6828,1.31469
17.723,1.31845
17.7633,1.32221
17.8035,1.32597
17.8438,1.32973
17.884,1.33349
17.9242,1.33725
17.9645,1.34101
18.0047,1.34477
18.0449,1.34853
18.0852,1.35229
18.1254,1.35605
18.1657,1.35981
18.2059,1.36357
18.2461,1.36733
18.2864,1.37109
18.3266,1.37485
18.3669,1.3786
18.4071,1.38236
18.4473,1.38612
18.4876,1.38988
18.5278,1.39364
18.5681,1.3974
18.6083,1.40116
18.6485,1.40493
18.6888,1.40869
18.729,1.41245
18.7693,1.41621
18.8095,1.41997
18.8498,1.42373
18.89,1.42749
18.9303,1.43125
18.9705,1.43501
19.0107,1.43877
19.051,1.44253
19.0912,1.44629
19.1315,1.45005
19.1717,1.45381
19.212,1.45757
19.2522,1.46133
19.2925,1.46509
19.3327,1.46885
19.373,1.47261
19.4132,1.47637
19.4535,1.48013
19.4937,1.48389
19.534,1.48765
19.5742,1.49142
19.6145,1.49518
19.6547,1.49894
19.695,1.5027
19.7352,1.50646
19.7755,1.51022
19.8157,1.51398
19.856,1.51774
19.8962,1.5215
19.9365,1.52526
19.9767,1.52902
20.017,1.53278
20.0572,1.53655
20.0975,1.54031
20.1377,1.54407
20.178,1.54783
20.2182,1.55159
20.2585,1.55535
20.2987,1.55911
20.339,1.56287
20.3793,1.56663
20.4195,1.5704
20.4598,1.57416
20.5,1.57792
20.5403,1.58168
20.5805,1.58544
20.6208,1.5892
20.661,1.59296
20.7013,1.59672
20.7416,1.60049
20.7818,1.60425
20.8221,1.60801
20.8623,1.61177
20.9026,1.61553
20.9428,1.61929
20.9831,1.62305
21.0234,1.62682
21.0636,1.63058
21.1039,1.63434
21.1441,1.6381
21.1844,1.64186
21.2246,1.64562
21.2649,1.64938
21.3052,1.65315
21.3454,1.65691
21.3857,1.66067
21.4259,1.66443
21.4662,1.66819
21.5064,1.67195
21.5467,1.67572
21.587,1.67948
21.6272,1.68324
21.6675,1.687
21.7077,1.69076
21.748,1.69452
21.7883,1.69829
21.8285,1.70205
21.8688,1.70581
21.909,1.70957
21.9493,1.71333
21.9896,1.71709
22.0298,1.72086
22.0701,1.72462
22.1103,1.72838
22.1506,1.73214
22.1909,1.7359
22.2311,1.73966
22.2714,1.74343
22.3116,1.74719
22.3519,1.75095
22.3922,1.75471
22.4324,1.75847
22.4727,1.76224
22.5129,1.766
22.5532,1.76976
22.5935,1.77352
22.6337,1.77728
22.674,1.78104
22.7143,1.78481
22.7545,1.78857
22.7948,1.79233
22.835,1.79609
22.8753,1.79985
22.9156,1.80362
22.9558,1.80738
22.9961,1.81114
23.0363,1.8149
23.0766,1.81866
23.1169,1.82242
23.1579,1.82619
23.2004,1.83009
23.2445,1.83413
23.2902,1.83833
23.3376,1.84267
23.3866,1.84718
23.4375,1.85185
23.4901,1.85668
23.5446,1.86168
23.601,1.86686
23.6594,1.87222
23.7197,1.87777
23.7821,1.8835
23.8466,1.88943
23.9133,1.89555
23.9821,1.90188
24.0532,1.90842
24.1265,1.91516
24.2022,1.92213
24.2803,1.92931
24.3608,1.93671
24.4437,1.94435
24.5291,1.95221
24.617,1.96031
24.7075,1.96864
24.8006,1.97722
24.8963,1.98603
24.9946,1.9951
25.0955,2.00441
25.1992,2.01396
25.3055,2.02377
25.4145,2.03383
25.5262,2.04414
25.6406,2.0547
25.7576,2.06551
25.8774,2.07658
25.9997,2.08789
26.1248,2.09945
26.2524,2.11125
26.3826,2.1233
26.5153,2.13558
26.6505,2.1481
26.7881,2.16085
26.9281,2.17382
27.0704,2.18701
27.215,2.20041
27.3617,2.21402
27.5105,2.22783
27.6612,2.24182
27.8139,2.256
27.9683,2.27035
28.1244,2.28486
28.2821,2.29952
28.4412,2.31432
28.6016,2.32925
28.7633,2.3443
28.926,2.35946
29.0896,2.37471
29.254,2.39004
29.4191,2.40544
29.5847,2.42089
29.7507,2.43638
29.9169,2.4519
0.0198879,1.76405
0.0596644,1.76405
0.0994427,1.76405
0.139223,1.76405
0.179004,1.76405
0.218787,1.76405
0.258572,1.76405
0.298359,1.76405
0.338147,1.76405
0.377937,1.76405
0.417728,1.76405
0.457521,1.76405
0.497316,1.76405
0.537113,1.76405
0.576911,1.76405
0.61671,1.76405
0.656512,1.76405
0.696315,1.76405
0.736119,1.76405
0.775925,1.76405
0.815733,1.76405
0.855543,1.76405
0.895354,1.76405
0.935166,1.76405
0.974981,1.76405
1.0148,1.76405
1.05461,1.76405
1.09443,1.76405
1.13425,1.76405
1.17408,1.76405
1.2139,1.76405
1.25373,1.76405
1.29355,1.76405
1.33338,1.76405
1.37321,1.76405
1.41304,1.76405
1.45288,1.76405
1.49271,1.76405
1.53255,1.76405
1.57239,1.76405
1.61223,1.76405
1.65207,1.76405
1.69191,1.76405
1.73175,1.76405
1.7716,1.76405
1.81145,1.76405
1.8513,1.76405
1.89115,1.76405
1.931,1.76405
1.97085,1.76405
2.01071,1.76405
2.05056,1.76405
2.09042,1.76405
2.13028,1.76405
2.17014,1.76405
2.21001,1.76405
2.24987,1.76405
2.28974,1.76405
2.3296,1.76405
2.36947,1.76405
2.40934,1.76405
2.44921,1.76405
2.48909,1.76405
2.52896,1.76405
2.56884,1.76405
2.60872,1.76405
2.64859,1.76405
2.68848,1.76405
2.72836,1.76405
2.76824,1.76405
2.80813,1.76405
2.84801,1.76405
2.8879,1.76405
2.92779,1.76405
2.96768,1.76405
3.00757,1.76405
3.04747,1.76405
3.08736,1.76405
3.12726,1.76405
3.16716,1.76405
3.20706,1.76405
3.24696,1.76405
3.28686,1.76405
3.32677,1.76405
3.36667,1.76405
3.40658,1.76405
3.44649,1.75184
3.4864,1.73962
3.52631,1.72741
3.56622,1.71519
3.60614,1.70298
3.64605,1.69076
3.68597,1.67855
3.72589,1.66633
3.76581,1.65411
3.80573,1.6419
3.84565,1.62968
3.88557,1.61746
3.9255,1.60524
3.96543,1.59302
4.00536,1.5808
4.04528,1.56858
4.08522,1.55636
4.12515,1.54414
4.16508,1.53192
4.20502,1.5197
4.24495,1.50748
4.28489,1.49525
4.32483,1.48303
4.36477,1.47081
4.40471,1.45858
4.44466,1.44636
4.4846,1.43414
4.52455,1.42191
4.56449,1.40968
4.60444,1.39746
4.64439,1.38523
4.68435,1.37301
4.7243,1.36078
4.76425,1.34855
4.80421,1.33632
4.84416,1.3241
4.88412,1.31187
4.92408,1.29964
4.96404,1.28741
5.004,1.27518
5.04397,1.26295
5.08393,1.25072
5.1239,1.23849
5.16387,1.22625
5.20383,1.21402
5.2438,1.20179
5.28378,1.18956
5.32375,1.17732
5.36372,1.16509
5.4037,1.15286
5.44367,1.14062
5.48365,1.12839
5.52363,1.11615
5.56361,1.10392
5.60359,1.09168
5.64357,1.07945
5.68356,1.06721
5.72354,1.05497
5.76353,1.04123
5.80352,1.02749
5.84351,1.01375
5.8835,1.00001
5.92349,0.986268
5.96348,0.972527
6.00348,0.958784
6.04347,0.945041
6.08347,0.931298
6.12347,0.917554
6.16347,0.90381
6.20347,0.890066
6.24347,0.876321
6.28347,0.862575
6.32348,0.84883
6.36348,0.835083
6.40349,0.821337
6.44349,0.80759
6.4835,0.806087
6.52351,0.804583
6.56352,0.80308
6.60354,0.801577
6.64355,0.800073
6.68357,0.79857
6.72358,0.797066
6.7636,0.795563
6.80362,0.794059
6.84364,0.792556
6.88366,0.791052
6.92368,0.789548
6.9637,0.788044
7.00373,0.786541
7.04375,0.785037
7.08378,0.783533
7.12381,0.782029
7.16384,0.780525
7.20387,0.779021
7.2439,0.777517
7.28393,0.776013
7.32397,0.774509
7.364,0.774509
7.40404,0.774509
7.44407,0.774509
7.48411,0.774509
7.52415,0.774509
7.56419,0.774509
7.60423,0.774509
7.64428,0.774509
7.68432,0.774509
7.72437,0.774509
7.76441,0.774509
7.80446,0.774509
7.84451,0.774509
7.88456,0.774509
7.92461,0.774509
7.96466,0.774509
8.00471,0.774509
8.04477,0.774509
8.08482,0.774509
8.12488,0.774509
8.16494,0.774509
8.205,0.774509
8.24506,0.774509
8.28512,0.774509
8.32518,0.774509
8.36524,0.774509
8.4053,0.774509
8.44537,0.774509
8.48544,0.774509
8.5255,0.774509
8.56557,0.774509
8.60564,0.774509
8.64571,0.774509
8.68578,0.774509
8.72585,0.774509
8.76593,0.774509
8.806,0.774509
8.84608,0.774509
8.88615,0.774509
8.92623,0.774509
8.96631,0.774509
9.00639,0.774509
9.04647,0.774509
9.08655,0.774509
9.12663,0.774509
9.16672,0.774509
9.2068,0.774509
9.24689,0.774509
9.28697,0.774509
9.32706,0.774509
9.36715,0.774509
9.40724,0.774509
9.44733,0.774509
9.48742,0.774509
9.52752,0.774509
9.56761,0.774509
9.6077,0.774509
9.6478,0.774509
9.6879,0.774509
9.72799,0.774509
9.76809,0.774509
9.80819,0.774509
9.84829,0.774509
9.8884,0.774509
9.9285,0.774509
9.9686,0.774509
10.0087,0.774509
10.0488,0.774509
10.0889,0.774509
10.129,0.774509
10.1691,0.774509
10.2092,0.774509
10.2494,0.774509
10.2895,0.774509
10.3296,0.774509
10.3697,0.774509
10.4098,0.774509
10.4499,0.774509
10.49,0.774509
10.5302,0.774509
10.5703,0.774509
10.6104,0.774509
10.6505,0.774509
10.6906,0.774509
10.7307,0.774509
10.7709,0.774509
10.811,0.774509
10.8511,0.774509
10.8912,0.774509
10.9314,0.774509
10.9715,0.774509
11.0116,0.774509
11.0517,0.774509
11.0919,0.774509
11.132,0.774509
11.1721,0.774509
11.2123,0.774509
11.2524,0.774509
11.2925,0.774509
11.3327,0.774509
11.3728,0.774509
11.4129,0.774509
11.4531,0.774509
11.4932,0.774509
11.5334,0.774509
11.5735,0.774509
11.6136,0.774509
11.6538,0.774509
11.6939,0.774509
11.7341,0.774509
11.7742,0.778337
11.8144,0.782165
11.8545,0.785993
11.8946,0.789822
11.9348,0.79365
11.9749,0.797479
12.0151,0.801307
12.0552,0.805136
12.0954,0.808965
12.1355,0.812793
12.1757,0.816622
12.2158,0.820451
12.256,0.82428
12.2962,0.828109
12.3363,0.831939
12.3765,0.835768
12.4166,0.839597
12.4568,0.843427
12.4969,0.847256
12.5371,0.851086
12.5773,0.854915
12.6174,0.858745
12.6576,0.862575
12.6977,0.866405
12.7379,0.870235
12.7781,0.874065
12.8182,0.877895
12.8584,0.881725
12.8986,0.885555
12.9387,0.889386
12.9789,0.893216
13.0191,0.897046
13.0592,0.900877
13.0994,0.904707
13.1396,0.908538
13.1797,0.912369
13.2199,0.9162
13.2601,0.92003
13.3003,0.923861
13.3404,0.927692
13.3806,0.931523
13.4208,0.935355
13.461,0.939186
13.5011,0.943017
13.5413,0.946848
13.5815,0.95068
13.6217,0.954511
13.6619,0.958343
13.702,0.962174
13.7422,0.966006
13.7824,0.969838
13.8226,0.97367
13.8628,0.977502
13.9029,0.981333
13.9431,0.985165
13.9833,0.988997
14.0235,0.99283
14.0637,0.996662
14.1039,1.00049
14.1441,1.00433
14.1842,1.00816
14.2244,1.01199
14.2646,1.01582
14.3048,1.01966
14.345,1.02349
14.3852,1.02732
14.4254,1.03115
14.4656,1.03499
14.5058,1.03882
14.546,1.04265
14.5862,1.04649
14.6264,1.05032
14.6666,1.05415
14.7068,1.05799
14.747,1.06182
14.7872,1.06565
14.8273,1.06949
14.8675,1.07332
14.9077,1.07715
14.9479,1.08099
14.9881,1.08482
15.0284,1.08865
15.0686,1.09249
15.1088,1.09632
15.149,1.10015
15.1892,1.10399
15.2294,1.10782
15.2696,1.11166
15.3098,1.11549
15.35,1.11932
15.3902,1.12316
15.4304,1.12699
15.4706,1.13083
15.5108,1.13466
15.551,1.13849
15.5912,1.14233
15.6314,1.14616
15.6717,1.15
15.7119,1.15383
15.7521,1.15767
15.7923,1.1615
15.8325,1.16534
15.8727,1.16917
15.9129,1.17301
15.9531,1.17684
15.9934,1.18068
16.0336,1.18451
16.0738,1.18835
16.114,1.19218
16.1542,1.19602
16.1944,1.19985
16.2347,1.20369
16.2749,1.20752
16.3151,1.21136
16.3553,1.21519
16.3955,1.21903
16.4358,1.22286
16.476,1.2267
16.5162,1.23053
16.5564,1.23437
16.5966,1.23821
16.6369,1.24204
16.6771,1.24588
16.7173,1.24971
16.7575,1.25355
16.7978,1.25738
16.838,1.26122
16.8782,1.26506
16.9184,1.26889
16.9587,1.27273
16.9989,1.27656
17.0391,1.2804
17.0793,1.28424
17.1196,1.28807
17.1598,1.29191
17.2,1.29575
17.2403,1.29958
17.2805,1.30342
17.3207,1.30725
17.361,1.31109
17.4012,1.31493
17.4414,1.31876
17.4816,1.3226
17.5219,1.32644
17.5621,1.33027
17.6023,1.33411
17.6426,1.33795
17.6828,1.34178
17.723,1.34562
17.7633,1.34946
17.8035,1.35329
17.8438,1.35713
17.884,1.36097
17.9242,1.3648
17.9645,1.36864
18.0047,1.37248
18.0449,1.37632
18.0852,1.38015
18.1254,1.38399
18.1657,1.38783
18.2059,1.39166
18.2461,1.3955
18.2864,1.39934
18.3266,1.40318
18.3669,1.40701
18.4071,1.41085
18.4473,1.41469
18.4876,1.41853
18.5278,1.42236
18.5681,1.4262
18.6083,1.43004
18.6485,1.43388
18.6888,1.43771
18.729,1.44155
18.7693,1.44539
18.8095,1.44923
18.8498,1.45306
18.89,1.4569
18.9303,1.46074
18.9705,1.46458
19.0107,1.46842
19.051,1.47225
19.0912,1.47609
19.1315,1.47993
19.1717,1.48377
19.212,1.48761
19.2522,1.49144
19.2925,1.49528
19.3327,1.49912
19.373,1.50296
19.4132,1.5068
19.4535,1.51063
19.4937,1.51447
19.534,1.51831
19.5742,1.52215
19.6145,1.52599
19.6547,1.52983
19.695,1.53366
19.7352,1.5375
19.7755,1.54134
19.8157,1.54518
19.856,1.54902
19.8962,1.55286
19.9365,1.55669
19.9767,1.56053
20.017,1.56437
20.0572,1.56821
20.0975,1.57205
20.1377,1.57589
20.178,1.57973
20.2182,1.58356
20.2585,1.5874
20.2987,1.59124
20.339,1.59508
20.3793,1.59892
20.4195,1.60276
20.4598,1.6066
20.5,1.61043
20.5403,1.61427
20.5805,1.61811
20.6208,1.62195
20.661,1.62579
20.7013,1.62963
20.7416,1.63347
20.7818,1.63731
20.8221,1.64115
20.8623,1.64498
20.9026,1.64882
20.9428,1.65266
20.9831,1.6565
21.0234,1.66034
21.0636,1.66418
21.1039,1.66802
21.1441,1.67186
21.1844,1.6757
21.2246,1.67953
21.2649,1.68337
21.3052,1.68721
21.3454,1.69105
21.3857,1.69489
21.4259,1.69873
21.4662,1.70257
21.5064,1.70641
21.5467,1.71025
21.587,1.71409
21.6272,1.71793
21.6675,1.72176
21.7077,1.7256
21.748,1.72944
21.7883,1.73328
21.8285,1.73712
21.8688,1.74096
21.909,1.7448
21.9493,1.74864
21.9896,1.75248
22.0298,1.75632
22.0701,1.76016
22.1103,1.764
22.1506,1.76784
22.1909,1.77167
22.2311,1.77551
22.2714,1.77935
22.3116,1.78319
22.3519,1.78703
22.3922,1.79087
22.4324,1.79471
22.4727,1.79855
22.5129,1.80239
22.5532,1.80623
22.5935,1.81007
22.6337,1.81391
22.674,1.81775
22.7143,1.82159
22.7545,1.82542
22.7948,1.82926
22.835,1.8331
22.8753,1.83694
22.9156,1.84078
22.9558,1.84462
22.9961,1.84846
23.0363,1.8523
23.0766,1.85614
23.1169,1.85998
23.1579,1.86382
23.2004,1.8678
23.2445,1.87193
23.2902,1.87621
23.3376,1.88065
23.3866,1.88524
23.4375,1.89001
23.4901,1.89494
23.5446,1.90005
23.601,1.90533
23.6594,1.9108
23.7197,1.91646
23.7821,1.92231
23.8466,1.92836
23.9133,1.93462
23.9821,1.94107
24.0532,1.94774
24.1265,1.95463
24.2022,1.96174
24.2803,1.96907
24.3608,1.97662
24.4437,1.98441
24.5291,1.99244
24.617,2.0007
24.7075,2.00921
24.8006,2.01796
24.8963,2.02696
24.9946,2.03621
25.0955,2.04571
25.1992,2.05547
25.3055,2.06548
25.4145,2.07574
25.5262,2.08626
25.6406,2.09704
25.7576,2.10808
25.8774,2.11937
25.9997,2.13091
26.1248,2.14271
26.2524,2.15476
26.3826,2.16705
26.5153,2.17959
26.6505,2.19237
26.7881,2.20538
26.9281,2.21861
27.0704,2.23208
27.215,2.24576
27.3617,2.25965
27.5105,2.27374
27.6612,2.28802
27.8139,2.30249
27.9683,2.31713
28.1244,2.33194
28.2821,2.3469
28.4412,2.36201
28.6016,2.37725
28.7633,2.39261
28.926,2.40808
29.0896,2.42364
29.254,2.43929
29.4191,2.455
29.5847,2.47078
29.7507,2.48659
29.9169,2.50243
0.0198879,1.79427
0.0596644,1.79427
0.0994427,1.79427
0.139223,1.79427
0.179004,1.79427
0.218787,1.79427
0.258572,1.79427
0.298359,1.79427
0.338147,1.79427
0.377937,1.79427
0.417728,1.79427
0.457521,1.79427
0.497316,1.79427
0.537113,1.79427
0.576911,1.79427
0.61671,1.79427
0.656512,1.79427
0.696315,1.79427
0.736119,1.79427
0.775925,1.79427
0.815733,1.79427
0.855543,1.79427
0.895354,1.79427
0.935166,1.79427
0.974981,1.79427
1.0148,1.79427
1.05461,1.79427
1.09443,1.79427
1.13425,1.79427
1.17408,1.79427
1.2139,1.79427
1.25373,1.79427
1.29355,1.79427
1.33338,1.79427
1.37321,1.79427
1.41304,1.79427
1.45288,1.79427
1.49271,1.79427
1.53255,1.79427
1.57239,1.79427
1.61223,1.79427
1.65207,1.79427
1.69191,1.79427
1.73175,1.79427
1.7716,1.79427
1.81145,1.79427
1.8513,1.79427
1.89115,1.79427
1.931,1.79427
1.97085,1.79427
2.01071,1.79427
2.05056,1.79427
2.09042,1.79427
2.13028,1.79427
2.17014,1.79427
2.21001,1.79427
2.24987,1.79427
2.28974,1.79427
2.3296,1.79427
2.36947,1.79427
2.40934,1.79427
2.44921,1.79427
2.48909,1.79427
2.52896,1.79427
2.56884,1.79427
2.60872,1.79427
2.64859,1.79427
2.68848,1.79427
2.72836,1.79427
2.76824,1.79427
2.80813,1.79427
2.84801,1.79427
2.8879,1.79427
2.92779,1.79427
2.96768,1.79427
3.00757,1.79427
3.04747,1.79427
3.08736,1.79427
3.12726,1.79427
3.16716,1.79427
3.20706,1.79427
3.24696,1.79427
3.28686,1.79427
3.32677,1.79427
3.36667,1.79427
3.40658,1.79427
3.44649,1.78181
3.4864,1.76935
3.52631,1.75689
3.56622,1.74442
3.60614,1.73196
3.64605,1.7195
3.68597,1.70704
3.72589,1.69457
3.76581,1.68211
3.80573,1.66965
3.84565,1.65718
3.88557,1.64472
3.9255,1.63225
3.96543,1.61979
4.00536,1.60732
4.04528,1.59485
4.08522,1.58239
4.12515,1.56992
4.16508,1.55745
4.20502,1.54498
4.24495,1.53252
4.28489,1.52005
4.32483,1.50758
4.36477,1.49511
4.40471,1.48264
4.44466,1.47017
4.4846,1.45769
4.52455,1.44522
4.56449,1.43275
4.60444,1.42028
4.64439,1.4078
4.68435,1.39533
4.7243,1.38286
4.76425,1.37038
4.80421,1.35791
4.84416,1.34543
4.88412,1.33296
4.92408,1.32048
4.96404,1.30801
5.004,1.29553
5.04397,1.28305
5.08393,1.27057
5.1239,1.2581
5.16387,1.24562
5.20383,1.23314
5.2438,1.22066
5.28378,1.20818
5.32375,1.1957
5.36372,1.18322
5.4037,1.17074
5.44367,1.15826
5.48365,1.14578
5.52363,1.1333
5.56361,1.12081
5.60359,1.10833
5.64357,1.09585
5.68356,1.08336
5.72354,1.07088
5.76353,1.057
5.80352,1.04311
5.84351,1.02923
5.8835,1.01535
5.92349,1.00146
5.96348,0.987577
6.00348,0.973692
6.04347,0.959806
6.08347,0.94592
6.12347,0.932034
6.16347,0.918147
6.20347,0.904259
6.24347,0.890371
6.28347,0.876483
6.32348,0.862594
6.36348,0.848705
6.40349,0.834816
6.44349,0.820926
6.4835,0.819527
6.52351,0.818128
6.56352,0.816729
6.60354,0.81533
6.64355,0.81393
6.68357,0.812531
6.72358,0.811132
6.7636,0.809733
6.80362,0.808333
6.84364,0.806934
6.88366,0.805534
6.92368,0.804135
6.9637,0.802735
7.00373,0.801336
7.04375,0.799936
7.08378,0.798537
7.12381,0.797137
7.16384,0.795737
7.20387,0.794337
7.2439,0.792937
7.28393,0.791538
7.32397,0.790138
7.364,0.790138
7.40404,0.790138
7.44407,0.790138
7.48411,0.790138
7.52415,0.790138
7.56419,0.790138
7.60423,0.790138
7.64428,0.790138
7.68432,0.790138
7.72437,0.790138
7.76441,0.790138
7.80446,0.790138
7.84451,0.790138
7.88456,0.790138
7.92461,0.790138
7.96466,0.790138
8.00471,0.790138
8.04477,0.790138
8.08482,0.790138
8.12488,0.790138
8.16494,0.790138
8.205,0.790138
8.24506,0.790138
8.28512,0.790138
8.32518,0.790138
8.36524,0.790138
8.4053,0.790138
8.44537,0.790138
8.48544,0.790138
8.5255,0.790138
8.56557,0.790138
8.60564,0.790138
8.64571,0.790138
8.68578,0.790138
8.72585,0.790138
8.76593,0.790138
8.806,0.790138
8.84608,0.790138
8.88615,0.790138
8.92623,0.790138
8.96631,0.790138
9.00639,0.790138
9.04647,0.790138
9.08655,0.790138
9.12663,0.790138
9.16672,0.790138
9.2068,0.790138
9.24689,0.790138
9.28697,0.790138
9.32706,0.790138
9.36715,0.790138
9.40724,0.790138
9.44733,0.790138
9.48742,0.790138
9.52752,0.790138
9.56761,0.790138
9.6077,0.790138
9.6478,0.790138
9.6879,0.790138
9.72799,0.790138
9.76809,0.790138
9.80819,0.790138
9.84829,0.790138
9.8884,0.790138
9.9285,0.790138
9.9686,0.790138
10.0087,0.790138
10.0488,0.790138
10.0889,0.790138
10.129,0.790138
10.1691,0.790138
10.2092,0.790138
10.2494,0.790138
10.2895,0.790138
10.3296,0.790138
10.3697,0.790138
10.4098,0.790138
10.4499,0.790138
10.49,0.790138
10.5302,0.790138
10.5703,0.790138
10.6104,0.790138
10.6505,0.790138
10.6906,0.790138
10.7307,0.790138
10.7709,0.790138
10.811,0.790138
10.8511,0.790138
10.8912,0.790138
10.9314,0.790138
10.9715,0.790138
11.0116,0.790138
11.0517,0.790138
11.0919,0.790138
11.132,0.790138
11.1721,0.790138
11.2123,0.790138
11.2524,0.790138
11.2925,0.790138
11.3327,0.790138
11.3728,0.790138
11.4129,0.790138
11.4531,0.790138
11.4932,0.790138
11.5334,0.790138
11.5735,0.790138
11.6136,0.790138
11.6538,0.790138
11.6939,0.790138
11.7341,0.790138
11.7742,0.794043
11.8144,0.797949
11.8545,0.801854
11.8946,0.80576
11.9348,0.809665
11.9749,0.813571
12.0151,0.817477
12.0552,0.821383
12.0954,0.825289
12.1355,0.829195
12.1757,0.833101
12.2158,0.837007
12.256,0.840914
12.2962,0.84482
12.3363,0.848727
12.3765,0.852633
12.4166,0.85654
12.4568,0.860446
12.4969,0.864353
12.5371,0.86826
12.5773,0.872167
12.6174,0.876074
12.6576,0.879981
12.6977,0.883888
12.7379,0.887796
12.7781,0.891703
12.8182,0.89561
12.8584,0.899518
12.8986,0.903425
12.9387,0.907333
12.9789,0.91124
13.0191,0.915148
13.0592,0.919056
13.0994,0.922964
13.1396,0.926872
13.1797,0.93078
13.2199,0.934688
13.2601,0.938596
13.3003,0.942504
13.3404,0.946413
13.3806,0.950321
13.4208,0.954229
13.461,0.958138
13.5011,0.962047
13.5413,0.965955
13.5815,0.969864
13.6217,0.973773
13.6619,0.977682
13.702,0.981591
13.7422,0.9855
13.7824,0.989409
13.8226,0.993318
13.8628,0.997227
13.9029,1.00114
13.9431,1.00505
13.9833,1.00895
14.0235,1.01286
14.0637,1.01677
14.1039,1.02068
14.1441,1.02459
14.1842,1.0285
14.2244,1.03241
14.2646,1.03632
14.3048,1.04023
14.345,1.04414
14.3852,1.04805
14.4254,1.05196
14.4656,1.05587
14.5058,1.05978
14.546,1.06369
14.5862,1.0676
14.6264,1.07151
14.6666,1.07542
14.7068,1.07933
14.747,1.08325
14.7872,1.08716
14.8273,1.09107
14.8675,1.09498
14.9077,1.09889
14.9479,1.1028
14.9881,1.10671
15.0284,1.11062
15.0686,1.11453
15.1088,1.11844
15.149,1.12235
15.1892,1.12627
15.2294,1.13018
15.2696,1.13409
15.3098,1.138
15.35,1.14191
15.3902,1.14582
15.4304,1.14973
15.4706,1.15365
15.5108,1.15756
15.551,1.16147
15.5912,1.16538
15.6314,1.16929
15.6717,1.1732
15.7119,1.17712
15.7521,1.18103
15.7923,1.18494
15.8325,1.18885
15.8727,1.19276
15.9129,1.19668
15.9531,1.20059
15.9934,1.2045
16.0336,1.20841
16.0738,1.21233
16.114,1.21624
16.1542,1.22015
16.1944,1.22406
16.2347,1.22798
16.2749,1.23189
16.3151,1.2358
16.3553,1.23971
16.3955,1.24363
16.4358,1.24754
16.476,1.25145
16.5162,1.25537
16.5564,1.25928
16.5966,1.26319
16.6369,1.2671
16.6771,1.27102
16.7173,1.27493
16.7575,1.27884
16.7978,1.28276
16.838,1.28667
16.8782,1.29058
16.9184,1.2945
16.9587,1.29841
16.9989,1.30232
17.0391,1.30624
17.0793,1.31015
17.1196,1.31406
17.1598,1.31798
17.2,1.32189
17.2403,1.32581
17.2805,1.32972
17.3207,1.33363
17.361,1.33755
17.4012,1.34146
17.4414,1.34538
17.4816,1.34929
17.5219,1.3532
17.5621,1.35712
17.6023,1.36103
17.6426,1.36495
17.6828,1.36886
17.723,1.37277
17.7633,1.37669
17.8035,1.3806
17.8438,1.38452
17.884,1.38843
17.9242,1.39235
17.9645,1.39626
18.0047,1.40017
18.0449,1.40409
18.0852,1.408
18.1254,1.41192
18.1657,1.41583
18.2059,1.41975
18.2461,1.42366
18.2864,1.42758
18.3266,1.43149
18.3669,1.43541
18.4071,1.43932
18.4473,1.44324
18.4876,1.44715
18.5278,1.45107
18.5681,1.45498
18.6083,1.4589
18.6485,1.46281
18.6888,1.46673
18.729,1.47064
18.7693,1.47456
18.8095,1.47847
18.8498,1.48239
18.89,1.4863
18.9303,1.49022
18.9705,1.49413
19.0107,1.49805
19.051,1.50196
19.0912,1.50588
19.1315,1.50979
19.1717,1.51371
19.212,1.51762
19.2522,1.52154
19.2925,1.52546
19.3327,1.52937
19.373,1.53329
19.4132,1.5372
19.4535,1.54112
19.4937,1.54503
19.534,1.54895
19.5742,1.55286
19.6145,1.55678
19.6547,1.5607
19.695,1.56461
19.7352,1.56853
19.7755,1.57244
19.8157,1.57636
19.856,1.58028
19.8962,1.58419
19.9365,1.58811
19.9767,1.59202
20.017,1.59594
20.0572,1.59986
20.0975,1.60377
20.1377,1.60769
20.178,1.6116
20.2182,1.61552
20.2585,1.61944
20.2987,1.62335
20.339,1.62727
20.3793,1.63118
20.4195,1.6351
20.4598,1.63902
20.5,1.64293
20.5403,1.64685
20.5805,1.65076
20.6208,1.65468
20.661,1.6586
20.7013,1.66251
20.7416,1.66643
20.7818,1.67035
20.8221,1.67426
20.8623,1.67818
20.9026,1.6821
20.9428,1.68601
20.9831,1.68993
21.0234,1.69384
21.0636,1.69776
21.1039,1.70168
21.1441,1.70559
21.1844,1.70951
21.2246,1.71343
21.2649,1.71734
21.3052,1.72126
21.3454,1.72518
21.3857,1.72909
21.4259,1.73301
21.4662,1.73693
21.5064,1.74084
21.5467,1.74476
21.587,1.74868
21.6272,1.75259
21.6675,1.75651
21.7077,1.76043
21.748,1.76434
21.7883,1.76826
21.8285,1.77218
21.8688,1.77609
21.909,1.78001
21.9493,1.78393
21.9896,1.78784
22.0298,1.79176
22.0701,1.79568
22.1103,1.79959
22.1506,1.80351
22.1909,1.80743
22.2311,1.81134
22.2714,1.81526
22.3116,1.81918
22.3519,1.82309
22.3922,1.82701
22.4324,1.83093
22.4727,1.83484
22.5129,1.83876
22.5532,1.84268
22.5935,1.84659
22.6337,1.85051
22.674,1.85443
22.7143,1.85834
22.7545,1.86226
22.7948,1.86618
22.835,1.87009
22.8753,1.87401
22.9156,1.87793
22.9558,1.88184
22.9961,1.88576
23.0363,1.88968
23.0766,1.8936
23.1169,1.89751
23.1579,1.90143
23.2004,1.90549
23.2445,1.9097
23.2902,1.91407
23.3376,1.9186
23.3866,1.92329
23.4375,1.92815
23.4901,1.93318
23.5446,1.93839
23.601,1.94378
23.6594,1.94936
23.7197,1.95513
23.7821,1.9611
23.8466,1.96728
23.9133,1.97365
23.9821,1.98024
24.0532,1.98705
24.1265,1.99407
24.2022,2.00132
24.2803,2.0088
24.3608,2.01651
24.4437,2.02446
24.5291,2.03265
24.617,2.04108
24.7075,2.04975
24.8006,2.05868
24.8963,2.06786
24.9946,2.0773
25.0955,2.08699
25.1992,2.09694
25.3055,2.10716
25.4145,2.11763
25.5262,2.12836
25.6406,2.13936
25.7576,2.15062
25.8774,2.16214
25.9997,2.17392
26.1248,2.18595
26.2524,2.19824
26.3826,2.21078
26.5153,2.22357
26.6505,2.23661
26.7881,2.24988
26.9281,2.26338
27.0704,2.27712
27.215,2.29107
27.3617,2.30524
27.5105,2.31962
27.6612,2.33419
27.8139,2.34895
27.9683,2.36389
28.1244,2.379
28.2821,2.39426
28.4412,2.40968
28.6016,2.42522
28.7633,2.44089
28.926,2.45667
29.0896,2.47255
29.254,2.48851
29.4191,2.50455
29.5847,2.52063
29.7507,2.53677
29.9169,2.55293
0.0198879,1.82446
0.0596644,1.82446
0.0994427,1.82446
0.139223,1.82446
0.179004,1.82446
0.218787,1.82446
0.258572,1.82446
0.298359,1.82446
0.338147,1.82446
0.377937,1.82446
0.417728,1.82446
0.457521,1.82446
0.497316,1.82446
0.537113,1.82446
0.576911,1.82446
0.61671,1.82446
0.656512,1.82446
0.696315,1.82446
0.736119,1.82446
0.775925,1.82446
0.815733,1.82446
0.855543,1.82446
0.895354,1.82446
0.935166,1.82446
0.974981,1.82446
1.0148,1.82446
1.05461,1.82446
1.09443,1.82446
1.13425,1.82446
1.17408,1.82446
1.2139,1.82446
1.25373,1.82446
1.29355,1.82446
1.33338,1.82446
1.37321,1.82446
1.41304,1.82446
1.45288,1.82446
1.49271,1.82446
1.53255,1.82446
1.57239,1.82446
1.61223,1.82446
1.65207,1.82446
1.69191,1.82446
1.73175,1.82446
1.7716,1.82446
1.81145,1.82446
1.8513,1.82446
1.89115,1.82446
1.931,1.82446
1.97085,1.82446
2.01071,1.82446
2.05056,1.82446
2.09042,1.82446
2.13028,1.82446
2.17014,1.82446
2.21001,1.82446
2.24987,1.82446
2.28974,1.82446
2.3296,1.82446
2.36947,1.82446
2.40934,1.82446
2.44921,1.82446
2.48909,1.82446
2.52896,1.82446
2.56884,1.82446
2.60872,1.82446
2.64859,1.82446
2.68848,1.82446
2.72836,1.82446
2.76824,1.82446
2.80813,1.82446
2.84801,1.82446
2.8879,1.82446
2.92779,1.82446
2.96768,1.82446
3.00757,1.82446
3.04747,1.82446
3.08736,1.82446
3.12726,1.82446
3.16716,1.82446
3.20706,1.82446
3.24696,1.82446
3.28686,1.82446
3.32677,1.82446
3.36667,1.82446
3.40658,1.82446
3.44649,1.81176
3.4864,1.79905
3.52631,1.78634
3.56622,1.77364
3.60614,1.76093
3.64605,1.74822
3.68597,1.73551
3.72589,1.7228
3.76581,1.71009
3.80573,1.69738
3.84565,1.68467
3.88557,1.67196
3.9255,1.65925
3.96543,1.64654
4.00536,1.63382
4.04528,1.62111
4.08522,1.6084
4.12515,1.59568
4.16508,1.58297
4.20502,1.57025
4.24495,1.55754
4.28489,1.54482
4.32483,1.53211
4.36477,1.51939
4.40471,1.50667
4.44466,1.49396
4.4846,1.48124
4.52455,1.46852
4.56449,1.4558
4.60444,1.44308
4.64439,1.43036
4.68435,1.41764
4.7243,1.40492
4.76425,1.3922
4.80421,1.37948
4.84416,1.36676
4.88412,1.35404
4.92408,1.34131
4.96404,1.32859
5.004,1.31587
5.04397,1.30314
5.08393,1.29042
5.1239,1.2777
5.16387,1.26497
5.20383,1.25225
5.2438,1.23952
5.28378,1.22679
5.32375,1.21407
5.36372,1.20134
5.4037,1.18861
5.44367,1.17588
5.48365,1.16316
5.52363,1.15043
5.56361,1.1377
5.60359,1.12497
5.64357,1.11224
5.68356,1.09951
5.72354,1.08678
5.76353,1.07275
5.80352,1.05873
5.84351,1.0447
5.8835,1.03067
5.92349,1.01665
5.96348,1.00262
6.00348,0.988591
6.04347,0.974562
6.08347,0.960533
6.12347,0.946504
6.16347,0.932474
6.20347,0.918444
6.24347,0.904413
6.28347,0.890382
6.32348,0.876351
6.36348,0.862319
6.40349,0.848287
6.44349,0.834254
6.4835,0.832959
6.52351,0.831664
6.56352,0.830369
6.60354,0.829074
6.64355,0.827779
6.68357,0.826484
6.72358,0.825189
6.7636,0.823894
6.80362,0.822599
6.84364,0.821303
6.88366,0.820008
6.92368,0.818713
6.9637,0.817417
7.00373,0.816122
7.04375,0.814826
7.08378,0.813531
7.12381,0.812236
7.16384,0.81094
7.20387,0.809644
7.2439,0.808349
7.28393,0.807053
7.32397,0.805757
7.364,0.805757
7.40404,0.805757
7.44407,0.805757
7.48411,0.805757
7.52415,0.805757
7.56419,0.805757
7.60423,0.805757
7.64428,0.805757
7.68432,0.805757
7.72437,0.805757
7.76441,0.805757
7.80446,0.805757
7.84451,0.805757
7.88456,0.805757
7.92461,0.805757
7.96466,0.805757
8.00471,0.805757
8.04477,0.805757
8.08482,0.805757
8.12488,0.805757
8.16494,0.805757
8.205,0.805757
8.24506,0.805757
8.28512,0.805757
8.32518,0.805757
8.36524,0.805757
8.4053,0.805757
8.44537,0.805757
8.48544,0.805757
8.5255,0.805757
8.56557,0.805757
8.60564,0.805757
8.64571,0.805757
8.68578,0.805757
8.72585,0.805757
8.76593,0.805757
8.806,0.805757
8.84608,0.805757
8.88615,0.805757
8.92623,0.805757
8.96631,0.805757
9.00639,0.805757
9.04647,0.805757
9.08655,0.805757
9.12663,0.805757
9.16672,0.805757
9.2068,0.805757
9.24689,0.805757
9.28697,0.805757
9.32706,0.805757
9.36715,0.805757
9.40724,0.805757
9.44733,0.805757
9.48742,0.805757
9.52752,0.805757
9.56761,0.805757
9.6077,0.805757
9.6478,0.805757
9.6879,0.805757
9.72799,0.805757
9.76809,0.805757
9.80819,0.805757
9.84829,0.805757
9.8884,0.805757
9.9285,0.805757
9.9686,0.805757
10.0087,0.805757
10.0488,0.805757
10.0889,0.805757
10.129,0.805757
10.1691,0.805757
10.2092,0.805757
10.2494,0.805757
10.2895,0.805757
10.3296,0.805757
10.3697,0.805757
10.4098,0.805757
10.4499,0.805757
10.49,0.805757
10.5302,0.805757
10.5703,0.805757
10.6104,0.805757
10.6505,0.805757
10.6906,0.805757
10.7307,0.805757
10.7709,0.805757
10.811,0.805757
10.8511,0.805757
10.8912,0.805757
10.9314,0.805757
10.9715,0.805757
11.0116,0.805757
11.0517,0.805757
11.0919,0.805757
11.132,0.805757
11.1721,0.805757
11.2123,0.805757
11.2524,0.805757
11.2925,0.805757
11.3327,0.805757
11.3728,0.805757
11.4129,0.805757
11.4531,0.805757
11.4932,0.805757
11.5334,0.805757
11.5735,0.805757
11.6136,0.805757
11.6538,0.805757
11.6939,0.805757
11.7341,0.805757
11.7742,0.80974
11.8144,0.813723
11.8545,0.817705
11.8946,0.821688
11.9348,0.825671
11.9749,0.829654
12.0151,0.833637
12.0552,0.83762
12.0954,0.841603
12.1355,0.845587
12.1757,0.84957
12.2158,0.853554
12.256,0.857537
12.2962,0.861521
12.3363,0.865504
12.3765,0.869488
12.4166,0.873472
12.4568,0.877456
12.4969,0.88144
12.5371,0.885424
12.5773,0.889408
12.6174,0.893392
12.6576,0.897377
12.6977,0.901361
12.7379,0.905346
12.7781,0.90933
12.8182,0.913315
12.8584,0.9173
12.8986,0.921284
12.9387,0.925269
12.9789,0.929254
13.0191,0.933239
13.0592,0.937224
13.0994,0.941209
13.1396,0.945194
13.1797,0.94918
13.2199,0.953165
13.2601,0.95715
13.3003,0.961136
13.3404,0.965122
13.3806,0.969107
13.4208,0.973093
13.461,0.977079
13.5011,0.981065
13.5413,0.98505
13.5815,0.989036
13.6217,0.993023
13.6619,0.997009
13.702,1.00099
13.7422,1.00498
13.7824,1.00897
13.8226,1.01295
13.8628,1.01694
13.9029,1.02093
13.9431,1.02491
13.9833,1.0289
14.0235,1.03289
14.0637,1.03687
14.1039,1.04086
14.1441,1.04485
14.1842,1.04883
14.2244,1.05282
14.2646,1.05681
14.3048,1.0608
14.345,1.06478
14.3852,1.06877
14.4254,1.07276
14.4656,1.07675
14.5058,1.08073
14.546,1.08472
14.5862,1.08871
14.6264,1.0927
14.6666,1.09668
14.7068,1.10067
14.747,1.10466
14.7872,1.10865
14.8273,1.11264
14.8675,1.11662
14.9077,1.12061
14.9479,1.1246
14.9881,1.12859
15.0284,1.13258
15.0686,1.13656
15.1088,1.14055
15.149,1.14454
15.1892,1.14853
15.2294,1.15252
15.2696,1.15651
15.3098,1.1605
15.35,1.16448
15.3902,1.16847
15.4304,1.17246
15.4706,1.17645
15.5108,1.18044
15.551,1.18443
15.5912,1.18842
15.6314,1.19241
15.6717,1.1964
15.7119,1.20039
15.7521,1.20438
15.7923,1.20836
15.8325,1.21235
15.8727,1.21634
15.9129,1.22033
15.9531,1.22432
15.9934,1.22831
16.0336,1.2323
16.0738,1.23629
16.114,1.24028
16.1542,1.24427
16.1944,1.24826
16.2347,1.25225
16.2749,1.25624
16.3151,1.26023
16.3553,1.26422
16.3955,1.26821
16.4358,1.2722
16.476,1.27619
16.5162,1.28018
16.5564,1.28417
16.5966,1.28816
16.6369,1.29215
16.6771,1.29614
16.7173,1.30013
16.7575,1.30412
16.7978,1.30812
16.838,1.31211
16.8782,1.3161
16.9184,1.32009
16.9587,1.32408
16.9989,1.32807
17.0391,1.33206
17.0793,1.33605
17.1196,1.34004
17.1598,1.34403
17.2,1.34802
17.2403,1.35201
17.2805,1.35601
17.3207,1.36
17.361,1.36399
17.4012,1.36798
17.4414,1.37197
17.4816,1.37596
17.5219,1.37995
17.5621,1.38395
17.6023,1.38794
17.6426,1.39193
17.6828,1.39592
17.723,1.39991
17.7633,1.4039
17.8035,1.40789
17.8438,1.41189
17.884,1.41588
17.9242,1.41987
17.9645,1.42386
18.0047,1.42785
18.0449,1.43185
18.0852,1.43584
18.1254,1.43983
18.1657,1.44382
18.2059,1.44781
18.2461,1.45181
18.2864,1.4558
18.3266,1.45979
18.3669,1.46378
18.4071,1.46777
18.4473,1.47177
18.4876,1.47576
18.5278,1.47975
18.5681,1.48374
18.6083,1.48774
18.6485,1.49173
18.6888,1.49572
18.729,1.49971
18.7693,1.50371
18.8095,1.5077
18.8498,1.51169
18.89,1.51568
18.9303,1.51968
18.9705,1.52367
19.0107,1.52766
19.051,1.53165
19.0912,1.53565
19.1315,1.53964
19.1717,1.54363
19.212,1.54763
19.2522,1.55162
19.2925,1.55561
19.3327,1.5596
19.373,1.5636
19.4132,1.56759
19.4535,1.57158
19.4937,1.57558
19.534,1.57957
19.5742,1.58356
19.6145,1.58756
19.6547,1.59155
19.695,1.59554
19.7352,1.59953
19.7755,1.60353
19.8157,1.60752
19.856,1.61151
19.8962,1.61551
19.9365,1.6195
19.9767,1.62349
20.017,1.62749
20.0572,1.63148
20.0975,1.63547
20.1377,1.63947
20.178,1.64346
20.2182,1.64746
20.2585,1.65145
20.2987,1.65544
20.339,1.65944
20.3793,1.66343
20.4195,1.66742
20.4598,1.67142
20.5,1.67541
20.5403,1.6794
20.5805,1.6834
20.6208,1.68739
20.661,1.69138
20.7013,1.69538
20.7416,1.69937
20.7818,1.70337
20.8221,1.70736
20.8623,1.71135
20.9026,1.71535
20.9428,1.71934
20.9831,1.72333
21.0234,1.72733
21.0636,1.73132
21.1039,1.73532
21.1441,1.73931
21.1844,1.7433
21.2246,1.7473
21.2649,1.75129
21.3052,1.75529
21.3454,1.75928
21.3857,1.76327
21.4259,1.76727
21.4662,1.77126
21.5064,1.77526
21.5467,1.77925
21.587,1.78324
21.6272,1.78724
21.6675,1.79123
21.7077,1.79523
21.748,1.79922
21.7883,1.80321
21.8285,1.80721
21.8688,1.8112
21.909,1.8152
21.9493,1.81919
21.9896,1.82318
22.0298,1.82718
22.0701,1.83117
22.1103,1.83517
22.1506,1.83916
22.1909,1.84316
22.2311,1.84715
22.2714,1.85114
22.3116,1.85514
22.3519,1.85913
22.3922,1.86313
22.4324,1.86712
22.4727,1.87111
22.5129,1.87511
22.5532,1.8791
22.5935,1.8831
22.6337,1.88709
22.674,1.89109
22.7143,1.89508
22.7545,1.89907
22.7948,1.90307
22.835,1.90706
22.8753,1.91106
22.9156,1.91505
22.9558,1.91905
22.9961,1.92304
23.0363,1.92703
23.0766,1.93103
23.1169,1.93502
23.1579,1.93902
23.2004,1.94316
23.2445,1.94745
23.2902,1.95191
23.3376,1.95652
23.3866,1.96131
23.4375,1.96626
23.4901,1.97139
23.5446,1.97671
23.601,1.98221
23.6594,1.9879
23.7197,1.99378
23.7821,1.99987
23.8466,2.00617
23.9133,2.01267
23.9821,2.01939
24.0532,2.02633
24.1265,2.03349
24.2022,2.04089
24.2803,2.04851
24.3608,2.05637
24.4437,2.06448
24.5291,2.07283
24.617,2.08143
24.7075,2.09027
24.8006,2.09938
24.8963,2.10874
24.9946,2.11836
25.0955,2.12825
25.1992,2.1384
25.3055,2.14881
25.4145,2.15949
25.5262,2.17044
25.6406,2.18165
25.7576,2.19313
25.8774,2.20488
25.9997,2.21689
26.1248,2.22916
26.2524,2.2417
26.3826,2.25449
26.5153,2.26753
26.6505,2.28082
26.7881,2.29435
26.9281,2.30813
27.0704,2.32213
27.215,2.33636
27.3617,2.35081
27.5105,2.36547
27.6612,2.38033
27.8139,2.39539
27.9683,2.41062
28.1244,2.42603
28.2821,2.44159
28.4412,2.45731
28.6016,2.47317
28.7633,2.48915
28.926,2.50524
29.0896,2.52143
29.254,2.53771
29.4191,2.55406
29.5847,2.57046
29.7507,2.58691
29.9169,2.60339
0.0198879,1.85464
0.0596644,1.85464
0.0994427,1.85464
0.139223,1.85464
0.179004,1.85464
0.218787,1.85464
0.258572,1.85464
0.298359,1.85464
0.338147,1.85464
0.377937,1.85464
0.417728,1.85464
0.457521,1.85464
0.497316,1.85464
0.537113,1.85464
0.576911,1.85464
0.61671,1.85464
0.656512,1.85464
0.696315,1.85464
0.736119,1.85464
0.775925,1.85464
0.815733,1.85464
0.855543,1.85464
0.895354,1.85464
0.935166,1.85464
0.974981,1.85464
1.0148,1.85464
1.05461,1.85464
1.09443,1.85464
1.13425,1.85464
1.17408,1.85464
1.2139,1.85464
1.25373,1.85464
1.29355,1.85464
1.33338,1.85464
1.37321,1.85464
1.41304,1.85464
1.45288,1.85464
1.49271,1.85464
1.53255,1.85464
1.57239,1.85464
1.61223,1.85464
1.65207,1.85464
1.69191,1.85464
1.73175,1.85464
1.7716,1.85464
1.81145,1.85464
1.8513,1.85464
1.89115,1.85464
1.931,1.85464
1.97085,1.85464
2.01071,1.85464
2.05056,1.85464
2.09042,1.85464
2.13028,1.85464
2.17014,1.85464
2.21001,1.85464
2.24987,1.85464
2.28974,1.85464
2.3296,1.85464
2.36947,1.85464
2.40934,1.85464
2.44921,1.85464
2.48909,1.85464
2.52896,1.85464
2.56884,1.85464
2.60872,1.85464
2.64859,1.85464
2.68848,1.85464
2.72836,1.85464
2.76824,1.85464
2.80813,1.85464
2.84801,1.85464
2.8879,1.85464
2.92779,1.85464
2.96768,1.85464
3.00757,1.85464
3.04747,1.85464
3.08736,1.85464
3.12726,1.85464
3.16716,1.85464
3.20706,1.85464
3.24696,1.85464
3.28686,1.85464
3.32677,1.85464
3.36667,1.85464
3.40658,1.85464
3.44649,1.84169
3.4864,1.82874
3.52631,1.81578
3.56622,1.80283
3.60614,1.78988
3.64605,1.77692
3.68597,1.76397
3.72589,1.75101
3.76581,1.73805
3.80573,1.7251
3.84565,1.71214
3.88557,1.69918
3.9255,1.68623
3.96543,1.67327
4.00536,1.66031
4.04528,1.64735
4.08522,1.63439
4.12515,1.62143
4.16508,1.60847
4.20502,1.59551
4.24495,1.58255
4.28489,1.56958
4.32483,1.55662
4.36477,1.54366
4.40471,1.5307
4.44466,1.51773
4.4846,1.50477
4.52455,1.4918
4.56449,1.47884
4.60444,1.46587
4.64439,1.45291
4.68435,1.43994
4.7243,1.42697
4.76425,1.41401
4.80421,1.40104
4.84416,1.38807
4.88412,1.3751
4.92408,1.36213
4.96404,1.34916
5.004,1.33619
5.04397,1.32322
5.08393,1.31025
5.1239,1.29728
5.16387,1.28431
5.20383,1.27134
5.2438,1.25837
5.28378,1.24539
5.32375,1.23242
5.36372,1.21945
5.4037,1.20647
5.44367,1.1935
5.48365,1.18052
5.52363,1.16755
5.56361,1.15457
5.60359,1.1416
5.64357,1.12862
5.68356,1.11564
5.72354,1.10266
5.76353,1.0885
5.80352,1.07433
5.84351,1.06016
5.8835,1.04599
5.92349,1.03182
5.96348,1.01765
6.00348,1.00348
6.04347,0.989309
6.08347,0.975137
6.12347,0.960965
6.16347,0.946793
6.20347,0.93262
6.24347,0.918447
6.28347,0.904273
6.32348,0.890099
6.36348,0.875924
6.40349,0.861749
6.44349,0.847574
6.4835,0.846383
6.52351,0.845192
6.56352,0.844001
6.60354,0.84281
6.64355,0.841619
6.68357,0.840428
6.72358,0.839237
6.7636,0.838046
6.80362,0.836855
6.84364,0.835664
6.88366,0.834472
6.92368,0.833281
6.9637,0.83209
7.00373,0.830899
7.04375,0.829707
7.08378,0.828516
7.12381,0.827325
7.16384,0.826133
7.20387,0.824942
7.2439,0.82375
7.28393,0.822559
7.32397,0.821367
7.364,0.821367
7.40404,0.821367
7.44407,0.821367
7.48411,0.821367
7.52415,0.821367
7.56419,0.821367
7.60423,0.821367
7.64428,0.821367
7.68432,0.821367
7.72437,0.821367
7.76441,0.821367
7.80446,0.821367
7.84451,0.821367
7.88456,0.821367
7.92461,0.821367
7.96466,0.821367
8.00471,0.821367
8.04477,0.821367
8.08482,0.821367
8.12488,0.821367
8.16494,0.821367
8.205,0.821367
8.24506,0.821367
8.28512,0.821367
8.32518,0.821367
8.36524,0.821367
8.4053,0.821367
8.44537,0.821367
8.48544,0.821367
8.5255,0.821367
8.56557,0.821367
8.60564,0.821367
8.64571,0.821367
8.68578,0.821367
8.72585,0.821367
8.76593,0.821367
8.806,0.821367
8.84608,0.821367
8.88615,0.821367
8.92623,0.821367
8.96631,0.821367
9.00639,0.821367
9.04647,0.821367
9.08655,0.821367
9.12663,0.821367
9.16672,0.821367
9.2068,0.821367
9.24689,0.821367
9.28697,0.821367
9.32706,0.821367
9.36715,0.821367
9.40724,0.821367
9.44733,0.821367
9.48742,0.821367
9.52752,0.821367
9.56761,0.821367
9.6077,0.821367
9.6478,0.821367
9.6879,0.821367
9.72799,0.821367
9.76809,0.821367
9.80819,0.821367
9.84829,0.821367
9.8884,0.821367
9.9285,0.821367
9.9686,0.821367
10.0087,0.821367
10.0488,0.821367
10.0889,0.821367
10.129,0.821367
10.1691,0.821367
10.2092,0.821367
10.2494,0.821367
10.2895,0.821367
10.3296,0.821367
10.3697,0.821367
10.4098,0.821367
10.4499,0.821367
10.49,0.821367
10.5302,0.821367
10.5703,0.821367
10.6104,0.821367
10.6505,0.821367
10.6906,0.821367
10.7307,0.821367
10.7709,0.821367
10.811,0.821367
10.8511,0.821367
10.8912,0.821367
10.9314,0.821367
10.9715,0.821367
11.0116,0.821367
11.0517,0.821367
11.0919,0.821367
11.132,0.821367
11.1721,0.821367
11.2123,0.821367
11.2524,0.821367
11.2925,0.821367
11.3327,0.821367
11.3728,0.821367
11.4129,0.821367
11.4531,0.821367
11.4932,0.821367
11.5334,0.821367
11.5735,0.821367
11.6136,0.821367
11.6538,0.821367
11.6939,0.821367
11.7341,0.821367
11.7742,0.825427
11.8144,0.829486
11.8545,0.833546
11.8946,0.837606
11.9348,0.841666
11.9749,0.845727
12.0151,0.849787
12.0552,0.853847
12.0954,0.857908
12.1355,0.861968
12.1757,0.866029
12.2158,0.870089
12.256,0.87415
12.2962,0.878211
12.3363,0.882271
12.3765,0.886332
12.4166,0.890393
12.4568,0.894455
12.4969,0.898516
12.5371,0.902577
12.5773,0.906638
12.6174,0.9107
12.6576,0.914761
12.6977,0.918823
12.7379,0.922885
12.7781,0.926946
12.8182,0.931008
12.8584,0.93507
12.8986,0.939132
12.9387,0.943194
12.9789,0.947256
13.0191,0.951318
13.0592,0.955381
13.0994,0.959443
13.1396,0.963505
13.1797,0.967568
13.2199,0.97163
13.2601,0.975693
13.3003,0.979756
13.3404,0.983818
13.3806,0.987881
13.4208,0.991944
13.461,0.996007
13.5011,1.00007
13.5413,1.00413
13.5815,1.0082
13.6217,1.01226
13.6619,1.01632
13.702,1.02039
13.7422,1.02445
13.7824,1.02851
13.8226,1.03258
13.8628,1.03664
13.9029,1.0407
13.9431,1.04477
13.9833,1.04883
14.0235,1.0529
14.0637,1.05696
14.1039,1.06102
14.1441,1.06509
14.1842,1.06915
14.2244,1.07322
14.2646,1.07728
14.3048,1.08135
14.345,1.08541
14.3852,1.08948
14.4254,1.09354
14.4656,1.0976
14.5058,1.10167
14.546,1.10573
14.5862,1.1098
14.6264,1.11386
14.6666,1.11793
14.7068,1.12199
14.747,1.12606
14.7872,1.13012
14.8273,1.13419
14.8675,1.13826
14.9077,1.14232
14.9479,1.14639
14.9881,1.15045
15.0284,1.15452
15.0686,1.15858
15.1088,1.16265
15.149,1.16671
15.1892,1.17078
15.2294,1.17485
15.2696,1.17891
15.3098,1.18298
15.35,1.18704
15.3902,1.19111
15.4304,1.19518
15.4706,1.19924
15.5108,1.20331
15.551,1.20737
15.5912,1.21144
15.6314,1.21551
15.6717,1.21957
15.7119,1.22364
15.7521,1.22771
15.7923,1.23177
15.8325,1.23584
15.8727,1.23991
15.9129,1.24397
15.9531,1.24804
15.9934,1.25211
16.0336,1.25617
16.0738,1.26024
16.114,1.26431
16.1542,1.26838
16.1944,1.27244
16.2347,1.27651
16.2749,1.28058
16.3151,1.28464
16.3553,1.28871
16.3955,1.29278
16.4358,1.29685
16.476,1.30091
16.5162,1.30498
16.5564,1.30905
16.5966,1.31312
16.6369,1.31719
16.6771,1.32125
16.7173,1.32532
16.7575,1.32939
16.7978,1.33346
16.838,1.33752
16.8782,1.34159
16.9184,1.34566
16.9587,1.34973
16.9989,1.3538
17.0391,1.35787
17.0793,1.36193
17.1196,1.366
17.1598,1.37007
17.2,1.37414
17.2403,1.37821
17.2805,1.38228
17.3207,1.38634
17.361,1.39041
17.4012,1.39448
17.4414,1.39855
17.4816,1.40262
17.5219,1.40669
17.5621,1.41076
17.6023,1.41482
17.6426,1.41889
17.6828,1.42296
17.723,1.42703
17.7633,1.4311
17.8035,1.43517
17.8438,1.43924
17.884,1.44331
17.9242,1.44738
17.9645,1.45145
18.0047,1.45551
18.0449,1.45958
18.0852,1.46365
18.1254,1.46772
18.1657,1.47179
18.2059,1.47586
18.2461,1.47993
18.2864,1.484
18.3266,1.48807
18.3669,1.49214
18.4071,1.49621
18.4473,1.50028
18.4876,1.50435
18.5278,1.50842
18.5681,1.51249
18.6083,1.51656
18.6485,1.52063
18.6888,1.5247
18.729,1.52877
18.7693,1.53284
18.8095,1.53691
18.8498,1.54098
18.89,1.54505
18.9303,1.54912
18.9705,1.55319
19.0107,1.55726
19.051,1.56133
19.0912,1.5654
19.1315,1.56947
19.1717,1.57354
19.212,1.57761
19.2522,1.58168
19.2925,1.58575
19.3327,1.58982
19.373,1.59389
19.4132,1.59796
19.4535,1.60203
19.4937,1.6061
19.534,1.61017
19.5742,1.61424
19.6145,1.61831
19.6547,1.62238
19.695,1.62645
19.7352,1.63052
19.7755,1.63459
19.8157,1.63866
19.856,1.64273
19.8962,1.6468
19.9365,1.65088
19.9767,1.65495
20.017,1.65902
20.0572,1.66309
20.0975,1.66716
20.1377,1.67123
20.178,1.6753
20.2182,1.67937
20.2585,1.68344
20.2987,1.68751
20.339,1.69158
20.3793,1.69565
20.4195,1.69973
20.4598,1.7038
20.5,1.70787
20.5403,1.71194
20.5805,1.71601
20.6208,1.72008
20.661,1.72415
20.7013,1.72822
20.7416,1.73229
20.7818,1.73636
20.8221,1.74044
20.8623,1.74451
20.9026,1.74858
20.9428,1.75265
20.9831,1.75672
21.0234,1.76079
21.0636,1.76486
21.1039,1.76893
21.1441,1.77301
21.1844,1.77708
21.2246,1.78115
21.2649,1.78522
21.3052,1.78929
21.3454,1.79336
21.3857,1.79743
21.4259,1.8015
21.4662,1.80558
21.5064,1.80965
21.5467,1.81372
21.587,1.81779
21.6272,1.82186
21.6675,1.82593
21.7077,1.83
21.748,1.83408
21.7883,1.83815
21.8285,1.84222
21.8688,1.84629
21.909,1.85036
21.9493,1.85443
21.9896,1.8585
22.0298,1.86258
22.0701,1.86665
22.1103,1.87072
22.1506,1.87479
22.1909,1.87886
22.2311,1.88293
22.2714,1.88701
22.3116,1.89108
22.3519,1.89515
22.3922,1.89922
22.4324,1.90329
22.4727,1.90736
22.5129,1.91143
22.5532,1.91551
22.5935,1.91958
22.6337,1.92365
22.674,1.92772
22.7143,1.93179
22.7545,1.93586
22.7948,1.93994
22.835,1.94401
22.8753,1.94808
22.9156,1.95215
22.9558,1.95622
22.9961,1.96029
23.0363,1.96437
23.0766,1.96844
23.1169,1.97251
23.1579,1.97658
23.2004,1.9808
23.2445,1.98518
23.2902,1.98972
23.3376,1.99443
23.3866,1.9993
23.4375,2.00435
23.4901,2.00958
23.5446,2.015
23.601,2.02061
23.6594,2.02641
23.7197,2.03241
23.7821,2.03861
23.8466,2.04503
23.9133,2.05166
23.9821,2.05851
24.0532,2.06558
24.1265,2.07289
24.2022,2.08042
24.2803,2.0882
24.3608,2.09621
24.4437,2.10447
24.5291,2.11298
24.617,2.12175
24.7075,2.13077
24.8006,2.14005
24.8963,2.14959
24.9946,2.1594
25.0955,2.16948
25.1992,2.17982
25.3055,2.19044
25.4145,2.20133
25.5262,2.21248
25.6406,2.22392
25.7576,2.23562
25.8774,2.24759
25.9997,2.25984
26.1248,2.27235
26.2524,2.28512
26.3826,2.29816
26.5153,2.31146
26.6505,2.325
26.7881,2.3388
26.9281,2.35284
27.0704,2.36712
27.215,2.38163
27.3617,2.39636
27.5105,2.4113
27.6612,2.42645
27.8139,2.44179
27.9683,2.45732
28.1244,2.47303
28.2821,2.48889
28.4412,2.50492
28.6016,2.52108
28.7633,2.53737
28.926,2.55377
29.0896,2.57028
29.254,2.58687
29.4191,2.60353
29.5847,2.62026
29.7507,2.63703
29.9169,2.65383
0.0198879,1.8848
0.0596644,1.8848
0.0994427,1.8848
0.139223,1.8848
0.179004,1.8848
0.218787,1.8848
0.258572,1.8848
0.298359,1.8848
0.338147,1.8848
0.377937,1.8848
0.417728,1.8848
0.457521,1.8848
0.497316,1.8848
0.537113,1.8848
0.576911,1.8848
0.61671,1.8848
0.656512,1.8848
0.696315,1.8848
0.736119,1.8848
0.775925,1.8848
0.815733,1.8848
0.855543,1.8848
0.895354,1.8848
0.935166,1.8848
0.974981,1.8848
1.0148,1.8848
1.05461,1.8848
1.09443,1.8848
1.13425,1.8848
1.17408,1.8848
1.2139,1.8848
1.25373,1.8848
1.29355,1.8848
1.33338,1.8848
1.37321,1.8848
1.41304,1.8848
1.45288,1.8848
1.49271,1.8848
1.53255,1.8848
1.57239,1.8848
1.61223,1.8848
1.65207,1.8848
1.69191,1.8848
1.73175,1.8848
1.7716,1.8848
1.81145,1.8848
1.8513,1.8848
1.89115,1.8848
1.931,1.8848
1.97085,1.8848
2.01071,1.8848
2.05056,1.8848
2.09042,1.8848
2.13028,1.8848
2.17014,1.8848
2.21001,1.8848
2.24987,1.8848
2.28974,1.8848
2.3296,1.8848
2.36947,1.8848
2.40934,1.8848
2.44921,1.8848
2.48909,1.8848
2.52896,1.8848
2.56884,1.8848
2.60872,1.8848
2.64859,1.8848
2.68848,1.8848
2.72836,1.8848
2.76824,1.8848
2.80813,1.8848
2.84801,1.8848
2.8879,1.8848
2.92779,1.8848
2.96768,1.8848
3.00757,1.8848
3.04747,1.8848
3.08736,1.8848
3.12726,1.8848
3.16716,1.8848
3.20706,1.8848
3.24696,1.8848
3.28686,1.8848
3.32677,1.8848
3.36667,1.8848
3.40658,1.8848
3.44649,1.8716
3.4864,1.8584
3.52631,1.8452
3.56622,1.832
3.60614,1.8188
3.64605,1.8056
3.68597,1.7924
3.72589,1.7792
3.76581,1.766
3.80573,1.7528
3.84565,1.73959
3.88557,1.72639
3.9255,1.71319
3.96543,1.69998
4.00536,1.68678
4.04528,1.67357
4.08522,1.66036
4.12515,1.64716
4.16508,1.63395
4.20502,1.62074
4.24495,1.60754
4.28489,1.59433
4.32483,1.58112
4.36477,1.56791
4.40471,1.5547
4.44466,1.54149
4.4846,1.52828
4.52455,1.51507
4.56449,1.50186
4.60444,1.48865
4.64439,1.47544
4.68435,1.46222
4.7243,1.44901
4.76425,1.4358
4.80421,1.42258
4.84416,1.40937
4.88412,1.39615
4.92408,1.38294
4.96404,1.36972
5.004,1.35651
5.04397,1.34329
5.08393,1.33007
5.1239,1.31686
5.16387,1.30364
5.20383,1.29042
5.2438,1.2772
5.28378,1.26398
5.32375,1.25076
5.36372,1.23754
5.4037,1.22432
5.44367,1.2111
5.48365,1.19788
5.52363,1.18466
5.56361,1.17143
5.60359,1.15821
5.64357,1.14499
5.68356,1.13177
5.72354,1.11854
5.76353,1.10423
5.80352,1.08992
5.84351,1.07561
5.8835,1.0613
5.92349,1.04698
5.96348,1.03267
6.00348,1.01836
6.04347,1.00405
6.08347,0.989731
6.12347,0.975417
6.16347,0.961102
6.20347,0.946786
6.24347,0.93247
6.28347,0.918154
6.32348,0.903837
6.36348,0.88952
6.40349,0.875202
6.44349,0.860884
6.4835,0.859797
6.52351,0.858711
6.56352,0.857624
6.60354,0.856537
6.64355,0.85545
6.68357,0.854363
6.72358,0.853276
6.7636,0.852189
6.80362,0.851101
6.84364,0.850014
6.88366,0.848927
6.92368,0.84784
6.9637,0.846753
7.00373,0.845665
7.04375,0.844578
7.08378,0.843491
7.12381,0.842403
7.16384,0.841316
7.20387,0.840229
7.2439,0.839141
7.28393,0.838054
7.32397,0.836966
7.364,0.836966
7.40404,0.836966
7.44407,0.836966
7.48411,0.836966
7.52415,0.836966
7.56419,0.836966
7.60423,0.836966
7.64428,0.836966
7.68432,0.836966
7.72437,0.836966
7.76441,0.836966
7.80446,0.836966
7.84451,0.836966
7.88456,0.836966
7.92461,0.836966
7.96466,0.836966
8.00471,0.836966
8.04477,0.836966
8.08482,0.836966
8.12488,0.836966
8.16494,0.836966
8.205,0.836966
8.24506,0.836966
8.28512,0.836966
8.32518,0.836966
8.36524,0.836966
8.4053,0.836966
8.44537,0.836966
8.48544,0.836966
8.5255,0.836966
8.56557,0.836966
8.60564,0.836966
8.64571,0.836966
8.68578,0.836966
8.72585,0.836966
8.76593,0.836966
8.806,0.836966
8.84608,0.836966
8.88615,0.836966
8.92623,0.836966
8.96631,0.836966
9.00639,0.836966
9.04647,0.836966
9.08655,0.836966
9.12663,0.836966
9.16672,0.836966
9.2068,0.836966
9.24689,0.836966
9.28697,0.836966
9.32706,0.836966
9.36715,0.836966
9.40724,0.836966
9.44733,0.836966
9.48742,0.836966
9.52752,0.836966
9.56761,0.836966
9.6077,0.836966
9.6478,0.836966
9.6879,0.836966
9.72799,0.836966
9.76809,0.836966
9.80819,0.836966
9.84829,0.836966
9.8884,0.836966
9.9285,0.836966
9.9686,0.836966
10.0087,0.836966
10.0488,0.836966
10.0889,0.836966
10.129,0.836966
10.1691,0.836966
10.2092,0.836966
10.2494,0.836966
10.2895,0.836966
10.3296,0.836966
10.3697,0.836966
10.4098,0.836966
10.4499,0.836966
10.49,0.836966
10.5302,0.836966
10.5703,0.836966
10.6104,0.836966
10.6505,0.836966
10.6906,0.836966
10.7307,0.836966
10.7709,0.836966
10.811,0.836966
10.8511,0.836966
10.8912,0.836966
10.9314,0.836966
10.9715,0.836966
11.0116,0.836966
11.0517,0.836966
11.0919,0.836966
11.132,0.836966
11.1721,0.836966
11.2123,0.836966
11.2524,0.836966
11.2925,0.836966
11.3327,0.836966
11.3728,0.836966
11.4129,0.836966
11.4531,0.836966
11.4932,0.836966
11.5334,0.836966
11.5735,0.836966
11.6136,0.836966
11.6538,0.836966
11.6939,0.836966
11.7341,0.836966
11.7742,0.841103
11.8144,0.84524
11.8545,0.849377
11.8946,0.853514
11.9348,0.857651
11.9749,0.861788
12.0151,0.865926
12.0552,0.870063
12.0954,0.874201
12.1355,0.878338
12.1757,0.882476
12.2158,0.886614
12.256,0.890751
12.2962,0.894889
12.3363,0.899027
12.3765,0.903165
12.4166,0.907304
12.4568,0.911442
12.4969,0.91558
12.5371,0.919719
12.5773,0.923857
12.6174,0.927996
12.6576,0.932134
12.6977,0.936273
12.7379,0.940412
12.7781,0.944551
12.8182,0.948689
12.8584,0.952829
12.8986,0.956968
12.9387,0.961107
12.9789,0.965246
13.0191,0.969385
13.0592,0.973525
13.0994,0.977664
13.1396,0.981804
13.1797,0.985944
13.2199,0.990083
13.2601,0.994223
13.3003,0.998363
13.3404,1.0025
13.3806,1.00664
13.4208,1.01078
13.461,1.01492
13.5011,1.01906
13.5413,1.0232
13.5815,1.02734
13.6217,1.03148
13.6619,1.03562
13.702,1.03977
13.7422,1.04391
13.7824,1.04805
13.8226,1.05219
13.8628,1.05633
13.9029,1.06047
13.9431,1.06461
13.9833,1.06875
14.0235,1.07289
14.0637,1.07703
14.1039,1.08118
14.1441,1.08532
14.1842,1.08946
14.2244,1.0936
14.2646,1.09774
14.3048,1.10188
14.345,1.10602
14.3852,1.11017
14.4254,1.11431
14.4656,1.11845
14.5058,1.12259
14.546,1.12673
14.5862,1.13088
14.6264,1.13502
14.6666,1.13916
14.7068,1.1433
14.747,1.14744
14.7872,1.15159
14.8273,1.15573
14.8675,1.15987
14.9077,1.16401
14.9479,1.16816
14.9881,1.1723
15.0284,1.17644
15.0686,1.18059
15.1088,1.18473
15.149,1.18887
15.1892,1.19301
15.2294,1.19716
15.2696,1.2013
15.3098,1.20544
15.35,1.20959
15.3902,1.21373
15.4304,1.21787
15.4706,1.22202
15.5108,1.22616
15.551,1.2303
15.5912,1.23445
15.6314,1.23859
15.6717,1.24274
15.7119,1.24688
15.7521,1.25102
15.7923,1.25517
15.8325,1.25931
15.8727,1.26346
15.9129,1.2676
15.9531,1.27174
15.9934,1.27589
16.0336,1.28003
16.0738,1.28418
16.114,1.28832
16.1542,1.29246
16.1944,1.29661
16.2347,1.30075
16.2749,1.3049
16.3151,1.30904
16.3553,1.31319
16.3955,1.31733
16.4358,1.32148
16.476,1.32562
16.5162,1.32977
16.5564,1.33391
16.5966,1.33806
16.6369,1.3422
16.6771,1.34635
16.7173,1.35049
16.7575,1.35464
16.7978,1.35878
16.838,1.36293
16.8782,1.36707
16.9184,1.37122
16.9587,1.37536
16.9989,1.37951
17.0391,1.38365
17.0793,1.3878
17.1196,1.39194
17.1598,1.39609
17.2,1.40024
17.2403,1.40438
17.2805,1.40853
17.3207,1.41267
17.361,1.41682
17.4012,1.42096
17.4414,1.42511
17.4816,1.42926
17.5219,1.4334
17.5621,1.43755
17.6023,1.44169
17.6426,1.44584
17.6828,1.44999
17.723,1.45413
17.7633,1.45828
17.8035,1.46243
17.8438,1.46657
17.884,1.47072
17.9242,1.47486
17.9645,1.47901
18.0047,1.48316
18.0449,1.4873
18.0852,1.49145
18.1254,1.4956
18.1657,1.49974
18.2059,1.50389
18.2461,1.50804
18.2864,1.51218
18.3266,1.51633
18.3669,1.52048
18.4071,1.52462
18.4473,1.52877
18.4876,1.53292
18.5278,1.53707
18.5681,1.54121
18.6083,1.54536
18.6485,1.54951
18.6888,1.55365
18.729,1.5578
18.7693,1.56195
18.8095,1.56609
18.8498,1.57024
18.89,1.57439
18.9303,1.57854
18.9705,1.58268
19.0107,1.58683
19.051,1.59098
19.0912,1.59513
19.1315,1.59927
19.1717,1.60342
19.212,1.60757
19.2522,1.61172
19.2925,1.61586
19.3327,1.62001
19.373,1.62416
19.4132,1.62831
19.4535,1.63245
19.4937,1.6366
19.534,1.64075
19.5742,1.6449
19.6145,1.64904
19.6547,1.65319
19.695,1.65734
19.7352,1.66149
19.7755,1.66564
19.8157,1.66978
19.856,1.67393
19.8962,1.67808
19.9365,1.68223
19.9767,1.68638
20.017,1.69052
20.0572,1.69467
20.0975,1.69882
20.1377,1.70297
20.178,1.70712
20.2182,1.71126
20.2585,1.71541
20.2987,1.71956
20.339,1.72371
20.3793,1.72786
20.4195,1.73201
20.4598,1.73615
20.5,1.7403
20.5403,1.74445
20.5805,1.7486
20.6208,1.75275
20.661,1.7569
20.7013,1.76104
20.7416,1.76519
20.7818,1.76934
20.8221,1.77349
20.8623,1.77764
20.9026,1.78179
20.9428,1.78593
20.9831,1.79008
21.0234,1.79423
21.0636,1.79838
21.1039,1.80253
21.1441,1.80668
21.1844,1.81083
21.2246,1.81497
21.2649,1.81912
21.3052,1.82327
21.3454,1.82742
21.3857,1.83157
21.4259,1.83572
21.4662,1.83987
21.5064,1.84402
21.5467,1.84816
21.587,1.85231
21.6272,1.85646
21.6675,1.86061
21.7077,1.86476
21.748,1.86891
21.7883,1.87306
21.8285,1.87721
21.8688,1.88135
21.909,1.8855
21.9493,1.88965
21.9896,1.8938
22.0298,1.89795
22.0701,1.9021
22.1103,1.90625
22.1506,1.9104
22.1909,1.91454
22.2311,1.91869
22.2714,1.92284
22.3116,1.92699
22.3519,1.93114
22.3922,1.93529
22.4324,1.93944
22.4727,1.94359
22.5129,1.94774
22.5532,1.95189
22.5935,1.95603
22.6337,1.96018
22.674,1.96433
22.7143,1.96848
22.7545,1.97263
22.7948,1.97678
22.835,1.98093
22.8753,1.98508
22.9156,1.98923
22.9558,1.99337
22.9961,1.99752
23.0363,2.00167
23.0766,2.00582
23.1169,2.00997
23.1579,2.01412
23.2004,2.01842
23.2445,2.02288
23.2902,2.02751
23.3376,2.0323
23.3866,2.03727
23.4375,2.04242
23.4901,2.04775
23.5446,2.05327
23.601,2.05898
23.6594,2.06489
23.7197,2.07101
23.7821,2.07733
23.8466,2.08387
23.9133,2.09063
23.9821,2.0976
24.0532,2.10481
24.1265,2.11225
24.2022,2.11993
24.2803,2.12785
24.3608,2.13602
24.4437,2.14444
24.5291,2.15311
24.617,2.16204
24.7075,2.17124
24.8006,2.18069
24.8963,2.19042
24.9946,2.20041
25.0955,2.21068
25.1992,2.22122
25.3055,2.23204
25.4145,2.24313
25.5262,2.2545
25.6406,2.26615
25.7576,2.27808
25.8774,2.29028
25.9997,2.30275
26.1248,2.3155
26.2524,2.32852
26.3826,2.34181
26.5153,2.35535
26.6505,2.36916
26.7881,2.38322
26.9281,2.39753
27.0704,2.41208
27.215,2.42686
27.3617,2.44187
27.5105,2.45709
27.6612,2.47253
27.8139,2.48816
27.9683,2.50399
28.1244,2.51999
28.2821,2.53616
28.4412,2.55249
28.6016,2.56896
28.7633,2.58556
28.926,2.60227
29.0896,2.61909
29.254,2.636
29.4191,2.65298
29.5847,2.67002
29.7507,2.68711
29.9169,2.70423
0.0198879,1.91494
0.0596644,1.91494
0.0994427,1.91494
0.139223,1.91494
0.179004,1.91494
0.218787,1.91494
0.258572,1.91494
0.298359,1.91494
0.338147,1.91494
0.377937,1.91494
0.417728,1.91494
0.457521,1.91494
0.497316,1.91494
0.537113,1.91494
0.576911,1.91494
0.61671,1.91494
0.656512,1.91494
0.696315,1.91494
0.736119,1.91494
0.775925,1.91494
0.815733,1.91494
0.855543,1.91494
0.895354,1.91494
0.935166,1.91494
0.974981,1.91494
1.0148,1.91494
1.05461,1.91494
1.09443,1.91494
1.13425,1.91494
1.17408,1.91494
1.2139,1.91494
1.25373,1.91494
1.29355,1.91494
1.33338,1.91494
1.37321,1.91494
1.41304,1.91494
1.45288,1.91494
1.49271,1.91494
1.53255,1.91494
1.57239,1.91494
1.61223,1.91494
1.65207,1.91494
1.69191,1.91494
1.73175,1.91494
1.7716,1.91494
1.81145,1.91494
1.8513,1.91494
1.89115,1.91494
1.931,1.91494
1.97085,1.91494
2.01071,1.91494
2.05056,1.91494
2.09042,1.91494
2.13028,1.91494
2.17014,1.91494
2.21001,1.91494
2.24987,1.91494
2.28974,1.91494
2.3296,1.91494
2.36947,1.91494
2.40934,1.91494
2.44921,1.91494
2.48909,1.91494
2.52896,1.91494
2.56884,1.91494
2.60872,1.91494
2.64859,1.91494
2.68848,1.91494
2.72836,1.91494
2.76824,1.91494
2.80813,1.91494
2.84801,1.91494
2.8879,1.91494
2.92779,1.91494
2.96768,1.91494
3.00757,1.91494
3.04747,1.91494
3.08736,1.91494
3.12726,1.91494
3.16716,1.91494
3.20706,1.91494
3.24696,1.91494
3.28686,1.91494
3.32677,1.91494
3.36667,1.91494
3.40658,1.91494
3.44649,1.90149
3.4864,1.88805
3.52631,1.8746
3.56622,1.86116
3.60614,1.84771
3.64605,1.83427
3.68597,1.82082
3.72589,1.80737
3.76581,1.79392
3.80573,1.78047
3.84565,1.76703
3.88557,1.75358
3.9255,1.74013
3.96543,1.72668
4.00536,1.71323
4.04528,1.69977
4.08522,1.68632
4.12515,1.67287
4.16508,1.65942
4.20502,1.64596
4.24495,1.63251
4.28489,1.61906
4.32483,1.6056
4.36477,1.59215
4.40471,1.57869
4.44466,1.56523
4.4846,1.55178
4.52455,1.53832
4.56449,1.52486
4.60444,1.51141
4.64439,1.49795
4.68435,1.48449
4.7243,1.47103
4.76425,1.45757
4.80421,1.44411
4.84416,1.43065
4.88412,1.41719
4.92408,1.40373
4.96404,1.39027
5.004,1.3768
5.04397,1.36334
5.08393,1.34988
5.1239,1.33641
5.16387,1.32295
5.20383,1.30949
5.2438,1.29602
5.28378,1.28256
5.32375,1.26909
5.36372,1.25562
5.4037,1.24216
5.44367,1.22869
5.48365,1.21522
5.52363,1.20175
5.56361,1.18829
5.60359,1.17482
5.64357,1.16135
5.68356,1.14788
5.72354,1.13441
5.76353,1.11995
5.80352,1.1055
5.84351,1.09105
5.8835,1.07659
5.92349,1.06214
5.96348,1.04768
6.00348,1.03323
6.04347,1.01877
6.08347,1.00431
6.12347,0.989858
6.16347,0.9754
6.20347,0.960942
6.24347,0.946484
6.28347,0.932025
6.32348,0.917566
6.36348,0.903106
6.40349,0.888646
6.44349,0.874186
6.4835,0.873203
6.52351,0.87222
6.56352,0.871237
6.60354,0.870254
6.64355,0.869271
6.68357,0.868287
6.72358,0.867304
6.7636,0.866321
6.80362,0.865338
6.84364,0.864355
6.88366,0.863372
6.92368,0.862388
6.9637,0.861405
7.00373,0.860422
7.04375,0.859438
7.08378,0.858455
7.12381,0.857472
7.16384,0.856488
7.20387,0.855505
7.2439,0.854521
7.28393,0.853538
7.32397,0.852554
7.364,0.852554
7.40404,0.852554
7.44407,0.852554
7.48411,0.852554
7.52415,0.852554
7.56419,0.852554
7.60423,0.852554
7.64428,0.852554
7.68432,0.852554
7.72437,0.852554
7.76441,0.852554
7.80446,0.852554
7.84451,0.852554
7.88456,0.852554
7.92461,0.852554
7.96466,0.852554
8.00471,0.852554
8.04477,0.852554
8.08482,0.852554
8.12488,0.852554
8.16494,0.852554
8.205,0.852554
8.24506,0.852554
8.28512,0.852554
8.32518,0.852554
8.36524,0.852554
8.4053,0.852554
8.44537,0.852554
8.48544,0.852554
8.5255,0.852554
8.56557,0.852554
8.60564,0.852554
8.64571,0.852554
8.68578,0.852554
8.72585,0.852554
8.76593,0.852554
8.806,0.852554
8.84608,0.852554
8.88615,0.852554
8.92623,0.852554
8.96631,0.852554
9.00639,0.852554
9.04647,0.852554
9.08655,0.852554
9.12663,0.852554
9.16672,0.852554
9.2068,0.852554
9.24689,0.852554
9.28697,0.852554
9.32706,0.852554
9.36715,0.852554
9.40724,0.852554
9.44733,0.852554
9.48742,0.852554
9.52752,0.852554
9.56761,0.852554
9.6077,0.852554
9.6478,0.852554
9.6879,0.852554
9.72799,0.852554
9.76809,0.852554
9.80819,0.852554
9.84829,0.852554
9.8884,0.852554
9.9285,0.852554
9.9686,0.852554
10.0087,0.852554
10.0488,0.852554
10.0889,0.852554
10.129,0.852554
10.1691,0.852554
10.2092,0.852554
10.2494,0.852554
10.2895,0.852554
10.3296,0.852554
10.3697,0.852554
10.4098,0.852554
10.4499,0.852554
10.49,0.852554
10.5302,0.852554
10.5703,0.852554
10.6104,0.852554
10.6505,0.852554
10.6906,0.852554
10.7307,0.852554
10.7709,0.852554
10.811,0.852554
10.8511,0.852554
10.8912,0.852554
10.9314,0.852554
10.9715,0.852554
11.0116,0.852554
11.0517,0.852554
11.0919,0.852554
11.132,0.852554
11.1721,0.852554
11.2123,0.852554
11.2524,0.852554
11.2925,0.852554
11.3327,0.852554
11.3728,0.852554
11.4129,0.852554
11.4531,0.852554
11.4932,0.852554
11.5334,0.852554
11.5735,0.852554
11.6136,0.852554
11.6538,0.852554
11.6939,0.852554
11.7341,0.852554
11.7742,0.856768
11.8144,0.860982
11.8545,0.865196
11.8946,0.86941
11.9348,0.873624
11.9749,0.877839
12.0151,0.882053
12.0552,0.886268
12.0954,0.890482
12.1355,0.894697
12.1757,0.898912
12.2158,0.903126
12.256,0.907341
12.2962,0.911556
12.3363,0.915771
12.3765,0.919986
12.4166,0.924202
12.4568,0.928417
12.4969,0.932632
12.5371,0.936848
12.5773,0.941063
12.6174,0.945279
12.6576,0.949495
12.6977,0.953711
12.7379,0.957926
12.7781,0.962142
12.8182,0.966358
12.8584,0.970575
12.8986,0.974791
12.9387,0.979007
12.9789,0.983223
13.0191,0.98744
13.0592,0.991656
13.0994,0.995873
13.1396,1.00009
13.1797,1.00431
13.2199,1.00852
13.2601,1.01274
13.3003,1.01696
13.3404,1.02117
13.3806,1.02539
13.4208,1.02961
13.461,1.03383
13.5011,1.03804
13.5413,1.04226
13.5815,1.04648
13.6217,1.0507
13.6619,1.05491
13.702,1.05913
13.7422,1.06335
13.7824,1.06757
13.8226,1.07178
13.8628,1.076
13.9029,1.08022
13.9431,1.08444
13.9833,1.08866
14.0235,1.09287
14.0637,1.09709
14.1039,1.10131
14.1441,1.10553
14.1842,1.10975
14.2244,1.11397
14.2646,1.11819
14.3048,1.1224
14.345,1.12662
14.3852,1.13084
14.4254,1.13506
14.4656,1.13928
14.5058,1.1435
14.546,1.14772
14.5862,1.15194
14.6264,1.15616
14.6666,1.16038
14.7068,1.1646
14.747,1.16882
14.7872,1.17304
14.8273,1.17725
14.8675,1.18147
14.9077,1.18569
14.9479,1.18991
14.9881,1.19413
15.0284,1.19835
15.0686,1.20257
15.1088,1.20679
15.149,1.21101
15.1892,1.21523
15.2294,1.21945
15.2696,1.22367
15.3098,1.2279
15.35,1.23212
15.3902,1.23634
15.4304,1.24056
15.4706,1.24478
15.5108,1.249
15.551,1.25322
15.5912,1.25744
15.6314,1.26166
15.6717,1.26588
15.7119,1.2701
15.7521,1.27432
15.7923,1.27854
15.8325,1.28277
15.8727,1.28699
15.9129,1.29121
15.9531,1.29543
15.9934,1.29965
16.0336,1.30387
16.0738,1.30809
16.114,1.31231
16.1542,1.31654
16.1944,1.32076
16.2347,1.32498
16.2749,1.3292
16.3151,1.33342
16.3553,1.33764
16.3955,1.34187
16.4358,1.34609
16.476,1.35031
16.5162,1.35453
16.5564,1.35875
16.5966,1.36298
16.6369,1.3672
16.6771,1.37142
16.7173,1.37564
16.7575,1.37987
16.7978,1.38409
16.838,1.38831
16.8782,1.39253
16.9184,1.39676
16.9587,1.40098
16.9989,1.4052
17.0391,1.40942
17.0793,1.41365
17.1196,1.41787
17.1598,1.42209
17.2,1.42631
17.2403,1.43054
17.2805,1.43476
17.3207,1.43898
17.361,1.44321
17.4012,1.44743
17.4414,1.45165
17.4816,1.45588
17.5219,1.4601
17.5621,1.46432
17.6023,1.46855
17.6426,1.47277
17.6828,1.47699
17.723,1.48122
17.7633,1.48544
17.8035,1.48966
17.8438,1.49389
17.884,1.49811
17.9242,1.50233
17.9645,1.50656
18.0047,1.51078
18.0449,1.515
18.0852,1.51923
18.1254,1.52345
18.1657,1.52768
18.2059,1.5319
18.2461,1.53612
18.2864,1.54035
18.3266,1.54457
18.3669,1.5488
18.4071,1.55302
18.4473,1.55724
18.4876,1.56147
18.5278,1.56569
18.5681,1.56992
18.6083,1.57414
18.6485,1.57836
18.6888,1.58259
18.729,1.58681
18.7693,1.59104
18.8095,1.59526
18.8498,1.59949
18.89,1.60371
18.9303,1.60794
18.9705,1.61216
19.0107,1.61639
19.051,1.62061
19.0912,1.62483
19.1315,1.62906
19.1717,1.63328
19.212,1.63751
19.2522,1.64173
19.2925,1.64596
19.3327,1.65018
19.373,1.65441
19.4132,1.65863
19.4535,1.66286
19.4937,1.66708
19.534,1.67131
19.5742,1.67553
19.6145,1.67976
19.6547,1.68398
19.695,1.68821
19.7352,1.69243
19.7755,1.69666
19.8157,1.70088
19.856,1.70511
19.8962,1.70933
19.9365,1.71356
19.9767,1.71778
20.017,1.72201
20.0572,1.72623
20.0975,1.73046
20.1377,1.73469
20.178,1.73891
20.2182,1.74314
20.2585,1.74736
20.2987,1.75159
20.339,1.75581
20.3793,1.76004
20.4195,1.76426
20.4598,1.76849
20.5,1.77271
20.5403,1.77694
20.5805,1.78117
20.6208,1.78539
20.661,1.78962
20.7013,1.79384
20.7416,1.79807
20.7818,1.80229
20.8221,1.80652
20.8623,1.81075
20.9026,1.81497
20.9428,1.8192
20.9831,1.82342
21.0234,1.82765
21.0636,1.83187
21.1039,1.8361
21.1441,1.84033
21.1844,1.84455
21.2246,1.84878
21.2649,1.853
21.3052,1.85723
21.3454,1.86146
21.3857,1.86568
21.4259,1.86991
21.4662,1.87413
21.5064,1.87836
21.5467,1.88259
21.587,1.88681
21.6272,1.89104
21.6675,1.89526
21.7077,1.89949
21.748,1.90372
21.7883,1.90794
21.8285,1.91217
21.8688,1.91639
21.909,1.92062
21.9493,1.92485
21.9896,1.92907
22.0298,1.9333
22.0701,1.93752
22.1103,1.94175
22.1506,1.94598
22.1909,1.9502
22.2311,1.95443
22.2714,1.95865
22.3116,1.96288
22.3519,1.96711
22.3922,1.97133
22.4324,1.97556
22.4727,1.97979
22.5129,1.98401
22.5532,1.98824
22.5935,1.99246
22.6337,1.99669
22.674,2.00092
22.7143,2.00514
22.7545,2.00937
22.7948,2.0136
22.835,2.01782
22.8753,2.02205
22.9156,2.02627
22.9558,2.0305
22.9961,2.03473
23.0363,2.03895
23.0766,2.04318
23.1169,2.04741
23.1579,2.05163
23.2004,2.05601
23.2445,2.06056
23.2902,2.06527
23.3376,2.07016
23.3866,2.07522
23.4375,2.08046
23.4901,2.08589
23.5446,2.09151
23.601,2.09733
23.6594,2.10335
23.7197,2.10958
23.7821,2.11602
23.8466,2.12268
23.9133,2.12956
23.9821,2.13667
24.0532,2.14401
24.1265,2.15159
24.2022,2.15942
24.2803,2.16748
24.3608,2.1758
24.4437,2.18438
24.5291,2.19321
24.617,2.20231
24.7075,2.21167
24.8006,2.22131
24.8963,2.23121
24.9946,2.24139
25.0955,2.25185
25.1992,2.26259
25.3055,2.27361
25.4145,2.28491
25.5262,2.29649
25.6406,2.30836
25.7576,2.32051
25.8774,2.33293
25.9997,2.34564
26.1248,2.35863
26.2524,2.37189
26.3826,2.38542
26.5153,2.39922
26.6505,2.41328
26.7881,2.42761
26.9281,2.44218
27.0704,2.457
27.215,2.47206
27.3617,2.48734
27.5105,2.50286
27.6612,2.51858
27.8139,2.5345
27.9683,2.55062
28.1244,2.56693
28.2821,2.5834
28.4412,2.60003
28.6016,2.6168
28.7633,2.63371
28.926,2.65074
29.0896,2.66787
29.254,2.68509
29.4191,2.70239
29.5847,2.71975
29.7507,2.73716
29.9169,2.75459
0.0198879,1.94505
0.0596644,1.94505
0.0994427,1.94505
0.139223,1.94505
0.179004,1.94505
0.218787,1.94505
0.258572,1.94505
0.298359,1.94505
0.338147,1.94505
0.377937,1.94505
0.417728,1.94505
0.457521,1.94505
0.497316,1.94505
0.537113,1.94505
0.576911,1.94505
0.61671,1.94505
0.656512,1.94505
0.696315,1.94505
0.736119,1.94505
0.775925,1.94505
0.815733,1.94505
0.855543,1.94505
0.895354,1.94505
0.935166,1.94505
0.974981,1.94505
1.0148,1.94505
1.05461,1.94505
1.09443,1.94505
1.13425,1.94505
1.17408,1.94505
1.2139,1.94505
1.25373,1.94505
1.29355,1.94505
1.33338,1.94505
1.37321,1.94505
1.41304,1.94505
1.45288,1.94505
1.49271,1.94505
1.53255,1.94505
1.57239,1.94505
1.61223,1.94505
1.65207,1.94505
1.69191,1.94505
1.73175,1.94505
1.7716,1.94505
1.81145,1.94505
1.8513,1.94505
1.89115,1.94505
1.931,1.94505
1.97085,1.94505
2.01071,1.94505
2.05056,1.94505
2.09042,1.94505
2.13028,1.94505
2.17014,1.94505
2.21001,1.94505
2.24987,1.94505
2.28974,1.94505
2.3296,1.94505
2.36947,1.94505
2.40934,1.94505
2.44921,1.94505
2.48909,1.94505
2.52896,1.94505
2.56884,1.94505
2.60872,1.94505
2.64859,1.94505
2.68848,1.94505
2.72836,1.94505
2.76824,1.94505
2.80813,1.94505
2.84801,1.94505
2.8879,1.94505
2.92779,1.94505
2.96768,1.94505
3.00757,1.94505
3.04747,1.94505
3.08736,1.94505
3.12726,1.94505
3.16716,1.94505
3.20706,1.94505
3.24696,1.94505
3.28686,1.94505
3.32677,1.94505
3.36667,1.94505
3.40658,1.94505
3.44649,1.93136
3.4864,1.91767
3.52631,1.90398
3.56622,1.89029
3.60614,1.8766
3.64605,1.86291
3.68597,1.84921
3.72589,1.83552
3.76581,1.82183
3.80573,1.80813
3.84565,1.79444
3.88557,1.78074
3.9255,1.76705
3.96543,1.75335
4.00536,1.73965
4.04528,1.72596
4.08522,1.71226
4.12515,1.69856
4.16508,1.68486
4.20502,1.67116
4.24495,1.65746
4.28489,1.64376
4.32483,1.63006
4.36477,1.61636
4.40471,1.60266
4.44466,1.58896
4.4846,1.57526
4.52455,1.56156
4.56449,1.54785
4.60444,1.53415
4.64439,1.52044
4.68435,1.50674
4.7243,1.49303
4.76425,1.47933
4.80421,1.46562
4.84416,1.45192
4.88412,1.43821
4.92408,1.4245
4.96404,1.41079
5.004,1.39709
5.04397,1.38338
5.08393,1.36967
5.1239,1.35596
5.16387,1.34225
5.20383,1.32854
5.2438,1.31483
5.28378,1.30112
5.32375,1.2874
5.36372,1.27369
5.4037,1.25998
5.44367,1.24627
5.48365,1.23255
5.52363,1.21884
5.56361,1.20512
5.60359,1.19141
5.64357,1.17769
5.68356,1.16398
5.72354,1.15026
5.76353,1.13567
5.80352,1.12107
5.84351,1.10647
5.8835,1.09188
5.92349,1.07728
5.96348,1.06268
6.00348,1.04809
6.04347,1.03349
6.08347,1.01889
6.12347,1.00429
6.16347,0.989688
6.20347,0.975088
6.24347,0.960487
6.28347,0.945886
6.32348,0.931285
6.36348,0.916682
6.40349,0.90208
6.44349,0.887477
6.4835,0.886598
6.52351,0.885719
6.56352,0.88484
6.60354,0.88396
6.64355,0.883081
6.68357,0.882202
6.72358,0.881323
6.7636,0.880443
6.80362,0.879564
6.84364,0.878685
6.88366,0.877805
6.92368,0.876926
6.9637,0.876047
7.00373,0.875167
7.04375,0.874288
7.08378,0.873408
7.12381,0.872529
7.16384,0.871649
7.20387,0.87077
7.2439,0.86989
7.28393,0.869011
7.32397,0.868131
7.364,0.868131
7.40404,0.868131
7.44407,0.868131
7.48411,0.868131
7.52415,0.868131
7.56419,0.868131
7.60423,0.868131
7.64428,0.868131
7.68432,0.868131
7.72437,0.868131
7.76441,0.868131
7.80446,0.868131
7.84451,0.868131
7.88456,0.868131
7.92461,0.868131
7.96466,0.868131
8.00471,0.868131
8.04477,0.868131
8.08482,0.868131
8.12488,0.868131
8.16494,0.868131
8.205,0.868131
8.24506,0.868131
8.28512,0.868131
8.32518,0.868131
8.36524,0.868131
8.4053,0.868131
8.44537,0.868131
8.48544,0.868131
8.5255,0.868131
8.56557,0.868131
8.60564,0.868131
8.64571,0.868131
8.68578,0.868131
8.72585,0.868131
8.76593,0.868131
8.806,0.868131
8.84608,0.868131
8.88615,0.868131
8.92623,0.868131
8.96631,0.868131
9.00639,0.868131
9.04647,0.868131
9.08655,0.868131
9.12663,0.868131
9.16672,0.868131
9.2068,0.868131
9.24689,0.868131
9.28697,0.868131
9.32706,0.868131
9.36715,0.868131
9.40724,0.868131
9.44733,0.868131
9.48742,0.868131
9.52752,0.868131
9.56761,0.868131
9.6077,0.868131
9.6478,0.868131
9.6879,0.868131
9.72799,0.868131
9.76809,0.868131
9.80819,0.868131
9.84829,0.868131
9.8884,0.868131
9.9285,0.868131
9.9686,0.868131
10.0087,0.868131
10.0488,0.868131
10.0889,0.868131
10.129,0.868131
10.1691,0.868131
10.2092,0.868131
10.2494,0.868131
10.2895,0.868131
10.3296,0.868131
10.3697,0.868131
10.4098,0.868131
10.4499,0.868131
10.49,0.868131
10.5302,0.868131
10.5703,0.868131
10.6104,0.868131
10.6505,0.868131
10.6906,0.868131
10.7307,0.868131
10.7709,0.868131
10.811,0.868131
10.8511,0.868131
10.8912,0.868131
10.9314,0.868131
10.9715,0.868131
11.0116,0.868131
11.0517,0.868131
11.0919,0.868131
11.132,0.868131
11.1721,0.868131
11.2123,0.868131
11.2524,0.868131
11.2925,0.868131
11.3327,0.868131
11.3728,0.868131
11.4129,0.868131
11.4531,0.868131
11.4932,0.868131
11.5334,0.868131
11.5735,0.868131
11.6136,0.868131
11.6538,0.868131
11.6939,0.868131
11.7341,0.868131
11.7742,0.872422
11.8144,0.876713
11.8545,0.881004
11.8946,0.885295
11.9348,0.889586
11.9749,0.893877
12.0151,0.898169
12.0552,0.90246
12.0954,0.906752
12.1355,0.911043
12.1757,0.915335
12.2158,0.919627
12.256,0.923919
12.2962,0.928211
12.3363,0.932503
12.3765,0.936795
12.4166,0.941087
12.4568,0.94538
12.4969,0.949672
12.5371,0.953965
12.5773,0.958257
12.6174,0.96255
12.6576,0.966843
12.6977,0.971135
12.7379,0.975428
12.7781,0.979721
12.8182,0.984014
12.8584,0.988307
12.8986,0.992601
12.9387,0.996894
12.9789,1.00119
13.0191,1.00548
13.0592,1.00977
13.0994,1.01407
13.1396,1.01836
13.1797,1.02266
13.2199,1.02695
13.2601,1.03124
13.3003,1.03554
13.3404,1.03983
13.3806,1.04413
13.4208,1.04842
13.461,1.05271
13.5011,1.05701
13.5413,1.0613
13.5815,1.0656
13.6217,1.06989
13.6619,1.07419
13.702,1.07848
13.7422,1.08278
13.7824,1.08707
13.8226,1.09137
13.8628,1.09566
13.9029,1.09996
13.9431,1.10425
13.9833,1.10855
14.0235,1.11284
14.0637,1.11714
14.1039,1.12143
14.1441,1.12573
14.1842,1.13002
14.2244,1.13432
14.2646,1.13862
14.3048,1.14291
14.345,1.14721
14.3852,1.1515
14.4254,1.1558
14.4656,1.1601
14.5058,1.16439
14.546,1.16869
14.5862,1.17298
14.6264,1.17728
14.6666,1.18158
14.7068,1.18587
14.747,1.19017
14.7872,1.19447
14.8273,1.19876
14.8675,1.20306
14.9077,1.20736
14.9479,1.21165
14.9881,1.21595
15.0284,1.22025
15.0686,1.22455
15.1088,1.22884
15.149,1.23314
15.1892,1.23744
15.2294,1.24173
15.2696,1.24603
15.3098,1.25033
15.35,1.25463
15.3902,1.25892
15.4304,1.26322
15.4706,1.26752
15.5108,1.27182
15.551,1.27612
15.5912,1.28041
15.6314,1.28471
15.6717,1.28901
15.7119,1.29331
15.7521,1.29761
15.7923,1.3019
15.8325,1.3062
15.8727,1.3105
15.9129,1.3148
15.9531,1.3191
15.9934,1.3234
16.0336,1.32769
16.0738,1.33199
16.114,1.33629
16.1542,1.34059
16.1944,1.34489
16.2347,1.34919
16.2749,1.35349
16.3151,1.35779
16.3553,1.36208
16.3955,1.36638
16.4358,1.37068
16.476,1.37498
16.5162,1.37928
16.5564,1.38358
16.5966,1.38788
16.6369,1.39218
16.6771,1.39648
16.7173,1.40078
16.7575,1.40508
16.7978,1.40938
16.838,1.41368
16.8782,1.41798
16.9184,1.42227
16.9587,1.42657
16.9989,1.43087
17.0391,1.43517
17.0793,1.43947
17.1196,1.44377
17.1598,1.44807
17.2,1.45237
17.2403,1.45667
17.2805,1.46097
17.3207,1.46527
17.361,1.46957
17.4012,1.47387
17.4414,1.47817
17.4816,1.48248
17.5219,1.48678
17.5621,1.49108
17.6023,1.49538
17.6426,1.49968
17.6828,1.50398
17.723,1.50828
17.7633,1.51258
17.8035,1.51688
17.8438,1.52118
17.884,1.52548
17.9242,1.52978
17.9645,1.53408
18.0047,1.53838
18.0449,1.54268
18.0852,1.54699
18.1254,1.55129
18.1657,1.55559
18.2059,1.55989
18.2461,1.56419
18.2864,1.56849
18.3266,1.57279
18.3669,1.57709
18.4071,1.58139
18.4473,1.5857
18.4876,1.59
18.5278,1.5943
18.5681,1.5986
18.6083,1.6029
18.6485,1.6072
18.6888,1.6115
18.729,1.61581
18.7693,1.62011
18.8095,1.62441
18.8498,1.62871
18.89,1.63301
18.9303,1.63731
18.9705,1.64162
19.0107,1.64592
19.051,1.65022
19.0912,1.65452
19.1315,1.65882
19.1717,1.66312
19.212,1.66743
19.2522,1.67173
19.2925,1.67603
19.3327,1.68033
19.373,1.68463
19.4132,1.68894
19.4535,1.69324
19.4937,1.69754
19.534,1.70184
19.5742,1.70615
19.6145,1.71045
19.6547,1.71475
19.695,1.71905
19.7352,1.72335
19.7755,1.72766
19.8157,1.73196
19.856,1.73626
19.8962,1.74056
19.9365,1.74487
19.9767,1.74917
20.017,1.75347
20.0572,1.75777
20.0975,1.76208
20.1377,1.76638
20.178,1.77068
20.2182,1.77498
20.2585,1.77929
20.2987,1.78359
20.339,1.78789
20.3793,1.79219
20.4195,1.7965
20.4598,1.8008
20.5,1.8051
20.5403,1.80941
20.5805,1.81371
20.6208,1.81801
20.661,1.82231
20.7013,1.82662
20.7416,1.83092
20.7818,1.83522
20.8221,1.83953
20.8623,1.84383
20.9026,1.84813
20.9428,1.85243
20.9831,1.85674
21.0234,1.86104
21.0636,1.86534
21.1039,1.86965
21.1441,1.87395
21.1844,1.87825
21.2246,1.88256
21.2649,1.88686
21.3052,1.89116
21.3454,1.89547
21.3857,1.89977
21.4259,1.90407
21.4662,1.90837
21.5064,1.91268
21.5467,1.91698
21.587,1.92128
21.6272,1.92559
21.6675,1.92989
21.7077,1.93419
21.748,1.9385
21.7883,1.9428
21.8285,1.9471
21.8688,1.95141
21.909,1.95571
21.9493,1.96001
21.9896,1.96432
22.0298,1.96862
22.0701,1.97292
22.1103,1.97723
22.1506,1.98153
22.1909,1.98583
22.2311,1.99014
22.2714,1.99444
22.3116,1.99874
22.3519,2.00305
22.3922,2.00735
22.4324,2.01165
22.4727,2.01596
22.5129,2.02026
22.5532,2.02456
22.5935,2.02887
22.6337,2.03317
22.674,2.03747
22.7143,2.04178
22.7545,2.04608
22.7948,2.05038
22.835,2.05469
22.8753,2.05899
22.9156,2.0633
22.9558,2.0676
22.9961,2.0719
23.0363,2.07621
23.0766,2.08051
23.1169,2.08481
23.1579,2.08912
23.2004,2.09358
23.2445,2.09821
23.2902,2.10301
23.3376,2.10798
23.3866,2.11313
23.4375,2.11847
23.4901,2.124
23.5446,2.12972
23.601,2.13565
23.6594,2.14178
23.7197,2.14812
23.7821,2.15468
23.8466,2.16146
23.9133,2.16847
23.9821,2.17571
24.0532,2.18319
24.1265,2.19091
24.2022,2.19887
24.2803,2.20709
24.3608,2.21556
24.4437,2.22429
24.5291,2.23328
24.617,2.24255
24.7075,2.25208
24.8006,2.26189
24.8963,2.27198
24.9946,2.28235
25.0955,2.293
25.1992,2.30393
25.3055,2.31515
25.4145,2.32666
25.5262,2.33845
25.6406,2.35053
25.7576,2.3629
25.8774,2.37556
25.9997,2.3885
26.1248,2.40172
26.2524,2.41522
26.3826,2.429
26.5153,2.44306
26.6505,2.45738
26.7881,2.47196
26.9281,2.4868
27.0704,2.50189
27.215,2.51722
27.3617,2.53279
27.5105,2.54858
27.6612,2.56459
27.8139,2.58081
27.9683,2.59723
28.1244,2.61382
28.2821,2.6306
28.4412,2.64753
28.6016,2.66461
28.7633,2.68183
28.926,2.69917
29.0896,2.71661
29.254,2.73415
29.4191,2.75176
29.5847,2.76944
29.7507,2.78717
29.9169,2.80492
0.0198879,1.97514
0.0596644,1.97514
0.0994427,1.97514
0.139223,1.97514
0.179004,1.97514
0.218787,1.97514
0.258572,1.97514
0.298359,1.97514
0.338147,1.97514
0.377937,1.97514
0.417728,1.97514
0.457521,1.97514
0.497316,1.97514
0.537113,1.97514
0.576911,1.97514
0.61671,1.97514
0.656512,1.97514
0.696315,1.97514
0.736119,1.97514
0.775925,1.97514
0.815733,1.97514
0.855543,1.97514
0.895354,1.97514
0.935166,1.97514
0.974981,1.97514
1.0148,1.97514
1.05461,1.97514
1.09443,1.97514
1.13425,1.97514
1.17408,1.97514
1.2139,1.97514
1.25373,1.97514
1.29355,1.97514
1.33338,1.97514
1.37321,1.97514
1.41304,1.97514
1.45288,1.97514
1.49271,1.97514
1.53255,1.97514
1.57239,1.97514
1.61223,1.97514
1.65207,1.97514
1.69191,1.97514
1.73175,1.97514
1.7716,1.97514
1.81145,1.97514
1.8513,1.97514
1.89115,1.97514
1.931,1.97514
1.97085,1.97514
2.01071,1.97514
2.05056,1.97514
2.09042,1.97514
2.13028,1.97514
2.17014,1.97514
2.21001,1.97514
2.24987,1.97514
2.28974,1.97514
2.3296,1.97514
2.36947,1.97514
2.40934,1.97514
2.44921,1.97514
2.48909,1.97514
2.52896,1.97514
2.56884,1.97514
2.60872,1.97514
2.64859,1.97514
2.68848,1.97514
2.72836,1.97514
2.76824,1.97514
2.80813,1.97514
2.84801,1.97514
2.8879,1.97514
2.92779,1.97514
2.96768,1.97514
3.00757,1.97514
3.04747,1.97514
3.08736,1.97514
3.12726,1.97514
3.16716,1.97514
3.20706,1.97514
3.24696,1.97514
3.28686,1.97514
3.32677,1.97514
3.36667,1.97514
3.40658,1.97514
3.44649,1.96121
3.4864,1.94727
3.52631,1.93334
3.56622,1.9194
3.60614,1.90546
3.64605,1.89153
3.68597,1.87759
3.72589,1.86365
3.76581,1.84971
3.80573,1.83577
3.84565,1.82183
3.88557,1.80789
3.9255,1.79395
3.96543,1.78001
4.00536,1.76606
4.04528,1.75212
4.08522,1.73818
4.12515,1.72423
4.16508,1.71029
4.20502,1.69635
4.24495,1.6824
4.28489,1.66845
4.32483,1.65451
4.36477,1.64056
4.40471,1.62662
4.44466,1.61267
4.4846,1.59872
4.52455,1.58477
4.56449,1.57082
4.60444,1.55687
4.64439,1.54292
4.68435,1.52897
4.7243,1.51502
4.76425,1.50107
4.80421,1.48712
4.84416,1.47317
4.88412,1.45921
4.92408,1.44526
4.96404,1.43131
5.004,1.41735
5.04397,1.4034
5.08393,1.38944
5.1239,1.37549
5.16387,1.36153
5.20383,1.34758
5.2438,1.33362
5.28378,1.31966
5.32375,1.30571
5.36372,1.29175
5.4037,1.27779
5.44367,1.26383
5.48365,1.24987
5.52363,1.23591
5.56361,1.22195
5.60359,1.20799
5.64357,1.19403
5.68356,1.18007
5.72354,1.1661
5.76353,1.15137
5.80352,1.13663
5.84351,1.12189
5.8835,1.10715
5.92349,1.09241
5.96348,1.07767
6.00348,1.06293
6.04347,1.04819
6.08347,1.03345
6.12347,1.01871
6.16347,1.00397
6.20347,0.989223
6.24347,0.97448
6.28347,0.959737
6.32348,0.944993
6.36348,0.930248
6.40349,0.915503
6.44349,0.900758
6.4835,0.899983
6.52351,0.899207
6.56352,0.898432
6.60354,0.897657
6.64355,0.896881
6.68357,0.896106
6.72358,0.89533
6.7636,0.894555
6.80362,0.893779
6.84364,0.893004
6.88366,0.892228
6.92368,0.891453
6.9637,0.890677
7.00373,0.889901
7.04375,0.889126
7.08378,0.88835
7.12381,0.887574
7.16384,0.886799
7.20387,0.886023
7.2439,0.885247
7.28393,0.884471
7.32397,0.883696
7.364,0.883696
7.40404,0.883696
7.44407,0.883696
7.48411,0.883696
7.52415,0.883696
7.56419,0.883696
7.60423,0.883696
7.64428,0.883696
7.68432,0.883696
7.72437,0.883696
7.76441,0.883696
7.80446,0.883696
7.84451,0.883696
7.88456,0.883696
7.92461,0.883696
7.96466,0.883696
8.00471,0.883696
8.04477,0.883696
8.08482,0.883696
8.12488,0.883696
8.16494,0.883696
8.205,0.883696
8.24506,0.883696
8.28512,0.883696
8.32518,0.883696
8.36524,0.883696
8.4053,0.883696
8.44537,0.883696
8.48544,0.883696
8.5255,0.883696
8.56557,0.883696
8.60564,0.883696
8.64571,0.883696
8.68578,0.883696
8.72585,0.883696
8.76593,0.883696
8.806,0.883696
8.84608,0.883696
8.88615,0.883696
8.92623,0.883696
8.96631,0.883696
9.00639,0.883696
9.04647,0.883696
9.08655,0.883696
9.12663,0.883696
9.16672,0.883696
9.2068,0.883696
9.24689,0.883696
9.28697,0.883696
9.32706,0.883696
9.36715,0.883696
9.40724,0.883696
9.44733,0.883696
9.48742,0.883696
9.52752,0.883696
9.56761,0.883696
9.6077,0.883696
9.6478,0.883696
9.6879,0.883696
9.72799,0.883696
9.76809,0.883696
9.80819,0.883696
9.84829,0.883696
9.8884,0.883696
9.9285,0.883696
9.9686,0.883696
10.0087,0.883696
10.0488,0.883696
10.0889,0.883696
10.129,0.883696
10.1691,0.883696
10.2092,0.883696
10.2494,0.883696
10.2895,0.883696
10.3296,0.883696
10.3697,0.883696
10.4098,0.883696
10.4499,0.883696
10.49,0.883696
10.5302,0.883696
10.5703,0.883696
10.6104,0.883696
10.6505,0.883696
10.6906,0.883696
10.7307,0.883696
10.7709,0.883696
10.811,0.883696
10.8511,0.883696
10.8912,0.883696
10.9314,0.883696
10.9715,0.883696
11.0116,0.883696
11.0517,0.883696
11.0919,0.883696
11.132,0.883696
11.1721,0.883696
11.2123,0.883696
11.2524,0.883696
11.2925,0.883696
11.3327,0.883696
11.3728,0.883696
11.4129,0.883696
11.4531,0.883696
11.4932,0.883696
11.5334,0.883696
11.5735,0.883696
11.6136,0.883696
11.6538,0.883696
11.6939,0.883696
11.7341,0.883696
11.7742,0.888063
11.8144,0.892431
11.8545,0.896799
11.8946,0.901167
11.9348,0.905535
11.9749,0.909904
12.0151,0.914272
12.0552,0.91864
12.0954,0.923009
12.1355,0.927377
12.1757,0.931746
12.2158,0.936115
12.256,0.940484
12.2962,0.944853
12.3363,0.949222
12.3765,0.953591
12.4166,0.95796
12.4568,0.962329
12.4969,0.966699
12.5371,0.971068
12.5773,0.975438
12.6174,0.979807
12.6576,0.984177
12.6977,0.988547
12.7379,0.992917
12.7781,0.997287
12.8182,1.00166
12.8584,1.00603
12.8986,1.0104
12.9387,1.01477
12.9789,1.01914
13.0191,1.02351
13.0592,1.02788
13.0994,1.03225
13.1396,1.03662
13.1797,1.04099
13.2199,1.04536
13.2601,1.04973
13.3003,1.0541
13.3404,1.05847
13.3806,1.06285
13.4208,1.06722
13.461,1.07159
13.5011,1.07596
13.5413,1.08033
13.5815,1.0847
13.6217,1.08907
13.6619,1.09345
13.702,1.09782
13.7422,1.10219
13.7824,1.10656
13.8226,1.11093
13.8628,1.11531
13.9029,1.11968
13.9431,1.12405
13.9833,1.12842
14.0235,1.13279
14.0637,1.13717
14.1039,1.14154
14.1441,1.14591
14.1842,1.15028
14.2244,1.15466
14.2646,1.15903
14.3048,1.1634
14.345,1.16778
14.3852,1.17215
14.4254,1.17652
14.4656,1.1809
14.5058,1.18527
14.546,1.18964
14.5862,1.19401
14.6264,1.19839
14.6666,1.20276
14.7068,1.20714
14.747,1.21151
14.7872,1.21588
14.8273,1.22026
14.8675,1.22463
14.9077,1.229
14.9479,1.23338
14.9881,1.23775
15.0284,1.24213
15.0686,1.2465
15.1088,1.25087
15.149,1.25525
15.1892,1.25962
15.2294,1.264
15.2696,1.26837
15.3098,1.27275
15.35,1.27712
15.3902,1.2815
15.4304,1.28587
15.4706,1.29025
15.5108,1.29462
15.551,1.29899
15.5912,1.30337
15.6314,1.30774
15.6717,1.31212
15.7119,1.31649
15.7521,1.32087
15.7923,1.32525
15.8325,1.32962
15.8727,1.334
15.9129,1.33837
15.9531,1.34275
15.9934,1.34712
16.0336,1.3515
16.0738,1.35587
16.114,1.36025
16.1542,1.36463
16.1944,1.369
16.2347,1.37338
16.2749,1.37775
16.3151,1.38213
16.3553,1.3865
16.3955,1.39088
16.4358,1.39526
16.476,1.39963
16.5162,1.40401
16.5564,1.40839
16.5966,1.41276
16.6369,1.41714
16.6771,1.42151
16.7173,1.42589
16.7575,1.43027
16.7978,1.43464
16.838,1.43902
16.8782,1.4434
16.9184,1.44777
16.9587,1.45215
16.9989,1.45653
17.0391,1.46091
17.0793,1.46528
17.1196,1.46966
17.1598,1.47404
17.2,1.47841
17.2403,1.48279
17.2805,1.48717
17.3207,1.49155
17.361,1.49592
17.4012,1.5003
17.4414,1.50468
17.4816,1.50905
17.5219,1.51343
17.5621,1.51781
17.6023,1.52219
17.6426,1.52656
17.6828,1.53094
17.723,1.53532
17.7633,1.5397
17.8035,1.54408
17.8438,1.54845
17.884,1.55283
17.9242,1.55721
17.9645,1.56159
18.0047,1.56596
18.0449,1.57034
18.0852,1.57472
18.1254,1.5791
18.1657,1.58348
18.2059,1.58786
18.2461,1.59223
18.2864,1.59661
18.3266,1.60099
18.3669,1.60537
18.4071,1.60975
18.4473,1.61413
18.4876,1.6185
18.5278,1.62288
18.5681,1.62726
18.6083,1.63164
18.6485,1.63602
18.6888,1.6404
18.729,1.64478
18.7693,1.64915
18.8095,1.65353
18.8498,1.65791
18.89,1.66229
18.9303,1.66667
18.9705,1.67105
19.0107,1.67543
19.051,1.67981
19.0912,1.68418
19.1315,1.68856
19.1717,1.69294
19.212,1.69732
19.2522,1.7017
19.2925,1.70608
19.3327,1.71046
19.373,1.71484
19.4132,1.71922
19.4535,1.7236
19.4937,1.72798
19.534,1.73236
19.5742,1.73673
19.6145,1.74111
19.6547,1.74549
19.695,1.74987
19.7352,1.75425
19.7755,1.75863
19.8157,1.76301
19.856,1.76739
19.8962,1.77177
19.9365,1.77615
19.9767,1.78053
20.017,1.78491
20.0572,1.78929
20.0975,1.79367
20.1377,1.79805
20.178,1.80243
20.2182,1.80681
20.2585,1.81119
20.2987,1.81557
20.339,1.81995
20.3793,1.82433
20.4195,1.82871
20.4598,1.83309
20.5,1.83747
20.5403,1.84185
20.5805,1.84623
20.6208,1.85061
20.661,1.85499
20.7013,1.85937
20.7416,1.86375
20.7818,1.86813
20.8221,1.87251
20.8623,1.87689
20.9026,1.88127
20.9428,1.88565
20.9831,1.89003
21.0234,1.89441
21.0636,1.89879
21.1039,1.90317
21.1441,1.90755
21.1844,1.91193
21.2246,1.91631
21.2649,1.92069
21.3052,1.92507
21.3454,1.92945
21.3857,1.93383
21.4259,1.93821
21.4662,1.94259
21.5064,1.94697
21.5467,1.95135
21.587,1.95573
21.6272,1.96011
21.6675,1.96449
21.7077,1.96887
21.748,1.97325
21.7883,1.97763
21.8285,1.98201
21.8688,1.98639
21.909,1.99077
21.9493,1.99515
21.9896,1.99954
22.0298,2.00392
22.0701,2.0083
22.1103,2.01268
22.1506,2.01706
22.1909,2.02144
22.2311,2.02582
22.2714,2.0302
22.3116,2.03458
22.3519,2.03896
22.3922,2.04334
22.4324,2.04772
22.4727,2.0521
22.5129,2.05648
22.5532,2.06086
22.5935,2.06524
22.6337,2.06962
22.674,2.074
22.7143,2.07838
22.7545,2.08277
22.7948,2.08715
22.835,2.09153
22.8753,2.09591
22.9156,2.10029
22.9558,2.10467
22.9961,2.10905
23.0363,2.11343
23.0766,2.11781
23.1169,2.12219
23.1579,2.12657
23.2004,2.13111
23.2445,2.13583
23.2902,2.14071
23.3376,2.14577
23.3866,2.15102
23.4375,2.15645
23.4901,2.16208
23.5446,2.16791
23.601,2.17394
23.6594,2.18018
23.7197,2.18664
23.7821,2.19331
23.8466,2.20022
23.9133,2.20735
23.9821,2.21472
24.0532,2.22233
24.1265,2.23019
24.2022,2.23829
24.2803,2.24666
24.3608,2.25528
24.4437,2.26417
24.5291,2.27333
24.617,2.28275
24.7075,2.29246
24.8006,2.30244
24.8963,2.31271
24.9946,2.32327
25.0955,2.33411
25.1992,2.34524
25.3055,2.35666
25.4145,2.36837
25.5262,2.38038
25.6406,2.39268
25.7576,2.40527
25.8774,2.41815
25.9997,2.43132
26.1248,2.44478
26.2524,2.45853
26.3826,2.47255
26.5153,2.48686
26.6505,2.50144
26.7881,2.51628
26.9281,2.53139
27.0704,2.54675
27.215,2.56235
27.3617,2.5782
27.5105,2.59428
27.6612,2.61057
27.8139,2.62708
27.9683,2.64379
28.1244,2.66069
28.2821,2.67776
28.4412,2.695
28.6016,2.71239
28.7633,2.72991
28.926,2.74756
29.0896,2.76532
29.254,2.78317
29.4191,2.8011
29.5847,2.81909
29.7507,2.83714
29.9169,2.85521
0.0198879,2.00521
0.0596644,2.00521
0.0994427,2.00521
0.139223,2.00521
0.179004,2.00521
0.218787,2.00521
0.258572,2.00521
0.298359,2.00521
0.338147,2.00521
0.377937,2.00521
0.417728,2.00521
0.457521,2.00521
0.497316,2.00521
0.537113,2.00521
0.576911,2.00521
0.61671,2.00521
0.656512,2.00521
0.696315,2.00521
0.736119,2.00521
0.775925,2.00521
0.815733,2.00521
0.855543,2.00521
0.895354,2.00521
0.935166,2.00521
0.974981,2.00521
1.0148,2.00521
1.05461,2.00521
1.09443,2.00521
1.13425,2.00521
1.17408,2.00521
1.2139,2.00521
1.25373,2.00521
1.29355,2.00521
1.33338,2.00521
1.37321,2.00521
1.41304,2.00521
1.45288,2.00521
1.49271,2.00521
1.53255,2.00521
1.57239,2.00521
1.61223,2.00521
1.65207,2.00521
1.69191,2.00521
1.73175,2.00521
1.7716,2.00521
1.81145,2.00521
1.8513,2.00521
1.89115,2.00521
1.931,2.00521
1.97085,2.00521
2.01071,2.00521
2.05056,2.00521
2.09042,2.00521
2.13028,2.00521
2.17014,2.00521
2.21001,2.00521
2.24987,2.00521
2.28974,2.00521
2.3296,2.00521
2.36947,2.00521
2.40934,2.00521
2.44921,2.00521
2.48909,2.00521
2.52896,2.00521
2.56884,2.00521
2.60872,2.00521
2.64859,2.00521
2.68848,2.00521
2.72836,2.00521
2.76824,2.00521
2.80813,2.00521
2.84801,2.00521
2.8879,2.00521
2.92779,2.00521
2.96768,2.00521
3.00757,2.00521
3.04747,2.00521
3.08736,2.00521
3.12726,2.00521
3.16716,2.00521
3.20706,2.00521
3.24696,2.00521
3.28686,2.00521
3.32677,2.00521
3.36667,2.00521
3.40658,2.00521
3.44649,1.99103
3.4864,1.97685
3.52631,1.96267
3.56622,1.94849
3.60614,1.9343
3.64605,1.92012
3.68597,1.90594
3.72589,1.89175
3.76581,1.87757
3.80573,1.86338
3.84565,1.8492
3.88557,1.83501
3.9255,1.82083
3.96543,1.80664
4.00536,1.79245
4.04528,1.77826
4.08522,1.76407
4.12515,1.74989
4.16508,1.7357
4.20502,1.72151
4.24495,1.70732
4.28489,1.69312
4.32483,1.67893
4.36477,1.66474
4.40471,1.65055
4.44466,1.63636
4.4846,1.62216
4.52455,1.60797
4.56449,1.59377
4.60444,1.57958
4.64439,1.56538
4.68435,1.55119
4.7243,1.53699
4.76425,1.5228
4.80421,1.5086
4.84416,1.4944
4.88412,1.4802
4.92408,1.466
4.96404,1.4518
5.004,1.4376
5.04397,1.4234
5.08393,1.4092
5.1239,1.395
5.16387,1.3808
5.20383,1.3666
5.2438,1.3524
5.28378,1.33819
5.32375,1.32399
5.36372,1.30979
5.4037,1.29558
5.44367,1.28138
5.48365,1.26717
5.52363,1.25297
5.56361,1.23876
5.60359,1.22456
5.64357,1.21035
5.68356,1.19614
5.72354,1.18193
5.76353,1.16705
5.80352,1.15217
5.84351,1.13729
5.8835,1.12241
5.92349,1.10753
5.96348,1.09265
6.00348,1.07777
6.04347,1.06288
6.08347,1.048
6.12347,1.03312
6.16347,1.01823
6.20347,1.00335
6.24347,0.988461
6.28347,0.973576
6.32348,0.95869
6.36348,0.943803
6.40349,0.928916
6.44349,0.914029
6.4835,0.913357
6.52351,0.912685
6.56352,0.912014
6.60354,0.911342
6.64355,0.91067
6.68357,0.909998
6.72358,0.909327
6.7636,0.908655
6.80362,0.907983
6.84364,0.907311
6.88366,0.906639
6.92368,0.905968
6.9637,0.905296
7.00373,0.904624
7.04375,0.903952
7.08378,0.90328
7.12381,0.902608
7.16384,0.901936
7.20387,0.901264
7.2439,0.900592
7.28393,0.89992
7.32397,0.899248
7.364,0.899248
7.40404,0.899248
7.44407,0.899248
7.48411,0.899248
7.52415,0.899248
7.56419,0.899248
7.60423,0.899248
7.64428,0.899248
7.68432,0.899248
7.72437,0.899248
7.76441,0.899248
7.80446,0.899248
7.84451,0.899248
7.88456,0.899248
7.92461,0.899248
7.96466,0.899248
8.00471,0.899248
8.04477,0.899248
8.08482,0.899248
8.12488,0.899248
8.16494,0.899248
8.205,0.899248
8.24506,0.899248
8.28512,0.899248
8.32518,0.899248
8.36524,0.899248
8.4053,0.899248
8.44537,0.899248
8.48544,0.899248
8.5255,0.899248
8.56557,0.899248
8.60564,0.899248
8.64571,0.899248
8.68578,0.899248
8.72585,0.899248
8.76593,0.899248
8.806,0.899248
8.84608,0.899248
8.88615,0.899248
8.92623,0.899248
8.96631,0.899248
9.00639,0.899248
9.04647,0.899248
9.08655,0.899248
9.12663,0.899248
9.16672,0.899248
9.2068,0.899248
9.24689,0.899248
9.28697,0.899248
9.32706,0.899248
9.36715,0.899248
9.40724,0.899248
9.44733,0.899248
9.48742,0.899248
9.52752,0.899248
9.56761,0.899248
9.6077,0.899248
9.6478,0.899248
9.6879,0.899248
9.72799,0.899248
9.76809,0.899248
9.80819,0.899248
9.84829,0.899248
9.8884,0.899248
9.9285,0.899248
9.9686,0.899248
10.0087,0.899248
10.0488,0.899248
10.0889,0.899248
10.129,0.899248
10.1691,0.899248
10.2092,0.899248
10.2494,0.899248
10.2895,0.899248
10.3296,0.899248
10.3697,0.899248
10.4098,0.899248
10.4499,0.899248
10.49,0.899248
10.5302,0.899248
10.5703,0.899248
10.6104,0.899248
10.6505,0.899248
10.6906,0.899248
10.7307,0.899248
10.7709,0.899248
10.811,0.899248
10.8511,0.899248
10.8912,0.899248
10.9314,0.899248
10.9715,0.899248
11.0116,0.899248
11.0517,0.899248
11.0919,0.899248
11.132,0.899248
11.1721,0.899248
11.2123,0.899248
11.2524,0.899248
11.2925,0.899248
11.3327,0.899248
11.3728,0.899248
11.4129,0.899248
11.4531,0.899248
11.4932,0.899248
11.5334,0.899248
11.5735,0.899248
11.6136,0.899248
11.6538,0.899248
11.6939,0.899248
11.7341,0.899248
11.7742,0.903692
11.8144,0.908137
11.8545,0.912582
11.8946,0.917027
11.9348,0.921472
11.9749,0.925917
12.0151,0.930362
12.0552,0.934807
12.0954,0.939253
12.1355,0.943698
12.1757,0.948144
12.2158,0.95259
12.256,0.957035
12.2962,0.961481
12.3363,0.965927
12.3765,0.970373
12.4166,0.974819
12.4568,0.979265
12.4969,0.983712
12.5371,0.988158
12.5773,0.992604
12.6174,0.997051
12.6576,1.0015
12.6977,1.00594
12.7379,1.01039
12.7781,1.01484
12.8182,1.01928
12.8584,1.02373
12.8986,1.02818
12.9387,1.03263
12.9789,1.03707
13.0191,1.04152
13.0592,1.04597
13.0994,1.05042
13.1396,1.05486
13.1797,1.05931
13.2199,1.06376
13.2601,1.06821
13.3003,1.07265
13.3404,1.0771
13.3806,1.08155
13.4208,1.086
13.461,1.09045
13.5011,1.0949
13.5413,1.09934
13.5815,1.10379
13.6217,1.10824
13.6619,1.11269
13.702,1.11714
13.7422,1.12159
13.7824,1.12604
13.8226,1.13048
13.8628,1.13493
13.9029,1.13938
13.9431,1.14383
13.9833,1.14828
14.0235,1.15273
14.0637,1.15718
14.1039,1.16163
14.1441,1.16608
14.1842,1.17053
14.2244,1.17498
14.2646,1.17943
14.3048,1.18388
14.345,1.18833
14.3852,1.19278
14.4254,1.19723
14.4656,1.20168
14.5058,1.20613
14.546,1.21058
14.5862,1.21503
14.6264,1.21948
14.6666,1.22393
14.7068,1.22838
14.747,1.23283
14.7872,1.23728
14.8273,1.24173
14.8675,1.24618
14.9077,1.25063
14.9479,1.25508
14.9881,1.25954
15.0284,1.26399
15.0686,1.26844
15.1088,1.27289
15.149,1.27734
15.1892,1.28179
15.2294,1.28624
15.2696,1.29069
15.3098,1.29515
15.35,1.2996
15.3902,1.30405
15.4304,1.3085
15.4706,1.31295
15.5108,1.3174
15.551,1.32186
15.5912,1.32631
15.6314,1.33076
15.6717,1.33521
15.7119,1.33966
15.7521,1.34412
15.7923,1.34857
15.8325,1.35302
15.8727,1.35747
15.9129,1.36193
15.9531,1.36638
15.9934,1.37083
16.0336,1.37528
16.0738,1.37974
16.114,1.38419
16.1542,1.38864
16.1944,1.39309
16.2347,1.39755
16.2749,1.402
16.3151,1.40645
16.3553,1.41091
16.3955,1.41536
16.4358,1.41981
16.476,1.42427
16.5162,1.42872
16.5564,1.43317
16.5966,1.43763
16.6369,1.44208
16.6771,1.44653
16.7173,1.45099
16.7575,1.45544
16.7978,1.45989
16.838,1.46435
16.8782,1.4688
16.9184,1.47325
16.9587,1.47771
16.9989,1.48216
17.0391,1.48662
17.0793,1.49107
17.1196,1.49552
17.1598,1.49998
17.2,1.50443
17.2403,1.50889
17.2805,1.51334
17.3207,1.51779
17.361,1.52225
17.4012,1.5267
17.4414,1.53116
17.4816,1.53561
17.5219,1.54007
17.5621,1.54452
17.6023,1.54898
17.6426,1.55343
17.6828,1.55789
17.723,1.56234
17.7633,1.56679
17.8035,1.57125
17.8438,1.5757
17.884,1.58016
17.9242,1.58461
17.9645,1.58907
18.0047,1.59352
18.0449,1.59798
18.0852,1.60243
18.1254,1.60689
18.1657,1.61134
18.2059,1.6158
18.2461,1.62026
18.2864,1.62471
18.3266,1.62917
18.3669,1.63362
18.4071,1.63808
18.4473,1.64253
18.4876,1.64699
18.5278,1.65144
18.5681,1.6559
18.6083,1.66035
18.6485,1.66481
18.6888,1.66927
18.729,1.67372
18.7693,1.67818
18.8095,1.68263
18.8498,1.68709
18.89,1.69154
18.9303,1.696
18.9705,1.70046
19.0107,1.70491
19.051,1.70937
19.0912,1.71382
19.1315,1.71828
19.1717,1.72274
19.212,1.72719
19.2522,1.73165
19.2925,1.73611
19.3327,1.74056
19.373,1.74502
19.4132,1.74947
19.4535,1.75393
19.4937,1.75839
19.534,1.76284
19.5742,1.7673
19.6145,1.77176
19.6547,1.77621
19.695,1.78067
19.7352,1.78513
19.7755,1.78958
19.8157,1.79404
19.856,1.7985
19.8962,1.80295
19.9365,1.80741
19.9767,1.81187
20.017,1.81632
20.0572,1.82078
20.0975,1.82524
20.1377,1.82969
20.178,1.83415
20.2182,1.83861
20.2585,1.84306
20.2987,1.84752
20.339,1.85198
20.3793,1.85643
20.4195,1.86089
20.4598,1.86535
20.5,1.8698
20.5403,1.87426
20.5805,1.87872
20.6208,1.88318
20.661,1.88763
20.7013,1.89209
20.7416,1.89655
20.7818,1.901
20.8221,1.90546
20.8623,1.90992
20.9026,1.91438
20.9428,1.91883
20.9831,1.92329
21.0234,1.92775
21.0636,1.9322
21.1039,1.93666
21.1441,1.94112
21.1844,1.94558
21.2246,1.95003
21.2649,1.95449
21.3052,1.95895
21.3454,1.96341
21.3857,1.96786
21.4259,1.97232
21.4662,1.97678
21.5064,1.98123
21.5467,1.98569
21.587,1.99015
21.6272,1.99461
21.6675,1.99906
21.7077,2.00352
21.748,2.00798
21.7883,2.01244
21.8285,2.01689
21.8688,2.02135
21.909,2.02581
21.9493,2.03027
21.9896,2.03472
22.0298,2.03918
22.0701,2.04364
22.1103,2.0481
22.1506,2.05256
22.1909,2.05701
22.2311,2.06147
22.2714,2.06593
22.3116,2.07039
22.3519,2.07484
22.3922,2.0793
22.4324,2.08376
22.4727,2.08822
22.5129,2.09267
22.5532,2.09713
22.5935,2.10159
22.6337,2.10605
22.674,2.1105
22.7143,2.11496
22.7545,2.11942
22.7948,2.12388
22.835,2.12834
22.8753,2.13279
22.9156,2.13725
22.9558,2.14171
22.9961,2.14617
23.0363,2.15062
23.0766,2.15508
23.1169,2.15954
23.1579,2.164
23.2004,2.16862
23.2445,2.17341
23.2902,2.17838
23.3376,2.18354
23.3866,2.18887
23.4375,2.1944
23.4901,2.20013
23.5446,2.20606
23.601,2.2122
23.6594,2.21855
23.7197,2.22512
23.7821,2.23191
23.8466,2.23894
23.9133,2.2462
23.9821,2.2537
24.0532,2.26144
24.1265,2.26943
24.2022,2.27769
24.2803,2.2862
24.3608,2.29497
24.4437,2.30402
24.5291,2.31333
24.617,2.32293
24.7075,2.3328
24.8006,2.34297
24.8963,2.35341
24.9946,2.36415
25.0955,2.37518
25.1992,2.38651
25.3055,2.39813
25.4145,2.41005
25.5262,2.42227
25.6406,2.43478
25.7576,2.4476
25.8774,2.46071
25.9997,2.47411
26.1248,2.48781
26.2524,2.50179
26.3826,2.51607
26.5153,2.53062
26.6505,2.54546
26.7881,2.56056
26.9281,2.57594
27.0704,2.59157
27.215,2.60745
27.3617,2.62357
27.5105,2.63993
27.6612,2.65652
27.8139,2.67332
27.9683,2.69032
28.1244,2.70751
28.2821,2.72489
28.4412,2.74243
28.6016,2.76012
28.7633,2.77796
28.926,2.79592
29.0896,2.81399
29.254,2.83215
29.4191,2.8504
29.5847,2.86871
29.7507,2.88707
29.9169,2.90546
0.0198879,2.03525
0.0596644,2.03525
0.0994427,2.03525
0.139223,2.03525
0.179004,2.03525
0.218787,2.03525
0.258572,2.03525
0.298359,2.03525
0.338147,2.03525
0.377937,2.03525
0.417728,2.03525
0.457521,2.03525
0.497316,2.03525
0.537113,2.03525
0.576911,2.03525
0.61671,2.03525
0.656512,2.03525
0.696315,2.03525
0.736119,2.03525
0.775925,2.03525
0.815733,2.03525
0.855543,2.03525
0.895354,2.03525
0.935166,2.03525
0.974981,2.03525
1.0148,2.03525
1.05461,2.03525
1.09443,2.03525
1.13425,2.03525
1.17408,2.03525
1.2139,2.03525
1.25373,2.03525
1.29355,2.03525
1.33338,2.03525
1.37321,2.03525
1.41304,2.03525
1.45288,2.03525
1.49271,2.03525
1.53255,2.03525
1.57239,2.03525
1.61223,2.03525
1.65207,2.03525
1.69191,2.03525
1.73175,2.03525
1.7716,2.03525
1.81145,2.03525
1.8513,2.03525
1.89115,2.03525
1.931,2.03525
1.97085,2.03525
2.01071,2.03525
2.05056,2.03525
2.09042,2.03525
2.13028,2.03525
2.17014,2.03525
2.21001,2.03525
2.24987,2.03525
2.28974,2.03525
2.3296,2.03525
2.36947,2.03525
2.40934,2.03525
2.44921,2.03525
2.48909,2.03525
2.52896,2.03525
2.56884,2.03525
2.60872,2.03525
2.64859,2.03525
2.68848,2.03525
2.72836,2.03525
2.76824,2.03525
2.80813,2.03525
2.84801,2.03525
2.8879,2.03525
2.92779,2.03525
2.96768,2.03525
3.00757,2.03525
3.04747,2.03525
3.08736,2.03525
3.12726,2.03525
3.16716,2.03525
3.20706,2.03525
3.24696,2.03525
3.28686,2.03525
3.32677,2.03525
3.36667,2.03525
3.40658,2.03525
3.44649,2.02083
3.4864,2.0064
3.52631,1.99198
3.56622,1.97755
3.60614,1.96312
3.64605,1.94869
3.68597,1.93426
3.72589,1.91984
3.76581,1.90541
3.80573,1.89098
3.84565,1.87655
3.88557,1.86211
3.9255,1.84768
3.96543,1.83325
4.00536,1.81882
4.04528,1.80438
4.08522,1.78995
4.12515,1.77552
4.16508,1.76108
4.20502,1.74665
4.24495,1.73221
4.28489,1.71777
4.32483,1.70334
4.36477,1.6889
4.40471,1.67446
4.44466,1.66002
4.4846,1.64559
4.52455,1.63115
4.56449,1.61671
4.60444,1.60227
4.64439,1.58783
4.68435,1.57339
4.7243,1.55894
4.76425,1.5445
4.80421,1.53006
4.84416,1.51562
4.88412,1.50117
4.92408,1.48673
4.96404,1.47228
5.004,1.45784
5.04397,1.44339
5.08393,1.42895
5.1239,1.4145
5.16387,1.40005
5.20383,1.38561
5.2438,1.37116
5.28378,1.35671
5.32375,1.34226
5.36372,1.32781
5.4037,1.31336
5.44367,1.29891
5.48365,1.28446
5.52363,1.27001
5.56361,1.25556
5.60359,1.24111
5.64357,1.22666
5.68356,1.2122
5.72354,1.19775
5.76353,1.18273
5.80352,1.16771
5.84351,1.15268
5.8835,1.13766
5.92349,1.12264
5.96348,1.10761
6.00348,1.09259
6.04347,1.07756
6.08347,1.06254
6.12347,1.04751
6.16347,1.03249
6.20347,1.01746
6.24347,1.00243
6.28347,0.987404
6.32348,0.972375
6.36348,0.957347
6.40349,0.942318
6.44349,0.927288
6.4835,0.92672
6.52351,0.926152
6.56352,0.925584
6.60354,0.925016
6.64355,0.924448
6.68357,0.92388
6.72358,0.923311
6.7636,0.922743
6.80362,0.922175
6.84364,0.921607
6.88366,0.921038
6.92368,0.92047
6.9637,0.919902
7.00373,0.919334
7.04375,0.918765
7.08378,0.918197
7.12381,0.917629
7.16384,0.91706
7.20387,0.916492
7.2439,0.915924
7.28393,0.915355
7.32397,0.914787
7.364,0.914787
7.40404,0.914787
7.44407,0.914787
7.48411,0.914787
7.52415,0.914787
7.56419,0.914787
7.60423,0.914787
7.64428,0.914787
7.68432,0.914787
7.72437,0.914787
7.76441,0.914787
7.80446,0.914787
7.84451,0.914787
7.88456,0.914787
7.92461,0.914787
7.96466,0.914787
8.00471,0.914787
8.04477,0.914787
8.08482,0.914787
8.12488,0.914787
8.16494,0.914787
8.205,0.914787
8.24506,0.914787
8.28512,0.914787
8.32518,0.914787
8.36524,0.914787
8.4053,0.914787
8.44537,0.914787
8.48544,0.914787
8.5255,0.914787
8.56557,0.914787
8.60564,0.914787
8.64571,0.914787
8.68578,0.914787
8.72585,0.914787
8.76593,0.914787
8.806,0.914787
8.84608,0.914787
8.88615,0.914787
8.92623,0.914787
8.96631,0.914787
9.00639,0.914787
9.04647,0.914787
9.08655,0.914787
9.12663,0.914787
9.16672,0.914787
9.2068,0.914787
9.24689,0.914787
9.28697,0.914787
9.32706,0.914787
9.36715,0.914787
9.40724,0.914787
9.44733,0.914787
9.48742,0.914787
9.52752,0.914787
9.56761,0.914787
9.6077,0.914787
9.6478,0.914787
9.6879,0.914787
9.72799,0.914787
9.76809,0.914787
9.80819,0.914787
9.84829,0.914787
9.8884,0.914787
9.9285,0.914787
9.9686,0.914787
10.0087,0.914787
10.0488,0.914787
10.0889,0.914787
10.129,0.914787
10.1691,0.914787
10.2092,0.914787
10.2494,0.914787
10.2895,0.914787
10.3296,0.914787
10.3697,0.914787
10.4098,0.914787
10.4499,0.914787
10.49,0.914787
10.5302,0.914787
10.5703,0.914787
10.6104,0.914787
10.6505,0.914787
10.6906,0.914787
10.7307,0.914787
10.7709,0.914787
10.811,0.914787
10.8511,0.914787
10.8912,0.914787
10.9314,0.914787
10.9715,0.914787
11.0116,0.914787
11.0517,0.914787
11.0919,0.914787
11.132,0.914787
11.1721,0.914787
11.2123,0.914787
11.2524,0.914787
11.2925,0.914787
11.3327,0.914787
11.3728,0.914787
11.4129,0.914787
11.4531,0.914787
11.4932,0.914787
11.5334,0.914787
11.5735,0.914787
11.6136,0.914787
11.6538,0.914787
11.6939,0.914787
11.7341,0.914787
11.7742,0.919308
11.8144,0.92383
11.8545,0.928351
11.8946,0.932873
11.9348,0.937395
11.9749,0.941917
12.0151,0.946439
12.0552,0.950961
12.0954,0.955483
12.1355,0.960006
12.1757,0.964528
12.2158,0.96905
12.256,0.973573
12.2962,0.978096
12.3363,0.982618
12.3765,0.987141
12.4166,0.991664
12.4568,0.996187
12.4969,1.00071
12.5371,1.00523
12.5773,1.00976
12.6174,1.01428
12.6576,1.0188
12.6977,1.02333
12.7379,1.02785
12.7781,1.03237
12.8182,1.0369
12.8584,1.04142
12.8986,1.04595
12.9387,1.05047
12.9789,1.05499
13.0191,1.05952
13.0592,1.06404
13.0994,1.06857
13.1396,1.07309
13.1797,1.07762
13.2199,1.08214
13.2601,1.08667
13.3003,1.09119
13.3404,1.09571
13.3806,1.10024
13.4208,1.10476
13.461,1.10929
13.5011,1.11382
13.5413,1.11834
13.5815,1.12287
13.6217,1.12739
13.6619,1.13192
13.702,1.13644
13.7422,1.14097
13.7824,1.14549
13.8226,1.15002
13.8628,1.15455
13.9029,1.15907
13.9431,1.1636
13.9833,1.16812
14.0235,1.17265
14.0637,1.17718
14.1039,1.1817
14.1441,1.18623
14.1842,1.19076
14.2244,1.19528
14.2646,1.19981
14.3048,1.20434
14.345,1.20886
14.3852,1.21339
14.4254,1.21792
14.4656,1.22244
14.5058,1.22697
14.546,1.2315
14.5862,1.23602
14.6264,1.24055
14.6666,1.24508
14.7068,1.24961
14.747,1.25413
14.7872,1.25866
14.8273,1.26319
14.8675,1.26772
14.9077,1.27224
14.9479,1.27677
14.9881,1.2813
15.0284,1.28583
15.0686,1.29036
15.1088,1.29488
15.149,1.29941
15.1892,1.30394
15.2294,1.30847
15.2696,1.313
15.3098,1.31753
15.35,1.32205
15.3902,1.32658
15.4304,1.33111
15.4706,1.33564
15.5108,1.34017
15.551,1.3447
15.5912,1.34923
15.6314,1.35376
15.6717,1.35828
15.7119,1.36281
15.7521,1.36734
15.7923,1.37187
15.8325,1.3764
15.8727,1.38093
15.9129,1.38546
15.9531,1.38999
15.9934,1.39452
16.0336,1.39905
16.0738,1.40358
16.114,1.40811
16.1542,1.41264
16.1944,1.41717
16.2347,1.4217
16.2749,1.42623
16.3151,1.43076
16.3553,1.43529
16.3955,1.43982
16.4358,1.44435
16.476,1.44888
16.5162,1.45341
16.5564,1.45794
16.5966,1.46247
16.6369,1.467
16.6771,1.47153
16.7173,1.47606
16.7575,1.48059
16.7978,1.48512
16.838,1.48965
16.8782,1.49418
16.9184,1.49871
16.9587,1.50324
16.9989,1.50777
17.0391,1.5123
17.0793,1.51684
17.1196,1.52137
17.1598,1.5259
17.2,1.53043
17.2403,1.53496
17.2805,1.53949
17.3207,1.54402
17.361,1.54855
17.4012,1.55309
17.4414,1.55762
17.4816,1.56215
17.5219,1.56668
17.5621,1.57121
17.6023,1.57574
17.6426,1.58027
17.6828,1.58481
17.723,1.58934
17.7633,1.59387
17.8035,1.5984
17.8438,1.60293
17.884,1.60746
17.9242,1.612
17.9645,1.61653
18.0047,1.62106
18.0449,1.62559
18.0852,1.63012
18.1254,1.63466
18.1657,1.63919
18.2059,1.64372
18.2461,1.64825
18.2864,1.65279
18.3266,1.65732
18.3669,1.66185
18.4071,1.66638
18.4473,1.67092
18.4876,1.67545
18.5278,1.67998
18.5681,1.68451
18.6083,1.68905
18.6485,1.69358
18.6888,1.69811
18.729,1.70264
18.7693,1.70718
18.8095,1.71171
18.8498,1.71624
18.89,1.72078
18.9303,1.72531
18.9705,1.72984
19.0107,1.73437
19.051,1.73891
19.0912,1.74344
19.1315,1.74797
19.1717,1.75251
19.212,1.75704
19.2522,1.76157
19.2925,1.76611
19.3327,1.77064
19.373,1.77517
19.4132,1.77971
19.4535,1.78424
19.4937,1.78877
19.534,1.79331
19.5742,1.79784
19.6145,1.80237
19.6547,1.80691
19.695,1.81144
19.7352,1.81597
19.7755,1.82051
19.8157,1.82504
19.856,1.82957
19.8962,1.83411
19.9365,1.83864
19.9767,1.84317
20.017,1.84771
20.0572,1.85224
20.0975,1.85678
20.1377,1.86131
20.178,1.86584
20.2182,1.87038
20.2585,1.87491
20.2987,1.87945
20.339,1.88398
20.3793,1.88851
20.4195,1.89305
20.4598,1.89758
20.5,1.90211
20.5403,1.90665
20.5805,1.91118
20.6208,1.91572
20.661,1.92025
20.7013,1.92479
20.7416,1.92932
20.7818,1.93385
20.8221,1.93839
20.8623,1.94292
20.9026,1.94746
20.9428,1.95199
20.9831,1.95652
21.0234,1.96106
21.0636,1.96559
21.1039,1.97013
21.1441,1.97466
21.1844,1.9792
21.2246,1.98373
21.2649,1.98826
21.3052,1.9928
21.3454,1.99733
21.3857,2.00187
21.4259,2.0064
21.4662,2.01094
21.5064,2.01547
21.5467,2.02001
21.587,2.02454
21.6272,2.02907
21.6675,2.03361
21.7077,2.03814
21.748,2.04268
21.7883,2.04721
21.8285,2.05175
21.8688,2.05628
21.909,2.06082
21.9493,2.06535
21.9896,2.06989
22.0298,2.07442
22.0701,2.07895
22.1103,2.08349
22.1506,2.08802
22.1909,2.09256
22.2311,2.09709
22.2714,2.10163
22.3116,2.10616
22.3519,2.1107
22.3922,2.11523
22.4324,2.11977
22.4727,2.1243
22.5129,2.12884
22.5532,2.13337
22.5935,2.13791
22.6337,2.14244
22.674,2.14697
22.7143,2.15151
22.7545,2.15604
22.7948,2.16058
22.835,2.16511
22.8753,2.16965
22.9156,2.17418
22.9558,2.17872
22.9961,2.18325
23.0363,2.18779
23.0766,2.19232
23.1169,2.19686
23.1579,2.20139
23.2004,2.20609
23.2445,2.21097
23.2902,2.21603
23.3376,2.22127
23.3866,2.2267
23.4375,2.23232
23.4901,2.23815
23.5446,2.24418
23.601,2.25042
23.6594,2.25689
23.7197,2.26357
23.7821,2.27048
23.8466,2.27763
23.9133,2.28501
23.9821,2.29264
24.0532,2.30052
24.1265,2.30865
24.2022,2.31704
24.2803,2.3257
24.3608,2.33463
24.4437,2.34383
24.5291,2.35331
24.617,2.36307
24.7075,2.37312
24.8006,2.38345
24.8963,2.39408
24.9946,2.40501
25.0955,2.41623
25.1992,2.42775
25.3055,2.43957
25.4145,2.4517
25.5262,2.46413
25.6406,2.47686
25.7576,2.48989
25.8774,2.50323
25.9997,2.51686
26.1248,2.5308
26.2524,2.54503
26.3826,2.55955
26.5153,2.57435
26.6505,2.58944
26.7881,2.60481
26.9281,2.62045
27.0704,2.63635
27.215,2.65251
27.3617,2.66891
27.5105,2.68555
27.6612,2.70242
27.8139,2.71951
27.9683,2.73681
28.1244,2.7543
28.2821,2.77197
28.4412,2.78982
28.6016,2.80782
28.7633,2.82596
28.926,2.84423
29.0896,2.86261
29.254,2.88109
29.4191,2.89965
29.5847,2.91828
29.7507,2.93696
29.9169,2.95566
0.0198879,2.06527
0.0596644,2.06527
0.0994427,2.06527
0.139223,2.06527
0.179004,2.06527
0.218787,2.06527
0.258572,2.06527
0.298359,2.06527
0.338147,2.06527
0.377937,2.06527
0.417728,2.06527
0.457521,2.06527
0.497316,2.06527
0.537113,2.06527
0.576911,2.06527
0.61671,2.06527
0.656512,2.06527
0.696315,2.06527
0.736119,2.06527
0.775925,2.06527
0.815733,2.06527
0.855543,2.06527
0.895354,2.06527
0.935166,2.06527
0.974981,2.06527
1.0148,2.06527
1.05461,2.06527
1.09443,2.06527
1.13425,2.06527
1.17408,2.06527
1.2139,2.06527
1.25373,2.06527
1.29355,2.06527
1.33338,2.06527
1.37321,2.06527
1.41304,2.06527
1.45288,2.06527
1.49271,2.06527
1.53255,2.06527
1.57239,2.06527
1.61223,2.06527
1.65207,2.06527
1.69191,2.06527
1.73175,2.06527
1.7716,2.06527
1.81145,2.06527
1.8513,2.06527
1.89115,2.06527
1.931,2.06527
1.97085,2.06527
2.01071,2.06527
2.05056,2.06527
2.09042,2.06527
2.13028,2.06527
2.17014,2.06527
2.21001,2.06527
2.24987,2.06527
2.28974,2.06527
2.3296,2.06527
2.36947,2.06527
2.40934,2.06527
2.44921,2.06527
2.48909,2.06527
2.52896,2.06527
2.56884,2.06527
2.60872,2.06527
2.64859,2.06527
2.68848,2.06527
2.72836,2.06527
2.76824,2.06527
2.80813,2.06527
2.84801,2.06527
2.8879,2.06527
2.92779,2.06527
2.96768,2.06527
3.00757,2.06527
3.04747,2.06527
3.08736,2.06527
3.12726,2.06527
3.16716,2.06527
3.20706,2.06527
3.24696,2.06527
3.28686,2.06527
3.32677,2.06527
3.36667,2.06527
3.40658,2.06527
3.44649,2.0506
3.4864,2.03593
3.52631,2.02126
3.56622,2.00659
3.60614,1.99191
3.64605,1.97724
3.68597,1.96257
3.72589,1.94789
3.76581,1.93322
3.80573,1.91854
3.84565,1.90387
3.88557,1.88919
3.9255,1.87451
3.96543,1.85984
4.00536,1.84516
4.04528,1.83048
4.08522,1.8158
4.12515,1.80112
4.16508,1.78644
4.20502,1.77176
4.24495,1.75708
4.28489,1.7424
4.32483,1.72772
4.36477,1.71304
4.40471,1.69836
4.44466,1.68367
4.4846,1.66899
4.52455,1.6543
4.56449,1.63962
4.60444,1.62493
4.64439,1.61025
4.68435,1.59556
4.7243,1.58088
4.76425,1.56619
4.80421,1.5515
4.84416,1.53681
4.88412,1.52212
4.92408,1.50743
4.96404,1.49275
5.004,1.47806
5.04397,1.46336
5.08393,1.44867
5.1239,1.43398
5.16387,1.41929
5.20383,1.4046
5.2438,1.3899
5.28378,1.37521
5.32375,1.36052
5.36372,1.34582
5.4037,1.33113
5.44367,1.31643
5.48365,1.30174
5.52363,1.28704
5.56361,1.27234
5.60359,1.25765
5.64357,1.24295
5.68356,1.22825
5.72354,1.21355
5.76353,1.19839
5.80352,1.18322
5.84351,1.16806
5.8835,1.15289
5.92349,1.13773
5.96348,1.12256
6.00348,1.1074
6.04347,1.09223
6.08347,1.07706
6.12347,1.06189
6.16347,1.04673
6.20347,1.03156
6.24347,1.01639
6.28347,1.00122
6.32348,0.986049
6.36348,0.970879
6.40349,0.955708
6.44349,0.940536
6.4835,0.940072
6.52351,0.939607
6.56352,0.939142
6.60354,0.938678
6.64355,0.938213
6.68357,0.937748
6.72358,0.937284
6.7636,0.936819
6.80362,0.936355
6.84364,0.93589
6.88366,0.935425
6.92368,0.93496
6.9637,0.934496
7.00373,0.934031
7.04375,0.933566
7.08378,0.933101
7.12381,0.932637
7.16384,0.932172
7.20387,0.931707
7.2439,0.931242
7.28393,0.930777
7.32397,0.930312
7.364,0.930312
7.40404,0.930312
7.44407,0.930312
7.48411,0.930312
7.52415,0.930312
7.56419,0.930312
7.60423,0.930312
7.64428,0.930312
7.68432,0.930312
7.72437,0.930312
7.76441,0.930312
7.80446,0.930312
7.84451,0.930312
7.88456,0.930312
7.92461,0.930312
7.96466,0.930312
8.00471,0.930312
8.04477,0.930312
8.08482,0.930312
8.12488,0.930312
8.16494,0.930312
8.205,0.930312
8.24506,0.930312
8.28512,0.930312
8.32518,0.930312
8.36524,0.930312
8.4053,0.930312
8.44537,0.930312
8.48544,0.930312
8.5255,0.930312
8.56557,0.930312
8.60564,0.930312
8.64571,0.930312
8.68578,0.930312
8.72585,0.930312
8.76593,0.930312
8.806,0.930312
8.84608,0.930312
8.88615,0.930312
8.92623,0.930312
8.96631,0.930312
9.00639,0.930312
9.04647,0.930312
9.08655,0.930312
9.12663,0.930312
9.16672,0.930312
9.2068,0.930312
9.24689,0.930312
9.28697,0.930312
9.32706,0.930312
9.36715,0.930312
9.40724,0.930312
9.44733,0.930312
9.48742,0.930312
9.52752,0.930312
9.56761,0.930312
9.6077,0.930312
9.6478,0.930312
9.6879,0.930312
9.72799,0.930312
9.76809,0.930312
9.80819,0.930312
9.84829,0.930312
9.8884,0.930312
9.9285,0.930312
9.9686,0.930312
10.0087,0.930312
10.0488,0.930312
10.0889,0.930312
10.129,0.930312
10.1691,0.930312
10.2092,0.930312
10.2494,0.930312
10.2895,0.930312
10.3296,0.930312
10.3697,0.930312
10.4098,0.930312
10.4499,0.930312
10.49,0.930312
10.5302,0.930312
10.5703,0.930312
10.6104,0.930312
10.6505,0.930312
10.6906,0.930312
10.7307,0.930312
10.7709,0.930312
10.811,0.930312
10.8511,0.930312
10.8912,0.930312
10.9314,0.930312
10.9715,0.930312
11.0116,0.930312
11.0517,0.930312
11.0919,0.930312
11.132,0.930312
11.1721,0.930312
11.2123,0.930312
11.2524,0.930312
11.2925,0.930312
11.3327,0.930312
11.3728,0.930312
11.4129,0.930312
11.4531,0.930312
11.4932,0.930312
11.5334,0.930312
11.5735,0.930312
11.6136,0.930312
11.6538,0.930312
11.6939,0.930312
11.7341,0.930312
11.7742,0.934911
11.8144,0.939509
11.8545,0.944107
11.8946,0.948706
11.9348,0.953304
11.9749,0.957903
12.0151,0.962502
12.0552,0.967101
12.0954,0.9717
12.1355,0.976299
12.1757,0.980898
12.2158,0.985497
12.256,0.990096
12.2962,0.994696
12.3363,0.999295
12.3765,1.00389
12.4166,1.00849
12.4568,1.01309
12.4969,1.01769
12.5371,1.02229
12.5773,1.02689
12.6174,1.03149
12.6576,1.03609
12.6977,1.04069
12.7379,1.0453
12.7781,1.0499
12.8182,1.0545
12.8584,1.0591
12.8986,1.0637
12.9387,1.0683
12.9789,1.0729
13.0191,1.0775
13.0592,1.0821
13.0994,1.0867
13.1396,1.0913
13.1797,1.09591
13.2199,1.10051
13.2601,1.10511
13.3003,1.10971
13.3404,1.11431
13.3806,1.11891
13.4208,1.12351
13.461,1.12812
13.5011,1.13272
13.5413,1.13732
13.5815,1.14192
13.6217,1.14653
13.6619,1.15113
13.702,1.15573
13.7422,1.16033
13.7824,1.16493
13.8226,1.16954
13.8628,1.17414
13.9029,1.17874
13.9431,1.18335
13.9833,1.18795
14.0235,1.19255
14.0637,1.19715
14.1039,1.20176
14.1441,1.20636
14.1842,1.21096
14.2244,1.21557
14.2646,1.22017
14.3048,1.22478
14.345,1.22938
14.3852,1.23398
14.4254,1.23859
14.4656,1.24319
14.5058,1.24779
14.546,1.2524
14.5862,1.257
14.6264,1.26161
14.6666,1.26621
14.7068,1.27081
14.747,1.27542
14.7872,1.28002
14.8273,1.28463
14.8675,1.28923
14.9077,1.29384
14.9479,1.29844
14.9881,1.30305
15.0284,1.30765
15.0686,1.31226
15.1088,1.31686
15.149,1.32147
15.1892,1.32607
15.2294,1.33068
15.2696,1.33528
15.3098,1.33989
15.35,1.34449
15.3902,1.3491
15.4304,1.3537
15.4706,1.35831
15.5108,1.36291
15.551,1.36752
15.5912,1.37213
15.6314,1.37673
15.6717,1.38134
15.7119,1.38594
15.7521,1.39055
15.7923,1.39516
15.8325,1.39976
15.8727,1.40437
15.9129,1.40897
15.9531,1.41358
15.9934,1.41819
16.0336,1.42279
16.0738,1.4274
16.114,1.43201
16.1542,1.43661
16.1944,1.44122
16.2347,1.44583
16.2749,1.45043
16.3151,1.45504
16.3553,1.45965
16.3955,1.46425
16.4358,1.46886
16.476,1.47347
16.5162,1.47807
16.5564,1.48268
16.5966,1.48729
16.6369,1.4919
16.6771,1.4965
16.7173,1.50111
16.7575,1.50572
16.7978,1.51033
16.838,1.51493
16.8782,1.51954
16.9184,1.52415
16.9587,1.52876
16.9989,1.53336
17.0391,1.53797
17.0793,1.54258
17.1196,1.54719
17.1598,1.5518
17.2,1.5564
17.2403,1.56101
17.2805,1.56562
17.3207,1.57023
17.361,1.57484
17.4012,1.57944
17.4414,1.58405
17.4816,1.58866
17.5219,1.59327
17.5621,1.59788
17.6023,1.60249
17.6426,1.60709
17.6828,1.6117
17.723,1.61631
17.7633,1.62092
17.8035,1.62553
17.8438,1.63014
17.884,1.63475
17.9242,1.63936
17.9645,1.64396
18.0047,1.64857
18.0449,1.65318
18.0852,1.65779
18.1254,1.6624
18.1657,1.66701
18.2059,1.67162
18.2461,1.67623
18.2864,1.68084
18.3266,1.68545
18.3669,1.69006
18.4071,1.69466
18.4473,1.69927
18.4876,1.70388
18.5278,1.70849
18.5681,1.7131
18.6083,1.71771
18.6485,1.72232
18.6888,1.72693
18.729,1.73154
18.7693,1.73615
18.8095,1.74076
18.8498,1.74537
18.89,1.74998
18.9303,1.75459
18.9705,1.7592
19.0107,1.76381
19.051,1.76842
19.0912,1.77303
19.1315,1.77764
19.1717,1.78225
19.212,1.78686
19.2522,1.79147
19.2925,1.79608
19.3327,1.80069
19.373,1.8053
19.4132,1.80991
19.4535,1.81452
19.4937,1.81913
19.534,1.82374
19.5742,1.82835
19.6145,1.83296
19.6547,1.83757
19.695,1.84218
19.7352,1.84679
19.7755,1.8514
19.8157,1.85601
19.856,1.86062
19.8962,1.86524
19.9365,1.86985
19.9767,1.87446
20.017,1.87907
20.0572,1.88368
20.0975,1.88829
20.1377,1.8929
20.178,1.89751
20.2182,1.90212
20.2585,1.90673
20.2987,1.91134
20.339,1.91595
20.3793,1.92056
20.4195,1.92518
20.4598,1.92979
20.5,1.9344
20.5403,1.93901
20.5805,1.94362
20.6208,1.94823
20.661,1.95284
20.7013,1.95745
20.7416,1.96206
20.7818,1.96667
20.8221,1.97129
20.8623,1.9759
20.9026,1.98051
20.9428,1.98512
20.9831,1.98973
21.0234,1.99434
21.0636,1.99895
21.1039,2.00356
21.1441,2.00818
21.1844,2.01279
21.2246,2.0174
21.2649,2.02201
21.3052,2.02662
21.3454,2.03123
21.3857,2.03584
21.4259,2.04045
21.4662,2.04507
21.5064,2.04968
21.5467,2.05429
21.587,2.0589
21.6272,2.06351
21.6675,2.06812
21.7077,2.07273
21.748,2.07735
21.7883,2.08196
21.8285,2.08657
21.8688,2.09118
21.909,2.09579
21.9493,2.1004
21.9896,2.10502
22.0298,2.10963
22.0701,2.11424
22.1103,2.11885
22.1506,2.12346
22.1909,2.12807
22.2311,2.13268
22.2714,2.1373
22.3116,2.14191
22.3519,2.14652
22.3922,2.15113
22.4324,2.15574
22.4727,2.16035
22.5129,2.16497
22.5532,2.16958
22.5935,2.17419
22.6337,2.1788
22.674,2.18341
22.7143,2.18802
22.7545,2.19264
22.7948,2.19725
22.835,2.20186
22.8753,2.20647
22.9156,2.21108
22.9558,2.21569
22.9961,2.22031
23.0363,2.22492
23.0766,2.22953
23.1169,2.23414
23.1579,2.23875
23.2004,2.24354
23.2445,2.2485
23.2902,2.25364
23.3376,2.25897
23.3866,2.26449
23.4375,2.27021
23.4901,2.27613
23.5446,2.28227
23.601,2.28862
23.6594,2.29519
23.7197,2.30199
23.7821,2.30902
23.8466,2.31628
23.9133,2.32379
23.9821,2.33155
24.0532,2.33956
24.1265,2.34783
24.2022,2.35637
24.2803,2.36517
24.3608,2.37425
24.4437,2.38361
24.5291,2.39325
24.617,2.40317
24.7075,2.41339
24.8006,2.4239
24.8963,2.43471
24.9946,2.44582
25.0955,2.45724
25.1992,2.46895
25.3055,2.48098
25.4145,2.49331
25.5262,2.50595
25.6406,2.51889
25.7576,2.53215
25.8774,2.54571
25.9997,2.55958
26.1248,2.57375
26.2524,2.58822
26.3826,2.60299
26.5153,2.61805
26.6505,2.63339
26.7881,2.64902
26.9281,2.66492
27.0704,2.68109
27.215,2.69752
27.3617,2.71421
27.5105,2.73113
27.6612,2.74829
27.8139,2.76567
27.9683,2.78326
28.1244,2.80105
28.2821,2.81902
28.4412,2.83717
28.6016,2.85547
28.7633,2.87392
28.926,2.8925
29.0896,2.9112
29.254,2.92999
29.4191,2.94887
29.5847,2.96781
29.7507,2.9868
29.9169,3.00583
0.0198879,2.09526
0.0596644,2.09526
0.0994427,2.09526
0.139223,2.09526
0.179004,2.09526
0.218787,2.09526
0.258572,2.09526
0.298359,2.09526
0.338147,2.09526
0.377937,2.09526
0.417728,2.09526
0.457521,2.09526
0.497316,2.09526
0.537113,2.09526
0.576911,2.09526
0.61671,2.09526
0.656512,2.09526
0.696315,2.09526
0.736119,2.09526
0.775925,2.09526
0.815733,2.09526
0.855543,2.09526
0.895354,2.09526
0.935166,2.09526
0.974981,2.09526
1.0148,2.09526
1.05461,2.09526
1.09443,2.09526
1.13425,2.09526
1.17408,2.09526
1.2139,2.09526
1.25373,2.09526
1.29355,2.09526
1.33338,2.09526
1.37321,2.09526
1.41304,2.09526
1.45288,2.09526
1.49271,2.09526
1.53255,2.09526
1.57239,2.09526
1.61223,2.09526
1.65207,2.09526
1.69191,2.09526
1.73175,2.09526
1.7716,2.09526
1.81145,2.09526
1.8513,2.09526
1.89115,2.09526
1.931,2.09526
1.97085,2.09526
2.01071,2.09526
2.05056,2.09526
2.09042,2.09526
2.13028,2.09526
2.17014,2.09526
2.21001,2.09526
2.24987,2.09526
2.28974,2.09526
2.3296,2.09526
2.36947,2.09526
2.40934,2.09526
2.44921,2.09526
2.48909,2.09526
2.52896,2.09526
2.56884,2.09526
2.60872,2.09526
2.64859,2.09526
2.68848,2.09526
2.72836,2.09526
2.76824,2.09526
2.80813,2.09526
2.84801,2.09526
2.8879,2.09526
2.92779,2.09526
2.96768,2.09526
3.00757,2.09526
3.04747,2.09526
3.08736,2.09526
3.12726,2.09526
3.16716,2.09526
3.20706,2.09526
3.24696,2.09526
3.28686,2.09526
3.32677,2.09526
3.36667,2.09526
3.40658,2.09526
3.44649,2.08035
3.4864,2.06543
3.52631,2.05051
3.56622,2.0356
3.60614,2.02068
3.64605,2.00576
3.68597,1.99084
3.72589,1.97593
3.76581,1.96101
3.80573,1.94609
3.84565,1.93117
3.88557,1.91624
3.9255,1.90132
3.96543,1.8864
4.00536,1.87148
4.04528,1.85656
4.08522,1.84163
4.12515,1.82671
4.16508,1.81178
4.20502,1.79686
4.24495,1.78193
4.28489,1.76701
4.32483,1.75208
4.36477,1.73715
4.40471,1.72223
4.44466,1.7073
4.4846,1.69237
4.52455,1.67744
4.56449,1.66251
4.60444,1.64758
4.64439,1.63265
4.68435,1.61772
4.7243,1.60279
4.76425,1.58786
4.80421,1.57292
4.84416,1.55799
4.88412,1.54306
4.92408,1.52812
4.96404,1.51319
5.004,1.49825
5.04397,1.48332
5.08393,1.46838
5.1239,1.45345
5.16387,1.43851
5.20383,1.42357
5.2438,1.40863
5.28378,1.39369
5.32375,1.37876
5.36372,1.36382
5.4037,1.34888
5.44367,1.33394
5.48365,1.31899
5.52363,1.30405
5.56361,1.28911
5.60359,1.27417
5.64357,1.25923
5.68356,1.24428
5.72354,1.22934
5.76353,1.21403
5.80352,1.19873
5.84351,1.18342
5.8835,1.16812
5.92349,1.15281
5.96348,1.1375
6.00348,1.12219
6.04347,1.10688
6.08347,1.09157
6.12347,1.07627
6.16347,1.06096
6.20347,1.04564
6.24347,1.03033
6.28347,1.01502
6.32348,0.999711
6.36348,0.984398
6.40349,0.969085
6.44349,0.953772
6.4835,0.953411
6.52351,0.95305
6.56352,0.952689
6.60354,0.952327
6.64355,0.951966
6.68357,0.951605
6.72358,0.951244
6.7636,0.950883
6.80362,0.950521
6.84364,0.95016
6.88366,0.949799
6.92368,0.949437
6.9637,0.949076
7.00373,0.948715
7.04375,0.948354
7.08378,0.947992
7.12381,0.947631
7.16384,0.94727
7.20387,0.946908
7.2439,0.946547
7.28393,0.946186
7.32397,0.945824
7.364,0.945824
7.40404,0.945824
7.44407,0.945824
7.48411,0.945824
7.52415,0.945824
7.56419,0.945824
7.60423,0.945824
7.64428,0.945824
7.68432,0.945824
7.72437,0.945824
7.76441,0.945824
7.80446,0.945824
7.84451,0.945824
7.88456,0.945824
7.92461,0.945824
7.96466,0.945824
8.00471,0.945824
8.04477,0.945824
8.08482,0.945824
8.12488,0.945824
8.16494,0.945824
8.205,0.945824
8.24506,0.945824
8.28512,0.945824
8.32518,0.945824
8.36524,0.945824
8.4053,0.945824
8.44537,0.945824
8.48544,0.945824
8.5255,0.945824
8.56557,0.945824
8.60564,0.945824
8.64571,0.945824
8.68578,0.945824
8.72585,0.945824
8.76593,0.945824
8.806,0.945824
8.84608,0.945824
8.88615,0.945824
8.92623,0.945824
8.96631,0.945824
9.00639,0.945824
9.04647,0.945824
9.08655,0.945824
9.12663,0.945824
9.16672,0.945824
9.2068,0.945824
9.24689,0.945824
9.28697,0.945824
9.32706,0.945824
9.36715,0.945824
9.40724,0.945824
9.44733,0.945824
9.48742,0.945824
9.52752,0.945824
9.56761,0.945824
9.6077,0.945824
9.6478,0.945824
9.6879,0.945824
9.72799,0.945824
9.76809,0.945824
9.80819,0.945824
9.84829,0.945824
9.8884,0.945824
9.9285,0.945824
9.9686,0.945824
10.0087,0.945824
10.0488,0.945824
10.0889,0.945824
10.129,0.945824
10.1691,0.945824
10.2092,0.945824
10.2494,0.945824
10.2895,0.945824
10.3296,0.945824
10.3697,0.945824
10.4098,0.945824
10.4499,0.945824
10.49,0.945824
10.5302,0.945824
10.5703,0.945824
10.6104,0.945824
10.6505,0.945824
10.6906,0.945824
10.7307,0.945824
10.7709,0.945824
10.811,0.945824
10.8511,0.945824
10.8912,0.945824
10.9314,0.945824
10.9715,0.945824
11.0116,0.945824
11.0517,0.945824
11.0919,0.945824
11.132,0.945824
11.1721,0.945824
11.2123,0.945824
11.2524,0.945824
11.2925,0.945824
11.3327,0.945824
11.3728,0.945824
11.4129,0.945824
11.4531,0.945824
11.4932,0.945824
11.5334,0.945824
11.5735,0.945824
11.6136,0.945824
11.6538,0.945824
11.6939,0.945824
11.7341,0.945824
11.7742,0.950499
11.8144,0.955174
11.8545,0.959849
11.8946,0.964524
11.9348,0.969199
11.9749,0.973875
12.0151,0.97855
12.0552,0.983226
12.0954,0.987901
12.1355,0.992577
12.1757,0.997253
12.2158,1.00193
12.256,1.0066
12.2962,1.01128
12.3363,1.01596
12.3765,1.02063
12.4166,1.02531
12.4568,1.02999
12.4969,1.03466
12.5371,1.03934
12.5773,1.04402
12.6174,1.04869
12.6576,1.05337
12.6977,1.05805
12.7379,1.06272
12.7781,1.0674
12.8182,1.07208
12.8584,1.07676
12.8986,1.08143
12.9387,1.08611
12.9789,1.09079
13.0191,1.09547
13.0592,1.10014
13.0994,1.10482
13.1396,1.1095
13.1797,1.11418
13.2199,1.11886
13.2601,1.12353
13.3003,1.12821
13.3404,1.13289
13.3806,1.13757
13.4208,1.14225
13.461,1.14693
13.5011,1.15161
13.5413,1.15628
13.5815,1.16096
13.6217,1.16564
13.6619,1.17032
13.702,1.175
13.7422,1.17968
13.7824,1.18436
13.8226,1.18904
13.8628,1.19372
13.9029,1.1984
13.9431,1.20308
13.9833,1.20776
14.0235,1.21244
14.0637,1.21712
14.1039,1.2218
14.1441,1.22648
14.1842,1.23116
14.2244,1.23584
14.2646,1.24052
14.3048,1.2452
14.345,1.24988
14.3852,1.25456
14.4254,1.25924
14.4656,1.26392
14.5058,1.2686
14.546,1.27328
14.5862,1.27796
14.6264,1.28264
14.6666,1.28732
14.7068,1.292
14.747,1.29668
14.7872,1.30137
14.8273,1.30605
14.8675,1.31073
14.9077,1.31541
14.9479,1.32009
14.9881,1.32477
15.0284,1.32945
15.0686,1.33414
15.1088,1.33882
15.149,1.3435
15.1892,1.34818
15.2294,1.35286
15.2696,1.35755
15.3098,1.36223
15.35,1.36691
15.3902,1.37159
15.4304,1.37627
15.4706,1.38096
15.5108,1.38564
15.551,1.39032
15.5912,1.395
15.6314,1.39969
15.6717,1.40437
15.7119,1.40905
15.7521,1.41373
15.7923,1.41842
15.8325,1.4231
15.8727,1.42778
15.9129,1.43247
15.9531,1.43715
15.9934,1.44183
16.0336,1.44652
16.0738,1.4512
16.114,1.45588
16.1542,1.46057
16.1944,1.46525
16.2347,1.46993
16.2749,1.47462
16.3151,1.4793
16.3553,1.48398
16.3955,1.48867
16.4358,1.49335
16.476,1.49804
16.5162,1.50272
16.5564,1.5074
16.5966,1.51209
16.6369,1.51677
16.6771,1.52146
16.7173,1.52614
16.7575,1.53082
16.7978,1.53551
16.838,1.54019
16.8782,1.54488
16.9184,1.54956
16.9587,1.55425
16.9989,1.55893
17.0391,1.56362
17.0793,1.5683
17.1196,1.57298
17.1598,1.57767
17.2,1.58235
17.2403,1.58704
17.2805,1.59172
17.3207,1.59641
17.361,1.60109
17.4012,1.60578
17.4414,1.61046
17.4816,1.61515
17.5219,1.61983
17.5621,1.62452
17.6023,1.62921
17.6426,1.63389
17.6828,1.63858
17.723,1.64326
17.7633,1.64795
17.8035,1.65263
17.8438,1.65732
17.884,1.662
17.9242,1.66669
17.9645,1.67138
18.0047,1.67606
18.0449,1.68075
18.0852,1.68543
18.1254,1.69012
18.1657,1.6948
18.2059,1.69949
18.2461,1.70418
18.2864,1.70886
18.3266,1.71355
18.3669,1.71823
18.4071,1.72292
18.4473,1.72761
18.4876,1.73229
18.5278,1.73698
18.5681,1.74167
18.6083,1.74635
18.6485,1.75104
18.6888,1.75573
18.729,1.76041
18.7693,1.7651
18.8095,1.76979
18.8498,1.77447
18.89,1.77916
18.9303,1.78385
18.9705,1.78853
19.0107,1.79322
19.051,1.79791
19.0912,1.80259
19.1315,1.80728
19.1717,1.81197
19.212,1.81665
19.2522,1.82134
19.2925,1.82603
19.3327,1.83071
19.373,1.8354
19.4132,1.84009
19.4535,1.84478
19.4937,1.84946
19.534,1.85415
19.5742,1.85884
19.6145,1.86352
19.6547,1.86821
19.695,1.8729
19.7352,1.87759
19.7755,1.88227
19.8157,1.88696
19.856,1.89165
19.8962,1.89634
19.9365,1.90102
19.9767,1.90571
20.017,1.9104
20.0572,1.91509
20.0975,1.91977
20.1377,1.92446
20.178,1.92915
20.2182,1.93384
20.2585,1.93852
20.2987,1.94321
20.339,1.9479
20.3793,1.95259
20.4195,1.95728
20.4598,1.96196
20.5,1.96665
20.5403,1.97134
20.5805,1.97603
20.6208,1.98071
20.661,1.9854
20.7013,1.99009
20.7416,1.99478
20.7818,1.99947
20.8221,2.00415
20.8623,2.00884
20.9026,2.01353
20.9428,2.01822
20.9831,2.02291
21.0234,2.02759
21.0636,2.03228
21.1039,2.03697
21.1441,2.04166
21.1844,2.04635
21.2246,2.05104
21.2649,2.05572
21.3052,2.06041
21.3454,2.0651
21.3857,2.06979
21.4259,2.07448
21.4662,2.07916
21.5064,2.08385
21.5467,2.08854
21.587,2.09323
21.6272,2.09792
21.6675,2.10261
21.7077,2.10729
21.748,2.11198
21.7883,2.11667
21.8285,2.12136
21.8688,2.12605
21.909,2.13074
21.9493,2.13543
21.9896,2.14011
22.0298,2.1448
22.0701,2.14949
22.1103,2.15418
22.1506,2.15887
22.1909,2.16356
22.2311,2.16824
22.2714,2.17293
22.3116,2.17762
22.3519,2.18231
22.3922,2.187
22.4324,2.19169
22.4727,2.19638
22.5129,2.20106
22.5532,2.20575
22.5935,2.21044
22.6337,2.21513
22.674,2.21982
22.7143,2.22451
22.7545,2.2292
22.7948,2.23388
22.835,2.23857
22.8753,2.24326
22.9156,2.24795
22.9558,2.25264
22.9961,2.25733
23.0363,2.26202
23.0766,2.2667
23.1169,2.27139
23.1579,2.27608
23.2004,2.28094
23.2445,2.28599
23.2902,2.29121
23.3376,2.29663
23.3866,2.30225
23.4375,2.30806
23.4901,2.31409
23.5446,2.32032
23.601,2.32678
23.6594,2.33346
23.7197,2.34037
23.7821,2.34751
23.8466,2.3549
23.9133,2.36254
23.9821,2.37043
24.0532,2.37857
24.1265,2.38698
24.2022,2.39566
24.2803,2.40461
24.3608,2.41384
24.4437,2.42335
24.5291,2.43315
24.617,2.44324
24.7075,2.45363
24.8006,2.46432
24.8963,2.47531
24.9946,2.4866
25.0955,2.49821
25.1992,2.51012
25.3055,2.52234
25.4145,2.53488
25.5262,2.54773
25.6406,2.56089
25.7576,2.57437
25.8774,2.58816
25.9997,2.60226
26.1248,2.61666
26.2524,2.63138
26.3826,2.64639
26.5153,2.6617
26.6505,2.6773
26.7881,2.69319
26.9281,2.70936
27.0704,2.7258
27.215,2.7425
27.3617,2.75946
27.5105,2.77667
27.6612,2.79411
27.8139,2.81178
27.9683,2.82966
28.1244,2.84775
28.2821,2.86602
28.4412,2.88447
28.6016,2.90308
28.7633,2.92184
28.926,2.94073
29.0896,2.95974
29.254,2.97884
29.4191,2.99803
29.5847,3.01729
29.7507,3.0366
29.9169,3.05595
0.0198879,2.12522
0.0596644,2.12522
0.0994427,2.12522
0.139223,2.12522
0.179004,2.12522
0.218787,2.12522
0.258572,2.12522
0.298359,2.12522
0.338147,2.12522
0.377937,2.12522
0.417728,2.12522
0.457521,2.12522
0.497316,2.12522
0.537113,2.12522
0.576911,2.12522
0.61671,2.12522
0.656512,2.12522
0.696315,2.12522
0.736119,2.12522
0.775925,2.12522
0.815733,2.12522
0.855543,2.12522
0.895354,2.12522
0.935166,2.12522
0.974981,2.12522
1.0148,2.12522
1.05461,2.12522
1.09443,2.12522
1.13425,2.12522
1.17408,2.12522
1.2139,2.12522
1.25373,2.12522
1.29355,2.12522
1.33338,2.12522
1.37321,2.12522
1.41304,2.12522
1.45288,2.12522
1.49271,2.12522
1.53255,2.12522
1.57239,2.12522
1.61223,2.12522
1.65207,2.12522
1.69191,2.12522
1.73175,2.12522
1.7716,2.12522
1.81145,2.12522
1.8513,2.12522
1.89115,2.12522
1.931,2.12522
1.97085,2.12522
2.01071,2.12522
2.05056,2.12522
2.09042,2.12522
2.13028,2.12522
2.17014,2.12522
2.21001,2.12522
2.24987,2.12522
2.28974,2.12522
2.3296,2.12522
2.36947,2.12522
2.40934,2.12522
2.44921,2.12522
2.48909,2.12522
2.52896,2.12522
2.56884,2.12522
2.60872,2.12522
2.64859,2.12522
2.68848,2.12522
2.72836,2.12522
2.76824,2.12522
2.80813,2.12522
2.84801,2.12522
2.8879,2.12522
2.92779,2.12522
2.96768,2.12522
3.00757,2.12522
3.04747,2.12522
3.08736,2.12522
3.12726,2.12522
3.16716,2.12522
3.20706,2.12522
3.24696,2.12522
3.28686,2.12522
3.32677,2.12522
3.36667,2.12522
3.40658,2.12522
3.44649,2.11006
3.4864,2.0949
3.52631,2.07974
3.56622,2.06458
3.60614,2.04942
3.64605,2.03426
3.68597,2.01909
3.72589,2.00393
3.76581,1.98877
3.80573,1.9736
3.84565,1.95844
3.88557,1.94327
3.9255,1.92811
3.96543,1.91294
4.00536,1.89777
4.04528,1.88261
4.08522,1.86744
4.12515,1.85227
4.16508,1.8371
4.20502,1.82193
4.24495,1.80676
4.28489,1.79159
4.32483,1.77642
4.36477,1.76125
4.40471,1.74608
4.44466,1.7309
4.4846,1.71573
4.52455,1.70056
4.56449,1.68538
4.60444,1.67021
4.64439,1.65503
4.68435,1.63986
4.7243,1.62468
4.76425,1.6095
4.80421,1.59433
4.84416,1.57915
4.88412,1.56397
4.92408,1.54879
4.96404,1.53361
5.004,1.51843
5.04397,1.50325
5.08393,1.48807
5.1239,1.47289
5.16387,1.45771
5.20383,1.44253
5.2438,1.42734
5.28378,1.41216
5.32375,1.39698
5.36372,1.38179
5.4037,1.36661
5.44367,1.35142
5.48365,1.33624
5.52363,1.32105
5.56361,1.30586
5.60359,1.29068
5.64357,1.27549
5.68356,1.2603
5.72354,1.24511
5.76353,1.22967
5.80352,1.21422
5.84351,1.19877
5.8835,1.18332
5.92349,1.16787
5.96348,1.15242
6.00348,1.13697
6.04347,1.12152
6.08347,1.10607
6.12347,1.09062
6.16347,1.07517
6.20347,1.05972
6.24347,1.04427
6.28347,1.02881
6.32348,1.01336
6.36348,0.997905
6.40349,0.982451
6.44349,0.966996
6.4835,0.966738
6.52351,0.96648
6.56352,0.966222
6.60354,0.965964
6.64355,0.965706
6.68357,0.965449
6.72358,0.965191
6.7636,0.964933
6.80362,0.964675
6.84364,0.964417
6.88366,0.964159
6.92368,0.963901
6.9637,0.963643
7.00373,0.963385
7.04375,0.963127
7.08378,0.962869
7.12381,0.962611
7.16384,0.962353
7.20387,0.962095
7.2439,0.961837
7.28393,0.961579
7.32397,0.961321
7.364,0.961321
7.40404,0.961321
7.44407,0.961321
7.48411,0.961321
7.52415,0.961321
7.56419,0.961321
7.60423,0.961321
7.64428,0.961321
7.68432,0.961321
7.72437,0.961321
7.76441,0.961321
7.80446,0.961321
7.84451,0.961321
7.88456,0.961321
7.92461,0.961321
7.96466,0.961321
8.00471,0.961321
8.04477,0.961321
8.08482,0.961321
8.12488,0.961321
8.16494,0.961321
8.205,0.961321
8.24506,0.961321
8.28512,0.961321
8.32518,0.961321
8.36524,0.961321
8.4053,0.961321
8.44537,0.961321
8.48544,0.961321
8.5255,0.961321
8.56557,0.961321
8.60564,0.961321
8.64571,0.961321
8.68578,0.961321
8.72585,0.961321
8.76593,0.961321
8.806,0.961321
8.84608,0.961321
8.88615,0.961321
8.92623,0.961321
8.96631,0.961321
9.00639,0.961321
9.04647,0.961321
9.08655,0.961321
9.12663,0.961321
9.16672,0.961321
9.2068,0.961321
9.24689,0.961321
9.28697,0.961321
9.32706,0.961321
9.36715,0.961321
9.40724,0.961321
9.44733,0.961321
9.48742,0.961321
9.52752,0.961321
9.56761,0.961321
9.6077,0.961321
9.6478,0.961321
9.6879,0.961321
9.72799,0.961321
9.76809,0.961321
9.80819,0.961321
9.84829,0.961321
9.8884,0.961321
9.9285,0.961321
9.9686,0.961321
10.0087,0.961321
10.0488,0.961321
10.0889,0.961321
10.129,0.961321
10.1691,0.961321
10.2092,0.961321
10.2494,0.961321
10.2895,0.961321
10.3296,0.961321
10.3697,0.961321
10.4098,0.961321
10.4499,0.961321
10.49,0.961321
10.5302,0.961321
10.5703,0.961321
10.6104,0.961321
10.6505,0.961321
10.6906,0.961321
10.7307,0.961321
10.7709,0.961321
10.811,0.961321
10.8511,0.961321
10.8912,0.961321
10.9314,0.961321
10.9715,0.961321
11.0116,0.961321
11.0517,0.961321
11.0919,0.961321
11.132,0.961321
11.1721,0.961321
11.2123,0.961321
11.2524,0.961321
11.2925,0.961321
11.3327,0.961321
11.3728,0.961321
11.4129,0.961321
11.4531,0.961321
11.4932,0.961321
11.5334,0.961321
11.5735,0.961321
11.6136,0.961321
11.6538,0.961321
11.6939,0.961321
11.7341,0.961321
11.7742,0.966073
11.8144,0.970824
11.8545,0.975576
11.8946,0.980328
11.9348,0.98508
11.9749,0.989832
12.0151,0.994584
12.0552,0.999336
12.0954,1.00409
12.1355,1.00884
12.1757,1.01359
12.2158,1.01835
12.256,1.0231
12.2962,1.02785
12.3363,1.0326
12.3765,1.03736
12.4166,1.04211
12.4568,1.04686
12.4969,1.05162
12.5371,1.05637
12.5773,1.06112
12.6174,1.06588
12.6576,1.07063
12.6977,1.07538
12.7379,1.08014
12.7781,1.08489
12.8182,1.08964
12.8584,1.0944
12.8986,1.09915
12.9387,1.10391
12.9789,1.10866
13.0191,1.11342
13.0592,1.11817
13.0994,1.12292
13.1396,1.12768
13.1797,1.13243
13.2199,1.13719
13.2601,1.14194
13.3003,1.1467
13.3404,1.15145
13.3806,1.15621
13.4208,1.16096
13.461,1.16572
13.5011,1.17047
13.5413,1.17523
13.5815,1.17999
13.6217,1.18474
13.6619,1.1895
13.702,1.19425
13.7422,1.19901
13.7824,1.20376
13.8226,1.20852
13.8628,1.21328
13.9029,1.21803
13.9431,1.22279
13.9833,1.22755
14.0235,1.2323
14.0637,1.23706
14.1039,1.24181
14.1441,1.24657
14.1842,1.25133
14.2244,1.25609
14.2646,1.26084
14.3048,1.2656
14.345,1.27036
14.3852,1.27511
14.4254,1.27987
14.4656,1.28463
14.5058,1.28938
14.546,1.29414
14.5862,1.2989
14.6264,1.30366
14.6666,1.30842
14.7068,1.31317
14.747,1.31793
14.7872,1.32269
14.8273,1.32745
14.8675,1.3322
14.9077,1.33696
14.9479,1.34172
14.9881,1.34648
15.0284,1.35124
15.0686,1.356
15.1088,1.36075
15.149,1.36551
15.1892,1.37027
15.2294,1.37503
15.2696,1.37979
15.3098,1.38455
15.35,1.38931
15.3902,1.39407
15.4304,1.39882
15.4706,1.40358
15.5108,1.40834
15.551,1.4131
15.5912,1.41786
15.6314,1.42262
15.6717,1.42738
15.7119,1.43214
15.7521,1.4369
15.7923,1.44166
15.8325,1.44642
15.8727,1.45118
15.9129,1.45594
15.9531,1.4607
15.9934,1.46546
16.0336,1.47022
16.0738,1.47498
16.114,1.47974
16.1542,1.4845
16.1944,1.48926
16.2347,1.49402
16.2749,1.49878
16.3151,1.50354
16.3553,1.5083
16.3955,1.51306
16.4358,1.51782
16.476,1.52258
16.5162,1.52734
16.5564,1.5321
16.5966,1.53686
16.6369,1.54162
16.6771,1.54638
16.7173,1.55115
16.7575,1.55591
16.7978,1.56067
16.838,1.56543
16.8782,1.57019
16.9184,1.57495
16.9587,1.57971
16.9989,1.58447
17.0391,1.58923
17.0793,1.594
17.1196,1.59876
17.1598,1.60352
17.2,1.60828
17.2403,1.61304
17.2805,1.6178
17.3207,1.62257
17.361,1.62733
17.4012,1.63209
17.4414,1.63685
17.4816,1.64161
17.5219,1.64638
17.5621,1.65114
17.6023,1.6559
17.6426,1.66066
17.6828,1.66542
17.723,1.67019
17.7633,1.67495
17.8035,1.67971
17.8438,1.68447
17.884,1.68924
17.9242,1.694
17.9645,1.69876
18.0047,1.70352
18.0449,1.70829
18.0852,1.71305
18.1254,1.71781
18.1657,1.72257
18.2059,1.72734
18.2461,1.7321
18.2864,1.73686
18.3266,1.74163
18.3669,1.74639
18.4071,1.75115
18.4473,1.75591
18.4876,1.76068
18.5278,1.76544
18.5681,1.7702
18.6083,1.77497
18.6485,1.77973
18.6888,1.78449
18.729,1.78926
18.7693,1.79402
18.8095,1.79878
18.8498,1.80355
18.89,1.80831
18.9303,1.81307
18.9705,1.81784
19.0107,1.8226
19.051,1.82736
19.0912,1.83213
19.1315,1.83689
19.1717,1.84165
19.212,1.84642
19.2522,1.85118
19.2925,1.85595
19.3327,1.86071
19.373,1.86547
19.4132,1.87024
19.4535,1.875
19.4937,1.87977
19.534,1.88453
19.5742,1.88929
19.6145,1.89406
19.6547,1.89882
19.695,1.90359
19.7352,1.90835
19.7755,1.91311
19.8157,1.91788
19.856,1.92264
19.8962,1.92741
19.9365,1.93217
19.9767,1.93694
20.017,1.9417
20.0572,1.94646
20.0975,1.95123
20.1377,1.95599
20.178,1.96076
20.2182,1.96552
20.2585,1.97029
20.2987,1.97505
20.339,1.97982
20.3793,1.98458
20.4195,1.98934
20.4598,1.99411
20.5,1.99887
20.5403,2.00364
20.5805,2.0084
20.6208,2.01317
20.661,2.01793
20.7013,2.0227
20.7416,2.02746
20.7818,2.03223
20.8221,2.03699
20.8623,2.04176
20.9026,2.04652
20.9428,2.05129
20.9831,2.05605
21.0234,2.06082
21.0636,2.06558
21.1039,2.07035
21.1441,2.07511
21.1844,2.07988
21.2246,2.08464
21.2649,2.08941
21.3052,2.09417
21.3454,2.09894
21.3857,2.1037
21.4259,2.10847
21.4662,2.11323
21.5064,2.118
21.5467,2.12276
21.587,2.12753
21.6272,2.13229
21.6675,2.13706
21.7077,2.14182
21.748,2.14659
21.7883,2.15135
21.8285,2.15612
21.8688,2.16088
21.909,2.16565
21.9493,2.17041
21.9896,2.17518
22.0298,2.17994
22.0701,2.18471
22.1103,2.18947
22.1506,2.19424
22.1909,2.19901
22.2311,2.20377
22.2714,2.20854
22.3116,2.2133
22.3519,2.21807
22.3922,2.22283
22.4324,2.2276
22.4727,2.23236
22.5129,2.23713
22.5532,2.24189
22.5935,2.24666
22.6337,2.25142
22.674,2.25619
22.7143,2.26095
22.7545,2.26572
22.7948,2.27049
22.835,2.27525
22.8753,2.28002
22.9156,2.28478
22.9558,2.28955
22.9961,2.29431
23.0363,2.29908
23.0766,2.30384
23.1169,2.30861
23.1579,2.31337
23.2004,2.31832
23.2445,2.32344
23.2902,2.32875
23.3376,2.33426
23.3866,2.33997
23.4375,2.34588
23.4901,2.352
23.5446,2.35834
23.601,2.3649
23.6594,2.37169
23.7197,2.37872
23.7821,2.38598
23.8466,2.39349
23.9133,2.40125
23.9821,2.40926
24.0532,2.41754
24.1265,2.42609
24.2022,2.43491
24.2803,2.44401
24.3608,2.45339
24.4437,2.46306
24.5291,2.47302
24.617,2.48328
24.7075,2.49383
24.8006,2.5047
24.8963,2.51587
24.9946,2.52735
25.0955,2.53914
25.1992,2.55125
25.3055,2.56367
25.4145,2.57641
25.5262,2.58947
25.6406,2.60285
25.7576,2.61655
25.8774,2.63057
25.9997,2.64489
26.1248,2.65954
26.2524,2.67449
26.3826,2.68975
26.5153,2.70531
26.6505,2.72117
26.7881,2.73732
26.9281,2.75375
27.0704,2.77046
27.215,2.78744
27.3617,2.80467
27.5105,2.82216
27.6612,2.83989
27.8139,2.85785
27.9683,2.87603
28.1244,2.89441
28.2821,2.91298
28.4412,2.93173
28.6016,2.95065
28.7633,2.96971
28.926,2.98891
29.0896,3.00823
29.254,3.02765
29.4191,3.04716
29.5847,3.06673
29.7507,3.08636
29.9169,3.10602
0.0198879,2.15515
0.0596644,2.15515
0.0994427,2.15515
0.139223,2.15515
0.179004,2.15515
0.218787,2.15515
0.258572,2.15515
0.298359,2.15515
0.338147,2.15515
0.377937,2.15515
0.417728,2.15515
0.457521,2.15515
0.497316,2.15515
0.537113,2.15515
0.576911,2.15515
0.61671,2.15515
0.656512,2.15515
0.696315,2.15515
0.736119,2.15515
0.775925,2.15515
0.815733,2.15515
0.855543,2.15515
0.895354,2.15515
0.935166,2.15515
0.974981,2.15515
1.0148,2.15515
1.05461,2.15515
1.09443,2.15515
1.13425,2.15515
1.17408,2.15515
1.2139,2.15515
1.25373,2.15515
1.29355,2.15515
1.33338,2.15515
1.37321,2.15515
1.41304,2.15515
1.45288,2.15515
1.49271,2.15515
1.53255,2.15515
1.57239,2.15515
1.61223,2.15515
1.65207,2.15515
1.69191,2.15515
1.73175,2.15515
1.7716,2.15515
1.81145,2.15515
1.8513,2.15515
1.89115,2.15515
1.931,2.15515
1.97085,2.15515
2.01071,2.15515
2.05056,2.15515
2.09042,2.15515
2.13028,2.15515
2.17014,2.15515
2.21001,2.15515
2.24987,2.15515
2.28974,2.15515
2.3296,2.15515
2.36947,2.15515
2.40934,2.15515
2.44921,2.15515
2.48909,2.15515
2.52896,2.15515
2.56884,2.15515
2.60872,2.15515
2.64859,2.15515
2.68848,2.15515
2.72836,2.15515
2.76824,2.15515
2.80813,2.15515
2.84801,2.15515
2.8879,2.15515
2.92779,2.15515
2.96768,2.15515
3.00757,2.15515
3.04747,2.15515
3.08736,2.15515
3.12726,2.15515
3.16716,2.15515
3.20706,2.15515
3.24696,2.15515
3.28686,2.15515
3.32677,2.15515
3.36667,2.15515
3.40658,2.15515
3.44649,2.13975
3.4864,2.12435
3.52631,2.10894
3.56622,2.09354
3.60614,2.07813
3.64605,2.06272
3.68597,2.04732
3.72589,2.03191
3.76581,2.0165
3.80573,2.00109
3.84565,1.98568
3.88557,1.97028
3.9255,1.95487
3.96543,1.93945
4.00536,1.92404
4.04528,1.90863
4.08522,1.89322
4.12515,1.87781
4.16508,1.86239
4.20502,1.84698
4.24495,1.83157
4.28489,1.81615
4.32483,1.80073
4.36477,1.78532
4.40471,1.7699
4.44466,1.75449
4.4846,1.73907
4.52455,1.72365
4.56449,1.70823
4.60444,1.69281
4.64439,1.67739
4.68435,1.66197
4.7243,1.64655
4.76425,1.63113
4.80421,1.61571
4.84416,1.60029
4.88412,1.58486
4.92408,1.56944
4.96404,1.55402
5.004,1.53859
5.04397,1.52317
5.08393,1.50774
5.1239,1.49232
5.16387,1.47689
5.20383,1.46146
5.2438,1.44604
5.28378,1.43061
5.32375,1.41518
5.36372,1.39975
5.4037,1.38432
5.44367,1.36889
5.48365,1.35346
5.52363,1.33803
5.56361,1.3226
5.60359,1.30717
5.64357,1.29174
5.68356,1.2763
5.72354,1.26087
5.76353,1.24528
5.80352,1.22969
5.84351,1.2141
5.8835,1.19851
5.92349,1.18292
5.96348,1.16733
6.00348,1.15174
6.04347,1.13615
6.08347,1.12056
6.12347,1.10497
6.16347,1.08937
6.20347,1.07378
6.24347,1.05818
6.28347,1.04259
6.32348,1.02699
6.36348,1.0114
6.40349,0.995803
6.44349,0.980207
6.4835,0.980052
6.52351,0.979897
6.56352,0.979743
6.60354,0.979588
6.64355,0.979433
6.68357,0.979279
6.72358,0.979124
6.7636,0.978969
6.80362,0.978815
6.84364,0.97866
6.88366,0.978505
6.92368,0.978351
6.9637,0.978196
7.00373,0.978041
7.04375,0.977887
7.08378,0.977732
7.12381,0.977577
7.16384,0.977423
7.20387,0.977268
7.2439,0.977113
7.28393,0.976958
7.32397,0.976804
7.364,0.976804
7.40404,0.976804
7.44407,0.976804
7.48411,0.976804
7.52415,0.976804
7.56419,0.976804
7.60423,0.976804
7.64428,0.976804
7.68432,0.976804
7.72437,0.976804
7.76441,0.976804
7.80446,0.976804
7.84451,0.976804
7.88456,0.976804
7.92461,0.976804
7.96466,0.976804
8.00471,0.976804
8.04477,0.976804
8.08482,0.976804
8.12488,0.976804
8.16494,0.976804
8.205,0.976804
8.24506,0.976804
8.28512,0.976804
8.32518,0.976804
8.36524,0.976804
8.4053,0.976804
8.44537,0.976804
8.48544,0.976804
8.5255,0.976804
8.56557,0.976804
8.60564,0.976804
8.64571,0.976804
8.68578,0.976804
8.72585,0.976804
8.76593,0.976804
8.806,0.976804
8.84608,0.976804
8.88615,0.976804
8.92623,0.976804
8.96631,0.976804
9.00639,0.976804
9.04647,0.976804
9.08655,0.976804
9.12663,0.976804
9.16672,0.976804
9.2068,0.976804
9.24689,0.976804
9.28697,0.976804
9.32706,0.976804
9.36715,0.976804
9.40724,0.976804
9.44733,0.976804
9.48742,0.976804
9.52752,0.976804
9.56761,0.976804
9.6077,0.976804
9.6478,0.976804
9.6879,0.976804
9.72799,0.976804
9.76809,0.976804
9.80819,0.976804
9.84829,0.976804
9.8884,0.976804
9.9285,0.976804
9.9686,0.976804
10.0087,0.976804
10.0488,0.976804
10.0889,0.976804
10.129,0.976804
10.1691,0.976804
10.2092,0.976804
10.2494,0.976804
10.2895,0.976804
10.3296,0.976804
10.3697,0.976804
10.4098,0.976804
10.4499,0.976804
10.49,0.976804
10.5302,0.976804
10.5703,0.976804
10.6104,0.976804
10.6505,0.976804
10.6906,0.976804
10.7307,0.976804
10.7709,0.976804
10.811,0.976804
10.8511,0.976804
10.8912,0.976804
10.9314,0.976804
10.9715,0.976804
11.0116,0.976804
11.0517,0.976804
11.0919,0.976804
11.132,0.976804
11.1721,0.976804
11.2123,0.976804
11.2524,0.976804
11.2925,0.976804
11.3327,0.976804
11.3728,0.976804
11.4129,0.976804
11.4531,0.976804
11.4932,0.976804
11.5334,0.976804
11.5735,0.976804
11.6136,0.976804
11.6538,0.976804
11.6939,0.976804
11.7341,0.976804
11.7742,0.981632
11.8144,0.98646
11.8545,0.991288
11.8946,0.996116
11.9348,1.00094
11.9749,1.00577
12.0151,1.0106
12.0552,1.01543
12.0954,1.02026
12.1355,1.02509
12.1757,1.02992
12.2158,1.03475
12.256,1.03958
12.2962,1.0444
12.3363,1.04923
12.3765,1.05406
12.4166,1.05889
12.4568,1.06372
12.4969,1.06855
12.5371,1.07338
12.5773,1.07821
12.6174,1.08304
12.6576,1.08787
12.6977,1.0927
12.7379,1.09753
12.7781,1.10236
12.8182,1.10719
12.8584,1.11202
12.8986,1.11685
12.9387,1.12169
12.9789,1.12652
13.0191,1.13135
13.0592,1.13618
13.0994,1.14101
13.1396,1.14584
13.1797,1.15067
13.2199,1.1555
13.2601,1.16033
13.3003,1.16517
13.3404,1.17
13.3806,1.17483
13.4208,1.17966
13.461,1.18449
13.5011,1.18933
13.5413,1.19416
13.5815,1.19899
13.6217,1.20382
13.6619,1.20865
13.702,1.21349
13.7422,1.21832
13.7824,1.22315
13.8226,1.22798
13.8628,1.23282
13.9029,1.23765
13.9431,1.24248
13.9833,1.24732
14.0235,1.25215
14.0637,1.25698
14.1039,1.26181
14.1441,1.26665
14.1842,1.27148
14.2244,1.27631
14.2646,1.28115
14.3048,1.28598
14.345,1.29082
14.3852,1.29565
14.4254,1.30048
14.4656,1.30532
14.5058,1.31015
14.546,1.31498
14.5862,1.31982
14.6264,1.32465
14.6666,1.32949
14.7068,1.33432
14.747,1.33916
14.7872,1.34399
14.8273,1.34883
14.8675,1.35366
14.9077,1.35849
14.9479,1.36333
14.9881,1.36816
15.0284,1.373
15.0686,1.37783
15.1088,1.38267
15.149,1.3875
15.1892,1.39234
15.2294,1.39718
15.2696,1.40201
15.3098,1.40685
15.35,1.41168
15.3902,1.41652
15.4304,1.42135
15.4706,1.42619
15.5108,1.43102
15.551,1.43586
15.5912,1.4407
15.6314,1.44553
15.6717,1.45037
15.7119,1.4552
15.7521,1.46004
15.7923,1.46488
15.8325,1.46971
15.8727,1.47455
15.9129,1.47939
15.9531,1.48422
15.9934,1.48906
16.0336,1.49389
16.0738,1.49873
16.114,1.50357
16.1542,1.50841
16.1944,1.51324
16.2347,1.51808
16.2749,1.52292
16.3151,1.52775
16.3553,1.53259
16.3955,1.53743
16.4358,1.54226
16.476,1.5471
16.5162,1.55194
16.5564,1.55678
16.5966,1.56161
16.6369,1.56645
16.6771,1.57129
16.7173,1.57613
16.7575,1.58096
16.7978,1.5858
16.838,1.59064
16.8782,1.59548
16.9184,1.60032
16.9587,1.60515
16.9989,1.60999
17.0391,1.61483
17.0793,1.61967
17.1196,1.62451
17.1598,1.62934
17.2,1.63418
17.2403,1.63902
17.2805,1.64386
17.3207,1.6487
17.361,1.65354
17.4012,1.65837
17.4414,1.66321
17.4816,1.66805
17.5219,1.67289
17.5621,1.67773
17.6023,1.68257
17.6426,1.68741
17.6828,1.69225
17.723,1.69708
17.7633,1.70192
17.8035,1.70676
17.8438,1.7116
17.884,1.71644
17.9242,1.72128
17.9645,1.72612
18.0047,1.73096
18.0449,1.7358
18.0852,1.74064
18.1254,1.74548
18.1657,1.75032
18.2059,1.75516
18.2461,1.76
18.2864,1.76483
18.3266,1.76967
18.3669,1.77451
18.4071,1.77935
18.4473,1.78419
18.4876,1.78903
18.5278,1.79387
18.5681,1.79871
18.6083,1.80355
18.6485,1.80839
18.6888,1.81323
18.729,1.81807
18.7693,1.82291
18.8095,1.82775
18.8498,1.83259
18.89,1.83743
18.9303,1.84227
18.9705,1.84711
19.0107,1.85195
19.051,1.85679
19.0912,1.86163
19.1315,1.86647
19.1717,1.87132
19.212,1.87616
19.2522,1.881
19.2925,1.88584
19.3327,1.89068
19.373,1.89552
19.4132,1.90036
19.4535,1.9052
19.4937,1.91004
19.534,1.91488
19.5742,1.91972
19.6145,1.92456
19.6547,1.9294
19.695,1.93424
19.7352,1.93908
19.7755,1.94393
19.8157,1.94877
19.856,1.95361
19.8962,1.95845
19.9365,1.96329
19.9767,1.96813
20.017,1.97297
20.0572,1.97781
20.0975,1.98265
20.1377,1.98749
20.178,1.99234
20.2182,1.99718
20.2585,2.00202
20.2987,2.00686
20.339,2.0117
20.3793,2.01654
20.4195,2.02138
20.4598,2.02623
20.5,2.03107
20.5403,2.03591
20.5805,2.04075
20.6208,2.04559
20.661,2.05043
20.7013,2.05527
20.7416,2.06012
20.7818,2.06496
20.8221,2.0698
20.8623,2.07464
20.9026,2.07948
20.9428,2.08432
20.9831,2.08916
21.0234,2.09401
21.0636,2.09885
21.1039,2.10369
21.1441,2.10853
21.1844,2.11337
21.2246,2.11821
21.2649,2.12306
21.3052,2.1279
21.3454,2.13274
21.3857,2.13758
21.4259,2.14242
21.4662,2.14727
21.5064,2.15211
21.5467,2.15695
21.587,2.16179
21.6272,2.16663
21.6675,2.17148
21.7077,2.17632
21.748,2.18116
21.7883,2.186
21.8285,2.19084
21.8688,2.19568
21.909,2.20053
21.9493,2.20537
21.9896,2.21021
22.0298,2.21505
22.0701,2.21989
22.1103,2.22474
22.1506,2.22958
22.1909,2.23442
22.2311,2.23926
22.2714,2.24411
22.3116,2.24895
22.3519,2.25379
22.3922,2.25863
22.4324,2.26347
22.4727,2.26832
22.5129,2.27316
22.5532,2.278
22.5935,2.28284
22.6337,2.28768
22.674,2.29253
22.7143,2.29737
22.7545,2.30221
22.7948,2.30705
22.835,2.31189
22.8753,2.31674
22.9156,2.32158
22.9558,2.32642
22.9961,2.33126
23.0363,2.33611
23.0766,2.34095
23.1169,2.34579
23.1579,2.35063
23.2004,2.35565
23.2445,2.36086
23.2902,2.36626
23.3376,2.37186
23.3866,2.37765
23.4375,2.38366
23.4901,2.38988
23.5446,2.39632
23.601,2.40299
23.6594,2.40989
23.7197,2.41702
23.7821,2.42441
23.8466,2.43204
23.9133,2.43992
23.9821,2.44807
24.0532,2.45648
24.1265,2.46516
24.2022,2.47413
24.2803,2.48337
24.3608,2.4929
24.4437,2.50273
24.5291,2.51285
24.617,2.52327
24.7075,2.534
24.8006,2.54504
24.8963,2.55639
24.9946,2.56805
25.0955,2.58003
25.1992,2.59234
25.3055,2.60496
25.4145,2.61791
25.5262,2.63118
25.6406,2.64477
25.7576,2.65869
25.8774,2.67293
25.9997,2.68749
26.1248,2.70237
26.2524,2.71756
26.3826,2.73307
26.5153,2.74888
26.6505,2.76499
26.7881,2.7814
26.9281,2.7981
27.0704,2.81508
27.215,2.83233
27.3617,2.84984
27.5105,2.86762
27.6612,2.88563
27.8139,2.90388
27.9683,2.92235
28.1244,2.94102
28.2821,2.9599
28.4412,2.97895
28.6016,2.99817
28.7633,3.01754
28.926,3.03705
29.0896,3.05668
29.254,3.07641
29.4191,3.09623
29.5847,3.11612
29.7507,3.13606
29.9169,3.15604
0.0198879,2.18506
0.0596644,2.18506
0.0994427,2.18506
0.139223,2.18506
0.179004,2.18506
0.218787,2.18506
0.258572,2.18506
0.298359,2.18506
0.338147,2.18506
0.377937,2.18506
0.417728,2.18506
0.457521,2.18506
0.497316,2.18506
0.537113,2.18506
0.576911,2.18506
0.61671,2.18506
0.656512,2.18506
0.696315,2.18506
0.736119,2.18506
0.775925,2.18506
0.815733,2.18506
0.855543,2.18506
0.895354,2.18506
0.935166,2.18506
0.974981,2.18506
1.0148,2.18506
1.05461,2.18506
1.09443,2.18506
1.13425,2.18506
1.17408,2.18506
1.2139,2.18506
1.25373,2.18506
1.29355,2.18506
1.33338,2.18506
1.37321,2.18506
1.41304,2.18506
1.45288,2.18506
1.49271,2.18506
1.53255,2.18506
1.57239,2.18506
1.61223,2.18506
1.65207,2.18506
1.69191,2.18506
1.73175,2.18506
1.7716,2.18506
1.81145,2.18506
1.8513,2.18506
1.89115,2.18506
1.931,2.18506
1.97085,2.18506
2.01071,2.18506
2.05056,2.18506
2.09042,2.18506
2.13028,2.18506
2.17014,2.18506
2.21001,2.18506
2.24987,2.18506
2.28974,2.18506
2.3296,2.18506
2.36947,2.18506
2.40934,2.18506
2.44921,2.18506
2.48909,2.18506
2.52896,2.18506
2.56884,2.18506
2.60872,2.18506
2.64859,2.18506
2.68848,2.18506
2.72836,2.18506
2.76824,2.18506
2.80813,2.18506
2.84801,2.18506
2.8879,2.18506
2.92779,2.18506
2.96768,2.18506
3.00757,2.18506
3.04747,2.18506
3.08736,2.18506
3.12726,2.18506
3.16716,2.18506
3.20706,2.18506
3.24696,2.18506
3.28686,2.18506
3.32677,2.18506
3.36667,2.18506
3.40658,2.18506
3.44649,2.16941
3.4864,2.15376
3.52631,2.13811
3.56622,2.12246
3.60614,2.10681
3.64605,2.09116
3.68597,2.07551
3.72589,2.05986
3.76581,2.04421
3.80573,2.02856
3.84565,2.0129
3.88557,1.99725
3.9255,1.9816
3.96543,1.96594
4.00536,1.95029
4.04528,1.93463
4.08522,1.91897
4.12515,1.90332
4.16508,1.88766
4.20502,1.872
4.24495,1.85634
4.28489,1.84069
4.32483,1.82503
4.36477,1.80937
4.40471,1.7937
4.44466,1.77804
4.4846,1.76238
4.52455,1.74672
4.56449,1.73106
4.60444,1.71539
4.64439,1.69973
4.68435,1.68407
4.7243,1.6684
4.76425,1.65274
4.80421,1.63707
4.84416,1.6214
4.88412,1.60574
4.92408,1.59007
4.96404,1.5744
5.004,1.55873
5.04397,1.54306
5.08393,1.52739
5.1239,1.51172
5.16387,1.49605
5.20383,1.48038
5.2438,1.46471
5.28378,1.44904
5.32375,1.43337
5.36372,1.41769
5.4037,1.40202
5.44367,1.38635
5.48365,1.37067
5.52363,1.355
5.56361,1.33932
5.60359,1.32364
5.64357,1.30797
5.68356,1.29229
5.72354,1.27661
5.76353,1.26088
5.80352,1.24515
5.84351,1.22942
5.8835,1.21369
5.92349,1.19796
5.96348,1.18223
6.00348,1.1665
6.04347,1.15076
6.08347,1.13503
6.12347,1.11929
6.16347,1.10356
6.20347,1.08782
6.24347,1.07209
6.28347,1.05635
6.32348,1.04062
6.36348,1.02488
6.40349,1.00914
6.44349,0.993404
6.4835,0.993353
6.52351,0.993301
6.56352,0.99325
6.60354,0.993198
6.64355,0.993147
6.68357,0.993095
6.72358,0.993044
6.7636,0.992992
6.80362,0.992941
6.84364,0.992889
6.88366,0.992838
6.92368,0.992786
6.9637,0.992734
7.00373,0.992683
7.04375,0.992631
7.08378,0.99258
7.12381,0.992528
7.16384,0.992477
7.20387,0.992425
7.2439,0.992374
7.28393,0.992322
7.32397,0.99227
7.364,0.99227
7.40404,0.99227
7.44407,0.99227
7.48411,0.99227
7.52415,0.99227
7.56419,0.99227
7.60423,0.99227
7.64428,0.99227
7.68432,0.99227
7.72437,0.99227
7.76441,0.99227
7.80446,0.99227
7.84451,0.99227
7.88456,0.99227
7.92461,0.99227
7.96466,0.99227
8.00471,0.99227
8.04477,0.99227
8.08482,0.99227
8.12488,0.99227
8.16494,0.99227
8.205,0.99227
8.24506,0.99227
8.28512,0.99227
8.32518,0.99227
8.36524,0.99227
8.4053,0.99227
8.44537,0.99227
8.48544,0.99227
8.5255,0.99227
8.56557,0.99227
8.60564,0.99227
8.64571,0.99227
8.68578,0.99227
8.72585,0.99227
8.76593,0.99227
8.806,0.99227
8.84608,0.99227
8.88615,0.99227
8.92623,0.99227
8.96631,0.99227
9.00639,0.99227
9.04647,0.99227
9.08655,0.99227
9.12663,0.99227
9.16672,0.99227
9.2068,0.99227
9.24689,0.99227
9.28697,0.99227
9.32706,0.99227
9.36715,0.99227
9.40724,0.99227
9.44733,0.99227
9.48742,0.99227
9.52752,0.99227
9.56761,0.99227
9.6077,0.99227
9.6478,0.99227
9.6879,0.99227
9.72799,0.99227
9.76809,0.99227
9.80819,0.99227
9.84829,0.99227
9.8884,0.99227
9.9285,0.99227
9.9686,0.99227
10.0087,0.99227
10.0488,0.99227
10.0889,0.99227
10.129,0.99227
10.1691,0.99227
10.2092,0.99227
10.2494,0.99227
10.2895,0.99227
10.3296,0.99227
10.3697,0.99227
10.4098,0.99227
10.4499,0.99227
10.49,0.99227
10.5302,0.99227
10.5703,0.99227
10.6104,0.99227
10.6505,0.99227
10.6906,0.99227
10.7307,0.99227
10.7709,0.99227
10.811,0.99227
10.8511,0.99227
10.8912,0.99227
10.9314,0.99227
10.9715,0.99227
11.0116,0.99227
11.0517,0.99227
11.0919,0.99227
11.132,0.99227
11.1721,0.99227
11.2123,0.99227
11.2524,0.99227
11.2925,0.99227
11.3327,0.99227
11.3728,0.99227
11.4129,0.99227
11.4531,0.99227
11.4932,0.99227
11.5334,0.99227
11.5735,0.99227
11.6136,0.99227
11.6538,0.99227
11.6939,0.99227
11.7341,0.99227
11.7742,0.997175
11.8144,1.00208
11.8545,1.00698
11.8946,1.01189
11.9348,1.01679
11.9749,1.0217
12.0151,1.0266
12.0552,1.03151
12.0954,1.03641
12.1355,1.04132
12.1757,1.04622
12.2158,1.05113
12.256,1.05604
12.2962,1.06094
12.3363,1.06585
12.3765,1.07075
12.4166,1.07566
12.4568,1.08057
12.4969,1.08547
12.5371,1.09038
12.5773,1.09528
12.6174,1.10019
12.6576,1.1051
12.6977,1.11
12.7379,1.11491
12.7781,1.11982
12.8182,1.12472
12.8584,1.12963
12.8986,1.13454
12.9387,1.13945
12.9789,1.14435
13.0191,1.14926
13.0592,1.15417
13.0994,1.15908
13.1396,1.16398
13.1797,1.16889
13.2199,1.1738
13.2601,1.17871
13.3003,1.18362
13.3404,1.18852
13.3806,1.19343
13.4208,1.19834
13.461,1.20325
13.5011,1.20816
13.5413,1.21307
13.5815,1.21797
13.6217,1.22288
13.6619,1.22779
13.702,1.2327
13.7422,1.23761
13.7824,1.24252
13.8226,1.24743
13.8628,1.25234
13.9029,1.25725
13.9431,1.26216
13.9833,1.26707
14.0235,1.27197
14.0637,1.27688
14.1039,1.28179
14.1441,1.2867
14.1842,1.29161
14.2244,1.29652
14.2646,1.30143
14.3048,1.30634
14.345,1.31125
14.3852,1.31616
14.4254,1.32108
14.4656,1.32599
14.5058,1.3309
14.546,1.33581
14.5862,1.34072
14.6264,1.34563
14.6666,1.35054
14.7068,1.35545
14.747,1.36036
14.7872,1.36527
14.8273,1.37018
14.8675,1.37509
14.9077,1.38001
14.9479,1.38492
14.9881,1.38983
15.0284,1.39474
15.0686,1.39965
15.1088,1.40456
15.149,1.40947
15.1892,1.41439
15.2294,1.4193
15.2696,1.42421
15.3098,1.42912
15.35,1.43403
15.3902,1.43895
15.4304,1.44386
15.4706,1.44877
15.5108,1.45368
15.551,1.4586
15.5912,1.46351
15.6314,1.46842
15.6717,1.47333
15.7119,1.47825
15.7521,1.48316
15.7923,1.48807
15.8325,1.49298
15.8727,1.4979
15.9129,1.50281
15.9531,1.50772
15.9934,1.51264
16.0336,1.51755
16.0738,1.52246
16.114,1.52738
16.1542,1.53229
16.1944,1.5372
16.2347,1.54212
16.2749,1.54703
16.3151,1.55194
16.3553,1.55686
16.3955,1.56177
16.4358,1.56668
16.476,1.5716
16.5162,1.57651
16.5564,1.58143
16.5966,1.58634
16.6369,1.59125
16.6771,1.59617
16.7173,1.60108
16.7575,1.606
16.7978,1.61091
16.838,1.61583
16.8782,1.62074
16.9184,1.62566
16.9587,1.63057
16.9989,1.63548
17.0391,1.6404
17.0793,1.64531
17.1196,1.65023
17.1598,1.65514
17.2,1.66006
17.2403,1.66497
17.2805,1.66989
17.3207,1.6748
17.361,1.67972
17.4012,1.68463
17.4414,1.68955
17.4816,1.69446
17.5219,1.69938
17.5621,1.70429
17.6023,1.70921
17.6426,1.71413
17.6828,1.71904
17.723,1.72396
17.7633,1.72887
17.8035,1.73379
17.8438,1.7387
17.884,1.74362
17.9242,1.74854
17.9645,1.75345
18.0047,1.75837
18.0449,1.76328
18.0852,1.7682
18.1254,1.77311
18.1657,1.77803
18.2059,1.78295
18.2461,1.78786
18.2864,1.79278
18.3266,1.7977
18.3669,1.80261
18.4071,1.80753
18.4473,1.81244
18.4876,1.81736
18.5278,1.82228
18.5681,1.82719
18.6083,1.83211
18.6485,1.83703
18.6888,1.84194
18.729,1.84686
18.7693,1.85178
18.8095,1.85669
18.8498,1.86161
18.89,1.86653
18.9303,1.87144
18.9705,1.87636
19.0107,1.88128
19.051,1.88619
19.0912,1.89111
19.1315,1.89603
19.1717,1.90095
19.212,1.90586
19.2522,1.91078
19.2925,1.9157
19.3327,1.92061
19.373,1.92553
19.4132,1.93045
19.4535,1.93537
19.4937,1.94028
19.534,1.9452
19.5742,1.95012
19.6145,1.95504
19.6547,1.95995
19.695,1.96487
19.7352,1.96979
19.7755,1.97471
19.8157,1.97962
19.856,1.98454
19.8962,1.98946
19.9365,1.99438
19.9767,1.99929
20.017,2.00421
20.0572,2.00913
20.0975,2.01405
20.1377,2.01897
20.178,2.02388
20.2182,2.0288
20.2585,2.03372
20.2987,2.03864
20.339,2.04355
20.3793,2.04847
20.4195,2.05339
20.4598,2.05831
20.5,2.06323
20.5403,2.06814
20.5805,2.07306
20.6208,2.07798
20.661,2.0829
20.7013,2.08782
20.7416,2.09274
20.7818,2.09765
20.8221,2.10257
20.8623,2.10749
20.9026,2.11241
20.9428,2.11733
20.9831,2.12224
21.0234,2.12716
21.0636,2.13208
21.1039,2.137
21.1441,2.14192
21.1844,2.14684
21.2246,2.15175
21.2649,2.15667
21.3052,2.16159
21.3454,2.16651
21.3857,2.17143
21.4259,2.17635
21.4662,2.18127
21.5064,2.18618
21.5467,2.1911
21.587,2.19602
21.6272,2.20094
21.6675,2.20586
21.7077,2.21078
21.748,2.2157
21.7883,2.22061
21.8285,2.22553
21.8688,2.23045
21.909,2.23537
21.9493,2.24029
21.9896,2.24521
22.0298,2.25013
22.0701,2.25504
22.1103,2.25996
22.1506,2.26488
22.1909,2.2698
22.2311,2.27472
22.2714,2.27964
22.3116,2.28456
22.3519,2.28948
22.3922,2.29439
22.4324,2.29931
22.4727,2.30423
22.5129,2.30915
22.5532,2.31407
22.5935,2.31899
22.6337,2.32391
22.674,2.32883
22.7143,2.33374
22.7545,2.33866
22.7948,2.34358
22.835,2.3485
22.8753,2.35342
22.9156,2.35834
22.9558,2.36326
22.9961,2.36818
23.0363,2.3731
23.0766,2.37801
23.1169,2.38293
23.1579,2.38785
23.2004,2.39295
23.2445,2.39824
23.2902,2.40373
23.3376,2.40941
23.3866,2.4153
23.4375,2.4214
23.4901,2.42772
23.5446,2.43427
23.601,2.44104
23.6594,2.44805
23.7197,2.4553
23.7821,2.46279
23.8466,2.47054
23.9133,2.47855
23.9821,2.48683
24.0532,2.49537
24.1265,2.5042
24.2022,2.5133
24.2803,2.52269
24.3608,2.53237
24.4437,2.54235
24.5291,2.55264
24.617,2.56322
24.7075,2.57412
24.8006,2.58533
24.8963,2.59686
24.9946,2.60871
25.0955,2.62089
25.1992,2.63338
25.3055,2.64621
25.4145,2.65936
25.5262,2.67284
25.6406,2.68665
25.7576,2.70079
25.8774,2.71525
25.9997,2.73005
26.1248,2.74516
26.2524,2.76059
26.3826,2.77634
26.5153,2.79241
26.6505,2.80877
26.7881,2.82544
26.9281,2.8424
27.0704,2.85965
27.215,2.87718
27.3617,2.89497
27.5105,2.91302
27.6612,2.93132
27.8139,2.94986
27.9683,2.96862
28.1244,2.98759
28.2821,3.00676
28.4412,3.02612
28.6016,3.04564
28.7633,3.06532
28.926,3.08514
29.0896,3.10508
29.254,3.12512
29.4191,3.14526
29.5847,3.16546
29.7507,3.18572
29.9169,3.20601
