-0.000298318,0.00377584
0.000298318,0.00377584
0.000894966,0.00377584
0.00149164,0.00377584
0.00208834,0.00377584
0.00268506,0.00377584
0.00328181,0.00377584
0.00387858,0.00377584
0.00447538,0.00377584
0.0050722,0.00377584
0.00566905,0.00377584
0.00626592,0.00377584
0.00686282,0.00377584
0.00745974,0.00377584
0.00805669,0.00377584
0.00865366,0.00377584
0.00925066,0.00377584
0.00984768,0.00377584
0.0104447,0.00377584
0.0110418,0.00377584
0.0116389,0.00377584
0.012236,0.00377584
0.0128331,0.00377584
0.0134303,0.00377584
0.0140275,0.00377584
0.0146247,0.00377584
0.0152219,0.00377584
0.0158192,0.00377584
0.0164165,0.00377584
0.0170138,0.00377584
0.0176111,0.00377584
0.0182085,0.00377584
0.0188059,0.00377584
0.0194033,0.00377584
0.0200007,0.00377584
0.0205982,0.00377584
0.0211956,0.00377584
0.0217931,0.00377584
0.0223907,0.00377584
0.0229882,0.00377584
0.0235858,0.00377584
0.0241834,0.00377584
0.024781,0.00377584
0.0253786,0.00377584
0.0259763,0.00377584
0.026574,0.00377584
0.0271717,0.00377584
0.0277694,0.00377584
0.0283672,0.00377584
0.028965,0.00377584
0.0295628,0.00377584
0.0301606,0.00377584
0.0307585,0.00377584
0.0313563,0.00377584
0.0319542,0.00377584
0.0325521,0.00377584
0.0331501,0.00377584
0.033748,0.00377584
0.034346,0.00377584
0.034944,0.00377584
0.0355421,0.00377584
0.0361401,0.00377584
0.0367382,0.00377584
0.0373363,0.00377584
0.0379344,0.00377584
0.0385326,0.00377584
0.0391307,0.00377584
0.0397289,0.00377584
0.0403271,0.00377584
0.0409254,0.00377584
0.0415236,0.00377584
0.0421219,0.00377584
0.0427202,0.00377584
0.0433185,0.00377584
0.0439169,0.00377584
0.0445152,0.00377584
0.0451136,0.00377584
0.045712,0.00377584
0.0463105,0.00377584
0.0469089,0.00377584
0.0475074,0.00377584
0.0481059,0.00377584
0.0487044,0.00377584
0.0493029,0.00377584
0.0499015,0.00377584
0.0505001,0.00377584
0.0510987,0.00377584
0.0516973,0.00377767
0.052296,0.0037795
0.0528946,0.00378133
0.0534933,0.00378316
0.054092,0.00378499
0.0546908,0.00378682
0.0552895,0.00378864
0.0558883,0.00379047
0.0564871,0.0037923
0.0570859,0.00379413
0.0576848,0.00379596
0.0582836,0.00379779
0.0588825,0.00379962
0.0594814,0.00380145
0.0600803,0.00380328
0.0606793,0.00380511
0.0612782,0.00380694
0.0618772,0.00380876
0.0624762,0.00381059
0.0630753,0.00381242
0.0636743,0.00381425
0.0642734,0.00381608
0.0648725,0.00381791
0.0654716,0.00381974
0.0660707,0.00382157
0.0666698,0.0038234
0.067269,0.00382523
0.0678682,0.00382706
0.0684674,0.00382889
0.0690667,0.00383072
0.0696659,0.00383255
0.0702652,0.00383438
0.0708645,0.00383621
0.0714638,0.00383804
0.0720631,0.00383987
0.0726625,0.00384171
0.0732618,0.00384354
0.0738612,0.00384537
0.0744606,0.0038472
0.0750601,0.00384903
0.0756595,0.00385086
0.076259,0.00385269
0.0768585,0.00385452
0.077458,0.00385635
0.0780575,0.00385818
0.0786571,0.00386001
0.0792566,0.00386185
0.0798562,0.00386368
0.0804558,0.00386551
0.0810555,0.00386734
0.0816551,0.00386917
0.0822548,0.003871
0.0828545,0.00387283
0.0834542,0.00387467
0.0840539,0.0038765
0.0846536,0.00387833
0.0852534,0.00388016
0.0858532,0.00388199
0.086453,0.00378311
0.0870528,0.00368423
0.0876526,0.00358534
0.0882525,0.00348645
0.0888524,0.00338756
0.0894522,0.00328866
0.0900522,0.00318976
0.0906521,0.00309086
0.091252,0.00299195
0.091852,0.00289305
0.092452,0.00279413
0.093052,0.00269522
0.093652,0.0025963
0.0942521,0.00249738
0.0948521,0.00239846
0.0954522,0.00229953
0.0960523,0.0022006
0.0966524,0.00210167
0.0972526,0.0020009
0.0978527,0.00190013
0.0984529,0.00179935
0.0990531,0.00169857
0.0996533,0.00159779
0.100253,0.00149701
0.100854,0.00139622
0.101454,0.00129543
0.102054,0.00119464
0.102655,0.00109384
0.103255,0.000993043
0.103855,0.000892241
0.104456,0.000791436
0.105056,0.000690628
0.105656,0.000589817
0.106257,0.000489003
0.106857,0.000388186
0.107458,0.000287366
0.108058,0.000186543
0.108659,8.57176e-05
0.109259,-1.51109e-05
0.109859,-0.000115942
0.11046,-0.000115942
0.111061,-0.000115942
0.111661,-0.000115942
0.112262,-0.000115942
0.112862,-0.000115942
0.113463,-0.000115942
0.114064,-0.000115942
0.114664,-0.000115942
0.115265,-0.000115942
0.115866,-0.000115942
0.116466,-0.000115942
0.117067,-0.000115942
0.117668,-0.000115942
0.118268,-0.000115942
0.118869,-0.000115942
0.11947,-0.000115942
0.120071,-0.000115942
0.120672,-0.000115942
0.121272,-0.000115942
0.121873,-0.000115942
0.122474,-0.000115942
0.123075,-0.000115942
0.123676,-0.000115942
0.124277,-0.000115942
0.124878,-0.000115942
0.125479,-0.000115942
0.12608,-0.000115942
0.126681,-0.000115942
0.127282,-0.000115942
0.127883,-0.000115942
0.128484,-0.000115942
0.129085,-0.000115942
0.129686,-0.000115942
0.130287,-0.000115942
0.130888,-0.000115942
0.131489,-0.000115942
0.13209,-0.000115942
0.132691,-0.000115942
0.133292,-0.000115942
0.133893,-0.000115942
0.134495,-0.000115942
0.135096,-0.000115942
0.135697,-0.000115942
0.136298,-0.000115942
0.1369,-0.000115942
0.137501,-0.000115942
0.138102,-0.000115942
0.138703,-0.000115942
0.139305,-0.000115942
0.139906,-0.000115942
0.140507,-0.000115942
0.141109,-0.000115942
0.14171,-0.000115942
0.142311,-0.000115942
0.142913,-0.000115942
0.143514,-0.000115942
0.144116,-0.000115942
0.144717,-0.000115942
0.145318,-0.000115942
0.14592,-0.000115942
0.146521,-0.000115942
0.147123,-0.000115942
0.147724,-0.000115942
0.148326,-0.000115942
0.148927,-0.000115942
0.149529,-0.000115942
0.150131,-0.000115942
0.150732,-0.000115942
0.151334,-0.000115942
0.151935,-0.000115942
0.152537,-0.000115942
0.153139,-0.000115942
0.15374,-0.000115942
0.154342,-0.000115942
0.154944,-0.000115942
0.155545,-0.000115942
0.156147,-0.000115942
0.156749,-0.000115942
0.157351,-0.000115942
0.157952,-0.000115942
0.158554,-0.000115942
0.159156,-0.000115942
0.159758,-0.000115942
0.160359,-0.000115942
0.160961,-0.000115942
0.161563,-0.000115942
0.162165,-0.000115942
0.162767,-0.000115942
0.163369,-0.000115942
0.163971,-0.000115942
0.164572,-0.000115942
0.165174,-0.000115942
0.165776,-0.000115942
0.166378,-0.000115942
0.16698,-0.000115942
0.167582,-0.000115942
0.168184,-0.000115942
0.168786,-0.000115942
0.169388,-0.000115942
0.16999,-0.000115942
0.170592,-0.000115942
0.171194,-0.000115942
0.171796,-0.000115942
0.172398,-0.000115942
0.173,-0.000115942
0.173602,-0.000115942
0.174205,-0.000115942
0.174807,-0.000115942
0.175409,-0.000115942
0.176011,-0.000115942
0.176613,-0.000116516
0.177215,-0.000117089
0.177817,-0.000117662
0.17842,-0.000118235
0.179022,-0.000118808
0.179624,-0.000119381
0.180226,-0.000119954
0.180829,-0.000120527
0.181431,-0.0001211
0.182033,-0.000121674
0.182635,-0.000122247
0.183238,-0.00012282
0.18384,-0.000123393
0.184442,-0.000123966
0.185045,-0.00012454
0.185647,-0.000125113
0.186249,-0.000125686
0.186852,-0.000126259
0.187454,-0.000126833
0.188056,-0.000127406
0.188659,-0.000127979
0.189261,-0.000128552
0.189864,-0.000129126
0.190466,-0.000129699
0.191069,-0.000130272
0.191671,-0.000130846
0.192273,-0.000131419
0.192876,-0.000131993
0.193478,-0.000132566
0.194081,-0.000133139
0.194683,-0.000133713
0.195286,-0.000134286
0.195888,-0.00013486
0.196491,-0.000135433
0.197094,-0.000136006
0.197696,-0.00013658
0.198299,-0.000137153
0.198901,-0.000137727
0.199504,-0.0001383
0.200107,-0.000138874
0.200709,-0.000139447
0.201312,-0.000140021
0.201914,-0.000140594
0.202517,-0.000141168
0.20312,-0.000141741
0.203722,-0.000142315
0.204325,-0.000142888
0.204928,-0.000143462
0.20553,-0.000144036
0.206133,-0.000144609
0.206736,-0.000145183
0.207339,-0.000145756
0.207941,-0.00014633
0.208544,-0.000146904
0.209147,-0.000147477
0.20975,-0.000148051
0.210352,-0.000148625
0.210955,-0.000149198
0.211558,-0.000149772
0.212161,-0.000150346
0.212764,-0.000150919
0.213367,-0.000151493
0.213969,-0.000152067
0.214572,-0.000152641
0.215175,-0.000153214
0.215778,-0.000153788
0.216381,-0.000154362
0.216984,-0.000154936
0.217587,-0.000155509
0.21819,-0.000156083
0.218793,-0.000156657
0.219395,-0.000157231
0.219998,-0.000157805
0.220601,-0.000158378
0.221204,-0.000158952
0.221807,-0.000159526
0.22241,-0.0001601
0.223013,-0.000160674
0.223616,-0.000161248
0.224219,-0.000161821
0.224822,-0.000162395
0.225425,-0.000162969
0.226028,-0.000163543
0.226631,-0.000164117
0.227234,-0.000164691
0.227837,-0.000165265
0.228441,-0.000165839
0.229044,-0.000166413
0.229647,-0.000166987
0.23025,-0.000167561
0.230853,-0.000168135
0.231456,-0.000168708
0.232059,-0.000169282
0.232662,-0.000169856
0.233265,-0.00017043
0.233868,-0.000171004
0.234472,-0.000171578
0.235075,-0.000172152
0.235678,-0.000172726
0.236281,-0.000173301
0.236884,-0.000173875
0.237488,-0.000174449
0.238091,-0.000175023
0.238694,-0.000175597
0.239297,-0.000176171
0.2399,-0.000176745
0.240504,-0.000177319
0.241107,-0.000177893
0.24171,-0.000178467
0.242313,-0.000179041
0.242917,-0.000179615
0.24352,-0.00018019
0.244123,-0.000180764
0.244726,-0.000181338
0.24533,-0.000181912
0.245933,-0.000182486
0.246536,-0.00018306
0.24714,-0.000183634
0.247743,-0.000184209
0.248346,-0.000184783
0.24895,-0.000185357
0.249553,-0.000185931
0.250156,-0.000186505
0.25076,-0.00018708
0.251363,-0.000187654
0.251966,-0.000188228
0.25257,-0.000188802
0.253173,-0.000189376
0.253777,-0.000189951
0.25438,-0.000190525
0.254983,-0.000191099
0.255587,-0.000191673
0.25619,-0.000192248
0.256794,-0.000192822
0.257397,-0.000193396
0.258,-0.00019397
0.258604,-0.000194545
0.259207,-0.000195119
0.259811,-0.000195693
0.260414,-0.000196268
0.261018,-0.000196842
0.261621,-0.000197416
0.262225,-0.000197991
0.262828,-0.000198565
0.263432,-0.000199139
0.264035,-0.000199714
0.264639,-0.000200288
0.265242,-0.000200862
0.265846,-0.000201437
0.266449,-0.000202011
0.267053,-0.000202585
0.267656,-0.00020316
0.26826,-0.000203734
0.268863,-0.000204309
0.269467,-0.000204883
0.270071,-0.000205457
0.270674,-0.000206032
0.271278,-0.000206606
0.271881,-0.000207181
0.272485,-0.000207755
0.273088,-0.000208329
0.273692,-0.000208904
0.274296,-0.000209478
0.274899,-0.000210053
0.275503,-0.000210627
0.276106,-0.000211202
0.27671,-0.000211776
0.277314,-0.000212351
0.277917,-0.000212925
0.278521,-0.0002135
0.279125,-0.000214074
0.279728,-0.000214648
0.280332,-0.000215223
0.280935,-0.000215797
0.281539,-0.000216372
0.282143,-0.000216946
0.282746,-0.000217521
0.28335,-0.000218095
0.283954,-0.00021867
0.284557,-0.000219245
0.285161,-0.000219819
0.285765,-0.000220394
0.286369,-0.000220968
0.286972,-0.000221543
0.287576,-0.000222117
0.28818,-0.000222692
0.288783,-0.000223266
0.289387,-0.000223841
0.289991,-0.000224415
0.290595,-0.00022499
0.291198,-0.000225564
0.291802,-0.000226139
0.292406,-0.000226714
0.293009,-0.000227288
0.293613,-0.000227863
0.294217,-0.000228437
0.294821,-0.000229012
0.295424,-0.000229586
0.296028,-0.000230161
0.296632,-0.000230736
0.297236,-0.00023131
0.29784,-0.000231885
0.298443,-0.000232459
0.299047,-0.000233034
0.299651,-0.000233609
0.300255,-0.000234183
0.300858,-0.000234758
0.301462,-0.000235333
0.302066,-0.000235907
0.30267,-0.000236482
0.303274,-0.000237056
0.303877,-0.000237631
0.304481,-0.000238206
0.305085,-0.00023878
0.305689,-0.000239355
0.306293,-0.00023993
0.306897,-0.000240504
0.3075,-0.000241079
0.308104,-0.000241654
0.308708,-0.000242228
0.309312,-0.000242803
0.309916,-0.000243378
0.310519,-0.000243952
0.311123,-0.000244527
0.311727,-0.000245102
0.312331,-0.000245676
0.312935,-0.000246251
0.313539,-0.000246826
0.314143,-0.0002474
0.314746,-0.000247975
0.31535,-0.00024855
0.315954,-0.000249124
0.316558,-0.000249699
0.317162,-0.000250274
0.317766,-0.000250848
0.31837,-0.000251423
0.318973,-0.000251998
0.319577,-0.000252572
0.320181,-0.000253147
0.320785,-0.000253722
0.321389,-0.000254297
0.321993,-0.000254871
0.322597,-0.000255446
0.323201,-0.000256021
0.323804,-0.000256595
0.324408,-0.00025717
0.325012,-0.000257745
0.325616,-0.00025832
0.32622,-0.000258894
0.326824,-0.000259469
0.327428,-0.000260044
0.328032,-0.000260618
0.328636,-0.000261193
0.32924,-0.000261768
0.329843,-0.000262343
0.330447,-0.000262917
0.331051,-0.000263492
0.331655,-0.000264067
0.332259,-0.000264642
0.332863,-0.000265216
0.333467,-0.000265791
0.334071,-0.000266366
0.334675,-0.00026694
0.335279,-0.000267515
0.335882,-0.00026809
0.336486,-0.000268665
0.33709,-0.000269239
0.337694,-0.000269814
0.338298,-0.000270389
0.338902,-0.000270964
0.339506,-0.000271538
0.34011,-0.000272113
0.340714,-0.000272688
0.341318,-0.000273263
0.341922,-0.000273837
0.342526,-0.000274412
0.343129,-0.000274987
0.343733,-0.000275562
0.344337,-0.000276136
0.344941,-0.000276711
0.345545,-0.000277286
0.346149,-0.00027786
0.346753,-0.000278435
0.347368,-0.00027901
0.348006,-0.000279606
0.348667,-0.000280224
0.349353,-0.000280865
0.350063,-0.000281529
0.3508,-0.000282217
0.351562,-0.00028293
0.352352,-0.000283669
0.353169,-0.000284433
0.354015,-0.000285225
0.35489,-0.000286043
0.355796,-0.000286891
0.356732,-0.000287767
0.357699,-0.000288672
0.358699,-0.000289608
0.359732,-0.000290575
0.360798,-0.000291574
0.361898,-0.000292604
0.363034,-0.000293668
0.364204,-0.000294765
0.365412,-0.000295897
0.366655,-0.000297063
0.367937,-0.000298264
0.369256,-0.000299501
0.370613,-0.000300775
0.372009,-0.000302085
0.373444,-0.000303432
0.374919,-0.000304817
0.376433,-0.000306239
0.377988,-0.000307699
0.379582,-0.000309198
0.381217,-0.000310734
0.382893,-0.00031231
0.384608,-0.000313923
0.386364,-0.000315575
0.38816,-0.000317266
0.389996,-0.000318994
0.391871,-0.00032076
0.393786,-0.000322563
0.395739,-0.000324404
0.397729,-0.00032628
0.399757,-0.000328193
0.401822,-0.00033014
0.403922,-0.000332122
0.406057,-0.000334138
0.408225,-0.000336185
0.410425,-0.000338264
0.412657,-0.000340374
0.414918,-0.000342512
0.417208,-0.000344678
0.419524,-0.00034687
0.421866,-0.000349087
0.424231,-0.000351327
0.426618,-0.000353589
0.429024,-0.00035587
0.431449,-0.000358169
0.43389,-0.000360485
0.436344,-0.000362815
0.438811,-0.000365157
0.441287,-0.000367509
0.443771,-0.00036987
0.44626,-0.000372237
0.448753,-0.000374609
0.451247,-0.000376982
-0.000298318,0.00422416
0.000298318,0.00422416
0.000894966,0.00422416
0.00149164,0.00422416
0.00208834,0.00422416
0.00268506,0.00422416
0.00328181,0.00422416
0.00387858,0.00422416
0.00447538,0.00422416
0.0050722,0.00422416
0.00566905,0.00422416
0.00626592,0.00422416
0.00686282,0.00422416
0.00745974,0.00422416
0.00805669,0.00422416
0.00865366,0.00422416
0.00925066,0.00422416
0.00984768,0.00422416
0.0104447,0.00422416
0.0110418,0.00422416
0.0116389,0.00422416
0.012236,0.00422416
0.0128331,0.00422416
0.0134303,0.00422416
0.0140275,0.00422416
0.0146247,0.00422416
0.0152219,0.00422416
0.0158192,0.00422416
0.0164165,0.00422416
0.0170138,0.00422416
0.0176111,0.00422416
0.0182085,0.00422416
0.0188059,0.00422416
0.0194033,0.00422416
0.0200007,0.00422416
0.0205982,0.00422416
0.0211956,0.00422416
0.0217931,0.00422416
0.0223907,0.00422416
0.0229882,0.00422416
0.0235858,0.00422416
0.0241834,0.00422416
0.024781,0.00422416
0.0253786,0.00422416
0.0259763,0.00422416
0.026574,0.00422416
0.0271717,0.00422416
0.0277694,0.00422416
0.0283672,0.00422416
0.028965,0.00422416
0.0295628,0.00422416
0.0301606,0.00422416
0.0307585,0.00422416
0.0313563,0.00422416
0.0319542,0.00422416
0.0325521,0.00422416
0.0331501,0.00422416
0.033748,0.00422416
0.034346,0.00422416
0.034944,0.00422416
0.0355421,0.00422416
0.0361401,0.00422416
0.0367382,0.00422416
0.0373363,0.00422416
0.0379344,0.00422416
0.0385326,0.00422416
0.0391307,0.00422416
0.0397289,0.00422416
0.0403271,0.00422416
0.0409254,0.00422416
0.0415236,0.00422416
0.0421219,0.00422416
0.0427202,0.00422416
0.0433185,0.00422416
0.0439169,0.00422416
0.0445152,0.00422416
0.0451136,0.00422416
0.045712,0.00422416
0.0463105,0.00422416
0.0469089,0.00422416
0.0475074,0.00422416
0.0481059,0.00422416
0.0487044,0.00422416
0.0493029,0.00422416
0.0499015,0.00422416
0.0505001,0.00422416
0.0510987,0.00422416
0.0516973,0.00422233
0.052296,0.0042205
0.0528946,0.00421867
0.0534933,0.00421684
0.054092,0.00421501
0.0546908,0.00421318
0.0552895,0.00421136
0.0558883,0.00420953
0.0564871,0.0042077
0.0570859,0.00420587
0.0576848,0.00420404
0.0582836,0.00420221
0.0588825,0.00420038
0.0594814,0.00419855
0.0600803,0.00419672
0.0606793,0.00419489
0.0612782,0.00419306
0.0618772,0.00419124
0.0624762,0.00418941
0.0630753,0.00418758
0.0636743,0.00418575
0.0642734,0.00418392
0.0648725,0.00418209
0.0654716,0.00418026
0.0660707,0.00417843
0.0666698,0.0041766
0.067269,0.00417477
0.0678682,0.00417294
0.0684674,0.00417111
0.0690667,0.00416928
0.0696659,0.00416745
0.0702652,0.00416562
0.0708645,0.00416379
0.0714638,0.00416196
0.0720631,0.00416013
0.0726625,0.0041583
0.0732618,0.00415646
0.0738612,0.00415463
0.0744606,0.0041528
0.0750601,0.00415097
0.0756595,0.00414914
0.076259,0.00414731
0.0768585,0.00414548
0.077458,0.00414365
0.0780575,0.00414182
0.0786571,0.00413999
0.0792566,0.00413815
0.0798562,0.00413632
0.0804558,0.00413449
0.0810555,0.00413266
0.0816551,0.00413083
0.0822548,0.004129
0.0828545,0.00412717
0.0834542,0.00412533
0.0840539,0.0041235
0.0846536,0.00412167
0.0852534,0.00411984
0.0858532,0.00411801
0.086453,0.00401701
0.0870528,0.00391601
0.0876526,0.003815
0.0882525,0.00371399
0.0888524,0.00361298
0.0894522,0.00351196
0.0900522,0.00341094
0.0906521,0.00330992
0.091252,0.0032089
0.091852,0.00310787
0.092452,0.00300684
0.093052,0.0029058
0.093652,0.00280477
0.0942521,0.00270373
0.0948521,0.00260268
0.0954522,0.00250164
0.0960523,0.00240059
0.0966524,0.00229953
0.0972526,0.00220031
0.0978527,0.00210108
0.0984529,0.00200185
0.0990531,0.00190262
0.0996533,0.00180339
0.100253,0.00170415
0.100854,0.00160491
0.101454,0.00150566
0.102054,0.00140642
0.102655,0.00130717
0.103255,0.00120792
0.103855,0.00110866
0.104456,0.0010094
0.105056,0.000910139
0.105656,0.000810875
0.106257,0.000711607
0.106857,0.000612337
0.107458,0.000513064
0.108058,0.000413788
0.108659,0.000314509
0.109259,0.000215227
0.109859,0.000115942
0.11046,0.000115942
0.111061,0.000115942
0.111661,0.000115942
0.112262,0.000115942
0.112862,0.000115942
0.113463,0.000115942
0.114064,0.000115942
0.114664,0.000115942
0.115265,0.000115942
0.115866,0.000115942
0.116466,0.000115942
0.117067,0.000115942
0.117668,0.000115942
0.118268,0.000115942
0.118869,0.000115942
0.11947,0.000115942
0.120071,0.000115942
0.120672,0.000115942
0.121272,0.000115942
0.121873,0.000115942
0.122474,0.000115942
0.123075,0.000115942
0.123676,0.000115942
0.124277,0.000115942
0.124878,0.000115942
0.125479,0.000115942
0.12608,0.000115942
0.126681,0.000115942
0.127282,0.000115942
0.127883,0.000115942
0.128484,0.000115942
0.129085,0.000115942
0.129686,0.000115942
0.130287,0.000115942
0.130888,0.000115942
0.131489,0.000115942
0.13209,0.000115942
0.132691,0.000115942
0.133292,0.000115942
0.133893,0.000115942
0.134495,0.000115942
0.135096,0.000115942
0.135697,0.000115942
0.136298,0.000115942
0.1369,0.000115942
0.137501,0.000115942
0.138102,0.000115942
0.138703,0.000115942
0.139305,0.000115942
0.139906,0.000115942
0.140507,0.000115942
0.141109,0.000115942
0.14171,0.000115942
0.142311,0.000115942
0.142913,0.000115942
0.143514,0.000115942
0.144116,0.000115942
0.144717,0.000115942
0.145318,0.000115942
0.14592,0.000115942
0.146521,0.000115942
0.147123,0.000115942
0.147724,0.000115942
0.148326,0.000115942
0.148927,0.000115942
0.149529,0.000115942
0.150131,0.000115942
0.150732,0.000115942
0.151334,0.000115942
0.151935,0.000115942
0.152537,0.000115942
0.153139,0.000115942
0.15374,0.000115942
0.154342,0.000115942
0.154944,0.000115942
0.155545,0.000115942
0.156147,0.000115942
0.156749,0.000115942
0.157351,0.000115942
0.157952,0.000115942
0.158554,0.000115942
0.159156,0.000115942
0.159758,0.000115942
0.160359,0.000115942
0.160961,0.000115942
0.161563,0.000115942
0.162165,0.000115942
0.162767,0.000115942
0.163369,0.000115942
0.163971,0.000115942
0.164572,0.000115942
0.165174,0.000115942
0.165776,0.000115942
0.166378,0.000115942
0.16698,0.000115942
0.167582,0.000115942
0.168184,0.000115942
0.168786,0.000115942
0.169388,0.000115942
0.16999,0.000115942
0.170592,0.000115942
0.171194,0.000115942
0.171796,0.000115942
0.172398,0.000115942
0.173,0.000115942
0.173602,0.000115942
0.174205,0.000115942
0.174807,0.000115942
0.175409,0.000115942
0.176011,0.000115942
0.176613,0.000116516
0.177215,0.000117089
0.177817,0.000117662
0.17842,0.000118235
0.179022,0.000118808
0.179624,0.000119381
0.180226,0.000119954
0.180829,0.000120527
0.181431,0.0001211
0.182033,0.000121674
0.182635,0.000122247
0.183238,0.00012282
0.18384,0.000123393
0.184442,0.000123966
0.185045,0.00012454
0.185647,0.000125113
0.186249,0.000125686
0.186852,0.000126259
0.187454,0.000126833
0.188056,0.000127406
0.188659,0.000127979
0.189261,0.000128552
0.189864,0.000129126
0.190466,0.000129699
0.191069,0.000130272
0.191671,0.000130846
0.192273,0.000131419
0.192876,0.000131993
0.193478,0.000132566
0.194081,0.000133139
0.194683,0.000133713
0.195286,0.000134286
0.195888,0.00013486
0.196491,0.000135433
0.197094,0.000136006
0.197696,0.00013658
0.198299,0.000137153
0.198901,0.000137727
0.199504,0.0001383
0.200107,0.000138874
0.200709,0.000139447
0.201312,0.000140021
0.201914,0.000140594
0.202517,0.000141168
0.20312,0.000141741
0.203722,0.000142315
0.204325,0.000142888
0.204928,0.000143462
0.20553,0.000144036
0.206133,0.000144609
0.206736,0.000145183
0.207339,0.000145756
0.207941,0.00014633
0.208544,0.000146904
0.209147,0.000147477
0.20975,0.000148051
0.210352,0.000148625
0.210955,0.000149198
0.211558,0.000149772
0.212161,0.000150346
0.212764,0.000150919
0.213367,0.000151493
0.213969,0.000152067
0.214572,0.000152641
0.215175,0.000153214
0.215778,0.000153788
0.216381,0.000154362
0.216984,0.000154936
0.217587,0.000155509
0.21819,0.000156083
0.218793,0.000156657
0.219395,0.000157231
0.219998,0.000157805
0.220601,0.000158378
0.221204,0.000158952
0.221807,0.000159526
0.22241,0.0001601
0.223013,0.000160674
0.223616,0.000161248
0.224219,0.000161821
0.224822,0.000162395
0.225425,0.000162969
0.226028,0.000163543
0.226631,0.000164117
0.227234,0.000164691
0.227837,0.000165265
0.228441,0.000165839
0.229044,0.000166413
0.229647,0.000166987
0.23025,0.000167561
0.230853,0.000168135
0.231456,0.000168708
0.232059,0.000169282
0.232662,0.000169856
0.233265,0.00017043
0.233868,0.000171004
0.234472,0.000171578
0.235075,0.000172152
0.235678,0.000172726
0.236281,0.000173301
0.236884,0.000173875
0.237488,0.000174449
0.238091,0.000175023
0.238694,0.000175597
0.239297,0.000176171
0.2399,0.000176745
0.240504,0.000177319
0.241107,0.000177893
0.24171,0.000178467
0.242313,0.000179041
0.242917,0.000179615
0.24352,0.00018019
0.244123,0.000180764
0.244726,0.000181338
0.24533,0.000181912
0.245933,0.000182486
0.246536,0.00018306
0.24714,0.000183634
0.247743,0.000184209
0.248346,0.000184783
0.24895,0.000185357
0.249553,0.000185931
0.250156,0.000186505
0.25076,0.00018708
0.251363,0.000187654
0.251966,0.000188228
0.25257,0.000188802
0.253173,0.000189376
0.253777,0.000189951
0.25438,0.000190525
0.254983,0.000191099
0.255587,0.000191673
0.25619,0.000192248
0.256794,0.000192822
0.257397,0.000193396
0.258,0.00019397
0.258604,0.000194545
0.259207,0.000195119
0.259811,0.000195693
0.260414,0.000196268
0.261018,0.000196842
0.261621,0.000197416
0.262225,0.000197991
0.262828,0.000198565
0.263432,0.000199139
0.264035,0.000199714
0.264639,0.000200288
0.265242,0.000200862
0.265846,0.000201437
0.266449,0.000202011
0.267053,0.000202585
0.267656,0.00020316
0.26826,0.000203734
0.268863,0.000204309
0.269467,0.000204883
0.270071,0.000205457
0.270674,0.000206032
0.271278,0.000206606
0.271881,0.000207181
0.272485,0.000207755
0.273088,0.000208329
0.273692,0.000208904
0.274296,0.000209478
0.274899,0.000210053
0.275503,0.000210627
0.276106,0.000211202
0.27671,0.000211776
0.277314,0.000212351
0.277917,0.000212925
0.278521,0.0002135
0.279125,0.000214074
0.279728,0.000214648
0.280332,0.000215223
0.280935,0.000215797
0.281539,0.000216372
0.282143,0.000216946
0.282746,0.000217521
0.28335,0.000218095
0.283954,0.00021867
0.284557,0.000219245
0.285161,0.000219819
0.285765,0.000220394
0.286369,0.000220968
0.286972,0.000221543
0.287576,0.000222117
0.28818,0.000222692
0.288783,0.000223266
0.289387,0.000223841
0.289991,0.000224415
0.290595,0.00022499
0.291198,0.000225564
0.291802,0.000226139
0.292406,0.000226714
0.293009,0.000227288
0.293613,0.000227863
0.294217,0.000228437
0.294821,0.000229012
0.295424,0.000229586
0.296028,0.000230161
0.296632,0.000230736
0.297236,0.00023131
0.29784,0.000231885
0.298443,0.000232459
0.299047,0.000233034
0.299651,0.000233609
0.300255,0.000234183
0.300858,0.000234758
0.301462,0.000235333
0.302066,0.000235907
0.30267,0.000236482
0.303274,0.000237056
0.303877,0.000237631
0.304481,0.000238206
0.305085,0.00023878
0.305689,0.000239355
0.306293,0.00023993
0.306897,0.000240504
0.3075,0.000241079
0.308104,0.000241654
0.308708,0.000242228
0.309312,0.000242803
0.309916,0.000243378
0.310519,0.000243952
0.311123,0.000244527
0.311727,0.000245102
0.312331,0.000245676
0.312935,0.000246251
0.313539,0.000246826
0.314143,0.0002474
0.314746,0.000247975
0.31535,0.00024855
0.315954,0.000249124
0.316558,0.000249699
0.317162,0.000250274
0.317766,0.000250848
0.31837,0.000251423
0.318973,0.000251998
0.319577,0.000252572
0.320181,0.000253147
0.320785,0.000253722
0.321389,0.000254297
0.321993,0.000254871
0.322597,0.000255446
0.323201,0.000256021
0.323804,0.000256595
0.324408,0.00025717
0.325012,0.000257745
0.325616,0.00025832
0.32622,0.000258894
0.326824,0.000259469
0.327428,0.000260044
0.328032,0.000260618
0.328636,0.000261193
0.32924,0.000261768
0.329843,0.000262343
0.330447,0.000262917
0.331051,0.000263492
0.331655,0.000264067
0.332259,0.000264642
0.332863,0.000265216
0.333467,0.000265791
0.334071,0.000266366
0.334675,0.00026694
0.335279,0.000267515
0.335882,0.00026809
0.336486,0.000268665
0.33709,0.000269239
0.337694,0.000269814
0.338298,0.000270389
0.338902,0.000270964
0.339506,0.000271538
0.34011,0.000272113
0.340714,0.000272688
0.341318,0.000273263
0.341922,0.000273837
0.342526,0.000274412
0.343129,0.000274987
0.343733,0.000275562
0.344337,0.000276136
0.344941,0.000276711
0.345545,0.000277286
0.346149,0.00027786
0.346753,0.000278435
0.347368,0.00027901
0.348006,0.000279606
0.348667,0.000280224
0.349353,0.000280865
0.350063,0.000281529
0.3508,0.000282217
0.351562,0.00028293
0.352352,0.000283669
0.353169,0.000284433
0.354015,0.000285225
0.35489,0.000286043
0.355796,0.000286891
0.356732,0.000287767
0.357699,0.000288672
0.358699,0.000289608
0.359732,0.000290575
0.360798,0.000291574
0.361898,0.000292604
0.363034,0.000293668
0.364204,0.000294765
0.365412,0.000295897
0.366655,0.000297063
0.367937,0.000298264
0.369256,0.000299501
0.370613,0.000300775
0.372009,0.000302085
0.373444,0.000303432
0.374919,0.000304817
0.376433,0.000306239
0.377988,0.000307699
0.379582,0.000309198
0.381217,0.000310734
0.382893,0.00031231
0.384608,0.000313923
0.386364,0.000315575
0.38816,0.000317266
0.389996,0.000318994
0.391871,0.00032076
0.393786,0.000322563
0.395739,0.000324404
0.397729,0.00032628
0.399757,0.000328193
0.401822,0.00033014
0.403922,0.000332122
0.406057,0.000334138
0.408225,0.000336185
0.410425,0.000338264
0.412657,0.000340374
0.414918,0.000342512
0.417208,0.000344678
0.419524,0.00034687
0.421866,0.000349087
0.424231,0.000351327
0.426618,0.000353589
0.429024,0.00035587
0.431449,0.000358169
0.43389,0.000360485
0.436344,0.000362815
0.438811,0.000365157
0.441287,0.000367509
0.443771,0.00036987
0.44626,0.000372237
0.448753,0.000374609
0.451247,0.000376982
-0.000298318,0.00467269
0.000298318,0.00467269
0.000894966,0.00467269
0.00149164,0.00467269
0.00208834,0.00467269
0.00268506,0.00467269
0.00328181,0.00467269
0.00387858,0.00467269
0.00447538,0.00467269
0.0050722,0.00467269
0.00566905,0.00467269
0.00626592,0.00467269
0.00686282,0.00467269
0.00745974,0.00467269
0.00805669,0.00467269
0.00865366,0.00467269
0.00925066,0.00467269
0.00984768,0.00467269
0.0104447,0.00467269
0.0110418,0.00467269
0.0116389,0.00467269
0.012236,0.00467269
0.0128331,0.00467269
0.0134303,0.00467269
0.0140275,0.00467269
0.0146247,0.00467269
0.0152219,0.00467269
0.0158192,0.00467269
0.0164165,0.00467269
0.0170138,0.00467269
0.0176111,0.00467269
0.0182085,0.00467269
0.0188059,0.00467269
0.0194033,0.00467269
0.0200007,0.00467269
0.0205982,0.00467269
0.0211956,0.00467269
0.0217931,0.00467269
0.0223907,0.00467269
0.0229882,0.00467269
0.0235858,0.00467269
0.0241834,0.00467269
0.024781,0.00467269
0.0253786,0.00467269
0.0259763,0.00467269
0.026574,0.00467269
0.0271717,0.00467269
0.0277694,0.00467269
0.0283672,0.00467269
0.028965,0.00467269
0.0295628,0.00467269
0.0301606,0.00467269
0.0307585,0.00467269
0.0313563,0.00467269
0.0319542,0.00467269
0.0325521,0.00467269
0.0331501,0.00467269
0.033748,0.00467269
0.034346,0.00467269
0.034944,0.00467269
0.0355421,0.00467269
0.0361401,0.00467269
0.0367382,0.00467269
0.0373363,0.00467269
0.0379344,0.00467269
0.0385326,0.00467269
0.0391307,0.00467269
0.0397289,0.00467269
0.0403271,0.00467269
0.0409254,0.00467269
0.0415236,0.00467269
0.0421219,0.00467269
0.0427202,0.00467269
0.0433185,0.00467269
0.0439169,0.00467269
0.0445152,0.00467269
0.0451136,0.00467269
0.045712,0.00467269
0.0463105,0.00467269
0.0469089,0.00467269
0.0475074,0.00467269
0.0481059,0.00467269
0.0487044,0.00467269
0.0493029,0.00467269
0.0499015,0.00467269
0.0505001,0.00467269
0.0510987,0.00467269
0.0516973,0.00466721
0.052296,0.00466172
0.0528946,0.00465623
0.0534933,0.00465075
0.054092,0.00464526
0.0546908,0.00463977
0.0552895,0.00463428
0.0558883,0.00462879
0.0564871,0.0046233
0.0570859,0.00461782
0.0576848,0.00461233
0.0582836,0.00460684
0.0588825,0.00460135
0.0594814,0.00459586
0.0600803,0.00459037
0.0606793,0.00458488
0.0612782,0.00457939
0.0618772,0.0045739
0.0624762,0.00456841
0.0630753,0.00456292
0.0636743,0.00455743
0.0642734,0.00455194
0.0648725,0.00454645
0.0654716,0.00454096
0.0660707,0.00453546
0.0666698,0.00452997
0.067269,0.00452448
0.0678682,0.00451899
0.0684674,0.0045135
0.0690667,0.004508
0.0696659,0.00450251
0.0702652,0.00449702
0.0708645,0.00449153
0.0714638,0.00448603
0.0720631,0.00448054
0.0726625,0.00447505
0.0732618,0.00446955
0.0738612,0.00446406
0.0744606,0.00445856
0.0750601,0.00445307
0.0756595,0.00444758
0.076259,0.00444208
0.0768585,0.00443659
0.077458,0.00443109
0.0780575,0.0044256
0.0786571,0.0044201
0.0792566,0.00441461
0.0798562,0.00440911
0.0804558,0.00440361
0.0810555,0.00439812
0.0816551,0.00439262
0.0822548,0.00438713
0.0828545,0.00438163
0.0834542,0.00437613
0.0840539,0.00437063
0.0846536,0.00436514
0.0852534,0.00435964
0.0858532,0.00435414
0.086453,0.00425102
0.0870528,0.0041479
0.0876526,0.00404477
0.0882525,0.00394165
0.0888524,0.00383851
0.0894522,0.00373538
0.0900522,0.00363224
0.0906521,0.0035291
0.091252,0.00342595
0.091852,0.0033228
0.092452,0.00321965
0.093052,0.0031165
0.093652,0.00301334
0.0942521,0.00291018
0.0948521,0.00280701
0.0954522,0.00270384
0.0960523,0.00260067
0.0966524,0.0024975
0.0972526,0.00239982
0.0978527,0.00230214
0.0984529,0.00220446
0.0990531,0.00210678
0.0996533,0.00200909
0.100253,0.0019114
0.100854,0.0018137
0.101454,0.00171601
0.102054,0.00161831
0.102655,0.0015206
0.103255,0.0014229
0.103855,0.00132519
0.104456,0.00122748
0.105056,0.00112976
0.105656,0.00103205
0.106257,0.000934325
0.106857,0.000836602
0.107458,0.000738876
0.108058,0.000641148
0.108659,0.000543416
0.109259,0.000445682
0.109859,0.000347945
0.11046,0.000347945
0.111061,0.000347945
0.111661,0.000347945
0.112262,0.000347945
0.112862,0.000347945
0.113463,0.000347945
0.114064,0.000347945
0.114664,0.000347945
0.115265,0.000347945
0.115866,0.000347945
0.116466,0.000347945
0.117067,0.000347945
0.117668,0.000347945
0.118268,0.000347945
0.118869,0.000347945
0.11947,0.000347945
0.120071,0.000347945
0.120672,0.000347945
0.121272,0.000347945
0.121873,0.000347945
0.122474,0.000347945
0.123075,0.000347945
0.123676,0.000347945
0.124277,0.000347945
0.124878,0.000347945
0.125479,0.000347945
0.12608,0.000347945
0.126681,0.000347945
0.127282,0.000347945
0.127883,0.000347945
0.128484,0.000347945
0.129085,0.000347945
0.129686,0.000347945
0.130287,0.000347945
0.130888,0.000347945
0.131489,0.000347945
0.13209,0.000347945
0.132691,0.000347945
0.133292,0.000347945
0.133893,0.000347945
0.134495,0.000347945
0.135096,0.000347945
0.135697,0.000347945
0.136298,0.000347945
0.1369,0.000347945
0.137501,0.000347945
0.138102,0.000347945
0.138703,0.000347945
0.139305,0.000347945
0.139906,0.000347945
0.140507,0.000347945
0.141109,0.000347945
0.14171,0.000347945
0.142311,0.000347945
0.142913,0.000347945
0.143514,0.000347945
0.144116,0.000347945
0.144717,0.000347945
0.145318,0.000347945
0.14592,0.000347945
0.146521,0.000347945
0.147123,0.000347945
0.147724,0.000347945
0.148326,0.000347945
0.148927,0.000347945
0.149529,0.000347945
0.150131,0.000347945
0.150732,0.000347945
0.151334,0.000347945
0.151935,0.000347945
0.152537,0.000347945
0.153139,0.000347945
0.15374,0.000347945
0.154342,0.000347945
0.154944,0.000347945
0.155545,0.000347945
0.156147,0.000347945
0.156749,0.000347945
0.157351,0.000347945
0.157952,0.000347945
0.158554,0.000347945
0.159156,0.000347945
0.159758,0.000347945
0.160359,0.000347945
0.160961,0.000347945
0.161563,0.000347945
0.162165,0.000347945
0.162767,0.000347945
0.163369,0.000347945
0.163971,0.000347945
0.164572,0.000347945
0.165174,0.000347945
0.165776,0.000347945
0.166378,0.000347945
0.16698,0.000347945
0.167582,0.000347945
0.168184,0.000347945
0.168786,0.000347945
0.169388,0.000347945
0.16999,0.000347945
0.170592,0.000347945
0.171194,0.000347945
0.171796,0.000347945
0.172398,0.000347945
0.173,0.000347945
0.173602,0.000347945
0.174205,0.000347945
0.174807,0.000347945
0.175409,0.000347945
0.176011,0.000347945
0.176613,0.000349665
0.177215,0.000351385
0.177817,0.000353104
0.17842,0.000354824
0.179022,0.000356544
0.179624,0.000358264
0.180226,0.000359984
0.180829,0.000361704
0.181431,0.000363424
0.182033,0.000365144
0.182635,0.000366864
0.183238,0.000368584
0.18384,0.000370305
0.184442,0.000372025
0.185045,0.000373745
0.185647,0.000375465
0.186249,0.000377186
0.186852,0.000378906
0.187454,0.000380626
0.188056,0.000382347
0.188659,0.000384067
0.189261,0.000385788
0.189864,0.000387508
0.190466,0.000389229
0.191069,0.000390949
0.191671,0.00039267
0.192273,0.000394391
0.192876,0.000396111
0.193478,0.000397832
0.194081,0.000399553
0.194683,0.000401274
0.195286,0.000402995
0.195888,0.000404715
0.196491,0.000406436
0.197094,0.000408157
0.197696,0.000409878
0.198299,0.000411599
0.198901,0.00041332
0.199504,0.000415041
0.200107,0.000416762
0.200709,0.000418483
0.201312,0.000420204
0.201914,0.000421925
0.202517,0.000423647
0.20312,0.000425368
0.203722,0.000427089
0.204325,0.00042881
0.204928,0.000430532
0.20553,0.000432253
0.206133,0.000433974
0.206736,0.000435696
0.207339,0.000437417
0.207941,0.000439139
0.208544,0.00044086
0.209147,0.000442582
0.20975,0.000444303
0.210352,0.000446025
0.210955,0.000447746
0.211558,0.000449468
0.212161,0.00045119
0.212764,0.000452911
0.213367,0.000454633
0.213969,0.000456355
0.214572,0.000458077
0.215175,0.000459798
0.215778,0.00046152
0.216381,0.000463242
0.216984,0.000464964
0.217587,0.000466686
0.21819,0.000468408
0.218793,0.00047013
0.219395,0.000471852
0.219998,0.000473574
0.220601,0.000475296
0.221204,0.000477018
0.221807,0.00047874
0.22241,0.000480462
0.223013,0.000482184
0.223616,0.000483906
0.224219,0.000485628
0.224822,0.000487351
0.225425,0.000489073
0.226028,0.000490795
0.226631,0.000492517
0.227234,0.00049424
0.227837,0.000495962
0.228441,0.000497684
0.229044,0.000499407
0.229647,0.000501129
0.23025,0.000502852
0.230853,0.000504574
0.231456,0.000506297
0.232059,0.000508019
0.232662,0.000509742
0.233265,0.000511464
0.233868,0.000513187
0.234472,0.000514909
0.235075,0.000516632
0.235678,0.000518355
0.236281,0.000520077
0.236884,0.0005218
0.237488,0.000523523
0.238091,0.000525246
0.238694,0.000526968
0.239297,0.000528691
0.2399,0.000530414
0.240504,0.000532137
0.241107,0.00053386
0.24171,0.000535583
0.242313,0.000537305
0.242917,0.000539028
0.24352,0.000540751
0.244123,0.000542474
0.244726,0.000544197
0.24533,0.00054592
0.245933,0.000547643
0.246536,0.000549366
0.24714,0.000551089
0.247743,0.000552813
0.248346,0.000554536
0.24895,0.000556259
0.249553,0.000557982
0.250156,0.000559705
0.25076,0.000561428
0.251363,0.000563152
0.251966,0.000564875
0.25257,0.000566598
0.253173,0.000568321
0.253777,0.000570045
0.25438,0.000571768
0.254983,0.000573491
0.255587,0.000575215
0.25619,0.000576938
0.256794,0.000578661
0.257397,0.000580385
0.258,0.000582108
0.258604,0.000583832
0.259207,0.000585555
0.259811,0.000587279
0.260414,0.000589002
0.261018,0.000590726
0.261621,0.000592449
0.262225,0.000594173
0.262828,0.000595896
0.263432,0.00059762
0.264035,0.000599344
0.264639,0.000601067
0.265242,0.000602791
0.265846,0.000604515
0.266449,0.000606238
0.267053,0.000607962
0.267656,0.000609686
0.26826,0.000611409
0.268863,0.000613133
0.269467,0.000614857
0.270071,0.000616581
0.270674,0.000618304
0.271278,0.000620028
0.271881,0.000621752
0.272485,0.000623476
0.273088,0.0006252
0.273692,0.000626924
0.274296,0.000628648
0.274899,0.000630371
0.275503,0.000632095
0.276106,0.000633819
0.27671,0.000635543
0.277314,0.000637267
0.277917,0.000638991
0.278521,0.000640715
0.279125,0.000642439
0.279728,0.000644163
0.280332,0.000645887
0.280935,0.000647611
0.281539,0.000649335
0.282143,0.000651059
0.282746,0.000652784
0.28335,0.000654508
0.283954,0.000656232
0.284557,0.000657956
0.285161,0.00065968
0.285765,0.000661404
0.286369,0.000663128
0.286972,0.000664853
0.287576,0.000666577
0.28818,0.000668301
0.288783,0.000670025
0.289387,0.000671749
0.289991,0.000673474
0.290595,0.000675198
0.291198,0.000676922
0.291802,0.000678646
0.292406,0.000680371
0.293009,0.000682095
0.293613,0.000683819
0.294217,0.000685544
0.294821,0.000687268
0.295424,0.000688992
0.296028,0.000690717
0.296632,0.000692441
0.297236,0.000694165
0.29784,0.00069589
0.298443,0.000697614
0.299047,0.000699339
0.299651,0.000701063
0.300255,0.000702788
0.300858,0.000704512
0.301462,0.000706236
0.302066,0.000707961
0.30267,0.000709685
0.303274,0.00071141
0.303877,0.000713134
0.304481,0.000714859
0.305085,0.000716583
0.305689,0.000718308
0.306293,0.000720032
0.306897,0.000721757
0.3075,0.000723481
0.308104,0.000725206
0.308708,0.00072693
0.309312,0.000728655
0.309916,0.00073038
0.310519,0.000732104
0.311123,0.000733829
0.311727,0.000735553
0.312331,0.000737278
0.312935,0.000739003
0.313539,0.000740727
0.314143,0.000742452
0.314746,0.000744176
0.31535,0.000745901
0.315954,0.000747626
0.316558,0.00074935
0.317162,0.000751075
0.317766,0.0007528
0.31837,0.000754524
0.318973,0.000756249
0.319577,0.000757974
0.320181,0.000759698
0.320785,0.000761423
0.321389,0.000763148
0.321993,0.000764872
0.322597,0.000766597
0.323201,0.000768322
0.323804,0.000770047
0.324408,0.000771771
0.325012,0.000773496
0.325616,0.000775221
0.32622,0.000776946
0.326824,0.00077867
0.327428,0.000780395
0.328032,0.00078212
0.328636,0.000783844
0.32924,0.000785569
0.329843,0.000787294
0.330447,0.000789019
0.331051,0.000790743
0.331655,0.000792468
0.332259,0.000794193
0.332863,0.000795918
0.333467,0.000797643
0.334071,0.000799367
0.334675,0.000801092
0.335279,0.000802817
0.335882,0.000804542
0.336486,0.000806266
0.33709,0.000807991
0.337694,0.000809716
0.338298,0.000811441
0.338902,0.000813166
0.339506,0.00081489
0.34011,0.000816615
0.340714,0.00081834
0.341318,0.000820065
0.341922,0.00082179
0.342526,0.000823515
0.343129,0.000825239
0.343733,0.000826964
0.344337,0.000828689
0.344941,0.000830414
0.345545,0.000832139
0.346149,0.000833863
0.346753,0.000835588
0.347368,0.000837313
0.348006,0.000839102
0.348667,0.000840957
0.349353,0.00084288
0.350063,0.000844873
0.3508,0.000846938
0.351562,0.000849078
0.352352,0.000851294
0.353169,0.000853588
0.354015,0.000855963
0.35489,0.000858421
0.355796,0.000860963
0.356732,0.000863592
0.357699,0.00086631
0.358699,0.000869118
0.359732,0.00087202
0.360798,0.000875016
0.361898,0.00087811
0.363034,0.000881302
0.364204,0.000884595
0.365412,0.000887991
0.366655,0.00089149
0.367937,0.000895096
0.369256,0.000898808
0.370613,0.00090263
0.372009,0.000906561
0.373444,0.000910604
0.374919,0.000914759
0.376433,0.000919027
0.377988,0.00092341
0.379582,0.000927907
0.381217,0.000932519
0.382893,0.000937246
0.384608,0.000942088
0.386364,0.000947046
0.38816,0.000952118
0.389996,0.000957305
0.391871,0.000962605
0.393786,0.000968017
0.395739,0.00097354
0.397729,0.000979172
0.399757,0.000984911
0.401822,0.000990756
0.403922,0.000996704
0.406057,0.00100275
0.408225,0.0010089
0.410425,0.00101514
0.412657,0.00102147
0.414918,0.00102788
0.417208,0.00103438
0.419524,0.00104096
0.421866,0.00104762
0.424231,0.00105434
0.426618,0.00106112
0.429024,0.00106797
0.431449,0.00107487
0.43389,0.00108182
0.436344,0.00108881
0.438811,0.00109584
0.441287,0.0011029
0.443771,0.00110999
0.44626,0.00111709
0.448753,0.00112421
0.451247,0.00113133
-0.000298318,0.00512168
0.000298318,0.00512168
0.000894966,0.00512168
0.00149164,0.00512168
0.00208834,0.00512168
0.00268506,0.00512168
0.00328181,0.00512168
0.00387858,0.00512168
0.00447538,0.00512168
0.0050722,0.00512168
0.00566905,0.00512168
0.00626592,0.00512168
0.00686282,0.00512168
0.00745974,0.00512168
0.00805669,0.00512168
0.00865366,0.00512168
0.00925066,0.00512168
0.00984768,0.00512168
0.0104447,0.00512168
0.0110418,0.00512168
0.0116389,0.00512168
0.012236,0.00512168
0.0128331,0.00512168
0.0134303,0.00512168
0.0140275,0.00512168
0.0146247,0.00512168
0.0152219,0.00512168
0.0158192,0.00512168
0.0164165,0.00512168
0.0170138,0.00512168
0.0176111,0.00512168
0.0182085,0.00512168
0.0188059,0.00512168
0.0194033,0.00512168
0.0200007,0.00512168
0.0205982,0.00512168
0.0211956,0.00512168
0.0217931,0.00512168
0.0223907,0.00512168
0.0229882,0.00512168
0.0235858,0.00512168
0.0241834,0.00512168
0.024781,0.00512168
0.0253786,0.00512168
0.0259763,0.00512168
0.026574,0.00512168
0.0271717,0.00512168
0.0277694,0.00512168
0.0283672,0.00512168
0.028965,0.00512168
0.0295628,0.00512168
0.0301606,0.00512168
0.0307585,0.00512168
0.0313563,0.00512168
0.0319542,0.00512168
0.0325521,0.00512168
0.0331501,0.00512168
0.033748,0.00512168
0.034346,0.00512168
0.034944,0.00512168
0.0355421,0.00512168
0.0361401,0.00512168
0.0367382,0.00512168
0.0373363,0.00512168
0.0379344,0.00512168
0.0385326,0.00512168
0.0391307,0.00512168
0.0397289,0.00512168
0.0403271,0.00512168
0.0409254,0.00512168
0.0415236,0.00512168
0.0421219,0.00512168
0.0427202,0.00512168
0.0433185,0.00512168
0.0439169,0.00512168
0.0445152,0.00512168
0.0451136,0.00512168
0.045712,0.00512168
0.0463105,0.00512168
0.0469089,0.00512168
0.0475074,0.00512168
0.0481059,0.00512168
0.0487044,0.00512168
0.0493029,0.00512168
0.0499015,0.00512168
0.0505001,0.00512168
0.0510987,0.00512168
0.0516973,0.00511253
0.052296,0.00510338
0.0528946,0.00509423
0.0534933,0.00508508
0.054092,0.00507593
0.0546908,0.00506678
0.0552895,0.00505763
0.0558883,0.00504848
0.0564871,0.00503933
0.0570859,0.00503017
0.0576848,0.00502102
0.0582836,0.00501187
0.0588825,0.00500272
0.0594814,0.00499356
0.0600803,0.00498441
0.0606793,0.00497526
0.0612782,0.0049661
0.0618772,0.00495695
0.0624762,0.00494779
0.0630753,0.00493864
0.0636743,0.00492948
0.0642734,0.00492033
0.0648725,0.00491117
0.0654716,0.00490201
0.0660707,0.00489286
0.0666698,0.0048837
0.067269,0.00487454
0.0678682,0.00486538
0.0684674,0.00485623
0.0690667,0.00484707
0.0696659,0.00483791
0.0702652,0.00482875
0.0708645,0.00481959
0.0714638,0.00481043
0.0720631,0.00480127
0.0726625,0.00479211
0.0732618,0.00478295
0.0738612,0.00477379
0.0744606,0.00476463
0.0750601,0.00475547
0.0756595,0.00474631
0.076259,0.00473715
0.0768585,0.00472798
0.077458,0.00471882
0.0780575,0.00470966
0.0786571,0.00470049
0.0792566,0.00469133
0.0798562,0.00468217
0.0804558,0.004673
0.0810555,0.00466384
0.0816551,0.00465467
0.0822548,0.00464551
0.0828545,0.00463634
0.0834542,0.00462718
0.0840539,0.00461801
0.0846536,0.00460885
0.0852534,0.00459968
0.0858532,0.00459051
0.086453,0.00448527
0.0870528,0.00438003
0.0876526,0.00427478
0.0882525,0.00416953
0.0888524,0.00406427
0.0894522,0.00395901
0.0900522,0.00385375
0.0906521,0.00374849
0.091252,0.00364322
0.091852,0.00353795
0.092452,0.00343268
0.093052,0.0033274
0.093652,0.00322212
0.0942521,0.00311683
0.0948521,0.00301154
0.0954522,0.00290625
0.0960523,0.00280096
0.0966524,0.00269566
0.0972526,0.00259953
0.0978527,0.0025034
0.0984529,0.00240727
0.0990531,0.00231113
0.0996533,0.00221499
0.100253,0.00211885
0.100854,0.0020227
0.101454,0.00192656
0.102054,0.0018304
0.102655,0.00173425
0.103255,0.00163809
0.103855,0.00154193
0.104456,0.00144577
0.105056,0.0013496
0.105656,0.00125344
0.106257,0.00115727
0.106857,0.00106109
0.107458,0.000964914
0.108058,0.000868735
0.108659,0.000772552
0.109259,0.000676367
0.109859,0.000580179
0.11046,0.000580179
0.111061,0.000580179
0.111661,0.000580179
0.112262,0.000580179
0.112862,0.000580179
0.113463,0.000580179
0.114064,0.000580179
0.114664,0.000580179
0.115265,0.000580179
0.115866,0.000580179
0.116466,0.000580179
0.117067,0.000580179
0.117668,0.000580179
0.118268,0.000580179
0.118869,0.000580179
0.11947,0.000580179
0.120071,0.000580179
0.120672,0.000580179
0.121272,0.000580179
0.121873,0.000580179
0.122474,0.000580179
0.123075,0.000580179
0.123676,0.000580179
0.124277,0.000580179
0.124878,0.000580179
0.125479,0.000580179
0.12608,0.000580179
0.126681,0.000580179
0.127282,0.000580179
0.127883,0.000580179
0.128484,0.000580179
0.129085,0.000580179
0.129686,0.000580179
0.130287,0.000580179
0.130888,0.000580179
0.131489,0.000580179
0.13209,0.000580179
0.132691,0.000580179
0.133292,0.000580179
0.133893,0.000580179
0.134495,0.000580179
0.135096,0.000580179
0.135697,0.000580179
0.136298,0.000580179
0.1369,0.000580179
0.137501,0.000580179
0.138102,0.000580179
0.138703,0.000580179
0.139305,0.000580179
0.139906,0.000580179
0.140507,0.000580179
0.141109,0.000580179
0.14171,0.000580179
0.142311,0.000580179
0.142913,0.000580179
0.143514,0.000580179
0.144116,0.000580179
0.144717,0.000580179
0.145318,0.000580179
0.14592,0.000580179
0.146521,0.000580179
0.147123,0.000580179
0.147724,0.000580179
0.148326,0.000580179
0.148927,0.000580179
0.149529,0.000580179
0.150131,0.000580179
0.150732,0.000580179
0.151334,0.000580179
0.151935,0.000580179
0.152537,0.000580179
0.153139,0.000580179
0.15374,0.000580179
0.154342,0.000580179
0.154944,0.000580179
0.155545,0.000580179
0.156147,0.000580179
0.156749,0.000580179
0.157351,0.000580179
0.157952,0.000580179
0.158554,0.000580179
0.159156,0.000580179
0.159758,0.000580179
0.160359,0.000580179
0.160961,0.000580179
0.161563,0.000580179
0.162165,0.000580179
0.162767,0.000580179
0.163369,0.000580179
0.163971,0.000580179
0.164572,0.000580179
0.165174,0.000580179
0.165776,0.000580179
0.166378,0.000580179
0.16698,0.000580179
0.167582,0.000580179
0.168184,0.000580179
0.168786,0.000580179
0.169388,0.000580179
0.16999,0.000580179
0.170592,0.000580179
0.171194,0.000580179
0.171796,0.000580179
0.172398,0.000580179
0.173,0.000580179
0.173602,0.000580179
0.174205,0.000580179
0.174807,0.000580179
0.175409,0.000580179
0.176011,0.000580179
0.176613,0.000583047
0.177215,0.000585914
0.177817,0.000588782
0.17842,0.00059165
0.179022,0.000594518
0.179624,0.000597386
0.180226,0.000600254
0.180829,0.000603122
0.181431,0.00060599
0.182033,0.000608858
0.182635,0.000611726
0.183238,0.000614594
0.18384,0.000617463
0.184442,0.000620331
0.185045,0.000623199
0.185647,0.000626068
0.186249,0.000628936
0.186852,0.000631805
0.187454,0.000634674
0.188056,0.000637542
0.188659,0.000640411
0.189261,0.00064328
0.189864,0.000646149
0.190466,0.000649018
0.191069,0.000651887
0.191671,0.000654756
0.192273,0.000657625
0.192876,0.000660494
0.193478,0.000663363
0.194081,0.000666233
0.194683,0.000669102
0.195286,0.000671971
0.195888,0.000674841
0.196491,0.00067771
0.197094,0.00068058
0.197696,0.000683449
0.198299,0.000686319
0.198901,0.000689188
0.199504,0.000692058
0.200107,0.000694928
0.200709,0.000697798
0.201312,0.000700668
0.201914,0.000703538
0.202517,0.000706408
0.20312,0.000709278
0.203722,0.000712148
0.204325,0.000715018
0.204928,0.000717888
0.20553,0.000720758
0.206133,0.000723628
0.206736,0.000726499
0.207339,0.000729369
0.207941,0.00073224
0.208544,0.00073511
0.209147,0.000737981
0.20975,0.000740851
0.210352,0.000743722
0.210955,0.000746592
0.211558,0.000749463
0.212161,0.000752334
0.212764,0.000755205
0.213367,0.000758076
0.213969,0.000760946
0.214572,0.000763817
0.215175,0.000766688
0.215778,0.000769559
0.216381,0.000772431
0.216984,0.000775302
0.217587,0.000778173
0.21819,0.000781044
0.218793,0.000783915
0.219395,0.000786787
0.219998,0.000789658
0.220601,0.000792529
0.221204,0.000795401
0.221807,0.000798272
0.22241,0.000801144
0.223013,0.000804015
0.223616,0.000806887
0.224219,0.000809759
0.224822,0.00081263
0.225425,0.000815502
0.226028,0.000818374
0.226631,0.000821246
0.227234,0.000824118
0.227837,0.000826989
0.228441,0.000829861
0.229044,0.000832733
0.229647,0.000835605
0.23025,0.000838478
0.230853,0.00084135
0.231456,0.000844222
0.232059,0.000847094
0.232662,0.000849966
0.233265,0.000852839
0.233868,0.000855711
0.234472,0.000858583
0.235075,0.000861456
0.235678,0.000864328
0.236281,0.000867201
0.236884,0.000870073
0.237488,0.000872946
0.238091,0.000875818
0.238694,0.000878691
0.239297,0.000881563
0.2399,0.000884436
0.240504,0.000887309
0.241107,0.000890182
0.24171,0.000893055
0.242313,0.000895927
0.242917,0.0008988
0.24352,0.000901673
0.244123,0.000904546
0.244726,0.000907419
0.24533,0.000910292
0.245933,0.000913165
0.246536,0.000916038
0.24714,0.000918911
0.247743,0.000921785
0.248346,0.000924658
0.24895,0.000927531
0.249553,0.000930404
0.250156,0.000933278
0.25076,0.000936151
0.251363,0.000939024
0.251966,0.000941898
0.25257,0.000944771
0.253173,0.000947645
0.253777,0.000950518
0.25438,0.000953392
0.254983,0.000956265
0.255587,0.000959139
0.25619,0.000962013
0.256794,0.000964886
0.257397,0.00096776
0.258,0.000970634
0.258604,0.000973507
0.259207,0.000976381
0.259811,0.000979255
0.260414,0.000982129
0.261018,0.000985003
0.261621,0.000987877
0.262225,0.000990751
0.262828,0.000993625
0.263432,0.000996499
0.264035,0.000999373
0.264639,0.00100225
0.265242,0.00100512
0.265846,0.00100799
0.266449,0.00101087
0.267053,0.00101374
0.267656,0.00101662
0.26826,0.00101949
0.268863,0.00102237
0.269467,0.00102524
0.270071,0.00102811
0.270674,0.00103099
0.271278,0.00103386
0.271881,0.00103674
0.272485,0.00103961
0.273088,0.00104249
0.273692,0.00104536
0.274296,0.00104824
0.274899,0.00105111
0.275503,0.00105398
0.276106,0.00105686
0.27671,0.00105973
0.277314,0.00106261
0.277917,0.00106548
0.278521,0.00106836
0.279125,0.00107123
0.279728,0.00107411
0.280332,0.00107698
0.280935,0.00107986
0.281539,0.00108273
0.282143,0.00108561
0.282746,0.00108848
0.28335,0.00109136
0.283954,0.00109423
0.284557,0.00109711
0.285161,0.00109998
0.285765,0.00110286
0.286369,0.00110573
0.286972,0.00110861
0.287576,0.00111148
0.28818,0.00111436
0.288783,0.00111723
0.289387,0.00112011
0.289991,0.00112298
0.290595,0.00112586
0.291198,0.00112873
0.291802,0.00113161
0.292406,0.00113448
0.293009,0.00113736
0.293613,0.00114023
0.294217,0.00114311
0.294821,0.00114598
0.295424,0.00114886
0.296028,0.00115173
0.296632,0.00115461
0.297236,0.00115748
0.29784,0.00116036
0.298443,0.00116323
0.299047,0.00116611
0.299651,0.00116898
0.300255,0.00117186
0.300858,0.00117474
0.301462,0.00117761
0.302066,0.00118049
0.30267,0.00118336
0.303274,0.00118624
0.303877,0.00118911
0.304481,0.00119199
0.305085,0.00119486
0.305689,0.00119774
0.306293,0.00120061
0.306897,0.00120349
0.3075,0.00120637
0.308104,0.00120924
0.308708,0.00121212
0.309312,0.00121499
0.309916,0.00121787
0.310519,0.00122074
0.311123,0.00122362
0.311727,0.00122649
0.312331,0.00122937
0.312935,0.00123225
0.313539,0.00123512
0.314143,0.001238
0.314746,0.00124087
0.31535,0.00124375
0.315954,0.00124662
0.316558,0.0012495
0.317162,0.00125238
0.317766,0.00125525
0.31837,0.00125813
0.318973,0.001261
0.319577,0.00126388
0.320181,0.00126676
0.320785,0.00126963
0.321389,0.00127251
0.321993,0.00127538
0.322597,0.00127826
0.323201,0.00128113
0.323804,0.00128401
0.324408,0.00128689
0.325012,0.00128976
0.325616,0.00129264
0.32622,0.00129551
0.326824,0.00129839
0.327428,0.00130127
0.328032,0.00130414
0.328636,0.00130702
0.32924,0.00130989
0.329843,0.00131277
0.330447,0.00131565
0.331051,0.00131852
0.331655,0.0013214
0.332259,0.00132427
0.332863,0.00132715
0.333467,0.00133003
0.334071,0.0013329
0.334675,0.00133578
0.335279,0.00133865
0.335882,0.00134153
0.336486,0.00134441
0.33709,0.00134728
0.337694,0.00135016
0.338298,0.00135303
0.338902,0.00135591
0.339506,0.00135879
0.34011,0.00136166
0.340714,0.00136454
0.341318,0.00136741
0.341922,0.00137029
0.342526,0.00137317
0.343129,0.00137604
0.343733,0.00137892
0.344337,0.00138179
0.344941,0.00138467
0.345545,0.00138755
0.346149,0.00139042
0.346753,0.0013933
0.347368,0.00139617
0.348006,0.00139916
0.348667,0.00140225
0.349353,0.00140546
0.350063,0.00140878
0.3508,0.00141222
0.351562,0.00141579
0.352352,0.00141949
0.353169,0.00142331
0.354015,0.00142727
0.35489,0.00143137
0.355796,0.00143561
0.356732,0.00143999
0.357699,0.00144452
0.358699,0.00144921
0.359732,0.00145405
0.360798,0.00145904
0.361898,0.0014642
0.363034,0.00146952
0.364204,0.00147501
0.365412,0.00148068
0.366655,0.00148651
0.367937,0.00149252
0.369256,0.00149871
0.370613,0.00150509
0.372009,0.00151164
0.373444,0.00151838
0.374919,0.00152531
0.376433,0.00153243
0.377988,0.00153973
0.379582,0.00154723
0.381217,0.00155492
0.382893,0.00156281
0.384608,0.00157088
0.386364,0.00157915
0.38816,0.00158761
0.389996,0.00159625
0.391871,0.00160509
0.393786,0.00161411
0.395739,0.00162332
0.397729,0.00163272
0.399757,0.00164229
0.401822,0.00165203
0.403922,0.00166195
0.406057,0.00167203
0.408225,0.00168228
0.410425,0.00169268
0.412657,0.00170324
0.414918,0.00171394
0.417208,0.00172478
0.419524,0.00173575
0.421866,0.00174684
0.424231,0.00175805
0.426618,0.00176937
0.429024,0.00178078
0.431449,0.00179229
0.43389,0.00180388
0.436344,0.00181553
0.438811,0.00182726
0.441287,0.00183903
0.443771,0.00185084
0.44626,0.00186269
0.448753,0.00187455
0.451247,0.00188643
-0.000298318,0.0055711
0.000298318,0.0055711
0.000894966,0.0055711
0.00149164,0.0055711
0.00208834,0.0055711
0.00268506,0.0055711
0.00328181,0.0055711
0.00387858,0.0055711
0.00447538,0.0055711
0.0050722,0.0055711
0.00566905,0.0055711
0.00626592,0.0055711
0.00686282,0.0055711
0.00745974,0.0055711
0.00805669,0.0055711
0.00865366,0.0055711
0.00925066,0.0055711
0.00984768,0.0055711
0.0104447,0.0055711
0.0110418,0.0055711
0.0116389,0.0055711
0.012236,0.0055711
0.0128331,0.0055711
0.0134303,0.0055711
0.0140275,0.0055711
0.0146247,0.0055711
0.0152219,0.0055711
0.0158192,0.0055711
0.0164165,0.0055711
0.0170138,0.0055711
0.0176111,0.0055711
0.0182085,0.0055711
0.0188059,0.0055711
0.0194033,0.0055711
0.0200007,0.0055711
0.0205982,0.0055711
0.0211956,0.0055711
0.0217931,0.0055711
0.0223907,0.0055711
0.0229882,0.0055711
0.0235858,0.0055711
0.0241834,0.0055711
0.024781,0.0055711
0.0253786,0.0055711
0.0259763,0.0055711
0.026574,0.0055711
0.0271717,0.0055711
0.0277694,0.0055711
0.0283672,0.0055711
0.028965,0.0055711
0.0295628,0.0055711
0.0301606,0.0055711
0.0307585,0.0055711
0.0313563,0.0055711
0.0319542,0.0055711
0.0325521,0.0055711
0.0331501,0.0055711
0.033748,0.0055711
0.034346,0.0055711
0.034944,0.0055711
0.0355421,0.0055711
0.0361401,0.0055711
0.0367382,0.0055711
0.0373363,0.0055711
0.0379344,0.0055711
0.0385326,0.0055711
0.0391307,0.0055711
0.0397289,0.0055711
0.0403271,0.0055711
0.0409254,0.0055711
0.0415236,0.0055711
0.0421219,0.0055711
0.0427202,0.0055711
0.0433185,0.0055711
0.0439169,0.0055711
0.0445152,0.0055711
0.0451136,0.0055711
0.045712,0.0055711
0.0463105,0.0055711
0.0469089,0.0055711
0.0475074,0.0055711
0.0481059,0.0055711
0.0487044,0.0055711
0.0493029,0.0055711
0.0499015,0.0055711
0.0505001,0.0055711
0.0510987,0.0055711
0.0516973,0.00555828
0.052296,0.00554547
0.0528946,0.00553265
0.0534933,0.00551984
0.054092,0.00550702
0.0546908,0.0054942
0.0552895,0.00548139
0.0558883,0.00546857
0.0564871,0.00545575
0.0570859,0.00544293
0.0576848,0.00543011
0.0582836,0.00541729
0.0588825,0.00540447
0.0594814,0.00539165
0.0600803,0.00537883
0.0606793,0.00536601
0.0612782,0.00535319
0.0618772,0.00534036
0.0624762,0.00532754
0.0630753,0.00531472
0.0636743,0.00530189
0.0642734,0.00528907
0.0648725,0.00527625
0.0654716,0.00526342
0.0660707,0.00525059
0.0666698,0.00523777
0.067269,0.00522494
0.0678682,0.00521212
0.0684674,0.00519929
0.0690667,0.00518646
0.0696659,0.00517363
0.0702652,0.0051608
0.0708645,0.00514798
0.0714638,0.00513515
0.0720631,0.00512232
0.0726625,0.00510949
0.0732618,0.00509666
0.0738612,0.00508382
0.0744606,0.00507099
0.0750601,0.00505816
0.0756595,0.00504533
0.076259,0.0050325
0.0768585,0.00501966
0.077458,0.00500683
0.0780575,0.00499399
0.0786571,0.00498116
0.0792566,0.00496832
0.0798562,0.00495549
0.0804558,0.00494265
0.0810555,0.00492982
0.0816551,0.00491698
0.0822548,0.00490414
0.0828545,0.00489131
0.0834542,0.00487847
0.0840539,0.00486563
0.0846536,0.00485279
0.0852534,0.00483995
0.0858532,0.00482711
0.086453,0.00471975
0.0870528,0.00461238
0.0876526,0.00450501
0.0882525,0.00439763
0.0888524,0.00429025
0.0894522,0.00418287
0.0900522,0.00407548
0.0906521,0.00396809
0.091252,0.0038607
0.091852,0.0037533
0.092452,0.00364591
0.093052,0.0035385
0.093652,0.0034311
0.0942521,0.00332369
0.0948521,0.00321628
0.0954522,0.00310886
0.0960523,0.00300144
0.0966524,0.00289402
0.0972526,0.00279944
0.0978527,0.00270486
0.0984529,0.00261027
0.0990531,0.00251569
0.0996533,0.0024211
0.100253,0.0023265
0.100854,0.00223191
0.101454,0.00213731
0.102054,0.00204271
0.102655,0.0019481
0.103255,0.0018535
0.103855,0.00175889
0.104456,0.00166427
0.105056,0.00156966
0.105656,0.00147504
0.106257,0.00138042
0.106857,0.0012858
0.107458,0.00119117
0.108058,0.00109654
0.108659,0.00100191
0.109259,0.000907275
0.109859,0.000812637
0.11046,0.000812637
0.111061,0.000812637
0.111661,0.000812637
0.112262,0.000812637
0.112862,0.000812637
0.113463,0.000812637
0.114064,0.000812637
0.114664,0.000812637
0.115265,0.000812637
0.115866,0.000812637
0.116466,0.000812637
0.117067,0.000812637
0.117668,0.000812637
0.118268,0.000812637
0.118869,0.000812637
0.11947,0.000812637
0.120071,0.000812637
0.120672,0.000812637
0.121272,0.000812637
0.121873,0.000812637
0.122474,0.000812637
0.123075,0.000812637
0.123676,0.000812637
0.124277,0.000812637
0.124878,0.000812637
0.125479,0.000812637
0.12608,0.000812637
0.126681,0.000812637
0.127282,0.000812637
0.127883,0.000812637
0.128484,0.000812637
0.129085,0.000812637
0.129686,0.000812637
0.130287,0.000812637
0.130888,0.000812637
0.131489,0.000812637
0.13209,0.000812637
0.132691,0.000812637
0.133292,0.000812637
0.133893,0.000812637
0.134495,0.000812637
0.135096,0.000812637
0.135697,0.000812637
0.136298,0.000812637
0.1369,0.000812637
0.137501,0.000812637
0.138102,0.000812637
0.138703,0.000812637
0.139305,0.000812637
0.139906,0.000812637
0.140507,0.000812637
0.141109,0.000812637
0.14171,0.000812637
0.142311,0.000812637
0.142913,0.000812637
0.143514,0.000812637
0.144116,0.000812637
0.144717,0.000812637
0.145318,0.000812637
0.14592,0.000812637
0.146521,0.000812637
0.147123,0.000812637
0.147724,0.000812637
0.148326,0.000812637
0.148927,0.000812637
0.149529,0.000812637
0.150131,0.000812637
0.150732,0.000812637
0.151334,0.000812637
0.151935,0.000812637
0.152537,0.000812637
0.153139,0.000812637
0.15374,0.000812637
0.154342,0.000812637
0.154944,0.000812637
0.155545,0.000812637
0.156147,0.000812637
0.156749,0.000812637
0.157351,0.000812637
0.157952,0.000812637
0.158554,0.000812637
0.159156,0.000812637
0.159758,0.000812637
0.160359,0.000812637
0.160961,0.000812637
0.161563,0.000812637
0.162165,0.000812637
0.162767,0.000812637
0.163369,0.000812637
0.163971,0.000812637
0.164572,0.000812637
0.165174,0.000812637
0.165776,0.000812637
0.166378,0.000812637
0.16698,0.000812637
0.167582,0.000812637
0.168184,0.000812637
0.168786,0.000812637
0.169388,0.000812637
0.16999,0.000812637
0.170592,0.000812637
0.171194,0.000812637
0.171796,0.000812637
0.172398,0.000812637
0.173,0.000812637
0.173602,0.000812637
0.174205,0.000812637
0.174807,0.000812637
0.175409,0.000812637
0.176011,0.000812637
0.176613,0.000816654
0.177215,0.000820671
0.177817,0.000824687
0.17842,0.000828704
0.179022,0.000832721
0.179624,0.000836738
0.180226,0.000840755
0.180829,0.000844772
0.181431,0.00084879
0.182033,0.000852807
0.182635,0.000856824
0.183238,0.000860842
0.18384,0.000864859
0.184442,0.000868877
0.185045,0.000872895
0.185647,0.000876913
0.186249,0.00088093
0.186852,0.000884948
0.187454,0.000888966
0.188056,0.000892984
0.188659,0.000897003
0.189261,0.000901021
0.189864,0.000905039
0.190466,0.000909058
0.191069,0.000913076
0.191671,0.000917095
0.192273,0.000921113
0.192876,0.000925132
0.193478,0.000929151
0.194081,0.00093317
0.194683,0.000937189
0.195286,0.000941208
0.195888,0.000945227
0.196491,0.000949246
0.197094,0.000953265
0.197696,0.000957285
0.198299,0.000961304
0.198901,0.000965323
0.199504,0.000969343
0.200107,0.000973362
0.200709,0.000977382
0.201312,0.000981402
0.201914,0.000985422
0.202517,0.000989442
0.20312,0.000993462
0.203722,0.000997482
0.204325,0.0010015
0.204928,0.00100552
0.20553,0.00100954
0.206133,0.00101356
0.206736,0.00101758
0.207339,0.0010216
0.207941,0.00102562
0.208544,0.00102964
0.209147,0.00103366
0.20975,0.00103769
0.210352,0.00104171
0.210955,0.00104573
0.211558,0.00104975
0.212161,0.00105377
0.212764,0.00105779
0.213367,0.00106181
0.213969,0.00106583
0.214572,0.00106985
0.215175,0.00107387
0.215778,0.0010779
0.216381,0.00108192
0.216984,0.00108594
0.217587,0.00108996
0.21819,0.00109398
0.218793,0.001098
0.219395,0.00110203
0.219998,0.00110605
0.220601,0.00111007
0.221204,0.00111409
0.221807,0.00111811
0.22241,0.00112214
0.223013,0.00112616
0.223616,0.00113018
0.224219,0.0011342
0.224822,0.00113822
0.225425,0.00114225
0.226028,0.00114627
0.226631,0.00115029
0.227234,0.00115431
0.227837,0.00115834
0.228441,0.00116236
0.229044,0.00116638
0.229647,0.0011704
0.23025,0.00117443
0.230853,0.00117845
0.231456,0.00118247
0.232059,0.0011865
0.232662,0.00119052
0.233265,0.00119454
0.233868,0.00119857
0.234472,0.00120259
0.235075,0.00120661
0.235678,0.00121064
0.236281,0.00121466
0.236884,0.00121868
0.237488,0.00122271
0.238091,0.00122673
0.238694,0.00123075
0.239297,0.00123478
0.2399,0.0012388
0.240504,0.00124282
0.241107,0.00124685
0.24171,0.00125087
0.242313,0.0012549
0.242917,0.00125892
0.24352,0.00126294
0.244123,0.00126697
0.244726,0.00127099
0.24533,0.00127502
0.245933,0.00127904
0.246536,0.00128306
0.24714,0.00128709
0.247743,0.00129111
0.248346,0.00129514
0.24895,0.00129916
0.249553,0.00130319
0.250156,0.00130721
0.25076,0.00131124
0.251363,0.00131526
0.251966,0.00131928
0.25257,0.00132331
0.253173,0.00132733
0.253777,0.00133136
0.25438,0.00133538
0.254983,0.00133941
0.255587,0.00134343
0.25619,0.00134746
0.256794,0.00135148
0.257397,0.00135551
0.258,0.00135953
0.258604,0.00136356
0.259207,0.00136758
0.259811,0.00137161
0.260414,0.00137564
0.261018,0.00137966
0.261621,0.00138369
0.262225,0.00138771
0.262828,0.00139174
0.263432,0.00139576
0.264035,0.00139979
0.264639,0.00140381
0.265242,0.00140784
0.265846,0.00141186
0.266449,0.00141589
0.267053,0.00141992
0.267656,0.00142394
0.26826,0.00142797
0.268863,0.00143199
0.269467,0.00143602
0.270071,0.00144005
0.270674,0.00144407
0.271278,0.0014481
0.271881,0.00145212
0.272485,0.00145615
0.273088,0.00146018
0.273692,0.0014642
0.274296,0.00146823
0.274899,0.00147225
0.275503,0.00147628
0.276106,0.00148031
0.27671,0.00148433
0.277314,0.00148836
0.277917,0.00149239
0.278521,0.00149641
0.279125,0.00150044
0.279728,0.00150447
0.280332,0.00150849
0.280935,0.00151252
0.281539,0.00151655
0.282143,0.00152057
0.282746,0.0015246
0.28335,0.00152863
0.283954,0.00153265
0.284557,0.00153668
0.285161,0.00154071
0.285765,0.00154473
0.286369,0.00154876
0.286972,0.00155279
0.287576,0.00155681
0.28818,0.00156084
0.288783,0.00156487
0.289387,0.00156889
0.289991,0.00157292
0.290595,0.00157695
0.291198,0.00158098
0.291802,0.001585
0.292406,0.00158903
0.293009,0.00159306
0.293613,0.00159708
0.294217,0.00160111
0.294821,0.00160514
0.295424,0.00160917
0.296028,0.00161319
0.296632,0.00161722
0.297236,0.00162125
0.29784,0.00162527
0.298443,0.0016293
0.299047,0.00163333
0.299651,0.00163736
0.300255,0.00164138
0.300858,0.00164541
0.301462,0.00164944
0.302066,0.00165347
0.30267,0.00165749
0.303274,0.00166152
0.303877,0.00166555
0.304481,0.00166958
0.305085,0.00167361
0.305689,0.00167763
0.306293,0.00168166
0.306897,0.00168569
0.3075,0.00168972
0.308104,0.00169374
0.308708,0.00169777
0.309312,0.0017018
0.309916,0.00170583
0.310519,0.00170985
0.311123,0.00171388
0.311727,0.00171791
0.312331,0.00172194
0.312935,0.00172597
0.313539,0.00172999
0.314143,0.00173402
0.314746,0.00173805
0.31535,0.00174208
0.315954,0.00174611
0.316558,0.00175013
0.317162,0.00175416
0.317766,0.00175819
0.31837,0.00176222
0.318973,0.00176625
0.319577,0.00177027
0.320181,0.0017743
0.320785,0.00177833
0.321389,0.00178236
0.321993,0.00178639
0.322597,0.00179041
0.323201,0.00179444
0.323804,0.00179847
0.324408,0.0018025
0.325012,0.00180653
0.325616,0.00181056
0.32622,0.00181458
0.326824,0.00181861
0.327428,0.00182264
0.328032,0.00182667
0.328636,0.0018307
0.32924,0.00183472
0.329843,0.00183875
0.330447,0.00184278
0.331051,0.00184681
0.331655,0.00185084
0.332259,0.00185487
0.332863,0.00185889
0.333467,0.00186292
0.334071,0.00186695
0.334675,0.00187098
0.335279,0.00187501
0.335882,0.00187904
0.336486,0.00188306
0.33709,0.00188709
0.337694,0.00189112
0.338298,0.00189515
0.338902,0.00189918
0.339506,0.00190321
0.34011,0.00190723
0.340714,0.00191126
0.341318,0.00191529
0.341922,0.00191932
0.342526,0.00192335
0.343129,0.00192737
0.343733,0.0019314
0.344337,0.00193543
0.344941,0.00193946
0.345545,0.00194349
0.346149,0.00194752
0.346753,0.00195155
0.347368,0.00195557
0.348006,0.00195975
0.348667,0.00196408
0.349353,0.00196858
0.350063,0.00197323
0.3508,0.00197805
0.351562,0.00198305
0.352352,0.00198823
0.353169,0.00199359
0.354015,0.00199913
0.35489,0.00200487
0.355796,0.00201081
0.356732,0.00201695
0.357699,0.0020233
0.358699,0.00202986
0.359732,0.00203663
0.360798,0.00204363
0.361898,0.00205086
0.363034,0.00205831
0.364204,0.002066
0.365412,0.00207393
0.366655,0.00208211
0.367937,0.00209053
0.369256,0.0020992
0.370613,0.00210812
0.372009,0.00211731
0.373444,0.00212675
0.374919,0.00213645
0.376433,0.00214642
0.377988,0.00215666
0.379582,0.00216716
0.381217,0.00217793
0.382893,0.00218897
0.384608,0.00220028
0.386364,0.00221186
0.38816,0.00222371
0.389996,0.00223582
0.391871,0.0022482
0.393786,0.00226084
0.395739,0.00227374
0.397729,0.00228689
0.399757,0.00230029
0.401822,0.00231395
0.403922,0.00232784
0.406057,0.00234196
0.408225,0.00235631
0.410425,0.00237089
0.412657,0.00238567
0.414918,0.00240066
0.417208,0.00241584
0.419524,0.0024312
0.421866,0.00244674
0.424231,0.00246244
0.426618,0.00247829
0.429024,0.00249428
0.431449,0.0025104
0.43389,0.00252663
0.436344,0.00254296
0.438811,0.00255938
0.441287,0.00257586
0.443771,0.00259241
0.44626,0.002609
0.448753,0.00262562
0.451247,0.00264226
-0.000298318,0.00602094
0.000298318,0.00602094
0.000894966,0.00602094
0.00149164,0.00602094
0.00208834,0.00602094
0.00268506,0.00602094
0.00328181,0.00602094
0.00387858,0.00602094
0.00447538,0.00602094
0.0050722,0.00602094
0.00566905,0.00602094
0.00626592,0.00602094
0.00686282,0.00602094
0.00745974,0.00602094
0.00805669,0.00602094
0.00865366,0.00602094
0.00925066,0.00602094
0.00984768,0.00602094
0.0104447,0.00602094
0.0110418,0.00602094
0.0116389,0.00602094
0.012236,0.00602094
0.0128331,0.00602094
0.0134303,0.00602094
0.0140275,0.00602094
0.0146247,0.00602094
0.0152219,0.00602094
0.0158192,0.00602094
0.0164165,0.00602094
0.0170138,0.00602094
0.0176111,0.00602094
0.0182085,0.00602094
0.0188059,0.00602094
0.0194033,0.00602094
0.0200007,0.00602094
0.0205982,0.00602094
0.0211956,0.00602094
0.0217931,0.00602094
0.0223907,0.00602094
0.0229882,0.00602094
0.0235858,0.00602094
0.0241834,0.00602094
0.024781,0.00602094
0.0253786,0.00602094
0.0259763,0.00602094
0.026574,0.00602094
0.0271717,0.00602094
0.0277694,0.00602094
0.0283672,0.00602094
0.028965,0.00602094
0.0295628,0.00602094
0.0301606,0.00602094
0.0307585,0.00602094
0.0313563,0.00602094
0.0319542,0.00602094
0.0325521,0.00602094
0.0331501,0.00602094
0.033748,0.00602094
0.034346,0.00602094
0.034944,0.00602094
0.0355421,0.00602094
0.0361401,0.00602094
0.0367382,0.00602094
0.0373363,0.00602094
0.0379344,0.00602094
0.0385326,0.00602094
0.0391307,0.00602094
0.0397289,0.00602094
0.0403271,0.00602094
0.0409254,0.00602094
0.0415236,0.00602094
0.0421219,0.00602094
0.0427202,0.00602094
0.0433185,0.00602094
0.0439169,0.00602094
0.0445152,0.00602094
0.0451136,0.00602094
0.045712,0.00602094
0.0463105,0.00602094
0.0469089,0.00602094
0.0475074,0.00602094
0.0481059,0.00602094
0.0487044,0.00602094
0.0493029,0.00602094
0.0499015,0.00602094
0.0505001,0.00602094
0.0510987,0.00602094
0.0516973,0.00600445
0.052296,0.00598797
0.0528946,0.00597148
0.0534933,0.005955
0.054092,0.00593851
0.0546908,0.00592203
0.0552895,0.00590554
0.0558883,0.00588905
0.0564871,0.00587256
0.0570859,0.00585607
0.0576848,0.00583958
0.0582836,0.00582309
0.0588825,0.0058066
0.0594814,0.00579011
0.0600803,0.00577362
0.0606793,0.00575713
0.0612782,0.00574063
0.0618772,0.00572414
0.0624762,0.00570764
0.0630753,0.00569115
0.0636743,0.00567465
0.0642734,0.00565816
0.0648725,0.00564166
0.0654716,0.00562516
0.0660707,0.00560867
0.0666698,0.00559217
0.067269,0.00557567
0.0678682,0.00555917
0.0684674,0.00554267
0.0690667,0.00552617
0.0696659,0.00550967
0.0702652,0.00549317
0.0708645,0.00547666
0.0714638,0.00546016
0.0720631,0.00544366
0.0726625,0.00542716
0.0732618,0.00541065
0.0738612,0.00539415
0.0744606,0.00537764
0.0750601,0.00536113
0.0756595,0.00534463
0.076259,0.00532812
0.0768585,0.00531161
0.077458,0.0052951
0.0780575,0.0052786
0.0786571,0.00526209
0.0792566,0.00524558
0.0798562,0.00522907
0.0804558,0.00521256
0.0810555,0.00519604
0.0816551,0.00517953
0.0822548,0.00516302
0.0828545,0.00514651
0.0834542,0.00512999
0.0840539,0.00511348
0.0846536,0.00509696
0.0852534,0.00508045
0.0858532,0.00506393
0.086453,0.00495444
0.0870528,0.00484495
0.0876526,0.00473545
0.0882525,0.00462595
0.0888524,0.00451644
0.0894522,0.00440693
0.0900522,0.00429742
0.0906521,0.0041879
0.091252,0.00407838
0.091852,0.00396886
0.092452,0.00385933
0.093052,0.00374981
0.093652,0.00364027
0.0942521,0.00353074
0.0948521,0.0034212
0.0954522,0.00331165
0.0960523,0.00320211
0.0966524,0.00309256
0.0972526,0.00299953
0.0978527,0.0029065
0.0984529,0.00281347
0.0990531,0.00272043
0.0996533,0.00262739
0.100253,0.00253435
0.100854,0.00244131
0.101454,0.00234826
0.102054,0.00225521
0.102655,0.00216216
0.103255,0.0020691
0.103855,0.00197604
0.104456,0.00188298
0.105056,0.00178992
0.105656,0.00169685
0.106257,0.00160378
0.106857,0.00151071
0.107458,0.00141764
0.108058,0.00132456
0.108659,0.00123148
0.109259,0.0011384
0.109859,0.00104531
0.11046,0.00104531
0.111061,0.00104531
0.111661,0.00104531
0.112262,0.00104531
0.112862,0.00104531
0.113463,0.00104531
0.114064,0.00104531
0.114664,0.00104531
0.115265,0.00104531
0.115866,0.00104531
0.116466,0.00104531
0.117067,0.00104531
0.117668,0.00104531
0.118268,0.00104531
0.118869,0.00104531
0.11947,0.00104531
0.120071,0.00104531
0.120672,0.00104531
0.121272,0.00104531
0.121873,0.00104531
0.122474,0.00104531
0.123075,0.00104531
0.123676,0.00104531
0.124277,0.00104531
0.124878,0.00104531
0.125479,0.00104531
0.12608,0.00104531
0.126681,0.00104531
0.127282,0.00104531
0.127883,0.00104531
0.128484,0.00104531
0.129085,0.00104531
0.129686,0.00104531
0.130287,0.00104531
0.130888,0.00104531
0.131489,0.00104531
0.13209,0.00104531
0.132691,0.00104531
0.133292,0.00104531
0.133893,0.00104531
0.134495,0.00104531
0.135096,0.00104531
0.135697,0.00104531
0.136298,0.00104531
0.1369,0.00104531
0.137501,0.00104531
0.138102,0.00104531
0.138703,0.00104531
0.139305,0.00104531
0.139906,0.00104531
0.140507,0.00104531
0.141109,0.00104531
0.14171,0.00104531
0.142311,0.00104531
0.142913,0.00104531
0.143514,0.00104531
0.144116,0.00104531
0.144717,0.00104531
0.145318,0.00104531
0.14592,0.00104531
0.146521,0.00104531
0.147123,0.00104531
0.147724,0.00104531
0.148326,0.00104531
0.148927,0.00104531
0.149529,0.00104531
0.150131,0.00104531
0.150732,0.00104531
0.151334,0.00104531
0.151935,0.00104531
0.152537,0.00104531
0.153139,0.00104531
0.15374,0.00104531
0.154342,0.00104531
0.154944,0.00104531
0.155545,0.00104531
0.156147,0.00104531
0.156749,0.00104531
0.157351,0.00104531
0.157952,0.00104531
0.158554,0.00104531
0.159156,0.00104531
0.159758,0.00104531
0.160359,0.00104531
0.160961,0.00104531
0.161563,0.00104531
0.162165,0.00104531
0.162767,0.00104531
0.163369,0.00104531
0.163971,0.00104531
0.164572,0.00104531
0.165174,0.00104531
0.165776,0.00104531
0.166378,0.00104531
0.16698,0.00104531
0.167582,0.00104531
0.168184,0.00104531
0.168786,0.00104531
0.169388,0.00104531
0.16999,0.00104531
0.170592,0.00104531
0.171194,0.00104531
0.171796,0.00104531
0.172398,0.00104531
0.173,0.00104531
0.173602,0.00104531
0.174205,0.00104531
0.174807,0.00104531
0.175409,0.00104531
0.176011,0.00104531
0.176613,0.00105048
0.177215,0.00105565
0.177817,0.00106081
0.17842,0.00106598
0.179022,0.00107115
0.179624,0.00107631
0.180226,0.00108148
0.180829,0.00108665
0.181431,0.00109182
0.182033,0.00109698
0.182635,0.00110215
0.183238,0.00110732
0.18384,0.00111249
0.184442,0.00111766
0.185045,0.00112282
0.185647,0.00112799
0.186249,0.00113316
0.186852,0.00113833
0.187454,0.0011435
0.188056,0.00114867
0.188659,0.00115383
0.189261,0.001159
0.189864,0.00116417
0.190466,0.00116934
0.191069,0.00117451
0.191671,0.00117968
0.192273,0.00118485
0.192876,0.00119002
0.193478,0.00119519
0.194081,0.00120036
0.194683,0.00120553
0.195286,0.0012107
0.195888,0.00121587
0.196491,0.00122104
0.197094,0.00122621
0.197696,0.00123138
0.198299,0.00123655
0.198901,0.00124172
0.199504,0.00124689
0.200107,0.00125206
0.200709,0.00125723
0.201312,0.0012624
0.201914,0.00126757
0.202517,0.00127274
0.20312,0.00127791
0.203722,0.00128308
0.204325,0.00128825
0.204928,0.00129342
0.20553,0.0012986
0.206133,0.00130377
0.206736,0.00130894
0.207339,0.00131411
0.207941,0.00131928
0.208544,0.00132445
0.209147,0.00132963
0.20975,0.0013348
0.210352,0.00133997
0.210955,0.00134514
0.211558,0.00135031
0.212161,0.00135549
0.212764,0.00136066
0.213367,0.00136583
0.213969,0.001371
0.214572,0.00137618
0.215175,0.00138135
0.215778,0.00138652
0.216381,0.00139169
0.216984,0.00139687
0.217587,0.00140204
0.21819,0.00140721
0.218793,0.00141239
0.219395,0.00141756
0.219998,0.00142273
0.220601,0.00142791
0.221204,0.00143308
0.221807,0.00143825
0.22241,0.00144343
0.223013,0.0014486
0.223616,0.00145377
0.224219,0.00145895
0.224822,0.00146412
0.225425,0.0014693
0.226028,0.00147447
0.226631,0.00147964
0.227234,0.00148482
0.227837,0.00148999
0.228441,0.00149517
0.229044,0.00150034
0.229647,0.00150552
0.23025,0.00151069
0.230853,0.00151587
0.231456,0.00152104
0.232059,0.00152622
0.232662,0.00153139
0.233265,0.00153657
0.233868,0.00154174
0.234472,0.00154692
0.235075,0.00155209
0.235678,0.00155727
0.236281,0.00156244
0.236884,0.00156762
0.237488,0.00157279
0.238091,0.00157797
0.238694,0.00158314
0.239297,0.00158832
0.2399,0.0015935
0.240504,0.00159867
0.241107,0.00160385
0.24171,0.00160902
0.242313,0.0016142
0.242917,0.00161938
0.24352,0.00162455
0.244123,0.00162973
0.244726,0.0016349
0.24533,0.00164008
0.245933,0.00164526
0.246536,0.00165043
0.24714,0.00165561
0.247743,0.00166079
0.248346,0.00166596
0.24895,0.00167114
0.249553,0.00167632
0.250156,0.00168149
0.25076,0.00168667
0.251363,0.00169185
0.251966,0.00169702
0.25257,0.0017022
0.253173,0.00170738
0.253777,0.00171256
0.25438,0.00171773
0.254983,0.00172291
0.255587,0.00172809
0.25619,0.00173327
0.256794,0.00173844
0.257397,0.00174362
0.258,0.0017488
0.258604,0.00175398
0.259207,0.00175915
0.259811,0.00176433
0.260414,0.00176951
0.261018,0.00177469
0.261621,0.00177986
0.262225,0.00178504
0.262828,0.00179022
0.263432,0.0017954
0.264035,0.00180058
0.264639,0.00180576
0.265242,0.00181093
0.265846,0.00181611
0.266449,0.00182129
0.267053,0.00182647
0.267656,0.00183165
0.26826,0.00183683
0.268863,0.001842
0.269467,0.00184718
0.270071,0.00185236
0.270674,0.00185754
0.271278,0.00186272
0.271881,0.0018679
0.272485,0.00187308
0.273088,0.00187826
0.273692,0.00188343
0.274296,0.00188861
0.274899,0.00189379
0.275503,0.00189897
0.276106,0.00190415
0.27671,0.00190933
0.277314,0.00191451
0.277917,0.00191969
0.278521,0.00192487
0.279125,0.00193005
0.279728,0.00193523
0.280332,0.00194041
0.280935,0.00194559
0.281539,0.00195076
0.282143,0.00195594
0.282746,0.00196112
0.28335,0.0019663
0.283954,0.00197148
0.284557,0.00197666
0.285161,0.00198184
0.285765,0.00198702
0.286369,0.0019922
0.286972,0.00199738
0.287576,0.00200256
0.28818,0.00200774
0.288783,0.00201292
0.289387,0.0020181
0.289991,0.00202328
0.290595,0.00202846
0.291198,0.00203364
0.291802,0.00203882
0.292406,0.002044
0.293009,0.00204918
0.293613,0.00205436
0.294217,0.00205954
0.294821,0.00206472
0.295424,0.0020699
0.296028,0.00207508
0.296632,0.00208026
0.297236,0.00208545
0.29784,0.00209063
0.298443,0.00209581
0.299047,0.00210099
0.299651,0.00210617
0.300255,0.00211135
0.300858,0.00211653
0.301462,0.00212171
0.302066,0.00212689
0.30267,0.00213207
0.303274,0.00213725
0.303877,0.00214243
0.304481,0.00214761
0.305085,0.00215279
0.305689,0.00215797
0.306293,0.00216316
0.306897,0.00216834
0.3075,0.00217352
0.308104,0.0021787
0.308708,0.00218388
0.309312,0.00218906
0.309916,0.00219424
0.310519,0.00219942
0.311123,0.0022046
0.311727,0.00220978
0.312331,0.00221497
0.312935,0.00222015
0.313539,0.00222533
0.314143,0.00223051
0.314746,0.00223569
0.31535,0.00224087
0.315954,0.00224605
0.316558,0.00225123
0.317162,0.00225642
0.317766,0.0022616
0.31837,0.00226678
0.318973,0.00227196
0.319577,0.00227714
0.320181,0.00228232
0.320785,0.0022875
0.321389,0.00229269
0.321993,0.00229787
0.322597,0.00230305
0.323201,0.00230823
0.323804,0.00231341
0.324408,0.00231859
0.325012,0.00232377
0.325616,0.00232896
0.32622,0.00233414
0.326824,0.00233932
0.327428,0.0023445
0.328032,0.00234968
0.328636,0.00235486
0.32924,0.00236004
0.329843,0.00236523
0.330447,0.00237041
0.331051,0.00237559
0.331655,0.00238077
0.332259,0.00238595
0.332863,0.00239113
0.333467,0.00239632
0.334071,0.0024015
0.334675,0.00240668
0.335279,0.00241186
0.335882,0.00241704
0.336486,0.00242222
0.33709,0.00242741
0.337694,0.00243259
0.338298,0.00243777
0.338902,0.00244295
0.339506,0.00244813
0.34011,0.00245332
0.340714,0.0024585
0.341318,0.00246368
0.341922,0.00246886
0.342526,0.00247404
0.343129,0.00247922
0.343733,0.00248441
0.344337,0.00248959
0.344941,0.00249477
0.345545,0.00249995
0.346149,0.00250513
0.346753,0.00251031
0.347368,0.0025155
0.348006,0.00252087
0.348667,0.00252644
0.349353,0.00253222
0.350063,0.00253821
0.3508,0.00254441
0.351562,0.00255084
0.352352,0.0025575
0.353169,0.00256439
0.354015,0.00257153
0.35489,0.00257891
0.355796,0.00258655
0.356732,0.00259444
0.357699,0.00260261
0.358699,0.00261105
0.359732,0.00261976
0.360798,0.00262877
0.361898,0.00263806
0.363034,0.00264765
0.364204,0.00265754
0.365412,0.00266774
0.366655,0.00267826
0.367937,0.00268909
0.369256,0.00270024
0.370613,0.00271172
0.372009,0.00272353
0.373444,0.00273568
0.374919,0.00274816
0.376433,0.00276099
0.377988,0.00277415
0.379582,0.00278766
0.381217,0.00280152
0.382893,0.00281572
0.384608,0.00283027
0.386364,0.00284516
0.38816,0.0028604
0.389996,0.00287598
0.391871,0.0028919
0.393786,0.00290816
0.395739,0.00292475
0.397729,0.00294167
0.399757,0.00295892
0.401822,0.00297648
0.403922,0.00299435
0.406057,0.00301252
0.408225,0.00303098
0.410425,0.00304972
0.412657,0.00306874
0.414918,0.00308802
0.417208,0.00310755
0.419524,0.00312731
0.421866,0.0031473
0.424231,0.00316749
0.426618,0.00318788
0.429024,0.00320845
0.431449,0.00322918
0.43389,0.00325006
0.436344,0.00327106
0.438811,0.00329218
0.441287,0.00331339
0.443771,0.00333467
0.44626,0.00335601
0.448753,0.00337739
0.451247,0.00339879
-0.000298318,0.00647118
0.000298318,0.00647118
0.000894966,0.00647118
0.00149164,0.00647118
0.00208834,0.00647118
0.00268506,0.00647118
0.00328181,0.00647118
0.00387858,0.00647118
0.00447538,0.00647118
0.0050722,0.00647118
0.00566905,0.00647118
0.00626592,0.00647118
0.00686282,0.00647118
0.00745974,0.00647118
0.00805669,0.00647118
0.00865366,0.00647118
0.00925066,0.00647118
0.00984768,0.00647118
0.0104447,0.00647118
0.0110418,0.00647118
0.0116389,0.00647118
0.012236,0.00647118
0.0128331,0.00647118
0.0134303,0.00647118
0.0140275,0.00647118
0.0146247,0.00647118
0.0152219,0.00647118
0.0158192,0.00647118
0.0164165,0.00647118
0.0170138,0.00647118
0.0176111,0.00647118
0.0182085,0.00647118
0.0188059,0.00647118
0.0194033,0.00647118
0.0200007,0.00647118
0.0205982,0.00647118
0.0211956,0.00647118
0.0217931,0.00647118
0.0223907,0.00647118
0.0229882,0.00647118
0.0235858,0.00647118
0.0241834,0.00647118
0.024781,0.00647118
0.0253786,0.00647118
0.0259763,0.00647118
0.026574,0.00647118
0.0271717,0.00647118
0.0277694,0.00647118
0.0283672,0.00647118
0.028965,0.00647118
0.0295628,0.00647118
0.0301606,0.00647118
0.0307585,0.00647118
0.0313563,0.00647118
0.0319542,0.00647118
0.0325521,0.00647118
0.0331501,0.00647118
0.033748,0.00647118
0.034346,0.00647118
0.034944,0.00647118
0.0355421,0.00647118
0.0361401,0.00647118
0.0367382,0.00647118
0.0373363,0.00647118
0.0379344,0.00647118
0.0385326,0.00647118
0.0391307,0.00647118
0.0397289,0.00647118
0.0403271,0.00647118
0.0409254,0.00647118
0.0415236,0.00647118
0.0421219,0.00647118
0.0427202,0.00647118
0.0433185,0.00647118
0.0439169,0.00647118
0.0445152,0.00647118
0.0451136,0.00647118
0.045712,0.00647118
0.0463105,0.00647118
0.0469089,0.00647118
0.0475074,0.00647118
0.0481059,0.00647118
0.0487044,0.00647118
0.0493029,0.00647118
0.0499015,0.00647118
0.0505001,0.00647118
0.0510987,0.00647118
0.0516973,0.00645103
0.052296,0.00643087
0.0528946,0.00641071
0.0534933,0.00639055
0.054092,0.00637039
0.0546908,0.00635023
0.0552895,0.00633007
0.0558883,0.00630991
0.0564871,0.00628975
0.0570859,0.00626959
0.0576848,0.00624942
0.0582836,0.00622926
0.0588825,0.0062091
0.0594814,0.00618893
0.0600803,0.00616876
0.0606793,0.0061486
0.0612782,0.00612843
0.0618772,0.00610826
0.0624762,0.00608809
0.0630753,0.00606792
0.0636743,0.00604775
0.0642734,0.00602758
0.0648725,0.00600741
0.0654716,0.00598723
0.0660707,0.00596706
0.0666698,0.00594689
0.067269,0.00592671
0.0678682,0.00590654
0.0684674,0.00588636
0.0690667,0.00586618
0.0696659,0.00584601
0.0702652,0.00582583
0.0708645,0.00580565
0.0714638,0.00578547
0.0720631,0.00576529
0.0726625,0.00574511
0.0732618,0.00572493
0.0738612,0.00570475
0.0744606,0.00568456
0.0750601,0.00566438
0.0756595,0.0056442
0.076259,0.00562401
0.0768585,0.00560383
0.077458,0.00558364
0.0780575,0.00556345
0.0786571,0.00554327
0.0792566,0.00552308
0.0798562,0.00550289
0.0804558,0.0054827
0.0810555,0.00546251
0.0816551,0.00544232
0.0822548,0.00542213
0.0828545,0.00540194
0.0834542,0.00538174
0.0840539,0.00536155
0.0846536,0.00534136
0.0852534,0.00532116
0.0858532,0.00530097
0.086453,0.00518935
0.0870528,0.00507772
0.0876526,0.0049661
0.0882525,0.00485447
0.0888524,0.00474283
0.0894522,0.0046312
0.0900522,0.00451955
0.0906521,0.00440791
0.091252,0.00429626
0.091852,0.00418461
0.092452,0.00407296
0.093052,0.0039613
0.093652,0.00384964
0.0942521,0.00373797
0.0948521,0.0036263
0.0954522,0.00351463
0.0960523,0.00340296
0.0966524,0.00329128
0.0972526,0.0031998
0.0978527,0.00310832
0.0984529,0.00301684
0.0990531,0.00292536
0.0996533,0.00283388
0.100253,0.00274239
0.100854,0.0026509
0.101454,0.0025594
0.102054,0.0024679
0.102655,0.0023764
0.103255,0.0022849
0.103855,0.0021934
0.104456,0.00210189
0.105056,0.00201038
0.105656,0.00191887
0.106257,0.00182735
0.106857,0.00173583
0.107458,0.00164431
0.108058,0.00155279
0.108659,0.00146126
0.109259,0.00136973
0.109859,0.0012782
0.11046,0.0012782
0.111061,0.0012782
0.111661,0.0012782
0.112262,0.0012782
0.112862,0.0012782
0.113463,0.0012782
0.114064,0.0012782
0.114664,0.0012782
0.115265,0.0012782
0.115866,0.0012782
0.116466,0.0012782
0.117067,0.0012782
0.117668,0.0012782
0.118268,0.0012782
0.118869,0.0012782
0.11947,0.0012782
0.120071,0.0012782
0.120672,0.0012782
0.121272,0.0012782
0.121873,0.0012782
0.122474,0.0012782
0.123075,0.0012782
0.123676,0.0012782
0.124277,0.0012782
0.124878,0.0012782
0.125479,0.0012782
0.12608,0.0012782
0.126681,0.0012782
0.127282,0.0012782
0.127883,0.0012782
0.128484,0.0012782
0.129085,0.0012782
0.129686,0.0012782
0.130287,0.0012782
0.130888,0.0012782
0.131489,0.0012782
0.13209,0.0012782
0.132691,0.0012782
0.133292,0.0012782
0.133893,0.0012782
0.134495,0.0012782
0.135096,0.0012782
0.135697,0.0012782
0.136298,0.0012782
0.1369,0.0012782
0.137501,0.0012782
0.138102,0.0012782
0.138703,0.0012782
0.139305,0.0012782
0.139906,0.0012782
0.140507,0.0012782
0.141109,0.0012782
0.14171,0.0012782
0.142311,0.0012782
0.142913,0.0012782
0.143514,0.0012782
0.144116,0.0012782
0.144717,0.0012782
0.145318,0.0012782
0.14592,0.0012782
0.146521,0.0012782
0.147123,0.0012782
0.147724,0.0012782
0.148326,0.0012782
0.148927,0.0012782
0.149529,0.0012782
0.150131,0.0012782
0.150732,0.0012782
0.151334,0.0012782
0.151935,0.0012782
0.152537,0.0012782
0.153139,0.0012782
0.15374,0.0012782
0.154342,0.0012782
0.154944,0.0012782
0.155545,0.0012782
0.156147,0.0012782
0.156749,0.0012782
0.157351,0.0012782
0.157952,0.0012782
0.158554,0.0012782
0.159156,0.0012782
0.159758,0.0012782
0.160359,0.0012782
0.160961,0.0012782
0.161563,0.0012782
0.162165,0.0012782
0.162767,0.0012782
0.163369,0.0012782
0.163971,0.0012782
0.164572,0.0012782
0.165174,0.0012782
0.165776,0.0012782
0.166378,0.0012782
0.16698,0.0012782
0.167582,0.0012782
0.168184,0.0012782
0.168786,0.0012782
0.169388,0.0012782
0.16999,0.0012782
0.170592,0.0012782
0.171194,0.0012782
0.171796,0.0012782
0.172398,0.0012782
0.173,0.0012782
0.173602,0.0012782
0.174205,0.0012782
0.174807,0.0012782
0.175409,0.0012782
0.176011,0.0012782
0.176613,0.00128452
0.177215,0.00129083
0.177817,0.00129715
0.17842,0.00130347
0.179022,0.00130979
0.179624,0.00131611
0.180226,0.00132242
0.180829,0.00132874
0.181431,0.00133506
0.182033,0.00134138
0.182635,0.0013477
0.183238,0.00135402
0.18384,0.00136034
0.184442,0.00136666
0.185045,0.00137298
0.185647,0.0013793
0.186249,0.00138562
0.186852,0.00139194
0.187454,0.00139826
0.188056,0.00140458
0.188659,0.0014109
0.189261,0.00141722
0.189864,0.00142354
0.190466,0.00142986
0.191069,0.00143618
0.191671,0.0014425
0.192273,0.00144882
0.192876,0.00145514
0.193478,0.00146146
0.194081,0.00146778
0.194683,0.0014741
0.195286,0.00148043
0.195888,0.00148675
0.196491,0.00149307
0.197094,0.00149939
0.197696,0.00150571
0.198299,0.00151204
0.198901,0.00151836
0.199504,0.00152468
0.200107,0.001531
0.200709,0.00153732
0.201312,0.00154365
0.201914,0.00154997
0.202517,0.00155629
0.20312,0.00156262
0.203722,0.00156894
0.204325,0.00157526
0.204928,0.00158159
0.20553,0.00158791
0.206133,0.00159423
0.206736,0.00160056
0.207339,0.00160688
0.207941,0.0016132
0.208544,0.00161953
0.209147,0.00162585
0.20975,0.00163218
0.210352,0.0016385
0.210955,0.00164482
0.211558,0.00165115
0.212161,0.00165747
0.212764,0.0016638
0.213367,0.00167012
0.213969,0.00167645
0.214572,0.00168277
0.215175,0.0016891
0.215778,0.00169542
0.216381,0.00170175
0.216984,0.00170807
0.217587,0.0017144
0.21819,0.00172073
0.218793,0.00172705
0.219395,0.00173338
0.219998,0.0017397
0.220601,0.00174603
0.221204,0.00175236
0.221807,0.00175868
0.22241,0.00176501
0.223013,0.00177133
0.223616,0.00177766
0.224219,0.00178399
0.224822,0.00179031
0.225425,0.00179664
0.226028,0.00180297
0.226631,0.00180929
0.227234,0.00181562
0.227837,0.00182195
0.228441,0.00182828
0.229044,0.0018346
0.229647,0.00184093
0.23025,0.00184726
0.230853,0.00185359
0.231456,0.00185991
0.232059,0.00186624
0.232662,0.00187257
0.233265,0.0018789
0.233868,0.00188522
0.234472,0.00189155
0.235075,0.00189788
0.235678,0.00190421
0.236281,0.00191054
0.236884,0.00191687
0.237488,0.00192319
0.238091,0.00192952
0.238694,0.00193585
0.239297,0.00194218
0.2399,0.00194851
0.240504,0.00195484
0.241107,0.00196117
0.24171,0.0019675
0.242313,0.00197383
0.242917,0.00198016
0.24352,0.00198648
0.244123,0.00199281
0.244726,0.00199914
0.24533,0.00200547
0.245933,0.0020118
0.246536,0.00201813
0.24714,0.00202446
0.247743,0.00203079
0.248346,0.00203712
0.24895,0.00204345
0.249553,0.00204978
0.250156,0.00205611
0.25076,0.00206244
0.251363,0.00206877
0.251966,0.0020751
0.25257,0.00208143
0.253173,0.00208777
0.253777,0.0020941
0.25438,0.00210043
0.254983,0.00210676
0.255587,0.00211309
0.25619,0.00211942
0.256794,0.00212575
0.257397,0.00213208
0.258,0.00213841
0.258604,0.00214474
0.259207,0.00215107
0.259811,0.00215741
0.260414,0.00216374
0.261018,0.00217007
0.261621,0.0021764
0.262225,0.00218273
0.262828,0.00218906
0.263432,0.0021954
0.264035,0.00220173
0.264639,0.00220806
0.265242,0.00221439
0.265846,0.00222072
0.266449,0.00222706
0.267053,0.00223339
0.267656,0.00223972
0.26826,0.00224605
0.268863,0.00225238
0.269467,0.00225872
0.270071,0.00226505
0.270674,0.00227138
0.271278,0.00227771
0.271881,0.00228405
0.272485,0.00229038
0.273088,0.00229671
0.273692,0.00230304
0.274296,0.00230938
0.274899,0.00231571
0.275503,0.00232204
0.276106,0.00232838
0.27671,0.00233471
0.277314,0.00234104
0.277917,0.00234738
0.278521,0.00235371
0.279125,0.00236004
0.279728,0.00236637
0.280332,0.00237271
0.280935,0.00237904
0.281539,0.00238538
0.282143,0.00239171
0.282746,0.00239804
0.28335,0.00240438
0.283954,0.00241071
0.284557,0.00241704
0.285161,0.00242338
0.285765,0.00242971
0.286369,0.00243604
0.286972,0.00244238
0.287576,0.00244871
0.28818,0.00245505
0.288783,0.00246138
0.289387,0.00246771
0.289991,0.00247405
0.290595,0.00248038
0.291198,0.00248672
0.291802,0.00249305
0.292406,0.00249939
0.293009,0.00250572
0.293613,0.00251205
0.294217,0.00251839
0.294821,0.00252472
0.295424,0.00253106
0.296028,0.00253739
0.296632,0.00254373
0.297236,0.00255006
0.29784,0.0025564
0.298443,0.00256273
0.299047,0.00256907
0.299651,0.0025754
0.300255,0.00258174
0.300858,0.00258807
0.301462,0.0025944
0.302066,0.00260074
0.30267,0.00260707
0.303274,0.00261341
0.303877,0.00261974
0.304481,0.00262608
0.305085,0.00263241
0.305689,0.00263875
0.306293,0.00264508
0.306897,0.00265142
0.3075,0.00265776
0.308104,0.00266409
0.308708,0.00267043
0.309312,0.00267676
0.309916,0.0026831
0.310519,0.00268943
0.311123,0.00269577
0.311727,0.0027021
0.312331,0.00270844
0.312935,0.00271477
0.313539,0.00272111
0.314143,0.00272744
0.314746,0.00273378
0.31535,0.00274012
0.315954,0.00274645
0.316558,0.00275279
0.317162,0.00275912
0.317766,0.00276546
0.31837,0.00277179
0.318973,0.00277813
0.319577,0.00278446
0.320181,0.0027908
0.320785,0.00279714
0.321389,0.00280347
0.321993,0.00280981
0.322597,0.00281614
0.323201,0.00282248
0.323804,0.00282882
0.324408,0.00283515
0.325012,0.00284149
0.325616,0.00284782
0.32622,0.00285416
0.326824,0.0028605
0.327428,0.00286683
0.328032,0.00287317
0.328636,0.0028795
0.32924,0.00288584
0.329843,0.00289217
0.330447,0.00289851
0.331051,0.00290485
0.331655,0.00291118
0.332259,0.00291752
0.332863,0.00292386
0.333467,0.00293019
0.334071,0.00293653
0.334675,0.00294286
0.335279,0.0029492
0.335882,0.00295554
0.336486,0.00296187
0.33709,0.00296821
0.337694,0.00297454
0.338298,0.00298088
0.338902,0.00298722
0.339506,0.00299355
0.34011,0.00299989
0.340714,0.00300622
0.341318,0.00301256
0.341922,0.0030189
0.342526,0.00302523
0.343129,0.00303157
0.343733,0.00303791
0.344337,0.00304424
0.344941,0.00305058
0.345545,0.00305691
0.346149,0.00306325
0.346753,0.00306959
0.347368,0.00307592
0.348006,0.00308249
0.348667,0.00308931
0.349353,0.00309637
0.350063,0.0031037
0.3508,0.00311128
0.351562,0.00311914
0.352352,0.00312728
0.353169,0.00313571
0.354015,0.00314444
0.35489,0.00315346
0.355796,0.0031628
0.356732,0.00317246
0.357699,0.00318244
0.358699,0.00319276
0.359732,0.00320342
0.360798,0.00321443
0.361898,0.00322579
0.363034,0.00323752
0.364204,0.00324962
0.365412,0.00326209
0.366655,0.00327495
0.367937,0.00328819
0.369256,0.00330183
0.370613,0.00331587
0.372009,0.00333031
0.373444,0.00334516
0.374919,0.00336043
0.376433,0.00337611
0.377988,0.0033922
0.379582,0.00340872
0.381217,0.00342567
0.382893,0.00344303
0.384608,0.00346082
0.386364,0.00347903
0.38816,0.00349767
0.389996,0.00351672
0.391871,0.00353619
0.393786,0.00355607
0.395739,0.00357636
0.397729,0.00359705
0.399757,0.00361813
0.401822,0.00363961
0.403922,0.00366146
0.406057,0.00368367
0.408225,0.00370625
0.410425,0.00372917
0.412657,0.00375242
0.414918,0.003776
0.417208,0.00379987
0.419524,0.00382404
0.421866,0.00384848
0.424231,0.00387318
0.426618,0.00389811
0.429024,0.00392326
0.431449,0.00394861
0.43389,0.00397414
0.436344,0.00399982
0.438811,0.00402564
0.441287,0.00405158
0.443771,0.0040776
0.44626,0.0041037
0.448753,0.00412984
0.451247,0.00415601
-0.000298318,0.00692182
0.000298318,0.00692182
0.000894966,0.00692182
0.00149164,0.00692182
0.00208834,0.00692182
0.00268506,0.00692182
0.00328181,0.00692182
0.00387858,0.00692182
0.00447538,0.00692182
0.0050722,0.00692182
0.00566905,0.00692182
0.00626592,0.00692182
0.00686282,0.00692182
0.00745974,0.00692182
0.00805669,0.00692182
0.00865366,0.00692182
0.00925066,0.00692182
0.00984768,0.00692182
0.0104447,0.00692182
0.0110418,0.00692182
0.0116389,0.00692182
0.012236,0.00692182
0.0128331,0.00692182
0.0134303,0.00692182
0.0140275,0.00692182
0.0146247,0.00692182
0.0152219,0.00692182
0.0158192,0.00692182
0.0164165,0.00692182
0.0170138,0.00692182
0.0176111,0.00692182
0.0182085,0.00692182
0.0188059,0.00692182
0.0194033,0.00692182
0.0200007,0.00692182
0.0205982,0.00692182
0.0211956,0.00692182
0.0217931,0.00692182
0.0223907,0.00692182
0.0229882,0.00692182
0.0235858,0.00692182
0.0241834,0.00692182
0.024781,0.00692182
0.0253786,0.00692182
0.0259763,0.00692182
0.026574,0.00692182
0.0271717,0.00692182
0.0277694,0.00692182
0.0283672,0.00692182
0.028965,0.00692182
0.0295628,0.00692182
0.0301606,0.00692182
0.0307585,0.00692182
0.0313563,0.00692182
0.0319542,0.00692182
0.0325521,0.00692182
0.0331501,0.00692182
0.033748,0.00692182
0.034346,0.00692182
0.034944,0.00692182
0.0355421,0.00692182
0.0361401,0.00692182
0.0367382,0.00692182
0.0373363,0.00692182
0.0379344,0.00692182
0.0385326,0.00692182
0.0391307,0.00692182
0.0397289,0.00692182
0.0403271,0.00692182
0.0409254,0.00692182
0.0415236,0.00692182
0.0421219,0.00692182
0.0427202,0.00692182
0.0433185,0.00692182
0.0439169,0.00692182
0.0445152,0.00692182
0.0451136,0.00692182
0.045712,0.00692182
0.0463105,0.00692182
0.0469089,0.00692182
0.0475074,0.00692182
0.0481059,0.00692182
0.0487044,0.00692182
0.0493029,0.00692182
0.0499015,0.00692182
0.0505001,0.00692182
0.0510987,0.00692182
0.0516973,0.00689799
0.052296,0.00687415
0.0528946,0.00685032
0.0534933,0.00682649
0.054092,0.00680265
0.0546908,0.00677881
0.0552895,0.00675498
0.0558883,0.00673114
0.0564871,0.0067073
0.0570859,0.00668346
0.0576848,0.00665962
0.0582836,0.00663578
0.0588825,0.00661194
0.0594814,0.00658809
0.0600803,0.00656425
0.0606793,0.00654041
0.0612782,0.00651656
0.0618772,0.00649271
0.0624762,0.00646887
0.0630753,0.00644502
0.0636743,0.00642117
0.0642734,0.00639732
0.0648725,0.00637347
0.0654716,0.00634962
0.0660707,0.00632577
0.0666698,0.00630191
0.067269,0.00627806
0.0678682,0.00625421
0.0684674,0.00623035
0.0690667,0.0062065
0.0696659,0.00618264
0.0702652,0.00615878
0.0708645,0.00613492
0.0714638,0.00611106
0.0720631,0.0060872
0.0726625,0.00606334
0.0732618,0.00603948
0.0738612,0.00601562
0.0744606,0.00599176
0.0750601,0.00596789
0.0756595,0.00594403
0.076259,0.00592016
0.0768585,0.00589629
0.077458,0.00587243
0.0780575,0.00584856
0.0786571,0.00582469
0.0792566,0.00580082
0.0798562,0.00577695
0.0804558,0.00575308
0.0810555,0.00572921
0.0816551,0.00570534
0.0822548,0.00568146
0.0828545,0.00565759
0.0834542,0.00563371
0.0840539,0.00560984
0.0846536,0.00558596
0.0852534,0.00556208
0.0858532,0.00553821
0.086453,0.00542446
0.0870528,0.0053107
0.0876526,0.00519695
0.0882525,0.00508319
0.0888524,0.00496942
0.0894522,0.00485565
0.0900522,0.00474188
0.0906521,0.00462811
0.091252,0.00451433
0.091852,0.00440055
0.092452,0.00428676
0.093052,0.00417298
0.093652,0.00405918
0.0942521,0.00394539
0.0948521,0.00383159
0.0954522,0.00371779
0.0960523,0.00360398
0.0966524,0.00349017
0.0972526,0.00340025
0.0978527,0.00331032
0.0984529,0.0032204
0.0990531,0.00313047
0.0996533,0.00304054
0.100253,0.0029506
0.100854,0.00286066
0.101454,0.00277072
0.102054,0.00268078
0.102655,0.00259084
0.103255,0.00250089
0.103855,0.00241094
0.104456,0.00232098
0.105056,0.00223103
0.105656,0.00214107
0.106257,0.00205111
0.106857,0.00196114
0.107458,0.00187118
0.108058,0.00178121
0.108659,0.00169124
0.109259,0.00160126
0.109859,0.00151129
0.11046,0.00151129
0.111061,0.00151129
0.111661,0.00151129
0.112262,0.00151129
0.112862,0.00151129
0.113463,0.00151129
0.114064,0.00151129
0.114664,0.00151129
0.115265,0.00151129
0.115866,0.00151129
0.116466,0.00151129
0.117067,0.00151129
0.117668,0.00151129
0.118268,0.00151129
0.118869,0.00151129
0.11947,0.00151129
0.120071,0.00151129
0.120672,0.00151129
0.121272,0.00151129
0.121873,0.00151129
0.122474,0.00151129
0.123075,0.00151129
0.123676,0.00151129
0.124277,0.00151129
0.124878,0.00151129
0.125479,0.00151129
0.12608,0.00151129
0.126681,0.00151129
0.127282,0.00151129
0.127883,0.00151129
0.128484,0.00151129
0.129085,0.00151129
0.129686,0.00151129
0.130287,0.00151129
0.130888,0.00151129
0.131489,0.00151129
0.13209,0.00151129
0.132691,0.00151129
0.133292,0.00151129
0.133893,0.00151129
0.134495,0.00151129
0.135096,0.00151129
0.135697,0.00151129
0.136298,0.00151129
0.1369,0.00151129
0.137501,0.00151129
0.138102,0.00151129
0.138703,0.00151129
0.139305,0.00151129
0.139906,0.00151129
0.140507,0.00151129
0.141109,0.00151129
0.14171,0.00151129
0.142311,0.00151129
0.142913,0.00151129
0.143514,0.00151129
0.144116,0.00151129
0.144717,0.00151129
0.145318,0.00151129
0.14592,0.00151129
0.146521,0.00151129
0.147123,0.00151129
0.147724,0.00151129
0.148326,0.00151129
0.148927,0.00151129
0.149529,0.00151129
0.150131,0.00151129
0.150732,0.00151129
0.151334,0.00151129
0.151935,0.00151129
0.152537,0.00151129
0.153139,0.00151129
0.15374,0.00151129
0.154342,0.00151129
0.154944,0.00151129
0.155545,0.00151129
0.156147,0.00151129
0.156749,0.00151129
0.157351,0.00151129
0.157952,0.00151129
0.158554,0.00151129
0.159156,0.00151129
0.159758,0.00151129
0.160359,0.00151129
0.160961,0.00151129
0.161563,0.00151129
0.162165,0.00151129
0.162767,0.00151129
0.163369,0.00151129
0.163971,0.00151129
0.164572,0.00151129
0.165174,0.00151129
0.165776,0.00151129
0.166378,0.00151129
0.16698,0.00151129
0.167582,0.00151129
0.168184,0.00151129
0.168786,0.00151129
0.169388,0.00151129
0.16999,0.00151129
0.170592,0.00151129
0.171194,0.00151129
0.171796,0.00151129
0.172398,0.00151129
0.173,0.00151129
0.173602,0.00151129
0.174205,0.00151129
0.174807,0.00151129
0.175409,0.00151129
0.176011,0.00151129
0.176613,0.00151876
0.177215,0.00152623
0.177817,0.0015337
0.17842,0.00154117
0.179022,0.00154864
0.179624,0.00155611
0.180226,0.00156358
0.180829,0.00157105
0.181431,0.00157852
0.182033,0.00158599
0.182635,0.00159346
0.183238,0.00160093
0.18384,0.0016084
0.184442,0.00161588
0.185045,0.00162335
0.185647,0.00163082
0.186249,0.00163829
0.186852,0.00164576
0.187454,0.00165324
0.188056,0.00166071
0.188659,0.00166818
0.189261,0.00167565
0.189864,0.00168313
0.190466,0.0016906
0.191069,0.00169807
0.191671,0.00170555
0.192273,0.00171302
0.192876,0.00172049
0.193478,0.00172797
0.194081,0.00173544
0.194683,0.00174292
0.195286,0.00175039
0.195888,0.00175787
0.196491,0.00176534
0.197094,0.00177281
0.197696,0.00178029
0.198299,0.00178776
0.198901,0.00179524
0.199504,0.00180271
0.200107,0.00181019
0.200709,0.00181767
0.201312,0.00182514
0.201914,0.00183262
0.202517,0.00184009
0.20312,0.00184757
0.203722,0.00185505
0.204325,0.00186252
0.204928,0.00187
0.20553,0.00187747
0.206133,0.00188495
0.206736,0.00189243
0.207339,0.0018999
0.207941,0.00190738
0.208544,0.00191486
0.209147,0.00192234
0.20975,0.00192981
0.210352,0.00193729
0.210955,0.00194477
0.211558,0.00195225
0.212161,0.00195972
0.212764,0.0019672
0.213367,0.00197468
0.213969,0.00198216
0.214572,0.00198964
0.215175,0.00199712
0.215778,0.00200459
0.216381,0.00201207
0.216984,0.00201955
0.217587,0.00202703
0.21819,0.00203451
0.218793,0.00204199
0.219395,0.00204947
0.219998,0.00205695
0.220601,0.00206443
0.221204,0.00207191
0.221807,0.00207939
0.22241,0.00208687
0.223013,0.00209435
0.223616,0.00210183
0.224219,0.00210931
0.224822,0.00211679
0.225425,0.00212427
0.226028,0.00213175
0.226631,0.00213923
0.227234,0.00214671
0.227837,0.00215419
0.228441,0.00216167
0.229044,0.00216915
0.229647,0.00217664
0.23025,0.00218412
0.230853,0.0021916
0.231456,0.00219908
0.232059,0.00220656
0.232662,0.00221404
0.233265,0.00222153
0.233868,0.00222901
0.234472,0.00223649
0.235075,0.00224397
0.235678,0.00225145
0.236281,0.00225894
0.236884,0.00226642
0.237488,0.0022739
0.238091,0.00228138
0.238694,0.00228887
0.239297,0.00229635
0.2399,0.00230383
0.240504,0.00231132
0.241107,0.0023188
0.24171,0.00232628
0.242313,0.00233377
0.242917,0.00234125
0.24352,0.00234873
0.244123,0.00235622
0.244726,0.0023637
0.24533,0.00237118
0.245933,0.00237867
0.246536,0.00238615
0.24714,0.00239364
0.247743,0.00240112
0.248346,0.0024086
0.24895,0.00241609
0.249553,0.00242357
0.250156,0.00243106
0.25076,0.00243854
0.251363,0.00244603
0.251966,0.00245351
0.25257,0.002461
0.253173,0.00246848
0.253777,0.00247597
0.25438,0.00248345
0.254983,0.00249094
0.255587,0.00249842
0.25619,0.00250591
0.256794,0.00251339
0.257397,0.00252088
0.258,0.00252836
0.258604,0.00253585
0.259207,0.00254334
0.259811,0.00255082
0.260414,0.00255831
0.261018,0.00256579
0.261621,0.00257328
0.262225,0.00258077
0.262828,0.00258825
0.263432,0.00259574
0.264035,0.00260323
0.264639,0.00261071
0.265242,0.0026182
0.265846,0.00262569
0.266449,0.00263317
0.267053,0.00264066
0.267656,0.00264815
0.26826,0.00265563
0.268863,0.00266312
0.269467,0.00267061
0.270071,0.00267809
0.270674,0.00268558
0.271278,0.00269307
0.271881,0.00270056
0.272485,0.00270804
0.273088,0.00271553
0.273692,0.00272302
0.274296,0.00273051
0.274899,0.00273799
0.275503,0.00274548
0.276106,0.00275297
0.27671,0.00276046
0.277314,0.00276795
0.277917,0.00277543
0.278521,0.00278292
0.279125,0.00279041
0.279728,0.0027979
0.280332,0.00280539
0.280935,0.00281287
0.281539,0.00282036
0.282143,0.00282785
0.282746,0.00283534
0.28335,0.00284283
0.283954,0.00285032
0.284557,0.00285781
0.285161,0.00286529
0.285765,0.00287278
0.286369,0.00288027
0.286972,0.00288776
0.287576,0.00289525
0.28818,0.00290274
0.288783,0.00291023
0.289387,0.00291772
0.289991,0.00292521
0.290595,0.0029327
0.291198,0.00294019
0.291802,0.00294767
0.292406,0.00295516
0.293009,0.00296265
0.293613,0.00297014
0.294217,0.00297763
0.294821,0.00298512
0.295424,0.00299261
0.296028,0.0030001
0.296632,0.00300759
0.297236,0.00301508
0.29784,0.00302257
0.298443,0.00303006
0.299047,0.00303755
0.299651,0.00304504
0.300255,0.00305253
0.300858,0.00306002
0.301462,0.00306751
0.302066,0.003075
0.30267,0.00308249
0.303274,0.00308998
0.303877,0.00309747
0.304481,0.00310496
0.305085,0.00311245
0.305689,0.00311994
0.306293,0.00312743
0.306897,0.00313492
0.3075,0.00314241
0.308104,0.0031499
0.308708,0.00315739
0.309312,0.00316489
0.309916,0.00317238
0.310519,0.00317987
0.311123,0.00318736
0.311727,0.00319485
0.312331,0.00320234
0.312935,0.00320983
0.313539,0.00321732
0.314143,0.00322481
0.314746,0.0032323
0.31535,0.00323979
0.315954,0.00324728
0.316558,0.00325477
0.317162,0.00326227
0.317766,0.00326976
0.31837,0.00327725
0.318973,0.00328474
0.319577,0.00329223
0.320181,0.00329972
0.320785,0.00330721
0.321389,0.0033147
0.321993,0.00332219
0.322597,0.00332968
0.323201,0.00333718
0.323804,0.00334467
0.324408,0.00335216
0.325012,0.00335965
0.325616,0.00336714
0.32622,0.00337463
0.326824,0.00338212
0.327428,0.00338962
0.328032,0.00339711
0.328636,0.0034046
0.32924,0.00341209
0.329843,0.00341958
0.330447,0.00342707
0.331051,0.00343456
0.331655,0.00344206
0.332259,0.00344955
0.332863,0.00345704
0.333467,0.00346453
0.334071,0.00347202
0.334675,0.00347951
0.335279,0.003487
0.335882,0.0034945
0.336486,0.00350199
0.33709,0.00350948
0.337694,0.00351697
0.338298,0.00352446
0.338902,0.00353195
0.339506,0.00353945
0.34011,0.00354694
0.340714,0.00355443
0.341318,0.00356192
0.341922,0.00356941
0.342526,0.0035769
0.343129,0.00358439
0.343733,0.00359189
0.344337,0.00359938
0.344941,0.00360687
0.345545,0.00361436
0.346149,0.00362185
0.346753,0.00362934
0.347368,0.00363684
0.348006,0.00364461
0.348667,0.00365266
0.349353,0.00366102
0.350063,0.00366967
0.3508,0.00367864
0.351562,0.00368794
0.352352,0.00369756
0.353169,0.00370753
0.354015,0.00371784
0.35489,0.00372852
0.355796,0.00373956
0.356732,0.00375098
0.357699,0.00376278
0.358699,0.00377498
0.359732,0.00378758
0.360798,0.0038006
0.361898,0.00381404
0.363034,0.0038279
0.364204,0.00384221
0.365412,0.00385695
0.366655,0.00387215
0.367937,0.00388781
0.369256,0.00390394
0.370613,0.00392054
0.372009,0.00393761
0.373444,0.00395517
0.374919,0.00397322
0.376433,0.00399176
0.377988,0.00401079
0.379582,0.00403033
0.381217,0.00405036
0.382893,0.00407089
0.384608,0.00409192
0.386364,0.00411346
0.38816,0.00413549
0.389996,0.00415802
0.391871,0.00418104
0.393786,0.00420454
0.395739,0.00422853
0.397729,0.00425299
0.399757,0.00427792
0.401822,0.00430331
0.403922,0.00432914
0.406057,0.00435541
0.408225,0.00438211
0.410425,0.00440921
0.412657,0.0044367
0.414918,0.00446457
0.417208,0.00449281
0.419524,0.00452138
0.421866,0.00455028
0.424231,0.00457947
0.426618,0.00460895
0.429024,0.00463869
0.431449,0.00466866
0.43389,0.00469885
0.436344,0.00472921
0.438811,0.00475974
0.441287,0.00479041
0.443771,0.00482118
0.44626,0.00485204
0.448753,0.00488294
0.451247,0.00491388
-0.000298318,0.00737283
0.000298318,0.00737283
0.000894966,0.00737283
0.00149164,0.00737283
0.00208834,0.00737283
0.00268506,0.00737283
0.00328181,0.00737283
0.00387858,0.00737283
0.00447538,0.00737283
0.0050722,0.00737283
0.00566905,0.00737283
0.00626592,0.00737283
0.00686282,0.00737283
0.00745974,0.00737283
0.00805669,0.00737283
0.00865366,0.00737283
0.00925066,0.00737283
0.00984768,0.00737283
0.0104447,0.00737283
0.0110418,0.00737283
0.0116389,0.00737283
0.012236,0.00737283
0.0128331,0.00737283
0.0134303,0.00737283
0.0140275,0.00737283
0.0146247,0.00737283
0.0152219,0.00737283
0.0158192,0.00737283
0.0164165,0.00737283
0.0170138,0.00737283
0.0176111,0.00737283
0.0182085,0.00737283
0.0188059,0.00737283
0.0194033,0.00737283
0.0200007,0.00737283
0.0205982,0.00737283
0.0211956,0.00737283
0.0217931,0.00737283
0.0223907,0.00737283
0.0229882,0.00737283
0.0235858,0.00737283
0.0241834,0.00737283
0.024781,0.00737283
0.0253786,0.00737283
0.0259763,0.00737283
0.026574,0.00737283
0.0271717,0.00737283
0.0277694,0.00737283
0.0283672,0.00737283
0.028965,0.00737283
0.0295628,0.00737283
0.0301606,0.00737283
0.0307585,0.00737283
0.0313563,0.00737283
0.0319542,0.00737283
0.0325521,0.00737283
0.0331501,0.00737283
0.033748,0.00737283
0.034346,0.00737283
0.034944,0.00737283
0.0355421,0.00737283
0.0361401,0.00737283
0.0367382,0.00737283
0.0373363,0.00737283
0.0379344,0.00737283
0.0385326,0.00737283
0.0391307,0.00737283
0.0397289,0.00737283
0.0403271,0.00737283
0.0409254,0.00737283
0.0415236,0.00737283
0.0421219,0.00737283
0.0427202,0.00737283
0.0433185,0.00737283
0.0439169,0.00737283
0.0445152,0.00737283
0.0451136,0.00737283
0.045712,0.00737283
0.0463105,0.00737283
0.0469089,0.00737283
0.0475074,0.00737283
0.0481059,0.00737283
0.0487044,0.00737283
0.0493029,0.00737283
0.0499015,0.00737283
0.0505001,0.00737283
0.0510987,0.00737283
0.0516973,0.00734532
0.052296,0.00731781
0.0528946,0.0072903
0.0534933,0.00726278
0.054092,0.00723527
0.0546908,0.00720775
0.0552895,0.00718024
0.0558883,0.00715272
0.0564871,0.0071252
0.0570859,0.00709768
0.0576848,0.00707016
0.0582836,0.00704264
0.0588825,0.00701512
0.0594814,0.00698759
0.0600803,0.00696007
0.0606793,0.00693254
0.0612782,0.00690502
0.0618772,0.00687749
0.0624762,0.00684996
0.0630753,0.00682243
0.0636743,0.0067949
0.0642734,0.00676737
0.0648725,0.00673984
0.0654716,0.00671231
0.0660707,0.00668477
0.0666698,0.00665724
0.067269,0.0066297
0.0678682,0.00660217
0.0684674,0.00657463
0.0690667,0.00654709
0.0696659,0.00651955
0.0702652,0.00649201
0.0708645,0.00646447
0.0714638,0.00643693
0.0720631,0.00640938
0.0726625,0.00638184
0.0732618,0.0063543
0.0738612,0.00632675
0.0744606,0.0062992
0.0750601,0.00627166
0.0756595,0.00624411
0.076259,0.00621656
0.0768585,0.00618901
0.077458,0.00616146
0.0780575,0.0061339
0.0786571,0.00610635
0.0792566,0.0060788
0.0798562,0.00605124
0.0804558,0.00602369
0.0810555,0.00599613
0.0816551,0.00596857
0.0822548,0.00594101
0.0828545,0.00591345
0.0834542,0.00588589
0.0840539,0.00585833
0.0846536,0.00583077
0.0852534,0.00580321
0.0858532,0.00577564
0.086453,0.00565976
0.0870528,0.00554388
0.0876526,0.00542799
0.0882525,0.0053121
0.0888524,0.0051962
0.0894522,0.0050803
0.0900522,0.0049644
0.0906521,0.00484849
0.091252,0.00473258
0.091852,0.00461667
0.092452,0.00450075
0.093052,0.00438483
0.093652,0.0042689
0.0942521,0.00415298
0.0948521,0.00403704
0.0954522,0.00392111
0.0960523,0.00380517
0.0966524,0.00368923
0.0972526,0.00360086
0.0978527,0.00351249
0.0984529,0.00342412
0.0990531,0.00333575
0.0996533,0.00324737
0.100253,0.00315899
0.100854,0.00307061
0.101454,0.00298223
0.102054,0.00289384
0.102655,0.00280545
0.103255,0.00271706
0.103855,0.00262866
0.104456,0.00254026
0.105056,0.00245186
0.105656,0.00236346
0.106257,0.00227505
0.106857,0.00218665
0.107458,0.00209824
0.108058,0.00200982
0.108659,0.00192141
0.109259,0.00183299
0.109859,0.00174457
0.11046,0.00174457
0.111061,0.00174457
0.111661,0.00174457
0.112262,0.00174457
0.112862,0.00174457
0.113463,0.00174457
0.114064,0.00174457
0.114664,0.00174457
0.115265,0.00174457
0.115866,0.00174457
0.116466,0.00174457
0.117067,0.00174457
0.117668,0.00174457
0.118268,0.00174457
0.118869,0.00174457
0.11947,0.00174457
0.120071,0.00174457
0.120672,0.00174457
0.121272,0.00174457
0.121873,0.00174457
0.122474,0.00174457
0.123075,0.00174457
0.123676,0.00174457
0.124277,0.00174457
0.124878,0.00174457
0.125479,0.00174457
0.12608,0.00174457
0.126681,0.00174457
0.127282,0.00174457
0.127883,0.00174457
0.128484,0.00174457
0.129085,0.00174457
0.129686,0.00174457
0.130287,0.00174457
0.130888,0.00174457
0.131489,0.00174457
0.13209,0.00174457
0.132691,0.00174457
0.133292,0.00174457
0.133893,0.00174457
0.134495,0.00174457
0.135096,0.00174457
0.135697,0.00174457
0.136298,0.00174457
0.1369,0.00174457
0.137501,0.00174457
0.138102,0.00174457
0.138703,0.00174457
0.139305,0.00174457
0.139906,0.00174457
0.140507,0.00174457
0.141109,0.00174457
0.14171,0.00174457
0.142311,0.00174457
0.142913,0.00174457
0.143514,0.00174457
0.144116,0.00174457
0.144717,0.00174457
0.145318,0.00174457
0.14592,0.00174457
0.146521,0.00174457
0.147123,0.00174457
0.147724,0.00174457
0.148326,0.00174457
0.148927,0.00174457
0.149529,0.00174457
0.150131,0.00174457
0.150732,0.00174457
0.151334,0.00174457
0.151935,0.00174457
0.152537,0.00174457
0.153139,0.00174457
0.15374,0.00174457
0.154342,0.00174457
0.154944,0.00174457
0.155545,0.00174457
0.156147,0.00174457
0.156749,0.00174457
0.157351,0.00174457
0.157952,0.00174457
0.158554,0.00174457
0.159156,0.00174457
0.159758,0.00174457
0.160359,0.00174457
0.160961,0.00174457
0.161563,0.00174457
0.162165,0.00174457
0.162767,0.00174457
0.163369,0.00174457
0.163971,0.00174457
0.164572,0.00174457
0.165174,0.00174457
0.165776,0.00174457
0.166378,0.00174457
0.16698,0.00174457
0.167582,0.00174457
0.168184,0.00174457
0.168786,0.00174457
0.169388,0.00174457
0.16999,0.00174457
0.170592,0.00174457
0.171194,0.00174457
0.171796,0.00174457
0.172398,0.00174457
0.173,0.00174457
0.173602,0.00174457
0.174205,0.00174457
0.174807,0.00174457
0.175409,0.00174457
0.176011,0.00174457
0.176613,0.00175319
0.177215,0.00176181
0.177817,0.00177044
0.17842,0.00177906
0.179022,0.00178768
0.179624,0.00179631
0.180226,0.00180493
0.180829,0.00181355
0.181431,0.00182218
0.182033,0.0018308
0.182635,0.00183943
0.183238,0.00184805
0.18384,0.00185668
0.184442,0.0018653
0.185045,0.00187393
0.185647,0.00188255
0.186249,0.00189118
0.186852,0.0018998
0.187454,0.00190843
0.188056,0.00191706
0.188659,0.00192568
0.189261,0.00193431
0.189864,0.00194294
0.190466,0.00195156
0.191069,0.00196019
0.191671,0.00196882
0.192273,0.00197744
0.192876,0.00198607
0.193478,0.0019947
0.194081,0.00200333
0.194683,0.00201195
0.195286,0.00202058
0.195888,0.00202921
0.196491,0.00203784
0.197094,0.00204647
0.197696,0.0020551
0.198299,0.00206372
0.198901,0.00207235
0.199504,0.00208098
0.200107,0.00208961
0.200709,0.00209824
0.201312,0.00210687
0.201914,0.0021155
0.202517,0.00212413
0.20312,0.00213276
0.203722,0.00214139
0.204325,0.00215002
0.204928,0.00215865
0.20553,0.00216728
0.206133,0.00217591
0.206736,0.00218454
0.207339,0.00219317
0.207941,0.00220181
0.208544,0.00221044
0.209147,0.00221907
0.20975,0.0022277
0.210352,0.00223633
0.210955,0.00224496
0.211558,0.0022536
0.212161,0.00226223
0.212764,0.00227086
0.213367,0.00227949
0.213969,0.00228813
0.214572,0.00229676
0.215175,0.00230539
0.215778,0.00231402
0.216381,0.00232266
0.216984,0.00233129
0.217587,0.00233992
0.21819,0.00234856
0.218793,0.00235719
0.219395,0.00236583
0.219998,0.00237446
0.220601,0.00238309
0.221204,0.00239173
0.221807,0.00240036
0.22241,0.002409
0.223013,0.00241763
0.223616,0.00242627
0.224219,0.0024349
0.224822,0.00244354
0.225425,0.00245217
0.226028,0.00246081
0.226631,0.00246944
0.227234,0.00247808
0.227837,0.00248671
0.228441,0.00249535
0.229044,0.00250399
0.229647,0.00251262
0.23025,0.00252126
0.230853,0.00252989
0.231456,0.00253853
0.232059,0.00254717
0.232662,0.0025558
0.233265,0.00256444
0.233868,0.00257308
0.234472,0.00258171
0.235075,0.00259035
0.235678,0.00259899
0.236281,0.00260763
0.236884,0.00261626
0.237488,0.0026249
0.238091,0.00263354
0.238694,0.00264218
0.239297,0.00265081
0.2399,0.00265945
0.240504,0.00266809
0.241107,0.00267673
0.24171,0.00268537
0.242313,0.00269401
0.242917,0.00270264
0.24352,0.00271128
0.244123,0.00271992
0.244726,0.00272856
0.24533,0.0027372
0.245933,0.00274584
0.246536,0.00275448
0.24714,0.00276312
0.247743,0.00277176
0.248346,0.0027804
0.24895,0.00278904
0.249553,0.00279768
0.250156,0.00280632
0.25076,0.00281496
0.251363,0.0028236
0.251966,0.00283224
0.25257,0.00284088
0.253173,0.00284952
0.253777,0.00285816
0.25438,0.0028668
0.254983,0.00287544
0.255587,0.00288408
0.25619,0.00289272
0.256794,0.00290136
0.257397,0.00291
0.258,0.00291864
0.258604,0.00292728
0.259207,0.00293593
0.259811,0.00294457
0.260414,0.00295321
0.261018,0.00296185
0.261621,0.00297049
0.262225,0.00297913
0.262828,0.00298778
0.263432,0.00299642
0.264035,0.00300506
0.264639,0.0030137
0.265242,0.00302234
0.265846,0.00303099
0.266449,0.00303963
0.267053,0.00304827
0.267656,0.00305691
0.26826,0.00306556
0.268863,0.0030742
0.269467,0.00308284
0.270071,0.00309149
0.270674,0.00310013
0.271278,0.00310877
0.271881,0.00311741
0.272485,0.00312606
0.273088,0.0031347
0.273692,0.00314334
0.274296,0.00315199
0.274899,0.00316063
0.275503,0.00316927
0.276106,0.00317792
0.27671,0.00318656
0.277314,0.00319521
0.277917,0.00320385
0.278521,0.00321249
0.279125,0.00322114
0.279728,0.00322978
0.280332,0.00323843
0.280935,0.00324707
0.281539,0.00325571
0.282143,0.00326436
0.282746,0.003273
0.28335,0.00328165
0.283954,0.00329029
0.284557,0.00329894
0.285161,0.00330758
0.285765,0.00331623
0.286369,0.00332487
0.286972,0.00333352
0.287576,0.00334216
0.28818,0.00335081
0.288783,0.00335945
0.289387,0.0033681
0.289991,0.00337674
0.290595,0.00338539
0.291198,0.00339403
0.291802,0.00340268
0.292406,0.00341132
0.293009,0.00341997
0.293613,0.00342861
0.294217,0.00343726
0.294821,0.00344591
0.295424,0.00345455
0.296028,0.0034632
0.296632,0.00347184
0.297236,0.00348049
0.29784,0.00348913
0.298443,0.00349778
0.299047,0.00350643
0.299651,0.00351507
0.300255,0.00352372
0.300858,0.00353237
0.301462,0.00354101
0.302066,0.00354966
0.30267,0.0035583
0.303274,0.00356695
0.303877,0.0035756
0.304481,0.00358424
0.305085,0.00359289
0.305689,0.00360154
0.306293,0.00361018
0.306897,0.00361883
0.3075,0.00362748
0.308104,0.00363612
0.308708,0.00364477
0.309312,0.00365342
0.309916,0.00366206
0.310519,0.00367071
0.311123,0.00367936
0.311727,0.003688
0.312331,0.00369665
0.312935,0.0037053
0.313539,0.00371395
0.314143,0.00372259
0.314746,0.00373124
0.31535,0.00373989
0.315954,0.00374853
0.316558,0.00375718
0.317162,0.00376583
0.317766,0.00377448
0.31837,0.00378312
0.318973,0.00379177
0.319577,0.00380042
0.320181,0.00380907
0.320785,0.00381771
0.321389,0.00382636
0.321993,0.00383501
0.322597,0.00384366
0.323201,0.0038523
0.323804,0.00386095
0.324408,0.0038696
0.325012,0.00387825
0.325616,0.00388689
0.32622,0.00389554
0.326824,0.00390419
0.327428,0.00391284
0.328032,0.00392148
0.328636,0.00393013
0.32924,0.00393878
0.329843,0.00394743
0.330447,0.00395608
0.331051,0.00396472
0.331655,0.00397337
0.332259,0.00398202
0.332863,0.00399067
0.333467,0.00399931
0.334071,0.00400796
0.334675,0.00401661
0.335279,0.00402526
0.335882,0.00403391
0.336486,0.00404255
0.33709,0.0040512
0.337694,0.00405985
0.338298,0.0040685
0.338902,0.00407715
0.339506,0.00408579
0.34011,0.00409444
0.340714,0.00410309
0.341318,0.00411174
0.341922,0.00412039
0.342526,0.00412903
0.343129,0.00413768
0.343733,0.00414633
0.344337,0.00415498
0.344941,0.00416363
0.345545,0.00417227
0.346149,0.00418092
0.346753,0.00418957
0.347368,0.00419822
0.348006,0.00420719
0.348667,0.00421649
0.349353,0.00422613
0.350063,0.00423612
0.3508,0.00424648
0.351562,0.00425721
0.352352,0.00426832
0.353169,0.00427982
0.354015,0.00429173
0.35489,0.00430405
0.355796,0.0043168
0.356732,0.00432998
0.357699,0.00434361
0.358699,0.00435769
0.359732,0.00437224
0.360798,0.00438726
0.361898,0.00440277
0.363034,0.00441878
0.364204,0.00443529
0.365412,0.00445231
0.366655,0.00446986
0.367937,0.00448794
0.369256,0.00450655
0.370613,0.00452571
0.372009,0.00454542
0.373444,0.00456569
0.374919,0.00458653
0.376433,0.00460793
0.377988,0.0046299
0.379582,0.00465245
0.381217,0.00467557
0.382893,0.00469927
0.384608,0.00472355
0.386364,0.00474841
0.38816,0.00477384
0.389996,0.00479985
0.391871,0.00482642
0.393786,0.00485356
0.395739,0.00488125
0.397729,0.00490949
0.399757,0.00493826
0.401822,0.00496757
0.403922,0.00499739
0.406057,0.00502772
0.408225,0.00505853
0.410425,0.00508981
0.412657,0.00512155
0.414918,0.00515372
0.417208,0.00518632
0.419524,0.0052193
0.421866,0.00525266
0.424231,0.00528636
0.426618,0.00532039
0.429024,0.00535472
0.431449,0.00538932
0.43389,0.00542416
0.436344,0.00545922
0.438811,0.00549446
0.441287,0.00552986
0.443771,0.00556538
0.44626,0.005601
0.448753,0.00563668
0.451247,0.00567239
-0.000298318,0.0078242
0.000298318,0.0078242
0.000894966,0.0078242
0.00149164,0.0078242
0.00208834,0.0078242
0.00268506,0.0078242
0.00328181,0.0078242
0.00387858,0.0078242
0.00447538,0.0078242
0.0050722,0.0078242
0.00566905,0.0078242
0.00626592,0.0078242
0.00686282,0.0078242
0.00745974,0.0078242
0.00805669,0.0078242
0.00865366,0.0078242
0.00925066,0.0078242
0.00984768,0.0078242
0.0104447,0.0078242
0.0110418,0.0078242
0.0116389,0.0078242
0.012236,0.0078242
0.0128331,0.0078242
0.0134303,0.0078242
0.0140275,0.0078242
0.0146247,0.0078242
0.0152219,0.0078242
0.0158192,0.0078242
0.0164165,0.0078242
0.0170138,0.0078242
0.0176111,0.0078242
0.0182085,0.0078242
0.0188059,0.0078242
0.0194033,0.0078242
0.0200007,0.0078242
0.0205982,0.0078242
0.0211956,0.0078242
0.0217931,0.0078242
0.0223907,0.0078242
0.0229882,0.0078242
0.0235858,0.0078242
0.0241834,0.0078242
0.024781,0.0078242
0.0253786,0.0078242
0.0259763,0.0078242
0.026574,0.0078242
0.0271717,0.0078242
0.0277694,0.0078242
0.0283672,0.0078242
0.028965,0.0078242
0.0295628,0.0078242
0.0301606,0.0078242
0.0307585,0.0078242
0.0313563,0.0078242
0.0319542,0.0078242
0.0325521,0.0078242
0.0331501,0.0078242
0.033748,0.0078242
0.034346,0.0078242
0.034944,0.0078242
0.0355421,0.0078242
0.0361401,0.0078242
0.0367382,0.0078242
0.0373363,0.0078242
0.0379344,0.0078242
0.0385326,0.0078242
0.0391307,0.0078242
0.0397289,0.0078242
0.0403271,0.0078242
0.0409254,0.0078242
0.0415236,0.0078242
0.0421219,0.0078242
0.0427202,0.0078242
0.0433185,0.0078242
0.0439169,0.0078242
0.0445152,0.0078242
0.0451136,0.0078242
0.045712,0.0078242
0.0463105,0.0078242
0.0469089,0.0078242
0.0475074,0.0078242
0.0481059,0.0078242
0.0487044,0.0078242
0.0493029,0.0078242
0.0499015,0.0078242
0.0505001,0.0078242
0.0510987,0.0078242
0.0516973,0.00779301
0.052296,0.00776182
0.0528946,0.00773062
0.0534933,0.00769943
0.054092,0.00766823
0.0546908,0.00763703
0.0552895,0.00760584
0.0558883,0.00757464
0.0564871,0.00754343
0.0570859,0.00751223
0.0576848,0.00748103
0.0582836,0.00744982
0.0588825,0.00741862
0.0594814,0.00738741
0.0600803,0.0073562
0.0606793,0.007325
0.0612782,0.00729379
0.0618772,0.00726257
0.0624762,0.00723136
0.0630753,0.00720015
0.0636743,0.00716893
0.0642734,0.00713772
0.0648725,0.0071065
0.0654716,0.00707529
0.0660707,0.00704407
0.0666698,0.00701285
0.067269,0.00698163
0.0678682,0.00695041
0.0684674,0.00691918
0.0690667,0.00688796
0.0696659,0.00685673
0.0702652,0.00682551
0.0708645,0.00679428
0.0714638,0.00676305
0.0720631,0.00673182
0.0726625,0.00670059
0.0732618,0.00666936
0.0738612,0.00663813
0.0744606,0.0066069
0.0750601,0.00657566
0.0756595,0.00654443
0.076259,0.00651319
0.0768585,0.00648195
0.077458,0.00645072
0.0780575,0.00641948
0.0786571,0.00638824
0.0792566,0.00635699
0.0798562,0.00632575
0.0804558,0.00629451
0.0810555,0.00626326
0.0816551,0.00623202
0.0822548,0.00620077
0.0828545,0.00616952
0.0834542,0.00613828
0.0840539,0.00610703
0.0846536,0.00607578
0.0852534,0.00604452
0.0858532,0.00601327
0.086453,0.00589526
0.0870528,0.00577724
0.0876526,0.00565922
0.0882525,0.00554119
0.0888524,0.00542316
0.0894522,0.00530513
0.0900522,0.00518709
0.0906521,0.00506905
0.091252,0.00495101
0.091852,0.00483296
0.092452,0.00471491
0.093052,0.00459685
0.093652,0.00447879
0.0942521,0.00436073
0.0948521,0.00424267
0.0954522,0.0041246
0.0960523,0.00400652
0.0966524,0.00388845
0.0972526,0.00380164
0.0978527,0.00371482
0.0984529,0.00362801
0.0990531,0.00354119
0.0996533,0.00345437
0.100253,0.00336755
0.100854,0.00328072
0.101454,0.0031939
0.102054,0.00310707
0.102655,0.00302023
0.103255,0.0029334
0.103855,0.00284656
0.104456,0.00275972
0.105056,0.00267287
0.105656,0.00258603
0.106257,0.00249918
0.106857,0.00241233
0.107458,0.00232548
0.108058,0.00223862
0.108659,0.00215176
0.109259,0.0020649
0.109859,0.00197804
0.11046,0.00197804
0.111061,0.00197804
0.111661,0.00197804
0.112262,0.00197804
0.112862,0.00197804
0.113463,0.00197804
0.114064,0.00197804
0.114664,0.00197804
0.115265,0.00197804
0.115866,0.00197804
0.116466,0.00197804
0.117067,0.00197804
0.117668,0.00197804
0.118268,0.00197804
0.118869,0.00197804
0.11947,0.00197804
0.120071,0.00197804
0.120672,0.00197804
0.121272,0.00197804
0.121873,0.00197804
0.122474,0.00197804
0.123075,0.00197804
0.123676,0.00197804
0.124277,0.00197804
0.124878,0.00197804
0.125479,0.00197804
0.12608,0.00197804
0.126681,0.00197804
0.127282,0.00197804
0.127883,0.00197804
0.128484,0.00197804
0.129085,0.00197804
0.129686,0.00197804
0.130287,0.00197804
0.130888,0.00197804
0.131489,0.00197804
0.13209,0.00197804
0.132691,0.00197804
0.133292,0.00197804
0.133893,0.00197804
0.134495,0.00197804
0.135096,0.00197804
0.135697,0.00197804
0.136298,0.00197804
0.1369,0.00197804
0.137501,0.00197804
0.138102,0.00197804
0.138703,0.00197804
0.139305,0.00197804
0.139906,0.00197804
0.140507,0.00197804
0.141109,0.00197804
0.14171,0.00197804
0.142311,0.00197804
0.142913,0.00197804
0.143514,0.00197804
0.144116,0.00197804
0.144717,0.00197804
0.145318,0.00197804
0.14592,0.00197804
0.146521,0.00197804
0.147123,0.00197804
0.147724,0.00197804
0.148326,0.00197804
0.148927,0.00197804
0.149529,0.00197804
0.150131,0.00197804
0.150732,0.00197804
0.151334,0.00197804
0.151935,0.00197804
0.152537,0.00197804
0.153139,0.00197804
0.15374,0.00197804
0.154342,0.00197804
0.154944,0.00197804
0.155545,0.00197804
0.156147,0.00197804
0.156749,0.00197804
0.157351,0.00197804
0.157952,0.00197804
0.158554,0.00197804
0.159156,0.00197804
0.159758,0.00197804
0.160359,0.00197804
0.160961,0.00197804
0.161563,0.00197804
0.162165,0.00197804
0.162767,0.00197804
0.163369,0.00197804
0.163971,0.00197804
0.164572,0.00197804
0.165174,0.00197804
0.165776,0.00197804
0.166378,0.00197804
0.16698,0.00197804
0.167582,0.00197804
0.168184,0.00197804
0.168786,0.00197804
0.169388,0.00197804
0.16999,0.00197804
0.170592,0.00197804
0.171194,0.00197804
0.171796,0.00197804
0.172398,0.00197804
0.173,0.00197804
0.173602,0.00197804
0.174205,0.00197804
0.174807,0.00197804
0.175409,0.00197804
0.176011,0.00197804
0.176613,0.00198781
0.177215,0.00199759
0.177817,0.00200737
0.17842,0.00201715
0.179022,0.00202692
0.179624,0.0020367
0.180226,0.00204648
0.180829,0.00205626
0.181431,0.00206603
0.182033,0.00207581
0.182635,0.00208559
0.183238,0.00209537
0.18384,0.00210515
0.184442,0.00211493
0.185045,0.00212471
0.185647,0.00213449
0.186249,0.00214427
0.186852,0.00215405
0.187454,0.00216383
0.188056,0.00217361
0.188659,0.00218339
0.189261,0.00219317
0.189864,0.00220295
0.190466,0.00221273
0.191069,0.00222251
0.191671,0.0022323
0.192273,0.00224208
0.192876,0.00225186
0.193478,0.00226164
0.194081,0.00227142
0.194683,0.00228121
0.195286,0.00229099
0.195888,0.00230077
0.196491,0.00231055
0.197094,0.00232034
0.197696,0.00233012
0.198299,0.00233991
0.198901,0.00234969
0.199504,0.00235947
0.200107,0.00236926
0.200709,0.00237904
0.201312,0.00238883
0.201914,0.00239861
0.202517,0.00240839
0.20312,0.00241818
0.203722,0.00242796
0.204325,0.00243775
0.204928,0.00244754
0.20553,0.00245732
0.206133,0.00246711
0.206736,0.00247689
0.207339,0.00248668
0.207941,0.00249647
0.208544,0.00250625
0.209147,0.00251604
0.20975,0.00252583
0.210352,0.00253561
0.210955,0.0025454
0.211558,0.00255519
0.212161,0.00256497
0.212764,0.00257476
0.213367,0.00258455
0.213969,0.00259434
0.214572,0.00260413
0.215175,0.00261391
0.215778,0.0026237
0.216381,0.00263349
0.216984,0.00264328
0.217587,0.00265307
0.21819,0.00266286
0.218793,0.00267265
0.219395,0.00268244
0.219998,0.00269223
0.220601,0.00270201
0.221204,0.0027118
0.221807,0.00272159
0.22241,0.00273138
0.223013,0.00274117
0.223616,0.00275097
0.224219,0.00276076
0.224822,0.00277055
0.225425,0.00278034
0.226028,0.00279013
0.226631,0.00279992
0.227234,0.00280971
0.227837,0.0028195
0.228441,0.00282929
0.229044,0.00283908
0.229647,0.00284888
0.23025,0.00285867
0.230853,0.00286846
0.231456,0.00287825
0.232059,0.00288805
0.232662,0.00289784
0.233265,0.00290763
0.233868,0.00291742
0.234472,0.00292722
0.235075,0.00293701
0.235678,0.0029468
0.236281,0.0029566
0.236884,0.00296639
0.237488,0.00297618
0.238091,0.00298598
0.238694,0.00299577
0.239297,0.00300556
0.2399,0.00301536
0.240504,0.00302515
0.241107,0.00303495
0.24171,0.00304474
0.242313,0.00305454
0.242917,0.00306433
0.24352,0.00307412
0.244123,0.00308392
0.244726,0.00309371
0.24533,0.00310351
0.245933,0.00311331
0.246536,0.0031231
0.24714,0.0031329
0.247743,0.00314269
0.248346,0.00315249
0.24895,0.00316228
0.249553,0.00317208
0.250156,0.00318188
0.25076,0.00319167
0.251363,0.00320147
0.251966,0.00321126
0.25257,0.00322106
0.253173,0.00323086
0.253777,0.00324065
0.25438,0.00325045
0.254983,0.00326025
0.255587,0.00327005
0.25619,0.00327984
0.256794,0.00328964
0.257397,0.00329944
0.258,0.00330924
0.258604,0.00331903
0.259207,0.00332883
0.259811,0.00333863
0.260414,0.00334843
0.261018,0.00335822
0.261621,0.00336802
0.262225,0.00337782
0.262828,0.00338762
0.263432,0.00339742
0.264035,0.00340722
0.264639,0.00341702
0.265242,0.00342681
0.265846,0.00343661
0.266449,0.00344641
0.267053,0.00345621
0.267656,0.00346601
0.26826,0.00347581
0.268863,0.00348561
0.269467,0.00349541
0.270071,0.00350521
0.270674,0.00351501
0.271278,0.00352481
0.271881,0.00353461
0.272485,0.00354441
0.273088,0.00355421
0.273692,0.00356401
0.274296,0.00357381
0.274899,0.00358361
0.275503,0.00359341
0.276106,0.00360321
0.27671,0.00361301
0.277314,0.00362281
0.277917,0.00363261
0.278521,0.00364241
0.279125,0.00365221
0.279728,0.00366201
0.280332,0.00367181
0.280935,0.00368161
0.281539,0.00369142
0.282143,0.00370122
0.282746,0.00371102
0.28335,0.00372082
0.283954,0.00373062
0.284557,0.00374042
0.285161,0.00375022
0.285765,0.00376003
0.286369,0.00376983
0.286972,0.00377963
0.287576,0.00378943
0.28818,0.00379923
0.288783,0.00380904
0.289387,0.00381884
0.289991,0.00382864
0.290595,0.00383844
0.291198,0.00384824
0.291802,0.00385805
0.292406,0.00386785
0.293009,0.00387765
0.293613,0.00388745
0.294217,0.00389726
0.294821,0.00390706
0.295424,0.00391686
0.296028,0.00392667
0.296632,0.00393647
0.297236,0.00394627
0.29784,0.00395607
0.298443,0.00396588
0.299047,0.00397568
0.299651,0.00398548
0.300255,0.00399529
0.300858,0.00400509
0.301462,0.00401489
0.302066,0.0040247
0.30267,0.0040345
0.303274,0.0040443
0.303877,0.00405411
0.304481,0.00406391
0.305085,0.00407371
0.305689,0.00408352
0.306293,0.00409332
0.306897,0.00410313
0.3075,0.00411293
0.308104,0.00412273
0.308708,0.00413254
0.309312,0.00414234
0.309916,0.00415215
0.310519,0.00416195
0.311123,0.00417175
0.311727,0.00418156
0.312331,0.00419136
0.312935,0.00420117
0.313539,0.00421097
0.314143,0.00422077
0.314746,0.00423058
0.31535,0.00424038
0.315954,0.00425019
0.316558,0.00425999
0.317162,0.0042698
0.317766,0.0042796
0.31837,0.00428941
0.318973,0.00429921
0.319577,0.00430902
0.320181,0.00431882
0.320785,0.00432862
0.321389,0.00433843
0.321993,0.00434823
0.322597,0.00435804
0.323201,0.00436784
0.323804,0.00437765
0.324408,0.00438745
0.325012,0.00439726
0.325616,0.00440706
0.32622,0.00441687
0.326824,0.00442667
0.327428,0.00443648
0.328032,0.00444628
0.328636,0.00445609
0.32924,0.00446589
0.329843,0.0044757
0.330447,0.0044855
0.331051,0.00449531
0.331655,0.00450511
0.332259,0.00451492
0.332863,0.00452472
0.333467,0.00453453
0.334071,0.00454433
0.334675,0.00455414
0.335279,0.00456395
0.335882,0.00457375
0.336486,0.00458356
0.33709,0.00459336
0.337694,0.00460317
0.338298,0.00461297
0.338902,0.00462278
0.339506,0.00463258
0.34011,0.00464239
0.340714,0.00465219
0.341318,0.004662
0.341922,0.0046718
0.342526,0.00468161
0.343129,0.00469141
0.343733,0.00470122
0.344337,0.00471103
0.344941,0.00472083
0.345545,0.00473064
0.346149,0.00474044
0.346753,0.00475025
0.347368,0.00476005
0.348006,0.00477022
0.348667,0.00478077
0.349353,0.0047917
0.350063,0.00480303
0.3508,0.00481477
0.351562,0.00482694
0.352352,0.00483953
0.353169,0.00485258
0.354015,0.00486608
0.35489,0.00488005
0.355796,0.0048945
0.356732,0.00490944
0.357699,0.00492489
0.358699,0.00494086
0.359732,0.00495736
0.360798,0.00497439
0.361898,0.00499198
0.363034,0.00501013
0.364204,0.00502885
0.365412,0.00504815
0.366655,0.00506805
0.367937,0.00508854
0.369256,0.00510965
0.370613,0.00513137
0.372009,0.00515372
0.373444,0.00517671
0.374919,0.00520033
0.376433,0.00522459
0.377988,0.0052495
0.379582,0.00527507
0.381217,0.00530129
0.382893,0.00532816
0.384608,0.00535569
0.386364,0.00538388
0.38816,0.00541271
0.389996,0.0054422
0.391871,0.00547233
0.393786,0.00550309
0.395739,0.00553449
0.397729,0.00556651
0.399757,0.00559914
0.401822,0.00563236
0.403922,0.00566618
0.406057,0.00570056
0.408225,0.00573549
0.410425,0.00577096
0.412657,0.00580695
0.414918,0.00584343
0.417208,0.00588038
0.419524,0.00591778
0.421866,0.0059556
0.424231,0.00599382
0.426618,0.0060324
0.429024,0.00607132
0.431449,0.00611055
0.43389,0.00615006
0.436344,0.0061898
0.438811,0.00622976
0.441287,0.0062699
0.443771,0.00631017
0.44626,0.00635056
0.448753,0.00639101
0.451247,0.0064315
-0.000298318,0.00827593
0.000298318,0.00827593
0.000894966,0.00827593
0.00149164,0.00827593
0.00208834,0.00827593
0.00268506,0.00827593
0.00328181,0.00827593
0.00387858,0.00827593
0.00447538,0.00827593
0.0050722,0.00827593
0.00566905,0.00827593
0.00626592,0.00827593
0.00686282,0.00827593
0.00745974,0.00827593
0.00805669,0.00827593
0.00865366,0.00827593
0.00925066,0.00827593
0.00984768,0.00827593
0.0104447,0.00827593
0.0110418,0.00827593
0.0116389,0.00827593
0.012236,0.00827593
0.0128331,0.00827593
0.0134303,0.00827593
0.0140275,0.00827593
0.0146247,0.00827593
0.0152219,0.00827593
0.0158192,0.00827593
0.0164165,0.00827593
0.0170138,0.00827593
0.0176111,0.00827593
0.0182085,0.00827593
0.0188059,0.00827593
0.0194033,0.00827593
0.0200007,0.00827593
0.0205982,0.00827593
0.0211956,0.00827593
0.0217931,0.00827593
0.0223907,0.00827593
0.0229882,0.00827593
0.0235858,0.00827593
0.0241834,0.00827593
0.024781,0.00827593
0.0253786,0.00827593
0.0259763,0.00827593
0.026574,0.00827593
0.0271717,0.00827593
0.0277694,0.00827593
0.0283672,0.00827593
0.028965,0.00827593
0.0295628,0.00827593
0.0301606,0.00827593
0.0307585,0.00827593
0.0313563,0.00827593
0.0319542,0.00827593
0.0325521,0.00827593
0.0331501,0.00827593
0.033748,0.00827593
0.034346,0.00827593
0.034944,0.00827593
0.0355421,0.00827593
0.0361401,0.00827593
0.0367382,0.00827593
0.0373363,0.00827593
0.0379344,0.00827593
0.0385326,0.00827593
0.0391307,0.00827593
0.0397289,0.00827593
0.0403271,0.00827593
0.0409254,0.00827593
0.0415236,0.00827593
0.0421219,0.00827593
0.0427202,0.00827593
0.0433185,0.00827593
0.0439169,0.00827593
0.0445152,0.00827593
0.0451136,0.00827593
0.045712,0.00827593
0.0463105,0.00827593
0.0469089,0.00827593
0.0475074,0.00827593
0.0481059,0.00827593
0.0487044,0.00827593
0.0493029,0.00827593
0.0499015,0.00827593
0.0505001,0.00827593
0.0510987,0.00827593
0.0516973,0.00824105
0.052296,0.00820617
0.0528946,0.00817129
0.0534933,0.00813641
0.054092,0.00810153
0.0546908,0.00806665
0.0552895,0.00803176
0.0558883,0.00799688
0.0564871,0.00796199
0.0570859,0.0079271
0.0576848,0.00789221
0.0582836,0.00785732
0.0588825,0.00782243
0.0594814,0.00778754
0.0600803,0.00775265
0.0606793,0.00771775
0.0612782,0.00768285
0.0618772,0.00764796
0.0624762,0.00761306
0.0630753,0.00757816
0.0636743,0.00754326
0.0642734,0.00750835
0.0648725,0.00747345
0.0654716,0.00743854
0.0660707,0.00740364
0.0666698,0.00736873
0.067269,0.00733382
0.0678682,0.00729891
0.0684674,0.007264
0.0690667,0.00722909
0.0696659,0.00719418
0.0702652,0.00715926
0.0708645,0.00712435
0.0714638,0.00708943
0.0720631,0.00705451
0.0726625,0.00701959
0.0732618,0.00698467
0.0738612,0.00694975
0.0744606,0.00691483
0.0750601,0.00687991
0.0756595,0.00684498
0.076259,0.00681005
0.0768585,0.00677513
0.077458,0.0067402
0.0780575,0.00670527
0.0786571,0.00667034
0.0792566,0.00663541
0.0798562,0.00660047
0.0804558,0.00656554
0.0810555,0.00653061
0.0816551,0.00649567
0.0822548,0.00646073
0.0828545,0.00642579
0.0834542,0.00639085
0.0840539,0.00635591
0.0846536,0.00632097
0.0852534,0.00628603
0.0858532,0.00625108
0.086453,0.00613093
0.0870528,0.00601078
0.0876526,0.00589062
0.0882525,0.00577046
0.0888524,0.0056503
0.0894522,0.00553013
0.0900522,0.00540996
0.0906521,0.00528978
0.091252,0.0051696
0.091852,0.00504942
0.092452,0.00492923
0.093052,0.00480904
0.093652,0.00468885
0.0942521,0.00456865
0.0948521,0.00444845
0.0954522,0.00432824
0.0960523,0.00420803
0.0966524,0.00408782
0.0972526,0.00400257
0.0978527,0.00391731
0.0984529,0.00383205
0.0990531,0.00374679
0.0996533,0.00366153
0.100253,0.00357627
0.100854,0.003491
0.101454,0.00340573
0.102054,0.00332046
0.102655,0.00323518
0.103255,0.0031499
0.103855,0.00306462
0.104456,0.00297934
0.105056,0.00289406
0.105656,0.00280877
0.106257,0.00272348
0.106857,0.00263819
0.107458,0.00255289
0.108058,0.00246759
0.108659,0.00238229
0.109259,0.00229699
0.109859,0.00221169
0.11046,0.00221169
0.111061,0.00221169
0.111661,0.00221169
0.112262,0.00221169
0.112862,0.00221169
0.113463,0.00221169
0.114064,0.00221169
0.114664,0.00221169
0.115265,0.00221169
0.115866,0.00221169
0.116466,0.00221169
0.117067,0.00221169
0.117668,0.00221169
0.118268,0.00221169
0.118869,0.00221169
0.11947,0.00221169
0.120071,0.00221169
0.120672,0.00221169
0.121272,0.00221169
0.121873,0.00221169
0.122474,0.00221169
0.123075,0.00221169
0.123676,0.00221169
0.124277,0.00221169
0.124878,0.00221169
0.125479,0.00221169
0.12608,0.00221169
0.126681,0.00221169
0.127282,0.00221169
0.127883,0.00221169
0.128484,0.00221169
0.129085,0.00221169
0.129686,0.00221169
0.130287,0.00221169
0.130888,0.00221169
0.131489,0.00221169
0.13209,0.00221169
0.132691,0.00221169
0.133292,0.00221169
0.133893,0.00221169
0.134495,0.00221169
0.135096,0.00221169
0.135697,0.00221169
0.136298,0.00221169
0.1369,0.00221169
0.137501,0.00221169
0.138102,0.00221169
0.138703,0.00221169
0.139305,0.00221169
0.139906,0.00221169
0.140507,0.00221169
0.141109,0.00221169
0.14171,0.00221169
0.142311,0.00221169
0.142913,0.00221169
0.143514,0.00221169
0.144116,0.00221169
0.144717,0.00221169
0.145318,0.00221169
0.14592,0.00221169
0.146521,0.00221169
0.147123,0.00221169
0.147724,0.00221169
0.148326,0.00221169
0.148927,0.00221169
0.149529,0.00221169
0.150131,0.00221169
0.150732,0.00221169
0.151334,0.00221169
0.151935,0.00221169
0.152537,0.00221169
0.153139,0.00221169
0.15374,0.00221169
0.154342,0.00221169
0.154944,0.00221169
0.155545,0.00221169
0.156147,0.00221169
0.156749,0.00221169
0.157351,0.00221169
0.157952,0.00221169
0.158554,0.00221169
0.159156,0.00221169
0.159758,0.00221169
0.160359,0.00221169
0.160961,0.00221169
0.161563,0.00221169
0.162165,0.00221169
0.162767,0.00221169
0.163369,0.00221169
0.163971,0.00221169
0.164572,0.00221169
0.165174,0.00221169
0.165776,0.00221169
0.166378,0.00221169
0.16698,0.00221169
0.167582,0.00221169
0.168184,0.00221169
0.168786,0.00221169
0.169388,0.00221169
0.16999,0.00221169
0.170592,0.00221169
0.171194,0.00221169
0.171796,0.00221169
0.172398,0.00221169
0.173,0.00221169
0.173602,0.00221169
0.174205,0.00221169
0.174807,0.00221169
0.175409,0.00221169
0.176011,0.00221169
0.176613,0.00222262
0.177215,0.00223355
0.177817,0.00224448
0.17842,0.00225541
0.179022,0.00226635
0.179624,0.00227728
0.180226,0.00228821
0.180829,0.00229915
0.181431,0.00231008
0.182033,0.00232101
0.182635,0.00233195
0.183238,0.00234288
0.18384,0.00235381
0.184442,0.00236475
0.185045,0.00237568
0.185647,0.00238662
0.186249,0.00239755
0.186852,0.00240849
0.187454,0.00241942
0.188056,0.00243036
0.188659,0.0024413
0.189261,0.00245223
0.189864,0.00246317
0.190466,0.00247411
0.191069,0.00248504
0.191671,0.00249598
0.192273,0.00250692
0.192876,0.00251785
0.193478,0.00252879
0.194081,0.00253973
0.194683,0.00255067
0.195286,0.00256161
0.195888,0.00257254
0.196491,0.00258348
0.197094,0.00259442
0.197696,0.00260536
0.198299,0.0026163
0.198901,0.00262724
0.199504,0.00263818
0.200107,0.00264912
0.200709,0.00266006
0.201312,0.002671
0.201914,0.00268194
0.202517,0.00269288
0.20312,0.00270382
0.203722,0.00271476
0.204325,0.0027257
0.204928,0.00273664
0.20553,0.00274758
0.206133,0.00275853
0.206736,0.00276947
0.207339,0.00278041
0.207941,0.00279135
0.208544,0.0028023
0.209147,0.00281324
0.20975,0.00282418
0.210352,0.00283512
0.210955,0.00284607
0.211558,0.00285701
0.212161,0.00286795
0.212764,0.0028789
0.213367,0.00288984
0.213969,0.00290079
0.214572,0.00291173
0.215175,0.00292267
0.215778,0.00293362
0.216381,0.00294456
0.216984,0.00295551
0.217587,0.00296645
0.21819,0.0029774
0.218793,0.00298834
0.219395,0.00299929
0.219998,0.00301024
0.220601,0.00302118
0.221204,0.00303213
0.221807,0.00304307
0.22241,0.00305402
0.223013,0.00306497
0.223616,0.00307591
0.224219,0.00308686
0.224822,0.00309781
0.225425,0.00310876
0.226028,0.0031197
0.226631,0.00313065
0.227234,0.0031416
0.227837,0.00315255
0.228441,0.00316349
0.229044,0.00317444
0.229647,0.00318539
0.23025,0.00319634
0.230853,0.00320729
0.231456,0.00321824
0.232059,0.00322919
0.232662,0.00324014
0.233265,0.00325109
0.233868,0.00326203
0.234472,0.00327298
0.235075,0.00328393
0.235678,0.00329488
0.236281,0.00330583
0.236884,0.00331678
0.237488,0.00332773
0.238091,0.00333869
0.238694,0.00334964
0.239297,0.00336059
0.2399,0.00337154
0.240504,0.00338249
0.241107,0.00339344
0.24171,0.00340439
0.242313,0.00341534
0.242917,0.00342629
0.24352,0.00343725
0.244123,0.0034482
0.244726,0.00345915
0.24533,0.0034701
0.245933,0.00348105
0.246536,0.00349201
0.24714,0.00350296
0.247743,0.00351391
0.248346,0.00352487
0.24895,0.00353582
0.249553,0.00354677
0.250156,0.00355772
0.25076,0.00356868
0.251363,0.00357963
0.251966,0.00359059
0.25257,0.00360154
0.253173,0.00361249
0.253777,0.00362345
0.25438,0.0036344
0.254983,0.00364536
0.255587,0.00365631
0.25619,0.00366726
0.256794,0.00367822
0.257397,0.00368917
0.258,0.00370013
0.258604,0.00371108
0.259207,0.00372204
0.259811,0.00373299
0.260414,0.00374395
0.261018,0.0037549
0.261621,0.00376586
0.262225,0.00377682
0.262828,0.00378777
0.263432,0.00379873
0.264035,0.00380968
0.264639,0.00382064
0.265242,0.0038316
0.265846,0.00384255
0.266449,0.00385351
0.267053,0.00386447
0.267656,0.00387542
0.26826,0.00388638
0.268863,0.00389734
0.269467,0.00390829
0.270071,0.00391925
0.270674,0.00393021
0.271278,0.00394116
0.271881,0.00395212
0.272485,0.00396308
0.273088,0.00397404
0.273692,0.00398499
0.274296,0.00399595
0.274899,0.00400691
0.275503,0.00401787
0.276106,0.00402883
0.27671,0.00403978
0.277314,0.00405074
0.277917,0.0040617
0.278521,0.00407266
0.279125,0.00408362
0.279728,0.00409458
0.280332,0.00410554
0.280935,0.00411649
0.281539,0.00412745
0.282143,0.00413841
0.282746,0.00414937
0.28335,0.00416033
0.283954,0.00417129
0.284557,0.00418225
0.285161,0.00419321
0.285765,0.00420417
0.286369,0.00421513
0.286972,0.00422609
0.287576,0.00423705
0.28818,0.00424801
0.288783,0.00425897
0.289387,0.00426993
0.289991,0.00428089
0.290595,0.00429185
0.291198,0.00430281
0.291802,0.00431377
0.292406,0.00432473
0.293009,0.00433569
0.293613,0.00434665
0.294217,0.00435761
0.294821,0.00436857
0.295424,0.00437953
0.296028,0.00439049
0.296632,0.00440145
0.297236,0.00441241
0.29784,0.00442337
0.298443,0.00443433
0.299047,0.0044453
0.299651,0.00445626
0.300255,0.00446722
0.300858,0.00447818
0.301462,0.00448914
0.302066,0.0045001
0.30267,0.00451106
0.303274,0.00452202
0.303877,0.00453299
0.304481,0.00454395
0.305085,0.00455491
0.305689,0.00456587
0.306293,0.00457683
0.306897,0.00458779
0.3075,0.00459876
0.308104,0.00460972
0.308708,0.00462068
0.309312,0.00463164
0.309916,0.0046426
0.310519,0.00465357
0.311123,0.00466453
0.311727,0.00467549
0.312331,0.00468645
0.312935,0.00469742
0.313539,0.00470838
0.314143,0.00471934
0.314746,0.0047303
0.31535,0.00474127
0.315954,0.00475223
0.316558,0.00476319
0.317162,0.00477415
0.317766,0.00478512
0.31837,0.00479608
0.318973,0.00480704
0.319577,0.004818
0.320181,0.00482897
0.320785,0.00483993
0.321389,0.00485089
0.321993,0.00486186
0.322597,0.00487282
0.323201,0.00488378
0.323804,0.00489474
0.324408,0.00490571
0.325012,0.00491667
0.325616,0.00492763
0.32622,0.0049386
0.326824,0.00494956
0.327428,0.00496052
0.328032,0.00497149
0.328636,0.00498245
0.32924,0.00499341
0.329843,0.00500438
0.330447,0.00501534
0.331051,0.0050263
0.331655,0.00503727
0.332259,0.00504823
0.332863,0.00505919
0.333467,0.00507016
0.334071,0.00508112
0.334675,0.00509208
0.335279,0.00510305
0.335882,0.00511401
0.336486,0.00512497
0.33709,0.00513594
0.337694,0.0051469
0.338298,0.00515786
0.338902,0.00516883
0.339506,0.00517979
0.34011,0.00519076
0.340714,0.00520172
0.341318,0.00521268
0.341922,0.00522365
0.342526,0.00523461
0.343129,0.00524557
0.343733,0.00525654
0.344337,0.0052675
0.344941,0.00527846
0.345545,0.00528943
0.346149,0.00530039
0.346753,0.00531135
0.347368,0.00532232
0.348006,0.00533369
0.348667,0.00534548
0.349353,0.0053577
0.350063,0.00537037
0.3508,0.0053835
0.351562,0.0053971
0.352352,0.00541119
0.353169,0.00542577
0.354015,0.00544087
0.35489,0.00545649
0.355796,0.00547265
0.356732,0.00548936
0.357699,0.00550663
0.358699,0.00552449
0.359732,0.00554293
0.360798,0.00556198
0.361898,0.00558164
0.363034,0.00560193
0.364204,0.00562287
0.365412,0.00564445
0.366655,0.00566669
0.367937,0.00568961
0.369256,0.00571321
0.370613,0.0057375
0.372009,0.00576249
0.373444,0.00578819
0.374919,0.0058146
0.376433,0.00584173
0.377988,0.00586959
0.379582,0.00589817
0.381217,0.00592749
0.382893,0.00595753
0.384608,0.00598832
0.386364,0.00601983
0.38816,0.00605207
0.389996,0.00608504
0.391871,0.00611873
0.393786,0.00615313
0.395739,0.00618823
0.397729,0.00622403
0.399757,0.00626052
0.401822,0.00629767
0.403922,0.00633548
0.406057,0.00637392
0.408225,0.00641298
0.410425,0.00645264
0.412657,0.00649288
0.414918,0.00653367
0.417208,0.00657498
0.419524,0.0066168
0.421866,0.00665909
0.424231,0.00670182
0.426618,0.00674496
0.429024,0.00678848
0.431449,0.00683234
0.43389,0.00687651
0.436344,0.00692096
0.438811,0.00696563
0.441287,0.00701051
0.443771,0.00705554
0.44626,0.0071007
0.448753,0.00714593
0.451247,0.00719121
-0.000298318,0.00872798
0.000298318,0.00872798
0.000894966,0.00872798
0.00149164,0.00872798
0.00208834,0.00872798
0.00268506,0.00872798
0.00328181,0.00872798
0.00387858,0.00872798
0.00447538,0.00872798
0.0050722,0.00872798
0.00566905,0.00872798
0.00626592,0.00872798
0.00686282,0.00872798
0.00745974,0.00872798
0.00805669,0.00872798
0.00865366,0.00872798
0.00925066,0.00872798
0.00984768,0.00872798
0.0104447,0.00872798
0.0110418,0.00872798
0.0116389,0.00872798
0.012236,0.00872798
0.0128331,0.00872798
0.0134303,0.00872798
0.0140275,0.00872798
0.0146247,0.00872798
0.0152219,0.00872798
0.0158192,0.00872798
0.0164165,0.00872798
0.0170138,0.00872798
0.0176111,0.00872798
0.0182085,0.00872798
0.0188059,0.00872798
0.0194033,0.00872798
0.0200007,0.00872798
0.0205982,0.00872798
0.0211956,0.00872798
0.0217931,0.00872798
0.0223907,0.00872798
0.0229882,0.00872798
0.0235858,0.00872798
0.0241834,0.00872798
0.024781,0.00872798
0.0253786,0.00872798
0.0259763,0.00872798
0.026574,0.00872798
0.0271717,0.00872798
0.0277694,0.00872798
0.0283672,0.00872798
0.028965,0.00872798
0.0295628,0.00872798
0.0301606,0.00872798
0.0307585,0.00872798
0.0313563,0.00872798
0.0319542,0.00872798
0.0325521,0.00872798
0.0331501,0.00872798
0.033748,0.00872798
0.034346,0.00872798
0.034944,0.00872798
0.0355421,0.00872798
0.0361401,0.00872798
0.0367382,0.00872798
0.0373363,0.00872798
0.0379344,0.00872798
0.0385326,0.00872798
0.0391307,0.00872798
0.0397289,0.00872798
0.0403271,0.00872798
0.0409254,0.00872798
0.0415236,0.00872798
0.0421219,0.00872798
0.0427202,0.00872798
0.0433185,0.00872798
0.0439169,0.00872798
0.0445152,0.00872798
0.0451136,0.00872798
0.045712,0.00872798
0.0463105,0.00872798
0.0469089,0.00872798
0.0475074,0.00872798
0.0481059,0.00872798
0.0487044,0.00872798
0.0493029,0.00872798
0.0499015,0.00872798
0.0505001,0.00872798
0.0510987,0.00872798
0.0516973,0.00868942
0.052296,0.00865085
0.0528946,0.00861229
0.0534933,0.00857372
0.054092,0.00853515
0.0546908,0.00849658
0.0552895,0.00845801
0.0558883,0.00841943
0.0564871,0.00838086
0.0570859,0.00834228
0.0576848,0.0083037
0.0582836,0.00826512
0.0588825,0.00822654
0.0594814,0.00818796
0.0600803,0.00814938
0.0606793,0.00811079
0.0612782,0.00807221
0.0618772,0.00803362
0.0624762,0.00799503
0.0630753,0.00795644
0.0636743,0.00791785
0.0642734,0.00787926
0.0648725,0.00784067
0.0654716,0.00780207
0.0660707,0.00776347
0.0666698,0.00772488
0.067269,0.00768628
0.0678682,0.00764768
0.0684674,0.00760908
0.0690667,0.00757047
0.0696659,0.00753187
0.0702652,0.00749326
0.0708645,0.00745466
0.0714638,0.00741605
0.0720631,0.00737744
0.0726625,0.00733883
0.0732618,0.00730022
0.0738612,0.0072616
0.0744606,0.00722299
0.0750601,0.00718437
0.0756595,0.00714575
0.076259,0.00710714
0.0768585,0.00706852
0.077458,0.0070299
0.0780575,0.00699127
0.0786571,0.00695265
0.0792566,0.00691403
0.0798562,0.0068754
0.0804558,0.00683677
0.0810555,0.00679814
0.0816551,0.00675951
0.0822548,0.00672088
0.0828545,0.00668225
0.0834542,0.00664362
0.0840539,0.00660498
0.0846536,0.00656635
0.0852534,0.00652771
0.0858532,0.00648907
0.086453,0.00636678
0.0870528,0.00624449
0.0876526,0.0061222
0.0882525,0.0059999
0.0888524,0.0058776
0.0894522,0.0057553
0.0900522,0.00563299
0.0906521,0.00551067
0.091252,0.00538836
0.091852,0.00526604
0.092452,0.00514371
0.093052,0.00502138
0.093652,0.00489905
0.0942521,0.00477672
0.0948521,0.00465438
0.0954522,0.00453203
0.0960523,0.00440969
0.0966524,0.00428734
0.0972526,0.00420364
0.0978527,0.00411995
0.0984529,0.00403625
0.0990531,0.00395255
0.0996533,0.00386884
0.100253,0.00378514
0.100854,0.00370143
0.101454,0.00361772
0.102054,0.00353401
0.102655,0.00345029
0.103255,0.00336657
0.103855,0.00328285
0.104456,0.00319913
0.105056,0.0031154
0.105656,0.00303167
0.106257,0.00294794
0.106857,0.00286421
0.107458,0.00278047
0.108058,0.00269674
0.108659,0.002613
0.109259,0.00252925
0.109859,0.00244551
0.11046,0.00244551
0.111061,0.00244551
0.111661,0.00244551
0.112262,0.00244551
0.112862,0.00244551
0.113463,0.00244551
0.114064,0.00244551
0.114664,0.00244551
0.115265,0.00244551
0.115866,0.00244551
0.116466,0.00244551
0.117067,0.00244551
0.117668,0.00244551
0.118268,0.00244551
0.118869,0.00244551
0.11947,0.00244551
0.120071,0.00244551
0.120672,0.00244551
0.121272,0.00244551
0.121873,0.00244551
0.122474,0.00244551
0.123075,0.00244551
0.123676,0.00244551
0.124277,0.00244551
0.124878,0.00244551
0.125479,0.00244551
0.12608,0.00244551
0.126681,0.00244551
0.127282,0.00244551
0.127883,0.00244551
0.128484,0.00244551
0.129085,0.00244551
0.129686,0.00244551
0.130287,0.00244551
0.130888,0.00244551
0.131489,0.00244551
0.13209,0.00244551
0.132691,0.00244551
0.133292,0.00244551
0.133893,0.00244551
0.134495,0.00244551
0.135096,0.00244551
0.135697,0.00244551
0.136298,0.00244551
0.1369,0.00244551
0.137501,0.00244551
0.138102,0.00244551
0.138703,0.00244551
0.139305,0.00244551
0.139906,0.00244551
0.140507,0.00244551
0.141109,0.00244551
0.14171,0.00244551
0.142311,0.00244551
0.142913,0.00244551
0.143514,0.00244551
0.144116,0.00244551
0.144717,0.00244551
0.145318,0.00244551
0.14592,0.00244551
0.146521,0.00244551
0.147123,0.00244551
0.147724,0.00244551
0.148326,0.00244551
0.148927,0.00244551
0.149529,0.00244551
0.150131,0.00244551
0.150732,0.00244551
0.151334,0.00244551
0.151935,0.00244551
0.152537,0.00244551
0.153139,0.00244551
0.15374,0.00244551
0.154342,0.00244551
0.154944,0.00244551
0.155545,0.00244551
0.156147,0.00244551
0.156749,0.00244551
0.157351,0.00244551
0.157952,0.00244551
0.158554,0.00244551
0.159156,0.00244551
0.159758,0.00244551
0.160359,0.00244551
0.160961,0.00244551
0.161563,0.00244551
0.162165,0.00244551
0.162767,0.00244551
0.163369,0.00244551
0.163971,0.00244551
0.164572,0.00244551
0.165174,0.00244551
0.165776,0.00244551
0.166378,0.00244551
0.16698,0.00244551
0.167582,0.00244551
0.168184,0.00244551
0.168786,0.00244551
0.169388,0.00244551
0.16999,0.00244551
0.170592,0.00244551
0.171194,0.00244551
0.171796,0.00244551
0.172398,0.00244551
0.173,0.00244551
0.173602,0.00244551
0.174205,0.00244551
0.174807,0.00244551
0.175409,0.00244551
0.176011,0.00244551
0.176613,0.0024576
0.177215,0.00246968
0.177817,0.00248177
0.17842,0.00249386
0.179022,0.00250595
0.179624,0.00251804
0.180226,0.00253012
0.180829,0.00254221
0.181431,0.0025543
0.182033,0.00256639
0.182635,0.00257848
0.183238,0.00259057
0.18384,0.00260266
0.184442,0.00261475
0.185045,0.00262684
0.185647,0.00263893
0.186249,0.00265103
0.186852,0.00266312
0.187454,0.00267521
0.188056,0.0026873
0.188659,0.00269939
0.189261,0.00271148
0.189864,0.00272358
0.190466,0.00273567
0.191069,0.00274776
0.191671,0.00275986
0.192273,0.00277195
0.192876,0.00278404
0.193478,0.00279614
0.194081,0.00280823
0.194683,0.00282033
0.195286,0.00283242
0.195888,0.00284452
0.196491,0.00285661
0.197094,0.00286871
0.197696,0.0028808
0.198299,0.0028929
0.198901,0.00290499
0.199504,0.00291709
0.200107,0.00292919
0.200709,0.00294128
0.201312,0.00295338
0.201914,0.00296548
0.202517,0.00297757
0.20312,0.00298967
0.203722,0.00300177
0.204325,0.00301387
0.204928,0.00302596
0.20553,0.00303806
0.206133,0.00305016
0.206736,0.00306226
0.207339,0.00307436
0.207941,0.00308646
0.208544,0.00309856
0.209147,0.00311066
0.20975,0.00312276
0.210352,0.00313486
0.210955,0.00314696
0.211558,0.00315906
0.212161,0.00317116
0.212764,0.00318326
0.213367,0.00319536
0.213969,0.00320746
0.214572,0.00321956
0.215175,0.00323166
0.215778,0.00324376
0.216381,0.00325587
0.216984,0.00326797
0.217587,0.00328007
0.21819,0.00329217
0.218793,0.00330428
0.219395,0.00331638
0.219998,0.00332848
0.220601,0.00334058
0.221204,0.00335269
0.221807,0.00336479
0.22241,0.0033769
0.223013,0.003389
0.223616,0.0034011
0.224219,0.00341321
0.224822,0.00342531
0.225425,0.00343742
0.226028,0.00344952
0.226631,0.00346163
0.227234,0.00347373
0.227837,0.00348584
0.228441,0.00349794
0.229044,0.00351005
0.229647,0.00352215
0.23025,0.00353426
0.230853,0.00354637
0.231456,0.00355847
0.232059,0.00357058
0.232662,0.00358269
0.233265,0.00359479
0.233868,0.0036069
0.234472,0.00361901
0.235075,0.00363112
0.235678,0.00364322
0.236281,0.00365533
0.236884,0.00366744
0.237488,0.00367955
0.238091,0.00369165
0.238694,0.00370376
0.239297,0.00371587
0.2399,0.00372798
0.240504,0.00374009
0.241107,0.0037522
0.24171,0.00376431
0.242313,0.00377642
0.242917,0.00378853
0.24352,0.00380064
0.244123,0.00381275
0.244726,0.00382486
0.24533,0.00383697
0.245933,0.00384908
0.246536,0.00386119
0.24714,0.0038733
0.247743,0.00388541
0.248346,0.00389752
0.24895,0.00390963
0.249553,0.00392174
0.250156,0.00393385
0.25076,0.00394596
0.251363,0.00395807
0.251966,0.00397019
0.25257,0.0039823
0.253173,0.00399441
0.253777,0.00400652
0.25438,0.00401863
0.254983,0.00403075
0.255587,0.00404286
0.25619,0.00405497
0.256794,0.00406708
0.257397,0.0040792
0.258,0.00409131
0.258604,0.00410342
0.259207,0.00411554
0.259811,0.00412765
0.260414,0.00413976
0.261018,0.00415188
0.261621,0.00416399
0.262225,0.00417611
0.262828,0.00418822
0.263432,0.00420033
0.264035,0.00421245
0.264639,0.00422456
0.265242,0.00423668
0.265846,0.00424879
0.266449,0.00426091
0.267053,0.00427302
0.267656,0.00428514
0.26826,0.00429725
0.268863,0.00430937
0.269467,0.00432148
0.270071,0.0043336
0.270674,0.00434571
0.271278,0.00435783
0.271881,0.00436994
0.272485,0.00438206
0.273088,0.00439418
0.273692,0.00440629
0.274296,0.00441841
0.274899,0.00443053
0.275503,0.00444264
0.276106,0.00445476
0.27671,0.00446687
0.277314,0.00447899
0.277917,0.00449111
0.278521,0.00450323
0.279125,0.00451534
0.279728,0.00452746
0.280332,0.00453958
0.280935,0.00455169
0.281539,0.00456381
0.282143,0.00457593
0.282746,0.00458805
0.28335,0.00460016
0.283954,0.00461228
0.284557,0.0046244
0.285161,0.00463652
0.285765,0.00464864
0.286369,0.00466076
0.286972,0.00467287
0.287576,0.00468499
0.28818,0.00469711
0.288783,0.00470923
0.289387,0.00472135
0.289991,0.00473347
0.290595,0.00474559
0.291198,0.0047577
0.291802,0.00476982
0.292406,0.00478194
0.293009,0.00479406
0.293613,0.00480618
0.294217,0.0048183
0.294821,0.00483042
0.295424,0.00484254
0.296028,0.00485466
0.296632,0.00486678
0.297236,0.0048789
0.29784,0.00489102
0.298443,0.00490314
0.299047,0.00491526
0.299651,0.00492738
0.300255,0.0049395
0.300858,0.00495162
0.301462,0.00496374
0.302066,0.00497586
0.30267,0.00498798
0.303274,0.0050001
0.303877,0.00501222
0.304481,0.00502434
0.305085,0.00503646
0.305689,0.00504858
0.306293,0.0050607
0.306897,0.00507282
0.3075,0.00508494
0.308104,0.00509706
0.308708,0.00510918
0.309312,0.0051213
0.309916,0.00513343
0.310519,0.00514555
0.311123,0.00515767
0.311727,0.00516979
0.312331,0.00518191
0.312935,0.00519403
0.313539,0.00520615
0.314143,0.00521827
0.314746,0.0052304
0.31535,0.00524252
0.315954,0.00525464
0.316558,0.00526676
0.317162,0.00527888
0.317766,0.005291
0.31837,0.00530313
0.318973,0.00531525
0.319577,0.00532737
0.320181,0.00533949
0.320785,0.00535161
0.321389,0.00536373
0.321993,0.00537586
0.322597,0.00538798
0.323201,0.0054001
0.323804,0.00541222
0.324408,0.00542434
0.325012,0.00543647
0.325616,0.00544859
0.32622,0.00546071
0.326824,0.00547283
0.327428,0.00548496
0.328032,0.00549708
0.328636,0.0055092
0.32924,0.00552132
0.329843,0.00553344
0.330447,0.00554557
0.331051,0.00555769
0.331655,0.00556981
0.332259,0.00558193
0.332863,0.00559406
0.333467,0.00560618
0.334071,0.0056183
0.334675,0.00563042
0.335279,0.00564255
0.335882,0.00565467
0.336486,0.00566679
0.33709,0.00567891
0.337694,0.00569104
0.338298,0.00570316
0.338902,0.00571528
0.339506,0.0057274
0.34011,0.00573953
0.340714,0.00575165
0.341318,0.00576377
0.341922,0.0057759
0.342526,0.00578802
0.343129,0.00580014
0.343733,0.00581226
0.344337,0.00582439
0.344941,0.00583651
0.345545,0.00584863
0.346149,0.00586075
0.346753,0.00587288
0.347368,0.005885
0.348006,0.00589757
0.348667,0.00591061
0.349353,0.00592413
0.350063,0.00593814
0.3508,0.00595265
0.351562,0.00596769
0.352352,0.00598326
0.353169,0.00599939
0.354015,0.00601608
0.35489,0.00603335
0.355796,0.00605122
0.356732,0.0060697
0.357699,0.0060888
0.358699,0.00610854
0.359732,0.00612893
0.360798,0.00615
0.361898,0.00617174
0.363034,0.00619418
0.364204,0.00621732
0.365412,0.00624119
0.366655,0.00626578
0.367937,0.00629112
0.369256,0.00631722
0.370613,0.00634407
0.372009,0.00637171
0.373444,0.00640012
0.374919,0.00642932
0.376433,0.00645932
0.377988,0.00649013
0.379582,0.00652173
0.381217,0.00655415
0.382893,0.00658737
0.384608,0.00662141
0.386364,0.00665625
0.38816,0.0066919
0.389996,0.00672836
0.391871,0.00676561
0.393786,0.00680364
0.395739,0.00684246
0.397729,0.00688205
0.399757,0.00692239
0.401822,0.00696347
0.403922,0.00700527
0.406057,0.00704778
0.408225,0.00709097
0.410425,0.00713482
0.412657,0.00717931
0.414918,0.00722441
0.417208,0.0072701
0.419524,0.00731634
0.421866,0.0073631
0.424231,0.00741034
0.426618,0.00745805
0.429024,0.00750617
0.431449,0.00755467
0.43389,0.00760351
0.436344,0.00765265
0.438811,0.00770205
0.441287,0.00775167
0.443771,0.00780146
0.44626,0.00785139
0.448753,0.00790141
0.451247,0.00795147
-0.000298318,0.00918036
0.000298318,0.00918036
0.000894966,0.00918036
0.00149164,0.00918036
0.00208834,0.00918036
0.00268506,0.00918036
0.00328181,0.00918036
0.00387858,0.00918036
0.00447538,0.00918036
0.0050722,0.00918036
0.00566905,0.00918036
0.00626592,0.00918036
0.00686282,0.00918036
0.00745974,0.00918036
0.00805669,0.00918036
0.00865366,0.00918036
0.00925066,0.00918036
0.00984768,0.00918036
0.0104447,0.00918036
0.0110418,0.00918036
0.0116389,0.00918036
0.012236,0.00918036
0.0128331,0.00918036
0.0134303,0.00918036
0.0140275,0.00918036
0.0146247,0.00918036
0.0152219,0.00918036
0.0158192,0.00918036
0.0164165,0.00918036
0.0170138,0.00918036
0.0176111,0.00918036
0.0182085,0.00918036
0.0188059,0.00918036
0.0194033,0.00918036
0.0200007,0.00918036
0.0205982,0.00918036
0.0211956,0.00918036
0.0217931,0.00918036
0.0223907,0.00918036
0.0229882,0.00918036
0.0235858,0.00918036
0.0241834,0.00918036
0.024781,0.00918036
0.0253786,0.00918036
0.0259763,0.00918036
0.026574,0.00918036
0.0271717,0.00918036
0.0277694,0.00918036
0.0283672,0.00918036
0.028965,0.00918036
0.0295628,0.00918036
0.0301606,0.00918036
0.0307585,0.00918036
0.0313563,0.00918036
0.0319542,0.00918036
0.0325521,0.00918036
0.0331501,0.00918036
0.033748,0.00918036
0.034346,0.00918036
0.034944,0.00918036
0.0355421,0.00918036
0.0361401,0.00918036
0.0367382,0.00918036
0.0373363,0.00918036
0.0379344,0.00918036
0.0385326,0.00918036
0.0391307,0.00918036
0.0397289,0.00918036
0.0403271,0.00918036
0.0409254,0.00918036
0.0415236,0.00918036
0.0421219,0.00918036
0.0427202,0.00918036
0.0433185,0.00918036
0.0439169,0.00918036
0.0445152,0.00918036
0.0451136,0.00918036
0.045712,0.00918036
0.0463105,0.00918036
0.0469089,0.00918036
0.0475074,0.00918036
0.0481059,0.00918036
0.0487044,0.00918036
0.0493029,0.00918036
0.0499015,0.00918036
0.0505001,0.00918036
0.0510987,0.00918036
0.0516973,0.0091381
0.052296,0.00909585
0.0528946,0.00905359
0.0534933,0.00901133
0.054092,0.00896907
0.0546908,0.00892681
0.0552895,0.00888455
0.0558883,0.00884229
0.0564871,0.00880002
0.0570859,0.00875775
0.0576848,0.00871548
0.0582836,0.00867321
0.0588825,0.00863094
0.0594814,0.00858867
0.0600803,0.00854639
0.0606793,0.00850412
0.0612782,0.00846184
0.0618772,0.00841956
0.0624762,0.00837728
0.0630753,0.008335
0.0636743,0.00829271
0.0642734,0.00825043
0.0648725,0.00820814
0.0654716,0.00816585
0.0660707,0.00812356
0.0666698,0.00808127
0.067269,0.00803898
0.0678682,0.00799669
0.0684674,0.00795439
0.0690667,0.0079121
0.0696659,0.0078698
0.0702652,0.0078275
0.0708645,0.0077852
0.0714638,0.0077429
0.0720631,0.00770059
0.0726625,0.00765829
0.0732618,0.00761598
0.0738612,0.00757367
0.0744606,0.00753136
0.0750601,0.00748905
0.0756595,0.00744674
0.076259,0.00740443
0.0768585,0.00736211
0.077458,0.0073198
0.0780575,0.00727748
0.0786571,0.00723516
0.0792566,0.00719284
0.0798562,0.00715052
0.0804558,0.0071082
0.0810555,0.00706587
0.0816551,0.00702354
0.0822548,0.00698122
0.0828545,0.00693889
0.0834542,0.00689656
0.0840539,0.00685423
0.0846536,0.0068119
0.0852534,0.00676956
0.0858532,0.00672723
0.086453,0.0066028
0.0870528,0.00647837
0.0876526,0.00635394
0.0882525,0.00622951
0.0888524,0.00610507
0.0894522,0.00598062
0.0900522,0.00585617
0.0906521,0.00573172
0.091252,0.00560727
0.091852,0.00548281
0.092452,0.00535834
0.093052,0.00523388
0.093652,0.00510941
0.0942521,0.00498493
0.0948521,0.00486045
0.0954522,0.00473597
0.0960523,0.00461149
0.0966524,0.004487
0.0972526,0.00440486
0.0978527,0.00432273
0.0984529,0.00424059
0.0990531,0.00415845
0.0996533,0.0040763
0.100253,0.00399416
0.100854,0.00391201
0.101454,0.00382986
0.102054,0.00374771
0.102655,0.00366555
0.103255,0.00358339
0.103855,0.00350123
0.104456,0.00341907
0.105056,0.0033369
0.105656,0.00325474
0.106257,0.00317257
0.106857,0.00309039
0.107458,0.00300822
0.108058,0.00292604
0.108659,0.00284386
0.109259,0.00276168
0.109859,0.0026795
0.11046,0.0026795
0.111061,0.0026795
0.111661,0.0026795
0.112262,0.0026795
0.112862,0.0026795
0.113463,0.0026795
0.114064,0.0026795
0.114664,0.0026795
0.115265,0.0026795
0.115866,0.0026795
0.116466,0.0026795
0.117067,0.0026795
0.117668,0.0026795
0.118268,0.0026795
0.118869,0.0026795
0.11947,0.0026795
0.120071,0.0026795
0.120672,0.0026795
0.121272,0.0026795
0.121873,0.0026795
0.122474,0.0026795
0.123075,0.0026795
0.123676,0.0026795
0.124277,0.0026795
0.124878,0.0026795
0.125479,0.0026795
0.12608,0.0026795
0.126681,0.0026795
0.127282,0.0026795
0.127883,0.0026795
0.128484,0.0026795
0.129085,0.0026795
0.129686,0.0026795
0.130287,0.0026795
0.130888,0.0026795
0.131489,0.0026795
0.13209,0.0026795
0.132691,0.0026795
0.133292,0.0026795
0.133893,0.0026795
0.134495,0.0026795
0.135096,0.0026795
0.135697,0.0026795
0.136298,0.0026795
0.1369,0.0026795
0.137501,0.0026795
0.138102,0.0026795
0.138703,0.0026795
0.139305,0.0026795
0.139906,0.0026795
0.140507,0.0026795
0.141109,0.0026795
0.14171,0.0026795
0.142311,0.0026795
0.142913,0.0026795
0.143514,0.0026795
0.144116,0.0026795
0.144717,0.0026795
0.145318,0.0026795
0.14592,0.0026795
0.146521,0.0026795
0.147123,0.0026795
0.147724,0.0026795
0.148326,0.0026795
0.148927,0.0026795
0.149529,0.0026795
0.150131,0.0026795
0.150732,0.0026795
0.151334,0.0026795
0.151935,0.0026795
0.152537,0.0026795
0.153139,0.0026795
0.15374,0.0026795
0.154342,0.0026795
0.154944,0.0026795
0.155545,0.0026795
0.156147,0.0026795
0.156749,0.0026795
0.157351,0.0026795
0.157952,0.0026795
0.158554,0.0026795
0.159156,0.0026795
0.159758,0.0026795
0.160359,0.0026795
0.160961,0.0026795
0.161563,0.0026795
0.162165,0.0026795
0.162767,0.0026795
0.163369,0.0026795
0.163971,0.0026795
0.164572,0.0026795
0.165174,0.0026795
0.165776,0.0026795
0.166378,0.0026795
0.16698,0.0026795
0.167582,0.0026795
0.168184,0.0026795
0.168786,0.0026795
0.169388,0.0026795
0.16999,0.0026795
0.170592,0.0026795
0.171194,0.0026795
0.171796,0.0026795
0.172398,0.0026795
0.173,0.0026795
0.173602,0.0026795
0.174205,0.0026795
0.174807,0.0026795
0.175409,0.0026795
0.176011,0.0026795
0.176613,0.00269274
0.177215,0.00270598
0.177817,0.00271923
0.17842,0.00273247
0.179022,0.00274572
0.179624,0.00275896
0.180226,0.00277221
0.180829,0.00278545
0.181431,0.0027987
0.182033,0.00281195
0.182635,0.00282519
0.183238,0.00283844
0.18384,0.00285169
0.184442,0.00286493
0.185045,0.00287818
0.185647,0.00289143
0.186249,0.00290468
0.186852,0.00291792
0.187454,0.00293117
0.188056,0.00294442
0.188659,0.00295767
0.189261,0.00297092
0.189864,0.00298417
0.190466,0.00299742
0.191069,0.00301067
0.191671,0.00302392
0.192273,0.00303717
0.192876,0.00305042
0.193478,0.00306367
0.194081,0.00307692
0.194683,0.00309018
0.195286,0.00310343
0.195888,0.00311668
0.196491,0.00312993
0.197094,0.00314318
0.197696,0.00315644
0.198299,0.00316969
0.198901,0.00318294
0.199504,0.0031962
0.200107,0.00320945
0.200709,0.0032227
0.201312,0.00323596
0.201914,0.00324921
0.202517,0.00326247
0.20312,0.00327572
0.203722,0.00328898
0.204325,0.00330223
0.204928,0.00331549
0.20553,0.00332875
0.206133,0.003342
0.206736,0.00335526
0.207339,0.00336851
0.207941,0.00338177
0.208544,0.00339503
0.209147,0.00340829
0.20975,0.00342154
0.210352,0.0034348
0.210955,0.00344806
0.211558,0.00346132
0.212161,0.00347457
0.212764,0.00348783
0.213367,0.00350109
0.213969,0.00351435
0.214572,0.00352761
0.215175,0.00354087
0.215778,0.00355413
0.216381,0.00356739
0.216984,0.00358065
0.217587,0.00359391
0.21819,0.00360717
0.218793,0.00362043
0.219395,0.00363369
0.219998,0.00364695
0.220601,0.00366021
0.221204,0.00367347
0.221807,0.00368674
0.22241,0.0037
0.223013,0.00371326
0.223616,0.00372652
0.224219,0.00373978
0.224822,0.00375305
0.225425,0.00376631
0.226028,0.00377957
0.226631,0.00379284
0.227234,0.0038061
0.227837,0.00381936
0.228441,0.00383263
0.229044,0.00384589
0.229647,0.00385916
0.23025,0.00387242
0.230853,0.00388568
0.231456,0.00389895
0.232059,0.00391221
0.232662,0.00392548
0.233265,0.00393874
0.233868,0.00395201
0.234472,0.00396528
0.235075,0.00397854
0.235678,0.00399181
0.236281,0.00400507
0.236884,0.00401834
0.237488,0.00403161
0.238091,0.00404487
0.238694,0.00405814
0.239297,0.00407141
0.2399,0.00408467
0.240504,0.00409794
0.241107,0.00411121
0.24171,0.00412448
0.242313,0.00413775
0.242917,0.00415101
0.24352,0.00416428
0.244123,0.00417755
0.244726,0.00419082
0.24533,0.00420409
0.245933,0.00421736
0.246536,0.00423063
0.24714,0.00424389
0.247743,0.00425716
0.248346,0.00427043
0.24895,0.0042837
0.249553,0.00429697
0.250156,0.00431024
0.25076,0.00432351
0.251363,0.00433678
0.251966,0.00435005
0.25257,0.00436333
0.253173,0.0043766
0.253777,0.00438987
0.25438,0.00440314
0.254983,0.00441641
0.255587,0.00442968
0.25619,0.00444295
0.256794,0.00445622
0.257397,0.0044695
0.258,0.00448277
0.258604,0.00449604
0.259207,0.00450931
0.259811,0.00452258
0.260414,0.00453586
0.261018,0.00454913
0.261621,0.0045624
0.262225,0.00457568
0.262828,0.00458895
0.263432,0.00460222
0.264035,0.0046155
0.264639,0.00462877
0.265242,0.00464204
0.265846,0.00465532
0.266449,0.00466859
0.267053,0.00468186
0.267656,0.00469514
0.26826,0.00470841
0.268863,0.00472169
0.269467,0.00473496
0.270071,0.00474824
0.270674,0.00476151
0.271278,0.00477479
0.271881,0.00478806
0.272485,0.00480134
0.273088,0.00481461
0.273692,0.00482789
0.274296,0.00484116
0.274899,0.00485444
0.275503,0.00486771
0.276106,0.00488099
0.27671,0.00489427
0.277314,0.00490754
0.277917,0.00492082
0.278521,0.0049341
0.279125,0.00494737
0.279728,0.00496065
0.280332,0.00497393
0.280935,0.0049872
0.281539,0.00500048
0.282143,0.00501376
0.282746,0.00502703
0.28335,0.00504031
0.283954,0.00505359
0.284557,0.00506686
0.285161,0.00508014
0.285765,0.00509342
0.286369,0.0051067
0.286972,0.00511998
0.287576,0.00513325
0.28818,0.00514653
0.288783,0.00515981
0.289387,0.00517309
0.289991,0.00518637
0.290595,0.00519964
0.291198,0.00521292
0.291802,0.0052262
0.292406,0.00523948
0.293009,0.00525276
0.293613,0.00526604
0.294217,0.00527932
0.294821,0.00529259
0.295424,0.00530587
0.296028,0.00531915
0.296632,0.00533243
0.297236,0.00534571
0.29784,0.00535899
0.298443,0.00537227
0.299047,0.00538555
0.299651,0.00539883
0.300255,0.00541211
0.300858,0.00542539
0.301462,0.00543867
0.302066,0.00545195
0.30267,0.00546523
0.303274,0.00547851
0.303877,0.00549179
0.304481,0.00550507
0.305085,0.00551835
0.305689,0.00553163
0.306293,0.00554491
0.306897,0.00555819
0.3075,0.00557147
0.308104,0.00558475
0.308708,0.00559803
0.309312,0.00561131
0.309916,0.00562459
0.310519,0.00563787
0.311123,0.00565116
0.311727,0.00566444
0.312331,0.00567772
0.312935,0.005691
0.313539,0.00570428
0.314143,0.00571756
0.314746,0.00573084
0.31535,0.00574412
0.315954,0.0057574
0.316558,0.00577069
0.317162,0.00578397
0.317766,0.00579725
0.31837,0.00581053
0.318973,0.00582381
0.319577,0.00583709
0.320181,0.00585037
0.320785,0.00586366
0.321389,0.00587694
0.321993,0.00589022
0.322597,0.0059035
0.323201,0.00591678
0.323804,0.00593007
0.324408,0.00594335
0.325012,0.00595663
0.325616,0.00596991
0.32622,0.00598319
0.326824,0.00599648
0.327428,0.00600976
0.328032,0.00602304
0.328636,0.00603632
0.32924,0.0060496
0.329843,0.00606289
0.330447,0.00607617
0.331051,0.00608945
0.331655,0.00610273
0.332259,0.00611602
0.332863,0.0061293
0.333467,0.00614258
0.334071,0.00615586
0.334675,0.00616914
0.335279,0.00618243
0.335882,0.00619571
0.336486,0.00620899
0.33709,0.00622227
0.337694,0.00623556
0.338298,0.00624884
0.338902,0.00626212
0.339506,0.0062754
0.34011,0.00628869
0.340714,0.00630197
0.341318,0.00631525
0.341922,0.00632853
0.342526,0.00634182
0.343129,0.0063551
0.343733,0.00636838
0.344337,0.00638167
0.344941,0.00639495
0.345545,0.00640823
0.346149,0.00642151
0.346753,0.0064348
0.347368,0.00644808
0.348006,0.00646185
0.348667,0.00647614
0.349353,0.00649095
0.350063,0.0065063
0.3508,0.0065222
0.351562,0.00653868
0.352352,0.00655574
0.353169,0.00657341
0.354015,0.0065917
0.35489,0.00661063
0.355796,0.0066302
0.356732,0.00665045
0.357699,0.00667138
0.358699,0.00669301
0.359732,0.00671535
0.360798,0.00673843
0.361898,0.00676225
0.363034,0.00678684
0.364204,0.0068122
0.365412,0.00683834
0.366655,0.00686529
0.367937,0.00689306
0.369256,0.00692165
0.370613,0.00695108
0.372009,0.00698135
0.373444,0.00701249
0.374919,0.00704448
0.376433,0.00707735
0.377988,0.0071111
0.379582,0.00714573
0.381217,0.00718125
0.382893,0.00721765
0.384608,0.00725495
0.386364,0.00729312
0.38816,0.00733219
0.389996,0.00737213
0.391871,0.00741294
0.393786,0.00745462
0.395739,0.00749715
0.397729,0.00754052
0.399757,0.00758472
0.401822,0.00762973
0.403922,0.00767553
0.406057,0.00772211
0.408225,0.00776943
0.410425,0.00781748
0.412657,0.00786623
0.414918,0.00791565
0.417208,0.0079657
0.419524,0.00801637
0.421866,0.0080676
0.424231,0.00811937
0.426618,0.00817163
0.429024,0.00822436
0.431449,0.0082775
0.43389,0.00833101
0.436344,0.00838485
0.438811,0.00843898
0.441287,0.00849335
0.443771,0.00854791
0.44626,0.00860262
0.448753,0.00865742
0.451247,0.00871227
-0.000298318,0.00963304
0.000298318,0.00963304
0.000894966,0.00963304
0.00149164,0.00963304
0.00208834,0.00963304
0.00268506,0.00963304
0.00328181,0.00963304
0.00387858,0.00963304
0.00447538,0.00963304
0.0050722,0.00963304
0.00566905,0.00963304
0.00626592,0.00963304
0.00686282,0.00963304
0.00745974,0.00963304
0.00805669,0.00963304
0.00865366,0.00963304
0.00925066,0.00963304
0.00984768,0.00963304
0.0104447,0.00963304
0.0110418,0.00963304
0.0116389,0.00963304
0.012236,0.00963304
0.0128331,0.00963304
0.0134303,0.00963304
0.0140275,0.00963304
0.0146247,0.00963304
0.0152219,0.00963304
0.0158192,0.00963304
0.0164165,0.00963304
0.0170138,0.00963304
0.0176111,0.00963304
0.0182085,0.00963304
0.0188059,0.00963304
0.0194033,0.00963304
0.0200007,0.00963304
0.0205982,0.00963304
0.0211956,0.00963304
0.0217931,0.00963304
0.0223907,0.00963304
0.0229882,0.00963304
0.0235858,0.00963304
0.0241834,0.00963304
0.024781,0.00963304
0.0253786,0.00963304
0.0259763,0.00963304
0.026574,0.00963304
0.0271717,0.00963304
0.0277694,0.00963304
0.0283672,0.00963304
0.028965,0.00963304
0.0295628,0.00963304
0.0301606,0.00963304
0.0307585,0.00963304
0.0313563,0.00963304
0.0319542,0.00963304
0.0325521,0.00963304
0.0331501,0.00963304
0.033748,0.00963304
0.034346,0.00963304
0.034944,0.00963304
0.0355421,0.00963304
0.0361401,0.00963304
0.0367382,0.00963304
0.0373363,0.00963304
0.0379344,0.00963304
0.0385326,0.00963304
0.0391307,0.00963304
0.0397289,0.00963304
0.0403271,0.00963304
0.0409254,0.00963304
0.0415236,0.00963304
0.0421219,0.00963304
0.0427202,0.00963304
0.0433185,0.00963304
0.0439169,0.00963304
0.0445152,0.00963304
0.0451136,0.00963304
0.045712,0.00963304
0.0463105,0.00963304
0.0469089,0.00963304
0.0475074,0.00963304
0.0481059,0.00963304
0.0487044,0.00963304
0.0493029,0.00963304
0.0499015,0.00963304
0.0505001,0.00963304
0.0510987,0.00963304
0.0516973,0.00958709
0.052296,0.00954114
0.0528946,0.00949519
0.0534933,0.00944924
0.054092,0.00940329
0.0546908,0.00935734
0.0552895,0.00931138
0.0558883,0.00926542
0.0564871,0.00921946
0.0570859,0.0091735
0.0576848,0.00912754
0.0582836,0.00908158
0.0588825,0.00903561
0.0594814,0.00898964
0.0600803,0.00894367
0.0606793,0.0088977
0.0612782,0.00885173
0.0618772,0.00880576
0.0624762,0.00875978
0.0630753,0.00871381
0.0636743,0.00866783
0.0642734,0.00862185
0.0648725,0.00857587
0.0654716,0.00852988
0.0660707,0.0084839
0.0666698,0.00843791
0.067269,0.00839192
0.0678682,0.00834593
0.0684674,0.00829994
0.0690667,0.00825395
0.0696659,0.00820796
0.0702652,0.00816196
0.0708645,0.00811596
0.0714638,0.00806996
0.0720631,0.00802396
0.0726625,0.00797796
0.0732618,0.00793196
0.0738612,0.00788595
0.0744606,0.00783995
0.0750601,0.00779394
0.0756595,0.00774793
0.076259,0.00770192
0.0768585,0.00765591
0.077458,0.00760989
0.0780575,0.00756388
0.0786571,0.00751786
0.0792566,0.00747184
0.0798562,0.00742582
0.0804558,0.0073798
0.0810555,0.00733378
0.0816551,0.00728775
0.0822548,0.00724173
0.0828545,0.0071957
0.0834542,0.00714967
0.0840539,0.00710364
0.0846536,0.00705761
0.0852534,0.00701158
0.0858532,0.00696554
0.086453,0.00683898
0.0870528,0.00671241
0.0876526,0.00658584
0.0882525,0.00645926
0.0888524,0.00633268
0.0894522,0.0062061
0.0900522,0.00607951
0.0906521,0.00595292
0.091252,0.00582632
0.091852,0.00569973
0.092452,0.00557312
0.093052,0.00544651
0.093652,0.0053199
0.0942521,0.00519329
0.0948521,0.00506667
0.0954522,0.00494005
0.0960523,0.00481342
0.0966524,0.00468679
0.0972526,0.00460622
0.0978527,0.00452564
0.0984529,0.00444506
0.0990531,0.00436448
0.0996533,0.0042839
0.100253,0.00420332
0.100854,0.00412273
0.101454,0.00404214
0.102054,0.00396155
0.102655,0.00388096
0.103255,0.00380036
0.103855,0.00371976
0.104456,0.00363916
0.105056,0.00355855
0.105656,0.00347795
0.106257,0.00339734
0.106857,0.00331673
0.107458,0.00323612
0.108058,0.0031555
0.108659,0.00307488
0.109259,0.00299426
0.109859,0.00291364
0.11046,0.00291364
0.111061,0.00291364
0.111661,0.00291364
0.112262,0.00291364
0.112862,0.00291364
0.113463,0.00291364
0.114064,0.00291364
0.114664,0.00291364
0.115265,0.00291364
0.115866,0.00291364
0.116466,0.00291364
0.117067,0.00291364
0.117668,0.00291364
0.118268,0.00291364
0.118869,0.00291364
0.11947,0.00291364
0.120071,0.00291364
0.120672,0.00291364
0.121272,0.00291364
0.121873,0.00291364
0.122474,0.00291364
0.123075,0.00291364
0.123676,0.00291364
0.124277,0.00291364
0.124878,0.00291364
0.125479,0.00291364
0.12608,0.00291364
0.126681,0.00291364
0.127282,0.00291364
0.127883,0.00291364
0.128484,0.00291364
0.129085,0.00291364
0.129686,0.00291364
0.130287,0.00291364
0.130888,0.00291364
0.131489,0.00291364
0.13209,0.00291364
0.132691,0.00291364
0.133292,0.00291364
0.133893,0.00291364
0.134495,0.00291364
0.135096,0.00291364
0.135697,0.00291364
0.136298,0.00291364
0.1369,0.00291364
0.137501,0.00291364
0.138102,0.00291364
0.138703,0.00291364
0.139305,0.00291364
0.139906,0.00291364
0.140507,0.00291364
0.141109,0.00291364
0.14171,0.00291364
0.142311,0.00291364
0.142913,0.00291364
0.143514,0.00291364
0.144116,0.00291364
0.144717,0.00291364
0.145318,0.00291364
0.14592,0.00291364
0.146521,0.00291364
0.147123,0.00291364
0.147724,0.00291364
0.148326,0.00291364
0.148927,0.00291364
0.149529,0.00291364
0.150131,0.00291364
0.150732,0.00291364
0.151334,0.00291364
0.151935,0.00291364
0.152537,0.00291364
0.153139,0.00291364
0.15374,0.00291364
0.154342,0.00291364
0.154944,0.00291364
0.155545,0.00291364
0.156147,0.00291364
0.156749,0.00291364
0.157351,0.00291364
0.157952,0.00291364
0.158554,0.00291364
0.159156,0.00291364
0.159758,0.00291364
0.160359,0.00291364
0.160961,0.00291364
0.161563,0.00291364
0.162165,0.00291364
0.162767,0.00291364
0.163369,0.00291364
0.163971,0.00291364
0.164572,0.00291364
0.165174,0.00291364
0.165776,0.00291364
0.166378,0.00291364
0.16698,0.00291364
0.167582,0.00291364
0.168184,0.00291364
0.168786,0.00291364
0.169388,0.00291364
0.16999,0.00291364
0.170592,0.00291364
0.171194,0.00291364
0.171796,0.00291364
0.172398,0.00291364
0.173,0.00291364
0.173602,0.00291364
0.174205,0.00291364
0.174807,0.00291364
0.175409,0.00291364
0.176011,0.00291364
0.176613,0.00292804
0.177215,0.00294244
0.177817,0.00295684
0.17842,0.00297125
0.179022,0.00298565
0.179624,0.00300005
0.180226,0.00301445
0.180829,0.00302886
0.181431,0.00304326
0.182033,0.00305766
0.182635,0.00307207
0.183238,0.00308647
0.18384,0.00310088
0.184442,0.00311528
0.185045,0.00312969
0.185647,0.00314409
0.186249,0.0031585
0.186852,0.0031729
0.187454,0.00318731
0.188056,0.00320172
0.188659,0.00321612
0.189261,0.00323053
0.189864,0.00324494
0.190466,0.00325935
0.191069,0.00327375
0.191671,0.00328816
0.192273,0.00330257
0.192876,0.00331698
0.193478,0.00333139
0.194081,0.0033458
0.194683,0.00336021
0.195286,0.00337462
0.195888,0.00338903
0.196491,0.00340344
0.197094,0.00341785
0.197696,0.00343226
0.198299,0.00344667
0.198901,0.00346108
0.199504,0.00347549
0.200107,0.0034899
0.200709,0.00350432
0.201312,0.00351873
0.201914,0.00353314
0.202517,0.00354755
0.20312,0.00356197
0.203722,0.00357638
0.204325,0.0035908
0.204928,0.00360521
0.20553,0.00361962
0.206133,0.00363404
0.206736,0.00364845
0.207339,0.00366287
0.207941,0.00367728
0.208544,0.0036917
0.209147,0.00370611
0.20975,0.00372053
0.210352,0.00373495
0.210955,0.00374936
0.211558,0.00376378
0.212161,0.0037782
0.212764,0.00379261
0.213367,0.00380703
0.213969,0.00382145
0.214572,0.00383587
0.215175,0.00385028
0.215778,0.0038647
0.216381,0.00387912
0.216984,0.00389354
0.217587,0.00390796
0.21819,0.00392238
0.218793,0.0039368
0.219395,0.00395122
0.219998,0.00396564
0.220601,0.00398006
0.221204,0.00399448
0.221807,0.0040089
0.22241,0.00402332
0.223013,0.00403774
0.223616,0.00405216
0.224219,0.00406658
0.224822,0.004081
0.225425,0.00409542
0.226028,0.00410985
0.226631,0.00412427
0.227234,0.00413869
0.227837,0.00415311
0.228441,0.00416754
0.229044,0.00418196
0.229647,0.00419638
0.23025,0.00421081
0.230853,0.00422523
0.231456,0.00423965
0.232059,0.00425408
0.232662,0.0042685
0.233265,0.00428293
0.233868,0.00429735
0.234472,0.00431178
0.235075,0.0043262
0.235678,0.00434063
0.236281,0.00435505
0.236884,0.00436948
0.237488,0.0043839
0.238091,0.00439833
0.238694,0.00441276
0.239297,0.00442718
0.2399,0.00444161
0.240504,0.00445604
0.241107,0.00447046
0.24171,0.00448489
0.242313,0.00449932
0.242917,0.00451374
0.24352,0.00452817
0.244123,0.0045426
0.244726,0.00455703
0.24533,0.00457146
0.245933,0.00458588
0.246536,0.00460031
0.24714,0.00461474
0.247743,0.00462917
0.248346,0.0046436
0.24895,0.00465803
0.249553,0.00467246
0.250156,0.00468689
0.25076,0.00470132
0.251363,0.00471575
0.251966,0.00473018
0.25257,0.00474461
0.253173,0.00475904
0.253777,0.00477347
0.25438,0.0047879
0.254983,0.00480233
0.255587,0.00481676
0.25619,0.00483119
0.256794,0.00484563
0.257397,0.00486006
0.258,0.00487449
0.258604,0.00488892
0.259207,0.00490335
0.259811,0.00491779
0.260414,0.00493222
0.261018,0.00494665
0.261621,0.00496108
0.262225,0.00497552
0.262828,0.00498995
0.263432,0.00500438
0.264035,0.00501882
0.264639,0.00503325
0.265242,0.00504768
0.265846,0.00506212
0.266449,0.00507655
0.267053,0.00509098
0.267656,0.00510542
0.26826,0.00511985
0.268863,0.00513429
0.269467,0.00514872
0.270071,0.00516316
0.270674,0.00517759
0.271278,0.00519203
0.271881,0.00520646
0.272485,0.0052209
0.273088,0.00523533
0.273692,0.00524977
0.274296,0.0052642
0.274899,0.00527864
0.275503,0.00529307
0.276106,0.00530751
0.27671,0.00532195
0.277314,0.00533638
0.277917,0.00535082
0.278521,0.00536525
0.279125,0.00537969
0.279728,0.00539413
0.280332,0.00540857
0.280935,0.005423
0.281539,0.00543744
0.282143,0.00545188
0.282746,0.00546631
0.28335,0.00548075
0.283954,0.00549519
0.284557,0.00550963
0.285161,0.00552406
0.285765,0.0055385
0.286369,0.00555294
0.286972,0.00556738
0.287576,0.00558182
0.28818,0.00559625
0.288783,0.00561069
0.289387,0.00562513
0.289991,0.00563957
0.290595,0.00565401
0.291198,0.00566845
0.291802,0.00568289
0.292406,0.00569732
0.293009,0.00571176
0.293613,0.0057262
0.294217,0.00574064
0.294821,0.00575508
0.295424,0.00576952
0.296028,0.00578396
0.296632,0.0057984
0.297236,0.00581284
0.29784,0.00582728
0.298443,0.00584172
0.299047,0.00585616
0.299651,0.0058706
0.300255,0.00588504
0.300858,0.00589948
0.301462,0.00591392
0.302066,0.00592836
0.30267,0.0059428
0.303274,0.00595724
0.303877,0.00597168
0.304481,0.00598612
0.305085,0.00600056
0.305689,0.006015
0.306293,0.00602944
0.306897,0.00604389
0.3075,0.00605833
0.308104,0.00607277
0.308708,0.00608721
0.309312,0.00610165
0.309916,0.00611609
0.310519,0.00613053
0.311123,0.00614497
0.311727,0.00615942
0.312331,0.00617386
0.312935,0.0061883
0.313539,0.00620274
0.314143,0.00621718
0.314746,0.00623162
0.31535,0.00624607
0.315954,0.00626051
0.316558,0.00627495
0.317162,0.00628939
0.317766,0.00630383
0.31837,0.00631828
0.318973,0.00633272
0.319577,0.00634716
0.320181,0.0063616
0.320785,0.00637604
0.321389,0.00639049
0.321993,0.00640493
0.322597,0.00641937
0.323201,0.00643381
0.323804,0.00644826
0.324408,0.0064627
0.325012,0.00647714
0.325616,0.00649158
0.32622,0.00650603
0.326824,0.00652047
0.327428,0.00653491
0.328032,0.00654936
0.328636,0.0065638
0.32924,0.00657824
0.329843,0.00659268
0.330447,0.00660713
0.331051,0.00662157
0.331655,0.00663601
0.332259,0.00665046
0.332863,0.0066649
0.333467,0.00667934
0.334071,0.00669378
0.334675,0.00670823
0.335279,0.00672267
0.335882,0.00673711
0.336486,0.00675156
0.33709,0.006766
0.337694,0.00678044
0.338298,0.00679489
0.338902,0.00680933
0.339506,0.00682377
0.34011,0.00683822
0.340714,0.00685266
0.341318,0.0068671
0.341922,0.00688155
0.342526,0.00689599
0.343129,0.00691043
0.343733,0.00692488
0.344337,0.00693932
0.344941,0.00695376
0.345545,0.00696821
0.346149,0.00698265
0.346753,0.00699709
0.347368,0.00701153
0.348006,0.00702651
0.348667,0.00704205
0.349353,0.00705815
0.350063,0.00707484
0.3508,0.00709214
0.351562,0.00711005
0.352352,0.00712861
0.353169,0.00714782
0.354015,0.00716771
0.35489,0.00718829
0.355796,0.00720958
0.356732,0.00723159
0.357699,0.00725435
0.358699,0.00727787
0.359732,0.00730217
0.360798,0.00732726
0.361898,0.00735316
0.363034,0.0073799
0.364204,0.00740747
0.365412,0.0074359
0.366655,0.00746521
0.367937,0.0074954
0.369256,0.00752649
0.370613,0.00755849
0.372009,0.00759141
0.373444,0.00762526
0.374919,0.00766006
0.376433,0.0076958
0.377988,0.0077325
0.379582,0.00777015
0.381217,0.00780877
0.382893,0.00784836
0.384608,0.00788891
0.386364,0.00793042
0.38816,0.0079729
0.389996,0.00801633
0.391871,0.00806071
0.393786,0.00810603
0.395739,0.00815228
0.397729,0.00819944
0.399757,0.0082475
0.401822,0.00829645
0.403922,0.00834625
0.406057,0.0083969
0.408225,0.00844836
0.410425,0.0085006
0.412657,0.00855361
0.414918,0.00860735
0.417208,0.00866178
0.419524,0.00871687
0.421866,0.00877258
0.424231,0.00882887
0.426618,0.0088857
0.429024,0.00894303
0.431449,0.00900082
0.43389,0.00905901
0.436344,0.00911755
0.438811,0.00917641
0.441287,0.00923553
0.443771,0.00929486
0.44626,0.00935434
0.448753,0.00941393
0.451247,0.00947358
-0.000298318,0.010086
0.000298318,0.010086
0.000894966,0.010086
0.00149164,0.010086
0.00208834,0.010086
0.00268506,0.010086
0.00328181,0.010086
0.00387858,0.010086
0.00447538,0.010086
0.0050722,0.010086
0.00566905,0.010086
0.00626592,0.010086
0.00686282,0.010086
0.00745974,0.010086
0.00805669,0.010086
0.00865366,0.010086
0.00925066,0.010086
0.00984768,0.010086
0.0104447,0.010086
0.0110418,0.010086
0.0116389,0.010086
0.012236,0.010086
0.0128331,0.010086
0.0134303,0.010086
0.0140275,0.010086
0.0146247,0.010086
0.0152219,0.010086
0.0158192,0.010086
0.0164165,0.010086
0.0170138,0.010086
0.0176111,0.010086
0.0182085,0.010086
0.0188059,0.010086
0.0194033,0.010086
0.0200007,0.010086
0.0205982,0.010086
0.0211956,0.010086
0.0217931,0.010086
0.0223907,0.010086
0.0229882,0.010086
0.0235858,0.010086
0.0241834,0.010086
0.024781,0.010086
0.0253786,0.010086
0.0259763,0.010086
0.026574,0.010086
0.0271717,0.010086
0.0277694,0.010086
0.0283672,0.010086
0.028965,0.010086
0.0295628,0.010086
0.0301606,0.010086
0.0307585,0.010086
0.0313563,0.010086
0.0319542,0.010086
0.0325521,0.010086
0.0331501,0.010086
0.033748,0.010086
0.034346,0.010086
0.034944,0.010086
0.0355421,0.010086
0.0361401,0.010086
0.0367382,0.010086
0.0373363,0.010086
0.0379344,0.010086
0.0385326,0.010086
0.0391307,0.010086
0.0397289,0.010086
0.0403271,0.010086
0.0409254,0.010086
0.0415236,0.010086
0.0421219,0.010086
0.0427202,0.010086
0.0433185,0.010086
0.0439169,0.010086
0.0445152,0.010086
0.0451136,0.010086
0.045712,0.010086
0.0463105,0.010086
0.0469089,0.010086
0.0475074,0.010086
0.0481059,0.010086
0.0487044,0.010086
0.0493029,0.010086
0.0499015,0.010086
0.0505001,0.010086
0.0510987,0.010086
0.0516973,0.0100364
0.052296,0.00998672
0.0528946,0.00993708
0.0534933,0.00988743
0.054092,0.00983778
0.0546908,0.00978813
0.0552895,0.00973848
0.0558883,0.00968883
0.0564871,0.00963917
0.0570859,0.00958952
0.0576848,0.00953986
0.0582836,0.0094902
0.0588825,0.00944054
0.0594814,0.00939087
0.0600803,0.00934121
0.0606793,0.00929154
0.0612782,0.00924187
0.0618772,0.0091922
0.0624762,0.00914253
0.0630753,0.00909286
0.0636743,0.00904318
0.0642734,0.0089935
0.0648725,0.00894382
0.0654716,0.00889414
0.0660707,0.00884446
0.0666698,0.00879478
0.067269,0.00874509
0.0678682,0.0086954
0.0684674,0.00864571
0.0690667,0.00859602
0.0696659,0.00854633
0.0702652,0.00849664
0.0708645,0.00844694
0.0714638,0.00839724
0.0720631,0.00834754
0.0726625,0.00829784
0.0732618,0.00824814
0.0738612,0.00819844
0.0744606,0.00814873
0.0750601,0.00809902
0.0756595,0.00804931
0.076259,0.0079996
0.0768585,0.00794989
0.077458,0.00790017
0.0780575,0.00785046
0.0786571,0.00780074
0.0792566,0.00775102
0.0798562,0.0077013
0.0804558,0.00765158
0.0810555,0.00760186
0.0816551,0.00755213
0.0822548,0.0075024
0.0828545,0.00745268
0.0834542,0.00740295
0.0840539,0.00735321
0.0846536,0.00730348
0.0852534,0.00725375
0.0858532,0.00720401
0.086453,0.0070753
0.0870528,0.0069466
0.0876526,0.00681788
0.0882525,0.00668917
0.0888524,0.00656045
0.0894522,0.00643172
0.0900522,0.00630299
0.0906521,0.00617426
0.091252,0.00604552
0.091852,0.00591678
0.092452,0.00578804
0.093052,0.00565929
0.093652,0.00553053
0.0942521,0.00540178
0.0948521,0.00527302
0.0954522,0.00514425
0.0960523,0.00501548
0.0966524,0.00488671
0.0972526,0.0048077
0.0978527,0.00472869
0.0984529,0.00464967
0.0990531,0.00457065
0.0996533,0.00449163
0.100253,0.00441261
0.100854,0.00433359
0.101454,0.00425456
0.102054,0.00417553
0.102655,0.0040965
0.103255,0.00401746
0.103855,0.00393843
0.104456,0.00385939
0.105056,0.00378035
0.105656,0.0037013
0.106257,0.00362226
0.106857,0.00354321
0.107458,0.00346416
0.108058,0.00338511
0.108659,0.00330605
0.109259,0.00322699
0.109859,0.00314793
0.11046,0.00314793
0.111061,0.00314793
0.111661,0.00314793
0.112262,0.00314793
0.112862,0.00314793
0.113463,0.00314793
0.114064,0.00314793
0.114664,0.00314793
0.115265,0.00314793
0.115866,0.00314793
0.116466,0.00314793
0.117067,0.00314793
0.117668,0.00314793
0.118268,0.00314793
0.118869,0.00314793
0.11947,0.00314793
0.120071,0.00314793
0.120672,0.00314793
0.121272,0.00314793
0.121873,0.00314793
0.122474,0.00314793
0.123075,0.00314793
0.123676,0.00314793
0.124277,0.00314793
0.124878,0.00314793
0.125479,0.00314793
0.12608,0.00314793
0.126681,0.00314793
0.127282,0.00314793
0.127883,0.00314793
0.128484,0.00314793
0.129085,0.00314793
0.129686,0.00314793
0.130287,0.00314793
0.130888,0.00314793
0.131489,0.00314793
0.13209,0.00314793
0.132691,0.00314793
0.133292,0.00314793
0.133893,0.00314793
0.134495,0.00314793
0.135096,0.00314793
0.135697,0.00314793
0.136298,0.00314793
0.1369,0.00314793
0.137501,0.00314793
0.138102,0.00314793
0.138703,0.00314793
0.139305,0.00314793
0.139906,0.00314793
0.140507,0.00314793
0.141109,0.00314793
0.14171,0.00314793
0.142311,0.00314793
0.142913,0.00314793
0.143514,0.00314793
0.144116,0.00314793
0.144717,0.00314793
0.145318,0.00314793
0.14592,0.00314793
0.146521,0.00314793
0.147123,0.00314793
0.147724,0.00314793
0.148326,0.00314793
0.148927,0.00314793
0.149529,0.00314793
0.150131,0.00314793
0.150732,0.00314793
0.151334,0.00314793
0.151935,0.00314793
0.152537,0.00314793
0.153139,0.00314793
0.15374,0.00314793
0.154342,0.00314793
0.154944,0.00314793
0.155545,0.00314793
0.156147,0.00314793
0.156749,0.00314793
0.157351,0.00314793
0.157952,0.00314793
0.158554,0.00314793
0.159156,0.00314793
0.159758,0.00314793
0.160359,0.00314793
0.160961,0.00314793
0.161563,0.00314793
0.162165,0.00314793
0.162767,0.00314793
0.163369,0.00314793
0.163971,0.00314793
0.164572,0.00314793
0.165174,0.00314793
0.165776,0.00314793
0.166378,0.00314793
0.16698,0.00314793
0.167582,0.00314793
0.168184,0.00314793
0.168786,0.00314793
0.169388,0.00314793
0.16999,0.00314793
0.170592,0.00314793
0.171194,0.00314793
0.171796,0.00314793
0.172398,0.00314793
0.173,0.00314793
0.173602,0.00314793
0.174205,0.00314793
0.174807,0.00314793
0.175409,0.00314793
0.176011,0.00314793
0.176613,0.00316349
0.177215,0.00317905
0.177817,0.00319461
0.17842,0.00321017
0.179022,0.00322573
0.179624,0.00324129
0.180226,0.00325685
0.180829,0.00327242
0.181431,0.00328798
0.182033,0.00330354
0.182635,0.0033191
0.183238,0.00333466
0.18384,0.00335023
0.184442,0.00336579
0.185045,0.00338135
0.185647,0.00339692
0.186249,0.00341248
0.186852,0.00342805
0.187454,0.00344361
0.188056,0.00345918
0.188659,0.00347474
0.189261,0.00349031
0.189864,0.00350587
0.190466,0.00352144
0.191069,0.00353701
0.191671,0.00355257
0.192273,0.00356814
0.192876,0.00358371
0.193478,0.00359927
0.194081,0.00361484
0.194683,0.00363041
0.195286,0.00364598
0.195888,0.00366155
0.196491,0.00367712
0.197094,0.00369269
0.197696,0.00370826
0.198299,0.00372383
0.198901,0.0037394
0.199504,0.00375497
0.200107,0.00377054
0.200709,0.00378611
0.201312,0.00380168
0.201914,0.00381725
0.202517,0.00383282
0.20312,0.0038484
0.203722,0.00386397
0.204325,0.00387954
0.204928,0.00389511
0.20553,0.00391069
0.206133,0.00392626
0.206736,0.00394184
0.207339,0.00395741
0.207941,0.00397298
0.208544,0.00398856
0.209147,0.00400413
0.20975,0.00401971
0.210352,0.00403528
0.210955,0.00405086
0.211558,0.00406643
0.212161,0.00408201
0.212764,0.00409759
0.213367,0.00411316
0.213969,0.00412874
0.214572,0.00414432
0.215175,0.0041599
0.215778,0.00417547
0.216381,0.00419105
0.216984,0.00420663
0.217587,0.00422221
0.21819,0.00423779
0.218793,0.00425337
0.219395,0.00426894
0.219998,0.00428452
0.220601,0.0043001
0.221204,0.00431568
0.221807,0.00433126
0.22241,0.00434684
0.223013,0.00436242
0.223616,0.00437801
0.224219,0.00439359
0.224822,0.00440917
0.225425,0.00442475
0.226028,0.00444033
0.226631,0.00445591
0.227234,0.0044715
0.227837,0.00448708
0.228441,0.00450266
0.229044,0.00451824
0.229647,0.00453383
0.23025,0.00454941
0.230853,0.00456499
0.231456,0.00458058
0.232059,0.00459616
0.232662,0.00461174
0.233265,0.00462733
0.233868,0.00464291
0.234472,0.0046585
0.235075,0.00467408
0.235678,0.00468967
0.236281,0.00470525
0.236884,0.00472084
0.237488,0.00473643
0.238091,0.00475201
0.238694,0.0047676
0.239297,0.00478318
0.2399,0.00479877
0.240504,0.00481436
0.241107,0.00482994
0.24171,0.00484553
0.242313,0.00486112
0.242917,0.00487671
0.24352,0.0048923
0.244123,0.00490788
0.244726,0.00492347
0.24533,0.00493906
0.245933,0.00495465
0.246536,0.00497024
0.24714,0.00498583
0.247743,0.00500142
0.248346,0.00501701
0.24895,0.0050326
0.249553,0.00504818
0.250156,0.00506377
0.25076,0.00507937
0.251363,0.00509496
0.251966,0.00511055
0.25257,0.00512614
0.253173,0.00514173
0.253777,0.00515732
0.25438,0.00517291
0.254983,0.0051885
0.255587,0.00520409
0.25619,0.00521968
0.256794,0.00523528
0.257397,0.00525087
0.258,0.00526646
0.258604,0.00528205
0.259207,0.00529765
0.259811,0.00531324
0.260414,0.00532883
0.261018,0.00534442
0.261621,0.00536002
0.262225,0.00537561
0.262828,0.00539121
0.263432,0.0054068
0.264035,0.00542239
0.264639,0.00543799
0.265242,0.00545358
0.265846,0.00546918
0.266449,0.00548477
0.267053,0.00550036
0.267656,0.00551596
0.26826,0.00553155
0.268863,0.00554715
0.269467,0.00556274
0.270071,0.00557834
0.270674,0.00559394
0.271278,0.00560953
0.271881,0.00562513
0.272485,0.00564072
0.273088,0.00565632
0.273692,0.00567192
0.274296,0.00568751
0.274899,0.00570311
0.275503,0.00571871
0.276106,0.0057343
0.27671,0.0057499
0.277314,0.0057655
0.277917,0.00578109
0.278521,0.00579669
0.279125,0.00581229
0.279728,0.00582789
0.280332,0.00584348
0.280935,0.00585908
0.281539,0.00587468
0.282143,0.00589028
0.282746,0.00590588
0.28335,0.00592147
0.283954,0.00593707
0.284557,0.00595267
0.285161,0.00596827
0.285765,0.00598387
0.286369,0.00599947
0.286972,0.00601507
0.287576,0.00603067
0.28818,0.00604627
0.288783,0.00606186
0.289387,0.00607746
0.289991,0.00609306
0.290595,0.00610866
0.291198,0.00612426
0.291802,0.00613986
0.292406,0.00615546
0.293009,0.00617106
0.293613,0.00618666
0.294217,0.00620226
0.294821,0.00621786
0.295424,0.00623346
0.296028,0.00624907
0.296632,0.00626467
0.297236,0.00628027
0.29784,0.00629587
0.298443,0.00631147
0.299047,0.00632707
0.299651,0.00634267
0.300255,0.00635827
0.300858,0.00637387
0.301462,0.00638948
0.302066,0.00640508
0.30267,0.00642068
0.303274,0.00643628
0.303877,0.00645188
0.304481,0.00646748
0.305085,0.00648309
0.305689,0.00649869
0.306293,0.00651429
0.306897,0.00652989
0.3075,0.00654549
0.308104,0.0065611
0.308708,0.0065767
0.309312,0.0065923
0.309916,0.0066079
0.310519,0.00662351
0.311123,0.00663911
0.311727,0.00665471
0.312331,0.00667031
0.312935,0.00668592
0.313539,0.00670152
0.314143,0.00671712
0.314746,0.00673273
0.31535,0.00674833
0.315954,0.00676393
0.316558,0.00677954
0.317162,0.00679514
0.317766,0.00681074
0.31837,0.00682635
0.318973,0.00684195
0.319577,0.00685755
0.320181,0.00687316
0.320785,0.00688876
0.321389,0.00690436
0.321993,0.00691997
0.322597,0.00693557
0.323201,0.00695118
0.323804,0.00696678
0.324408,0.00698238
0.325012,0.00699799
0.325616,0.00701359
0.32622,0.0070292
0.326824,0.0070448
0.327428,0.0070604
0.328032,0.00707601
0.328636,0.00709161
0.32924,0.00710722
0.329843,0.00712282
0.330447,0.00713843
0.331051,0.00715403
0.331655,0.00716963
0.332259,0.00718524
0.332863,0.00720084
0.333467,0.00721645
0.334071,0.00723205
0.334675,0.00724766
0.335279,0.00726326
0.335882,0.00727886
0.336486,0.00729447
0.33709,0.00731007
0.337694,0.00732568
0.338298,0.00734128
0.338902,0.00735689
0.339506,0.00737249
0.34011,0.0073881
0.340714,0.0074037
0.341318,0.00741931
0.341922,0.00743491
0.342526,0.00745052
0.343129,0.00746612
0.343733,0.00748173
0.344337,0.00749733
0.344941,0.00751293
0.345545,0.00752854
0.346149,0.00754414
0.346753,0.00755975
0.347368,0.00757535
0.348006,0.00759154
0.348667,0.00760832
0.349353,0.00762572
0.350063,0.00764375
0.3508,0.00766244
0.351562,0.00768179
0.352352,0.00770184
0.353169,0.0077226
0.354015,0.00774409
0.35489,0.00776632
0.355796,0.00778932
0.356732,0.0078131
0.357699,0.00783769
0.358699,0.0078631
0.359732,0.00788935
0.360798,0.00791647
0.361898,0.00794445
0.363034,0.00797333
0.364204,0.00800313
0.365412,0.00803385
0.366655,0.00806551
0.367937,0.00809813
0.369256,0.00813172
0.370613,0.00816629
0.372009,0.00820186
0.373444,0.00823843
0.374919,0.00827603
0.376433,0.00831464
0.377988,0.00835429
0.379582,0.00839497
0.381217,0.0084367
0.382893,0.00847947
0.384608,0.00852328
0.386364,0.00856813
0.38816,0.00861402
0.389996,0.00866095
0.391871,0.0087089
0.393786,0.00875786
0.395739,0.00880783
0.397729,0.00885878
0.399757,0.00891071
0.401822,0.00896359
0.403922,0.0090174
0.406057,0.00907211
0.408225,0.00912771
0.410425,0.00918416
0.412657,0.00924143
0.414918,0.00929949
0.417208,0.0093583
0.419524,0.00941781
0.421866,0.009478
0.424231,0.00953882
0.426618,0.00960023
0.429024,0.00966217
0.431449,0.0097246
0.43389,0.00978747
0.436344,0.00985072
0.438811,0.00991431
0.441287,0.00997819
0.443771,0.0100423
0.44626,0.0101066
0.448753,0.0101709
0.451247,0.0102354
-0.000298318,0.0105392
0.000298318,0.0105392
0.000894966,0.0105392
0.00149164,0.0105392
0.00208834,0.0105392
0.00268506,0.0105392
0.00328181,0.0105392
0.00387858,0.0105392
0.00447538,0.0105392
0.0050722,0.0105392
0.00566905,0.0105392
0.00626592,0.0105392
0.00686282,0.0105392
0.00745974,0.0105392
0.00805669,0.0105392
0.00865366,0.0105392
0.00925066,0.0105392
0.00984768,0.0105392
0.0104447,0.0105392
0.0110418,0.0105392
0.0116389,0.0105392
0.012236,0.0105392
0.0128331,0.0105392
0.0134303,0.0105392
0.0140275,0.0105392
0.0146247,0.0105392
0.0152219,0.0105392
0.0158192,0.0105392
0.0164165,0.0105392
0.0170138,0.0105392
0.0176111,0.0105392
0.0182085,0.0105392
0.0188059,0.0105392
0.0194033,0.0105392
0.0200007,0.0105392
0.0205982,0.0105392
0.0211956,0.0105392
0.0217931,0.0105392
0.0223907,0.0105392
0.0229882,0.0105392
0.0235858,0.0105392
0.0241834,0.0105392
0.024781,0.0105392
0.0253786,0.0105392
0.0259763,0.0105392
0.026574,0.0105392
0.0271717,0.0105392
0.0277694,0.0105392
0.0283672,0.0105392
0.028965,0.0105392
0.0295628,0.0105392
0.0301606,0.0105392
0.0307585,0.0105392
0.0313563,0.0105392
0.0319542,0.0105392
0.0325521,0.0105392
0.0331501,0.0105392
0.033748,0.0105392
0.034346,0.0105392
0.034944,0.0105392
0.0355421,0.0105392
0.0361401,0.0105392
0.0367382,0.0105392
0.0373363,0.0105392
0.0379344,0.0105392
0.0385326,0.0105392
0.0391307,0.0105392
0.0397289,0.0105392
0.0403271,0.0105392
0.0409254,0.0105392
0.0415236,0.0105392
0.0421219,0.0105392
0.0427202,0.0105392
0.0433185,0.0105392
0.0439169,0.0105392
0.0445152,0.0105392
0.0451136,0.0105392
0.045712,0.0105392
0.0463105,0.0105392
0.0469089,0.0105392
0.0475074,0.0105392
0.0481059,0.0105392
0.0487044,0.0105392
0.0493029,0.0105392
0.0499015,0.0105392
0.0505001,0.0105392
0.0510987,0.0105392
0.0516973,0.0104859
0.052296,0.0104326
0.0528946,0.0103792
0.0534933,0.0103259
0.054092,0.0102725
0.0546908,0.0102192
0.0552895,0.0101658
0.0558883,0.0101125
0.0564871,0.0100591
0.0570859,0.0100058
0.0576848,0.00995243
0.0582836,0.00989907
0.0588825,0.00984571
0.0594814,0.00979235
0.0600803,0.00973899
0.0606793,0.00968562
0.0612782,0.00963225
0.0618772,0.00957888
0.0624762,0.00952551
0.0630753,0.00947214
0.0636743,0.00941876
0.0642734,0.00936538
0.0648725,0.00931201
0.0654716,0.00925863
0.0660707,0.00920524
0.0666698,0.00915186
0.067269,0.00909847
0.0678682,0.00904508
0.0684674,0.00899169
0.0690667,0.0089383
0.0696659,0.00888491
0.0702652,0.00883151
0.0708645,0.00877812
0.0714638,0.00872472
0.0720631,0.00867132
0.0726625,0.00861792
0.0732618,0.00856451
0.0738612,0.00851111
0.0744606,0.0084577
0.0750601,0.00840429
0.0756595,0.00835088
0.076259,0.00829746
0.0768585,0.00824405
0.077458,0.00819063
0.0780575,0.00813722
0.0786571,0.0080838
0.0792566,0.00803037
0.0798562,0.00797695
0.0804558,0.00792352
0.0810555,0.0078701
0.0816551,0.00781667
0.0822548,0.00776324
0.0828545,0.00770981
0.0834542,0.00765637
0.0840539,0.00760294
0.0846536,0.0075495
0.0852534,0.00749606
0.0858532,0.00744262
0.086453,0.00731177
0.0870528,0.00718092
0.0876526,0.00705007
0.0882525,0.00691921
0.0888524,0.00678835
0.0894522,0.00665748
0.0900522,0.00652661
0.0906521,0.00639573
0.091252,0.00626485
0.091852,0.00613397
0.092452,0.00600308
0.093052,0.00587219
0.093652,0.00574129
0.0942521,0.00561039
0.0948521,0.00547949
0.0954522,0.00534858
0.0960523,0.00521767
0.0966524,0.00508675
0.0972526,0.00500931
0.0978527,0.00493186
0.0984529,0.0048544
0.0990531,0.00477695
0.0996533,0.00469949
0.100253,0.00462203
0.100854,0.00454457
0.101454,0.00446711
0.102054,0.00438964
0.102655,0.00431217
0.103255,0.0042347
0.103855,0.00415723
0.104456,0.00407975
0.105056,0.00400227
0.105656,0.00392479
0.106257,0.00384731
0.106857,0.00376983
0.107458,0.00369234
0.108058,0.00361485
0.108659,0.00353736
0.109259,0.00345987
0.109859,0.00338237
0.11046,0.00338237
0.111061,0.00338237
0.111661,0.00338237
0.112262,0.00338237
0.112862,0.00338237
0.113463,0.00338237
0.114064,0.00338237
0.114664,0.00338237
0.115265,0.00338237
0.115866,0.00338237
0.116466,0.00338237
0.117067,0.00338237
0.117668,0.00338237
0.118268,0.00338237
0.118869,0.00338237
0.11947,0.00338237
0.120071,0.00338237
0.120672,0.00338237
0.121272,0.00338237
0.121873,0.00338237
0.122474,0.00338237
0.123075,0.00338237
0.123676,0.00338237
0.124277,0.00338237
0.124878,0.00338237
0.125479,0.00338237
0.12608,0.00338237
0.126681,0.00338237
0.127282,0.00338237
0.127883,0.00338237
0.128484,0.00338237
0.129085,0.00338237
0.129686,0.00338237
0.130287,0.00338237
0.130888,0.00338237
0.131489,0.00338237
0.13209,0.00338237
0.132691,0.00338237
0.133292,0.00338237
0.133893,0.00338237
0.134495,0.00338237
0.135096,0.00338237
0.135697,0.00338237
0.136298,0.00338237
0.1369,0.00338237
0.137501,0.00338237
0.138102,0.00338237
0.138703,0.00338237
0.139305,0.00338237
0.139906,0.00338237
0.140507,0.00338237
0.141109,0.00338237
0.14171,0.00338237
0.142311,0.00338237
0.142913,0.00338237
0.143514,0.00338237
0.144116,0.00338237
0.144717,0.00338237
0.145318,0.00338237
0.14592,0.00338237
0.146521,0.00338237
0.147123,0.00338237
0.147724,0.00338237
0.148326,0.00338237
0.148927,0.00338237
0.149529,0.00338237
0.150131,0.00338237
0.150732,0.00338237
0.151334,0.00338237
0.151935,0.00338237
0.152537,0.00338237
0.153139,0.00338237
0.15374,0.00338237
0.154342,0.00338237
0.154944,0.00338237
0.155545,0.00338237
0.156147,0.00338237
0.156749,0.00338237
0.157351,0.00338237
0.157952,0.00338237
0.158554,0.00338237
0.159156,0.00338237
0.159758,0.00338237
0.160359,0.00338237
0.160961,0.00338237
0.161563,0.00338237
0.162165,0.00338237
0.162767,0.00338237
0.163369,0.00338237
0.163971,0.00338237
0.164572,0.00338237
0.165174,0.00338237
0.165776,0.00338237
0.166378,0.00338237
0.16698,0.00338237
0.167582,0.00338237
0.168184,0.00338237
0.168786,0.00338237
0.169388,0.00338237
0.16999,0.00338237
0.170592,0.00338237
0.171194,0.00338237
0.171796,0.00338237
0.172398,0.00338237
0.173,0.00338237
0.173602,0.00338237
0.174205,0.00338237
0.174807,0.00338237
0.175409,0.00338237
0.176011,0.00338237
0.176613,0.00339909
0.177215,0.00341581
0.177817,0.00343253
0.17842,0.00344924
0.179022,0.00346596
0.179624,0.00348268
0.180226,0.0034994
0.180829,0.00351612
0.181431,0.00353284
0.182033,0.00354956
0.182635,0.00356629
0.183238,0.00358301
0.18384,0.00359973
0.184442,0.00361645
0.185045,0.00363317
0.185647,0.0036499
0.186249,0.00366662
0.186852,0.00368334
0.187454,0.00370007
0.188056,0.00371679
0.188659,0.00373352
0.189261,0.00375024
0.189864,0.00376697
0.190466,0.00378369
0.191069,0.00380042
0.191671,0.00381714
0.192273,0.00383387
0.192876,0.0038506
0.193478,0.00386732
0.194081,0.00388405
0.194683,0.00390078
0.195286,0.00391751
0.195888,0.00393424
0.196491,0.00395096
0.197094,0.00396769
0.197696,0.00398442
0.198299,0.00400115
0.198901,0.00401788
0.199504,0.00403461
0.200107,0.00405134
0.200709,0.00406807
0.201312,0.0040848
0.201914,0.00410153
0.202517,0.00411827
0.20312,0.004135
0.203722,0.00415173
0.204325,0.00416846
0.204928,0.0041852
0.20553,0.00420193
0.206133,0.00421866
0.206736,0.0042354
0.207339,0.00425213
0.207941,0.00426886
0.208544,0.0042856
0.209147,0.00430233
0.20975,0.00431907
0.210352,0.0043358
0.210955,0.00435254
0.211558,0.00436928
0.212161,0.00438601
0.212764,0.00440275
0.213367,0.00441948
0.213969,0.00443622
0.214572,0.00445296
0.215175,0.0044697
0.215778,0.00448643
0.216381,0.00450317
0.216984,0.00451991
0.217587,0.00453665
0.21819,0.00455339
0.218793,0.00457013
0.219395,0.00458687
0.219998,0.00460361
0.220601,0.00462035
0.221204,0.00463709
0.221807,0.00465383
0.22241,0.00467057
0.223013,0.00468731
0.223616,0.00470405
0.224219,0.00472079
0.224822,0.00473753
0.225425,0.00475427
0.226028,0.00477102
0.226631,0.00478776
0.227234,0.0048045
0.227837,0.00482124
0.228441,0.00483799
0.229044,0.00485473
0.229647,0.00487147
0.23025,0.00488822
0.230853,0.00490496
0.231456,0.00492171
0.232059,0.00493845
0.232662,0.0049552
0.233265,0.00497194
0.233868,0.00498869
0.234472,0.00500543
0.235075,0.00502218
0.235678,0.00503892
0.236281,0.00505567
0.236884,0.00507242
0.237488,0.00508916
0.238091,0.00510591
0.238694,0.00512266
0.239297,0.0051394
0.2399,0.00515615
0.240504,0.0051729
0.241107,0.00518965
0.24171,0.00520639
0.242313,0.00522314
0.242917,0.00523989
0.24352,0.00525664
0.244123,0.00527339
0.244726,0.00529014
0.24533,0.00530689
0.245933,0.00532364
0.246536,0.00534039
0.24714,0.00535714
0.247743,0.00537389
0.248346,0.00539064
0.24895,0.00540739
0.249553,0.00542414
0.250156,0.00544089
0.25076,0.00545764
0.251363,0.00547439
0.251966,0.00549114
0.25257,0.0055079
0.253173,0.00552465
0.253777,0.0055414
0.25438,0.00555815
0.254983,0.00557491
0.255587,0.00559166
0.25619,0.00560841
0.256794,0.00562516
0.257397,0.00564192
0.258,0.00565867
0.258604,0.00567542
0.259207,0.00569218
0.259811,0.00570893
0.260414,0.00572569
0.261018,0.00574244
0.261621,0.0057592
0.262225,0.00577595
0.262828,0.00579271
0.263432,0.00580946
0.264035,0.00582622
0.264639,0.00584297
0.265242,0.00585973
0.265846,0.00587648
0.266449,0.00589324
0.267053,0.00590999
0.267656,0.00592675
0.26826,0.00594351
0.268863,0.00596026
0.269467,0.00597702
0.270071,0.00599378
0.270674,0.00601053
0.271278,0.00602729
0.271881,0.00604405
0.272485,0.00606081
0.273088,0.00607756
0.273692,0.00609432
0.274296,0.00611108
0.274899,0.00612784
0.275503,0.0061446
0.276106,0.00616135
0.27671,0.00617811
0.277314,0.00619487
0.277917,0.00621163
0.278521,0.00622839
0.279125,0.00624515
0.279728,0.00626191
0.280332,0.00627867
0.280935,0.00629543
0.281539,0.00631219
0.282143,0.00632894
0.282746,0.0063457
0.28335,0.00636246
0.283954,0.00637922
0.284557,0.00639599
0.285161,0.00641275
0.285765,0.00642951
0.286369,0.00644627
0.286972,0.00646303
0.287576,0.00647979
0.28818,0.00649655
0.288783,0.00651331
0.289387,0.00653007
0.289991,0.00654683
0.290595,0.00656359
0.291198,0.00658036
0.291802,0.00659712
0.292406,0.00661388
0.293009,0.00663064
0.293613,0.0066474
0.294217,0.00666417
0.294821,0.00668093
0.295424,0.00669769
0.296028,0.00671445
0.296632,0.00673122
0.297236,0.00674798
0.29784,0.00676474
0.298443,0.0067815
0.299047,0.00679827
0.299651,0.00681503
0.300255,0.00683179
0.300858,0.00684856
0.301462,0.00686532
0.302066,0.00688208
0.30267,0.00689885
0.303274,0.00691561
0.303877,0.00693237
0.304481,0.00694914
0.305085,0.0069659
0.305689,0.00698267
0.306293,0.00699943
0.306897,0.00701619
0.3075,0.00703296
0.308104,0.00704972
0.308708,0.00706649
0.309312,0.00708325
0.309916,0.00710002
0.310519,0.00711678
0.311123,0.00713354
0.311727,0.00715031
0.312331,0.00716707
0.312935,0.00718384
0.313539,0.0072006
0.314143,0.00721737
0.314746,0.00723413
0.31535,0.0072509
0.315954,0.00726766
0.316558,0.00728443
0.317162,0.0073012
0.317766,0.00731796
0.31837,0.00733473
0.318973,0.00735149
0.319577,0.00736826
0.320181,0.00738502
0.320785,0.00740179
0.321389,0.00741855
0.321993,0.00743532
0.322597,0.00745209
0.323201,0.00746885
0.323804,0.00748562
0.324408,0.00750238
0.325012,0.00751915
0.325616,0.00753592
0.32622,0.00755268
0.326824,0.00756945
0.327428,0.00758621
0.328032,0.00760298
0.328636,0.00761975
0.32924,0.00763651
0.329843,0.00765328
0.330447,0.00767005
0.331051,0.00768681
0.331655,0.00770358
0.332259,0.00772035
0.332863,0.00773711
0.333467,0.00775388
0.334071,0.00777064
0.334675,0.00778741
0.335279,0.00780418
0.335882,0.00782094
0.336486,0.00783771
0.33709,0.00785448
0.337694,0.00787124
0.338298,0.00788801
0.338902,0.00790478
0.339506,0.00792154
0.34011,0.00793831
0.340714,0.00795508
0.341318,0.00797185
0.341922,0.00798861
0.342526,0.00800538
0.343129,0.00802215
0.343733,0.00803891
0.344337,0.00805568
0.344941,0.00807245
0.345545,0.00808921
0.346149,0.00810598
0.346753,0.00812275
0.347368,0.00813951
0.348006,0.0081569
0.348667,0.00817493
0.349353,0.00819363
0.350063,0.00821301
0.3508,0.00823308
0.351562,0.00825388
0.352352,0.00827542
0.353169,0.00829773
0.354015,0.00832081
0.35489,0.0083447
0.355796,0.00836941
0.356732,0.00839497
0.357699,0.00842139
0.358699,0.00844869
0.359732,0.0084769
0.360798,0.00850603
0.361898,0.0085361
0.363034,0.00856713
0.364204,0.00859914
0.365412,0.00863215
0.366655,0.00866617
0.367937,0.00870122
0.369256,0.00873731
0.370613,0.00877446
0.372009,0.00881268
0.373444,0.00885198
0.374919,0.00889237
0.376433,0.00893386
0.377988,0.00897646
0.379582,0.00902017
0.381217,0.00906501
0.382893,0.00911096
0.384608,0.00915803
0.386364,0.00920623
0.38816,0.00925554
0.389996,0.00930596
0.391871,0.00935747
0.393786,0.00941008
0.395739,0.00946377
0.397729,0.00951852
0.399757,0.00957432
0.401822,0.00963113
0.403922,0.00968895
0.406057,0.00974774
0.408225,0.00980748
0.410425,0.00986814
0.412657,0.00992967
0.414918,0.00999205
0.417208,0.0100552
0.419524,0.0101192
0.421866,0.0101839
0.424231,0.0102492
0.426618,0.0103152
0.429024,0.0103817
0.431449,0.0104488
0.43389,0.0105164
0.436344,0.0105843
0.438811,0.0106527
0.441287,0.0107213
0.443771,0.0107902
0.44626,0.0108592
0.448753,0.0109284
0.451247,0.0109976
-0.000298318,0.0109928
0.000298318,0.0109928
0.000894966,0.0109928
0.00149164,0.0109928
0.00208834,0.0109928
0.00268506,0.0109928
0.00328181,0.0109928
0.00387858,0.0109928
0.00447538,0.0109928
0.0050722,0.0109928
0.00566905,0.0109928
0.00626592,0.0109928
0.00686282,0.0109928
0.00745974,0.0109928
0.00805669,0.0109928
0.00865366,0.0109928
0.00925066,0.0109928
0.00984768,0.0109928
0.0104447,0.0109928
0.0110418,0.0109928
0.0116389,0.0109928
0.012236,0.0109928
0.0128331,0.0109928
0.0134303,0.0109928
0.0140275,0.0109928
0.0146247,0.0109928
0.0152219,0.0109928
0.0158192,0.0109928
0.0164165,0.0109928
0.0170138,0.0109928
0.0176111,0.0109928
0.0182085,0.0109928
0.0188059,0.0109928
0.0194033,0.0109928
0.0200007,0.0109928
0.0205982,0.0109928
0.0211956,0.0109928
0.0217931,0.0109928
0.0223907,0.0109928
0.0229882,0.0109928
0.0235858,0.0109928
0.0241834,0.0109928
0.024781,0.0109928
0.0253786,0.0109928
0.0259763,0.0109928
0.026574,0.0109928
0.0271717,0.0109928
0.0277694,0.0109928
0.0283672,0.0109928
0.028965,0.0109928
0.0295628,0.0109928
0.0301606,0.0109928
0.0307585,0.0109928
0.0313563,0.0109928
0.0319542,0.0109928
0.0325521,0.0109928
0.0331501,0.0109928
0.033748,0.0109928
0.034346,0.0109928
0.034944,0.0109928
0.0355421,0.0109928
0.0361401,0.0109928
0.0367382,0.0109928
0.0373363,0.0109928
0.0379344,0.0109928
0.0385326,0.0109928
0.0391307,0.0109928
0.0397289,0.0109928
0.0403271,0.0109928
0.0409254,0.0109928
0.0415236,0.0109928
0.0421219,0.0109928
0.0427202,0.0109928
0.0433185,0.0109928
0.0439169,0.0109928
0.0445152,0.0109928
0.0451136,0.0109928
0.045712,0.0109928
0.0463105,0.0109928
0.0469089,0.0109928
0.0475074,0.0109928
0.0481059,0.0109928
0.0487044,0.0109928
0.0493029,0.0109928
0.0499015,0.0109928
0.0505001,0.0109928
0.0510987,0.0109928
0.0516973,0.0109357
0.052296,0.0108787
0.0528946,0.0108216
0.0534933,0.0107646
0.054092,0.0107076
0.0546908,0.0106505
0.0552895,0.0105935
0.0558883,0.0105364
0.0564871,0.0104794
0.0570859,0.0104223
0.0576848,0.0103652
0.0582836,0.0103082
0.0588825,0.0102511
0.0594814,0.0101941
0.0600803,0.010137
0.0606793,0.0100799
0.0612782,0.0100229
0.0618772,0.00996578
0.0624762,0.00990871
0.0630753,0.00985164
0.0636743,0.00979456
0.0642734,0.00973748
0.0648725,0.0096804
0.0654716,0.00962332
0.0660707,0.00956623
0.0666698,0.00950915
0.067269,0.00945206
0.0678682,0.00939497
0.0684674,0.00933787
0.0690667,0.00928078
0.0696659,0.00922368
0.0702652,0.00916659
0.0708645,0.00910949
0.0714638,0.00905238
0.0720631,0.00899528
0.0726625,0.00893817
0.0732618,0.00888107
0.0738612,0.00882396
0.0744606,0.00876684
0.0750601,0.00870973
0.0756595,0.00865262
0.076259,0.0085955
0.0768585,0.00853838
0.077458,0.00848126
0.0780575,0.00842414
0.0786571,0.00836701
0.0792566,0.00830988
0.0798562,0.00825276
0.0804558,0.00819563
0.0810555,0.00813849
0.0816551,0.00808136
0.0822548,0.00802422
0.0828545,0.00796709
0.0834542,0.00790995
0.0840539,0.00785281
0.0846536,0.00779566
0.0852534,0.00773852
0.0858532,0.00768137
0.086453,0.00754838
0.0870528,0.00741539
0.0876526,0.00728239
0.0882525,0.00714939
0.0888524,0.00701638
0.0894522,0.00688337
0.0900522,0.00675035
0.0906521,0.00661733
0.091252,0.00648431
0.091852,0.00635128
0.092452,0.00621825
0.093052,0.00608521
0.093652,0.00595217
0.0942521,0.00581913
0.0948521,0.00568608
0.0954522,0.00555303
0.0960523,0.00541997
0.0966524,0.00528691
0.0972526,0.00521103
0.0978527,0.00513514
0.0984529,0.00505925
0.0990531,0.00498336
0.0996533,0.00490747
0.100253,0.00483157
0.100854,0.00475568
0.101454,0.00467978
0.102054,0.00460387
0.102655,0.00452797
0.103255,0.00445206
0.103855,0.00437615
0.104456,0.00430024
0.105056,0.00422433
0.105656,0.00414841
0.106257,0.0040725
0.106857,0.00399658
0.107458,0.00392065
0.108058,0.00384473
0.108659,0.0037688
0.109259,0.00369287
0.109859,0.00361694
0.11046,0.00361694
0.111061,0.00361694
0.111661,0.00361694
0.112262,0.00361694
0.112862,0.00361694
0.113463,0.00361694
0.114064,0.00361694
0.114664,0.00361694
0.115265,0.00361694
0.115866,0.00361694
0.116466,0.00361694
0.117067,0.00361694
0.117668,0.00361694
0.118268,0.00361694
0.118869,0.00361694
0.11947,0.00361694
0.120071,0.00361694
0.120672,0.00361694
0.121272,0.00361694
0.121873,0.00361694
0.122474,0.00361694
0.123075,0.00361694
0.123676,0.00361694
0.124277,0.00361694
0.124878,0.00361694
0.125479,0.00361694
0.12608,0.00361694
0.126681,0.00361694
0.127282,0.00361694
0.127883,0.00361694
0.128484,0.00361694
0.129085,0.00361694
0.129686,0.00361694
0.130287,0.00361694
0.130888,0.00361694
0.131489,0.00361694
0.13209,0.00361694
0.132691,0.00361694
0.133292,0.00361694
0.133893,0.00361694
0.134495,0.00361694
0.135096,0.00361694
0.135697,0.00361694
0.136298,0.00361694
0.1369,0.00361694
0.137501,0.00361694
0.138102,0.00361694
0.138703,0.00361694
0.139305,0.00361694
0.139906,0.00361694
0.140507,0.00361694
0.141109,0.00361694
0.14171,0.00361694
0.142311,0.00361694
0.142913,0.00361694
0.143514,0.00361694
0.144116,0.00361694
0.144717,0.00361694
0.145318,0.00361694
0.14592,0.00361694
0.146521,0.00361694
0.147123,0.00361694
0.147724,0.00361694
0.148326,0.00361694
0.148927,0.00361694
0.149529,0.00361694
0.150131,0.00361694
0.150732,0.00361694
0.151334,0.00361694
0.151935,0.00361694
0.152537,0.00361694
0.153139,0.00361694
0.15374,0.00361694
0.154342,0.00361694
0.154944,0.00361694
0.155545,0.00361694
0.156147,0.00361694
0.156749,0.00361694
0.157351,0.00361694
0.157952,0.00361694
0.158554,0.00361694
0.159156,0.00361694
0.159758,0.00361694
0.160359,0.00361694
0.160961,0.00361694
0.161563,0.00361694
0.162165,0.00361694
0.162767,0.00361694
0.163369,0.00361694
0.163971,0.00361694
0.164572,0.00361694
0.165174,0.00361694
0.165776,0.00361694
0.166378,0.00361694
0.16698,0.00361694
0.167582,0.00361694
0.168184,0.00361694
0.168786,0.00361694
0.169388,0.00361694
0.16999,0.00361694
0.170592,0.00361694
0.171194,0.00361694
0.171796,0.00361694
0.172398,0.00361694
0.173,0.00361694
0.173602,0.00361694
0.174205,0.00361694
0.174807,0.00361694
0.175409,0.00361694
0.176011,0.00361694
0.176613,0.00363482
0.177215,0.0036527
0.177817,0.00367057
0.17842,0.00368845
0.179022,0.00370633
0.179624,0.00372421
0.180226,0.00374209
0.180829,0.00375997
0.181431,0.00377785
0.182033,0.00379573
0.182635,0.00381361
0.183238,0.00383149
0.18384,0.00384937
0.184442,0.00386726
0.185045,0.00388514
0.185647,0.00390302
0.186249,0.0039209
0.186852,0.00393879
0.187454,0.00395667
0.188056,0.00397456
0.188659,0.00399244
0.189261,0.00401032
0.189864,0.00402821
0.190466,0.00404609
0.191069,0.00406398
0.191671,0.00408187
0.192273,0.00409975
0.192876,0.00411764
0.193478,0.00413553
0.194081,0.00415341
0.194683,0.0041713
0.195286,0.00418919
0.195888,0.00420708
0.196491,0.00422497
0.197094,0.00424286
0.197696,0.00426075
0.198299,0.00427864
0.198901,0.00429653
0.199504,0.00431442
0.200107,0.00433231
0.200709,0.0043502
0.201312,0.00436809
0.201914,0.00438598
0.202517,0.00440387
0.20312,0.00442177
0.203722,0.00443966
0.204325,0.00445755
0.204928,0.00447544
0.20553,0.00449334
0.206133,0.00451123
0.206736,0.00452913
0.207339,0.00454702
0.207941,0.00456491
0.208544,0.00458281
0.209147,0.00460071
0.20975,0.0046186
0.210352,0.0046365
0.210955,0.00465439
0.211558,0.00467229
0.212161,0.00469019
0.212764,0.00470808
0.213367,0.00472598
0.213969,0.00474388
0.214572,0.00476178
0.215175,0.00477967
0.215778,0.00479757
0.216381,0.00481547
0.216984,0.00483337
0.217587,0.00485127
0.21819,0.00486917
0.218793,0.00488707
0.219395,0.00490497
0.219998,0.00492287
0.220601,0.00494077
0.221204,0.00495867
0.221807,0.00497657
0.22241,0.00499448
0.223013,0.00501238
0.223616,0.00503028
0.224219,0.00504818
0.224822,0.00506609
0.225425,0.00508399
0.226028,0.00510189
0.226631,0.00511979
0.227234,0.0051377
0.227837,0.0051556
0.228441,0.00517351
0.229044,0.00519141
0.229647,0.00520932
0.23025,0.00522722
0.230853,0.00524513
0.231456,0.00526303
0.232059,0.00528094
0.232662,0.00529884
0.233265,0.00531675
0.233868,0.00533466
0.234472,0.00535256
0.235075,0.00537047
0.235678,0.00538838
0.236281,0.00540629
0.236884,0.00542419
0.237488,0.0054421
0.238091,0.00546001
0.238694,0.00547792
0.239297,0.00549583
0.2399,0.00551374
0.240504,0.00553164
0.241107,0.00554955
0.24171,0.00556746
0.242313,0.00558537
0.242917,0.00560328
0.24352,0.00562119
0.244123,0.0056391
0.244726,0.00565702
0.24533,0.00567493
0.245933,0.00569284
0.246536,0.00571075
0.24714,0.00572866
0.247743,0.00574657
0.248346,0.00576448
0.24895,0.0057824
0.249553,0.00580031
0.250156,0.00581822
0.25076,0.00583613
0.251363,0.00585405
0.251966,0.00587196
0.25257,0.00588988
0.253173,0.00590779
0.253777,0.0059257
0.25438,0.00594362
0.254983,0.00596153
0.255587,0.00597945
0.25619,0.00599736
0.256794,0.00601528
0.257397,0.00603319
0.258,0.00605111
0.258604,0.00606902
0.259207,0.00608694
0.259811,0.00610485
0.260414,0.00612277
0.261018,0.00614069
0.261621,0.0061586
0.262225,0.00617652
0.262828,0.00619444
0.263432,0.00621235
0.264035,0.00623027
0.264639,0.00624819
0.265242,0.0062661
0.265846,0.00628402
0.266449,0.00630194
0.267053,0.00631986
0.267656,0.00633778
0.26826,0.0063557
0.268863,0.00637361
0.269467,0.00639153
0.270071,0.00640945
0.270674,0.00642737
0.271278,0.00644529
0.271881,0.00646321
0.272485,0.00648113
0.273088,0.00649905
0.273692,0.00651697
0.274296,0.00653489
0.274899,0.00655281
0.275503,0.00657073
0.276106,0.00658865
0.27671,0.00660657
0.277314,0.00662449
0.277917,0.00664241
0.278521,0.00666033
0.279125,0.00667826
0.279728,0.00669618
0.280332,0.0067141
0.280935,0.00673202
0.281539,0.00674994
0.282143,0.00676786
0.282746,0.00678579
0.28335,0.00680371
0.283954,0.00682163
0.284557,0.00683955
0.285161,0.00685748
0.285765,0.0068754
0.286369,0.00689332
0.286972,0.00691125
0.287576,0.00692917
0.28818,0.00694709
0.288783,0.00696502
0.289387,0.00698294
0.289991,0.00700086
0.290595,0.00701879
0.291198,0.00703671
0.291802,0.00705464
0.292406,0.00707256
0.293009,0.00709048
0.293613,0.00710841
0.294217,0.00712633
0.294821,0.00714426
0.295424,0.00716218
0.296028,0.00718011
0.296632,0.00719803
0.297236,0.00721596
0.29784,0.00723388
0.298443,0.00725181
0.299047,0.00726973
0.299651,0.00728766
0.300255,0.00730559
0.300858,0.00732351
0.301462,0.00734144
0.302066,0.00735936
0.30267,0.00737729
0.303274,0.00739522
0.303877,0.00741314
0.304481,0.00743107
0.305085,0.00744899
0.305689,0.00746692
0.306293,0.00748485
0.306897,0.00750277
0.3075,0.0075207
0.308104,0.00753863
0.308708,0.00755656
0.309312,0.00757448
0.309916,0.00759241
0.310519,0.00761034
0.311123,0.00762826
0.311727,0.00764619
0.312331,0.00766412
0.312935,0.00768205
0.313539,0.00769997
0.314143,0.0077179
0.314746,0.00773583
0.31535,0.00775376
0.315954,0.00777168
0.316558,0.00778961
0.317162,0.00780754
0.317766,0.00782547
0.31837,0.0078434
0.318973,0.00786133
0.319577,0.00787925
0.320181,0.00789718
0.320785,0.00791511
0.321389,0.00793304
0.321993,0.00795097
0.322597,0.0079689
0.323201,0.00798682
0.323804,0.00800475
0.324408,0.00802268
0.325012,0.00804061
0.325616,0.00805854
0.32622,0.00807647
0.326824,0.0080944
0.327428,0.00811233
0.328032,0.00813026
0.328636,0.00814818
0.32924,0.00816611
0.329843,0.00818404
0.330447,0.00820197
0.331051,0.0082199
0.331655,0.00823783
0.332259,0.00825576
0.332863,0.00827369
0.333467,0.00829162
0.334071,0.00830955
0.334675,0.00832748
0.335279,0.00834541
0.335882,0.00836334
0.336486,0.00838127
0.33709,0.00839919
0.337694,0.00841712
0.338298,0.00843505
0.338902,0.00845298
0.339506,0.00847091
0.34011,0.00848884
0.340714,0.00850677
0.341318,0.0085247
0.341922,0.00854263
0.342526,0.00856056
0.343129,0.00857849
0.343733,0.00859642
0.344337,0.00861435
0.344941,0.00863228
0.345545,0.00865021
0.346149,0.00866814
0.346753,0.00868607
0.347368,0.008704
0.348006,0.00872259
0.348667,0.00874188
0.349353,0.00876187
0.350063,0.00878259
0.3508,0.00880406
0.351562,0.0088263
0.352352,0.00884933
0.353169,0.00887318
0.354015,0.00889787
0.35489,0.00892342
0.355796,0.00894984
0.356732,0.00897717
0.357699,0.00900542
0.358699,0.00903462
0.359732,0.00906478
0.360798,0.00909593
0.361898,0.00912809
0.363034,0.00916127
0.364204,0.0091955
0.365412,0.0092308
0.366655,0.00926718
0.367937,0.00930466
0.369256,0.00934325
0.370613,0.00938298
0.372009,0.00942384
0.373444,0.00946587
0.374919,0.00950906
0.376433,0.00955343
0.377988,0.00959899
0.379582,0.00964573
0.381217,0.00969368
0.382893,0.00974282
0.384608,0.00979316
0.386364,0.00984469
0.38816,0.00989742
0.389996,0.00995133
0.391871,0.0100064
0.393786,0.0100627
0.395739,0.0101201
0.397729,0.0101786
0.399757,0.0102383
0.401822,0.0102991
0.403922,0.0103609
0.406057,0.0104238
0.408225,0.0104876
0.410425,0.0105525
0.412657,0.0106183
0.414918,0.010685
0.417208,0.0107526
0.419524,0.010821
0.421866,0.0108901
0.424231,0.01096
0.426618,0.0110306
0.429024,0.0111017
0.431449,0.0111735
0.43389,0.0112457
0.436344,0.0113184
0.438811,0.0113914
0.441287,0.0114648
0.443771,0.0115385
0.44626,0.0116123
0.448753,0.0116863
0.451247,0.0117603
-0.000298318,0.0114465
0.000298318,0.0114465
0.000894966,0.0114465
0.00149164,0.0114465
0.00208834,0.0114465
0.00268506,0.0114465
0.00328181,0.0114465
0.00387858,0.0114465
0.00447538,0.0114465
0.0050722,0.0114465
0.00566905,0.0114465
0.00626592,0.0114465
0.00686282,0.0114465
0.00745974,0.0114465
0.00805669,0.0114465
0.00865366,0.0114465
0.00925066,0.0114465
0.00984768,0.0114465
0.0104447,0.0114465
0.0110418,0.0114465
0.0116389,0.0114465
0.012236,0.0114465
0.0128331,0.0114465
0.0134303,0.0114465
0.0140275,0.0114465
0.0146247,0.0114465
0.0152219,0.0114465
0.0158192,0.0114465
0.0164165,0.0114465
0.0170138,0.0114465
0.0176111,0.0114465
0.0182085,0.0114465
0.0188059,0.0114465
0.0194033,0.0114465
0.0200007,0.0114465
0.0205982,0.0114465
0.0211956,0.0114465
0.0217931,0.0114465
0.0223907,0.0114465
0.0229882,0.0114465
0.0235858,0.0114465
0.0241834,0.0114465
0.024781,0.0114465
0.0253786,0.0114465
0.0259763,0.0114465
0.026574,0.0114465
0.0271717,0.0114465
0.0277694,0.0114465
0.0283672,0.0114465
0.028965,0.0114465
0.0295628,0.0114465
0.0301606,0.0114465
0.0307585,0.0114465
0.0313563,0.0114465
0.0319542,0.0114465
0.0325521,0.0114465
0.0331501,0.0114465
0.033748,0.0114465
0.034346,0.0114465
0.034944,0.0114465
0.0355421,0.0114465
0.0361401,0.0114465
0.0367382,0.0114465
0.0373363,0.0114465
0.0379344,0.0114465
0.0385326,0.0114465
0.0391307,0.0114465
0.0397289,0.0114465
0.0403271,0.0114465
0.0409254,0.0114465
0.0415236,0.0114465
0.0421219,0.0114465
0.0427202,0.0114465
0.0433185,0.0114465
0.0439169,0.0114465
0.0445152,0.0114465
0.0451136,0.0114465
0.045712,0.0114465
0.0463105,0.0114465
0.0469089,0.0114465
0.0475074,0.0114465
0.0481059,0.0114465
0.0487044,0.0114465
0.0493029,0.0114465
0.0499015,0.0114465
0.0505001,0.0114465
0.0510987,0.0114465
0.0516973,0.0113858
0.052296,0.011325
0.0528946,0.0112643
0.0534933,0.0112035
0.054092,0.0111428
0.0546908,0.011082
0.0552895,0.0110213
0.0558883,0.0109605
0.0564871,0.0108998
0.0570859,0.010839
0.0576848,0.0107783
0.0582836,0.0107175
0.0588825,0.0106567
0.0594814,0.010596
0.0600803,0.0105352
0.0606793,0.0104744
0.0612782,0.0104137
0.0618772,0.0103529
0.0624762,0.0102921
0.0630753,0.0102313
0.0636743,0.0101706
0.0642734,0.0101098
0.0648725,0.010049
0.0654716,0.00998821
0.0660707,0.00992742
0.0666698,0.00986663
0.067269,0.00980583
0.0678682,0.00974504
0.0684674,0.00968424
0.0690667,0.00962344
0.0696659,0.00956264
0.0702652,0.00950184
0.0708645,0.00944103
0.0714638,0.00938023
0.0720631,0.00931942
0.0726625,0.0092586
0.0732618,0.00919779
0.0738612,0.00913698
0.0744606,0.00907616
0.0750601,0.00901534
0.0756595,0.00895452
0.076259,0.00889369
0.0768585,0.00883287
0.077458,0.00877204
0.0780575,0.00871121
0.0786571,0.00865038
0.0792566,0.00858955
0.0798562,0.00852871
0.0804558,0.00846787
0.0810555,0.00840704
0.0816551,0.00834619
0.0822548,0.00828535
0.0828545,0.00822451
0.0834542,0.00816366
0.0840539,0.00810281
0.0846536,0.00804196
0.0852534,0.00798111
0.0858532,0.00792025
0.086453,0.00778512
0.0870528,0.00764998
0.0876526,0.00751483
0.0882525,0.00737969
0.0888524,0.00724453
0.0894522,0.00710938
0.0900522,0.00697422
0.0906521,0.00683905
0.091252,0.00670388
0.091852,0.00656871
0.092452,0.00643353
0.093052,0.00629835
0.093652,0.00616317
0.0942521,0.00602798
0.0948521,0.00589278
0.0954522,0.00575759
0.0960523,0.00562238
0.0966524,0.00548718
0.0972526,0.00541286
0.0978527,0.00533854
0.0984529,0.00526421
0.0990531,0.00518989
0.0996533,0.00511556
0.100253,0.00504123
0.100854,0.0049669
0.101454,0.00489256
0.102054,0.00481822
0.102655,0.00474388
0.103255,0.00466954
0.103855,0.0045952
0.104456,0.00452085
0.105056,0.0044465
0.105656,0.00437215
0.106257,0.0042978
0.106857,0.00422345
0.107458,0.00414909
0.108058,0.00407473
0.108659,0.00400037
0.109259,0.00392601
0.109859,0.00385164
0.11046,0.00385164
0.111061,0.00385164
0.111661,0.00385164
0.112262,0.00385164
0.112862,0.00385164
0.113463,0.00385164
0.114064,0.00385164
0.114664,0.00385164
0.115265,0.00385164
0.115866,0.00385164
0.116466,0.00385164
0.117067,0.00385164
0.117668,0.00385164
0.118268,0.00385164
0.118869,0.00385164
0.11947,0.00385164
0.120071,0.00385164
0.120672,0.00385164
0.121272,0.00385164
0.121873,0.00385164
0.122474,0.00385164
0.123075,0.00385164
0.123676,0.00385164
0.124277,0.00385164
0.124878,0.00385164
0.125479,0.00385164
0.12608,0.00385164
0.126681,0.00385164
0.127282,0.00385164
0.127883,0.00385164
0.128484,0.00385164
0.129085,0.00385164
0.129686,0.00385164
0.130287,0.00385164
0.130888,0.00385164
0.131489,0.00385164
0.13209,0.00385164
0.132691,0.00385164
0.133292,0.00385164
0.133893,0.00385164
0.134495,0.00385164
0.135096,0.00385164
0.135697,0.00385164
0.136298,0.00385164
0.1369,0.00385164
0.137501,0.00385164
0.138102,0.00385164
0.138703,0.00385164
0.139305,0.00385164
0.139906,0.00385164
0.140507,0.00385164
0.141109,0.00385164
0.14171,0.00385164
0.142311,0.00385164
0.142913,0.00385164
0.143514,0.00385164
0.144116,0.00385164
0.144717,0.00385164
0.145318,0.00385164
0.14592,0.00385164
0.146521,0.00385164
0.147123,0.00385164
0.147724,0.00385164
0.148326,0.00385164
0.148927,0.00385164
0.149529,0.00385164
0.150131,0.00385164
0.150732,0.00385164
0.151334,0.00385164
0.151935,0.00385164
0.152537,0.00385164
0.153139,0.00385164
0.15374,0.00385164
0.154342,0.00385164
0.154944,0.00385164
0.155545,0.00385164
0.156147,0.00385164
0.156749,0.00385164
0.157351,0.00385164
0.157952,0.00385164
0.158554,0.00385164
0.159156,0.00385164
0.159758,0.00385164
0.160359,0.00385164
0.160961,0.00385164
0.161563,0.00385164
0.162165,0.00385164
0.162767,0.00385164
0.163369,0.00385164
0.163971,0.00385164
0.164572,0.00385164
0.165174,0.00385164
0.165776,0.00385164
0.166378,0.00385164
0.16698,0.00385164
0.167582,0.00385164
0.168184,0.00385164
0.168786,0.00385164
0.169388,0.00385164
0.16999,0.00385164
0.170592,0.00385164
0.171194,0.00385164
0.171796,0.00385164
0.172398,0.00385164
0.173,0.00385164
0.173602,0.00385164
0.174205,0.00385164
0.174807,0.00385164
0.175409,0.00385164
0.176011,0.00385164
0.176613,0.00387068
0.177215,0.00388971
0.177817,0.00390875
0.17842,0.00392779
0.179022,0.00394683
0.179624,0.00396587
0.180226,0.00398491
0.180829,0.00400395
0.181431,0.00402299
0.182033,0.00404203
0.182635,0.00406107
0.183238,0.00408011
0.18384,0.00409915
0.184442,0.0041182
0.185045,0.00413724
0.185647,0.00415628
0.186249,0.00417533
0.186852,0.00419437
0.187454,0.00421341
0.188056,0.00423246
0.188659,0.0042515
0.189261,0.00427055
0.189864,0.00428959
0.190466,0.00430864
0.191069,0.00432769
0.191671,0.00434673
0.192273,0.00436578
0.192876,0.00438483
0.193478,0.00440388
0.194081,0.00442292
0.194683,0.00444197
0.195286,0.00446102
0.195888,0.00448007
0.196491,0.00449912
0.197094,0.00451817
0.197696,0.00453722
0.198299,0.00455627
0.198901,0.00457532
0.199504,0.00459437
0.200107,0.00461342
0.200709,0.00463248
0.201312,0.00465153
0.201914,0.00467058
0.202517,0.00468963
0.20312,0.00470869
0.203722,0.00472774
0.204325,0.0047468
0.204928,0.00476585
0.20553,0.0047849
0.206133,0.00480396
0.206736,0.00482301
0.207339,0.00484207
0.207941,0.00486113
0.208544,0.00488018
0.209147,0.00489924
0.20975,0.0049183
0.210352,0.00493735
0.210955,0.00495641
0.211558,0.00497547
0.212161,0.00499453
0.212764,0.00501358
0.213367,0.00503264
0.213969,0.0050517
0.214572,0.00507076
0.215175,0.00508982
0.215778,0.00510888
0.216381,0.00512794
0.216984,0.005147
0.217587,0.00516606
0.21819,0.00518512
0.218793,0.00520419
0.219395,0.00522325
0.219998,0.00524231
0.220601,0.00526137
0.221204,0.00528043
0.221807,0.0052995
0.22241,0.00531856
0.223013,0.00533762
0.223616,0.00535669
0.224219,0.00537575
0.224822,0.00539482
0.225425,0.00541388
0.226028,0.00543295
0.226631,0.00545201
0.227234,0.00547108
0.227837,0.00549014
0.228441,0.00550921
0.229044,0.00552828
0.229647,0.00554734
0.23025,0.00556641
0.230853,0.00558548
0.231456,0.00560454
0.232059,0.00562361
0.232662,0.00564268
0.233265,0.00566175
0.233868,0.00568082
0.234472,0.00569988
0.235075,0.00571895
0.235678,0.00573802
0.236281,0.00575709
0.236884,0.00577616
0.237488,0.00579523
0.238091,0.0058143
0.238694,0.00583337
0.239297,0.00585244
0.2399,0.00587151
0.240504,0.00589059
0.241107,0.00590966
0.24171,0.00592873
0.242313,0.0059478
0.242917,0.00596687
0.24352,0.00598595
0.244123,0.00600502
0.244726,0.00602409
0.24533,0.00604316
0.245933,0.00606224
0.246536,0.00608131
0.24714,0.00610039
0.247743,0.00611946
0.248346,0.00613853
0.24895,0.00615761
0.249553,0.00617668
0.250156,0.00619576
0.25076,0.00621483
0.251363,0.00623391
0.251966,0.00625298
0.25257,0.00627206
0.253173,0.00629114
0.253777,0.00631021
0.25438,0.00632929
0.254983,0.00634837
0.255587,0.00636744
0.25619,0.00638652
0.256794,0.0064056
0.257397,0.00642468
0.258,0.00644375
0.258604,0.00646283
0.259207,0.00648191
0.259811,0.00650099
0.260414,0.00652007
0.261018,0.00653915
0.261621,0.00655823
0.262225,0.0065773
0.262828,0.00659638
0.263432,0.00661546
0.264035,0.00663454
0.264639,0.00665362
0.265242,0.0066727
0.265846,0.00669178
0.266449,0.00671086
0.267053,0.00672995
0.267656,0.00674903
0.26826,0.00676811
0.268863,0.00678719
0.269467,0.00680627
0.270071,0.00682535
0.270674,0.00684443
0.271278,0.00686352
0.271881,0.0068826
0.272485,0.00690168
0.273088,0.00692076
0.273692,0.00693985
0.274296,0.00695893
0.274899,0.00697801
0.275503,0.0069971
0.276106,0.00701618
0.27671,0.00703526
0.277314,0.00705435
0.277917,0.00707343
0.278521,0.00709251
0.279125,0.0071116
0.279728,0.00713068
0.280332,0.00714977
0.280935,0.00716885
0.281539,0.00718794
0.282143,0.00720702
0.282746,0.00722611
0.28335,0.00724519
0.283954,0.00726428
0.284557,0.00728336
0.285161,0.00730245
0.285765,0.00732153
0.286369,0.00734062
0.286972,0.00735971
0.287576,0.00737879
0.28818,0.00739788
0.288783,0.00741697
0.289387,0.00743605
0.289991,0.00745514
0.290595,0.00747423
0.291198,0.00749331
0.291802,0.0075124
0.292406,0.00753149
0.293009,0.00755058
0.293613,0.00756966
0.294217,0.00758875
0.294821,0.00760784
0.295424,0.00762693
0.296028,0.00764602
0.296632,0.0076651
0.297236,0.00768419
0.29784,0.00770328
0.298443,0.00772237
0.299047,0.00774146
0.299651,0.00776055
0.300255,0.00777963
0.300858,0.00779872
0.301462,0.00781781
0.302066,0.0078369
0.30267,0.00785599
0.303274,0.00787508
0.303877,0.00789417
0.304481,0.00791326
0.305085,0.00793235
0.305689,0.00795144
0.306293,0.00797053
0.306897,0.00798962
0.3075,0.00800871
0.308104,0.0080278
0.308708,0.00804689
0.309312,0.00806598
0.309916,0.00808507
0.310519,0.00810416
0.311123,0.00812325
0.311727,0.00814234
0.312331,0.00816143
0.312935,0.00818052
0.313539,0.00819961
0.314143,0.00821871
0.314746,0.0082378
0.31535,0.00825689
0.315954,0.00827598
0.316558,0.00829507
0.317162,0.00831416
0.317766,0.00833325
0.31837,0.00835234
0.318973,0.00837144
0.319577,0.00839053
0.320181,0.00840962
0.320785,0.00842871
0.321389,0.0084478
0.321993,0.0084669
0.322597,0.00848599
0.323201,0.00850508
0.323804,0.00852417
0.324408,0.00854326
0.325012,0.00856236
0.325616,0.00858145
0.32622,0.00860054
0.326824,0.00861963
0.327428,0.00863872
0.328032,0.00865782
0.328636,0.00867691
0.32924,0.008696
0.329843,0.00871509
0.330447,0.00873419
0.331051,0.00875328
0.331655,0.00877237
0.332259,0.00879146
0.332863,0.00881056
0.333467,0.00882965
0.334071,0.00884874
0.334675,0.00886784
0.335279,0.00888693
0.335882,0.00890602
0.336486,0.00892511
0.33709,0.00894421
0.337694,0.0089633
0.338298,0.00898239
0.338902,0.00900149
0.339506,0.00902058
0.34011,0.00903967
0.340714,0.00905876
0.341318,0.00907786
0.341922,0.00909695
0.342526,0.00911604
0.343129,0.00913514
0.343733,0.00915423
0.344337,0.00917332
0.344941,0.00919242
0.345545,0.00921151
0.346149,0.0092306
0.346753,0.0092497
0.347368,0.00926879
0.348006,0.00928859
0.348667,0.00930912
0.349353,0.00933041
0.350063,0.00935248
0.3508,0.00937534
0.351562,0.00939902
0.352352,0.00942355
0.353169,0.00944895
0.354015,0.00947524
0.35489,0.00950244
0.355796,0.00953058
0.356732,0.00955969
0.357699,0.00958977
0.358699,0.00962086
0.359732,0.00965298
0.360798,0.00968615
0.361898,0.0097204
0.363034,0.00975574
0.364204,0.00979219
0.365412,0.00982978
0.366655,0.00986851
0.367937,0.00990842
0.369256,0.00994952
0.370613,0.00999182
0.372009,0.0100353
0.373444,0.0100801
0.374919,0.0101261
0.376433,0.0101733
0.377988,0.0102219
0.379582,0.0102716
0.381217,0.0103227
0.382893,0.010375
0.384608,0.0104286
0.386364,0.0104835
0.38816,0.0105396
0.389996,0.0105971
0.391871,0.0106557
0.393786,0.0107156
0.395739,0.0107768
0.397729,0.0108391
0.399757,0.0109027
0.401822,0.0109674
0.403922,0.0110332
0.406057,0.0111001
0.408225,0.0111682
0.410425,0.0112372
0.412657,0.0113073
0.414918,0.0113783
0.417208,0.0114503
0.419524,0.0115231
0.421866,0.0115968
0.424231,0.0116712
0.426618,0.0117463
0.429024,0.0118221
0.431449,0.0118985
0.43389,0.0119754
0.436344,0.0120528
0.438811,0.0121306
0.441287,0.0122088
0.443771,0.0122872
0.44626,0.0123658
0.448753,0.0124446
0.451247,0.0125234
-0.000298318,0.0119005
0.000298318,0.0119005
0.000894966,0.0119005
0.00149164,0.0119005
0.00208834,0.0119005
0.00268506,0.0119005
0.00328181,0.0119005
0.00387858,0.0119005
0.00447538,0.0119005
0.0050722,0.0119005
0.00566905,0.0119005
0.00626592,0.0119005
0.00686282,0.0119005
0.00745974,0.0119005
0.00805669,0.0119005
0.00865366,0.0119005
0.00925066,0.0119005
0.00984768,0.0119005
0.0104447,0.0119005
0.0110418,0.0119005
0.0116389,0.0119005
0.012236,0.0119005
0.0128331,0.0119005
0.0134303,0.0119005
0.0140275,0.0119005
0.0146247,0.0119005
0.0152219,0.0119005
0.0158192,0.0119005
0.0164165,0.0119005
0.0170138,0.0119005
0.0176111,0.0119005
0.0182085,0.0119005
0.0188059,0.0119005
0.0194033,0.0119005
0.0200007,0.0119005
0.0205982,0.0119005
0.0211956,0.0119005
0.0217931,0.0119005
0.0223907,0.0119005
0.0229882,0.0119005
0.0235858,0.0119005
0.0241834,0.0119005
0.024781,0.0119005
0.0253786,0.0119005
0.0259763,0.0119005
0.026574,0.0119005
0.0271717,0.0119005
0.0277694,0.0119005
0.0283672,0.0119005
0.028965,0.0119005
0.0295628,0.0119005
0.0301606,0.0119005
0.0307585,0.0119005
0.0313563,0.0119005
0.0319542,0.0119005
0.0325521,0.0119005
0.0331501,0.0119005
0.033748,0.0119005
0.034346,0.0119005
0.034944,0.0119005
0.0355421,0.0119005
0.0361401,0.0119005
0.0367382,0.0119005
0.0373363,0.0119005
0.0379344,0.0119005
0.0385326,0.0119005
0.0391307,0.0119005
0.0397289,0.0119005
0.0403271,0.0119005
0.0409254,0.0119005
0.0415236,0.0119005
0.0421219,0.0119005
0.0427202,0.0119005
0.0433185,0.0119005
0.0439169,0.0119005
0.0445152,0.0119005
0.0451136,0.0119005
0.045712,0.0119005
0.0463105,0.0119005
0.0469089,0.0119005
0.0475074,0.0119005
0.0481059,0.0119005
0.0487044,0.0119005
0.0493029,0.0119005
0.0499015,0.0119005
0.0505001,0.0119005
0.0510987,0.0119005
0.0516973,0.011836
0.052296,0.0117716
0.0528946,0.0117072
0.0534933,0.0116427
0.054092,0.0115783
0.0546908,0.0115138
0.0552895,0.0114494
0.0558883,0.0113849
0.0564871,0.0113204
0.0570859,0.011256
0.0576848,0.0111915
0.0582836,0.011127
0.0588825,0.0110626
0.0594814,0.0109981
0.0600803,0.0109336
0.0606793,0.0108692
0.0612782,0.0108047
0.0618772,0.0107402
0.0624762,0.0106757
0.0630753,0.0106112
0.0636743,0.0105468
0.0642734,0.0104823
0.0648725,0.0104178
0.0654716,0.0103533
0.0660707,0.0102888
0.0666698,0.0102243
0.067269,0.0101598
0.0678682,0.0100953
0.0684674,0.0100308
0.0690667,0.00996628
0.0696659,0.00990177
0.0702652,0.00983726
0.0708645,0.00977275
0.0714638,0.00970823
0.0720631,0.00964372
0.0726625,0.0095792
0.0732618,0.00951468
0.0738612,0.00945016
0.0744606,0.00938563
0.0750601,0.0093211
0.0756595,0.00925657
0.076259,0.00919204
0.0768585,0.00912751
0.077458,0.00906297
0.0780575,0.00899843
0.0786571,0.00893389
0.0792566,0.00886935
0.0798562,0.00880481
0.0804558,0.00874026
0.0810555,0.00867571
0.0816551,0.00861116
0.0822548,0.00854661
0.0828545,0.00848206
0.0834542,0.0084175
0.0840539,0.00835294
0.0846536,0.00828838
0.0852534,0.00822382
0.0858532,0.00815925
0.086453,0.00802197
0.0870528,0.00788469
0.0876526,0.0077474
0.0882525,0.0076101
0.0888524,0.00747281
0.0894522,0.0073355
0.0900522,0.0071982
0.0906521,0.00706089
0.091252,0.00692357
0.091852,0.00678625
0.092452,0.00664893
0.093052,0.0065116
0.093652,0.00637427
0.0942521,0.00623693
0.0948521,0.00609959
0.0954522,0.00596225
0.0960523,0.0058249
0.0966524,0.00568755
0.0972526,0.00561479
0.0978527,0.00554204
0.0984529,0.00546928
0.0990531,0.00539652
0.0996533,0.00532376
0.100253,0.00525099
0.100854,0.00517822
0.101454,0.00510545
0.102054,0.00503268
0.102655,0.00495991
0.103255,0.00488713
0.103855,0.00481435
0.104456,0.00474157
0.105056,0.00466879
0.105656,0.00459601
0.106257,0.00452322
0.106857,0.00445043
0.107458,0.00437764
0.108058,0.00430485
0.108659,0.00423205
0.109259,0.00415926
0.109859,0.00408646
0.11046,0.00408646
0.111061,0.00408646
0.111661,0.00408646
0.112262,0.00408646
0.112862,0.00408646
0.113463,0.00408646
0.114064,0.00408646
0.114664,0.00408646
0.115265,0.00408646
0.115866,0.00408646
0.116466,0.00408646
0.117067,0.00408646
0.117668,0.00408646
0.118268,0.00408646
0.118869,0.00408646
0.11947,0.00408646
0.120071,0.00408646
0.120672,0.00408646
0.121272,0.00408646
0.121873,0.00408646
0.122474,0.00408646
0.123075,0.00408646
0.123676,0.00408646
0.124277,0.00408646
0.124878,0.00408646
0.125479,0.00408646
0.12608,0.00408646
0.126681,0.00408646
0.127282,0.00408646
0.127883,0.00408646
0.128484,0.00408646
0.129085,0.00408646
0.129686,0.00408646
0.130287,0.00408646
0.130888,0.00408646
0.131489,0.00408646
0.13209,0.00408646
0.132691,0.00408646
0.133292,0.00408646
0.133893,0.00408646
0.134495,0.00408646
0.135096,0.00408646
0.135697,0.00408646
0.136298,0.00408646
0.1369,0.00408646
0.137501,0.00408646
0.138102,0.00408646
0.138703,0.00408646
0.139305,0.00408646
0.139906,0.00408646
0.140507,0.00408646
0.141109,0.00408646
0.14171,0.00408646
0.142311,0.00408646
0.142913,0.00408646
0.143514,0.00408646
0.144116,0.00408646
0.144717,0.00408646
0.145318,0.00408646
0.14592,0.00408646
0.146521,0.00408646
0.147123,0.00408646
0.147724,0.00408646
0.148326,0.00408646
0.148927,0.00408646
0.149529,0.00408646
0.150131,0.00408646
0.150732,0.00408646
0.151334,0.00408646
0.151935,0.00408646
0.152537,0.00408646
0.153139,0.00408646
0.15374,0.00408646
0.154342,0.00408646
0.154944,0.00408646
0.155545,0.00408646
0.156147,0.00408646
0.156749,0.00408646
0.157351,0.00408646
0.157952,0.00408646
0.158554,0.00408646
0.159156,0.00408646
0.159758,0.00408646
0.160359,0.00408646
0.160961,0.00408646
0.161563,0.00408646
0.162165,0.00408646
0.162767,0.00408646
0.163369,0.00408646
0.163971,0.00408646
0.164572,0.00408646
0.165174,0.00408646
0.165776,0.00408646
0.166378,0.00408646
0.16698,0.00408646
0.167582,0.00408646
0.168184,0.00408646
0.168786,0.00408646
0.169388,0.00408646
0.16999,0.00408646
0.170592,0.00408646
0.171194,0.00408646
0.171796,0.00408646
0.172398,0.00408646
0.173,0.00408646
0.173602,0.00408646
0.174205,0.00408646
0.174807,0.00408646
0.175409,0.00408646
0.176011,0.00408646
0.176613,0.00410666
0.177215,0.00412685
0.177817,0.00414705
0.17842,0.00416725
0.179022,0.00418745
0.179624,0.00420765
0.180226,0.00422785
0.180829,0.00424805
0.181431,0.00426825
0.182033,0.00428846
0.182635,0.00430866
0.183238,0.00432886
0.18384,0.00434906
0.184442,0.00436927
0.185045,0.00438947
0.185647,0.00440967
0.186249,0.00442988
0.186852,0.00445008
0.187454,0.00447029
0.188056,0.00449049
0.188659,0.0045107
0.189261,0.00453091
0.189864,0.00455111
0.190466,0.00457132
0.191069,0.00459153
0.191671,0.00461174
0.192273,0.00463194
0.192876,0.00465215
0.193478,0.00467236
0.194081,0.00469257
0.194683,0.00471278
0.195286,0.00473299
0.195888,0.0047532
0.196491,0.00477341
0.197094,0.00479362
0.197696,0.00481383
0.198299,0.00483405
0.198901,0.00485426
0.199504,0.00487447
0.200107,0.00489469
0.200709,0.0049149
0.201312,0.00493511
0.201914,0.00495533
0.202517,0.00497554
0.20312,0.00499576
0.203722,0.00501597
0.204325,0.00503619
0.204928,0.0050564
0.20553,0.00507662
0.206133,0.00509684
0.206736,0.00511705
0.207339,0.00513727
0.207941,0.00515749
0.208544,0.00517771
0.209147,0.00519792
0.20975,0.00521814
0.210352,0.00523836
0.210955,0.00525858
0.211558,0.0052788
0.212161,0.00529902
0.212764,0.00531924
0.213367,0.00533946
0.213969,0.00535968
0.214572,0.0053799
0.215175,0.00540013
0.215778,0.00542035
0.216381,0.00544057
0.216984,0.00546079
0.217587,0.00548102
0.21819,0.00550124
0.218793,0.00552146
0.219395,0.00554169
0.219998,0.00556191
0.220601,0.00558213
0.221204,0.00560236
0.221807,0.00562258
0.22241,0.00564281
0.223013,0.00566304
0.223616,0.00568326
0.224219,0.00570349
0.224822,0.00572372
0.225425,0.00574394
0.226028,0.00576417
0.226631,0.0057844
0.227234,0.00580462
0.227837,0.00582485
0.228441,0.00584508
0.229044,0.00586531
0.229647,0.00588554
0.23025,0.00590577
0.230853,0.005926
0.231456,0.00594623
0.232059,0.00596646
0.232662,0.00598669
0.233265,0.00600692
0.233868,0.00602715
0.234472,0.00604738
0.235075,0.00606761
0.235678,0.00608784
0.236281,0.00610808
0.236884,0.00612831
0.237488,0.00614854
0.238091,0.00616877
0.238694,0.00618901
0.239297,0.00620924
0.2399,0.00622948
0.240504,0.00624971
0.241107,0.00626994
0.24171,0.00629018
0.242313,0.00631041
0.242917,0.00633065
0.24352,0.00635088
0.244123,0.00637112
0.244726,0.00639135
0.24533,0.00641159
0.245933,0.00643183
0.246536,0.00645206
0.24714,0.0064723
0.247743,0.00649254
0.248346,0.00651277
0.24895,0.00653301
0.249553,0.00655325
0.250156,0.00657349
0.25076,0.00659373
0.251363,0.00661396
0.251966,0.0066342
0.25257,0.00665444
0.253173,0.00667468
0.253777,0.00669492
0.25438,0.00671516
0.254983,0.0067354
0.255587,0.00675564
0.25619,0.00677588
0.256794,0.00679612
0.257397,0.00681636
0.258,0.0068366
0.258604,0.00685684
0.259207,0.00687708
0.259811,0.00689733
0.260414,0.00691757
0.261018,0.00693781
0.261621,0.00695805
0.262225,0.00697829
0.262828,0.00699854
0.263432,0.00701878
0.264035,0.00703902
0.264639,0.00705927
0.265242,0.00707951
0.265846,0.00709975
0.266449,0.00712
0.267053,0.00714024
0.267656,0.00716049
0.26826,0.00718073
0.268863,0.00720097
0.269467,0.00722122
0.270071,0.00724146
0.270674,0.00726171
0.271278,0.00728195
0.271881,0.0073022
0.272485,0.00732245
0.273088,0.00734269
0.273692,0.00736294
0.274296,0.00738318
0.274899,0.00740343
0.275503,0.00742368
0.276106,0.00744392
0.27671,0.00746417
0.277314,0.00748442
0.277917,0.00750467
0.278521,0.00752491
0.279125,0.00754516
0.279728,0.00756541
0.280332,0.00758566
0.280935,0.00760591
0.281539,0.00762615
0.282143,0.0076464
0.282746,0.00766665
0.28335,0.0076869
0.283954,0.00770715
0.284557,0.0077274
0.285161,0.00774765
0.285765,0.0077679
0.286369,0.00778815
0.286972,0.0078084
0.287576,0.00782865
0.28818,0.0078489
0.288783,0.00786915
0.289387,0.0078894
0.289991,0.00790965
0.290595,0.0079299
0.291198,0.00795015
0.291802,0.0079704
0.292406,0.00799065
0.293009,0.0080109
0.293613,0.00803115
0.294217,0.0080514
0.294821,0.00807166
0.295424,0.00809191
0.296028,0.00811216
0.296632,0.00813241
0.297236,0.00815266
0.29784,0.00817292
0.298443,0.00819317
0.299047,0.00821342
0.299651,0.00823367
0.300255,0.00825393
0.300858,0.00827418
0.301462,0.00829443
0.302066,0.00831468
0.30267,0.00833494
0.303274,0.00835519
0.303877,0.00837544
0.304481,0.0083957
0.305085,0.00841595
0.305689,0.0084362
0.306293,0.00845646
0.306897,0.00847671
0.3075,0.00849697
0.308104,0.00851722
0.308708,0.00853747
0.309312,0.00855773
0.309916,0.00857798
0.310519,0.00859824
0.311123,0.00861849
0.311727,0.00863875
0.312331,0.008659
0.312935,0.00867926
0.313539,0.00869951
0.314143,0.00871976
0.314746,0.00874002
0.31535,0.00876027
0.315954,0.00878053
0.316558,0.00880079
0.317162,0.00882104
0.317766,0.0088413
0.31837,0.00886155
0.318973,0.00888181
0.319577,0.00890206
0.320181,0.00892232
0.320785,0.00894257
0.321389,0.00896283
0.321993,0.00898309
0.322597,0.00900334
0.323201,0.0090236
0.323804,0.00904385
0.324408,0.00906411
0.325012,0.00908436
0.325616,0.00910462
0.32622,0.00912488
0.326824,0.00914513
0.327428,0.00916539
0.328032,0.00918565
0.328636,0.0092059
0.32924,0.00922616
0.329843,0.00924642
0.330447,0.00926667
0.331051,0.00928693
0.331655,0.00930719
0.332259,0.00932744
0.332863,0.0093477
0.333467,0.00936796
0.334071,0.00938821
0.334675,0.00940847
0.335279,0.00942873
0.335882,0.00944898
0.336486,0.00946924
0.33709,0.0094895
0.337694,0.00950975
0.338298,0.00953001
0.338902,0.00955027
0.339506,0.00957052
0.34011,0.00959078
0.340714,0.00961104
0.341318,0.0096313
0.341922,0.00965155
0.342526,0.00967181
0.343129,0.00969207
0.343733,0.00971232
0.344337,0.00973258
0.344941,0.00975284
0.345545,0.0097731
0.346149,0.00979335
0.346753,0.00981361
0.347368,0.00983387
0.348006,0.00985488
0.348667,0.00987666
0.349353,0.00989925
0.350063,0.00992266
0.3508,0.00994691
0.351562,0.00997204
0.352352,0.00999807
0.353169,0.010025
0.354015,0.0100529
0.35489,0.0100818
0.355796,0.0101116
0.356732,0.0101425
0.357699,0.0101744
0.358699,0.0102074
0.359732,0.0102415
0.360798,0.0102767
0.361898,0.010313
0.363034,0.0103505
0.364204,0.0103892
0.365412,0.0104291
0.366655,0.0104702
0.367937,0.0105125
0.369256,0.0105561
0.370613,0.010601
0.372009,0.0106472
0.373444,0.0106946
0.374919,0.0107434
0.376433,0.0107936
0.377988,0.010845
0.379582,0.0108978
0.381217,0.010952
0.382893,0.0110075
0.384608,0.0110644
0.386364,0.0111226
0.38816,0.0111822
0.389996,0.0112431
0.391871,0.0113054
0.393786,0.0113689
0.395739,0.0114338
0.397729,0.0114999
0.399757,0.0115673
0.401822,0.011636
0.403922,0.0117058
0.406057,0.0117769
0.408225,0.011849
0.410425,0.0119223
0.412657,0.0119967
0.414918,0.012072
0.417208,0.0121484
0.419524,0.0122256
0.421866,0.0123038
0.424231,0.0123827
0.426618,0.0124624
0.429024,0.0125428
0.431449,0.0126239
0.43389,0.0127055
0.436344,0.0127876
0.438811,0.0128702
0.441287,0.0129531
0.443771,0.0130363
0.44626,0.0131197
0.448753,0.0132033
0.451247,0.0132869
-0.000298318,0.0123547
0.000298318,0.0123547
0.000894966,0.0123547
0.00149164,0.0123547
0.00208834,0.0123547
0.00268506,0.0123547
0.00328181,0.0123547
0.00387858,0.0123547
0.00447538,0.0123547
0.0050722,0.0123547
0.00566905,0.0123547
0.00626592,0.0123547
0.00686282,0.0123547
0.00745974,0.0123547
0.00805669,0.0123547
0.00865366,0.0123547
0.00925066,0.0123547
0.00984768,0.0123547
0.0104447,0.0123547
0.0110418,0.0123547
0.0116389,0.0123547
0.012236,0.0123547
0.0128331,0.0123547
0.0134303,0.0123547
0.0140275,0.0123547
0.0146247,0.0123547
0.0152219,0.0123547
0.0158192,0.0123547
0.0164165,0.0123547
0.0170138,0.0123547
0.0176111,0.0123547
0.0182085,0.0123547
0.0188059,0.0123547
0.0194033,0.0123547
0.0200007,0.0123547
0.0205982,0.0123547
0.0211956,0.0123547
0.0217931,0.0123547
0.0223907,0.0123547
0.0229882,0.0123547
0.0235858,0.0123547
0.0241834,0.0123547
0.024781,0.0123547
0.0253786,0.0123547
0.0259763,0.0123547
0.026574,0.0123547
0.0271717,0.0123547
0.0277694,0.0123547
0.0283672,0.0123547
0.028965,0.0123547
0.0295628,0.0123547
0.0301606,0.0123547
0.0307585,0.0123547
0.0313563,0.0123547
0.0319542,0.0123547
0.0325521,0.0123547
0.0331501,0.0123547
0.033748,0.0123547
0.034346,0.0123547
0.034944,0.0123547
0.0355421,0.0123547
0.0361401,0.0123547
0.0367382,0.0123547
0.0373363,0.0123547
0.0379344,0.0123547
0.0385326,0.0123547
0.0391307,0.0123547
0.0397289,0.0123547
0.0403271,0.0123547
0.0409254,0.0123547
0.0415236,0.0123547
0.0421219,0.0123547
0.0427202,0.0123547
0.0433185,0.0123547
0.0439169,0.0123547
0.0445152,0.0123547
0.0451136,0.0123547
0.045712,0.0123547
0.0463105,0.0123547
0.0469089,0.0123547
0.0475074,0.0123547
0.0481059,0.0123547
0.0487044,0.0123547
0.0493029,0.0123547
0.0499015,0.0123547
0.0505001,0.0123547
0.0510987,0.0123547
0.0516973,0.0122865
0.052296,0.0122184
0.0528946,0.0121502
0.0534933,0.0120821
0.054092,0.0120139
0.0546908,0.0119458
0.0552895,0.0118776
0.0558883,0.0118095
0.0564871,0.0117413
0.0570859,0.0116731
0.0576848,0.011605
0.0582836,0.0115368
0.0588825,0.0114686
0.0594814,0.0114004
0.0600803,0.0113322
0.0606793,0.0112641
0.0612782,0.0111959
0.0618772,0.0111277
0.0624762,0.0110595
0.0630753,0.0109913
0.0636743,0.0109231
0.0642734,0.0108549
0.0648725,0.0107867
0.0654716,0.0107185
0.0660707,0.0106503
0.0666698,0.0105821
0.067269,0.0105139
0.0678682,0.0104457
0.0684674,0.0103775
0.0690667,0.0103093
0.0696659,0.0102411
0.0702652,0.0101728
0.0708645,0.0101046
0.0714638,0.0100364
0.0720631,0.00996817
0.0726625,0.00989995
0.0732618,0.00983172
0.0738612,0.00976348
0.0744606,0.00969525
0.0750601,0.00962701
0.0756595,0.00955877
0.076259,0.00949053
0.0768585,0.00942229
0.077458,0.00935404
0.0780575,0.00928579
0.0786571,0.00921754
0.0792566,0.00914929
0.0798562,0.00908104
0.0804558,0.00901278
0.0810555,0.00894452
0.0816551,0.00887626
0.0822548,0.00880799
0.0828545,0.00873973
0.0834542,0.00867146
0.0840539,0.00860319
0.0846536,0.00853492
0.0852534,0.00846664
0.0858532,0.00839837
0.086453,0.00825894
0.0870528,0.00811951
0.0876526,0.00798007
0.0882525,0.00784063
0.0888524,0.00770119
0.0894522,0.00756174
0.0900522,0.00742228
0.0906521,0.00728283
0.091252,0.00714336
0.091852,0.0070039
0.092452,0.00686443
0.093052,0.00672495
0.093652,0.00658547
0.0942521,0.00644599
0.0948521,0.0063065
0.0954522,0.00616701
0.0960523,0.00602751
0.0966524,0.00588801
0.0972526,0.00581682
0.0978527,0.00574563
0.0984529,0.00567444
0.0990531,0.00560325
0.0996533,0.00553205
0.100253,0.00546085
0.100854,0.00538965
0.101454,0.00531845
0.102054,0.00524724
0.102655,0.00517604
0.103255,0.00510483
0.103855,0.00503362
0.104456,0.0049624
0.105056,0.00489119
0.105656,0.00481997
0.106257,0.00474875
0.106857,0.00467753
0.107458,0.0046063
0.108058,0.00453508
0.108659,0.00446385
0.109259,0.00439262
0.109859,0.00432139
0.11046,0.00432139
0.111061,0.00432139
0.111661,0.00432139
0.112262,0.00432139
0.112862,0.00432139
0.113463,0.00432139
0.114064,0.00432139
0.114664,0.00432139
0.115265,0.00432139
0.115866,0.00432139
0.116466,0.00432139
0.117067,0.00432139
0.117668,0.00432139
0.118268,0.00432139
0.118869,0.00432139
0.11947,0.00432139
0.120071,0.00432139
0.120672,0.00432139
0.121272,0.00432139
0.121873,0.00432139
0.122474,0.00432139
0.123075,0.00432139
0.123676,0.00432139
0.124277,0.00432139
0.124878,0.00432139
0.125479,0.00432139
0.12608,0.00432139
0.126681,0.00432139
0.127282,0.00432139
0.127883,0.00432139
0.128484,0.00432139
0.129085,0.00432139
0.129686,0.00432139
0.130287,0.00432139
0.130888,0.00432139
0.131489,0.00432139
0.13209,0.00432139
0.132691,0.00432139
0.133292,0.00432139
0.133893,0.00432139
0.134495,0.00432139
0.135096,0.00432139
0.135697,0.00432139
0.136298,0.00432139
0.1369,0.00432139
0.137501,0.00432139
0.138102,0.00432139
0.138703,0.00432139
0.139305,0.00432139
0.139906,0.00432139
0.140507,0.00432139
0.141109,0.00432139
0.14171,0.00432139
0.142311,0.00432139
0.142913,0.00432139
0.143514,0.00432139
0.144116,0.00432139
0.144717,0.00432139
0.145318,0.00432139
0.14592,0.00432139
0.146521,0.00432139
0.147123,0.00432139
0.147724,0.00432139
0.148326,0.00432139
0.148927,0.00432139
0.149529,0.00432139
0.150131,0.00432139
0.150732,0.00432139
0.151334,0.00432139
0.151935,0.00432139
0.152537,0.00432139
0.153139,0.00432139
0.15374,0.00432139
0.154342,0.00432139
0.154944,0.00432139
0.155545,0.00432139
0.156147,0.00432139
0.156749,0.00432139
0.157351,0.00432139
0.157952,0.00432139
0.158554,0.00432139
0.159156,0.00432139
0.159758,0.00432139
0.160359,0.00432139
0.160961,0.00432139
0.161563,0.00432139
0.162165,0.00432139
0.162767,0.00432139
0.163369,0.00432139
0.163971,0.00432139
0.164572,0.00432139
0.165174,0.00432139
0.165776,0.00432139
0.166378,0.00432139
0.16698,0.00432139
0.167582,0.00432139
0.168184,0.00432139
0.168786,0.00432139
0.169388,0.00432139
0.16999,0.00432139
0.170592,0.00432139
0.171194,0.00432139
0.171796,0.00432139
0.172398,0.00432139
0.173,0.00432139
0.173602,0.00432139
0.174205,0.00432139
0.174807,0.00432139
0.175409,0.00432139
0.176011,0.00432139
0.176613,0.00434275
0.177215,0.00436411
0.177817,0.00438547
0.17842,0.00440683
0.179022,0.00442819
0.179624,0.00444955
0.180226,0.00447091
0.180829,0.00449227
0.181431,0.00451363
0.182033,0.004535
0.182635,0.00455636
0.183238,0.00457773
0.18384,0.00459909
0.184442,0.00462045
0.185045,0.00464182
0.185647,0.00466318
0.186249,0.00468455
0.186852,0.00470592
0.187454,0.00472728
0.188056,0.00474865
0.188659,0.00477002
0.189261,0.00479139
0.189864,0.00481276
0.190466,0.00483412
0.191069,0.00485549
0.191671,0.00487686
0.192273,0.00489823
0.192876,0.0049196
0.193478,0.00494097
0.194081,0.00496235
0.194683,0.00498372
0.195286,0.00500509
0.195888,0.00502646
0.196491,0.00504783
0.197094,0.00506921
0.197696,0.00509058
0.198299,0.00511196
0.198901,0.00513333
0.199504,0.0051547
0.200107,0.00517608
0.200709,0.00519745
0.201312,0.00521883
0.201914,0.00524021
0.202517,0.00526158
0.20312,0.00528296
0.203722,0.00530434
0.204325,0.00532572
0.204928,0.00534709
0.20553,0.00536847
0.206133,0.00538985
0.206736,0.00541123
0.207339,0.00543261
0.207941,0.00545399
0.208544,0.00547537
0.209147,0.00549675
0.20975,0.00551813
0.210352,0.00553951
0.210955,0.0055609
0.211558,0.00558228
0.212161,0.00560366
0.212764,0.00562504
0.213367,0.00564643
0.213969,0.00566781
0.214572,0.00568919
0.215175,0.00571058
0.215778,0.00573196
0.216381,0.00575335
0.216984,0.00577473
0.217587,0.00579612
0.21819,0.0058175
0.218793,0.00583889
0.219395,0.00586028
0.219998,0.00588166
0.220601,0.00590305
0.221204,0.00592444
0.221807,0.00594583
0.22241,0.00596721
0.223013,0.0059886
0.223616,0.00600999
0.224219,0.00603138
0.224822,0.00605277
0.225425,0.00607416
0.226028,0.00609555
0.226631,0.00611694
0.227234,0.00613833
0.227837,0.00615972
0.228441,0.00618111
0.229044,0.00620251
0.229647,0.0062239
0.23025,0.00624529
0.230853,0.00626668
0.231456,0.00628808
0.232059,0.00630947
0.232662,0.00633086
0.233265,0.00635226
0.233868,0.00637365
0.234472,0.00639504
0.235075,0.00641644
0.235678,0.00643783
0.236281,0.00645923
0.236884,0.00648062
0.237488,0.00650202
0.238091,0.00652342
0.238694,0.00654481
0.239297,0.00656621
0.2399,0.00658761
0.240504,0.006609
0.241107,0.0066304
0.24171,0.0066518
0.242313,0.0066732
0.242917,0.0066946
0.24352,0.00671599
0.244123,0.00673739
0.244726,0.00675879
0.24533,0.00678019
0.245933,0.00680159
0.246536,0.00682299
0.24714,0.00684439
0.247743,0.00686579
0.248346,0.00688719
0.24895,0.00690859
0.249553,0.00692999
0.250156,0.0069514
0.25076,0.0069728
0.251363,0.0069942
0.251966,0.0070156
0.25257,0.007037
0.253173,0.00705841
0.253777,0.00707981
0.25438,0.00710121
0.254983,0.00712262
0.255587,0.00714402
0.25619,0.00716542
0.256794,0.00718683
0.257397,0.00720823
0.258,0.00722964
0.258604,0.00725104
0.259207,0.00727245
0.259811,0.00729385
0.260414,0.00731526
0.261018,0.00733666
0.261621,0.00735807
0.262225,0.00737948
0.262828,0.00740088
0.263432,0.00742229
0.264035,0.0074437
0.264639,0.0074651
0.265242,0.00748651
0.265846,0.00750792
0.266449,0.00752932
0.267053,0.00755073
0.267656,0.00757214
0.26826,0.00759355
0.268863,0.00761496
0.269467,0.00763637
0.270071,0.00765777
0.270674,0.00767918
0.271278,0.00770059
0.271881,0.007722
0.272485,0.00774341
0.273088,0.00776482
0.273692,0.00778623
0.274296,0.00780764
0.274899,0.00782905
0.275503,0.00785046
0.276106,0.00787187
0.27671,0.00789329
0.277314,0.0079147
0.277917,0.00793611
0.278521,0.00795752
0.279125,0.00797893
0.279728,0.00800034
0.280332,0.00802176
0.280935,0.00804317
0.281539,0.00806458
0.282143,0.00808599
0.282746,0.00810741
0.28335,0.00812882
0.283954,0.00815023
0.284557,0.00817164
0.285161,0.00819306
0.285765,0.00821447
0.286369,0.00823589
0.286972,0.0082573
0.287576,0.00827871
0.28818,0.00830013
0.288783,0.00832154
0.289387,0.00834296
0.289991,0.00836437
0.290595,0.00838579
0.291198,0.0084072
0.291802,0.00842862
0.292406,0.00845003
0.293009,0.00847145
0.293613,0.00849286
0.294217,0.00851428
0.294821,0.00853569
0.295424,0.00855711
0.296028,0.00857853
0.296632,0.00859994
0.297236,0.00862136
0.29784,0.00864277
0.298443,0.00866419
0.299047,0.00868561
0.299651,0.00870702
0.300255,0.00872844
0.300858,0.00874986
0.301462,0.00877128
0.302066,0.00879269
0.30267,0.00881411
0.303274,0.00883553
0.303877,0.00885695
0.304481,0.00887836
0.305085,0.00889978
0.305689,0.0089212
0.306293,0.00894262
0.306897,0.00896404
0.3075,0.00898545
0.308104,0.00900687
0.308708,0.00902829
0.309312,0.00904971
0.309916,0.00907113
0.310519,0.00909255
0.311123,0.00911397
0.311727,0.00913539
0.312331,0.0091568
0.312935,0.00917822
0.313539,0.00919964
0.314143,0.00922106
0.314746,0.00924248
0.31535,0.0092639
0.315954,0.00928532
0.316558,0.00930674
0.317162,0.00932816
0.317766,0.00934958
0.31837,0.009371
0.318973,0.00939242
0.319577,0.00941384
0.320181,0.00943526
0.320785,0.00945668
0.321389,0.0094781
0.321993,0.00949952
0.322597,0.00952094
0.323201,0.00954236
0.323804,0.00956378
0.324408,0.0095852
0.325012,0.00960662
0.325616,0.00962804
0.32622,0.00964947
0.326824,0.00967089
0.327428,0.00969231
0.328032,0.00971373
0.328636,0.00973515
0.32924,0.00975657
0.329843,0.00977799
0.330447,0.00979941
0.331051,0.00982083
0.331655,0.00984225
0.332259,0.00986368
0.332863,0.0098851
0.333467,0.00990652
0.334071,0.00992794
0.334675,0.00994936
0.335279,0.00997078
0.335882,0.0099922
0.336486,0.0100136
0.33709,0.010035
0.337694,0.0100565
0.338298,0.0100779
0.338902,0.0100993
0.339506,0.0101207
0.34011,0.0101422
0.340714,0.0101636
0.341318,0.010185
0.341922,0.0102064
0.342526,0.0102278
0.343129,0.0102493
0.343733,0.0102707
0.344337,0.0102921
0.344941,0.0103135
0.345545,0.0103349
0.346149,0.0103564
0.346753,0.0103778
0.347368,0.0103992
0.348006,0.0104214
0.348667,0.0104445
0.349353,0.0104684
0.350063,0.0104931
0.3508,0.0105188
0.351562,0.0105453
0.352352,0.0105729
0.353169,0.0106013
0.354015,0.0106308
0.35489,0.0106614
0.355796,0.0106929
0.356732,0.0107256
0.357699,0.0107593
0.358699,0.0107942
0.359732,0.0108303
0.360798,0.0108675
0.361898,0.0109059
0.363034,0.0109456
0.364204,0.0109864
0.365412,0.0110286
0.366655,0.0110721
0.367937,0.0111169
0.369256,0.011163
0.370613,0.0112104
0.372009,0.0112593
0.373444,0.0113095
0.374919,0.0113611
0.376433,0.0114141
0.377988,0.0114685
0.379582,0.0115244
0.381217,0.0115816
0.382893,0.0116404
0.384608,0.0117005
0.386364,0.0117621
0.38816,0.0118251
0.389996,0.0118895
0.391871,0.0119553
0.393786,0.0120225
0.395739,0.0120911
0.397729,0.0121611
0.399757,0.0122323
0.401822,0.0123049
0.403922,0.0123788
0.406057,0.0124539
0.408225,0.0125302
0.410425,0.0126077
0.412657,0.0126864
0.414918,0.0127661
0.417208,0.0128468
0.419524,0.0129285
0.421866,0.0130111
0.424231,0.0130946
0.426618,0.0131789
0.429024,0.0132639
0.431449,0.0133496
0.43389,0.0134359
0.436344,0.0135228
0.438811,0.0136101
0.441287,0.0136978
0.443771,0.0137857
0.44626,0.013874
0.448753,0.0139623
0.451247,0.0140508
-0.000298318,0.0128091
0.000298318,0.0128091
0.000894966,0.0128091
0.00149164,0.0128091
0.00208834,0.0128091
0.00268506,0.0128091
0.00328181,0.0128091
0.00387858,0.0128091
0.00447538,0.0128091
0.0050722,0.0128091
0.00566905,0.0128091
0.00626592,0.0128091
0.00686282,0.0128091
0.00745974,0.0128091
0.00805669,0.0128091
0.00865366,0.0128091
0.00925066,0.0128091
0.00984768,0.0128091
0.0104447,0.0128091
0.0110418,0.0128091
0.0116389,0.0128091
0.012236,0.0128091
0.0128331,0.0128091
0.0134303,0.0128091
0.0140275,0.0128091
0.0146247,0.0128091
0.0152219,0.0128091
0.0158192,0.0128091
0.0164165,0.0128091
0.0170138,0.0128091
0.0176111,0.0128091
0.0182085,0.0128091
0.0188059,0.0128091
0.0194033,0.0128091
0.0200007,0.0128091
0.0205982,0.0128091
0.0211956,0.0128091
0.0217931,0.0128091
0.0223907,0.0128091
0.0229882,0.0128091
0.0235858,0.0128091
0.0241834,0.0128091
0.024781,0.0128091
0.0253786,0.0128091
0.0259763,0.0128091
0.026574,0.0128091
0.0271717,0.0128091
0.0277694,0.0128091
0.0283672,0.0128091
0.028965,0.0128091
0.0295628,0.0128091
0.0301606,0.0128091
0.0307585,0.0128091
0.0313563,0.0128091
0.0319542,0.0128091
0.0325521,0.0128091
0.0331501,0.0128091
0.033748,0.0128091
0.034346,0.0128091
0.034944,0.0128091
0.0355421,0.0128091
0.0361401,0.0128091
0.0367382,0.0128091
0.0373363,0.0128091
0.0379344,0.0128091
0.0385326,0.0128091
0.0391307,0.0128091
0.0397289,0.0128091
0.0403271,0.0128091
0.0409254,0.0128091
0.0415236,0.0128091
0.0421219,0.0128091
0.0427202,0.0128091
0.0433185,0.0128091
0.0439169,0.0128091
0.0445152,0.0128091
0.0451136,0.0128091
0.045712,0.0128091
0.0463105,0.0128091
0.0469089,0.0128091
0.0475074,0.0128091
0.0481059,0.0128091
0.0487044,0.0128091
0.0493029,0.0128091
0.0499015,0.0128091
0.0505001,0.0128091
0.0510987,0.0128091
0.0516973,0.0127372
0.052296,0.0126654
0.0528946,0.0125935
0.0534933,0.0125217
0.054092,0.0124498
0.0546908,0.0123779
0.0552895,0.0123061
0.0558883,0.0122342
0.0564871,0.0121623
0.0570859,0.0120904
0.0576848,0.0120186
0.0582836,0.0119467
0.0588825,0.0118748
0.0594814,0.0118029
0.0600803,0.011731
0.0606793,0.0116591
0.0612782,0.0115873
0.0618772,0.0115154
0.0624762,0.0114435
0.0630753,0.0113716
0.0636743,0.0112997
0.0642734,0.0112278
0.0648725,0.0111559
0.0654716,0.0110839
0.0660707,0.011012
0.0666698,0.0109401
0.067269,0.0108682
0.0678682,0.0107963
0.0684674,0.0107244
0.0690667,0.0106524
0.0696659,0.0105805
0.0702652,0.0105086
0.0708645,0.0104366
0.0714638,0.0103647
0.0720631,0.0102928
0.0726625,0.0102208
0.0732618,0.0101489
0.0738612,0.010077
0.0744606,0.010005
0.0750601,0.00993306
0.0756595,0.00986111
0.076259,0.00978915
0.0768585,0.0097172
0.077458,0.00964524
0.0780575,0.00957328
0.0786571,0.00950132
0.0792566,0.00942935
0.0798562,0.00935739
0.0804558,0.00928542
0.0810555,0.00921344
0.0816551,0.00914147
0.0822548,0.00906949
0.0828545,0.00899751
0.0834542,0.00892553
0.0840539,0.00885355
0.0846536,0.00878156
0.0852534,0.00870958
0.0858532,0.00863759
0.086453,0.00849601
0.0870528,0.00835443
0.0876526,0.00821285
0.0882525,0.00807126
0.0888524,0.00792967
0.0894522,0.00778807
0.0900522,0.00764647
0.0906521,0.00750486
0.091252,0.00736325
0.091852,0.00722164
0.092452,0.00708002
0.093052,0.0069384
0.093652,0.00679677
0.0942521,0.00665514
0.0948521,0.0065135
0.0954522,0.00637186
0.0960523,0.00623021
0.0966524,0.00608856
0.0972526,0.00601894
0.0978527,0.00594932
0.0984529,0.00587969
0.0990531,0.00581007
0.0996533,0.00574044
0.100253,0.00567081
0.100854,0.00560117
0.101454,0.00553154
0.102054,0.0054619
0.102655,0.00539226
0.103255,0.00532262
0.103855,0.00525297
0.104456,0.00518333
0.105056,0.00511368
0.105656,0.00504403
0.106257,0.00497438
0.106857,0.00490472
0.107458,0.00483507
0.108058,0.00476541
0.108659,0.00469575
0.109259,0.00462609
0.109859,0.00455642
0.11046,0.00455642
0.111061,0.00455642
0.111661,0.00455642
0.112262,0.00455642
0.112862,0.00455642
0.113463,0.00455642
0.114064,0.00455642
0.114664,0.00455642
0.115265,0.00455642
0.115866,0.00455642
0.116466,0.00455642
0.117067,0.00455642
0.117668,0.00455642
0.118268,0.00455642
0.118869,0.00455642
0.11947,0.00455642
0.120071,0.00455642
0.120672,0.00455642
0.121272,0.00455642
0.121873,0.00455642
0.122474,0.00455642
0.123075,0.00455642
0.123676,0.00455642
0.124277,0.00455642
0.124878,0.00455642
0.125479,0.00455642
0.12608,0.00455642
0.126681,0.00455642
0.127282,0.00455642
0.127883,0.00455642
0.128484,0.00455642
0.129085,0.00455642
0.129686,0.00455642
0.130287,0.00455642
0.130888,0.00455642
0.131489,0.00455642
0.13209,0.00455642
0.132691,0.00455642
0.133292,0.00455642
0.133893,0.00455642
0.134495,0.00455642
0.135096,0.00455642
0.135697,0.00455642
0.136298,0.00455642
0.1369,0.00455642
0.137501,0.00455642
0.138102,0.00455642
0.138703,0.00455642
0.139305,0.00455642
0.139906,0.00455642
0.140507,0.00455642
0.141109,0.00455642
0.14171,0.00455642
0.142311,0.00455642
0.142913,0.00455642
0.143514,0.00455642
0.144116,0.00455642
0.144717,0.00455642
0.145318,0.00455642
0.14592,0.00455642
0.146521,0.00455642
0.147123,0.00455642
0.147724,0.00455642
0.148326,0.00455642
0.148927,0.00455642
0.149529,0.00455642
0.150131,0.00455642
0.150732,0.00455642
0.151334,0.00455642
0.151935,0.00455642
0.152537,0.00455642
0.153139,0.00455642
0.15374,0.00455642
0.154342,0.00455642
0.154944,0.00455642
0.155545,0.00455642
0.156147,0.00455642
0.156749,0.00455642
0.157351,0.00455642
0.157952,0.00455642
0.158554,0.00455642
0.159156,0.00455642
0.159758,0.00455642
0.160359,0.00455642
0.160961,0.00455642
0.161563,0.00455642
0.162165,0.00455642
0.162767,0.00455642
0.163369,0.00455642
0.163971,0.00455642
0.164572,0.00455642
0.165174,0.00455642
0.165776,0.00455642
0.166378,0.00455642
0.16698,0.00455642
0.167582,0.00455642
0.168184,0.00455642
0.168786,0.00455642
0.169388,0.00455642
0.16999,0.00455642
0.170592,0.00455642
0.171194,0.00455642
0.171796,0.00455642
0.172398,0.00455642
0.173,0.00455642
0.173602,0.00455642
0.174205,0.00455642
0.174807,0.00455642
0.175409,0.00455642
0.176011,0.00455642
0.176613,0.00457894
0.177215,0.00460146
0.177817,0.00462399
0.17842,0.00464651
0.179022,0.00466903
0.179624,0.00469155
0.180226,0.00471408
0.180829,0.0047366
0.181431,0.00475913
0.182033,0.00478165
0.182635,0.00480418
0.183238,0.0048267
0.18384,0.00484923
0.184442,0.00487175
0.185045,0.00489428
0.185647,0.00491681
0.186249,0.00493934
0.186852,0.00496186
0.187454,0.00498439
0.188056,0.00500692
0.188659,0.00502945
0.189261,0.00505198
0.189864,0.00507451
0.190466,0.00509704
0.191069,0.00511958
0.191671,0.00514211
0.192273,0.00516464
0.192876,0.00518717
0.193478,0.00520971
0.194081,0.00523224
0.194683,0.00525477
0.195286,0.00527731
0.195888,0.00529984
0.196491,0.00532238
0.197094,0.00534491
0.197696,0.00536745
0.198299,0.00538999
0.198901,0.00541252
0.199504,0.00543506
0.200107,0.0054576
0.200709,0.00548014
0.201312,0.00550268
0.201914,0.00552521
0.202517,0.00554775
0.20312,0.00557029
0.203722,0.00559283
0.204325,0.00561537
0.204928,0.00563791
0.20553,0.00566046
0.206133,0.005683
0.206736,0.00570554
0.207339,0.00572808
0.207941,0.00575062
0.208544,0.00577317
0.209147,0.00579571
0.20975,0.00581826
0.210352,0.0058408
0.210955,0.00586334
0.211558,0.00588589
0.212161,0.00590844
0.212764,0.00593098
0.213367,0.00595353
0.213969,0.00597607
0.214572,0.00599862
0.215175,0.00602117
0.215778,0.00604372
0.216381,0.00606626
0.216984,0.00608881
0.217587,0.00611136
0.21819,0.00613391
0.218793,0.00615646
0.219395,0.00617901
0.219998,0.00620156
0.220601,0.00622411
0.221204,0.00624666
0.221807,0.00626921
0.22241,0.00629176
0.223013,0.00631431
0.223616,0.00633687
0.224219,0.00635942
0.224822,0.00638197
0.225425,0.00640452
0.226028,0.00642708
0.226631,0.00644963
0.227234,0.00647219
0.227837,0.00649474
0.228441,0.0065173
0.229044,0.00653985
0.229647,0.00656241
0.23025,0.00658496
0.230853,0.00660752
0.231456,0.00663007
0.232059,0.00665263
0.232662,0.00667519
0.233265,0.00669775
0.233868,0.0067203
0.234472,0.00674286
0.235075,0.00676542
0.235678,0.00678798
0.236281,0.00681054
0.236884,0.0068331
0.237488,0.00685566
0.238091,0.00687822
0.238694,0.00690078
0.239297,0.00692334
0.2399,0.0069459
0.240504,0.00696846
0.241107,0.00699102
0.24171,0.00701358
0.242313,0.00703614
0.242917,0.0070587
0.24352,0.00708127
0.244123,0.00710383
0.244726,0.00712639
0.24533,0.00714896
0.245933,0.00717152
0.246536,0.00719408
0.24714,0.00721665
0.247743,0.00723921
0.248346,0.00726178
0.24895,0.00728434
0.249553,0.00730691
0.250156,0.00732947
0.25076,0.00735204
0.251363,0.0073746
0.251966,0.00739717
0.25257,0.00741974
0.253173,0.0074423
0.253777,0.00746487
0.25438,0.00748744
0.254983,0.00751
0.255587,0.00753257
0.25619,0.00755514
0.256794,0.00757771
0.257397,0.00760028
0.258,0.00762285
0.258604,0.00764542
0.259207,0.00766798
0.259811,0.00769055
0.260414,0.00771312
0.261018,0.00773569
0.261621,0.00775826
0.262225,0.00778083
0.262828,0.0078034
0.263432,0.00782598
0.264035,0.00784855
0.264639,0.00787112
0.265242,0.00789369
0.265846,0.00791626
0.266449,0.00793883
0.267053,0.00796141
0.267656,0.00798398
0.26826,0.00800655
0.268863,0.00802912
0.269467,0.0080517
0.270071,0.00807427
0.270674,0.00809684
0.271278,0.00811942
0.271881,0.00814199
0.272485,0.00816457
0.273088,0.00818714
0.273692,0.00820971
0.274296,0.00823229
0.274899,0.00825486
0.275503,0.00827744
0.276106,0.00830001
0.27671,0.00832259
0.277314,0.00834517
0.277917,0.00836774
0.278521,0.00839032
0.279125,0.00841289
0.279728,0.00843547
0.280332,0.00845805
0.280935,0.00848062
0.281539,0.0085032
0.282143,0.00852578
0.282746,0.00854836
0.28335,0.00857093
0.283954,0.00859351
0.284557,0.00861609
0.285161,0.00863867
0.285765,0.00866125
0.286369,0.00868382
0.286972,0.0087064
0.287576,0.00872898
0.28818,0.00875156
0.288783,0.00877414
0.289387,0.00879672
0.289991,0.0088193
0.290595,0.00884188
0.291198,0.00886446
0.291802,0.00888704
0.292406,0.00890962
0.293009,0.0089322
0.293613,0.00895478
0.294217,0.00897736
0.294821,0.00899994
0.295424,0.00902252
0.296028,0.0090451
0.296632,0.00906768
0.297236,0.00909026
0.29784,0.00911284
0.298443,0.00913542
0.299047,0.00915801
0.299651,0.00918059
0.300255,0.00920317
0.300858,0.00922575
0.301462,0.00924833
0.302066,0.00927092
0.30267,0.0092935
0.303274,0.00931608
0.303877,0.00933866
0.304481,0.00936125
0.305085,0.00938383
0.305689,0.00940641
0.306293,0.00942899
0.306897,0.00945158
0.3075,0.00947416
0.308104,0.00949674
0.308708,0.00951933
0.309312,0.00954191
0.309916,0.00956449
0.310519,0.00958708
0.311123,0.00960966
0.311727,0.00963225
0.312331,0.00965483
0.312935,0.00967741
0.313539,0.0097
0.314143,0.00972258
0.314746,0.00974517
0.31535,0.00976775
0.315954,0.00979034
0.316558,0.00981292
0.317162,0.00983551
0.317766,0.00985809
0.31837,0.00988068
0.318973,0.00990326
0.319577,0.00992585
0.320181,0.00994843
0.320785,0.00997102
0.321389,0.0099936
0.321993,0.0100162
0.322597,0.0100388
0.323201,0.0100614
0.323804,0.0100839
0.324408,0.0101065
0.325012,0.0101291
0.325616,0.0101517
0.32622,0.0101743
0.326824,0.0101969
0.327428,0.0102195
0.328032,0.010242
0.328636,0.0102646
0.32924,0.0102872
0.329843,0.0103098
0.330447,0.0103324
0.331051,0.010355
0.331655,0.0103776
0.332259,0.0104001
0.332863,0.0104227
0.333467,0.0104453
0.334071,0.0104679
0.334675,0.0104905
0.335279,0.0105131
0.335882,0.0105357
0.336486,0.0105583
0.33709,0.0105808
0.337694,0.0106034
0.338298,0.010626
0.338902,0.0106486
0.339506,0.0106712
0.34011,0.0106938
0.340714,0.0107164
0.341318,0.0107389
0.341922,0.0107615
0.342526,0.0107841
0.343129,0.0108067
0.343733,0.0108293
0.344337,0.0108519
0.344941,0.0108745
0.345545,0.0108971
0.346149,0.0109196
0.346753,0.0109422
0.347368,0.0109648
0.348006,0.0109882
0.348667,0.0110125
0.349353,0.0110377
0.350063,0.0110638
0.3508,0.0110909
0.351562,0.0111189
0.352352,0.0111479
0.353169,0.0111779
0.354015,0.011209
0.35489,0.0112412
0.355796,0.0112745
0.356732,0.0113089
0.357699,0.0113445
0.358699,0.0113813
0.359732,0.0114193
0.360798,0.0114585
0.361898,0.0114991
0.363034,0.0115409
0.364204,0.011584
0.365412,0.0116284
0.366655,0.0116743
0.367937,0.0117215
0.369256,0.0117701
0.370613,0.0118202
0.372009,0.0118716
0.373444,0.0119246
0.374919,0.011979
0.376433,0.0120349
0.377988,0.0120923
0.379582,0.0121512
0.381217,0.0122116
0.382893,0.0122735
0.384608,0.0123369
0.386364,0.0124018
0.38816,0.0124682
0.389996,0.0125361
0.391871,0.0126055
0.393786,0.0126764
0.395739,0.0127487
0.397729,0.0128225
0.399757,0.0128976
0.401822,0.0129742
0.403922,0.0130521
0.406057,0.0131313
0.408225,0.0132117
0.410425,0.0132935
0.412657,0.0133763
0.414918,0.0134604
0.417208,0.0135455
0.419524,0.0136316
0.421866,0.0137188
0.424231,0.0138068
0.426618,0.0138957
0.429024,0.0139853
0.431449,0.0140757
0.43389,0.0141667
0.436344,0.0142583
0.438811,0.0143503
0.441287,0.0144428
0.443771,0.0145355
0.44626,0.0146286
0.448753,0.0147217
0.451247,0.014815
-0.000298318,0.0132637
0.000298318,0.0132637
0.000894966,0.0132637
0.00149164,0.0132637
0.00208834,0.0132637
0.00268506,0.0132637
0.00328181,0.0132637
0.00387858,0.0132637
0.00447538,0.0132637
0.0050722,0.0132637
0.00566905,0.0132637
0.00626592,0.0132637
0.00686282,0.0132637
0.00745974,0.0132637
0.00805669,0.0132637
0.00865366,0.0132637
0.00925066,0.0132637
0.00984768,0.0132637
0.0104447,0.0132637
0.0110418,0.0132637
0.0116389,0.0132637
0.012236,0.0132637
0.0128331,0.0132637
0.0134303,0.0132637
0.0140275,0.0132637
0.0146247,0.0132637
0.0152219,0.0132637
0.0158192,0.0132637
0.0164165,0.0132637
0.0170138,0.0132637
0.0176111,0.0132637
0.0182085,0.0132637
0.0188059,0.0132637
0.0194033,0.0132637
0.0200007,0.0132637
0.0205982,0.0132637
0.0211956,0.0132637
0.0217931,0.0132637
0.0223907,0.0132637
0.0229882,0.0132637
0.0235858,0.0132637
0.0241834,0.0132637
0.024781,0.0132637
0.0253786,0.0132637
0.0259763,0.0132637
0.026574,0.0132637
0.0271717,0.0132637
0.0277694,0.0132637
0.0283672,0.0132637
0.028965,0.0132637
0.0295628,0.0132637
0.0301606,0.0132637
0.0307585,0.0132637
0.0313563,0.0132637
0.0319542,0.0132637
0.0325521,0.0132637
0.0331501,0.0132637
0.033748,0.0132637
0.034346,0.0132637
0.034944,0.0132637
0.0355421,0.0132637
0.0361401,0.0132637
0.0367382,0.0132637
0.0373363,0.0132637
0.0379344,0.0132637
0.0385326,0.0132637
0.0391307,0.0132637
0.0397289,0.0132637
0.0403271,0.0132637
0.0409254,0.0132637
0.0415236,0.0132637
0.0421219,0.0132637
0.0427202,0.0132637
0.0433185,0.0132637
0.0439169,0.0132637
0.0445152,0.0132637
0.0451136,0.0132637
0.045712,0.0132637
0.0463105,0.0132637
0.0469089,0.0132637
0.0475074,0.0132637
0.0481059,0.0132637
0.0487044,0.0132637
0.0493029,0.0132637
0.0499015,0.0132637
0.0505001,0.0132637
0.0510987,0.0132637
0.0516973,0.0131881
0.052296,0.0131125
0.0528946,0.013037
0.0534933,0.0129614
0.054092,0.0128858
0.0546908,0.0128103
0.0552895,0.0127347
0.0558883,0.0126591
0.0564871,0.0125835
0.0570859,0.012508
0.0576848,0.0124324
0.0582836,0.0123568
0.0588825,0.0122812
0.0594814,0.0122056
0.0600803,0.01213
0.0606793,0.0120544
0.0612782,0.0119788
0.0618772,0.0119032
0.0624762,0.0118276
0.0630753,0.011752
0.0636743,0.0116764
0.0642734,0.0116007
0.0648725,0.0115251
0.0654716,0.0114495
0.0660707,0.0113739
0.0666698,0.0112983
0.067269,0.0112226
0.0678682,0.011147
0.0684674,0.0110714
0.0690667,0.0109957
0.0696659,0.0109201
0.0702652,0.0108444
0.0708645,0.0107688
0.0714638,0.0106932
0.0720631,0.0106175
0.0726625,0.0105419
0.0732618,0.0104662
0.0738612,0.0103905
0.0744606,0.0103149
0.0750601,0.0102392
0.0756595,0.0101636
0.076259,0.0100879
0.0768585,0.0100122
0.077458,0.00993656
0.0780575,0.00986088
0.0786571,0.00978521
0.0792566,0.00970953
0.0798562,0.00963385
0.0804558,0.00955817
0.0810555,0.00948248
0.0816551,0.00940679
0.0822548,0.0093311
0.0828545,0.00925541
0.0834542,0.00917971
0.0840539,0.00910401
0.0846536,0.00902831
0.0852534,0.00895261
0.0858532,0.0088769
0.086453,0.00873318
0.0870528,0.00858945
0.0876526,0.00844572
0.0882525,0.00830198
0.0888524,0.00815824
0.0894522,0.0080145
0.0900522,0.00787075
0.0906521,0.00772699
0.091252,0.00758323
0.091852,0.00743947
0.092452,0.0072957
0.093052,0.00715193
0.093652,0.00700815
0.0942521,0.00686437
0.0948521,0.00672058
0.0954522,0.00657679
0.0960523,0.006433
0.0966524,0.0062892
0.0972526,0.00622115
0.0978527,0.00615309
0.0984529,0.00608503
0.0990531,0.00601697
0.0996533,0.00594891
0.100253,0.00588085
0.100854,0.00581278
0.101454,0.00574471
0.102054,0.00567664
0.102655,0.00560857
0.103255,0.0055405
0.103855,0.00547242
0.104456,0.00540434
0.105056,0.00533626
0.105656,0.00526818
0.106257,0.0052001
0.106857,0.00513201
0.107458,0.00506392
0.108058,0.00499583
0.108659,0.00492774
0.109259,0.00485965
0.109859,0.00479155
0.11046,0.00479155
0.111061,0.00479155
0.111661,0.00479155
0.112262,0.00479155
0.112862,0.00479155
0.113463,0.00479155
0.114064,0.00479155
0.114664,0.00479155
0.115265,0.00479155
0.115866,0.00479155
0.116466,0.00479155
0.117067,0.00479155
0.117668,0.00479155
0.118268,0.00479155
0.118869,0.00479155
0.11947,0.00479155
0.120071,0.00479155
0.120672,0.00479155
0.121272,0.00479155
0.121873,0.00479155
0.122474,0.00479155
0.123075,0.00479155
0.123676,0.00479155
0.124277,0.00479155
0.124878,0.00479155
0.125479,0.00479155
0.12608,0.00479155
0.126681,0.00479155
0.127282,0.00479155
0.127883,0.00479155
0.128484,0.00479155
0.129085,0.00479155
0.129686,0.00479155
0.130287,0.00479155
0.130888,0.00479155
0.131489,0.00479155
0.13209,0.00479155
0.132691,0.00479155
0.133292,0.00479155
0.133893,0.00479155
0.134495,0.00479155
0.135096,0.00479155
0.135697,0.00479155
0.136298,0.00479155
0.1369,0.00479155
0.137501,0.00479155
0.138102,0.00479155
0.138703,0.00479155
0.139305,0.00479155
0.139906,0.00479155
0.140507,0.00479155
0.141109,0.00479155
0.14171,0.00479155
0.142311,0.00479155
0.142913,0.00479155
0.143514,0.00479155
0.144116,0.00479155
0.144717,0.00479155
0.145318,0.00479155
0.14592,0.00479155
0.146521,0.00479155
0.147123,0.00479155
0.147724,0.00479155
0.148326,0.00479155
0.148927,0.00479155
0.149529,0.00479155
0.150131,0.00479155
0.150732,0.00479155
0.151334,0.00479155
0.151935,0.00479155
0.152537,0.00479155
0.153139,0.00479155
0.15374,0.00479155
0.154342,0.00479155
0.154944,0.00479155
0.155545,0.00479155
0.156147,0.00479155
0.156749,0.00479155
0.157351,0.00479155
0.157952,0.00479155
0.158554,0.00479155
0.159156,0.00479155
0.159758,0.00479155
0.160359,0.00479155
0.160961,0.00479155
0.161563,0.00479155
0.162165,0.00479155
0.162767,0.00479155
0.163369,0.00479155
0.163971,0.00479155
0.164572,0.00479155
0.165174,0.00479155
0.165776,0.00479155
0.166378,0.00479155
0.16698,0.00479155
0.167582,0.00479155
0.168184,0.00479155
0.168786,0.00479155
0.169388,0.00479155
0.16999,0.00479155
0.170592,0.00479155
0.171194,0.00479155
0.171796,0.00479155
0.172398,0.00479155
0.173,0.00479155
0.173602,0.00479155
0.174205,0.00479155
0.174807,0.00479155
0.175409,0.00479155
0.176011,0.00479155
0.176613,0.00481523
0.177215,0.00483892
0.177817,0.0048626
0.17842,0.00488629
0.179022,0.00490997
0.179624,0.00493366
0.180226,0.00495734
0.180829,0.00498103
0.181431,0.00500472
0.182033,0.0050284
0.182635,0.00505209
0.183238,0.00507578
0.18384,0.00509947
0.184442,0.00512316
0.185045,0.00514685
0.185647,0.00517054
0.186249,0.00519423
0.186852,0.00521792
0.187454,0.00524161
0.188056,0.0052653
0.188659,0.00528899
0.189261,0.00531269
0.189864,0.00533638
0.190466,0.00536007
0.191069,0.00538377
0.191671,0.00540746
0.192273,0.00543116
0.192876,0.00545485
0.193478,0.00547855
0.194081,0.00550225
0.194683,0.00552594
0.195286,0.00554964
0.195888,0.00557334
0.196491,0.00559704
0.197094,0.00562073
0.197696,0.00564443
0.198299,0.00566813
0.198901,0.00569183
0.199504,0.00571553
0.200107,0.00573923
0.200709,0.00576294
0.201312,0.00578664
0.201914,0.00581034
0.202517,0.00583404
0.20312,0.00585774
0.203722,0.00588145
0.204325,0.00590515
0.204928,0.00592885
0.20553,0.00595256
0.206133,0.00597626
0.206736,0.00599997
0.207339,0.00602368
0.207941,0.00604738
0.208544,0.00607109
0.209147,0.00609479
0.20975,0.0061185
0.210352,0.00614221
0.210955,0.00616592
0.211558,0.00618963
0.212161,0.00621334
0.212764,0.00623704
0.213367,0.00626075
0.213969,0.00628446
0.214572,0.00630817
0.215175,0.00633189
0.215778,0.0063556
0.216381,0.00637931
0.216984,0.00640302
0.217587,0.00642673
0.21819,0.00645044
0.218793,0.00647416
0.219395,0.00649787
0.219998,0.00652159
0.220601,0.0065453
0.221204,0.00656901
0.221807,0.00659273
0.22241,0.00661644
0.223013,0.00664016
0.223616,0.00666388
0.224219,0.00668759
0.224822,0.00671131
0.225425,0.00673503
0.226028,0.00675874
0.226631,0.00678246
0.227234,0.00680618
0.227837,0.0068299
0.228441,0.00685362
0.229044,0.00687733
0.229647,0.00690105
0.23025,0.00692477
0.230853,0.00694849
0.231456,0.00697221
0.232059,0.00699593
0.232662,0.00701966
0.233265,0.00704338
0.233868,0.0070671
0.234472,0.00709082
0.235075,0.00711454
0.235678,0.00713827
0.236281,0.00716199
0.236884,0.00718571
0.237488,0.00720944
0.238091,0.00723316
0.238694,0.00725688
0.239297,0.00728061
0.2399,0.00730433
0.240504,0.00732806
0.241107,0.00735178
0.24171,0.00737551
0.242313,0.00739924
0.242917,0.00742296
0.24352,0.00744669
0.244123,0.00747042
0.244726,0.00749414
0.24533,0.00751787
0.245933,0.0075416
0.246536,0.00756533
0.24714,0.00758906
0.247743,0.00761279
0.248346,0.00763651
0.24895,0.00766024
0.249553,0.00768397
0.250156,0.0077077
0.25076,0.00773143
0.251363,0.00775516
0.251966,0.00777889
0.25257,0.00780263
0.253173,0.00782636
0.253777,0.00785009
0.25438,0.00787382
0.254983,0.00789755
0.255587,0.00792129
0.25619,0.00794502
0.256794,0.00796875
0.257397,0.00799248
0.258,0.00801622
0.258604,0.00803995
0.259207,0.00806368
0.259811,0.00808742
0.260414,0.00811115
0.261018,0.00813489
0.261621,0.00815862
0.262225,0.00818236
0.262828,0.00820609
0.263432,0.00822983
0.264035,0.00825356
0.264639,0.0082773
0.265242,0.00830104
0.265846,0.00832477
0.266449,0.00834851
0.267053,0.00837225
0.267656,0.00839598
0.26826,0.00841972
0.268863,0.00844346
0.269467,0.0084672
0.270071,0.00849094
0.270674,0.00851467
0.271278,0.00853841
0.271881,0.00856215
0.272485,0.00858589
0.273088,0.00860963
0.273692,0.00863337
0.274296,0.00865711
0.274899,0.00868085
0.275503,0.00870459
0.276106,0.00872833
0.27671,0.00875207
0.277314,0.00877581
0.277917,0.00879955
0.278521,0.00882329
0.279125,0.00884703
0.279728,0.00887078
0.280332,0.00889452
0.280935,0.00891826
0.281539,0.008942
0.282143,0.00896574
0.282746,0.00898949
0.28335,0.00901323
0.283954,0.00903697
0.284557,0.00906071
0.285161,0.00908446
0.285765,0.0091082
0.286369,0.00913195
0.286972,0.00915569
0.287576,0.00917943
0.28818,0.00920318
0.288783,0.00922692
0.289387,0.00925067
0.289991,0.00927441
0.290595,0.00929816
0.291198,0.0093219
0.291802,0.00934565
0.292406,0.00936939
0.293009,0.00939314
0.293613,0.00941688
0.294217,0.00944063
0.294821,0.00946437
0.295424,0.00948812
0.296028,0.00951186
0.296632,0.00953561
0.297236,0.00955936
0.29784,0.0095831
0.298443,0.00960685
0.299047,0.0096306
0.299651,0.00965434
0.300255,0.00967809
0.300858,0.00970184
0.301462,0.00972559
0.302066,0.00974933
0.30267,0.00977308
0.303274,0.00979683
0.303877,0.00982058
0.304481,0.00984432
0.305085,0.00986807
0.305689,0.00989182
0.306293,0.00991557
0.306897,0.00993932
0.3075,0.00996307
0.308104,0.00998682
0.308708,0.0100106
0.309312,0.0100343
0.309916,0.0100581
0.310519,0.0100818
0.311123,0.0101056
0.311727,0.0101293
0.312331,0.0101531
0.312935,0.0101768
0.313539,0.0102006
0.314143,0.0102243
0.314746,0.0102481
0.31535,0.0102718
0.315954,0.0102956
0.316558,0.0103193
0.317162,0.0103431
0.317766,0.0103668
0.31837,0.0103906
0.318973,0.0104143
0.319577,0.0104381
0.320181,0.0104618
0.320785,0.0104856
0.321389,0.0105093
0.321993,0.0105331
0.322597,0.0105568
0.323201,0.0105806
0.323804,0.0106043
0.324408,0.0106281
0.325012,0.0106518
0.325616,0.0106756
0.32622,0.0106993
0.326824,0.0107231
0.327428,0.0107468
0.328032,0.0107706
0.328636,0.0107943
0.32924,0.0108181
0.329843,0.0108418
0.330447,0.0108656
0.331051,0.0108893
0.331655,0.0109131
0.332259,0.0109368
0.332863,0.0109606
0.333467,0.0109843
0.334071,0.0110081
0.334675,0.0110318
0.335279,0.0110556
0.335882,0.0110793
0.336486,0.0111031
0.33709,0.0111269
0.337694,0.0111506
0.338298,0.0111744
0.338902,0.0111981
0.339506,0.0112219
0.34011,0.0112456
0.340714,0.0112694
0.341318,0.0112931
0.341922,0.0113169
0.342526,0.0113406
0.343129,0.0113644
0.343733,0.0113881
0.344337,0.0114119
0.344941,0.0114356
0.345545,0.0114594
0.346149,0.0114831
0.346753,0.0115069
0.347368,0.0115306
0.348006,0.0115553
0.348667,0.0115808
0.349353,0.0116073
0.350063,0.0116348
0.3508,0.0116632
0.351562,0.0116927
0.352352,0.0117232
0.353169,0.0117548
0.354015,0.0117875
0.35489,0.0118213
0.355796,0.0118563
0.356732,0.0118925
0.357699,0.01193
0.358699,0.0119686
0.359732,0.0120086
0.360798,0.0120499
0.361898,0.0120925
0.363034,0.0121364
0.364204,0.0121818
0.365412,0.0122285
0.366655,0.0122767
0.367937,0.0123264
0.369256,0.0123775
0.370613,0.0124301
0.372009,0.0124843
0.373444,0.0125399
0.374919,0.0125972
0.376433,0.0126559
0.377988,0.0127163
0.379582,0.0127782
0.381217,0.0128417
0.382893,0.0129068
0.384608,0.0129735
0.386364,0.0130418
0.38816,0.0131116
0.389996,0.0131831
0.391871,0.013256
0.393786,0.0133306
0.395739,0.0134066
0.397729,0.0134842
0.399757,0.0135632
0.401822,0.0136437
0.403922,0.0137256
0.406057,0.0138089
0.408225,0.0138935
0.410425,0.0139795
0.412657,0.0140666
0.414918,0.014155
0.417208,0.0142445
0.419524,0.0143351
0.421866,0.0144267
0.424231,0.0145193
0.426618,0.0146128
0.429024,0.014707
0.431449,0.0148021
0.43389,0.0148978
0.436344,0.014994
0.438811,0.0150908
0.441287,0.0151881
0.443771,0.0152856
0.44626,0.0153834
0.448753,0.0154814
0.451247,0.0155795
-0.000298318,0.0137184
0.000298318,0.0137184
0.000894966,0.0137184
0.00149164,0.0137184
0.00208834,0.0137184
0.00268506,0.0137184
0.00328181,0.0137184
0.00387858,0.0137184
0.00447538,0.0137184
0.0050722,0.0137184
0.00566905,0.0137184
0.00626592,0.0137184
0.00686282,0.0137184
0.00745974,0.0137184
0.00805669,0.0137184
0.00865366,0.0137184
0.00925066,0.0137184
0.00984768,0.0137184
0.0104447,0.0137184
0.0110418,0.0137184
0.0116389,0.0137184
0.012236,0.0137184
0.0128331,0.0137184
0.0134303,0.0137184
0.0140275,0.0137184
0.0146247,0.0137184
0.0152219,0.0137184
0.0158192,0.0137184
0.0164165,0.0137184
0.0170138,0.0137184
0.0176111,0.0137184
0.0182085,0.0137184
0.0188059,0.0137184
0.0194033,0.0137184
0.0200007,0.0137184
0.0205982,0.0137184
0.0211956,0.0137184
0.0217931,0.0137184
0.0223907,0.0137184
0.0229882,0.0137184
0.0235858,0.0137184
0.0241834,0.0137184
0.024781,0.0137184
0.0253786,0.0137184
0.0259763,0.0137184
0.026574,0.0137184
0.0271717,0.0137184
0.0277694,0.0137184
0.0283672,0.0137184
0.028965,0.0137184
0.0295628,0.0137184
0.0301606,0.0137184
0.0307585,0.0137184
0.0313563,0.0137184
0.0319542,0.0137184
0.0325521,0.0137184
0.0331501,0.0137184
0.033748,0.0137184
0.034346,0.0137184
0.034944,0.0137184
0.0355421,0.0137184
0.0361401,0.0137184
0.0367382,0.0137184
0.0373363,0.0137184
0.0379344,0.0137184
0.0385326,0.0137184
0.0391307,0.0137184
0.0397289,0.0137184
0.0403271,0.0137184
0.0409254,0.0137184
0.0415236,0.0137184
0.0421219,0.0137184
0.0427202,0.0137184
0.0433185,0.0137184
0.0439169,0.0137184
0.0445152,0.0137184
0.0451136,0.0137184
0.045712,0.0137184
0.0463105,0.0137184
0.0469089,0.0137184
0.0475074,0.0137184
0.0481059,0.0137184
0.0487044,0.0137184
0.0493029,0.0137184
0.0499015,0.0137184
0.0505001,0.0137184
0.0510987,0.0137184
0.0516973,0.0136392
0.052296,0.0135599
0.0528946,0.0134806
0.0534933,0.0134013
0.054092,0.0133221
0.0546908,0.0132428
0.0552895,0.0131635
0.0558883,0.0130842
0.0564871,0.0130049
0.0570859,0.0129256
0.0576848,0.0128463
0.0582836,0.012767
0.0588825,0.0126877
0.0594814,0.0126084
0.0600803,0.0125291
0.0606793,0.0124498
0.0612782,0.0123705
0.0618772,0.0122912
0.0624762,0.0122118
0.0630753,0.0121325
0.0636743,0.0120532
0.0642734,0.0119739
0.0648725,0.0118945
0.0654716,0.0118152
0.0660707,0.0117359
0.0666698,0.0116565
0.067269,0.0115772
0.0678682,0.0114978
0.0684674,0.0114185
0.0690667,0.0113391
0.0696659,0.0112598
0.0702652,0.0111804
0.0708645,0.0111011
0.0714638,0.0110217
0.0720631,0.0109424
0.0726625,0.010863
0.0732618,0.0107836
0.0738612,0.0107043
0.0744606,0.0106249
0.0750601,0.0105455
0.0756595,0.0104661
0.076259,0.0103868
0.0768585,0.0103074
0.077458,0.010228
0.0780575,0.0101486
0.0786571,0.0100692
0.0792566,0.00998981
0.0798562,0.00991042
0.0804558,0.00983102
0.0810555,0.00975162
0.0816551,0.00967221
0.0822548,0.00959281
0.0828545,0.0095134
0.0834542,0.00943399
0.0840539,0.00935457
0.0846536,0.00927515
0.0852534,0.00919574
0.0858532,0.00911631
0.086453,0.00897044
0.0870528,0.00882456
0.0876526,0.00867868
0.0882525,0.0085328
0.0888524,0.00838691
0.0894522,0.00824101
0.0900522,0.00809511
0.0906521,0.0079492
0.091252,0.0078033
0.091852,0.00765738
0.092452,0.00751146
0.093052,0.00736554
0.093652,0.00721961
0.0942521,0.00707368
0.0948521,0.00692775
0.0954522,0.0067818
0.0960523,0.00663586
0.0966524,0.00648991
0.0972526,0.00642342
0.0978527,0.00635694
0.0984529,0.00629045
0.0990531,0.00622396
0.0996533,0.00615746
0.100253,0.00609097
0.100854,0.00602447
0.101454,0.00595797
0.102054,0.00589147
0.102655,0.00582497
0.103255,0.00575846
0.103855,0.00569195
0.104456,0.00562544
0.105056,0.00555893
0.105656,0.00549242
0.106257,0.0054259
0.106857,0.00535939
0.107458,0.00529287
0.108058,0.00522635
0.108659,0.00515982
0.109259,0.0050933
0.109859,0.00502677
0.11046,0.00502677
0.111061,0.00502677
0.111661,0.00502677
0.112262,0.00502677
0.112862,0.00502677
0.113463,0.00502677
0.114064,0.00502677
0.114664,0.00502677
0.115265,0.00502677
0.115866,0.00502677
0.116466,0.00502677
0.117067,0.00502677
0.117668,0.00502677
0.118268,0.00502677
0.118869,0.00502677
0.11947,0.00502677
0.120071,0.00502677
0.120672,0.00502677
0.121272,0.00502677
0.121873,0.00502677
0.122474,0.00502677
0.123075,0.00502677
0.123676,0.00502677
0.124277,0.00502677
0.124878,0.00502677
0.125479,0.00502677
0.12608,0.00502677
0.126681,0.00502677
0.127282,0.00502677
0.127883,0.00502677
0.128484,0.00502677
0.129085,0.00502677
0.129686,0.00502677
0.130287,0.00502677
0.130888,0.00502677
0.131489,0.00502677
0.13209,0.00502677
0.132691,0.00502677
0.133292,0.00502677
0.133893,0.00502677
0.134495,0.00502677
0.135096,0.00502677
0.135697,0.00502677
0.136298,0.00502677
0.1369,0.00502677
0.137501,0.00502677
0.138102,0.00502677
0.138703,0.00502677
0.139305,0.00502677
0.139906,0.00502677
0.140507,0.00502677
0.141109,0.00502677
0.14171,0.00502677
0.142311,0.00502677
0.142913,0.00502677
0.143514,0.00502677
0.144116,0.00502677
0.144717,0.00502677
0.145318,0.00502677
0.14592,0.00502677
0.146521,0.00502677
0.147123,0.00502677
0.147724,0.00502677
0.148326,0.00502677
0.148927,0.00502677
0.149529,0.00502677
0.150131,0.00502677
0.150732,0.00502677
0.151334,0.00502677
0.151935,0.00502677
0.152537,0.00502677
0.153139,0.00502677
0.15374,0.00502677
0.154342,0.00502677
0.154944,0.00502677
0.155545,0.00502677
0.156147,0.00502677
0.156749,0.00502677
0.157351,0.00502677
0.157952,0.00502677
0.158554,0.00502677
0.159156,0.00502677
0.159758,0.00502677
0.160359,0.00502677
0.160961,0.00502677
0.161563,0.00502677
0.162165,0.00502677
0.162767,0.00502677
0.163369,0.00502677
0.163971,0.00502677
0.164572,0.00502677
0.165174,0.00502677
0.165776,0.00502677
0.166378,0.00502677
0.16698,0.00502677
0.167582,0.00502677
0.168184,0.00502677
0.168786,0.00502677
0.169388,0.00502677
0.16999,0.00502677
0.170592,0.00502677
0.171194,0.00502677
0.171796,0.00502677
0.172398,0.00502677
0.173,0.00502677
0.173602,0.00502677
0.174205,0.00502677
0.174807,0.00502677
0.175409,0.00502677
0.176011,0.00502677
0.176613,0.00505162
0.177215,0.00507646
0.177817,0.00510131
0.17842,0.00512616
0.179022,0.005151
0.179624,0.00517585
0.180226,0.0052007
0.180829,0.00522555
0.181431,0.0052504
0.182033,0.00527525
0.182635,0.0053001
0.183238,0.00532495
0.18384,0.0053498
0.184442,0.00537465
0.185045,0.00539951
0.185647,0.00542436
0.186249,0.00544921
0.186852,0.00547407
0.187454,0.00549892
0.188056,0.00552378
0.188659,0.00554863
0.189261,0.00557349
0.189864,0.00559835
0.190466,0.0056232
0.191069,0.00564806
0.191671,0.00567292
0.192273,0.00569778
0.192876,0.00572263
0.193478,0.00574749
0.194081,0.00577235
0.194683,0.00579721
0.195286,0.00582207
0.195888,0.00584694
0.196491,0.0058718
0.197094,0.00589666
0.197696,0.00592152
0.198299,0.00594638
0.198901,0.00597125
0.199504,0.00599611
0.200107,0.00602098
0.200709,0.00604584
0.201312,0.00607071
0.201914,0.00609557
0.202517,0.00612044
0.20312,0.0061453
0.203722,0.00617017
0.204325,0.00619504
0.204928,0.00621991
0.20553,0.00624477
0.206133,0.00626964
0.206736,0.00629451
0.207339,0.00631938
0.207941,0.00634425
0.208544,0.00636912
0.209147,0.00639399
0.20975,0.00641886
0.210352,0.00644373
0.210955,0.00646861
0.211558,0.00649348
0.212161,0.00651835
0.212764,0.00654322
0.213367,0.0065681
0.213969,0.00659297
0.214572,0.00661785
0.215175,0.00664272
0.215778,0.0066676
0.216381,0.00669247
0.216984,0.00671735
0.217587,0.00674222
0.21819,0.0067671
0.218793,0.00679198
0.219395,0.00681685
0.219998,0.00684173
0.220601,0.00686661
0.221204,0.00689149
0.221807,0.00691637
0.22241,0.00694125
0.223013,0.00696613
0.223616,0.00699101
0.224219,0.00701589
0.224822,0.00704077
0.225425,0.00706565
0.226028,0.00709053
0.226631,0.00711541
0.227234,0.0071403
0.227837,0.00716518
0.228441,0.00719006
0.229044,0.00721495
0.229647,0.00723983
0.23025,0.00726471
0.230853,0.0072896
0.231456,0.00731448
0.232059,0.00733937
0.232662,0.00736425
0.233265,0.00738914
0.233868,0.00741403
0.234472,0.00743891
0.235075,0.0074638
0.235678,0.00748869
0.236281,0.00751357
0.236884,0.00753846
0.237488,0.00756335
0.238091,0.00758824
0.238694,0.00761313
0.239297,0.00763802
0.2399,0.00766291
0.240504,0.0076878
0.241107,0.00771269
0.24171,0.00773758
0.242313,0.00776247
0.242917,0.00778736
0.24352,0.00781225
0.244123,0.00783714
0.244726,0.00786204
0.24533,0.00788693
0.245933,0.00791182
0.246536,0.00793671
0.24714,0.00796161
0.247743,0.0079865
0.248346,0.00801139
0.24895,0.00803629
0.249553,0.00806118
0.250156,0.00808608
0.25076,0.00811097
0.251363,0.00813587
0.251966,0.00816076
0.25257,0.00818566
0.253173,0.00821056
0.253777,0.00823545
0.25438,0.00826035
0.254983,0.00828525
0.255587,0.00831014
0.25619,0.00833504
0.256794,0.00835994
0.257397,0.00838484
0.258,0.00840974
0.258604,0.00843463
0.259207,0.00845953
0.259811,0.00848443
0.260414,0.00850933
0.261018,0.00853423
0.261621,0.00855913
0.262225,0.00858403
0.262828,0.00860893
0.263432,0.00863383
0.264035,0.00865874
0.264639,0.00868364
0.265242,0.00870854
0.265846,0.00873344
0.266449,0.00875834
0.267053,0.00878324
0.267656,0.00880815
0.26826,0.00883305
0.268863,0.00885795
0.269467,0.00888286
0.270071,0.00890776
0.270674,0.00893266
0.271278,0.00895757
0.271881,0.00898247
0.272485,0.00900738
0.273088,0.00903228
0.273692,0.00905719
0.274296,0.00908209
0.274899,0.009107
0.275503,0.0091319
0.276106,0.00915681
0.27671,0.00918171
0.277314,0.00920662
0.277917,0.00923153
0.278521,0.00925643
0.279125,0.00928134
0.279728,0.00930625
0.280332,0.00933115
0.280935,0.00935606
0.281539,0.00938097
0.282143,0.00940588
0.282746,0.00943078
0.28335,0.00945569
0.283954,0.0094806
0.284557,0.00950551
0.285161,0.00953042
0.285765,0.00955533
0.286369,0.00958024
0.286972,0.00960515
0.287576,0.00963005
0.28818,0.00965496
0.288783,0.00967987
0.289387,0.00970478
0.289991,0.00972969
0.290595,0.00975461
0.291198,0.00977952
0.291802,0.00980443
0.292406,0.00982934
0.293009,0.00985425
0.293613,0.00987916
0.294217,0.00990407
0.294821,0.00992898
0.295424,0.00995389
0.296028,0.00997881
0.296632,0.0100037
0.297236,0.0100286
0.29784,0.0100535
0.298443,0.0100785
0.299047,0.0101034
0.299651,0.0101283
0.300255,0.0101532
0.300858,0.0101781
0.301462,0.010203
0.302066,0.0102279
0.30267,0.0102528
0.303274,0.0102778
0.303877,0.0103027
0.304481,0.0103276
0.305085,0.0103525
0.305689,0.0103774
0.306293,0.0104023
0.306897,0.0104272
0.3075,0.0104522
0.308104,0.0104771
0.308708,0.010502
0.309312,0.0105269
0.309916,0.0105518
0.310519,0.0105767
0.311123,0.0106016
0.311727,0.0106266
0.312331,0.0106515
0.312935,0.0106764
0.313539,0.0107013
0.314143,0.0107262
0.314746,0.0107511
0.31535,0.0107761
0.315954,0.010801
0.316558,0.0108259
0.317162,0.0108508
0.317766,0.0108757
0.31837,0.0109006
0.318973,0.0109256
0.319577,0.0109505
0.320181,0.0109754
0.320785,0.0110003
0.321389,0.0110252
0.321993,0.0110501
0.322597,0.0110751
0.323201,0.0111
0.323804,0.0111249
0.324408,0.0111498
0.325012,0.0111747
0.325616,0.0111996
0.32622,0.0112246
0.326824,0.0112495
0.327428,0.0112744
0.328032,0.0112993
0.328636,0.0113242
0.32924,0.0113491
0.329843,0.0113741
0.330447,0.011399
0.331051,0.0114239
0.331655,0.0114488
0.332259,0.0114737
0.332863,0.0114986
0.333467,0.0115236
0.334071,0.0115485
0.334675,0.0115734
0.335279,0.0115983
0.335882,0.0116232
0.336486,0.0116482
0.33709,0.0116731
0.337694,0.011698
0.338298,0.0117229
0.338902,0.0117478
0.339506,0.0117727
0.34011,0.0117977
0.340714,0.0118226
0.341318,0.0118475
0.341922,0.0118724
0.342526,0.0118973
0.343129,0.0119223
0.343733,0.0119472
0.344337,0.0119721
0.344941,0.011997
0.345545,0.0120219
0.346149,0.0120468
0.346753,0.0120718
0.347368,0.0120967
0.348006,0.0121225
0.348667,0.0121493
0.349353,0.0121771
0.350063,0.0122059
0.3508,0.0122357
0.351562,0.0122667
0.352352,0.0122987
0.353169,0.0123318
0.354015,0.0123661
0.35489,0.0124016
0.355796,0.0124384
0.356732,0.0124763
0.357699,0.0125156
0.358699,0.0125562
0.359732,0.0125981
0.360798,0.0126414
0.361898,0.0126861
0.363034,0.0127322
0.364204,0.0127798
0.365412,0.0128288
0.366655,0.0128794
0.367937,0.0129315
0.369256,0.0129851
0.370613,0.0130403
0.372009,0.0130971
0.373444,0.0131555
0.374919,0.0132156
0.376433,0.0132772
0.377988,0.0133405
0.379582,0.0134055
0.381217,0.0134721
0.382893,0.0135404
0.384608,0.0136104
0.386364,0.013682
0.38816,0.0137553
0.389996,0.0138302
0.391871,0.0139068
0.393786,0.013985
0.395739,0.0140648
0.397729,0.0141461
0.399757,0.014229
0.401822,0.0143135
0.403922,0.0143994
0.406057,0.0144868
0.408225,0.0145756
0.410425,0.0146657
0.412657,0.0147572
0.414918,0.0148499
0.417208,0.0149438
0.419524,0.0150388
0.421866,0.0151349
0.424231,0.015232
0.426618,0.0153301
0.429024,0.015429
0.431449,0.0155287
0.43389,0.0156291
0.436344,0.0157301
0.438811,0.0158317
0.441287,0.0159336
0.443771,0.016036
0.44626,0.0161386
0.448753,0.0162414
0.451247,0.0163443
-0.000298318,0.0141733
0.000298318,0.0141733
0.000894966,0.0141733
0.00149164,0.0141733
0.00208834,0.0141733
0.00268506,0.0141733
0.00328181,0.0141733
0.00387858,0.0141733
0.00447538,0.0141733
0.0050722,0.0141733
0.00566905,0.0141733
0.00626592,0.0141733
0.00686282,0.0141733
0.00745974,0.0141733
0.00805669,0.0141733
0.00865366,0.0141733
0.00925066,0.0141733
0.00984768,0.0141733
0.0104447,0.0141733
0.0110418,0.0141733
0.0116389,0.0141733
0.012236,0.0141733
0.0128331,0.0141733
0.0134303,0.0141733
0.0140275,0.0141733
0.0146247,0.0141733
0.0152219,0.0141733
0.0158192,0.0141733
0.0164165,0.0141733
0.0170138,0.0141733
0.0176111,0.0141733
0.0182085,0.0141733
0.0188059,0.0141733
0.0194033,0.0141733
0.0200007,0.0141733
0.0205982,0.0141733
0.0211956,0.0141733
0.0217931,0.0141733
0.0223907,0.0141733
0.0229882,0.0141733
0.0235858,0.0141733
0.0241834,0.0141733
0.024781,0.0141733
0.0253786,0.0141733
0.0259763,0.0141733
0.026574,0.0141733
0.0271717,0.0141733
0.0277694,0.0141733
0.0283672,0.0141733
0.028965,0.0141733
0.0295628,0.0141733
0.0301606,0.0141733
0.0307585,0.0141733
0.0313563,0.0141733
0.0319542,0.0141733
0.0325521,0.0141733
0.0331501,0.0141733
0.033748,0.0141733
0.034346,0.0141733
0.034944,0.0141733
0.0355421,0.0141733
0.0361401,0.0141733
0.0367382,0.0141733
0.0373363,0.0141733
0.0379344,0.0141733
0.0385326,0.0141733
0.0391307,0.0141733
0.0397289,0.0141733
0.0403271,0.0141733
0.0409254,0.0141733
0.0415236,0.0141733
0.0421219,0.0141733
0.0427202,0.0141733
0.0433185,0.0141733
0.0439169,0.0141733
0.0445152,0.0141733
0.0451136,0.0141733
0.045712,0.0141733
0.0463105,0.0141733
0.0469089,0.0141733
0.0475074,0.0141733
0.0481059,0.0141733
0.0487044,0.0141733
0.0493029,0.0141733
0.0499015,0.0141733
0.0505001,0.0141733
0.0510987,0.0141733
0.0516973,0.0140904
0.052296,0.0140074
0.0528946,0.0139244
0.0534933,0.0138414
0.054092,0.0137584
0.0546908,0.0136754
0.0552895,0.0135924
0.0558883,0.0135094
0.0564871,0.0134264
0.0570859,0.0133434
0.0576848,0.0132604
0.0582836,0.0131774
0.0588825,0.0130944
0.0594814,0.0130114
0.0600803,0.0129283
0.0606793,0.0128453
0.0612782,0.0127623
0.0618772,0.0126793
0.0624762,0.0125962
0.0630753,0.0125132
0.0636743,0.0124302
0.0642734,0.0123471
0.0648725,0.0122641
0.0654716,0.012181
0.0660707,0.012098
0.0666698,0.0120149
0.067269,0.0119319
0.0678682,0.0118488
0.0684674,0.0117658
0.0690667,0.0116827
0.0696659,0.0115996
0.0702652,0.0115166
0.0708645,0.0114335
0.0714638,0.0113504
0.0720631,0.0112673
0.0726625,0.0111843
0.0732618,0.0111012
0.0738612,0.0110181
0.0744606,0.010935
0.0750601,0.0108519
0.0756595,0.0107688
0.076259,0.0106857
0.0768585,0.0106026
0.077458,0.0105195
0.0780575,0.0104364
0.0786571,0.0103533
0.0792566,0.0102702
0.0798562,0.0101871
0.0804558,0.010104
0.0810555,0.0100208
0.0816551,0.00993773
0.0822548,0.0098546
0.0828545,0.00977148
0.0834542,0.00968835
0.0840539,0.00960522
0.0846536,0.00952208
0.0852534,0.00943895
0.0858532,0.00935581
0.086453,0.00920778
0.0870528,0.00905976
0.0876526,0.00891172
0.0882525,0.00876369
0.0888524,0.00861565
0.0894522,0.0084676
0.0900522,0.00831955
0.0906521,0.00817149
0.091252,0.00802343
0.091852,0.00787537
0.092452,0.0077273
0.093052,0.00757923
0.093652,0.00743115
0.0942521,0.00728307
0.0948521,0.00713498
0.0954522,0.00698689
0.0960523,0.00683879
0.0966524,0.00669069
0.0972526,0.00662577
0.0978527,0.00656085
0.0984529,0.00649593
0.0990531,0.00643101
0.0996533,0.00636609
0.100253,0.00630116
0.100854,0.00623623
0.101454,0.0061713
0.102054,0.00610637
0.102655,0.00604143
0.103255,0.0059765
0.103855,0.00591156
0.104456,0.00584662
0.105056,0.00578168
0.105656,0.00571673
0.106257,0.00565179
0.106857,0.00558684
0.107458,0.00552189
0.108058,0.00545694
0.108659,0.00539198
0.109259,0.00532703
0.109859,0.00526207
0.11046,0.00526207
0.111061,0.00526207
0.111661,0.00526207
0.112262,0.00526207
0.112862,0.00526207
0.113463,0.00526207
0.114064,0.00526207
0.114664,0.00526207
0.115265,0.00526207
0.115866,0.00526207
0.116466,0.00526207
0.117067,0.00526207
0.117668,0.00526207
0.118268,0.00526207
0.118869,0.00526207
0.11947,0.00526207
0.120071,0.00526207
0.120672,0.00526207
0.121272,0.00526207
0.121873,0.00526207
0.122474,0.00526207
0.123075,0.00526207
0.123676,0.00526207
0.124277,0.00526207
0.124878,0.00526207
0.125479,0.00526207
0.12608,0.00526207
0.126681,0.00526207
0.127282,0.00526207
0.127883,0.00526207
0.128484,0.00526207
0.129085,0.00526207
0.129686,0.00526207
0.130287,0.00526207
0.130888,0.00526207
0.131489,0.00526207
0.13209,0.00526207
0.132691,0.00526207
0.133292,0.00526207
0.133893,0.00526207
0.134495,0.00526207
0.135096,0.00526207
0.135697,0.00526207
0.136298,0.00526207
0.1369,0.00526207
0.137501,0.00526207
0.138102,0.00526207
0.138703,0.00526207
0.139305,0.00526207
0.139906,0.00526207
0.140507,0.00526207
0.141109,0.00526207
0.14171,0.00526207
0.142311,0.00526207
0.142913,0.00526207
0.143514,0.00526207
0.144116,0.00526207
0.144717,0.00526207
0.145318,0.00526207
0.14592,0.00526207
0.146521,0.00526207
0.147123,0.00526207
0.147724,0.00526207
0.148326,0.00526207
0.148927,0.00526207
0.149529,0.00526207
0.150131,0.00526207
0.150732,0.00526207
0.151334,0.00526207
0.151935,0.00526207
0.152537,0.00526207
0.153139,0.00526207
0.15374,0.00526207
0.154342,0.00526207
0.154944,0.00526207
0.155545,0.00526207
0.156147,0.00526207
0.156749,0.00526207
0.157351,0.00526207
0.157952,0.00526207
0.158554,0.00526207
0.159156,0.00526207
0.159758,0.00526207
0.160359,0.00526207
0.160961,0.00526207
0.161563,0.00526207
0.162165,0.00526207
0.162767,0.00526207
0.163369,0.00526207
0.163971,0.00526207
0.164572,0.00526207
0.165174,0.00526207
0.165776,0.00526207
0.166378,0.00526207
0.16698,0.00526207
0.167582,0.00526207
0.168184,0.00526207
0.168786,0.00526207
0.169388,0.00526207
0.16999,0.00526207
0.170592,0.00526207
0.171194,0.00526207
0.171796,0.00526207
0.172398,0.00526207
0.173,0.00526207
0.173602,0.00526207
0.174205,0.00526207
0.174807,0.00526207
0.175409,0.00526207
0.176011,0.00526207
0.176613,0.00528808
0.177215,0.00531409
0.177817,0.0053401
0.17842,0.00536611
0.179022,0.00539212
0.179624,0.00541813
0.180226,0.00544414
0.180829,0.00547015
0.181431,0.00549617
0.182033,0.00552218
0.182635,0.00554819
0.183238,0.00557421
0.18384,0.00560022
0.184442,0.00562624
0.185045,0.00565226
0.185647,0.00567827
0.186249,0.00570429
0.186852,0.00573031
0.187454,0.00575632
0.188056,0.00578234
0.188659,0.00580836
0.189261,0.00583438
0.189864,0.0058604
0.190466,0.00588642
0.191069,0.00591244
0.191671,0.00593846
0.192273,0.00596449
0.192876,0.00599051
0.193478,0.00601653
0.194081,0.00604255
0.194683,0.00606858
0.195286,0.0060946
0.195888,0.00612063
0.196491,0.00614665
0.197094,0.00617268
0.197696,0.0061987
0.198299,0.00622473
0.198901,0.00625076
0.199504,0.00627679
0.200107,0.00630281
0.200709,0.00632884
0.201312,0.00635487
0.201914,0.0063809
0.202517,0.00640693
0.20312,0.00643296
0.203722,0.00645899
0.204325,0.00648502
0.204928,0.00651106
0.20553,0.00653709
0.206133,0.00656312
0.206736,0.00658915
0.207339,0.00661519
0.207941,0.00664122
0.208544,0.00666726
0.209147,0.00669329
0.20975,0.00671933
0.210352,0.00674536
0.210955,0.0067714
0.211558,0.00679743
0.212161,0.00682347
0.212764,0.00684951
0.213367,0.00687555
0.213969,0.00690158
0.214572,0.00692762
0.215175,0.00695366
0.215778,0.0069797
0.216381,0.00700574
0.216984,0.00703178
0.217587,0.00705782
0.21819,0.00708386
0.218793,0.00710991
0.219395,0.00713595
0.219998,0.00716199
0.220601,0.00718803
0.221204,0.00721408
0.221807,0.00724012
0.22241,0.00726616
0.223013,0.00729221
0.223616,0.00731825
0.224219,0.0073443
0.224822,0.00737034
0.225425,0.00739639
0.226028,0.00742244
0.226631,0.00744848
0.227234,0.00747453
0.227837,0.00750058
0.228441,0.00752663
0.229044,0.00755267
0.229647,0.00757872
0.23025,0.00760477
0.230853,0.00763082
0.231456,0.00765687
0.232059,0.00768292
0.232662,0.00770897
0.233265,0.00773502
0.233868,0.00776107
0.234472,0.00778712
0.235075,0.00781318
0.235678,0.00783923
0.236281,0.00786528
0.236884,0.00789133
0.237488,0.00791739
0.238091,0.00794344
0.238694,0.00796949
0.239297,0.00799555
0.2399,0.0080216
0.240504,0.00804766
0.241107,0.00807371
0.24171,0.00809977
0.242313,0.00812583
0.242917,0.00815188
0.24352,0.00817794
0.244123,0.008204
0.244726,0.00823005
0.24533,0.00825611
0.245933,0.00828217
0.246536,0.00830823
0.24714,0.00833429
0.247743,0.00836034
0.248346,0.0083864
0.24895,0.00841246
0.249553,0.00843852
0.250156,0.00846458
0.25076,0.00849064
0.251363,0.0085167
0.251966,0.00854277
0.25257,0.00856883
0.253173,0.00859489
0.253777,0.00862095
0.25438,0.00864701
0.254983,0.00867307
0.255587,0.00869914
0.25619,0.0087252
0.256794,0.00875126
0.257397,0.00877733
0.258,0.00880339
0.258604,0.00882946
0.259207,0.00885552
0.259811,0.00888159
0.260414,0.00890765
0.261018,0.00893372
0.261621,0.00895978
0.262225,0.00898585
0.262828,0.00901191
0.263432,0.00903798
0.264035,0.00906405
0.264639,0.00909011
0.265242,0.00911618
0.265846,0.00914225
0.266449,0.00916832
0.267053,0.00919438
0.267656,0.00922045
0.26826,0.00924652
0.268863,0.00927259
0.269467,0.00929866
0.270071,0.00932473
0.270674,0.0093508
0.271278,0.00937687
0.271881,0.00940294
0.272485,0.00942901
0.273088,0.00945508
0.273692,0.00948115
0.274296,0.00950722
0.274899,0.00953329
0.275503,0.00955936
0.276106,0.00958543
0.27671,0.0096115
0.277314,0.00963758
0.277917,0.00966365
0.278521,0.00968972
0.279125,0.00971579
0.279728,0.00974187
0.280332,0.00976794
0.280935,0.00979401
0.281539,0.00982009
0.282143,0.00984616
0.282746,0.00987223
0.28335,0.00989831
0.283954,0.00992438
0.284557,0.00995046
0.285161,0.00997653
0.285765,0.0100026
0.286369,0.0100287
0.286972,0.0100548
0.287576,0.0100808
0.28818,0.0101069
0.288783,0.010133
0.289387,0.0101591
0.289991,0.0101851
0.290595,0.0102112
0.291198,0.0102373
0.291802,0.0102634
0.292406,0.0102894
0.293009,0.0103155
0.293613,0.0103416
0.294217,0.0103677
0.294821,0.0103938
0.295424,0.0104198
0.296028,0.0104459
0.296632,0.010472
0.297236,0.0104981
0.29784,0.0105241
0.298443,0.0105502
0.299047,0.0105763
0.299651,0.0106024
0.300255,0.0106285
0.300858,0.0106545
0.301462,0.0106806
0.302066,0.0107067
0.30267,0.0107328
0.303274,0.0107589
0.303877,0.0107849
0.304481,0.010811
0.305085,0.0108371
0.305689,0.0108632
0.306293,0.0108893
0.306897,0.0109153
0.3075,0.0109414
0.308104,0.0109675
0.308708,0.0109936
0.309312,0.0110197
0.309916,0.0110457
0.310519,0.0110718
0.311123,0.0110979
0.311727,0.011124
0.312331,0.0111501
0.312935,0.0111761
0.313539,0.0112022
0.314143,0.0112283
0.314746,0.0112544
0.31535,0.0112805
0.315954,0.0113066
0.316558,0.0113326
0.317162,0.0113587
0.317766,0.0113848
0.31837,0.0114109
0.318973,0.011437
0.319577,0.0114631
0.320181,0.0114891
0.320785,0.0115152
0.321389,0.0115413
0.321993,0.0115674
0.322597,0.0115935
0.323201,0.0116196
0.323804,0.0116456
0.324408,0.0116717
0.325012,0.0116978
0.325616,0.0117239
0.32622,0.01175
0.326824,0.0117761
0.327428,0.0118021
0.328032,0.0118282
0.328636,0.0118543
0.32924,0.0118804
0.329843,0.0119065
0.330447,0.0119326
0.331051,0.0119586
0.331655,0.0119847
0.332259,0.0120108
0.332863,0.0120369
0.333467,0.012063
0.334071,0.0120891
0.334675,0.0121151
0.335279,0.0121412
0.335882,0.0121673
0.336486,0.0121934
0.33709,0.0122195
0.337694,0.0122456
0.338298,0.0122717
0.338902,0.0122977
0.339506,0.0123238
0.34011,0.0123499
0.340714,0.012376
0.341318,0.0124021
0.341922,0.0124282
0.342526,0.0124542
0.343129,0.0124803
0.343733,0.0125064
0.344337,0.0125325
0.344941,0.0125586
0.345545,0.0125847
0.346149,0.0126108
0.346753,0.0126368
0.347368,0.0126629
0.348006,0.01269
0.348667,0.012718
0.349353,0.0127471
0.350063,0.0127773
0.3508,0.0128085
0.351562,0.0128409
0.352352,0.0128744
0.353169,0.0129091
0.354015,0.012945
0.35489,0.0129821
0.355796,0.0130206
0.356732,0.0130603
0.357699,0.0131014
0.358699,0.0131439
0.359732,0.0131878
0.360798,0.0132331
0.361898,0.0132799
0.363034,0.0133282
0.364204,0.013378
0.365412,0.0134293
0.366655,0.0134823
0.367937,0.0135368
0.369256,0.0135929
0.370613,0.0136507
0.372009,0.0137102
0.373444,0.0137713
0.374919,0.0138342
0.376433,0.0138987
0.377988,0.013965
0.379582,0.014033
0.381217,0.0141027
0.382893,0.0141742
0.384608,0.0142475
0.386364,0.0143225
0.38816,0.0143992
0.389996,0.0144776
0.391871,0.0145577
0.393786,0.0146396
0.395739,0.0147231
0.397729,0.0148083
0.399757,0.0148951
0.401822,0.0149835
0.403922,0.0150734
0.406057,0.0151649
0.408225,0.0152578
0.410425,0.0153522
0.412657,0.0154479
0.414918,0.015545
0.417208,0.0156433
0.419524,0.0157428
0.421866,0.0158434
0.424231,0.0159451
0.426618,0.0160477
0.429024,0.0161512
0.431449,0.0162556
0.43389,0.0163607
0.436344,0.0164664
0.438811,0.0165727
0.441287,0.0166795
0.443771,0.0167866
0.44626,0.0168941
0.448753,0.0170017
0.451247,0.0171094
-0.000298318,0.0146284
0.000298318,0.0146284
0.000894966,0.0146284
0.00149164,0.0146284
0.00208834,0.0146284
0.00268506,0.0146284
0.00328181,0.0146284
0.00387858,0.0146284
0.00447538,0.0146284
0.0050722,0.0146284
0.00566905,0.0146284
0.00626592,0.0146284
0.00686282,0.0146284
0.00745974,0.0146284
0.00805669,0.0146284
0.00865366,0.0146284
0.00925066,0.0146284
0.00984768,0.0146284
0.0104447,0.0146284
0.0110418,0.0146284
0.0116389,0.0146284
0.012236,0.0146284
0.0128331,0.0146284
0.0134303,0.0146284
0.0140275,0.0146284
0.0146247,0.0146284
0.0152219,0.0146284
0.0158192,0.0146284
0.0164165,0.0146284
0.0170138,0.0146284
0.0176111,0.0146284
0.0182085,0.0146284
0.0188059,0.0146284
0.0194033,0.0146284
0.0200007,0.0146284
0.0205982,0.0146284
0.0211956,0.0146284
0.0217931,0.0146284
0.0223907,0.0146284
0.0229882,0.0146284
0.0235858,0.0146284
0.0241834,0.0146284
0.024781,0.0146284
0.0253786,0.0146284
0.0259763,0.0146284
0.026574,0.0146284
0.0271717,0.0146284
0.0277694,0.0146284
0.0283672,0.0146284
0.028965,0.0146284
0.0295628,0.0146284
0.0301606,0.0146284
0.0307585,0.0146284
0.0313563,0.0146284
0.0319542,0.0146284
0.0325521,0.0146284
0.0331501,0.0146284
0.033748,0.0146284
0.034346,0.0146284
0.034944,0.0146284
0.0355421,0.0146284
0.0361401,0.0146284
0.0367382,0.0146284
0.0373363,0.0146284
0.0379344,0.0146284
0.0385326,0.0146284
0.0391307,0.0146284
0.0397289,0.0146284
0.0403271,0.0146284
0.0409254,0.0146284
0.0415236,0.0146284
0.0421219,0.0146284
0.0427202,0.0146284
0.0433185,0.0146284
0.0439169,0.0146284
0.0445152,0.0146284
0.0451136,0.0146284
0.045712,0.0146284
0.0463105,0.0146284
0.0469089,0.0146284
0.0475074,0.0146284
0.0481059,0.0146284
0.0487044,0.0146284
0.0493029,0.0146284
0.0499015,0.0146284
0.0505001,0.0146284
0.0510987,0.0146284
0.0516973,0.0145417
0.052296,0.014455
0.0528946,0.0143683
0.0534933,0.0142816
0.054092,0.0141949
0.0546908,0.0141082
0.0552895,0.0140215
0.0558883,0.0139348
0.0564871,0.0138481
0.0570859,0.0137613
0.0576848,0.0136746
0.0582836,0.0135879
0.0588825,0.0135012
0.0594814,0.0134144
0.0600803,0.0133277
0.0606793,0.013241
0.0612782,0.0131542
0.0618772,0.0130675
0.0624762,0.0129807
0.0630753,0.012894
0.0636743,0.0128072
0.0642734,0.0127205
0.0648725,0.0126337
0.0654716,0.012547
0.0660707,0.0124602
0.0666698,0.0123734
0.067269,0.0122867
0.0678682,0.0121999
0.0684674,0.0121131
0.0690667,0.0120263
0.0696659,0.0119396
0.0702652,0.0118528
0.0708645,0.011766
0.0714638,0.0116792
0.0720631,0.0115924
0.0726625,0.0115056
0.0732618,0.0114188
0.0738612,0.011332
0.0744606,0.0112452
0.0750601,0.0111584
0.0756595,0.0110716
0.076259,0.0109848
0.0768585,0.010898
0.077458,0.0108111
0.0780575,0.0107243
0.0786571,0.0106375
0.0792566,0.0105507
0.0798562,0.0104638
0.0804558,0.010377
0.0810555,0.0102902
0.0816551,0.0102033
0.0822548,0.0101165
0.0828545,0.0100296
0.0834542,0.00994279
0.0840539,0.00985594
0.0846536,0.00976909
0.0852534,0.00968223
0.0858532,0.00959537
0.086453,0.0094452
0.0870528,0.00929502
0.0876526,0.00914484
0.0882525,0.00899465
0.0888524,0.00884446
0.0894522,0.00869426
0.0900522,0.00854406
0.0906521,0.00839385
0.091252,0.00824364
0.091852,0.00809343
0.092452,0.00794321
0.093052,0.00779298
0.093652,0.00764275
0.0942521,0.00749252
0.0948521,0.00734228
0.0954522,0.00719203
0.0960523,0.00704179
0.0966524,0.00689153
0.0972526,0.00682819
0.0978527,0.00676484
0.0984529,0.00670148
0.0990531,0.00663813
0.0996533,0.00657478
0.100253,0.00651142
0.100854,0.00644806
0.101454,0.0063847
0.102054,0.00632133
0.102655,0.00625797
0.103255,0.0061946
0.103855,0.00613123
0.104456,0.00606786
0.105056,0.00600449
0.105656,0.00594112
0.106257,0.00587774
0.106857,0.00581436
0.107458,0.00575098
0.108058,0.0056876
0.108659,0.00562422
0.109259,0.00556083
0.109859,0.00549745
0.11046,0.00549745
0.111061,0.00549745
0.111661,0.00549745
0.112262,0.00549745
0.112862,0.00549745
0.113463,0.00549745
0.114064,0.00549745
0.114664,0.00549745
0.115265,0.00549745
0.115866,0.00549745
0.116466,0.00549745
0.117067,0.00549745
0.117668,0.00549745
0.118268,0.00549745
0.118869,0.00549745
0.11947,0.00549745
0.120071,0.00549745
0.120672,0.00549745
0.121272,0.00549745
0.121873,0.00549745
0.122474,0.00549745
0.123075,0.00549745
0.123676,0.00549745
0.124277,0.00549745
0.124878,0.00549745
0.125479,0.00549745
0.12608,0.00549745
0.126681,0.00549745
0.127282,0.00549745
0.127883,0.00549745
0.128484,0.00549745
0.129085,0.00549745
0.129686,0.00549745
0.130287,0.00549745
0.130888,0.00549745
0.131489,0.00549745
0.13209,0.00549745
0.132691,0.00549745
0.133292,0.00549745
0.133893,0.00549745
0.134495,0.00549745
0.135096,0.00549745
0.135697,0.00549745
0.136298,0.00549745
0.1369,0.00549745
0.137501,0.00549745
0.138102,0.00549745
0.138703,0.00549745
0.139305,0.00549745
0.139906,0.00549745
0.140507,0.00549745
0.141109,0.00549745
0.14171,0.00549745
0.142311,0.00549745
0.142913,0.00549745
0.143514,0.00549745
0.144116,0.00549745
0.144717,0.00549745
0.145318,0.00549745
0.14592,0.00549745
0.146521,0.00549745
0.147123,0.00549745
0.147724,0.00549745
0.148326,0.00549745
0.148927,0.00549745
0.149529,0.00549745
0.150131,0.00549745
0.150732,0.00549745
0.151334,0.00549745
0.151935,0.00549745
0.152537,0.00549745
0.153139,0.00549745
0.15374,0.00549745
0.154342,0.00549745
0.154944,0.00549745
0.155545,0.00549745
0.156147,0.00549745
0.156749,0.00549745
0.157351,0.00549745
0.157952,0.00549745
0.158554,0.00549745
0.159156,0.00549745
0.159758,0.00549745
0.160359,0.00549745
0.160961,0.00549745
0.161563,0.00549745
0.162165,0.00549745
0.162767,0.00549745
0.163369,0.00549745
0.163971,0.00549745
0.164572,0.00549745
0.165174,0.00549745
0.165776,0.00549745
0.166378,0.00549745
0.16698,0.00549745
0.167582,0.00549745
0.168184,0.00549745
0.168786,0.00549745
0.169388,0.00549745
0.16999,0.00549745
0.170592,0.00549745
0.171194,0.00549745
0.171796,0.00549745
0.172398,0.00549745
0.173,0.00549745
0.173602,0.00549745
0.174205,0.00549745
0.174807,0.00549745
0.175409,0.00549745
0.176011,0.00549745
0.176613,0.00552462
0.177215,0.00555179
0.177817,0.00557896
0.17842,0.00560614
0.179022,0.00563331
0.179624,0.00566049
0.180226,0.00568766
0.180829,0.00571484
0.181431,0.00574201
0.182033,0.00576919
0.182635,0.00579637
0.183238,0.00582355
0.18384,0.00585072
0.184442,0.0058779
0.185045,0.00590508
0.185647,0.00593226
0.186249,0.00595944
0.186852,0.00598662
0.187454,0.00601381
0.188056,0.00604099
0.188659,0.00606817
0.189261,0.00609535
0.189864,0.00612254
0.190466,0.00614972
0.191069,0.00617691
0.191671,0.00620409
0.192273,0.00623128
0.192876,0.00625847
0.193478,0.00628565
0.194081,0.00631284
0.194683,0.00634003
0.195286,0.00636722
0.195888,0.0063944
0.196491,0.00642159
0.197094,0.00644878
0.197696,0.00647597
0.198299,0.00650317
0.198901,0.00653036
0.199504,0.00655755
0.200107,0.00658474
0.200709,0.00661193
0.201312,0.00663913
0.201914,0.00666632
0.202517,0.00669351
0.20312,0.00672071
0.203722,0.00674791
0.204325,0.0067751
0.204928,0.0068023
0.20553,0.00682949
0.206133,0.00685669
0.206736,0.00688389
0.207339,0.00691109
0.207941,0.00693828
0.208544,0.00696548
0.209147,0.00699268
0.20975,0.00701988
0.210352,0.00704708
0.210955,0.00707428
0.211558,0.00710149
0.212161,0.00712869
0.212764,0.00715589
0.213367,0.00718309
0.213969,0.00721029
0.214572,0.0072375
0.215175,0.0072647
0.215778,0.00729191
0.216381,0.00731911
0.216984,0.00734632
0.217587,0.00737352
0.21819,0.00740073
0.218793,0.00742793
0.219395,0.00745514
0.219998,0.00748235
0.220601,0.00750956
0.221204,0.00753676
0.221807,0.00756397
0.22241,0.00759118
0.223013,0.00761839
0.223616,0.0076456
0.224219,0.00767281
0.224822,0.00770002
0.225425,0.00772723
0.226028,0.00775444
0.226631,0.00778166
0.227234,0.00780887
0.227837,0.00783608
0.228441,0.00786329
0.229044,0.00789051
0.229647,0.00791772
0.23025,0.00794494
0.230853,0.00797215
0.231456,0.00799936
0.232059,0.00802658
0.232662,0.0080538
0.233265,0.00808101
0.233868,0.00810823
0.234472,0.00813544
0.235075,0.00816266
0.235678,0.00818988
0.236281,0.0082171
0.236884,0.00824432
0.237488,0.00827153
0.238091,0.00829875
0.238694,0.00832597
0.239297,0.00835319
0.2399,0.00838041
0.240504,0.00840763
0.241107,0.00843485
0.24171,0.00846207
0.242313,0.0084893
0.242917,0.00851652
0.24352,0.00854374
0.244123,0.00857096
0.244726,0.00859819
0.24533,0.00862541
0.245933,0.00865263
0.246536,0.00867986
0.24714,0.00870708
0.247743,0.0087343
0.248346,0.00876153
0.24895,0.00878875
0.249553,0.00881598
0.250156,0.00884321
0.25076,0.00887043
0.251363,0.00889766
0.251966,0.00892489
0.25257,0.00895211
0.253173,0.00897934
0.253777,0.00900657
0.25438,0.0090338
0.254983,0.00906102
0.255587,0.00908825
0.25619,0.00911548
0.256794,0.00914271
0.257397,0.00916994
0.258,0.00919717
0.258604,0.0092244
0.259207,0.00925163
0.259811,0.00927886
0.260414,0.00930609
0.261018,0.00933332
0.261621,0.00936055
0.262225,0.00938779
0.262828,0.00941502
0.263432,0.00944225
0.264035,0.00946948
0.264639,0.00949672
0.265242,0.00952395
0.265846,0.00955118
0.266449,0.00957842
0.267053,0.00960565
0.267656,0.00963289
0.26826,0.00966012
0.268863,0.00968735
0.269467,0.00971459
0.270071,0.00974183
0.270674,0.00976906
0.271278,0.0097963
0.271881,0.00982353
0.272485,0.00985077
0.273088,0.00987801
0.273692,0.00990524
0.274296,0.00993248
0.274899,0.00995972
0.275503,0.00998695
0.276106,0.0100142
0.27671,0.0100414
0.277314,0.0100687
0.277917,0.0100959
0.278521,0.0101231
0.279125,0.0101504
0.279728,0.0101776
0.280332,0.0102049
0.280935,0.0102321
0.281539,0.0102593
0.282143,0.0102866
0.282746,0.0103138
0.28335,0.0103411
0.283954,0.0103683
0.284557,0.0103955
0.285161,0.0104228
0.285765,0.01045
0.286369,0.0104773
0.286972,0.0105045
0.287576,0.0105318
0.28818,0.010559
0.288783,0.0105862
0.289387,0.0106135
0.289991,0.0106407
0.290595,0.010668
0.291198,0.0106952
0.291802,0.0107224
0.292406,0.0107497
0.293009,0.0107769
0.293613,0.0108042
0.294217,0.0108314
0.294821,0.0108587
0.295424,0.0108859
0.296028,0.0109132
0.296632,0.0109404
0.297236,0.0109676
0.29784,0.0109949
0.298443,0.0110221
0.299047,0.0110494
0.299651,0.0110766
0.300255,0.0111039
0.300858,0.0111311
0.301462,0.0111584
0.302066,0.0111856
0.30267,0.0112129
0.303274,0.0112401
0.303877,0.0112673
0.304481,0.0112946
0.305085,0.0113218
0.305689,0.0113491
0.306293,0.0113763
0.306897,0.0114036
0.3075,0.0114308
0.308104,0.0114581
0.308708,0.0114853
0.309312,0.0115126
0.309916,0.0115398
0.310519,0.0115671
0.311123,0.0115943
0.311727,0.0116216
0.312331,0.0116488
0.312935,0.0116761
0.313539,0.0117033
0.314143,0.0117306
0.314746,0.0117578
0.31535,0.0117851
0.315954,0.0118123
0.316558,0.0118396
0.317162,0.0118668
0.317766,0.0118941
0.31837,0.0119213
0.318973,0.0119486
0.319577,0.0119758
0.320181,0.012003
0.320785,0.0120303
0.321389,0.0120575
0.321993,0.0120848
0.322597,0.012112
0.323201,0.0121393
0.323804,0.0121665
0.324408,0.0121938
0.325012,0.012221
0.325616,0.0122483
0.32622,0.0122756
0.326824,0.0123028
0.327428,0.0123301
0.328032,0.0123573
0.328636,0.0123846
0.32924,0.0124118
0.329843,0.0124391
0.330447,0.0124663
0.331051,0.0124936
0.331655,0.0125208
0.332259,0.0125481
0.332863,0.0125753
0.333467,0.0126026
0.334071,0.0126298
0.334675,0.0126571
0.335279,0.0126843
0.335882,0.0127116
0.336486,0.0127388
0.33709,0.0127661
0.337694,0.0127933
0.338298,0.0128206
0.338902,0.0128478
0.339506,0.0128751
0.34011,0.0129023
0.340714,0.0129296
0.341318,0.0129568
0.341922,0.0129841
0.342526,0.0130113
0.343129,0.0130386
0.343733,0.0130658
0.344337,0.0130931
0.344941,0.0131203
0.345545,0.0131476
0.346149,0.0131748
0.346753,0.0132021
0.347368,0.0132293
0.348006,0.0132576
0.348667,0.0132869
0.349353,0.0133173
0.350063,0.0133488
0.3508,0.0133814
0.351562,0.0134152
0.352352,0.0134502
0.353169,0.0134865
0.354015,0.013524
0.35489,0.0135628
0.355796,0.013603
0.356732,0.0136445
0.357699,0.0136875
0.358699,0.0137319
0.359732,0.0137777
0.360798,0.013825
0.361898,0.0138739
0.363034,0.0139244
0.364204,0.0139764
0.365412,0.01403
0.366655,0.0140853
0.367937,0.0141423
0.369256,0.014201
0.370613,0.0142613
0.372009,0.0143234
0.373444,0.0143873
0.374919,0.014453
0.376433,0.0145204
0.377988,0.0145896
0.379582,0.0146607
0.381217,0.0147336
0.382893,0.0148083
0.384608,0.0148848
0.386364,0.0149631
0.38816,0.0150432
0.389996,0.0151252
0.391871,0.0152089
0.393786,0.0152944
0.395739,0.0153817
0.397729,0.0154707
0.399757,0.0155614
0.401822,0.0156537
0.403922,0.0157477
0.406057,0.0158432
0.408225,0.0159403
0.410425,0.0160389
0.412657,0.0161389
0.414918,0.0162403
0.417208,0.016343
0.419524,0.016447
0.421866,0.0165521
0.424231,0.0166583
0.426618,0.0167655
0.429024,0.0168737
0.431449,0.0169827
0.43389,0.0170925
0.436344,0.017203
0.438811,0.017314
0.441287,0.0174256
0.443771,0.0175375
0.44626,0.0176497
0.448753,0.0177622
0.451247,0.0178747
-0.000298318,0.0150836
0.000298318,0.0150836
0.000894966,0.0150836
0.00149164,0.0150836
0.00208834,0.0150836
0.00268506,0.0150836
0.00328181,0.0150836
0.00387858,0.0150836
0.00447538,0.0150836
0.0050722,0.0150836
0.00566905,0.0150836
0.00626592,0.0150836
0.00686282,0.0150836
0.00745974,0.0150836
0.00805669,0.0150836
0.00865366,0.0150836
0.00925066,0.0150836
0.00984768,0.0150836
0.0104447,0.0150836
0.0110418,0.0150836
0.0116389,0.0150836
0.012236,0.0150836
0.0128331,0.0150836
0.0134303,0.0150836
0.0140275,0.0150836
0.0146247,0.0150836
0.0152219,0.0150836
0.0158192,0.0150836
0.0164165,0.0150836
0.0170138,0.0150836
0.0176111,0.0150836
0.0182085,0.0150836
0.0188059,0.0150836
0.0194033,0.0150836
0.0200007,0.0150836
0.0205982,0.0150836
0.0211956,0.0150836
0.0217931,0.0150836
0.0223907,0.0150836
0.0229882,0.0150836
0.0235858,0.0150836
0.0241834,0.0150836
0.024781,0.0150836
0.0253786,0.0150836
0.0259763,0.0150836
0.026574,0.0150836
0.0271717,0.0150836
0.0277694,0.0150836
0.0283672,0.0150836
0.028965,0.0150836
0.0295628,0.0150836
0.0301606,0.0150836
0.0307585,0.0150836
0.0313563,0.0150836
0.0319542,0.0150836
0.0325521,0.0150836
0.0331501,0.0150836
0.033748,0.0150836
0.034346,0.0150836
0.034944,0.0150836
0.0355421,0.0150836
0.0361401,0.0150836
0.0367382,0.0150836
0.0373363,0.0150836
0.0379344,0.0150836
0.0385326,0.0150836
0.0391307,0.0150836
0.0397289,0.0150836
0.0403271,0.0150836
0.0409254,0.0150836
0.0415236,0.0150836
0.0421219,0.0150836
0.0427202,0.0150836
0.0433185,0.0150836
0.0439169,0.0150836
0.0445152,0.0150836
0.0451136,0.0150836
0.045712,0.0150836
0.0463105,0.0150836
0.0469089,0.0150836
0.0475074,0.0150836
0.0481059,0.0150836
0.0487044,0.0150836
0.0493029,0.0150836
0.0499015,0.0150836
0.0505001,0.0150836
0.0510987,0.0150836
0.0516973,0.0149932
0.052296,0.0149028
0.0528946,0.0148124
0.0534933,0.0147219
0.054092,0.0146315
0.0546908,0.0145411
0.0552895,0.0144507
0.0558883,0.0143603
0.0564871,0.0142698
0.0570859,0.0141794
0.0576848,0.014089
0.0582836,0.0139985
0.0588825,0.0139081
0.0594814,0.0138176
0.0600803,0.0137272
0.0606793,0.0136367
0.0612782,0.0135463
0.0618772,0.0134558
0.0624762,0.0133654
0.0630753,0.0132749
0.0636743,0.0131844
0.0642734,0.013094
0.0648725,0.0130035
0.0654716,0.012913
0.0660707,0.0128225
0.0666698,0.012732
0.067269,0.0126416
0.0678682,0.0125511
0.0684674,0.0124606
0.0690667,0.0123701
0.0696659,0.0122796
0.0702652,0.0121891
0.0708645,0.0120986
0.0714638,0.0120081
0.0720631,0.0119176
0.0726625,0.0118271
0.0732618,0.0117365
0.0738612,0.011646
0.0744606,0.0115555
0.0750601,0.011465
0.0756595,0.0113744
0.076259,0.0112839
0.0768585,0.0111934
0.077458,0.0111028
0.0780575,0.0110123
0.0786571,0.0109218
0.0792566,0.0108312
0.0798562,0.0107407
0.0804558,0.0106501
0.0810555,0.0105596
0.0816551,0.010469
0.0822548,0.0103784
0.0828545,0.0102879
0.0834542,0.0101973
0.0840539,0.0101067
0.0846536,0.0100162
0.0852534,0.00992558
0.0858532,0.00983501
0.086453,0.00968268
0.0870528,0.00953035
0.0876526,0.00937802
0.0882525,0.00922568
0.0888524,0.00907333
0.0894522,0.00892099
0.0900522,0.00876863
0.0906521,0.00861627
0.091252,0.00846391
0.091852,0.00831154
0.092452,0.00815917
0.093052,0.00800679
0.093652,0.00785441
0.0942521,0.00770203
0.0948521,0.00754963
0.0954522,0.00739724
0.0960523,0.00724484
0.0966524,0.00709243
0.0972526,0.00703065
0.0978527,0.00696887
0.0984529,0.00690709
0.0990531,0.00684531
0.0996533,0.00678352
0.100253,0.00672174
0.100854,0.00665995
0.101454,0.00659815
0.102054,0.00653636
0.102655,0.00647457
0.103255,0.00641277
0.103855,0.00635097
0.104456,0.00628917
0.105056,0.00622737
0.105656,0.00616556
0.106257,0.00610376
0.106857,0.00604195
0.107458,0.00598014
0.108058,0.00591833
0.108659,0.00585652
0.109259,0.0057947
0.109859,0.00573289
0.11046,0.00573289
0.111061,0.00573289
0.111661,0.00573289
0.112262,0.00573289
0.112862,0.00573289
0.113463,0.00573289
0.114064,0.00573289
0.114664,0.00573289
0.115265,0.00573289
0.115866,0.00573289
0.116466,0.00573289
0.117067,0.00573289
0.117668,0.00573289
0.118268,0.00573289
0.118869,0.00573289
0.11947,0.00573289
0.120071,0.00573289
0.120672,0.00573289
0.121272,0.00573289
0.121873,0.00573289
0.122474,0.00573289
0.123075,0.00573289
0.123676,0.00573289
0.124277,0.00573289
0.124878,0.00573289
0.125479,0.00573289
0.12608,0.00573289
0.126681,0.00573289
0.127282,0.00573289
0.127883,0.00573289
0.128484,0.00573289
0.129085,0.00573289
0.129686,0.00573289
0.130287,0.00573289
0.130888,0.00573289
0.131489,0.00573289
0.13209,0.00573289
0.132691,0.00573289
0.133292,0.00573289
0.133893,0.00573289
0.134495,0.00573289
0.135096,0.00573289
0.135697,0.00573289
0.136298,0.00573289
0.1369,0.00573289
0.137501,0.00573289
0.138102,0.00573289
0.138703,0.00573289
0.139305,0.00573289
0.139906,0.00573289
0.140507,0.00573289
0.141109,0.00573289
0.14171,0.00573289
0.142311,0.00573289
0.142913,0.00573289
0.143514,0.00573289
0.144116,0.00573289
0.144717,0.00573289
0.145318,0.00573289
0.14592,0.00573289
0.146521,0.00573289
0.147123,0.00573289
0.147724,0.00573289
0.148326,0.00573289
0.148927,0.00573289
0.149529,0.00573289
0.150131,0.00573289
0.150732,0.00573289
0.151334,0.00573289
0.151935,0.00573289
0.152537,0.00573289
0.153139,0.00573289
0.15374,0.00573289
0.154342,0.00573289
0.154944,0.00573289
0.155545,0.00573289
0.156147,0.00573289
0.156749,0.00573289
0.157351,0.00573289
0.157952,0.00573289
0.158554,0.00573289
0.159156,0.00573289
0.159758,0.00573289
0.160359,0.00573289
0.160961,0.00573289
0.161563,0.00573289
0.162165,0.00573289
0.162767,0.00573289
0.163369,0.00573289
0.163971,0.00573289
0.164572,0.00573289
0.165174,0.00573289
0.165776,0.00573289
0.166378,0.00573289
0.16698,0.00573289
0.167582,0.00573289
0.168184,0.00573289
0.168786,0.00573289
0.169388,0.00573289
0.16999,0.00573289
0.170592,0.00573289
0.171194,0.00573289
0.171796,0.00573289
0.172398,0.00573289
0.173,0.00573289
0.173602,0.00573289
0.174205,0.00573289
0.174807,0.00573289
0.175409,0.00573289
0.176011,0.00573289
0.176613,0.00576122
0.177215,0.00578956
0.177817,0.00581789
0.17842,0.00584623
0.179022,0.00587457
0.179624,0.00590291
0.180226,0.00593125
0.180829,0.00595959
0.181431,0.00598793
0.182033,0.00601627
0.182635,0.00604461
0.183238,0.00607295
0.18384,0.00610129
0.184442,0.00612964
0.185045,0.00615798
0.185647,0.00618632
0.186249,0.00621467
0.186852,0.00624301
0.187454,0.00627136
0.188056,0.00629971
0.188659,0.00632805
0.189261,0.0063564
0.189864,0.00638475
0.190466,0.0064131
0.191069,0.00644145
0.191671,0.0064698
0.192273,0.00649815
0.192876,0.0065265
0.193478,0.00655485
0.194081,0.0065832
0.194683,0.00661155
0.195286,0.0066399
0.195888,0.00666826
0.196491,0.00669661
0.197094,0.00672497
0.197696,0.00675332
0.198299,0.00678168
0.198901,0.00681003
0.199504,0.00683839
0.200107,0.00686675
0.200709,0.0068951
0.201312,0.00692346
0.201914,0.00695182
0.202517,0.00698018
0.20312,0.00700854
0.203722,0.0070369
0.204325,0.00706526
0.204928,0.00709362
0.20553,0.00712198
0.206133,0.00715034
0.206736,0.00717871
0.207339,0.00720707
0.207941,0.00723543
0.208544,0.0072638
0.209147,0.00729216
0.20975,0.00732052
0.210352,0.00734889
0.210955,0.00737725
0.211558,0.00740562
0.212161,0.00743399
0.212764,0.00746236
0.213367,0.00749072
0.213969,0.00751909
0.214572,0.00754746
0.215175,0.00757583
0.215778,0.0076042
0.216381,0.00763257
0.216984,0.00766094
0.217587,0.00768931
0.21819,0.00771768
0.218793,0.00774605
0.219395,0.00777442
0.219998,0.0078028
0.220601,0.00783117
0.221204,0.00785954
0.221807,0.00788792
0.22241,0.00791629
0.223013,0.00794467
0.223616,0.00797304
0.224219,0.00800142
0.224822,0.00802979
0.225425,0.00805817
0.226028,0.00808654
0.226631,0.00811492
0.227234,0.0081433
0.227837,0.00817168
0.228441,0.00820006
0.229044,0.00822843
0.229647,0.00825681
0.23025,0.00828519
0.230853,0.00831357
0.231456,0.00834195
0.232059,0.00837033
0.232662,0.00839872
0.233265,0.0084271
0.233868,0.00845548
0.234472,0.00848386
0.235075,0.00851225
0.235678,0.00854063
0.236281,0.00856901
0.236884,0.0085974
0.237488,0.00862578
0.238091,0.00865416
0.238694,0.00868255
0.239297,0.00871094
0.2399,0.00873932
0.240504,0.00876771
0.241107,0.00879609
0.24171,0.00882448
0.242313,0.00885287
0.242917,0.00888126
0.24352,0.00890964
0.244123,0.00893803
0.244726,0.00896642
0.24533,0.00899481
0.245933,0.0090232
0.246536,0.00905159
0.24714,0.00907998
0.247743,0.00910837
0.248346,0.00913676
0.24895,0.00916515
0.249553,0.00919354
0.250156,0.00922193
0.25076,0.00925033
0.251363,0.00927872
0.251966,0.00930711
0.25257,0.00933551
0.253173,0.0093639
0.253777,0.00939229
0.25438,0.00942069
0.254983,0.00944908
0.255587,0.00947748
0.25619,0.00950587
0.256794,0.00953427
0.257397,0.00956266
0.258,0.00959106
0.258604,0.00961945
0.259207,0.00964785
0.259811,0.00967625
0.260414,0.00970465
0.261018,0.00973304
0.261621,0.00976144
0.262225,0.00978984
0.262828,0.00981824
0.263432,0.00984664
0.264035,0.00987503
0.264639,0.00990343
0.265242,0.00993183
0.265846,0.00996023
0.266449,0.00998863
0.267053,0.010017
0.267656,0.0100454
0.26826,0.0100738
0.268863,0.0101022
0.269467,0.0101306
0.270071,0.010159
0.270674,0.0101874
0.271278,0.0102158
0.271881,0.0102442
0.272485,0.0102726
0.273088,0.0103011
0.273692,0.0103295
0.274296,0.0103579
0.274899,0.0103863
0.275503,0.0104147
0.276106,0.0104431
0.27671,0.0104715
0.277314,0.0104999
0.277917,0.0105283
0.278521,0.0105567
0.279125,0.0105851
0.279728,0.0106135
0.280332,0.0106419
0.280935,0.0106703
0.281539,0.0106987
0.282143,0.0107271
0.282746,0.0107555
0.28335,0.0107839
0.283954,0.0108123
0.284557,0.0108408
0.285161,0.0108692
0.285765,0.0108976
0.286369,0.010926
0.286972,0.0109544
0.287576,0.0109828
0.28818,0.0110112
0.288783,0.0110396
0.289387,0.011068
0.289991,0.0110964
0.290595,0.0111248
0.291198,0.0111533
0.291802,0.0111817
0.292406,0.0112101
0.293009,0.0112385
0.293613,0.0112669
0.294217,0.0112953
0.294821,0.0113237
0.295424,0.0113521
0.296028,0.0113805
0.296632,0.0114089
0.297236,0.0114374
0.29784,0.0114658
0.298443,0.0114942
0.299047,0.0115226
0.299651,0.011551
0.300255,0.0115794
0.300858,0.0116078
0.301462,0.0116362
0.302066,0.0116647
0.30267,0.0116931
0.303274,0.0117215
0.303877,0.0117499
0.304481,0.0117783
0.305085,0.0118067
0.305689,0.0118351
0.306293,0.0118636
0.306897,0.011892
0.3075,0.0119204
0.308104,0.0119488
0.308708,0.0119772
0.309312,0.0120056
0.309916,0.012034
0.310519,0.0120625
0.311123,0.0120909
0.311727,0.0121193
0.312331,0.0121477
0.312935,0.0121761
0.313539,0.0122045
0.314143,0.0122329
0.314746,0.0122614
0.31535,0.0122898
0.315954,0.0123182
0.316558,0.0123466
0.317162,0.012375
0.317766,0.0124034
0.31837,0.0124319
0.318973,0.0124603
0.319577,0.0124887
0.320181,0.0125171
0.320785,0.0125455
0.321389,0.0125739
0.321993,0.0126024
0.322597,0.0126308
0.323201,0.0126592
0.323804,0.0126876
0.324408,0.012716
0.325012,0.0127444
0.325616,0.0127729
0.32622,0.0128013
0.326824,0.0128297
0.327428,0.0128581
0.328032,0.0128865
0.328636,0.0129149
0.32924,0.0129434
0.329843,0.0129718
0.330447,0.0130002
0.331051,0.0130286
0.331655,0.013057
0.332259,0.0130855
0.332863,0.0131139
0.333467,0.0131423
0.334071,0.0131707
0.334675,0.0131991
0.335279,0.0132275
0.335882,0.013256
0.336486,0.0132844
0.33709,0.0133128
0.337694,0.0133412
0.338298,0.0133696
0.338902,0.0133981
0.339506,0.0134265
0.34011,0.0134549
0.340714,0.0134833
0.341318,0.0135117
0.341922,0.0135401
0.342526,0.0135686
0.343129,0.013597
0.343733,0.0136254
0.344337,0.0136538
0.344941,0.0136822
0.345545,0.0137107
0.346149,0.0137391
0.346753,0.0137675
0.347368,0.0137959
0.348006,0.0138254
0.348667,0.013856
0.349353,0.0138876
0.350063,0.0139205
0.3508,0.0139545
0.351562,0.0139898
0.352352,0.0140263
0.353169,0.0140641
0.354015,0.0141032
0.35489,0.0141437
0.355796,0.0141856
0.356732,0.0142289
0.357699,0.0142737
0.358699,0.01432
0.359732,0.0143678
0.360798,0.0144171
0.361898,0.0144681
0.363034,0.0145207
0.364204,0.014575
0.365412,0.0146309
0.366655,0.0146886
0.367937,0.014748
0.369256,0.0148091
0.370613,0.0148721
0.372009,0.0149369
0.373444,0.0150035
0.374919,0.015072
0.376433,0.0151423
0.377988,0.0152145
0.379582,0.0152886
0.381217,0.0153646
0.382893,0.0154425
0.384608,0.0155222
0.386364,0.0156039
0.38816,0.0156875
0.389996,0.015773
0.391871,0.0158603
0.393786,0.0159494
0.395739,0.0160404
0.397729,0.0161332
0.399757,0.0162278
0.401822,0.0163241
0.403922,0.0164221
0.406057,0.0165218
0.408225,0.016623
0.410425,0.0167258
0.412657,0.0168301
0.414918,0.0169358
0.417208,0.0170429
0.419524,0.0171513
0.421866,0.0172609
0.424231,0.0173717
0.426618,0.0174835
0.429024,0.0175963
0.431449,0.01771
0.43389,0.0178245
0.436344,0.0179397
0.438811,0.0180555
0.441287,0.0181719
0.443771,0.0182886
0.44626,0.0184056
0.448753,0.0185229
0.451247,0.0186402
-0.000298318,0.0155389
0.000298318,0.0155389
0.000894966,0.0155389
0.00149164,0.0155389
0.00208834,0.0155389
0.00268506,0.0155389
0.00328181,0.0155389
0.00387858,0.0155389
0.00447538,0.0155389
0.0050722,0.0155389
0.00566905,0.0155389
0.00626592,0.0155389
0.00686282,0.0155389
0.00745974,0.0155389
0.00805669,0.0155389
0.00865366,0.0155389
0.00925066,0.0155389
0.00984768,0.0155389
0.0104447,0.0155389
0.0110418,0.0155389
0.0116389,0.0155389
0.012236,0.0155389
0.0128331,0.0155389
0.0134303,0.0155389
0.0140275,0.0155389
0.0146247,0.0155389
0.0152219,0.0155389
0.0158192,0.0155389
0.0164165,0.0155389
0.0170138,0.0155389
0.0176111,0.0155389
0.0182085,0.0155389
0.0188059,0.0155389
0.0194033,0.0155389
0.0200007,0.0155389
0.0205982,0.0155389
0.0211956,0.0155389
0.0217931,0.0155389
0.0223907,0.0155389
0.0229882,0.0155389
0.0235858,0.0155389
0.0241834,0.0155389
0.024781,0.0155389
0.0253786,0.0155389
0.0259763,0.0155389
0.026574,0.0155389
0.0271717,0.0155389
0.0277694,0.0155389
0.0283672,0.0155389
0.028965,0.0155389
0.0295628,0.0155389
0.0301606,0.0155389
0.0307585,0.0155389
0.0313563,0.0155389
0.0319542,0.0155389
0.0325521,0.0155389
0.0331501,0.0155389
0.033748,0.0155389
0.034346,0.0155389
0.034944,0.0155389
0.0355421,0.0155389
0.0361401,0.0155389
0.0367382,0.0155389
0.0373363,0.0155389
0.0379344,0.0155389
0.0385326,0.0155389
0.0391307,0.0155389
0.0397289,0.0155389
0.0403271,0.0155389
0.0409254,0.0155389
0.0415236,0.0155389
0.0421219,0.0155389
0.0427202,0.0155389
0.0433185,0.0155389
0.0439169,0.0155389
0.0445152,0.0155389
0.0451136,0.0155389
0.045712,0.0155389
0.0463105,0.0155389
0.0469089,0.0155389
0.0475074,0.0155389
0.0481059,0.0155389
0.0487044,0.0155389
0.0493029,0.0155389
0.0499015,0.0155389
0.0505001,0.0155389
0.0510987,0.0155389
0.0516973,0.0154448
0.052296,0.0153506
0.0528946,0.0152565
0.0534933,0.0151624
0.054092,0.0150683
0.0546908,0.0149741
0.0552895,0.01488
0.0558883,0.0147858
0.0564871,0.0146917
0.0570859,0.0145976
0.0576848,0.0145034
0.0582836,0.0144092
0.0588825,0.0143151
0.0594814,0.0142209
0.0600803,0.0141268
0.0606793,0.0140326
0.0612782,0.0139384
0.0618772,0.0138443
0.0624762,0.0137501
0.0630753,0.0136559
0.0636743,0.0135617
0.0642734,0.0134675
0.0648725,0.0133733
0.0654716,0.0132791
0.0660707,0.0131849
0.0666698,0.0130907
0.067269,0.0129965
0.0678682,0.0129023
0.0684674,0.0128081
0.0690667,0.0127139
0.0696659,0.0126197
0.0702652,0.0125255
0.0708645,0.0124313
0.0714638,0.012337
0.0720631,0.0122428
0.0726625,0.0121486
0.0732618,0.0120543
0.0738612,0.0119601
0.0744606,0.0118659
0.0750601,0.0117716
0.0756595,0.0116774
0.076259,0.0115831
0.0768585,0.0114889
0.077458,0.0113946
0.0780575,0.0113003
0.0786571,0.0112061
0.0792566,0.0111118
0.0798562,0.0110176
0.0804558,0.0109233
0.0810555,0.010829
0.0816551,0.0107347
0.0822548,0.0106404
0.0828545,0.0105462
0.0834542,0.0104519
0.0840539,0.0103576
0.0846536,0.0102633
0.0852534,0.010169
0.0858532,0.0100747
0.086453,0.00992022
0.0870528,0.00976574
0.0876526,0.00961125
0.0882525,0.00945676
0.0888524,0.00930227
0.0894522,0.00914777
0.0900522,0.00899326
0.0906521,0.00883875
0.091252,0.00868423
0.091852,0.00852971
0.092452,0.00837519
0.093052,0.00822066
0.093652,0.00806613
0.0942521,0.00791159
0.0948521,0.00775704
0.0954522,0.00760249
0.0960523,0.00744794
0.0966524,0.00729338
0.0972526,0.00723317
0.0978527,0.00717296
0.0984529,0.00711275
0.0990531,0.00705254
0.0996533,0.00699232
0.100253,0.0069321
0.100854,0.00687188
0.101454,0.00681166
0.102054,0.00675144
0.102655,0.00669122
0.103255,0.00663099
0.103855,0.00657076
0.104456,0.00651053
0.105056,0.0064503
0.105656,0.00639007
0.106257,0.00632983
0.106857,0.00626959
0.107458,0.00620936
0.108058,0.00614912
0.108659,0.00608887
0.109259,0.00602863
0.109859,0.00596838
0.11046,0.00596838
0.111061,0.00596838
0.111661,0.00596838
0.112262,0.00596838
0.112862,0.00596838
0.113463,0.00596838
0.114064,0.00596838
0.114664,0.00596838
0.115265,0.00596838
0.115866,0.00596838
0.116466,0.00596838
0.117067,0.00596838
0.117668,0.00596838
0.118268,0.00596838
0.118869,0.00596838
0.11947,0.00596838
0.120071,0.00596838
0.120672,0.00596838
0.121272,0.00596838
0.121873,0.00596838
0.122474,0.00596838
0.123075,0.00596838
0.123676,0.00596838
0.124277,0.00596838
0.124878,0.00596838
0.125479,0.00596838
0.12608,0.00596838
0.126681,0.00596838
0.127282,0.00596838
0.127883,0.00596838
0.128484,0.00596838
0.129085,0.00596838
0.129686,0.00596838
0.130287,0.00596838
0.130888,0.00596838
0.131489,0.00596838
0.13209,0.00596838
0.132691,0.00596838
0.133292,0.00596838
0.133893,0.00596838
0.134495,0.00596838
0.135096,0.00596838
0.135697,0.00596838
0.136298,0.00596838
0.1369,0.00596838
0.137501,0.00596838
0.138102,0.00596838
0.138703,0.00596838
0.139305,0.00596838
0.139906,0.00596838
0.140507,0.00596838
0.141109,0.00596838
0.14171,0.00596838
0.142311,0.00596838
0.142913,0.00596838
0.143514,0.00596838
0.144116,0.00596838
0.144717,0.00596838
0.145318,0.00596838
0.14592,0.00596838
0.146521,0.00596838
0.147123,0.00596838
0.147724,0.00596838
0.148326,0.00596838
0.148927,0.00596838
0.149529,0.00596838
0.150131,0.00596838
0.150732,0.00596838
0.151334,0.00596838
0.151935,0.00596838
0.152537,0.00596838
0.153139,0.00596838
0.15374,0.00596838
0.154342,0.00596838
0.154944,0.00596838
0.155545,0.00596838
0.156147,0.00596838
0.156749,0.00596838
0.157351,0.00596838
0.157952,0.00596838
0.158554,0.00596838
0.159156,0.00596838
0.159758,0.00596838
0.160359,0.00596838
0.160961,0.00596838
0.161563,0.00596838
0.162165,0.00596838
0.162767,0.00596838
0.163369,0.00596838
0.163971,0.00596838
0.164572,0.00596838
0.165174,0.00596838
0.165776,0.00596838
0.166378,0.00596838
0.16698,0.00596838
0.167582,0.00596838
0.168184,0.00596838
0.168786,0.00596838
0.169388,0.00596838
0.16999,0.00596838
0.170592,0.00596838
0.171194,0.00596838
0.171796,0.00596838
0.172398,0.00596838
0.173,0.00596838
0.173602,0.00596838
0.174205,0.00596838
0.174807,0.00596838
0.175409,0.00596838
0.176011,0.00596838
0.176613,0.00599788
0.177215,0.00602738
0.177817,0.00605688
0.17842,0.00608639
0.179022,0.00611589
0.179624,0.00614539
0.180226,0.00617489
0.180829,0.0062044
0.181431,0.0062339
0.182033,0.00626341
0.182635,0.00629291
0.183238,0.00632242
0.18384,0.00635192
0.184442,0.00638143
0.185045,0.00641094
0.185647,0.00644045
0.186249,0.00646996
0.186852,0.00649947
0.187454,0.00652898
0.188056,0.00655849
0.188659,0.006588
0.189261,0.00661751
0.189864,0.00664702
0.190466,0.00667654
0.191069,0.00670605
0.191671,0.00673557
0.192273,0.00676508
0.192876,0.0067946
0.193478,0.00682411
0.194081,0.00685363
0.194683,0.00688314
0.195286,0.00691266
0.195888,0.00694218
0.196491,0.0069717
0.197094,0.00700122
0.197696,0.00703074
0.198299,0.00706026
0.198901,0.00708978
0.199504,0.0071193
0.200107,0.00714882
0.200709,0.00717834
0.201312,0.00720787
0.201914,0.00723739
0.202517,0.00726691
0.20312,0.00729644
0.203722,0.00732596
0.204325,0.00735549
0.204928,0.00738501
0.20553,0.00741454
0.206133,0.00744407
0.206736,0.00747359
0.207339,0.00750312
0.207941,0.00753265
0.208544,0.00756218
0.209147,0.00759171
0.20975,0.00762124
0.210352,0.00765077
0.210955,0.0076803
0.211558,0.00770983
0.212161,0.00773936
0.212764,0.0077689
0.213367,0.00779843
0.213969,0.00782796
0.214572,0.0078575
0.215175,0.00788703
0.215778,0.00791657
0.216381,0.0079461
0.216984,0.00797564
0.217587,0.00800517
0.21819,0.00803471
0.218793,0.00806425
0.219395,0.00809378
0.219998,0.00812332
0.220601,0.00815286
0.221204,0.0081824
0.221807,0.00821194
0.22241,0.00824148
0.223013,0.00827102
0.223616,0.00830056
0.224219,0.0083301
0.224822,0.00835964
0.225425,0.00838918
0.226028,0.00841873
0.226631,0.00844827
0.227234,0.00847781
0.227837,0.00850736
0.228441,0.0085369
0.229044,0.00856645
0.229647,0.00859599
0.23025,0.00862554
0.230853,0.00865508
0.231456,0.00868463
0.232059,0.00871417
0.232662,0.00874372
0.233265,0.00877327
0.233868,0.00880282
0.234472,0.00883237
0.235075,0.00886191
0.235678,0.00889146
0.236281,0.00892101
0.236884,0.00895056
0.237488,0.00898011
0.238091,0.00900966
0.238694,0.00903922
0.239297,0.00906877
0.2399,0.00909832
0.240504,0.00912787
0.241107,0.00915742
0.24171,0.00918698
0.242313,0.00921653
0.242917,0.00924608
0.24352,0.00927564
0.244123,0.00930519
0.244726,0.00933475
0.24533,0.0093643
0.245933,0.00939386
0.246536,0.00942341
0.24714,0.00945297
0.247743,0.00948253
0.248346,0.00951208
0.24895,0.00954164
0.249553,0.0095712
0.250156,0.00960076
0.25076,0.00963032
0.251363,0.00965987
0.251966,0.00968943
0.25257,0.00971899
0.253173,0.00974855
0.253777,0.00977811
0.25438,0.00980767
0.254983,0.00983723
0.255587,0.0098668
0.25619,0.00989636
0.256794,0.00992592
0.257397,0.00995548
0.258,0.00998504
0.258604,0.0100146
0.259207,0.0100442
0.259811,0.0100737
0.260414,0.0101033
0.261018,0.0101329
0.261621,0.0101624
0.262225,0.010192
0.262828,0.0102216
0.263432,0.0102511
0.264035,0.0102807
0.264639,0.0103103
0.265242,0.0103398
0.265846,0.0103694
0.266449,0.010399
0.267053,0.0104285
0.267656,0.0104581
0.26826,0.0104877
0.268863,0.0105172
0.269467,0.0105468
0.270071,0.0105764
0.270674,0.0106059
0.271278,0.0106355
0.271881,0.0106651
0.272485,0.0106946
0.273088,0.0107242
0.273692,0.0107538
0.274296,0.0107833
0.274899,0.0108129
0.275503,0.0108425
0.276106,0.0108721
0.27671,0.0109016
0.277314,0.0109312
0.277917,0.0109608
0.278521,0.0109903
0.279125,0.0110199
0.279728,0.0110495
0.280332,0.0110791
0.280935,0.0111086
0.281539,0.0111382
0.282143,0.0111678
0.282746,0.0111974
0.28335,0.0112269
0.283954,0.0112565
0.284557,0.0112861
0.285161,0.0113157
0.285765,0.0113452
0.286369,0.0113748
0.286972,0.0114044
0.287576,0.011434
0.28818,0.0114635
0.288783,0.0114931
0.289387,0.0115227
0.289991,0.0115523
0.290595,0.0115818
0.291198,0.0116114
0.291802,0.011641
0.292406,0.0116706
0.293009,0.0117001
0.293613,0.0117297
0.294217,0.0117593
0.294821,0.0117889
0.295424,0.0118185
0.296028,0.011848
0.296632,0.0118776
0.297236,0.0119072
0.29784,0.0119368
0.298443,0.0119663
0.299047,0.0119959
0.299651,0.0120255
0.300255,0.0120551
0.300858,0.0120847
0.301462,0.0121142
0.302066,0.0121438
0.30267,0.0121734
0.303274,0.012203
0.303877,0.0122326
0.304481,0.0122621
0.305085,0.0122917
0.305689,0.0123213
0.306293,0.0123509
0.306897,0.0123805
0.3075,0.0124101
0.308104,0.0124396
0.308708,0.0124692
0.309312,0.0124988
0.309916,0.0125284
0.310519,0.012558
0.311123,0.0125875
0.311727,0.0126171
0.312331,0.0126467
0.312935,0.0126763
0.313539,0.0127059
0.314143,0.0127355
0.314746,0.012765
0.31535,0.0127946
0.315954,0.0128242
0.316558,0.0128538
0.317162,0.0128834
0.317766,0.012913
0.31837,0.0129425
0.318973,0.0129721
0.319577,0.0130017
0.320181,0.0130313
0.320785,0.0130609
0.321389,0.0130905
0.321993,0.01312
0.322597,0.0131496
0.323201,0.0131792
0.323804,0.0132088
0.324408,0.0132384
0.325012,0.013268
0.325616,0.0132975
0.32622,0.0133271
0.326824,0.0133567
0.327428,0.0133863
0.328032,0.0134159
0.328636,0.0134455
0.32924,0.0134751
0.329843,0.0135046
0.330447,0.0135342
0.331051,0.0135638
0.331655,0.0135934
0.332259,0.013623
0.332863,0.0136526
0.333467,0.0136822
0.334071,0.0137117
0.334675,0.0137413
0.335279,0.0137709
0.335882,0.0138005
0.336486,0.0138301
0.33709,0.0138597
0.337694,0.0138893
0.338298,0.0139188
0.338902,0.0139484
0.339506,0.013978
0.34011,0.0140076
0.340714,0.0140372
0.341318,0.0140668
0.341922,0.0140964
0.342526,0.0141259
0.343129,0.0141555
0.343733,0.0141851
0.344337,0.0142147
0.344941,0.0142443
0.345545,0.0142739
0.346149,0.0143035
0.346753,0.014333
0.347368,0.0143626
0.348006,0.0143933
0.348667,0.0144251
0.349353,0.0144581
0.350063,0.0144923
0.3508,0.0145277
0.351562,0.0145644
0.352352,0.0146025
0.353169,0.0146418
0.354015,0.0146825
0.35489,0.0147247
0.355796,0.0147683
0.356732,0.0148134
0.357699,0.01486
0.358699,0.0149082
0.359732,0.014958
0.360798,0.0150094
0.361898,0.0150624
0.363034,0.0151172
0.364204,0.0151737
0.365412,0.0152319
0.366655,0.0152919
0.367937,0.0153538
0.369256,0.0154175
0.370613,0.015483
0.372009,0.0155505
0.373444,0.0156198
0.374919,0.0156911
0.376433,0.0157643
0.377988,0.0158395
0.379582,0.0159166
0.381217,0.0159957
0.382893,0.0160768
0.384608,0.0161599
0.386364,0.0162449
0.38816,0.0163319
0.389996,0.0164209
0.391871,0.0165118
0.393786,0.0166046
0.395739,0.0166994
0.397729,0.016796
0.399757,0.0168944
0.401822,0.0169947
0.403922,0.0170967
0.406057,0.0172004
0.408225,0.0173059
0.410425,0.0174129
0.412657,0.0175215
0.414918,0.0176315
0.417208,0.017743
0.419524,0.0178559
0.421866,0.01797
0.424231,0.0180853
0.426618,0.0182017
0.429024,0.0183192
0.431449,0.0184375
0.43389,0.0185567
0.436344,0.0186767
0.438811,0.0187972
0.441287,0.0189183
0.443771,0.0190399
0.44626,0.0191617
0.448753,0.0192838
0.451247,0.0194059
-0.000298318,0.0159943
0.000298318,0.0159943
0.000894966,0.0159943
0.00149164,0.0159943
0.00208834,0.0159943
0.00268506,0.0159943
0.00328181,0.0159943
0.00387858,0.0159943
0.00447538,0.0159943
0.0050722,0.0159943
0.00566905,0.0159943
0.00626592,0.0159943
0.00686282,0.0159943
0.00745974,0.0159943
0.00805669,0.0159943
0.00865366,0.0159943
0.00925066,0.0159943
0.00984768,0.0159943
0.0104447,0.0159943
0.0110418,0.0159943
0.0116389,0.0159943
0.012236,0.0159943
0.0128331,0.0159943
0.0134303,0.0159943
0.0140275,0.0159943
0.0146247,0.0159943
0.0152219,0.0159943
0.0158192,0.0159943
0.0164165,0.0159943
0.0170138,0.0159943
0.0176111,0.0159943
0.0182085,0.0159943
0.0188059,0.0159943
0.0194033,0.0159943
0.0200007,0.0159943
0.0205982,0.0159943
0.0211956,0.0159943
0.0217931,0.0159943
0.0223907,0.0159943
0.0229882,0.0159943
0.0235858,0.0159943
0.0241834,0.0159943
0.024781,0.0159943
0.0253786,0.0159943
0.0259763,0.0159943
0.026574,0.0159943
0.0271717,0.0159943
0.0277694,0.0159943
0.0283672,0.0159943
0.028965,0.0159943
0.0295628,0.0159943
0.0301606,0.0159943
0.0307585,0.0159943
0.0313563,0.0159943
0.0319542,0.0159943
0.0325521,0.0159943
0.0331501,0.0159943
0.033748,0.0159943
0.034346,0.0159943
0.034944,0.0159943
0.0355421,0.0159943
0.0361401,0.0159943
0.0367382,0.0159943
0.0373363,0.0159943
0.0379344,0.0159943
0.0385326,0.0159943
0.0391307,0.0159943
0.0397289,0.0159943
0.0403271,0.0159943
0.0409254,0.0159943
0.0415236,0.0159943
0.0421219,0.0159943
0.0427202,0.0159943
0.0433185,0.0159943
0.0439169,0.0159943
0.0445152,0.0159943
0.0451136,0.0159943
0.045712,0.0159943
0.0463105,0.0159943
0.0469089,0.0159943
0.0475074,0.0159943
0.0481059,0.0159943
0.0487044,0.0159943
0.0493029,0.0159943
0.0499015,0.0159943
0.0505001,0.0159943
0.0510987,0.0159943
0.0516973,0.0158964
0.052296,0.0157986
0.0528946,0.0157008
0.0534933,0.0156029
0.054092,0.0155051
0.0546908,0.0154072
0.0552895,0.0153094
0.0558883,0.0152115
0.0564871,0.0151137
0.0570859,0.0150158
0.0576848,0.0149179
0.0582836,0.0148201
0.0588825,0.0147222
0.0594814,0.0146243
0.0600803,0.0145264
0.0606793,0.0144285
0.0612782,0.0143307
0.0618772,0.0142328
0.0624762,0.0141349
0.0630753,0.014037
0.0636743,0.0139391
0.0642734,0.0138412
0.0648725,0.0137433
0.0654716,0.0136454
0.0660707,0.0135474
0.0666698,0.0134495
0.067269,0.0133516
0.0678682,0.0132537
0.0684674,0.0131557
0.0690667,0.0130578
0.0696659,0.0129599
0.0702652,0.0128619
0.0708645,0.012764
0.0714638,0.0126661
0.0720631,0.0125681
0.0726625,0.0124702
0.0732618,0.0123722
0.0738612,0.0122743
0.0744606,0.0121763
0.0750601,0.0120783
0.0756595,0.0119804
0.076259,0.0118824
0.0768585,0.0117844
0.077458,0.0116864
0.0780575,0.0115885
0.0786571,0.0114905
0.0792566,0.0113925
0.0798562,0.0112945
0.0804558,0.0111965
0.0810555,0.0110985
0.0816551,0.0110005
0.0822548,0.0109025
0.0828545,0.0108045
0.0834542,0.0107065
0.0840539,0.0106085
0.0846536,0.0105105
0.0852534,0.0104125
0.0858532,0.0103144
0.086453,0.0101578
0.0870528,0.0100012
0.0876526,0.00984454
0.0882525,0.0096879
0.0888524,0.00953125
0.0894522,0.0093746
0.0900522,0.00921794
0.0906521,0.00906127
0.091252,0.00890461
0.091852,0.00874793
0.092452,0.00859125
0.093052,0.00843457
0.093652,0.00827788
0.0942521,0.00812119
0.0948521,0.00796449
0.0954522,0.00780779
0.0960523,0.00765108
0.0966524,0.00749437
0.0972526,0.00743574
0.0978527,0.0073771
0.0984529,0.00731845
0.0990531,0.00725981
0.0996533,0.00720117
0.100253,0.00714252
0.100854,0.00708387
0.101454,0.00702522
0.102054,0.00696657
0.102655,0.00690791
0.103255,0.00684926
0.103855,0.0067906
0.104456,0.00673194
0.105056,0.00667328
0.105656,0.00661462
0.106257,0.00655595
0.106857,0.00649729
0.107458,0.00643862
0.108058,0.00637995
0.108659,0.00632128
0.109259,0.00626261
0.109859,0.00620393
0.11046,0.00620393
0.111061,0.00620393
0.111661,0.00620393
0.112262,0.00620393
0.112862,0.00620393
0.113463,0.00620393
0.114064,0.00620393
0.114664,0.00620393
0.115265,0.00620393
0.115866,0.00620393
0.116466,0.00620393
0.117067,0.00620393
0.117668,0.00620393
0.118268,0.00620393
0.118869,0.00620393
0.11947,0.00620393
0.120071,0.00620393
0.120672,0.00620393
0.121272,0.00620393
0.121873,0.00620393
0.122474,0.00620393
0.123075,0.00620393
0.123676,0.00620393
0.124277,0.00620393
0.124878,0.00620393
0.125479,0.00620393
0.12608,0.00620393
0.126681,0.00620393
0.127282,0.00620393
0.127883,0.00620393
0.128484,0.00620393
0.129085,0.00620393
0.129686,0.00620393
0.130287,0.00620393
0.130888,0.00620393
0.131489,0.00620393
0.13209,0.00620393
0.132691,0.00620393
0.133292,0.00620393
0.133893,0.00620393
0.134495,0.00620393
0.135096,0.00620393
0.135697,0.00620393
0.136298,0.00620393
0.1369,0.00620393
0.137501,0.00620393
0.138102,0.00620393
0.138703,0.00620393
0.139305,0.00620393
0.139906,0.00620393
0.140507,0.00620393
0.141109,0.00620393
0.14171,0.00620393
0.142311,0.00620393
0.142913,0.00620393
0.143514,0.00620393
0.144116,0.00620393
0.144717,0.00620393
0.145318,0.00620393
0.14592,0.00620393
0.146521,0.00620393
0.147123,0.00620393
0.147724,0.00620393
0.148326,0.00620393
0.148927,0.00620393
0.149529,0.00620393
0.150131,0.00620393
0.150732,0.00620393
0.151334,0.00620393
0.151935,0.00620393
0.152537,0.00620393
0.153139,0.00620393
0.15374,0.00620393
0.154342,0.00620393
0.154944,0.00620393
0.155545,0.00620393
0.156147,0.00620393
0.156749,0.00620393
0.157351,0.00620393
0.157952,0.00620393
0.158554,0.00620393
0.159156,0.00620393
0.159758,0.00620393
0.160359,0.00620393
0.160961,0.00620393
0.161563,0.00620393
0.162165,0.00620393
0.162767,0.00620393
0.163369,0.00620393
0.163971,0.00620393
0.164572,0.00620393
0.165174,0.00620393
0.165776,0.00620393
0.166378,0.00620393
0.16698,0.00620393
0.167582,0.00620393
0.168184,0.00620393
0.168786,0.00620393
0.169388,0.00620393
0.16999,0.00620393
0.170592,0.00620393
0.171194,0.00620393
0.171796,0.00620393
0.172398,0.00620393
0.173,0.00620393
0.173602,0.00620393
0.174205,0.00620393
0.174807,0.00620393
0.175409,0.00620393
0.176011,0.00620393
0.176613,0.0062346
0.177215,0.00626526
0.177817,0.00629592
0.17842,0.00632659
0.179022,0.00635726
0.179624,0.00638792
0.180226,0.00641859
0.180829,0.00644926
0.181431,0.00647993
0.182033,0.0065106
0.182635,0.00654127
0.183238,0.00657194
0.18384,0.00660261
0.184442,0.00663328
0.185045,0.00666395
0.185647,0.00669463
0.186249,0.0067253
0.186852,0.00675598
0.187454,0.00678665
0.188056,0.00681733
0.188659,0.006848
0.189261,0.00687868
0.189864,0.00690936
0.190466,0.00694003
0.191069,0.00697071
0.191671,0.00700139
0.192273,0.00703207
0.192876,0.00706275
0.193478,0.00709343
0.194081,0.00712411
0.194683,0.00715479
0.195286,0.00718548
0.195888,0.00721616
0.196491,0.00724684
0.197094,0.00727753
0.197696,0.00730821
0.198299,0.0073389
0.198901,0.00736958
0.199504,0.00740027
0.200107,0.00743096
0.200709,0.00746164
0.201312,0.00749233
0.201914,0.00752302
0.202517,0.00755371
0.20312,0.0075844
0.203722,0.00761509
0.204325,0.00764578
0.204928,0.00767647
0.20553,0.00770716
0.206133,0.00773785
0.206736,0.00776855
0.207339,0.00779924
0.207941,0.00782993
0.208544,0.00786063
0.209147,0.00789132
0.20975,0.00792202
0.210352,0.00795272
0.210955,0.00798341
0.211558,0.00801411
0.212161,0.00804481
0.212764,0.0080755
0.213367,0.0081062
0.213969,0.0081369
0.214572,0.0081676
0.215175,0.0081983
0.215778,0.008229
0.216381,0.0082597
0.216984,0.0082904
0.217587,0.00832111
0.21819,0.00835181
0.218793,0.00838251
0.219395,0.00841321
0.219998,0.00844392
0.220601,0.00847462
0.221204,0.00850533
0.221807,0.00853603
0.22241,0.00856674
0.223013,0.00859744
0.223616,0.00862815
0.224219,0.00865886
0.224822,0.00868956
0.225425,0.00872027
0.226028,0.00875098
0.226631,0.00878169
0.227234,0.0088124
0.227837,0.00884311
0.228441,0.00887382
0.229044,0.00890453
0.229647,0.00893524
0.23025,0.00896595
0.230853,0.00899666
0.231456,0.00902738
0.232059,0.00905809
0.232662,0.0090888
0.233265,0.00911952
0.233868,0.00915023
0.234472,0.00918094
0.235075,0.00921166
0.235678,0.00924237
0.236281,0.00927309
0.236884,0.00930381
0.237488,0.00933452
0.238091,0.00936524
0.238694,0.00939596
0.239297,0.00942667
0.2399,0.00945739
0.240504,0.00948811
0.241107,0.00951883
0.24171,0.00954955
0.242313,0.00958027
0.242917,0.00961099
0.24352,0.00964171
0.244123,0.00967243
0.244726,0.00970315
0.24533,0.00973387
0.245933,0.0097646
0.246536,0.00979532
0.24714,0.00982604
0.247743,0.00985676
0.248346,0.00988749
0.24895,0.00991821
0.249553,0.00994894
0.250156,0.00997966
0.25076,0.0100104
0.251363,0.0100411
0.251966,0.0100718
0.25257,0.0101026
0.253173,0.0101333
0.253777,0.010164
0.25438,0.0101947
0.254983,0.0102255
0.255587,0.0102562
0.25619,0.0102869
0.256794,0.0103177
0.257397,0.0103484
0.258,0.0103791
0.258604,0.0104098
0.259207,0.0104406
0.259811,0.0104713
0.260414,0.010502
0.261018,0.0105328
0.261621,0.0105635
0.262225,0.0105942
0.262828,0.010625
0.263432,0.0106557
0.264035,0.0106864
0.264639,0.0107172
0.265242,0.0107479
0.265846,0.0107786
0.266449,0.0108094
0.267053,0.0108401
0.267656,0.0108708
0.26826,0.0109016
0.268863,0.0109323
0.269467,0.010963
0.270071,0.0109938
0.270674,0.0110245
0.271278,0.0110552
0.271881,0.011086
0.272485,0.0111167
0.273088,0.0111474
0.273692,0.0111782
0.274296,0.0112089
0.274899,0.0112397
0.275503,0.0112704
0.276106,0.0113011
0.27671,0.0113319
0.277314,0.0113626
0.277917,0.0113933
0.278521,0.0114241
0.279125,0.0114548
0.279728,0.0114856
0.280332,0.0115163
0.280935,0.011547
0.281539,0.0115778
0.282143,0.0116085
0.282746,0.0116393
0.28335,0.01167
0.283954,0.0117008
0.284557,0.0117315
0.285161,0.0117622
0.285765,0.011793
0.286369,0.0118237
0.286972,0.0118545
0.287576,0.0118852
0.28818,0.0119159
0.288783,0.0119467
0.289387,0.0119774
0.289991,0.0120082
0.290595,0.0120389
0.291198,0.0120697
0.291802,0.0121004
0.292406,0.0121312
0.293009,0.0121619
0.293613,0.0121926
0.294217,0.0122234
0.294821,0.0122541
0.295424,0.0122849
0.296028,0.0123156
0.296632,0.0123464
0.297236,0.0123771
0.29784,0.0124079
0.298443,0.0124386
0.299047,0.0124694
0.299651,0.0125001
0.300255,0.0125308
0.300858,0.0125616
0.301462,0.0125923
0.302066,0.0126231
0.30267,0.0126538
0.303274,0.0126846
0.303877,0.0127153
0.304481,0.0127461
0.305085,0.0127768
0.305689,0.0128076
0.306293,0.0128383
0.306897,0.0128691
0.3075,0.0128998
0.308104,0.0129306
0.308708,0.0129613
0.309312,0.0129921
0.309916,0.0130228
0.310519,0.0130536
0.311123,0.0130843
0.311727,0.0131151
0.312331,0.0131458
0.312935,0.0131766
0.313539,0.0132073
0.314143,0.0132381
0.314746,0.0132688
0.31535,0.0132996
0.315954,0.0133303
0.316558,0.0133611
0.317162,0.0133918
0.317766,0.0134226
0.31837,0.0134533
0.318973,0.0134841
0.319577,0.0135148
0.320181,0.0135456
0.320785,0.0135763
0.321389,0.0136071
0.321993,0.0136378
0.322597,0.0136686
0.323201,0.0136993
0.323804,0.0137301
0.324408,0.0137608
0.325012,0.0137916
0.325616,0.0138223
0.32622,0.0138531
0.326824,0.0138839
0.327428,0.0139146
0.328032,0.0139454
0.328636,0.0139761
0.32924,0.0140069
0.329843,0.0140376
0.330447,0.0140684
0.331051,0.0140991
0.331655,0.0141299
0.332259,0.0141606
0.332863,0.0141914
0.333467,0.0142221
0.334071,0.0142529
0.334675,0.0142836
0.335279,0.0143144
0.335882,0.0143451
0.336486,0.0143759
0.33709,0.0144067
0.337694,0.0144374
0.338298,0.0144682
0.338902,0.0144989
0.339506,0.0145297
0.34011,0.0145604
0.340714,0.0145912
0.341318,0.0146219
0.341922,0.0146527
0.342526,0.0146834
0.343129,0.0147142
0.343733,0.0147449
0.344337,0.0147757
0.344941,0.0148065
0.345545,0.0148372
0.346149,0.014868
0.346753,0.0148987
0.347368,0.0149295
0.348006,0.0149614
0.348667,0.0149944
0.349353,0.0150287
0.350063,0.0150643
0.3508,0.0151011
0.351562,0.0151392
0.352352,0.0151788
0.353169,0.0152197
0.354015,0.015262
0.35489,0.0153058
0.355796,0.0153511
0.356732,0.015398
0.357699,0.0154465
0.358699,0.0154966
0.359732,0.0155483
0.360798,0.0156017
0.361898,0.0156569
0.363034,0.0157138
0.364204,0.0157725
0.365412,0.0158331
0.366655,0.0158955
0.367937,0.0159597
0.369256,0.0160259
0.370613,0.0160941
0.372009,0.0161642
0.373444,0.0162363
0.374919,0.0163103
0.376433,0.0163865
0.377988,0.0164646
0.379582,0.0165448
0.381217,0.016627
0.382893,0.0167113
0.384608,0.0167976
0.386364,0.016886
0.38816,0.0169765
0.389996,0.0170689
0.391871,0.0171634
0.393786,0.0172599
0.395739,0.0173584
0.397729,0.0174588
0.399757,0.0175612
0.401822,0.0176654
0.403922,0.0177714
0.406057,0.0178793
0.408225,0.0179888
0.410425,0.0181001
0.412657,0.018213
0.414918,0.0183274
0.417208,0.0184433
0.419524,0.0185606
0.421866,0.0186792
0.424231,0.0187991
0.426618,0.0189201
0.429024,0.0190421
0.431449,0.0191652
0.43389,0.0192891
0.436344,0.0194138
0.438811,0.0195391
0.441287,0.019665
0.443771,0.0197913
0.44626,0.0199179
0.448753,0.0200448
0.451247,0.0201718
-0.000298318,0.0164497
0.000298318,0.0164497
0.000894966,0.0164497
0.00149164,0.0164497
0.00208834,0.0164497
0.00268506,0.0164497
0.00328181,0.0164497
0.00387858,0.0164497
0.00447538,0.0164497
0.0050722,0.0164497
0.00566905,0.0164497
0.00626592,0.0164497
0.00686282,0.0164497
0.00745974,0.0164497
0.00805669,0.0164497
0.00865366,0.0164497
0.00925066,0.0164497
0.00984768,0.0164497
0.0104447,0.0164497
0.0110418,0.0164497
0.0116389,0.0164497
0.012236,0.0164497
0.0128331,0.0164497
0.0134303,0.0164497
0.0140275,0.0164497
0.0146247,0.0164497
0.0152219,0.0164497
0.0158192,0.0164497
0.0164165,0.0164497
0.0170138,0.0164497
0.0176111,0.0164497
0.0182085,0.0164497
0.0188059,0.0164497
0.0194033,0.0164497
0.0200007,0.0164497
0.0205982,0.0164497
0.0211956,0.0164497
0.0217931,0.0164497
0.0223907,0.0164497
0.0229882,0.0164497
0.0235858,0.0164497
0.0241834,0.0164497
0.024781,0.0164497
0.0253786,0.0164497
0.0259763,0.0164497
0.026574,0.0164497
0.0271717,0.0164497
0.0277694,0.0164497
0.0283672,0.0164497
0.028965,0.0164497
0.0295628,0.0164497
0.0301606,0.0164497
0.0307585,0.0164497
0.0313563,0.0164497
0.0319542,0.0164497
0.0325521,0.0164497
0.0331501,0.0164497
0.033748,0.0164497
0.034346,0.0164497
0.034944,0.0164497
0.0355421,0.0164497
0.0361401,0.0164497
0.0367382,0.0164497
0.0373363,0.0164497
0.0379344,0.0164497
0.0385326,0.0164497
0.0391307,0.0164497
0.0397289,0.0164497
0.0403271,0.0164497
0.0409254,0.0164497
0.0415236,0.0164497
0.0421219,0.0164497
0.0427202,0.0164497
0.0433185,0.0164497
0.0439169,0.0164497
0.0445152,0.0164497
0.0451136,0.0164497
0.045712,0.0164497
0.0463105,0.0164497
0.0469089,0.0164497
0.0475074,0.0164497
0.0481059,0.0164497
0.0487044,0.0164497
0.0493029,0.0164497
0.0499015,0.0164497
0.0505001,0.0164497
0.0510987,0.0164497
0.0516973,0.0163482
0.052296,0.0162466
0.0528946,0.0161451
0.0534933,0.0160435
0.054092,0.015942
0.0546908,0.0158404
0.0552895,0.0157388
0.0558883,0.0156373
0.0564871,0.0155357
0.0570859,0.0154341
0.0576848,0.0153325
0.0582836,0.0152309
0.0588825,0.0151294
0.0594814,0.0150278
0.0600803,0.0149262
0.0606793,0.0148246
0.0612782,0.014723
0.0618772,0.0146213
0.0624762,0.0145197
0.0630753,0.0144181
0.0636743,0.0143165
0.0642734,0.0142149
0.0648725,0.0141133
0.0654716,0.0140116
0.0660707,0.01391
0.0666698,0.0138084
0.067269,0.0137067
0.0678682,0.0136051
0.0684674,0.0135034
0.0690667,0.0134018
0.0696659,0.0133001
0.0702652,0.0131985
0.0708645,0.0130968
0.0714638,0.0129952
0.0720631,0.0128935
0.0726625,0.0127918
0.0732618,0.0126901
0.0738612,0.0125885
0.0744606,0.0124868
0.0750601,0.0123851
0.0756595,0.0122834
0.076259,0.0121817
0.0768585,0.01208
0.077458,0.0119783
0.0780575,0.0118766
0.0786571,0.0117749
0.0792566,0.0116732
0.0798562,0.0115715
0.0804558,0.0114698
0.0810555,0.0113681
0.0816551,0.0112664
0.0822548,0.0111646
0.0828545,0.0110629
0.0834542,0.0109612
0.0840539,0.0108594
0.0846536,0.0107577
0.0852534,0.010656
0.0858532,0.0105542
0.086453,0.0103954
0.0870528,0.0102367
0.0876526,0.0100779
0.0882525,0.00991907
0.0888524,0.00976027
0.0894522,0.00960147
0.0900522,0.00944265
0.0906521,0.00928384
0.091252,0.00912502
0.091852,0.00896619
0.092452,0.00880736
0.093052,0.00864852
0.093652,0.00848968
0.0942521,0.00833083
0.0948521,0.00817198
0.0954522,0.00801313
0.0960523,0.00785427
0.0966524,0.0076954
0.0972526,0.00763833
0.0978527,0.00758126
0.0984529,0.00752419
0.0990531,0.00746712
0.0996533,0.00741005
0.100253,0.00735297
0.100854,0.00729589
0.101454,0.00723881
0.102054,0.00718173
0.102655,0.00712465
0.103255,0.00706756
0.103855,0.00701048
0.104456,0.00695339
0.105056,0.0068963
0.105656,0.00683921
0.106257,0.00678212
0.106857,0.00672502
0.107458,0.00666792
0.108058,0.00661083
0.108659,0.00655373
0.109259,0.00649663
0.109859,0.00643952
0.11046,0.00643952
0.111061,0.00643952
0.111661,0.00643952
0.112262,0.00643952
0.112862,0.00643952
0.113463,0.00643952
0.114064,0.00643952
0.114664,0.00643952
0.115265,0.00643952
0.115866,0.00643952
0.116466,0.00643952
0.117067,0.00643952
0.117668,0.00643952
0.118268,0.00643952
0.118869,0.00643952
0.11947,0.00643952
0.120071,0.00643952
0.120672,0.00643952
0.121272,0.00643952
0.121873,0.00643952
0.122474,0.00643952
0.123075,0.00643952
0.123676,0.00643952
0.124277,0.00643952
0.124878,0.00643952
0.125479,0.00643952
0.12608,0.00643952
0.126681,0.00643952
0.127282,0.00643952
0.127883,0.00643952
0.128484,0.00643952
0.129085,0.00643952
0.129686,0.00643952
0.130287,0.00643952
0.130888,0.00643952
0.131489,0.00643952
0.13209,0.00643952
0.132691,0.00643952
0.133292,0.00643952
0.133893,0.00643952
0.134495,0.00643952
0.135096,0.00643952
0.135697,0.00643952
0.136298,0.00643952
0.1369,0.00643952
0.137501,0.00643952
0.138102,0.00643952
0.138703,0.00643952
0.139305,0.00643952
0.139906,0.00643952
0.140507,0.00643952
0.141109,0.00643952
0.14171,0.00643952
0.142311,0.00643952
0.142913,0.00643952
0.143514,0.00643952
0.144116,0.00643952
0.144717,0.00643952
0.145318,0.00643952
0.14592,0.00643952
0.146521,0.00643952
0.147123,0.00643952
0.147724,0.00643952
0.148326,0.00643952
0.148927,0.00643952
0.149529,0.00643952
0.150131,0.00643952
0.150732,0.00643952
0.151334,0.00643952
0.151935,0.00643952
0.152537,0.00643952
0.153139,0.00643952
0.15374,0.00643952
0.154342,0.00643952
0.154944,0.00643952
0.155545,0.00643952
0.156147,0.00643952
0.156749,0.00643952
0.157351,0.00643952
0.157952,0.00643952
0.158554,0.00643952
0.159156,0.00643952
0.159758,0.00643952
0.160359,0.00643952
0.160961,0.00643952
0.161563,0.00643952
0.162165,0.00643952
0.162767,0.00643952
0.163369,0.00643952
0.163971,0.00643952
0.164572,0.00643952
0.165174,0.00643952
0.165776,0.00643952
0.166378,0.00643952
0.16698,0.00643952
0.167582,0.00643952
0.168184,0.00643952
0.168786,0.00643952
0.169388,0.00643952
0.16999,0.00643952
0.170592,0.00643952
0.171194,0.00643952
0.171796,0.00643952
0.172398,0.00643952
0.173,0.00643952
0.173602,0.00643952
0.174205,0.00643952
0.174807,0.00643952
0.175409,0.00643952
0.176011,0.00643952
0.176613,0.00647135
0.177215,0.00650318
0.177817,0.00653501
0.17842,0.00656684
0.179022,0.00659867
0.179624,0.0066305
0.180226,0.00666233
0.180829,0.00669417
0.181431,0.006726
0.182033,0.00675783
0.182635,0.00678967
0.183238,0.0068215
0.18384,0.00685334
0.184442,0.00688518
0.185045,0.00691701
0.185647,0.00694885
0.186249,0.00698069
0.186852,0.00701253
0.187454,0.00704437
0.188056,0.00707621
0.188659,0.00710805
0.189261,0.00713989
0.189864,0.00717173
0.190466,0.00720358
0.191069,0.00723542
0.191671,0.00726726
0.192273,0.00729911
0.192876,0.00733095
0.193478,0.0073628
0.194081,0.00739465
0.194683,0.00742649
0.195286,0.00745834
0.195888,0.00749019
0.196491,0.00752204
0.197094,0.00755389
0.197696,0.00758574
0.198299,0.00761759
0.198901,0.00764944
0.199504,0.00768129
0.200107,0.00771314
0.200709,0.007745
0.201312,0.00777685
0.201914,0.0078087
0.202517,0.00784056
0.20312,0.00787241
0.203722,0.00790427
0.204325,0.00793612
0.204928,0.00796798
0.20553,0.00799984
0.206133,0.0080317
0.206736,0.00806355
0.207339,0.00809541
0.207941,0.00812727
0.208544,0.00815913
0.209147,0.00819099
0.20975,0.00822285
0.210352,0.00825472
0.210955,0.00828658
0.211558,0.00831844
0.212161,0.0083503
0.212764,0.00838217
0.213367,0.00841403
0.213969,0.0084459
0.214572,0.00847776
0.215175,0.00850963
0.215778,0.00854149
0.216381,0.00857336
0.216984,0.00860523
0.217587,0.00863709
0.21819,0.00866896
0.218793,0.00870083
0.219395,0.0087327
0.219998,0.00876457
0.220601,0.00879644
0.221204,0.00882831
0.221807,0.00886018
0.22241,0.00889205
0.223013,0.00892393
0.223616,0.0089558
0.224219,0.00898767
0.224822,0.00901955
0.225425,0.00905142
0.226028,0.00908329
0.226631,0.00911517
0.227234,0.00914704
0.227837,0.00917892
0.228441,0.0092108
0.229044,0.00924267
0.229647,0.00927455
0.23025,0.00930643
0.230853,0.00933831
0.231456,0.00937018
0.232059,0.00940206
0.232662,0.00943394
0.233265,0.00946582
0.233868,0.0094977
0.234472,0.00952958
0.235075,0.00956147
0.235678,0.00959335
0.236281,0.00962523
0.236884,0.00965711
0.237488,0.009689
0.238091,0.00972088
0.238694,0.00975276
0.239297,0.00978465
0.2399,0.00981653
0.240504,0.00984842
0.241107,0.0098803
0.24171,0.00991219
0.242313,0.00994407
0.242917,0.00997596
0.24352,0.0100078
0.244123,0.0100397
0.244726,0.0100716
0.24533,0.0101035
0.245933,0.0101354
0.246536,0.0101673
0.24714,0.0101992
0.247743,0.0102311
0.248346,0.010263
0.24895,0.0102949
0.249553,0.0103267
0.250156,0.0103586
0.25076,0.0103905
0.251363,0.0104224
0.251966,0.0104543
0.25257,0.0104862
0.253173,0.0105181
0.253777,0.01055
0.25438,0.0105819
0.254983,0.0106138
0.255587,0.0106457
0.25619,0.0106776
0.256794,0.0107095
0.257397,0.0107414
0.258,0.0107733
0.258604,0.0108052
0.259207,0.010837
0.259811,0.0108689
0.260414,0.0109008
0.261018,0.0109327
0.261621,0.0109646
0.262225,0.0109965
0.262828,0.0110284
0.263432,0.0110603
0.264035,0.0110922
0.264639,0.0111241
0.265242,0.011156
0.265846,0.0111879
0.266449,0.0112198
0.267053,0.0112517
0.267656,0.0112836
0.26826,0.0113155
0.268863,0.0113474
0.269467,0.0113793
0.270071,0.0114112
0.270674,0.0114431
0.271278,0.0114751
0.271881,0.011507
0.272485,0.0115389
0.273088,0.0115708
0.273692,0.0116027
0.274296,0.0116346
0.274899,0.0116665
0.275503,0.0116984
0.276106,0.0117303
0.27671,0.0117622
0.277314,0.0117941
0.277917,0.011826
0.278521,0.0118579
0.279125,0.0118898
0.279728,0.0119217
0.280332,0.0119536
0.280935,0.0119855
0.281539,0.0120174
0.282143,0.0120494
0.282746,0.0120813
0.28335,0.0121132
0.283954,0.0121451
0.284557,0.012177
0.285161,0.0122089
0.285765,0.0122408
0.286369,0.0122727
0.286972,0.0123046
0.287576,0.0123365
0.28818,0.0123684
0.288783,0.0124004
0.289387,0.0124323
0.289991,0.0124642
0.290595,0.0124961
0.291198,0.012528
0.291802,0.0125599
0.292406,0.0125918
0.293009,0.0126237
0.293613,0.0126557
0.294217,0.0126876
0.294821,0.0127195
0.295424,0.0127514
0.296028,0.0127833
0.296632,0.0128152
0.297236,0.0128471
0.29784,0.012879
0.298443,0.012911
0.299047,0.0129429
0.299651,0.0129748
0.300255,0.0130067
0.300858,0.0130386
0.301462,0.0130705
0.302066,0.0131024
0.30267,0.0131344
0.303274,0.0131663
0.303877,0.0131982
0.304481,0.0132301
0.305085,0.013262
0.305689,0.0132939
0.306293,0.0133259
0.306897,0.0133578
0.3075,0.0133897
0.308104,0.0134216
0.308708,0.0134535
0.309312,0.0134854
0.309916,0.0135174
0.310519,0.0135493
0.311123,0.0135812
0.311727,0.0136131
0.312331,0.013645
0.312935,0.0136769
0.313539,0.0137089
0.314143,0.0137408
0.314746,0.0137727
0.31535,0.0138046
0.315954,0.0138365
0.316558,0.0138685
0.317162,0.0139004
0.317766,0.0139323
0.31837,0.0139642
0.318973,0.0139961
0.319577,0.014028
0.320181,0.01406
0.320785,0.0140919
0.321389,0.0141238
0.321993,0.0141557
0.322597,0.0141876
0.323201,0.0142196
0.323804,0.0142515
0.324408,0.0142834
0.325012,0.0143153
0.325616,0.0143472
0.32622,0.0143792
0.326824,0.0144111
0.327428,0.014443
0.328032,0.0144749
0.328636,0.0145068
0.32924,0.0145388
0.329843,0.0145707
0.330447,0.0146026
0.331051,0.0146345
0.331655,0.0146664
0.332259,0.0146984
0.332863,0.0147303
0.333467,0.0147622
0.334071,0.0147941
0.334675,0.0148261
0.335279,0.014858
0.335882,0.0148899
0.336486,0.0149218
0.33709,0.0149537
0.337694,0.0149857
0.338298,0.0150176
0.338902,0.0150495
0.339506,0.0150814
0.34011,0.0151133
0.340714,0.0151453
0.341318,0.0151772
0.341922,0.0152091
0.342526,0.015241
0.343129,0.015273
0.343733,0.0153049
0.344337,0.0153368
0.344941,0.0153687
0.345545,0.0154006
0.346149,0.0154326
0.346753,0.0154645
0.347368,0.0154964
0.348006,0.0155295
0.348667,0.0155638
0.349353,0.0155994
0.350063,0.0156363
0.3508,0.0156745
0.351562,0.0157141
0.352352,0.0157552
0.353169,0.0157976
0.354015,0.0158416
0.35489,0.015887
0.355796,0.0159341
0.356732,0.0159828
0.357699,0.0160331
0.358699,0.016085
0.359732,0.0161387
0.360798,0.0161942
0.361898,0.0162514
0.363034,0.0163105
0.364204,0.0163715
0.365412,0.0164343
0.366655,0.0164991
0.367937,0.0165658
0.369256,0.0166345
0.370613,0.0167052
0.372009,0.016778
0.373444,0.0168528
0.374919,0.0169297
0.376433,0.0170087
0.377988,0.0170898
0.379582,0.017173
0.381217,0.0172584
0.382893,0.0173459
0.384608,0.0174355
0.386364,0.0175273
0.38816,0.0176211
0.389996,0.0177171
0.391871,0.0178152
0.393786,0.0179154
0.395739,0.0180176
0.397729,0.0181218
0.399757,0.0182281
0.401822,0.0183362
0.403922,0.0184463
0.406057,0.0185582
0.408225,0.018672
0.410425,0.0187874
0.412657,0.0189046
0.414918,0.0190234
0.417208,0.0191437
0.419524,0.0192654
0.421866,0.0193885
0.424231,0.0195129
0.426618,0.0196386
0.429024,0.0197653
0.431449,0.019893
0.43389,0.0200216
0.436344,0.020151
0.438811,0.0202811
0.441287,0.0204117
0.443771,0.0205428
0.44626,0.0206743
0.448753,0.020806
0.451247,0.0209378
-0.000298318,0.0169053
0.000298318,0.0169053
0.000894966,0.0169053
0.00149164,0.0169053
0.00208834,0.0169053
0.00268506,0.0169053
0.00328181,0.0169053
0.00387858,0.0169053
0.00447538,0.0169053
0.0050722,0.0169053
0.00566905,0.0169053
0.00626592,0.0169053
0.00686282,0.0169053
0.00745974,0.0169053
0.00805669,0.0169053
0.00865366,0.0169053
0.00925066,0.0169053
0.00984768,0.0169053
0.0104447,0.0169053
0.0110418,0.0169053
0.0116389,0.0169053
0.012236,0.0169053
0.0128331,0.0169053
0.0134303,0.0169053
0.0140275,0.0169053
0.0146247,0.0169053
0.0152219,0.0169053
0.0158192,0.0169053
0.0164165,0.0169053
0.0170138,0.0169053
0.0176111,0.0169053
0.0182085,0.0169053
0.0188059,0.0169053
0.0194033,0.0169053
0.0200007,0.0169053
0.0205982,0.0169053
0.0211956,0.0169053
0.0217931,0.0169053
0.0223907,0.0169053
0.0229882,0.0169053
0.0235858,0.0169053
0.0241834,0.0169053
0.024781,0.0169053
0.0253786,0.0169053
0.0259763,0.0169053
0.026574,0.0169053
0.0271717,0.0169053
0.0277694,0.0169053
0.0283672,0.0169053
0.028965,0.0169053
0.0295628,0.0169053
0.0301606,0.0169053
0.0307585,0.0169053
0.0313563,0.0169053
0.0319542,0.0169053
0.0325521,0.0169053
0.0331501,0.0169053
0.033748,0.0169053
0.034346,0.0169053
0.034944,0.0169053
0.0355421,0.0169053
0.0361401,0.0169053
0.0367382,0.0169053
0.0373363,0.0169053
0.0379344,0.0169053
0.0385326,0.0169053
0.0391307,0.0169053
0.0397289,0.0169053
0.0403271,0.0169053
0.0409254,0.0169053
0.0415236,0.0169053
0.0421219,0.0169053
0.0427202,0.0169053
0.0433185,0.0169053
0.0439169,0.0169053
0.0445152,0.0169053
0.0451136,0.0169053
0.045712,0.0169053
0.0463105,0.0169053
0.0469089,0.0169053
0.0475074,0.0169053
0.0481059,0.0169053
0.0487044,0.0169053
0.0493029,0.0169053
0.0499015,0.0169053
0.0505001,0.0169053
0.0510987,0.0169053
0.0516973,0.0168
0.052296,0.0166948
0.0528946,0.0165895
0.0534933,0.0164842
0.054092,0.0163789
0.0546908,0.0162737
0.0552895,0.0161684
0.0558883,0.0160631
0.0564871,0.0159578
0.0570859,0.0158525
0.0576848,0.0157472
0.0582836,0.0156419
0.0588825,0.0155366
0.0594814,0.0154313
0.0600803,0.015326
0.0606793,0.0152206
0.0612782,0.0151153
0.0618772,0.01501
0.0624762,0.0149047
0.0630753,0.0147993
0.0636743,0.014694
0.0642734,0.0145887
0.0648725,0.0144833
0.0654716,0.014378
0.0660707,0.0142726
0.0666698,0.0141673
0.067269,0.0140619
0.0678682,0.0139565
0.0684674,0.0138512
0.0690667,0.0137458
0.0696659,0.0136404
0.0702652,0.0135351
0.0708645,0.0134297
0.0714638,0.0133243
0.0720631,0.0132189
0.0726625,0.0131135
0.0732618,0.0130081
0.0738612,0.0129027
0.0744606,0.0127973
0.0750601,0.0126919
0.0756595,0.0125865
0.076259,0.0124811
0.0768585,0.0123757
0.077458,0.0122703
0.0780575,0.0121648
0.0786571,0.0120594
0.0792566,0.011954
0.0798562,0.0118486
0.0804558,0.0117431
0.0810555,0.0116377
0.0816551,0.0115322
0.0822548,0.0114268
0.0828545,0.0113213
0.0834542,0.0112159
0.0840539,0.0111104
0.0846536,0.011005
0.0852534,0.0108995
0.0858532,0.0107941
0.086453,0.0106331
0.0870528,0.0104722
0.0876526,0.0103112
0.0882525,0.0101503
0.0888524,0.00998933
0.0894522,0.00982837
0.0900522,0.0096674
0.0906521,0.00950643
0.091252,0.00934546
0.091852,0.00918448
0.092452,0.00902349
0.093052,0.0088625
0.093652,0.00870151
0.0942521,0.00854051
0.0948521,0.0083795
0.0954522,0.00821849
0.0960523,0.00805748
0.0966524,0.00789646
0.0972526,0.00784096
0.0978527,0.00778546
0.0984529,0.00772996
0.0990531,0.00767446
0.0996533,0.00761896
0.100253,0.00756345
0.100854,0.00750795
0.101454,0.00745244
0.102054,0.00739693
0.102655,0.00734142
0.103255,0.0072859
0.103855,0.00723039
0.104456,0.00717487
0.105056,0.00711935
0.105656,0.00706383
0.106257,0.00700831
0.106857,0.00695279
0.107458,0.00689726
0.108058,0.00684174
0.108659,0.00678621
0.109259,0.00673068
0.109859,0.00667515
0.11046,0.00667515
0.111061,0.00667515
0.111661,0.00667515
0.112262,0.00667515
0.112862,0.00667515
0.113463,0.00667515
0.114064,0.00667515
0.114664,0.00667515
0.115265,0.00667515
0.115866,0.00667515
0.116466,0.00667515
0.117067,0.00667515
0.117668,0.00667515
0.118268,0.00667515
0.118869,0.00667515
0.11947,0.00667515
0.120071,0.00667515
0.120672,0.00667515
0.121272,0.00667515
0.121873,0.00667515
0.122474,0.00667515
0.123075,0.00667515
0.123676,0.00667515
0.124277,0.00667515
0.124878,0.00667515
0.125479,0.00667515
0.12608,0.00667515
0.126681,0.00667515
0.127282,0.00667515
0.127883,0.00667515
0.128484,0.00667515
0.129085,0.00667515
0.129686,0.00667515
0.130287,0.00667515
0.130888,0.00667515
0.131489,0.00667515
0.13209,0.00667515
0.132691,0.00667515
0.133292,0.00667515
0.133893,0.00667515
0.134495,0.00667515
0.135096,0.00667515
0.135697,0.00667515
0.136298,0.00667515
0.1369,0.00667515
0.137501,0.00667515
0.138102,0.00667515
0.138703,0.00667515
0.139305,0.00667515
0.139906,0.00667515
0.140507,0.00667515
0.141109,0.00667515
0.14171,0.00667515
0.142311,0.00667515
0.142913,0.00667515
0.143514,0.00667515
0.144116,0.00667515
0.144717,0.00667515
0.145318,0.00667515
0.14592,0.00667515
0.146521,0.00667515
0.147123,0.00667515
0.147724,0.00667515
0.148326,0.00667515
0.148927,0.00667515
0.149529,0.00667515
0.150131,0.00667515
0.150732,0.00667515
0.151334,0.00667515
0.151935,0.00667515
0.152537,0.00667515
0.153139,0.00667515
0.15374,0.00667515
0.154342,0.00667515
0.154944,0.00667515
0.155545,0.00667515
0.156147,0.00667515
0.156749,0.00667515
0.157351,0.00667515
0.157952,0.00667515
0.158554,0.00667515
0.159156,0.00667515
0.159758,0.00667515
0.160359,0.00667515
0.160961,0.00667515
0.161563,0.00667515
0.162165,0.00667515
0.162767,0.00667515
0.163369,0.00667515
0.163971,0.00667515
0.164572,0.00667515
0.165174,0.00667515
0.165776,0.00667515
0.166378,0.00667515
0.16698,0.00667515
0.167582,0.00667515
0.168184,0.00667515
0.168786,0.00667515
0.169388,0.00667515
0.16999,0.00667515
0.170592,0.00667515
0.171194,0.00667515
0.171796,0.00667515
0.172398,0.00667515
0.173,0.00667515
0.173602,0.00667515
0.174205,0.00667515
0.174807,0.00667515
0.175409,0.00667515
0.176011,0.00667515
0.176613,0.00670814
0.177215,0.00674113
0.177817,0.00677413
0.17842,0.00680712
0.179022,0.00684012
0.179624,0.00687312
0.180226,0.00690611
0.180829,0.00693911
0.181431,0.00697211
0.182033,0.00700511
0.182635,0.00703811
0.183238,0.00707111
0.18384,0.00710411
0.184442,0.00713711
0.185045,0.00717011
0.185647,0.00720311
0.186249,0.00723612
0.186852,0.00726912
0.187454,0.00730213
0.188056,0.00733513
0.188659,0.00736814
0.189261,0.00740114
0.189864,0.00743415
0.190466,0.00746716
0.191069,0.00750017
0.191671,0.00753318
0.192273,0.00756619
0.192876,0.0075992
0.193478,0.00763221
0.194081,0.00766522
0.194683,0.00769823
0.195286,0.00773125
0.195888,0.00776426
0.196491,0.00779727
0.197094,0.00783029
0.197696,0.0078633
0.198299,0.00789632
0.198901,0.00792934
0.199504,0.00796235
0.200107,0.00799537
0.200709,0.00802839
0.201312,0.00806141
0.201914,0.00809443
0.202517,0.00812745
0.20312,0.00816047
0.203722,0.00819349
0.204325,0.00822651
0.204928,0.00825953
0.20553,0.00829256
0.206133,0.00832558
0.206736,0.0083586
0.207339,0.00839163
0.207941,0.00842465
0.208544,0.00845768
0.209147,0.00849071
0.20975,0.00852373
0.210352,0.00855676
0.210955,0.00858979
0.211558,0.00862282
0.212161,0.00865585
0.212764,0.00868887
0.213367,0.0087219
0.213969,0.00875493
0.214572,0.00878797
0.215175,0.008821
0.215778,0.00885403
0.216381,0.00888706
0.216984,0.0089201
0.217587,0.00895313
0.21819,0.00898616
0.218793,0.0090192
0.219395,0.00905223
0.219998,0.00908527
0.220601,0.00911831
0.221204,0.00915134
0.221807,0.00918438
0.22241,0.00921742
0.223013,0.00925046
0.223616,0.0092835
0.224219,0.00931653
0.224822,0.00934958
0.225425,0.00938262
0.226028,0.00941566
0.226631,0.0094487
0.227234,0.00948174
0.227837,0.00951478
0.228441,0.00954782
0.229044,0.00958087
0.229647,0.00961391
0.23025,0.00964696
0.230853,0.00968
0.231456,0.00971305
0.232059,0.00974609
0.232662,0.00977914
0.233265,0.00981218
0.233868,0.00984523
0.234472,0.00987828
0.235075,0.00991133
0.235678,0.00994437
0.236281,0.00997742
0.236884,0.0100105
0.237488,0.0100435
0.238091,0.0100766
0.238694,0.0101096
0.239297,0.0101427
0.2399,0.0101757
0.240504,0.0102088
0.241107,0.0102418
0.24171,0.0102749
0.242313,0.0103079
0.242917,0.010341
0.24352,0.010374
0.244123,0.0104071
0.244726,0.0104402
0.24533,0.0104732
0.245933,0.0105063
0.246536,0.0105393
0.24714,0.0105724
0.247743,0.0106054
0.248346,0.0106385
0.24895,0.0106715
0.249553,0.0107046
0.250156,0.0107377
0.25076,0.0107707
0.251363,0.0108038
0.251966,0.0108368
0.25257,0.0108699
0.253173,0.010903
0.253777,0.010936
0.25438,0.0109691
0.254983,0.0110021
0.255587,0.0110352
0.25619,0.0110683
0.256794,0.0111013
0.257397,0.0111344
0.258,0.0111675
0.258604,0.0112005
0.259207,0.0112336
0.259811,0.0112666
0.260414,0.0112997
0.261018,0.0113328
0.261621,0.0113658
0.262225,0.0113989
0.262828,0.011432
0.263432,0.011465
0.264035,0.0114981
0.264639,0.0115312
0.265242,0.0115642
0.265846,0.0115973
0.266449,0.0116304
0.267053,0.0116634
0.267656,0.0116965
0.26826,0.0117296
0.268863,0.0117626
0.269467,0.0117957
0.270071,0.0118288
0.270674,0.0118619
0.271278,0.0118949
0.271881,0.011928
0.272485,0.0119611
0.273088,0.0119941
0.273692,0.0120272
0.274296,0.0120603
0.274899,0.0120934
0.275503,0.0121264
0.276106,0.0121595
0.27671,0.0121926
0.277314,0.0122257
0.277917,0.0122587
0.278521,0.0122918
0.279125,0.0123249
0.279728,0.0123579
0.280332,0.012391
0.280935,0.0124241
0.281539,0.0124572
0.282143,0.0124902
0.282746,0.0125233
0.28335,0.0125564
0.283954,0.0125895
0.284557,0.0126226
0.285161,0.0126556
0.285765,0.0126887
0.286369,0.0127218
0.286972,0.0127549
0.287576,0.0127879
0.28818,0.012821
0.288783,0.0128541
0.289387,0.0128872
0.289991,0.0129203
0.290595,0.0129533
0.291198,0.0129864
0.291802,0.0130195
0.292406,0.0130526
0.293009,0.0130856
0.293613,0.0131187
0.294217,0.0131518
0.294821,0.0131849
0.295424,0.013218
0.296028,0.0132511
0.296632,0.0132841
0.297236,0.0133172
0.29784,0.0133503
0.298443,0.0133834
0.299047,0.0134165
0.299651,0.0134495
0.300255,0.0134826
0.300858,0.0135157
0.301462,0.0135488
0.302066,0.0135819
0.30267,0.013615
0.303274,0.013648
0.303877,0.0136811
0.304481,0.0137142
0.305085,0.0137473
0.305689,0.0137804
0.306293,0.0138135
0.306897,0.0138465
0.3075,0.0138796
0.308104,0.0139127
0.308708,0.0139458
0.309312,0.0139789
0.309916,0.014012
0.310519,0.014045
0.311123,0.0140781
0.311727,0.0141112
0.312331,0.0141443
0.312935,0.0141774
0.313539,0.0142105
0.314143,0.0142436
0.314746,0.0142766
0.31535,0.0143097
0.315954,0.0143428
0.316558,0.0143759
0.317162,0.014409
0.317766,0.0144421
0.31837,0.0144752
0.318973,0.0145083
0.319577,0.0145413
0.320181,0.0145744
0.320785,0.0146075
0.321389,0.0146406
0.321993,0.0146737
0.322597,0.0147068
0.323201,0.0147399
0.323804,0.014773
0.324408,0.014806
0.325012,0.0148391
0.325616,0.0148722
0.32622,0.0149053
0.326824,0.0149384
0.327428,0.0149715
0.328032,0.0150046
0.328636,0.0150377
0.32924,0.0150707
0.329843,0.0151038
0.330447,0.0151369
0.331051,0.01517
0.331655,0.0152031
0.332259,0.0152362
0.332863,0.0152693
0.333467,0.0153024
0.334071,0.0153355
0.334675,0.0153685
0.335279,0.0154016
0.335882,0.0154347
0.336486,0.0154678
0.33709,0.0155009
0.337694,0.015534
0.338298,0.0155671
0.338902,0.0156002
0.339506,0.0156333
0.34011,0.0156664
0.340714,0.0156994
0.341318,0.0157325
0.341922,0.0157656
0.342526,0.0157987
0.343129,0.0158318
0.343733,0.0158649
0.344337,0.015898
0.344941,0.0159311
0.345545,0.0159642
0.346149,0.0159972
0.346753,0.0160303
0.347368,0.0160634
0.348006,0.0160977
0.348667,0.0161333
0.349353,0.0161702
0.350063,0.0162085
0.3508,0.0162481
0.351562,0.0162891
0.352352,0.0163316
0.353169,0.0163757
0.354015,0.0164212
0.35489,0.0164684
0.355796,0.0165171
0.356732,0.0165676
0.357699,0.0166197
0.358699,0.0166736
0.359732,0.0167293
0.360798,0.0167867
0.361898,0.0168461
0.363034,0.0169073
0.364204,0.0169705
0.365412,0.0170357
0.366655,0.0171028
0.367937,0.017172
0.369256,0.0172432
0.370613,0.0173165
0.372009,0.0173919
0.373444,0.0174695
0.374919,0.0175492
0.376433,0.0176311
0.377988,0.0177151
0.379582,0.0178014
0.381217,0.0178899
0.382893,0.0179806
0.384608,0.0180735
0.386364,0.0181686
0.38816,0.0182659
0.389996,0.0183654
0.391871,0.0184671
0.393786,0.0185709
0.395739,0.0186769
0.397729,0.0187849
0.399757,0.018895
0.401822,0.0190072
0.403922,0.0191213
0.406057,0.0192373
0.408225,0.0193552
0.410425,0.0194749
0.412657,0.0195963
0.414918,0.0197194
0.417208,0.0198441
0.419524,0.0199703
0.421866,0.020098
0.424231,0.0202269
0.426618,0.0203571
0.429024,0.0204885
0.431449,0.0206209
0.43389,0.0207542
0.436344,0.0208883
0.438811,0.0210232
0.441287,0.0211586
0.443771,0.0212945
0.44626,0.0214308
0.448753,0.0215673
0.451247,0.021704
-0.000298318,0.0173609
0.000298318,0.0173609
0.000894966,0.0173609
0.00149164,0.0173609
0.00208834,0.0173609
0.00268506,0.0173609
0.00328181,0.0173609
0.00387858,0.0173609
0.00447538,0.0173609
0.0050722,0.0173609
0.00566905,0.0173609
0.00626592,0.0173609
0.00686282,0.0173609
0.00745974,0.0173609
0.00805669,0.0173609
0.00865366,0.0173609
0.00925066,0.0173609
0.00984768,0.0173609
0.0104447,0.0173609
0.0110418,0.0173609
0.0116389,0.0173609
0.012236,0.0173609
0.0128331,0.0173609
0.0134303,0.0173609
0.0140275,0.0173609
0.0146247,0.0173609
0.0152219,0.0173609
0.0158192,0.0173609
0.0164165,0.0173609
0.0170138,0.0173609
0.0176111,0.0173609
0.0182085,0.0173609
0.0188059,0.0173609
0.0194033,0.0173609
0.0200007,0.0173609
0.0205982,0.0173609
0.0211956,0.0173609
0.0217931,0.0173609
0.0223907,0.0173609
0.0229882,0.0173609
0.0235858,0.0173609
0.0241834,0.0173609
0.024781,0.0173609
0.0253786,0.0173609
0.0259763,0.0173609
0.026574,0.0173609
0.0271717,0.0173609
0.0277694,0.0173609
0.0283672,0.0173609
0.028965,0.0173609
0.0295628,0.0173609
0.0301606,0.0173609
0.0307585,0.0173609
0.0313563,0.0173609
0.0319542,0.0173609
0.0325521,0.0173609
0.0331501,0.0173609
0.033748,0.0173609
0.034346,0.0173609
0.034944,0.0173609
0.0355421,0.0173609
0.0361401,0.0173609
0.0367382,0.0173609
0.0373363,0.0173609
0.0379344,0.0173609
0.0385326,0.0173609
0.0391307,0.0173609
0.0397289,0.0173609
0.0403271,0.0173609
0.0409254,0.0173609
0.0415236,0.0173609
0.0421219,0.0173609
0.0427202,0.0173609
0.0433185,0.0173609
0.0439169,0.0173609
0.0445152,0.0173609
0.0451136,0.0173609
0.045712,0.0173609
0.0463105,0.0173609
0.0469089,0.0173609
0.0475074,0.0173609
0.0481059,0.0173609
0.0487044,0.0173609
0.0493029,0.0173609
0.0499015,0.0173609
0.0505001,0.0173609
0.0510987,0.0173609
0.0516973,0.0172519
0.052296,0.0171429
0.0528946,0.0170339
0.0534933,0.0169249
0.054092,0.0168159
0.0546908,0.016707
0.0552895,0.0165979
0.0558883,0.0164889
0.0564871,0.0163799
0.0570859,0.0162709
0.0576848,0.0161619
0.0582836,0.0160529
0.0588825,0.0159439
0.0594814,0.0158348
0.0600803,0.0157258
0.0606793,0.0156168
0.0612782,0.0155077
0.0618772,0.0153987
0.0624762,0.0152896
0.0630753,0.0151806
0.0636743,0.0150715
0.0642734,0.0149625
0.0648725,0.0148534
0.0654716,0.0147443
0.0660707,0.0146353
0.0666698,0.0145262
0.067269,0.0144171
0.0678682,0.014308
0.0684674,0.0141989
0.0690667,0.0140899
0.0696659,0.0139808
0.0702652,0.0138717
0.0708645,0.0137626
0.0714638,0.0136535
0.0720631,0.0135444
0.0726625,0.0134352
0.0732618,0.0133261
0.0738612,0.013217
0.0744606,0.0131079
0.0750601,0.0129988
0.0756595,0.0128896
0.076259,0.0127805
0.0768585,0.0126714
0.077458,0.0125622
0.0780575,0.0124531
0.0786571,0.0123439
0.0792566,0.0122348
0.0798562,0.0121256
0.0804558,0.0120165
0.0810555,0.0119073
0.0816551,0.0117982
0.0822548,0.011689
0.0828545,0.0115798
0.0834542,0.0114706
0.0840539,0.0113615
0.0846536,0.0112523
0.0852534,0.0111431
0.0858532,0.0110339
0.086453,0.0108708
0.0870528,0.0107077
0.0876526,0.0105446
0.0882525,0.0103815
0.0888524,0.0102184
0.0894522,0.0100553
0.0900522,0.00989218
0.0906521,0.00972906
0.091252,0.00956593
0.091852,0.00940279
0.092452,0.00923965
0.093052,0.00907651
0.093652,0.00891336
0.0942521,0.00875021
0.0948521,0.00858705
0.0954522,0.00842388
0.0960523,0.00826071
0.0966524,0.00809754
0.0972526,0.00804361
0.0978527,0.00798969
0.0984529,0.00793576
0.0990531,0.00788183
0.0996533,0.00782789
0.100253,0.00777396
0.100854,0.00772003
0.101454,0.00766609
0.102054,0.00761215
0.102655,0.00755821
0.103255,0.00750427
0.103855,0.00745032
0.104456,0.00739638
0.105056,0.00734243
0.105656,0.00728848
0.106257,0.00723453
0.106857,0.00718058
0.107458,0.00712663
0.108058,0.00707267
0.108659,0.00701872
0.109259,0.00696476
0.109859,0.0069108
0.11046,0.0069108
0.111061,0.0069108
0.111661,0.0069108
0.112262,0.0069108
0.112862,0.0069108
0.113463,0.0069108
0.114064,0.0069108
0.114664,0.0069108
0.115265,0.0069108
0.115866,0.0069108
0.116466,0.0069108
0.117067,0.0069108
0.117668,0.0069108
0.118268,0.0069108
0.118869,0.0069108
0.11947,0.0069108
0.120071,0.0069108
0.120672,0.0069108
0.121272,0.0069108
0.121873,0.0069108
0.122474,0.0069108
0.123075,0.0069108
0.123676,0.0069108
0.124277,0.0069108
0.124878,0.0069108
0.125479,0.0069108
0.12608,0.0069108
0.126681,0.0069108
0.127282,0.0069108
0.127883,0.0069108
0.128484,0.0069108
0.129085,0.0069108
0.129686,0.0069108
0.130287,0.0069108
0.130888,0.0069108
0.131489,0.0069108
0.13209,0.0069108
0.132691,0.0069108
0.133292,0.0069108
0.133893,0.0069108
0.134495,0.0069108
0.135096,0.0069108
0.135697,0.0069108
0.136298,0.0069108
0.1369,0.0069108
0.137501,0.0069108
0.138102,0.0069108
0.138703,0.0069108
0.139305,0.0069108
0.139906,0.0069108
0.140507,0.0069108
0.141109,0.0069108
0.14171,0.0069108
0.142311,0.0069108
0.142913,0.0069108
0.143514,0.0069108
0.144116,0.0069108
0.144717,0.0069108
0.145318,0.0069108
0.14592,0.0069108
0.146521,0.0069108
0.147123,0.0069108
0.147724,0.0069108
0.148326,0.0069108
0.148927,0.0069108
0.149529,0.0069108
0.150131,0.0069108
0.150732,0.0069108
0.151334,0.0069108
0.151935,0.0069108
0.152537,0.0069108
0.153139,0.0069108
0.15374,0.0069108
0.154342,0.0069108
0.154944,0.0069108
0.155545,0.0069108
0.156147,0.0069108
0.156749,0.0069108
0.157351,0.0069108
0.157952,0.0069108
0.158554,0.0069108
0.159156,0.0069108
0.159758,0.0069108
0.160359,0.0069108
0.160961,0.0069108
0.161563,0.0069108
0.162165,0.0069108
0.162767,0.0069108
0.163369,0.0069108
0.163971,0.0069108
0.164572,0.0069108
0.165174,0.0069108
0.165776,0.0069108
0.166378,0.0069108
0.16698,0.0069108
0.167582,0.0069108
0.168184,0.0069108
0.168786,0.0069108
0.169388,0.0069108
0.16999,0.0069108
0.170592,0.0069108
0.171194,0.0069108
0.171796,0.0069108
0.172398,0.0069108
0.173,0.0069108
0.173602,0.0069108
0.174205,0.0069108
0.174807,0.0069108
0.175409,0.0069108
0.176011,0.0069108
0.176613,0.00694496
0.177215,0.00697912
0.177817,0.00701328
0.17842,0.00704744
0.179022,0.0070816
0.179624,0.00711576
0.180226,0.00714992
0.180829,0.00718408
0.181431,0.00721824
0.182033,0.00725241
0.182635,0.00728657
0.183238,0.00732074
0.18384,0.0073549
0.184442,0.00738907
0.185045,0.00742324
0.185647,0.00745741
0.186249,0.00749157
0.186852,0.00752574
0.187454,0.00755991
0.188056,0.00759408
0.188659,0.00762826
0.189261,0.00766243
0.189864,0.0076966
0.190466,0.00773077
0.191069,0.00776495
0.191671,0.00779912
0.192273,0.0078333
0.192876,0.00786747
0.193478,0.00790165
0.194081,0.00793583
0.194683,0.00797
0.195286,0.00800418
0.195888,0.00803836
0.196491,0.00807254
0.197094,0.00810672
0.197696,0.0081409
0.198299,0.00817508
0.198901,0.00820927
0.199504,0.00824345
0.200107,0.00827763
0.200709,0.00831182
0.201312,0.008346
0.201914,0.00838018
0.202517,0.00841437
0.20312,0.00844856
0.203722,0.00848274
0.204325,0.00851693
0.204928,0.00855112
0.20553,0.00858531
0.206133,0.0086195
0.206736,0.00865369
0.207339,0.00868788
0.207941,0.00872207
0.208544,0.00875626
0.209147,0.00879045
0.20975,0.00882465
0.210352,0.00885884
0.210955,0.00889303
0.211558,0.00892723
0.212161,0.00896142
0.212764,0.00899562
0.213367,0.00902981
0.213969,0.00906401
0.214572,0.00909821
0.215175,0.00913241
0.215778,0.0091666
0.216381,0.0092008
0.216984,0.009235
0.217587,0.0092692
0.21819,0.0093034
0.218793,0.0093376
0.219395,0.00937181
0.219998,0.00940601
0.220601,0.00944021
0.221204,0.00947441
0.221807,0.00950862
0.22241,0.00954282
0.223013,0.00957703
0.223616,0.00961123
0.224219,0.00964544
0.224822,0.00967964
0.225425,0.00971385
0.226028,0.00974806
0.226631,0.00978227
0.227234,0.00981647
0.227837,0.00985068
0.228441,0.00988489
0.229044,0.0099191
0.229647,0.00995331
0.23025,0.00998752
0.230853,0.0100217
0.231456,0.0100559
0.232059,0.0100902
0.232662,0.0101244
0.233265,0.0101586
0.233868,0.0101928
0.234472,0.010227
0.235075,0.0102612
0.235678,0.0102954
0.236281,0.0103297
0.236884,0.0103639
0.237488,0.0103981
0.238091,0.0104323
0.238694,0.0104665
0.239297,0.0105007
0.2399,0.010535
0.240504,0.0105692
0.241107,0.0106034
0.24171,0.0106376
0.242313,0.0106718
0.242917,0.0107061
0.24352,0.0107403
0.244123,0.0107745
0.244726,0.0108087
0.24533,0.0108429
0.245933,0.0108772
0.246536,0.0109114
0.24714,0.0109456
0.247743,0.0109798
0.248346,0.0110141
0.24895,0.0110483
0.249553,0.0110825
0.250156,0.0111167
0.25076,0.011151
0.251363,0.0111852
0.251966,0.0112194
0.25257,0.0112536
0.253173,0.0112879
0.253777,0.0113221
0.25438,0.0113563
0.254983,0.0113905
0.255587,0.0114248
0.25619,0.011459
0.256794,0.0114932
0.257397,0.0115275
0.258,0.0115617
0.258604,0.0115959
0.259207,0.0116302
0.259811,0.0116644
0.260414,0.0116986
0.261018,0.0117329
0.261621,0.0117671
0.262225,0.0118013
0.262828,0.0118356
0.263432,0.0118698
0.264035,0.011904
0.264639,0.0119383
0.265242,0.0119725
0.265846,0.0120067
0.266449,0.012041
0.267053,0.0120752
0.267656,0.0121094
0.26826,0.0121437
0.268863,0.0121779
0.269467,0.0122121
0.270071,0.0122464
0.270674,0.0122806
0.271278,0.0123149
0.271881,0.0123491
0.272485,0.0123833
0.273088,0.0124176
0.273692,0.0124518
0.274296,0.012486
0.274899,0.0125203
0.275503,0.0125545
0.276106,0.0125888
0.27671,0.012623
0.277314,0.0126573
0.277917,0.0126915
0.278521,0.0127257
0.279125,0.01276
0.279728,0.0127942
0.280332,0.0128285
0.280935,0.0128627
0.281539,0.0128969
0.282143,0.0129312
0.282746,0.0129654
0.28335,0.0129997
0.283954,0.0130339
0.284557,0.0130682
0.285161,0.0131024
0.285765,0.0131367
0.286369,0.0131709
0.286972,0.0132051
0.287576,0.0132394
0.28818,0.0132736
0.288783,0.0133079
0.289387,0.0133421
0.289991,0.0133764
0.290595,0.0134106
0.291198,0.0134449
0.291802,0.0134791
0.292406,0.0135134
0.293009,0.0135476
0.293613,0.0135819
0.294217,0.0136161
0.294821,0.0136504
0.295424,0.0136846
0.296028,0.0137189
0.296632,0.0137531
0.297236,0.0137874
0.29784,0.0138216
0.298443,0.0138559
0.299047,0.0138901
0.299651,0.0139244
0.300255,0.0139586
0.300858,0.0139929
0.301462,0.0140271
0.302066,0.0140614
0.30267,0.0140956
0.303274,0.0141299
0.303877,0.0141641
0.304481,0.0141984
0.305085,0.0142326
0.305689,0.0142669
0.306293,0.0143011
0.306897,0.0143354
0.3075,0.0143696
0.308104,0.0144039
0.308708,0.0144381
0.309312,0.0144724
0.309916,0.0145066
0.310519,0.0145409
0.311123,0.0145751
0.311727,0.0146094
0.312331,0.0146436
0.312935,0.0146779
0.313539,0.0147121
0.314143,0.0147464
0.314746,0.0147807
0.31535,0.0148149
0.315954,0.0148492
0.316558,0.0148834
0.317162,0.0149177
0.317766,0.0149519
0.31837,0.0149862
0.318973,0.0150204
0.319577,0.0150547
0.320181,0.015089
0.320785,0.0151232
0.321389,0.0151575
0.321993,0.0151917
0.322597,0.015226
0.323201,0.0152602
0.323804,0.0152945
0.324408,0.0153287
0.325012,0.015363
0.325616,0.0153973
0.32622,0.0154315
0.326824,0.0154658
0.327428,0.0155
0.328032,0.0155343
0.328636,0.0155685
0.32924,0.0156028
0.329843,0.015637
0.330447,0.0156713
0.331051,0.0157056
0.331655,0.0157398
0.332259,0.0157741
0.332863,0.0158083
0.333467,0.0158426
0.334071,0.0158768
0.334675,0.0159111
0.335279,0.0159454
0.335882,0.0159796
0.336486,0.0160139
0.33709,0.0160481
0.337694,0.0160824
0.338298,0.0161166
0.338902,0.0161509
0.339506,0.0161852
0.34011,0.0162194
0.340714,0.0162537
0.341318,0.0162879
0.341922,0.0163222
0.342526,0.0163565
0.343129,0.0163907
0.343733,0.016425
0.344337,0.0164592
0.344941,0.0164935
0.345545,0.0165277
0.346149,0.016562
0.346753,0.0165963
0.347368,0.0166305
0.348006,0.016666
0.348667,0.0167029
0.349353,0.0167411
0.350063,0.0167807
0.3508,0.0168217
0.351562,0.0168642
0.352352,0.0169082
0.353169,0.0169538
0.354015,0.0170009
0.35489,0.0170497
0.355796,0.0171002
0.356732,0.0171525
0.357699,0.0172064
0.358699,0.0172622
0.359732,0.0173199
0.360798,0.0173794
0.361898,0.0174408
0.363034,0.0175042
0.364204,0.0175696
0.365412,0.0176371
0.366655,0.0177066
0.367937,0.0177782
0.369256,0.0178519
0.370613,0.0179278
0.372009,0.0180059
0.373444,0.0180862
0.374919,0.0181687
0.376433,0.0182535
0.377988,0.0183405
0.379582,0.0184299
0.381217,0.0185215
0.382893,0.0186154
0.384608,0.0187115
0.386364,0.01881
0.38816,0.0189108
0.389996,0.0190138
0.391871,0.019119
0.393786,0.0192265
0.395739,0.0193362
0.397729,0.0194481
0.399757,0.0195621
0.401822,0.0196782
0.403922,0.0197963
0.406057,0.0199164
0.408225,0.0200385
0.410425,0.0201624
0.412657,0.0202881
0.414918,0.0204156
0.417208,0.0205447
0.419524,0.0206753
0.421866,0.0208075
0.424231,0.020941
0.426618,0.0210758
0.429024,0.0212118
0.431449,0.0213488
0.43389,0.0214869
0.436344,0.0216257
0.438811,0.0217653
0.441287,0.0219056
0.443771,0.0220463
0.44626,0.0221874
0.448753,0.0223287
0.451247,0.0224702
-0.000298318,0.0178165
0.000298318,0.0178165
0.000894966,0.0178165
0.00149164,0.0178165
0.00208834,0.0178165
0.00268506,0.0178165
0.00328181,0.0178165
0.00387858,0.0178165
0.00447538,0.0178165
0.0050722,0.0178165
0.00566905,0.0178165
0.00626592,0.0178165
0.00686282,0.0178165
0.00745974,0.0178165
0.00805669,0.0178165
0.00865366,0.0178165
0.00925066,0.0178165
0.00984768,0.0178165
0.0104447,0.0178165
0.0110418,0.0178165
0.0116389,0.0178165
0.012236,0.0178165
0.0128331,0.0178165
0.0134303,0.0178165
0.0140275,0.0178165
0.0146247,0.0178165
0.0152219,0.0178165
0.0158192,0.0178165
0.0164165,0.0178165
0.0170138,0.0178165
0.0176111,0.0178165
0.0182085,0.0178165
0.0188059,0.0178165
0.0194033,0.0178165
0.0200007,0.0178165
0.0205982,0.0178165
0.0211956,0.0178165
0.0217931,0.0178165
0.0223907,0.0178165
0.0229882,0.0178165
0.0235858,0.0178165
0.0241834,0.0178165
0.024781,0.0178165
0.0253786,0.0178165
0.0259763,0.0178165
0.026574,0.0178165
0.0271717,0.0178165
0.0277694,0.0178165
0.0283672,0.0178165
0.028965,0.0178165
0.0295628,0.0178165
0.0301606,0.0178165
0.0307585,0.0178165
0.0313563,0.0178165
0.0319542,0.0178165
0.0325521,0.0178165
0.0331501,0.0178165
0.033748,0.0178165
0.034346,0.0178165
0.034944,0.0178165
0.0355421,0.0178165
0.0361401,0.0178165
0.0367382,0.0178165
0.0373363,0.0178165
0.0379344,0.0178165
0.0385326,0.0178165
0.0391307,0.0178165
0.0397289,0.0178165
0.0403271,0.0178165
0.0409254,0.0178165
0.0415236,0.0178165
0.0421219,0.0178165
0.0427202,0.0178165
0.0433185,0.0178165
0.0439169,0.0178165
0.0445152,0.0178165
0.0451136,0.0178165
0.045712,0.0178165
0.0463105,0.0178165
0.0469089,0.0178165
0.0475074,0.0178165
0.0481059,0.0178165
0.0487044,0.0178165
0.0493029,0.0178165
0.0499015,0.0178165
0.0505001,0.0178165
0.0510987,0.0178165
0.0516973,0.0177038
0.052296,0.0175911
0.0528946,0.0174784
0.0534933,0.0173657
0.054092,0.017253
0.0546908,0.0171403
0.0552895,0.0170276
0.0558883,0.0169148
0.0564871,0.0168021
0.0570859,0.0166894
0.0576848,0.0165766
0.0582836,0.0164639
0.0588825,0.0163512
0.0594814,0.0162384
0.0600803,0.0161257
0.0606793,0.0160129
0.0612782,0.0159002
0.0618772,0.0157874
0.0624762,0.0156746
0.0630753,0.0155619
0.0636743,0.0154491
0.0642734,0.0153363
0.0648725,0.0152235
0.0654716,0.0151107
0.0660707,0.0149979
0.0666698,0.0148852
0.067269,0.0147724
0.0678682,0.0146596
0.0684674,0.0145467
0.0690667,0.0144339
0.0696659,0.0143211
0.0702652,0.0142083
0.0708645,0.0140955
0.0714638,0.0139827
0.0720631,0.0138698
0.0726625,0.013757
0.0732618,0.0136442
0.0738612,0.0135313
0.0744606,0.0134185
0.0750601,0.0133056
0.0756595,0.0131928
0.076259,0.0130799
0.0768585,0.0129671
0.077458,0.0128542
0.0780575,0.0127414
0.0786571,0.0126285
0.0792566,0.0125156
0.0798562,0.0124027
0.0804558,0.0122899
0.0810555,0.012177
0.0816551,0.0120641
0.0822548,0.0119512
0.0828545,0.0118383
0.0834542,0.0117254
0.0840539,0.0116125
0.0846536,0.0114996
0.0852534,0.0113867
0.0858532,0.0112738
0.086453,0.0111085
0.0870528,0.0109433
0.0876526,0.010778
0.0882525,0.0106128
0.0888524,0.0104475
0.0894522,0.0102822
0.0900522,0.010117
0.0906521,0.0099517
0.091252,0.00978641
0.091852,0.00962113
0.092452,0.00945583
0.093052,0.00929053
0.093652,0.00912523
0.0942521,0.00895992
0.0948521,0.00879461
0.0954522,0.00862929
0.0960523,0.00846397
0.0966524,0.00829864
0.0972526,0.00824628
0.0978527,0.00819393
0.0984529,0.00814157
0.0990531,0.00808921
0.0996533,0.00803685
0.100253,0.00798449
0.100854,0.00793212
0.101454,0.00787976
0.102054,0.00782739
0.102655,0.00777502
0.103255,0.00772265
0.103855,0.00767028
0.104456,0.0076179
0.105056,0.00756553
0.105656,0.00751315
0.106257,0.00746077
0.106857,0.00740839
0.107458,0.00735601
0.108058,0.00730363
0.108659,0.00725125
0.109259,0.00719886
0.109859,0.00714647
0.11046,0.00714647
0.111061,0.00714647
0.111661,0.00714647
0.112262,0.00714647
0.112862,0.00714647
0.113463,0.00714647
0.114064,0.00714647
0.114664,0.00714647
0.115265,0.00714647
0.115866,0.00714647
0.116466,0.00714647
0.117067,0.00714647
0.117668,0.00714647
0.118268,0.00714647
0.118869,0.00714647
0.11947,0.00714647
0.120071,0.00714647
0.120672,0.00714647
0.121272,0.00714647
0.121873,0.00714647
0.122474,0.00714647
0.123075,0.00714647
0.123676,0.00714647
0.124277,0.00714647
0.124878,0.00714647
0.125479,0.00714647
0.12608,0.00714647
0.126681,0.00714647
0.127282,0.00714647
0.127883,0.00714647
0.128484,0.00714647
0.129085,0.00714647
0.129686,0.00714647
0.130287,0.00714647
0.130888,0.00714647
0.131489,0.00714647
0.13209,0.00714647
0.132691,0.00714647
0.133292,0.00714647
0.133893,0.00714647
0.134495,0.00714647
0.135096,0.00714647
0.135697,0.00714647
0.136298,0.00714647
0.1369,0.00714647
0.137501,0.00714647
0.138102,0.00714647
0.138703,0.00714647
0.139305,0.00714647
0.139906,0.00714647
0.140507,0.00714647
0.141109,0.00714647
0.14171,0.00714647
0.142311,0.00714647
0.142913,0.00714647
0.143514,0.00714647
0.144116,0.00714647
0.144717,0.00714647
0.145318,0.00714647
0.14592,0.00714647
0.146521,0.00714647
0.147123,0.00714647
0.147724,0.00714647
0.148326,0.00714647
0.148927,0.00714647
0.149529,0.00714647
0.150131,0.00714647
0.150732,0.00714647
0.151334,0.00714647
0.151935,0.00714647
0.152537,0.00714647
0.153139,0.00714647
0.15374,0.00714647
0.154342,0.00714647
0.154944,0.00714647
0.155545,0.00714647
0.156147,0.00714647
0.156749,0.00714647
0.157351,0.00714647
0.157952,0.00714647
0.158554,0.00714647
0.159156,0.00714647
0.159758,0.00714647
0.160359,0.00714647
0.160961,0.00714647
0.161563,0.00714647
0.162165,0.00714647
0.162767,0.00714647
0.163369,0.00714647
0.163971,0.00714647
0.164572,0.00714647
0.165174,0.00714647
0.165776,0.00714647
0.166378,0.00714647
0.16698,0.00714647
0.167582,0.00714647
0.168184,0.00714647
0.168786,0.00714647
0.169388,0.00714647
0.16999,0.00714647
0.170592,0.00714647
0.171194,0.00714647
0.171796,0.00714647
0.172398,0.00714647
0.173,0.00714647
0.173602,0.00714647
0.174205,0.00714647
0.174807,0.00714647
0.175409,0.00714647
0.176011,0.00714647
0.176613,0.0071818
0.177215,0.00721712
0.177817,0.00725244
0.17842,0.00728777
0.179022,0.00732309
0.179624,0.00735842
0.180226,0.00739374
0.180829,0.00742907
0.181431,0.0074644
0.182033,0.00749973
0.182635,0.00753506
0.183238,0.00757039
0.18384,0.00760572
0.184442,0.00764105
0.185045,0.00767638
0.185647,0.00771172
0.186249,0.00774705
0.186852,0.00778239
0.187454,0.00781772
0.188056,0.00785306
0.188659,0.00788839
0.189261,0.00792373
0.189864,0.00795907
0.190466,0.00799441
0.191069,0.00802975
0.191671,0.00806509
0.192273,0.00810043
0.192876,0.00813577
0.193478,0.00817111
0.194081,0.00820645
0.194683,0.0082418
0.195286,0.00827714
0.195888,0.00831249
0.196491,0.00834783
0.197094,0.00838318
0.197696,0.00841852
0.198299,0.00845387
0.198901,0.00848922
0.199504,0.00852457
0.200107,0.00855992
0.200709,0.00859526
0.201312,0.00863062
0.201914,0.00866597
0.202517,0.00870132
0.20312,0.00873667
0.203722,0.00877202
0.204325,0.00880738
0.204928,0.00884273
0.20553,0.00887808
0.206133,0.00891344
0.206736,0.0089488
0.207339,0.00898415
0.207941,0.00901951
0.208544,0.00905487
0.209147,0.00909022
0.20975,0.00912558
0.210352,0.00916094
0.210955,0.0091963
0.211558,0.00923166
0.212161,0.00926702
0.212764,0.00930239
0.213367,0.00933775
0.213969,0.00937311
0.214572,0.00940848
0.215175,0.00944384
0.215778,0.0094792
0.216381,0.00951457
0.216984,0.00954993
0.217587,0.0095853
0.21819,0.00962067
0.218793,0.00965603
0.219395,0.0096914
0.219998,0.00972677
0.220601,0.00976214
0.221204,0.00979751
0.221807,0.00983288
0.22241,0.00986825
0.223013,0.00990362
0.223616,0.00993899
0.224219,0.00997437
0.224822,0.0100097
0.225425,0.0100451
0.226028,0.0100805
0.226631,0.0101159
0.227234,0.0101512
0.227837,0.0101866
0.228441,0.010222
0.229044,0.0102574
0.229647,0.0102927
0.23025,0.0103281
0.230853,0.0103635
0.231456,0.0103989
0.232059,0.0104343
0.232662,0.0104696
0.233265,0.010505
0.233868,0.0105404
0.234472,0.0105758
0.235075,0.0106112
0.235678,0.0106465
0.236281,0.0106819
0.236884,0.0107173
0.237488,0.0107527
0.238091,0.0107881
0.238694,0.0108235
0.239297,0.0108588
0.2399,0.0108942
0.240504,0.0109296
0.241107,0.010965
0.24171,0.0110004
0.242313,0.0110358
0.242917,0.0110712
0.24352,0.0111065
0.244123,0.0111419
0.244726,0.0111773
0.24533,0.0112127
0.245933,0.0112481
0.246536,0.0112835
0.24714,0.0113189
0.247743,0.0113543
0.248346,0.0113897
0.24895,0.0114251
0.249553,0.0114604
0.250156,0.0114958
0.25076,0.0115312
0.251363,0.0115666
0.251966,0.011602
0.25257,0.0116374
0.253173,0.0116728
0.253777,0.0117082
0.25438,0.0117436
0.254983,0.011779
0.255587,0.0118144
0.25619,0.0118498
0.256794,0.0118852
0.257397,0.0119206
0.258,0.011956
0.258604,0.0119914
0.259207,0.0120268
0.259811,0.0120622
0.260414,0.0120976
0.261018,0.012133
0.261621,0.0121684
0.262225,0.0122038
0.262828,0.0122392
0.263432,0.0122746
0.264035,0.01231
0.264639,0.0123454
0.265242,0.0123808
0.265846,0.0124162
0.266449,0.0124516
0.267053,0.012487
0.267656,0.0125224
0.26826,0.0125578
0.268863,0.0125932
0.269467,0.0126286
0.270071,0.012664
0.270674,0.0126994
0.271278,0.0127348
0.271881,0.0127702
0.272485,0.0128056
0.273088,0.012841
0.273692,0.0128764
0.274296,0.0129118
0.274899,0.0129473
0.275503,0.0129827
0.276106,0.0130181
0.27671,0.0130535
0.277314,0.0130889
0.277917,0.0131243
0.278521,0.0131597
0.279125,0.0131951
0.279728,0.0132305
0.280332,0.0132659
0.280935,0.0133013
0.281539,0.0133368
0.282143,0.0133722
0.282746,0.0134076
0.28335,0.013443
0.283954,0.0134784
0.284557,0.0135138
0.285161,0.0135492
0.285765,0.0135846
0.286369,0.0136201
0.286972,0.0136555
0.287576,0.0136909
0.28818,0.0137263
0.288783,0.0137617
0.289387,0.0137971
0.289991,0.0138325
0.290595,0.013868
0.291198,0.0139034
0.291802,0.0139388
0.292406,0.0139742
0.293009,0.0140096
0.293613,0.014045
0.294217,0.0140804
0.294821,0.0141159
0.295424,0.0141513
0.296028,0.0141867
0.296632,0.0142221
0.297236,0.0142575
0.29784,0.0142929
0.298443,0.0143284
0.299047,0.0143638
0.299651,0.0143992
0.300255,0.0144346
0.300858,0.01447
0.301462,0.0145055
0.302066,0.0145409
0.30267,0.0145763
0.303274,0.0146117
0.303877,0.0146471
0.304481,0.0146825
0.305085,0.014718
0.305689,0.0147534
0.306293,0.0147888
0.306897,0.0148242
0.3075,0.0148596
0.308104,0.0148951
0.308708,0.0149305
0.309312,0.0149659
0.309916,0.0150013
0.310519,0.0150368
0.311123,0.0150722
0.311727,0.0151076
0.312331,0.015143
0.312935,0.0151784
0.313539,0.0152139
0.314143,0.0152493
0.314746,0.0152847
0.31535,0.0153201
0.315954,0.0153556
0.316558,0.015391
0.317162,0.0154264
0.317766,0.0154618
0.31837,0.0154972
0.318973,0.0155327
0.319577,0.0155681
0.320181,0.0156035
0.320785,0.0156389
0.321389,0.0156744
0.321993,0.0157098
0.322597,0.0157452
0.323201,0.0157806
0.323804,0.0158161
0.324408,0.0158515
0.325012,0.0158869
0.325616,0.0159223
0.32622,0.0159578
0.326824,0.0159932
0.327428,0.0160286
0.328032,0.016064
0.328636,0.0160995
0.32924,0.0161349
0.329843,0.0161703
0.330447,0.0162057
0.331051,0.0162412
0.331655,0.0162766
0.332259,0.016312
0.332863,0.0163474
0.333467,0.0163829
0.334071,0.0164183
0.334675,0.0164537
0.335279,0.0164891
0.335882,0.0165246
0.336486,0.01656
0.33709,0.0165954
0.337694,0.0166308
0.338298,0.0166663
0.338902,0.0167017
0.339506,0.0167371
0.34011,0.0167725
0.340714,0.016808
0.341318,0.0168434
0.341922,0.0168788
0.342526,0.0169142
0.343129,0.0169497
0.343733,0.0169851
0.344337,0.0170205
0.344941,0.0170559
0.345545,0.0170914
0.346149,0.0171268
0.346753,0.0171622
0.347368,0.0171976
0.348006,0.0172344
0.348667,0.0172725
0.349353,0.017312
0.350063,0.0173529
0.3508,0.0173953
0.351562,0.0174393
0.352352,0.0174848
0.353169,0.0175319
0.354015,0.0175807
0.35489,0.0176312
0.355796,0.0176834
0.356732,0.0177374
0.357699,0.0177932
0.358699,0.0178509
0.359732,0.0179105
0.360798,0.017972
0.361898,0.0180356
0.363034,0.0181011
0.364204,0.0181688
0.365412,0.0182385
0.366655,0.0183104
0.367937,0.0183844
0.369256,0.0184607
0.370613,0.0185392
0.372009,0.0186199
0.373444,0.018703
0.374919,0.0187883
0.376433,0.018876
0.377988,0.018966
0.379582,0.0190584
0.381217,0.0191531
0.382893,0.0192502
0.384608,0.0193496
0.386364,0.0194515
0.38816,0.0195556
0.389996,0.0196622
0.391871,0.019771
0.393786,0.0198822
0.395739,0.0199956
0.397729,0.0201113
0.399757,0.0202292
0.401822,0.0203492
0.403922,0.0204714
0.406057,0.0205956
0.408225,0.0207218
0.410425,0.02085
0.412657,0.02098
0.414918,0.0211118
0.417208,0.0212453
0.419524,0.0213804
0.421866,0.0215171
0.424231,0.0216551
0.426618,0.0217945
0.429024,0.0219352
0.431449,0.0220769
0.43389,0.0222196
0.436344,0.0223632
0.438811,0.0225076
0.441287,0.0226526
0.443771,0.0227981
0.44626,0.022944
0.448753,0.0230902
0.451247,0.0232365
-0.000298318,0.0182722
0.000298318,0.0182722
0.000894966,0.0182722
0.00149164,0.0182722
0.00208834,0.0182722
0.00268506,0.0182722
0.00328181,0.0182722
0.00387858,0.0182722
0.00447538,0.0182722
0.0050722,0.0182722
0.00566905,0.0182722
0.00626592,0.0182722
0.00686282,0.0182722
0.00745974,0.0182722
0.00805669,0.0182722
0.00865366,0.0182722
0.00925066,0.0182722
0.00984768,0.0182722
0.0104447,0.0182722
0.0110418,0.0182722
0.0116389,0.0182722
0.012236,0.0182722
0.0128331,0.0182722
0.0134303,0.0182722
0.0140275,0.0182722
0.0146247,0.0182722
0.0152219,0.0182722
0.0158192,0.0182722
0.0164165,0.0182722
0.0170138,0.0182722
0.0176111,0.0182722
0.0182085,0.0182722
0.0188059,0.0182722
0.0194033,0.0182722
0.0200007,0.0182722
0.0205982,0.0182722
0.0211956,0.0182722
0.0217931,0.0182722
0.0223907,0.0182722
0.0229882,0.0182722
0.0235858,0.0182722
0.0241834,0.0182722
0.024781,0.0182722
0.0253786,0.0182722
0.0259763,0.0182722
0.026574,0.0182722
0.0271717,0.0182722
0.0277694,0.0182722
0.0283672,0.0182722
0.028965,0.0182722
0.0295628,0.0182722
0.0301606,0.0182722
0.0307585,0.0182722
0.0313563,0.0182722
0.0319542,0.0182722
0.0325521,0.0182722
0.0331501,0.0182722
0.033748,0.0182722
0.034346,0.0182722
0.034944,0.0182722
0.0355421,0.0182722
0.0361401,0.0182722
0.0367382,0.0182722
0.0373363,0.0182722
0.0379344,0.0182722
0.0385326,0.0182722
0.0391307,0.0182722
0.0397289,0.0182722
0.0403271,0.0182722
0.0409254,0.0182722
0.0415236,0.0182722
0.0421219,0.0182722
0.0427202,0.0182722
0.0433185,0.0182722
0.0439169,0.0182722
0.0445152,0.0182722
0.0451136,0.0182722
0.045712,0.0182722
0.0463105,0.0182722
0.0469089,0.0182722
0.0475074,0.0182722
0.0481059,0.0182722
0.0487044,0.0182722
0.0493029,0.0182722
0.0499015,0.0182722
0.0505001,0.0182722
0.0510987,0.0182722
0.0516973,0.0181558
0.052296,0.0180393
0.0528946,0.0179229
0.0534933,0.0178065
0.054092,0.0176901
0.0546908,0.0175736
0.0552895,0.0174572
0.0558883,0.0173408
0.0564871,0.0172243
0.0570859,0.0171079
0.0576848,0.0169914
0.0582836,0.016875
0.0588825,0.0167585
0.0594814,0.016642
0.0600803,0.0165256
0.0606793,0.0164091
0.0612782,0.0162926
0.0618772,0.0161761
0.0624762,0.0160596
0.0630753,0.0159432
0.0636743,0.0158267
0.0642734,0.0157102
0.0648725,0.0155937
0.0654716,0.0154772
0.0660707,0.0153606
0.0666698,0.0152441
0.067269,0.0151276
0.0678682,0.0150111
0.0684674,0.0148946
0.0690667,0.014778
0.0696659,0.0146615
0.0702652,0.014545
0.0708645,0.0144284
0.0714638,0.0143119
0.0720631,0.0141953
0.0726625,0.0140788
0.0732618,0.0139622
0.0738612,0.0138457
0.0744606,0.0137291
0.0750601,0.0136125
0.0756595,0.013496
0.076259,0.0133794
0.0768585,0.0132628
0.077458,0.0131462
0.0780575,0.0130296
0.0786571,0.012913
0.0792566,0.0127964
0.0798562,0.0126798
0.0804558,0.0125632
0.0810555,0.0124466
0.0816551,0.01233
0.0822548,0.0122134
0.0828545,0.0120968
0.0834542,0.0119802
0.0840539,0.0118636
0.0846536,0.0117469
0.0852534,0.0116303
0.0858532,0.0115137
0.086453,0.0113463
0.0870528,0.0111789
0.0876526,0.0110115
0.0882525,0.010844
0.0888524,0.0106766
0.0894522,0.0105092
0.0900522,0.0103418
0.0906521,0.0101743
0.091252,0.0100069
0.091852,0.00983947
0.092452,0.00967202
0.093052,0.00950457
0.093652,0.00933711
0.0942521,0.00916965
0.0948521,0.00900218
0.0954522,0.00883471
0.0960523,0.00866723
0.0966524,0.00849974
0.0972526,0.00844896
0.0978527,0.00839818
0.0984529,0.00834739
0.0990531,0.0082966
0.0996533,0.00824581
0.100253,0.00819502
0.100854,0.00814423
0.101454,0.00809343
0.102054,0.00804264
0.102655,0.00799184
0.103255,0.00794104
0.103855,0.00789024
0.104456,0.00783944
0.105056,0.00778864
0.105656,0.00773783
0.106257,0.00768703
0.106857,0.00763622
0.107458,0.00758541
0.108058,0.0075346
0.108659,0.00748378
0.109259,0.00743297
0.109859,0.00738216
0.11046,0.00738216
0.111061,0.00738216
0.111661,0.00738216
0.112262,0.00738216
0.112862,0.00738216
0.113463,0.00738216
0.114064,0.00738216
0.114664,0.00738216
0.115265,0.00738216
0.115866,0.00738216
0.116466,0.00738216
0.117067,0.00738216
0.117668,0.00738216
0.118268,0.00738216
0.118869,0.00738216
0.11947,0.00738216
0.120071,0.00738216
0.120672,0.00738216
0.121272,0.00738216
0.121873,0.00738216
0.122474,0.00738216
0.123075,0.00738216
0.123676,0.00738216
0.124277,0.00738216
0.124878,0.00738216
0.125479,0.00738216
0.12608,0.00738216
0.126681,0.00738216
0.127282,0.00738216
0.127883,0.00738216
0.128484,0.00738216
0.129085,0.00738216
0.129686,0.00738216
0.130287,0.00738216
0.130888,0.00738216
0.131489,0.00738216
0.13209,0.00738216
0.132691,0.00738216
0.133292,0.00738216
0.133893,0.00738216
0.134495,0.00738216
0.135096,0.00738216
0.135697,0.00738216
0.136298,0.00738216
0.1369,0.00738216
0.137501,0.00738216
0.138102,0.00738216
0.138703,0.00738216
0.139305,0.00738216
0.139906,0.00738216
0.140507,0.00738216
0.141109,0.00738216
0.14171,0.00738216
0.142311,0.00738216
0.142913,0.00738216
0.143514,0.00738216
0.144116,0.00738216
0.144717,0.00738216
0.145318,0.00738216
0.14592,0.00738216
0.146521,0.00738216
0.147123,0.00738216
0.147724,0.00738216
0.148326,0.00738216
0.148927,0.00738216
0.149529,0.00738216
0.150131,0.00738216
0.150732,0.00738216
0.151334,0.00738216
0.151935,0.00738216
0.152537,0.00738216
0.153139,0.00738216
0.15374,0.00738216
0.154342,0.00738216
0.154944,0.00738216
0.155545,0.00738216
0.156147,0.00738216
0.156749,0.00738216
0.157351,0.00738216
0.157952,0.00738216
0.158554,0.00738216
0.159156,0.00738216
0.159758,0.00738216
0.160359,0.00738216
0.160961,0.00738216
0.161563,0.00738216
0.162165,0.00738216
0.162767,0.00738216
0.163369,0.00738216
0.163971,0.00738216
0.164572,0.00738216
0.165174,0.00738216
0.165776,0.00738216
0.166378,0.00738216
0.16698,0.00738216
0.167582,0.00738216
0.168184,0.00738216
0.168786,0.00738216
0.169388,0.00738216
0.16999,0.00738216
0.170592,0.00738216
0.171194,0.00738216
0.171796,0.00738216
0.172398,0.00738216
0.173,0.00738216
0.173602,0.00738216
0.174205,0.00738216
0.174807,0.00738216
0.175409,0.00738216
0.176011,0.00738216
0.176613,0.00741864
0.177215,0.00745513
0.177817,0.00749162
0.17842,0.00752811
0.179022,0.0075646
0.179624,0.00760109
0.180226,0.00763758
0.180829,0.00767408
0.181431,0.00771057
0.182033,0.00774706
0.182635,0.00778356
0.183238,0.00782005
0.18384,0.00785655
0.184442,0.00789305
0.185045,0.00792954
0.185647,0.00796604
0.186249,0.00800254
0.186852,0.00803904
0.187454,0.00807554
0.188056,0.00811204
0.188659,0.00814855
0.189261,0.00818505
0.189864,0.00822155
0.190466,0.00825806
0.191069,0.00829456
0.191671,0.00833107
0.192273,0.00836757
0.192876,0.00840408
0.193478,0.00844059
0.194081,0.00847709
0.194683,0.0085136
0.195286,0.00855011
0.195888,0.00858662
0.196491,0.00862313
0.197094,0.00865965
0.197696,0.00869616
0.198299,0.00873267
0.198901,0.00876918
0.199504,0.0088057
0.200107,0.00884221
0.200709,0.00887873
0.201312,0.00891524
0.201914,0.00895176
0.202517,0.00898828
0.20312,0.0090248
0.203722,0.00906132
0.204325,0.00909783
0.204928,0.00913435
0.20553,0.00917087
0.206133,0.0092074
0.206736,0.00924392
0.207339,0.00928044
0.207941,0.00931696
0.208544,0.00935349
0.209147,0.00939001
0.20975,0.00942654
0.210352,0.00946306
0.210955,0.00949959
0.211558,0.00953611
0.212161,0.00957264
0.212764,0.00960917
0.213367,0.0096457
0.213969,0.00968223
0.214572,0.00971876
0.215175,0.00975529
0.215778,0.00979182
0.216381,0.00982835
0.216984,0.00986488
0.217587,0.00990141
0.21819,0.00993795
0.218793,0.00997448
0.219395,0.010011
0.219998,0.0100476
0.220601,0.0100841
0.221204,0.0101206
0.221807,0.0101572
0.22241,0.0101937
0.223013,0.0102302
0.223616,0.0102668
0.224219,0.0103033
0.224822,0.0103398
0.225425,0.0103764
0.226028,0.0104129
0.226631,0.0104495
0.227234,0.010486
0.227837,0.0105226
0.228441,0.0105591
0.229044,0.0105956
0.229647,0.0106322
0.23025,0.0106687
0.230853,0.0107053
0.231456,0.0107418
0.232059,0.0107784
0.232662,0.0108149
0.233265,0.0108515
0.233868,0.010888
0.234472,0.0109246
0.235075,0.0109611
0.235678,0.0109976
0.236281,0.0110342
0.236884,0.0110707
0.237488,0.0111073
0.238091,0.0111438
0.238694,0.0111804
0.239297,0.0112169
0.2399,0.0112535
0.240504,0.0112901
0.241107,0.0113266
0.24171,0.0113632
0.242313,0.0113997
0.242917,0.0114363
0.24352,0.0114728
0.244123,0.0115094
0.244726,0.0115459
0.24533,0.0115825
0.245933,0.011619
0.246536,0.0116556
0.24714,0.0116922
0.247743,0.0117287
0.248346,0.0117653
0.24895,0.0118018
0.249553,0.0118384
0.250156,0.011875
0.25076,0.0119115
0.251363,0.0119481
0.251966,0.0119846
0.25257,0.0120212
0.253173,0.0120578
0.253777,0.0120943
0.25438,0.0121309
0.254983,0.0121674
0.255587,0.012204
0.25619,0.0122406
0.256794,0.0122771
0.257397,0.0123137
0.258,0.0123503
0.258604,0.0123868
0.259207,0.0124234
0.259811,0.01246
0.260414,0.0124965
0.261018,0.0125331
0.261621,0.0125697
0.262225,0.0126062
0.262828,0.0126428
0.263432,0.0126794
0.264035,0.0127159
0.264639,0.0127525
0.265242,0.0127891
0.265846,0.0128257
0.266449,0.0128622
0.267053,0.0128988
0.267656,0.0129354
0.26826,0.0129719
0.268863,0.0130085
0.269467,0.0130451
0.270071,0.0130817
0.270674,0.0131182
0.271278,0.0131548
0.271881,0.0131914
0.272485,0.0132279
0.273088,0.0132645
0.273692,0.0133011
0.274296,0.0133377
0.274899,0.0133742
0.275503,0.0134108
0.276106,0.0134474
0.27671,0.013484
0.277314,0.0135205
0.277917,0.0135571
0.278521,0.0135937
0.279125,0.0136303
0.279728,0.0136669
0.280332,0.0137034
0.280935,0.01374
0.281539,0.0137766
0.282143,0.0138132
0.282746,0.0138497
0.28335,0.0138863
0.283954,0.0139229
0.284557,0.0139595
0.285161,0.0139961
0.285765,0.0140326
0.286369,0.0140692
0.286972,0.0141058
0.287576,0.0141424
0.28818,0.014179
0.288783,0.0142156
0.289387,0.0142521
0.289991,0.0142887
0.290595,0.0143253
0.291198,0.0143619
0.291802,0.0143985
0.292406,0.0144351
0.293009,0.0144716
0.293613,0.0145082
0.294217,0.0145448
0.294821,0.0145814
0.295424,0.014618
0.296028,0.0146546
0.296632,0.0146911
0.297236,0.0147277
0.29784,0.0147643
0.298443,0.0148009
0.299047,0.0148375
0.299651,0.0148741
0.300255,0.0149107
0.300858,0.0149472
0.301462,0.0149838
0.302066,0.0150204
0.30267,0.015057
0.303274,0.0150936
0.303877,0.0151302
0.304481,0.0151668
0.305085,0.0152034
0.305689,0.0152399
0.306293,0.0152765
0.306897,0.0153131
0.3075,0.0153497
0.308104,0.0153863
0.308708,0.0154229
0.309312,0.0154595
0.309916,0.0154961
0.310519,0.0155327
0.311123,0.0155692
0.311727,0.0156058
0.312331,0.0156424
0.312935,0.015679
0.313539,0.0157156
0.314143,0.0157522
0.314746,0.0157888
0.31535,0.0158254
0.315954,0.015862
0.316558,0.0158986
0.317162,0.0159351
0.317766,0.0159717
0.31837,0.0160083
0.318973,0.0160449
0.319577,0.0160815
0.320181,0.0161181
0.320785,0.0161547
0.321389,0.0161913
0.321993,0.0162279
0.322597,0.0162645
0.323201,0.0163011
0.323804,0.0163377
0.324408,0.0163742
0.325012,0.0164108
0.325616,0.0164474
0.32622,0.016484
0.326824,0.0165206
0.327428,0.0165572
0.328032,0.0165938
0.328636,0.0166304
0.32924,0.016667
0.329843,0.0167036
0.330447,0.0167402
0.331051,0.0167768
0.331655,0.0168134
0.332259,0.01685
0.332863,0.0168866
0.333467,0.0169231
0.334071,0.0169597
0.334675,0.0169963
0.335279,0.0170329
0.335882,0.0170695
0.336486,0.0171061
0.33709,0.0171427
0.337694,0.0171793
0.338298,0.0172159
0.338902,0.0172525
0.339506,0.0172891
0.34011,0.0173257
0.340714,0.0173623
0.341318,0.0173989
0.341922,0.0174355
0.342526,0.0174721
0.343129,0.0175086
0.343733,0.0175452
0.344337,0.0175818
0.344941,0.0176184
0.345545,0.017655
0.346149,0.0176916
0.346753,0.0177282
0.347368,0.0177648
0.348006,0.0178028
0.348667,0.0178421
0.349353,0.0178829
0.350063,0.0179252
0.3508,0.017969
0.351562,0.0180144
0.352352,0.0180614
0.353169,0.0181101
0.354015,0.0181605
0.35489,0.0182126
0.355796,0.0182666
0.356732,0.0183223
0.357699,0.01838
0.358699,0.0184396
0.359732,0.0185012
0.360798,0.0185647
0.361898,0.0186304
0.363034,0.0186981
0.364204,0.018768
0.365412,0.01884
0.366655,0.0189143
0.367937,0.0189908
0.369256,0.0190695
0.370613,0.0191506
0.372009,0.019234
0.373444,0.0193198
0.374919,0.0194079
0.376433,0.0194985
0.377988,0.0195915
0.379582,0.0196869
0.381217,0.0197847
0.382893,0.019885
0.384608,0.0199878
0.386364,0.020093
0.38816,0.0202006
0.389996,0.0203106
0.391871,0.0204231
0.393786,0.0205379
0.395739,0.0206551
0.397729,0.0207745
0.399757,0.0208963
0.401822,0.0210203
0.403922,0.0211465
0.406057,0.0212748
0.408225,0.0214052
0.410425,0.0215376
0.412657,0.0216719
0.414918,0.021808
0.417208,0.0219459
0.419524,0.0220855
0.421866,0.0222267
0.424231,0.0223693
0.426618,0.0225133
0.429024,0.0226586
0.431449,0.022805
0.43389,0.0229524
0.436344,0.0231007
0.438811,0.0232499
0.441287,0.0233996
0.443771,0.02355
0.44626,0.0237007
0.448753,0.0238517
0.451247,0.0240028
-0.000298318,0.0187278
0.000298318,0.0187278
0.000894966,0.0187278
0.00149164,0.0187278
0.00208834,0.0187278
0.00268506,0.0187278
0.00328181,0.0187278
0.00387858,0.0187278
0.00447538,0.0187278
0.0050722,0.0187278
0.00566905,0.0187278
0.00626592,0.0187278
0.00686282,0.0187278
0.00745974,0.0187278
0.00805669,0.0187278
0.00865366,0.0187278
0.00925066,0.0187278
0.00984768,0.0187278
0.0104447,0.0187278
0.0110418,0.0187278
0.0116389,0.0187278
0.012236,0.0187278
0.0128331,0.0187278
0.0134303,0.0187278
0.0140275,0.0187278
0.0146247,0.0187278
0.0152219,0.0187278
0.0158192,0.0187278
0.0164165,0.0187278
0.0170138,0.0187278
0.0176111,0.0187278
0.0182085,0.0187278
0.0188059,0.0187278
0.0194033,0.0187278
0.0200007,0.0187278
0.0205982,0.0187278
0.0211956,0.0187278
0.0217931,0.0187278
0.0223907,0.0187278
0.0229882,0.0187278
0.0235858,0.0187278
0.0241834,0.0187278
0.024781,0.0187278
0.0253786,0.0187278
0.0259763,0.0187278
0.026574,0.0187278
0.0271717,0.0187278
0.0277694,0.0187278
0.0283672,0.0187278
0.028965,0.0187278
0.0295628,0.0187278
0.0301606,0.0187278
0.0307585,0.0187278
0.0313563,0.0187278
0.0319542,0.0187278
0.0325521,0.0187278
0.0331501,0.0187278
0.033748,0.0187278
0.034346,0.0187278
0.034944,0.0187278
0.0355421,0.0187278
0.0361401,0.0187278
0.0367382,0.0187278
0.0373363,0.0187278
0.0379344,0.0187278
0.0385326,0.0187278
0.0391307,0.0187278
0.0397289,0.0187278
0.0403271,0.0187278
0.0409254,0.0187278
0.0415236,0.0187278
0.0421219,0.0187278
0.0427202,0.0187278
0.0433185,0.0187278
0.0439169,0.0187278
0.0445152,0.0187278
0.0451136,0.0187278
0.045712,0.0187278
0.0463105,0.0187278
0.0469089,0.0187278
0.0475074,0.0187278
0.0481059,0.0187278
0.0487044,0.0187278
0.0493029,0.0187278
0.0499015,0.0187278
0.0505001,0.0187278
0.0510987,0.0187278
0.0516973,0.0186077
0.052296,0.0184876
0.0528946,0.0183674
0.0534933,0.0182473
0.054092,0.0181271
0.0546908,0.018007
0.0552895,0.0178868
0.0558883,0.0177667
0.0564871,0.0176465
0.0570859,0.0175264
0.0576848,0.0174062
0.0582836,0.017286
0.0588825,0.0171658
0.0594814,0.0170456
0.0600803,0.0169255
0.0606793,0.0168053
0.0612782,0.0166851
0.0618772,0.0165649
0.0624762,0.0164447
0.0630753,0.0163245
0.0636743,0.0162042
0.0642734,0.016084
0.0648725,0.0159638
0.0654716,0.0158436
0.0660707,0.0157234
0.0666698,0.0156031
0.067269,0.0154829
0.0678682,0.0153626
0.0684674,0.0152424
0.0690667,0.0151221
0.0696659,0.0150019
0.0702652,0.0148816
0.0708645,0.0147614
0.0714638,0.0146411
0.0720631,0.0145208
0.0726625,0.0144006
0.0732618,0.0142803
0.0738612,0.01416
0.0744606,0.0140397
0.0750601,0.0139194
0.0756595,0.0137991
0.076259,0.0136788
0.0768585,0.0135585
0.077458,0.0134382
0.0780575,0.0133179
0.0786571,0.0131976
0.0792566,0.0130773
0.0798562,0.012957
0.0804558,0.0128366
0.0810555,0.0127163
0.0816551,0.012596
0.0822548,0.0124756
0.0828545,0.0123553
0.0834542,0.012235
0.0840539,0.0121146
0.0846536,0.0119943
0.0852534,0.0118739
0.0858532,0.0117535
0.086453,0.011584
0.0870528,0.0114144
0.0876526,0.0112449
0.0882525,0.0110753
0.0888524,0.0109057
0.0894522,0.0107362
0.0900522,0.0105666
0.0906521,0.010397
0.091252,0.0102274
0.091852,0.0100578
0.092452,0.00988821
0.093052,0.00971861
0.093652,0.00954899
0.0942521,0.00937938
0.0948521,0.00920975
0.0954522,0.00904013
0.0960523,0.00887049
0.0966524,0.00870086
0.0972526,0.00865164
0.0978527,0.00860243
0.0984529,0.00855321
0.0990531,0.008504
0.0996533,0.00845478
0.100253,0.00840556
0.100854,0.00835634
0.101454,0.00830711
0.102054,0.00825789
0.102655,0.00820866
0.103255,0.00815944
0.103855,0.00811021
0.104456,0.00806098
0.105056,0.00801175
0.105656,0.00796251
0.106257,0.00791328
0.106857,0.00786404
0.107458,0.00781481
0.108058,0.00776557
0.108659,0.00771633
0.109259,0.00766709
0.109859,0.00761784
0.11046,0.00761784
0.111061,0.00761784
0.111661,0.00761784
0.112262,0.00761784
0.112862,0.00761784
0.113463,0.00761784
0.114064,0.00761784
0.114664,0.00761784
0.115265,0.00761784
0.115866,0.00761784
0.116466,0.00761784
0.117067,0.00761784
0.117668,0.00761784
0.118268,0.00761784
0.118869,0.00761784
0.11947,0.00761784
0.120071,0.00761784
0.120672,0.00761784
0.121272,0.00761784
0.121873,0.00761784
0.122474,0.00761784
0.123075,0.00761784
0.123676,0.00761784
0.124277,0.00761784
0.124878,0.00761784
0.125479,0.00761784
0.12608,0.00761784
0.126681,0.00761784
0.127282,0.00761784
0.127883,0.00761784
0.128484,0.00761784
0.129085,0.00761784
0.129686,0.00761784
0.130287,0.00761784
0.130888,0.00761784
0.131489,0.00761784
0.13209,0.00761784
0.132691,0.00761784
0.133292,0.00761784
0.133893,0.00761784
0.134495,0.00761784
0.135096,0.00761784
0.135697,0.00761784
0.136298,0.00761784
0.1369,0.00761784
0.137501,0.00761784
0.138102,0.00761784
0.138703,0.00761784
0.139305,0.00761784
0.139906,0.00761784
0.140507,0.00761784
0.141109,0.00761784
0.14171,0.00761784
0.142311,0.00761784
0.142913,0.00761784
0.143514,0.00761784
0.144116,0.00761784
0.144717,0.00761784
0.145318,0.00761784
0.14592,0.00761784
0.146521,0.00761784
0.147123,0.00761784
0.147724,0.00761784
0.148326,0.00761784
0.148927,0.00761784
0.149529,0.00761784
0.150131,0.00761784
0.150732,0.00761784
0.151334,0.00761784
0.151935,0.00761784
0.152537,0.00761784
0.153139,0.00761784
0.15374,0.00761784
0.154342,0.00761784
0.154944,0.00761784
0.155545,0.00761784
0.156147,0.00761784
0.156749,0.00761784
0.157351,0.00761784
0.157952,0.00761784
0.158554,0.00761784
0.159156,0.00761784
0.159758,0.00761784
0.160359,0.00761784
0.160961,0.00761784
0.161563,0.00761784
0.162165,0.00761784
0.162767,0.00761784
0.163369,0.00761784
0.163971,0.00761784
0.164572,0.00761784
0.165174,0.00761784
0.165776,0.00761784
0.166378,0.00761784
0.16698,0.00761784
0.167582,0.00761784
0.168184,0.00761784
0.168786,0.00761784
0.169388,0.00761784
0.16999,0.00761784
0.170592,0.00761784
0.171194,0.00761784
0.171796,0.00761784
0.172398,0.00761784
0.173,0.00761784
0.173602,0.00761784
0.174205,0.00761784
0.174807,0.00761784
0.175409,0.00761784
0.176011,0.00761784
0.176613,0.0076555
0.177215,0.00769315
0.177817,0.0077308
0.17842,0.00776846
0.179022,0.00780611
0.179624,0.00784377
0.180226,0.00788143
0.180829,0.00791908
0.181431,0.00795674
0.182033,0.0079944
0.182635,0.00803206
0.183238,0.00806972
0.18384,0.00810738
0.184442,0.00814505
0.185045,0.00818271
0.185647,0.00822037
0.186249,0.00825804
0.186852,0.0082957
0.187454,0.00833337
0.188056,0.00837103
0.188659,0.0084087
0.189261,0.00844637
0.189864,0.00848404
0.190466,0.00852171
0.191069,0.00855938
0.191671,0.00859705
0.192273,0.00863472
0.192876,0.00867239
0.193478,0.00871007
0.194081,0.00874774
0.194683,0.00878541
0.195286,0.00882309
0.195888,0.00886077
0.196491,0.00889844
0.197094,0.00893612
0.197696,0.0089738
0.198299,0.00901148
0.198901,0.00904915
0.199504,0.00908683
0.200107,0.00912451
0.200709,0.0091622
0.201312,0.00919988
0.201914,0.00923756
0.202517,0.00927524
0.20312,0.00931293
0.203722,0.00935061
0.204325,0.0093883
0.204928,0.00942598
0.20553,0.00946367
0.206133,0.00950136
0.206736,0.00953905
0.207339,0.00957673
0.207941,0.00961442
0.208544,0.00965211
0.209147,0.0096898
0.20975,0.00972749
0.210352,0.00976519
0.210955,0.00980288
0.211558,0.00984057
0.212161,0.00987826
0.212764,0.00991596
0.213367,0.00995365
0.213969,0.00999135
0.214572,0.010029
0.215175,0.0100667
0.215778,0.0101044
0.216381,0.0101421
0.216984,0.0101798
0.217587,0.0102175
0.21819,0.0102552
0.218793,0.0102929
0.219395,0.0103306
0.219998,0.0103683
0.220601,0.010406
0.221204,0.0104437
0.221807,0.0104814
0.22241,0.0105191
0.223013,0.0105569
0.223616,0.0105946
0.224219,0.0106323
0.224822,0.01067
0.225425,0.0107077
0.226028,0.0107454
0.226631,0.0107831
0.227234,0.0108208
0.227837,0.0108585
0.228441,0.0108962
0.229044,0.0109339
0.229647,0.0109716
0.23025,0.0110093
0.230853,0.0110471
0.231456,0.0110848
0.232059,0.0111225
0.232662,0.0111602
0.233265,0.0111979
0.233868,0.0112356
0.234472,0.0112733
0.235075,0.011311
0.235678,0.0113488
0.236281,0.0113865
0.236884,0.0114242
0.237488,0.0114619
0.238091,0.0114996
0.238694,0.0115374
0.239297,0.0115751
0.2399,0.0116128
0.240504,0.0116505
0.241107,0.0116882
0.24171,0.0117259
0.242313,0.0117637
0.242917,0.0118014
0.24352,0.0118391
0.244123,0.0118768
0.244726,0.0119146
0.24533,0.0119523
0.245933,0.01199
0.246536,0.0120277
0.24714,0.0120655
0.247743,0.0121032
0.248346,0.0121409
0.24895,0.0121786
0.249553,0.0122164
0.250156,0.0122541
0.25076,0.0122918
0.251363,0.0123295
0.251966,0.0123673
0.25257,0.012405
0.253173,0.0124427
0.253777,0.0124805
0.25438,0.0125182
0.254983,0.0125559
0.255587,0.0125936
0.25619,0.0126314
0.256794,0.0126691
0.257397,0.0127068
0.258,0.0127446
0.258604,0.0127823
0.259207,0.01282
0.259811,0.0128578
0.260414,0.0128955
0.261018,0.0129332
0.261621,0.012971
0.262225,0.0130087
0.262828,0.0130464
0.263432,0.0130842
0.264035,0.0131219
0.264639,0.0131597
0.265242,0.0131974
0.265846,0.0132351
0.266449,0.0132729
0.267053,0.0133106
0.267656,0.0133483
0.26826,0.0133861
0.268863,0.0134238
0.269467,0.0134616
0.270071,0.0134993
0.270674,0.013537
0.271278,0.0135748
0.271881,0.0136125
0.272485,0.0136503
0.273088,0.013688
0.273692,0.0137258
0.274296,0.0137635
0.274899,0.0138012
0.275503,0.013839
0.276106,0.0138767
0.27671,0.0139145
0.277314,0.0139522
0.277917,0.01399
0.278521,0.0140277
0.279125,0.0140654
0.279728,0.0141032
0.280332,0.0141409
0.280935,0.0141787
0.281539,0.0142164
0.282143,0.0142542
0.282746,0.0142919
0.28335,0.0143297
0.283954,0.0143674
0.284557,0.0144052
0.285161,0.0144429
0.285765,0.0144807
0.286369,0.0145184
0.286972,0.0145562
0.287576,0.0145939
0.28818,0.0146317
0.288783,0.0146694
0.289387,0.0147072
0.289991,0.0147449
0.290595,0.0147827
0.291198,0.0148204
0.291802,0.0148582
0.292406,0.0148959
0.293009,0.0149337
0.293613,0.0149714
0.294217,0.0150092
0.294821,0.0150469
0.295424,0.0150847
0.296028,0.0151224
0.296632,0.0151602
0.297236,0.0151979
0.29784,0.0152357
0.298443,0.0152734
0.299047,0.0153112
0.299651,0.0153489
0.300255,0.0153867
0.300858,0.0154245
0.301462,0.0154622
0.302066,0.0155
0.30267,0.0155377
0.303274,0.0155755
0.303877,0.0156132
0.304481,0.015651
0.305085,0.0156887
0.305689,0.0157265
0.306293,0.0157643
0.306897,0.015802
0.3075,0.0158398
0.308104,0.0158775
0.308708,0.0159153
0.309312,0.015953
0.309916,0.0159908
0.310519,0.0160286
0.311123,0.0160663
0.311727,0.0161041
0.312331,0.0161418
0.312935,0.0161796
0.313539,0.0162173
0.314143,0.0162551
0.314746,0.0162929
0.31535,0.0163306
0.315954,0.0163684
0.316558,0.0164061
0.317162,0.0164439
0.317766,0.0164817
0.31837,0.0165194
0.318973,0.0165572
0.319577,0.0165949
0.320181,0.0166327
0.320785,0.0166705
0.321389,0.0167082
0.321993,0.016746
0.322597,0.0167837
0.323201,0.0168215
0.323804,0.0168593
0.324408,0.016897
0.325012,0.0169348
0.325616,0.0169725
0.32622,0.0170103
0.326824,0.0170481
0.327428,0.0170858
0.328032,0.0171236
0.328636,0.0171613
0.32924,0.0171991
0.329843,0.0172369
0.330447,0.0172746
0.331051,0.0173124
0.331655,0.0173502
0.332259,0.0173879
0.332863,0.0174257
0.333467,0.0174634
0.334071,0.0175012
0.334675,0.017539
0.335279,0.0175767
0.335882,0.0176145
0.336486,0.0176523
0.33709,0.01769
0.337694,0.0177278
0.338298,0.0177655
0.338902,0.0178033
0.339506,0.0178411
0.34011,0.0178788
0.340714,0.0179166
0.341318,0.0179544
0.341922,0.0179921
0.342526,0.0180299
0.343129,0.0180676
0.343733,0.0181054
0.344337,0.0181432
0.344941,0.0181809
0.345545,0.0182187
0.346149,0.0182565
0.346753,0.0182942
0.347368,0.018332
0.348006,0.0183711
0.348667,0.0184118
0.349353,0.0184539
0.350063,0.0184975
0.3508,0.0185427
0.351562,0.0185896
0.352352,0.0186381
0.353169,0.0186883
0.354015,0.0187403
0.35489,0.0187941
0.355796,0.0188498
0.356732,0.0189073
0.357699,0.0189668
0.358699,0.0190283
0.359732,0.0190918
0.360798,0.0191575
0.361898,0.0192252
0.363034,0.0192951
0.364204,0.0193672
0.365412,0.0194415
0.366655,0.0195181
0.367937,0.0195971
0.369256,0.0196783
0.370613,0.019762
0.372009,0.0198481
0.373444,0.0199366
0.374919,0.0200276
0.376433,0.020121
0.377988,0.020217
0.379582,0.0203154
0.381217,0.0204164
0.382893,0.0205199
0.384608,0.0206259
0.386364,0.0207345
0.38816,0.0208455
0.389996,0.0209591
0.391871,0.0210751
0.393786,0.0211936
0.395739,0.0213145
0.397729,0.0214378
0.399757,0.0215635
0.401822,0.0216914
0.403922,0.0218217
0.406057,0.0219541
0.408225,0.0220886
0.410425,0.0222252
0.412657,0.0223638
0.414918,0.0225043
0.417208,0.0226466
0.419524,0.0227906
0.421866,0.0229363
0.424231,0.0230835
0.426618,0.0232321
0.429024,0.023382
0.431449,0.023533
0.43389,0.0236852
0.436344,0.0238383
0.438811,0.0239922
0.441287,0.0241467
0.443771,0.0243018
0.44626,0.0244574
0.448753,0.0246132
0.451247,0.0247691
-0.000298318,0.0191835
0.000298318,0.0191835
0.000894966,0.0191835
0.00149164,0.0191835
0.00208834,0.0191835
0.00268506,0.0191835
0.00328181,0.0191835
0.00387858,0.0191835
0.00447538,0.0191835
0.0050722,0.0191835
0.00566905,0.0191835
0.00626592,0.0191835
0.00686282,0.0191835
0.00745974,0.0191835
0.00805669,0.0191835
0.00865366,0.0191835
0.00925066,0.0191835
0.00984768,0.0191835
0.0104447,0.0191835
0.0110418,0.0191835
0.0116389,0.0191835
0.012236,0.0191835
0.0128331,0.0191835
0.0134303,0.0191835
0.0140275,0.0191835
0.0146247,0.0191835
0.0152219,0.0191835
0.0158192,0.0191835
0.0164165,0.0191835
0.0170138,0.0191835
0.0176111,0.0191835
0.0182085,0.0191835
0.0188059,0.0191835
0.0194033,0.0191835
0.0200007,0.0191835
0.0205982,0.0191835
0.0211956,0.0191835
0.0217931,0.0191835
0.0223907,0.0191835
0.0229882,0.0191835
0.0235858,0.0191835
0.0241834,0.0191835
0.024781,0.0191835
0.0253786,0.0191835
0.0259763,0.0191835
0.026574,0.0191835
0.0271717,0.0191835
0.0277694,0.0191835
0.0283672,0.0191835
0.028965,0.0191835
0.0295628,0.0191835
0.0301606,0.0191835
0.0307585,0.0191835
0.0313563,0.0191835
0.0319542,0.0191835
0.0325521,0.0191835
0.0331501,0.0191835
0.033748,0.0191835
0.034346,0.0191835
0.034944,0.0191835
0.0355421,0.0191835
0.0361401,0.0191835
0.0367382,0.0191835
0.0373363,0.0191835
0.0379344,0.0191835
0.0385326,0.0191835
0.0391307,0.0191835
0.0397289,0.0191835
0.0403271,0.0191835
0.0409254,0.0191835
0.0415236,0.0191835
0.0421219,0.0191835
0.0427202,0.0191835
0.0433185,0.0191835
0.0439169,0.0191835
0.0445152,0.0191835
0.0451136,0.0191835
0.045712,0.0191835
0.0463105,0.0191835
0.0469089,0.0191835
0.0475074,0.0191835
0.0481059,0.0191835
0.0487044,0.0191835
0.0493029,0.0191835
0.0499015,0.0191835
0.0505001,0.0191835
0.0510987,0.0191835
0.0516973,0.0190596
0.052296,0.0189358
0.0528946,0.0188119
0.0534933,0.0186881
0.054092,0.0185642
0.0546908,0.0184404
0.0552895,0.0183165
0.0558883,0.0181926
0.0564871,0.0180687
0.0570859,0.0179448
0.0576848,0.017821
0.0582836,0.0176971
0.0588825,0.0175732
0.0594814,0.0174493
0.0600803,0.0173254
0.0606793,0.0172014
0.0612782,0.0170775
0.0618772,0.0169536
0.0624762,0.0168297
0.0630753,0.0167058
0.0636743,0.0165818
0.0642734,0.0164579
0.0648725,0.0163339
0.0654716,0.01621
0.0660707,0.0160861
0.0666698,0.0159621
0.067269,0.0158381
0.0678682,0.0157142
0.0684674,0.0155902
0.0690667,0.0154662
0.0696659,0.0153423
0.0702652,0.0152183
0.0708645,0.0150943
0.0714638,0.0149703
0.0720631,0.0148463
0.0726625,0.0147223
0.0732618,0.0145983
0.0738612,0.0144743
0.0744606,0.0143503
0.0750601,0.0142263
0.0756595,0.0141023
0.076259,0.0139783
0.0768585,0.0138543
0.077458,0.0137302
0.0780575,0.0136062
0.0786571,0.0134822
0.0792566,0.0133581
0.0798562,0.0132341
0.0804558,0.01311
0.0810555,0.012986
0.0816551,0.0128619
0.0822548,0.0127379
0.0828545,0.0126138
0.0834542,0.0124897
0.0840539,0.0123657
0.0846536,0.0122416
0.0852534,0.0121175
0.0858532,0.0119934
0.086453,0.0118217
0.0870528,0.01165
0.0876526,0.0114783
0.0882525,0.0113066
0.0888524,0.0111349
0.0894522,0.0109631
0.0900522,0.0107914
0.0906521,0.0106197
0.091252,0.0104479
0.091852,0.0102762
0.092452,0.0101044
0.093052,0.00993264
0.093652,0.00976087
0.0942521,0.0095891
0.0948521,0.00941733
0.0954522,0.00924554
0.0960523,0.00907376
0.0966524,0.00890196
0.0972526,0.00885432
0.0978527,0.00880668
0.0984529,0.00875903
0.0990531,0.00871139
0.0996533,0.00866374
0.100253,0.00861609
0.100854,0.00856844
0.101454,0.00852079
0.102054,0.00847314
0.102655,0.00842549
0.103255,0.00837783
0.103855,0.00833017
0.104456,0.00828251
0.105056,0.00823486
0.105656,0.00818719
0.106257,0.00813953
0.106857,0.00809187
0.107458,0.0080442
0.108058,0.00799654
0.108659,0.00794887
0.109259,0.0079012
0.109859,0.00785353
0.11046,0.00785353
0.111061,0.00785353
0.111661,0.00785353
0.112262,0.00785353
0.112862,0.00785353
0.113463,0.00785353
0.114064,0.00785353
0.114664,0.00785353
0.115265,0.00785353
0.115866,0.00785353
0.116466,0.00785353
0.117067,0.00785353
0.117668,0.00785353
0.118268,0.00785353
0.118869,0.00785353
0.11947,0.00785353
0.120071,0.00785353
0.120672,0.00785353
0.121272,0.00785353
0.121873,0.00785353
0.122474,0.00785353
0.123075,0.00785353
0.123676,0.00785353
0.124277,0.00785353
0.124878,0.00785353
0.125479,0.00785353
0.12608,0.00785353
0.126681,0.00785353
0.127282,0.00785353
0.127883,0.00785353
0.128484,0.00785353
0.129085,0.00785353
0.129686,0.00785353
0.130287,0.00785353
0.130888,0.00785353
0.131489,0.00785353
0.13209,0.00785353
0.132691,0.00785353
0.133292,0.00785353
0.133893,0.00785353
0.134495,0.00785353
0.135096,0.00785353
0.135697,0.00785353
0.136298,0.00785353
0.1369,0.00785353
0.137501,0.00785353
0.138102,0.00785353
0.138703,0.00785353
0.139305,0.00785353
0.139906,0.00785353
0.140507,0.00785353
0.141109,0.00785353
0.14171,0.00785353
0.142311,0.00785353
0.142913,0.00785353
0.143514,0.00785353
0.144116,0.00785353
0.144717,0.00785353
0.145318,0.00785353
0.14592,0.00785353
0.146521,0.00785353
0.147123,0.00785353
0.147724,0.00785353
0.148326,0.00785353
0.148927,0.00785353
0.149529,0.00785353
0.150131,0.00785353
0.150732,0.00785353
0.151334,0.00785353
0.151935,0.00785353
0.152537,0.00785353
0.153139,0.00785353
0.15374,0.00785353
0.154342,0.00785353
0.154944,0.00785353
0.155545,0.00785353
0.156147,0.00785353
0.156749,0.00785353
0.157351,0.00785353
0.157952,0.00785353
0.158554,0.00785353
0.159156,0.00785353
0.159758,0.00785353
0.160359,0.00785353
0.160961,0.00785353
0.161563,0.00785353
0.162165,0.00785353
0.162767,0.00785353
0.163369,0.00785353
0.163971,0.00785353
0.164572,0.00785353
0.165174,0.00785353
0.165776,0.00785353
0.166378,0.00785353
0.16698,0.00785353
0.167582,0.00785353
0.168184,0.00785353
0.168786,0.00785353
0.169388,0.00785353
0.16999,0.00785353
0.170592,0.00785353
0.171194,0.00785353
0.171796,0.00785353
0.172398,0.00785353
0.173,0.00785353
0.173602,0.00785353
0.174205,0.00785353
0.174807,0.00785353
0.175409,0.00785353
0.176011,0.00785353
0.176613,0.00789234
0.177215,0.00793116
0.177817,0.00796998
0.17842,0.0080088
0.179022,0.00804762
0.179624,0.00808644
0.180226,0.00812526
0.180829,0.00816409
0.181431,0.00820291
0.182033,0.00824173
0.182635,0.00828056
0.183238,0.00831939
0.18384,0.00835821
0.184442,0.00839704
0.185045,0.00843587
0.185647,0.0084747
0.186249,0.00851353
0.186852,0.00855236
0.187454,0.00859119
0.188056,0.00863002
0.188659,0.00866885
0.189261,0.00870769
0.189864,0.00874652
0.190466,0.00878536
0.191069,0.00882419
0.191671,0.00886303
0.192273,0.00890187
0.192876,0.0089407
0.193478,0.00897954
0.194081,0.00901838
0.194683,0.00905722
0.195286,0.00909606
0.195888,0.0091349
0.196491,0.00917374
0.197094,0.00921259
0.197696,0.00925143
0.198299,0.00929028
0.198901,0.00932912
0.199504,0.00936797
0.200107,0.00940681
0.200709,0.00944566
0.201312,0.00948451
0.201914,0.00952336
0.202517,0.00956221
0.20312,0.00960106
0.203722,0.00963991
0.204325,0.00967876
0.204928,0.00971761
0.20553,0.00975646
0.206133,0.00979531
0.206736,0.00983417
0.207339,0.00987302
0.207941,0.00991188
0.208544,0.00995073
0.209147,0.00998959
0.20975,0.0100284
0.210352,0.0100673
0.210955,0.0101062
0.211558,0.010145
0.212161,0.0101839
0.212764,0.0102227
0.213367,0.0102616
0.213969,0.0103005
0.214572,0.0103393
0.215175,0.0103782
0.215778,0.0104171
0.216381,0.0104559
0.216984,0.0104948
0.217587,0.0105336
0.21819,0.0105725
0.218793,0.0106114
0.219395,0.0106502
0.219998,0.0106891
0.220601,0.010728
0.221204,0.0107669
0.221807,0.0108057
0.22241,0.0108446
0.223013,0.0108835
0.223616,0.0109223
0.224219,0.0109612
0.224822,0.0110001
0.225425,0.011039
0.226028,0.0110778
0.226631,0.0111167
0.227234,0.0111556
0.227837,0.0111944
0.228441,0.0112333
0.229044,0.0112722
0.229647,0.0113111
0.23025,0.01135
0.230853,0.0113888
0.231456,0.0114277
0.232059,0.0114666
0.232662,0.0115055
0.233265,0.0115444
0.233868,0.0115832
0.234472,0.0116221
0.235075,0.011661
0.235678,0.0116999
0.236281,0.0117388
0.236884,0.0117776
0.237488,0.0118165
0.238091,0.0118554
0.238694,0.0118943
0.239297,0.0119332
0.2399,0.0119721
0.240504,0.012011
0.241107,0.0120498
0.24171,0.0120887
0.242313,0.0121276
0.242917,0.0121665
0.24352,0.0122054
0.244123,0.0122443
0.244726,0.0122832
0.24533,0.0123221
0.245933,0.012361
0.246536,0.0123998
0.24714,0.0124387
0.247743,0.0124776
0.248346,0.0125165
0.24895,0.0125554
0.249553,0.0125943
0.250156,0.0126332
0.25076,0.0126721
0.251363,0.012711
0.251966,0.0127499
0.25257,0.0127888
0.253173,0.0128277
0.253777,0.0128666
0.25438,0.0129055
0.254983,0.0129444
0.255587,0.0129833
0.25619,0.0130222
0.256794,0.0130611
0.257397,0.0131
0.258,0.0131389
0.258604,0.0131778
0.259207,0.0132167
0.259811,0.0132556
0.260414,0.0132945
0.261018,0.0133334
0.261621,0.0133723
0.262225,0.0134112
0.262828,0.0134501
0.263432,0.013489
0.264035,0.0135279
0.264639,0.0135668
0.265242,0.0136057
0.265846,0.0136446
0.266449,0.0136835
0.267053,0.0137224
0.267656,0.0137613
0.26826,0.0138002
0.268863,0.0138391
0.269467,0.013878
0.270071,0.013917
0.270674,0.0139559
0.271278,0.0139948
0.271881,0.0140337
0.272485,0.0140726
0.273088,0.0141115
0.273692,0.0141504
0.274296,0.0141893
0.274899,0.0142282
0.275503,0.0142671
0.276106,0.014306
0.27671,0.014345
0.277314,0.0143839
0.277917,0.0144228
0.278521,0.0144617
0.279125,0.0145006
0.279728,0.0145395
0.280332,0.0145784
0.280935,0.0146174
0.281539,0.0146563
0.282143,0.0146952
0.282746,0.0147341
0.28335,0.014773
0.283954,0.0148119
0.284557,0.0148508
0.285161,0.0148898
0.285765,0.0149287
0.286369,0.0149676
0.286972,0.0150065
0.287576,0.0150454
0.28818,0.0150843
0.288783,0.0151233
0.289387,0.0151622
0.289991,0.0152011
0.290595,0.01524
0.291198,0.0152789
0.291802,0.0153179
0.292406,0.0153568
0.293009,0.0153957
0.293613,0.0154346
0.294217,0.0154735
0.294821,0.0155125
0.295424,0.0155514
0.296028,0.0155903
0.296632,0.0156292
0.297236,0.0156681
0.29784,0.0157071
0.298443,0.015746
0.299047,0.0157849
0.299651,0.0158238
0.300255,0.0158627
0.300858,0.0159017
0.301462,0.0159406
0.302066,0.0159795
0.30267,0.0160184
0.303274,0.0160574
0.303877,0.0160963
0.304481,0.0161352
0.305085,0.0161741
0.305689,0.0162131
0.306293,0.016252
0.306897,0.0162909
0.3075,0.0163298
0.308104,0.0163688
0.308708,0.0164077
0.309312,0.0164466
0.309916,0.0164855
0.310519,0.0165245
0.311123,0.0165634
0.311727,0.0166023
0.312331,0.0166412
0.312935,0.0166802
0.313539,0.0167191
0.314143,0.016758
0.314746,0.0167969
0.31535,0.0168359
0.315954,0.0168748
0.316558,0.0169137
0.317162,0.0169526
0.317766,0.0169916
0.31837,0.0170305
0.318973,0.0170694
0.319577,0.0171084
0.320181,0.0171473
0.320785,0.0171862
0.321389,0.0172251
0.321993,0.0172641
0.322597,0.017303
0.323201,0.0173419
0.323804,0.0173809
0.324408,0.0174198
0.325012,0.0174587
0.325616,0.0174976
0.32622,0.0175366
0.326824,0.0175755
0.327428,0.0176144
0.328032,0.0176534
0.328636,0.0176923
0.32924,0.0177312
0.329843,0.0177702
0.330447,0.0178091
0.331051,0.017848
0.331655,0.0178869
0.332259,0.0179259
0.332863,0.0179648
0.333467,0.0180037
0.334071,0.0180427
0.334675,0.0180816
0.335279,0.0181205
0.335882,0.0181595
0.336486,0.0181984
0.33709,0.0182373
0.337694,0.0182762
0.338298,0.0183152
0.338902,0.0183541
0.339506,0.018393
0.34011,0.018432
0.340714,0.0184709
0.341318,0.0185098
0.341922,0.0185488
0.342526,0.0185877
0.343129,0.0186266
0.343733,0.0186656
0.344337,0.0187045
0.344941,0.0187434
0.345545,0.0187823
0.346149,0.0188213
0.346753,0.0188602
0.347368,0.0188991
0.348006,0.0189395
0.348667,0.0189814
0.349353,0.0190248
0.350063,0.0190698
0.3508,0.0191164
0.351562,0.0191647
0.352352,0.0192147
0.353169,0.0192665
0.354015,0.0193201
0.35489,0.0193756
0.355796,0.0194329
0.356732,0.0194923
0.357699,0.0195536
0.358699,0.019617
0.359732,0.0196825
0.360798,0.0197502
0.361898,0.01982
0.363034,0.019892
0.364204,0.0199664
0.365412,0.020043
0.366655,0.020122
0.367937,0.0202034
0.369256,0.0202872
0.370613,0.0203734
0.372009,0.0204622
0.373444,0.0205534
0.374919,0.0206472
0.376433,0.0207435
0.377988,0.0208424
0.379582,0.0209439
0.381217,0.021048
0.382893,0.0211547
0.384608,0.021264
0.386364,0.0213759
0.38816,0.0214904
0.389996,0.0216075
0.391871,0.0217271
0.393786,0.0218493
0.395739,0.0219739
0.397729,0.0221011
0.399757,0.0222306
0.401822,0.0223625
0.403922,0.0224968
0.406057,0.0226333
0.408225,0.022772
0.410425,0.0229128
0.412657,0.0230557
0.414918,0.0232005
0.417208,0.0233473
0.419524,0.0234957
0.421866,0.0236459
0.424231,0.0237976
0.426618,0.0239508
0.429024,0.0241054
0.431449,0.0242611
0.43389,0.024418
0.436344,0.0245758
0.438811,0.0247344
0.441287,0.0248938
0.443771,0.0250537
0.44626,0.025214
0.448753,0.0253747
0.451247,0.0255354
-0.000298318,0.0196391
0.000298318,0.0196391
0.000894966,0.0196391
0.00149164,0.0196391
0.00208834,0.0196391
0.00268506,0.0196391
0.00328181,0.0196391
0.00387858,0.0196391
0.00447538,0.0196391
0.0050722,0.0196391
0.00566905,0.0196391
0.00626592,0.0196391
0.00686282,0.0196391
0.00745974,0.0196391
0.00805669,0.0196391
0.00865366,0.0196391
0.00925066,0.0196391
0.00984768,0.0196391
0.0104447,0.0196391
0.0110418,0.0196391
0.0116389,0.0196391
0.012236,0.0196391
0.0128331,0.0196391
0.0134303,0.0196391
0.0140275,0.0196391
0.0146247,0.0196391
0.0152219,0.0196391
0.0158192,0.0196391
0.0164165,0.0196391
0.0170138,0.0196391
0.0176111,0.0196391
0.0182085,0.0196391
0.0188059,0.0196391
0.0194033,0.0196391
0.0200007,0.0196391
0.0205982,0.0196391
0.0211956,0.0196391
0.0217931,0.0196391
0.0223907,0.0196391
0.0229882,0.0196391
0.0235858,0.0196391
0.0241834,0.0196391
0.024781,0.0196391
0.0253786,0.0196391
0.0259763,0.0196391
0.026574,0.0196391
0.0271717,0.0196391
0.0277694,0.0196391
0.0283672,0.0196391
0.028965,0.0196391
0.0295628,0.0196391
0.0301606,0.0196391
0.0307585,0.0196391
0.0313563,0.0196391
0.0319542,0.0196391
0.0325521,0.0196391
0.0331501,0.0196391
0.033748,0.0196391
0.034346,0.0196391
0.034944,0.0196391
0.0355421,0.0196391
0.0361401,0.0196391
0.0367382,0.0196391
0.0373363,0.0196391
0.0379344,0.0196391
0.0385326,0.0196391
0.0391307,0.0196391
0.0397289,0.0196391
0.0403271,0.0196391
0.0409254,0.0196391
0.0415236,0.0196391
0.0421219,0.0196391
0.0427202,0.0196391
0.0433185,0.0196391
0.0439169,0.0196391
0.0445152,0.0196391
0.0451136,0.0196391
0.045712,0.0196391
0.0463105,0.0196391
0.0469089,0.0196391
0.0475074,0.0196391
0.0481059,0.0196391
0.0487044,0.0196391
0.0493029,0.0196391
0.0499015,0.0196391
0.0505001,0.0196391
0.0510987,0.0196391
0.0516973,0.0195116
0.052296,0.019384
0.0528946,0.0192564
0.0534933,0.0191288
0.054092,0.0190013
0.0546908,0.0188737
0.0552895,0.0187461
0.0558883,0.0186185
0.0564871,0.0184909
0.0570859,0.0183633
0.0576848,0.0182357
0.0582836,0.0181081
0.0588825,0.0179805
0.0594814,0.0178529
0.0600803,0.0177252
0.0606793,0.0175976
0.0612782,0.01747
0.0618772,0.0173423
0.0624762,0.0172147
0.0630753,0.017087
0.0636743,0.0169594
0.0642734,0.0168317
0.0648725,0.0167041
0.0654716,0.0165764
0.0660707,0.0164487
0.0666698,0.0163211
0.067269,0.0161934
0.0678682,0.0160657
0.0684674,0.015938
0.0690667,0.0158103
0.0696659,0.0156826
0.0702652,0.0155549
0.0708645,0.0154272
0.0714638,0.0152995
0.0720631,0.0151718
0.0726625,0.0150441
0.0732618,0.0149164
0.0738612,0.0147887
0.0744606,0.0146609
0.0750601,0.0145332
0.0756595,0.0144055
0.076259,0.0142777
0.0768585,0.01415
0.077458,0.0140222
0.0780575,0.0138945
0.0786571,0.0137667
0.0792566,0.0136389
0.0798562,0.0135112
0.0804558,0.0133834
0.0810555,0.0132556
0.0816551,0.0131279
0.0822548,0.0130001
0.0828545,0.0128723
0.0834542,0.0127445
0.0840539,0.0126167
0.0846536,0.0124889
0.0852534,0.0123611
0.0858532,0.0122333
0.086453,0.0120594
0.0870528,0.0118856
0.0876526,0.0117117
0.0882525,0.0115378
0.0888524,0.011364
0.0894522,0.0111901
0.0900522,0.0110162
0.0906521,0.0108423
0.091252,0.0106684
0.091852,0.0104945
0.092452,0.0103206
0.093052,0.0101467
0.093652,0.00997274
0.0942521,0.00979882
0.0948521,0.00962489
0.0954522,0.00945095
0.0960523,0.00927701
0.0966524,0.00910306
0.0972526,0.00905699
0.0978527,0.00901092
0.0984529,0.00896485
0.0990531,0.00891877
0.0996533,0.0088727
0.100253,0.00882662
0.100854,0.00878054
0.101454,0.00873446
0.102054,0.00868838
0.102655,0.0086423
0.103255,0.00859621
0.103855,0.00855013
0.104456,0.00850404
0.105056,0.00845795
0.105656,0.00841186
0.106257,0.00836577
0.106857,0.00831968
0.107458,0.00827359
0.108058,0.00822749
0.108659,0.0081814
0.109259,0.0081353
0.109859,0.0080892
0.11046,0.0080892
0.111061,0.0080892
0.111661,0.0080892
0.112262,0.0080892
0.112862,0.0080892
0.113463,0.0080892
0.114064,0.0080892
0.114664,0.0080892
0.115265,0.0080892
0.115866,0.0080892
0.116466,0.0080892
0.117067,0.0080892
0.117668,0.0080892
0.118268,0.0080892
0.118869,0.0080892
0.11947,0.0080892
0.120071,0.0080892
0.120672,0.0080892
0.121272,0.0080892
0.121873,0.0080892
0.122474,0.0080892
0.123075,0.0080892
0.123676,0.0080892
0.124277,0.0080892
0.124878,0.0080892
0.125479,0.0080892
0.12608,0.0080892
0.126681,0.0080892
0.127282,0.0080892
0.127883,0.0080892
0.128484,0.0080892
0.129085,0.0080892
0.129686,0.0080892
0.130287,0.0080892
0.130888,0.0080892
0.131489,0.0080892
0.13209,0.0080892
0.132691,0.0080892
0.133292,0.0080892
0.133893,0.0080892
0.134495,0.0080892
0.135096,0.0080892
0.135697,0.0080892
0.136298,0.0080892
0.1369,0.0080892
0.137501,0.0080892
0.138102,0.0080892
0.138703,0.0080892
0.139305,0.0080892
0.139906,0.0080892
0.140507,0.0080892
0.141109,0.0080892
0.14171,0.0080892
0.142311,0.0080892
0.142913,0.0080892
0.143514,0.0080892
0.144116,0.0080892
0.144717,0.0080892
0.145318,0.0080892
0.14592,0.0080892
0.146521,0.0080892
0.147123,0.0080892
0.147724,0.0080892
0.148326,0.0080892
0.148927,0.0080892
0.149529,0.0080892
0.150131,0.0080892
0.150732,0.0080892
0.151334,0.0080892
0.151935,0.0080892
0.152537,0.0080892
0.153139,0.0080892
0.15374,0.0080892
0.154342,0.0080892
0.154944,0.0080892
0.155545,0.0080892
0.156147,0.0080892
0.156749,0.0080892
0.157351,0.0080892
0.157952,0.0080892
0.158554,0.0080892
0.159156,0.0080892
0.159758,0.0080892
0.160359,0.0080892
0.160961,0.0080892
0.161563,0.0080892
0.162165,0.0080892
0.162767,0.0080892
0.163369,0.0080892
0.163971,0.0080892
0.164572,0.0080892
0.165174,0.0080892
0.165776,0.0080892
0.166378,0.0080892
0.16698,0.0080892
0.167582,0.0080892
0.168184,0.0080892
0.168786,0.0080892
0.169388,0.0080892
0.16999,0.0080892
0.170592,0.0080892
0.171194,0.0080892
0.171796,0.0080892
0.172398,0.0080892
0.173,0.0080892
0.173602,0.0080892
0.174205,0.0080892
0.174807,0.0080892
0.175409,0.0080892
0.176011,0.0080892
0.176613,0.00812918
0.177215,0.00816916
0.177817,0.00820915
0.17842,0.00824913
0.179022,0.00828912
0.179624,0.0083291
0.180226,0.00836909
0.180829,0.00840908
0.181431,0.00844907
0.182033,0.00848906
0.182635,0.00852905
0.183238,0.00856904
0.18384,0.00860903
0.184442,0.00864902
0.185045,0.00868902
0.185647,0.00872901
0.186249,0.008769
0.186852,0.008809
0.187454,0.008849
0.188056,0.00888899
0.188659,0.00892899
0.189261,0.00896899
0.189864,0.00900899
0.190466,0.00904899
0.191069,0.00908899
0.191671,0.00912899
0.192273,0.009169
0.192876,0.009209
0.193478,0.009249
0.194081,0.00928901
0.194683,0.00932901
0.195286,0.00936902
0.195888,0.00940903
0.196491,0.00944903
0.197094,0.00948904
0.197696,0.00952905
0.198299,0.00956906
0.198901,0.00960907
0.199504,0.00964908
0.200107,0.0096891
0.200709,0.00972911
0.201312,0.00976912
0.201914,0.00980914
0.202517,0.00984915
0.20312,0.00988917
0.203722,0.00992918
0.204325,0.0099692
0.204928,0.0100092
0.20553,0.0100492
0.206133,0.0100893
0.206736,0.0101293
0.207339,0.0101693
0.207941,0.0102093
0.208544,0.0102493
0.209147,0.0102894
0.20975,0.0103294
0.210352,0.0103694
0.210955,0.0104094
0.211558,0.0104495
0.212161,0.0104895
0.212764,0.0105295
0.213367,0.0105695
0.213969,0.0106096
0.214572,0.0106496
0.215175,0.0106896
0.215778,0.0107297
0.216381,0.0107697
0.216984,0.0108097
0.217587,0.0108497
0.21819,0.0108898
0.218793,0.0109298
0.219395,0.0109698
0.219998,0.0110099
0.220601,0.0110499
0.221204,0.0110899
0.221807,0.01113
0.22241,0.01117
0.223013,0.0112101
0.223616,0.0112501
0.224219,0.0112901
0.224822,0.0113302
0.225425,0.0113702
0.226028,0.0114103
0.226631,0.0114503
0.227234,0.0114903
0.227837,0.0115304
0.228441,0.0115704
0.229044,0.0116105
0.229647,0.0116505
0.23025,0.0116906
0.230853,0.0117306
0.231456,0.0117706
0.232059,0.0118107
0.232662,0.0118507
0.233265,0.0118908
0.233868,0.0119308
0.234472,0.0119709
0.235075,0.0120109
0.235678,0.012051
0.236281,0.012091
0.236884,0.0121311
0.237488,0.0121711
0.238091,0.0122112
0.238694,0.0122512
0.239297,0.0122913
0.2399,0.0123313
0.240504,0.0123714
0.241107,0.0124114
0.24171,0.0124515
0.242313,0.0124915
0.242917,0.0125316
0.24352,0.0125717
0.244123,0.0126117
0.244726,0.0126518
0.24533,0.0126918
0.245933,0.0127319
0.246536,0.0127719
0.24714,0.012812
0.247743,0.0128521
0.248346,0.0128921
0.24895,0.0129322
0.249553,0.0129722
0.250156,0.0130123
0.25076,0.0130524
0.251363,0.0130924
0.251966,0.0131325
0.25257,0.0131726
0.253173,0.0132126
0.253777,0.0132527
0.25438,0.0132928
0.254983,0.0133328
0.255587,0.0133729
0.25619,0.0134129
0.256794,0.013453
0.257397,0.0134931
0.258,0.0135331
0.258604,0.0135732
0.259207,0.0136133
0.259811,0.0136534
0.260414,0.0136934
0.261018,0.0137335
0.261621,0.0137736
0.262225,0.0138136
0.262828,0.0138537
0.263432,0.0138938
0.264035,0.0139338
0.264639,0.0139739
0.265242,0.014014
0.265846,0.0140541
0.266449,0.0140941
0.267053,0.0141342
0.267656,0.0141743
0.26826,0.0142144
0.268863,0.0142544
0.269467,0.0142945
0.270071,0.0143346
0.270674,0.0143747
0.271278,0.0144147
0.271881,0.0144548
0.272485,0.0144949
0.273088,0.014535
0.273692,0.014575
0.274296,0.0146151
0.274899,0.0146552
0.275503,0.0146953
0.276106,0.0147354
0.27671,0.0147754
0.277314,0.0148155
0.277917,0.0148556
0.278521,0.0148957
0.279125,0.0149358
0.279728,0.0149758
0.280332,0.0150159
0.280935,0.015056
0.281539,0.0150961
0.282143,0.0151362
0.282746,0.0151762
0.28335,0.0152163
0.283954,0.0152564
0.284557,0.0152965
0.285161,0.0153366
0.285765,0.0153767
0.286369,0.0154167
0.286972,0.0154568
0.287576,0.0154969
0.28818,0.015537
0.288783,0.0155771
0.289387,0.0156172
0.289991,0.0156573
0.290595,0.0156973
0.291198,0.0157374
0.291802,0.0157775
0.292406,0.0158176
0.293009,0.0158577
0.293613,0.0158978
0.294217,0.0159379
0.294821,0.015978
0.295424,0.016018
0.296028,0.0160581
0.296632,0.0160982
0.297236,0.0161383
0.29784,0.0161784
0.298443,0.0162185
0.299047,0.0162586
0.299651,0.0162987
0.300255,0.0163388
0.300858,0.0163788
0.301462,0.0164189
0.302066,0.016459
0.30267,0.0164991
0.303274,0.0165392
0.303877,0.0165793
0.304481,0.0166194
0.305085,0.0166595
0.305689,0.0166996
0.306293,0.0167397
0.306897,0.0167798
0.3075,0.0168199
0.308104,0.01686
0.308708,0.0169
0.309312,0.0169401
0.309916,0.0169802
0.310519,0.0170203
0.311123,0.0170604
0.311727,0.0171005
0.312331,0.0171406
0.312935,0.0171807
0.313539,0.0172208
0.314143,0.0172609
0.314746,0.017301
0.31535,0.0173411
0.315954,0.0173812
0.316558,0.0174213
0.317162,0.0174614
0.317766,0.0175015
0.31837,0.0175416
0.318973,0.0175817
0.319577,0.0176218
0.320181,0.0176619
0.320785,0.0177019
0.321389,0.017742
0.321993,0.0177821
0.322597,0.0178222
0.323201,0.0178623
0.323804,0.0179024
0.324408,0.0179425
0.325012,0.0179826
0.325616,0.0180227
0.32622,0.0180628
0.326824,0.0181029
0.327428,0.018143
0.328032,0.0181831
0.328636,0.0182232
0.32924,0.0182633
0.329843,0.0183034
0.330447,0.0183435
0.331051,0.0183836
0.331655,0.0184237
0.332259,0.0184638
0.332863,0.0185039
0.333467,0.018544
0.334071,0.0185841
0.334675,0.0186242
0.335279,0.0186643
0.335882,0.0187044
0.336486,0.0187445
0.33709,0.0187846
0.337694,0.0188247
0.338298,0.0188648
0.338902,0.0189049
0.339506,0.018945
0.34011,0.0189851
0.340714,0.0190252
0.341318,0.0190653
0.341922,0.0191054
0.342526,0.0191455
0.343129,0.0191856
0.343733,0.0192257
0.344337,0.0192658
0.344941,0.0193059
0.345545,0.019346
0.346149,0.0193861
0.346753,0.0194262
0.347368,0.0194663
0.348006,0.0195079
0.348667,0.019551
0.349353,0.0195957
0.350063,0.019642
0.3508,0.0196901
0.351562,0.0197398
0.352352,0.0197913
0.353169,0.0198447
0.354015,0.0198999
0.35489,0.019957
0.355796,0.0200161
0.356732,0.0200772
0.357699,0.0201404
0.358699,0.0202057
0.359732,0.0202732
0.360798,0.0203428
0.361898,0.0204147
0.363034,0.020489
0.364204,0.0205655
0.365412,0.0206445
0.366655,0.0207258
0.367937,0.0208096
0.369256,0.0208959
0.370613,0.0209848
0.372009,0.0210762
0.373444,0.0211702
0.374919,0.0212668
0.376433,0.021366
0.377988,0.0214679
0.379582,0.0215724
0.381217,0.0216797
0.382893,0.0217896
0.384608,0.0219021
0.386364,0.0220174
0.38816,0.0221353
0.389996,0.0222559
0.391871,0.0223791
0.393786,0.0225049
0.395739,0.0226333
0.397729,0.0227643
0.399757,0.0228977
0.401822,0.0230336
0.403922,0.0231719
0.406057,0.0233125
0.408225,0.0234554
0.410425,0.0236004
0.412657,0.0237476
0.414918,0.0238968
0.417208,0.0240479
0.419524,0.0242008
0.421866,0.0243555
0.424231,0.0245118
0.426618,0.0246696
0.429024,0.0248287
0.431449,0.0249892
0.43389,0.0251507
0.436344,0.0253133
0.438811,0.0254767
0.441287,0.0256408
0.443771,0.0258055
0.44626,0.0259707
0.448753,0.0261361
0.451247,0.0263017
-0.000298318,0.0200947
0.000298318,0.0200947
0.000894966,0.0200947
0.00149164,0.0200947
0.00208834,0.0200947
0.00268506,0.0200947
0.00328181,0.0200947
0.00387858,0.0200947
0.00447538,0.0200947
0.0050722,0.0200947
0.00566905,0.0200947
0.00626592,0.0200947
0.00686282,0.0200947
0.00745974,0.0200947
0.00805669,0.0200947
0.00865366,0.0200947
0.00925066,0.0200947
0.00984768,0.0200947
0.0104447,0.0200947
0.0110418,0.0200947
0.0116389,0.0200947
0.012236,0.0200947
0.0128331,0.0200947
0.0134303,0.0200947
0.0140275,0.0200947
0.0146247,0.0200947
0.0152219,0.0200947
0.0158192,0.0200947
0.0164165,0.0200947
0.0170138,0.0200947
0.0176111,0.0200947
0.0182085,0.0200947
0.0188059,0.0200947
0.0194033,0.0200947
0.0200007,0.0200947
0.0205982,0.0200947
0.0211956,0.0200947
0.0217931,0.0200947
0.0223907,0.0200947
0.0229882,0.0200947
0.0235858,0.0200947
0.0241834,0.0200947
0.024781,0.0200947
0.0253786,0.0200947
0.0259763,0.0200947
0.026574,0.0200947
0.0271717,0.0200947
0.0277694,0.0200947
0.0283672,0.0200947
0.028965,0.0200947
0.0295628,0.0200947
0.0301606,0.0200947
0.0307585,0.0200947
0.0313563,0.0200947
0.0319542,0.0200947
0.0325521,0.0200947
0.0331501,0.0200947
0.033748,0.0200947
0.034346,0.0200947
0.034944,0.0200947
0.0355421,0.0200947
0.0361401,0.0200947
0.0367382,0.0200947
0.0373363,0.0200947
0.0379344,0.0200947
0.0385326,0.0200947
0.0391307,0.0200947
0.0397289,0.0200947
0.0403271,0.0200947
0.0409254,0.0200947
0.0415236,0.0200947
0.0421219,0.0200947
0.0427202,0.0200947
0.0433185,0.0200947
0.0439169,0.0200947
0.0445152,0.0200947
0.0451136,0.0200947
0.045712,0.0200947
0.0463105,0.0200947
0.0469089,0.0200947
0.0475074,0.0200947
0.0481059,0.0200947
0.0487044,0.0200947
0.0493029,0.0200947
0.0499015,0.0200947
0.0505001,0.0200947
0.0510987,0.0200947
0.0516973,0.0199634
0.052296,0.0198322
0.0528946,0.0197009
0.0534933,0.0195696
0.054092,0.0194383
0.0546908,0.019307
0.0552895,0.0191757
0.0558883,0.0190444
0.0564871,0.0189131
0.0570859,0.0187817
0.0576848,0.0186504
0.0582836,0.0185191
0.0588825,0.0183877
0.0594814,0.0182564
0.0600803,0.0181251
0.0606793,0.0179937
0.0612782,0.0178624
0.0618772,0.017731
0.0624762,0.0175997
0.0630753,0.0174683
0.0636743,0.0173369
0.0642734,0.0172055
0.0648725,0.0170742
0.0654716,0.0169428
0.0660707,0.0168114
0.0666698,0.01668
0.067269,0.0165486
0.0678682,0.0164172
0.0684674,0.0162858
0.0690667,0.0161544
0.0696659,0.016023
0.0702652,0.0158916
0.0708645,0.0157601
0.0714638,0.0156287
0.0720631,0.0154973
0.0726625,0.0153658
0.0732618,0.0152344
0.0738612,0.0151029
0.0744606,0.0149715
0.0750601,0.01484
0.0756595,0.0147086
0.076259,0.0145771
0.0768585,0.0144457
0.077458,0.0143142
0.0780575,0.0141827
0.0786571,0.0140512
0.0792566,0.0139197
0.0798562,0.0137883
0.0804558,0.0136568
0.0810555,0.0135253
0.0816551,0.0133938
0.0822548,0.0132623
0.0828545,0.0131308
0.0834542,0.0129992
0.0840539,0.0128677
0.0846536,0.0127362
0.0852534,0.0126047
0.0858532,0.0124731
0.086453,0.0122971
0.0870528,0.0121211
0.0876526,0.0119451
0.0882525,0.0117691
0.0888524,0.011593
0.0894522,0.011417
0.0900522,0.011241
0.0906521,0.0110649
0.091252,0.0108889
0.091852,0.0107128
0.092452,0.0105367
0.093052,0.0103607
0.093652,0.0101846
0.0942521,0.0100085
0.0948521,0.00983243
0.0954522,0.00965634
0.0960523,0.00948024
0.0966524,0.00930414
0.0972526,0.00925964
0.0978527,0.00921514
0.0984529,0.00917064
0.0990531,0.00912614
0.0996533,0.00908163
0.100253,0.00903713
0.100854,0.00899262
0.101454,0.00894811
0.102054,0.0089036
0.102655,0.00885909
0.103255,0.00881458
0.103855,0.00877006
0.104456,0.00872555
0.105056,0.00868103
0.105656,0.00863651
0.106257,0.00859199
0.106857,0.00854747
0.107458,0.00850295
0.108058,0.00845843
0.108659,0.0084139
0.109259,0.00836938
0.109859,0.00832485
0.11046,0.00832485
0.111061,0.00832485
0.111661,0.00832485
0.112262,0.00832485
0.112862,0.00832485
0.113463,0.00832485
0.114064,0.00832485
0.114664,0.00832485
0.115265,0.00832485
0.115866,0.00832485
0.116466,0.00832485
0.117067,0.00832485
0.117668,0.00832485
0.118268,0.00832485
0.118869,0.00832485
0.11947,0.00832485
0.120071,0.00832485
0.120672,0.00832485
0.121272,0.00832485
0.121873,0.00832485
0.122474,0.00832485
0.123075,0.00832485
0.123676,0.00832485
0.124277,0.00832485
0.124878,0.00832485
0.125479,0.00832485
0.12608,0.00832485
0.126681,0.00832485
0.127282,0.00832485
0.127883,0.00832485
0.128484,0.00832485
0.129085,0.00832485
0.129686,0.00832485
0.130287,0.00832485
0.130888,0.00832485
0.131489,0.00832485
0.13209,0.00832485
0.132691,0.00832485
0.133292,0.00832485
0.133893,0.00832485
0.134495,0.00832485
0.135096,0.00832485
0.135697,0.00832485
0.136298,0.00832485
0.1369,0.00832485
0.137501,0.00832485
0.138102,0.00832485
0.138703,0.00832485
0.139305,0.00832485
0.139906,0.00832485
0.140507,0.00832485
0.141109,0.00832485
0.14171,0.00832485
0.142311,0.00832485
0.142913,0.00832485
0.143514,0.00832485
0.144116,0.00832485
0.144717,0.00832485
0.145318,0.00832485
0.14592,0.00832485
0.146521,0.00832485
0.147123,0.00832485
0.147724,0.00832485
0.148326,0.00832485
0.148927,0.00832485
0.149529,0.00832485
0.150131,0.00832485
0.150732,0.00832485
0.151334,0.00832485
0.151935,0.00832485
0.152537,0.00832485
0.153139,0.00832485
0.15374,0.00832485
0.154342,0.00832485
0.154944,0.00832485
0.155545,0.00832485
0.156147,0.00832485
0.156749,0.00832485
0.157351,0.00832485
0.157952,0.00832485
0.158554,0.00832485
0.159156,0.00832485
0.159758,0.00832485
0.160359,0.00832485
0.160961,0.00832485
0.161563,0.00832485
0.162165,0.00832485
0.162767,0.00832485
0.163369,0.00832485
0.163971,0.00832485
0.164572,0.00832485
0.165174,0.00832485
0.165776,0.00832485
0.166378,0.00832485
0.16698,0.00832485
0.167582,0.00832485
0.168184,0.00832485
0.168786,0.00832485
0.169388,0.00832485
0.16999,0.00832485
0.170592,0.00832485
0.171194,0.00832485
0.171796,0.00832485
0.172398,0.00832485
0.173,0.00832485
0.173602,0.00832485
0.174205,0.00832485
0.174807,0.00832485
0.175409,0.00832485
0.176011,0.00832485
0.176613,0.008366
0.177215,0.00840715
0.177817,0.00844829
0.17842,0.00848944
0.179022,0.0085306
0.179624,0.00857175
0.180226,0.0086129
0.180829,0.00865405
0.181431,0.0086952
0.182033,0.00873636
0.182635,0.00877751
0.183238,0.00881867
0.18384,0.00885983
0.184442,0.00890098
0.185045,0.00894214
0.185647,0.0089833
0.186249,0.00902446
0.186852,0.00906562
0.187454,0.00910678
0.188056,0.00914795
0.188659,0.00918911
0.189261,0.00923027
0.189864,0.00927144
0.190466,0.0093126
0.191069,0.00935377
0.191671,0.00939494
0.192273,0.00943611
0.192876,0.00947727
0.193478,0.00951844
0.194081,0.00955961
0.194683,0.00960078
0.195286,0.00964196
0.195888,0.00968313
0.196491,0.0097243
0.197094,0.00976548
0.197696,0.00980665
0.198299,0.00984783
0.198901,0.009889
0.199504,0.00993018
0.200107,0.00997136
0.200709,0.0100125
0.201312,0.0100537
0.201914,0.0100949
0.202517,0.0101361
0.20312,0.0101773
0.203722,0.0102184
0.204325,0.0102596
0.204928,0.0103008
0.20553,0.010342
0.206133,0.0103832
0.206736,0.0104244
0.207339,0.0104655
0.207941,0.0105067
0.208544,0.0105479
0.209147,0.0105891
0.20975,0.0106303
0.210352,0.0106715
0.210955,0.0107127
0.211558,0.0107539
0.212161,0.0107951
0.212764,0.0108363
0.213367,0.0108774
0.213969,0.0109186
0.214572,0.0109598
0.215175,0.011001
0.215778,0.0110422
0.216381,0.0110834
0.216984,0.0111246
0.217587,0.0111658
0.21819,0.011207
0.218793,0.0112482
0.219395,0.0112894
0.219998,0.0113306
0.220601,0.0113718
0.221204,0.011413
0.221807,0.0114542
0.22241,0.0114954
0.223013,0.0115366
0.223616,0.0115778
0.224219,0.011619
0.224822,0.0116602
0.225425,0.0117014
0.226028,0.0117427
0.226631,0.0117839
0.227234,0.0118251
0.227837,0.0118663
0.228441,0.0119075
0.229044,0.0119487
0.229647,0.0119899
0.23025,0.0120311
0.230853,0.0120723
0.231456,0.0121135
0.232059,0.0121548
0.232662,0.012196
0.233265,0.0122372
0.233868,0.0122784
0.234472,0.0123196
0.235075,0.0123608
0.235678,0.012402
0.236281,0.0124433
0.236884,0.0124845
0.237488,0.0125257
0.238091,0.0125669
0.238694,0.0126081
0.239297,0.0126493
0.2399,0.0126906
0.240504,0.0127318
0.241107,0.012773
0.24171,0.0128142
0.242313,0.0128554
0.242917,0.0128967
0.24352,0.0129379
0.244123,0.0129791
0.244726,0.0130203
0.24533,0.0130616
0.245933,0.0131028
0.246536,0.013144
0.24714,0.0131852
0.247743,0.0132265
0.248346,0.0132677
0.24895,0.0133089
0.249553,0.0133502
0.250156,0.0133914
0.25076,0.0134326
0.251363,0.0134738
0.251966,0.0135151
0.25257,0.0135563
0.253173,0.0135975
0.253777,0.0136388
0.25438,0.01368
0.254983,0.0137212
0.255587,0.0137625
0.25619,0.0138037
0.256794,0.0138449
0.257397,0.0138862
0.258,0.0139274
0.258604,0.0139686
0.259207,0.0140099
0.259811,0.0140511
0.260414,0.0140923
0.261018,0.0141336
0.261621,0.0141748
0.262225,0.014216
0.262828,0.0142573
0.263432,0.0142985
0.264035,0.0143398
0.264639,0.014381
0.265242,0.0144222
0.265846,0.0144635
0.266449,0.0145047
0.267053,0.014546
0.267656,0.0145872
0.26826,0.0146284
0.268863,0.0146697
0.269467,0.0147109
0.270071,0.0147522
0.270674,0.0147934
0.271278,0.0148347
0.271881,0.0148759
0.272485,0.0149171
0.273088,0.0149584
0.273692,0.0149996
0.274296,0.0150409
0.274899,0.0150821
0.275503,0.0151234
0.276106,0.0151646
0.27671,0.0152059
0.277314,0.0152471
0.277917,0.0152884
0.278521,0.0153296
0.279125,0.0153709
0.279728,0.0154121
0.280332,0.0154534
0.280935,0.0154946
0.281539,0.0155359
0.282143,0.0155771
0.282746,0.0156184
0.28335,0.0156596
0.283954,0.0157009
0.284557,0.0157421
0.285161,0.0157834
0.285765,0.0158246
0.286369,0.0158659
0.286972,0.0159071
0.287576,0.0159484
0.28818,0.0159896
0.288783,0.0160309
0.289387,0.0160721
0.289991,0.0161134
0.290595,0.0161546
0.291198,0.0161959
0.291802,0.0162371
0.292406,0.0162784
0.293009,0.0163197
0.293613,0.0163609
0.294217,0.0164022
0.294821,0.0164434
0.295424,0.0164847
0.296028,0.0165259
0.296632,0.0165672
0.297236,0.0166084
0.29784,0.0166497
0.298443,0.016691
0.299047,0.0167322
0.299651,0.0167735
0.300255,0.0168147
0.300858,0.016856
0.301462,0.0168973
0.302066,0.0169385
0.30267,0.0169798
0.303274,0.017021
0.303877,0.0170623
0.304481,0.0171036
0.305085,0.0171448
0.305689,0.0171861
0.306293,0.0172273
0.306897,0.0172686
0.3075,0.0173099
0.308104,0.0173511
0.308708,0.0173924
0.309312,0.0174336
0.309916,0.0174749
0.310519,0.0175162
0.311123,0.0175574
0.311727,0.0175987
0.312331,0.0176399
0.312935,0.0176812
0.313539,0.0177225
0.314143,0.0177637
0.314746,0.017805
0.31535,0.0178463
0.315954,0.0178875
0.316558,0.0179288
0.317162,0.0179701
0.317766,0.0180113
0.31837,0.0180526
0.318973,0.0180938
0.319577,0.0181351
0.320181,0.0181764
0.320785,0.0182176
0.321389,0.0182589
0.321993,0.0183002
0.322597,0.0183414
0.323201,0.0183827
0.323804,0.018424
0.324408,0.0184652
0.325012,0.0185065
0.325616,0.0185478
0.32622,0.018589
0.326824,0.0186303
0.327428,0.0186716
0.328032,0.0187128
0.328636,0.0187541
0.32924,0.0187954
0.329843,0.0188366
0.330447,0.0188779
0.331051,0.0189192
0.331655,0.0189604
0.332259,0.0190017
0.332863,0.0190429
0.333467,0.0190842
0.334071,0.0191255
0.334675,0.0191668
0.335279,0.019208
0.335882,0.0192493
0.336486,0.0192906
0.33709,0.0193318
0.337694,0.0193731
0.338298,0.0194144
0.338902,0.0194556
0.339506,0.0194969
0.34011,0.0195382
0.340714,0.0195794
0.341318,0.0196207
0.341922,0.019662
0.342526,0.0197032
0.343129,0.0197445
0.343733,0.0197858
0.344337,0.019827
0.344941,0.0198683
0.345545,0.0199096
0.346149,0.0199508
0.346753,0.0199921
0.347368,0.0200334
0.348006,0.0200762
0.348667,0.0201205
0.349353,0.0201666
0.350063,0.0202142
0.3508,0.0202637
0.351562,0.0203149
0.352352,0.0203679
0.353169,0.0204228
0.354015,0.0204796
0.35489,0.0205384
0.355796,0.0205992
0.356732,0.0206621
0.357699,0.0207271
0.358699,0.0207943
0.359732,0.0208638
0.360798,0.0209354
0.361898,0.0210095
0.363034,0.0210858
0.364204,0.0211646
0.365412,0.0212459
0.366655,0.0213296
0.367937,0.0214159
0.369256,0.0215047
0.370613,0.0215961
0.372009,0.0216902
0.373444,0.0217869
0.374919,0.0218863
0.376433,0.0219884
0.377988,0.0220933
0.379582,0.0222009
0.381217,0.0223112
0.382893,0.0224243
0.384608,0.0225402
0.386364,0.0226588
0.38816,0.0227802
0.389996,0.0229043
0.391871,0.0230311
0.393786,0.0231606
0.395739,0.0232927
0.397729,0.0234274
0.399757,0.0235648
0.401822,0.0237046
0.403922,0.0238469
0.406057,0.0239916
0.408225,0.0241386
0.410425,0.0242879
0.412657,0.0244394
0.414918,0.0245929
0.417208,0.0247484
0.419524,0.0249058
0.421866,0.025065
0.424231,0.0252258
0.426618,0.0253882
0.429024,0.025552
0.431449,0.0257171
0.43389,0.0258834
0.436344,0.0260507
0.438811,0.0262189
0.441287,0.0263878
0.443771,0.0265573
0.44626,0.0267272
0.448753,0.0268975
0.451247,0.0270679
-0.000298318,0.0205503
0.000298318,0.0205503
0.000894966,0.0205503
0.00149164,0.0205503
0.00208834,0.0205503
0.00268506,0.0205503
0.00328181,0.0205503
0.00387858,0.0205503
0.00447538,0.0205503
0.0050722,0.0205503
0.00566905,0.0205503
0.00626592,0.0205503
0.00686282,0.0205503
0.00745974,0.0205503
0.00805669,0.0205503
0.00865366,0.0205503
0.00925066,0.0205503
0.00984768,0.0205503
0.0104447,0.0205503
0.0110418,0.0205503
0.0116389,0.0205503
0.012236,0.0205503
0.0128331,0.0205503
0.0134303,0.0205503
0.0140275,0.0205503
0.0146247,0.0205503
0.0152219,0.0205503
0.0158192,0.0205503
0.0164165,0.0205503
0.0170138,0.0205503
0.0176111,0.0205503
0.0182085,0.0205503
0.0188059,0.0205503
0.0194033,0.0205503
0.0200007,0.0205503
0.0205982,0.0205503
0.0211956,0.0205503
0.0217931,0.0205503
0.0223907,0.0205503
0.0229882,0.0205503
0.0235858,0.0205503
0.0241834,0.0205503
0.024781,0.0205503
0.0253786,0.0205503
0.0259763,0.0205503
0.026574,0.0205503
0.0271717,0.0205503
0.0277694,0.0205503
0.0283672,0.0205503
0.028965,0.0205503
0.0295628,0.0205503
0.0301606,0.0205503
0.0307585,0.0205503
0.0313563,0.0205503
0.0319542,0.0205503
0.0325521,0.0205503
0.0331501,0.0205503
0.033748,0.0205503
0.034346,0.0205503
0.034944,0.0205503
0.0355421,0.0205503
0.0361401,0.0205503
0.0367382,0.0205503
0.0373363,0.0205503
0.0379344,0.0205503
0.0385326,0.0205503
0.0391307,0.0205503
0.0397289,0.0205503
0.0403271,0.0205503
0.0409254,0.0205503
0.0415236,0.0205503
0.0421219,0.0205503
0.0427202,0.0205503
0.0433185,0.0205503
0.0439169,0.0205503
0.0445152,0.0205503
0.0451136,0.0205503
0.045712,0.0205503
0.0463105,0.0205503
0.0469089,0.0205503
0.0475074,0.0205503
0.0481059,0.0205503
0.0487044,0.0205503
0.0493029,0.0205503
0.0499015,0.0205503
0.0505001,0.0205503
0.0510987,0.0205503
0.0516973,0.0204153
0.052296,0.0202803
0.0528946,0.0201453
0.0534933,0.0200103
0.054092,0.0198752
0.0546908,0.0197402
0.0552895,0.0196052
0.0558883,0.0194702
0.0564871,0.0193351
0.0570859,0.0192001
0.0576848,0.0190651
0.0582836,0.01893
0.0588825,0.018795
0.0594814,0.0186599
0.0600803,0.0185249
0.0606793,0.0183898
0.0612782,0.0182547
0.0618772,0.0181197
0.0624762,0.0179846
0.0630753,0.0178495
0.0636743,0.0177144
0.0642734,0.0175793
0.0648725,0.0174442
0.0654716,0.0173091
0.0660707,0.017174
0.0666698,0.0170389
0.067269,0.0169038
0.0678682,0.0167687
0.0684674,0.0166335
0.0690667,0.0164984
0.0696659,0.0163633
0.0702652,0.0162281
0.0708645,0.016093
0.0714638,0.0159578
0.0720631,0.0158227
0.0726625,0.0156875
0.0732618,0.0155524
0.0738612,0.0154172
0.0744606,0.015282
0.0750601,0.0151469
0.0756595,0.0150117
0.076259,0.0148765
0.0768585,0.0147413
0.077458,0.0146061
0.0780575,0.0144709
0.0786571,0.0143357
0.0792566,0.0142005
0.0798562,0.0140653
0.0804558,0.0139301
0.0810555,0.0137949
0.0816551,0.0136597
0.0822548,0.0135244
0.0828545,0.0133892
0.0834542,0.013254
0.0840539,0.0131187
0.0846536,0.0129835
0.0852534,0.0128482
0.0858532,0.012713
0.086453,0.0125348
0.0870528,0.0123566
0.0876526,0.0121785
0.0882525,0.0120003
0.0888524,0.0118221
0.0894522,0.0116439
0.0900522,0.0114657
0.0906521,0.0112875
0.091252,0.0111093
0.091852,0.0109311
0.092452,0.0107529
0.093052,0.0105747
0.093652,0.0103964
0.0942521,0.0102182
0.0948521,0.01004
0.0954522,0.00986171
0.0960523,0.00968345
0.0966524,0.0095052
0.0972526,0.00946227
0.0978527,0.00941934
0.0984529,0.00937641
0.0990531,0.00933348
0.0996533,0.00929054
0.100253,0.00924761
0.100854,0.00920467
0.101454,0.00916173
0.102054,0.0091188
0.102655,0.00907586
0.103255,0.00903292
0.103855,0.00898997
0.104456,0.00894703
0.105056,0.00890408
0.105656,0.00886114
0.106257,0.00881819
0.106857,0.00877524
0.107458,0.00873229
0.108058,0.00868934
0.108659,0.00864639
0.109259,0.00860343
0.109859,0.00856048
0.11046,0.00856048
0.111061,0.00856048
0.111661,0.00856048
0.112262,0.00856048
0.112862,0.00856048
0.113463,0.00856048
0.114064,0.00856048
0.114664,0.00856048
0.115265,0.00856048
0.115866,0.00856048
0.116466,0.00856048
0.117067,0.00856048
0.117668,0.00856048
0.118268,0.00856048
0.118869,0.00856048
0.11947,0.00856048
0.120071,0.00856048
0.120672,0.00856048
0.121272,0.00856048
0.121873,0.00856048
0.122474,0.00856048
0.123075,0.00856048
0.123676,0.00856048
0.124277,0.00856048
0.124878,0.00856048
0.125479,0.00856048
0.12608,0.00856048
0.126681,0.00856048
0.127282,0.00856048
0.127883,0.00856048
0.128484,0.00856048
0.129085,0.00856048
0.129686,0.00856048
0.130287,0.00856048
0.130888,0.00856048
0.131489,0.00856048
0.13209,0.00856048
0.132691,0.00856048
0.133292,0.00856048
0.133893,0.00856048
0.134495,0.00856048
0.135096,0.00856048
0.135697,0.00856048
0.136298,0.00856048
0.1369,0.00856048
0.137501,0.00856048
0.138102,0.00856048
0.138703,0.00856048
0.139305,0.00856048
0.139906,0.00856048
0.140507,0.00856048
0.141109,0.00856048
0.14171,0.00856048
0.142311,0.00856048
0.142913,0.00856048
0.143514,0.00856048
0.144116,0.00856048
0.144717,0.00856048
0.145318,0.00856048
0.14592,0.00856048
0.146521,0.00856048
0.147123,0.00856048
0.147724,0.00856048
0.148326,0.00856048
0.148927,0.00856048
0.149529,0.00856048
0.150131,0.00856048
0.150732,0.00856048
0.151334,0.00856048
0.151935,0.00856048
0.152537,0.00856048
0.153139,0.00856048
0.15374,0.00856048
0.154342,0.00856048
0.154944,0.00856048
0.155545,0.00856048
0.156147,0.00856048
0.156749,0.00856048
0.157351,0.00856048
0.157952,0.00856048
0.158554,0.00856048
0.159156,0.00856048
0.159758,0.00856048
0.160359,0.00856048
0.160961,0.00856048
0.161563,0.00856048
0.162165,0.00856048
0.162767,0.00856048
0.163369,0.00856048
0.163971,0.00856048
0.164572,0.00856048
0.165174,0.00856048
0.165776,0.00856048
0.166378,0.00856048
0.16698,0.00856048
0.167582,0.00856048
0.168184,0.00856048
0.168786,0.00856048
0.169388,0.00856048
0.16999,0.00856048
0.170592,0.00856048
0.171194,0.00856048
0.171796,0.00856048
0.172398,0.00856048
0.173,0.00856048
0.173602,0.00856048
0.174205,0.00856048
0.174807,0.00856048
0.175409,0.00856048
0.176011,0.00856048
0.176613,0.00860279
0.177215,0.0086451
0.177817,0.00868741
0.17842,0.00872973
0.179022,0.00877204
0.179624,0.00881436
0.180226,0.00885668
0.180829,0.00889899
0.181431,0.00894131
0.182033,0.00898363
0.182635,0.00902595
0.183238,0.00906827
0.18384,0.00911059
0.184442,0.00915292
0.185045,0.00919524
0.185647,0.00923756
0.186249,0.00927989
0.186852,0.00932221
0.187454,0.00936454
0.188056,0.00940687
0.188659,0.0094492
0.189261,0.00949153
0.189864,0.00953386
0.190466,0.00957619
0.191069,0.00961852
0.191671,0.00966085
0.192273,0.00970318
0.192876,0.00974552
0.193478,0.00978785
0.194081,0.00983019
0.194683,0.00987252
0.195286,0.00991486
0.195888,0.0099572
0.196491,0.00999954
0.197094,0.0100419
0.197696,0.0100842
0.198299,0.0101266
0.198901,0.0101689
0.199504,0.0102112
0.200107,0.0102536
0.200709,0.0102959
0.201312,0.0103383
0.201914,0.0103806
0.202517,0.010423
0.20312,0.0104653
0.203722,0.0105077
0.204325,0.01055
0.204928,0.0105924
0.20553,0.0106347
0.206133,0.0106771
0.206736,0.0107194
0.207339,0.0107618
0.207941,0.0108041
0.208544,0.0108465
0.209147,0.0108888
0.20975,0.0109312
0.210352,0.0109735
0.210955,0.0110159
0.211558,0.0110582
0.212161,0.0111006
0.212764,0.011143
0.213367,0.0111853
0.213969,0.0112277
0.214572,0.01127
0.215175,0.0113124
0.215778,0.0113548
0.216381,0.0113971
0.216984,0.0114395
0.217587,0.0114819
0.21819,0.0115242
0.218793,0.0115666
0.219395,0.0116089
0.219998,0.0116513
0.220601,0.0116937
0.221204,0.0117361
0.221807,0.0117784
0.22241,0.0118208
0.223013,0.0118632
0.223616,0.0119055
0.224219,0.0119479
0.224822,0.0119903
0.225425,0.0120326
0.226028,0.012075
0.226631,0.0121174
0.227234,0.0121598
0.227837,0.0122021
0.228441,0.0122445
0.229044,0.0122869
0.229647,0.0123293
0.23025,0.0123716
0.230853,0.012414
0.231456,0.0124564
0.232059,0.0124988
0.232662,0.0125412
0.233265,0.0125835
0.233868,0.0126259
0.234472,0.0126683
0.235075,0.0127107
0.235678,0.0127531
0.236281,0.0127954
0.236884,0.0128378
0.237488,0.0128802
0.238091,0.0129226
0.238694,0.012965
0.239297,0.0130074
0.2399,0.0130498
0.240504,0.0130921
0.241107,0.0131345
0.24171,0.0131769
0.242313,0.0132193
0.242917,0.0132617
0.24352,0.0133041
0.244123,0.0133465
0.244726,0.0133889
0.24533,0.0134313
0.245933,0.0134737
0.246536,0.013516
0.24714,0.0135584
0.247743,0.0136008
0.248346,0.0136432
0.24895,0.0136856
0.249553,0.013728
0.250156,0.0137704
0.25076,0.0138128
0.251363,0.0138552
0.251966,0.0138976
0.25257,0.01394
0.253173,0.0139824
0.253777,0.0140248
0.25438,0.0140672
0.254983,0.0141096
0.255587,0.014152
0.25619,0.0141944
0.256794,0.0142368
0.257397,0.0142792
0.258,0.0143216
0.258604,0.014364
0.259207,0.0144064
0.259811,0.0144488
0.260414,0.0144912
0.261018,0.0145336
0.261621,0.014576
0.262225,0.0146184
0.262828,0.0146608
0.263432,0.0147032
0.264035,0.0147456
0.264639,0.014788
0.265242,0.0148304
0.265846,0.0148729
0.266449,0.0149153
0.267053,0.0149577
0.267656,0.0150001
0.26826,0.0150425
0.268863,0.0150849
0.269467,0.0151273
0.270071,0.0151697
0.270674,0.0152121
0.271278,0.0152545
0.271881,0.0152969
0.272485,0.0153394
0.273088,0.0153818
0.273692,0.0154242
0.274296,0.0154666
0.274899,0.015509
0.275503,0.0155514
0.276106,0.0155938
0.27671,0.0156363
0.277314,0.0156787
0.277917,0.0157211
0.278521,0.0157635
0.279125,0.0158059
0.279728,0.0158483
0.280332,0.0158907
0.280935,0.0159332
0.281539,0.0159756
0.282143,0.016018
0.282746,0.0160604
0.28335,0.0161028
0.283954,0.0161452
0.284557,0.0161877
0.285161,0.0162301
0.285765,0.0162725
0.286369,0.0163149
0.286972,0.0163573
0.287576,0.0163998
0.28818,0.0164422
0.288783,0.0164846
0.289387,0.016527
0.289991,0.0165695
0.290595,0.0166119
0.291198,0.0166543
0.291802,0.0166967
0.292406,0.0167391
0.293009,0.0167816
0.293613,0.016824
0.294217,0.0168664
0.294821,0.0169088
0.295424,0.0169513
0.296028,0.0169937
0.296632,0.0170361
0.297236,0.0170785
0.29784,0.017121
0.298443,0.0171634
0.299047,0.0172058
0.299651,0.0172482
0.300255,0.0172907
0.300858,0.0173331
0.301462,0.0173755
0.302066,0.0174179
0.30267,0.0174604
0.303274,0.0175028
0.303877,0.0175452
0.304481,0.0175876
0.305085,0.0176301
0.305689,0.0176725
0.306293,0.0177149
0.306897,0.0177574
0.3075,0.0177998
0.308104,0.0178422
0.308708,0.0178846
0.309312,0.0179271
0.309916,0.0179695
0.310519,0.0180119
0.311123,0.0180544
0.311727,0.0180968
0.312331,0.0181392
0.312935,0.0181817
0.313539,0.0182241
0.314143,0.0182665
0.314746,0.0183089
0.31535,0.0183514
0.315954,0.0183938
0.316558,0.0184362
0.317162,0.0184787
0.317766,0.0185211
0.31837,0.0185635
0.318973,0.018606
0.319577,0.0186484
0.320181,0.0186908
0.320785,0.0187333
0.321389,0.0187757
0.321993,0.0188181
0.322597,0.0188606
0.323201,0.018903
0.323804,0.0189454
0.324408,0.0189879
0.325012,0.0190303
0.325616,0.0190727
0.32622,0.0191152
0.326824,0.0191576
0.327428,0.0192
0.328032,0.0192425
0.328636,0.0192849
0.32924,0.0193273
0.329843,0.0193698
0.330447,0.0194122
0.331051,0.0194546
0.331655,0.0194971
0.332259,0.0195395
0.332863,0.0195819
0.333467,0.0196244
0.334071,0.0196668
0.334675,0.0197092
0.335279,0.0197517
0.335882,0.0197941
0.336486,0.0198365
0.33709,0.019879
0.337694,0.0199214
0.338298,0.0199639
0.338902,0.0200063
0.339506,0.0200487
0.34011,0.0200912
0.340714,0.0201336
0.341318,0.020176
0.341922,0.0202185
0.342526,0.0202609
0.343129,0.0203033
0.343733,0.0203458
0.344337,0.0203882
0.344941,0.0204306
0.345545,0.0204731
0.346149,0.0205155
0.346753,0.0205579
0.347368,0.0206004
0.348006,0.0206444
0.348667,0.02069
0.349353,0.0207373
0.350063,0.0207864
0.3508,0.0208372
0.351562,0.0208898
0.352352,0.0209444
0.353169,0.0210008
0.354015,0.0210592
0.35489,0.0211197
0.355796,0.0211822
0.356732,0.0212469
0.357699,0.0213138
0.358699,0.0213829
0.359732,0.0214543
0.360798,0.021528
0.361898,0.0216041
0.363034,0.0216827
0.364204,0.0217637
0.365412,0.0218472
0.366655,0.0219333
0.367937,0.022022
0.369256,0.0221134
0.370613,0.0222074
0.372009,0.0223041
0.373444,0.0224036
0.374919,0.0225058
0.376433,0.0226108
0.377988,0.0227186
0.379582,0.0228293
0.381217,0.0229427
0.382893,0.023059
0.384608,0.0231782
0.386364,0.0233001
0.38816,0.0234249
0.389996,0.0235525
0.391871,0.0236829
0.393786,0.0238161
0.395739,0.023952
0.397729,0.0240905
0.399757,0.0242317
0.401822,0.0243755
0.403922,0.0245219
0.406057,0.0246707
0.408225,0.0248219
0.410425,0.0249754
0.412657,0.0251311
0.414918,0.025289
0.417208,0.0254489
0.419524,0.0256108
0.421866,0.0257744
0.424231,0.0259398
0.426618,0.0261068
0.429024,0.0262753
0.431449,0.026445
0.43389,0.026616
0.436344,0.026788
0.438811,0.0269609
0.441287,0.0271346
0.443771,0.0273089
0.44626,0.0274837
0.448753,0.0276588
0.451247,0.027834
-0.000298318,0.0210057
0.000298318,0.0210057
0.000894966,0.0210057
0.00149164,0.0210057
0.00208834,0.0210057
0.00268506,0.0210057
0.00328181,0.0210057
0.00387858,0.0210057
0.00447538,0.0210057
0.0050722,0.0210057
0.00566905,0.0210057
0.00626592,0.0210057
0.00686282,0.0210057
0.00745974,0.0210057
0.00805669,0.0210057
0.00865366,0.0210057
0.00925066,0.0210057
0.00984768,0.0210057
0.0104447,0.0210057
0.0110418,0.0210057
0.0116389,0.0210057
0.012236,0.0210057
0.0128331,0.0210057
0.0134303,0.0210057
0.0140275,0.0210057
0.0146247,0.0210057
0.0152219,0.0210057
0.0158192,0.0210057
0.0164165,0.0210057
0.0170138,0.0210057
0.0176111,0.0210057
0.0182085,0.0210057
0.0188059,0.0210057
0.0194033,0.0210057
0.0200007,0.0210057
0.0205982,0.0210057
0.0211956,0.0210057
0.0217931,0.0210057
0.0223907,0.0210057
0.0229882,0.0210057
0.0235858,0.0210057
0.0241834,0.0210057
0.024781,0.0210057
0.0253786,0.0210057
0.0259763,0.0210057
0.026574,0.0210057
0.0271717,0.0210057
0.0277694,0.0210057
0.0283672,0.0210057
0.028965,0.0210057
0.0295628,0.0210057
0.0301606,0.0210057
0.0307585,0.0210057
0.0313563,0.0210057
0.0319542,0.0210057
0.0325521,0.0210057
0.0331501,0.0210057
0.033748,0.0210057
0.034346,0.0210057
0.034944,0.0210057
0.0355421,0.0210057
0.0361401,0.0210057
0.0367382,0.0210057
0.0373363,0.0210057
0.0379344,0.0210057
0.0385326,0.0210057
0.0391307,0.0210057
0.0397289,0.0210057
0.0403271,0.0210057
0.0409254,0.0210057
0.0415236,0.0210057
0.0421219,0.0210057
0.0427202,0.0210057
0.0433185,0.0210057
0.0439169,0.0210057
0.0445152,0.0210057
0.0451136,0.0210057
0.045712,0.0210057
0.0463105,0.0210057
0.0469089,0.0210057
0.0475074,0.0210057
0.0481059,0.0210057
0.0487044,0.0210057
0.0493029,0.0210057
0.0499015,0.0210057
0.0505001,0.0210057
0.0510987,0.0210057
0.0516973,0.020867
0.052296,0.0207283
0.0528946,0.0205896
0.0534933,0.0204509
0.054092,0.0203121
0.0546908,0.0201734
0.0552895,0.0200347
0.0558883,0.0198959
0.0564871,0.0197572
0.0570859,0.0196184
0.0576848,0.0194797
0.0582836,0.0193409
0.0588825,0.0192021
0.0594814,0.0190634
0.0600803,0.0189246
0.0606793,0.0187858
0.0612782,0.018647
0.0618772,0.0185082
0.0624762,0.0183694
0.0630753,0.0182306
0.0636743,0.0180918
0.0642734,0.017953
0.0648725,0.0178142
0.0654716,0.0176754
0.0660707,0.0175366
0.0666698,0.0173977
0.067269,0.0172589
0.0678682,0.0171201
0.0684674,0.0169812
0.0690667,0.0168424
0.0696659,0.0167035
0.0702652,0.0165647
0.0708645,0.0164258
0.0714638,0.0162869
0.0720631,0.0161481
0.0726625,0.0160092
0.0732618,0.0158703
0.0738612,0.0157314
0.0744606,0.0155925
0.0750601,0.0154536
0.0756595,0.0153147
0.076259,0.0151758
0.0768585,0.0150369
0.077458,0.014898
0.0780575,0.0147591
0.0786571,0.0146202
0.0792566,0.0144812
0.0798562,0.0143423
0.0804558,0.0142034
0.0810555,0.0140644
0.0816551,0.0139255
0.0822548,0.0137865
0.0828545,0.0136476
0.0834542,0.0135086
0.0840539,0.0133697
0.0846536,0.0132307
0.0852534,0.0130917
0.0858532,0.0129528
0.086453,0.0127724
0.0870528,0.0125921
0.0876526,0.0124118
0.0882525,0.0122315
0.0888524,0.0120511
0.0894522,0.0118708
0.0900522,0.0116904
0.0906521,0.0115101
0.091252,0.0113297
0.091852,0.0111494
0.092452,0.010969
0.093052,0.0107886
0.093652,0.0106082
0.0942521,0.0104278
0.0948521,0.0102474
0.0954522,0.010067
0.0960523,0.00988664
0.0966524,0.00970623
0.0972526,0.00966487
0.0978527,0.00962351
0.0984529,0.00958215
0.0990531,0.00954079
0.0996533,0.00949942
0.100253,0.00945806
0.100854,0.0094167
0.101454,0.00937533
0.102054,0.00933396
0.102655,0.00929259
0.103255,0.00925122
0.103855,0.00920985
0.104456,0.00916848
0.105056,0.0091271
0.105656,0.00908573
0.106257,0.00904435
0.106857,0.00900297
0.107458,0.0089616
0.108058,0.00892022
0.108659,0.00887883
0.109259,0.00883745
0.109859,0.00879607
0.11046,0.00879607
0.111061,0.00879607
0.111661,0.00879607
0.112262,0.00879607
0.112862,0.00879607
0.113463,0.00879607
0.114064,0.00879607
0.114664,0.00879607
0.115265,0.00879607
0.115866,0.00879607
0.116466,0.00879607
0.117067,0.00879607
0.117668,0.00879607
0.118268,0.00879607
0.118869,0.00879607
0.11947,0.00879607
0.120071,0.00879607
0.120672,0.00879607
0.121272,0.00879607
0.121873,0.00879607
0.122474,0.00879607
0.123075,0.00879607
0.123676,0.00879607
0.124277,0.00879607
0.124878,0.00879607
0.125479,0.00879607
0.12608,0.00879607
0.126681,0.00879607
0.127282,0.00879607
0.127883,0.00879607
0.128484,0.00879607
0.129085,0.00879607
0.129686,0.00879607
0.130287,0.00879607
0.130888,0.00879607
0.131489,0.00879607
0.13209,0.00879607
0.132691,0.00879607
0.133292,0.00879607
0.133893,0.00879607
0.134495,0.00879607
0.135096,0.00879607
0.135697,0.00879607
0.136298,0.00879607
0.1369,0.00879607
0.137501,0.00879607
0.138102,0.00879607
0.138703,0.00879607
0.139305,0.00879607
0.139906,0.00879607
0.140507,0.00879607
0.141109,0.00879607
0.14171,0.00879607
0.142311,0.00879607
0.142913,0.00879607
0.143514,0.00879607
0.144116,0.00879607
0.144717,0.00879607
0.145318,0.00879607
0.14592,0.00879607
0.146521,0.00879607
0.147123,0.00879607
0.147724,0.00879607
0.148326,0.00879607
0.148927,0.00879607
0.149529,0.00879607
0.150131,0.00879607
0.150732,0.00879607
0.151334,0.00879607
0.151935,0.00879607
0.152537,0.00879607
0.153139,0.00879607
0.15374,0.00879607
0.154342,0.00879607
0.154944,0.00879607
0.155545,0.00879607
0.156147,0.00879607
0.156749,0.00879607
0.157351,0.00879607
0.157952,0.00879607
0.158554,0.00879607
0.159156,0.00879607
0.159758,0.00879607
0.160359,0.00879607
0.160961,0.00879607
0.161563,0.00879607
0.162165,0.00879607
0.162767,0.00879607
0.163369,0.00879607
0.163971,0.00879607
0.164572,0.00879607
0.165174,0.00879607
0.165776,0.00879607
0.166378,0.00879607
0.16698,0.00879607
0.167582,0.00879607
0.168184,0.00879607
0.168786,0.00879607
0.169388,0.00879607
0.16999,0.00879607
0.170592,0.00879607
0.171194,0.00879607
0.171796,0.00879607
0.172398,0.00879607
0.173,0.00879607
0.173602,0.00879607
0.174205,0.00879607
0.174807,0.00879607
0.175409,0.00879607
0.176011,0.00879607
0.176613,0.00883954
0.177215,0.00888302
0.177817,0.0089265
0.17842,0.00896998
0.179022,0.00901346
0.179624,0.00905694
0.180226,0.00910042
0.180829,0.0091439
0.181431,0.00918738
0.182033,0.00923087
0.182635,0.00927435
0.183238,0.00931784
0.18384,0.00936132
0.184442,0.00940481
0.185045,0.0094483
0.185647,0.00949179
0.186249,0.00953528
0.186852,0.00957877
0.187454,0.00962226
0.188056,0.00966575
0.188659,0.00970925
0.189261,0.00975274
0.189864,0.00979623
0.190466,0.00983973
0.191069,0.00988323
0.191671,0.00992672
0.192273,0.00997022
0.192876,0.0100137
0.193478,0.0100572
0.194081,0.0101007
0.194683,0.0101442
0.195286,0.0101877
0.195888,0.0102312
0.196491,0.0102747
0.197094,0.0103182
0.197696,0.0103617
0.198299,0.0104052
0.198901,0.0104488
0.199504,0.0104923
0.200107,0.0105358
0.200709,0.0105793
0.201312,0.0106228
0.201914,0.0106663
0.202517,0.0107098
0.20312,0.0107533
0.203722,0.0107968
0.204325,0.0108404
0.204928,0.0108839
0.20553,0.0109274
0.206133,0.0109709
0.206736,0.0110144
0.207339,0.0110579
0.207941,0.0111015
0.208544,0.011145
0.209147,0.0111885
0.20975,0.011232
0.210352,0.0112755
0.210955,0.0113191
0.211558,0.0113626
0.212161,0.0114061
0.212764,0.0114496
0.213367,0.0114931
0.213969,0.0115367
0.214572,0.0115802
0.215175,0.0116237
0.215778,0.0116673
0.216381,0.0117108
0.216984,0.0117543
0.217587,0.0117978
0.21819,0.0118414
0.218793,0.0118849
0.219395,0.0119284
0.219998,0.011972
0.220601,0.0120155
0.221204,0.012059
0.221807,0.0121026
0.22241,0.0121461
0.223013,0.0121896
0.223616,0.0122332
0.224219,0.0122767
0.224822,0.0123203
0.225425,0.0123638
0.226028,0.0124073
0.226631,0.0124509
0.227234,0.0124944
0.227837,0.012538
0.228441,0.0125815
0.229044,0.012625
0.229647,0.0126686
0.23025,0.0127121
0.230853,0.0127557
0.231456,0.0127992
0.232059,0.0128428
0.232662,0.0128863
0.233265,0.0129298
0.233868,0.0129734
0.234472,0.0130169
0.235075,0.0130605
0.235678,0.013104
0.236281,0.0131476
0.236884,0.0131911
0.237488,0.0132347
0.238091,0.0132782
0.238694,0.0133218
0.239297,0.0133653
0.2399,0.0134089
0.240504,0.0134525
0.241107,0.013496
0.24171,0.0135396
0.242313,0.0135831
0.242917,0.0136267
0.24352,0.0136702
0.244123,0.0137138
0.244726,0.0137573
0.24533,0.0138009
0.245933,0.0138445
0.246536,0.013888
0.24714,0.0139316
0.247743,0.0139751
0.248346,0.0140187
0.24895,0.0140623
0.249553,0.0141058
0.250156,0.0141494
0.25076,0.0141929
0.251363,0.0142365
0.251966,0.0142801
0.25257,0.0143236
0.253173,0.0143672
0.253777,0.0144108
0.25438,0.0144543
0.254983,0.0144979
0.255587,0.0145415
0.25619,0.014585
0.256794,0.0146286
0.257397,0.0146722
0.258,0.0147157
0.258604,0.0147593
0.259207,0.0148029
0.259811,0.0148464
0.260414,0.01489
0.261018,0.0149336
0.261621,0.0149772
0.262225,0.0150207
0.262828,0.0150643
0.263432,0.0151079
0.264035,0.0151514
0.264639,0.015195
0.265242,0.0152386
0.265846,0.0152822
0.266449,0.0153257
0.267053,0.0153693
0.267656,0.0154129
0.26826,0.0154565
0.268863,0.0155
0.269467,0.0155436
0.270071,0.0155872
0.270674,0.0156308
0.271278,0.0156744
0.271881,0.0157179
0.272485,0.0157615
0.273088,0.0158051
0.273692,0.0158487
0.274296,0.0158922
0.274899,0.0159358
0.275503,0.0159794
0.276106,0.016023
0.27671,0.0160666
0.277314,0.0161102
0.277917,0.0161537
0.278521,0.0161973
0.279125,0.0162409
0.279728,0.0162845
0.280332,0.0163281
0.280935,0.0163717
0.281539,0.0164152
0.282143,0.0164588
0.282746,0.0165024
0.28335,0.016546
0.283954,0.0165896
0.284557,0.0166332
0.285161,0.0166768
0.285765,0.0167203
0.286369,0.0167639
0.286972,0.0168075
0.287576,0.0168511
0.28818,0.0168947
0.288783,0.0169383
0.289387,0.0169819
0.289991,0.0170255
0.290595,0.017069
0.291198,0.0171126
0.291802,0.0171562
0.292406,0.0171998
0.293009,0.0172434
0.293613,0.017287
0.294217,0.0173306
0.294821,0.0173742
0.295424,0.0174178
0.296028,0.0174614
0.296632,0.017505
0.297236,0.0175485
0.29784,0.0175921
0.298443,0.0176357
0.299047,0.0176793
0.299651,0.0177229
0.300255,0.0177665
0.300858,0.0178101
0.301462,0.0178537
0.302066,0.0178973
0.30267,0.0179409
0.303274,0.0179845
0.303877,0.0180281
0.304481,0.0180717
0.305085,0.0181153
0.305689,0.0181589
0.306293,0.0182025
0.306897,0.0182461
0.3075,0.0182897
0.308104,0.0183332
0.308708,0.0183768
0.309312,0.0184204
0.309916,0.018464
0.310519,0.0185076
0.311123,0.0185512
0.311727,0.0185948
0.312331,0.0186384
0.312935,0.018682
0.313539,0.0187256
0.314143,0.0187692
0.314746,0.0188128
0.31535,0.0188564
0.315954,0.0189
0.316558,0.0189436
0.317162,0.0189872
0.317766,0.0190308
0.31837,0.0190744
0.318973,0.019118
0.319577,0.0191616
0.320181,0.0192052
0.320785,0.0192488
0.321389,0.0192924
0.321993,0.019336
0.322597,0.0193796
0.323201,0.0194232
0.323804,0.0194668
0.324408,0.0195104
0.325012,0.019554
0.325616,0.0195976
0.32622,0.0196412
0.326824,0.0196848
0.327428,0.0197284
0.328032,0.019772
0.328636,0.0198156
0.32924,0.0198592
0.329843,0.0199028
0.330447,0.0199464
0.331051,0.01999
0.331655,0.0200336
0.332259,0.0200772
0.332863,0.0201208
0.333467,0.0201645
0.334071,0.0202081
0.334675,0.0202517
0.335279,0.0202953
0.335882,0.0203389
0.336486,0.0203825
0.33709,0.0204261
0.337694,0.0204697
0.338298,0.0205133
0.338902,0.0205569
0.339506,0.0206005
0.34011,0.0206441
0.340714,0.0206877
0.341318,0.0207313
0.341922,0.0207749
0.342526,0.0208185
0.343129,0.0208621
0.343733,0.0209057
0.344337,0.0209493
0.344941,0.0209929
0.345545,0.0210365
0.346149,0.0210801
0.346753,0.0211237
0.347368,0.0211673
0.348006,0.0212125
0.348667,0.0212594
0.349353,0.0213081
0.350063,0.0213584
0.3508,0.0214107
0.351562,0.0214647
0.352352,0.0215208
0.353169,0.0215788
0.354015,0.0216388
0.35489,0.0217009
0.355796,0.0217652
0.356732,0.0218316
0.357699,0.0219004
0.358699,0.0219714
0.359732,0.0220447
0.360798,0.0221205
0.361898,0.0221987
0.363034,0.0222794
0.364204,0.0223626
0.365412,0.0224485
0.366655,0.0225369
0.367937,0.0226281
0.369256,0.0227219
0.370613,0.0228185
0.372009,0.0229179
0.373444,0.0230201
0.374919,0.0231252
0.376433,0.0232331
0.377988,0.0233439
0.379582,0.0234575
0.381217,0.0235741
0.382893,0.0236936
0.384608,0.023816
0.386364,0.0239414
0.38816,0.0240696
0.389996,0.0242007
0.391871,0.0243347
0.393786,0.0244715
0.395739,0.0246111
0.397729,0.0247535
0.399757,0.0248986
0.401822,0.0250464
0.403922,0.0251967
0.406057,0.0253496
0.408225,0.025505
0.410425,0.0256627
0.412657,0.0258227
0.414918,0.025985
0.417208,0.0261493
0.419524,0.0263156
0.421866,0.0264838
0.424231,0.0266537
0.426618,0.0268253
0.429024,0.0269984
0.431449,0.0271728
0.43389,0.0273485
0.436344,0.0275252
0.438811,0.0277029
0.441287,0.0278814
0.443771,0.0280605
0.44626,0.0282401
0.448753,0.02842
0.451247,0.0286
-0.000298318,0.0214611
0.000298318,0.0214611
0.000894966,0.0214611
0.00149164,0.0214611
0.00208834,0.0214611
0.00268506,0.0214611
0.00328181,0.0214611
0.00387858,0.0214611
0.00447538,0.0214611
0.0050722,0.0214611
0.00566905,0.0214611
0.00626592,0.0214611
0.00686282,0.0214611
0.00745974,0.0214611
0.00805669,0.0214611
0.00865366,0.0214611
0.00925066,0.0214611
0.00984768,0.0214611
0.0104447,0.0214611
0.0110418,0.0214611
0.0116389,0.0214611
0.012236,0.0214611
0.0128331,0.0214611
0.0134303,0.0214611
0.0140275,0.0214611
0.0146247,0.0214611
0.0152219,0.0214611
0.0158192,0.0214611
0.0164165,0.0214611
0.0170138,0.0214611
0.0176111,0.0214611
0.0182085,0.0214611
0.0188059,0.0214611
0.0194033,0.0214611
0.0200007,0.0214611
0.0205982,0.0214611
0.0211956,0.0214611
0.0217931,0.0214611
0.0223907,0.0214611
0.0229882,0.0214611
0.0235858,0.0214611
0.0241834,0.0214611
0.024781,0.0214611
0.0253786,0.0214611
0.0259763,0.0214611
0.026574,0.0214611
0.0271717,0.0214611
0.0277694,0.0214611
0.0283672,0.0214611
0.028965,0.0214611
0.0295628,0.0214611
0.0301606,0.0214611
0.0307585,0.0214611
0.0313563,0.0214611
0.0319542,0.0214611
0.0325521,0.0214611
0.0331501,0.0214611
0.033748,0.0214611
0.034346,0.0214611
0.034944,0.0214611
0.0355421,0.0214611
0.0361401,0.0214611
0.0367382,0.0214611
0.0373363,0.0214611
0.0379344,0.0214611
0.0385326,0.0214611
0.0391307,0.0214611
0.0397289,0.0214611
0.0403271,0.0214611
0.0409254,0.0214611
0.0415236,0.0214611
0.0421219,0.0214611
0.0427202,0.0214611
0.0433185,0.0214611
0.0439169,0.0214611
0.0445152,0.0214611
0.0451136,0.0214611
0.045712,0.0214611
0.0463105,0.0214611
0.0469089,0.0214611
0.0475074,0.0214611
0.0481059,0.0214611
0.0487044,0.0214611
0.0493029,0.0214611
0.0499015,0.0214611
0.0505001,0.0214611
0.0510987,0.0214611
0.0516973,0.0213187
0.052296,0.0211763
0.0528946,0.0210338
0.0534933,0.0208914
0.054092,0.020749
0.0546908,0.0206065
0.0552895,0.0204641
0.0558883,0.0203216
0.0564871,0.0201791
0.0570859,0.0200367
0.0576848,0.0198942
0.0582836,0.0197517
0.0588825,0.0196092
0.0594814,0.0194668
0.0600803,0.0193243
0.0606793,0.0191818
0.0612782,0.0190393
0.0618772,0.0188967
0.0624762,0.0187542
0.0630753,0.0186117
0.0636743,0.0184692
0.0642734,0.0183267
0.0648725,0.0181841
0.0654716,0.0180416
0.0660707,0.0178991
0.0666698,0.0177565
0.067269,0.017614
0.0678682,0.0174714
0.0684674,0.0173288
0.0690667,0.0171863
0.0696659,0.0170437
0.0702652,0.0169011
0.0708645,0.0167585
0.0714638,0.016616
0.0720631,0.0164734
0.0726625,0.0163308
0.0732618,0.0161882
0.0738612,0.0160456
0.0744606,0.015903
0.0750601,0.0157603
0.0756595,0.0156177
0.076259,0.0154751
0.0768585,0.0153325
0.077458,0.0151898
0.0780575,0.0150472
0.0786571,0.0149046
0.0792566,0.0147619
0.0798562,0.0146193
0.0804558,0.0144766
0.0810555,0.0143339
0.0816551,0.0141913
0.0822548,0.0140486
0.0828545,0.0139059
0.0834542,0.0137633
0.0840539,0.0136206
0.0846536,0.0134779
0.0852534,0.0133352
0.0858532,0.0131925
0.086453,0.01301
0.0870528,0.0128276
0.0876526,0.0126451
0.0882525,0.0124626
0.0888524,0.0122801
0.0894522,0.0120976
0.0900522,0.0119151
0.0906521,0.0117326
0.091252,0.0115501
0.091852,0.0113676
0.092452,0.011185
0.093052,0.0110025
0.093652,0.01082
0.0942521,0.0106374
0.0948521,0.0104549
0.0954522,0.0102723
0.0960523,0.0100898
0.0966524,0.00990722
0.0972526,0.00986743
0.0978527,0.00982764
0.0984529,0.00978785
0.0990531,0.00974806
0.0996533,0.00970827
0.100253,0.00966847
0.100854,0.00962868
0.101454,0.00958888
0.102054,0.00954909
0.102655,0.00950929
0.103255,0.00946949
0.103855,0.00942969
0.104456,0.00938989
0.105056,0.00935008
0.105656,0.00931028
0.106257,0.00927047
0.106857,0.00923067
0.107458,0.00919086
0.108058,0.00915105
0.108659,0.00911124
0.109259,0.00907143
0.109859,0.00903162
0.11046,0.00903162
0.111061,0.00903162
0.111661,0.00903162
0.112262,0.00903162
0.112862,0.00903162
0.113463,0.00903162
0.114064,0.00903162
0.114664,0.00903162
0.115265,0.00903162
0.115866,0.00903162
0.116466,0.00903162
0.117067,0.00903162
0.117668,0.00903162
0.118268,0.00903162
0.118869,0.00903162
0.11947,0.00903162
0.120071,0.00903162
0.120672,0.00903162
0.121272,0.00903162
0.121873,0.00903162
0.122474,0.00903162
0.123075,0.00903162
0.123676,0.00903162
0.124277,0.00903162
0.124878,0.00903162
0.125479,0.00903162
0.12608,0.00903162
0.126681,0.00903162
0.127282,0.00903162
0.127883,0.00903162
0.128484,0.00903162
0.129085,0.00903162
0.129686,0.00903162
0.130287,0.00903162
0.130888,0.00903162
0.131489,0.00903162
0.13209,0.00903162
0.132691,0.00903162
0.133292,0.00903162
0.133893,0.00903162
0.134495,0.00903162
0.135096,0.00903162
0.135697,0.00903162
0.136298,0.00903162
0.1369,0.00903162
0.137501,0.00903162
0.138102,0.00903162
0.138703,0.00903162
0.139305,0.00903162
0.139906,0.00903162
0.140507,0.00903162
0.141109,0.00903162
0.14171,0.00903162
0.142311,0.00903162
0.142913,0.00903162
0.143514,0.00903162
0.144116,0.00903162
0.144717,0.00903162
0.145318,0.00903162
0.14592,0.00903162
0.146521,0.00903162
0.147123,0.00903162
0.147724,0.00903162
0.148326,0.00903162
0.148927,0.00903162
0.149529,0.00903162
0.150131,0.00903162
0.150732,0.00903162
0.151334,0.00903162
0.151935,0.00903162
0.152537,0.00903162
0.153139,0.00903162
0.15374,0.00903162
0.154342,0.00903162
0.154944,0.00903162
0.155545,0.00903162
0.156147,0.00903162
0.156749,0.00903162
0.157351,0.00903162
0.157952,0.00903162
0.158554,0.00903162
0.159156,0.00903162
0.159758,0.00903162
0.160359,0.00903162
0.160961,0.00903162
0.161563,0.00903162
0.162165,0.00903162
0.162767,0.00903162
0.163369,0.00903162
0.163971,0.00903162
0.164572,0.00903162
0.165174,0.00903162
0.165776,0.00903162
0.166378,0.00903162
0.16698,0.00903162
0.167582,0.00903162
0.168184,0.00903162
0.168786,0.00903162
0.169388,0.00903162
0.16999,0.00903162
0.170592,0.00903162
0.171194,0.00903162
0.171796,0.00903162
0.172398,0.00903162
0.173,0.00903162
0.173602,0.00903162
0.174205,0.00903162
0.174807,0.00903162
0.175409,0.00903162
0.176011,0.00903162
0.176613,0.00907626
0.177215,0.0091209
0.177817,0.00916554
0.17842,0.00921018
0.179022,0.00925483
0.179624,0.00929947
0.180226,0.00934412
0.180829,0.00938876
0.181431,0.00943341
0.182033,0.00947806
0.182635,0.00952271
0.183238,0.00956736
0.18384,0.00961201
0.184442,0.00965666
0.185045,0.00970131
0.185647,0.00974597
0.186249,0.00979062
0.186852,0.00983528
0.187454,0.00987993
0.188056,0.00992459
0.188659,0.00996925
0.189261,0.0100139
0.189864,0.0100586
0.190466,0.0101032
0.191069,0.0101479
0.191671,0.0101925
0.192273,0.0102372
0.192876,0.0102819
0.193478,0.0103265
0.194081,0.0103712
0.194683,0.0104159
0.195286,0.0104605
0.195888,0.0105052
0.196491,0.0105499
0.197094,0.0105945
0.197696,0.0106392
0.198299,0.0106839
0.198901,0.0107286
0.199504,0.0107732
0.200107,0.0108179
0.200709,0.0108626
0.201312,0.0109073
0.201914,0.0109519
0.202517,0.0109966
0.20312,0.0110413
0.203722,0.011086
0.204325,0.0111306
0.204928,0.0111753
0.20553,0.01122
0.206133,0.0112647
0.206736,0.0113094
0.207339,0.0113541
0.207941,0.0113987
0.208544,0.0114434
0.209147,0.0114881
0.20975,0.0115328
0.210352,0.0115775
0.210955,0.0116222
0.211558,0.0116669
0.212161,0.0117115
0.212764,0.0117562
0.213367,0.0118009
0.213969,0.0118456
0.214572,0.0118903
0.215175,0.011935
0.215778,0.0119797
0.216381,0.0120244
0.216984,0.0120691
0.217587,0.0121138
0.21819,0.0121585
0.218793,0.0122032
0.219395,0.0122479
0.219998,0.0122926
0.220601,0.0123373
0.221204,0.012382
0.221807,0.0124267
0.22241,0.0124714
0.223013,0.0125161
0.223616,0.0125608
0.224219,0.0126055
0.224822,0.0126502
0.225425,0.0126949
0.226028,0.0127396
0.226631,0.0127843
0.227234,0.012829
0.227837,0.0128737
0.228441,0.0129184
0.229044,0.0129631
0.229647,0.0130078
0.23025,0.0130525
0.230853,0.0130972
0.231456,0.013142
0.232059,0.0131867
0.232662,0.0132314
0.233265,0.0132761
0.233868,0.0133208
0.234472,0.0133655
0.235075,0.0134102
0.235678,0.0134549
0.236281,0.0134997
0.236884,0.0135444
0.237488,0.0135891
0.238091,0.0136338
0.238694,0.0136785
0.239297,0.0137233
0.2399,0.013768
0.240504,0.0138127
0.241107,0.0138574
0.24171,0.0139021
0.242313,0.0139469
0.242917,0.0139916
0.24352,0.0140363
0.244123,0.014081
0.244726,0.0141257
0.24533,0.0141705
0.245933,0.0142152
0.246536,0.0142599
0.24714,0.0143046
0.247743,0.0143494
0.248346,0.0143941
0.24895,0.0144388
0.249553,0.0144836
0.250156,0.0145283
0.25076,0.014573
0.251363,0.0146177
0.251966,0.0146625
0.25257,0.0147072
0.253173,0.0147519
0.253777,0.0147967
0.25438,0.0148414
0.254983,0.0148861
0.255587,0.0149309
0.25619,0.0149756
0.256794,0.0150203
0.257397,0.0150651
0.258,0.0151098
0.258604,0.0151545
0.259207,0.0151993
0.259811,0.015244
0.260414,0.0152887
0.261018,0.0153335
0.261621,0.0153782
0.262225,0.015423
0.262828,0.0154677
0.263432,0.0155124
0.264035,0.0155572
0.264639,0.0156019
0.265242,0.0156467
0.265846,0.0156914
0.266449,0.0157361
0.267053,0.0157809
0.267656,0.0158256
0.26826,0.0158704
0.268863,0.0159151
0.269467,0.0159599
0.270071,0.0160046
0.270674,0.0160493
0.271278,0.0160941
0.271881,0.0161388
0.272485,0.0161836
0.273088,0.0162283
0.273692,0.0162731
0.274296,0.0163178
0.274899,0.0163626
0.275503,0.0164073
0.276106,0.0164521
0.27671,0.0164968
0.277314,0.0165416
0.277917,0.0165863
0.278521,0.0166311
0.279125,0.0166758
0.279728,0.0167206
0.280332,0.0167653
0.280935,0.0168101
0.281539,0.0168548
0.282143,0.0168996
0.282746,0.0169443
0.28335,0.0169891
0.283954,0.0170338
0.284557,0.0170786
0.285161,0.0171233
0.285765,0.0171681
0.286369,0.0172128
0.286972,0.0172576
0.287576,0.0173024
0.28818,0.0173471
0.288783,0.0173919
0.289387,0.0174366
0.289991,0.0174814
0.290595,0.0175261
0.291198,0.0175709
0.291802,0.0176156
0.292406,0.0176604
0.293009,0.0177052
0.293613,0.0177499
0.294217,0.0177947
0.294821,0.0178394
0.295424,0.0178842
0.296028,0.017929
0.296632,0.0179737
0.297236,0.0180185
0.29784,0.0180632
0.298443,0.018108
0.299047,0.0181528
0.299651,0.0181975
0.300255,0.0182423
0.300858,0.018287
0.301462,0.0183318
0.302066,0.0183766
0.30267,0.0184213
0.303274,0.0184661
0.303877,0.0185108
0.304481,0.0185556
0.305085,0.0186004
0.305689,0.0186451
0.306293,0.0186899
0.306897,0.0187347
0.3075,0.0187794
0.308104,0.0188242
0.308708,0.018869
0.309312,0.0189137
0.309916,0.0189585
0.310519,0.0190032
0.311123,0.019048
0.311727,0.0190928
0.312331,0.0191375
0.312935,0.0191823
0.313539,0.0192271
0.314143,0.0192718
0.314746,0.0193166
0.31535,0.0193614
0.315954,0.0194061
0.316558,0.0194509
0.317162,0.0194957
0.317766,0.0195404
0.31837,0.0195852
0.318973,0.01963
0.319577,0.0196747
0.320181,0.0197195
0.320785,0.0197643
0.321389,0.019809
0.321993,0.0198538
0.322597,0.0198986
0.323201,0.0199434
0.323804,0.0199881
0.324408,0.0200329
0.325012,0.0200777
0.325616,0.0201224
0.32622,0.0201672
0.326824,0.020212
0.327428,0.0202567
0.328032,0.0203015
0.328636,0.0203463
0.32924,0.020391
0.329843,0.0204358
0.330447,0.0204806
0.331051,0.0205254
0.331655,0.0205701
0.332259,0.0206149
0.332863,0.0206597
0.333467,0.0207044
0.334071,0.0207492
0.334675,0.020794
0.335279,0.0208387
0.335882,0.0208835
0.336486,0.0209283
0.33709,0.0209731
0.337694,0.0210178
0.338298,0.0210626
0.338902,0.0211074
0.339506,0.0211521
0.34011,0.0211969
0.340714,0.0212417
0.341318,0.0212864
0.341922,0.0213312
0.342526,0.021376
0.343129,0.0214208
0.343733,0.0214655
0.344337,0.0215103
0.344941,0.0215551
0.345545,0.0215998
0.346149,0.0216446
0.346753,0.0216894
0.347368,0.0217342
0.348006,0.0217806
0.348667,0.0218287
0.349353,0.0218787
0.350063,0.0219304
0.3508,0.021984
0.351562,0.0220395
0.352352,0.0220971
0.353169,0.0221566
0.354015,0.0222183
0.35489,0.022282
0.355796,0.022348
0.356732,0.0224163
0.357699,0.0224868
0.358699,0.0225597
0.359732,0.022635
0.360798,0.0227128
0.361898,0.0227931
0.363034,0.022876
0.364204,0.0229615
0.365412,0.0230496
0.366655,0.0231404
0.367937,0.023234
0.369256,0.0233304
0.370613,0.0234296
0.372009,0.0235316
0.373444,0.0236366
0.374919,0.0237444
0.376433,0.0238552
0.377988,0.023969
0.379582,0.0240857
0.381217,0.0242054
0.382893,0.0243281
0.384608,0.0244538
0.386364,0.0245825
0.38816,0.0247142
0.389996,0.0248488
0.391871,0.0249864
0.393786,0.0251268
0.395739,0.0252702
0.397729,0.0254164
0.399757,0.0255654
0.401822,0.0257171
0.403922,0.0258715
0.406057,0.0260285
0.408225,0.026188
0.410425,0.0263499
0.412657,0.0265142
0.414918,0.0266808
0.417208,0.0268495
0.419524,0.0270203
0.421866,0.027193
0.424231,0.0273675
0.426618,0.0275436
0.429024,0.0277214
0.431449,0.0279005
0.43389,0.0280808
0.436344,0.0282623
0.438811,0.0284448
0.441287,0.028628
0.443771,0.0288119
0.44626,0.0289963
0.448753,0.029181
0.451247,0.0293659
-0.000298318,0.0219164
0.000298318,0.0219164
0.000894966,0.0219164
0.00149164,0.0219164
0.00208834,0.0219164
0.00268506,0.0219164
0.00328181,0.0219164
0.00387858,0.0219164
0.00447538,0.0219164
0.0050722,0.0219164
0.00566905,0.0219164
0.00626592,0.0219164
0.00686282,0.0219164
0.00745974,0.0219164
0.00805669,0.0219164
0.00865366,0.0219164
0.00925066,0.0219164
0.00984768,0.0219164
0.0104447,0.0219164
0.0110418,0.0219164
0.0116389,0.0219164
0.012236,0.0219164
0.0128331,0.0219164
0.0134303,0.0219164
0.0140275,0.0219164
0.0146247,0.0219164
0.0152219,0.0219164
0.0158192,0.0219164
0.0164165,0.0219164
0.0170138,0.0219164
0.0176111,0.0219164
0.0182085,0.0219164
0.0188059,0.0219164
0.0194033,0.0219164
0.0200007,0.0219164
0.0205982,0.0219164
0.0211956,0.0219164
0.0217931,0.0219164
0.0223907,0.0219164
0.0229882,0.0219164
0.0235858,0.0219164
0.0241834,0.0219164
0.024781,0.0219164
0.0253786,0.0219164
0.0259763,0.0219164
0.026574,0.0219164
0.0271717,0.0219164
0.0277694,0.0219164
0.0283672,0.0219164
0.028965,0.0219164
0.0295628,0.0219164
0.0301606,0.0219164
0.0307585,0.0219164
0.0313563,0.0219164
0.0319542,0.0219164
0.0325521,0.0219164
0.0331501,0.0219164
0.033748,0.0219164
0.034346,0.0219164
0.034944,0.0219164
0.0355421,0.0219164
0.0361401,0.0219164
0.0367382,0.0219164
0.0373363,0.0219164
0.0379344,0.0219164
0.0385326,0.0219164
0.0391307,0.0219164
0.0397289,0.0219164
0.0403271,0.0219164
0.0409254,0.0219164
0.0415236,0.0219164
0.0421219,0.0219164
0.0427202,0.0219164
0.0433185,0.0219164
0.0439169,0.0219164
0.0445152,0.0219164
0.0451136,0.0219164
0.045712,0.0219164
0.0463105,0.0219164
0.0469089,0.0219164
0.0475074,0.0219164
0.0481059,0.0219164
0.0487044,0.0219164
0.0493029,0.0219164
0.0499015,0.0219164
0.0505001,0.0219164
0.0510987,0.0219164
0.0516973,0.0217703
0.052296,0.0216241
0.0528946,0.021478
0.0534933,0.0213318
0.054092,0.0211857
0.0546908,0.0210395
0.0552895,0.0208934
0.0558883,0.0207472
0.0564871,0.020601
0.0570859,0.0204548
0.0576848,0.0203086
0.0582836,0.0201624
0.0588825,0.0200162
0.0594814,0.01987
0.0600803,0.0197238
0.0606793,0.0195776
0.0612782,0.0194314
0.0618772,0.0192852
0.0624762,0.019139
0.0630753,0.0189927
0.0636743,0.0188465
0.0642734,0.0187002
0.0648725,0.018554
0.0654716,0.0184077
0.0660707,0.0182615
0.0666698,0.0181152
0.067269,0.0179689
0.0678682,0.0178227
0.0684674,0.0176764
0.0690667,0.0175301
0.0696659,0.0173838
0.0702652,0.0172375
0.0708645,0.0170912
0.0714638,0.0169449
0.0720631,0.0167986
0.0726625,0.0166523
0.0732618,0.016506
0.0738612,0.0163597
0.0744606,0.0162133
0.0750601,0.016067
0.0756595,0.0159207
0.076259,0.0157743
0.0768585,0.015628
0.077458,0.0154816
0.0780575,0.0153353
0.0786571,0.0151889
0.0792566,0.0150425
0.0798562,0.0148962
0.0804558,0.0147498
0.0810555,0.0146034
0.0816551,0.014457
0.0822548,0.0143106
0.0828545,0.0141642
0.0834542,0.0140178
0.0840539,0.0138714
0.0846536,0.013725
0.0852534,0.0135786
0.0858532,0.0134322
0.086453,0.0132476
0.0870528,0.0130629
0.0876526,0.0128783
0.0882525,0.0126937
0.0888524,0.012509
0.0894522,0.0123244
0.0900522,0.0121397
0.0906521,0.0119551
0.091252,0.0117704
0.091852,0.0115857
0.092452,0.0114011
0.093052,0.0112164
0.093652,0.0110317
0.0942521,0.010847
0.0948521,0.0106623
0.0954522,0.0104776
0.0960523,0.0102929
0.0966524,0.0101082
0.0972526,0.0100699
0.0978527,0.0100317
0.0984529,0.00999351
0.0990531,0.00995529
0.0996533,0.00991707
0.100253,0.00987884
0.100854,0.00984062
0.101454,0.00980239
0.102054,0.00976417
0.102655,0.00972594
0.103255,0.00968771
0.103855,0.00964948
0.104456,0.00961125
0.105056,0.00957301
0.105656,0.00953478
0.106257,0.00949655
0.106857,0.00945831
0.107458,0.00942007
0.108058,0.00938184
0.108659,0.0093436
0.109259,0.00930536
0.109859,0.00926711
0.11046,0.00926711
0.111061,0.00926711
0.111661,0.00926711
0.112262,0.00926711
0.112862,0.00926711
0.113463,0.00926711
0.114064,0.00926711
0.114664,0.00926711
0.115265,0.00926711
0.115866,0.00926711
0.116466,0.00926711
0.117067,0.00926711
0.117668,0.00926711
0.118268,0.00926711
0.118869,0.00926711
0.11947,0.00926711
0.120071,0.00926711
0.120672,0.00926711
0.121272,0.00926711
0.121873,0.00926711
0.122474,0.00926711
0.123075,0.00926711
0.123676,0.00926711
0.124277,0.00926711
0.124878,0.00926711
0.125479,0.00926711
0.12608,0.00926711
0.126681,0.00926711
0.127282,0.00926711
0.127883,0.00926711
0.128484,0.00926711
0.129085,0.00926711
0.129686,0.00926711
0.130287,0.00926711
0.130888,0.00926711
0.131489,0.00926711
0.13209,0.00926711
0.132691,0.00926711
0.133292,0.00926711
0.133893,0.00926711
0.134495,0.00926711
0.135096,0.00926711
0.135697,0.00926711
0.136298,0.00926711
0.1369,0.00926711
0.137501,0.00926711
0.138102,0.00926711
0.138703,0.00926711
0.139305,0.00926711
0.139906,0.00926711
0.140507,0.00926711
0.141109,0.00926711
0.14171,0.00926711
0.142311,0.00926711
0.142913,0.00926711
0.143514,0.00926711
0.144116,0.00926711
0.144717,0.00926711
0.145318,0.00926711
0.14592,0.00926711
0.146521,0.00926711
0.147123,0.00926711
0.147724,0.00926711
0.148326,0.00926711
0.148927,0.00926711
0.149529,0.00926711
0.150131,0.00926711
0.150732,0.00926711
0.151334,0.00926711
0.151935,0.00926711
0.152537,0.00926711
0.153139,0.00926711
0.15374,0.00926711
0.154342,0.00926711
0.154944,0.00926711
0.155545,0.00926711
0.156147,0.00926711
0.156749,0.00926711
0.157351,0.00926711
0.157952,0.00926711
0.158554,0.00926711
0.159156,0.00926711
0.159758,0.00926711
0.160359,0.00926711
0.160961,0.00926711
0.161563,0.00926711
0.162165,0.00926711
0.162767,0.00926711
0.163369,0.00926711
0.163971,0.00926711
0.164572,0.00926711
0.165174,0.00926711
0.165776,0.00926711
0.166378,0.00926711
0.16698,0.00926711
0.167582,0.00926711
0.168184,0.00926711
0.168786,0.00926711
0.169388,0.00926711
0.16999,0.00926711
0.170592,0.00926711
0.171194,0.00926711
0.171796,0.00926711
0.172398,0.00926711
0.173,0.00926711
0.173602,0.00926711
0.174205,0.00926711
0.174807,0.00926711
0.175409,0.00926711
0.176011,0.00926711
0.176613,0.00931292
0.177215,0.00935872
0.177817,0.00940453
0.17842,0.00945034
0.179022,0.00949614
0.179624,0.00954195
0.180226,0.00958776
0.180829,0.00963357
0.181431,0.00967938
0.182033,0.0097252
0.182635,0.00977101
0.183238,0.00981683
0.18384,0.00986264
0.184442,0.00990846
0.185045,0.00995427
0.185647,0.0100001
0.186249,0.0100459
0.186852,0.0100917
0.187454,0.0101375
0.188056,0.0101834
0.188659,0.0102292
0.189261,0.010275
0.189864,0.0103208
0.190466,0.0103667
0.191069,0.0104125
0.191671,0.0104583
0.192273,0.0105041
0.192876,0.01055
0.193478,0.0105958
0.194081,0.0106416
0.194683,0.0106875
0.195286,0.0107333
0.195888,0.0107791
0.196491,0.010825
0.197094,0.0108708
0.197696,0.0109166
0.198299,0.0109625
0.198901,0.0110083
0.199504,0.0110541
0.200107,0.0111
0.200709,0.0111458
0.201312,0.0111917
0.201914,0.0112375
0.202517,0.0112833
0.20312,0.0113292
0.203722,0.011375
0.204325,0.0114209
0.204928,0.0114667
0.20553,0.0115126
0.206133,0.0115584
0.206736,0.0116043
0.207339,0.0116501
0.207941,0.011696
0.208544,0.0117418
0.209147,0.0117877
0.20975,0.0118335
0.210352,0.0118794
0.210955,0.0119252
0.211558,0.0119711
0.212161,0.0120169
0.212764,0.0120628
0.213367,0.0121086
0.213969,0.0121545
0.214572,0.0122003
0.215175,0.0122462
0.215778,0.0122921
0.216381,0.0123379
0.216984,0.0123838
0.217587,0.0124296
0.21819,0.0124755
0.218793,0.0125214
0.219395,0.0125672
0.219998,0.0126131
0.220601,0.012659
0.221204,0.0127048
0.221807,0.0127507
0.22241,0.0127966
0.223013,0.0128424
0.223616,0.0128883
0.224219,0.0129342
0.224822,0.01298
0.225425,0.0130259
0.226028,0.0130718
0.226631,0.0131176
0.227234,0.0131635
0.227837,0.0132094
0.228441,0.0132553
0.229044,0.0133011
0.229647,0.013347
0.23025,0.0133929
0.230853,0.0134388
0.231456,0.0134846
0.232059,0.0135305
0.232662,0.0135764
0.233265,0.0136223
0.233868,0.0136681
0.234472,0.013714
0.235075,0.0137599
0.235678,0.0138058
0.236281,0.0138517
0.236884,0.0138975
0.237488,0.0139434
0.238091,0.0139893
0.238694,0.0140352
0.239297,0.0140811
0.2399,0.014127
0.240504,0.0141729
0.241107,0.0142187
0.24171,0.0142646
0.242313,0.0143105
0.242917,0.0143564
0.24352,0.0144023
0.244123,0.0144482
0.244726,0.0144941
0.24533,0.01454
0.245933,0.0145859
0.246536,0.0146317
0.24714,0.0146776
0.247743,0.0147235
0.248346,0.0147694
0.24895,0.0148153
0.249553,0.0148612
0.250156,0.0149071
0.25076,0.014953
0.251363,0.0149989
0.251966,0.0150448
0.25257,0.0150907
0.253173,0.0151366
0.253777,0.0151825
0.25438,0.0152284
0.254983,0.0152743
0.255587,0.0153202
0.25619,0.0153661
0.256794,0.015412
0.257397,0.0154579
0.258,0.0155038
0.258604,0.0155497
0.259207,0.0155956
0.259811,0.0156415
0.260414,0.0156874
0.261018,0.0157333
0.261621,0.0157792
0.262225,0.0158251
0.262828,0.015871
0.263432,0.0159169
0.264035,0.0159628
0.264639,0.0160087
0.265242,0.0160546
0.265846,0.0161006
0.266449,0.0161465
0.267053,0.0161924
0.267656,0.0162383
0.26826,0.0162842
0.268863,0.0163301
0.269467,0.016376
0.270071,0.0164219
0.270674,0.0164678
0.271278,0.0165137
0.271881,0.0165597
0.272485,0.0166056
0.273088,0.0166515
0.273692,0.0166974
0.274296,0.0167433
0.274899,0.0167892
0.275503,0.0168351
0.276106,0.0168811
0.27671,0.016927
0.277314,0.0169729
0.277917,0.0170188
0.278521,0.0170647
0.279125,0.0171106
0.279728,0.0171566
0.280332,0.0172025
0.280935,0.0172484
0.281539,0.0172943
0.282143,0.0173402
0.282746,0.0173861
0.28335,0.0174321
0.283954,0.017478
0.284557,0.0175239
0.285161,0.0175698
0.285765,0.0176157
0.286369,0.0176617
0.286972,0.0177076
0.287576,0.0177535
0.28818,0.0177994
0.288783,0.0178454
0.289387,0.0178913
0.289991,0.0179372
0.290595,0.0179831
0.291198,0.018029
0.291802,0.018075
0.292406,0.0181209
0.293009,0.0181668
0.293613,0.0182127
0.294217,0.0182587
0.294821,0.0183046
0.295424,0.0183505
0.296028,0.0183964
0.296632,0.0184424
0.297236,0.0184883
0.29784,0.0185342
0.298443,0.0185802
0.299047,0.0186261
0.299651,0.018672
0.300255,0.0187179
0.300858,0.0187639
0.301462,0.0188098
0.302066,0.0188557
0.30267,0.0189017
0.303274,0.0189476
0.303877,0.0189935
0.304481,0.0190394
0.305085,0.0190854
0.305689,0.0191313
0.306293,0.0191772
0.306897,0.0192232
0.3075,0.0192691
0.308104,0.019315
0.308708,0.019361
0.309312,0.0194069
0.309916,0.0194528
0.310519,0.0194988
0.311123,0.0195447
0.311727,0.0195906
0.312331,0.0196366
0.312935,0.0196825
0.313539,0.0197284
0.314143,0.0197744
0.314746,0.0198203
0.31535,0.0198662
0.315954,0.0199122
0.316558,0.0199581
0.317162,0.020004
0.317766,0.02005
0.31837,0.0200959
0.318973,0.0201418
0.319577,0.0201878
0.320181,0.0202337
0.320785,0.0202796
0.321389,0.0203256
0.321993,0.0203715
0.322597,0.0204174
0.323201,0.0204634
0.323804,0.0205093
0.324408,0.0205552
0.325012,0.0206012
0.325616,0.0206471
0.32622,0.0206931
0.326824,0.020739
0.327428,0.0207849
0.328032,0.0208309
0.328636,0.0208768
0.32924,0.0209227
0.329843,0.0209687
0.330447,0.0210146
0.331051,0.0210605
0.331655,0.0211065
0.332259,0.0211524
0.332863,0.0211984
0.333467,0.0212443
0.334071,0.0212902
0.334675,0.0213362
0.335279,0.0213821
0.335882,0.021428
0.336486,0.021474
0.33709,0.0215199
0.337694,0.0215659
0.338298,0.0216118
0.338902,0.0216577
0.339506,0.0217037
0.34011,0.0217496
0.340714,0.0217956
0.341318,0.0218415
0.341922,0.0218874
0.342526,0.0219334
0.343129,0.0219793
0.343733,0.0220252
0.344337,0.0220712
0.344941,0.0221171
0.345545,0.0221631
0.346149,0.022209
0.346753,0.0222549
0.347368,0.0223009
0.348006,0.0223485
0.348667,0.0223979
0.349353,0.0224491
0.350063,0.0225022
0.3508,0.0225572
0.351562,0.0226142
0.352352,0.0226732
0.353169,0.0227343
0.354015,0.0227976
0.35489,0.022863
0.355796,0.0229308
0.356732,0.0230008
0.357699,0.0230732
0.358699,0.023148
0.359732,0.0232252
0.360798,0.0233051
0.361898,0.0233875
0.363034,0.0234725
0.364204,0.0235602
0.365412,0.0236506
0.366655,0.0237438
0.367937,0.0238398
0.369256,0.0239387
0.370613,0.0240405
0.372009,0.0241452
0.373444,0.0242529
0.374919,0.0243636
0.376433,0.0244772
0.377988,0.024594
0.379582,0.0247137
0.381217,0.0248366
0.382893,0.0249625
0.384608,0.0250914
0.386364,0.0252235
0.38816,0.0253586
0.389996,0.0254967
0.391871,0.0256379
0.393786,0.025782
0.395739,0.0259291
0.397729,0.0260791
0.399757,0.026232
0.401822,0.0263877
0.403922,0.0265461
0.406057,0.0267071
0.408225,0.0268708
0.410425,0.027037
0.412657,0.0272056
0.414918,0.0273765
0.417208,0.0275496
0.419524,0.0277248
0.421866,0.027902
0.424231,0.0280811
0.426618,0.0282618
0.429024,0.0284442
0.431449,0.028628
0.43389,0.028813
0.436344,0.0289993
0.438811,0.0291865
0.441287,0.0293745
0.443771,0.0295632
0.44626,0.0297524
0.448753,0.0299419
0.451247,0.0301316
-0.000298318,0.0223716
0.000298318,0.0223716
0.000894966,0.0223716
0.00149164,0.0223716
0.00208834,0.0223716
0.00268506,0.0223716
0.00328181,0.0223716
0.00387858,0.0223716
0.00447538,0.0223716
0.0050722,0.0223716
0.00566905,0.0223716
0.00626592,0.0223716
0.00686282,0.0223716
0.00745974,0.0223716
0.00805669,0.0223716
0.00865366,0.0223716
0.00925066,0.0223716
0.00984768,0.0223716
0.0104447,0.0223716
0.0110418,0.0223716
0.0116389,0.0223716
0.012236,0.0223716
0.0128331,0.0223716
0.0134303,0.0223716
0.0140275,0.0223716
0.0146247,0.0223716
0.0152219,0.0223716
0.0158192,0.0223716
0.0164165,0.0223716
0.0170138,0.0223716
0.0176111,0.0223716
0.0182085,0.0223716
0.0188059,0.0223716
0.0194033,0.0223716
0.0200007,0.0223716
0.0205982,0.0223716
0.0211956,0.0223716
0.0217931,0.0223716
0.0223907,0.0223716
0.0229882,0.0223716
0.0235858,0.0223716
0.0241834,0.0223716
0.024781,0.0223716
0.0253786,0.0223716
0.0259763,0.0223716
0.026574,0.0223716
0.0271717,0.0223716
0.0277694,0.0223716
0.0283672,0.0223716
0.028965,0.0223716
0.0295628,0.0223716
0.0301606,0.0223716
0.0307585,0.0223716
0.0313563,0.0223716
0.0319542,0.0223716
0.0325521,0.0223716
0.0331501,0.0223716
0.033748,0.0223716
0.034346,0.0223716
0.034944,0.0223716
0.0355421,0.0223716
0.0361401,0.0223716
0.0367382,0.0223716
0.0373363,0.0223716
0.0379344,0.0223716
0.0385326,0.0223716
0.0391307,0.0223716
0.0397289,0.0223716
0.0403271,0.0223716
0.0409254,0.0223716
0.0415236,0.0223716
0.0421219,0.0223716
0.0427202,0.0223716
0.0433185,0.0223716
0.0439169,0.0223716
0.0445152,0.0223716
0.0451136,0.0223716
0.045712,0.0223716
0.0463105,0.0223716
0.0469089,0.0223716
0.0475074,0.0223716
0.0481059,0.0223716
0.0487044,0.0223716
0.0493029,0.0223716
0.0499015,0.0223716
0.0505001,0.0223716
0.0510987,0.0223716
0.0516973,0.0222218
0.052296,0.0220719
0.0528946,0.021922
0.0534933,0.0217722
0.054092,0.0216223
0.0546908,0.0214724
0.0552895,0.0213226
0.0558883,0.0211727
0.0564871,0.0210228
0.0570859,0.0208729
0.0576848,0.020723
0.0582836,0.0205731
0.0588825,0.0204232
0.0594814,0.0202732
0.0600803,0.0201233
0.0606793,0.0199734
0.0612782,0.0198235
0.0618772,0.0196735
0.0624762,0.0195236
0.0630753,0.0193736
0.0636743,0.0192237
0.0642734,0.0190737
0.0648725,0.0189237
0.0654716,0.0187738
0.0660707,0.0186238
0.0666698,0.0184738
0.067269,0.0183238
0.0678682,0.0181738
0.0684674,0.0180238
0.0690667,0.0178738
0.0696659,0.0177238
0.0702652,0.0175738
0.0708645,0.0174238
0.0714638,0.0172738
0.0720631,0.0171238
0.0726625,0.0169737
0.0732618,0.0168237
0.0738612,0.0166737
0.0744606,0.0165236
0.0750601,0.0163736
0.0756595,0.0162235
0.076259,0.0160735
0.0768585,0.0159234
0.077458,0.0157733
0.0780575,0.0156232
0.0786571,0.0154732
0.0792566,0.0153231
0.0798562,0.015173
0.0804558,0.0150229
0.0810555,0.0148728
0.0816551,0.0147227
0.0822548,0.0145726
0.0828545,0.0144225
0.0834542,0.0142723
0.0840539,0.0141222
0.0846536,0.0139721
0.0852534,0.013822
0.0858532,0.0136718
0.086453,0.0134851
0.0870528,0.0132983
0.0876526,0.0131115
0.0882525,0.0129247
0.0888524,0.0127379
0.0894522,0.0125511
0.0900522,0.0123643
0.0906521,0.0121775
0.091252,0.0119907
0.091852,0.0118039
0.092452,0.011617
0.093052,0.0114302
0.093652,0.0112434
0.0942521,0.0110565
0.0948521,0.0108697
0.0954522,0.0106828
0.0960523,0.0104959
0.0966524,0.0103091
0.0972526,0.0102724
0.0978527,0.0102358
0.0984529,0.0101991
0.0990531,0.0101625
0.0996533,0.0101258
0.100253,0.0100892
0.100854,0.0100525
0.101454,0.0100159
0.102054,0.00997919
0.102655,0.00994253
0.103255,0.00990588
0.103855,0.00986922
0.104456,0.00983255
0.105056,0.00979589
0.105656,0.00975923
0.106257,0.00972256
0.106857,0.0096859
0.107458,0.00964923
0.108058,0.00961256
0.108659,0.0095759
0.109259,0.00953923
0.109859,0.00950255
0.11046,0.00950255
0.111061,0.00950255
0.111661,0.00950255
0.112262,0.00950255
0.112862,0.00950255
0.113463,0.00950255
0.114064,0.00950255
0.114664,0.00950255
0.115265,0.00950255
0.115866,0.00950255
0.116466,0.00950255
0.117067,0.00950255
0.117668,0.00950255
0.118268,0.00950255
0.118869,0.00950255
0.11947,0.00950255
0.120071,0.00950255
0.120672,0.00950255
0.121272,0.00950255
0.121873,0.00950255
0.122474,0.00950255
0.123075,0.00950255
0.123676,0.00950255
0.124277,0.00950255
0.124878,0.00950255
0.125479,0.00950255
0.12608,0.00950255
0.126681,0.00950255
0.127282,0.00950255
0.127883,0.00950255
0.128484,0.00950255
0.129085,0.00950255
0.129686,0.00950255
0.130287,0.00950255
0.130888,0.00950255
0.131489,0.00950255
0.13209,0.00950255
0.132691,0.00950255
0.133292,0.00950255
0.133893,0.00950255
0.134495,0.00950255
0.135096,0.00950255
0.135697,0.00950255
0.136298,0.00950255
0.1369,0.00950255
0.137501,0.00950255
0.138102,0.00950255
0.138703,0.00950255
0.139305,0.00950255
0.139906,0.00950255
0.140507,0.00950255
0.141109,0.00950255
0.14171,0.00950255
0.142311,0.00950255
0.142913,0.00950255
0.143514,0.00950255
0.144116,0.00950255
0.144717,0.00950255
0.145318,0.00950255
0.14592,0.00950255
0.146521,0.00950255
0.147123,0.00950255
0.147724,0.00950255
0.148326,0.00950255
0.148927,0.00950255
0.149529,0.00950255
0.150131,0.00950255
0.150732,0.00950255
0.151334,0.00950255
0.151935,0.00950255
0.152537,0.00950255
0.153139,0.00950255
0.15374,0.00950255
0.154342,0.00950255
0.154944,0.00950255
0.155545,0.00950255
0.156147,0.00950255
0.156749,0.00950255
0.157351,0.00950255
0.157952,0.00950255
0.158554,0.00950255
0.159156,0.00950255
0.159758,0.00950255
0.160359,0.00950255
0.160961,0.00950255
0.161563,0.00950255
0.162165,0.00950255
0.162767,0.00950255
0.163369,0.00950255
0.163971,0.00950255
0.164572,0.00950255
0.165174,0.00950255
0.165776,0.00950255
0.166378,0.00950255
0.16698,0.00950255
0.167582,0.00950255
0.168184,0.00950255
0.168786,0.00950255
0.169388,0.00950255
0.16999,0.00950255
0.170592,0.00950255
0.171194,0.00950255
0.171796,0.00950255
0.172398,0.00950255
0.173,0.00950255
0.173602,0.00950255
0.174205,0.00950255
0.174807,0.00950255
0.175409,0.00950255
0.176011,0.00950255
0.176613,0.00954952
0.177215,0.00959649
0.177817,0.00964346
0.17842,0.00969043
0.179022,0.0097374
0.179624,0.00978438
0.180226,0.00983135
0.180829,0.00987832
0.181431,0.0099253
0.182033,0.00997227
0.182635,0.0100193
0.183238,0.0100662
0.18384,0.0101132
0.184442,0.0101602
0.185045,0.0102072
0.185647,0.0102542
0.186249,0.0103011
0.186852,0.0103481
0.187454,0.0103951
0.188056,0.0104421
0.188659,0.0104891
0.189261,0.0105361
0.189864,0.0105831
0.190466,0.01063
0.191069,0.010677
0.191671,0.010724
0.192273,0.010771
0.192876,0.010818
0.193478,0.010865
0.194081,0.010912
0.194683,0.010959
0.195286,0.011006
0.195888,0.011053
0.196491,0.0111
0.197094,0.011147
0.197696,0.011194
0.198299,0.011241
0.198901,0.011288
0.199504,0.011335
0.200107,0.011382
0.200709,0.011429
0.201312,0.011476
0.201914,0.011523
0.202517,0.01157
0.20312,0.011617
0.203722,0.011664
0.204325,0.011711
0.204928,0.011758
0.20553,0.0118051
0.206133,0.0118521
0.206736,0.0118991
0.207339,0.0119461
0.207941,0.0119931
0.208544,0.0120401
0.209147,0.0120871
0.20975,0.0121341
0.210352,0.0121812
0.210955,0.0122282
0.211558,0.0122752
0.212161,0.0123222
0.212764,0.0123692
0.213367,0.0124163
0.213969,0.0124633
0.214572,0.0125103
0.215175,0.0125573
0.215778,0.0126044
0.216381,0.0126514
0.216984,0.0126984
0.217587,0.0127454
0.21819,0.0127925
0.218793,0.0128395
0.219395,0.0128865
0.219998,0.0129335
0.220601,0.0129806
0.221204,0.0130276
0.221807,0.0130746
0.22241,0.0131217
0.223013,0.0131687
0.223616,0.0132157
0.224219,0.0132628
0.224822,0.0133098
0.225425,0.0133568
0.226028,0.0134039
0.226631,0.0134509
0.227234,0.0134979
0.227837,0.013545
0.228441,0.013592
0.229044,0.0136391
0.229647,0.0136861
0.23025,0.0137331
0.230853,0.0137802
0.231456,0.0138272
0.232059,0.0138743
0.232662,0.0139213
0.233265,0.0139684
0.233868,0.0140154
0.234472,0.0140624
0.235075,0.0141095
0.235678,0.0141565
0.236281,0.0142036
0.236884,0.0142506
0.237488,0.0142977
0.238091,0.0143447
0.238694,0.0143918
0.239297,0.0144388
0.2399,0.0144859
0.240504,0.0145329
0.241107,0.01458
0.24171,0.014627
0.242313,0.0146741
0.242917,0.0147211
0.24352,0.0147682
0.244123,0.0148153
0.244726,0.0148623
0.24533,0.0149094
0.245933,0.0149564
0.246536,0.0150035
0.24714,0.0150505
0.247743,0.0150976
0.248346,0.0151447
0.24895,0.0151917
0.249553,0.0152388
0.250156,0.0152858
0.25076,0.0153329
0.251363,0.01538
0.251966,0.015427
0.25257,0.0154741
0.253173,0.0155211
0.253777,0.0155682
0.25438,0.0156153
0.254983,0.0156623
0.255587,0.0157094
0.25619,0.0157565
0.256794,0.0158035
0.257397,0.0158506
0.258,0.0158977
0.258604,0.0159447
0.259207,0.0159918
0.259811,0.0160389
0.260414,0.016086
0.261018,0.016133
0.261621,0.0161801
0.262225,0.0162272
0.262828,0.0162742
0.263432,0.0163213
0.264035,0.0163684
0.264639,0.0164155
0.265242,0.0164625
0.265846,0.0165096
0.266449,0.0165567
0.267053,0.0166038
0.267656,0.0166508
0.26826,0.0166979
0.268863,0.016745
0.269467,0.0167921
0.270071,0.0168391
0.270674,0.0168862
0.271278,0.0169333
0.271881,0.0169804
0.272485,0.0170274
0.273088,0.0170745
0.273692,0.0171216
0.274296,0.0171687
0.274899,0.0172158
0.275503,0.0172628
0.276106,0.0173099
0.27671,0.017357
0.277314,0.0174041
0.277917,0.0174512
0.278521,0.0174983
0.279125,0.0175453
0.279728,0.0175924
0.280332,0.0176395
0.280935,0.0176866
0.281539,0.0177337
0.282143,0.0177808
0.282746,0.0178279
0.28335,0.0178749
0.283954,0.017922
0.284557,0.0179691
0.285161,0.0180162
0.285765,0.0180633
0.286369,0.0181104
0.286972,0.0181575
0.287576,0.0182046
0.28818,0.0182516
0.288783,0.0182987
0.289387,0.0183458
0.289991,0.0183929
0.290595,0.01844
0.291198,0.0184871
0.291802,0.0185342
0.292406,0.0185813
0.293009,0.0186284
0.293613,0.0186755
0.294217,0.0187226
0.294821,0.0187696
0.295424,0.0188167
0.296028,0.0188638
0.296632,0.0189109
0.297236,0.018958
0.29784,0.0190051
0.298443,0.0190522
0.299047,0.0190993
0.299651,0.0191464
0.300255,0.0191935
0.300858,0.0192406
0.301462,0.0192877
0.302066,0.0193348
0.30267,0.0193819
0.303274,0.019429
0.303877,0.0194761
0.304481,0.0195232
0.305085,0.0195703
0.305689,0.0196174
0.306293,0.0196645
0.306897,0.0197115
0.3075,0.0197586
0.308104,0.0198057
0.308708,0.0198528
0.309312,0.0198999
0.309916,0.019947
0.310519,0.0199941
0.311123,0.0200412
0.311727,0.0200883
0.312331,0.0201354
0.312935,0.0201825
0.313539,0.0202296
0.314143,0.0202767
0.314746,0.0203238
0.31535,0.0203709
0.315954,0.020418
0.316558,0.0204651
0.317162,0.0205122
0.317766,0.0205593
0.31837,0.0206064
0.318973,0.0206535
0.319577,0.0207006
0.320181,0.0207478
0.320785,0.0207949
0.321389,0.020842
0.321993,0.0208891
0.322597,0.0209362
0.323201,0.0209833
0.323804,0.0210304
0.324408,0.0210775
0.325012,0.0211246
0.325616,0.0211717
0.32622,0.0212188
0.326824,0.0212659
0.327428,0.021313
0.328032,0.0213601
0.328636,0.0214072
0.32924,0.0214543
0.329843,0.0215014
0.330447,0.0215485
0.331051,0.0215956
0.331655,0.0216427
0.332259,0.0216898
0.332863,0.0217369
0.333467,0.021784
0.334071,0.0218311
0.334675,0.0218782
0.335279,0.0219253
0.335882,0.0219724
0.336486,0.0220196
0.33709,0.0220667
0.337694,0.0221138
0.338298,0.0221609
0.338902,0.022208
0.339506,0.0222551
0.34011,0.0223022
0.340714,0.0223493
0.341318,0.0223964
0.341922,0.0224435
0.342526,0.0224906
0.343129,0.0225377
0.343733,0.0225848
0.344337,0.0226319
0.344941,0.022679
0.345545,0.0227261
0.346149,0.0227732
0.346753,0.0228203
0.347368,0.0228674
0.348006,0.0229163
0.348667,0.022967
0.349353,0.0230195
0.350063,0.0230739
0.3508,0.0231303
0.351562,0.0231888
0.352352,0.0232493
0.353169,0.0233119
0.354015,0.0233768
0.35489,0.0234439
0.355796,0.0235133
0.356732,0.0235851
0.357699,0.0236594
0.358699,0.0237361
0.359732,0.0238153
0.360798,0.0238971
0.361898,0.0239816
0.363034,0.0240688
0.364204,0.0241588
0.365412,0.0242515
0.366655,0.0243471
0.367937,0.0244455
0.369256,0.0245469
0.370613,0.0246513
0.372009,0.0247587
0.373444,0.0248691
0.374919,0.0249825
0.376433,0.0250991
0.377988,0.0252188
0.379582,0.0253416
0.381217,0.0254676
0.382893,0.0255967
0.384608,0.0257289
0.386364,0.0258643
0.38816,0.0260028
0.389996,0.0261445
0.391871,0.0262892
0.393786,0.026437
0.395739,0.0265879
0.397729,0.0267417
0.399757,0.0268984
0.401822,0.0270581
0.403922,0.0272205
0.406057,0.0273857
0.408225,0.0275535
0.410425,0.0277239
0.412657,0.0278968
0.414918,0.028072
0.417208,0.0282495
0.419524,0.0284292
0.421866,0.0286109
0.424231,0.0287945
0.426618,0.0289799
0.429024,0.0291668
0.431449,0.0293553
0.43389,0.0295451
0.436344,0.029736
0.438811,0.029928
0.441287,0.0301208
0.443771,0.0303143
0.44626,0.0305083
0.448753,0.0307026
0.451247,0.0308972
-0.000298318,0.0228267
0.000298318,0.0228267
0.000894966,0.0228267
0.00149164,0.0228267
0.00208834,0.0228267
0.00268506,0.0228267
0.00328181,0.0228267
0.00387858,0.0228267
0.00447538,0.0228267
0.0050722,0.0228267
0.00566905,0.0228267
0.00626592,0.0228267
0.00686282,0.0228267
0.00745974,0.0228267
0.00805669,0.0228267
0.00865366,0.0228267
0.00925066,0.0228267
0.00984768,0.0228267
0.0104447,0.0228267
0.0110418,0.0228267
0.0116389,0.0228267
0.012236,0.0228267
0.0128331,0.0228267
0.0134303,0.0228267
0.0140275,0.0228267
0.0146247,0.0228267
0.0152219,0.0228267
0.0158192,0.0228267
0.0164165,0.0228267
0.0170138,0.0228267
0.0176111,0.0228267
0.0182085,0.0228267
0.0188059,0.0228267
0.0194033,0.0228267
0.0200007,0.0228267
0.0205982,0.0228267
0.0211956,0.0228267
0.0217931,0.0228267
0.0223907,0.0228267
0.0229882,0.0228267
0.0235858,0.0228267
0.0241834,0.0228267
0.024781,0.0228267
0.0253786,0.0228267
0.0259763,0.0228267
0.026574,0.0228267
0.0271717,0.0228267
0.0277694,0.0228267
0.0283672,0.0228267
0.028965,0.0228267
0.0295628,0.0228267
0.0301606,0.0228267
0.0307585,0.0228267
0.0313563,0.0228267
0.0319542,0.0228267
0.0325521,0.0228267
0.0331501,0.0228267
0.033748,0.0228267
0.034346,0.0228267
0.034944,0.0228267
0.0355421,0.0228267
0.0361401,0.0228267
0.0367382,0.0228267
0.0373363,0.0228267
0.0379344,0.0228267
0.0385326,0.0228267
0.0391307,0.0228267
0.0397289,0.0228267
0.0403271,0.0228267
0.0409254,0.0228267
0.0415236,0.0228267
0.0421219,0.0228267
0.0427202,0.0228267
0.0433185,0.0228267
0.0439169,0.0228267
0.0445152,0.0228267
0.0451136,0.0228267
0.045712,0.0228267
0.0463105,0.0228267
0.0469089,0.0228267
0.0475074,0.0228267
0.0481059,0.0228267
0.0487044,0.0228267
0.0493029,0.0228267
0.0499015,0.0228267
0.0505001,0.0228267
0.0510987,0.0228267
0.0516973,0.0226731
0.052296,0.0225195
0.0528946,0.022366
0.0534933,0.0222124
0.054092,0.0220588
0.0546908,0.0219052
0.0552895,0.0217516
0.0558883,0.021598
0.0564871,0.0214444
0.0570859,0.0212908
0.0576848,0.0211372
0.0582836,0.0209836
0.0588825,0.0208299
0.0594814,0.0206763
0.0600803,0.0205227
0.0606793,0.020369
0.0612782,0.0202154
0.0618772,0.0200617
0.0624762,0.0199081
0.0630753,0.0197544
0.0636743,0.0196007
0.0642734,0.0194471
0.0648725,0.0192934
0.0654716,0.0191397
0.0660707,0.018986
0.0666698,0.0188323
0.067269,0.0186786
0.0678682,0.0185249
0.0684674,0.0183712
0.0690667,0.0182175
0.0696659,0.0180638
0.0702652,0.01791
0.0708645,0.0177563
0.0714638,0.0176026
0.0720631,0.0174488
0.0726625,0.0172951
0.0732618,0.0171413
0.0738612,0.0169876
0.0744606,0.0168338
0.0750601,0.0166801
0.0756595,0.0165263
0.076259,0.0163725
0.0768585,0.0162187
0.077458,0.0160649
0.0780575,0.0159111
0.0786571,0.0157573
0.0792566,0.0156035
0.0798562,0.0154497
0.0804558,0.0152959
0.0810555,0.0151421
0.0816551,0.0149883
0.0822548,0.0148345
0.0828545,0.0146806
0.0834542,0.0145268
0.0840539,0.0143729
0.0846536,0.0142191
0.0852534,0.0140652
0.0858532,0.0139114
0.086453,0.0137225
0.0870528,0.0135335
0.0876526,0.0133446
0.0882525,0.0131557
0.0888524,0.0129667
0.0894522,0.0127778
0.0900522,0.0125888
0.0906521,0.0123999
0.091252,0.0122109
0.091852,0.0120219
0.092452,0.0118329
0.093052,0.0116439
0.093652,0.011455
0.0942521,0.011266
0.0948521,0.011077
0.0954522,0.0108879
0.0960523,0.0106989
0.0966524,0.0105099
0.0972526,0.0104748
0.0978527,0.0104398
0.0984529,0.0104047
0.0990531,0.0103696
0.0996533,0.0103345
0.100253,0.0102994
0.100854,0.0102643
0.101454,0.0102292
0.102054,0.0101942
0.102655,0.0101591
0.103255,0.010124
0.103855,0.0100889
0.104456,0.0100538
0.105056,0.0100187
0.105656,0.00998361
0.106257,0.00994852
0.106857,0.00991342
0.107458,0.00987833
0.108058,0.00984323
0.108659,0.00980813
0.109259,0.00977303
0.109859,0.00973793
0.11046,0.00973793
0.111061,0.00973793
0.111661,0.00973793
0.112262,0.00973793
0.112862,0.00973793
0.113463,0.00973793
0.114064,0.00973793
0.114664,0.00973793
0.115265,0.00973793
0.115866,0.00973793
0.116466,0.00973793
0.117067,0.00973793
0.117668,0.00973793
0.118268,0.00973793
0.118869,0.00973793
0.11947,0.00973793
0.120071,0.00973793
0.120672,0.00973793
0.121272,0.00973793
0.121873,0.00973793
0.122474,0.00973793
0.123075,0.00973793
0.123676,0.00973793
0.124277,0.00973793
0.124878,0.00973793
0.125479,0.00973793
0.12608,0.00973793
0.126681,0.00973793
0.127282,0.00973793
0.127883,0.00973793
0.128484,0.00973793
0.129085,0.00973793
0.129686,0.00973793
0.130287,0.00973793
0.130888,0.00973793
0.131489,0.00973793
0.13209,0.00973793
0.132691,0.00973793
0.133292,0.00973793
0.133893,0.00973793
0.134495,0.00973793
0.135096,0.00973793
0.135697,0.00973793
0.136298,0.00973793
0.1369,0.00973793
0.137501,0.00973793
0.138102,0.00973793
0.138703,0.00973793
0.139305,0.00973793
0.139906,0.00973793
0.140507,0.00973793
0.141109,0.00973793
0.14171,0.00973793
0.142311,0.00973793
0.142913,0.00973793
0.143514,0.00973793
0.144116,0.00973793
0.144717,0.00973793
0.145318,0.00973793
0.14592,0.00973793
0.146521,0.00973793
0.147123,0.00973793
0.147724,0.00973793
0.148326,0.00973793
0.148927,0.00973793
0.149529,0.00973793
0.150131,0.00973793
0.150732,0.00973793
0.151334,0.00973793
0.151935,0.00973793
0.152537,0.00973793
0.153139,0.00973793
0.15374,0.00973793
0.154342,0.00973793
0.154944,0.00973793
0.155545,0.00973793
0.156147,0.00973793
0.156749,0.00973793
0.157351,0.00973793
0.157952,0.00973793
0.158554,0.00973793
0.159156,0.00973793
0.159758,0.00973793
0.160359,0.00973793
0.160961,0.00973793
0.161563,0.00973793
0.162165,0.00973793
0.162767,0.00973793
0.163369,0.00973793
0.163971,0.00973793
0.164572,0.00973793
0.165174,0.00973793
0.165776,0.00973793
0.166378,0.00973793
0.16698,0.00973793
0.167582,0.00973793
0.168184,0.00973793
0.168786,0.00973793
0.169388,0.00973793
0.16999,0.00973793
0.170592,0.00973793
0.171194,0.00973793
0.171796,0.00973793
0.172398,0.00973793
0.173,0.00973793
0.173602,0.00973793
0.174205,0.00973793
0.174807,0.00973793
0.175409,0.00973793
0.176011,0.00973793
0.176613,0.00978606
0.177215,0.00983419
0.177817,0.00988232
0.17842,0.00993046
0.179022,0.00997859
0.179624,0.0100267
0.180226,0.0100749
0.180829,0.010123
0.181431,0.0101711
0.182033,0.0102193
0.182635,0.0102674
0.183238,0.0103156
0.18384,0.0103637
0.184442,0.0104119
0.185045,0.01046
0.185647,0.0105081
0.186249,0.0105563
0.186852,0.0106044
0.187454,0.0106526
0.188056,0.0107007
0.188659,0.0107489
0.189261,0.010797
0.189864,0.0108452
0.190466,0.0108933
0.191069,0.0109415
0.191671,0.0109897
0.192273,0.0110378
0.192876,0.011086
0.193478,0.0111341
0.194081,0.0111823
0.194683,0.0112304
0.195286,0.0112786
0.195888,0.0113268
0.196491,0.0113749
0.197094,0.0114231
0.197696,0.0114712
0.198299,0.0115194
0.198901,0.0115676
0.199504,0.0116157
0.200107,0.0116639
0.200709,0.0117121
0.201312,0.0117603
0.201914,0.0118084
0.202517,0.0118566
0.20312,0.0119048
0.203722,0.0119529
0.204325,0.0120011
0.204928,0.0120493
0.20553,0.0120975
0.206133,0.0121456
0.206736,0.0121938
0.207339,0.012242
0.207941,0.0122902
0.208544,0.0123383
0.209147,0.0123865
0.20975,0.0124347
0.210352,0.0124829
0.210955,0.0125311
0.211558,0.0125793
0.212161,0.0126274
0.212764,0.0126756
0.213367,0.0127238
0.213969,0.012772
0.214572,0.0128202
0.215175,0.0128684
0.215778,0.0129166
0.216381,0.0129647
0.216984,0.0130129
0.217587,0.0130611
0.21819,0.0131093
0.218793,0.0131575
0.219395,0.0132057
0.219998,0.0132539
0.220601,0.0133021
0.221204,0.0133503
0.221807,0.0133985
0.22241,0.0134467
0.223013,0.0134949
0.223616,0.0135431
0.224219,0.0135913
0.224822,0.0136395
0.225425,0.0136877
0.226028,0.0137359
0.226631,0.0137841
0.227234,0.0138323
0.227837,0.0138805
0.228441,0.0139287
0.229044,0.0139769
0.229647,0.0140251
0.23025,0.0140733
0.230853,0.0141215
0.231456,0.0141697
0.232059,0.0142179
0.232662,0.0142661
0.233265,0.0143143
0.233868,0.0143626
0.234472,0.0144108
0.235075,0.014459
0.235678,0.0145072
0.236281,0.0145554
0.236884,0.0146036
0.237488,0.0146518
0.238091,0.0147
0.238694,0.0147483
0.239297,0.0147965
0.2399,0.0148447
0.240504,0.0148929
0.241107,0.0149411
0.24171,0.0149893
0.242313,0.0150376
0.242917,0.0150858
0.24352,0.015134
0.244123,0.0151822
0.244726,0.0152304
0.24533,0.0152787
0.245933,0.0153269
0.246536,0.0153751
0.24714,0.0154233
0.247743,0.0154716
0.248346,0.0155198
0.24895,0.015568
0.249553,0.0156162
0.250156,0.0156645
0.25076,0.0157127
0.251363,0.0157609
0.251966,0.0158091
0.25257,0.0158574
0.253173,0.0159056
0.253777,0.0159538
0.25438,0.0160021
0.254983,0.0160503
0.255587,0.0160985
0.25619,0.0161468
0.256794,0.016195
0.257397,0.0162432
0.258,0.0162915
0.258604,0.0163397
0.259207,0.0163879
0.259811,0.0164362
0.260414,0.0164844
0.261018,0.0165326
0.261621,0.0165809
0.262225,0.0166291
0.262828,0.0166773
0.263432,0.0167256
0.264035,0.0167738
0.264639,0.0168221
0.265242,0.0168703
0.265846,0.0169185
0.266449,0.0169668
0.267053,0.017015
0.267656,0.0170633
0.26826,0.0171115
0.268863,0.0171597
0.269467,0.017208
0.270071,0.0172562
0.270674,0.0173045
0.271278,0.0173527
0.271881,0.017401
0.272485,0.0174492
0.273088,0.0174975
0.273692,0.0175457
0.274296,0.0175939
0.274899,0.0176422
0.275503,0.0176904
0.276106,0.0177387
0.27671,0.0177869
0.277314,0.0178352
0.277917,0.0178834
0.278521,0.0179317
0.279125,0.0179799
0.279728,0.0180282
0.280332,0.0180764
0.280935,0.0181247
0.281539,0.0181729
0.282143,0.0182212
0.282746,0.0182694
0.28335,0.0183177
0.283954,0.0183659
0.284557,0.0184142
0.285161,0.0184625
0.285765,0.0185107
0.286369,0.018559
0.286972,0.0186072
0.287576,0.0186555
0.28818,0.0187037
0.288783,0.018752
0.289387,0.0188002
0.289991,0.0188485
0.290595,0.0188968
0.291198,0.018945
0.291802,0.0189933
0.292406,0.0190415
0.293009,0.0190898
0.293613,0.019138
0.294217,0.0191863
0.294821,0.0192346
0.295424,0.0192828
0.296028,0.0193311
0.296632,0.0193793
0.297236,0.0194276
0.29784,0.0194759
0.298443,0.0195241
0.299047,0.0195724
0.299651,0.0196206
0.300255,0.0196689
0.300858,0.0197172
0.301462,0.0197654
0.302066,0.0198137
0.30267,0.0198619
0.303274,0.0199102
0.303877,0.0199585
0.304481,0.0200067
0.305085,0.020055
0.305689,0.0201033
0.306293,0.0201515
0.306897,0.0201998
0.3075,0.0202481
0.308104,0.0202963
0.308708,0.0203446
0.309312,0.0203929
0.309916,0.0204411
0.310519,0.0204894
0.311123,0.0205377
0.311727,0.0205859
0.312331,0.0206342
0.312935,0.0206825
0.313539,0.0207307
0.314143,0.020779
0.314746,0.0208273
0.31535,0.0208755
0.315954,0.0209238
0.316558,0.0209721
0.317162,0.0210203
0.317766,0.0210686
0.31837,0.0211169
0.318973,0.0211651
0.319577,0.0212134
0.320181,0.0212617
0.320785,0.0213099
0.321389,0.0213582
0.321993,0.0214065
0.322597,0.0214547
0.323201,0.021503
0.323804,0.0215513
0.324408,0.0215995
0.325012,0.0216478
0.325616,0.0216961
0.32622,0.0217444
0.326824,0.0217926
0.327428,0.0218409
0.328032,0.0218892
0.328636,0.0219374
0.32924,0.0219857
0.329843,0.022034
0.330447,0.0220823
0.331051,0.0221305
0.331655,0.0221788
0.332259,0.0222271
0.332863,0.0222753
0.333467,0.0223236
0.334071,0.0223719
0.334675,0.0224201
0.335279,0.0224684
0.335882,0.0225167
0.336486,0.022565
0.33709,0.0226132
0.337694,0.0226615
0.338298,0.0227098
0.338902,0.0227581
0.339506,0.0228063
0.34011,0.0228546
0.340714,0.0229029
0.341318,0.0229511
0.341922,0.0229994
0.342526,0.0230477
0.343129,0.023096
0.343733,0.0231442
0.344337,0.0231925
0.344941,0.0232408
0.345545,0.023289
0.346149,0.0233373
0.346753,0.0233856
0.347368,0.0234339
0.348006,0.0234839
0.348667,0.0235358
0.349353,0.0235897
0.350063,0.0236454
0.3508,0.0237032
0.351562,0.0237631
0.352352,0.0238251
0.353169,0.0238894
0.354015,0.0239558
0.35489,0.0240246
0.355796,0.0240957
0.356732,0.0241693
0.357699,0.0242454
0.358699,0.024324
0.359732,0.0244052
0.360798,0.0244891
0.361898,0.0245756
0.363034,0.024665
0.364204,0.0247572
0.365412,0.0248522
0.366655,0.0249501
0.367937,0.025051
0.369256,0.0251549
0.370613,0.0252619
0.372009,0.0253719
0.373444,0.0254851
0.374919,0.0256013
0.376433,0.0257208
0.377988,0.0258435
0.379582,0.0259693
0.381217,0.0260984
0.382893,0.0262307
0.384608,0.0263662
0.386364,0.026505
0.38816,0.0266469
0.389996,0.0267921
0.391871,0.0269404
0.393786,0.0270919
0.395739,0.0272464
0.397729,0.0274041
0.399757,0.0275647
0.401822,0.0277283
0.403922,0.0278947
0.406057,0.028064
0.408225,0.028236
0.410425,0.0284106
0.412657,0.0285878
0.414918,0.0287674
0.417208,0.0289493
0.419524,0.0291334
0.421866,0.0293196
0.424231,0.0295077
0.426618,0.0296977
0.429024,0.0298893
0.431449,0.0300824
0.43389,0.0302769
0.436344,0.0304726
0.438811,0.0306693
0.441287,0.0308669
0.443771,0.0310652
0.44626,0.031264
0.448753,0.0314631
0.451247,0.0316625
-0.000298318,0.0232816
0.000298318,0.0232816
0.000894966,0.0232816
0.00149164,0.0232816
0.00208834,0.0232816
0.00268506,0.0232816
0.00328181,0.0232816
0.00387858,0.0232816
0.00447538,0.0232816
0.0050722,0.0232816
0.00566905,0.0232816
0.00626592,0.0232816
0.00686282,0.0232816
0.00745974,0.0232816
0.00805669,0.0232816
0.00865366,0.0232816
0.00925066,0.0232816
0.00984768,0.0232816
0.0104447,0.0232816
0.0110418,0.0232816
0.0116389,0.0232816
0.012236,0.0232816
0.0128331,0.0232816
0.0134303,0.0232816
0.0140275,0.0232816
0.0146247,0.0232816
0.0152219,0.0232816
0.0158192,0.0232816
0.0164165,0.0232816
0.0170138,0.0232816
0.0176111,0.0232816
0.0182085,0.0232816
0.0188059,0.0232816
0.0194033,0.0232816
0.0200007,0.0232816
0.0205982,0.0232816
0.0211956,0.0232816
0.0217931,0.0232816
0.0223907,0.0232816
0.0229882,0.0232816
0.0235858,0.0232816
0.0241834,0.0232816
0.024781,0.0232816
0.0253786,0.0232816
0.0259763,0.0232816
0.026574,0.0232816
0.0271717,0.0232816
0.0277694,0.0232816
0.0283672,0.0232816
0.028965,0.0232816
0.0295628,0.0232816
0.0301606,0.0232816
0.0307585,0.0232816
0.0313563,0.0232816
0.0319542,0.0232816
0.0325521,0.0232816
0.0331501,0.0232816
0.033748,0.0232816
0.034346,0.0232816
0.034944,0.0232816
0.0355421,0.0232816
0.0361401,0.0232816
0.0367382,0.0232816
0.0373363,0.0232816
0.0379344,0.0232816
0.0385326,0.0232816
0.0391307,0.0232816
0.0397289,0.0232816
0.0403271,0.0232816
0.0409254,0.0232816
0.0415236,0.0232816
0.0421219,0.0232816
0.0427202,0.0232816
0.0433185,0.0232816
0.0439169,0.0232816
0.0445152,0.0232816
0.0451136,0.0232816
0.045712,0.0232816
0.0463105,0.0232816
0.0469089,0.0232816
0.0475074,0.0232816
0.0481059,0.0232816
0.0487044,0.0232816
0.0493029,0.0232816
0.0499015,0.0232816
0.0505001,0.0232816
0.0510987,0.0232816
0.0516973,0.0231243
0.052296,0.022967
0.0528946,0.0228097
0.0534933,0.0226525
0.054092,0.0224952
0.0546908,0.0223379
0.0552895,0.0221806
0.0558883,0.0220233
0.0564871,0.0218659
0.0570859,0.0217086
0.0576848,0.0215513
0.0582836,0.021394
0.0588825,0.0212366
0.0594814,0.0210793
0.0600803,0.0209219
0.0606793,0.0207646
0.0612782,0.0206072
0.0618772,0.0204498
0.0624762,0.0202925
0.0630753,0.0201351
0.0636743,0.0199777
0.0642734,0.0198203
0.0648725,0.0196629
0.0654716,0.0195055
0.0660707,0.0193481
0.0666698,0.0191907
0.067269,0.0190333
0.0678682,0.0188759
0.0684674,0.0187185
0.0690667,0.018561
0.0696659,0.0184036
0.0702652,0.0182462
0.0708645,0.0180887
0.0714638,0.0179313
0.0720631,0.0177738
0.0726625,0.0176163
0.0732618,0.0174589
0.0738612,0.0173014
0.0744606,0.0171439
0.0750601,0.0169864
0.0756595,0.016829
0.076259,0.0166715
0.0768585,0.016514
0.077458,0.0163565
0.0780575,0.016199
0.0786571,0.0160414
0.0792566,0.0158839
0.0798562,0.0157264
0.0804558,0.0155689
0.0810555,0.0154113
0.0816551,0.0152538
0.0822548,0.0150963
0.0828545,0.0149387
0.0834542,0.0147812
0.0840539,0.0146236
0.0846536,0.014466
0.0852534,0.0143085
0.0858532,0.0141509
0.086453,0.0139598
0.0870528,0.0137687
0.0876526,0.0135777
0.0882525,0.0133866
0.0888524,0.0131955
0.0894522,0.0130044
0.0900522,0.0128133
0.0906521,0.0126221
0.091252,0.012431
0.091852,0.0122399
0.092452,0.0120488
0.093052,0.0118576
0.093652,0.0116665
0.0942521,0.0114753
0.0948521,0.0112842
0.0954522,0.011093
0.0960523,0.0109019
0.0966524,0.0107107
0.0972526,0.0106772
0.0978527,0.0106437
0.0984529,0.0106102
0.0990531,0.0105766
0.0996533,0.0105431
0.100253,0.0105096
0.100854,0.0104761
0.101454,0.0104426
0.102054,0.0104091
0.102655,0.0103755
0.103255,0.010342
0.103855,0.0103085
0.104456,0.010275
0.105056,0.0102415
0.105656,0.0102079
0.106257,0.0101744
0.106857,0.0101409
0.107458,0.0101073
0.108058,0.0100738
0.108659,0.0100403
0.109259,0.0100068
0.109859,0.00997323
0.11046,0.00997323
0.111061,0.00997323
0.111661,0.00997323
0.112262,0.00997323
0.112862,0.00997323
0.113463,0.00997323
0.114064,0.00997323
0.114664,0.00997323
0.115265,0.00997323
0.115866,0.00997323
0.116466,0.00997323
0.117067,0.00997323
0.117668,0.00997323
0.118268,0.00997323
0.118869,0.00997323
0.11947,0.00997323
0.120071,0.00997323
0.120672,0.00997323
0.121272,0.00997323
0.121873,0.00997323
0.122474,0.00997323
0.123075,0.00997323
0.123676,0.00997323
0.124277,0.00997323
0.124878,0.00997323
0.125479,0.00997323
0.12608,0.00997323
0.126681,0.00997323
0.127282,0.00997323
0.127883,0.00997323
0.128484,0.00997323
0.129085,0.00997323
0.129686,0.00997323
0.130287,0.00997323
0.130888,0.00997323
0.131489,0.00997323
0.13209,0.00997323
0.132691,0.00997323
0.133292,0.00997323
0.133893,0.00997323
0.134495,0.00997323
0.135096,0.00997323
0.135697,0.00997323
0.136298,0.00997323
0.1369,0.00997323
0.137501,0.00997323
0.138102,0.00997323
0.138703,0.00997323
0.139305,0.00997323
0.139906,0.00997323
0.140507,0.00997323
0.141109,0.00997323
0.14171,0.00997323
0.142311,0.00997323
0.142913,0.00997323
0.143514,0.00997323
0.144116,0.00997323
0.144717,0.00997323
0.145318,0.00997323
0.14592,0.00997323
0.146521,0.00997323
0.147123,0.00997323
0.147724,0.00997323
0.148326,0.00997323
0.148927,0.00997323
0.149529,0.00997323
0.150131,0.00997323
0.150732,0.00997323
0.151334,0.00997323
0.151935,0.00997323
0.152537,0.00997323
0.153139,0.00997323
0.15374,0.00997323
0.154342,0.00997323
0.154944,0.00997323
0.155545,0.00997323
0.156147,0.00997323
0.156749,0.00997323
0.157351,0.00997323
0.157952,0.00997323
0.158554,0.00997323
0.159156,0.00997323
0.159758,0.00997323
0.160359,0.00997323
0.160961,0.00997323
0.161563,0.00997323
0.162165,0.00997323
0.162767,0.00997323
0.163369,0.00997323
0.163971,0.00997323
0.164572,0.00997323
0.165174,0.00997323
0.165776,0.00997323
0.166378,0.00997323
0.16698,0.00997323
0.167582,0.00997323
0.168184,0.00997323
0.168786,0.00997323
0.169388,0.00997323
0.16999,0.00997323
0.170592,0.00997323
0.171194,0.00997323
0.171796,0.00997323
0.172398,0.00997323
0.173,0.00997323
0.173602,0.00997323
0.174205,0.00997323
0.174807,0.00997323
0.175409,0.00997323
0.176011,0.00997323
0.176613,0.0100225
0.177215,0.0100718
0.177817,0.0101211
0.17842,0.0101704
0.179022,0.0102197
0.179624,0.010269
0.180226,0.0103183
0.180829,0.0103676
0.181431,0.0104169
0.182033,0.0104662
0.182635,0.0105155
0.183238,0.0105648
0.18384,0.0106141
0.184442,0.0106634
0.185045,0.0107127
0.185647,0.0107621
0.186249,0.0108114
0.186852,0.0108607
0.187454,0.01091
0.188056,0.0109593
0.188659,0.0110086
0.189261,0.0110579
0.189864,0.0111072
0.190466,0.0111566
0.191069,0.0112059
0.191671,0.0112552
0.192273,0.0113045
0.192876,0.0113538
0.193478,0.0114032
0.194081,0.0114525
0.194683,0.0115018
0.195286,0.0115511
0.195888,0.0116005
0.196491,0.0116498
0.197094,0.0116991
0.197696,0.0117484
0.198299,0.0117978
0.198901,0.0118471
0.199504,0.0118964
0.200107,0.0119458
0.200709,0.0119951
0.201312,0.0120444
0.201914,0.0120938
0.202517,0.0121431
0.20312,0.0121924
0.203722,0.0122418
0.204325,0.0122911
0.204928,0.0123404
0.20553,0.0123898
0.206133,0.0124391
0.206736,0.0124885
0.207339,0.0125378
0.207941,0.0125871
0.208544,0.0126365
0.209147,0.0126858
0.20975,0.0127352
0.210352,0.0127845
0.210955,0.0128339
0.211558,0.0128832
0.212161,0.0129326
0.212764,0.0129819
0.213367,0.0130313
0.213969,0.0130806
0.214572,0.01313
0.215175,0.0131793
0.215778,0.0132287
0.216381,0.013278
0.216984,0.0133274
0.217587,0.0133767
0.21819,0.0134261
0.218793,0.0134754
0.219395,0.0135248
0.219998,0.0135742
0.220601,0.0136235
0.221204,0.0136729
0.221807,0.0137222
0.22241,0.0137716
0.223013,0.013821
0.223616,0.0138703
0.224219,0.0139197
0.224822,0.013969
0.225425,0.0140184
0.226028,0.0140678
0.226631,0.0141171
0.227234,0.0141665
0.227837,0.0142159
0.228441,0.0142652
0.229044,0.0143146
0.229647,0.014364
0.23025,0.0144134
0.230853,0.0144627
0.231456,0.0145121
0.232059,0.0145615
0.232662,0.0146108
0.233265,0.0146602
0.233868,0.0147096
0.234472,0.014759
0.235075,0.0148083
0.235678,0.0148577
0.236281,0.0149071
0.236884,0.0149565
0.237488,0.0150059
0.238091,0.0150552
0.238694,0.0151046
0.239297,0.015154
0.2399,0.0152034
0.240504,0.0152528
0.241107,0.0153021
0.24171,0.0153515
0.242313,0.0154009
0.242917,0.0154503
0.24352,0.0154997
0.244123,0.0155491
0.244726,0.0155985
0.24533,0.0156478
0.245933,0.0156972
0.246536,0.0157466
0.24714,0.015796
0.247743,0.0158454
0.248346,0.0158948
0.24895,0.0159442
0.249553,0.0159936
0.250156,0.016043
0.25076,0.0160924
0.251363,0.0161417
0.251966,0.0161911
0.25257,0.0162405
0.253173,0.0162899
0.253777,0.0163393
0.25438,0.0163887
0.254983,0.0164381
0.255587,0.0164875
0.25619,0.0165369
0.256794,0.0165863
0.257397,0.0166357
0.258,0.0166851
0.258604,0.0167345
0.259207,0.0167839
0.259811,0.0168333
0.260414,0.0168827
0.261018,0.0169321
0.261621,0.0169815
0.262225,0.0170309
0.262828,0.0170803
0.263432,0.0171297
0.264035,0.0171791
0.264639,0.0172285
0.265242,0.0172779
0.265846,0.0173273
0.266449,0.0173768
0.267053,0.0174262
0.267656,0.0174756
0.26826,0.017525
0.268863,0.0175744
0.269467,0.0176238
0.270071,0.0176732
0.270674,0.0177226
0.271278,0.017772
0.271881,0.0178214
0.272485,0.0178708
0.273088,0.0179203
0.273692,0.0179697
0.274296,0.0180191
0.274899,0.0180685
0.275503,0.0181179
0.276106,0.0181673
0.27671,0.0182167
0.277314,0.0182661
0.277917,0.0183156
0.278521,0.018365
0.279125,0.0184144
0.279728,0.0184638
0.280332,0.0185132
0.280935,0.0185626
0.281539,0.0186121
0.282143,0.0186615
0.282746,0.0187109
0.28335,0.0187603
0.283954,0.0188097
0.284557,0.0188591
0.285161,0.0189086
0.285765,0.018958
0.286369,0.0190074
0.286972,0.0190568
0.287576,0.0191062
0.28818,0.0191557
0.288783,0.0192051
0.289387,0.0192545
0.289991,0.0193039
0.290595,0.0193534
0.291198,0.0194028
0.291802,0.0194522
0.292406,0.0195016
0.293009,0.0195511
0.293613,0.0196005
0.294217,0.0196499
0.294821,0.0196993
0.295424,0.0197488
0.296028,0.0197982
0.296632,0.0198476
0.297236,0.019897
0.29784,0.0199465
0.298443,0.0199959
0.299047,0.0200453
0.299651,0.0200947
0.300255,0.0201442
0.300858,0.0201936
0.301462,0.020243
0.302066,0.0202925
0.30267,0.0203419
0.303274,0.0203913
0.303877,0.0204407
0.304481,0.0204902
0.305085,0.0205396
0.305689,0.020589
0.306293,0.0206385
0.306897,0.0206879
0.3075,0.0207373
0.308104,0.0207868
0.308708,0.0208362
0.309312,0.0208856
0.309916,0.020935
0.310519,0.0209845
0.311123,0.0210339
0.311727,0.0210833
0.312331,0.0211328
0.312935,0.0211822
0.313539,0.0212316
0.314143,0.0212811
0.314746,0.0213305
0.31535,0.0213799
0.315954,0.0214294
0.316558,0.0214788
0.317162,0.0215282
0.317766,0.0215777
0.31837,0.0216271
0.318973,0.0216765
0.319577,0.021726
0.320181,0.0217754
0.320785,0.0218249
0.321389,0.0218743
0.321993,0.0219237
0.322597,0.0219732
0.323201,0.0220226
0.323804,0.022072
0.324408,0.0221215
0.325012,0.0221709
0.325616,0.0222203
0.32622,0.0222698
0.326824,0.0223192
0.327428,0.0223686
0.328032,0.0224181
0.328636,0.0224675
0.32924,0.022517
0.329843,0.0225664
0.330447,0.0226158
0.331051,0.0226653
0.331655,0.0227147
0.332259,0.0227641
0.332863,0.0228136
0.333467,0.022863
0.334071,0.0229125
0.334675,0.0229619
0.335279,0.0230113
0.335882,0.0230608
0.336486,0.0231102
0.33709,0.0231596
0.337694,0.0232091
0.338298,0.0232585
0.338902,0.023308
0.339506,0.0233574
0.34011,0.0234068
0.340714,0.0234563
0.341318,0.0235057
0.341922,0.0235552
0.342526,0.0236046
0.343129,0.023654
0.343733,0.0237035
0.344337,0.0237529
0.344941,0.0238023
0.345545,0.0238518
0.346149,0.0239012
0.346753,0.0239507
0.347368,0.0240001
0.348006,0.0240514
0.348667,0.0241045
0.349353,0.0241597
0.350063,0.0242168
0.3508,0.024276
0.351562,0.0243373
0.352352,0.0244008
0.353169,0.0244666
0.354015,0.0245347
0.35489,0.0246051
0.355796,0.024678
0.356732,0.0247533
0.357699,0.0248312
0.358699,0.0249117
0.359732,0.0249949
0.360798,0.0250808
0.361898,0.0251695
0.363034,0.025261
0.364204,0.0253554
0.365412,0.0254527
0.366655,0.025553
0.367937,0.0256563
0.369256,0.0257628
0.370613,0.0258723
0.372009,0.025985
0.373444,0.0261009
0.374919,0.02622
0.376433,0.0263423
0.377988,0.0264679
0.379582,0.0265968
0.381217,0.026729
0.382893,0.0268645
0.384608,0.0270033
0.386364,0.0271454
0.38816,0.0272908
0.389996,0.0274395
0.391871,0.0275914
0.393786,0.0277465
0.395739,0.0279048
0.397729,0.0280662
0.399757,0.0282307
0.401822,0.0283983
0.403922,0.0285688
0.406057,0.0287421
0.408225,0.0289183
0.410425,0.0290971
0.412657,0.0292785
0.414918,0.0294625
0.417208,0.0296488
0.419524,0.0298374
0.421866,0.030028
0.424231,0.0302207
0.426618,0.0304153
0.429024,0.0306115
0.431449,0.0308093
0.43389,0.0310085
0.436344,0.0312089
0.438811,0.0314104
0.441287,0.0316127
0.443771,0.0318158
0.44626,0.0320194
0.448753,0.0322234
0.451247,0.0324275
-0.000298318,0.0237363
0.000298318,0.0237363
0.000894966,0.0237363
0.00149164,0.0237363
0.00208834,0.0237363
0.00268506,0.0237363
0.00328181,0.0237363
0.00387858,0.0237363
0.00447538,0.0237363
0.0050722,0.0237363
0.00566905,0.0237363
0.00626592,0.0237363
0.00686282,0.0237363
0.00745974,0.0237363
0.00805669,0.0237363
0.00865366,0.0237363
0.00925066,0.0237363
0.00984768,0.0237363
0.0104447,0.0237363
0.0110418,0.0237363
0.0116389,0.0237363
0.012236,0.0237363
0.0128331,0.0237363
0.0134303,0.0237363
0.0140275,0.0237363
0.0146247,0.0237363
0.0152219,0.0237363
0.0158192,0.0237363
0.0164165,0.0237363
0.0170138,0.0237363
0.0176111,0.0237363
0.0182085,0.0237363
0.0188059,0.0237363
0.0194033,0.0237363
0.0200007,0.0237363
0.0205982,0.0237363
0.0211956,0.0237363
0.0217931,0.0237363
0.0223907,0.0237363
0.0229882,0.0237363
0.0235858,0.0237363
0.0241834,0.0237363
0.024781,0.0237363
0.0253786,0.0237363
0.0259763,0.0237363
0.026574,0.0237363
0.0271717,0.0237363
0.0277694,0.0237363
0.0283672,0.0237363
0.028965,0.0237363
0.0295628,0.0237363
0.0301606,0.0237363
0.0307585,0.0237363
0.0313563,0.0237363
0.0319542,0.0237363
0.0325521,0.0237363
0.0331501,0.0237363
0.033748,0.0237363
0.034346,0.0237363
0.034944,0.0237363
0.0355421,0.0237363
0.0361401,0.0237363
0.0367382,0.0237363
0.0373363,0.0237363
0.0379344,0.0237363
0.0385326,0.0237363
0.0391307,0.0237363
0.0397289,0.0237363
0.0403271,0.0237363
0.0409254,0.0237363
0.0415236,0.0237363
0.0421219,0.0237363
0.0427202,0.0237363
0.0433185,0.0237363
0.0439169,0.0237363
0.0445152,0.0237363
0.0451136,0.0237363
0.045712,0.0237363
0.0463105,0.0237363
0.0469089,0.0237363
0.0475074,0.0237363
0.0481059,0.0237363
0.0487044,0.0237363
0.0493029,0.0237363
0.0499015,0.0237363
0.0505001,0.0237363
0.0510987,0.0237363
0.0516973,0.0235754
0.052296,0.0234144
0.0528946,0.0232534
0.0534933,0.0230924
0.054092,0.0229314
0.0546908,0.0227704
0.0552895,0.0226094
0.0558883,0.0224483
0.0564871,0.0222873
0.0570859,0.0221263
0.0576848,0.0219652
0.0582836,0.0218042
0.0588825,0.0216431
0.0594814,0.0214821
0.0600803,0.021321
0.0606793,0.02116
0.0612782,0.0209989
0.0618772,0.0208378
0.0624762,0.0206767
0.0630753,0.0205156
0.0636743,0.0203546
0.0642734,0.0201935
0.0648725,0.0200323
0.0654716,0.0198712
0.0660707,0.0197101
0.0666698,0.019549
0.067269,0.0193879
0.0678682,0.0192267
0.0684674,0.0190656
0.0690667,0.0189045
0.0696659,0.0187433
0.0702652,0.0185822
0.0708645,0.018421
0.0714638,0.0182598
0.0720631,0.0180987
0.0726625,0.0179375
0.0732618,0.0177763
0.0738612,0.0176151
0.0744606,0.0174539
0.0750601,0.0172927
0.0756595,0.0171315
0.076259,0.0169703
0.0768585,0.0168091
0.077458,0.0166479
0.0780575,0.0164867
0.0786571,0.0163254
0.0792566,0.0161642
0.0798562,0.016003
0.0804558,0.0158417
0.0810555,0.0156805
0.0816551,0.0155192
0.0822548,0.015358
0.0828545,0.0151967
0.0834542,0.0150354
0.0840539,0.0148742
0.0846536,0.0147129
0.0852534,0.0145516
0.0858532,0.0143903
0.086453,0.0141971
0.0870528,0.0140038
0.0876526,0.0138106
0.0882525,0.0136174
0.0888524,0.0134241
0.0894522,0.0132309
0.0900522,0.0130376
0.0906521,0.0128444
0.091252,0.0126511
0.091852,0.0124578
0.092452,0.0122645
0.093052,0.0120712
0.093652,0.011878
0.0942521,0.0116847
0.0948521,0.0114914
0.0954522,0.011298
0.0960523,0.0111047
0.0966524,0.0109114
0.0972526,0.0108795
0.0978527,0.0108475
0.0984529,0.0108156
0.0990531,0.0107836
0.0996533,0.0107517
0.100253,0.0107197
0.100854,0.0106878
0.101454,0.0106558
0.102054,0.0106239
0.102655,0.0105919
0.103255,0.01056
0.103855,0.010528
0.104456,0.0104961
0.105056,0.0104641
0.105656,0.0104322
0.106257,0.0104002
0.106857,0.0103682
0.107458,0.0103363
0.108058,0.0103043
0.108659,0.0102724
0.109259,0.0102404
0.109859,0.0102084
0.11046,0.0102084
0.111061,0.0102084
0.111661,0.0102084
0.112262,0.0102084
0.112862,0.0102084
0.113463,0.0102084
0.114064,0.0102084
0.114664,0.0102084
0.115265,0.0102084
0.115866,0.0102084
0.116466,0.0102084
0.117067,0.0102084
0.117668,0.0102084
0.118268,0.0102084
0.118869,0.0102084
0.11947,0.0102084
0.120071,0.0102084
0.120672,0.0102084
0.121272,0.0102084
0.121873,0.0102084
0.122474,0.0102084
0.123075,0.0102084
0.123676,0.0102084
0.124277,0.0102084
0.124878,0.0102084
0.125479,0.0102084
0.12608,0.0102084
0.126681,0.0102084
0.127282,0.0102084
0.127883,0.0102084
0.128484,0.0102084
0.129085,0.0102084
0.129686,0.0102084
0.130287,0.0102084
0.130888,0.0102084
0.131489,0.0102084
0.13209,0.0102084
0.132691,0.0102084
0.133292,0.0102084
0.133893,0.0102084
0.134495,0.0102084
0.135096,0.0102084
0.135697,0.0102084
0.136298,0.0102084
0.1369,0.0102084
0.137501,0.0102084
0.138102,0.0102084
0.138703,0.0102084
0.139305,0.0102084
0.139906,0.0102084
0.140507,0.0102084
0.141109,0.0102084
0.14171,0.0102084
0.142311,0.0102084
0.142913,0.0102084
0.143514,0.0102084
0.144116,0.0102084
0.144717,0.0102084
0.145318,0.0102084
0.14592,0.0102084
0.146521,0.0102084
0.147123,0.0102084
0.147724,0.0102084
0.148326,0.0102084
0.148927,0.0102084
0.149529,0.0102084
0.150131,0.0102084
0.150732,0.0102084
0.151334,0.0102084
0.151935,0.0102084
0.152537,0.0102084
0.153139,0.0102084
0.15374,0.0102084
0.154342,0.0102084
0.154944,0.0102084
0.155545,0.0102084
0.156147,0.0102084
0.156749,0.0102084
0.157351,0.0102084
0.157952,0.0102084
0.158554,0.0102084
0.159156,0.0102084
0.159758,0.0102084
0.160359,0.0102084
0.160961,0.0102084
0.161563,0.0102084
0.162165,0.0102084
0.162767,0.0102084
0.163369,0.0102084
0.163971,0.0102084
0.164572,0.0102084
0.165174,0.0102084
0.165776,0.0102084
0.166378,0.0102084
0.16698,0.0102084
0.167582,0.0102084
0.168184,0.0102084
0.168786,0.0102084
0.169388,0.0102084
0.16999,0.0102084
0.170592,0.0102084
0.171194,0.0102084
0.171796,0.0102084
0.172398,0.0102084
0.173,0.0102084
0.173602,0.0102084
0.174205,0.0102084
0.174807,0.0102084
0.175409,0.0102084
0.176011,0.0102084
0.176613,0.0102589
0.177215,0.0103094
0.177817,0.0103598
0.17842,0.0104103
0.179022,0.0104607
0.179624,0.0105112
0.180226,0.0105617
0.180829,0.0106121
0.181431,0.0106626
0.182033,0.0107131
0.182635,0.0107635
0.183238,0.010814
0.18384,0.0108645
0.184442,0.0109149
0.185045,0.0109654
0.185647,0.0110159
0.186249,0.0110664
0.186852,0.0111168
0.187454,0.0111673
0.188056,0.0112178
0.188659,0.0112683
0.189261,0.0113187
0.189864,0.0113692
0.190466,0.0114197
0.191069,0.0114702
0.191671,0.0115207
0.192273,0.0115711
0.192876,0.0116216
0.193478,0.0116721
0.194081,0.0117226
0.194683,0.0117731
0.195286,0.0118236
0.195888,0.0118741
0.196491,0.0119245
0.197094,0.011975
0.197696,0.0120255
0.198299,0.012076
0.198901,0.0121265
0.199504,0.012177
0.200107,0.0122275
0.200709,0.012278
0.201312,0.0123285
0.201914,0.012379
0.202517,0.0124295
0.20312,0.01248
0.203722,0.0125305
0.204325,0.012581
0.204928,0.0126315
0.20553,0.012682
0.206133,0.0127325
0.206736,0.012783
0.207339,0.0128335
0.207941,0.012884
0.208544,0.0129345
0.209147,0.012985
0.20975,0.0130355
0.210352,0.013086
0.210955,0.0131365
0.211558,0.0131871
0.212161,0.0132376
0.212764,0.0132881
0.213367,0.0133386
0.213969,0.0133891
0.214572,0.0134396
0.215175,0.0134901
0.215778,0.0135407
0.216381,0.0135912
0.216984,0.0136417
0.217587,0.0136922
0.21819,0.0137427
0.218793,0.0137933
0.219395,0.0138438
0.219998,0.0138943
0.220601,0.0139448
0.221204,0.0139953
0.221807,0.0140459
0.22241,0.0140964
0.223013,0.0141469
0.223616,0.0141975
0.224219,0.014248
0.224822,0.0142985
0.225425,0.014349
0.226028,0.0143996
0.226631,0.0144501
0.227234,0.0145006
0.227837,0.0145512
0.228441,0.0146017
0.229044,0.0146522
0.229647,0.0147028
0.23025,0.0147533
0.230853,0.0148038
0.231456,0.0148544
0.232059,0.0149049
0.232662,0.0149554
0.233265,0.015006
0.233868,0.0150565
0.234472,0.0151071
0.235075,0.0151576
0.235678,0.0152081
0.236281,0.0152587
0.236884,0.0153092
0.237488,0.0153598
0.238091,0.0154103
0.238694,0.0154609
0.239297,0.0155114
0.2399,0.015562
0.240504,0.0156125
0.241107,0.015663
0.24171,0.0157136
0.242313,0.0157641
0.242917,0.0158147
0.24352,0.0158652
0.244123,0.0159158
0.244726,0.0159663
0.24533,0.0160169
0.245933,0.0160675
0.246536,0.016118
0.24714,0.0161686
0.247743,0.0162191
0.248346,0.0162697
0.24895,0.0163202
0.249553,0.0163708
0.250156,0.0164213
0.25076,0.0164719
0.251363,0.0165225
0.251966,0.016573
0.25257,0.0166236
0.253173,0.0166741
0.253777,0.0167247
0.25438,0.0167753
0.254983,0.0168258
0.255587,0.0168764
0.25619,0.0169269
0.256794,0.0169775
0.257397,0.0170281
0.258,0.0170786
0.258604,0.0171292
0.259207,0.0171798
0.259811,0.0172303
0.260414,0.0172809
0.261018,0.0173315
0.261621,0.017382
0.262225,0.0174326
0.262828,0.0174832
0.263432,0.0175337
0.264035,0.0175843
0.264639,0.0176349
0.265242,0.0176854
0.265846,0.017736
0.266449,0.0177866
0.267053,0.0178372
0.267656,0.0178877
0.26826,0.0179383
0.268863,0.0179889
0.269467,0.0180394
0.270071,0.01809
0.270674,0.0181406
0.271278,0.0181912
0.271881,0.0182417
0.272485,0.0182923
0.273088,0.0183429
0.273692,0.0183935
0.274296,0.0184441
0.274899,0.0184946
0.275503,0.0185452
0.276106,0.0185958
0.27671,0.0186464
0.277314,0.018697
0.277917,0.0187475
0.278521,0.0187981
0.279125,0.0188487
0.279728,0.0188993
0.280332,0.0189499
0.280935,0.0190004
0.281539,0.019051
0.282143,0.0191016
0.282746,0.0191522
0.28335,0.0192028
0.283954,0.0192534
0.284557,0.0193039
0.285161,0.0193545
0.285765,0.0194051
0.286369,0.0194557
0.286972,0.0195063
0.287576,0.0195569
0.28818,0.0196075
0.288783,0.019658
0.289387,0.0197086
0.289991,0.0197592
0.290595,0.0198098
0.291198,0.0198604
0.291802,0.019911
0.292406,0.0199616
0.293009,0.0200122
0.293613,0.0200628
0.294217,0.0201133
0.294821,0.0201639
0.295424,0.0202145
0.296028,0.0202651
0.296632,0.0203157
0.297236,0.0203663
0.29784,0.0204169
0.298443,0.0204675
0.299047,0.0205181
0.299651,0.0205687
0.300255,0.0206193
0.300858,0.0206699
0.301462,0.0207205
0.302066,0.0207711
0.30267,0.0208216
0.303274,0.0208722
0.303877,0.0209228
0.304481,0.0209734
0.305085,0.021024
0.305689,0.0210746
0.306293,0.0211252
0.306897,0.0211758
0.3075,0.0212264
0.308104,0.021277
0.308708,0.0213276
0.309312,0.0213782
0.309916,0.0214288
0.310519,0.0214794
0.311123,0.02153
0.311727,0.0215806
0.312331,0.0216312
0.312935,0.0216818
0.313539,0.0217324
0.314143,0.021783
0.314746,0.0218336
0.31535,0.0218842
0.315954,0.0219348
0.316558,0.0219854
0.317162,0.022036
0.317766,0.0220866
0.31837,0.0221372
0.318973,0.0221878
0.319577,0.0222384
0.320181,0.022289
0.320785,0.0223396
0.321389,0.0223902
0.321993,0.0224408
0.322597,0.0224914
0.323201,0.022542
0.323804,0.0225926
0.324408,0.0226432
0.325012,0.0226938
0.325616,0.0227444
0.32622,0.022795
0.326824,0.0228456
0.327428,0.0228962
0.328032,0.0229468
0.328636,0.0229974
0.32924,0.023048
0.329843,0.0230986
0.330447,0.0231492
0.331051,0.0231998
0.331655,0.0232504
0.332259,0.023301
0.332863,0.0233516
0.333467,0.0234022
0.334071,0.0234528
0.334675,0.0235035
0.335279,0.0235541
0.335882,0.0236047
0.336486,0.0236553
0.33709,0.0237059
0.337694,0.0237565
0.338298,0.0238071
0.338902,0.0238577
0.339506,0.0239083
0.34011,0.0239589
0.340714,0.0240095
0.341318,0.0240601
0.341922,0.0241107
0.342526,0.0241613
0.343129,0.0242119
0.343733,0.0242625
0.344337,0.0243131
0.344941,0.0243637
0.345545,0.0244143
0.346149,0.0244649
0.346753,0.0245155
0.347368,0.0245661
0.348006,0.0246186
0.348667,0.0246731
0.349353,0.0247295
0.350063,0.024788
0.3508,0.0248485
0.351562,0.0249113
0.352352,0.0249763
0.353169,0.0250437
0.354015,0.0251133
0.35489,0.0251854
0.355796,0.02526
0.356732,0.0253371
0.357699,0.0254169
0.358699,0.0254993
0.359732,0.0255844
0.360798,0.0256723
0.361898,0.0257631
0.363034,0.0258568
0.364204,0.0259534
0.365412,0.026053
0.366655,0.0261557
0.367937,0.0262614
0.369256,0.0263704
0.370613,0.0264825
0.372009,0.0265978
0.373444,0.0267165
0.374919,0.0268384
0.376433,0.0269636
0.377988,0.0270922
0.379582,0.0272241
0.381217,0.0273594
0.382893,0.0274981
0.384608,0.0276402
0.386364,0.0277856
0.38816,0.0279345
0.389996,0.0280866
0.391871,0.0282421
0.393786,0.0284009
0.395739,0.0285629
0.397729,0.0287282
0.399757,0.0288966
0.401822,0.0290681
0.403922,0.0292426
0.406057,0.02942
0.408225,0.0296003
0.410425,0.0297834
0.412657,0.0299691
0.414918,0.0301574
0.417208,0.0303481
0.419524,0.0305411
0.421866,0.0307363
0.424231,0.0309335
0.426618,0.0311326
0.429024,0.0313335
0.431449,0.0315359
0.43389,0.0317398
0.436344,0.031945
0.438811,0.0321512
0.441287,0.0323583
0.443771,0.0325662
0.44626,0.0327746
0.448753,0.0329834
0.451247,0.0331923
-0.000298318,0.0241909
0.000298318,0.0241909
0.000894966,0.0241909
0.00149164,0.0241909
0.00208834,0.0241909
0.00268506,0.0241909
0.00328181,0.0241909
0.00387858,0.0241909
0.00447538,0.0241909
0.0050722,0.0241909
0.00566905,0.0241909
0.00626592,0.0241909
0.00686282,0.0241909
0.00745974,0.0241909
0.00805669,0.0241909
0.00865366,0.0241909
0.00925066,0.0241909
0.00984768,0.0241909
0.0104447,0.0241909
0.0110418,0.0241909
0.0116389,0.0241909
0.012236,0.0241909
0.0128331,0.0241909
0.0134303,0.0241909
0.0140275,0.0241909
0.0146247,0.0241909
0.0152219,0.0241909
0.0158192,0.0241909
0.0164165,0.0241909
0.0170138,0.0241909
0.0176111,0.0241909
0.0182085,0.0241909
0.0188059,0.0241909
0.0194033,0.0241909
0.0200007,0.0241909
0.0205982,0.0241909
0.0211956,0.0241909
0.0217931,0.0241909
0.0223907,0.0241909
0.0229882,0.0241909
0.0235858,0.0241909
0.0241834,0.0241909
0.024781,0.0241909
0.0253786,0.0241909
0.0259763,0.0241909
0.026574,0.0241909
0.0271717,0.0241909
0.0277694,0.0241909
0.0283672,0.0241909
0.028965,0.0241909
0.0295628,0.0241909
0.0301606,0.0241909
0.0307585,0.0241909
0.0313563,0.0241909
0.0319542,0.0241909
0.0325521,0.0241909
0.0331501,0.0241909
0.033748,0.0241909
0.034346,0.0241909
0.034944,0.0241909
0.0355421,0.0241909
0.0361401,0.0241909
0.0367382,0.0241909
0.0373363,0.0241909
0.0379344,0.0241909
0.0385326,0.0241909
0.0391307,0.0241909
0.0397289,0.0241909
0.0403271,0.0241909
0.0409254,0.0241909
0.0415236,0.0241909
0.0421219,0.0241909
0.0427202,0.0241909
0.0433185,0.0241909
0.0439169,0.0241909
0.0445152,0.0241909
0.0451136,0.0241909
0.045712,0.0241909
0.0463105,0.0241909
0.0469089,0.0241909
0.0475074,0.0241909
0.0481059,0.0241909
0.0487044,0.0241909
0.0493029,0.0241909
0.0499015,0.0241909
0.0505001,0.0241909
0.0510987,0.0241909
0.0516973,0.0240262
0.052296,0.0238615
0.0528946,0.0236968
0.0534933,0.0235321
0.054092,0.0233674
0.0546908,0.0232027
0.0552895,0.023038
0.0558883,0.0228732
0.0564871,0.0227085
0.0570859,0.0225438
0.0576848,0.022379
0.0582836,0.0222143
0.0588825,0.0220495
0.0594814,0.0218848
0.0600803,0.02172
0.0606793,0.0215552
0.0612782,0.0213904
0.0618772,0.0212256
0.0624762,0.0210608
0.0630753,0.020896
0.0636743,0.0207312
0.0642734,0.0205664
0.0648725,0.0204016
0.0654716,0.0202368
0.0660707,0.020072
0.0666698,0.0199071
0.067269,0.0197423
0.0678682,0.0195775
0.0684674,0.0194126
0.0690667,0.0192478
0.0696659,0.0190829
0.0702652,0.018918
0.0708645,0.0187532
0.0714638,0.0185883
0.0720631,0.0184234
0.0726625,0.0182585
0.0732618,0.0180936
0.0738612,0.0179287
0.0744606,0.0177638
0.0750601,0.0175989
0.0756595,0.017434
0.076259,0.0172691
0.0768585,0.0171041
0.077458,0.0169392
0.0780575,0.0167743
0.0786571,0.0166093
0.0792566,0.0164444
0.0798562,0.0162794
0.0804558,0.0161145
0.0810555,0.0159495
0.0816551,0.0157845
0.0822548,0.0156196
0.0828545,0.0154546
0.0834542,0.0152896
0.0840539,0.0151246
0.0846536,0.0149596
0.0852534,0.0147946
0.0858532,0.0146296
0.086453,0.0144342
0.0870528,0.0142389
0.0876526,0.0140435
0.0882525,0.0138481
0.0888524,0.0136527
0.0894522,0.0134573
0.0900522,0.0132619
0.0906521,0.0130665
0.091252,0.0128711
0.091852,0.0126756
0.092452,0.0124802
0.093052,0.0122848
0.093652,0.0120893
0.0942521,0.0118939
0.0948521,0.0116984
0.0954522,0.011503
0.0960523,0.0113075
0.0966524,0.011112
0.0972526,0.0110817
0.0978527,0.0110513
0.0984529,0.0110209
0.0990531,0.0109905
0.0996533,0.0109602
0.100253,0.0109298
0.100854,0.0108994
0.101454,0.010869
0.102054,0.0108386
0.102655,0.0108082
0.103255,0.0107779
0.103855,0.0107475
0.104456,0.0107171
0.105056,0.0106867
0.105656,0.0106563
0.106257,0.0106259
0.106857,0.0105955
0.107458,0.0105651
0.108058,0.0105348
0.108659,0.0105044
0.109259,0.010474
0.109859,0.0104436
0.11046,0.0104436
0.111061,0.0104436
0.111661,0.0104436
0.112262,0.0104436
0.112862,0.0104436
0.113463,0.0104436
0.114064,0.0104436
0.114664,0.0104436
0.115265,0.0104436
0.115866,0.0104436
0.116466,0.0104436
0.117067,0.0104436
0.117668,0.0104436
0.118268,0.0104436
0.118869,0.0104436
0.11947,0.0104436
0.120071,0.0104436
0.120672,0.0104436
0.121272,0.0104436
0.121873,0.0104436
0.122474,0.0104436
0.123075,0.0104436
0.123676,0.0104436
0.124277,0.0104436
0.124878,0.0104436
0.125479,0.0104436
0.12608,0.0104436
0.126681,0.0104436
0.127282,0.0104436
0.127883,0.0104436
0.128484,0.0104436
0.129085,0.0104436
0.129686,0.0104436
0.130287,0.0104436
0.130888,0.0104436
0.131489,0.0104436
0.13209,0.0104436
0.132691,0.0104436
0.133292,0.0104436
0.133893,0.0104436
0.134495,0.0104436
0.135096,0.0104436
0.135697,0.0104436
0.136298,0.0104436
0.1369,0.0104436
0.137501,0.0104436
0.138102,0.0104436
0.138703,0.0104436
0.139305,0.0104436
0.139906,0.0104436
0.140507,0.0104436
0.141109,0.0104436
0.14171,0.0104436
0.142311,0.0104436
0.142913,0.0104436
0.143514,0.0104436
0.144116,0.0104436
0.144717,0.0104436
0.145318,0.0104436
0.14592,0.0104436
0.146521,0.0104436
0.147123,0.0104436
0.147724,0.0104436
0.148326,0.0104436
0.148927,0.0104436
0.149529,0.0104436
0.150131,0.0104436
0.150732,0.0104436
0.151334,0.0104436
0.151935,0.0104436
0.152537,0.0104436
0.153139,0.0104436
0.15374,0.0104436
0.154342,0.0104436
0.154944,0.0104436
0.155545,0.0104436
0.156147,0.0104436
0.156749,0.0104436
0.157351,0.0104436
0.157952,0.0104436
0.158554,0.0104436
0.159156,0.0104436
0.159758,0.0104436
0.160359,0.0104436
0.160961,0.0104436
0.161563,0.0104436
0.162165,0.0104436
0.162767,0.0104436
0.163369,0.0104436
0.163971,0.0104436
0.164572,0.0104436
0.165174,0.0104436
0.165776,0.0104436
0.166378,0.0104436
0.16698,0.0104436
0.167582,0.0104436
0.168184,0.0104436
0.168786,0.0104436
0.169388,0.0104436
0.16999,0.0104436
0.170592,0.0104436
0.171194,0.0104436
0.171796,0.0104436
0.172398,0.0104436
0.173,0.0104436
0.173602,0.0104436
0.174205,0.0104436
0.174807,0.0104436
0.175409,0.0104436
0.176011,0.0104436
0.176613,0.0104952
0.177215,0.0105468
0.177817,0.0105984
0.17842,0.0106501
0.179022,0.0107017
0.179624,0.0107533
0.180226,0.0108049
0.180829,0.0108566
0.181431,0.0109082
0.182033,0.0109598
0.182635,0.0110114
0.183238,0.0110631
0.18384,0.0111147
0.184442,0.0111663
0.185045,0.011218
0.185647,0.0112696
0.186249,0.0113212
0.186852,0.0113729
0.187454,0.0114245
0.188056,0.0114762
0.188659,0.0115278
0.189261,0.0115794
0.189864,0.0116311
0.190466,0.0116827
0.191069,0.0117344
0.191671,0.011786
0.192273,0.0118377
0.192876,0.0118893
0.193478,0.0119409
0.194081,0.0119926
0.194683,0.0120442
0.195286,0.0120959
0.195888,0.0121475
0.196491,0.0121992
0.197094,0.0122508
0.197696,0.0123025
0.198299,0.0123542
0.198901,0.0124058
0.199504,0.0124575
0.200107,0.0125091
0.200709,0.0125608
0.201312,0.0126124
0.201914,0.0126641
0.202517,0.0127158
0.20312,0.0127674
0.203722,0.0128191
0.204325,0.0128708
0.204928,0.0129224
0.20553,0.0129741
0.206133,0.0130258
0.206736,0.0130774
0.207339,0.0131291
0.207941,0.0131808
0.208544,0.0132324
0.209147,0.0132841
0.20975,0.0133358
0.210352,0.0133874
0.210955,0.0134391
0.211558,0.0134908
0.212161,0.0135425
0.212764,0.0135941
0.213367,0.0136458
0.213969,0.0136975
0.214572,0.0137492
0.215175,0.0138009
0.215778,0.0138525
0.216381,0.0139042
0.216984,0.0139559
0.217587,0.0140076
0.21819,0.0140593
0.218793,0.014111
0.219395,0.0141626
0.219998,0.0142143
0.220601,0.014266
0.221204,0.0143177
0.221807,0.0143694
0.22241,0.0144211
0.223013,0.0144728
0.223616,0.0145245
0.224219,0.0145762
0.224822,0.0146278
0.225425,0.0146795
0.226028,0.0147312
0.226631,0.0147829
0.227234,0.0148346
0.227837,0.0148863
0.228441,0.014938
0.229044,0.0149897
0.229647,0.0150414
0.23025,0.0150931
0.230853,0.0151448
0.231456,0.0151965
0.232059,0.0152482
0.232662,0.0152999
0.233265,0.0153516
0.233868,0.0154033
0.234472,0.015455
0.235075,0.0155067
0.235678,0.0155584
0.236281,0.0156101
0.236884,0.0156618
0.237488,0.0157136
0.238091,0.0157653
0.238694,0.015817
0.239297,0.0158687
0.2399,0.0159204
0.240504,0.0159721
0.241107,0.0160238
0.24171,0.0160755
0.242313,0.0161272
0.242917,0.016179
0.24352,0.0162307
0.244123,0.0162824
0.244726,0.0163341
0.24533,0.0163858
0.245933,0.0164375
0.246536,0.0164893
0.24714,0.016541
0.247743,0.0165927
0.248346,0.0166444
0.24895,0.0166961
0.249553,0.0167478
0.250156,0.0167996
0.25076,0.0168513
0.251363,0.016903
0.251966,0.0169547
0.25257,0.0170065
0.253173,0.0170582
0.253777,0.0171099
0.25438,0.0171616
0.254983,0.0172134
0.255587,0.0172651
0.25619,0.0173168
0.256794,0.0173685
0.257397,0.0174203
0.258,0.017472
0.258604,0.0175237
0.259207,0.0175755
0.259811,0.0176272
0.260414,0.0176789
0.261018,0.0177307
0.261621,0.0177824
0.262225,0.0178341
0.262828,0.0178859
0.263432,0.0179376
0.264035,0.0179893
0.264639,0.0180411
0.265242,0.0180928
0.265846,0.0181445
0.266449,0.0181963
0.267053,0.018248
0.267656,0.0182997
0.26826,0.0183515
0.268863,0.0184032
0.269467,0.018455
0.270071,0.0185067
0.270674,0.0185584
0.271278,0.0186102
0.271881,0.0186619
0.272485,0.0187137
0.273088,0.0187654
0.273692,0.0188171
0.274296,0.0188689
0.274899,0.0189206
0.275503,0.0189724
0.276106,0.0190241
0.27671,0.0190759
0.277314,0.0191276
0.277917,0.0191793
0.278521,0.0192311
0.279125,0.0192828
0.279728,0.0193346
0.280332,0.0193863
0.280935,0.0194381
0.281539,0.0194898
0.282143,0.0195416
0.282746,0.0195933
0.28335,0.0196451
0.283954,0.0196968
0.284557,0.0197486
0.285161,0.0198003
0.285765,0.0198521
0.286369,0.0199038
0.286972,0.0199556
0.287576,0.0200073
0.28818,0.0200591
0.288783,0.0201108
0.289387,0.0201626
0.289991,0.0202143
0.290595,0.0202661
0.291198,0.0203178
0.291802,0.0203696
0.292406,0.0204213
0.293009,0.0204731
0.293613,0.0205249
0.294217,0.0205766
0.294821,0.0206284
0.295424,0.0206801
0.296028,0.0207319
0.296632,0.0207836
0.297236,0.0208354
0.29784,0.0208872
0.298443,0.0209389
0.299047,0.0209907
0.299651,0.0210424
0.300255,0.0210942
0.300858,0.0211459
0.301462,0.0211977
0.302066,0.0212495
0.30267,0.0213012
0.303274,0.021353
0.303877,0.0214047
0.304481,0.0214565
0.305085,0.0215083
0.305689,0.02156
0.306293,0.0216118
0.306897,0.0216636
0.3075,0.0217153
0.308104,0.0217671
0.308708,0.0218188
0.309312,0.0218706
0.309916,0.0219224
0.310519,0.0219741
0.311123,0.0220259
0.311727,0.0220777
0.312331,0.0221294
0.312935,0.0221812
0.313539,0.022233
0.314143,0.0222847
0.314746,0.0223365
0.31535,0.0223882
0.315954,0.02244
0.316558,0.0224918
0.317162,0.0225435
0.317766,0.0225953
0.31837,0.0226471
0.318973,0.0226988
0.319577,0.0227506
0.320181,0.0228024
0.320785,0.0228541
0.321389,0.0229059
0.321993,0.0229577
0.322597,0.0230094
0.323201,0.0230612
0.323804,0.023113
0.324408,0.0231647
0.325012,0.0232165
0.325616,0.0232683
0.32622,0.02332
0.326824,0.0233718
0.327428,0.0234236
0.328032,0.0234753
0.328636,0.0235271
0.32924,0.0235789
0.329843,0.0236307
0.330447,0.0236824
0.331051,0.0237342
0.331655,0.023786
0.332259,0.0238377
0.332863,0.0238895
0.333467,0.0239413
0.334071,0.023993
0.334675,0.0240448
0.335279,0.0240966
0.335882,0.0241483
0.336486,0.0242001
0.33709,0.0242519
0.337694,0.0243037
0.338298,0.0243554
0.338902,0.0244072
0.339506,0.024459
0.34011,0.0245107
0.340714,0.0245625
0.341318,0.0246143
0.341922,0.024666
0.342526,0.0247178
0.343129,0.0247696
0.343733,0.0248214
0.344337,0.0248731
0.344941,0.0249249
0.345545,0.0249767
0.346149,0.0250284
0.346753,0.0250802
0.347368,0.025132
0.348006,0.0251857
0.348667,0.0252413
0.349353,0.0252991
0.350063,0.0253589
0.3508,0.0254209
0.351562,0.0254851
0.352352,0.0255516
0.353169,0.0256205
0.354015,0.0256918
0.35489,0.0257655
0.355796,0.0258418
0.356732,0.0259207
0.357699,0.0260023
0.358699,0.0260866
0.359732,0.0261737
0.360798,0.0262636
0.361898,0.0263565
0.363034,0.0264523
0.364204,0.0265512
0.365412,0.0266531
0.366655,0.0267581
0.367937,0.0268663
0.369256,0.0269778
0.370613,0.0270925
0.372009,0.0272105
0.373444,0.0273318
0.374919,0.0274565
0.376433,0.0275846
0.377988,0.0277162
0.379582,0.0278511
0.381217,0.0279896
0.382893,0.0281315
0.384608,0.0282768
0.386364,0.0284256
0.38816,0.0285779
0.389996,0.0287335
0.391871,0.0288926
0.393786,0.0290551
0.395739,0.0292208
0.397729,0.0293899
0.399757,0.0295621
0.401822,0.0297376
0.403922,0.0299161
0.406057,0.0300976
0.408225,0.0302821
0.410425,0.0304694
0.412657,0.0306594
0.414918,0.030852
0.417208,0.0310471
0.419524,0.0312445
0.421866,0.0314442
0.424231,0.031646
0.426618,0.0318497
0.429024,0.0320552
0.431449,0.0322623
0.43389,0.0324709
0.436344,0.0326807
0.438811,0.0328917
0.441287,0.0331036
0.443771,0.0333163
0.44626,0.0335295
0.448753,0.0337431
0.451247,0.0339569
-0.000298318,0.0246453
0.000298318,0.0246453
0.000894966,0.0246453
0.00149164,0.0246453
0.00208834,0.0246453
0.00268506,0.0246453
0.00328181,0.0246453
0.00387858,0.0246453
0.00447538,0.0246453
0.0050722,0.0246453
0.00566905,0.0246453
0.00626592,0.0246453
0.00686282,0.0246453
0.00745974,0.0246453
0.00805669,0.0246453
0.00865366,0.0246453
0.00925066,0.0246453
0.00984768,0.0246453
0.0104447,0.0246453
0.0110418,0.0246453
0.0116389,0.0246453
0.012236,0.0246453
0.0128331,0.0246453
0.0134303,0.0246453
0.0140275,0.0246453
0.0146247,0.0246453
0.0152219,0.0246453
0.0158192,0.0246453
0.0164165,0.0246453
0.0170138,0.0246453
0.0176111,0.0246453
0.0182085,0.0246453
0.0188059,0.0246453
0.0194033,0.0246453
0.0200007,0.0246453
0.0205982,0.0246453
0.0211956,0.0246453
0.0217931,0.0246453
0.0223907,0.0246453
0.0229882,0.0246453
0.0235858,0.0246453
0.0241834,0.0246453
0.024781,0.0246453
0.0253786,0.0246453
0.0259763,0.0246453
0.026574,0.0246453
0.0271717,0.0246453
0.0277694,0.0246453
0.0283672,0.0246453
0.028965,0.0246453
0.0295628,0.0246453
0.0301606,0.0246453
0.0307585,0.0246453
0.0313563,0.0246453
0.0319542,0.0246453
0.0325521,0.0246453
0.0331501,0.0246453
0.033748,0.0246453
0.034346,0.0246453
0.034944,0.0246453
0.0355421,0.0246453
0.0361401,0.0246453
0.0367382,0.0246453
0.0373363,0.0246453
0.0379344,0.0246453
0.0385326,0.0246453
0.0391307,0.0246453
0.0397289,0.0246453
0.0403271,0.0246453
0.0409254,0.0246453
0.0415236,0.0246453
0.0421219,0.0246453
0.0427202,0.0246453
0.0433185,0.0246453
0.0439169,0.0246453
0.0445152,0.0246453
0.0451136,0.0246453
0.045712,0.0246453
0.0463105,0.0246453
0.0469089,0.0246453
0.0475074,0.0246453
0.0481059,0.0246453
0.0487044,0.0246453
0.0493029,0.0246453
0.0499015,0.0246453
0.0505001,0.0246453
0.0510987,0.0246453
0.0516973,0.0244769
0.052296,0.0243085
0.0528946,0.0241401
0.0534933,0.0239717
0.054092,0.0238033
0.0546908,0.0236349
0.0552895,0.0234664
0.0558883,0.023298
0.0564871,0.0231296
0.0570859,0.0229611
0.0576848,0.0227926
0.0582836,0.0226242
0.0588825,0.0224557
0.0594814,0.0222873
0.0600803,0.0221188
0.0606793,0.0219503
0.0612782,0.0217818
0.0618772,0.0216133
0.0624762,0.0214448
0.0630753,0.0212763
0.0636743,0.0211078
0.0642734,0.0209393
0.0648725,0.0207707
0.0654716,0.0206022
0.0660707,0.0204337
0.0666698,0.0202651
0.067269,0.0200966
0.0678682,0.019928
0.0684674,0.0197595
0.0690667,0.0195909
0.0696659,0.0194223
0.0702652,0.0192538
0.0708645,0.0190852
0.0714638,0.0189166
0.0720631,0.018748
0.0726625,0.0185794
0.0732618,0.0184108
0.0738612,0.0182422
0.0744606,0.0180736
0.0750601,0.017905
0.0756595,0.0177363
0.076259,0.0175677
0.0768585,0.0173991
0.077458,0.0172304
0.0780575,0.0170618
0.0786571,0.0168931
0.0792566,0.0167244
0.0798562,0.0165558
0.0804558,0.0163871
0.0810555,0.0162184
0.0816551,0.0160498
0.0822548,0.0158811
0.0828545,0.0157124
0.0834542,0.0155437
0.0840539,0.015375
0.0846536,0.0152063
0.0852534,0.0150376
0.0858532,0.0148688
0.086453,0.0146713
0.0870528,0.0144738
0.0876526,0.0142763
0.0882525,0.0140787
0.0888524,0.0138812
0.0894522,0.0136836
0.0900522,0.0134861
0.0906521,0.0132885
0.091252,0.013091
0.091852,0.0128934
0.092452,0.0126958
0.093052,0.0124982
0.093652,0.0123006
0.0942521,0.012103
0.0948521,0.0119054
0.0954522,0.0117078
0.0960523,0.0115102
0.0966524,0.0113126
0.0972526,0.0112838
0.0978527,0.011255
0.0984529,0.0112262
0.0990531,0.0111974
0.0996533,0.0111685
0.100253,0.0111397
0.100854,0.0111109
0.101454,0.0110821
0.102054,0.0110533
0.102655,0.0110245
0.103255,0.0109957
0.103855,0.0109668
0.104456,0.010938
0.105056,0.0109092
0.105656,0.0108804
0.106257,0.0108516
0.106857,0.0108227
0.107458,0.0107939
0.108058,0.0107651
0.108659,0.0107363
0.109259,0.0107074
0.109859,0.0106786
0.11046,0.0106786
0.111061,0.0106786
0.111661,0.0106786
0.112262,0.0106786
0.112862,0.0106786
0.113463,0.0106786
0.114064,0.0106786
0.114664,0.0106786
0.115265,0.0106786
0.115866,0.0106786
0.116466,0.0106786
0.117067,0.0106786
0.117668,0.0106786
0.118268,0.0106786
0.118869,0.0106786
0.11947,0.0106786
0.120071,0.0106786
0.120672,0.0106786
0.121272,0.0106786
0.121873,0.0106786
0.122474,0.0106786
0.123075,0.0106786
0.123676,0.0106786
0.124277,0.0106786
0.124878,0.0106786
0.125479,0.0106786
0.12608,0.0106786
0.126681,0.0106786
0.127282,0.0106786
0.127883,0.0106786
0.128484,0.0106786
0.129085,0.0106786
0.129686,0.0106786
0.130287,0.0106786
0.130888,0.0106786
0.131489,0.0106786
0.13209,0.0106786
0.132691,0.0106786
0.133292,0.0106786
0.133893,0.0106786
0.134495,0.0106786
0.135096,0.0106786
0.135697,0.0106786
0.136298,0.0106786
0.1369,0.0106786
0.137501,0.0106786
0.138102,0.0106786
0.138703,0.0106786
0.139305,0.0106786
0.139906,0.0106786
0.140507,0.0106786
0.141109,0.0106786
0.14171,0.0106786
0.142311,0.0106786
0.142913,0.0106786
0.143514,0.0106786
0.144116,0.0106786
0.144717,0.0106786
0.145318,0.0106786
0.14592,0.0106786
0.146521,0.0106786
0.147123,0.0106786
0.147724,0.0106786
0.148326,0.0106786
0.148927,0.0106786
0.149529,0.0106786
0.150131,0.0106786
0.150732,0.0106786
0.151334,0.0106786
0.151935,0.0106786
0.152537,0.0106786
0.153139,0.0106786
0.15374,0.0106786
0.154342,0.0106786
0.154944,0.0106786
0.155545,0.0106786
0.156147,0.0106786
0.156749,0.0106786
0.157351,0.0106786
0.157952,0.0106786
0.158554,0.0106786
0.159156,0.0106786
0.159758,0.0106786
0.160359,0.0106786
0.160961,0.0106786
0.161563,0.0106786
0.162165,0.0106786
0.162767,0.0106786
0.163369,0.0106786
0.163971,0.0106786
0.164572,0.0106786
0.165174,0.0106786
0.165776,0.0106786
0.166378,0.0106786
0.16698,0.0106786
0.167582,0.0106786
0.168184,0.0106786
0.168786,0.0106786
0.169388,0.0106786
0.16999,0.0106786
0.170592,0.0106786
0.171194,0.0106786
0.171796,0.0106786
0.172398,0.0106786
0.173,0.0106786
0.173602,0.0106786
0.174205,0.0106786
0.174807,0.0106786
0.175409,0.0106786
0.176011,0.0106786
0.176613,0.0107314
0.177215,0.0107842
0.177817,0.010837
0.17842,0.0108897
0.179022,0.0109425
0.179624,0.0109953
0.180226,0.0110481
0.180829,0.0111009
0.181431,0.0111537
0.182033,0.0112065
0.182635,0.0112593
0.183238,0.0113121
0.18384,0.0113648
0.184442,0.0114176
0.185045,0.0114704
0.185647,0.0115232
0.186249,0.011576
0.186852,0.0116288
0.187454,0.0116816
0.188056,0.0117344
0.188659,0.0117872
0.189261,0.01184
0.189864,0.0118928
0.190466,0.0119456
0.191069,0.0119984
0.191671,0.0120513
0.192273,0.0121041
0.192876,0.0121569
0.193478,0.0122097
0.194081,0.0122625
0.194683,0.0123153
0.195286,0.0123681
0.195888,0.0124209
0.196491,0.0124737
0.197094,0.0125266
0.197696,0.0125794
0.198299,0.0126322
0.198901,0.012685
0.199504,0.0127378
0.200107,0.0127906
0.200709,0.0128435
0.201312,0.0128963
0.201914,0.0129491
0.202517,0.0130019
0.20312,0.0130548
0.203722,0.0131076
0.204325,0.0131604
0.204928,0.0132132
0.20553,0.0132661
0.206133,0.0133189
0.206736,0.0133717
0.207339,0.0134246
0.207941,0.0134774
0.208544,0.0135302
0.209147,0.0135831
0.20975,0.0136359
0.210352,0.0136887
0.210955,0.0137416
0.211558,0.0137944
0.212161,0.0138472
0.212764,0.0139001
0.213367,0.0139529
0.213969,0.0140058
0.214572,0.0140586
0.215175,0.0141115
0.215778,0.0141643
0.216381,0.0142171
0.216984,0.01427
0.217587,0.0143228
0.21819,0.0143757
0.218793,0.0144285
0.219395,0.0144814
0.219998,0.0145342
0.220601,0.0145871
0.221204,0.0146399
0.221807,0.0146928
0.22241,0.0147456
0.223013,0.0147985
0.223616,0.0148513
0.224219,0.0149042
0.224822,0.014957
0.225425,0.0150099
0.226028,0.0150628
0.226631,0.0151156
0.227234,0.0151685
0.227837,0.0152213
0.228441,0.0152742
0.229044,0.0153271
0.229647,0.0153799
0.23025,0.0154328
0.230853,0.0154856
0.231456,0.0155385
0.232059,0.0155914
0.232662,0.0156442
0.233265,0.0156971
0.233868,0.01575
0.234472,0.0158028
0.235075,0.0158557
0.235678,0.0159086
0.236281,0.0159614
0.236884,0.0160143
0.237488,0.0160672
0.238091,0.0161201
0.238694,0.0161729
0.239297,0.0162258
0.2399,0.0162787
0.240504,0.0163316
0.241107,0.0163844
0.24171,0.0164373
0.242313,0.0164902
0.242917,0.0165431
0.24352,0.0165959
0.244123,0.0166488
0.244726,0.0167017
0.24533,0.0167546
0.245933,0.0168075
0.246536,0.0168603
0.24714,0.0169132
0.247743,0.0169661
0.248346,0.017019
0.24895,0.0170719
0.249553,0.0171248
0.250156,0.0171776
0.25076,0.0172305
0.251363,0.0172834
0.251966,0.0173363
0.25257,0.0173892
0.253173,0.0174421
0.253777,0.017495
0.25438,0.0175479
0.254983,0.0176007
0.255587,0.0176536
0.25619,0.0177065
0.256794,0.0177594
0.257397,0.0178123
0.258,0.0178652
0.258604,0.0179181
0.259207,0.017971
0.259811,0.0180239
0.260414,0.0180768
0.261018,0.0181297
0.261621,0.0181826
0.262225,0.0182355
0.262828,0.0182884
0.263432,0.0183413
0.264035,0.0183942
0.264639,0.0184471
0.265242,0.0185
0.265846,0.0185529
0.266449,0.0186058
0.267053,0.0186587
0.267656,0.0187116
0.26826,0.0187645
0.268863,0.0188174
0.269467,0.0188703
0.270071,0.0189232
0.270674,0.0189761
0.271278,0.019029
0.271881,0.0190819
0.272485,0.0191348
0.273088,0.0191877
0.273692,0.0192406
0.274296,0.0192935
0.274899,0.0193464
0.275503,0.0193993
0.276106,0.0194522
0.27671,0.0195052
0.277314,0.0195581
0.277917,0.019611
0.278521,0.0196639
0.279125,0.0197168
0.279728,0.0197697
0.280332,0.0198226
0.280935,0.0198755
0.281539,0.0199284
0.282143,0.0199814
0.282746,0.0200343
0.28335,0.0200872
0.283954,0.0201401
0.284557,0.020193
0.285161,0.0202459
0.285765,0.0202988
0.286369,0.0203518
0.286972,0.0204047
0.287576,0.0204576
0.28818,0.0205105
0.288783,0.0205634
0.289387,0.0206163
0.289991,0.0206693
0.290595,0.0207222
0.291198,0.0207751
0.291802,0.020828
0.292406,0.0208809
0.293009,0.0209339
0.293613,0.0209868
0.294217,0.0210397
0.294821,0.0210926
0.295424,0.0211455
0.296028,0.0211985
0.296632,0.0212514
0.297236,0.0213043
0.29784,0.0213572
0.298443,0.0214101
0.299047,0.0214631
0.299651,0.021516
0.300255,0.0215689
0.300858,0.0216218
0.301462,0.0216748
0.302066,0.0217277
0.30267,0.0217806
0.303274,0.0218335
0.303877,0.0218865
0.304481,0.0219394
0.305085,0.0219923
0.305689,0.0220452
0.306293,0.0220982
0.306897,0.0221511
0.3075,0.022204
0.308104,0.022257
0.308708,0.0223099
0.309312,0.0223628
0.309916,0.0224157
0.310519,0.0224687
0.311123,0.0225216
0.311727,0.0225745
0.312331,0.0226274
0.312935,0.0226804
0.313539,0.0227333
0.314143,0.0227862
0.314746,0.0228392
0.31535,0.0228921
0.315954,0.022945
0.316558,0.022998
0.317162,0.0230509
0.317766,0.0231038
0.31837,0.0231567
0.318973,0.0232097
0.319577,0.0232626
0.320181,0.0233155
0.320785,0.0233685
0.321389,0.0234214
0.321993,0.0234743
0.322597,0.0235273
0.323201,0.0235802
0.323804,0.0236331
0.324408,0.0236861
0.325012,0.023739
0.325616,0.0237919
0.32622,0.0238449
0.326824,0.0238978
0.327428,0.0239507
0.328032,0.0240037
0.328636,0.0240566
0.32924,0.0241095
0.329843,0.0241625
0.330447,0.0242154
0.331051,0.0242683
0.331655,0.0243213
0.332259,0.0243742
0.332863,0.0244271
0.333467,0.0244801
0.334071,0.024533
0.334675,0.0245859
0.335279,0.0246389
0.335882,0.0246918
0.336486,0.0247447
0.33709,0.0247977
0.337694,0.0248506
0.338298,0.0249035
0.338902,0.0249565
0.339506,0.0250094
0.34011,0.0250624
0.340714,0.0251153
0.341318,0.0251682
0.341922,0.0252212
0.342526,0.0252741
0.343129,0.025327
0.343733,0.02538
0.344337,0.0254329
0.344941,0.0254858
0.345545,0.0255388
0.346149,0.0255917
0.346753,0.0256446
0.347368,0.0256976
0.348006,0.0257525
0.348667,0.0258094
0.349353,0.0258684
0.350063,0.0259296
0.3508,0.025993
0.351562,0.0260587
0.352352,0.0261267
0.353169,0.0261971
0.354015,0.02627
0.35489,0.0263454
0.355796,0.0264234
0.356732,0.0265041
0.357699,0.0265875
0.358699,0.0266737
0.359732,0.0267627
0.360798,0.0268547
0.361898,0.0269497
0.363034,0.0270476
0.364204,0.0271487
0.365412,0.0272529
0.366655,0.0273603
0.367937,0.027471
0.369256,0.0275849
0.370613,0.0277022
0.372009,0.0278228
0.373444,0.0279469
0.374919,0.0280744
0.376433,0.0282054
0.377988,0.0283399
0.379582,0.0284779
0.381217,0.0286195
0.382893,0.0287646
0.384608,0.0289132
0.386364,0.0290653
0.38816,0.029221
0.389996,0.0293802
0.391871,0.0295428
0.393786,0.0297089
0.395739,0.0298784
0.397729,0.0300513
0.399757,0.0302274
0.401822,0.0304068
0.403922,0.0305894
0.406057,0.030775
0.408225,0.0309636
0.410425,0.0311551
0.412657,0.0313493
0.414918,0.0315463
0.417208,0.0317458
0.419524,0.0319477
0.421866,0.0321519
0.424231,0.0323582
0.426618,0.0325665
0.429024,0.0327766
0.431449,0.0329884
0.43389,0.0332016
0.436344,0.0334162
0.438811,0.0336319
0.441287,0.0338486
0.443771,0.0340661
0.44626,0.0342841
0.448753,0.0345025
0.451247,0.0347211
-0.000298318,0.0250995
0.000298318,0.0250995
0.000894966,0.0250995
0.00149164,0.0250995
0.00208834,0.0250995
0.00268506,0.0250995
0.00328181,0.0250995
0.00387858,0.0250995
0.00447538,0.0250995
0.0050722,0.0250995
0.00566905,0.0250995
0.00626592,0.0250995
0.00686282,0.0250995
0.00745974,0.0250995
0.00805669,0.0250995
0.00865366,0.0250995
0.00925066,0.0250995
0.00984768,0.0250995
0.0104447,0.0250995
0.0110418,0.0250995
0.0116389,0.0250995
0.012236,0.0250995
0.0128331,0.0250995
0.0134303,0.0250995
0.0140275,0.0250995
0.0146247,0.0250995
0.0152219,0.0250995
0.0158192,0.0250995
0.0164165,0.0250995
0.0170138,0.0250995
0.0176111,0.0250995
0.0182085,0.0250995
0.0188059,0.0250995
0.0194033,0.0250995
0.0200007,0.0250995
0.0205982,0.0250995
0.0211956,0.0250995
0.0217931,0.0250995
0.0223907,0.0250995
0.0229882,0.0250995
0.0235858,0.0250995
0.0241834,0.0250995
0.024781,0.0250995
0.0253786,0.0250995
0.0259763,0.0250995
0.026574,0.0250995
0.0271717,0.0250995
0.0277694,0.0250995
0.0283672,0.0250995
0.028965,0.0250995
0.0295628,0.0250995
0.0301606,0.0250995
0.0307585,0.0250995
0.0313563,0.0250995
0.0319542,0.0250995
0.0325521,0.0250995
0.0331501,0.0250995
0.033748,0.0250995
0.034346,0.0250995
0.034944,0.0250995
0.0355421,0.0250995
0.0361401,0.0250995
0.0367382,0.0250995
0.0373363,0.0250995
0.0379344,0.0250995
0.0385326,0.0250995
0.0391307,0.0250995
0.0397289,0.0250995
0.0403271,0.0250995
0.0409254,0.0250995
0.0415236,0.0250995
0.0421219,0.0250995
0.0427202,0.0250995
0.0433185,0.0250995
0.0439169,0.0250995
0.0445152,0.0250995
0.0451136,0.0250995
0.045712,0.0250995
0.0463105,0.0250995
0.0469089,0.0250995
0.0475074,0.0250995
0.0481059,0.0250995
0.0487044,0.0250995
0.0493029,0.0250995
0.0499015,0.0250995
0.0505001,0.0250995
0.0510987,0.0250995
0.0516973,0.0249274
0.052296,0.0247553
0.0528946,0.0245832
0.0534933,0.0244111
0.054092,0.024239
0.0546908,0.0240668
0.0552895,0.0238947
0.0558883,0.0237225
0.0564871,0.0235504
0.0570859,0.0233782
0.0576848,0.0232061
0.0582836,0.0230339
0.0588825,0.0228617
0.0594814,0.0226896
0.0600803,0.0225174
0.0606793,0.0223452
0.0612782,0.022173
0.0618772,0.0220008
0.0624762,0.0218286
0.0630753,0.0216564
0.0636743,0.0214842
0.0642734,0.0213119
0.0648725,0.0211397
0.0654716,0.0209675
0.0660707,0.0207952
0.0666698,0.020623
0.067269,0.0204507
0.0678682,0.0202784
0.0684674,0.0201062
0.0690667,0.0199339
0.0696659,0.0197616
0.0702652,0.0195893
0.0708645,0.0194171
0.0714638,0.0192448
0.0720631,0.0190725
0.0726625,0.0189001
0.0732618,0.0187278
0.0738612,0.0185555
0.0744606,0.0183832
0.0750601,0.0182109
0.0756595,0.0180385
0.076259,0.0178662
0.0768585,0.0176938
0.077458,0.0175215
0.0780575,0.0173491
0.0786571,0.0171768
0.0792566,0.0170044
0.0798562,0.016832
0.0804558,0.0166596
0.0810555,0.0164872
0.0816551,0.0163149
0.0822548,0.0161425
0.0828545,0.01597
0.0834542,0.0157976
0.0840539,0.0156252
0.0846536,0.0154528
0.0852534,0.0152804
0.0858532,0.0151079
0.086453,0.0149083
0.0870528,0.0147086
0.0876526,0.0145089
0.0882525,0.0143093
0.0888524,0.0141096
0.0894522,0.0139099
0.0900522,0.0137102
0.0906521,0.0135105
0.091252,0.0133108
0.091852,0.013111
0.092452,0.0129113
0.093052,0.0127116
0.093652,0.0125118
0.0942521,0.0123121
0.0948521,0.0121123
0.0954522,0.0119126
0.0960523,0.0117128
0.0966524,0.0115131
0.0972526,0.0114858
0.0978527,0.0114586
0.0984529,0.0114313
0.0990531,0.0114041
0.0996533,0.0113768
0.100253,0.0113496
0.100854,0.0113223
0.101454,0.0112951
0.102054,0.0112678
0.102655,0.0112406
0.103255,0.0112133
0.103855,0.0111861
0.104456,0.0111588
0.105056,0.0111316
0.105656,0.0111043
0.106257,0.0110771
0.106857,0.0110498
0.107458,0.0110226
0.108058,0.0109953
0.108659,0.0109681
0.109259,0.0109408
0.109859,0.0109135
0.11046,0.0109135
0.111061,0.0109135
0.111661,0.0109135
0.112262,0.0109135
0.112862,0.0109135
0.113463,0.0109135
0.114064,0.0109135
0.114664,0.0109135
0.115265,0.0109135
0.115866,0.0109135
0.116466,0.0109135
0.117067,0.0109135
0.117668,0.0109135
0.118268,0.0109135
0.118869,0.0109135
0.11947,0.0109135
0.120071,0.0109135
0.120672,0.0109135
0.121272,0.0109135
0.121873,0.0109135
0.122474,0.0109135
0.123075,0.0109135
0.123676,0.0109135
0.124277,0.0109135
0.124878,0.0109135
0.125479,0.0109135
0.12608,0.0109135
0.126681,0.0109135
0.127282,0.0109135
0.127883,0.0109135
0.128484,0.0109135
0.129085,0.0109135
0.129686,0.0109135
0.130287,0.0109135
0.130888,0.0109135
0.131489,0.0109135
0.13209,0.0109135
0.132691,0.0109135
0.133292,0.0109135
0.133893,0.0109135
0.134495,0.0109135
0.135096,0.0109135
0.135697,0.0109135
0.136298,0.0109135
0.1369,0.0109135
0.137501,0.0109135
0.138102,0.0109135
0.138703,0.0109135
0.139305,0.0109135
0.139906,0.0109135
0.140507,0.0109135
0.141109,0.0109135
0.14171,0.0109135
0.142311,0.0109135
0.142913,0.0109135
0.143514,0.0109135
0.144116,0.0109135
0.144717,0.0109135
0.145318,0.0109135
0.14592,0.0109135
0.146521,0.0109135
0.147123,0.0109135
0.147724,0.0109135
0.148326,0.0109135
0.148927,0.0109135
0.149529,0.0109135
0.150131,0.0109135
0.150732,0.0109135
0.151334,0.0109135
0.151935,0.0109135
0.152537,0.0109135
0.153139,0.0109135
0.15374,0.0109135
0.154342,0.0109135
0.154944,0.0109135
0.155545,0.0109135
0.156147,0.0109135
0.156749,0.0109135
0.157351,0.0109135
0.157952,0.0109135
0.158554,0.0109135
0.159156,0.0109135
0.159758,0.0109135
0.160359,0.0109135
0.160961,0.0109135
0.161563,0.0109135
0.162165,0.0109135
0.162767,0.0109135
0.163369,0.0109135
0.163971,0.0109135
0.164572,0.0109135
0.165174,0.0109135
0.165776,0.0109135
0.166378,0.0109135
0.16698,0.0109135
0.167582,0.0109135
0.168184,0.0109135
0.168786,0.0109135
0.169388,0.0109135
0.16999,0.0109135
0.170592,0.0109135
0.171194,0.0109135
0.171796,0.0109135
0.172398,0.0109135
0.173,0.0109135
0.173602,0.0109135
0.174205,0.0109135
0.174807,0.0109135
0.175409,0.0109135
0.176011,0.0109135
0.176613,0.0109675
0.177215,0.0110214
0.177817,0.0110754
0.17842,0.0111293
0.179022,0.0111833
0.179624,0.0112372
0.180226,0.0112912
0.180829,0.0113451
0.181431,0.0113991
0.182033,0.011453
0.182635,0.011507
0.183238,0.0115609
0.18384,0.0116149
0.184442,0.0116688
0.185045,0.0117228
0.185647,0.0117767
0.186249,0.0118307
0.186852,0.0118847
0.187454,0.0119386
0.188056,0.0119926
0.188659,0.0120465
0.189261,0.0121005
0.189864,0.0121545
0.190466,0.0122084
0.191069,0.0122624
0.191671,0.0123164
0.192273,0.0123703
0.192876,0.0124243
0.193478,0.0124783
0.194081,0.0125323
0.194683,0.0125862
0.195286,0.0126402
0.195888,0.0126942
0.196491,0.0127482
0.197094,0.0128021
0.197696,0.0128561
0.198299,0.0129101
0.198901,0.0129641
0.199504,0.0130181
0.200107,0.013072
0.200709,0.013126
0.201312,0.01318
0.201914,0.013234
0.202517,0.013288
0.20312,0.013342
0.203722,0.013396
0.204325,0.0134499
0.204928,0.0135039
0.20553,0.0135579
0.206133,0.0136119
0.206736,0.0136659
0.207339,0.0137199
0.207941,0.0137739
0.208544,0.0138279
0.209147,0.0138819
0.20975,0.0139359
0.210352,0.0139899
0.210955,0.0140439
0.211558,0.0140979
0.212161,0.0141519
0.212764,0.0142059
0.213367,0.0142599
0.213969,0.0143139
0.214572,0.0143679
0.215175,0.0144219
0.215778,0.0144759
0.216381,0.0145299
0.216984,0.0145839
0.217587,0.0146379
0.21819,0.0146919
0.218793,0.014746
0.219395,0.0148
0.219998,0.014854
0.220601,0.014908
0.221204,0.014962
0.221807,0.015016
0.22241,0.01507
0.223013,0.015124
0.223616,0.0151781
0.224219,0.0152321
0.224822,0.0152861
0.225425,0.0153401
0.226028,0.0153941
0.226631,0.0154482
0.227234,0.0155022
0.227837,0.0155562
0.228441,0.0156102
0.229044,0.0156643
0.229647,0.0157183
0.23025,0.0157723
0.230853,0.0158263
0.231456,0.0158804
0.232059,0.0159344
0.232662,0.0159884
0.233265,0.0160424
0.233868,0.0160965
0.234472,0.0161505
0.235075,0.0162045
0.235678,0.0162586
0.236281,0.0163126
0.236884,0.0163666
0.237488,0.0164207
0.238091,0.0164747
0.238694,0.0165287
0.239297,0.0165828
0.2399,0.0166368
0.240504,0.0166909
0.241107,0.0167449
0.24171,0.0167989
0.242313,0.016853
0.242917,0.016907
0.24352,0.0169611
0.244123,0.0170151
0.244726,0.0170691
0.24533,0.0171232
0.245933,0.0171772
0.246536,0.0172313
0.24714,0.0172853
0.247743,0.0173394
0.248346,0.0173934
0.24895,0.0174475
0.249553,0.0175015
0.250156,0.0175556
0.25076,0.0176096
0.251363,0.0176637
0.251966,0.0177177
0.25257,0.0177718
0.253173,0.0178258
0.253777,0.0178799
0.25438,0.0179339
0.254983,0.017988
0.255587,0.018042
0.25619,0.0180961
0.256794,0.0181501
0.257397,0.0182042
0.258,0.0182582
0.258604,0.0183123
0.259207,0.0183664
0.259811,0.0184204
0.260414,0.0184745
0.261018,0.0185285
0.261621,0.0185826
0.262225,0.0186367
0.262828,0.0186907
0.263432,0.0187448
0.264035,0.0187988
0.264639,0.0188529
0.265242,0.018907
0.265846,0.018961
0.266449,0.0190151
0.267053,0.0190692
0.267656,0.0191232
0.26826,0.0191773
0.268863,0.0192314
0.269467,0.0192854
0.270071,0.0193395
0.270674,0.0193936
0.271278,0.0194476
0.271881,0.0195017
0.272485,0.0195558
0.273088,0.0196098
0.273692,0.0196639
0.274296,0.019718
0.274899,0.0197721
0.275503,0.0198261
0.276106,0.0198802
0.27671,0.0199343
0.277314,0.0199883
0.277917,0.0200424
0.278521,0.0200965
0.279125,0.0201506
0.279728,0.0202046
0.280332,0.0202587
0.280935,0.0203128
0.281539,0.0203669
0.282143,0.0204209
0.282746,0.020475
0.28335,0.0205291
0.283954,0.0205832
0.284557,0.0206373
0.285161,0.0206913
0.285765,0.0207454
0.286369,0.0207995
0.286972,0.0208536
0.287576,0.0209077
0.28818,0.0209617
0.288783,0.0210158
0.289387,0.0210699
0.289991,0.021124
0.290595,0.0211781
0.291198,0.0212321
0.291802,0.0212862
0.292406,0.0213403
0.293009,0.0213944
0.293613,0.0214485
0.294217,0.0215026
0.294821,0.0215567
0.295424,0.0216107
0.296028,0.0216648
0.296632,0.0217189
0.297236,0.021773
0.29784,0.0218271
0.298443,0.0218812
0.299047,0.0219353
0.299651,0.0219893
0.300255,0.0220434
0.300858,0.0220975
0.301462,0.0221516
0.302066,0.0222057
0.30267,0.0222598
0.303274,0.0223139
0.303877,0.022368
0.304481,0.0224221
0.305085,0.0224761
0.305689,0.0225302
0.306293,0.0225843
0.306897,0.0226384
0.3075,0.0226925
0.308104,0.0227466
0.308708,0.0228007
0.309312,0.0228548
0.309916,0.0229089
0.310519,0.022963
0.311123,0.0230171
0.311727,0.0230712
0.312331,0.0231253
0.312935,0.0231793
0.313539,0.0232334
0.314143,0.0232875
0.314746,0.0233416
0.31535,0.0233957
0.315954,0.0234498
0.316558,0.0235039
0.317162,0.023558
0.317766,0.0236121
0.31837,0.0236662
0.318973,0.0237203
0.319577,0.0237744
0.320181,0.0238285
0.320785,0.0238826
0.321389,0.0239367
0.321993,0.0239908
0.322597,0.0240449
0.323201,0.024099
0.323804,0.0241531
0.324408,0.0242072
0.325012,0.0242613
0.325616,0.0243154
0.32622,0.0243695
0.326824,0.0244235
0.327428,0.0244776
0.328032,0.0245317
0.328636,0.0245858
0.32924,0.0246399
0.329843,0.024694
0.330447,0.0247481
0.331051,0.0248022
0.331655,0.0248563
0.332259,0.0249104
0.332863,0.0249645
0.333467,0.0250186
0.334071,0.0250727
0.334675,0.0251268
0.335279,0.0251809
0.335882,0.025235
0.336486,0.0252891
0.33709,0.0253432
0.337694,0.0253973
0.338298,0.0254514
0.338902,0.0255055
0.339506,0.0255596
0.34011,0.0256137
0.340714,0.0256678
0.341318,0.0257219
0.341922,0.025776
0.342526,0.0258301
0.343129,0.0258842
0.343733,0.0259383
0.344337,0.0259924
0.344941,0.0260465
0.345545,0.0261006
0.346149,0.0261547
0.346753,0.0262088
0.347368,0.0262629
0.348006,0.026319
0.348667,0.0263772
0.349353,0.0264375
0.350063,0.0265
0.3508,0.0265648
0.351562,0.0266319
0.352352,0.0267014
0.353169,0.0267734
0.354015,0.0268479
0.35489,0.026925
0.355796,0.0270047
0.356732,0.0270872
0.357699,0.0271724
0.358699,0.0272605
0.359732,0.0273515
0.360798,0.0274455
0.361898,0.0275425
0.363034,0.0276427
0.364204,0.027746
0.365412,0.0278525
0.366655,0.0279622
0.367937,0.0280753
0.369256,0.0281918
0.370613,0.0283116
0.372009,0.0284349
0.373444,0.0285617
0.374919,0.0286921
0.376433,0.028826
0.377988,0.0289634
0.379582,0.0291045
0.381217,0.0292491
0.382893,0.0293974
0.384608,0.0295493
0.386364,0.0297048
0.38816,0.0298639
0.389996,0.0300266
0.391871,0.0301928
0.393786,0.0303625
0.395739,0.0305358
0.397729,0.0307124
0.399757,0.0308924
0.401822,0.0310758
0.403922,0.0312623
0.406057,0.031452
0.408225,0.0316448
0.410425,0.0318405
0.412657,0.032039
0.414918,0.0322403
0.417208,0.0324442
0.419524,0.0326505
0.421866,0.0328592
0.424231,0.0330701
0.426618,0.0332829
0.429024,0.0334977
0.431449,0.0337141
0.43389,0.0339321
0.436344,0.0341514
0.438811,0.0343718
0.441287,0.0345933
0.443771,0.0348155
0.44626,0.0350383
0.448753,0.0352615
0.451247,0.0354849
-0.000298318,0.0255535
0.000298318,0.0255535
0.000894966,0.0255535
0.00149164,0.0255535
0.00208834,0.0255535
0.00268506,0.0255535
0.00328181,0.0255535
0.00387858,0.0255535
0.00447538,0.0255535
0.0050722,0.0255535
0.00566905,0.0255535
0.00626592,0.0255535
0.00686282,0.0255535
0.00745974,0.0255535
0.00805669,0.0255535
0.00865366,0.0255535
0.00925066,0.0255535
0.00984768,0.0255535
0.0104447,0.0255535
0.0110418,0.0255535
0.0116389,0.0255535
0.012236,0.0255535
0.0128331,0.0255535
0.0134303,0.0255535
0.0140275,0.0255535
0.0146247,0.0255535
0.0152219,0.0255535
0.0158192,0.0255535
0.0164165,0.0255535
0.0170138,0.0255535
0.0176111,0.0255535
0.0182085,0.0255535
0.0188059,0.0255535
0.0194033,0.0255535
0.0200007,0.0255535
0.0205982,0.0255535
0.0211956,0.0255535
0.0217931,0.0255535
0.0223907,0.0255535
0.0229882,0.0255535
0.0235858,0.0255535
0.0241834,0.0255535
0.024781,0.0255535
0.0253786,0.0255535
0.0259763,0.0255535
0.026574,0.0255535
0.0271717,0.0255535
0.0277694,0.0255535
0.0283672,0.0255535
0.028965,0.0255535
0.0295628,0.0255535
0.0301606,0.0255535
0.0307585,0.0255535
0.0313563,0.0255535
0.0319542,0.0255535
0.0325521,0.0255535
0.0331501,0.0255535
0.033748,0.0255535
0.034346,0.0255535
0.034944,0.0255535
0.0355421,0.0255535
0.0361401,0.0255535
0.0367382,0.0255535
0.0373363,0.0255535
0.0379344,0.0255535
0.0385326,0.0255535
0.0391307,0.0255535
0.0397289,0.0255535
0.0403271,0.0255535
0.0409254,0.0255535
0.0415236,0.0255535
0.0421219,0.0255535
0.0427202,0.0255535
0.0433185,0.0255535
0.0439169,0.0255535
0.0445152,0.0255535
0.0451136,0.0255535
0.045712,0.0255535
0.0463105,0.0255535
0.0469089,0.0255535
0.0475074,0.0255535
0.0481059,0.0255535
0.0487044,0.0255535
0.0493029,0.0255535
0.0499015,0.0255535
0.0505001,0.0255535
0.0510987,0.0255535
0.0516973,0.0253777
0.052296,0.0252019
0.0528946,0.0250261
0.0534933,0.0248502
0.054092,0.0246744
0.0546908,0.0244986
0.0552895,0.0243228
0.0558883,0.0241469
0.0564871,0.0239711
0.0570859,0.0237952
0.0576848,0.0236193
0.0582836,0.0234435
0.0588825,0.0232676
0.0594814,0.0230917
0.0600803,0.0229158
0.0606793,0.0227399
0.0612782,0.022564
0.0618772,0.0223881
0.0624762,0.0222122
0.0630753,0.0220363
0.0636743,0.0218603
0.0642734,0.0216844
0.0648725,0.0215085
0.0654716,0.0213325
0.0660707,0.0211566
0.0666698,0.0209806
0.067269,0.0208047
0.0678682,0.0206287
0.0684674,0.0204527
0.0690667,0.0202767
0.0696659,0.0201008
0.0702652,0.0199248
0.0708645,0.0197488
0.0714638,0.0195728
0.0720631,0.0193968
0.0726625,0.0192207
0.0732618,0.0190447
0.0738612,0.0188687
0.0744606,0.0186927
0.0750601,0.0185166
0.0756595,0.0183406
0.076259,0.0181645
0.0768585,0.0179885
0.077458,0.0178124
0.0780575,0.0176363
0.0786571,0.0174603
0.0792566,0.0172842
0.0798562,0.0171081
0.0804558,0.016932
0.0810555,0.0167559
0.0816551,0.0165798
0.0822548,0.0164037
0.0828545,0.0162276
0.0834542,0.0160515
0.0840539,0.0158754
0.0846536,0.0156992
0.0852534,0.0155231
0.0858532,0.0153469
0.086453,0.0151451
0.0870528,0.0149433
0.0876526,0.0147415
0.0882525,0.0145397
0.0888524,0.0143378
0.0894522,0.014136
0.0900522,0.0139342
0.0906521,0.0137323
0.091252,0.0135304
0.091852,0.0133286
0.092452,0.0131267
0.093052,0.0129248
0.093652,0.0127229
0.0942521,0.012521
0.0948521,0.0123191
0.0954522,0.0121172
0.0960523,0.0119153
0.0966524,0.0117134
0.0972526,0.0116877
0.0978527,0.0116621
0.0984529,0.0116364
0.0990531,0.0116107
0.0996533,0.011585
0.100253,0.0115594
0.100854,0.0115337
0.101454,0.011508
0.102054,0.0114823
0.102655,0.0114566
0.103255,0.0114309
0.103855,0.0114053
0.104456,0.0113796
0.105056,0.0113539
0.105656,0.0113282
0.106257,0.0113025
0.106857,0.0112768
0.107458,0.0112511
0.108058,0.0112254
0.108659,0.0111997
0.109259,0.0111741
0.109859,0.0111484
0.11046,0.0111484
0.111061,0.0111484
0.111661,0.0111484
0.112262,0.0111484
0.112862,0.0111484
0.113463,0.0111484
0.114064,0.0111484
0.114664,0.0111484
0.115265,0.0111484
0.115866,0.0111484
0.116466,0.0111484
0.117067,0.0111484
0.117668,0.0111484
0.118268,0.0111484
0.118869,0.0111484
0.11947,0.0111484
0.120071,0.0111484
0.120672,0.0111484
0.121272,0.0111484
0.121873,0.0111484
0.122474,0.0111484
0.123075,0.0111484
0.123676,0.0111484
0.124277,0.0111484
0.124878,0.0111484
0.125479,0.0111484
0.12608,0.0111484
0.126681,0.0111484
0.127282,0.0111484
0.127883,0.0111484
0.128484,0.0111484
0.129085,0.0111484
0.129686,0.0111484
0.130287,0.0111484
0.130888,0.0111484
0.131489,0.0111484
0.13209,0.0111484
0.132691,0.0111484
0.133292,0.0111484
0.133893,0.0111484
0.134495,0.0111484
0.135096,0.0111484
0.135697,0.0111484
0.136298,0.0111484
0.1369,0.0111484
0.137501,0.0111484
0.138102,0.0111484
0.138703,0.0111484
0.139305,0.0111484
0.139906,0.0111484
0.140507,0.0111484
0.141109,0.0111484
0.14171,0.0111484
0.142311,0.0111484
0.142913,0.0111484
0.143514,0.0111484
0.144116,0.0111484
0.144717,0.0111484
0.145318,0.0111484
0.14592,0.0111484
0.146521,0.0111484
0.147123,0.0111484
0.147724,0.0111484
0.148326,0.0111484
0.148927,0.0111484
0.149529,0.0111484
0.150131,0.0111484
0.150732,0.0111484
0.151334,0.0111484
0.151935,0.0111484
0.152537,0.0111484
0.153139,0.0111484
0.15374,0.0111484
0.154342,0.0111484
0.154944,0.0111484
0.155545,0.0111484
0.156147,0.0111484
0.156749,0.0111484
0.157351,0.0111484
0.157952,0.0111484
0.158554,0.0111484
0.159156,0.0111484
0.159758,0.0111484
0.160359,0.0111484
0.160961,0.0111484
0.161563,0.0111484
0.162165,0.0111484
0.162767,0.0111484
0.163369,0.0111484
0.163971,0.0111484
0.164572,0.0111484
0.165174,0.0111484
0.165776,0.0111484
0.166378,0.0111484
0.16698,0.0111484
0.167582,0.0111484
0.168184,0.0111484
0.168786,0.0111484
0.169388,0.0111484
0.16999,0.0111484
0.170592,0.0111484
0.171194,0.0111484
0.171796,0.0111484
0.172398,0.0111484
0.173,0.0111484
0.173602,0.0111484
0.174205,0.0111484
0.174807,0.0111484
0.175409,0.0111484
0.176011,0.0111484
0.176613,0.0112035
0.177215,0.0112586
0.177817,0.0113137
0.17842,0.0113688
0.179022,0.0114239
0.179624,0.011479
0.180226,0.0115341
0.180829,0.0115892
0.181431,0.0116443
0.182033,0.0116994
0.182635,0.0117545
0.183238,0.0118097
0.18384,0.0118648
0.184442,0.0119199
0.185045,0.011975
0.185647,0.0120301
0.186249,0.0120853
0.186852,0.0121404
0.187454,0.0121955
0.188056,0.0122506
0.188659,0.0123057
0.189261,0.0123609
0.189864,0.012416
0.190466,0.0124711
0.191069,0.0125263
0.191671,0.0125814
0.192273,0.0126365
0.192876,0.0126916
0.193478,0.0127468
0.194081,0.0128019
0.194683,0.012857
0.195286,0.0129122
0.195888,0.0129673
0.196491,0.0130225
0.197094,0.0130776
0.197696,0.0131327
0.198299,0.0131879
0.198901,0.013243
0.199504,0.0132982
0.200107,0.0133533
0.200709,0.0134084
0.201312,0.0134636
0.201914,0.0135187
0.202517,0.0135739
0.20312,0.013629
0.203722,0.0136842
0.204325,0.0137393
0.204928,0.0137945
0.20553,0.0138496
0.206133,0.0139048
0.206736,0.0139599
0.207339,0.0140151
0.207941,0.0140703
0.208544,0.0141254
0.209147,0.0141806
0.20975,0.0142357
0.210352,0.0142909
0.210955,0.0143461
0.211558,0.0144012
0.212161,0.0144564
0.212764,0.0145115
0.213367,0.0145667
0.213969,0.0146219
0.214572,0.014677
0.215175,0.0147322
0.215778,0.0147874
0.216381,0.0148425
0.216984,0.0148977
0.217587,0.0149529
0.21819,0.0150081
0.218793,0.0150632
0.219395,0.0151184
0.219998,0.0151736
0.220601,0.0152288
0.221204,0.0152839
0.221807,0.0153391
0.22241,0.0153943
0.223013,0.0154495
0.223616,0.0155046
0.224219,0.0155598
0.224822,0.015615
0.225425,0.0156702
0.226028,0.0157254
0.226631,0.0157805
0.227234,0.0158357
0.227837,0.0158909
0.228441,0.0159461
0.229044,0.0160013
0.229647,0.0160565
0.23025,0.0161117
0.230853,0.0161669
0.231456,0.016222
0.232059,0.0162772
0.232662,0.0163324
0.233265,0.0163876
0.233868,0.0164428
0.234472,0.016498
0.235075,0.0165532
0.235678,0.0166084
0.236281,0.0166636
0.236884,0.0167188
0.237488,0.016774
0.238091,0.0168292
0.238694,0.0168844
0.239297,0.0169396
0.2399,0.0169948
0.240504,0.01705
0.241107,0.0171052
0.24171,0.0171604
0.242313,0.0172156
0.242917,0.0172708
0.24352,0.017326
0.244123,0.0173812
0.244726,0.0174364
0.24533,0.0174916
0.245933,0.0175468
0.246536,0.017602
0.24714,0.0176572
0.247743,0.0177124
0.248346,0.0177676
0.24895,0.0178229
0.249553,0.0178781
0.250156,0.0179333
0.25076,0.0179885
0.251363,0.0180437
0.251966,0.0180989
0.25257,0.0181541
0.253173,0.0182094
0.253777,0.0182646
0.25438,0.0183198
0.254983,0.018375
0.255587,0.0184302
0.25619,0.0184854
0.256794,0.0185407
0.257397,0.0185959
0.258,0.0186511
0.258604,0.0187063
0.259207,0.0187615
0.259811,0.0188168
0.260414,0.018872
0.261018,0.0189272
0.261621,0.0189824
0.262225,0.0190376
0.262828,0.0190929
0.263432,0.0191481
0.264035,0.0192033
0.264639,0.0192585
0.265242,0.0193138
0.265846,0.019369
0.266449,0.0194242
0.267053,0.0194795
0.267656,0.0195347
0.26826,0.0195899
0.268863,0.0196451
0.269467,0.0197004
0.270071,0.0197556
0.270674,0.0198108
0.271278,0.0198661
0.271881,0.0199213
0.272485,0.0199765
0.273088,0.0200318
0.273692,0.020087
0.274296,0.0201422
0.274899,0.0201975
0.275503,0.0202527
0.276106,0.0203079
0.27671,0.0203632
0.277314,0.0204184
0.277917,0.0204737
0.278521,0.0205289
0.279125,0.0205841
0.279728,0.0206394
0.280332,0.0206946
0.280935,0.0207498
0.281539,0.0208051
0.282143,0.0208603
0.282746,0.0209156
0.28335,0.0209708
0.283954,0.0210261
0.284557,0.0210813
0.285161,0.0211365
0.285765,0.0211918
0.286369,0.021247
0.286972,0.0213023
0.287576,0.0213575
0.28818,0.0214128
0.288783,0.021468
0.289387,0.0215232
0.289991,0.0215785
0.290595,0.0216337
0.291198,0.021689
0.291802,0.0217442
0.292406,0.0217995
0.293009,0.0218547
0.293613,0.02191
0.294217,0.0219652
0.294821,0.0220205
0.295424,0.0220757
0.296028,0.022131
0.296632,0.0221862
0.297236,0.0222415
0.29784,0.0222967
0.298443,0.022352
0.299047,0.0224072
0.299651,0.0224625
0.300255,0.0225177
0.300858,0.022573
0.301462,0.0226282
0.302066,0.0226835
0.30267,0.0227387
0.303274,0.022794
0.303877,0.0228492
0.304481,0.0229045
0.305085,0.0229597
0.305689,0.023015
0.306293,0.0230703
0.306897,0.0231255
0.3075,0.0231808
0.308104,0.023236
0.308708,0.0232913
0.309312,0.0233465
0.309916,0.0234018
0.310519,0.023457
0.311123,0.0235123
0.311727,0.0235676
0.312331,0.0236228
0.312935,0.0236781
0.313539,0.0237333
0.314143,0.0237886
0.314746,0.0238439
0.31535,0.0238991
0.315954,0.0239544
0.316558,0.0240096
0.317162,0.0240649
0.317766,0.0241201
0.31837,0.0241754
0.318973,0.0242307
0.319577,0.0242859
0.320181,0.0243412
0.320785,0.0243964
0.321389,0.0244517
0.321993,0.024507
0.322597,0.0245622
0.323201,0.0246175
0.323804,0.0246727
0.324408,0.024728
0.325012,0.0247833
0.325616,0.0248385
0.32622,0.0248938
0.326824,0.0249491
0.327428,0.0250043
0.328032,0.0250596
0.328636,0.0251148
0.32924,0.0251701
0.329843,0.0252254
0.330447,0.0252806
0.331051,0.0253359
0.331655,0.0253911
0.332259,0.0254464
0.332863,0.0255017
0.333467,0.0255569
0.334071,0.0256122
0.334675,0.0256675
0.335279,0.0257227
0.335882,0.025778
0.336486,0.0258333
0.33709,0.0258885
0.337694,0.0259438
0.338298,0.025999
0.338902,0.0260543
0.339506,0.0261096
0.34011,0.0261648
0.340714,0.0262201
0.341318,0.0262754
0.341922,0.0263306
0.342526,0.0263859
0.343129,0.0264412
0.343733,0.0264964
0.344337,0.0265517
0.344941,0.0266069
0.345545,0.0266622
0.346149,0.0267175
0.346753,0.0267727
0.347368,0.026828
0.348006,0.0268853
0.348667,0.0269447
0.349353,0.0270064
0.350063,0.0270702
0.3508,0.0271364
0.351562,0.027205
0.352352,0.027276
0.353169,0.0273495
0.354015,0.0274256
0.35489,0.0275043
0.355796,0.0275858
0.356732,0.02767
0.357699,0.0277571
0.358699,0.0278471
0.359732,0.02794
0.360798,0.028036
0.361898,0.0281352
0.363034,0.0282374
0.364204,0.028343
0.365412,0.0284517
0.366655,0.0285639
0.367937,0.0286794
0.369256,0.0287983
0.370613,0.0289208
0.372009,0.0290468
0.373444,0.0291763
0.374919,0.0293094
0.376433,0.0294462
0.377988,0.0295866
0.379582,0.0297307
0.381217,0.0298784
0.382893,0.0300299
0.384608,0.0301851
0.386364,0.0303439
0.38816,0.0305064
0.389996,0.0306726
0.391871,0.0308424
0.393786,0.0310158
0.395739,0.0311928
0.397729,0.0313732
0.399757,0.0315571
0.401822,0.0317444
0.403922,0.031935
0.406057,0.0321288
0.408225,0.0323257
0.410425,0.0325256
0.412657,0.0327284
0.414918,0.032934
0.417208,0.0331423
0.419524,0.033353
0.421866,0.0335662
0.424231,0.0337816
0.426618,0.0339991
0.429024,0.0342184
0.431449,0.0344395
0.43389,0.0346622
0.436344,0.0348862
0.438811,0.0351114
0.441287,0.0353376
0.443771,0.0355646
0.44626,0.0357922
0.448753,0.0360202
0.451247,0.0362484
-0.000298318,0.0260072
0.000298318,0.0260072
0.000894966,0.0260072
0.00149164,0.0260072
0.00208834,0.0260072
0.00268506,0.0260072
0.00328181,0.0260072
0.00387858,0.0260072
0.00447538,0.0260072
0.0050722,0.0260072
0.00566905,0.0260072
0.00626592,0.0260072
0.00686282,0.0260072
0.00745974,0.0260072
0.00805669,0.0260072
0.00865366,0.0260072
0.00925066,0.0260072
0.00984768,0.0260072
0.0104447,0.0260072
0.0110418,0.0260072
0.0116389,0.0260072
0.012236,0.0260072
0.0128331,0.0260072
0.0134303,0.0260072
0.0140275,0.0260072
0.0146247,0.0260072
0.0152219,0.0260072
0.0158192,0.0260072
0.0164165,0.0260072
0.0170138,0.0260072
0.0176111,0.0260072
0.0182085,0.0260072
0.0188059,0.0260072
0.0194033,0.0260072
0.0200007,0.0260072
0.0205982,0.0260072
0.0211956,0.0260072
0.0217931,0.0260072
0.0223907,0.0260072
0.0229882,0.0260072
0.0235858,0.0260072
0.0241834,0.0260072
0.024781,0.0260072
0.0253786,0.0260072
0.0259763,0.0260072
0.026574,0.0260072
0.0271717,0.0260072
0.0277694,0.0260072
0.0283672,0.0260072
0.028965,0.0260072
0.0295628,0.0260072
0.0301606,0.0260072
0.0307585,0.0260072
0.0313563,0.0260072
0.0319542,0.0260072
0.0325521,0.0260072
0.0331501,0.0260072
0.033748,0.0260072
0.034346,0.0260072
0.034944,0.0260072
0.0355421,0.0260072
0.0361401,0.0260072
0.0367382,0.0260072
0.0373363,0.0260072
0.0379344,0.0260072
0.0385326,0.0260072
0.0391307,0.0260072
0.0397289,0.0260072
0.0403271,0.0260072
0.0409254,0.0260072
0.0415236,0.0260072
0.0421219,0.0260072
0.0427202,0.0260072
0.0433185,0.0260072
0.0439169,0.0260072
0.0445152,0.0260072
0.0451136,0.0260072
0.045712,0.0260072
0.0463105,0.0260072
0.0469089,0.0260072
0.0475074,0.0260072
0.0481059,0.0260072
0.0487044,0.0260072
0.0493029,0.0260072
0.0499015,0.0260072
0.0505001,0.0260072
0.0510987,0.0260072
0.0516973,0.0258277
0.052296,0.0256482
0.0528946,0.0254687
0.0534933,0.0252892
0.054092,0.0251097
0.0546908,0.0249301
0.0552895,0.0247506
0.0558883,0.024571
0.0564871,0.0243915
0.0570859,0.0242119
0.0576848,0.0240324
0.0582836,0.0238528
0.0588825,0.0236732
0.0594814,0.0234936
0.0600803,0.023314
0.0606793,0.0231344
0.0612782,0.0229548
0.0618772,0.0227752
0.0624762,0.0225956
0.0630753,0.022416
0.0636743,0.0222363
0.0642734,0.0220567
0.0648725,0.0218771
0.0654716,0.0216974
0.0660707,0.0215178
0.0666698,0.0213381
0.067269,0.0211584
0.0678682,0.0209788
0.0684674,0.0207991
0.0690667,0.0206194
0.0696659,0.0204397
0.0702652,0.02026
0.0708645,0.0200803
0.0714638,0.0199006
0.0720631,0.0197209
0.0726625,0.0195412
0.0732618,0.0193614
0.0738612,0.0191817
0.0744606,0.019002
0.0750601,0.0188222
0.0756595,0.0186425
0.076259,0.0184627
0.0768585,0.018283
0.077458,0.0181032
0.0780575,0.0179234
0.0786571,0.0177436
0.0792566,0.0175639
0.0798562,0.0173841
0.0804558,0.0172043
0.0810555,0.0170245
0.0816551,0.0168447
0.0822548,0.0166648
0.0828545,0.016485
0.0834542,0.0163052
0.0840539,0.0161254
0.0846536,0.0159455
0.0852534,0.0157657
0.0858532,0.0155858
0.086453,0.0153819
0.0870528,0.0151779
0.0876526,0.0149739
0.0882525,0.01477
0.0888524,0.014566
0.0894522,0.014362
0.0900522,0.014158
0.0906521,0.013954
0.091252,0.01375
0.091852,0.013546
0.092452,0.013342
0.093052,0.013138
0.093652,0.0129339
0.0942521,0.0127299
0.0948521,0.0125259
0.0954522,0.0123218
0.0960523,0.0121177
0.0966524,0.0119137
0.0972526,0.0118896
0.0978527,0.0118655
0.0984529,0.0118413
0.0990531,0.0118172
0.0996533,0.0117931
0.100253,0.011769
0.100854,0.0117449
0.101454,0.0117208
0.102054,0.0116967
0.102655,0.0116725
0.103255,0.0116484
0.103855,0.0116243
0.104456,0.0116002
0.105056,0.0115761
0.105656,0.0115519
0.106257,0.0115278
0.106857,0.0115037
0.107458,0.0114796
0.108058,0.0114554
0.108659,0.0114313
0.109259,0.0114072
0.109859,0.0113831
0.11046,0.0113831
0.111061,0.0113831
0.111661,0.0113831
0.112262,0.0113831
0.112862,0.0113831
0.113463,0.0113831
0.114064,0.0113831
0.114664,0.0113831
0.115265,0.0113831
0.115866,0.0113831
0.116466,0.0113831
0.117067,0.0113831
0.117668,0.0113831
0.118268,0.0113831
0.118869,0.0113831
0.11947,0.0113831
0.120071,0.0113831
0.120672,0.0113831
0.121272,0.0113831
0.121873,0.0113831
0.122474,0.0113831
0.123075,0.0113831
0.123676,0.0113831
0.124277,0.0113831
0.124878,0.0113831
0.125479,0.0113831
0.12608,0.0113831
0.126681,0.0113831
0.127282,0.0113831
0.127883,0.0113831
0.128484,0.0113831
0.129085,0.0113831
0.129686,0.0113831
0.130287,0.0113831
0.130888,0.0113831
0.131489,0.0113831
0.13209,0.0113831
0.132691,0.0113831
0.133292,0.0113831
0.133893,0.0113831
0.134495,0.0113831
0.135096,0.0113831
0.135697,0.0113831
0.136298,0.0113831
0.1369,0.0113831
0.137501,0.0113831
0.138102,0.0113831
0.138703,0.0113831
0.139305,0.0113831
0.139906,0.0113831
0.140507,0.0113831
0.141109,0.0113831
0.14171,0.0113831
0.142311,0.0113831
0.142913,0.0113831
0.143514,0.0113831
0.144116,0.0113831
0.144717,0.0113831
0.145318,0.0113831
0.14592,0.0113831
0.146521,0.0113831
0.147123,0.0113831
0.147724,0.0113831
0.148326,0.0113831
0.148927,0.0113831
0.149529,0.0113831
0.150131,0.0113831
0.150732,0.0113831
0.151334,0.0113831
0.151935,0.0113831
0.152537,0.0113831
0.153139,0.0113831
0.15374,0.0113831
0.154342,0.0113831
0.154944,0.0113831
0.155545,0.0113831
0.156147,0.0113831
0.156749,0.0113831
0.157351,0.0113831
0.157952,0.0113831
0.158554,0.0113831
0.159156,0.0113831
0.159758,0.0113831
0.160359,0.0113831
0.160961,0.0113831
0.161563,0.0113831
0.162165,0.0113831
0.162767,0.0113831
0.163369,0.0113831
0.163971,0.0113831
0.164572,0.0113831
0.165174,0.0113831
0.165776,0.0113831
0.166378,0.0113831
0.16698,0.0113831
0.167582,0.0113831
0.168184,0.0113831
0.168786,0.0113831
0.169388,0.0113831
0.16999,0.0113831
0.170592,0.0113831
0.171194,0.0113831
0.171796,0.0113831
0.172398,0.0113831
0.173,0.0113831
0.173602,0.0113831
0.174205,0.0113831
0.174807,0.0113831
0.175409,0.0113831
0.176011,0.0113831
0.176613,0.0114393
0.177215,0.0114956
0.177817,0.0115518
0.17842,0.0116081
0.179022,0.0116644
0.179624,0.0117206
0.180226,0.0117769
0.180829,0.0118332
0.181431,0.0118895
0.182033,0.0119457
0.182635,0.012002
0.183238,0.0120583
0.18384,0.0121146
0.184442,0.0121708
0.185045,0.0122271
0.185647,0.0122834
0.186249,0.0123397
0.186852,0.012396
0.187454,0.0124522
0.188056,0.0125085
0.188659,0.0125648
0.189261,0.0126211
0.189864,0.0126774
0.190466,0.0127337
0.191069,0.01279
0.191671,0.0128462
0.192273,0.0129025
0.192876,0.0129588
0.193478,0.0130151
0.194081,0.0130714
0.194683,0.0131277
0.195286,0.013184
0.195888,0.0132403
0.196491,0.0132966
0.197094,0.0133529
0.197696,0.0134092
0.198299,0.0134655
0.198901,0.0135218
0.199504,0.0135781
0.200107,0.0136344
0.200709,0.0136907
0.201312,0.013747
0.201914,0.0138033
0.202517,0.0138596
0.20312,0.013916
0.203722,0.0139723
0.204325,0.0140286
0.204928,0.0140849
0.20553,0.0141412
0.206133,0.0141975
0.206736,0.0142538
0.207339,0.0143102
0.207941,0.0143665
0.208544,0.0144228
0.209147,0.0144791
0.20975,0.0145354
0.210352,0.0145918
0.210955,0.0146481
0.211558,0.0147044
0.212161,0.0147607
0.212764,0.014817
0.213367,0.0148734
0.213969,0.0149297
0.214572,0.014986
0.215175,0.0150424
0.215778,0.0150987
0.216381,0.015155
0.216984,0.0152113
0.217587,0.0152677
0.21819,0.015324
0.218793,0.0153803
0.219395,0.0154367
0.219998,0.015493
0.220601,0.0155494
0.221204,0.0156057
0.221807,0.015662
0.22241,0.0157184
0.223013,0.0157747
0.223616,0.015831
0.224219,0.0158874
0.224822,0.0159437
0.225425,0.0160001
0.226028,0.0160564
0.226631,0.0161128
0.227234,0.0161691
0.227837,0.0162255
0.228441,0.0162818
0.229044,0.0163382
0.229647,0.0163945
0.23025,0.0164509
0.230853,0.0165072
0.231456,0.0165636
0.232059,0.0166199
0.232662,0.0166763
0.233265,0.0167326
0.233868,0.016789
0.234472,0.0168453
0.235075,0.0169017
0.235678,0.016958
0.236281,0.0170144
0.236884,0.0170708
0.237488,0.0171271
0.238091,0.0171835
0.238694,0.0172398
0.239297,0.0172962
0.2399,0.0173526
0.240504,0.0174089
0.241107,0.0174653
0.24171,0.0175216
0.242313,0.017578
0.242917,0.0176344
0.24352,0.0176907
0.244123,0.0177471
0.244726,0.0178035
0.24533,0.0178598
0.245933,0.0179162
0.246536,0.0179726
0.24714,0.018029
0.247743,0.0180853
0.248346,0.0181417
0.24895,0.0181981
0.249553,0.0182544
0.250156,0.0183108
0.25076,0.0183672
0.251363,0.0184236
0.251966,0.0184799
0.25257,0.0185363
0.253173,0.0185927
0.253777,0.0186491
0.25438,0.0187055
0.254983,0.0187618
0.255587,0.0188182
0.25619,0.0188746
0.256794,0.018931
0.257397,0.0189874
0.258,0.0190437
0.258604,0.0191001
0.259207,0.0191565
0.259811,0.0192129
0.260414,0.0192693
0.261018,0.0193257
0.261621,0.019382
0.262225,0.0194384
0.262828,0.0194948
0.263432,0.0195512
0.264035,0.0196076
0.264639,0.019664
0.265242,0.0197204
0.265846,0.0197768
0.266449,0.0198332
0.267053,0.0198895
0.267656,0.0199459
0.26826,0.0200023
0.268863,0.0200587
0.269467,0.0201151
0.270071,0.0201715
0.270674,0.0202279
0.271278,0.0202843
0.271881,0.0203407
0.272485,0.0203971
0.273088,0.0204535
0.273692,0.0205099
0.274296,0.0205663
0.274899,0.0206227
0.275503,0.0206791
0.276106,0.0207355
0.27671,0.0207919
0.277314,0.0208483
0.277917,0.0209047
0.278521,0.0209611
0.279125,0.0210175
0.279728,0.0210739
0.280332,0.0211303
0.280935,0.0211867
0.281539,0.0212431
0.282143,0.0212995
0.282746,0.0213559
0.28335,0.0214123
0.283954,0.0214687
0.284557,0.0215251
0.285161,0.0215815
0.285765,0.0216379
0.286369,0.0216943
0.286972,0.0217507
0.287576,0.0218071
0.28818,0.0218635
0.288783,0.02192
0.289387,0.0219764
0.289991,0.0220328
0.290595,0.0220892
0.291198,0.0221456
0.291802,0.022202
0.292406,0.0222584
0.293009,0.0223148
0.293613,0.0223712
0.294217,0.0224276
0.294821,0.0224841
0.295424,0.0225405
0.296028,0.0225969
0.296632,0.0226533
0.297236,0.0227097
0.29784,0.0227661
0.298443,0.0228225
0.299047,0.0228789
0.299651,0.0229354
0.300255,0.0229918
0.300858,0.0230482
0.301462,0.0231046
0.302066,0.023161
0.30267,0.0232174
0.303274,0.0232739
0.303877,0.0233303
0.304481,0.0233867
0.305085,0.0234431
0.305689,0.0234995
0.306293,0.0235559
0.306897,0.0236124
0.3075,0.0236688
0.308104,0.0237252
0.308708,0.0237816
0.309312,0.023838
0.309916,0.0238945
0.310519,0.0239509
0.311123,0.0240073
0.311727,0.0240637
0.312331,0.0241201
0.312935,0.0241766
0.313539,0.024233
0.314143,0.0242894
0.314746,0.0243458
0.31535,0.0244022
0.315954,0.0244587
0.316558,0.0245151
0.317162,0.0245715
0.317766,0.0246279
0.31837,0.0246844
0.318973,0.0247408
0.319577,0.0247972
0.320181,0.0248536
0.320785,0.02491
0.321389,0.0249665
0.321993,0.0250229
0.322597,0.0250793
0.323201,0.0251357
0.323804,0.0251922
0.324408,0.0252486
0.325012,0.025305
0.325616,0.0253614
0.32622,0.0254179
0.326824,0.0254743
0.327428,0.0255307
0.328032,0.0255871
0.328636,0.0256436
0.32924,0.0257
0.329843,0.0257564
0.330447,0.0258128
0.331051,0.0258693
0.331655,0.0259257
0.332259,0.0259821
0.332863,0.0260385
0.333467,0.026095
0.334071,0.0261514
0.334675,0.0262078
0.335279,0.0262642
0.335882,0.0263207
0.336486,0.0263771
0.33709,0.0264335
0.337694,0.02649
0.338298,0.0265464
0.338902,0.0266028
0.339506,0.0266592
0.34011,0.0267157
0.340714,0.0267721
0.341318,0.0268285
0.341922,0.0268849
0.342526,0.0269414
0.343129,0.0269978
0.343733,0.0270542
0.344337,0.0271107
0.344941,0.0271671
0.345545,0.0272235
0.346149,0.0272799
0.346753,0.0273364
0.347368,0.0273928
0.348006,0.0274513
0.348667,0.027512
0.349353,0.0275749
0.350063,0.0276401
0.3508,0.0277077
0.351562,0.0277777
0.352352,0.0278502
0.353169,0.0279252
0.354015,0.0280029
0.35489,0.0280833
0.355796,0.0281665
0.356732,0.0282525
0.357699,0.0283414
0.358699,0.0284333
0.359732,0.0285282
0.360798,0.0286263
0.361898,0.0287275
0.363034,0.0288319
0.364204,0.0289396
0.365412,0.0290507
0.366655,0.0291652
0.367937,0.0292832
0.369256,0.0294046
0.370613,0.0295296
0.372009,0.0296583
0.373444,0.0297905
0.374919,0.0299264
0.376433,0.0300661
0.377988,0.0302095
0.379582,0.0303566
0.381217,0.0305075
0.382893,0.0306621
0.384608,0.0308205
0.386364,0.0309827
0.38816,0.0311487
0.389996,0.0313183
0.391871,0.0314917
0.393786,0.0316688
0.395739,0.0318495
0.397729,0.0320337
0.399757,0.0322215
0.401822,0.0324127
0.403922,0.0326073
0.406057,0.0328051
0.408225,0.0330062
0.410425,0.0332103
0.412657,0.0334174
0.414918,0.0336273
0.417208,0.03384
0.419524,0.0340552
0.421866,0.0342729
0.424231,0.0344928
0.426618,0.0347148
0.429024,0.0349388
0.431449,0.0351645
0.43389,0.0353919
0.436344,0.0356206
0.438811,0.0358506
0.441287,0.0360815
0.443771,0.0363133
0.44626,0.0365457
0.448753,0.0367785
0.451247,0.0370115
-0.000298318,0.0264608
0.000298318,0.0264608
0.000894966,0.0264608
0.00149164,0.0264608
0.00208834,0.0264608
0.00268506,0.0264608
0.00328181,0.0264608
0.00387858,0.0264608
0.00447538,0.0264608
0.0050722,0.0264608
0.00566905,0.0264608
0.00626592,0.0264608
0.00686282,0.0264608
0.00745974,0.0264608
0.00805669,0.0264608
0.00865366,0.0264608
0.00925066,0.0264608
0.00984768,0.0264608
0.0104447,0.0264608
0.0110418,0.0264608
0.0116389,0.0264608
0.012236,0.0264608
0.0128331,0.0264608
0.0134303,0.0264608
0.0140275,0.0264608
0.0146247,0.0264608
0.0152219,0.0264608
0.0158192,0.0264608
0.0164165,0.0264608
0.0170138,0.0264608
0.0176111,0.0264608
0.0182085,0.0264608
0.0188059,0.0264608
0.0194033,0.0264608
0.0200007,0.0264608
0.0205982,0.0264608
0.0211956,0.0264608
0.0217931,0.0264608
0.0223907,0.0264608
0.0229882,0.0264608
0.0235858,0.0264608
0.0241834,0.0264608
0.024781,0.0264608
0.0253786,0.0264608
0.0259763,0.0264608
0.026574,0.0264608
0.0271717,0.0264608
0.0277694,0.0264608
0.0283672,0.0264608
0.028965,0.0264608
0.0295628,0.0264608
0.0301606,0.0264608
0.0307585,0.0264608
0.0313563,0.0264608
0.0319542,0.0264608
0.0325521,0.0264608
0.0331501,0.0264608
0.033748,0.0264608
0.034346,0.0264608
0.034944,0.0264608
0.0355421,0.0264608
0.0361401,0.0264608
0.0367382,0.0264608
0.0373363,0.0264608
0.0379344,0.0264608
0.0385326,0.0264608
0.0391307,0.0264608
0.0397289,0.0264608
0.0403271,0.0264608
0.0409254,0.0264608
0.0415236,0.0264608
0.0421219,0.0264608
0.0427202,0.0264608
0.0433185,0.0264608
0.0439169,0.0264608
0.0445152,0.0264608
0.0451136,0.0264608
0.045712,0.0264608
0.0463105,0.0264608
0.0469089,0.0264608
0.0475074,0.0264608
0.0481059,0.0264608
0.0487044,0.0264608
0.0493029,0.0264608
0.0499015,0.0264608
0.0505001,0.0264608
0.0510987,0.0264608
0.0516973,0.0262775
0.052296,0.0260943
0.0528946,0.0259111
0.0534933,0.0257279
0.054092,0.0255447
0.0546908,0.0253614
0.0552895,0.0251782
0.0558883,0.024995
0.0564871,0.0248117
0.0570859,0.0246284
0.0576848,0.0244452
0.0582836,0.0242619
0.0588825,0.0240786
0.0594814,0.0238953
0.0600803,0.023712
0.0606793,0.0235287
0.0612782,0.0233454
0.0618772,0.0231621
0.0624762,0.0229788
0.0630753,0.0227955
0.0636743,0.0226121
0.0642734,0.0224288
0.0648725,0.0222455
0.0654716,0.0220621
0.0660707,0.0218788
0.0666698,0.0216954
0.067269,0.021512
0.0678682,0.0213287
0.0684674,0.0211453
0.0690667,0.0209619
0.0696659,0.0207785
0.0702652,0.0205951
0.0708645,0.0204117
0.0714638,0.0202283
0.0720631,0.0200449
0.0726625,0.0198614
0.0732618,0.019678
0.0738612,0.0194946
0.0744606,0.0193111
0.0750601,0.0191277
0.0756595,0.0189442
0.076259,0.0187608
0.0768585,0.0185773
0.077458,0.0183938
0.0780575,0.0182103
0.0786571,0.0180269
0.0792566,0.0178434
0.0798562,0.0176599
0.0804558,0.0174764
0.0810555,0.0172929
0.0816551,0.0171093
0.0822548,0.0169258
0.0828545,0.0167423
0.0834542,0.0165588
0.0840539,0.0163752
0.0846536,0.0161917
0.0852534,0.0160081
0.0858532,0.0158246
0.086453,0.0156185
0.0870528,0.0154124
0.0876526,0.0152063
0.0882525,0.0150002
0.0888524,0.014794
0.0894522,0.0145879
0.0900522,0.0143818
0.0906521,0.0141756
0.091252,0.0139695
0.091852,0.0137633
0.092452,0.0135572
0.093052,0.013351
0.093652,0.0131448
0.0942521,0.0129386
0.0948521,0.0127324
0.0954522,0.0125263
0.0960523,0.0123201
0.0966524,0.0121138
0.0972526,0.0120913
0.0978527,0.0120687
0.0984529,0.0120462
0.0990531,0.0120236
0.0996533,0.0120011
0.100253,0.0119785
0.100854,0.011956
0.101454,0.0119334
0.102054,0.0119109
0.102655,0.0118883
0.103255,0.0118658
0.103855,0.0118432
0.104456,0.0118207
0.105056,0.0117981
0.105656,0.0117756
0.106257,0.011753
0.106857,0.0117304
0.107458,0.0117079
0.108058,0.0116853
0.108659,0.0116628
0.109259,0.0116402
0.109859,0.0116176
0.11046,0.0116176
0.111061,0.0116176
0.111661,0.0116176
0.112262,0.0116176
0.112862,0.0116176
0.113463,0.0116176
0.114064,0.0116176
0.114664,0.0116176
0.115265,0.0116176
0.115866,0.0116176
0.116466,0.0116176
0.117067,0.0116176
0.117668,0.0116176
0.118268,0.0116176
0.118869,0.0116176
0.11947,0.0116176
0.120071,0.0116176
0.120672,0.0116176
0.121272,0.0116176
0.121873,0.0116176
0.122474,0.0116176
0.123075,0.0116176
0.123676,0.0116176
0.124277,0.0116176
0.124878,0.0116176
0.125479,0.0116176
0.12608,0.0116176
0.126681,0.0116176
0.127282,0.0116176
0.127883,0.0116176
0.128484,0.0116176
0.129085,0.0116176
0.129686,0.0116176
0.130287,0.0116176
0.130888,0.0116176
0.131489,0.0116176
0.13209,0.0116176
0.132691,0.0116176
0.133292,0.0116176
0.133893,0.0116176
0.134495,0.0116176
0.135096,0.0116176
0.135697,0.0116176
0.136298,0.0116176
0.1369,0.0116176
0.137501,0.0116176
0.138102,0.0116176
0.138703,0.0116176
0.139305,0.0116176
0.139906,0.0116176
0.140507,0.0116176
0.141109,0.0116176
0.14171,0.0116176
0.142311,0.0116176
0.142913,0.0116176
0.143514,0.0116176
0.144116,0.0116176
0.144717,0.0116176
0.145318,0.0116176
0.14592,0.0116176
0.146521,0.0116176
0.147123,0.0116176
0.147724,0.0116176
0.148326,0.0116176
0.148927,0.0116176
0.149529,0.0116176
0.150131,0.0116176
0.150732,0.0116176
0.151334,0.0116176
0.151935,0.0116176
0.152537,0.0116176
0.153139,0.0116176
0.15374,0.0116176
0.154342,0.0116176
0.154944,0.0116176
0.155545,0.0116176
0.156147,0.0116176
0.156749,0.0116176
0.157351,0.0116176
0.157952,0.0116176
0.158554,0.0116176
0.159156,0.0116176
0.159758,0.0116176
0.160359,0.0116176
0.160961,0.0116176
0.161563,0.0116176
0.162165,0.0116176
0.162767,0.0116176
0.163369,0.0116176
0.163971,0.0116176
0.164572,0.0116176
0.165174,0.0116176
0.165776,0.0116176
0.166378,0.0116176
0.16698,0.0116176
0.167582,0.0116176
0.168184,0.0116176
0.168786,0.0116176
0.169388,0.0116176
0.16999,0.0116176
0.170592,0.0116176
0.171194,0.0116176
0.171796,0.0116176
0.172398,0.0116176
0.173,0.0116176
0.173602,0.0116176
0.174205,0.0116176
0.174807,0.0116176
0.175409,0.0116176
0.176011,0.0116176
0.176613,0.0116751
0.177215,0.0117325
0.177817,0.0117899
0.17842,0.0118473
0.179022,0.0119048
0.179624,0.0119622
0.180226,0.0120196
0.180829,0.012077
0.181431,0.0121345
0.182033,0.0121919
0.182635,0.0122493
0.183238,0.0123068
0.18384,0.0123642
0.184442,0.0124216
0.185045,0.0124791
0.185647,0.0125365
0.186249,0.012594
0.186852,0.0126514
0.187454,0.0127088
0.188056,0.0127663
0.188659,0.0128237
0.189261,0.0128812
0.189864,0.0129386
0.190466,0.0129961
0.191069,0.0130535
0.191671,0.013111
0.192273,0.0131684
0.192876,0.0132259
0.193478,0.0132833
0.194081,0.0133408
0.194683,0.0133982
0.195286,0.0134557
0.195888,0.0135132
0.196491,0.0135706
0.197094,0.0136281
0.197696,0.0136855
0.198299,0.013743
0.198901,0.0138005
0.199504,0.0138579
0.200107,0.0139154
0.200709,0.0139729
0.201312,0.0140303
0.201914,0.0140878
0.202517,0.0141453
0.20312,0.0142027
0.203722,0.0142602
0.204325,0.0143177
0.204928,0.0143751
0.20553,0.0144326
0.206133,0.0144901
0.206736,0.0145476
0.207339,0.014605
0.207941,0.0146625
0.208544,0.01472
0.209147,0.0147775
0.20975,0.014835
0.210352,0.0148924
0.210955,0.0149499
0.211558,0.0150074
0.212161,0.0150649
0.212764,0.0151224
0.213367,0.0151799
0.213969,0.0152374
0.214572,0.0152948
0.215175,0.0153523
0.215778,0.0154098
0.216381,0.0154673
0.216984,0.0155248
0.217587,0.0155823
0.21819,0.0156398
0.218793,0.0156973
0.219395,0.0157548
0.219998,0.0158123
0.220601,0.0158698
0.221204,0.0159273
0.221807,0.0159848
0.22241,0.0160423
0.223013,0.0160998
0.223616,0.0161573
0.224219,0.0162148
0.224822,0.0162723
0.225425,0.0163298
0.226028,0.0163873
0.226631,0.0164448
0.227234,0.0165023
0.227837,0.0165598
0.228441,0.0166173
0.229044,0.0166748
0.229647,0.0167323
0.23025,0.0167899
0.230853,0.0168474
0.231456,0.0169049
0.232059,0.0169624
0.232662,0.0170199
0.233265,0.0170774
0.233868,0.0171349
0.234472,0.0171925
0.235075,0.01725
0.235678,0.0173075
0.236281,0.017365
0.236884,0.0174225
0.237488,0.01748
0.238091,0.0175376
0.238694,0.0175951
0.239297,0.0176526
0.2399,0.0177101
0.240504,0.0177677
0.241107,0.0178252
0.24171,0.0178827
0.242313,0.0179402
0.242917,0.0179978
0.24352,0.0180553
0.244123,0.0181128
0.244726,0.0181704
0.24533,0.0182279
0.245933,0.0182854
0.246536,0.0183429
0.24714,0.0184005
0.247743,0.018458
0.248346,0.0185155
0.24895,0.0185731
0.249553,0.0186306
0.250156,0.0186882
0.25076,0.0187457
0.251363,0.0188032
0.251966,0.0188608
0.25257,0.0189183
0.253173,0.0189758
0.253777,0.0190334
0.25438,0.0190909
0.254983,0.0191485
0.255587,0.019206
0.25619,0.0192635
0.256794,0.0193211
0.257397,0.0193786
0.258,0.0194362
0.258604,0.0194937
0.259207,0.0195513
0.259811,0.0196088
0.260414,0.0196664
0.261018,0.0197239
0.261621,0.0197815
0.262225,0.019839
0.262828,0.0198965
0.263432,0.0199541
0.264035,0.0200116
0.264639,0.0200692
0.265242,0.0201268
0.265846,0.0201843
0.266449,0.0202419
0.267053,0.0202994
0.267656,0.020357
0.26826,0.0204145
0.268863,0.0204721
0.269467,0.0205296
0.270071,0.0205872
0.270674,0.0206447
0.271278,0.0207023
0.271881,0.0207599
0.272485,0.0208174
0.273088,0.020875
0.273692,0.0209325
0.274296,0.0209901
0.274899,0.0210476
0.275503,0.0211052
0.276106,0.0211628
0.27671,0.0212203
0.277314,0.0212779
0.277917,0.0213355
0.278521,0.021393
0.279125,0.0214506
0.279728,0.0215081
0.280332,0.0215657
0.280935,0.0216233
0.281539,0.0216808
0.282143,0.0217384
0.282746,0.021796
0.28335,0.0218535
0.283954,0.0219111
0.284557,0.0219687
0.285161,0.0220262
0.285765,0.0220838
0.286369,0.0221414
0.286972,0.0221989
0.287576,0.0222565
0.28818,0.0223141
0.288783,0.0223717
0.289387,0.0224292
0.289991,0.0224868
0.290595,0.0225444
0.291198,0.0226019
0.291802,0.0226595
0.292406,0.0227171
0.293009,0.0227747
0.293613,0.0228322
0.294217,0.0228898
0.294821,0.0229474
0.295424,0.023005
0.296028,0.0230625
0.296632,0.0231201
0.297236,0.0231777
0.29784,0.0232353
0.298443,0.0232928
0.299047,0.0233504
0.299651,0.023408
0.300255,0.0234656
0.300858,0.0235231
0.301462,0.0235807
0.302066,0.0236383
0.30267,0.0236959
0.303274,0.0237535
0.303877,0.023811
0.304481,0.0238686
0.305085,0.0239262
0.305689,0.0239838
0.306293,0.0240414
0.306897,0.0240989
0.3075,0.0241565
0.308104,0.0242141
0.308708,0.0242717
0.309312,0.0243293
0.309916,0.0243868
0.310519,0.0244444
0.311123,0.024502
0.311727,0.0245596
0.312331,0.0246172
0.312935,0.0246748
0.313539,0.0247323
0.314143,0.0247899
0.314746,0.0248475
0.31535,0.0249051
0.315954,0.0249627
0.316558,0.0250203
0.317162,0.0250779
0.317766,0.0251354
0.31837,0.025193
0.318973,0.0252506
0.319577,0.0253082
0.320181,0.0253658
0.320785,0.0254234
0.321389,0.025481
0.321993,0.0255385
0.322597,0.0255961
0.323201,0.0256537
0.323804,0.0257113
0.324408,0.0257689
0.325012,0.0258265
0.325616,0.0258841
0.32622,0.0259416
0.326824,0.0259992
0.327428,0.0260568
0.328032,0.0261144
0.328636,0.026172
0.32924,0.0262296
0.329843,0.0262872
0.330447,0.0263448
0.331051,0.0264024
0.331655,0.0264599
0.332259,0.0265175
0.332863,0.0265751
0.333467,0.0266327
0.334071,0.0266903
0.334675,0.0267479
0.335279,0.0268055
0.335882,0.0268631
0.336486,0.0269207
0.33709,0.0269782
0.337694,0.0270358
0.338298,0.0270934
0.338902,0.027151
0.339506,0.0272086
0.34011,0.0272662
0.340714,0.0273238
0.341318,0.0273814
0.341922,0.027439
0.342526,0.0274966
0.343129,0.0275541
0.343733,0.0276117
0.344337,0.0276693
0.344941,0.0277269
0.345545,0.0277845
0.346149,0.0278421
0.346753,0.0278997
0.347368,0.0279573
0.348006,0.028017
0.348667,0.0280789
0.349353,0.0281431
0.350063,0.0282097
0.3508,0.0282787
0.351562,0.0283501
0.352352,0.0284241
0.353169,0.0285007
0.354015,0.02858
0.35489,0.028662
0.355796,0.0287469
0.356732,0.0288347
0.357699,0.0289254
0.358699,0.0290192
0.359732,0.0291161
0.360798,0.0292162
0.361898,0.0293195
0.363034,0.029426
0.364204,0.029536
0.365412,0.0296494
0.366655,0.0297662
0.367937,0.0298866
0.369256,0.0300106
0.370613,0.0301382
0.372009,0.0302694
0.373444,0.0304044
0.374919,0.0305431
0.376433,0.0306857
0.377988,0.030832
0.379582,0.0309821
0.381217,0.0311361
0.382893,0.031294
0.384608,0.0314556
0.386364,0.0316212
0.38816,0.0317905
0.389996,0.0319637
0.391871,0.0321407
0.393786,0.0323214
0.395739,0.0325058
0.397729,0.0326938
0.399757,0.0328855
0.401822,0.0330806
0.403922,0.0332792
0.406057,0.0334812
0.408225,0.0336863
0.410425,0.0338947
0.412657,0.034106
0.414918,0.0343203
0.417208,0.0345373
0.419524,0.034757
0.421866,0.0349791
0.424231,0.0352036
0.426618,0.0354302
0.429024,0.0356588
0.431449,0.0358892
0.43389,0.0361212
0.436344,0.0363547
0.438811,0.0365893
0.441287,0.0368251
0.443771,0.0370616
0.44626,0.0372988
0.448753,0.0375364
0.451247,0.0377742
-0.000298318,0.026914
0.000298318,0.026914
0.000894966,0.026914
0.00149164,0.026914
0.00208834,0.026914
0.00268506,0.026914
0.00328181,0.026914
0.00387858,0.026914
0.00447538,0.026914
0.0050722,0.026914
0.00566905,0.026914
0.00626592,0.026914
0.00686282,0.026914
0.00745974,0.026914
0.00805669,0.026914
0.00865366,0.026914
0.00925066,0.026914
0.00984768,0.026914
0.0104447,0.026914
0.0110418,0.026914
0.0116389,0.026914
0.012236,0.026914
0.0128331,0.026914
0.0134303,0.026914
0.0140275,0.026914
0.0146247,0.026914
0.0152219,0.026914
0.0158192,0.026914
0.0164165,0.026914
0.0170138,0.026914
0.0176111,0.026914
0.0182085,0.026914
0.0188059,0.026914
0.0194033,0.026914
0.0200007,0.026914
0.0205982,0.026914
0.0211956,0.026914
0.0217931,0.026914
0.0223907,0.026914
0.0229882,0.026914
0.0235858,0.026914
0.0241834,0.026914
0.024781,0.026914
0.0253786,0.026914
0.0259763,0.026914
0.026574,0.026914
0.0271717,0.026914
0.0277694,0.026914
0.0283672,0.026914
0.028965,0.026914
0.0295628,0.026914
0.0301606,0.026914
0.0307585,0.026914
0.0313563,0.026914
0.0319542,0.026914
0.0325521,0.026914
0.0331501,0.026914
0.033748,0.026914
0.034346,0.026914
0.034944,0.026914
0.0355421,0.026914
0.0361401,0.026914
0.0367382,0.026914
0.0373363,0.026914
0.0379344,0.026914
0.0385326,0.026914
0.0391307,0.026914
0.0397289,0.026914
0.0403271,0.026914
0.0409254,0.026914
0.0415236,0.026914
0.0421219,0.026914
0.0427202,0.026914
0.0433185,0.026914
0.0439169,0.026914
0.0445152,0.026914
0.0451136,0.026914
0.045712,0.026914
0.0463105,0.026914
0.0469089,0.026914
0.0475074,0.026914
0.0481059,0.026914
0.0487044,0.026914
0.0493029,0.026914
0.0499015,0.026914
0.0505001,0.026914
0.0510987,0.026914
0.0516973,0.0267271
0.052296,0.0265402
0.0528946,0.0263533
0.0534933,0.0261664
0.054092,0.0259794
0.0546908,0.0257925
0.0552895,0.0256056
0.0558883,0.0254186
0.0564871,0.0252317
0.0570859,0.0250447
0.0576848,0.0248577
0.0582836,0.0246708
0.0588825,0.0244838
0.0594814,0.0242968
0.0600803,0.0241098
0.0606793,0.0239228
0.0612782,0.0237358
0.0618772,0.0235488
0.0624762,0.0233618
0.0630753,0.0231748
0.0636743,0.0229877
0.0642734,0.0228007
0.0648725,0.0226136
0.0654716,0.0224266
0.0660707,0.0222395
0.0666698,0.0220525
0.067269,0.0218654
0.0678682,0.0216783
0.0684674,0.0214913
0.0690667,0.0213042
0.0696659,0.0211171
0.0702652,0.02093
0.0708645,0.0207429
0.0714638,0.0205558
0.0720631,0.0203686
0.0726625,0.0201815
0.0732618,0.0199944
0.0738612,0.0198072
0.0744606,0.0196201
0.0750601,0.0194329
0.0756595,0.0192458
0.076259,0.0190586
0.0768585,0.0188715
0.077458,0.0186843
0.0780575,0.0184971
0.0786571,0.0183099
0.0792566,0.0181227
0.0798562,0.0179355
0.0804558,0.0177483
0.0810555,0.0175611
0.0816551,0.0173739
0.0822548,0.0171867
0.0828545,0.0169994
0.0834542,0.0168122
0.0840539,0.0166249
0.0846536,0.0164377
0.0852534,0.0162504
0.0858532,0.0160632
0.086453,0.015855
0.0870528,0.0156467
0.0876526,0.0154385
0.0882525,0.0152302
0.0888524,0.0150219
0.0894522,0.0148137
0.0900522,0.0146054
0.0906521,0.0143971
0.091252,0.0141888
0.091852,0.0139805
0.092452,0.0137722
0.093052,0.0135639
0.093652,0.0133556
0.0942521,0.0131472
0.0948521,0.0129389
0.0954522,0.0127306
0.0960523,0.0125222
0.0966524,0.0123139
0.0972526,0.0122929
0.0978527,0.0122719
0.0984529,0.0122509
0.0990531,0.0122299
0.0996533,0.012209
0.100253,0.012188
0.100854,0.012167
0.101454,0.012146
0.102054,0.012125
0.102655,0.012104
0.103255,0.012083
0.103855,0.012062
0.104456,0.012041
0.105056,0.01202
0.105656,0.011999
0.106257,0.011978
0.106857,0.0119571
0.107458,0.0119361
0.108058,0.0119151
0.108659,0.0118941
0.109259,0.0118731
0.109859,0.0118521
0.11046,0.0118521
0.111061,0.0118521
0.111661,0.0118521
0.112262,0.0118521
0.112862,0.0118521
0.113463,0.0118521
0.114064,0.0118521
0.114664,0.0118521
0.115265,0.0118521
0.115866,0.0118521
0.116466,0.0118521
0.117067,0.0118521
0.117668,0.0118521
0.118268,0.0118521
0.118869,0.0118521
0.11947,0.0118521
0.120071,0.0118521
0.120672,0.0118521
0.121272,0.0118521
0.121873,0.0118521
0.122474,0.0118521
0.123075,0.0118521
0.123676,0.0118521
0.124277,0.0118521
0.124878,0.0118521
0.125479,0.0118521
0.12608,0.0118521
0.126681,0.0118521
0.127282,0.0118521
0.127883,0.0118521
0.128484,0.0118521
0.129085,0.0118521
0.129686,0.0118521
0.130287,0.0118521
0.130888,0.0118521
0.131489,0.0118521
0.13209,0.0118521
0.132691,0.0118521
0.133292,0.0118521
0.133893,0.0118521
0.134495,0.0118521
0.135096,0.0118521
0.135697,0.0118521
0.136298,0.0118521
0.1369,0.0118521
0.137501,0.0118521
0.138102,0.0118521
0.138703,0.0118521
0.139305,0.0118521
0.139906,0.0118521
0.140507,0.0118521
0.141109,0.0118521
0.14171,0.0118521
0.142311,0.0118521
0.142913,0.0118521
0.143514,0.0118521
0.144116,0.0118521
0.144717,0.0118521
0.145318,0.0118521
0.14592,0.0118521
0.146521,0.0118521
0.147123,0.0118521
0.147724,0.0118521
0.148326,0.0118521
0.148927,0.0118521
0.149529,0.0118521
0.150131,0.0118521
0.150732,0.0118521
0.151334,0.0118521
0.151935,0.0118521
0.152537,0.0118521
0.153139,0.0118521
0.15374,0.0118521
0.154342,0.0118521
0.154944,0.0118521
0.155545,0.0118521
0.156147,0.0118521
0.156749,0.0118521
0.157351,0.0118521
0.157952,0.0118521
0.158554,0.0118521
0.159156,0.0118521
0.159758,0.0118521
0.160359,0.0118521
0.160961,0.0118521
0.161563,0.0118521
0.162165,0.0118521
0.162767,0.0118521
0.163369,0.0118521
0.163971,0.0118521
0.164572,0.0118521
0.165174,0.0118521
0.165776,0.0118521
0.166378,0.0118521
0.16698,0.0118521
0.167582,0.0118521
0.168184,0.0118521
0.168786,0.0118521
0.169388,0.0118521
0.16999,0.0118521
0.170592,0.0118521
0.171194,0.0118521
0.171796,0.0118521
0.172398,0.0118521
0.173,0.0118521
0.173602,0.0118521
0.174205,0.0118521
0.174807,0.0118521
0.175409,0.0118521
0.176011,0.0118521
0.176613,0.0119106
0.177215,0.0119692
0.177817,0.0120278
0.17842,0.0120864
0.179022,0.012145
0.179624,0.0122036
0.180226,0.0122622
0.180829,0.0123207
0.181431,0.0123793
0.182033,0.0124379
0.182635,0.0124965
0.183238,0.0125551
0.18384,0.0126137
0.184442,0.0126723
0.185045,0.0127309
0.185647,0.0127895
0.186249,0.0128481
0.186852,0.0129067
0.187454,0.0129653
0.188056,0.0130239
0.188659,0.0130825
0.189261,0.0131411
0.189864,0.0131997
0.190466,0.0132583
0.191069,0.0133169
0.191671,0.0133755
0.192273,0.0134342
0.192876,0.0134928
0.193478,0.0135514
0.194081,0.01361
0.194683,0.0136686
0.195286,0.0137272
0.195888,0.0137858
0.196491,0.0138445
0.197094,0.0139031
0.197696,0.0139617
0.198299,0.0140203
0.198901,0.0140789
0.199504,0.0141376
0.200107,0.0141962
0.200709,0.0142548
0.201312,0.0143134
0.201914,0.0143721
0.202517,0.0144307
0.20312,0.0144893
0.203722,0.014548
0.204325,0.0146066
0.204928,0.0146652
0.20553,0.0147239
0.206133,0.0147825
0.206736,0.0148411
0.207339,0.0148998
0.207941,0.0149584
0.208544,0.015017
0.209147,0.0150757
0.20975,0.0151343
0.210352,0.015193
0.210955,0.0152516
0.211558,0.0153103
0.212161,0.0153689
0.212764,0.0154275
0.213367,0.0154862
0.213969,0.0155448
0.214572,0.0156035
0.215175,0.0156621
0.215778,0.0157208
0.216381,0.0157794
0.216984,0.0158381
0.217587,0.0158967
0.21819,0.0159554
0.218793,0.016014
0.219395,0.0160727
0.219998,0.0161314
0.220601,0.01619
0.221204,0.0162487
0.221807,0.0163073
0.22241,0.016366
0.223013,0.0164247
0.223616,0.0164833
0.224219,0.016542
0.224822,0.0166006
0.225425,0.0166593
0.226028,0.016718
0.226631,0.0167766
0.227234,0.0168353
0.227837,0.016894
0.228441,0.0169526
0.229044,0.0170113
0.229647,0.01707
0.23025,0.0171287
0.230853,0.0171873
0.231456,0.017246
0.232059,0.0173047
0.232662,0.0173634
0.233265,0.017422
0.233868,0.0174807
0.234472,0.0175394
0.235075,0.0175981
0.235678,0.0176567
0.236281,0.0177154
0.236884,0.0177741
0.237488,0.0178328
0.238091,0.0178915
0.238694,0.0179502
0.239297,0.0180088
0.2399,0.0180675
0.240504,0.0181262
0.241107,0.0181849
0.24171,0.0182436
0.242313,0.0183023
0.242917,0.018361
0.24352,0.0184196
0.244123,0.0184783
0.244726,0.018537
0.24533,0.0185957
0.245933,0.0186544
0.246536,0.0187131
0.24714,0.0187718
0.247743,0.0188305
0.248346,0.0188892
0.24895,0.0189479
0.249553,0.0190066
0.250156,0.0190653
0.25076,0.019124
0.251363,0.0191827
0.251966,0.0192414
0.25257,0.0193001
0.253173,0.0193588
0.253777,0.0194175
0.25438,0.0194762
0.254983,0.0195349
0.255587,0.0195936
0.25619,0.0196523
0.256794,0.019711
0.257397,0.0197697
0.258,0.0198284
0.258604,0.0198871
0.259207,0.0199458
0.259811,0.0200045
0.260414,0.0200632
0.261018,0.0201219
0.261621,0.0201806
0.262225,0.0202393
0.262828,0.020298
0.263432,0.0203568
0.264035,0.0204155
0.264639,0.0204742
0.265242,0.0205329
0.265846,0.0205916
0.266449,0.0206503
0.267053,0.020709
0.267656,0.0207678
0.26826,0.0208265
0.268863,0.0208852
0.269467,0.0209439
0.270071,0.0210026
0.270674,0.0210613
0.271278,0.0211201
0.271881,0.0211788
0.272485,0.0212375
0.273088,0.0212962
0.273692,0.0213549
0.274296,0.0214137
0.274899,0.0214724
0.275503,0.0215311
0.276106,0.0215898
0.27671,0.0216485
0.277314,0.0217073
0.277917,0.021766
0.278521,0.0218247
0.279125,0.0218834
0.279728,0.0219422
0.280332,0.0220009
0.280935,0.0220596
0.281539,0.0221183
0.282143,0.0221771
0.282746,0.0222358
0.28335,0.0222945
0.283954,0.0223533
0.284557,0.022412
0.285161,0.0224707
0.285765,0.0225294
0.286369,0.0225882
0.286972,0.0226469
0.287576,0.0227056
0.28818,0.0227644
0.288783,0.0228231
0.289387,0.0228818
0.289991,0.0229406
0.290595,0.0229993
0.291198,0.023058
0.291802,0.0231168
0.292406,0.0231755
0.293009,0.0232342
0.293613,0.023293
0.294217,0.0233517
0.294821,0.0234104
0.295424,0.0234692
0.296028,0.0235279
0.296632,0.0235867
0.297236,0.0236454
0.29784,0.0237041
0.298443,0.0237629
0.299047,0.0238216
0.299651,0.0238803
0.300255,0.0239391
0.300858,0.0239978
0.301462,0.0240566
0.302066,0.0241153
0.30267,0.024174
0.303274,0.0242328
0.303877,0.0242915
0.304481,0.0243503
0.305085,0.024409
0.305689,0.0244678
0.306293,0.0245265
0.306897,0.0245852
0.3075,0.024644
0.308104,0.0247027
0.308708,0.0247615
0.309312,0.0248202
0.309916,0.024879
0.310519,0.0249377
0.311123,0.0249964
0.311727,0.0250552
0.312331,0.0251139
0.312935,0.0251727
0.313539,0.0252314
0.314143,0.0252902
0.314746,0.0253489
0.31535,0.0254077
0.315954,0.0254664
0.316558,0.0255252
0.317162,0.0255839
0.317766,0.0256427
0.31837,0.0257014
0.318973,0.0257601
0.319577,0.0258189
0.320181,0.0258776
0.320785,0.0259364
0.321389,0.0259951
0.321993,0.0260539
0.322597,0.0261126
0.323201,0.0261714
0.323804,0.0262301
0.324408,0.0262889
0.325012,0.0263476
0.325616,0.0264064
0.32622,0.0264651
0.326824,0.0265239
0.327428,0.0265826
0.328032,0.0266414
0.328636,0.0267001
0.32924,0.0267589
0.329843,0.0268176
0.330447,0.0268764
0.331051,0.0269351
0.331655,0.0269939
0.332259,0.0270526
0.332863,0.0271114
0.333467,0.0271701
0.334071,0.0272289
0.334675,0.0272876
0.335279,0.0273464
0.335882,0.0274051
0.336486,0.0274639
0.33709,0.0275226
0.337694,0.0275814
0.338298,0.0276402
0.338902,0.0276989
0.339506,0.0277577
0.34011,0.0278164
0.340714,0.0278752
0.341318,0.0279339
0.341922,0.0279927
0.342526,0.0280514
0.343129,0.0281102
0.343733,0.0281689
0.344337,0.0282277
0.344941,0.0282864
0.345545,0.0283452
0.346149,0.0284039
0.346753,0.0284627
0.347368,0.0285214
0.348006,0.0285824
0.348667,0.0286456
0.349353,0.0287111
0.350063,0.028779
0.3508,0.0288493
0.351562,0.0289222
0.352352,0.0289977
0.353169,0.0290758
0.354015,0.0291567
0.35489,0.0292404
0.355796,0.029327
0.356732,0.0294166
0.357699,0.0295091
0.358699,0.0296048
0.359732,0.0297037
0.360798,0.0298057
0.361898,0.0299111
0.363034,0.0300198
0.364204,0.030132
0.365412,0.0302477
0.366655,0.0303669
0.367937,0.0304897
0.369256,0.0306162
0.370613,0.0307463
0.372009,0.0308802
0.373444,0.031018
0.374919,0.0311595
0.376433,0.0313049
0.377988,0.0314542
0.379582,0.0316073
0.381217,0.0317644
0.382893,0.0319255
0.384608,0.0320904
0.386364,0.0322593
0.38816,0.0324321
0.389996,0.0326087
0.391871,0.0327893
0.393786,0.0329736
0.395739,0.0331617
0.397729,0.0333536
0.399757,0.0335491
0.401822,0.0337482
0.403922,0.0339508
0.406057,0.0341568
0.408225,0.0343661
0.410425,0.0345786
0.412657,0.0347943
0.414918,0.0350129
0.417208,0.0352343
0.419524,0.0354584
0.421866,0.035685
0.424231,0.035914
0.426618,0.0361451
0.429024,0.0363784
0.431449,0.0366134
0.43389,0.0368501
0.436344,0.0370883
0.438811,0.0373277
0.441287,0.0375682
0.443771,0.0378095
0.44626,0.0380515
0.448753,0.0382939
0.451247,0.0385365
-0.000298318,0.027367
0.000298318,0.027367
0.000894966,0.027367
0.00149164,0.027367
0.00208834,0.027367
0.00268506,0.027367
0.00328181,0.027367
0.00387858,0.027367
0.00447538,0.027367
0.0050722,0.027367
0.00566905,0.027367
0.00626592,0.027367
0.00686282,0.027367
0.00745974,0.027367
0.00805669,0.027367
0.00865366,0.027367
0.00925066,0.027367
0.00984768,0.027367
0.0104447,0.027367
0.0110418,0.027367
0.0116389,0.027367
0.012236,0.027367
0.0128331,0.027367
0.0134303,0.027367
0.0140275,0.027367
0.0146247,0.027367
0.0152219,0.027367
0.0158192,0.027367
0.0164165,0.027367
0.0170138,0.027367
0.0176111,0.027367
0.0182085,0.027367
0.0188059,0.027367
0.0194033,0.027367
0.0200007,0.027367
0.0205982,0.027367
0.0211956,0.027367
0.0217931,0.027367
0.0223907,0.027367
0.0229882,0.027367
0.0235858,0.027367
0.0241834,0.027367
0.024781,0.027367
0.0253786,0.027367
0.0259763,0.027367
0.026574,0.027367
0.0271717,0.027367
0.0277694,0.027367
0.0283672,0.027367
0.028965,0.027367
0.0295628,0.027367
0.0301606,0.027367
0.0307585,0.027367
0.0313563,0.027367
0.0319542,0.027367
0.0325521,0.027367
0.0331501,0.027367
0.033748,0.027367
0.034346,0.027367
0.034944,0.027367
0.0355421,0.027367
0.0361401,0.027367
0.0367382,0.027367
0.0373363,0.027367
0.0379344,0.027367
0.0385326,0.027367
0.0391307,0.027367
0.0397289,0.027367
0.0403271,0.027367
0.0409254,0.027367
0.0415236,0.027367
0.0421219,0.027367
0.0427202,0.027367
0.0433185,0.027367
0.0439169,0.027367
0.0445152,0.027367
0.0451136,0.027367
0.045712,0.027367
0.0463105,0.027367
0.0469089,0.027367
0.0475074,0.027367
0.0481059,0.027367
0.0487044,0.027367
0.0493029,0.027367
0.0499015,0.027367
0.0505001,0.027367
0.0510987,0.027367
0.0516973,0.0271764
0.052296,0.0269858
0.0528946,0.0267952
0.0534933,0.0266045
0.054092,0.0264139
0.0546908,0.0262233
0.0552895,0.0260327
0.0558883,0.025842
0.0564871,0.0256514
0.0570859,0.0254607
0.0576848,0.0252701
0.0582836,0.0250794
0.0588825,0.0248887
0.0594814,0.024698
0.0600803,0.0245073
0.0606793,0.0243167
0.0612782,0.024126
0.0618772,0.0239352
0.0624762,0.0237445
0.0630753,0.0235538
0.0636743,0.0233631
0.0642734,0.0231723
0.0648725,0.0229816
0.0654716,0.0227909
0.0660707,0.0226001
0.0666698,0.0224093
0.067269,0.0222186
0.0678682,0.0220278
0.0684674,0.021837
0.0690667,0.0216462
0.0696659,0.0214554
0.0702652,0.0212646
0.0708645,0.0210738
0.0714638,0.020883
0.0720631,0.0206922
0.0726625,0.0205014
0.0732618,0.0203106
0.0738612,0.0201197
0.0744606,0.0199289
0.0750601,0.019738
0.0756595,0.0195472
0.076259,0.0193563
0.0768585,0.0191654
0.077458,0.0189746
0.0780575,0.0187837
0.0786571,0.0185928
0.0792566,0.0184019
0.0798562,0.018211
0.0804558,0.0180201
0.0810555,0.0178292
0.0816551,0.0176383
0.0822548,0.0174473
0.0828545,0.0172564
0.0834542,0.0170655
0.0840539,0.0168745
0.0846536,0.0166836
0.0852534,0.0164926
0.0858532,0.0163017
0.086453,0.0160913
0.0870528,0.0158809
0.0876526,0.0156705
0.0882525,0.0154601
0.0888524,0.0152497
0.0894522,0.0150393
0.0900522,0.0148289
0.0906521,0.0146184
0.091252,0.014408
0.091852,0.0141976
0.092452,0.0139871
0.093052,0.0137767
0.093652,0.0135662
0.0942521,0.0133557
0.0948521,0.0131453
0.0954522,0.0129348
0.0960523,0.0127243
0.0966524,0.0125138
0.0972526,0.0124944
0.0978527,0.012475
0.0984529,0.0124555
0.0990531,0.0124361
0.0996533,0.0124167
0.100253,0.0123973
0.100854,0.0123778
0.101454,0.0123584
0.102054,0.012339
0.102655,0.0123195
0.103255,0.0123001
0.103855,0.0122807
0.104456,0.0122613
0.105056,0.0122418
0.105656,0.0122224
0.106257,0.012203
0.106857,0.0121835
0.107458,0.0121641
0.108058,0.0121447
0.108659,0.0121252
0.109259,0.0121058
0.109859,0.0120864
0.11046,0.0120864
0.111061,0.0120864
0.111661,0.0120864
0.112262,0.0120864
0.112862,0.0120864
0.113463,0.0120864
0.114064,0.0120864
0.114664,0.0120864
0.115265,0.0120864
0.115866,0.0120864
0.116466,0.0120864
0.117067,0.0120864
0.117668,0.0120864
0.118268,0.0120864
0.118869,0.0120864
0.11947,0.0120864
0.120071,0.0120864
0.120672,0.0120864
0.121272,0.0120864
0.121873,0.0120864
0.122474,0.0120864
0.123075,0.0120864
0.123676,0.0120864
0.124277,0.0120864
0.124878,0.0120864
0.125479,0.0120864
0.12608,0.0120864
0.126681,0.0120864
0.127282,0.0120864
0.127883,0.0120864
0.128484,0.0120864
0.129085,0.0120864
0.129686,0.0120864
0.130287,0.0120864
0.130888,0.0120864
0.131489,0.0120864
0.13209,0.0120864
0.132691,0.0120864
0.133292,0.0120864
0.133893,0.0120864
0.134495,0.0120864
0.135096,0.0120864
0.135697,0.0120864
0.136298,0.0120864
0.1369,0.0120864
0.137501,0.0120864
0.138102,0.0120864
0.138703,0.0120864
0.139305,0.0120864
0.139906,0.0120864
0.140507,0.0120864
0.141109,0.0120864
0.14171,0.0120864
0.142311,0.0120864
0.142913,0.0120864
0.143514,0.0120864
0.144116,0.0120864
0.144717,0.0120864
0.145318,0.0120864
0.14592,0.0120864
0.146521,0.0120864
0.147123,0.0120864
0.147724,0.0120864
0.148326,0.0120864
0.148927,0.0120864
0.149529,0.0120864
0.150131,0.0120864
0.150732,0.0120864
0.151334,0.0120864
0.151935,0.0120864
0.152537,0.0120864
0.153139,0.0120864
0.15374,0.0120864
0.154342,0.0120864
0.154944,0.0120864
0.155545,0.0120864
0.156147,0.0120864
0.156749,0.0120864
0.157351,0.0120864
0.157952,0.0120864
0.158554,0.0120864
0.159156,0.0120864
0.159758,0.0120864
0.160359,0.0120864
0.160961,0.0120864
0.161563,0.0120864
0.162165,0.0120864
0.162767,0.0120864
0.163369,0.0120864
0.163971,0.0120864
0.164572,0.0120864
0.165174,0.0120864
0.165776,0.0120864
0.166378,0.0120864
0.16698,0.0120864
0.167582,0.0120864
0.168184,0.0120864
0.168786,0.0120864
0.169388,0.0120864
0.16999,0.0120864
0.170592,0.0120864
0.171194,0.0120864
0.171796,0.0120864
0.172398,0.0120864
0.173,0.0120864
0.173602,0.0120864
0.174205,0.0120864
0.174807,0.0120864
0.175409,0.0120864
0.176011,0.0120864
0.176613,0.0121461
0.177215,0.0122058
0.177817,0.0122656
0.17842,0.0123253
0.179022,0.0123851
0.179624,0.0124448
0.180226,0.0125046
0.180829,0.0125643
0.181431,0.0126241
0.182033,0.0126838
0.182635,0.0127436
0.183238,0.0128033
0.18384,0.0128631
0.184442,0.0129228
0.185045,0.0129826
0.185647,0.0130423
0.186249,0.0131021
0.186852,0.0131618
0.187454,0.0132216
0.188056,0.0132814
0.188659,0.0133411
0.189261,0.0134009
0.189864,0.0134607
0.190466,0.0135204
0.191069,0.0135802
0.191671,0.01364
0.192273,0.0136997
0.192876,0.0137595
0.193478,0.0138193
0.194081,0.013879
0.194683,0.0139388
0.195286,0.0139986
0.195888,0.0140584
0.196491,0.0141181
0.197094,0.0141779
0.197696,0.0142377
0.198299,0.0142975
0.198901,0.0143573
0.199504,0.014417
0.200107,0.0144768
0.200709,0.0145366
0.201312,0.0145964
0.201914,0.0146562
0.202517,0.014716
0.20312,0.0147758
0.203722,0.0148355
0.204325,0.0148953
0.204928,0.0149551
0.20553,0.0150149
0.206133,0.0150747
0.206736,0.0151345
0.207339,0.0151943
0.207941,0.0152541
0.208544,0.0153139
0.209147,0.0153737
0.20975,0.0154335
0.210352,0.0154933
0.210955,0.0155531
0.211558,0.0156129
0.212161,0.0156727
0.212764,0.0157325
0.213367,0.0157923
0.213969,0.0158521
0.214572,0.0159119
0.215175,0.0159717
0.215778,0.0160316
0.216381,0.0160914
0.216984,0.0161512
0.217587,0.016211
0.21819,0.0162708
0.218793,0.0163306
0.219395,0.0163904
0.219998,0.0164503
0.220601,0.0165101
0.221204,0.0165699
0.221807,0.0166297
0.22241,0.0166895
0.223013,0.0167493
0.223616,0.0168092
0.224219,0.016869
0.224822,0.0169288
0.225425,0.0169886
0.226028,0.0170485
0.226631,0.0171083
0.227234,0.0171681
0.227837,0.0172279
0.228441,0.0172878
0.229044,0.0173476
0.229647,0.0174074
0.23025,0.0174673
0.230853,0.0175271
0.231456,0.0175869
0.232059,0.0176468
0.232662,0.0177066
0.233265,0.0177664
0.233868,0.0178263
0.234472,0.0178861
0.235075,0.0179459
0.235678,0.0180058
0.236281,0.0180656
0.236884,0.0181255
0.237488,0.0181853
0.238091,0.0182452
0.238694,0.018305
0.239297,0.0183648
0.2399,0.0184247
0.240504,0.0184845
0.241107,0.0185444
0.24171,0.0186042
0.242313,0.0186641
0.242917,0.0187239
0.24352,0.0187838
0.244123,0.0188436
0.244726,0.0189035
0.24533,0.0189633
0.245933,0.0190232
0.246536,0.019083
0.24714,0.0191429
0.247743,0.0192027
0.248346,0.0192626
0.24895,0.0193224
0.249553,0.0193823
0.250156,0.0194422
0.25076,0.019502
0.251363,0.0195619
0.251966,0.0196217
0.25257,0.0196816
0.253173,0.0197414
0.253777,0.0198013
0.25438,0.0198612
0.254983,0.019921
0.255587,0.0199809
0.25619,0.0200408
0.256794,0.0201006
0.257397,0.0201605
0.258,0.0202204
0.258604,0.0202802
0.259207,0.0203401
0.259811,0.0204
0.260414,0.0204598
0.261018,0.0205197
0.261621,0.0205796
0.262225,0.0206394
0.262828,0.0206993
0.263432,0.0207592
0.264035,0.020819
0.264639,0.0208789
0.265242,0.0209388
0.265846,0.0209987
0.266449,0.0210585
0.267053,0.0211184
0.267656,0.0211783
0.26826,0.0212382
0.268863,0.021298
0.269467,0.0213579
0.270071,0.0214178
0.270674,0.0214777
0.271278,0.0215376
0.271881,0.0215974
0.272485,0.0216573
0.273088,0.0217172
0.273692,0.0217771
0.274296,0.021837
0.274899,0.0218968
0.275503,0.0219567
0.276106,0.0220166
0.27671,0.0220765
0.277314,0.0221364
0.277917,0.0221963
0.278521,0.0222562
0.279125,0.022316
0.279728,0.0223759
0.280332,0.0224358
0.280935,0.0224957
0.281539,0.0225556
0.282143,0.0226155
0.282746,0.0226754
0.28335,0.0227353
0.283954,0.0227951
0.284557,0.022855
0.285161,0.0229149
0.285765,0.0229748
0.286369,0.0230347
0.286972,0.0230946
0.287576,0.0231545
0.28818,0.0232144
0.288783,0.0232743
0.289387,0.0233342
0.289991,0.0233941
0.290595,0.023454
0.291198,0.0235139
0.291802,0.0235737
0.292406,0.0236336
0.293009,0.0236935
0.293613,0.0237534
0.294217,0.0238133
0.294821,0.0238732
0.295424,0.0239331
0.296028,0.023993
0.296632,0.0240529
0.297236,0.0241128
0.29784,0.0241727
0.298443,0.0242326
0.299047,0.0242925
0.299651,0.0243524
0.300255,0.0244123
0.300858,0.0244722
0.301462,0.0245321
0.302066,0.024592
0.30267,0.0246519
0.303274,0.0247118
0.303877,0.0247717
0.304481,0.0248316
0.305085,0.0248915
0.305689,0.0249514
0.306293,0.0250113
0.306897,0.0250712
0.3075,0.0251312
0.308104,0.0251911
0.308708,0.025251
0.309312,0.0253109
0.309916,0.0253708
0.310519,0.0254307
0.311123,0.0254906
0.311727,0.0255505
0.312331,0.0256104
0.312935,0.0256703
0.313539,0.0257302
0.314143,0.0257901
0.314746,0.02585
0.31535,0.0259099
0.315954,0.0259698
0.316558,0.0260297
0.317162,0.0260897
0.317766,0.0261496
0.31837,0.0262095
0.318973,0.0262694
0.319577,0.0263293
0.320181,0.0263892
0.320785,0.0264491
0.321389,0.026509
0.321993,0.0265689
0.322597,0.0266288
0.323201,0.0266887
0.323804,0.0267487
0.324408,0.0268086
0.325012,0.0268685
0.325616,0.0269284
0.32622,0.0269883
0.326824,0.0270482
0.327428,0.0271081
0.328032,0.027168
0.328636,0.0272279
0.32924,0.0272879
0.329843,0.0273478
0.330447,0.0274077
0.331051,0.0274676
0.331655,0.0275275
0.332259,0.0275874
0.332863,0.0276473
0.333467,0.0277072
0.334071,0.0277672
0.334675,0.0278271
0.335279,0.027887
0.335882,0.0279469
0.336486,0.0280068
0.33709,0.0280667
0.337694,0.0281266
0.338298,0.0281865
0.338902,0.0282465
0.339506,0.0283064
0.34011,0.0283663
0.340714,0.0284262
0.341318,0.0284861
0.341922,0.028546
0.342526,0.0286059
0.343129,0.0286659
0.343733,0.0287258
0.344337,0.0287857
0.344941,0.0288456
0.345545,0.0289055
0.346149,0.0289654
0.346753,0.0290253
0.347368,0.0290852
0.348006,0.0291474
0.348667,0.0292118
0.349353,0.0292786
0.350063,0.0293479
0.3508,0.0294196
0.351562,0.0294939
0.352352,0.0295709
0.353169,0.0296506
0.354015,0.0297331
0.35489,0.0298185
0.355796,0.0299068
0.356732,0.0299981
0.357699,0.0300925
0.358699,0.0301901
0.359732,0.0302908
0.360798,0.0303949
0.361898,0.0305024
0.363034,0.0306133
0.364204,0.0307277
0.365412,0.0308456
0.366655,0.0309672
0.367937,0.0310924
0.369256,0.0312214
0.370613,0.0313541
0.372009,0.0314907
0.373444,0.0316311
0.374919,0.0317755
0.376433,0.0319237
0.377988,0.0320759
0.379582,0.0322322
0.381217,0.0323924
0.382893,0.0325566
0.384608,0.0327248
0.386364,0.032897
0.38816,0.0330732
0.389996,0.0332533
0.391871,0.0334374
0.393786,0.0336254
0.395739,0.0338173
0.397729,0.0340129
0.399757,0.0342123
0.401822,0.0344153
0.403922,0.0346219
0.406057,0.034832
0.408225,0.0350455
0.410425,0.0352622
0.412657,0.0354821
0.414918,0.035705
0.417208,0.0359308
0.419524,0.0361593
0.421866,0.0363904
0.424231,0.0366239
0.426618,0.0368597
0.429024,0.0370975
0.431449,0.0373372
0.43389,0.0375786
0.436344,0.0378214
0.438811,0.0380656
0.441287,0.0383108
0.443771,0.0385569
0.44626,0.0388037
0.448753,0.0390509
0.451247,0.0392983
-0.000298318,0.0278196
0.000298318,0.0278196
0.000894966,0.0278196
0.00149164,0.0278196
0.00208834,0.0278196
0.00268506,0.0278196
0.00328181,0.0278196
0.00387858,0.0278196
0.00447538,0.0278196
0.0050722,0.0278196
0.00566905,0.0278196
0.00626592,0.0278196
0.00686282,0.0278196
0.00745974,0.0278196
0.00805669,0.0278196
0.00865366,0.0278196
0.00925066,0.0278196
0.00984768,0.0278196
0.0104447,0.0278196
0.0110418,0.0278196
0.0116389,0.0278196
0.012236,0.0278196
0.0128331,0.0278196
0.0134303,0.0278196
0.0140275,0.0278196
0.0146247,0.0278196
0.0152219,0.0278196
0.0158192,0.0278196
0.0164165,0.0278196
0.0170138,0.0278196
0.0176111,0.0278196
0.0182085,0.0278196
0.0188059,0.0278196
0.0194033,0.0278196
0.0200007,0.0278196
0.0205982,0.0278196
0.0211956,0.0278196
0.0217931,0.0278196
0.0223907,0.0278196
0.0229882,0.0278196
0.0235858,0.0278196
0.0241834,0.0278196
0.024781,0.0278196
0.0253786,0.0278196
0.0259763,0.0278196
0.026574,0.0278196
0.0271717,0.0278196
0.0277694,0.0278196
0.0283672,0.0278196
0.028965,0.0278196
0.0295628,0.0278196
0.0301606,0.0278196
0.0307585,0.0278196
0.0313563,0.0278196
0.0319542,0.0278196
0.0325521,0.0278196
0.0331501,0.0278196
0.033748,0.0278196
0.034346,0.0278196
0.034944,0.0278196
0.0355421,0.0278196
0.0361401,0.0278196
0.0367382,0.0278196
0.0373363,0.0278196
0.0379344,0.0278196
0.0385326,0.0278196
0.0391307,0.0278196
0.0397289,0.0278196
0.0403271,0.0278196
0.0409254,0.0278196
0.0415236,0.0278196
0.0421219,0.0278196
0.0427202,0.0278196
0.0433185,0.0278196
0.0439169,0.0278196
0.0445152,0.0278196
0.0451136,0.0278196
0.045712,0.0278196
0.0463105,0.0278196
0.0469089,0.0278196
0.0475074,0.0278196
0.0481059,0.0278196
0.0487044,0.0278196
0.0493029,0.0278196
0.0499015,0.0278196
0.0505001,0.0278196
0.0510987,0.0278196
0.0516973,0.0276254
0.052296,0.0274311
0.0528946,0.0272368
0.0534933,0.0270425
0.054092,0.0268481
0.0546908,0.0266538
0.0552895,0.0264595
0.0558883,0.0262652
0.0564871,0.0260708
0.0570859,0.0258765
0.0576848,0.0256821
0.0582836,0.0254878
0.0588825,0.0252934
0.0594814,0.025099
0.0600803,0.0249046
0.0606793,0.0247102
0.0612782,0.0245158
0.0618772,0.0243214
0.0624762,0.024127
0.0630753,0.0239326
0.0636743,0.0237382
0.0642734,0.0235438
0.0648725,0.0233493
0.0654716,0.0231549
0.0660707,0.0229604
0.0666698,0.022766
0.067269,0.0225715
0.0678682,0.022377
0.0684674,0.0221826
0.0690667,0.0219881
0.0696659,0.0217936
0.0702652,0.0215991
0.0708645,0.0214046
0.0714638,0.0212101
0.0720631,0.0210156
0.0726625,0.0208211
0.0732618,0.0206265
0.0738612,0.020432
0.0744606,0.0202375
0.0750601,0.0200429
0.0756595,0.0198484
0.076259,0.0196538
0.0768585,0.0194592
0.077458,0.0192647
0.0780575,0.0190701
0.0786571,0.0188755
0.0792566,0.0186809
0.0798562,0.0184863
0.0804558,0.0182917
0.0810555,0.0180971
0.0816551,0.0179025
0.0822548,0.0177078
0.0828545,0.0175132
0.0834542,0.0173186
0.0840539,0.0171239
0.0846536,0.0169293
0.0852534,0.0167346
0.0858532,0.01654
0.086453,0.0163275
0.0870528,0.0161149
0.0876526,0.0159024
0.0882525,0.0156899
0.0888524,0.0154773
0.0894522,0.0152648
0.0900522,0.0150522
0.0906521,0.0148396
0.091252,0.0146271
0.091852,0.0144145
0.092452,0.0142019
0.093052,0.0139893
0.093652,0.0137767
0.0942521,0.0135641
0.0948521,0.0133515
0.0954522,0.0131389
0.0960523,0.0129262
0.0966524,0.0127136
0.0972526,0.0126957
0.0978527,0.0126779
0.0984529,0.01266
0.0990531,0.0126422
0.0996533,0.0126243
0.100253,0.0126064
0.100854,0.0125886
0.101454,0.0125707
0.102054,0.0125528
0.102655,0.012535
0.103255,0.0125171
0.103855,0.0124992
0.104456,0.0124813
0.105056,0.0124635
0.105656,0.0124456
0.106257,0.0124277
0.106857,0.0124099
0.107458,0.012392
0.108058,0.0123741
0.108659,0.0123563
0.109259,0.0123384
0.109859,0.0123205
0.11046,0.0123205
0.111061,0.0123205
0.111661,0.0123205
0.112262,0.0123205
0.112862,0.0123205
0.113463,0.0123205
0.114064,0.0123205
0.114664,0.0123205
0.115265,0.0123205
0.115866,0.0123205
0.116466,0.0123205
0.117067,0.0123205
0.117668,0.0123205
0.118268,0.0123205
0.118869,0.0123205
0.11947,0.0123205
0.120071,0.0123205
0.120672,0.0123205
0.121272,0.0123205
0.121873,0.0123205
0.122474,0.0123205
0.123075,0.0123205
0.123676,0.0123205
0.124277,0.0123205
0.124878,0.0123205
0.125479,0.0123205
0.12608,0.0123205
0.126681,0.0123205
0.127282,0.0123205
0.127883,0.0123205
0.128484,0.0123205
0.129085,0.0123205
0.129686,0.0123205
0.130287,0.0123205
0.130888,0.0123205
0.131489,0.0123205
0.13209,0.0123205
0.132691,0.0123205
0.133292,0.0123205
0.133893,0.0123205
0.134495,0.0123205
0.135096,0.0123205
0.135697,0.0123205
0.136298,0.0123205
0.1369,0.0123205
0.137501,0.0123205
0.138102,0.0123205
0.138703,0.0123205
0.139305,0.0123205
0.139906,0.0123205
0.140507,0.0123205
0.141109,0.0123205
0.14171,0.0123205
0.142311,0.0123205
0.142913,0.0123205
0.143514,0.0123205
0.144116,0.0123205
0.144717,0.0123205
0.145318,0.0123205
0.14592,0.0123205
0.146521,0.0123205
0.147123,0.0123205
0.147724,0.0123205
0.148326,0.0123205
0.148927,0.0123205
0.149529,0.0123205
0.150131,0.0123205
0.150732,0.0123205
0.151334,0.0123205
0.151935,0.0123205
0.152537,0.0123205
0.153139,0.0123205
0.15374,0.0123205
0.154342,0.0123205
0.154944,0.0123205
0.155545,0.0123205
0.156147,0.0123205
0.156749,0.0123205
0.157351,0.0123205
0.157952,0.0123205
0.158554,0.0123205
0.159156,0.0123205
0.159758,0.0123205
0.160359,0.0123205
0.160961,0.0123205
0.161563,0.0123205
0.162165,0.0123205
0.162767,0.0123205
0.163369,0.0123205
0.163971,0.0123205
0.164572,0.0123205
0.165174,0.0123205
0.165776,0.0123205
0.166378,0.0123205
0.16698,0.0123205
0.167582,0.0123205
0.168184,0.0123205
0.168786,0.0123205
0.169388,0.0123205
0.16999,0.0123205
0.170592,0.0123205
0.171194,0.0123205
0.171796,0.0123205
0.172398,0.0123205
0.173,0.0123205
0.173602,0.0123205
0.174205,0.0123205
0.174807,0.0123205
0.175409,0.0123205
0.176011,0.0123205
0.176613,0.0123814
0.177215,0.0124423
0.177817,0.0125032
0.17842,0.0125641
0.179022,0.012625
0.179624,0.0126859
0.180226,0.0127468
0.180829,0.0128077
0.181431,0.0128686
0.182033,0.0129295
0.182635,0.0129904
0.183238,0.0130513
0.18384,0.0131122
0.184442,0.0131732
0.185045,0.0132341
0.185647,0.013295
0.186249,0.0133559
0.186852,0.0134168
0.187454,0.0134777
0.188056,0.0135387
0.188659,0.0135996
0.189261,0.0136605
0.189864,0.0137214
0.190466,0.0137823
0.191069,0.0138433
0.191671,0.0139042
0.192273,0.0139651
0.192876,0.0140261
0.193478,0.014087
0.194081,0.0141479
0.194683,0.0142088
0.195286,0.0142698
0.195888,0.0143307
0.196491,0.0143916
0.197094,0.0144526
0.197696,0.0145135
0.198299,0.0145745
0.198901,0.0146354
0.199504,0.0146963
0.200107,0.0147573
0.200709,0.0148182
0.201312,0.0148792
0.201914,0.0149401
0.202517,0.0150011
0.20312,0.015062
0.203722,0.0151229
0.204325,0.0151839
0.204928,0.0152448
0.20553,0.0153058
0.206133,0.0153668
0.206736,0.0154277
0.207339,0.0154887
0.207941,0.0155496
0.208544,0.0156106
0.209147,0.0156715
0.20975,0.0157325
0.210352,0.0157934
0.210955,0.0158544
0.211558,0.0159154
0.212161,0.0159763
0.212764,0.0160373
0.213367,0.0160983
0.213969,0.0161592
0.214572,0.0162202
0.215175,0.0162812
0.215778,0.0163421
0.216381,0.0164031
0.216984,0.0164641
0.217587,0.016525
0.21819,0.016586
0.218793,0.016647
0.219395,0.016708
0.219998,0.0167689
0.220601,0.0168299
0.221204,0.0168909
0.221807,0.0169519
0.22241,0.0170128
0.223013,0.0170738
0.223616,0.0171348
0.224219,0.0171958
0.224822,0.0172568
0.225425,0.0173178
0.226028,0.0173787
0.226631,0.0174397
0.227234,0.0175007
0.227837,0.0175617
0.228441,0.0176227
0.229044,0.0176837
0.229647,0.0177447
0.23025,0.0178057
0.230853,0.0178666
0.231456,0.0179276
0.232059,0.0179886
0.232662,0.0180496
0.233265,0.0181106
0.233868,0.0181716
0.234472,0.0182326
0.235075,0.0182936
0.235678,0.0183546
0.236281,0.0184156
0.236884,0.0184766
0.237488,0.0185376
0.238091,0.0185986
0.238694,0.0186596
0.239297,0.0187206
0.2399,0.0187816
0.240504,0.0188426
0.241107,0.0189036
0.24171,0.0189646
0.242313,0.0190256
0.242917,0.0190866
0.24352,0.0191477
0.244123,0.0192087
0.244726,0.0192697
0.24533,0.0193307
0.245933,0.0193917
0.246536,0.0194527
0.24714,0.0195137
0.247743,0.0195747
0.248346,0.0196358
0.24895,0.0196968
0.249553,0.0197578
0.250156,0.0198188
0.25076,0.0198798
0.251363,0.0199408
0.251966,0.0200019
0.25257,0.0200629
0.253173,0.0201239
0.253777,0.0201849
0.25438,0.0202459
0.254983,0.020307
0.255587,0.020368
0.25619,0.020429
0.256794,0.02049
0.257397,0.0205511
0.258,0.0206121
0.258604,0.0206731
0.259207,0.0207341
0.259811,0.0207952
0.260414,0.0208562
0.261018,0.0209172
0.261621,0.0209782
0.262225,0.0210393
0.262828,0.0211003
0.263432,0.0211613
0.264035,0.0212224
0.264639,0.0212834
0.265242,0.0213444
0.265846,0.0214055
0.266449,0.0214665
0.267053,0.0215275
0.267656,0.0215886
0.26826,0.0216496
0.268863,0.0217106
0.269467,0.0217717
0.270071,0.0218327
0.270674,0.0218938
0.271278,0.0219548
0.271881,0.0220158
0.272485,0.0220769
0.273088,0.0221379
0.273692,0.022199
0.274296,0.02226
0.274899,0.022321
0.275503,0.0223821
0.276106,0.0224431
0.27671,0.0225042
0.277314,0.0225652
0.277917,0.0226263
0.278521,0.0226873
0.279125,0.0227484
0.279728,0.0228094
0.280332,0.0228704
0.280935,0.0229315
0.281539,0.0229925
0.282143,0.0230536
0.282746,0.0231146
0.28335,0.0231757
0.283954,0.0232367
0.284557,0.0232978
0.285161,0.0233588
0.285765,0.0234199
0.286369,0.0234809
0.286972,0.023542
0.287576,0.0236031
0.28818,0.0236641
0.288783,0.0237252
0.289387,0.0237862
0.289991,0.0238473
0.290595,0.0239083
0.291198,0.0239694
0.291802,0.0240304
0.292406,0.0240915
0.293009,0.0241525
0.293613,0.0242136
0.294217,0.0242747
0.294821,0.0243357
0.295424,0.0243968
0.296028,0.0244578
0.296632,0.0245189
0.297236,0.02458
0.29784,0.024641
0.298443,0.0247021
0.299047,0.0247631
0.299651,0.0248242
0.300255,0.0248853
0.300858,0.0249463
0.301462,0.0250074
0.302066,0.0250684
0.30267,0.0251295
0.303274,0.0251906
0.303877,0.0252516
0.304481,0.0253127
0.305085,0.0253738
0.305689,0.0254348
0.306293,0.0254959
0.306897,0.0255569
0.3075,0.025618
0.308104,0.0256791
0.308708,0.0257401
0.309312,0.0258012
0.309916,0.0258623
0.310519,0.0259233
0.311123,0.0259844
0.311727,0.0260455
0.312331,0.0261065
0.312935,0.0261676
0.313539,0.0262287
0.314143,0.0262897
0.314746,0.0263508
0.31535,0.0264119
0.315954,0.0264729
0.316558,0.026534
0.317162,0.0265951
0.317766,0.0266561
0.31837,0.0267172
0.318973,0.0267783
0.319577,0.0268394
0.320181,0.0269004
0.320785,0.0269615
0.321389,0.0270226
0.321993,0.0270836
0.322597,0.0271447
0.323201,0.0272058
0.323804,0.0272669
0.324408,0.0273279
0.325012,0.027389
0.325616,0.0274501
0.32622,0.0275111
0.326824,0.0275722
0.327428,0.0276333
0.328032,0.0276944
0.328636,0.0277554
0.32924,0.0278165
0.329843,0.0278776
0.330447,0.0279386
0.331051,0.0279997
0.331655,0.0280608
0.332259,0.0281219
0.332863,0.0281829
0.333467,0.028244
0.334071,0.0283051
0.334675,0.0283662
0.335279,0.0284272
0.335882,0.0284883
0.336486,0.0285494
0.33709,0.0286104
0.337694,0.0286715
0.338298,0.0287326
0.338902,0.0287937
0.339506,0.0288547
0.34011,0.0289158
0.340714,0.0289769
0.341318,0.029038
0.341922,0.029099
0.342526,0.0291601
0.343129,0.0292212
0.343733,0.0292823
0.344337,0.0293433
0.344941,0.0294044
0.345545,0.0294655
0.346149,0.0295266
0.346753,0.0295876
0.347368,0.0296487
0.348006,0.0297121
0.348667,0.0297777
0.349353,0.0298458
0.350063,0.0299164
0.3508,0.0299895
0.351562,0.0300653
0.352352,0.0301438
0.353169,0.030225
0.354015,0.0303091
0.35489,0.0303961
0.355796,0.0304861
0.356732,0.0305792
0.357699,0.0306755
0.358699,0.0307749
0.359732,0.0308777
0.360798,0.0309838
0.361898,0.0310933
0.363034,0.0312063
0.364204,0.0313229
0.365412,0.0314432
0.366655,0.0315671
0.367937,0.0316948
0.369256,0.0318262
0.370613,0.0319615
0.372009,0.0321007
0.373444,0.0322439
0.374919,0.032391
0.376433,0.0325422
0.377988,0.0326973
0.379582,0.0328566
0.381217,0.0330199
0.382893,0.0331873
0.384608,0.0333587
0.386364,0.0335343
0.38816,0.0337139
0.389996,0.0338975
0.391871,0.0340852
0.393786,0.0342768
0.395739,0.0344724
0.397729,0.0346718
0.399757,0.0348751
0.401822,0.035082
0.403922,0.0352926
0.406057,0.0355068
0.408225,0.0357244
0.410425,0.0359453
0.412657,0.0361695
0.414918,0.0363967
0.417208,0.0366269
0.419524,0.0368598
0.421866,0.0370954
0.424231,0.0373334
0.426618,0.0375737
0.429024,0.0378162
0.431449,0.0380605
0.43389,0.0383066
0.436344,0.0385541
0.438811,0.038803
0.441287,0.039053
0.443771,0.0393039
0.44626,0.0395554
0.448753,0.0398074
0.451247,0.0400596
-0.000298318,0.028272
0.000298318,0.028272
0.000894966,0.028272
0.00149164,0.028272
0.00208834,0.028272
0.00268506,0.028272
0.00328181,0.028272
0.00387858,0.028272
0.00447538,0.028272
0.0050722,0.028272
0.00566905,0.028272
0.00626592,0.028272
0.00686282,0.028272
0.00745974,0.028272
0.00805669,0.028272
0.00865366,0.028272
0.00925066,0.028272
0.00984768,0.028272
0.0104447,0.028272
0.0110418,0.028272
0.0116389,0.028272
0.012236,0.028272
0.0128331,0.028272
0.0134303,0.028272
0.0140275,0.028272
0.0146247,0.028272
0.0152219,0.028272
0.0158192,0.028272
0.0164165,0.028272
0.0170138,0.028272
0.0176111,0.028272
0.0182085,0.028272
0.0188059,0.028272
0.0194033,0.028272
0.0200007,0.028272
0.0205982,0.028272
0.0211956,0.028272
0.0217931,0.028272
0.0223907,0.028272
0.0229882,0.028272
0.0235858,0.028272
0.0241834,0.028272
0.024781,0.028272
0.0253786,0.028272
0.0259763,0.028272
0.026574,0.028272
0.0271717,0.028272
0.0277694,0.028272
0.0283672,0.028272
0.028965,0.028272
0.0295628,0.028272
0.0301606,0.028272
0.0307585,0.028272
0.0313563,0.028272
0.0319542,0.028272
0.0325521,0.028272
0.0331501,0.028272
0.033748,0.028272
0.034346,0.028272
0.034944,0.028272
0.0355421,0.028272
0.0361401,0.028272
0.0367382,0.028272
0.0373363,0.028272
0.0379344,0.028272
0.0385326,0.028272
0.0391307,0.028272
0.0397289,0.028272
0.0403271,0.028272
0.0409254,0.028272
0.0415236,0.028272
0.0421219,0.028272
0.0427202,0.028272
0.0433185,0.028272
0.0439169,0.028272
0.0445152,0.028272
0.0451136,0.028272
0.045712,0.028272
0.0463105,0.028272
0.0469089,0.028272
0.0475074,0.028272
0.0481059,0.028272
0.0487044,0.028272
0.0493029,0.028272
0.0499015,0.028272
0.0505001,0.028272
0.0510987,0.028272
0.0516973,0.028074
0.052296,0.0278761
0.0528946,0.0276781
0.0534933,0.0274801
0.054092,0.0272821
0.0546908,0.0270841
0.0552895,0.026886
0.0558883,0.026688
0.0564871,0.02649
0.0570859,0.0262919
0.0576848,0.0260939
0.0582836,0.0258958
0.0588825,0.0256978
0.0594814,0.0254997
0.0600803,0.0253016
0.0606793,0.0251036
0.0612782,0.0249055
0.0618772,0.0247074
0.0624762,0.0245093
0.0630753,0.0243112
0.0636743,0.0241131
0.0642734,0.0239149
0.0648725,0.0237168
0.0654716,0.0235187
0.0660707,0.0233205
0.0666698,0.0231224
0.067269,0.0229242
0.0678682,0.0227261
0.0684674,0.0225279
0.0690667,0.0223297
0.0696659,0.0221315
0.0702652,0.0219333
0.0708645,0.0217351
0.0714638,0.0215369
0.0720631,0.0213387
0.0726625,0.0211405
0.0732618,0.0209423
0.0738612,0.0207441
0.0744606,0.0205458
0.0750601,0.0203476
0.0756595,0.0201493
0.076259,0.0199511
0.0768585,0.0197528
0.077458,0.0195546
0.0780575,0.0193563
0.0786571,0.019158
0.0792566,0.0189597
0.0798562,0.0187614
0.0804558,0.0185631
0.0810555,0.0183648
0.0816551,0.0181665
0.0822548,0.0179682
0.0828545,0.0177699
0.0834542,0.0175715
0.0840539,0.0173732
0.0846536,0.0171748
0.0852534,0.0169765
0.0858532,0.0167781
0.086453,0.0165635
0.0870528,0.0163488
0.0876526,0.0161341
0.0882525,0.0159195
0.0888524,0.0157048
0.0894522,0.0154901
0.0900522,0.0152754
0.0906521,0.0150607
0.091252,0.014846
0.091852,0.0146312
0.092452,0.0144165
0.093052,0.0142018
0.093652,0.0139871
0.0942521,0.0137723
0.0948521,0.0135576
0.0954522,0.0133428
0.0960523,0.013128
0.0966524,0.0129133
0.0972526,0.012897
0.0978527,0.0128807
0.0984529,0.0128644
0.0990531,0.012848
0.0996533,0.0128317
0.100253,0.0128154
0.100854,0.0127991
0.101454,0.0127828
0.102054,0.0127665
0.102655,0.0127502
0.103255,0.0127339
0.103855,0.0127176
0.104456,0.0127013
0.105056,0.012685
0.105656,0.0126687
0.106257,0.0126524
0.106857,0.0126361
0.107458,0.0126197
0.108058,0.0126034
0.108659,0.0125871
0.109259,0.0125708
0.109859,0.0125545
0.11046,0.0125545
0.111061,0.0125545
0.111661,0.0125545
0.112262,0.0125545
0.112862,0.0125545
0.113463,0.0125545
0.114064,0.0125545
0.114664,0.0125545
0.115265,0.0125545
0.115866,0.0125545
0.116466,0.0125545
0.117067,0.0125545
0.117668,0.0125545
0.118268,0.0125545
0.118869,0.0125545
0.11947,0.0125545
0.120071,0.0125545
0.120672,0.0125545
0.121272,0.0125545
0.121873,0.0125545
0.122474,0.0125545
0.123075,0.0125545
0.123676,0.0125545
0.124277,0.0125545
0.124878,0.0125545
0.125479,0.0125545
0.12608,0.0125545
0.126681,0.0125545
0.127282,0.0125545
0.127883,0.0125545
0.128484,0.0125545
0.129085,0.0125545
0.129686,0.0125545
0.130287,0.0125545
0.130888,0.0125545
0.131489,0.0125545
0.13209,0.0125545
0.132691,0.0125545
0.133292,0.0125545
0.133893,0.0125545
0.134495,0.0125545
0.135096,0.0125545
0.135697,0.0125545
0.136298,0.0125545
0.1369,0.0125545
0.137501,0.0125545
0.138102,0.0125545
0.138703,0.0125545
0.139305,0.0125545
0.139906,0.0125545
0.140507,0.0125545
0.141109,0.0125545
0.14171,0.0125545
0.142311,0.0125545
0.142913,0.0125545
0.143514,0.0125545
0.144116,0.0125545
0.144717,0.0125545
0.145318,0.0125545
0.14592,0.0125545
0.146521,0.0125545
0.147123,0.0125545
0.147724,0.0125545
0.148326,0.0125545
0.148927,0.0125545
0.149529,0.0125545
0.150131,0.0125545
0.150732,0.0125545
0.151334,0.0125545
0.151935,0.0125545
0.152537,0.0125545
0.153139,0.0125545
0.15374,0.0125545
0.154342,0.0125545
0.154944,0.0125545
0.155545,0.0125545
0.156147,0.0125545
0.156749,0.0125545
0.157351,0.0125545
0.157952,0.0125545
0.158554,0.0125545
0.159156,0.0125545
0.159758,0.0125545
0.160359,0.0125545
0.160961,0.0125545
0.161563,0.0125545
0.162165,0.0125545
0.162767,0.0125545
0.163369,0.0125545
0.163971,0.0125545
0.164572,0.0125545
0.165174,0.0125545
0.165776,0.0125545
0.166378,0.0125545
0.16698,0.0125545
0.167582,0.0125545
0.168184,0.0125545
0.168786,0.0125545
0.169388,0.0125545
0.16999,0.0125545
0.170592,0.0125545
0.171194,0.0125545
0.171796,0.0125545
0.172398,0.0125545
0.173,0.0125545
0.173602,0.0125545
0.174205,0.0125545
0.174807,0.0125545
0.175409,0.0125545
0.176011,0.0125545
0.176613,0.0126165
0.177215,0.0126786
0.177817,0.0127407
0.17842,0.0128027
0.179022,0.0128648
0.179624,0.0129268
0.180226,0.0129889
0.180829,0.0130509
0.181431,0.013113
0.182033,0.0131751
0.182635,0.0132371
0.183238,0.0132992
0.18384,0.0133613
0.184442,0.0134233
0.185045,0.0134854
0.185647,0.0135475
0.186249,0.0136096
0.186852,0.0136716
0.187454,0.0137337
0.188056,0.0137958
0.188659,0.0138579
0.189261,0.0139199
0.189864,0.013982
0.190466,0.0140441
0.191069,0.0141062
0.191671,0.0141683
0.192273,0.0142303
0.192876,0.0142924
0.193478,0.0143545
0.194081,0.0144166
0.194683,0.0144787
0.195286,0.0145408
0.195888,0.0146029
0.196491,0.014665
0.197094,0.0147271
0.197696,0.0147892
0.198299,0.0148512
0.198901,0.0149133
0.199504,0.0149754
0.200107,0.0150375
0.200709,0.0150996
0.201312,0.0151617
0.201914,0.0152238
0.202517,0.0152859
0.20312,0.0153481
0.203722,0.0154102
0.204325,0.0154723
0.204928,0.0155344
0.20553,0.0155965
0.206133,0.0156586
0.206736,0.0157207
0.207339,0.0157828
0.207941,0.0158449
0.208544,0.015907
0.209147,0.0159692
0.20975,0.0160313
0.210352,0.0160934
0.210955,0.0161555
0.211558,0.0162176
0.212161,0.0162797
0.212764,0.0163419
0.213367,0.016404
0.213969,0.0164661
0.214572,0.0165282
0.215175,0.0165904
0.215778,0.0166525
0.216381,0.0167146
0.216984,0.0167767
0.217587,0.0168389
0.21819,0.016901
0.218793,0.0169631
0.219395,0.0170253
0.219998,0.0170874
0.220601,0.0171495
0.221204,0.0172117
0.221807,0.0172738
0.22241,0.0173359
0.223013,0.0173981
0.223616,0.0174602
0.224219,0.0175224
0.224822,0.0175845
0.225425,0.0176466
0.226028,0.0177088
0.226631,0.0177709
0.227234,0.0178331
0.227837,0.0178952
0.228441,0.0179574
0.229044,0.0180195
0.229647,0.0180817
0.23025,0.0181438
0.230853,0.018206
0.231456,0.0182681
0.232059,0.0183303
0.232662,0.0183924
0.233265,0.0184546
0.233868,0.0185167
0.234472,0.0185789
0.235075,0.018641
0.235678,0.0187032
0.236281,0.0187653
0.236884,0.0188275
0.237488,0.0188897
0.238091,0.0189518
0.238694,0.019014
0.239297,0.0190761
0.2399,0.0191383
0.240504,0.0192005
0.241107,0.0192626
0.24171,0.0193248
0.242313,0.019387
0.242917,0.0194491
0.24352,0.0195113
0.244123,0.0195735
0.244726,0.0196356
0.24533,0.0196978
0.245933,0.01976
0.246536,0.0198221
0.24714,0.0198843
0.247743,0.0199465
0.248346,0.0200087
0.24895,0.0200708
0.249553,0.020133
0.250156,0.0201952
0.25076,0.0202574
0.251363,0.0203195
0.251966,0.0203817
0.25257,0.0204439
0.253173,0.0205061
0.253777,0.0205683
0.25438,0.0206304
0.254983,0.0206926
0.255587,0.0207548
0.25619,0.020817
0.256794,0.0208792
0.257397,0.0209414
0.258,0.0210035
0.258604,0.0210657
0.259207,0.0211279
0.259811,0.0211901
0.260414,0.0212523
0.261018,0.0213145
0.261621,0.0213767
0.262225,0.0214388
0.262828,0.021501
0.263432,0.0215632
0.264035,0.0216254
0.264639,0.0216876
0.265242,0.0217498
0.265846,0.021812
0.266449,0.0218742
0.267053,0.0219364
0.267656,0.0219986
0.26826,0.0220608
0.268863,0.022123
0.269467,0.0221852
0.270071,0.0222474
0.270674,0.0223096
0.271278,0.0223718
0.271881,0.022434
0.272485,0.0224962
0.273088,0.0225584
0.273692,0.0226206
0.274296,0.0226828
0.274899,0.022745
0.275503,0.0228072
0.276106,0.0228694
0.27671,0.0229316
0.277314,0.0229938
0.277917,0.023056
0.278521,0.0231182
0.279125,0.0231804
0.279728,0.0232426
0.280332,0.0233048
0.280935,0.023367
0.281539,0.0234292
0.282143,0.0234914
0.282746,0.0235536
0.28335,0.0236158
0.283954,0.023678
0.284557,0.0237403
0.285161,0.0238025
0.285765,0.0238647
0.286369,0.0239269
0.286972,0.0239891
0.287576,0.0240513
0.28818,0.0241135
0.288783,0.0241757
0.289387,0.024238
0.289991,0.0243002
0.290595,0.0243624
0.291198,0.0244246
0.291802,0.0244868
0.292406,0.024549
0.293009,0.0246112
0.293613,0.0246735
0.294217,0.0247357
0.294821,0.0247979
0.295424,0.0248601
0.296028,0.0249223
0.296632,0.0249845
0.297236,0.0250468
0.29784,0.025109
0.298443,0.0251712
0.299047,0.0252334
0.299651,0.0252956
0.300255,0.0253579
0.300858,0.0254201
0.301462,0.0254823
0.302066,0.0255445
0.30267,0.0256067
0.303274,0.025669
0.303877,0.0257312
0.304481,0.0257934
0.305085,0.0258556
0.305689,0.0259179
0.306293,0.0259801
0.306897,0.0260423
0.3075,0.0261045
0.308104,0.0261668
0.308708,0.026229
0.309312,0.0262912
0.309916,0.0263534
0.310519,0.0264157
0.311123,0.0264779
0.311727,0.0265401
0.312331,0.0266023
0.312935,0.0266646
0.313539,0.0267268
0.314143,0.026789
0.314746,0.0268513
0.31535,0.0269135
0.315954,0.0269757
0.316558,0.0270379
0.317162,0.0271002
0.317766,0.0271624
0.31837,0.0272246
0.318973,0.0272869
0.319577,0.0273491
0.320181,0.0274113
0.320785,0.0274735
0.321389,0.0275358
0.321993,0.027598
0.322597,0.0276602
0.323201,0.0277225
0.323804,0.0277847
0.324408,0.0278469
0.325012,0.0279092
0.325616,0.0279714
0.32622,0.0280336
0.326824,0.0280959
0.327428,0.0281581
0.328032,0.0282203
0.328636,0.0282825
0.32924,0.0283448
0.329843,0.028407
0.330447,0.0284692
0.331051,0.0285315
0.331655,0.0285937
0.332259,0.0286559
0.332863,0.0287182
0.333467,0.0287804
0.334071,0.0288426
0.334675,0.0289049
0.335279,0.0289671
0.335882,0.0290293
0.336486,0.0290916
0.33709,0.0291538
0.337694,0.029216
0.338298,0.0292783
0.338902,0.0293405
0.339506,0.0294027
0.34011,0.029465
0.340714,0.0295272
0.341318,0.0295894
0.341922,0.0296517
0.342526,0.0297139
0.343129,0.0297761
0.343733,0.0298384
0.344337,0.0299006
0.344941,0.0299629
0.345545,0.0300251
0.346149,0.0300873
0.346753,0.0301496
0.347368,0.0302118
0.348006,0.0302763
0.348667,0.0303433
0.349353,0.0304127
0.350063,0.0304846
0.3508,0.0305591
0.351562,0.0306363
0.352352,0.0307162
0.353169,0.030799
0.354015,0.0308847
0.35489,0.0309734
0.355796,0.0310651
0.356732,0.03116
0.357699,0.031258
0.358699,0.0313594
0.359732,0.0314641
0.360798,0.0315722
0.361898,0.0316838
0.363034,0.031799
0.364204,0.0319178
0.365412,0.0320403
0.366655,0.0321666
0.367937,0.0322967
0.369256,0.0324307
0.370613,0.0325685
0.372009,0.0327104
0.373444,0.0328563
0.374919,0.0330062
0.376433,0.0331602
0.377988,0.0333183
0.379582,0.0334806
0.381217,0.033647
0.382893,0.0338176
0.384608,0.0339923
0.386364,0.0341712
0.38816,0.0343542
0.389996,0.0345413
0.391871,0.0347325
0.393786,0.0349278
0.395739,0.0351271
0.397729,0.0353303
0.399757,0.0355374
0.401822,0.0357483
0.403922,0.0359629
0.406057,0.0361811
0.408225,0.0364029
0.410425,0.036628
0.412657,0.0368564
0.414918,0.0370879
0.417208,0.0373225
0.419524,0.0375598
0.421866,0.0377999
0.424231,0.0380424
0.426618,0.0382873
0.429024,0.0385344
0.431449,0.0387833
0.43389,0.0390341
0.436344,0.0392863
0.438811,0.03954
0.441287,0.0397947
0.443771,0.0400503
0.44626,0.0403066
0.448753,0.0405634
0.451247,0.0408204
-0.000298318,0.0287241
0.000298318,0.0287241
0.000894966,0.0287241
0.00149164,0.0287241
0.00208834,0.0287241
0.00268506,0.0287241
0.00328181,0.0287241
0.00387858,0.0287241
0.00447538,0.0287241
0.0050722,0.0287241
0.00566905,0.0287241
0.00626592,0.0287241
0.00686282,0.0287241
0.00745974,0.0287241
0.00805669,0.0287241
0.00865366,0.0287241
0.00925066,0.0287241
0.00984768,0.0287241
0.0104447,0.0287241
0.0110418,0.0287241
0.0116389,0.0287241
0.012236,0.0287241
0.0128331,0.0287241
0.0134303,0.0287241
0.0140275,0.0287241
0.0146247,0.0287241
0.0152219,0.0287241
0.0158192,0.0287241
0.0164165,0.0287241
0.0170138,0.0287241
0.0176111,0.0287241
0.0182085,0.0287241
0.0188059,0.0287241
0.0194033,0.0287241
0.0200007,0.0287241
0.0205982,0.0287241
0.0211956,0.0287241
0.0217931,0.0287241
0.0223907,0.0287241
0.0229882,0.0287241
0.0235858,0.0287241
0.0241834,0.0287241
0.024781,0.0287241
0.0253786,0.0287241
0.0259763,0.0287241
0.026574,0.0287241
0.0271717,0.0287241
0.0277694,0.0287241
0.0283672,0.0287241
0.028965,0.0287241
0.0295628,0.0287241
0.0301606,0.0287241
0.0307585,0.0287241
0.0313563,0.0287241
0.0319542,0.0287241
0.0325521,0.0287241
0.0331501,0.0287241
0.033748,0.0287241
0.034346,0.0287241
0.034944,0.0287241
0.0355421,0.0287241
0.0361401,0.0287241
0.0367382,0.0287241
0.0373363,0.0287241
0.0379344,0.0287241
0.0385326,0.0287241
0.0391307,0.0287241
0.0397289,0.0287241
0.0403271,0.0287241
0.0409254,0.0287241
0.0415236,0.0287241
0.0421219,0.0287241
0.0427202,0.0287241
0.0433185,0.0287241
0.0439169,0.0287241
0.0445152,0.0287241
0.0451136,0.0287241
0.045712,0.0287241
0.0463105,0.0287241
0.0469089,0.0287241
0.0475074,0.0287241
0.0481059,0.0287241
0.0487044,0.0287241
0.0493029,0.0287241
0.0499015,0.0287241
0.0505001,0.0287241
0.0510987,0.0287241
0.0516973,0.0285224
0.052296,0.0283207
0.0528946,0.0281191
0.0534933,0.0279174
0.054092,0.0277157
0.0546908,0.027514
0.0552895,0.0273123
0.0558883,0.0271106
0.0564871,0.0269088
0.0570859,0.0267071
0.0576848,0.0265054
0.0582836,0.0263036
0.0588825,0.0261019
0.0594814,0.0259001
0.0600803,0.0256984
0.0606793,0.0254966
0.0612782,0.0252948
0.0618772,0.025093
0.0624762,0.0248913
0.0630753,0.0246895
0.0636743,0.0244877
0.0642734,0.0242858
0.0648725,0.024084
0.0654716,0.0238822
0.0660707,0.0236804
0.0666698,0.0234785
0.067269,0.0232767
0.0678682,0.0230748
0.0684674,0.022873
0.0690667,0.0226711
0.0696659,0.0224692
0.0702652,0.0222673
0.0708645,0.0220655
0.0714638,0.0218636
0.0720631,0.0216617
0.0726625,0.0214598
0.0732618,0.0212578
0.0738612,0.0210559
0.0744606,0.020854
0.0750601,0.0206521
0.0756595,0.0204501
0.076259,0.0202482
0.0768585,0.0200462
0.077458,0.0198443
0.0780575,0.0196423
0.0786571,0.0194403
0.0792566,0.0192383
0.0798562,0.0190363
0.0804558,0.0188344
0.0810555,0.0186324
0.0816551,0.0184303
0.0822548,0.0182283
0.0828545,0.0180263
0.0834542,0.0178243
0.0840539,0.0176223
0.0846536,0.0174202
0.0852534,0.0172182
0.0858532,0.0170161
0.086453,0.0167993
0.0870528,0.0165825
0.0876526,0.0163657
0.0882525,0.0161489
0.0888524,0.0159321
0.0894522,0.0157152
0.0900522,0.0154984
0.0906521,0.0152816
0.091252,0.0150647
0.091852,0.0148479
0.092452,0.014631
0.093052,0.0144141
0.093652,0.0141973
0.0942521,0.0139804
0.0948521,0.0137635
0.0954522,0.0135466
0.0960523,0.0133297
0.0966524,0.0131128
0.0972526,0.013098
0.0978527,0.0130833
0.0984529,0.0130685
0.0990531,0.0130538
0.0996533,0.0130391
0.100253,0.0130243
0.100854,0.0130096
0.101454,0.0129948
0.102054,0.0129801
0.102655,0.0129653
0.103255,0.0129506
0.103855,0.0129358
0.104456,0.0129211
0.105056,0.0129063
0.105656,0.0128916
0.106257,0.0128768
0.106857,0.0128621
0.107458,0.0128473
0.108058,0.0128326
0.108659,0.0128178
0.109259,0.0128031
0.109859,0.0127883
0.11046,0.0127883
0.111061,0.0127883
0.111661,0.0127883
0.112262,0.0127883
0.112862,0.0127883
0.113463,0.0127883
0.114064,0.0127883
0.114664,0.0127883
0.115265,0.0127883
0.115866,0.0127883
0.116466,0.0127883
0.117067,0.0127883
0.117668,0.0127883
0.118268,0.0127883
0.118869,0.0127883
0.11947,0.0127883
0.120071,0.0127883
0.120672,0.0127883
0.121272,0.0127883
0.121873,0.0127883
0.122474,0.0127883
0.123075,0.0127883
0.123676,0.0127883
0.124277,0.0127883
0.124878,0.0127883
0.125479,0.0127883
0.12608,0.0127883
0.126681,0.0127883
0.127282,0.0127883
0.127883,0.0127883
0.128484,0.0127883
0.129085,0.0127883
0.129686,0.0127883
0.130287,0.0127883
0.130888,0.0127883
0.131489,0.0127883
0.13209,0.0127883
0.132691,0.0127883
0.133292,0.0127883
0.133893,0.0127883
0.134495,0.0127883
0.135096,0.0127883
0.135697,0.0127883
0.136298,0.0127883
0.1369,0.0127883
0.137501,0.0127883
0.138102,0.0127883
0.138703,0.0127883
0.139305,0.0127883
0.139906,0.0127883
0.140507,0.0127883
0.141109,0.0127883
0.14171,0.0127883
0.142311,0.0127883
0.142913,0.0127883
0.143514,0.0127883
0.144116,0.0127883
0.144717,0.0127883
0.145318,0.0127883
0.14592,0.0127883
0.146521,0.0127883
0.147123,0.0127883
0.147724,0.0127883
0.148326,0.0127883
0.148927,0.0127883
0.149529,0.0127883
0.150131,0.0127883
0.150732,0.0127883
0.151334,0.0127883
0.151935,0.0127883
0.152537,0.0127883
0.153139,0.0127883
0.15374,0.0127883
0.154342,0.0127883
0.154944,0.0127883
0.155545,0.0127883
0.156147,0.0127883
0.156749,0.0127883
0.157351,0.0127883
0.157952,0.0127883
0.158554,0.0127883
0.159156,0.0127883
0.159758,0.0127883
0.160359,0.0127883
0.160961,0.0127883
0.161563,0.0127883
0.162165,0.0127883
0.162767,0.0127883
0.163369,0.0127883
0.163971,0.0127883
0.164572,0.0127883
0.165174,0.0127883
0.165776,0.0127883
0.166378,0.0127883
0.16698,0.0127883
0.167582,0.0127883
0.168184,0.0127883
0.168786,0.0127883
0.169388,0.0127883
0.16999,0.0127883
0.170592,0.0127883
0.171194,0.0127883
0.171796,0.0127883
0.172398,0.0127883
0.173,0.0127883
0.173602,0.0127883
0.174205,0.0127883
0.174807,0.0127883
0.175409,0.0127883
0.176011,0.0127883
0.176613,0.0128515
0.177215,0.0129147
0.177817,0.0129779
0.17842,0.0130412
0.179022,0.0131044
0.179624,0.0131676
0.180226,0.0132308
0.180829,0.013294
0.181431,0.0133572
0.182033,0.0134205
0.182635,0.0134837
0.183238,0.0135469
0.18384,0.0136101
0.184442,0.0136733
0.185045,0.0137366
0.185647,0.0137998
0.186249,0.013863
0.186852,0.0139263
0.187454,0.0139895
0.188056,0.0140527
0.188659,0.014116
0.189261,0.0141792
0.189864,0.0142424
0.190466,0.0143057
0.191069,0.0143689
0.191671,0.0144321
0.192273,0.0144954
0.192876,0.0145586
0.193478,0.0146219
0.194081,0.0146851
0.194683,0.0147484
0.195286,0.0148116
0.195888,0.0148748
0.196491,0.0149381
0.197094,0.0150013
0.197696,0.0150646
0.198299,0.0151278
0.198901,0.0151911
0.199504,0.0152544
0.200107,0.0153176
0.200709,0.0153809
0.201312,0.0154441
0.201914,0.0155074
0.202517,0.0155706
0.20312,0.0156339
0.203722,0.0156972
0.204325,0.0157604
0.204928,0.0158237
0.20553,0.015887
0.206133,0.0159502
0.206736,0.0160135
0.207339,0.0160768
0.207941,0.01614
0.208544,0.0162033
0.209147,0.0162666
0.20975,0.0163298
0.210352,0.0163931
0.210955,0.0164564
0.211558,0.0165197
0.212161,0.016583
0.212764,0.0166462
0.213367,0.0167095
0.213969,0.0167728
0.214572,0.0168361
0.215175,0.0168994
0.215778,0.0169626
0.216381,0.0170259
0.216984,0.0170892
0.217587,0.0171525
0.21819,0.0172158
0.218793,0.0172791
0.219395,0.0173424
0.219998,0.0174057
0.220601,0.0174689
0.221204,0.0175322
0.221807,0.0175955
0.22241,0.0176588
0.223013,0.0177221
0.223616,0.0177854
0.224219,0.0178487
0.224822,0.017912
0.225425,0.0179753
0.226028,0.0180386
0.226631,0.0181019
0.227234,0.0181652
0.227837,0.0182285
0.228441,0.0182918
0.229044,0.0183551
0.229647,0.0184184
0.23025,0.0184817
0.230853,0.018545
0.231456,0.0186083
0.232059,0.0186717
0.232662,0.018735
0.233265,0.0187983
0.233868,0.0188616
0.234472,0.0189249
0.235075,0.0189882
0.235678,0.0190515
0.236281,0.0191148
0.236884,0.0191782
0.237488,0.0192415
0.238091,0.0193048
0.238694,0.0193681
0.239297,0.0194314
0.2399,0.0194948
0.240504,0.0195581
0.241107,0.0196214
0.24171,0.0196847
0.242313,0.019748
0.242917,0.0198114
0.24352,0.0198747
0.244123,0.019938
0.244726,0.0200013
0.24533,0.0200647
0.245933,0.020128
0.246536,0.0201913
0.24714,0.0202547
0.247743,0.020318
0.248346,0.0203813
0.24895,0.0204447
0.249553,0.020508
0.250156,0.0205713
0.25076,0.0206346
0.251363,0.020698
0.251966,0.0207613
0.25257,0.0208247
0.253173,0.020888
0.253777,0.0209513
0.25438,0.0210147
0.254983,0.021078
0.255587,0.0211413
0.25619,0.0212047
0.256794,0.021268
0.257397,0.0213314
0.258,0.0213947
0.258604,0.0214581
0.259207,0.0215214
0.259811,0.0215847
0.260414,0.0216481
0.261018,0.0217114
0.261621,0.0217748
0.262225,0.0218381
0.262828,0.0219015
0.263432,0.0219648
0.264035,0.0220282
0.264639,0.0220915
0.265242,0.0221549
0.265846,0.0222182
0.266449,0.0222816
0.267053,0.0223449
0.267656,0.0224083
0.26826,0.0224716
0.268863,0.022535
0.269467,0.0225984
0.270071,0.0226617
0.270674,0.0227251
0.271278,0.0227884
0.271881,0.0228518
0.272485,0.0229151
0.273088,0.0229785
0.273692,0.0230419
0.274296,0.0231052
0.274899,0.0231686
0.275503,0.0232319
0.276106,0.0232953
0.27671,0.0233587
0.277314,0.023422
0.277917,0.0234854
0.278521,0.0235487
0.279125,0.0236121
0.279728,0.0236755
0.280332,0.0237388
0.280935,0.0238022
0.281539,0.0238656
0.282143,0.0239289
0.282746,0.0239923
0.28335,0.0240557
0.283954,0.024119
0.284557,0.0241824
0.285161,0.0242458
0.285765,0.0243091
0.286369,0.0243725
0.286972,0.0244359
0.287576,0.0244993
0.28818,0.0245626
0.288783,0.024626
0.289387,0.0246894
0.289991,0.0247527
0.290595,0.0248161
0.291198,0.0248795
0.291802,0.0249429
0.292406,0.0250062
0.293009,0.0250696
0.293613,0.025133
0.294217,0.0251964
0.294821,0.0252597
0.295424,0.0253231
0.296028,0.0253865
0.296632,0.0254499
0.297236,0.0255132
0.29784,0.0255766
0.298443,0.02564
0.299047,0.0257034
0.299651,0.0257668
0.300255,0.0258301
0.300858,0.0258935
0.301462,0.0259569
0.302066,0.0260203
0.30267,0.0260837
0.303274,0.026147
0.303877,0.0262104
0.304481,0.0262738
0.305085,0.0263372
0.305689,0.0264006
0.306293,0.026464
0.306897,0.0265273
0.3075,0.0265907
0.308104,0.0266541
0.308708,0.0267175
0.309312,0.0267809
0.309916,0.0268443
0.310519,0.0269076
0.311123,0.026971
0.311727,0.0270344
0.312331,0.0270978
0.312935,0.0271612
0.313539,0.0272246
0.314143,0.027288
0.314746,0.0273513
0.31535,0.0274147
0.315954,0.0274781
0.316558,0.0275415
0.317162,0.0276049
0.317766,0.0276683
0.31837,0.0277317
0.318973,0.0277951
0.319577,0.0278584
0.320181,0.0279218
0.320785,0.0279852
0.321389,0.0280486
0.321993,0.028112
0.322597,0.0281754
0.323201,0.0282388
0.323804,0.0283022
0.324408,0.0283656
0.325012,0.028429
0.325616,0.0284923
0.32622,0.0285557
0.326824,0.0286191
0.327428,0.0286825
0.328032,0.0287459
0.328636,0.0288093
0.32924,0.0288727
0.329843,0.0289361
0.330447,0.0289995
0.331051,0.0290629
0.331655,0.0291263
0.332259,0.0291896
0.332863,0.029253
0.333467,0.0293164
0.334071,0.0293798
0.334675,0.0294432
0.335279,0.0295066
0.335882,0.02957
0.336486,0.0296334
0.33709,0.0296968
0.337694,0.0297602
0.338298,0.0298236
0.338902,0.029887
0.339506,0.0299504
0.34011,0.0300137
0.340714,0.0300771
0.341318,0.0301405
0.341922,0.0302039
0.342526,0.0302673
0.343129,0.0303307
0.343733,0.0303941
0.344337,0.0304575
0.344941,0.0305209
0.345545,0.0305843
0.346149,0.0306477
0.346753,0.0307111
0.347368,0.0307745
0.348006,0.0308402
0.348667,0.0309084
0.349353,0.0309791
0.350063,0.0310523
0.3508,0.0311282
0.351562,0.0312069
0.352352,0.0312883
0.353169,0.0313727
0.354015,0.0314599
0.35489,0.0315503
0.355796,0.0316437
0.356732,0.0317403
0.357699,0.0318402
0.358699,0.0319434
0.359732,0.0320501
0.360798,0.0321602
0.361898,0.0322739
0.363034,0.0323912
0.364204,0.0325123
0.365412,0.0326371
0.366655,0.0327657
0.367937,0.0328982
0.369256,0.0330347
0.370613,0.0331751
0.372009,0.0333196
0.373444,0.0334682
0.374919,0.0336209
0.376433,0.0337778
0.377988,0.0339389
0.379582,0.0341041
0.381217,0.0342736
0.382893,0.0344474
0.384608,0.0346254
0.386364,0.0348076
0.38816,0.034994
0.389996,0.0351846
0.391871,0.0353794
0.393786,0.0355783
0.395739,0.0357813
0.397729,0.0359883
0.399757,0.0361993
0.401822,0.0364141
0.403922,0.0366327
0.406057,0.036855
0.408225,0.0370808
0.410425,0.0373102
0.412657,0.0375428
0.414918,0.0377787
0.417208,0.0380176
0.419524,0.0382594
0.421866,0.0385039
0.424231,0.038751
0.426618,0.0390004
0.429024,0.039252
0.431449,0.0395057
0.43389,0.0397611
0.436344,0.040018
0.438811,0.0402764
0.441287,0.0405359
0.443771,0.0407962
0.44626,0.0410573
0.448753,0.0413189
0.451247,0.0415807
-0.000298318,0.0291758
0.000298318,0.0291758
0.000894966,0.0291758
0.00149164,0.0291758
0.00208834,0.0291758
0.00268506,0.0291758
0.00328181,0.0291758
0.00387858,0.0291758
0.00447538,0.0291758
0.0050722,0.0291758
0.00566905,0.0291758
0.00626592,0.0291758
0.00686282,0.0291758
0.00745974,0.0291758
0.00805669,0.0291758
0.00865366,0.0291758
0.00925066,0.0291758
0.00984768,0.0291758
0.0104447,0.0291758
0.0110418,0.0291758
0.0116389,0.0291758
0.012236,0.0291758
0.0128331,0.0291758
0.0134303,0.0291758
0.0140275,0.0291758
0.0146247,0.0291758
0.0152219,0.0291758
0.0158192,0.0291758
0.0164165,0.0291758
0.0170138,0.0291758
0.0176111,0.0291758
0.0182085,0.0291758
0.0188059,0.0291758
0.0194033,0.0291758
0.0200007,0.0291758
0.0205982,0.0291758
0.0211956,0.0291758
0.0217931,0.0291758
0.0223907,0.0291758
0.0229882,0.0291758
0.0235858,0.0291758
0.0241834,0.0291758
0.024781,0.0291758
0.0253786,0.0291758
0.0259763,0.0291758
0.026574,0.0291758
0.0271717,0.0291758
0.0277694,0.0291758
0.0283672,0.0291758
0.028965,0.0291758
0.0295628,0.0291758
0.0301606,0.0291758
0.0307585,0.0291758
0.0313563,0.0291758
0.0319542,0.0291758
0.0325521,0.0291758
0.0331501,0.0291758
0.033748,0.0291758
0.034346,0.0291758
0.034944,0.0291758
0.0355421,0.0291758
0.0361401,0.0291758
0.0367382,0.0291758
0.0373363,0.0291758
0.0379344,0.0291758
0.0385326,0.0291758
0.0391307,0.0291758
0.0397289,0.0291758
0.0403271,0.0291758
0.0409254,0.0291758
0.0415236,0.0291758
0.0421219,0.0291758
0.0427202,0.0291758
0.0433185,0.0291758
0.0439169,0.0291758
0.0445152,0.0291758
0.0451136,0.0291758
0.045712,0.0291758
0.0463105,0.0291758
0.0469089,0.0291758
0.0475074,0.0291758
0.0481059,0.0291758
0.0487044,0.0291758
0.0493029,0.0291758
0.0499015,0.0291758
0.0505001,0.0291758
0.0510987,0.0291758
0.0516973,0.0289704
0.052296,0.0287651
0.0528946,0.0285597
0.0534933,0.0283544
0.054092,0.028149
0.0546908,0.0279436
0.0552895,0.0277382
0.0558883,0.0275328
0.0564871,0.0273274
0.0570859,0.027122
0.0576848,0.0269166
0.0582836,0.0267111
0.0588825,0.0265057
0.0594814,0.0263003
0.0600803,0.0260948
0.0606793,0.0258894
0.0612782,0.0256839
0.0618772,0.0254784
0.0624762,0.0252729
0.0630753,0.0250675
0.0636743,0.024862
0.0642734,0.0246565
0.0648725,0.024451
0.0654716,0.0242455
0.0660707,0.0240399
0.0666698,0.0238344
0.067269,0.0236289
0.0678682,0.0234233
0.0684674,0.0232178
0.0690667,0.0230122
0.0696659,0.0228067
0.0702652,0.0226011
0.0708645,0.0223955
0.0714638,0.0221899
0.0720631,0.0219843
0.0726625,0.0217788
0.0732618,0.0215732
0.0738612,0.0213675
0.0744606,0.0211619
0.0750601,0.0209563
0.0756595,0.0207507
0.076259,0.020545
0.0768585,0.0203394
0.077458,0.0201337
0.0780575,0.0199281
0.0786571,0.0197224
0.0792566,0.0195167
0.0798562,0.0193111
0.0804558,0.0191054
0.0810555,0.0188997
0.0816551,0.018694
0.0822548,0.0184883
0.0828545,0.0182826
0.0834542,0.0180769
0.0840539,0.0178711
0.0846536,0.0176654
0.0852534,0.0174597
0.0858532,0.0172539
0.086453,0.017035
0.0870528,0.0168161
0.0876526,0.0165971
0.0882525,0.0163782
0.0888524,0.0161592
0.0894522,0.0159402
0.0900522,0.0157213
0.0906521,0.0155023
0.091252,0.0152833
0.091852,0.0150643
0.092452,0.0148453
0.093052,0.0146263
0.093652,0.0144073
0.0942521,0.0141883
0.0948521,0.0139693
0.0954522,0.0137502
0.0960523,0.0135312
0.0966524,0.0133122
0.0972526,0.013299
0.0978527,0.0132858
0.0984529,0.0132726
0.0990531,0.0132594
0.0996533,0.0132462
0.100253,0.013233
0.100854,0.0132198
0.101454,0.0132067
0.102054,0.0131935
0.102655,0.0131803
0.103255,0.0131671
0.103855,0.0131539
0.104456,0.0131407
0.105056,0.0131275
0.105656,0.0131143
0.106257,0.0131011
0.106857,0.0130879
0.107458,0.0130747
0.108058,0.0130615
0.108659,0.0130484
0.109259,0.0130352
0.109859,0.013022
0.11046,0.013022
0.111061,0.013022
0.111661,0.013022
0.112262,0.013022
0.112862,0.013022
0.113463,0.013022
0.114064,0.013022
0.114664,0.013022
0.115265,0.013022
0.115866,0.013022
0.116466,0.013022
0.117067,0.013022
0.117668,0.013022
0.118268,0.013022
0.118869,0.013022
0.11947,0.013022
0.120071,0.013022
0.120672,0.013022
0.121272,0.013022
0.121873,0.013022
0.122474,0.013022
0.123075,0.013022
0.123676,0.013022
0.124277,0.013022
0.124878,0.013022
0.125479,0.013022
0.12608,0.013022
0.126681,0.013022
0.127282,0.013022
0.127883,0.013022
0.128484,0.013022
0.129085,0.013022
0.129686,0.013022
0.130287,0.013022
0.130888,0.013022
0.131489,0.013022
0.13209,0.013022
0.132691,0.013022
0.133292,0.013022
0.133893,0.013022
0.134495,0.013022
0.135096,0.013022
0.135697,0.013022
0.136298,0.013022
0.1369,0.013022
0.137501,0.013022
0.138102,0.013022
0.138703,0.013022
0.139305,0.013022
0.139906,0.013022
0.140507,0.013022
0.141109,0.013022
0.14171,0.013022
0.142311,0.013022
0.142913,0.013022
0.143514,0.013022
0.144116,0.013022
0.144717,0.013022
0.145318,0.013022
0.14592,0.013022
0.146521,0.013022
0.147123,0.013022
0.147724,0.013022
0.148326,0.013022
0.148927,0.013022
0.149529,0.013022
0.150131,0.013022
0.150732,0.013022
0.151334,0.013022
0.151935,0.013022
0.152537,0.013022
0.153139,0.013022
0.15374,0.013022
0.154342,0.013022
0.154944,0.013022
0.155545,0.013022
0.156147,0.013022
0.156749,0.013022
0.157351,0.013022
0.157952,0.013022
0.158554,0.013022
0.159156,0.013022
0.159758,0.013022
0.160359,0.013022
0.160961,0.013022
0.161563,0.013022
0.162165,0.013022
0.162767,0.013022
0.163369,0.013022
0.163971,0.013022
0.164572,0.013022
0.165174,0.013022
0.165776,0.013022
0.166378,0.013022
0.16698,0.013022
0.167582,0.013022
0.168184,0.013022
0.168786,0.013022
0.169388,0.013022
0.16999,0.013022
0.170592,0.013022
0.171194,0.013022
0.171796,0.013022
0.172398,0.013022
0.173,0.013022
0.173602,0.013022
0.174205,0.013022
0.174807,0.013022
0.175409,0.013022
0.176011,0.013022
0.176613,0.0130863
0.177215,0.0131507
0.177817,0.0132151
0.17842,0.0132794
0.179022,0.0133438
0.179624,0.0134082
0.180226,0.0134725
0.180829,0.0135369
0.181431,0.0136013
0.182033,0.0136657
0.182635,0.01373
0.183238,0.0137944
0.18384,0.0138588
0.184442,0.0139232
0.185045,0.0139875
0.185647,0.0140519
0.186249,0.0141163
0.186852,0.0141807
0.187454,0.0142451
0.188056,0.0143095
0.188659,0.0143739
0.189261,0.0144382
0.189864,0.0145026
0.190466,0.014567
0.191069,0.0146314
0.191671,0.0146958
0.192273,0.0147602
0.192876,0.0148246
0.193478,0.014889
0.194081,0.0149534
0.194683,0.0150178
0.195286,0.0150822
0.195888,0.0151466
0.196491,0.015211
0.197094,0.0152754
0.197696,0.0153398
0.198299,0.0154042
0.198901,0.0154686
0.199504,0.0155331
0.200107,0.0155975
0.200709,0.0156619
0.201312,0.0157263
0.201914,0.0157907
0.202517,0.0158551
0.20312,0.0159195
0.203722,0.015984
0.204325,0.0160484
0.204928,0.0161128
0.20553,0.0161772
0.206133,0.0162416
0.206736,0.0163061
0.207339,0.0163705
0.207941,0.0164349
0.208544,0.0164993
0.209147,0.0165638
0.20975,0.0166282
0.210352,0.0166926
0.210955,0.0167571
0.211558,0.0168215
0.212161,0.0168859
0.212764,0.0169504
0.213367,0.0170148
0.213969,0.0170792
0.214572,0.0171437
0.215175,0.0172081
0.215778,0.0172726
0.216381,0.017337
0.216984,0.0174014
0.217587,0.0174659
0.21819,0.0175303
0.218793,0.0175948
0.219395,0.0176592
0.219998,0.0177237
0.220601,0.0177881
0.221204,0.0178526
0.221807,0.017917
0.22241,0.0179815
0.223013,0.0180459
0.223616,0.0181104
0.224219,0.0181748
0.224822,0.0182393
0.225425,0.0183037
0.226028,0.0183682
0.226631,0.0184326
0.227234,0.0184971
0.227837,0.0185616
0.228441,0.018626
0.229044,0.0186905
0.229647,0.0187549
0.23025,0.0188194
0.230853,0.0188839
0.231456,0.0189483
0.232059,0.0190128
0.232662,0.0190773
0.233265,0.0191417
0.233868,0.0192062
0.234472,0.0192707
0.235075,0.0193351
0.235678,0.0193996
0.236281,0.0194641
0.236884,0.0195286
0.237488,0.019593
0.238091,0.0196575
0.238694,0.019722
0.239297,0.0197865
0.2399,0.0198509
0.240504,0.0199154
0.241107,0.0199799
0.24171,0.0200444
0.242313,0.0201088
0.242917,0.0201733
0.24352,0.0202378
0.244123,0.0203023
0.244726,0.0203668
0.24533,0.0204313
0.245933,0.0204957
0.246536,0.0205602
0.24714,0.0206247
0.247743,0.0206892
0.248346,0.0207537
0.24895,0.0208182
0.249553,0.0208827
0.250156,0.0209472
0.25076,0.0210117
0.251363,0.0210761
0.251966,0.0211406
0.25257,0.0212051
0.253173,0.0212696
0.253777,0.0213341
0.25438,0.0213986
0.254983,0.0214631
0.255587,0.0215276
0.25619,0.0215921
0.256794,0.0216566
0.257397,0.0217211
0.258,0.0217856
0.258604,0.0218501
0.259207,0.0219146
0.259811,0.0219791
0.260414,0.0220436
0.261018,0.0221081
0.261621,0.0221726
0.262225,0.0222371
0.262828,0.0223016
0.263432,0.0223661
0.264035,0.0224306
0.264639,0.0224952
0.265242,0.0225597
0.265846,0.0226242
0.266449,0.0226887
0.267053,0.0227532
0.267656,0.0228177
0.26826,0.0228822
0.268863,0.0229467
0.269467,0.0230112
0.270071,0.0230758
0.270674,0.0231403
0.271278,0.0232048
0.271881,0.0232693
0.272485,0.0233338
0.273088,0.0233983
0.273692,0.0234628
0.274296,0.0235274
0.274899,0.0235919
0.275503,0.0236564
0.276106,0.0237209
0.27671,0.0237854
0.277314,0.02385
0.277917,0.0239145
0.278521,0.023979
0.279125,0.0240435
0.279728,0.024108
0.280332,0.0241726
0.280935,0.0242371
0.281539,0.0243016
0.282143,0.0243661
0.282746,0.0244307
0.28335,0.0244952
0.283954,0.0245597
0.284557,0.0246242
0.285161,0.0246888
0.285765,0.0247533
0.286369,0.0248178
0.286972,0.0248823
0.287576,0.0249469
0.28818,0.0250114
0.288783,0.0250759
0.289387,0.0251405
0.289991,0.025205
0.290595,0.0252695
0.291198,0.0253341
0.291802,0.0253986
0.292406,0.0254631
0.293009,0.0255277
0.293613,0.0255922
0.294217,0.0256567
0.294821,0.0257213
0.295424,0.0257858
0.296028,0.0258503
0.296632,0.0259149
0.297236,0.0259794
0.29784,0.0260439
0.298443,0.0261085
0.299047,0.026173
0.299651,0.0262375
0.300255,0.0263021
0.300858,0.0263666
0.301462,0.0264311
0.302066,0.0264957
0.30267,0.0265602
0.303274,0.0266248
0.303877,0.0266893
0.304481,0.0267538
0.305085,0.0268184
0.305689,0.0268829
0.306293,0.0269475
0.306897,0.027012
0.3075,0.0270765
0.308104,0.0271411
0.308708,0.0272056
0.309312,0.0272702
0.309916,0.0273347
0.310519,0.0273993
0.311123,0.0274638
0.311727,0.0275283
0.312331,0.0275929
0.312935,0.0276574
0.313539,0.027722
0.314143,0.0277865
0.314746,0.0278511
0.31535,0.0279156
0.315954,0.0279802
0.316558,0.0280447
0.317162,0.0281092
0.317766,0.0281738
0.31837,0.0282383
0.318973,0.0283029
0.319577,0.0283674
0.320181,0.028432
0.320785,0.0284965
0.321389,0.0285611
0.321993,0.0286256
0.322597,0.0286902
0.323201,0.0287547
0.323804,0.0288193
0.324408,0.0288838
0.325012,0.0289484
0.325616,0.0290129
0.32622,0.0290775
0.326824,0.029142
0.327428,0.0292066
0.328032,0.0292711
0.328636,0.0293357
0.32924,0.0294002
0.329843,0.0294648
0.330447,0.0295293
0.331051,0.0295939
0.331655,0.0296584
0.332259,0.029723
0.332863,0.0297875
0.333467,0.0298521
0.334071,0.0299166
0.334675,0.0299812
0.335279,0.0300457
0.335882,0.0301103
0.336486,0.0301748
0.33709,0.0302394
0.337694,0.0303039
0.338298,0.0303685
0.338902,0.030433
0.339506,0.0304976
0.34011,0.0305621
0.340714,0.0306267
0.341318,0.0306912
0.341922,0.0307558
0.342526,0.0308203
0.343129,0.0308849
0.343733,0.0309494
0.344337,0.031014
0.344941,0.0310785
0.345545,0.0311431
0.346149,0.0312076
0.346753,0.0312722
0.347368,0.0313367
0.348006,0.0314037
0.348667,0.0314731
0.349353,0.0315451
0.350063,0.0316197
0.3508,0.031697
0.351562,0.031777
0.352352,0.03186
0.353169,0.0319458
0.354015,0.0320347
0.35489,0.0321267
0.355796,0.0322218
0.356732,0.0323202
0.357699,0.0324219
0.358699,0.0325271
0.359732,0.0326357
0.360798,0.0327478
0.361898,0.0328636
0.363034,0.0329831
0.364204,0.0331063
0.365412,0.0332334
0.366655,0.0333643
0.367937,0.0334993
0.369256,0.0336382
0.370613,0.0337812
0.372009,0.0339284
0.373444,0.0340797
0.374919,0.0342352
0.376433,0.0343949
0.377988,0.0345589
0.379582,0.0347272
0.381217,0.0348998
0.382893,0.0350768
0.384608,0.035258
0.386364,0.0354435
0.38816,0.0356334
0.389996,0.0358275
0.391871,0.0360258
0.393786,0.0362284
0.395739,0.0364351
0.397729,0.0366459
0.399757,0.0368607
0.401822,0.0370794
0.403922,0.037302
0.406057,0.0375283
0.408225,0.0377583
0.410425,0.0379918
0.412657,0.0382288
0.414918,0.0384689
0.417208,0.0387122
0.419524,0.0389584
0.421866,0.0392074
0.424231,0.039459
0.426618,0.039713
0.429024,0.0399692
0.431449,0.0402274
0.43389,0.0404875
0.436344,0.0407492
0.438811,0.0410122
0.441287,0.0412765
0.443771,0.0415416
0.44626,0.0418075
0.448753,0.0420738
0.451247,0.0423404
-0.000298318,0.0296272
0.000298318,0.0296272
0.000894966,0.0296272
0.00149164,0.0296272
0.00208834,0.0296272
0.00268506,0.0296272
0.00328181,0.0296272
0.00387858,0.0296272
0.00447538,0.0296272
0.0050722,0.0296272
0.00566905,0.0296272
0.00626592,0.0296272
0.00686282,0.0296272
0.00745974,0.0296272
0.00805669,0.0296272
0.00865366,0.0296272
0.00925066,0.0296272
0.00984768,0.0296272
0.0104447,0.0296272
0.0110418,0.0296272
0.0116389,0.0296272
0.012236,0.0296272
0.0128331,0.0296272
0.0134303,0.0296272
0.0140275,0.0296272
0.0146247,0.0296272
0.0152219,0.0296272
0.0158192,0.0296272
0.0164165,0.0296272
0.0170138,0.0296272
0.0176111,0.0296272
0.0182085,0.0296272
0.0188059,0.0296272
0.0194033,0.0296272
0.0200007,0.0296272
0.0205982,0.0296272
0.0211956,0.0296272
0.0217931,0.0296272
0.0223907,0.0296272
0.0229882,0.0296272
0.0235858,0.0296272
0.0241834,0.0296272
0.024781,0.0296272
0.0253786,0.0296272
0.0259763,0.0296272
0.026574,0.0296272
0.0271717,0.0296272
0.0277694,0.0296272
0.0283672,0.0296272
0.028965,0.0296272
0.0295628,0.0296272
0.0301606,0.0296272
0.0307585,0.0296272
0.0313563,0.0296272
0.0319542,0.0296272
0.0325521,0.0296272
0.0331501,0.0296272
0.033748,0.0296272
0.034346,0.0296272
0.034944,0.0296272
0.0355421,0.0296272
0.0361401,0.0296272
0.0367382,0.0296272
0.0373363,0.0296272
0.0379344,0.0296272
0.0385326,0.0296272
0.0391307,0.0296272
0.0397289,0.0296272
0.0403271,0.0296272
0.0409254,0.0296272
0.0415236,0.0296272
0.0421219,0.0296272
0.0427202,0.0296272
0.0433185,0.0296272
0.0439169,0.0296272
0.0445152,0.0296272
0.0451136,0.0296272
0.045712,0.0296272
0.0463105,0.0296272
0.0469089,0.0296272
0.0475074,0.0296272
0.0481059,0.0296272
0.0487044,0.0296272
0.0493029,0.0296272
0.0499015,0.0296272
0.0505001,0.0296272
0.0510987,0.0296272
0.0516973,0.0294181
0.052296,0.0292091
0.0528946,0.0290001
0.0534933,0.028791
0.054092,0.0285819
0.0546908,0.0283729
0.0552895,0.0281638
0.0558883,0.0279547
0.0564871,0.0277456
0.0570859,0.0275365
0.0576848,0.0273274
0.0582836,0.0271183
0.0588825,0.0269092
0.0594814,0.0267001
0.0600803,0.026491
0.0606793,0.0262818
0.0612782,0.0260727
0.0618772,0.0258635
0.0624762,0.0256543
0.0630753,0.0254452
0.0636743,0.025236
0.0642734,0.0250268
0.0648725,0.0248176
0.0654716,0.0246084
0.0660707,0.0243992
0.0666698,0.02419
0.067269,0.0239808
0.0678682,0.0237716
0.0684674,0.0235623
0.0690667,0.0233531
0.0696659,0.0231438
0.0702652,0.0229346
0.0708645,0.0227253
0.0714638,0.0225161
0.0720631,0.0223068
0.0726625,0.0220975
0.0732618,0.0218882
0.0738612,0.0216789
0.0744606,0.0214696
0.0750601,0.0212603
0.0756595,0.021051
0.076259,0.0208417
0.0768585,0.0206323
0.077458,0.020423
0.0780575,0.0202137
0.0786571,0.0200043
0.0792566,0.0197949
0.0798562,0.0195856
0.0804558,0.0193762
0.0810555,0.0191668
0.0816551,0.0189574
0.0822548,0.0187481
0.0828545,0.0185386
0.0834542,0.0183292
0.0840539,0.0181198
0.0846536,0.0179104
0.0852534,0.017701
0.0858532,0.0174916
0.086453,0.0172705
0.0870528,0.0170494
0.0876526,0.0168283
0.0882525,0.0166073
0.0888524,0.0163862
0.0894522,0.0161651
0.0900522,0.015944
0.0906521,0.0157229
0.091252,0.0155017
0.091852,0.0152806
0.092452,0.0150595
0.093052,0.0148383
0.093652,0.0146172
0.0942521,0.014396
0.0948521,0.0141749
0.0954522,0.0139537
0.0960523,0.0137326
0.0966524,0.0135114
0.0972526,0.0134997
0.0978527,0.0134881
0.0984529,0.0134765
0.0990531,0.0134649
0.0996533,0.0134532
0.100253,0.0134416
0.100854,0.01343
0.101454,0.0134183
0.102054,0.0134067
0.102655,0.0133951
0.103255,0.0133834
0.103855,0.0133718
0.104456,0.0133602
0.105056,0.0133485
0.105656,0.0133369
0.106257,0.0133253
0.106857,0.0133136
0.107458,0.013302
0.108058,0.0132903
0.108659,0.0132787
0.109259,0.0132671
0.109859,0.0132554
0.11046,0.0132554
0.111061,0.0132554
0.111661,0.0132554
0.112262,0.0132554
0.112862,0.0132554
0.113463,0.0132554
0.114064,0.0132554
0.114664,0.0132554
0.115265,0.0132554
0.115866,0.0132554
0.116466,0.0132554
0.117067,0.0132554
0.117668,0.0132554
0.118268,0.0132554
0.118869,0.0132554
0.11947,0.0132554
0.120071,0.0132554
0.120672,0.0132554
0.121272,0.0132554
0.121873,0.0132554
0.122474,0.0132554
0.123075,0.0132554
0.123676,0.0132554
0.124277,0.0132554
0.124878,0.0132554
0.125479,0.0132554
0.12608,0.0132554
0.126681,0.0132554
0.127282,0.0132554
0.127883,0.0132554
0.128484,0.0132554
0.129085,0.0132554
0.129686,0.0132554
0.130287,0.0132554
0.130888,0.0132554
0.131489,0.0132554
0.13209,0.0132554
0.132691,0.0132554
0.133292,0.0132554
0.133893,0.0132554
0.134495,0.0132554
0.135096,0.0132554
0.135697,0.0132554
0.136298,0.0132554
0.1369,0.0132554
0.137501,0.0132554
0.138102,0.0132554
0.138703,0.0132554
0.139305,0.0132554
0.139906,0.0132554
0.140507,0.0132554
0.141109,0.0132554
0.14171,0.0132554
0.142311,0.0132554
0.142913,0.0132554
0.143514,0.0132554
0.144116,0.0132554
0.144717,0.0132554
0.145318,0.0132554
0.14592,0.0132554
0.146521,0.0132554
0.147123,0.0132554
0.147724,0.0132554
0.148326,0.0132554
0.148927,0.0132554
0.149529,0.0132554
0.150131,0.0132554
0.150732,0.0132554
0.151334,0.0132554
0.151935,0.0132554
0.152537,0.0132554
0.153139,0.0132554
0.15374,0.0132554
0.154342,0.0132554
0.154944,0.0132554
0.155545,0.0132554
0.156147,0.0132554
0.156749,0.0132554
0.157351,0.0132554
0.157952,0.0132554
0.158554,0.0132554
0.159156,0.0132554
0.159758,0.0132554
0.160359,0.0132554
0.160961,0.0132554
0.161563,0.0132554
0.162165,0.0132554
0.162767,0.0132554
0.163369,0.0132554
0.163971,0.0132554
0.164572,0.0132554
0.165174,0.0132554
0.165776,0.0132554
0.166378,0.0132554
0.16698,0.0132554
0.167582,0.0132554
0.168184,0.0132554
0.168786,0.0132554
0.169388,0.0132554
0.16999,0.0132554
0.170592,0.0132554
0.171194,0.0132554
0.171796,0.0132554
0.172398,0.0132554
0.173,0.0132554
0.173602,0.0132554
0.174205,0.0132554
0.174807,0.0132554
0.175409,0.0132554
0.176011,0.0132554
0.176613,0.0133209
0.177215,0.0133865
0.177817,0.013452
0.17842,0.0135175
0.179022,0.013583
0.179624,0.0136486
0.180226,0.0137141
0.180829,0.0137796
0.181431,0.0138451
0.182033,0.0139107
0.182635,0.0139762
0.183238,0.0140417
0.18384,0.0141073
0.184442,0.0141728
0.185045,0.0142383
0.185647,0.0143039
0.186249,0.0143694
0.186852,0.0144349
0.187454,0.0145005
0.188056,0.014566
0.188659,0.0146316
0.189261,0.0146971
0.189864,0.0147627
0.190466,0.0148282
0.191069,0.0148937
0.191671,0.0149593
0.192273,0.0150248
0.192876,0.0150904
0.193478,0.015156
0.194081,0.0152215
0.194683,0.0152871
0.195286,0.0153526
0.195888,0.0154182
0.196491,0.0154837
0.197094,0.0155493
0.197696,0.0156149
0.198299,0.0156804
0.198901,0.015746
0.199504,0.0158116
0.200107,0.0158771
0.200709,0.0159427
0.201312,0.0160083
0.201914,0.0160738
0.202517,0.0161394
0.20312,0.016205
0.203722,0.0162705
0.204325,0.0163361
0.204928,0.0164017
0.20553,0.0164673
0.206133,0.0165328
0.206736,0.0165984
0.207339,0.016664
0.207941,0.0167296
0.208544,0.0167952
0.209147,0.0168607
0.20975,0.0169263
0.210352,0.0169919
0.210955,0.0170575
0.211558,0.0171231
0.212161,0.0171887
0.212764,0.0172543
0.213367,0.0173199
0.213969,0.0173855
0.214572,0.017451
0.215175,0.0175166
0.215778,0.0175822
0.216381,0.0176478
0.216984,0.0177134
0.217587,0.017779
0.21819,0.0178446
0.218793,0.0179102
0.219395,0.0179758
0.219998,0.0180414
0.220601,0.018107
0.221204,0.0181726
0.221807,0.0182382
0.22241,0.0183038
0.223013,0.0183695
0.223616,0.0184351
0.224219,0.0185007
0.224822,0.0185663
0.225425,0.0186319
0.226028,0.0186975
0.226631,0.0187631
0.227234,0.0188287
0.227837,0.0188943
0.228441,0.01896
0.229044,0.0190256
0.229647,0.0190912
0.23025,0.0191568
0.230853,0.0192224
0.231456,0.0192881
0.232059,0.0193537
0.232662,0.0194193
0.233265,0.0194849
0.233868,0.0195505
0.234472,0.0196162
0.235075,0.0196818
0.235678,0.0197474
0.236281,0.0198131
0.236884,0.0198787
0.237488,0.0199443
0.238091,0.0200099
0.238694,0.0200756
0.239297,0.0201412
0.2399,0.0202068
0.240504,0.0202725
0.241107,0.0203381
0.24171,0.0204037
0.242313,0.0204694
0.242917,0.020535
0.24352,0.0206007
0.244123,0.0206663
0.244726,0.0207319
0.24533,0.0207976
0.245933,0.0208632
0.246536,0.0209289
0.24714,0.0209945
0.247743,0.0210601
0.248346,0.0211258
0.24895,0.0211914
0.249553,0.0212571
0.250156,0.0213227
0.25076,0.0213884
0.251363,0.021454
0.251966,0.0215197
0.25257,0.0215853
0.253173,0.021651
0.253777,0.0217166
0.25438,0.0217823
0.254983,0.0218479
0.255587,0.0219136
0.25619,0.0219792
0.256794,0.0220449
0.257397,0.0221105
0.258,0.0221762
0.258604,0.0222419
0.259207,0.0223075
0.259811,0.0223732
0.260414,0.0224388
0.261018,0.0225045
0.261621,0.0225702
0.262225,0.0226358
0.262828,0.0227015
0.263432,0.0227671
0.264035,0.0228328
0.264639,0.0228985
0.265242,0.0229641
0.265846,0.0230298
0.266449,0.0230955
0.267053,0.0231611
0.267656,0.0232268
0.26826,0.0232925
0.268863,0.0233581
0.269467,0.0234238
0.270071,0.0234895
0.270674,0.0235551
0.271278,0.0236208
0.271881,0.0236865
0.272485,0.0237522
0.273088,0.0238178
0.273692,0.0238835
0.274296,0.0239492
0.274899,0.0240149
0.275503,0.0240805
0.276106,0.0241462
0.27671,0.0242119
0.277314,0.0242776
0.277917,0.0243432
0.278521,0.0244089
0.279125,0.0244746
0.279728,0.0245403
0.280332,0.0246059
0.280935,0.0246716
0.281539,0.0247373
0.282143,0.024803
0.282746,0.0248687
0.28335,0.0249344
0.283954,0.025
0.284557,0.0250657
0.285161,0.0251314
0.285765,0.0251971
0.286369,0.0252628
0.286972,0.0253285
0.287576,0.0253941
0.28818,0.0254598
0.288783,0.0255255
0.289387,0.0255912
0.289991,0.0256569
0.290595,0.0257226
0.291198,0.0257883
0.291802,0.025854
0.292406,0.0259196
0.293009,0.0259853
0.293613,0.026051
0.294217,0.0261167
0.294821,0.0261824
0.295424,0.0262481
0.296028,0.0263138
0.296632,0.0263795
0.297236,0.0264452
0.29784,0.0265109
0.298443,0.0265766
0.299047,0.0266423
0.299651,0.0267079
0.300255,0.0267736
0.300858,0.0268393
0.301462,0.026905
0.302066,0.0269707
0.30267,0.0270364
0.303274,0.0271021
0.303877,0.0271678
0.304481,0.0272335
0.305085,0.0272992
0.305689,0.0273649
0.306293,0.0274306
0.306897,0.0274963
0.3075,0.027562
0.308104,0.0276277
0.308708,0.0276934
0.309312,0.0277591
0.309916,0.0278248
0.310519,0.0278905
0.311123,0.0279562
0.311727,0.0280219
0.312331,0.0280876
0.312935,0.0281533
0.313539,0.028219
0.314143,0.0282847
0.314746,0.0283504
0.31535,0.0284161
0.315954,0.0284818
0.316558,0.0285475
0.317162,0.0286132
0.317766,0.0286789
0.31837,0.0287446
0.318973,0.0288103
0.319577,0.028876
0.320181,0.0289417
0.320785,0.0290074
0.321389,0.0290731
0.321993,0.0291388
0.322597,0.0292046
0.323201,0.0292703
0.323804,0.029336
0.324408,0.0294017
0.325012,0.0294674
0.325616,0.0295331
0.32622,0.0295988
0.326824,0.0296645
0.327428,0.0297302
0.328032,0.0297959
0.328636,0.0298616
0.32924,0.0299273
0.329843,0.029993
0.330447,0.0300587
0.331051,0.0301244
0.331655,0.0301901
0.332259,0.0302559
0.332863,0.0303216
0.333467,0.0303873
0.334071,0.030453
0.334675,0.0305187
0.335279,0.0305844
0.335882,0.0306501
0.336486,0.0307158
0.33709,0.0307815
0.337694,0.0308472
0.338298,0.0309129
0.338902,0.0309786
0.339506,0.0310444
0.34011,0.0311101
0.340714,0.0311758
0.341318,0.0312415
0.341922,0.0313072
0.342526,0.0313729
0.343129,0.0314386
0.343733,0.0315043
0.344337,0.03157
0.344941,0.0316357
0.345545,0.0317014
0.346149,0.0317672
0.346753,0.0318329
0.347368,0.0318986
0.348006,0.0319667
0.348667,0.0320374
0.349353,0.0321106
0.350063,0.0321866
0.3508,0.0322653
0.351562,0.0323468
0.352352,0.0324312
0.353169,0.0325186
0.354015,0.0326091
0.35489,0.0327027
0.355796,0.0327995
0.356732,0.0328997
0.357699,0.0330032
0.358699,0.0331102
0.359732,0.0332208
0.360798,0.0333349
0.361898,0.0334528
0.363034,0.0335744
0.364204,0.0336999
0.365412,0.0338292
0.366655,0.0339625
0.367937,0.0340999
0.369256,0.0342413
0.370613,0.0343869
0.372009,0.0345367
0.373444,0.0346907
0.374919,0.034849
0.376433,0.0350116
0.377988,0.0351785
0.379582,0.0353499
0.381217,0.0355256
0.382893,0.0357056
0.384608,0.0358901
0.386364,0.036079
0.38816,0.0362722
0.389996,0.0364698
0.391871,0.0366717
0.393786,0.0368779
0.395739,0.0370883
0.397729,0.0373029
0.399757,0.0375215
0.401822,0.0377442
0.403922,0.0379708
0.406057,0.0382012
0.408225,0.0384353
0.410425,0.038673
0.412657,0.0389142
0.414918,0.0391586
0.417208,0.0394062
0.419524,0.0396569
0.421866,0.0399103
0.424231,0.0401664
0.426618,0.040425
0.429024,0.0406858
0.431449,0.0409487
0.43389,0.0412134
0.436344,0.0414798
0.438811,0.0417476
0.441287,0.0420165
0.443771,0.0422864
0.44626,0.042557
0.448753,0.0428281
0.451247,0.0430995
-0.000298318,0.0300782
0.000298318,0.0300782
0.000894966,0.0300782
0.00149164,0.0300782
0.00208834,0.0300782
0.00268506,0.0300782
0.00328181,0.0300782
0.00387858,0.0300782
0.00447538,0.0300782
0.0050722,0.0300782
0.00566905,0.0300782
0.00626592,0.0300782
0.00686282,0.0300782
0.00745974,0.0300782
0.00805669,0.0300782
0.00865366,0.0300782
0.00925066,0.0300782
0.00984768,0.0300782
0.0104447,0.0300782
0.0110418,0.0300782
0.0116389,0.0300782
0.012236,0.0300782
0.0128331,0.0300782
0.0134303,0.0300782
0.0140275,0.0300782
0.0146247,0.0300782
0.0152219,0.0300782
0.0158192,0.0300782
0.0164165,0.0300782
0.0170138,0.0300782
0.0176111,0.0300782
0.0182085,0.0300782
0.0188059,0.0300782
0.0194033,0.0300782
0.0200007,0.0300782
0.0205982,0.0300782
0.0211956,0.0300782
0.0217931,0.0300782
0.0223907,0.0300782
0.0229882,0.0300782
0.0235858,0.0300782
0.0241834,0.0300782
0.024781,0.0300782
0.0253786,0.0300782
0.0259763,0.0300782
0.026574,0.0300782
0.0271717,0.0300782
0.0277694,0.0300782
0.0283672,0.0300782
0.028965,0.0300782
0.0295628,0.0300782
0.0301606,0.0300782
0.0307585,0.0300782
0.0313563,0.0300782
0.0319542,0.0300782
0.0325521,0.0300782
0.0331501,0.0300782
0.033748,0.0300782
0.034346,0.0300782
0.034944,0.0300782
0.0355421,0.0300782
0.0361401,0.0300782
0.0367382,0.0300782
0.0373363,0.0300782
0.0379344,0.0300782
0.0385326,0.0300782
0.0391307,0.0300782
0.0397289,0.0300782
0.0403271,0.0300782
0.0409254,0.0300782
0.0415236,0.0300782
0.0421219,0.0300782
0.0427202,0.0300782
0.0433185,0.0300782
0.0439169,0.0300782
0.0445152,0.0300782
0.0451136,0.0300782
0.045712,0.0300782
0.0463105,0.0300782
0.0469089,0.0300782
0.0475074,0.0300782
0.0481059,0.0300782
0.0487044,0.0300782
0.0493029,0.0300782
0.0499015,0.0300782
0.0505001,0.0300782
0.0510987,0.0300782
0.0516973,0.0298655
0.052296,0.0296528
0.0528946,0.02944
0.0534933,0.0292273
0.054092,0.0290146
0.0546908,0.0288018
0.0552895,0.0285891
0.0558883,0.0283763
0.0564871,0.0281635
0.0570859,0.0279508
0.0576848,0.027738
0.0582836,0.0275252
0.0588825,0.0273124
0.0594814,0.0270996
0.0600803,0.0268868
0.0606793,0.0266739
0.0612782,0.0264611
0.0618772,0.0262483
0.0624762,0.0260354
0.0630753,0.0258226
0.0636743,0.0256097
0.0642734,0.0253969
0.0648725,0.025184
0.0654716,0.0249711
0.0660707,0.0247582
0.0666698,0.0245453
0.067269,0.0243324
0.0678682,0.0241195
0.0684674,0.0239066
0.0690667,0.0236937
0.0696659,0.0234808
0.0702652,0.0232678
0.0708645,0.0230549
0.0714638,0.0228419
0.0720631,0.022629
0.0726625,0.022416
0.0732618,0.022203
0.0738612,0.0219901
0.0744606,0.0217771
0.0750601,0.0215641
0.0756595,0.0213511
0.076259,0.0211381
0.0768585,0.020925
0.077458,0.020712
0.0780575,0.020499
0.0786571,0.020286
0.0792566,0.0200729
0.0798562,0.0198599
0.0804558,0.0196468
0.0810555,0.0194337
0.0816551,0.0192207
0.0822548,0.0190076
0.0828545,0.0187945
0.0834542,0.0185814
0.0840539,0.0183683
0.0846536,0.0181552
0.0852534,0.0179421
0.0858532,0.017729
0.086453,0.0175058
0.0870528,0.0172826
0.0876526,0.0170594
0.0882525,0.0168362
0.0888524,0.016613
0.0894522,0.0163897
0.0900522,0.0161665
0.0906521,0.0159432
0.091252,0.01572
0.091852,0.0154967
0.092452,0.0152735
0.093052,0.0150502
0.093652,0.0148269
0.0942521,0.0146036
0.0948521,0.0143803
0.0954522,0.014157
0.0960523,0.0139337
0.0966524,0.0137104
0.0972526,0.0137004
0.0978527,0.0136903
0.0984529,0.0136802
0.0990531,0.0136701
0.0996533,0.0136601
0.100253,0.01365
0.100854,0.0136399
0.101454,0.0136298
0.102054,0.0136197
0.102655,0.0136097
0.103255,0.0135996
0.103855,0.0135895
0.104456,0.0135794
0.105056,0.0135694
0.105656,0.0135593
0.106257,0.0135492
0.106857,0.0135391
0.107458,0.013529
0.108058,0.013519
0.108659,0.0135089
0.109259,0.0134988
0.109859,0.0134887
0.11046,0.0134887
0.111061,0.0134887
0.111661,0.0134887
0.112262,0.0134887
0.112862,0.0134887
0.113463,0.0134887
0.114064,0.0134887
0.114664,0.0134887
0.115265,0.0134887
0.115866,0.0134887
0.116466,0.0134887
0.117067,0.0134887
0.117668,0.0134887
0.118268,0.0134887
0.118869,0.0134887
0.11947,0.0134887
0.120071,0.0134887
0.120672,0.0134887
0.121272,0.0134887
0.121873,0.0134887
0.122474,0.0134887
0.123075,0.0134887
0.123676,0.0134887
0.124277,0.0134887
0.124878,0.0134887
0.125479,0.0134887
0.12608,0.0134887
0.126681,0.0134887
0.127282,0.0134887
0.127883,0.0134887
0.128484,0.0134887
0.129085,0.0134887
0.129686,0.0134887
0.130287,0.0134887
0.130888,0.0134887
0.131489,0.0134887
0.13209,0.0134887
0.132691,0.0134887
0.133292,0.0134887
0.133893,0.0134887
0.134495,0.0134887
0.135096,0.0134887
0.135697,0.0134887
0.136298,0.0134887
0.1369,0.0134887
0.137501,0.0134887
0.138102,0.0134887
0.138703,0.0134887
0.139305,0.0134887
0.139906,0.0134887
0.140507,0.0134887
0.141109,0.0134887
0.14171,0.0134887
0.142311,0.0134887
0.142913,0.0134887
0.143514,0.0134887
0.144116,0.0134887
0.144717,0.0134887
0.145318,0.0134887
0.14592,0.0134887
0.146521,0.0134887
0.147123,0.0134887
0.147724,0.0134887
0.148326,0.0134887
0.148927,0.0134887
0.149529,0.0134887
0.150131,0.0134887
0.150732,0.0134887
0.151334,0.0134887
0.151935,0.0134887
0.152537,0.0134887
0.153139,0.0134887
0.15374,0.0134887
0.154342,0.0134887
0.154944,0.0134887
0.155545,0.0134887
0.156147,0.0134887
0.156749,0.0134887
0.157351,0.0134887
0.157952,0.0134887
0.158554,0.0134887
0.159156,0.0134887
0.159758,0.0134887
0.160359,0.0134887
0.160961,0.0134887
0.161563,0.0134887
0.162165,0.0134887
0.162767,0.0134887
0.163369,0.0134887
0.163971,0.0134887
0.164572,0.0134887
0.165174,0.0134887
0.165776,0.0134887
0.166378,0.0134887
0.16698,0.0134887
0.167582,0.0134887
0.168184,0.0134887
0.168786,0.0134887
0.169388,0.0134887
0.16999,0.0134887
0.170592,0.0134887
0.171194,0.0134887
0.171796,0.0134887
0.172398,0.0134887
0.173,0.0134887
0.173602,0.0134887
0.174205,0.0134887
0.174807,0.0134887
0.175409,0.0134887
0.176011,0.0134887
0.176613,0.0135554
0.177215,0.0136221
0.177817,0.0136887
0.17842,0.0137554
0.179022,0.0138221
0.179624,0.0138888
0.180226,0.0139554
0.180829,0.0140221
0.181431,0.0140888
0.182033,0.0141555
0.182635,0.0142222
0.183238,0.0142888
0.18384,0.0143555
0.184442,0.0144222
0.185045,0.0144889
0.185647,0.0145556
0.186249,0.0146223
0.186852,0.014689
0.187454,0.0147557
0.188056,0.0148224
0.188659,0.0148891
0.189261,0.0149558
0.189864,0.0150225
0.190466,0.0150892
0.191069,0.0151559
0.191671,0.0152226
0.192273,0.0152893
0.192876,0.015356
0.193478,0.0154227
0.194081,0.0154894
0.194683,0.0155561
0.195286,0.0156228
0.195888,0.0156895
0.196491,0.0157562
0.197094,0.0158229
0.197696,0.0158897
0.198299,0.0159564
0.198901,0.0160231
0.199504,0.0160898
0.200107,0.0161565
0.200709,0.0162233
0.201312,0.01629
0.201914,0.0163567
0.202517,0.0164234
0.20312,0.0164902
0.203722,0.0165569
0.204325,0.0166236
0.204928,0.0166903
0.20553,0.0167571
0.206133,0.0168238
0.206736,0.0168905
0.207339,0.0169573
0.207941,0.017024
0.208544,0.0170907
0.209147,0.0171575
0.20975,0.0172242
0.210352,0.017291
0.210955,0.0173577
0.211558,0.0174244
0.212161,0.0174912
0.212764,0.0175579
0.213367,0.0176247
0.213969,0.0176914
0.214572,0.0177582
0.215175,0.0178249
0.215778,0.0178917
0.216381,0.0179584
0.216984,0.0180252
0.217587,0.0180919
0.21819,0.0181587
0.218793,0.0182254
0.219395,0.0182922
0.219998,0.0183589
0.220601,0.0184257
0.221204,0.0184925
0.221807,0.0185592
0.22241,0.018626
0.223013,0.0186927
0.223616,0.0187595
0.224219,0.0188263
0.224822,0.018893
0.225425,0.0189598
0.226028,0.0190266
0.226631,0.0190933
0.227234,0.0191601
0.227837,0.0192269
0.228441,0.0192936
0.229044,0.0193604
0.229647,0.0194272
0.23025,0.019494
0.230853,0.0195607
0.231456,0.0196275
0.232059,0.0196943
0.232662,0.0197611
0.233265,0.0198278
0.233868,0.0198946
0.234472,0.0199614
0.235075,0.0200282
0.235678,0.020095
0.236281,0.0201617
0.236884,0.0202285
0.237488,0.0202953
0.238091,0.0203621
0.238694,0.0204289
0.239297,0.0204957
0.2399,0.0205625
0.240504,0.0206292
0.241107,0.020696
0.24171,0.0207628
0.242313,0.0208296
0.242917,0.0208964
0.24352,0.0209632
0.244123,0.02103
0.244726,0.0210968
0.24533,0.0211636
0.245933,0.0212304
0.246536,0.0212972
0.24714,0.021364
0.247743,0.0214308
0.248346,0.0214976
0.24895,0.0215644
0.249553,0.0216312
0.250156,0.021698
0.25076,0.0217648
0.251363,0.0218316
0.251966,0.0218984
0.25257,0.0219652
0.253173,0.022032
0.253777,0.0220988
0.25438,0.0221656
0.254983,0.0222324
0.255587,0.0222992
0.25619,0.022366
0.256794,0.0224329
0.257397,0.0224997
0.258,0.0225665
0.258604,0.0226333
0.259207,0.0227001
0.259811,0.0227669
0.260414,0.0228337
0.261018,0.0229006
0.261621,0.0229674
0.262225,0.0230342
0.262828,0.023101
0.263432,0.0231678
0.264035,0.0232346
0.264639,0.0233015
0.265242,0.0233683
0.265846,0.0234351
0.266449,0.0235019
0.267053,0.0235687
0.267656,0.0236356
0.26826,0.0237024
0.268863,0.0237692
0.269467,0.023836
0.270071,0.0239029
0.270674,0.0239697
0.271278,0.0240365
0.271881,0.0241033
0.272485,0.0241702
0.273088,0.024237
0.273692,0.0243038
0.274296,0.0243707
0.274899,0.0244375
0.275503,0.0245043
0.276106,0.0245712
0.27671,0.024638
0.277314,0.0247048
0.277917,0.0247717
0.278521,0.0248385
0.279125,0.0249053
0.279728,0.0249722
0.280332,0.025039
0.280935,0.0251058
0.281539,0.0251727
0.282143,0.0252395
0.282746,0.0253063
0.28335,0.0253732
0.283954,0.02544
0.284557,0.0255069
0.285161,0.0255737
0.285765,0.0256405
0.286369,0.0257074
0.286972,0.0257742
0.287576,0.0258411
0.28818,0.0259079
0.288783,0.0259747
0.289387,0.0260416
0.289991,0.0261084
0.290595,0.0261753
0.291198,0.0262421
0.291802,0.026309
0.292406,0.0263758
0.293009,0.0264426
0.293613,0.0265095
0.294217,0.0265763
0.294821,0.0266432
0.295424,0.02671
0.296028,0.0267769
0.296632,0.0268437
0.297236,0.0269106
0.29784,0.0269774
0.298443,0.0270443
0.299047,0.0271111
0.299651,0.027178
0.300255,0.0272448
0.300858,0.0273117
0.301462,0.0273785
0.302066,0.0274454
0.30267,0.0275122
0.303274,0.0275791
0.303877,0.0276459
0.304481,0.0277128
0.305085,0.0277796
0.305689,0.0278465
0.306293,0.0279134
0.306897,0.0279802
0.3075,0.0280471
0.308104,0.0281139
0.308708,0.0281808
0.309312,0.0282476
0.309916,0.0283145
0.310519,0.0283813
0.311123,0.0284482
0.311727,0.0285151
0.312331,0.0285819
0.312935,0.0286488
0.313539,0.0287156
0.314143,0.0287825
0.314746,0.0288493
0.31535,0.0289162
0.315954,0.0289831
0.316558,0.0290499
0.317162,0.0291168
0.317766,0.0291836
0.31837,0.0292505
0.318973,0.0293174
0.319577,0.0293842
0.320181,0.0294511
0.320785,0.0295179
0.321389,0.0295848
0.321993,0.0296517
0.322597,0.0297185
0.323201,0.0297854
0.323804,0.0298522
0.324408,0.0299191
0.325012,0.029986
0.325616,0.0300528
0.32622,0.0301197
0.326824,0.0301866
0.327428,0.0302534
0.328032,0.0303203
0.328636,0.0303871
0.32924,0.030454
0.329843,0.0305209
0.330447,0.0305877
0.331051,0.0306546
0.331655,0.0307215
0.332259,0.0307883
0.332863,0.0308552
0.333467,0.0309221
0.334071,0.0309889
0.334675,0.0310558
0.335279,0.0311226
0.335882,0.0311895
0.336486,0.0312564
0.33709,0.0313232
0.337694,0.0313901
0.338298,0.031457
0.338902,0.0315238
0.339506,0.0315907
0.34011,0.0316576
0.340714,0.0317244
0.341318,0.0317913
0.341922,0.0318582
0.342526,0.031925
0.343129,0.0319919
0.343733,0.0320588
0.344337,0.0321256
0.344941,0.0321925
0.345545,0.0322594
0.346149,0.0323262
0.346753,0.0323931
0.347368,0.0324599
0.348006,0.0325293
0.348667,0.0326012
0.349353,0.0326758
0.350063,0.032753
0.3508,0.0328331
0.351562,0.032916
0.352352,0.0330019
0.353169,0.0330909
0.354015,0.033183
0.35489,0.0332782
0.355796,0.0333768
0.356732,0.0334787
0.357699,0.0335841
0.358699,0.0336929
0.359732,0.0338054
0.360798,0.0339216
0.361898,0.0340415
0.363034,0.0341653
0.364204,0.0342929
0.365412,0.0344246
0.366655,0.0345602
0.367937,0.0347
0.369256,0.0348439
0.370613,0.0349921
0.372009,0.0351445
0.373444,0.0353012
0.374919,0.0354623
0.376433,0.0356278
0.377988,0.0357976
0.379582,0.035972
0.381217,0.0361508
0.382893,0.036334
0.384608,0.0365218
0.386364,0.036714
0.38816,0.0369106
0.389996,0.0371117
0.391871,0.0373171
0.393786,0.0375269
0.395739,0.037741
0.397729,0.0379594
0.399757,0.0381819
0.401822,0.0384085
0.403922,0.038639
0.406057,0.0388735
0.408225,0.0391117
0.410425,0.0393536
0.412657,0.039599
0.414918,0.0398478
0.417208,0.0400998
0.419524,0.0403548
0.421866,0.0406127
0.424231,0.0408733
0.426618,0.0411364
0.429024,0.0414018
0.431449,0.0416693
0.43389,0.0419387
0.436344,0.0422098
0.438811,0.0424823
0.441287,0.042756
0.443771,0.0430306
0.44626,0.043306
0.448753,0.0435819
0.451247,0.043858
-0.000298318,0.0305288
0.000298318,0.0305288
0.000894966,0.0305288
0.00149164,0.0305288
0.00208834,0.0305288
0.00268506,0.0305288
0.00328181,0.0305288
0.00387858,0.0305288
0.00447538,0.0305288
0.0050722,0.0305288
0.00566905,0.0305288
0.00626592,0.0305288
0.00686282,0.0305288
0.00745974,0.0305288
0.00805669,0.0305288
0.00865366,0.0305288
0.00925066,0.0305288
0.00984768,0.0305288
0.0104447,0.0305288
0.0110418,0.0305288
0.0116389,0.0305288
0.012236,0.0305288
0.0128331,0.0305288
0.0134303,0.0305288
0.0140275,0.0305288
0.0146247,0.0305288
0.0152219,0.0305288
0.0158192,0.0305288
0.0164165,0.0305288
0.0170138,0.0305288
0.0176111,0.0305288
0.0182085,0.0305288
0.0188059,0.0305288
0.0194033,0.0305288
0.0200007,0.0305288
0.0205982,0.0305288
0.0211956,0.0305288
0.0217931,0.0305288
0.0223907,0.0305288
0.0229882,0.0305288
0.0235858,0.0305288
0.0241834,0.0305288
0.024781,0.0305288
0.0253786,0.0305288
0.0259763,0.0305288
0.026574,0.0305288
0.0271717,0.0305288
0.0277694,0.0305288
0.0283672,0.0305288
0.028965,0.0305288
0.0295628,0.0305288
0.0301606,0.0305288
0.0307585,0.0305288
0.0313563,0.0305288
0.0319542,0.0305288
0.0325521,0.0305288
0.0331501,0.0305288
0.033748,0.0305288
0.034346,0.0305288
0.034944,0.0305288
0.0355421,0.0305288
0.0361401,0.0305288
0.0367382,0.0305288
0.0373363,0.0305288
0.0379344,0.0305288
0.0385326,0.0305288
0.0391307,0.0305288
0.0397289,0.0305288
0.0403271,0.0305288
0.0409254,0.0305288
0.0415236,0.0305288
0.0421219,0.0305288
0.0427202,0.0305288
0.0433185,0.0305288
0.0439169,0.0305288
0.0445152,0.0305288
0.0451136,0.0305288
0.045712,0.0305288
0.0463105,0.0305288
0.0469089,0.0305288
0.0475074,0.0305288
0.0481059,0.0305288
0.0487044,0.0305288
0.0493029,0.0305288
0.0499015,0.0305288
0.0505001,0.0305288
0.0510987,0.0305288
0.0516973,0.0303124
0.052296,0.030096
0.0528946,0.0298796
0.0534933,0.0296632
0.054092,0.0294468
0.0546908,0.0292304
0.0552895,0.029014
0.0558883,0.0287975
0.0564871,0.0285811
0.0570859,0.0283646
0.0576848,0.0281482
0.0582836,0.0279317
0.0588825,0.0277152
0.0594814,0.0274987
0.0600803,0.0272823
0.0606793,0.0270658
0.0612782,0.0268493
0.0618772,0.0266327
0.0624762,0.0264162
0.0630753,0.0261997
0.0636743,0.0259832
0.0642734,0.0257666
0.0648725,0.0255501
0.0654716,0.0253335
0.0660707,0.0251169
0.0666698,0.0249004
0.067269,0.0246838
0.0678682,0.0244672
0.0684674,0.0242506
0.0690667,0.024034
0.0696659,0.0238174
0.0702652,0.0236008
0.0708645,0.0233842
0.0714638,0.0231675
0.0720631,0.0229509
0.0726625,0.0227342
0.0732618,0.0225176
0.0738612,0.0223009
0.0744606,0.0220843
0.0750601,0.0218676
0.0756595,0.0216509
0.076259,0.0214342
0.0768585,0.0212175
0.077458,0.0210008
0.0780575,0.0207841
0.0786571,0.0205674
0.0792566,0.0203507
0.0798562,0.0201339
0.0804558,0.0199172
0.0810555,0.0197004
0.0816551,0.0194837
0.0822548,0.0192669
0.0828545,0.0190502
0.0834542,0.0188334
0.0840539,0.0186166
0.0846536,0.0183998
0.0852534,0.018183
0.0858532,0.0179662
0.086453,0.0177409
0.0870528,0.0175156
0.0876526,0.0172902
0.0882525,0.0170649
0.0888524,0.0168395
0.0894522,0.0166142
0.0900522,0.0163888
0.0906521,0.0161634
0.091252,0.0159381
0.091852,0.0157127
0.092452,0.0154873
0.093052,0.0152619
0.093652,0.0150365
0.0942521,0.0148111
0.0948521,0.0145856
0.0954522,0.0143602
0.0960523,0.0141348
0.0966524,0.0139093
0.0972526,0.0139008
0.0978527,0.0138923
0.0984529,0.0138838
0.0990531,0.0138752
0.0996533,0.0138667
0.100253,0.0138582
0.100854,0.0138497
0.101454,0.0138411
0.102054,0.0138326
0.102655,0.0138241
0.103255,0.0138156
0.103855,0.0138071
0.104456,0.0137985
0.105056,0.01379
0.105656,0.0137815
0.106257,0.013773
0.106857,0.0137644
0.107458,0.0137559
0.108058,0.0137474
0.108659,0.0137389
0.109259,0.0137303
0.109859,0.0137218
0.11046,0.0137218
0.111061,0.0137218
0.111661,0.0137218
0.112262,0.0137218
0.112862,0.0137218
0.113463,0.0137218
0.114064,0.0137218
0.114664,0.0137218
0.115265,0.0137218
0.115866,0.0137218
0.116466,0.0137218
0.117067,0.0137218
0.117668,0.0137218
0.118268,0.0137218
0.118869,0.0137218
0.11947,0.0137218
0.120071,0.0137218
0.120672,0.0137218
0.121272,0.0137218
0.121873,0.0137218
0.122474,0.0137218
0.123075,0.0137218
0.123676,0.0137218
0.124277,0.0137218
0.124878,0.0137218
0.125479,0.0137218
0.12608,0.0137218
0.126681,0.0137218
0.127282,0.0137218
0.127883,0.0137218
0.128484,0.0137218
0.129085,0.0137218
0.129686,0.0137218
0.130287,0.0137218
0.130888,0.0137218
0.131489,0.0137218
0.13209,0.0137218
0.132691,0.0137218
0.133292,0.0137218
0.133893,0.0137218
0.134495,0.0137218
0.135096,0.0137218
0.135697,0.0137218
0.136298,0.0137218
0.1369,0.0137218
0.137501,0.0137218
0.138102,0.0137218
0.138703,0.0137218
0.139305,0.0137218
0.139906,0.0137218
0.140507,0.0137218
0.141109,0.0137218
0.14171,0.0137218
0.142311,0.0137218
0.142913,0.0137218
0.143514,0.0137218
0.144116,0.0137218
0.144717,0.0137218
0.145318,0.0137218
0.14592,0.0137218
0.146521,0.0137218
0.147123,0.0137218
0.147724,0.0137218
0.148326,0.0137218
0.148927,0.0137218
0.149529,0.0137218
0.150131,0.0137218
0.150732,0.0137218
0.151334,0.0137218
0.151935,0.0137218
0.152537,0.0137218
0.153139,0.0137218
0.15374,0.0137218
0.154342,0.0137218
0.154944,0.0137218
0.155545,0.0137218
0.156147,0.0137218
0.156749,0.0137218
0.157351,0.0137218
0.157952,0.0137218
0.158554,0.0137218
0.159156,0.0137218
0.159758,0.0137218
0.160359,0.0137218
0.160961,0.0137218
0.161563,0.0137218
0.162165,0.0137218
0.162767,0.0137218
0.163369,0.0137218
0.163971,0.0137218
0.164572,0.0137218
0.165174,0.0137218
0.165776,0.0137218
0.166378,0.0137218
0.16698,0.0137218
0.167582,0.0137218
0.168184,0.0137218
0.168786,0.0137218
0.169388,0.0137218
0.16999,0.0137218
0.170592,0.0137218
0.171194,0.0137218
0.171796,0.0137218
0.172398,0.0137218
0.173,0.0137218
0.173602,0.0137218
0.174205,0.0137218
0.174807,0.0137218
0.175409,0.0137218
0.176011,0.0137218
0.176613,0.0137896
0.177215,0.0138574
0.177817,0.0139253
0.17842,0.0139931
0.179022,0.0140609
0.179624,0.0141288
0.180226,0.0141966
0.180829,0.0142644
0.181431,0.0143322
0.182033,0.0144001
0.182635,0.0144679
0.183238,0.0145358
0.18384,0.0146036
0.184442,0.0146714
0.185045,0.0147393
0.185647,0.0148071
0.186249,0.014875
0.186852,0.0149428
0.187454,0.0150107
0.188056,0.0150785
0.188659,0.0151464
0.189261,0.0152142
0.189864,0.0152821
0.190466,0.0153499
0.191069,0.0154178
0.191671,0.0154856
0.192273,0.0155535
0.192876,0.0156213
0.193478,0.0156892
0.194081,0.0157571
0.194683,0.0158249
0.195286,0.0158928
0.195888,0.0159606
0.196491,0.0160285
0.197094,0.0160964
0.197696,0.0161642
0.198299,0.0162321
0.198901,0.0163
0.199504,0.0163679
0.200107,0.0164357
0.200709,0.0165036
0.201312,0.0165715
0.201914,0.0166394
0.202517,0.0167072
0.20312,0.0167751
0.203722,0.016843
0.204325,0.0169109
0.204928,0.0169788
0.20553,0.0170466
0.206133,0.0171145
0.206736,0.0171824
0.207339,0.0172503
0.207941,0.0173182
0.208544,0.0173861
0.209147,0.017454
0.20975,0.0175219
0.210352,0.0175897
0.210955,0.0176576
0.211558,0.0177255
0.212161,0.0177934
0.212764,0.0178613
0.213367,0.0179292
0.213969,0.0179971
0.214572,0.018065
0.215175,0.0181329
0.215778,0.0182008
0.216381,0.0182687
0.216984,0.0183366
0.217587,0.0184045
0.21819,0.0184725
0.218793,0.0185404
0.219395,0.0186083
0.219998,0.0186762
0.220601,0.0187441
0.221204,0.018812
0.221807,0.0188799
0.22241,0.0189478
0.223013,0.0190157
0.223616,0.0190837
0.224219,0.0191516
0.224822,0.0192195
0.225425,0.0192874
0.226028,0.0193553
0.226631,0.0194233
0.227234,0.0194912
0.227837,0.0195591
0.228441,0.019627
0.229044,0.019695
0.229647,0.0197629
0.23025,0.0198308
0.230853,0.0198987
0.231456,0.0199667
0.232059,0.0200346
0.232662,0.0201025
0.233265,0.0201705
0.233868,0.0202384
0.234472,0.0203063
0.235075,0.0203743
0.235678,0.0204422
0.236281,0.0205101
0.236884,0.0205781
0.237488,0.020646
0.238091,0.020714
0.238694,0.0207819
0.239297,0.0208498
0.2399,0.0209178
0.240504,0.0209857
0.241107,0.0210537
0.24171,0.0211216
0.242313,0.0211896
0.242917,0.0212575
0.24352,0.0213255
0.244123,0.0213934
0.244726,0.0214613
0.24533,0.0215293
0.245933,0.0215972
0.246536,0.0216652
0.24714,0.0217332
0.247743,0.0218011
0.248346,0.0218691
0.24895,0.021937
0.249553,0.022005
0.250156,0.0220729
0.25076,0.0221409
0.251363,0.0222088
0.251966,0.0222768
0.25257,0.0223448
0.253173,0.0224127
0.253777,0.0224807
0.25438,0.0225486
0.254983,0.0226166
0.255587,0.0226846
0.25619,0.0227525
0.256794,0.0228205
0.257397,0.0228885
0.258,0.0229564
0.258604,0.0230244
0.259207,0.0230924
0.259811,0.0231603
0.260414,0.0232283
0.261018,0.0232963
0.261621,0.0233642
0.262225,0.0234322
0.262828,0.0235002
0.263432,0.0235682
0.264035,0.0236361
0.264639,0.0237041
0.265242,0.0237721
0.265846,0.0238401
0.266449,0.023908
0.267053,0.023976
0.267656,0.024044
0.26826,0.024112
0.268863,0.02418
0.269467,0.0242479
0.270071,0.0243159
0.270674,0.0243839
0.271278,0.0244519
0.271881,0.0245199
0.272485,0.0245878
0.273088,0.0246558
0.273692,0.0247238
0.274296,0.0247918
0.274899,0.0248598
0.275503,0.0249278
0.276106,0.0249957
0.27671,0.0250637
0.277314,0.0251317
0.277917,0.0251997
0.278521,0.0252677
0.279125,0.0253357
0.279728,0.0254037
0.280332,0.0254717
0.280935,0.0255397
0.281539,0.0256076
0.282143,0.0256756
0.282746,0.0257436
0.28335,0.0258116
0.283954,0.0258796
0.284557,0.0259476
0.285161,0.0260156
0.285765,0.0260836
0.286369,0.0261516
0.286972,0.0262196
0.287576,0.0262876
0.28818,0.0263556
0.288783,0.0264236
0.289387,0.0264916
0.289991,0.0265596
0.290595,0.0266276
0.291198,0.0266956
0.291802,0.0267636
0.292406,0.0268316
0.293009,0.0268996
0.293613,0.0269676
0.294217,0.0270356
0.294821,0.0271036
0.295424,0.0271716
0.296028,0.0272396
0.296632,0.0273076
0.297236,0.0273756
0.29784,0.0274436
0.298443,0.0275116
0.299047,0.0275796
0.299651,0.0276476
0.300255,0.0277156
0.300858,0.0277836
0.301462,0.0278516
0.302066,0.0279196
0.30267,0.0279877
0.303274,0.0280557
0.303877,0.0281237
0.304481,0.0281917
0.305085,0.0282597
0.305689,0.0283277
0.306293,0.0283957
0.306897,0.0284637
0.3075,0.0285317
0.308104,0.0285997
0.308708,0.0286677
0.309312,0.0287358
0.309916,0.0288038
0.310519,0.0288718
0.311123,0.0289398
0.311727,0.0290078
0.312331,0.0290758
0.312935,0.0291438
0.313539,0.0292118
0.314143,0.0292799
0.314746,0.0293479
0.31535,0.0294159
0.315954,0.0294839
0.316558,0.0295519
0.317162,0.0296199
0.317766,0.0296879
0.31837,0.029756
0.318973,0.029824
0.319577,0.029892
0.320181,0.02996
0.320785,0.030028
0.321389,0.030096
0.321993,0.0301641
0.322597,0.0302321
0.323201,0.0303001
0.323804,0.0303681
0.324408,0.0304361
0.325012,0.0305041
0.325616,0.0305722
0.32622,0.0306402
0.326824,0.0307082
0.327428,0.0307762
0.328032,0.0308442
0.328636,0.0309122
0.32924,0.0309803
0.329843,0.0310483
0.330447,0.0311163
0.331051,0.0311843
0.331655,0.0312523
0.332259,0.0313204
0.332863,0.0313884
0.333467,0.0314564
0.334071,0.0315244
0.334675,0.0315924
0.335279,0.0316605
0.335882,0.0317285
0.336486,0.0317965
0.33709,0.0318645
0.337694,0.0319325
0.338298,0.0320006
0.338902,0.0320686
0.339506,0.0321366
0.34011,0.0322046
0.340714,0.0322726
0.341318,0.0323407
0.341922,0.0324087
0.342526,0.0324767
0.343129,0.0325447
0.343733,0.0326127
0.344337,0.0326808
0.344941,0.0327488
0.345545,0.0328168
0.346149,0.0328848
0.346753,0.0329528
0.347368,0.0330209
0.348006,0.0330914
0.348667,0.0331646
0.349353,0.0332404
0.350063,0.033319
0.3508,0.0334005
0.351562,0.0334848
0.352352,0.0335722
0.353169,0.0336627
0.354015,0.0337564
0.35489,0.0338533
0.355796,0.0339535
0.356732,0.0340572
0.357699,0.0341644
0.358699,0.0342752
0.359732,0.0343896
0.360798,0.0345078
0.361898,0.0346298
0.363034,0.0347557
0.364204,0.0348855
0.365412,0.0350194
0.366655,0.0351574
0.367937,0.0352996
0.369256,0.035446
0.370613,0.0355967
0.372009,0.0357518
0.373444,0.0359112
0.374919,0.0360751
0.376433,0.0362434
0.377988,0.0364162
0.379582,0.0365936
0.381217,0.0367755
0.382893,0.0369619
0.384608,0.0371529
0.386364,0.0373484
0.38816,0.0375484
0.389996,0.037753
0.391871,0.037962
0.393786,0.0381754
0.395739,0.0383932
0.397729,0.0386153
0.399757,0.0388417
0.401822,0.0390722
0.403922,0.0393067
0.406057,0.0395452
0.408225,0.0397876
0.410425,0.0400336
0.412657,0.0402833
0.414918,0.0405363
0.417208,0.0407927
0.419524,0.0410521
0.421866,0.0413145
0.424231,0.0415796
0.426618,0.0418473
0.429024,0.0421173
0.431449,0.0423894
0.43389,0.0426634
0.436344,0.0429392
0.438811,0.0432164
0.441287,0.0434948
0.443771,0.0437742
0.44626,0.0440543
0.448753,0.044335
0.451247,0.0446159
-0.000298318,0.0309791
0.000298318,0.0309791
0.000894966,0.0309791
0.00149164,0.0309791
0.00208834,0.0309791
0.00268506,0.0309791
0.00328181,0.0309791
0.00387858,0.0309791
0.00447538,0.0309791
0.0050722,0.0309791
0.00566905,0.0309791
0.00626592,0.0309791
0.00686282,0.0309791
0.00745974,0.0309791
0.00805669,0.0309791
0.00865366,0.0309791
0.00925066,0.0309791
0.00984768,0.0309791
0.0104447,0.0309791
0.0110418,0.0309791
0.0116389,0.0309791
0.012236,0.0309791
0.0128331,0.0309791
0.0134303,0.0309791
0.0140275,0.0309791
0.0146247,0.0309791
0.0152219,0.0309791
0.0158192,0.0309791
0.0164165,0.0309791
0.0170138,0.0309791
0.0176111,0.0309791
0.0182085,0.0309791
0.0188059,0.0309791
0.0194033,0.0309791
0.0200007,0.0309791
0.0205982,0.0309791
0.0211956,0.0309791
0.0217931,0.0309791
0.0223907,0.0309791
0.0229882,0.0309791
0.0235858,0.0309791
0.0241834,0.0309791
0.024781,0.0309791
0.0253786,0.0309791
0.0259763,0.0309791
0.026574,0.0309791
0.0271717,0.0309791
0.0277694,0.0309791
0.0283672,0.0309791
0.028965,0.0309791
0.0295628,0.0309791
0.0301606,0.0309791
0.0307585,0.0309791
0.0313563,0.0309791
0.0319542,0.0309791
0.0325521,0.0309791
0.0331501,0.0309791
0.033748,0.0309791
0.034346,0.0309791
0.034944,0.0309791
0.0355421,0.0309791
0.0361401,0.0309791
0.0367382,0.0309791
0.0373363,0.0309791
0.0379344,0.0309791
0.0385326,0.0309791
0.0391307,0.0309791
0.0397289,0.0309791
0.0403271,0.0309791
0.0409254,0.0309791
0.0415236,0.0309791
0.0421219,0.0309791
0.0427202,0.0309791
0.0433185,0.0309791
0.0439169,0.0309791
0.0445152,0.0309791
0.0451136,0.0309791
0.045712,0.0309791
0.0463105,0.0309791
0.0469089,0.0309791
0.0475074,0.0309791
0.0481059,0.0309791
0.0487044,0.0309791
0.0493029,0.0309791
0.0499015,0.0309791
0.0505001,0.0309791
0.0510987,0.0309791
0.0516973,0.030759
0.052296,0.0305389
0.0528946,0.0303189
0.0534933,0.0300988
0.054092,0.0298787
0.0546908,0.0296586
0.0552895,0.0294385
0.0558883,0.0292184
0.0564871,0.0289983
0.0570859,0.0287781
0.0576848,0.028558
0.0582836,0.0283379
0.0588825,0.0281177
0.0594814,0.0278976
0.0600803,0.0276774
0.0606793,0.0274572
0.0612782,0.0272371
0.0618772,0.0270169
0.0624762,0.0267967
0.0630753,0.0265765
0.0636743,0.0263563
0.0642734,0.026136
0.0648725,0.0259158
0.0654716,0.0256956
0.0660707,0.0254753
0.0666698,0.0252551
0.067269,0.0250348
0.0678682,0.0248146
0.0684674,0.0245943
0.0690667,0.024374
0.0696659,0.0241537
0.0702652,0.0239334
0.0708645,0.0237131
0.0714638,0.0234928
0.0720631,0.0232725
0.0726625,0.0230522
0.0732618,0.0228319
0.0738612,0.0226115
0.0744606,0.0223912
0.0750601,0.0221708
0.0756595,0.0219505
0.076259,0.0217301
0.0768585,0.0215097
0.077458,0.0212893
0.0780575,0.021069
0.0786571,0.0208486
0.0792566,0.0206282
0.0798562,0.0204078
0.0804558,0.0201873
0.0810555,0.0199669
0.0816551,0.0197465
0.0822548,0.019526
0.0828545,0.0193056
0.0834542,0.0190851
0.0840539,0.0188647
0.0846536,0.0186442
0.0852534,0.0184237
0.0858532,0.0182033
0.086453,0.0179758
0.0870528,0.0177484
0.0876526,0.0175209
0.0882525,0.0172934
0.0888524,0.0170659
0.0894522,0.0168384
0.0900522,0.0166109
0.0906521,0.0163834
0.091252,0.0161559
0.091852,0.0159284
0.092452,0.0157009
0.093052,0.0154734
0.093652,0.0152458
0.0942521,0.0150183
0.0948521,0.0147907
0.0954522,0.0145632
0.0960523,0.0143356
0.0966524,0.014108
0.0972526,0.0141011
0.0978527,0.0140941
0.0984529,0.0140871
0.0990531,0.0140802
0.0996533,0.0140732
0.100253,0.0140662
0.100854,0.0140593
0.101454,0.0140523
0.102054,0.0140453
0.102655,0.0140383
0.103255,0.0140314
0.103855,0.0140244
0.104456,0.0140174
0.105056,0.0140105
0.105656,0.0140035
0.106257,0.0139965
0.106857,0.0139895
0.107458,0.0139826
0.108058,0.0139756
0.108659,0.0139686
0.109259,0.0139617
0.109859,0.0139547
0.11046,0.0139547
0.111061,0.0139547
0.111661,0.0139547
0.112262,0.0139547
0.112862,0.0139547
0.113463,0.0139547
0.114064,0.0139547
0.114664,0.0139547
0.115265,0.0139547
0.115866,0.0139547
0.116466,0.0139547
0.117067,0.0139547
0.117668,0.0139547
0.118268,0.0139547
0.118869,0.0139547
0.11947,0.0139547
0.120071,0.0139547
0.120672,0.0139547
0.121272,0.0139547
0.121873,0.0139547
0.122474,0.0139547
0.123075,0.0139547
0.123676,0.0139547
0.124277,0.0139547
0.124878,0.0139547
0.125479,0.0139547
0.12608,0.0139547
0.126681,0.0139547
0.127282,0.0139547
0.127883,0.0139547
0.128484,0.0139547
0.129085,0.0139547
0.129686,0.0139547
0.130287,0.0139547
0.130888,0.0139547
0.131489,0.0139547
0.13209,0.0139547
0.132691,0.0139547
0.133292,0.0139547
0.133893,0.0139547
0.134495,0.0139547
0.135096,0.0139547
0.135697,0.0139547
0.136298,0.0139547
0.1369,0.0139547
0.137501,0.0139547
0.138102,0.0139547
0.138703,0.0139547
0.139305,0.0139547
0.139906,0.0139547
0.140507,0.0139547
0.141109,0.0139547
0.14171,0.0139547
0.142311,0.0139547
0.142913,0.0139547
0.143514,0.0139547
0.144116,0.0139547
0.144717,0.0139547
0.145318,0.0139547
0.14592,0.0139547
0.146521,0.0139547
0.147123,0.0139547
0.147724,0.0139547
0.148326,0.0139547
0.148927,0.0139547
0.149529,0.0139547
0.150131,0.0139547
0.150732,0.0139547
0.151334,0.0139547
0.151935,0.0139547
0.152537,0.0139547
0.153139,0.0139547
0.15374,0.0139547
0.154342,0.0139547
0.154944,0.0139547
0.155545,0.0139547
0.156147,0.0139547
0.156749,0.0139547
0.157351,0.0139547
0.157952,0.0139547
0.158554,0.0139547
0.159156,0.0139547
0.159758,0.0139547
0.160359,0.0139547
0.160961,0.0139547
0.161563,0.0139547
0.162165,0.0139547
0.162767,0.0139547
0.163369,0.0139547
0.163971,0.0139547
0.164572,0.0139547
0.165174,0.0139547
0.165776,0.0139547
0.166378,0.0139547
0.16698,0.0139547
0.167582,0.0139547
0.168184,0.0139547
0.168786,0.0139547
0.169388,0.0139547
0.16999,0.0139547
0.170592,0.0139547
0.171194,0.0139547
0.171796,0.0139547
0.172398,0.0139547
0.173,0.0139547
0.173602,0.0139547
0.174205,0.0139547
0.174807,0.0139547
0.175409,0.0139547
0.176011,0.0139547
0.176613,0.0140237
0.177215,0.0140926
0.177817,0.0141616
0.17842,0.0142306
0.179022,0.0142996
0.179624,0.0143685
0.180226,0.0144375
0.180829,0.0145065
0.181431,0.0145755
0.182033,0.0146445
0.182635,0.0147135
0.183238,0.0147825
0.18384,0.0148514
0.184442,0.0149204
0.185045,0.0149894
0.185647,0.0150584
0.186249,0.0151274
0.186852,0.0151964
0.187454,0.0152654
0.188056,0.0153344
0.188659,0.0154034
0.189261,0.0154724
0.189864,0.0155414
0.190466,0.0156104
0.191069,0.0156794
0.191671,0.0157484
0.192273,0.0158174
0.192876,0.0158865
0.193478,0.0159555
0.194081,0.0160245
0.194683,0.0160935
0.195286,0.0161625
0.195888,0.0162315
0.196491,0.0163005
0.197094,0.0163696
0.197696,0.0164386
0.198299,0.0165076
0.198901,0.0165766
0.199504,0.0166456
0.200107,0.0167147
0.200709,0.0167837
0.201312,0.0168527
0.201914,0.0169218
0.202517,0.0169908
0.20312,0.0170598
0.203722,0.0171288
0.204325,0.0171979
0.204928,0.0172669
0.20553,0.017336
0.206133,0.017405
0.206736,0.017474
0.207339,0.0175431
0.207941,0.0176121
0.208544,0.0176811
0.209147,0.0177502
0.20975,0.0178192
0.210352,0.0178883
0.210955,0.0179573
0.211558,0.0180264
0.212161,0.0180954
0.212764,0.0181645
0.213367,0.0182335
0.213969,0.0183026
0.214572,0.0183716
0.215175,0.0184407
0.215778,0.0185097
0.216381,0.0185788
0.216984,0.0186478
0.217587,0.0187169
0.21819,0.018786
0.218793,0.018855
0.219395,0.0189241
0.219998,0.0189932
0.220601,0.0190622
0.221204,0.0191313
0.221807,0.0192003
0.22241,0.0192694
0.223013,0.0193385
0.223616,0.0194076
0.224219,0.0194766
0.224822,0.0195457
0.225425,0.0196148
0.226028,0.0196838
0.226631,0.0197529
0.227234,0.019822
0.227837,0.0198911
0.228441,0.0199601
0.229044,0.0200292
0.229647,0.0200983
0.23025,0.0201674
0.230853,0.0202365
0.231456,0.0203055
0.232059,0.0203746
0.232662,0.0204437
0.233265,0.0205128
0.233868,0.0205819
0.234472,0.020651
0.235075,0.0207201
0.235678,0.0207891
0.236281,0.0208582
0.236884,0.0209273
0.237488,0.0209964
0.238091,0.0210655
0.238694,0.0211346
0.239297,0.0212037
0.2399,0.0212728
0.240504,0.0213419
0.241107,0.021411
0.24171,0.0214801
0.242313,0.0215492
0.242917,0.0216183
0.24352,0.0216874
0.244123,0.0217565
0.244726,0.0218256
0.24533,0.0218947
0.245933,0.0219638
0.246536,0.0220329
0.24714,0.022102
0.247743,0.0221711
0.248346,0.0222402
0.24895,0.0223093
0.249553,0.0223784
0.250156,0.0224475
0.25076,0.0225167
0.251363,0.0225858
0.251966,0.0226549
0.25257,0.022724
0.253173,0.0227931
0.253777,0.0228622
0.25438,0.0229313
0.254983,0.0230005
0.255587,0.0230696
0.25619,0.0231387
0.256794,0.0232078
0.257397,0.0232769
0.258,0.023346
0.258604,0.0234152
0.259207,0.0234843
0.259811,0.0235534
0.260414,0.0236225
0.261018,0.0236917
0.261621,0.0237608
0.262225,0.0238299
0.262828,0.023899
0.263432,0.0239682
0.264035,0.0240373
0.264639,0.0241064
0.265242,0.0241755
0.265846,0.0242447
0.266449,0.0243138
0.267053,0.0243829
0.267656,0.0244521
0.26826,0.0245212
0.268863,0.0245903
0.269467,0.0246595
0.270071,0.0247286
0.270674,0.0247977
0.271278,0.0248669
0.271881,0.024936
0.272485,0.0250051
0.273088,0.0250743
0.273692,0.0251434
0.274296,0.0252126
0.274899,0.0252817
0.275503,0.0253508
0.276106,0.02542
0.27671,0.0254891
0.277314,0.0255583
0.277917,0.0256274
0.278521,0.0256965
0.279125,0.0257657
0.279728,0.0258348
0.280332,0.025904
0.280935,0.0259731
0.281539,0.0260423
0.282143,0.0261114
0.282746,0.0261806
0.28335,0.0262497
0.283954,0.0263188
0.284557,0.026388
0.285161,0.0264571
0.285765,0.0265263
0.286369,0.0265954
0.286972,0.0266646
0.287576,0.0267337
0.28818,0.0268029
0.288783,0.026872
0.289387,0.0269412
0.289991,0.0270103
0.290595,0.0270795
0.291198,0.0271487
0.291802,0.0272178
0.292406,0.027287
0.293009,0.0273561
0.293613,0.0274253
0.294217,0.0274944
0.294821,0.0275636
0.295424,0.0276327
0.296028,0.0277019
0.296632,0.0277711
0.297236,0.0278402
0.29784,0.0279094
0.298443,0.0279785
0.299047,0.0280477
0.299651,0.0281169
0.300255,0.028186
0.300858,0.0282552
0.301462,0.0283243
0.302066,0.0283935
0.30267,0.0284627
0.303274,0.0285318
0.303877,0.028601
0.304481,0.0286701
0.305085,0.0287393
0.305689,0.0288085
0.306293,0.0288776
0.306897,0.0289468
0.3075,0.029016
0.308104,0.0290851
0.308708,0.0291543
0.309312,0.0292235
0.309916,0.0292926
0.310519,0.0293618
0.311123,0.029431
0.311727,0.0295001
0.312331,0.0295693
0.312935,0.0296385
0.313539,0.0297076
0.314143,0.0297768
0.314746,0.029846
0.31535,0.0299151
0.315954,0.0299843
0.316558,0.0300535
0.317162,0.0301226
0.317766,0.0301918
0.31837,0.030261
0.318973,0.0303301
0.319577,0.0303993
0.320181,0.0304685
0.320785,0.0305377
0.321389,0.0306068
0.321993,0.030676
0.322597,0.0307452
0.323201,0.0308143
0.323804,0.0308835
0.324408,0.0309527
0.325012,0.0310218
0.325616,0.031091
0.32622,0.0311602
0.326824,0.0312294
0.327428,0.0312985
0.328032,0.0313677
0.328636,0.0314369
0.32924,0.0315061
0.329843,0.0315752
0.330447,0.0316444
0.331051,0.0317136
0.331655,0.0317827
0.332259,0.0318519
0.332863,0.0319211
0.333467,0.0319903
0.334071,0.0320594
0.334675,0.0321286
0.335279,0.0321978
0.335882,0.032267
0.336486,0.0323361
0.33709,0.0324053
0.337694,0.0324745
0.338298,0.0325437
0.338902,0.0326128
0.339506,0.032682
0.34011,0.0327512
0.340714,0.0328204
0.341318,0.0328895
0.341922,0.0329587
0.342526,0.0330279
0.343129,0.0330971
0.343733,0.0331662
0.344337,0.0332354
0.344941,0.0333046
0.345545,0.0333738
0.346149,0.0334429
0.346753,0.0335121
0.347368,0.0335813
0.348006,0.033653
0.348667,0.0337274
0.349353,0.0338046
0.350063,0.0338845
0.3508,0.0339673
0.351562,0.0340531
0.352352,0.034142
0.353169,0.034234
0.354015,0.0343293
0.35489,0.0344278
0.355796,0.0345298
0.356732,0.0346352
0.357699,0.0347442
0.358699,0.0348569
0.359732,0.0349732
0.360798,0.0350934
0.361898,0.0352175
0.363034,0.0353455
0.364204,0.0354776
0.365412,0.0356138
0.366655,0.0357541
0.367937,0.0358987
0.369256,0.0360476
0.370613,0.0362009
0.372009,0.0363586
0.373444,0.0365207
0.374919,0.0366873
0.376433,0.0368585
0.377988,0.0370343
0.379582,0.0372146
0.381217,0.0373996
0.382893,0.0375892
0.384608,0.0377834
0.386364,0.0379822
0.38816,0.0381857
0.389996,0.0383937
0.391871,0.0386062
0.393786,0.0388233
0.395739,0.0390448
0.397729,0.0392707
0.399757,0.0395009
0.401822,0.0397353
0.403922,0.0399738
0.406057,0.0402164
0.408225,0.0404629
0.410425,0.0407131
0.412657,0.040967
0.414918,0.0412243
0.417208,0.041485
0.419524,0.0417489
0.421866,0.0420157
0.424231,0.0422853
0.426618,0.0425575
0.429024,0.0428321
0.431449,0.0431088
0.43389,0.0433875
0.436344,0.0436679
0.438811,0.0439498
0.441287,0.044233
0.443771,0.0445171
0.44626,0.044802
0.448753,0.0450874
0.451247,0.0453731
-0.000298318,0.0314289
0.000298318,0.0314289
0.000894966,0.0314289
0.00149164,0.0314289
0.00208834,0.0314289
0.00268506,0.0314289
0.00328181,0.0314289
0.00387858,0.0314289
0.00447538,0.0314289
0.0050722,0.0314289
0.00566905,0.0314289
0.00626592,0.0314289
0.00686282,0.0314289
0.00745974,0.0314289
0.00805669,0.0314289
0.00865366,0.0314289
0.00925066,0.0314289
0.00984768,0.0314289
0.0104447,0.0314289
0.0110418,0.0314289
0.0116389,0.0314289
0.012236,0.0314289
0.0128331,0.0314289
0.0134303,0.0314289
0.0140275,0.0314289
0.0146247,0.0314289
0.0152219,0.0314289
0.0158192,0.0314289
0.0164165,0.0314289
0.0170138,0.0314289
0.0176111,0.0314289
0.0182085,0.0314289
0.0188059,0.0314289
0.0194033,0.0314289
0.0200007,0.0314289
0.0205982,0.0314289
0.0211956,0.0314289
0.0217931,0.0314289
0.0223907,0.0314289
0.0229882,0.0314289
0.0235858,0.0314289
0.0241834,0.0314289
0.024781,0.0314289
0.0253786,0.0314289
0.0259763,0.0314289
0.026574,0.0314289
0.0271717,0.0314289
0.0277694,0.0314289
0.0283672,0.0314289
0.028965,0.0314289
0.0295628,0.0314289
0.0301606,0.0314289
0.0307585,0.0314289
0.0313563,0.0314289
0.0319542,0.0314289
0.0325521,0.0314289
0.0331501,0.0314289
0.033748,0.0314289
0.034346,0.0314289
0.034944,0.0314289
0.0355421,0.0314289
0.0361401,0.0314289
0.0367382,0.0314289
0.0373363,0.0314289
0.0379344,0.0314289
0.0385326,0.0314289
0.0391307,0.0314289
0.0397289,0.0314289
0.0403271,0.0314289
0.0409254,0.0314289
0.0415236,0.0314289
0.0421219,0.0314289
0.0427202,0.0314289
0.0433185,0.0314289
0.0439169,0.0314289
0.0445152,0.0314289
0.0451136,0.0314289
0.045712,0.0314289
0.0463105,0.0314289
0.0469089,0.0314289
0.0475074,0.0314289
0.0481059,0.0314289
0.0487044,0.0314289
0.0493029,0.0314289
0.0499015,0.0314289
0.0505001,0.0314289
0.0510987,0.0314289
0.0516973,0.0312052
0.052296,0.0309814
0.0528946,0.0307577
0.0534933,0.030534
0.054092,0.0303102
0.0546908,0.0300864
0.0552895,0.0298627
0.0558883,0.0296389
0.0564871,0.0294151
0.0570859,0.0291913
0.0576848,0.0289675
0.0582836,0.0287437
0.0588825,0.0285199
0.0594814,0.028296
0.0600803,0.0280722
0.0606793,0.0278483
0.0612782,0.0276245
0.0618772,0.0274006
0.0624762,0.0271768
0.0630753,0.0269529
0.0636743,0.026729
0.0642734,0.0265051
0.0648725,0.0262812
0.0654716,0.0260573
0.0660707,0.0258334
0.0666698,0.0256095
0.067269,0.0253856
0.0678682,0.0251616
0.0684674,0.0249377
0.0690667,0.0247137
0.0696659,0.0244898
0.0702652,0.0242658
0.0708645,0.0240418
0.0714638,0.0238178
0.0720631,0.0235939
0.0726625,0.0233699
0.0732618,0.0231459
0.0738612,0.0229218
0.0744606,0.0226978
0.0750601,0.0224738
0.0756595,0.0222498
0.076259,0.0220257
0.0768585,0.0218017
0.077458,0.0215776
0.0780575,0.0213536
0.0786571,0.0211295
0.0792566,0.0209054
0.0798562,0.0206813
0.0804558,0.0204572
0.0810555,0.0202331
0.0816551,0.020009
0.0822548,0.0197849
0.0828545,0.0195608
0.0834542,0.0193367
0.0840539,0.0191125
0.0846536,0.0188884
0.0852534,0.0186642
0.0858532,0.0184401
0.086453,0.0182105
0.0870528,0.0179809
0.0876526,0.0177513
0.0882525,0.0175217
0.0888524,0.0172921
0.0894522,0.0170625
0.0900522,0.0168329
0.0906521,0.0166033
0.091252,0.0163736
0.091852,0.016144
0.092452,0.0159143
0.093052,0.0156847
0.093652,0.015455
0.0942521,0.0152253
0.0948521,0.0149957
0.0954522,0.014766
0.0960523,0.0145363
0.0966524,0.0143066
0.0972526,0.0143012
0.0978527,0.0142957
0.0984529,0.0142903
0.0990531,0.0142849
0.0996533,0.0142795
0.100253,0.0142741
0.100854,0.0142687
0.101454,0.0142632
0.102054,0.0142578
0.102655,0.0142524
0.103255,0.014247
0.103855,0.0142416
0.104456,0.0142361
0.105056,0.0142307
0.105656,0.0142253
0.106257,0.0142199
0.106857,0.0142145
0.107458,0.014209
0.108058,0.0142036
0.108659,0.0141982
0.109259,0.0141928
0.109859,0.0141874
0.11046,0.0141874
0.111061,0.0141874
0.111661,0.0141874
0.112262,0.0141874
0.112862,0.0141874
0.113463,0.0141874
0.114064,0.0141874
0.114664,0.0141874
0.115265,0.0141874
0.115866,0.0141874
0.116466,0.0141874
0.117067,0.0141874
0.117668,0.0141874
0.118268,0.0141874
0.118869,0.0141874
0.11947,0.0141874
0.120071,0.0141874
0.120672,0.0141874
0.121272,0.0141874
0.121873,0.0141874
0.122474,0.0141874
0.123075,0.0141874
0.123676,0.0141874
0.124277,0.0141874
0.124878,0.0141874
0.125479,0.0141874
0.12608,0.0141874
0.126681,0.0141874
0.127282,0.0141874
0.127883,0.0141874
0.128484,0.0141874
0.129085,0.0141874
0.129686,0.0141874
0.130287,0.0141874
0.130888,0.0141874
0.131489,0.0141874
0.13209,0.0141874
0.132691,0.0141874
0.133292,0.0141874
0.133893,0.0141874
0.134495,0.0141874
0.135096,0.0141874
0.135697,0.0141874
0.136298,0.0141874
0.1369,0.0141874
0.137501,0.0141874
0.138102,0.0141874
0.138703,0.0141874
0.139305,0.0141874
0.139906,0.0141874
0.140507,0.0141874
0.141109,0.0141874
0.14171,0.0141874
0.142311,0.0141874
0.142913,0.0141874
0.143514,0.0141874
0.144116,0.0141874
0.144717,0.0141874
0.145318,0.0141874
0.14592,0.0141874
0.146521,0.0141874
0.147123,0.0141874
0.147724,0.0141874
0.148326,0.0141874
0.148927,0.0141874
0.149529,0.0141874
0.150131,0.0141874
0.150732,0.0141874
0.151334,0.0141874
0.151935,0.0141874
0.152537,0.0141874
0.153139,0.0141874
0.15374,0.0141874
0.154342,0.0141874
0.154944,0.0141874
0.155545,0.0141874
0.156147,0.0141874
0.156749,0.0141874
0.157351,0.0141874
0.157952,0.0141874
0.158554,0.0141874
0.159156,0.0141874
0.159758,0.0141874
0.160359,0.0141874
0.160961,0.0141874
0.161563,0.0141874
0.162165,0.0141874
0.162767,0.0141874
0.163369,0.0141874
0.163971,0.0141874
0.164572,0.0141874
0.165174,0.0141874
0.165776,0.0141874
0.166378,0.0141874
0.16698,0.0141874
0.167582,0.0141874
0.168184,0.0141874
0.168786,0.0141874
0.169388,0.0141874
0.16999,0.0141874
0.170592,0.0141874
0.171194,0.0141874
0.171796,0.0141874
0.172398,0.0141874
0.173,0.0141874
0.173602,0.0141874
0.174205,0.0141874
0.174807,0.0141874
0.175409,0.0141874
0.176011,0.0141874
0.176613,0.0142575
0.177215,0.0143276
0.177817,0.0143977
0.17842,0.0144679
0.179022,0.014538
0.179624,0.0146081
0.180226,0.0146783
0.180829,0.0147484
0.181431,0.0148185
0.182033,0.0148887
0.182635,0.0149588
0.183238,0.0150289
0.18384,0.0150991
0.184442,0.0151692
0.185045,0.0152394
0.185647,0.0153095
0.186249,0.0153796
0.186852,0.0154498
0.187454,0.0155199
0.188056,0.0155901
0.188659,0.0156602
0.189261,0.0157304
0.189864,0.0158006
0.190466,0.0158707
0.191069,0.0159409
0.191671,0.016011
0.192273,0.0160812
0.192876,0.0161513
0.193478,0.0162215
0.194081,0.0162917
0.194683,0.0163618
0.195286,0.016432
0.195888,0.0165022
0.196491,0.0165723
0.197094,0.0166425
0.197696,0.0167127
0.198299,0.0167828
0.198901,0.016853
0.199504,0.0169232
0.200107,0.0169934
0.200709,0.0170635
0.201312,0.0171337
0.201914,0.0172039
0.202517,0.0172741
0.20312,0.0173443
0.203722,0.0174144
0.204325,0.0174846
0.204928,0.0175548
0.20553,0.017625
0.206133,0.0176952
0.206736,0.0177654
0.207339,0.0178356
0.207941,0.0179058
0.208544,0.017976
0.209147,0.0180461
0.20975,0.0181163
0.210352,0.0181865
0.210955,0.0182567
0.211558,0.0183269
0.212161,0.0183971
0.212764,0.0184673
0.213367,0.0185375
0.213969,0.0186077
0.214572,0.0186779
0.215175,0.0187482
0.215778,0.0188184
0.216381,0.0188886
0.216984,0.0189588
0.217587,0.019029
0.21819,0.0190992
0.218793,0.0191694
0.219395,0.0192396
0.219998,0.0193098
0.220601,0.0193801
0.221204,0.0194503
0.221807,0.0195205
0.22241,0.0195907
0.223013,0.0196609
0.223616,0.0197311
0.224219,0.0198014
0.224822,0.0198716
0.225425,0.0199418
0.226028,0.020012
0.226631,0.0200823
0.227234,0.0201525
0.227837,0.0202227
0.228441,0.020293
0.229044,0.0203632
0.229647,0.0204334
0.23025,0.0205036
0.230853,0.0205739
0.231456,0.0206441
0.232059,0.0207143
0.232662,0.0207846
0.233265,0.0208548
0.233868,0.0209251
0.234472,0.0209953
0.235075,0.0210655
0.235678,0.0211358
0.236281,0.021206
0.236884,0.0212763
0.237488,0.0213465
0.238091,0.0214167
0.238694,0.021487
0.239297,0.0215572
0.2399,0.0216275
0.240504,0.0216977
0.241107,0.021768
0.24171,0.0218382
0.242313,0.0219085
0.242917,0.0219787
0.24352,0.022049
0.244123,0.0221192
0.244726,0.0221895
0.24533,0.0222598
0.245933,0.02233
0.246536,0.0224003
0.24714,0.0224705
0.247743,0.0225408
0.248346,0.022611
0.24895,0.0226813
0.249553,0.0227516
0.250156,0.0228218
0.25076,0.0228921
0.251363,0.0229624
0.251966,0.0230326
0.25257,0.0231029
0.253173,0.0231732
0.253777,0.0232434
0.25438,0.0233137
0.254983,0.023384
0.255587,0.0234542
0.25619,0.0235245
0.256794,0.0235948
0.257397,0.023665
0.258,0.0237353
0.258604,0.0238056
0.259207,0.0238759
0.259811,0.0239461
0.260414,0.0240164
0.261018,0.0240867
0.261621,0.024157
0.262225,0.0242272
0.262828,0.0242975
0.263432,0.0243678
0.264035,0.0244381
0.264639,0.0245084
0.265242,0.0245786
0.265846,0.0246489
0.266449,0.0247192
0.267053,0.0247895
0.267656,0.0248598
0.26826,0.0249301
0.268863,0.0250003
0.269467,0.0250706
0.270071,0.0251409
0.270674,0.0252112
0.271278,0.0252815
0.271881,0.0253518
0.272485,0.0254221
0.273088,0.0254924
0.273692,0.0255626
0.274296,0.0256329
0.274899,0.0257032
0.275503,0.0257735
0.276106,0.0258438
0.27671,0.0259141
0.277314,0.0259844
0.277917,0.0260547
0.278521,0.026125
0.279125,0.0261953
0.279728,0.0262656
0.280332,0.0263359
0.280935,0.0264062
0.281539,0.0264765
0.282143,0.0265468
0.282746,0.0266171
0.28335,0.0266874
0.283954,0.0267577
0.284557,0.026828
0.285161,0.0268983
0.285765,0.0269686
0.286369,0.0270389
0.286972,0.0271092
0.287576,0.0271795
0.28818,0.0272498
0.288783,0.0273201
0.289387,0.0273904
0.289991,0.0274607
0.290595,0.027531
0.291198,0.0276013
0.291802,0.0276716
0.292406,0.0277419
0.293009,0.0278122
0.293613,0.0278826
0.294217,0.0279529
0.294821,0.0280232
0.295424,0.0280935
0.296028,0.0281638
0.296632,0.0282341
0.297236,0.0283044
0.29784,0.0283747
0.298443,0.028445
0.299047,0.0285153
0.299651,0.0285857
0.300255,0.028656
0.300858,0.0287263
0.301462,0.0287966
0.302066,0.0288669
0.30267,0.0289372
0.303274,0.0290075
0.303877,0.0290779
0.304481,0.0291482
0.305085,0.0292185
0.305689,0.0292888
0.306293,0.0293591
0.306897,0.0294294
0.3075,0.0294998
0.308104,0.0295701
0.308708,0.0296404
0.309312,0.0297107
0.309916,0.029781
0.310519,0.0298514
0.311123,0.0299217
0.311727,0.029992
0.312331,0.0300623
0.312935,0.0301326
0.313539,0.030203
0.314143,0.0302733
0.314746,0.0303436
0.31535,0.0304139
0.315954,0.0304842
0.316558,0.0305546
0.317162,0.0306249
0.317766,0.0306952
0.31837,0.0307655
0.318973,0.0308359
0.319577,0.0309062
0.320181,0.0309765
0.320785,0.0310468
0.321389,0.0311171
0.321993,0.0311875
0.322597,0.0312578
0.323201,0.0313281
0.323804,0.0313984
0.324408,0.0314688
0.325012,0.0315391
0.325616,0.0316094
0.32622,0.0316797
0.326824,0.0317501
0.327428,0.0318204
0.328032,0.0318907
0.328636,0.0319611
0.32924,0.0320314
0.329843,0.0321017
0.330447,0.032172
0.331051,0.0322424
0.331655,0.0323127
0.332259,0.032383
0.332863,0.0324533
0.333467,0.0325237
0.334071,0.032594
0.334675,0.0326643
0.335279,0.0327346
0.335882,0.032805
0.336486,0.0328753
0.33709,0.0329456
0.337694,0.033016
0.338298,0.0330863
0.338902,0.0331566
0.339506,0.0332269
0.34011,0.0332973
0.340714,0.0333676
0.341318,0.0334379
0.341922,0.0335083
0.342526,0.0335786
0.343129,0.0336489
0.343733,0.0337192
0.344337,0.0337896
0.344941,0.0338599
0.345545,0.0339302
0.346149,0.0340006
0.346753,0.0340709
0.347368,0.0341412
0.348006,0.0342142
0.348667,0.0342898
0.349353,0.0343682
0.350063,0.0344495
0.3508,0.0345337
0.351562,0.0346209
0.352352,0.0347113
0.353169,0.0348048
0.354015,0.0349017
0.35489,0.0350019
0.355796,0.0351055
0.356732,0.0352127
0.357699,0.0353235
0.358699,0.0354381
0.359732,0.0355564
0.360798,0.0356786
0.361898,0.0358047
0.363034,0.0359349
0.364204,0.0360691
0.365412,0.0362076
0.366655,0.0363503
0.367937,0.0364973
0.369256,0.0366487
0.370613,0.0368045
0.372009,0.0369648
0.373444,0.0371296
0.374919,0.0372991
0.376433,0.0374731
0.377988,0.0376518
0.379582,0.0378351
0.381217,0.0380232
0.382893,0.038216
0.384608,0.0384134
0.386364,0.0386156
0.38816,0.0388224
0.389996,0.0390339
0.391871,0.03925
0.393786,0.0394706
0.395739,0.0396958
0.397729,0.0399255
0.399757,0.0401595
0.401822,0.0403978
0.403922,0.0406403
0.406057,0.0408869
0.408225,0.0411375
0.410425,0.0413919
0.412657,0.04165
0.414918,0.0419117
0.417208,0.0421767
0.419524,0.042445
0.421866,0.0427162
0.424231,0.0429903
0.426618,0.0432671
0.429024,0.0435462
0.431449,0.0438276
0.43389,0.0441109
0.436344,0.044396
0.438811,0.0446826
0.441287,0.0449705
0.443771,0.0452594
0.44626,0.045549
0.448753,0.0458392
0.451247,0.0461296
-0.000298318,0.0318783
0.000298318,0.0318783
0.000894966,0.0318783
0.00149164,0.0318783
0.00208834,0.0318783
0.00268506,0.0318783
0.00328181,0.0318783
0.00387858,0.0318783
0.00447538,0.0318783
0.0050722,0.0318783
0.00566905,0.0318783
0.00626592,0.0318783
0.00686282,0.0318783
0.00745974,0.0318783
0.00805669,0.0318783
0.00865366,0.0318783
0.00925066,0.0318783
0.00984768,0.0318783
0.0104447,0.0318783
0.0110418,0.0318783
0.0116389,0.0318783
0.012236,0.0318783
0.0128331,0.0318783
0.0134303,0.0318783
0.0140275,0.0318783
0.0146247,0.0318783
0.0152219,0.0318783
0.0158192,0.0318783
0.0164165,0.0318783
0.0170138,0.0318783
0.0176111,0.0318783
0.0182085,0.0318783
0.0188059,0.0318783
0.0194033,0.0318783
0.0200007,0.0318783
0.0205982,0.0318783
0.0211956,0.0318783
0.0217931,0.0318783
0.0223907,0.0318783
0.0229882,0.0318783
0.0235858,0.0318783
0.0241834,0.0318783
0.024781,0.0318783
0.0253786,0.0318783
0.0259763,0.0318783
0.026574,0.0318783
0.0271717,0.0318783
0.0277694,0.0318783
0.0283672,0.0318783
0.028965,0.0318783
0.0295628,0.0318783
0.0301606,0.0318783
0.0307585,0.0318783
0.0313563,0.0318783
0.0319542,0.0318783
0.0325521,0.0318783
0.0331501,0.0318783
0.033748,0.0318783
0.034346,0.0318783
0.034944,0.0318783
0.0355421,0.0318783
0.0361401,0.0318783
0.0367382,0.0318783
0.0373363,0.0318783
0.0379344,0.0318783
0.0385326,0.0318783
0.0391307,0.0318783
0.0397289,0.0318783
0.0403271,0.0318783
0.0409254,0.0318783
0.0415236,0.0318783
0.0421219,0.0318783
0.0427202,0.0318783
0.0433185,0.0318783
0.0439169,0.0318783
0.0445152,0.0318783
0.0451136,0.0318783
0.045712,0.0318783
0.0463105,0.0318783
0.0469089,0.0318783
0.0475074,0.0318783
0.0481059,0.0318783
0.0487044,0.0318783
0.0493029,0.0318783
0.0499015,0.0318783
0.0505001,0.0318783
0.0510987,0.0318783
0.0516973,0.0316509
0.052296,0.0314235
0.0528946,0.0311961
0.0534933,0.0309687
0.054092,0.0307413
0.0546908,0.0305139
0.0552895,0.0302864
0.0558883,0.030059
0.0564871,0.0298315
0.0570859,0.029604
0.0576848,0.0293766
0.0582836,0.0291491
0.0588825,0.0289216
0.0594814,0.0286941
0.0600803,0.0284666
0.0606793,0.0282391
0.0612782,0.0280116
0.0618772,0.0277841
0.0624762,0.0275565
0.0630753,0.027329
0.0636743,0.0271014
0.0642734,0.0268739
0.0648725,0.0266463
0.0654716,0.0264187
0.0660707,0.0261911
0.0666698,0.0259636
0.067269,0.025736
0.0678682,0.0255084
0.0684674,0.0252807
0.0690667,0.0250531
0.0696659,0.0248255
0.0702652,0.0245979
0.0708645,0.0243702
0.0714638,0.0241426
0.0720631,0.0239149
0.0726625,0.0236872
0.0732618,0.0234596
0.0738612,0.0232319
0.0744606,0.0230042
0.0750601,0.0227765
0.0756595,0.0225488
0.076259,0.0223211
0.0768585,0.0220934
0.077458,0.0218656
0.0780575,0.0216379
0.0786571,0.0214102
0.0792566,0.0211824
0.0798562,0.0209547
0.0804558,0.0207269
0.0810555,0.0204991
0.0816551,0.0202713
0.0822548,0.0200436
0.0828545,0.0198158
0.0834542,0.019588
0.0840539,0.0193602
0.0846536,0.0191323
0.0852534,0.0189045
0.0858532,0.0186767
0.086453,0.018445
0.0870528,0.0182133
0.0876526,0.0179816
0.0882525,0.0177498
0.0888524,0.0175181
0.0894522,0.0172864
0.0900522,0.0170546
0.0906521,0.0168229
0.091252,0.0165911
0.091852,0.0163593
0.092452,0.0161276
0.093052,0.0158958
0.093652,0.015664
0.0942521,0.0154322
0.0948521,0.0152004
0.0954522,0.0149686
0.0960523,0.0147368
0.0966524,0.0145049
0.0972526,0.0145011
0.0978527,0.0144972
0.0984529,0.0144933
0.0990531,0.0144895
0.0996533,0.0144856
0.100253,0.0144817
0.100854,0.0144779
0.101454,0.014474
0.102054,0.0144701
0.102655,0.0144663
0.103255,0.0144624
0.103855,0.0144585
0.104456,0.0144546
0.105056,0.0144508
0.105656,0.0144469
0.106257,0.014443
0.106857,0.0144392
0.107458,0.0144353
0.108058,0.0144314
0.108659,0.0144276
0.109259,0.0144237
0.109859,0.0144198
0.11046,0.0144198
0.111061,0.0144198
0.111661,0.0144198
0.112262,0.0144198
0.112862,0.0144198
0.113463,0.0144198
0.114064,0.0144198
0.114664,0.0144198
0.115265,0.0144198
0.115866,0.0144198
0.116466,0.0144198
0.117067,0.0144198
0.117668,0.0144198
0.118268,0.0144198
0.118869,0.0144198
0.11947,0.0144198
0.120071,0.0144198
0.120672,0.0144198
0.121272,0.0144198
0.121873,0.0144198
0.122474,0.0144198
0.123075,0.0144198
0.123676,0.0144198
0.124277,0.0144198
0.124878,0.0144198
0.125479,0.0144198
0.12608,0.0144198
0.126681,0.0144198
0.127282,0.0144198
0.127883,0.0144198
0.128484,0.0144198
0.129085,0.0144198
0.129686,0.0144198
0.130287,0.0144198
0.130888,0.0144198
0.131489,0.0144198
0.13209,0.0144198
0.132691,0.0144198
0.133292,0.0144198
0.133893,0.0144198
0.134495,0.0144198
0.135096,0.0144198
0.135697,0.0144198
0.136298,0.0144198
0.1369,0.0144198
0.137501,0.0144198
0.138102,0.0144198
0.138703,0.0144198
0.139305,0.0144198
0.139906,0.0144198
0.140507,0.0144198
0.141109,0.0144198
0.14171,0.0144198
0.142311,0.0144198
0.142913,0.0144198
0.143514,0.0144198
0.144116,0.0144198
0.144717,0.0144198
0.145318,0.0144198
0.14592,0.0144198
0.146521,0.0144198
0.147123,0.0144198
0.147724,0.0144198
0.148326,0.0144198
0.148927,0.0144198
0.149529,0.0144198
0.150131,0.0144198
0.150732,0.0144198
0.151334,0.0144198
0.151935,0.0144198
0.152537,0.0144198
0.153139,0.0144198
0.15374,0.0144198
0.154342,0.0144198
0.154944,0.0144198
0.155545,0.0144198
0.156147,0.0144198
0.156749,0.0144198
0.157351,0.0144198
0.157952,0.0144198
0.158554,0.0144198
0.159156,0.0144198
0.159758,0.0144198
0.160359,0.0144198
0.160961,0.0144198
0.161563,0.0144198
0.162165,0.0144198
0.162767,0.0144198
0.163369,0.0144198
0.163971,0.0144198
0.164572,0.0144198
0.165174,0.0144198
0.165776,0.0144198
0.166378,0.0144198
0.16698,0.0144198
0.167582,0.0144198
0.168184,0.0144198
0.168786,0.0144198
0.169388,0.0144198
0.16999,0.0144198
0.170592,0.0144198
0.171194,0.0144198
0.171796,0.0144198
0.172398,0.0144198
0.173,0.0144198
0.173602,0.0144198
0.174205,0.0144198
0.174807,0.0144198
0.175409,0.0144198
0.176011,0.0144198
0.176613,0.0144911
0.177215,0.0145624
0.177817,0.0146336
0.17842,0.0147049
0.179022,0.0147762
0.179624,0.0148475
0.180226,0.0149188
0.180829,0.01499
0.181431,0.0150613
0.182033,0.0151326
0.182635,0.0152039
0.183238,0.0152752
0.18384,0.0153465
0.184442,0.0154178
0.185045,0.0154891
0.185647,0.0155603
0.186249,0.0156316
0.186852,0.0157029
0.187454,0.0157742
0.188056,0.0158455
0.188659,0.0159168
0.189261,0.0159881
0.189864,0.0160594
0.190466,0.0161307
0.191069,0.0162021
0.191671,0.0162734
0.192273,0.0163447
0.192876,0.016416
0.193478,0.0164873
0.194081,0.0165586
0.194683,0.0166299
0.195286,0.0167012
0.195888,0.0167725
0.196491,0.0168439
0.197094,0.0169152
0.197696,0.0169865
0.198299,0.0170578
0.198901,0.0171292
0.199504,0.0172005
0.200107,0.0172718
0.200709,0.0173431
0.201312,0.0174145
0.201914,0.0174858
0.202517,0.0175571
0.20312,0.0176284
0.203722,0.0176998
0.204325,0.0177711
0.204928,0.0178425
0.20553,0.0179138
0.206133,0.0179851
0.206736,0.0180565
0.207339,0.0181278
0.207941,0.0181991
0.208544,0.0182705
0.209147,0.0183418
0.20975,0.0184132
0.210352,0.0184845
0.210955,0.0185559
0.211558,0.0186272
0.212161,0.0186986
0.212764,0.0187699
0.213367,0.0188413
0.213969,0.0189126
0.214572,0.018984
0.215175,0.0190553
0.215778,0.0191267
0.216381,0.0191981
0.216984,0.0192694
0.217587,0.0193408
0.21819,0.0194121
0.218793,0.0194835
0.219395,0.0195549
0.219998,0.0196262
0.220601,0.0196976
0.221204,0.019769
0.221807,0.0198403
0.22241,0.0199117
0.223013,0.0199831
0.223616,0.0200544
0.224219,0.0201258
0.224822,0.0201972
0.225425,0.0202686
0.226028,0.0203399
0.226631,0.0204113
0.227234,0.0204827
0.227837,0.0205541
0.228441,0.0206254
0.229044,0.0206968
0.229647,0.0207682
0.23025,0.0208396
0.230853,0.020911
0.231456,0.0209824
0.232059,0.0210537
0.232662,0.0211251
0.233265,0.0211965
0.233868,0.0212679
0.234472,0.0213393
0.235075,0.0214107
0.235678,0.0214821
0.236281,0.0215535
0.236884,0.0216249
0.237488,0.0216963
0.238091,0.0217677
0.238694,0.0218391
0.239297,0.0219105
0.2399,0.0219819
0.240504,0.0220533
0.241107,0.0221247
0.24171,0.0221961
0.242313,0.0222675
0.242917,0.0223389
0.24352,0.0224103
0.244123,0.0224817
0.244726,0.0225531
0.24533,0.0226245
0.245933,0.0226959
0.246536,0.0227673
0.24714,0.0228387
0.247743,0.0229101
0.248346,0.0229815
0.24895,0.0230529
0.249553,0.0231243
0.250156,0.0231958
0.25076,0.0232672
0.251363,0.0233386
0.251966,0.02341
0.25257,0.0234814
0.253173,0.0235528
0.253777,0.0236243
0.25438,0.0236957
0.254983,0.0237671
0.255587,0.0238385
0.25619,0.0239099
0.256794,0.0239814
0.257397,0.0240528
0.258,0.0241242
0.258604,0.0241956
0.259207,0.0242671
0.259811,0.0243385
0.260414,0.0244099
0.261018,0.0244813
0.261621,0.0245528
0.262225,0.0246242
0.262828,0.0246956
0.263432,0.0247671
0.264035,0.0248385
0.264639,0.0249099
0.265242,0.0249814
0.265846,0.0250528
0.266449,0.0251242
0.267053,0.0251957
0.267656,0.0252671
0.26826,0.0253385
0.268863,0.02541
0.269467,0.0254814
0.270071,0.0255528
0.270674,0.0256243
0.271278,0.0256957
0.271881,0.0257672
0.272485,0.0258386
0.273088,0.02591
0.273692,0.0259815
0.274296,0.0260529
0.274899,0.0261244
0.275503,0.0261958
0.276106,0.0262673
0.27671,0.0263387
0.277314,0.0264102
0.277917,0.0264816
0.278521,0.026553
0.279125,0.0266245
0.279728,0.0266959
0.280332,0.0267674
0.280935,0.0268388
0.281539,0.0269103
0.282143,0.0269817
0.282746,0.0270532
0.28335,0.0271246
0.283954,0.0271961
0.284557,0.0272676
0.285161,0.027339
0.285765,0.0274105
0.286369,0.0274819
0.286972,0.0275534
0.287576,0.0276248
0.28818,0.0276963
0.288783,0.0277677
0.289387,0.0278392
0.289991,0.0279107
0.290595,0.0279821
0.291198,0.0280536
0.291802,0.028125
0.292406,0.0281965
0.293009,0.0282679
0.293613,0.0283394
0.294217,0.0284109
0.294821,0.0284823
0.295424,0.0285538
0.296028,0.0286253
0.296632,0.0286967
0.297236,0.0287682
0.29784,0.0288396
0.298443,0.0289111
0.299047,0.0289826
0.299651,0.029054
0.300255,0.0291255
0.300858,0.029197
0.301462,0.0292684
0.302066,0.0293399
0.30267,0.0294114
0.303274,0.0294828
0.303877,0.0295543
0.304481,0.0296258
0.305085,0.0296972
0.305689,0.0297687
0.306293,0.0298402
0.306897,0.0299116
0.3075,0.0299831
0.308104,0.0300546
0.308708,0.0301261
0.309312,0.0301975
0.309916,0.030269
0.310519,0.0303405
0.311123,0.0304119
0.311727,0.0304834
0.312331,0.0305549
0.312935,0.0306264
0.313539,0.0306978
0.314143,0.0307693
0.314746,0.0308408
0.31535,0.0309122
0.315954,0.0309837
0.316558,0.0310552
0.317162,0.0311267
0.317766,0.0311981
0.31837,0.0312696
0.318973,0.0313411
0.319577,0.0314126
0.320181,0.031484
0.320785,0.0315555
0.321389,0.031627
0.321993,0.0316985
0.322597,0.03177
0.323201,0.0318414
0.323804,0.0319129
0.324408,0.0319844
0.325012,0.0320559
0.325616,0.0321273
0.32622,0.0321988
0.326824,0.0322703
0.327428,0.0323418
0.328032,0.0324132
0.328636,0.0324847
0.32924,0.0325562
0.329843,0.0326277
0.330447,0.0326992
0.331051,0.0327706
0.331655,0.0328421
0.332259,0.0329136
0.332863,0.0329851
0.333467,0.0330566
0.334071,0.033128
0.334675,0.0331995
0.335279,0.033271
0.335882,0.0333425
0.336486,0.033414
0.33709,0.0334854
0.337694,0.0335569
0.338298,0.0336284
0.338902,0.0336999
0.339506,0.0337714
0.34011,0.0338428
0.340714,0.0339143
0.341318,0.0339858
0.341922,0.0340573
0.342526,0.0341288
0.343129,0.0342002
0.343733,0.0342717
0.344337,0.0343432
0.344941,0.0344147
0.345545,0.0344862
0.346149,0.0345577
0.346753,0.0346291
0.347368,0.0347006
0.348006,0.0347747
0.348667,0.0348516
0.349353,0.0349313
0.350063,0.0350139
0.3508,0.0350995
0.351562,0.0351882
0.352352,0.03528
0.353169,0.0353751
0.354015,0.0354735
0.35489,0.0355754
0.355796,0.0356807
0.356732,0.0357897
0.357699,0.0359023
0.358699,0.0360187
0.359732,0.036139
0.360798,0.0362632
0.361898,0.0363914
0.363034,0.0365237
0.364204,0.0366601
0.365412,0.0368008
0.366655,0.0369459
0.367937,0.0370953
0.369256,0.0372492
0.370613,0.0374075
0.372009,0.0375705
0.373444,0.037738
0.374919,0.0379102
0.376433,0.0380871
0.377988,0.0382687
0.379582,0.0384551
0.381217,0.0386462
0.382893,0.0388421
0.384608,0.0390428
0.386364,0.0392483
0.38816,0.0394585
0.389996,0.0396734
0.391871,0.0398931
0.393786,0.0401173
0.395739,0.0403462
0.397729,0.0405796
0.399757,0.0408175
0.401822,0.0410597
0.403922,0.0413062
0.406057,0.0415569
0.408225,0.0418115
0.410425,0.0420701
0.412657,0.0423325
0.414918,0.0425984
0.417208,0.0428678
0.419524,0.0431404
0.421866,0.0434161
0.424231,0.0436947
0.426618,0.043976
0.429024,0.0442597
0.431449,0.0445457
0.43389,0.0448337
0.436344,0.0451235
0.438811,0.0454148
0.441287,0.0457073
0.443771,0.046001
0.44626,0.0462953
0.448753,0.0465903
0.451247,0.0468854
-0.000298318,0.0323273
0.000298318,0.0323273
0.000894966,0.0323273
0.00149164,0.0323273
0.00208834,0.0323273
0.00268506,0.0323273
0.00328181,0.0323273
0.00387858,0.0323273
0.00447538,0.0323273
0.0050722,0.0323273
0.00566905,0.0323273
0.00626592,0.0323273
0.00686282,0.0323273
0.00745974,0.0323273
0.00805669,0.0323273
0.00865366,0.0323273
0.00925066,0.0323273
0.00984768,0.0323273
0.0104447,0.0323273
0.0110418,0.0323273
0.0116389,0.0323273
0.012236,0.0323273
0.0128331,0.0323273
0.0134303,0.0323273
0.0140275,0.0323273
0.0146247,0.0323273
0.0152219,0.0323273
0.0158192,0.0323273
0.0164165,0.0323273
0.0170138,0.0323273
0.0176111,0.0323273
0.0182085,0.0323273
0.0188059,0.0323273
0.0194033,0.0323273
0.0200007,0.0323273
0.0205982,0.0323273
0.0211956,0.0323273
0.0217931,0.0323273
0.0223907,0.0323273
0.0229882,0.0323273
0.0235858,0.0323273
0.0241834,0.0323273
0.024781,0.0323273
0.0253786,0.0323273
0.0259763,0.0323273
0.026574,0.0323273
0.0271717,0.0323273
0.0277694,0.0323273
0.0283672,0.0323273
0.028965,0.0323273
0.0295628,0.0323273
0.0301606,0.0323273
0.0307585,0.0323273
0.0313563,0.0323273
0.0319542,0.0323273
0.0325521,0.0323273
0.0331501,0.0323273
0.033748,0.0323273
0.034346,0.0323273
0.034944,0.0323273
0.0355421,0.0323273
0.0361401,0.0323273
0.0367382,0.0323273
0.0373363,0.0323273
0.0379344,0.0323273
0.0385326,0.0323273
0.0391307,0.0323273
0.0397289,0.0323273
0.0403271,0.0323273
0.0409254,0.0323273
0.0415236,0.0323273
0.0421219,0.0323273
0.0427202,0.0323273
0.0433185,0.0323273
0.0439169,0.0323273
0.0445152,0.0323273
0.0451136,0.0323273
0.045712,0.0323273
0.0463105,0.0323273
0.0469089,0.0323273
0.0475074,0.0323273
0.0481059,0.0323273
0.0487044,0.0323273
0.0493029,0.0323273
0.0499015,0.0323273
0.0505001,0.0323273
0.0510987,0.0323273
0.0516973,0.0320963
0.052296,0.0318652
0.0528946,0.0316341
0.0534933,0.031403
0.054092,0.031172
0.0546908,0.0309409
0.0552895,0.0307098
0.0558883,0.0304787
0.0564871,0.0302475
0.0570859,0.0300164
0.0576848,0.0297853
0.0582836,0.0295541
0.0588825,0.029323
0.0594814,0.0290918
0.0600803,0.0288607
0.0606793,0.0286295
0.0612782,0.0283983
0.0618772,0.0281671
0.0624762,0.0279359
0.0630753,0.0277047
0.0636743,0.0274735
0.0642734,0.0272423
0.0648725,0.027011
0.0654716,0.0267798
0.0660707,0.0265485
0.0666698,0.0263173
0.067269,0.026086
0.0678682,0.0258547
0.0684674,0.0256235
0.0690667,0.0253922
0.0696659,0.0251609
0.0702652,0.0249296
0.0708645,0.0246983
0.0714638,0.024467
0.0720631,0.0242356
0.0726625,0.0240043
0.0732618,0.023773
0.0738612,0.0235416
0.0744606,0.0233103
0.0750601,0.0230789
0.0756595,0.0228475
0.076259,0.0226161
0.0768585,0.0223848
0.077458,0.0221534
0.0780575,0.021922
0.0786571,0.0216906
0.0792566,0.0214591
0.0798562,0.0212277
0.0804558,0.0209963
0.0810555,0.0207648
0.0816551,0.0205334
0.0822548,0.0203019
0.0828545,0.0200705
0.0834542,0.019839
0.0840539,0.0196075
0.0846536,0.019376
0.0852534,0.0191446
0.0858532,0.0189131
0.086453,0.0186792
0.0870528,0.0184454
0.0876526,0.0182116
0.0882525,0.0179777
0.0888524,0.0177439
0.0894522,0.01751
0.0900522,0.0172761
0.0906521,0.0170423
0.091252,0.0168084
0.091852,0.0165745
0.092452,0.0163406
0.093052,0.0161067
0.093652,0.0158728
0.0942521,0.0156388
0.0948521,0.0154049
0.0954522,0.015171
0.0960523,0.014937
0.0966524,0.0147031
0.0972526,0.0147008
0.0978527,0.0146985
0.0984529,0.0146961
0.0990531,0.0146938
0.0996533,0.0146915
0.100253,0.0146892
0.100854,0.0146869
0.101454,0.0146845
0.102054,0.0146822
0.102655,0.0146799
0.103255,0.0146776
0.103855,0.0146753
0.104456,0.0146729
0.105056,0.0146706
0.105656,0.0146683
0.106257,0.014666
0.106857,0.0146637
0.107458,0.0146613
0.108058,0.014659
0.108659,0.0146567
0.109259,0.0146544
0.109859,0.0146521
0.11046,0.0146521
0.111061,0.0146521
0.111661,0.0146521
0.112262,0.0146521
0.112862,0.0146521
0.113463,0.0146521
0.114064,0.0146521
0.114664,0.0146521
0.115265,0.0146521
0.115866,0.0146521
0.116466,0.0146521
0.117067,0.0146521
0.117668,0.0146521
0.118268,0.0146521
0.118869,0.0146521
0.11947,0.0146521
0.120071,0.0146521
0.120672,0.0146521
0.121272,0.0146521
0.121873,0.0146521
0.122474,0.0146521
0.123075,0.0146521
0.123676,0.0146521
0.124277,0.0146521
0.124878,0.0146521
0.125479,0.0146521
0.12608,0.0146521
0.126681,0.0146521
0.127282,0.0146521
0.127883,0.0146521
0.128484,0.0146521
0.129085,0.0146521
0.129686,0.0146521
0.130287,0.0146521
0.130888,0.0146521
0.131489,0.0146521
0.13209,0.0146521
0.132691,0.0146521
0.133292,0.0146521
0.133893,0.0146521
0.134495,0.0146521
0.135096,0.0146521
0.135697,0.0146521
0.136298,0.0146521
0.1369,0.0146521
0.137501,0.0146521
0.138102,0.0146521
0.138703,0.0146521
0.139305,0.0146521
0.139906,0.0146521
0.140507,0.0146521
0.141109,0.0146521
0.14171,0.0146521
0.142311,0.0146521
0.142913,0.0146521
0.143514,0.0146521
0.144116,0.0146521
0.144717,0.0146521
0.145318,0.0146521
0.14592,0.0146521
0.146521,0.0146521
0.147123,0.0146521
0.147724,0.0146521
0.148326,0.0146521
0.148927,0.0146521
0.149529,0.0146521
0.150131,0.0146521
0.150732,0.0146521
0.151334,0.0146521
0.151935,0.0146521
0.152537,0.0146521
0.153139,0.0146521
0.15374,0.0146521
0.154342,0.0146521
0.154944,0.0146521
0.155545,0.0146521
0.156147,0.0146521
0.156749,0.0146521
0.157351,0.0146521
0.157952,0.0146521
0.158554,0.0146521
0.159156,0.0146521
0.159758,0.0146521
0.160359,0.0146521
0.160961,0.0146521
0.161563,0.0146521
0.162165,0.0146521
0.162767,0.0146521
0.163369,0.0146521
0.163971,0.0146521
0.164572,0.0146521
0.165174,0.0146521
0.165776,0.0146521
0.166378,0.0146521
0.16698,0.0146521
0.167582,0.0146521
0.168184,0.0146521
0.168786,0.0146521
0.169388,0.0146521
0.16999,0.0146521
0.170592,0.0146521
0.171194,0.0146521
0.171796,0.0146521
0.172398,0.0146521
0.173,0.0146521
0.173602,0.0146521
0.174205,0.0146521
0.174807,0.0146521
0.175409,0.0146521
0.176011,0.0146521
0.176613,0.0147245
0.177215,0.0147969
0.177817,0.0148693
0.17842,0.0149417
0.179022,0.0150142
0.179624,0.0150866
0.180226,0.015159
0.180829,0.0152315
0.181431,0.0153039
0.182033,0.0153763
0.182635,0.0154488
0.183238,0.0155212
0.18384,0.0155936
0.184442,0.0156661
0.185045,0.0157385
0.185647,0.0158109
0.186249,0.0158834
0.186852,0.0159558
0.187454,0.0160283
0.188056,0.0161007
0.188659,0.0161732
0.189261,0.0162456
0.189864,0.0163181
0.190466,0.0163905
0.191069,0.016463
0.191671,0.0165354
0.192273,0.0166079
0.192876,0.0166804
0.193478,0.0167528
0.194081,0.0168253
0.194683,0.0168977
0.195286,0.0169702
0.195888,0.0170427
0.196491,0.0171151
0.197094,0.0171876
0.197696,0.0172601
0.198299,0.0173325
0.198901,0.017405
0.199504,0.0174775
0.200107,0.01755
0.200709,0.0176224
0.201312,0.0176949
0.201914,0.0177674
0.202517,0.0178399
0.20312,0.0179124
0.203722,0.0179848
0.204325,0.0180573
0.204928,0.0181298
0.20553,0.0182023
0.206133,0.0182748
0.206736,0.0183473
0.207339,0.0184198
0.207941,0.0184922
0.208544,0.0185647
0.209147,0.0186372
0.20975,0.0187097
0.210352,0.0187822
0.210955,0.0188547
0.211558,0.0189272
0.212161,0.0189997
0.212764,0.0190722
0.213367,0.0191447
0.213969,0.0192172
0.214572,0.0192897
0.215175,0.0193622
0.215778,0.0194347
0.216381,0.0195072
0.216984,0.0195798
0.217587,0.0196523
0.21819,0.0197248
0.218793,0.0197973
0.219395,0.0198698
0.219998,0.0199423
0.220601,0.0200148
0.221204,0.0200873
0.221807,0.0201599
0.22241,0.0202324
0.223013,0.0203049
0.223616,0.0203774
0.224219,0.0204499
0.224822,0.0205225
0.225425,0.020595
0.226028,0.0206675
0.226631,0.02074
0.227234,0.0208126
0.227837,0.0208851
0.228441,0.0209576
0.229044,0.0210302
0.229647,0.0211027
0.23025,0.0211752
0.230853,0.0212478
0.231456,0.0213203
0.232059,0.0213928
0.232662,0.0214654
0.233265,0.0215379
0.233868,0.0216104
0.234472,0.021683
0.235075,0.0217555
0.235678,0.0218281
0.236281,0.0219006
0.236884,0.0219731
0.237488,0.0220457
0.238091,0.0221182
0.238694,0.0221908
0.239297,0.0222633
0.2399,0.0223359
0.240504,0.0224084
0.241107,0.022481
0.24171,0.0225535
0.242313,0.0226261
0.242917,0.0226986
0.24352,0.0227712
0.244123,0.0228437
0.244726,0.0229163
0.24533,0.0229889
0.245933,0.0230614
0.246536,0.023134
0.24714,0.0232065
0.247743,0.0232791
0.248346,0.0233516
0.24895,0.0234242
0.249553,0.0234968
0.250156,0.0235693
0.25076,0.0236419
0.251363,0.0237145
0.251966,0.023787
0.25257,0.0238596
0.253173,0.0239322
0.253777,0.0240047
0.25438,0.0240773
0.254983,0.0241499
0.255587,0.0242224
0.25619,0.024295
0.256794,0.0243676
0.257397,0.0244402
0.258,0.0245127
0.258604,0.0245853
0.259207,0.0246579
0.259811,0.0247305
0.260414,0.024803
0.261018,0.0248756
0.261621,0.0249482
0.262225,0.0250208
0.262828,0.0250934
0.263432,0.0251659
0.264035,0.0252385
0.264639,0.0253111
0.265242,0.0253837
0.265846,0.0254563
0.266449,0.0255289
0.267053,0.0256014
0.267656,0.025674
0.26826,0.0257466
0.268863,0.0258192
0.269467,0.0258918
0.270071,0.0259644
0.270674,0.026037
0.271278,0.0261096
0.271881,0.0261821
0.272485,0.0262547
0.273088,0.0263273
0.273692,0.0263999
0.274296,0.0264725
0.274899,0.0265451
0.275503,0.0266177
0.276106,0.0266903
0.27671,0.0267629
0.277314,0.0268355
0.277917,0.0269081
0.278521,0.0269807
0.279125,0.0270533
0.279728,0.0271259
0.280332,0.0271985
0.280935,0.0272711
0.281539,0.0273437
0.282143,0.0274163
0.282746,0.0274889
0.28335,0.0275615
0.283954,0.0276341
0.284557,0.0277067
0.285161,0.0277793
0.285765,0.0278519
0.286369,0.0279245
0.286972,0.0279971
0.287576,0.0280697
0.28818,0.0281423
0.288783,0.0282149
0.289387,0.0282875
0.289991,0.0283602
0.290595,0.0284328
0.291198,0.0285054
0.291802,0.028578
0.292406,0.0286506
0.293009,0.0287232
0.293613,0.0287958
0.294217,0.0288684
0.294821,0.028941
0.295424,0.0290137
0.296028,0.0290863
0.296632,0.0291589
0.297236,0.0292315
0.29784,0.0293041
0.298443,0.0293767
0.299047,0.0294493
0.299651,0.029522
0.300255,0.0295946
0.300858,0.0296672
0.301462,0.0297398
0.302066,0.0298124
0.30267,0.029885
0.303274,0.0299577
0.303877,0.0300303
0.304481,0.0301029
0.305085,0.0301755
0.305689,0.0302481
0.306293,0.0303208
0.306897,0.0303934
0.3075,0.030466
0.308104,0.0305386
0.308708,0.0306112
0.309312,0.0306839
0.309916,0.0307565
0.310519,0.0308291
0.311123,0.0309017
0.311727,0.0309743
0.312331,0.031047
0.312935,0.0311196
0.313539,0.0311922
0.314143,0.0312648
0.314746,0.0313375
0.31535,0.0314101
0.315954,0.0314827
0.316558,0.0315553
0.317162,0.031628
0.317766,0.0317006
0.31837,0.0317732
0.318973,0.0318458
0.319577,0.0319185
0.320181,0.0319911
0.320785,0.0320637
0.321389,0.0321364
0.321993,0.032209
0.322597,0.0322816
0.323201,0.0323542
0.323804,0.0324269
0.324408,0.0324995
0.325012,0.0325721
0.325616,0.0326448
0.32622,0.0327174
0.326824,0.03279
0.327428,0.0328626
0.328032,0.0329353
0.328636,0.0330079
0.32924,0.0330805
0.329843,0.0331532
0.330447,0.0332258
0.331051,0.0332984
0.331655,0.0333711
0.332259,0.0334437
0.332863,0.0335163
0.333467,0.0335889
0.334071,0.0336616
0.334675,0.0337342
0.335279,0.0338068
0.335882,0.0338795
0.336486,0.0339521
0.33709,0.0340247
0.337694,0.0340974
0.338298,0.03417
0.338902,0.0342426
0.339506,0.0343153
0.34011,0.0343879
0.340714,0.0344605
0.341318,0.0345332
0.341922,0.0346058
0.342526,0.0346784
0.343129,0.0347511
0.343733,0.0348237
0.344337,0.0348963
0.344941,0.0349689
0.345545,0.0350416
0.346149,0.0351142
0.346753,0.0351868
0.347368,0.0352595
0.348006,0.0353348
0.348667,0.0354129
0.349353,0.0354939
0.350063,0.0355778
0.3508,0.0356648
0.351562,0.0357549
0.352352,0.0358482
0.353169,0.0359448
0.354015,0.0360448
0.35489,0.0361483
0.355796,0.0362554
0.356732,0.0363661
0.357699,0.0364805
0.358699,0.0365988
0.359732,0.036721
0.360798,0.0368472
0.361898,0.0369774
0.363034,0.0371119
0.364204,0.0372505
0.365412,0.0373935
0.366655,0.0375409
0.367937,0.0376927
0.369256,0.0378491
0.370613,0.03801
0.372009,0.0381755
0.373444,0.0383458
0.374919,0.0385208
0.376433,0.0387005
0.377988,0.038885
0.379582,0.0390744
0.381217,0.0392686
0.382893,0.0394677
0.384608,0.0396716
0.386364,0.0398804
0.38816,0.040094
0.389996,0.0403124
0.391871,0.0405355
0.393786,0.0407634
0.395739,0.040996
0.397729,0.0412332
0.399757,0.0414749
0.401822,0.041721
0.403922,0.0419715
0.406057,0.0422262
0.408225,0.0424849
0.410425,0.0427477
0.412657,0.0430142
0.414918,0.0432845
0.417208,0.0435582
0.419524,0.0438352
0.421866,0.0441154
0.424231,0.0443984
0.426618,0.0446842
0.429024,0.0449726
0.431449,0.0452631
0.43389,0.0455558
0.436344,0.0458502
0.438811,0.0461462
0.441287,0.0464435
0.443771,0.0467418
0.44626,0.0470409
0.448753,0.0473406
0.451247,0.0476405
-0.000298318,0.0327758
0.000298318,0.0327758
0.000894966,0.0327758
0.00149164,0.0327758
0.00208834,0.0327758
0.00268506,0.0327758
0.00328181,0.0327758
0.00387858,0.0327758
0.00447538,0.0327758
0.0050722,0.0327758
0.00566905,0.0327758
0.00626592,0.0327758
0.00686282,0.0327758
0.00745974,0.0327758
0.00805669,0.0327758
0.00865366,0.0327758
0.00925066,0.0327758
0.00984768,0.0327758
0.0104447,0.0327758
0.0110418,0.0327758
0.0116389,0.0327758
0.012236,0.0327758
0.0128331,0.0327758
0.0134303,0.0327758
0.0140275,0.0327758
0.0146247,0.0327758
0.0152219,0.0327758
0.0158192,0.0327758
0.0164165,0.0327758
0.0170138,0.0327758
0.0176111,0.0327758
0.0182085,0.0327758
0.0188059,0.0327758
0.0194033,0.0327758
0.0200007,0.0327758
0.0205982,0.0327758
0.0211956,0.0327758
0.0217931,0.0327758
0.0223907,0.0327758
0.0229882,0.0327758
0.0235858,0.0327758
0.0241834,0.0327758
0.024781,0.0327758
0.0253786,0.0327758
0.0259763,0.0327758
0.026574,0.0327758
0.0271717,0.0327758
0.0277694,0.0327758
0.0283672,0.0327758
0.028965,0.0327758
0.0295628,0.0327758
0.0301606,0.0327758
0.0307585,0.0327758
0.0313563,0.0327758
0.0319542,0.0327758
0.0325521,0.0327758
0.0331501,0.0327758
0.033748,0.0327758
0.034346,0.0327758
0.034944,0.0327758
0.0355421,0.0327758
0.0361401,0.0327758
0.0367382,0.0327758
0.0373363,0.0327758
0.0379344,0.0327758
0.0385326,0.0327758
0.0391307,0.0327758
0.0397289,0.0327758
0.0403271,0.0327758
0.0409254,0.0327758
0.0415236,0.0327758
0.0421219,0.0327758
0.0427202,0.0327758
0.0433185,0.0327758
0.0439169,0.0327758
0.0445152,0.0327758
0.0451136,0.0327758
0.045712,0.0327758
0.0463105,0.0327758
0.0469089,0.0327758
0.0475074,0.0327758
0.0481059,0.0327758
0.0487044,0.0327758
0.0493029,0.0327758
0.0499015,0.0327758
0.0505001,0.0327758
0.0510987,0.0327758
0.0516973,0.0325411
0.052296,0.0323064
0.0528946,0.0320717
0.0534933,0.0318369
0.054092,0.0316022
0.0546908,0.0313674
0.0552895,0.0311327
0.0558883,0.0308979
0.0564871,0.0306631
0.0570859,0.0304284
0.0576848,0.0301936
0.0582836,0.0299588
0.0588825,0.0297239
0.0594814,0.0294891
0.0600803,0.0292543
0.0606793,0.0290195
0.0612782,0.0287846
0.0618772,0.0285498
0.0624762,0.0283149
0.0630753,0.02808
0.0636743,0.0278452
0.0642734,0.0276103
0.0648725,0.0273754
0.0654716,0.0271405
0.0660707,0.0269056
0.0666698,0.0266707
0.067269,0.0264357
0.0678682,0.0262008
0.0684674,0.0259659
0.0690667,0.0257309
0.0696659,0.025496
0.0702652,0.025261
0.0708645,0.025026
0.0714638,0.024791
0.0720631,0.024556
0.0726625,0.0243211
0.0732618,0.024086
0.0738612,0.023851
0.0744606,0.023616
0.0750601,0.023381
0.0756595,0.023146
0.076259,0.0229109
0.0768585,0.0226759
0.077458,0.0224408
0.0780575,0.0222057
0.0786571,0.0219707
0.0792566,0.0217356
0.0798562,0.0215005
0.0804558,0.0212654
0.0810555,0.0210303
0.0816551,0.0207952
0.0822548,0.0205601
0.0828545,0.0203249
0.0834542,0.0200898
0.0840539,0.0198547
0.0846536,0.0196195
0.0852534,0.0193844
0.0858532,0.0191492
0.086453,0.0189132
0.0870528,0.0186773
0.0876526,0.0184413
0.0882525,0.0182054
0.0888524,0.0179694
0.0894522,0.0177334
0.0900522,0.0174974
0.0906521,0.0172614
0.091252,0.0170254
0.091852,0.0167894
0.092452,0.0165534
0.093052,0.0163174
0.093652,0.0160813
0.0942521,0.0158453
0.0948521,0.0156093
0.0954522,0.0153732
0.0960523,0.0151371
0.0966524,0.0149011
0.0972526,0.0149003
0.0978527,0.0148995
0.0984529,0.0148987
0.0990531,0.014898
0.0996533,0.0148972
0.100253,0.0148964
0.100854,0.0148957
0.101454,0.0148949
0.102054,0.0148941
0.102655,0.0148933
0.103255,0.0148926
0.103855,0.0148918
0.104456,0.014891
0.105056,0.0148902
0.105656,0.0148895
0.106257,0.0148887
0.106857,0.0148879
0.107458,0.0148872
0.108058,0.0148864
0.108659,0.0148856
0.109259,0.0148848
0.109859,0.0148841
0.11046,0.0148841
0.111061,0.0148841
0.111661,0.0148841
0.112262,0.0148841
0.112862,0.0148841
0.113463,0.0148841
0.114064,0.0148841
0.114664,0.0148841
0.115265,0.0148841
0.115866,0.0148841
0.116466,0.0148841
0.117067,0.0148841
0.117668,0.0148841
0.118268,0.0148841
0.118869,0.0148841
0.11947,0.0148841
0.120071,0.0148841
0.120672,0.0148841
0.121272,0.0148841
0.121873,0.0148841
0.122474,0.0148841
0.123075,0.0148841
0.123676,0.0148841
0.124277,0.0148841
0.124878,0.0148841
0.125479,0.0148841
0.12608,0.0148841
0.126681,0.0148841
0.127282,0.0148841
0.127883,0.0148841
0.128484,0.0148841
0.129085,0.0148841
0.129686,0.0148841
0.130287,0.0148841
0.130888,0.0148841
0.131489,0.0148841
0.13209,0.0148841
0.132691,0.0148841
0.133292,0.0148841
0.133893,0.0148841
0.134495,0.0148841
0.135096,0.0148841
0.135697,0.0148841
0.136298,0.0148841
0.1369,0.0148841
0.137501,0.0148841
0.138102,0.0148841
0.138703,0.0148841
0.139305,0.0148841
0.139906,0.0148841
0.140507,0.0148841
0.141109,0.0148841
0.14171,0.0148841
0.142311,0.0148841
0.142913,0.0148841
0.143514,0.0148841
0.144116,0.0148841
0.144717,0.0148841
0.145318,0.0148841
0.14592,0.0148841
0.146521,0.0148841
0.147123,0.0148841
0.147724,0.0148841
0.148326,0.0148841
0.148927,0.0148841
0.149529,0.0148841
0.150131,0.0148841
0.150732,0.0148841
0.151334,0.0148841
0.151935,0.0148841
0.152537,0.0148841
0.153139,0.0148841
0.15374,0.0148841
0.154342,0.0148841
0.154944,0.0148841
0.155545,0.0148841
0.156147,0.0148841
0.156749,0.0148841
0.157351,0.0148841
0.157952,0.0148841
0.158554,0.0148841
0.159156,0.0148841
0.159758,0.0148841
0.160359,0.0148841
0.160961,0.0148841
0.161563,0.0148841
0.162165,0.0148841
0.162767,0.0148841
0.163369,0.0148841
0.163971,0.0148841
0.164572,0.0148841
0.165174,0.0148841
0.165776,0.0148841
0.166378,0.0148841
0.16698,0.0148841
0.167582,0.0148841
0.168184,0.0148841
0.168786,0.0148841
0.169388,0.0148841
0.16999,0.0148841
0.170592,0.0148841
0.171194,0.0148841
0.171796,0.0148841
0.172398,0.0148841
0.173,0.0148841
0.173602,0.0148841
0.174205,0.0148841
0.174807,0.0148841
0.175409,0.0148841
0.176011,0.0148841
0.176613,0.0149576
0.177215,0.0150312
0.177817,0.0151048
0.17842,0.0151783
0.179022,0.0152519
0.179624,0.0153255
0.180226,0.0153991
0.180829,0.0154726
0.181431,0.0155462
0.182033,0.0156198
0.182635,0.0156934
0.183238,0.015767
0.18384,0.0158405
0.184442,0.0159141
0.185045,0.0159877
0.185647,0.0160613
0.186249,0.0161349
0.186852,0.0162085
0.187454,0.0162821
0.188056,0.0163557
0.188659,0.0164293
0.189261,0.0165029
0.189864,0.0165765
0.190466,0.0166501
0.191069,0.0167237
0.191671,0.0167973
0.192273,0.0168709
0.192876,0.0169445
0.193478,0.0170181
0.194081,0.0170917
0.194683,0.0171653
0.195286,0.0172389
0.195888,0.0173125
0.196491,0.0173861
0.197094,0.0174598
0.197696,0.0175334
0.198299,0.017607
0.198901,0.0176806
0.199504,0.0177542
0.200107,0.0178279
0.200709,0.0179015
0.201312,0.0179751
0.201914,0.0180487
0.202517,0.0181224
0.20312,0.018196
0.203722,0.0182696
0.204325,0.0183432
0.204928,0.0184169
0.20553,0.0184905
0.206133,0.0185641
0.206736,0.0186378
0.207339,0.0187114
0.207941,0.0187851
0.208544,0.0188587
0.209147,0.0189323
0.20975,0.019006
0.210352,0.0190796
0.210955,0.0191533
0.211558,0.0192269
0.212161,0.0193006
0.212764,0.0193742
0.213367,0.0194479
0.213969,0.0195215
0.214572,0.0195952
0.215175,0.0196688
0.215778,0.0197425
0.216381,0.0198161
0.216984,0.0198898
0.217587,0.0199634
0.21819,0.0200371
0.218793,0.0201108
0.219395,0.0201844
0.219998,0.0202581
0.220601,0.0203317
0.221204,0.0204054
0.221807,0.0204791
0.22241,0.0205527
0.223013,0.0206264
0.223616,0.0207001
0.224219,0.0207737
0.224822,0.0208474
0.225425,0.0209211
0.226028,0.0209948
0.226631,0.0210684
0.227234,0.0211421
0.227837,0.0212158
0.228441,0.0212895
0.229044,0.0213632
0.229647,0.0214368
0.23025,0.0215105
0.230853,0.0215842
0.231456,0.0216579
0.232059,0.0217316
0.232662,0.0218052
0.233265,0.0218789
0.233868,0.0219526
0.234472,0.0220263
0.235075,0.0221
0.235678,0.0221737
0.236281,0.0222474
0.236884,0.0223211
0.237488,0.0223948
0.238091,0.0224685
0.238694,0.0225422
0.239297,0.0226158
0.2399,0.0226895
0.240504,0.0227632
0.241107,0.0228369
0.24171,0.0229106
0.242313,0.0229843
0.242917,0.023058
0.24352,0.0231317
0.244123,0.0232055
0.244726,0.0232792
0.24533,0.0233529
0.245933,0.0234266
0.246536,0.0235003
0.24714,0.023574
0.247743,0.0236477
0.248346,0.0237214
0.24895,0.0237951
0.249553,0.0238688
0.250156,0.0239425
0.25076,0.0240162
0.251363,0.02409
0.251966,0.0241637
0.25257,0.0242374
0.253173,0.0243111
0.253777,0.0243848
0.25438,0.0244585
0.254983,0.0245323
0.255587,0.024606
0.25619,0.0246797
0.256794,0.0247534
0.257397,0.0248272
0.258,0.0249009
0.258604,0.0249746
0.259207,0.0250483
0.259811,0.025122
0.260414,0.0251958
0.261018,0.0252695
0.261621,0.0253432
0.262225,0.025417
0.262828,0.0254907
0.263432,0.0255644
0.264035,0.0256382
0.264639,0.0257119
0.265242,0.0257856
0.265846,0.0258593
0.266449,0.0259331
0.267053,0.0260068
0.267656,0.0260806
0.26826,0.0261543
0.268863,0.026228
0.269467,0.0263018
0.270071,0.0263755
0.270674,0.0264492
0.271278,0.026523
0.271881,0.0265967
0.272485,0.0266705
0.273088,0.0267442
0.273692,0.0268179
0.274296,0.0268917
0.274899,0.0269654
0.275503,0.0270392
0.276106,0.0271129
0.27671,0.0271867
0.277314,0.0272604
0.277917,0.0273342
0.278521,0.0274079
0.279125,0.0274817
0.279728,0.0275554
0.280332,0.0276292
0.280935,0.0277029
0.281539,0.0277767
0.282143,0.0278504
0.282746,0.0279242
0.28335,0.0279979
0.283954,0.0280717
0.284557,0.0281454
0.285161,0.0282192
0.285765,0.0282929
0.286369,0.0283667
0.286972,0.0284404
0.287576,0.0285142
0.28818,0.0285879
0.288783,0.0286617
0.289387,0.0287355
0.289991,0.0288092
0.290595,0.028883
0.291198,0.0289567
0.291802,0.0290305
0.292406,0.0291043
0.293009,0.029178
0.293613,0.0292518
0.294217,0.0293255
0.294821,0.0293993
0.295424,0.0294731
0.296028,0.0295468
0.296632,0.0296206
0.297236,0.0296944
0.29784,0.0297681
0.298443,0.0298419
0.299047,0.0299156
0.299651,0.0299894
0.300255,0.0300632
0.300858,0.0301369
0.301462,0.0302107
0.302066,0.0302845
0.30267,0.0303582
0.303274,0.030432
0.303877,0.0305058
0.304481,0.0305796
0.305085,0.0306533
0.305689,0.0307271
0.306293,0.0308009
0.306897,0.0308746
0.3075,0.0309484
0.308104,0.0310222
0.308708,0.0310959
0.309312,0.0311697
0.309916,0.0312435
0.310519,0.0313173
0.311123,0.031391
0.311727,0.0314648
0.312331,0.0315386
0.312935,0.0316123
0.313539,0.0316861
0.314143,0.0317599
0.314746,0.0318337
0.31535,0.0319074
0.315954,0.0319812
0.316558,0.032055
0.317162,0.0321288
0.317766,0.0322025
0.31837,0.0322763
0.318973,0.0323501
0.319577,0.0324239
0.320181,0.0324977
0.320785,0.0325714
0.321389,0.0326452
0.321993,0.032719
0.322597,0.0327928
0.323201,0.0328665
0.323804,0.0329403
0.324408,0.0330141
0.325012,0.0330879
0.325616,0.0331617
0.32622,0.0332354
0.326824,0.0333092
0.327428,0.033383
0.328032,0.0334568
0.328636,0.0335306
0.32924,0.0336043
0.329843,0.0336781
0.330447,0.0337519
0.331051,0.0338257
0.331655,0.0338995
0.332259,0.0339732
0.332863,0.034047
0.333467,0.0341208
0.334071,0.0341946
0.334675,0.0342684
0.335279,0.0343421
0.335882,0.0344159
0.336486,0.0344897
0.33709,0.0345635
0.337694,0.0346373
0.338298,0.034711
0.338902,0.0347848
0.339506,0.0348586
0.34011,0.0349324
0.340714,0.0350062
0.341318,0.03508
0.341922,0.0351537
0.342526,0.0352275
0.343129,0.0353013
0.343733,0.0353751
0.344337,0.0354489
0.344941,0.0355227
0.345545,0.0355964
0.346149,0.0356702
0.346753,0.035744
0.347368,0.0358178
0.348006,0.0358943
0.348667,0.0359736
0.349353,0.0360559
0.350063,0.0361412
0.3508,0.0362295
0.351562,0.0363211
0.352352,0.0364158
0.353169,0.036514
0.354015,0.0366156
0.35489,0.0367207
0.355796,0.0368294
0.356732,0.0369419
0.357699,0.0370582
0.358699,0.0371783
0.359732,0.0373024
0.360798,0.0374306
0.361898,0.037563
0.363034,0.0376995
0.364204,0.0378404
0.365412,0.0379856
0.366655,0.0381353
0.367937,0.0382896
0.369256,0.0384484
0.370613,0.0386118
0.372009,0.03878
0.373444,0.038953
0.374919,0.0391307
0.376433,0.0393133
0.377988,0.0395007
0.379582,0.0396931
0.381217,0.0398904
0.382893,0.0400926
0.384608,0.0402998
0.386364,0.0405118
0.38816,0.0407288
0.389996,0.0409507
0.391871,0.0411774
0.393786,0.0414089
0.395739,0.0416452
0.397729,0.0418861
0.399757,0.0421316
0.401822,0.0423816
0.403922,0.042636
0.406057,0.0428948
0.408225,0.0431576
0.410425,0.0434245
0.412657,0.0436953
0.414918,0.0439698
0.417208,0.0442479
0.419524,0.0445293
0.421866,0.0448139
0.424231,0.0451015
0.426618,0.0453918
0.429024,0.0456846
0.431449,0.0459798
0.43389,0.0462771
0.436344,0.0465762
0.438811,0.0468769
0.441287,0.0471789
0.443771,0.0474819
0.44626,0.0477858
0.448753,0.0480902
0.451247,0.0483949
-0.000298318,0.0332242
0.000298318,0.0332242
0.000894966,0.0332242
0.00149164,0.0332242
0.00208834,0.0332242
0.00268506,0.0332242
0.00328181,0.0332242
0.00387858,0.0332242
0.00447538,0.0332242
0.0050722,0.0332242
0.00566905,0.0332242
0.00626592,0.0332242
0.00686282,0.0332242
0.00745974,0.0332242
0.00805669,0.0332242
0.00865366,0.0332242
0.00925066,0.0332242
0.00984768,0.0332242
0.0104447,0.0332242
0.0110418,0.0332242
0.0116389,0.0332242
0.012236,0.0332242
0.0128331,0.0332242
0.0134303,0.0332242
0.0140275,0.0332242
0.0146247,0.0332242
0.0152219,0.0332242
0.0158192,0.0332242
0.0164165,0.0332242
0.0170138,0.0332242
0.0176111,0.0332242
0.0182085,0.0332242
0.0188059,0.0332242
0.0194033,0.0332242
0.0200007,0.0332242
0.0205982,0.0332242
0.0211956,0.0332242
0.0217931,0.0332242
0.0223907,0.0332242
0.0229882,0.0332242
0.0235858,0.0332242
0.0241834,0.0332242
0.024781,0.0332242
0.0253786,0.0332242
0.0259763,0.0332242
0.026574,0.0332242
0.0271717,0.0332242
0.0277694,0.0332242
0.0283672,0.0332242
0.028965,0.0332242
0.0295628,0.0332242
0.0301606,0.0332242
0.0307585,0.0332242
0.0313563,0.0332242
0.0319542,0.0332242
0.0325521,0.0332242
0.0331501,0.0332242
0.033748,0.0332242
0.034346,0.0332242
0.034944,0.0332242
0.0355421,0.0332242
0.0361401,0.0332242
0.0367382,0.0332242
0.0373363,0.0332242
0.0379344,0.0332242
0.0385326,0.0332242
0.0391307,0.0332242
0.0397289,0.0332242
0.0403271,0.0332242
0.0409254,0.0332242
0.0415236,0.0332242
0.0421219,0.0332242
0.0427202,0.0332242
0.0433185,0.0332242
0.0439169,0.0332242
0.0445152,0.0332242
0.0451136,0.0332242
0.045712,0.0332242
0.0463105,0.0332242
0.0469089,0.0332242
0.0475074,0.0332242
0.0481059,0.0332242
0.0487044,0.0332242
0.0493029,0.0332242
0.0499015,0.0332242
0.0505001,0.0332242
0.0510987,0.0332242
0.0516973,0.0329858
0.052296,0.0327474
0.0528946,0.032509
0.0534933,0.0322706
0.054092,0.0320322
0.0546908,0.0317938
0.0552895,0.0315554
0.0558883,0.031317
0.0564871,0.0310785
0.0570859,0.0308401
0.0576848,0.0306016
0.0582836,0.0303632
0.0588825,0.0301247
0.0594814,0.0298862
0.0600803,0.0296477
0.0606793,0.0294093
0.0612782,0.0291707
0.0618772,0.0289322
0.0624762,0.0286937
0.0630753,0.0284552
0.0636743,0.0282167
0.0642734,0.0279781
0.0648725,0.0277396
0.0654716,0.027501
0.0660707,0.0272624
0.0666698,0.0270239
0.067269,0.0267853
0.0678682,0.0265467
0.0684674,0.0263081
0.0690667,0.0260695
0.0696659,0.0258308
0.0702652,0.0255922
0.0708645,0.0253536
0.0714638,0.0251149
0.0720631,0.0248763
0.0726625,0.0246376
0.0732618,0.024399
0.0738612,0.0241603
0.0744606,0.0239216
0.0750601,0.0236829
0.0756595,0.0234442
0.076259,0.0232055
0.0768585,0.0229668
0.077458,0.0227281
0.0780575,0.0224894
0.0786571,0.0222506
0.0792566,0.0220119
0.0798562,0.0217731
0.0804558,0.0215344
0.0810555,0.0212956
0.0816551,0.0210568
0.0822548,0.0208181
0.0828545,0.0205793
0.0834542,0.0203405
0.0840539,0.0201017
0.0846536,0.0198629
0.0852534,0.019624
0.0858532,0.0193852
0.086453,0.0191471
0.0870528,0.0189091
0.0876526,0.018671
0.0882525,0.0184329
0.0888524,0.0181948
0.0894522,0.0179567
0.0900522,0.0177186
0.0906521,0.0174805
0.091252,0.0172424
0.091852,0.0170042
0.092452,0.0167661
0.093052,0.016528
0.093652,0.0162898
0.0942521,0.0160516
0.0948521,0.0158135
0.0954522,0.0155753
0.0960523,0.0153371
0.0966524,0.0150989
0.0972526,0.0150997
0.0978527,0.0151005
0.0984529,0.0151013
0.0990531,0.015102
0.0996533,0.0151028
0.100253,0.0151036
0.100854,0.0151043
0.101454,0.0151051
0.102054,0.0151059
0.102655,0.0151067
0.103255,0.0151074
0.103855,0.0151082
0.104456,0.015109
0.105056,0.0151098
0.105656,0.0151105
0.106257,0.0151113
0.106857,0.0151121
0.107458,0.0151128
0.108058,0.0151136
0.108659,0.0151144
0.109259,0.0151152
0.109859,0.0151159
0.11046,0.0151159
0.111061,0.0151159
0.111661,0.0151159
0.112262,0.0151159
0.112862,0.0151159
0.113463,0.0151159
0.114064,0.0151159
0.114664,0.0151159
0.115265,0.0151159
0.115866,0.0151159
0.116466,0.0151159
0.117067,0.0151159
0.117668,0.0151159
0.118268,0.0151159
0.118869,0.0151159
0.11947,0.0151159
0.120071,0.0151159
0.120672,0.0151159
0.121272,0.0151159
0.121873,0.0151159
0.122474,0.0151159
0.123075,0.0151159
0.123676,0.0151159
0.124277,0.0151159
0.124878,0.0151159
0.125479,0.0151159
0.12608,0.0151159
0.126681,0.0151159
0.127282,0.0151159
0.127883,0.0151159
0.128484,0.0151159
0.129085,0.0151159
0.129686,0.0151159
0.130287,0.0151159
0.130888,0.0151159
0.131489,0.0151159
0.13209,0.0151159
0.132691,0.0151159
0.133292,0.0151159
0.133893,0.0151159
0.134495,0.0151159
0.135096,0.0151159
0.135697,0.0151159
0.136298,0.0151159
0.1369,0.0151159
0.137501,0.0151159
0.138102,0.0151159
0.138703,0.0151159
0.139305,0.0151159
0.139906,0.0151159
0.140507,0.0151159
0.141109,0.0151159
0.14171,0.0151159
0.142311,0.0151159
0.142913,0.0151159
0.143514,0.0151159
0.144116,0.0151159
0.144717,0.0151159
0.145318,0.0151159
0.14592,0.0151159
0.146521,0.0151159
0.147123,0.0151159
0.147724,0.0151159
0.148326,0.0151159
0.148927,0.0151159
0.149529,0.0151159
0.150131,0.0151159
0.150732,0.0151159
0.151334,0.0151159
0.151935,0.0151159
0.152537,0.0151159
0.153139,0.0151159
0.15374,0.0151159
0.154342,0.0151159
0.154944,0.0151159
0.155545,0.0151159
0.156147,0.0151159
0.156749,0.0151159
0.157351,0.0151159
0.157952,0.0151159
0.158554,0.0151159
0.159156,0.0151159
0.159758,0.0151159
0.160359,0.0151159
0.160961,0.0151159
0.161563,0.0151159
0.162165,0.0151159
0.162767,0.0151159
0.163369,0.0151159
0.163971,0.0151159
0.164572,0.0151159
0.165174,0.0151159
0.165776,0.0151159
0.166378,0.0151159
0.16698,0.0151159
0.167582,0.0151159
0.168184,0.0151159
0.168786,0.0151159
0.169388,0.0151159
0.16999,0.0151159
0.170592,0.0151159
0.171194,0.0151159
0.171796,0.0151159
0.172398,0.0151159
0.173,0.0151159
0.173602,0.0151159
0.174205,0.0151159
0.174807,0.0151159
0.175409,0.0151159
0.176011,0.0151159
0.176613,0.0151907
0.177215,0.0152654
0.177817,0.0153401
0.17842,0.0154148
0.179022,0.0154895
0.179624,0.0155642
0.180226,0.015639
0.180829,0.0157137
0.181431,0.0157884
0.182033,0.0158631
0.182635,0.0159379
0.183238,0.0160126
0.18384,0.0160873
0.184442,0.0161621
0.185045,0.0162368
0.185647,0.0163115
0.186249,0.0163863
0.186852,0.016461
0.187454,0.0165357
0.188056,0.0166105
0.188659,0.0166852
0.189261,0.01676
0.189864,0.0168347
0.190466,0.0169095
0.191069,0.0169842
0.191671,0.017059
0.192273,0.0171337
0.192876,0.0172085
0.193478,0.0172832
0.194081,0.017358
0.194683,0.0174327
0.195286,0.0175075
0.195888,0.0175822
0.196491,0.017657
0.197094,0.0177318
0.197696,0.0178065
0.198299,0.0178813
0.198901,0.0179561
0.199504,0.0180308
0.200107,0.0181056
0.200709,0.0181804
0.201312,0.0182551
0.201914,0.0183299
0.202517,0.0184047
0.20312,0.0184795
0.203722,0.0185542
0.204325,0.018629
0.204928,0.0187038
0.20553,0.0187786
0.206133,0.0188534
0.206736,0.0189281
0.207339,0.0190029
0.207941,0.0190777
0.208544,0.0191525
0.209147,0.0192273
0.20975,0.0193021
0.210352,0.0193769
0.210955,0.0194517
0.211558,0.0195265
0.212161,0.0196013
0.212764,0.019676
0.213367,0.0197508
0.213969,0.0198256
0.214572,0.0199004
0.215175,0.0199752
0.215778,0.02005
0.216381,0.0201248
0.216984,0.0201997
0.217587,0.0202745
0.21819,0.0203493
0.218793,0.0204241
0.219395,0.0204989
0.219998,0.0205737
0.220601,0.0206485
0.221204,0.0207233
0.221807,0.0207981
0.22241,0.0208729
0.223013,0.0209478
0.223616,0.0210226
0.224219,0.0210974
0.224822,0.0211722
0.225425,0.021247
0.226028,0.0213219
0.226631,0.0213967
0.227234,0.0214715
0.227837,0.0215463
0.228441,0.0216211
0.229044,0.021696
0.229647,0.0217708
0.23025,0.0218456
0.230853,0.0219205
0.231456,0.0219953
0.232059,0.0220701
0.232662,0.022145
0.233265,0.0222198
0.233868,0.0222946
0.234472,0.0223695
0.235075,0.0224443
0.235678,0.0225191
0.236281,0.022594
0.236884,0.0226688
0.237488,0.0227437
0.238091,0.0228185
0.238694,0.0228933
0.239297,0.0229682
0.2399,0.023043
0.240504,0.0231179
0.241107,0.0231927
0.24171,0.0232676
0.242313,0.0233424
0.242917,0.0234173
0.24352,0.0234921
0.244123,0.023567
0.244726,0.0236418
0.24533,0.0237167
0.245933,0.0237915
0.246536,0.0238664
0.24714,0.0239413
0.247743,0.0240161
0.248346,0.024091
0.24895,0.0241658
0.249553,0.0242407
0.250156,0.0243155
0.25076,0.0243904
0.251363,0.0244653
0.251966,0.0245401
0.25257,0.024615
0.253173,0.0246899
0.253777,0.0247647
0.25438,0.0248396
0.254983,0.0249145
0.255587,0.0249893
0.25619,0.0250642
0.256794,0.0251391
0.257397,0.0252139
0.258,0.0252888
0.258604,0.0253637
0.259207,0.0254386
0.259811,0.0255134
0.260414,0.0255883
0.261018,0.0256632
0.261621,0.0257381
0.262225,0.0258129
0.262828,0.0258878
0.263432,0.0259627
0.264035,0.0260376
0.264639,0.0261125
0.265242,0.0261873
0.265846,0.0262622
0.266449,0.0263371
0.267053,0.026412
0.267656,0.0264869
0.26826,0.0265618
0.268863,0.0266366
0.269467,0.0267115
0.270071,0.0267864
0.270674,0.0268613
0.271278,0.0269362
0.271881,0.0270111
0.272485,0.027086
0.273088,0.0271609
0.273692,0.0272358
0.274296,0.0273106
0.274899,0.0273855
0.275503,0.0274604
0.276106,0.0275353
0.27671,0.0276102
0.277314,0.0276851
0.277917,0.02776
0.278521,0.0278349
0.279125,0.0279098
0.279728,0.0279847
0.280332,0.0280596
0.280935,0.0281345
0.281539,0.0282094
0.282143,0.0282843
0.282746,0.0283592
0.28335,0.0284341
0.283954,0.028509
0.284557,0.0285839
0.285161,0.0286588
0.285765,0.0287337
0.286369,0.0288086
0.286972,0.0288835
0.287576,0.0289584
0.28818,0.0290333
0.288783,0.0291082
0.289387,0.0291831
0.289991,0.029258
0.290595,0.029333
0.291198,0.0294079
0.291802,0.0294828
0.292406,0.0295577
0.293009,0.0296326
0.293613,0.0297075
0.294217,0.0297824
0.294821,0.0298573
0.295424,0.0299322
0.296028,0.0300071
0.296632,0.0300821
0.297236,0.030157
0.29784,0.0302319
0.298443,0.0303068
0.299047,0.0303817
0.299651,0.0304566
0.300255,0.0305315
0.300858,0.0306065
0.301462,0.0306814
0.302066,0.0307563
0.30267,0.0308312
0.303274,0.0309061
0.303877,0.030981
0.304481,0.031056
0.305085,0.0311309
0.305689,0.0312058
0.306293,0.0312807
0.306897,0.0313556
0.3075,0.0314306
0.308104,0.0315055
0.308708,0.0315804
0.309312,0.0316553
0.309916,0.0317302
0.310519,0.0318052
0.311123,0.0318801
0.311727,0.031955
0.312331,0.0320299
0.312935,0.0321048
0.313539,0.0321798
0.314143,0.0322547
0.314746,0.0323296
0.31535,0.0324045
0.315954,0.0324795
0.316558,0.0325544
0.317162,0.0326293
0.317766,0.0327042
0.31837,0.0327792
0.318973,0.0328541
0.319577,0.032929
0.320181,0.0330039
0.320785,0.0330789
0.321389,0.0331538
0.321993,0.0332287
0.322597,0.0333037
0.323201,0.0333786
0.323804,0.0334535
0.324408,0.0335284
0.325012,0.0336034
0.325616,0.0336783
0.32622,0.0337532
0.326824,0.0338282
0.327428,0.0339031
0.328032,0.033978
0.328636,0.0340529
0.32924,0.0341279
0.329843,0.0342028
0.330447,0.0342777
0.331051,0.0343527
0.331655,0.0344276
0.332259,0.0345025
0.332863,0.0345774
0.333467,0.0346524
0.334071,0.0347273
0.334675,0.0348022
0.335279,0.0348772
0.335882,0.0349521
0.336486,0.035027
0.33709,0.035102
0.337694,0.0351769
0.338298,0.0352518
0.338902,0.0353268
0.339506,0.0354017
0.34011,0.0354766
0.340714,0.0355516
0.341318,0.0356265
0.341922,0.0357014
0.342526,0.0357763
0.343129,0.0358513
0.343733,0.0359262
0.344337,0.0360011
0.344941,0.0360761
0.345545,0.036151
0.346149,0.0362259
0.346753,0.0363009
0.347368,0.0363758
0.348006,0.0364535
0.348667,0.0365341
0.349353,0.0366176
0.350063,0.0367042
0.3508,0.036794
0.351562,0.0368869
0.352352,0.0369832
0.353169,0.0370829
0.354015,0.037186
0.35489,0.0372928
0.355796,0.0374032
0.356732,0.0375174
0.357699,0.0376355
0.358699,0.0377575
0.359732,0.0378836
0.360798,0.0380138
0.361898,0.0381482
0.363034,0.0382868
0.364204,0.0384299
0.365412,0.0385774
0.366655,0.0387294
0.367937,0.0388861
0.369256,0.0390474
0.370613,0.0392134
0.372009,0.0393842
0.373444,0.0395598
0.374919,0.0397403
0.376433,0.0399258
0.377988,0.0401161
0.379582,0.0403115
0.381217,0.0405119
0.382893,0.0407172
0.384608,0.0409276
0.386364,0.041143
0.38816,0.0413634
0.389996,0.0415887
0.391871,0.0418189
0.393786,0.042054
0.395739,0.042294
0.397729,0.0425386
0.399757,0.042788
0.401822,0.0430419
0.403922,0.0433003
0.406057,0.043563
0.408225,0.04383
0.410425,0.0441011
0.412657,0.0443761
0.414918,0.0446549
0.417208,0.0449372
0.419524,0.045223
0.421866,0.0455121
0.424231,0.0458041
0.426618,0.046099
0.429024,0.0463964
0.431449,0.0466962
0.43389,0.0469981
0.436344,0.0473018
0.438811,0.0476072
0.441287,0.0479139
0.443771,0.0482217
0.44626,0.0485303
0.448753,0.0488394
0.451247,0.0491488
